"umap_1","umap_2","cell_id"
-3.38234561439979,0.616608605285563,"AAACCTGAGAAGGTGA-1"
-1.05257243421304,2.62518954326717,"AAACCTGAGACTAAGT-1"
10.8919625902511,1.79599392463771,"AAACCTGAGCAATCTC-1"
0.00132394078743425,-0.967354773978315,"AAACCTGAGCCAGTTT-1"
-3.81467956062782,0.629713506003299,"AAACCTGAGCGTGAGT-1"
2.65026241782677,1.05721956541149,"AAACCTGAGGGCTCTC-1"
-4.95266216751564,1.37867909719554,"AAACCTGAGGTGGGTT-1"
-2.74424785133827,3.16593956997005,"AAACCTGAGTCAATAG-1"
8.58366352561486,0.606568947931208,"AAACCTGAGTTCGATC-1"
-5.4034933423661,1.77120459129421,"AAACCTGCAAAGCAAT-1"
-5.09630959984291,-2.94381666133793,"AAACCTGCACATCTTT-1"
-0.9570732241534,10.8304784302911,"AAACCTGCACCTGGTG-1"
-3.27670830246437,-2.52475023219975,"AAACCTGCACGTTGGC-1"
-2.19811445232856,4.20341754009334,"AAACCTGCAGCCAATT-1"
1.35725194457543,0.799172223111071,"AAACCTGCAGCTATTG-1"
-3.7667745923661,1.02500748684017,"AAACCTGCAGGCGATA-1"
-4.22254460808265,-0.341377257803998,"AAACCTGCATTACCTT-1"
-1.24892684575546,1.61017954399196,"AAACCTGGTAACGTTC-1"
10.0589490557052,0.829204798241534,"AAACCTGGTACATCCA-1"
-0.329796907868266,-1.36529135654362,"AAACCTGGTCAAGCGA-1"
3.54132610801232,-4.36436772296818,"AAACCTGGTCGAACAG-1"
1.68465382102501,0.819365591307559,"AAACCTGGTCTACCTC-1"
0.284991087947011,-0.642923473815046,"AAACCTGGTTCGTGAT-1"
-3.90263503548133,-2.28982615421208,"AAACCTGTCATCGATG-1"
-5.46136182304847,-1.84398794124516,"AAACCTGTCATGCAAC-1"
10.9423394823409,0.4739899938306,"AAACCTGTCATTGCCC-1"
-3.1118149137162,4.12238311817256,"AAACCTGTCCCTTGTG-1"
9.95447975638878,0.73664212276546,"AAACCTGTCCTAGAAC-1"
9.98613411429894,0.154068023463168,"AAACCTGTCTCGTATT-1"
-1.61848598476875,-1.57014942119511,"AAACGGGAGACATAAC-1"
8.23387867454064,-0.308831214408002,"AAACGGGAGAGATGAG-1"
2.07633930686486,1.91009259273616,"AAACGGGAGGATATAC-1"
8.35398632529748,1.42753589202968,"AAACGGGAGGGATGGG-1"
8.73442894462121,-0.183904289702497,"AAACGGGAGGGTTTCT-1"
1.09018785003197,0.329699658354201,"AAACGGGCAACCGCCA-1"
-1.93442725893486,-3.21762156436833,"AAACGGGCAATCGAAA-1"
-1.84535503145683,-1.05043244312199,"AAACGGGCACGCCAGT-1"
8.79573780540001,1.27783894588558,"AAACGGGCAGCTTCGG-1"
-0.880203408565402,-0.612888216475568,"AAACGGGCAGGATTGG-1"
-1.80775391813743,-0.875519990424237,"AAACGGGCATACTACG-1"
-1.77751672026145,0.24148786117641,"AAACGGGGTATATCCG-1"
-4.4124159192704,-3.80092120120915,"AAACGGGGTATTCGTG-1"
-0.249272284474254,11.7030026917657,"AAACGGGGTCATATCG-1"
9.89058262351525,1.40042418291179,"AAACGGGGTCTCCACT-1"
3.92428308967125,-4.63771796176823,"AAACGGGTCAACGGCC-1"
-0.548523811068416,-1.90891313503178,"AAACGGGTCCCTCTTT-1"
-2.78681951519477,-3.15319251964482,"AAACGGGTCCTCGCAT-1"
-4.38655537125099,-3.54607534358891,"AAACGGGTCTCGAGTA-1"
0.694258036646962,-2.39988422344121,"AAACGGGTCTGCGTAA-1"
-3.80551427361,-1.59110367248448,"AAACGGGTCTGGCGAC-1"
11.6718917513229,1.95475328018276,"AAAGATGAGCCGATTT-1"
10.5888629579879,2.03547155906764,"AAAGATGAGGATGTAT-1"
10.7294507646896,-0.0487966234484531,"AAAGATGAGGTCGGAT-1"
-1.66579907890785,-3.75559067676457,"AAAGATGAGTAGGTGC-1"
-3.55511921402442,-3.48508167217167,"AAAGATGAGTCCAGGA-1"
-5.28201240059364,1.52453017284481,"AAAGATGAGTGAAGTT-1"
11.5392890596725,0.793710262080111,"AAAGATGAGTGGGTTG-1"
-2.68133848663795,-2.14265084216984,"AAAGATGAGTGTCTCA-1"
-1.63766371962059,-3.30351233432683,"AAAGATGAGTGTGAAT-1"
3.64767939094079,-4.74825072238835,"AAAGATGAGTTGTCGT-1"
8.0961461687423,0.424200108771601,"AAAGATGCAAGGTGTG-1"
0.681697192225575,2.52987575580684,"AAAGATGCACACATGT-1"
-3.79040759560096,2.87410140087215,"AAAGATGCAGGAACGT-1"
11.0770640993453,0.442184184243359,"AAAGATGCATAACCTG-1"
-0.622114775147319,1.31135153820125,"AAAGATGGTGCCTGCA-1"
1.63036400321496,-1.79980778644475,"AAAGATGGTGCCTGGT-1"
1.40074855330956,1.60884690334407,"AAAGATGGTTTGGGCC-1"
-3.86550086494911,3.05800986339656,"AAAGATGTCAACACAC-1"
1.67509347442162,1.53570771267024,"AAAGATGTCAACCAAC-1"
-2.44078427311409,1.90500247528163,"AAAGATGTCACCCGAG-1"
0.210610094103932,2.45858693172542,"AAAGATGTCTGTCAAG-1"
-1.83956092354286,1.1542419200143,"AAAGCAAAGATGTCGG-1"
-5.02126544472206,1.10414999773113,"AAAGCAAAGGCAGTCA-1"
-0.66598146912086,0.020473987360873,"AAAGCAAAGGGTGTGT-1"
1.55907708648217,-0.16605073163899,"AAAGCAACAACTGCGC-1"
8.0322223329879,1.35687243988124,"AAAGCAACAAGTCTGT-1"
-3.57267564293373,-0.886448144415937,"AAAGCAACACAACTGT-1"
-3.27452939506996,-1.0923777813712,"AAAGCAACACCTTGTC-1"
-2.14557152744758,-2.79946517894658,"AAAGCAACAGGAACGT-1"
-4.23888772484291,-3.1358005995551,"AAAGCAACATCCGTGG-1"
-1.93874305244911,3.98601460506526,"AAAGCAACATTACCTT-1"
10.0443339968063,0.63386441816894,"AAAGCAAGTAAGCACG-1"
-1.81315237041938,2.95399856617061,"AAAGCAAGTAATTGGA-1"
-4.1611825799607,-1.90794253299626,"AAAGCAAGTCAGAGGT-1"
-0.418077168431163,2.90171551754085,"AAAGCAAGTCTAAAGA-1"
-1.30499824639785,-1.72090077350529,"AAAGCAAGTTACAGAA-1"
-3.89177030083168,-2.9904091353217,"AAAGCAAGTTCTGGTA-1"
0.0287528658248183,1.67541205932704,"AAAGCAAGTTGAACTC-1"
-3.74900406357276,-0.195454418162427,"AAAGCAATCACGACTA-1"
-4.99964946266639,-1.00657641837986,"AAAGCAATCAGTTAGC-1"
-4.29017132278907,-2.51620030353459,"AAAGCAATCCCTAATT-1"
10.4931483888961,1.07850158264247,"AAAGCAATCGCCTGTT-1"
-2.72839635368812,4.43763756801692,"AAAGCAATCGTCTGCT-1"
-5.01676410194862,-2.11031341503056,"AAAGCAATCTGCCAGG-1"
9.19569641593468,3.38897895862667,"AAAGCAATCTGGCGAC-1"
-3.85085147377479,-4.0748965735236,"AAAGTAGAGACGCACA-1"
-0.910347913768173,-2.78246283481511,"AAAGTAGAGAGACTTA-1"
0.815561594996571,0.519817531605639,"AAAGTAGAGGAACTGC-1"
1.51938516143334,0.38601431113986,"AAAGTAGAGTACGCCC-1"
-2.38409036156166,3.28023004581539,"AAAGTAGCAAGACGTG-1"
-1.18769335504997,-2.74881172130497,"AAAGTAGCAATACGCT-1"
0.885507884059071,-1.74098515460881,"AAAGTAGCAATGACCT-1"
0.310167374644398,11.935895681878,"AAAGTAGCACTTAAGC-1"
-0.030536351170421,-0.364325522879682,"AAAGTAGCAGACGCCT-1"
-2.00245088097084,0.66174525072185,"AAAGTAGCATCAGTAC-1"
-2.1681155538224,1.91283690979091,"AAAGTAGGTACTCGCG-1"
-4.3227831697129,2.93504142810909,"AAAGTAGGTCAAAGAT-1"
-3.99654668327796,-1.4257757658759,"AAAGTAGGTCATATCG-1"
1.41831404212487,0.836504668494143,"AAAGTAGGTGATGTCT-1"
2.5184021616317,1.32589399864284,"AAAGTAGGTTAAGACA-1"
-1.50239717718589,-3.8839318747321,"AAAGTAGTCACAAACC-1"
9.88488632682335,0.0737948720654629,"AAAGTAGTCACCTTAT-1"
-3.08277576920021,1.37056309034435,"AAAGTAGTCCTTGGTC-1"
8.82447773459923,3.92065429737178,"AAAGTAGTCGCATGAT-1"
10.8328738832809,0.87387886693088,"AAAGTAGTCGCCATAA-1"
9.72271114829552,2.05106723358242,"AAAGTAGTCGCCTGAG-1"
-0.527175096239925,-2.83744263599309,"AAAGTAGTCGCGTTTC-1"
1.15496188643944,-1.18478453109654,"AAAGTAGTCGTGACAT-1"
-1.43072929736602,-3.30490350673588,"AAAGTAGTCTCCAGGG-1"
9.09688622001183,-0.673319458464704,"AAAGTAGTCTCTAAGG-1"
0.120302739176869,-1.70662879894169,"AAAGTAGTCTCTGAGA-1"
-0.635779467787624,1.47007644226161,"AAATGCCAGAGCTATA-1"
-3.37762325760353,3.09138345768062,"AAATGCCAGCCAGTAG-1"
11.1686263704635,1.05638903429119,"AAATGCCAGCCGATTT-1"
-0.83727518972385,-1.48193776557835,"AAATGCCAGCTCCCAG-1"
1.80825358870995,-0.447907328108869,"AAATGCCAGGATCGCA-1"
1.38008719924462,-1.36180984924229,"AAATGCCAGTTCGCGC-1"
-1.24749561902511,0.667237312098422,"AAATGCCCACTCGACG-1"
-2.31167286392677,3.28778219272701,"AAATGCCCAGATGGCA-1"
-4.47892874237526,0.662020117541232,"AAATGCCCAGGGATTG-1"
-2.64137917515266,-4.37324500034245,"AAATGCCCAGTCAGAG-1"
-3.25147384163368,3.7370660309991,"AAATGCCCAGTGGGAT-1"
-1.7050777053498,-2.66404747913273,"AAATGCCCATACTACG-1"
1.93660146239769,0.0358821158608578,"AAATGCCCATGCCACG-1"
1.26352221015465,2.43239903499691,"AAATGCCGTAAGGGAA-1"
2.07986718657982,-1.72947382877263,"AAATGCCGTCGCGTGT-1"
10.0778422975875,2.06189763595668,"AAATGCCGTCTGATTG-1"
-1.43146776911247,4.06633210231868,"AAATGCCGTTGTACAC-1"
-3.89146893974769,-1.72739601085576,"AAATGCCTCAAACAAG-1"
2.37177020553124,0.335011184712329,"AAATGCCTCATTGCGA-1"
-2.57238870617378,-1.3507721419135,"AAATGCCTCCGTTGCT-1"
-1.12695032116401,2.39005076934902,"AAATGCCTCGAGCCCA-1"
-4.22241776939857,1.62039709140865,"AAATGCCTCGATAGAA-1"
-3.18321650978553,-4.34953665683659,"AAATGCCTCTCTTATG-1"
10.3769403124191,-0.214000343779645,"AAATGCCTCTGAGGGA-1"
-0.688980398144603,10.4934451585015,"AACACGTAGACTCGGA-1"
-3.34906309601295,0.977206647892871,"AACACGTAGCCAGTTT-1"
-2.23660295959938,-4.37800002048405,"AACACGTAGCTGCCCA-1"
-0.27120619770515,0.22008037616817,"AACACGTAGGTACTCT-1"
9.36389786246789,-0.060012548665128,"AACACGTAGTCAATAG-1"
1.21973687652123,-1.61365866611393,"AACACGTAGTGCTGCC-1"
-2.37332325932014,2.23206210186092,"AACACGTAGTGGTAAT-1"
11.1269555712081,-0.975311278800092,"AACACGTAGTTGTCGT-1"
-1.55788075682151,0.38578932782022,"AACACGTCAAAGTCAA-1"
-2.73301845547187,-1.14582598159703,"AACACGTCAACTTGAC-1"
-1.77942234035957,-1.13685512493046,"AACACGTCAAGTCTGT-1"
-2.42263775822151,-1.99804520557316,"AACACGTCACAGGTTT-1"
-3.53992193695533,0.490912721057811,"AACACGTGTAACGCGA-1"
-0.349061307873607,-3.11234617183598,"AACACGTGTACTTCTT-1"
1.46597630027306,-0.027125060061536,"AACACGTGTAGCCTCG-1"
-1.63558971640098,2.41867780735103,"AACACGTGTATCTGCA-1"
-4.21909278389442,-0.563212811450086,"AACACGTGTCCAGTTA-1"
1.70952874663842,1.91194057514278,"AACACGTGTCCCTACT-1"
-5.21063989159095,-2.56963682125004,"AACACGTGTCTACCTC-1"
10.2718959474899,1.55893135120479,"AACACGTGTGGAAAGA-1"
-3.18511718269813,2.23554885437099,"AACACGTGTTCAGACT-1"
-3.15808742996681,4.63328862239925,"AACACGTTCAGGCCCA-1"
-3.5824906205796,4.20983052303401,"AACACGTTCCGCGGTA-1"
-3.26110380646217,-2.23669671962651,"AACACGTTCTCCCTGA-1"
-5.8911437368058,-0.739934563139997,"AACCATGAGAACTCGG-1"
-0.290682432618022,-3.2674288744727,"AACCATGCAACTGCTA-1"
-4.6812352513932,0.190688297649302,"AACCATGCACAGACAG-1"
11.4310193682052,-0.108080863455854,"AACCATGCACAGGAGT-1"
-1.5363931631707,-0.795412539939008,"AACCATGCAGGATCGA-1"
-3.80663054939735,-0.300628005961499,"AACCATGCATGGATGG-1"
-3.7116786813401,4.21324920703975,"AACCATGGTAGGCATG-1"
9.57300144675744,0.143114388485827,"AACCATGGTCAAGCGA-1"
-2.78931671139228,-1.97591972301396,"AACCATGGTCAGAGGT-1"
10.1156974459029,0.919640183945575,"AACCATGGTCCAAGTT-1"
1.25321918967736,0.141465902825274,"AACCATGGTCGTGGCT-1"
-3.23811453339088,-3.69493746707829,"AACCATGGTCTAAACC-1"
-3.20230597015846,-0.178515195349775,"AACCATGGTCTAGGTT-1"
-1.03270472716916,9.80160212566463,"AACCATGGTGATGATA-1"
0.876727762255788,-1.48917376945408,"AACCATGGTGCTAGCC-1"
-1.74091595169532,0.164471194644847,"AACCATGGTGTTCGAT-1"
-2.94090527054298,3.17417025615779,"AACCATGGTTACAGAA-1"
-3.40957611557472,3.52836012889949,"AACCATGGTTACGACT-1"
-0.852741909589649,2.49184513141719,"AACCATGGTTCCACTC-1"
9.99850994590294,0.226312310000338,"AACCATGGTTCGAATC-1"
-1.56311923023689,1.91324746658412,"AACCATGGTTCGGCAC-1"
10.546132626567,-0.402989923457227,"AACCATGTCACATGCA-1"
-0.886582781937003,-1.4778267140189,"AACCATGTCGGTGTTA-1"
9.53889614585412,0.667829812069812,"AACCATGTCTCTGCTG-1"
11.9995990419723,-0.196961998442731,"AACCATGTCTCTTATG-1"
0.695667209658742,2.70631861736385,"AACCATGTCTGTCTAT-1"
-4.24126332756507,-4.18648981998356,"AACCGCGAGAAACCGC-1"
-1.39525484796989,-1.00204920719059,"AACCGCGAGACCGGAT-1"
-3.53750675674903,4.37878918697444,"AACCGCGAGAGCAATT-1"
11.3248286867477,1.95309269477931,"AACCGCGAGAGTACCG-1"
-1.08537645396221,2.3192889695367,"AACCGCGAGCATCATC-1"
-0.75099831577766,-2.03799867580327,"AACCGCGAGCCACTAT-1"
-2.79258197304237,1.17719733764736,"AACCGCGAGCGATCCC-1"
0.77538222316277,-2.31726241062077,"AACCGCGAGCGATTCT-1"
-1.95718097444999,-3.90866637180241,"AACCGCGAGCTAACAA-1"
-5.6388768529557,-2.34640097568425,"AACCGCGAGGCAGGTT-1"
1.65197760108483,1.92187035133449,"AACCGCGCAACTGGCC-1"
-0.346788463559032,-2.2422389979163,"AACCGCGCAATGTAAG-1"
-4.37309187408912,1.07710295965282,"AACCGCGCACGAGAGT-1"
-2.75176828857887,-1.88063788364323,"AACCGCGCACGCGAAA-1"
-3.29778784271705,-2.50279211948308,"AACCGCGCACTTAACG-1"
-2.11709171291816,4.56728005458919,"AACCGCGCAGCCAGAA-1"
-2.01680224892128,1.70151031066982,"AACCGCGCATACCATG-1"
1.67967850211632,0.574300036331095,"AACCGCGCATGTTCCC-1"
-2.36362248417366,1.41582870533077,"AACCGCGCATTCCTCG-1"
-2.97989088055122,-2.72067260692509,"AACCGCGCATTCCTGC-1"
-4.38861435410011,-3.88547587345036,"AACCGCGCATTCGACA-1"
10.1042285585738,0.296272397538104,"AACCGCGGTAGAAAGG-1"
-1.94707250353324,-0.743630885581098,"AACCGCGGTAGCGCTC-1"
0.894011201892018,1.1404707436761,"AACCGCGGTATGGTTC-1"
0.87623876575005,0.447201166798749,"AACCGCGGTCATCGGC-1"
-2.74301928040016,2.54872155239192,"AACCGCGGTCTAGTCA-1"
3.99038654807579,-4.55110859821232,"AACCGCGGTCTTGATG-1"
-1.71454149242866,-3.25238132427128,"AACCGCGGTGCATCTA-1"
-2.66167837139595,4.68265938808528,"AACCGCGGTGCTAGCC-1"
-3.08279055115211,4.11692094852535,"AACCGCGGTGTAATGA-1"
0.667293014559865,1.97573280384151,"AACCGCGTCAAACCGT-1"
-4.76761096474159,-1.19745147178563,"AACCGCGTCACCTTAT-1"
10.9353509569503,-0.620572447280011,"AACCGCGTCCTAGTGA-1"
10.2096448564864,2.33626437236873,"AACCGCGTCGATAGAA-1"
-0.943995130624652,10.3335607056817,"AACCGCGTCTGTTTGT-1"
-2.71242552753913,-4.19536328266057,"AACGTTGAGCACACAG-1"
-0.534777549471736,0.665860236187854,"AACGTTGAGGGCTTGA-1"
-2.54703277107704,-1.93532895992192,"AACGTTGCAACTGGCC-1"
-2.90387660023201,-3.75851988742741,"AACGTTGCATTGGCGC-1"
-4.01213425156105,0.430252276857772,"AACGTTGGTACAGACG-1"
-2.51123398300636,3.12610340168087,"AACGTTGGTCGCGGTT-1"
8.88165241721642,-0.381849050025068,"AACGTTGGTCTGCAAT-1"
0.395109715495228,-2.18000960300358,"AACGTTGGTGATAAGT-1"
0.186150970492482,2.30565631439296,"AACGTTGGTGCACCAC-1"
2.21278292182457,-0.315579056243024,"AACGTTGGTTCGTCTC-1"
10.0779452944137,-0.0694385762015202,"AACGTTGGTTGATTCG-1"
-1.01400243249166,-1.69372487018498,"AACGTTGGTTGTTTGG-1"
-5.91765540596473,-0.0328170950213291,"AACGTTGTCACCAGGC-1"
-1.06458148118484,0.472737648089804,"AACGTTGTCAGCTGGC-1"
-3.81480926033485,-3.92934727619084,"AACGTTGTCAGTGCAT-1"
1.06501537803185,-0.939239143828473,"AACGTTGTCATGTAGC-1"
-2.54564422127235,-2.54234743068608,"AACGTTGTCTACTTAC-1"
-3.787856278386,0.870459855099597,"AACTCAGAGAACTCGG-1"
-4.44150823112953,-1.50022387454899,"AACTCAGAGACCCACC-1"
-0.987445275908366,1.76968598415462,"AACTCAGAGCTAAGAT-1"
-5.55562633034217,-0.0060043031969883,"AACTCAGAGGGAGTAA-1"
-4.76435416695106,-1.92966389606389,"AACTCAGAGTGGTAGC-1"
11.6711755419112,0.544791296621241,"AACTCAGAGTGTACTC-1"
-1.186422643628,2.69278097202388,"AACTCAGCAAGAGGCT-1"
-5.30843442436683,-0.96094989726933,"AACTCAGCACACGCTG-1"
-1.71648937221992,-0.578496157626233,"AACTCAGCACATTAGC-1"
-3.93771117683876,-0.0318146343031742,"AACTCAGCAGGCGATA-1"
-0.296091077294231,-0.71819198081883,"AACTCAGCAGTAAGAT-1"
-2.615621862378,0.808079928656497,"AACTCAGCATGCCTAA-1"
-3.13128703590858,0.276709989210048,"AACTCAGCATGGTCTA-1"
10.353373112712,1.40104180624095,"AACTCAGCATTCCTGC-1"
-1.67808252331245,-2.23946809718998,"AACTCAGGTAAGTGGC-1"
-5.21492761131752,-1.75361490199955,"AACTCAGGTACGACCC-1"
-4.13540166374672,-4.19582009265812,"AACTCAGGTCACAAGG-1"
-1.71840411182869,1.24518477966396,"AACTCAGGTCAGAATA-1"
-1.26110487934577,1.01695615102855,"AACTCAGGTCCTCTTG-1"
2.0771921301223,-0.0456234807768681,"AACTCAGGTGAGGCTA-1"
-0.443363544907451,0.0320616965493343,"AACTCAGGTTCCCTTG-1"
-1.10571651664007,3.2841761117181,"AACTCAGTCACATGCA-1"
11.422654690776,0.506254919370093,"AACTCAGTCAGCTCGG-1"
-2.14019828793037,-2.93665218303593,"AACTCAGTCATAGCAC-1"
0.389083685908436,12.0224807267388,"AACTCAGTCCCTAACC-1"
10.0823274278976,0.784946978588977,"AACTCAGTCCCTTGTG-1"
-3.50769108292091,-0.32297986696156,"AACTCAGTCGACAGCC-1"
-2.93566566463935,-2.79792141864689,"AACTCAGTCGAGAACG-1"
-5.04643100258339,2.21649813701717,"AACTCAGTCGGTCTAA-1"
-1.08576833960044,-1.71693801830205,"AACTCAGTCTCGCATC-1"
-1.52711260076988,2.50943589260189,"AACTCCCAGCAATATG-1"
-0.0776694392822984,-2.27078509281071,"AACTCCCAGCCACTAT-1"
10.604500355754,0.21326553871242,"AACTCCCAGGATATAC-1"
-5.95289176460731,-0.472460746268354,"AACTCCCAGTGGTCCC-1"
11.0170102739669,0.428470064451375,"AACTCCCCACCAGATT-1"
-1.45900571104515,-2.11989116619023,"AACTCCCCACGGTTTA-1"
-2.90013879295814,-4.01330494830998,"AACTCCCCAGATTGCT-1"
1.81740623954308,-1.67878031680974,"AACTCCCCAGTATGCT-1"
1.75344258788598,-0.842657803992353,"AACTCCCCAGTGAGTG-1"
1.05117303374779,-1.01349055717381,"AACTCCCCATATACGC-1"
0.752882423434376,1.88211727192012,"AACTCCCCATCGGACC-1"
-5.07616609093177,0.870356232424655,"AACTCCCCATCGTCGG-1"
-2.01496368404853,-1.91624832103642,"AACTCCCCATGACATC-1"
-3.53124397751319,-1.91053986499699,"AACTCCCGTAAACACA-1"
8.19259029868615,-0.315127312640271,"AACTCCCGTAAGTGTA-1"
-1.87595456596839,-4.30004048297795,"AACTCCCGTATGGTTC-1"
-1.72111040112007,2.65540409137813,"AACTCCCGTCACAAGG-1"
-1.73116439339149,-2.50542569110783,"AACTCCCGTCGGCATC-1"
-5.66077321526039,-0.255141436556897,"AACTCCCGTCGTCTTC-1"
9.91450840476525,0.415514873837509,"AACTCCCGTCTCGTTC-1"
-5.7451886510514,0.0293737356862209,"AACTCCCGTCTTCTCG-1"
10.091597142253,1.94663393547145,"AACTCCCGTGCGAAAC-1"
-0.0206860279701951,-1.92714214275273,"AACTCCCGTTAAAGTG-1"
-4.10485452171791,-0.689235090712629,"AACTCCCGTTACGTCA-1"
10.7656140947677,1.56218099643795,"AACTCCCTCAATAAGG-1"
-2.85418134685981,-0.236380040148816,"AACTCCCTCACAAACC-1"
-0.207837817635417,11.141483068963,"AACTCCCTCACCATAG-1"
-0.702328202690959,0.184168309470095,"AACTCCCTCACGCGGT-1"
-0.198289451565624,-2.22252368877324,"AACTCCCTCATACGGT-1"
-2.31676143166053,-3.82853865573796,"AACTCCCTCATGTCTT-1"
-0.0654619311951402,11.3347795014581,"AACTCCCTCCCATTTA-1"
9.98744827750695,-0.450231730441175,"AACTCCCTCCGCATCT-1"
-3.28602832314003,0.009579748412051,"AACTCCCTCGGATGTT-1"
-4.76212829109657,-0.771225332717023,"AACTCCCTCGTTTAGG-1"
8.71458107474816,-0.448827266196332,"AACTCTTAGAAGGCCT-1"
-5.04529756065834,-3.21738982150944,"AACTCTTAGAATAGGG-1"
1.67708426955712,2.17669439365474,"AACTCTTAGACATAAC-1"
8.92040306571496,0.844554007550158,"AACTCTTAGCAGGCTA-1"
-2.63763469215858,-1.11210095832737,"AACTCTTAGCCCAGCT-1"
-0.942224615629793,0.478764482339301,"AACTCTTAGCGTCTAT-1"
-3.83370655533302,1.4136800770959,"AACTCTTAGCGTTCCG-1"
8.57722717765343,0.632193565865435,"AACTCTTAGCTGCAAG-1"
0.18654150012505,1.81373810817806,"AACTCTTAGGCTCATT-1"
10.2780061388351,-1.95321488330754,"AACTCTTAGTCCATAC-1"
-2.6576015329026,-3.82152390430363,"AACTCTTAGTGAACGC-1"
-0.0236473655365709,-0.81221246669682,"AACTCTTCACGAAATA-1"
2.30992466453087,-0.168703853587232,"AACTCTTCAGGGTATG-1"
-5.1663574552201,-2.08056855152043,"AACTCTTCAGTGAGTG-1"
-3.28969377037513,1.05854231168834,"AACTCTTCAGTGGGAT-1"
-3.05320590492713,-4.21032214115056,"AACTCTTCATACGCCG-1"
-3.15407532211769,-3.87105297992619,"AACTCTTGTAAGAGAG-1"
8.22625786307824,1.42133474399654,"AACTCTTGTCAAAGAT-1"
0.21032673362267,-2.90583920429142,"AACTCTTGTCCAACTA-1"
9.66197830680382,-0.966252207259259,"AACTCTTGTCTAAAGA-1"
1.4723611498214,1.83133113433925,"AACTCTTGTTGTTTGG-1"
0.968944015536427,-1.91433548877629,"AACTCTTGTTTCGCTC-1"
-2.9761936044358,-4.54437756488713,"AACTCTTTCAGAAATG-1"
0.0946959877349135,11.7391049866876,"AACTCTTTCAGTGTTG-1"
-3.20274203773963,-0.771347403029523,"AACTCTTTCATCGGAT-1"
-2.20439523216712,-3.25794410655888,"AACTCTTTCCCTTGTG-1"
-2.95524340626228,-1.25862991760167,"AACTCTTTCCGGGTGT-1"
11.4565711641647,0.310159877439418,"AACTCTTTCGAATCCA-1"
1.01361447814476,-0.0544320339957096,"AACTCTTTCGTTACAG-1"
10.1530595445968,2.44033169796077,"AACTCTTTCTCGAGTA-1"
11.7412696504928,0.589288756748118,"AACTCTTTCTGCAGTA-1"
-0.800448608960986,1.51488232662288,"AACTCTTTCTGTTGAG-1"
10.9094749117233,0.856783330937304,"AACTGGTAGACTGTAA-1"
1.0021805191375,0.0622068350514553,"AACTGGTAGAGCTGGT-1"
0.227197470698476,-0.480184494952283,"AACTGGTAGCACAGGT-1"
-2.75702649113166,3.76280283977596,"AACTGGTAGCGTCTAT-1"
-1.93512534853447,-1.44153964469822,"AACTGGTAGGACACCA-1"
2.42001968863976,0.26600927164165,"AACTGGTAGGCAAAGA-1"
-2.49548941608894,4.28614878704158,"AACTGGTAGGCTATCT-1"
-2.38523310181129,-3.03635644863041,"AACTGGTAGTAACCCT-1"
9.95256954673302,0.442844208826699,"AACTGGTAGTAGGTGC-1"
1.72998339179528,-0.798029779891095,"AACTGGTAGTGGAGTC-1"
-4.8059751367234,1.54030501892177,"AACTGGTAGTGTCCCG-1"
-1.98567658421028,-2.25616145084294,"AACTGGTCAAACGTGG-1"
-3.12421601768959,4.04186129619686,"AACTGGTCACAGTCGC-1"
-4.82382029053199,-2.34211111019047,"AACTGGTCACATTTCT-1"
-5.47023004051673,-1.94635462711247,"AACTGGTCACCATCCT-1"
-0.432231960263133,-0.837737440566144,"AACTGGTCACCTTGTC-1"
-1.16815168913829,1.83692348053066,"AACTGGTCAGCCTATA-1"
-4.78015774246681,1.41543328811733,"AACTGGTCAGCTGCAC-1"
-3.80158155914772,0.634554788967051,"AACTGGTCAGGGTATG-1"
-0.370444653000713,1.9958733325204,"AACTGGTCATCGGACC-1"
8.48828083518517,1.29002320816127,"AACTGGTCATGTTGAC-1"
-2.23470729347694,-0.217230677107892,"AACTGGTGTAGCTTGT-1"
-3.60300773140419,-0.51943492839726,"AACTGGTGTATCTGCA-1"
-1.36746132132041,2.81824207355587,"AACTGGTGTATGGTTC-1"
3.53922802451622,-4.34786963413151,"AACTGGTGTCCAACTA-1"
2.10260063651574,1.74043881942836,"AACTGGTGTCGACTGC-1"
1.73503571990502,1.3164459471902,"AACTGGTGTGCAGTAG-1"
-1.04897100236642,2.46392846157161,"AACTGGTGTGTGGCTC-1"
1.40996915343773,-0.105788230399213,"AACTGGTTCAGCAACT-1"
0.00751173738014665,-0.577173590163312,"AACTGGTTCCAAAGTC-1"
-5.989924845662,-0.422592460612378,"AACTGGTTCTTAGAGC-1"
0.616395893130421,0.867420137425341,"AACTTTCAGAGGTTAT-1"
-3.04210489746559,-3.42210459659489,"AACTTTCAGAGTAATC-1"
-3.86624449249733,-2.50293016384038,"AACTTTCAGATCACGG-1"
-0.102847037281871,-0.409690021971784,"AACTTTCAGATCTGCT-1"
-4.42948597427833,2.31679308464138,"AACTTTCAGGAGTAGA-1"
1.80322033408654,-0.725353478888593,"AACTTTCAGGGTTCCC-1"
11.7074218416549,2.03402745773403,"AACTTTCAGGTTCCTA-1"
2.38768869880211,0.130233735342898,"AACTTTCCAAGCGAGT-1"
-2.39140814301002,-0.0780167276659824,"AACTTTCCAAGTTAAG-1"
-0.48298632856834,-1.63653802822026,"AACTTTCCACCCAGTG-1"
1.53104406836998,-0.589538335303388,"AACTTTCGTAGGAGTC-1"
-4.32853835579383,1.25557982971279,"AACTTTCGTGCCTGGT-1"
-2.68049853798378,4.60844063808528,"AACTTTCGTTCGGGCT-1"
0.634575786624074,1.62346398880092,"AACTTTCGTTCGTTGA-1"
-1.8696918463372,1.98113727619258,"AACTTTCGTTGCTCCT-1"
-4.07945745941627,-1.12457609126957,"AACTTTCTCAAACAAG-1"
-0.624929306473613,10.5039193635186,"AACTTTCTCAACCAAC-1"
-4.68711083885658,-1.93072557399663,"AACTTTCTCACCTTAT-1"
11.5896211290694,0.510671914120593,"AACTTTCTCCACGAAT-1"
-3.27307456490028,-1.27087950656804,"AACTTTCTCCTTTACA-1"
1.6833887720443,-1.05366563747319,"AACTTTCTCGCCATAA-1"
-4.03613513466346,-4.0254056448737,"AACTTTCTCTACCTGC-1"
-5.54228013512123,-0.277131676177106,"AACTTTCTCTAGCACA-1"
-5.15926545616615,2.42639207889644,"AACTTTCTCTCGTATT-1"
10.0882802629806,0.959535122414508,"AACTTTCTCTGGTATG-1"
-0.346966025795818,-1.60738253543767,"AACTTTCTCTTAACCT-1"
10.4510808611251,1.68030619670955,"AAGACCTAGAATTCCC-1"
-1.85741704460609,-4.28359961460026,"AAGACCTAGACACGAC-1"
-1.92341851946342,1.91811204006282,"AAGACCTAGGATGTAT-1"
-5.36556905266273,-0.887633323172651,"AAGACCTAGGTACTCT-1"
8.22150761130822,-0.719356059531293,"AAGACCTAGTCGCCGT-1"
-4.05677193161476,-3.48218727062138,"AAGACCTAGTTCGCGC-1"
-4.69859260078895,-3.73202919910344,"AAGACCTCATCAGTCA-1"
-5.12368625160682,-2.67840099285038,"AAGACCTCATGATCCA-1"
10.1527133608199,1.08928209592906,"AAGACCTCATGGTTGT-1"
-5.15096515175331,-2.85764884899052,"AAGACCTGTAAAGGAG-1"
-2.27605408188331,3.5176908974847,"AAGACCTGTAAGTAGT-1"
-0.999577821608663,1.26541245033351,"AAGACCTGTACCGAGA-1"
-3.7345160817765,3.58206820537654,"AAGACCTGTCATACTG-1"
0.416202726397633,-1.18723308990391,"AAGACCTGTGACTACT-1"
1.42935925963891,1.07816612770168,"AAGACCTGTGCCTGGT-1"
-2.52111381050575,2.56761455585567,"AAGACCTGTTACAGAA-1"
-1.20378802474964,-2.34850811908635,"AAGACCTGTTATCACG-1"
-3.00903933998573,4.7447507386407,"AAGACCTGTTCGTTGA-1"
10.7176719332076,0.0998351578911922,"AAGACCTTCAAGGTAA-1"
-0.536920783486247,-1.5207966561118,"AAGACCTTCAGCATGT-1"
0.0518054390288588,-0.173045336703382,"AAGACCTTCAGCTCGG-1"
-1.14691911396015,0.689129949112811,"AAGACCTTCAGTTGAC-1"
-2.17425971981514,-3.71786761234196,"AAGACCTTCATGTCTT-1"
1.96265894416344,1.959075451394,"AAGACCTTCCCTCTTT-1"
0.888537707362294,-0.0322903091708042,"AAGACCTTCCTGTACC-1"
10.2836099291183,1.87176466037837,"AAGACCTTCGGAAACG-1"
-3.01215022560585,2.09454119255153,"AAGACCTTCTGTTGAG-1"
11.1205993318893,-0.523145615557752,"AAGCCGCAGACAAGCC-1"
-2.2484309053086,-3.21669626186284,"AAGCCGCAGCCAGGAT-1"
-2.63171106335151,1.68668544342128,"AAGCCGCAGCTTATCG-1"
-5.91188472267616,0.261484221120753,"AAGCCGCAGTACATGA-1"
9.80703217032921,-1.12630200336369,"AAGCCGCAGTACGTAA-1"
-1.53890269752967,-0.285958587626538,"AAGCCGCAGTCAATAG-1"
-5.17692559715736,-2.96394920299443,"AAGCCGCCAACTGCGC-1"
-5.70595687386024,1.48383832027523,"AAGCCGCCAATCCGAT-1"
-4.47574060913551,-2.08072733829411,"AAGCCGCCACCAGGCT-1"
-1.40368124600875,0.673086822529712,"AAGCCGCCACCCTATC-1"
0.568628969226002,1.26321804573146,"AAGCCGCCACGGTAGA-1"
1.47823053840172,-1.76291990230473,"AAGCCGCCACGTTGGC-1"
-0.902508859898925,-1.86726212451848,"AAGCCGCCACTGTGTA-1"
-0.764445615377307,1.12123382141201,"AAGCCGCCAGGTCGTC-1"
-0.527986315455318,-1.77610778758915,"AAGCCGCCATATGCTG-1"
-2.05333572384346,2.35697376777736,"AAGCCGCCATGAGCGA-1"
-5.06636994835365,-1.64831209133061,"AAGCCGCGTAAATACG-1"
-4.72643488403785,-3.87461638400944,"AAGCCGCGTCTGCAAT-1"
-3.4761399602555,0.320182458063044,"AAGCCGCGTTACCAGT-1"
8.53283077720177,-0.107833325366101,"AAGCCGCGTTGATTCG-1"
-3.48239606377113,-0.633148908118329,"AAGCCGCTCAATCTCT-1"
-3.56753629204261,-4.15613198230656,"AAGCCGCTCATCATTC-1"
8.3026137972213,1.58111405422298,"AAGCCGCTCCAAACAC-1"
-4.62753885742652,-3.48755145023259,"AAGCCGCTCCTAGGGC-1"
1.88979560378563,2.0986223225793,"AAGCCGCTCTCCTATA-1"
8.33379799369347,-0.23447775791081,"AAGGAGCAGACTAGGC-1"
-5.32622331139076,0.187811166544833,"AAGGAGCAGAGCTATA-1"
-0.885148329105258,10.412569761773,"AAGGAGCAGAGGTAGA-1"
-1.0055203646459,-0.405322312811933,"AAGGAGCAGATCACGG-1"
-3.02295058723915,-2.77535986850651,"AAGGAGCAGATGTGTA-1"
-2.81829410549629,-3.29377865741642,"AAGGAGCAGCCAACAG-1"
2.50829273704064,1.13200056602565,"AAGGAGCAGGCCCTTG-1"
-0.904712130691886,1.34420377065746,"AAGGAGCAGGTGATAT-1"
-1.67499327417839,-1.52275240371617,"AAGGAGCCAACTGGCC-1"
0.725200357470631,1.27143049289791,"AAGGAGCCAAGAAGAG-1"
10.381283345256,2.27977776577083,"AAGGAGCCAATACGCT-1"
-3.50241130348671,3.5383150582513,"AAGGAGCCAATGGACG-1"
8.85733086112511,-0.652690052489362,"AAGGAGCCAATTCCTT-1"
7.88097340110314,1.76288867046443,"AAGGAGCCAGGTCTCG-1"
11.3981614733077,1.0188202862939,"AAGGAGCCAGTCGATT-1"
-0.845251393880725,-1.22920501182469,"AAGGAGCGTACGCTGC-1"
9.85435730460656,2.25173401882259,"AAGGAGCGTACTCGCG-1"
-4.11265200134742,-3.11453103969487,"AAGGAGCGTAGAAAGG-1"
-0.426284310784221,1.34172791292278,"AAGGAGCGTCCTAGCG-1"
11.7509523058273,2.06783378173915,"AAGGAGCGTCGGCATC-1"
-1.013920686584,-2.90865230510624,"AAGGAGCGTGAGGGAG-1"
10.6979652071334,1.13862830450145,"AAGGAGCGTTACCGAT-1"
-2.25454443451393,1.37678223898021,"AAGGAGCGTTCCTCCA-1"
-2.83717387672889,2.09907591392604,"AAGGAGCGTTGTTTGG-1"
-1.80164456125724,3.9441246991357,"AAGGAGCGTTTGTGTG-1"
10.2320008898116,2.43792772342769,"AAGGAGCTCATGCAAC-1"
1.05464083198082,1.64155209114162,"AAGGAGCTCATGTCCC-1"
1.91797548774254,-0.544238090018354,"AAGGAGCTCGCCATAA-1"
0.086356582675099,-0.91562461803349,"AAGGAGCTCGGTCCGA-1"
1.20948082450402,-1.48277556846531,"AAGGAGCTCTATGTGG-1"
12.0363650942184,0.0714639430245541,"AAGGCAGAGACGCACA-1"
0.653401913676381,-1.58951246688756,"AAGGCAGAGAGTAATC-1"
0.478316965136647,-0.484428882102094,"AAGGCAGAGCAGGTCA-1"
0.0480034971572157,-1.13032376716527,"AAGGCAGAGCCAGTTT-1"
-2.33205467220771,3.0225098138055,"AAGGCAGAGCTGAACG-1"
-3.60535734650123,-4.46895766208561,"AAGGCAGAGGGTCGAT-1"
-2.65123110767829,-2.04326295802983,"AAGGCAGAGTAATCCC-1"
-4.48333066460121,-1.61510539005192,"AAGGCAGAGTCGAGTG-1"
-2.71610551830757,-3.21220254848393,"AAGGCAGCATGCGCAC-1"
-3.30837386604774,-1.12388706157597,"AAGGCAGCATGGTCAT-1"
-5.08160394188392,-1.88640499065312,"AAGGCAGGTACAGTGG-1"
-1.0385311780535,-0.923886894682965,"AAGGCAGGTATCAGTC-1"
-4.06672495361793,-3.62417626331242,"AAGGCAGGTATGAATG-1"
-0.0286141609810594,2.40047836353389,"AAGGCAGGTCTAGTCA-1"
-5.7514519071244,0.366176661600747,"AAGGCAGGTGGTTTCA-1"
-2.36128455158699,-1.31978845546635,"AAGGCAGGTGTTTGTG-1"
-4.86839383598793,0.312823661168494,"AAGGCAGTCATCGATG-1"
-6.00779241081703,-0.293844162921033,"AAGGCAGTCCCTTGTG-1"
-3.3610390996598,-3.59834694812687,"AAGGCAGTCGGTGTCG-1"
-4.83219521996009,2.34375131179897,"AAGGCAGTCTCAACTT-1"
-1.90922063347328,-3.73538422534855,"AAGGCAGTCTCAAGTG-1"
1.41408902648461,0.518929273386874,"AAGGCAGTCTGTTGAG-1"
-4.96052950378883,-2.32421398113163,"AAGGTTCAGCTAAACA-1"
-0.451548097100139,2.34295201351253,"AAGGTTCAGCTCCTCT-1"
-0.869838287498832,-2.51372861812504,"AAGGTTCAGGACTGGT-1"
2.22027212623131,0.219835177560725,"AAGGTTCCAAATACAG-1"
-1.50863688942421,-3.18120455692204,"AAGGTTCCAAGCGTAG-1"
9.54206234458458,-1.01306927154454,"AAGGTTCCAATGTAAG-1"
-0.529441592659831,0.217691332598605,"AAGGTTCCAGACGCTC-1"
-4.82846110817421,-0.00810489008816262,"AAGGTTCCAGCTCCGA-1"
0.947325887713551,-2.2168381209174,"AAGGTTCCAGGCAGTA-1"
-0.180135247673869,2.51943707515804,"AAGGTTCCAGTGAGTG-1"
-3.90117758270729,-4.16022515247258,"AAGGTTCCATAGACTC-1"
-5.34765571114051,2.32291150142757,"AAGGTTCCATGGTTGT-1"
-3.05891078468788,-2.96653175304326,"AAGGTTCCATGTTGAC-1"
10.982954564128,-0.666589021185956,"AAGGTTCCATTCACTT-1"
8.35911423209679,-0.945336698988996,"AAGGTTCCATTTCAGG-1"
-2.74023931976783,-3.32252812335881,"AAGGTTCGTGATGATA-1"
-5.57009976860511,-0.0271421367922642,"AAGGTTCGTGCAACGA-1"
-2.09697693344581,3.06520628978816,"AAGGTTCGTTGGGACA-1"
-5.29007094856727,-1.52061390827092,"AAGGTTCTCACCACCT-1"
-2.90444117542732,-0.180970191458783,"AAGGTTCTCCGCAGTG-1"
-1.96555882450569,4.52724051525203,"AAGGTTCTCTACCAGA-1"
-1.90897780415046,0.22258007576076,"AAGGTTCTCTCTTATG-1"
-1.61901789661872,-2.08445239017399,"AAGGTTCTCTGCGACG-1"
9.25035339835656,3.28704595615474,"AAGTCTGAGAATCTCC-1"
-2.16463047024238,0.424920753141322,"AAGTCTGAGAGCTTCT-1"
0.205417814288258,11.956704855462,"AAGTCTGAGAGGACGG-1"
-3.5370861863755,4.43969655086605,"AAGTCTGAGATGTGGC-1"
-2.6537227010392,-2.40476298282536,"AAGTCTGAGCAGGTCA-1"
9.58204895499718,0.511216238637843,"AAGTCTGAGGCTACGA-1"
-4.23965352531898,-2.45673441837224,"AAGTCTGAGTAGCGGT-1"
-3.54066103455055,0.551509306331553,"AAGTCTGAGTATCTCG-1"
-0.17813944574821,-1.41193795154484,"AAGTCTGAGTCCTCCT-1"
8.07529217246544,1.61698210289089,"AAGTCTGAGTGTACCT-1"
-4.50164454933631,-3.70216155002507,"AAGTCTGCACAACTGT-1"
11.3759351396896,0.179868788023867,"AAGTCTGCACTTAAGC-1"
-1.26928129550445,-1.30604493568333,"AAGTCTGCATATGCTG-1"
-2.78092962261665,-2.85433340022954,"AAGTCTGCATGCAACT-1"
11.0506730699874,-0.286760150889478,"AAGTCTGCATTGGCGC-1"
-5.1213101720475,-2.58420252750309,"AAGTCTGCATTGGGCC-1"
-0.321126995053172,-1.01523601959141,"AAGTCTGGTAAACCTC-1"
2.18706900123131,0.486078821619429,"AAGTCTGGTACAGACG-1"
-1.52946728226173,1.94043219139186,"AAGTCTGGTCTCTTAT-1"
1.39741403106225,1.69669055988399,"AAGTCTGGTTATTCTC-1"
-2.5907629108094,3.08771777202693,"AAGTCTGTCACCTTAT-1"
-4.22156923767555,-1.70154452274235,"AAGTCTGTCCGTACAA-1"
2.09191996100914,1.02858775903789,"AAGTCTGTCTCGCTTG-1"
1.80003005507958,-1.98559355686101,"AAGTCTGTCTGCTGTC-1"
10.4271331453658,-1.12364733169468,"AAGTCTGTCTTGAGAC-1"
-4.10384577270973,-2.2226245398322,"AATCCAGAGAGCTGCA-1"
-3.10274952408302,3.07049846698848,"AATCCAGAGATCCTGT-1"
-1.36206310745704,3.46835374881832,"AATCCAGAGCTCCTTC-1"
-2.96822303291786,-2.65701842258366,"AATCCAGAGTAGGTGC-1"
1.32230407241356,1.73116385986415,"AATCCAGAGTGTCCCG-1"
1.36860448363793,-0.795675158003888,"AATCCAGAGTGTTGAA-1"
-0.0103632187508348,-1.63800716350468,"AATCCAGCACATAACC-1"
2.41838580611718,0.166978031893649,"AATCCAGCACGTCTCT-1"
2.05733043197167,0.374420721580663,"AATCCAGCAGATCGGA-1"
-4.13154881950843,0.72182393123714,"AATCCAGCATGCATGT-1"
2.73941546920311,0.800534993906894,"AATCCAGGTATCAGTC-1"
-1.81037330385673,-0.506572722891889,"AATCCAGGTCAGAATA-1"
-0.416123447384715,-3.30318355510624,"AATCCAGGTCATATGC-1"
3.6123028421737,-4.43792128513249,"AATCCAGGTGAAAGAG-1"
0.60821229461205,-1.95317959735783,"AATCCAGGTGATAAAC-1"
-3.3398455953263,1.5387109523019,"AATCCAGGTTCAGTAC-1"
-2.63137620445716,4.31731343319026,"AATCCAGGTTCTGGTA-1"
-2.66719859596717,4.52712321331111,"AATCCAGGTTGCCTCT-1"
-2.13351589199531,0.971130908032336,"AATCCAGTCAACCAAC-1"
0.756123485598683,2.23732912590114,"AATCCAGTCACGCGGT-1"
-2.20432644840705,-2.94218611667546,"AATCCAGTCACTTATC-1"
-2.4111323928498,-1.26348102043065,"AATCCAGTCAGCGACC-1"
-1.70457070824134,3.75715160419551,"AATCCAGTCATAGCAC-1"
-1.56753313299644,1.09882181932537,"AATCCAGTCGAACTGT-1"
-4.25163691994178,-3.92138934085759,"AATCCAGTCTGTACGA-1"
0.770051541361928,-2.21250247905644,"AATCCAGTCTTATCTG-1"
-2.28609388824928,3.27438044597713,"AATCGGTAGAAACCAT-1"
-2.03717618938911,1.58206403305141,"AATCGGTAGACGCTTT-1"
8.40678459647667,-0.841452002028547,"AATCGGTAGGACAGCT-1"
-3.24229496475685,-0.865127801398359,"AATCGGTAGGAGTTTA-1"
-2.11994558331001,1.07367682506649,"AATCGGTAGGGCTTGA-1"
0.441840472254872,2.22142958690731,"AATCGGTAGTACATGA-1"
-1.81141429897773,0.530786000688948,"AATCGGTCACGTCAGC-1"
-2.64707737919319,2.53492212345211,"AATCGGTCAGTAGAGC-1"
-2.1738802766465,0.51713424225656,"AATCGGTCATGGTTGT-1"
-5.94474071022499,0.253825858732142,"AATCGGTGTAAGTGGC-1"
9.38271576407921,3.04553866436092,"AATCGGTGTAGCGTAG-1"
-2.74233680721748,1.35461509277431,"AATCGGTGTATCGCAT-1"
-3.77297419067848,-0.708630442122541,"AATCGGTGTATGCTTG-1"
8.32519585135949,-0.354329645136914,"AATCGGTGTCGCGTGT-1"
11.3319955492355,0.0449933414658688,"AATCGGTGTGTCGCTG-1"
-2.47129171844947,2.88259744693843,"AATCGGTGTTGAGTTC-1"
-0.808594894971729,-3.29907011936101,"AATCGGTGTTTCCACC-1"
10.5127177858688,2.00010037471858,"AATCGGTTCAACACCA-1"
8.4599099779464,-0.47460192392262,"AATCGGTTCAAGCCTA-1"
0.21159237864983,-0.845692395667157,"AATCGGTTCGCCCTTA-1"
9.73717552665246,0.181853235264697,"AATCGGTTCGCCTGTT-1"
-0.997308818999708,-2.22030258129033,"AATCGGTTCGGCGCTA-1"
-3.7148000573777,-2.52437996814641,"AATCGGTTCTTGTACT-1"
-1.09096956756341,-1.59147787044438,"ACACCAAAGAATGTGT-1"
-4.94810694214332,-1.90288424442204,"ACACCAAAGACCCACC-1"
-4.76767748352516,-1.9170083994666,"ACACCAAAGACTAGGC-1"
-0.335686264004588,2.3628133540353,"ACACCAAAGATCCTGT-1"
-2.93892842289436,1.08494621564952,"ACACCAAAGATGAGAG-1"
-0.380141255822063,2.84328341533748,"ACACCAAAGCCACGTC-1"
0.86627143863213,0.847052872677722,"ACACCAAAGGAATTAC-1"
9.49768024924767,-1.1731119150916,"ACACCAAAGGACATTA-1"
-1.96050822493064,4.34229517032711,"ACACCAAAGGCAAAGA-1"
-2.80379169937599,1.20641356756298,"ACACCAAAGTACACCT-1"
-2.61986750122535,-2.39753079364689,"ACACCAAAGTACTTGC-1"
0.348389449153065,2.71673560192195,"ACACCAAAGTGGACGT-1"
-3.77018254753578,3.45134329845516,"ACACCAAAGTTGAGAT-1"
-2.06584709640968,0.946837246914782,"ACACCAAAGTTTAGGA-1"
9.45338970664513,0.486036360760608,"ACACCAACAAACCTAC-1"
-4.8758198594712,-2.28274798343571,"ACACCAACAACAACCT-1"
11.3375125551559,0.396956984450497,"ACACCAACAAGTACCT-1"
9.91917473319542,2.21483993579952,"ACACCAACAAGTTCTG-1"
-3.19421070572364,2.97745871593563,"ACACCAACACCGGAAA-1"
-3.14374106880653,3.96318483402339,"ACACCAACACGCATCG-1"
10.668974461589,-0.645049809912763,"ACACCAACACTCGACG-1"
-0.0848738526962999,2.21050751258937,"ACACCAACATGCAATC-1"
-1.74694978949058,-0.576857447127423,"ACACCAAGTAAACCTC-1"
-3.58612555023658,-2.31611347148808,"ACACCAAGTCATACTG-1"
-2.53091233726966,3.12361383487789,"ACACCAAGTGTTAAGA-1"
-1.99573570248115,3.20734763195125,"ACACCAAGTTACCAGT-1"
10.5098033571578,1.49381578018276,"ACACCAAGTTCCACGG-1"
2.47847348693383,0.429364230980553,"ACACCAATCAACGGGA-1"
11.7583013201095,0.0724438731869839,"ACACCAATCCTTGACC-1"
1.97242337707055,1.06212550451366,"ACACCAATCTGTTGAG-1"
-2.37576836105812,-3.16667032192143,"ACACCCTAGACAGACC-1"
-2.84093719479072,-2.8246798510352,"ACACCCTAGAGGTTGC-1"
1.6144657755233,0.787295729418673,"ACACCCTAGATGGGTC-1"
12.2790809297897,0.158547357221522,"ACACCCTAGCAAATCA-1"
-1.11917832252014,-1.11276388118657,"ACACCCTAGCGATATA-1"
1.99644381049645,1.94044280101863,"ACACCCTAGGCAGGTT-1"
1.05820256713402,1.71111249973384,"ACACCCTAGGCAGTCA-1"
9.90323883536828,-0.0692299301424839,"ACACCCTAGTGCCATT-1"
-2.65436357017982,-2.12294506976994,"ACACCCTCAAGCGATG-1"
-3.78209012505043,-4.26625180194767,"ACACCCTCAAGCGTAG-1"
10.4234014177657,-0.571590482691846,"ACACCCTCAAGTTAAG-1"
-2.35597866531837,1.42887628128139,"ACACCCTCACAGTCGC-1"
-0.30229294058311,2.53798127224056,"ACACCCTCACATGGGA-1"
1.08559662345421,0.920160770913043,"ACACCCTCACCGCTAG-1"
-0.467232701744914,-1.76633000324162,"ACACCCTCACTTGGAT-1"
-1.77463221308219,-3.18430089900883,"ACACCCTCAGCGATCC-1"
-1.81767856832969,-0.653424620131574,"ACACCCTCAGGATCGA-1"
0.898022236857533,-1.61902356098088,"ACACCCTCATACGCCG-1"
-2.1358558511399,-4.01934742877873,"ACACCCTCATGAAGTA-1"
-0.926903960671306,-3.37099289844426,"ACACCCTGTAAAGTCA-1"
-4.24499076363075,3.21846699764339,"ACACCCTGTAGCGCTC-1"
-3.22048657890785,-4.06783795307072,"ACACCCTGTCAGAATA-1"
-5.4426345204972,-1.29309356162938,"ACACCCTGTCGCTTCT-1"
-5.35699695106971,1.78240180065242,"ACACCCTGTGCCTGCA-1"
9.1937909746505,0.714325756331363,"ACACCCTGTGTCAATC-1"
-1.30626070257652,-0.844037770728193,"ACACCCTGTTACAGAA-1"
-2.88010185715187,1.29071676780788,"ACACCCTGTTCATGGT-1"
9.67368179801476,0.200024843712725,"ACACCCTTCAAACAAG-1"
0.439232172999501,-2.78567790935429,"ACACCCTTCACTATTC-1"
-1.98720651623237,0.307142757376113,"ACACCCTTCCAAATGC-1"
-3.99273532387245,3.21011781742183,"ACACCCTTCCCAAGTA-1"
-3.26719754692543,3.82713103344051,"ACACCCTTCCGCTGTT-1"
-0.810817239251018,-2.13598823497685,"ACACCCTTCCTAGGGC-1"
2.27764183524621,1.73320722629634,"ACACCCTTCGAGGTAG-1"
2.36422711852562,1.38631081630794,"ACACCCTTCGCGGATC-1"
-0.173439917530895,-2.81853485057744,"ACACCCTTCGCTGATA-1"
-2.50063758846748,4.70811438610164,"ACACCCTTCGTGGACC-1"
-4.80768340584266,-1.98023724506291,"ACACCGGAGAAGCCCA-1"
-3.56708115097511,-4.06908726642521,"ACACCGGAGCACAGGT-1"
11.5402656221725,0.301318556567111,"ACACCGGAGCCAGGAT-1"
-3.26053803917396,-3.12469983051213,"ACACCGGAGCTCCCAG-1"
-5.1350344991349,-0.149070083598218,"ACACCGGAGTCCAGGA-1"
10.0592742586471,0.974354923268237,"ACACCGGAGTGACTCT-1"
-0.829714668359638,-1.07283389518651,"ACACCGGCATAAGACA-1"
-1.11286055799949,0.795291007061877,"ACACCGGGTAACGACG-1"
2.49221664908898,0.782058179875293,"ACACCGGGTAAGTTCC-1"
-2.29053741451728,-3.06783318469914,"ACACCGGGTACGAAAT-1"
-0.483222899403453,-0.817183136443219,"ACACCGGGTCAGATAA-1"
11.4242301607467,0.569025964041629,"ACACCGGGTCCGTCAG-1"
-2.46599930283058,-0.883224248389325,"ACACCGGGTCGCGAAA-1"
-1.81210124250877,-0.0702311987677433,"ACACCGGGTCTAGGTT-1"
-0.414729175534129,0.743668497105517,"ACACCGGGTTAAGACA-1"
1.76519161704552,1.24901682188121,"ACACCGGTCACTTATC-1"
10.397903027568,-0.0365477795401432,"ACACCGGTCAGGATCT-1"
-3.56038349625099,1.8448940520486,"ACACCGGTCCCTTGCA-1"
0.603724064860463,-1.68230557392033,"ACACCGGTCGCGTTTC-1"
-3.92548173424232,-4.23422026584538,"ACACCGGTCGGAAATA-1"
1.21083885673058,-0.24001985738667,"ACACTGAAGAAGGTTT-1"
1.45720988753808,1.51348280956356,"ACACTGAAGAATGTTG-1"
-5.93117803093422,-0.120832204321943,"ACACTGAAGACACGAC-1"
-3.50670045372474,-2.03636193225773,"ACACTGAAGAGGTTAT-1"
-2.68026596065986,4.71543288280574,"ACACTGAAGGGAAACA-1"
-0.746898007955432,-2.04133510539921,"ACACTGAAGGGATGGG-1"
-4.32223886009681,0.0695285504063747,"ACACTGAAGGGCATGT-1"
-1.1892851715945,-0.879459619025312,"ACACTGAAGGGTCTCC-1"
-4.38649219032753,-2.10713505695256,"ACACTGAAGTCTCCTC-1"
10.1145358705856,-0.422115742663465,"ACACTGACAAAGTGCG-1"
-0.929545806165815,-2.04913473079594,"ACACTGACAAATACAG-1"
9.73995834830773,1.75585365345088,"ACACTGACAATGAATG-1"
-2.24124866482246,-0.368514120081983,"ACACTGACACACCGAC-1"
-5.77354043480384,1.94369268467037,"ACACTGACACAGGAGT-1"
0.999834122691273,-0.840980410079084,"ACACTGACACATGGGA-1"
1.3400860452987,-1.67699861476811,"ACACTGACACCGAATT-1"
0.696406784091115,-2.30019688556584,"ACACTGACACTGCCAG-1"
11.2465339327194,-0.446535944441877,"ACACTGACAGGTCCAC-1"
-0.373088834252239,-0.977133750418744,"ACACTGACAGGTCTCG-1"
-2.69985109325874,1.71884083797542,"ACACTGAGTATTCGTG-1"
-1.08081429209936,-0.511360644797406,"ACACTGAGTCAATACC-1"
-3.97898190971839,-1.20898556659611,"ACACTGAGTCAGAGGT-1"
-4.90354031082618,-1.93271255443486,"ACACTGAGTCCGTGAC-1"
-3.689227995839,1.32486093093959,"ACACTGAGTCTCTTAT-1"
-2.99853628632057,-1.01524627159031,"ACACTGAGTGTTGGGA-1"
-2.76314955708015,2.25020217945186,"ACACTGAGTTACGACT-1"
10.4597087526656,1.15152281572429,"ACACTGAGTTCCACAA-1"
-0.436691579785228,0.573661998411097,"ACACTGAGTTTGCATG-1"
-4.35776537415016,1.45229578067867,"ACACTGATCCAAGCCG-1"
-5.68933814522255,0.0177374785145901,"ACACTGATCTCAAGTG-1"
-1.44367238637435,-2.87124443004521,"ACAGCCGAGAAAGTGG-1"
-4.06048696991432,-0.718102573851667,"ACAGCCGAGACCTTTG-1"
-2.47746520992744,-2.57857894847783,"ACAGCCGAGATCCTGT-1"
-2.58831053730476,-3.23821330020817,"ACAGCCGAGCCAGTTT-1"
-2.32383364197242,-3.0918905730048,"ACAGCCGAGCGATTCT-1"
-4.25960606094825,-1.63771057079228,"ACAGCCGAGCGTTCCG-1"
-3.39293759819496,3.2741594319543,"ACAGCCGAGGCATGTG-1"
-3.1685296868943,-3.0784525866309,"ACAGCCGAGTGTACCT-1"
-0.575212118592143,-3.56610584209355,"ACAGCCGAGTTACGGG-1"
-2.19876378532875,-0.449396192530713,"ACAGCCGCAATGGATA-1"
-2.06559782978523,0.218054086466708,"ACAGCCGCAGACACTT-1"
-4.1509925698899,-4.3203070158759,"ACAGCCGCATGGATGG-1"
-3.95505302902687,3.3680691724023,"ACAGCCGGTACCATCA-1"
-4.10275476929176,0.0532920365533016,"ACAGCCGGTCATGCAT-1"
-3.16819780823219,0.898891121645846,"ACAGCCGGTCCAGTAT-1"
-5.05418199058998,1.47589957763759,"ACAGCCGGTCCGAAGA-1"
-1.52455925699699,-3.86258578250798,"ACAGCCGGTGGCCCTA-1"
-2.59074300285804,-1.75789761493596,"ACAGCCGGTTCCAACA-1"
-0.280793068375469,0.187311783929744,"ACAGCCGTCACATGCA-1"
2.67309600356591,0.535957307120242,"ACAGCCGTCACCCTCA-1"
9.61853844169152,0.80990290691463,"ACAGCCGTCATATCGG-1"
-3.00917929169166,-0.0298612708845951,"ACAGCCGTCATGTGGT-1"
8.03394085410607,1.69346487571804,"ACAGCCGTCCACGCAG-1"
-2.26715212818611,-0.813570141295514,"ACAGCCGTCCGAATGT-1"
10.8561874056197,0.78897446443645,"ACAGCTAAGAATCTCC-1"
8.0991807604171,1.23280209352581,"ACAGCTAAGACTGGGT-1"
-1.28646716233718,-0.159231125811658,"ACAGCTAAGCCTATGT-1"
1.76998239997399,-1.02089524219426,"ACAGCTAAGCGCCTCA-1"
1.75506264213097,0.218830913802066,"ACAGCTAAGCGGATCA-1"
1.12555343154442,-0.285160183409772,"ACAGCTAAGCTAGTTC-1"
-2.28416365143287,-2.37600994060429,"ACAGCTAAGGATGCGT-1"
11.465041699443,0.756689072152056,"ACAGCTAAGTCTTGCA-1"
9.81976276877892,1.36445367385951,"ACAGCTAAGTTACCCA-1"
-3.07420271393287,-2.64918899486455,"ACAGCTAAGTTGTAGA-1"
-0.694788244929195,-0.889422535399518,"ACAGCTACAACGCACC-1"
-4.99754518028724,-2.62070083568486,"ACAGCTACAAGGTTCT-1"
10.4579654360152,1.49391412784664,"ACAGCTACAAGTTAAG-1"
-5.24544137474525,-1.49090659568699,"ACAGCTACAATCCGAT-1"
-1.70484924074638,-1.96138977954777,"ACAGCTACAATCTACG-1"
10.2678771639205,-0.646285414198957,"ACAGCTACACCTGGTG-1"
-0.863231567110896,1.25224423458187,"ACAGCTACAGATCCAT-1"
9.84486919883263,1.98039269497005,"ACAGCTACAGCTGCTG-1"
-3.67272895332801,-1.95719098995121,"ACAGCTACAGTCACTA-1"
-4.86384457108009,-3.34028840015324,"ACAGCTACATCGGGTC-1"
-3.99471467491615,-1.23267269084843,"ACAGCTACATTAGCCA-1"
-5.65916532036293,-0.332549869517408,"ACAGCTACATTTGCCC-1"
-0.465055403675914,-2.65376305530461,"ACAGCTAGTGACTCAT-1"
0.696864070925831,-2.20338559101017,"ACAGCTAGTGTGGCTC-1"
-4.32668679710853,-2.59200501392277,"ACAGCTAGTGTGGTTT-1"
-4.26606029030311,-0.998698234061322,"ACAGCTAGTTCGTTGA-1"
-0.587974873747707,2.07270598461238,"ACAGCTATCACAGTAC-1"
-0.102123436894298,-2.97592663715275,"ACAGCTATCCCTTGCA-1"
-3.31551068779457,-2.23361468265446,"ACAGCTATCCGTACAA-1"
-1.97664183136451,-3.64707112262639,"ACAGCTATCGGCGGTT-1"
10.9137311601974,-0.0443777735033848,"ACAGCTATCTTAACCT-1"
-1.97284388300407,-2.52193641612919,"ACAGCTATCTTGCCGT-1"
10.344677510295,-0.584703862170301,"ACATACGAGAATTGTG-1"
-3.71175783630836,-4.53262400577458,"ACATACGAGCACGCCT-1"
10.4329829836227,-2.07841992328557,"ACATACGAGGACATTA-1"
-3.35699575897682,3.08382749607173,"ACATACGAGGTAGCCA-1"
9.51663547996056,0.594390675922313,"ACATACGAGGTGACCA-1"
1.07116419318688,-2.30154514263066,"ACATACGAGTTCCACA-1"
9.24827534202111,-1.05949807117375,"ACATACGCAAGCCGTC-1"
-5.61620229240882,0.0070039336880825,"ACATACGCACGGTTTA-1"
0.107132616076588,2.36192154934017,"ACATACGCAGCTCGCA-1"
1.26628929618371,1.05363196184246,"ACATACGCAGTAAGAT-1"
-3.84697669502723,0.366047315796294,"ACATACGCAGTATCTG-1"
0.894210639033436,-2.36345863292607,"ACATACGCAGTTTACG-1"
11.1551299715377,-0.363526105383954,"ACATACGCATCATCCC-1"
-3.6789581155442,2.79419732143489,"ACATACGCATCGGTTA-1"
-1.47047969457138,-0.612886070708356,"ACATACGGTAAATGTG-1"
-4.09470027443397,1.06449514677135,"ACATACGGTGCGGTAA-1"
-2.03629058357704,3.03442454387752,"ACATACGGTGGTGTAG-1"
-2.31156509872901,1.01723218013851,"ACATACGGTGTTGAGG-1"
-2.63137536999214,4.73060536434261,"ACATACGGTTACTGAC-1"
-2.11857169624794,-0.896726726988874,"ACATACGGTTCAGACT-1"
-3.75667589661109,3.43579745342342,"ACATACGTCAAACCGT-1"
-5.43479293343055,2.24336826850978,"ACATACGTCACAAACC-1"
2.08733874801171,0.107562721272387,"ACATACGTCATGTCCC-1"
-1.67437660452354,-0.30300426433476,"ACATACGTCGCTGATA-1"
9.38318115714562,1.05717390825359,"ACATACGTCTCTAGGA-1"
0.833474817309498,-1.93991589496525,"ACATACGTCTGACCTC-1"
-0.558961418833614,-1.27442765186223,"ACATACGTCTGCAAGT-1"
11.9927154207565,-0.151506244639478,"ACATCAGAGAGTACAT-1"
-3.84538763519752,2.57634902050106,"ACATCAGAGCACAGGT-1"
-2.66483133789527,-4.4072735304633,"ACATCAGAGCGAGAAA-1"
-2.83212905880439,-2.2316577429572,"ACATCAGAGCGATTCT-1"
1.07662612441552,-0.396518766383252,"ACATCAGAGGACACCA-1"
-0.747040612068057,0.947608232994952,"ACATCAGAGTAGGTGC-1"
-2.57682662960517,-3.98409819553288,"ACATCAGAGTCGAGTG-1"
-2.59826546665657,-4.21752095172795,"ACATCAGCACCGAAAG-1"
-2.71764975544441,-3.9871542448798,"ACATCAGCACCTCGGA-1"
2.48517304900658,0.525428712864795,"ACATCAGCAGCCTTGG-1"
8.1081729555465,1.72748923351375,"ACATCAGCAGCTCCGA-1"
-5.11755078789222,-2.61829733798893,"ACATCAGCATGACGGA-1"
8.59634071830285,-0.541486501196943,"ACATCAGCATGCCCGA-1"
-1.43286216017234,-1.78438329646977,"ACATCAGGTCTCTCGT-1"
-1.72842323538291,0.83865246226398,"ACATCAGGTGTAACGG-1"
-5.03239863869178,-0.918515324095807,"ACATCAGGTTCCAACA-1"
-1.18744688984382,2.00048434784023,"ACATCAGGTTCCTCCA-1"
1.06957298758996,-1.07967853496464,"ACATCAGGTTCGCTAA-1"
-3.25756734367836,1.54482770015804,"ACATCAGGTTGAGGTG-1"
2.3603792810775,0.445593968530574,"ACATCAGGTTGGTGGA-1"
-0.728600708212734,2.5312931542596,"ACATCAGGTTGGTTTG-1"
0.372887673411488,2.36315858413784,"ACATCAGGTTTGACAC-1"
-0.714656410183788,-0.583044886092267,"ACATCAGTCAAGATCC-1"
-3.39993089195716,-4.25195908496769,"ACATCAGTCACAGGCC-1"
8.74676758292687,-0.250701069335065,"ACATCAGTCAGAGACG-1"
-3.25781529900062,-1.35861027191075,"ACATCAGTCAGCCTAA-1"
-4.79858416077125,-0.884310245017133,"ACATCAGTCCATTCTA-1"
-1.61626714226234,-3.85817074726017,"ACATCAGTCCCATTTA-1"
-2.31767314430702,3.64902901699153,"ACATCAGTCCTATTCA-1"
-1.72193157431114,-1.10000073860081,"ACATCAGTCGCTGATA-1"
9.10416084769738,0.689191550513186,"ACATCAGTCTCACATT-1"
-3.0463144158982,-0.519717156390271,"ACATCAGTCTGGTATG-1"
2.25432831290734,1.77802646209804,"ACATGGTAGACCACGA-1"
-5.04611199852455,0.0962052946290157,"ACATGGTAGCACCGTC-1"
10.795306744609,-0.648208856085859,"ACATGGTAGCTAACTC-1"
-4.45815890785682,1.75200533916561,"ACATGGTAGCTATGCT-1"
0.740597310099721,0.900219202538409,"ACATGGTCAAACGTGG-1"
2.14208394530785,1.66303658535091,"ACATGGTCAATAACGA-1"
-1.19152419027317,3.19969463398067,"ACATGGTCACGAAGCA-1"
-0.108824131455303,-2.77946829746159,"ACATGGTCAGATGGGT-1"
-4.26826852318275,2.10223913242427,"ACATGGTCAGCATGAG-1"
-0.22053253408897,-1.9019138808051,"ACATGGTCAGTGACAG-1"
-3.00159615036476,3.74453473140804,"ACATGGTCATGGTCAT-1"
-2.5398310994767,0.0229014461239956,"ACATGGTGTCAACATC-1"
-1.38444468137252,1.2616370325288,"ACATGGTGTCAGAGGT-1"
0.0882713222838637,0.99291551162807,"ACATGGTGTCGCATAT-1"
2.18510610106957,1.15045779993144,"ACATGGTGTCGGATCC-1"
-1.86218482014167,2.79948663761226,"ACATGGTGTGGTCCGT-1"
9.81804615500939,-1.08679079959782,"ACATGGTGTTCCATGA-1"
0.761600079569935,-0.585497796038709,"ACATGGTGTTGCGTTA-1"
8.87937408927453,3.85937619258968,"ACATGGTTCAGCATGT-1"
1.192274870906,-1.46295309017094,"ACATGGTTCCATGCTC-1"
10.6941676760055,0.147709608574786,"ACATGGTTCCGCAGTG-1"
-1.276370761361,3.2748086457452,"ACATGGTTCGCCGTGA-1"
9.83050590995324,2.46410322239009,"ACATGGTTCTAACTGG-1"
-0.719886330332637,-1.47364628265294,"ACCAGTAAGAATTCCC-1"
0.194329681429982,-1.78658628414067,"ACCAGTAAGACTAGAT-1"
-1.28526386376846,-1.52848720500859,"ACCAGTAAGACTGGGT-1"
-1.77656060215461,-4.15101933429631,"ACCAGTAAGAGAGCTC-1"
1.61432224753869,-0.81247532318028,"ACCAGTAAGAGTAATC-1"
0.9693014049865,-2.02267932842167,"ACCAGTAAGCCACTAT-1"
-1.30404007193077,-1.58745264957341,"ACCAGTAAGCGTAATA-1"
-2.40187936779487,-2.3243501181403,"ACCAGTAAGGTGCTAG-1"
-2.83915561195838,-3.73905968616398,"ACCAGTAAGTGAACAT-1"
-3.19094937798011,-1.05235338161381,"ACCAGTAAGTTTCCTT-1"
-2.04992431160438,2.98008346607295,"ACCAGTACAAAGCAAT-1"
10.1751676225997,0.451924779017844,"ACCAGTACAAGTAGTA-1"
9.78824955466759,1.82957732727138,"ACCAGTACACAGAGGT-1"
3.85295778754723,-4.45432925174626,"ACCAGTACAGCGTCCA-1"
-3.40342682358253,2.34958672573177,"ACCAGTACATACAGCT-1"
1.83917314055932,-0.0896203214922764,"ACCAGTACATCTCCCA-1"
-4.86695569511879,-0.51706105420979,"ACCAGTAGTACAGTTC-1"
2.58691936973107,-0.036607413987241,"ACCAGTAGTATCACCA-1"
-2.17955976482856,-1.56762814472111,"ACCAGTAGTCATCCCT-1"
-4.83692425247657,0.59804776360599,"ACCAGTAGTCTAGGTT-1"
-5.70125955101478,-0.501600563029371,"ACCAGTAGTGCGGTAA-1"
2.04082638267052,1.47539162685482,"ACCAGTAGTTGTCGCG-1"
-3.49770921226966,-3.40589857051762,"ACCAGTAGTTTGACAC-1"
-2.52480333801734,1.32949346353618,"ACCAGTATCCCAAGAT-1"
-3.62759011742103,1.12926632215587,"ACCAGTATCCTGTACC-1"
9.07938343528283,0.376882087936082,"ACCAGTATCGACAGCC-1"
-4.05360978600013,2.39693725158779,"ACCCACTAGATAGGAG-1"
-3.19212358948219,-4.33825278232487,"ACCCACTAGCACAGGT-1"
-2.77093034740913,4.34049701740352,"ACCCACTAGCAGCGTA-1"
-3.71619719025123,-3.78391957233342,"ACCCACTAGCTAAACA-1"
-5.36579888817298,1.10239958812801,"ACCCACTAGCTGAAAT-1"
-3.82364076134193,-1.40179037998112,"ACCCACTAGGCATGTG-1"
3.78007322791588,-4.42935299823674,"ACCCACTAGTACGACG-1"
-0.768235830035091,-2.40993595073613,"ACCCACTAGTGTTGAA-1"
-4.75840943809974,-3.20518279025944,"ACCCACTCACCAGGTC-1"
-3.21662109848487,2.54193282177059,"ACCCACTCAGCCACCA-1"
-3.71709054466712,3.60342288066951,"ACCCACTCATGTCTCC-1"
-0.940711160566688,1.5745836501321,"ACCCACTCATTCACTT-1"
2.24033147338402,1.55974161674587,"ACCCACTGTACATCCA-1"
9.26204258445275,-0.564523457984052,"ACCCACTGTAGATTAG-1"
-5.22089570518959,-2.69861125896367,"ACCCACTGTAGCGATG-1"
-4.02350395676124,-3.97794461200627,"ACCCACTGTAGCTCCG-1"
-1.23154568430412,-3.69543528507145,"ACCCACTGTATTCTCT-1"
7.82233578208458,1.51196873237697,"ACCCACTGTCGAGATG-1"
-1.5986649965905,0.265207231541552,"ACCCACTGTCTTGCGG-1"
12.2071710253097,-0.34275937030705,"ACCCACTTCACAGTAC-1"
1.42862135413659,2.09420168449489,"ACCCACTTCAGTGCAT-1"
-0.498508778777004,-3.09968590686711,"ACCCACTTCCACGCAG-1"
-0.718472418751598,-3.22093820522221,"ACCCACTTCGAACTGT-1"
-3.70147531982887,4.30239963581172,"ACCCACTTCGGGAGTA-1"
8.32406670096886,1.29842543651668,"ACCCACTTCGTCTGAA-1"
9.1345515871383,0.501690783103385,"ACCCACTTCGTGGTCG-1"
-2.53022187706459,-0.227954804400525,"ACCCACTTCTCGTTTA-1"
-1.12535498794544,-0.287940978507123,"ACCGTAAAGAACTGTA-1"
-2.80806571003425,4.36406016399471,"ACCGTAAAGAAGGGTA-1"
10.0992370272018,0.904706150790133,"ACCGTAAAGACATAAC-1"
8.79610115531456,-0.512115835646711,"ACCGTAAAGAGCTTCT-1"
-3.92405408379066,-0.00128123114498635,"ACCGTAAAGAGGACGG-1"
-1.46897607799995,0.349156793703713,"ACCGTAAAGATTACCC-1"
-3.64178412910926,-4.46580672214421,"ACCGTAAAGCCAGGAT-1"
10.9634328508712,0.693887442847171,"ACCGTAAAGGAGCGAG-1"
9.64838463309777,1.3935636286935,"ACCGTAAAGGCATGTG-1"
10.8205381059982,0.319437668224253,"ACCGTAAAGGCCGAAT-1"
-1.84317219015586,0.148092300196566,"ACCGTAAAGGCTAGGT-1"
-4.12391227241981,2.50147962619869,"ACCGTAAAGTCGTACT-1"
9.03934151175988,0.795826048155703,"ACCGTAAAGTGGCACA-1"
12.1094747209884,-0.181150376299939,"ACCGTAACAAAGCGGT-1"
-3.97276466843116,-2.9538028235236,"ACCGTAACACGAAACG-1"
-2.27425712105262,-3.06729507396611,"ACCGTAACAGCGTAAG-1"
-4.08436339851844,-2.8174240584174,"ACCGTAACATGAAGTA-1"
-0.807566521134258,-0.0636677140990116,"ACCGTAACATGTAAGA-1"
1.71387940886986,-0.375813066462598,"ACCGTAACATTACCTT-1"
-0.47228246685493,-2.99169468830021,"ACCGTAAGTAAATACG-1"
-2.98588603493202,-1.48895215938481,"ACCGTAAGTACCGGCT-1"
-3.77385776993263,-0.395971059302411,"ACCGTAAGTACCGTAT-1"
0.124161424670338,0.0543462341031216,"ACCGTAAGTCCCTTGT-1"
1.69894486907494,1.0754820709428,"ACCGTAAGTTCGAATC-1"
1.59741527083886,-0.27010768602284,"ACCGTAATCAATAAGG-1"
-1.25956120845306,0.775415868063845,"ACCGTAATCACCATAG-1"
0.557154121432423,2.36822903205959,"ACCGTAATCCCTGACT-1"
9.94276863578331,1.14555931140987,"ACCGTAATCGATGAGG-1"
-1.92144149300087,0.198849663635173,"ACCGTAATCGCGGATC-1"
10.485998692546,0.0389741664132259,"ACCGTAATCTTAGCCC-1"
-5.79308598991859,0.44008852218596,"ACCGTAATCTTGTATC-1"
10.2287994051315,1.28554141571132,"ACCGTAATCTTTAGGG-1"
8.25747162345421,-0.684246181944928,"ACCTTTAAGAATAGGG-1"
0.0577288294173476,11.7155253892144,"ACCTTTAAGATGTAAC-1"
1.52140742782128,0.199280471106448,"ACCTTTAAGCACGCCT-1"
9.76416927817833,0.528312892218509,"ACCTTTAAGCCACCTG-1"
-2.67631429192054,-3.61003756473454,"ACCTTTAAGGTGCACA-1"
0.0353247547484633,0.284541644652762,"ACCTTTAAGTACGTTC-1"
-2.78756183144081,-1.63912439296635,"ACCTTTACAAAGGAAG-1"
1.89560586455834,1.50071942855922,"ACCTTTACAACACGCC-1"
-2.34268086906898,-0.438845633963666,"ACCTTTACAAGCCATT-1"
-3.9841293668412,-1.4384471173087,"ACCTTTACACCCAGTG-1"
-5.21406835075843,-2.5811028475562,"ACCTTTACACGGCTAC-1"
-2.08796792980659,-3.60392451236638,"ACCTTTACACGGTGTC-1"
10.3394065523483,2.30018496563045,"ACCTTTACACGTTGGC-1"
11.5719562197067,0.516062900920787,"ACCTTTACAGCTGCTG-1"
-0.0260775661133531,-0.065749853352628,"ACCTTTACATAGGATA-1"
10.0078349733688,-1.31446742961796,"ACCTTTACATTTCAGG-1"
-4.92594593521583,0.00924202849475364,"ACCTTTAGTACCAGTT-1"
-3.50654285904396,-4.34939694354924,"ACCTTTAGTAGTACCT-1"
-4.78432625290382,1.71654236366359,"ACCTTTAGTCCATGAT-1"
-4.00789564606178,-4.3596866125861,"ACCTTTAGTCTCACCT-1"
-3.84675043579567,2.64110565235225,"ACCTTTAGTGCCTGGT-1"
-5.25893681999672,-1.05329406211766,"ACCTTTAGTTACGGAG-1"
-3.84426253792274,-3.91806006381901,"ACCTTTAGTTGTGGCC-1"
-3.83664315697181,-3.82357001254948,"ACCTTTAGTTTGGCGC-1"
-4.57479947563636,-0.0496500725546696,"ACCTTTATCATGTGGT-1"
-4.64460032936561,-1.50612735698613,"ACCTTTATCTCAAGTG-1"
0.0755789900161025,-1.06539654682072,"ACCTTTATCTCTAGGA-1"
1.51488143447411,1.10681277563182,"ACCTTTATCTCTTATG-1"
11.1369681978561,-0.646187185744367,"ACCTTTATCTGAGGGA-1"
-2.09535604473579,-0.957985996703229,"ACCTTTATCTGTTTGT-1"
-4.45552080627906,-0.00684535453709145,"ACGAGCCAGACCACGA-1"
-4.56740945335853,-1.22689080188664,"ACGAGCCAGACCTTTG-1"
-2.83765321728218,4.24728846599666,"ACGAGCCAGATAGCAT-1"
2.04337913039696,0.568284661074557,"ACGAGCCAGTACCGGA-1"
1.26376801970971,0.0938366954526089,"ACGAGCCCAATCCGAT-1"
-0.304320630993724,-0.529571175078473,"ACGAGCCCACCATCCT-1"
-1.95602220055091,-3.90925908039006,"ACGAGCCCAGCTCGCA-1"
-0.968053832095147,-3.03298973987492,"ACGAGCCCAGGGAGAG-1"
-0.52118035909164,-1.87808585117253,"ACGAGCCCAGGTCCAC-1"
9.92481380942833,-1.23405885646733,"ACGAGCCCATCAGTAC-1"
-0.658548114266277,-1.38655626724156,"ACGAGCCGTACGACCC-1"
0.0605747127867934,0.225675151248851,"ACGAGCCGTACTCTCC-1"
-4.54666036125648,-2.67131924579533,"ACGAGCCGTATAATGG-1"
-1.34672978278625,-3.15769004772099,"ACGAGCCGTCTCTCGT-1"
-3.97315352913368,-2.44497537563237,"ACGAGCCGTGATGATA-1"
-4.07098763939369,1.14571011116115,"ACGAGCCGTGCAGTAG-1"
-5.42899411674964,-2.11623930881413,"ACGAGCCGTGTGAAAT-1"
-5.31200784203041,1.72359299709407,"ACGAGCCGTTCAACCA-1"
-0.0701076960228685,0.691057742138781,"ACGAGCCGTTTAGCTG-1"
-4.19022339340675,-4.0162675375739,"ACGAGCCTCAAACCGT-1"
1.55294257644188,0.270075873037257,"ACGAGCCTCCACGTTC-1"
-1.76950055119026,-3.73465180347355,"ACGAGCCTCCAGAGGA-1"
-3.93544238564003,-4.11087584445866,"ACGAGCCTCCGTAGTA-1"
0.550614299807667,-1.15214490840825,"ACGAGCCTCCTACAGA-1"
2.38654214385521,0.9802877311906,"ACGAGCCTCGGACAAG-1"
-2.06336873527992,3.19872212459651,"ACGAGCCTCGTCCAGG-1"
0.302198472056508,-2.22423124263676,"ACGAGCCTCTGCCAGG-1"
-2.4570217704438,1.20144873907176,"ACGAGCCTCTGGTATG-1"
-0.147035179104686,-2.6414043898383,"ACGAGGAAGCAGATCG-1"
0.718452634844899,-1.28694021652134,"ACGAGGAAGCCCGAAA-1"
-1.60670828577507,4.07886433651058,"ACGAGGAAGCGATGAC-1"
-1.1965600078963,-1.71936297367009,"ACGAGGAAGCTGCGAA-1"
-0.834284496869922,-0.847231745223127,"ACGAGGAAGGCATGGT-1"
2.64999276641381,0.402950201214679,"ACGAGGAAGGCTAGAC-1"
-4.26203602310646,-3.00575041721257,"ACGAGGAAGTGCCATT-1"
-4.44464272018898,1.69714188625423,"ACGAGGAAGTTGCAGG-1"
-1.31777772065628,-1.93009257266911,"ACGAGGACAATCCGAT-1"
8.42976337913048,-0.00908818791302224,"ACGAGGACAATGGTCT-1"
-1.832443234887,-0.553954898814283,"ACGAGGACAGGTGCCT-1"
3.62485414985192,-4.53867316196354,"ACGAGGACATCCCATC-1"
-1.73158353325355,-0.869151710967145,"ACGAGGAGTATATGGA-1"
-1.24387541171539,-1.35248482177647,"ACGAGGAGTCTTCGTC-1"
11.6538253450729,1.23492980053035,"ACGAGGAGTGAGGGTT-1"
-5.57501023766029,2.47157287647335,"ACGAGGAGTGTGGTTT-1"
-1.77190321442115,-0.884198069075666,"ACGAGGATCCCAACGG-1"
-5.16789239403236,-2.97393608043583,"ACGAGGATCCGCGTTT-1"
-3.92596691605079,-3.30064034412297,"ACGAGGATCGGTTAAC-1"
9.30677849296105,-0.266208767394147,"ACGAGGATCTGGAGCC-1"
1.16333419326317,0.930084527035632,"ACGATACAGAAAGTGG-1"
10.1611209535934,-0.214137196044049,"ACGATACAGCGCTTAT-1"
-1.42611020561683,-1.92620110462101,"ACGATACAGGTAGCCA-1"
-1.70741319414604,2.67417788555233,"ACGATACAGGTGCTTT-1"
-4.44066995140541,-2.56445836971196,"ACGATACAGTTGTAGA-1"
-3.23408931251991,-3.15709042499455,"ACGATACCAAATTGCC-1"
1.6466308260299,1.4027725463113,"ACGATACCAAGACACG-1"
0.443916859660268,-2.66868281314763,"ACGATACCAGCCTTGG-1"
10.5933547640182,0.030273050566592,"ACGATACCATATACGC-1"
-2.9080076789521,4.76688170482723,"ACGATACCATGGAATA-1"
11.6834760332443,0.551649839182772,"ACGATACGTAAGGGCT-1"
8.79159695151818,0.148238152762332,"ACGATACGTAAGTTCC-1"
1.7612810755111,2.48112630893795,"ACGATACGTACTCAAC-1"
-3.02942627426612,1.1039477591714,"ACGATACGTAGCGTGA-1"
0.279227914843678,11.8496625428399,"ACGATACGTTGTGGCC-1"
-4.202824530568,-3.04269695232304,"ACGATACTCACCTCGT-1"
1.30831223968041,1.11367505838481,"ACGATACTCATTCACT-1"
1.51546937469017,0.456487253805079,"ACGATACTCCAAGCCG-1"
-0.502855417694927,-2.30095243404301,"ACGATACTCCTCTAGC-1"
11.0977864885665,0.26932151665298,"ACGATACTCCTTTCGG-1"
1.78229242805016,0.764105856915393,"ACGATACTCTACTATC-1"
-3.51010340210426,0.285546154280581,"ACGATGTAGAGGTACC-1"
-2.7955260848664,-4.04123091648015,"ACGATGTAGATCACGG-1"
0.369199099574208,2.5229935651025,"ACGATGTAGCAGACTG-1"
-3.19443982597816,-0.269779443244062,"ACGATGTAGCGATGAC-1"
-3.01348274704444,-0.324027657012067,"ACGATGTAGGATATAC-1"
-5.10437482353675,-2.49059486339482,"ACGATGTAGGCCCTTG-1"
-2.52593868729103,2.93464469959346,"ACGATGTAGGTCATCT-1"
-3.94085591789711,-0.111898123721204,"ACGATGTAGGTGATAT-1"
-2.43537968155372,-3.69774079273137,"ACGATGTAGTGCGATG-1"
2.62518435958397,0.880566031237521,"ACGATGTCAAAGGTGC-1"
-1.70565920826423,0.569310844441333,"ACGATGTCAAGCGATG-1"
8.15899044517052,-0.419941365222058,"ACGATGTCACGAGAGT-1"
0.240351858172536,-1.91557216594609,"ACGATGTCAGATGGGT-1"
-3.87666076179969,3.57951402713863,"ACGATGTCAGCTGCAC-1"
-2.52328282352912,-0.614582418898664,"ACGATGTGTAACGACG-1"
-0.901760009493709,-3.53696179340275,"ACGATGTGTAACGCGA-1"
-2.22118144985664,4.4617187981805,"ACGATGTGTAAGGATT-1"
3.73717457297814,-4.80919623325261,"ACGATGTGTACCCAAT-1"
-4.25949185844886,-0.714942931632123,"ACGATGTGTACTTCTT-1"
-0.78987508770454,1.84465372612087,"ACGATGTGTCATGCAT-1"
-1.94556677099693,-3.30190610835942,"ACGATGTGTGCACCAC-1"
2.16449624541771,1.53227436592189,"ACGATGTGTTACCAGT-1"
-0.355180499520183,-2.29959130237492,"ACGATGTGTTCACGGC-1"
10.2257018709518,0.176743805905261,"ACGATGTGTTGCTCCT-1"
-2.60240453239906,1.50933814098445,"ACGATGTTCACCCGAG-1"
-4.94016521927345,-0.106480895976148,"ACGATGTTCAGTGCAT-1"
-3.11478990074623,-0.689270853499494,"ACGATGTTCATACGGT-1"
-3.8964120721482,-1.61211609790715,"ACGATGTTCCCGGATG-1"
-1.50219481941688,-1.20705664108189,"ACGATGTTCGGCGCAT-1"
-5.22936385628212,-2.5236270422736,"ACGATGTTCGTACGGC-1"
-3.55004113670814,-3.0785336489478,"ACGCAGCAGACTAGAT-1"
-4.64644735809791,1.43737423469631,"ACGCAGCAGCTGGAAC-1"
10.6846805239059,1.04478579809276,"ACGCAGCAGGGAACGG-1"
-0.948106010820747,-1.40475785682591,"ACGCAGCAGGTCGGAT-1"
3.78990227225792,-4.66951918552311,"ACGCAGCAGTAATCCC-1"
-4.84239357468116,1.587129474183,"ACGCAGCCAAGAGGCT-1"
-2.50938921925056,-2.10858511875065,"ACGCAGCCAATAACGA-1"
8.5384126329757,-0.260874866942487,"ACGCAGCCACTTGGAT-1"
2.75373131278527,0.983659744759478,"ACGCAGCCAGTAACGG-1"
10.1342778826095,0.785179079075732,"ACGCAGCCAGTGGGAT-1"
-0.16225170847404,11.3433654313287,"ACGCAGCCATGCTAGT-1"
-3.68435948845375,3.68512845089046,"ACGCAGCGTAGCAAAT-1"
-4.84311812874305,-2.17124175975712,"ACGCAGCGTAGCCTAT-1"
-4.11485236641395,-1.85689020107182,"ACGCAGCGTCATACTG-1"
-3.34410613533485,-3.86514067600163,"ACGCAGCGTCCGAACC-1"
-2.19227677341926,-3.06250762889775,"ACGCAGCGTCTCACCT-1"
9.40130859855187,0.0584647958478115,"ACGCAGCGTGCAACTT-1"
0.826709451708913,0.138706833620944,"ACGCAGCGTGTGCGTC-1"
11.2619004869796,0.317136563857474,"ACGCAGCTCTCGTATT-1"
-2.75866836067665,-1.75304746578129,"ACGCCAGAGACAAGCC-1"
-5.10784715172279,-2.09401583621892,"ACGCCAGAGACACGAC-1"
9.74474865439904,1.06494557907192,"ACGCCAGAGACGACGT-1"
0.98664874080193,-0.979731440047345,"ACGCCAGAGCCCAGCT-1"
1.64960819724572,-0.280623852709851,"ACGCCAGAGCCCTAAT-1"
3.53733879569542,-4.47388672778996,"ACGCCAGAGCGCCTCA-1"
2.40198165420067,0.27793745746223,"ACGCCAGAGCTGCCCA-1"
7.86417347434533,1.52468633701412,"ACGCCAGAGTGCTGCC-1"
8.64048725608361,-0.621443747977338,"ACGCCAGCAACACCTA-1"
-2.532494244542,-1.55895972202214,"ACGCCAGCAAGCCCAC-1"
-0.844055456485629,-3.25909280727299,"ACGCCAGCACACAGAG-1"
3.80968147758019,-4.66121315906437,"ACGCCAGCACCTATCC-1"
-1.64742398020256,-3.95150160739811,"ACGCCAGCAGTCCTTC-1"
-5.51223271843422,0.565545261403003,"ACGCCAGCAGTTTACG-1"
-3.65599006172645,-0.442531823615155,"ACGCCAGCATCACGAT-1"
-2.73786526676643,2.72949338008968,"ACGCCAGGTAAGTTCC-1"
-0.104772326912761,2.20035493423549,"ACGCCAGGTCGCGTGT-1"
0.00539970639717546,-1.55647337386998,"ACGCCAGGTCTGATTG-1"
1.10578996184838,-2.25789833019169,"ACGCCAGGTGTGAAAT-1"
-1.0202540935986,10.6884830002984,"ACGCCAGTCAGAGGTG-1"
9.75677067283165,-0.750159263114057,"ACGCCAGTCCAGGGCT-1"
11.109292569194,-0.349553763369642,"ACGCCAGTCTCGTATT-1"
-1.88576340433586,-2.59350132892521,"ACGCCAGTCTGCTGTC-1"
-1.37377723809707,2.47205638935176,"ACGCCAGTCTTGCAAG-1"
11.08262402061,1.06770592977611,"ACGCCGAAGAAGGTTT-1"
-1.07298832144964,9.84763789226619,"ACGCCGAAGAATCTCC-1"
0.350717368159413,-2.96701025913151,"ACGCCGAAGATACACA-1"
-2.67505174633491,-2.68695616672429,"ACGCCGAAGCAGACTG-1"
-3.88233488556373,-0.40773796985539,"ACGCCGAAGCCACTAT-1"
-1.27773460504043,-2.36156988094243,"ACGCCGAAGTAACCCT-1"
-3.34900229927528,-1.60147833774479,"ACGCCGAAGTCTCAAC-1"
-3.18972295280921,-2.04361057231816,"ACGCCGACAAGTTAAG-1"
-3.21656483170021,1.47058796932308,"ACGCCGACAATCCGAT-1"
-1.50859337803352,0.770782858630099,"ACGCCGACAGACGTAG-1"
11.1540694856979,1.24011278202144,"ACGCCGACAGTGACAG-1"
1.3489947939254,0.0905347173413418,"ACGCCGACAGTTTACG-1"
11.0112310076095,-0.66567766616734,"ACGCCGACATCTCCCA-1"
11.0583835268356,-0.567895888785444,"ACGCCGACATTAACCG-1"
8.72187191489708,-0.588385283450208,"ACGCCGAGTAGCGCAA-1"
2.43050939086449,0.994856358071246,"ACGCCGAGTCAGTGGA-1"
-1.62044852730262,-2.8612735266486,"ACGCCGAGTCGGCTCA-1"
-4.5726656293534,-1.20069372604283,"ACGCCGAGTGGAAAGA-1"
-1.39576652404296,-2.79183530757817,"ACGCCGAGTGGCTCCA-1"
-2.69854908939827,0.710364670058169,"ACGCCGAGTTATCCGA-1"
-3.25583141800392,3.58352255870906,"ACGCCGAGTTCTGAAC-1"
-5.31895822044838,-3.11453270862492,"ACGCCGATCAGGCGAA-1"
-4.29201215263832,-0.650775193671308,"ACGCCGATCATTTGGG-1"
10.3810239458419,0.973987818261065,"ACGCCGATCCGAAGAG-1"
1.35170084479821,1.69088387538997,"ACGCCGATCCGTCATC-1"
-4.27789109703529,-1.00156080673131,"ACGGAGAAGAAACGAG-1"
-5.80903047081459,0.0327700977524898,"ACGGAGAAGCAGGTCA-1"
-1.42144146319854,-0.938485741118512,"ACGGAGAAGCTCCTTC-1"
-0.00704246517646345,2.27929258396236,"ACGGAGAAGCTTCGCG-1"
-3.24281972404945,-0.76879012535008,"ACGGAGAAGGGAAACA-1"
1.20913821700585,-0.78573381851109,"ACGGAGAAGTCTCAAC-1"
-4.03439086433876,3.5130829816064,"ACGGAGAAGTGAATTG-1"
-1.41853239890564,-0.24447816560658,"ACGGAGACAAGCCCAC-1"
0.846028032336354,0.205748662849345,"ACGGAGACACATCCGG-1"
-4.32566112038124,-3.54552364299687,"ACGGAGACAGTGACAG-1"
-3.49349587913978,-2.44108962963017,"ACGGAGACAGTGGAGT-1"
-0.345879492726207,-2.29148721645268,"ACGGAGACATCAGTCA-1"
-0.608760652508617,-2.87808799693974,"ACGGAGACATCCTAGA-1"
-1.90291601177681,1.85614454795925,"ACGGAGACATTCCTCG-1"
1.01103812697899,1.11610484172908,"ACGGAGACATTTGCTT-1"
-5.2151240682267,1.10298794557659,"ACGGAGAGTAATTGGA-1"
-0.939241991754651,10.0932033066949,"ACGGAGAGTACAGTTC-1"
10.5431762361861,-2.05097842166813,"ACGGAGAGTAGTACCT-1"
-5.2696837758683,0.877555400629916,"ACGGAGAGTCATGCAT-1"
-0.311241862740398,11.0011336808404,"ACGGAGAGTCCGACGT-1"
0.0491915369368788,-0.812713384131513,"ACGGAGAGTGCACTTA-1"
-2.53453594204414,3.9186120038232,"ACGGAGAGTTCCACTC-1"
10.5519233370162,-0.169018327693067,"ACGGAGATCAACACAC-1"
-1.42837169524658,0.146598011752047,"ACGGAGATCAAGAAGT-1"
-4.65146225449073,-1.76800894687565,"ACGGAGATCACAGTAC-1"
-3.36872881409156,2.06786811401454,"ACGGAGATCACTATTC-1"
-1.35842537638176,-4.0143234724799,"ACGGAGATCAGGCGAA-1"
0.741599621806264,0.336854137977042,"ACGGAGATCCCACTTG-1"
-5.20896476265419,1.88028407146541,"ACGGAGATCGCCATAA-1"
-0.215961751904369,-1.53708040664586,"ACGGAGATCGCCGTGA-1"
-2.57611721512306,-2.73683762500676,"ACGGAGATCGTCTGAA-1"
-3.73047846313942,0.668673337002673,"ACGGAGATCGTTACAG-1"
-5.53889697548378,2.02225410987941,"ACGGAGATCGTTACGA-1"
-0.184269187416911,1.58015918781368,"ACGGAGATCGTTGCCT-1"
-2.21914964672554,3.05849456836788,"ACGGAGATCTCCGGTT-1"
-3.66992515083778,3.04764127781002,"ACGGAGATCTCTTATG-1"
-2.48911696430671,-0.450819074610791,"ACGGAGATCTGATACG-1"
-0.599039105143428,-3.20213413188847,"ACGGAGATCTGGTGTA-1"
-2.38765936848152,-1.4257974619666,"ACGGCCAAGAAGGCCT-1"
0.0630524778701064,11.5579183106622,"ACGGCCAAGAGAGCTC-1"
-1.24668973442543,1.06580096532909,"ACGGCCAAGGTGGGTT-1"
-0.743563023772121,0.159554809828677,"ACGGCCAAGTGTCCCG-1"
0.870207967791676,-0.30990260789784,"ACGGCCACAACACGCC-1"
-3.10286658760536,-1.86164784381779,"ACGGCCACAATGGAAT-1"
-1.58784377333152,4.03546357204524,"ACGGCCACAATGTAAG-1"
-2.1875806426667,-4.04929852435978,"ACGGCCACACCCAGTG-1"
0.909533205065846,1.05922430803386,"ACGGCCACACTATCTT-1"
-1.62456434723365,-2.46932315776738,"ACGGCCACACTTCGAA-1"
-2.30405229088295,-3.00626635501774,"ACGGCCACATACGCCG-1"
10.9888101244308,-0.717813252905927,"ACGGCCACATTCCTGC-1"
0.480593624148488,-2.13719749401005,"ACGGCCAGTACCGAGA-1"
-3.50369637962806,0.184508383770861,"ACGGCCAGTAGCACGA-1"
-2.45304411407936,-0.0703274602690556,"ACGGCCAGTCCAGTTA-1"
-3.12851017471778,-2.85211873004826,"ACGGCCAGTCTCTTTA-1"
0.140532197985768,11.8743674760064,"ACGGCCAGTGAAATCA-1"
0.762696566615224,1.40336108257381,"ACGGCCAGTGCACGAA-1"
1.97322803977501,-0.0487337107458927,"ACGGCCAGTGGCGAAT-1"
-2.75947898384559,-1.88401389072331,"ACGGCCAGTTACGCGC-1"
-2.89134496208656,2.88022899677364,"ACGGCCAGTTGATTCG-1"
-3.21687310692298,-4.46715950916203,"ACGGCCATCAACGGGA-1"
10.7611804628707,0.69251108219234,"ACGGCCATCCAAACAC-1"
-1.41420262810218,2.7209162717065,"ACGGCCATCCTAGTGA-1"
-1.17521784957874,-1.75247907588871,"ACGGCCATCGGTGTTA-1"
-0.113537964787364,2.79487156917659,"ACGGCCATCGTCTGCT-1"
-3.08022707458961,-3.7822849745551,"ACGGCCATCTGAGGGA-1"
-3.01741784569252,3.23373723079769,"ACGGCCATCTGTCTAT-1"
-5.82355493065345,1.74624025871364,"ACGGCCATCTTAGAGC-1"
0.0242733383513686,-2.10885477016362,"ACGGCCATCTTTAGGG-1"
9.73796516898644,-0.470126091937146,"ACGGGCTAGCGTCTAT-1"
-2.29779916759956,-3.7099554533759,"ACGGGCTAGGCAATTA-1"
-4.3721064901017,-1.44124090621861,"ACGGGCTAGGGTCGAT-1"
-5.02079099174964,-2.86979651401433,"ACGGGCTAGGTGTGGT-1"
-0.444348392453075,11.6080958848199,"ACGGGCTAGTGAAGTT-1"
-0.590963063206554,0.740186691780963,"ACGGGCTAGTGCGATG-1"
-0.67254942413795,-2.55653667400273,"ACGGGCTAGTGTTTGC-1"
-2.66230958458412,4.19160509159175,"ACGGGCTAGTTACGGG-1"
-3.30240338798988,3.90817904522029,"ACGGGCTCAAGGACTG-1"
-2.64507263657081,1.01279807140438,"ACGGGCTCACCATGTA-1"
-3.43396776672828,-1.19883048484715,"ACGGGCTCACGAGGTA-1"
-3.93879931923378,-1.19598913143071,"ACGGGCTCAGCCTGTG-1"
-5.15379422661293,-3.24295186946782,"ACGGGCTCAGCGATCC-1"
-2.84520977493751,4.59273743679134,"ACGGGCTCAGGATTGG-1"
-1.56469595190513,-3.70385003040226,"ACGGGCTCATATGGTC-1"
-1.51109724995124,0.598000661035456,"ACGGGCTCATCGGAAG-1"
-0.591092792715907,0.876926154395022,"ACGGGCTCATGCCTAA-1"
1.19642001632225,0.704772472878375,"ACGGGCTGTACATGTC-1"
-3.81280678268898,-4.03922486255559,"ACGGGCTGTAGCTGCC-1"
-2.1460139131211,3.89248943378536,"ACGGGCTGTATCAGTC-1"
-5.24030536171424,-0.852655648688398,"ACGGGCTGTCAAGCGA-1"
-2.32228523251045,-4.2430250639716,"ACGGGCTGTCGAACAG-1"
-3.41210406776893,1.22755175878612,"ACGGGCTGTCTAGTCA-1"
-4.22487467285621,-2.98422646472844,"ACGGGCTGTTTGTTTC-1"
-2.20960551258552,-3.24754381130131,"ACGGGCTTCAGCTTAG-1"
2.10789090636742,1.24320274641124,"ACGGGCTTCCTATTCA-1"
-1.30070581790435,-3.32236742923649,"ACGGGCTTCGCCATAA-1"
-1.00406929701942,-1.01504504630955,"ACGGGCTTCTGAAAGA-1"
-3.00713604446876,-1.69646239231022,"ACGGGTCAGAGAGCTC-1"
1.71876508239281,1.52347815086452,"ACGGGTCAGAGTACAT-1"
-4.02373641487587,-0.784623741606794,"ACGGGTCAGATAGGAG-1"
-1.77489715572822,2.77377080967037,"ACGGGTCAGATGGGTC-1"
-3.00832527634132,-4.54703211734684,"ACGGGTCAGCTGCGAA-1"
-3.28951400276649,1.32636869003383,"ACGGGTCAGGCATTGG-1"
-2.60612684246528,3.35549664547054,"ACGGGTCAGTGGGATC-1"
-3.33141630646217,2.79531550457088,"ACGGGTCAGTGGTAAT-1"
2.33780366424096,1.72520995189754,"ACGGGTCAGTGTACGG-1"
-1.41173860188949,2.69231462528316,"ACGGGTCCAATGGTCT-1"
-0.92308413740623,-3.00053787181767,"ACGGGTCCAGTACACT-1"
0.260469498667836,0.990449071427264,"ACGGGTCCAGTCGATT-1"
-0.674845216240764,10.2685830598077,"ACGGGTCCATCATCCC-1"
9.96444279197228,1.67508959819881,"ACGGGTCCATTACCTT-1"
-3.16751831528175,1.11998295833675,"ACGGGTCCATTGCGGC-1"
9.21309334281456,0.952274561425128,"ACGGGTCGTACCATCA-1"
-5.03811734673011,0.351399627079644,"ACGGGTCGTCTAAAGA-1"
-3.19527023788917,-4.20828032443913,"ACGGGTCGTCTGCGGT-1"
-3.84828966614234,-2.67670154521855,"ACGGGTCGTGGACGAT-1"
-4.02107304092872,-1.13633000800999,"ACGGGTCGTTGGGACA-1"
2.3892803812362,1.00651878168193,"ACGGGTCTCAAAGTAG-1"
1.44496470931542,2.54315757801143,"ACGGGTCTCAATCTCT-1"
9.45616394523156,2.37351286460964,"ACGGGTCTCCGAAGAG-1"
-2.98804503437507,-1.20479786346348,"ACGGGTCTCCTGTAGA-1"
-3.90454810616004,0.199043319126048,"ACGGGTCTCGCCGTGA-1"
1.99752742293847,1.06472039272396,"ACGGGTCTCTCCCTGA-1"
9.11036163810265,0.761724412938037,"ACGTCAAAGAAAGTGG-1"
-3.54529732223976,1.13027685930339,"ACGTCAAAGACCACGA-1"
-5.72436517235267,1.86380839397518,"ACGTCAAAGACTTGAA-1"
10.2280078554488,0.375021752466836,"ACGTCAAAGAGTCTGG-1"
-2.27391928192604,1.36869394828884,"ACGTCAAAGATGGGTC-1"
-5.08826917168129,2.04774379779903,"ACGTCAAAGCAAATCA-1"
-5.55176108833778,0.354639400293507,"ACGTCAAAGCTAAACA-1"
-1.0721279284023,-3.74081587741765,"ACGTCAAAGCTGTTCA-1"
1.12023145202172,0.0686833565434597,"ACGTCAAAGTCCGGTC-1"
-2.59198909756172,-1.67946124027165,"ACGTCAACAATGTAAG-1"
1.2897132063247,0.504996017118373,"ACGTCAACACCGAAAG-1"
-3.54871529098976,-2.36424684474858,"ACGTCAACAGGATTGG-1"
-4.03532212730873,-1.52813959072026,"ACGTCAACAGTTAACC-1"
0.214137020144581,-1.50714087436589,"ACGTCAACATGTAGTC-1"
-4.0668348645829,2.3961738352975,"ACGTCAACATTAACCG-1"
10.365712704692,-1.07120132396611,"ACGTCAAGTACCGGCT-1"
-1.04753782358396,-1.94739007900151,"ACGTCAAGTCCGAAGA-1"
-3.02220123764503,-1.49948060462864,"ACGTCAAGTCGCGAAA-1"
-2.29247039314735,-2.13700509021672,"ACGTCAAGTCTTGCGG-1"
1.95795375350487,-0.595368861655317,"ACGTCAAGTTCCCTTG-1"
-2.17433565613258,2.89601063778011,"ACGTCAAGTTCGCTAA-1"
0.713993253741383,-1.75771617839726,"ACGTCAAGTTGGTAAA-1"
9.56804901603234,0.59302003731338,"ACGTCAATCACCGGGT-1"
-3.20070594307411,-0.821281551817975,"ACGTCAATCACTGGGC-1"
1.17228180411828,2.21280813266841,"ACGTCAATCCAGGGCT-1"
-2.28233438488472,-3.88301062534245,"ACGTCAATCCTGCTTG-1"
10.8883147859908,-0.309627532462201,"ACGTCAATCGAGAACG-1"
-2.29411333557594,-0.265287756423078,"ACGTCAATCGAGGTAG-1"
-2.80304187294471,-3.27328133533391,"ACGTCAATCGCTTGTC-1"
-3.95485847946632,-2.52799367854985,"ACGTCAATCGGAGGTA-1"
-3.13493531700599,-1.34836816738041,"ACGTCAATCGGCATCG-1"
-5.50036376472938,2.01057803680507,"ACGTCAATCTTATCTG-1"
1.15041333678734,0.0920043294629238,"ACTATCTAGACAAAGG-1"
9.92608028892052,-1.19608569095524,"ACTATCTAGACAGACC-1"
2.2853871012069,0.126911879082598,"ACTATCTAGACAGAGA-1"
10.4769139910079,-2.10241961429509,"ACTATCTAGCCGGTAA-1"
10.272598805461,-1.31468939731511,"ACTATCTAGTGGGATC-1"
-1.36236539241302,1.74678444912044,"ACTATCTCAAGGGTCA-1"
-1.40225177761543,2.37922692348567,"ACTATCTCACACGCTG-1"
-0.653925863470912,10.4182860856256,"ACTATCTCACAGGCCT-1"
8.55690533164513,-0.55951243589314,"ACTATCTCACCTCGTT-1"
-4.01160615440834,-1.6931622023383,"ACTATCTCACGACGAA-1"
3.90528732779992,-4.69546627948674,"ACTATCTCAGCCAGAA-1"
1.05552107337487,-2.21961307475956,"ACTATCTCAGTGGAGT-1"
-0.858154503073573,11.3449122910699,"ACTATCTGTACAGACG-1"
-5.65005773064125,-2.5762016768256,"ACTATCTGTATAGGGC-1"
-4.80847066399086,-1.26204502532872,"ACTATCTGTCGCGGTT-1"
-2.42267578598487,1.19218516399471,"ACTATCTGTCGTTGTA-1"
8.03001457694542,1.56476295044033,"ACTATCTGTGTGACGA-1"
-2.79400163647163,3.97934103061763,"ACTATCTGTTGTCGCG-1"
9.76210075858605,-0.0493620331087925,"ACTATCTGTTTGACAC-1"
8.78013950828087,4.0015091901025,"ACTATCTTCCAAACTG-1"
0.505695285830617,0.363693580528178,"ACTATCTTCCATGAAC-1"
-5.47335237022865,-2.31981730411442,"ACTATCTTCTACCAGA-1"
-0.224281010594249,-1.86289882610234,"ACTGAACAGATGCCAG-1"
-5.57787507530677,1.27972859193889,"ACTGAACAGATGTGGC-1"
11.641106190715,1.70221376468746,"ACTGAACAGCCGATTT-1"
2.1905909204818,0.448630188157239,"ACTGAACAGCCGCCTA-1"
9.09908253196251,0.346023254593291,"ACTGAACAGGACAGCT-1"
10.4516902590133,0.72353541900722,"ACTGAACAGGCGTACA-1"
10.3377109194137,2.17605507423488,"ACTGAACAGGGCTCTC-1"
-2.6816185092591,4.55109095623104,"ACTGAACAGGGTATCG-1"
-2.24168020245063,-4.01312136600407,"ACTGAACAGGTGATAT-1"
-1.35155048724639,-0.00178402612598916,"ACTGAACAGTCACGCC-1"
-1.01059581842649,1.79759383251277,"ACTGAACAGTGAACAT-1"
-4.88181322571266,-3.38160037944706,"ACTGAACAGTGAAGAG-1"
0.168380799327016,-0.396625935534558,"ACTGAACAGTGCAAGC-1"
-1.58190387245643,-3.15984296749028,"ACTGAACAGTGGGATC-1"
-2.98570245262611,-3.99837756107243,"ACTGAACAGTTACCCA-1"
-1.15733390804756,-1.59144854495915,"ACTGAACCAAGAGTCG-1"
-3.79011028763282,-1.61331605861577,"ACTGAACCACAGGTTT-1"
-0.91369446125257,-0.0409836764136173,"ACTGAACCAGTCGATT-1"
-3.35960286613929,-3.99517130802067,"ACTGAACCAGTGACAG-1"
-2.96755498405921,-0.479778348902784,"ACTGAACCATGACATC-1"
10.2465205812789,-1.30968701789769,"ACTGAACCATTACGAC-1"
8.02206284049523,1.59475648452846,"ACTGAACGTACCGAGA-1"
-1.98568510767448,1.81564009239284,"ACTGAACGTACTTAGC-1"
-4.1805016374253,-0.391337632636152,"ACTGAACGTGAGGCTA-1"
1.69948894027245,1.46861302902309,"ACTGAACGTGGTACAG-1"
-6.00063460823524,0.0715658967694424,"ACTGAACGTTATCCGA-1"
-1.33612113949287,-0.400445937613569,"ACTGAACGTTTAGCTG-1"
-0.647076365914226,-0.603840350607953,"ACTGAACTCATCGGAT-1"
8.92519241813195,-0.338029145697675,"ACTGAACTCGTACCGG-1"
-2.52213984486091,-1.41613030383976,"ACTGAACTCTCTTGAT-1"
0.181181254420399,-2.23703312824162,"ACTGAACTCTGATTCT-1"
-3.04650896545875,-2.81103253314885,"ACTGAGTAGACAGAGA-1"
-2.12468963619697,-0.443312882880292,"ACTGAGTAGACATAAC-1"
-4.66991418358314,1.30640548517314,"ACTGAGTAGACTAGAT-1"
-5.38887637611854,1.72607433845607,"ACTGAGTAGATAGTCA-1"
-4.81326550003517,-1.42338824222477,"ACTGAGTAGCTTATCG-1"
-3.45725077148902,3.22660660793392,"ACTGAGTAGGATTCGG-1"
-1.15907154735553,-1.68522930095585,"ACTGAGTAGGGAGTAA-1"
-1.86607831474769,3.05108833362667,"ACTGAGTAGGGCATGT-1"
3.97991329673302,-4.62415814350041,"ACTGAGTAGGGTATCG-1"
-1.49255096670616,2.36325001766292,"ACTGAGTAGTGAAGTT-1"
10.4535241747237,1.43197655727474,"ACTGAGTAGTGCAAGC-1"
10.5749297762252,0.247415677209773,"ACTGAGTCAAACAACA-1"
-0.82074190434444,1.1980714206895,"ACTGAGTCAACGATCT-1"
-3.45177739616859,-2.47981548259648,"ACTGAGTCACAACTGT-1"
-2.07428735252845,-3.75835394809636,"ACTGAGTCACCCTATC-1"
-1.61209314819801,2.77124905635921,"ACTGAGTCACTGTCGG-1"
-1.48866191264617,4.2873327737054,"ACTGAGTCAGCTGTGC-1"
-1.62883829828727,3.55473280002681,"ACTGAGTCAGGGATTG-1"
2.1802001619674,0.331564441820063,"ACTGAGTCAGTGGGAT-1"
0.175310077700734,-1.55224323223027,"ACTGAGTCATTATCTC-1"
3.56962210181725,-4.56351494739445,"ACTGAGTGTATAGGGC-1"
0.507813158068776,-1.27707278678807,"ACTGAGTGTCCAACTA-1"
-3.47420257088172,2.82568526317684,"ACTGAGTGTCCAGTAT-1"
1.4524591589309,0.421951155675032,"ACTGAGTGTGCGATAG-1"
-1.0848666330837,-1.5398031468192,"ACTGAGTGTGCTTCTC-1"
-2.3981998538636,-4.44125056217106,"ACTGAGTGTGTGTGCC-1"
11.1170058870651,-0.726537346343122,"ACTGAGTGTTAGATGA-1"
-1.37090292331207,0.477916904290595,"ACTGAGTGTTGGTTTG-1"
-2.29078155514228,1.72023904373256,"ACTGAGTGTTTACTCT-1"
0.265258612666249,11.9619128709039,"ACTGAGTTCCACGCAG-1"
0.173544349703908,-1.86725830982121,"ACTGAGTTCCGATATG-1"
-5.43397420402992,1.8387403493127,"ACTGAGTTCGCCCTTA-1"
-3.1762565946244,-3.31558752010258,"ACTGAGTTCGCGTTTC-1"
0.922012271914601,0.0151897375783108,"ACTGAGTTCGTGGTCG-1"
-2.20849197861183,2.46973681499568,"ACTGAGTTCTAACCGA-1"
-3.4597792005204,-2.52122950504216,"ACTGAGTTCTAGAGTC-1"
9.47555786612999,-0.311847567061506,"ACTGAGTTCTTTAGGG-1"
9.5456843996383,0.981545985241809,"ACTGATGAGAAACGCC-1"
9.5214276934005,0.589867249627986,"ACTGATGAGAAGGACA-1"
-1.41726094242561,-2.49001908252629,"ACTGATGAGCCCAACC-1"
-4.37516659256446,-1.42194545219334,"ACTGATGAGCCTATGT-1"
-0.144917128052593,2.26605725338069,"ACTGATGAGCTCCCAG-1"
-3.09675496574867,-3.59291958759221,"ACTGATGAGCTGTTCA-1"
1.45670801642907,0.39536651925502,"ACTGATGAGGATGGTC-1"
9.8048921251632,0.462454423805156,"ACTGATGAGGGAAACA-1"
0.462901773486256,-1.80419325778874,"ACTGATGAGGGTCTCC-1"
-0.597466794218898,1.45500111629573,"ACTGATGCAAAGAATC-1"
-1.57248496767509,-3.62678742359074,"ACTGATGCAATACGCT-1"
1.39793569091332,-1.46629226158055,"ACTGATGCACCGTTGG-1"
3.87676197532189,-4.67913365314396,"ACTGATGCAGCAGTTT-1"
-1.90859472509849,-2.68737411449345,"ACTGATGCAGTAACGG-1"
0.992374720606923,-1.97582507083806,"ACTGATGCAGTGGGAT-1"
8.85768372062218,0.737080693741717,"ACTGATGCATGTAGTC-1"
-4.94794696327674,-1.97323965976628,"ACTGATGGTAAGTTCC-1"
-4.49879187103736,-2.89919590900334,"ACTGATGGTACCAGTT-1"
9.80931717399132,2.22056448509304,"ACTGATGGTCCGTGAC-1"
10.4575963640548,-0.021280675629697,"ACTGATGGTCGCATAT-1"
-4.99565595146644,1.23245406200496,"ACTGATGGTGACTACT-1"
-4.62643664833534,-2.8751850123206,"ACTGATGGTGATAAGT-1"
-0.542250213589549,-2.45999789188298,"ACTGATGGTTCGTGAT-1"
-0.714004663195491,10.1827676301202,"ACTGATGGTTGCCTCT-1"
-2.95834702011573,-2.77004742572697,"ACTGATGTCAGAAATG-1"
-3.58576577660072,3.53118515064327,"ACTGATGTCAGCATGT-1"
0.0296945000029799,-1.35495686481389,"ACTGATGTCAGCGACC-1"
-0.433249709572673,1.87470698406307,"ACTGATGTCATCTGCC-1"
1.9444435263015,1.65834283878414,"ACTGATGTCATTTGGG-1"
-2.54165655132759,4.53988862087337,"ACTGATGTCCCGGATG-1"
-3.49625557419288,0.587386414905467,"ACTGATGTCCTTGCCA-1"
10.6458011293746,0.539594725271144,"ACTGATGTCGCGTTTC-1"
-3.17751234528053,-0.178205608824811,"ACTGATGTCTCCTATA-1"
-0.678810564246059,-2.49974298427495,"ACTGCTCAGAGTGAGA-1"
1.0912109041549,2.26087176849452,"ACTGCTCAGCACGCCT-1"
1.0099919462539,2.02516126682369,"ACTGCTCAGCAGGCTA-1"
7.82067352775109,1.24206376125423,"ACTGCTCAGCCGATTT-1"
-1.71509605404365,-1.3047264809409,"ACTGCTCAGCGTCAAG-1"
-2.22896939274299,0.599849060674586,"ACTGCTCAGGCAAAGA-1"
-1.78488826509941,0.701509446402468,"ACTGCTCAGGGAGTAA-1"
-3.33162730690467,-1.55245268295201,"ACTGCTCAGGGTATCG-1"
1.70793229583275,1.45433092166988,"ACTGCTCAGTCGAGTG-1"
1.3072262430526,-1.12470042655858,"ACTGCTCAGTGACATA-1"
1.61226588729393,0.755992532273211,"ACTGCTCAGTGTACTC-1"
8.5716157579757,-0.888784169653974,"ACTGCTCCAAGCCTAT-1"
-4.97737735268104,-2.06353259036931,"ACTGCTCCAAGCGCTC-1"
-5.52805274483192,-1.36831903407963,"ACTGCTCCAAGCTGGA-1"
-1.31759240981567,-1.09744596431645,"ACTGCTCCAAGGACAC-1"
10.9625526094772,0.613378912707248,"ACTGCTCCAATGGAGC-1"
8.40719658378136,1.4099472766122,"ACTGCTCCACAAGACG-1"
-0.558872011866451,-0.762853264311872,"ACTGCTCCAGCATGAG-1"
-1.98944210764396,-3.2032301420966,"ACTGCTCCAGGCTCAC-1"
-4.27534478661048,-0.695847987631879,"ACTGCTCCAGGCTGAA-1"
-0.428595063652873,-0.853683709601484,"ACTGCTCCAGTATCTG-1"
-5.23929971214759,0.151806384821811,"ACTGCTCCAGTCACTA-1"
-2.04334193226326,-0.723704337576947,"ACTGCTCCAGTCGATT-1"
-1.08751241621006,10.7457740311822,"ACTGCTCGTAAACCTC-1"
-5.08628982063758,1.55794501354305,"ACTGCTCGTAATCACC-1"
11.3141122484542,0.162534699340739,"ACTGCTCGTACCCAAT-1"
-2.00662272926796,3.67560815860836,"ACTGCTCGTACGAAAT-1"
-3.18415397163856,1.4178179507455,"ACTGCTCGTCAAGCGA-1"
0.0131558800078627,-2.19273257205876,"ACTGCTCGTCGGGTCT-1"
-1.47648650166023,-3.32739472339543,"ACTGCTCGTGTGAATA-1"
3.59145790580285,-4.53799223850163,"ACTGCTCGTTAAAGTG-1"
-2.12710135933387,2.84482717563716,"ACTGCTCTCAGTTAGC-1"
-0.721955863203883,1.45685839702693,"ACTGCTCTCCAAAGTC-1"
-2.81685811039436,-2.79490971515568,"ACTGCTCTCCCAGGTG-1"
-1.84130233284462,3.89398551036922,"ACTGCTCTCGATCCCT-1"
10.9308734560348,-0.304357468585096,"ACTGCTCTCGCTTAGA-1"
0.750061454806447,-2.04574584911259,"ACTGCTCTCTCTGAGA-1"
-3.57504719254005,-0.728753327826581,"ACTGCTCTCTGCCAGG-1"
-2.42332488056648,4.11656451274959,"ACTGCTCTCTTTACAC-1"
0.127040090594411,-0.65992450664433,"ACTGTCCAGAGCCTAG-1"
8.33988720420373,0.0618920629223965,"ACTGTCCAGGTAGCTG-1"
-5.70996564384925,0.402442872089722,"ACTGTCCAGGTCGGAT-1"
-0.41333585735786,1.97428190757839,"ACTGTCCCAAGGACAC-1"
-2.4438381766938,-3.58381199787053,"ACTGTCCCACTATCTT-1"
2.0079200888015,-0.318718850115857,"ACTGTCCCACTTACGA-1"
-3.02062910553443,-0.765758037070356,"ACTGTCCCAGGACGTA-1"
-0.381605503525615,0.481935278077998,"ACTGTCCGTCTTTCAT-1"
-1.60818743463981,2.21584343959896,"ACTGTCCGTTGCGTTA-1"
1.20227557662499,0.401406816237994,"ACTGTCCGTTTGGCGC-1"
-4.24776452538002,1.32552915861217,"ACTGTCCTCAAGGCTT-1"
1.68627840522301,0.363770545025744,"ACTGTCCTCAATAAGG-1"
-3.4682475900315,-3.37016344020756,"ACTGTCCTCCGCAGTG-1"
2.04439431670678,1.53828871299831,"ACTGTCCTCCTGCTTG-1"
-2.09614294525611,-2.2010431284705,"ACTGTCCTCCTTTCGG-1"
-3.13995045181739,-4.1271975035468,"ACTGTCCTCGTTACAG-1"
10.6902099275924,1.22580158760158,"ACTGTCCTCTCACATT-1"
-4.281508622136,-3.05763149211796,"ACTTACTAGAATCTCC-1"
10.1126704836227,-0.134150862197004,"ACTTACTAGATGGGTC-1"
-3.41891711708534,3.99293160488216,"ACTTACTAGCTGCAAG-1"
-3.31992381569374,4.62918639232723,"ACTTACTAGGCTCAGA-1"
1.53250032905114,1.57403338005153,"ACTTACTAGTACGATA-1"
2.54864150527489,1.41623377849666,"ACTTACTAGTCCATAC-1"
-2.1622561788224,0.696569592257418,"ACTTACTCAAGACACG-1"
2.31743127349389,1.11502254058925,"ACTTACTCAGTCGATT-1"
-5.57004731651771,-2.46963572452458,"ACTTACTGTACCAGTT-1"
9.07870728019249,-0.119878172377668,"ACTTACTGTATGGTTC-1"
-3.40642326828468,-4.4496843809882,"ACTTACTGTCCAAGTT-1"
-2.89659899231422,1.37662422706691,"ACTTACTGTCCATCCT-1"
-3.00295132156837,3.02541995098201,"ACTTACTGTCGCATAT-1"
-3.73619240280616,-3.31126785228642,"ACTTACTGTCGTGGCT-1"
-4.7426788186692,-3.69788432071599,"ACTTACTGTCTGCGGT-1"
1.44468289855492,-1.55315709064396,"ACTTACTTCAACACAC-1"
-1.77635437008369,-2.61860632846745,"ACTTACTTCAACGCTA-1"
0.467616739306569,-0.854407071570478,"ACTTACTTCAGTCCCT-1"
3.59604889396203,-4.53505396793278,"ACTTACTTCCGTAGTA-1"
0.310659947428822,-2.15168547580632,"ACTTACTTCGCCCTTA-1"
-3.2665669297837,-3.5025465483466,"ACTTACTTCTGGTATG-1"
-0.458166954483867,0.101894796391406,"ACTTACTTCTTTCCTC-1"
1.23449617866051,0.5376448040208,"ACTTGTTAGAGTTGGC-1"
1.41745263579857,-0.377737164000592,"ACTTGTTAGATATGGT-1"
-1.32635459062088,-1.41917455146702,"ACTTGTTAGCACAGGT-1"
1.86637550834191,-0.747802137831769,"ACTTGTTAGCGTAATA-1"
-0.805300143923641,9.90247988750545,"ACTTGTTAGGCTAGCA-1"
9.28373486045373,3.18979740192501,"ACTTGTTAGGGTTTCT-1"
8.70235973838341,-0.932058810690961,"ACTTGTTAGTACGCCC-1"
-2.32054060455787,3.12308836032955,"ACTTGTTAGTGTGGCA-1"
1.2559898519851,0.678160012265124,"ACTTGTTCAAGGCTCC-1"
-1.9944322681092,0.145034313698687,"ACTTGTTCAATCGGTT-1"
10.6490111971236,0.878393948574939,"ACTTGTTCACCGTTGG-1"
-3.69251793381202,-1.92285227725895,"ACTTGTTCACGAAGCA-1"
-3.90603416916358,0.8636926119527,"ACTTGTTCAGTCGATT-1"
-1.59388339277732,4.19541597416011,"ACTTGTTCAGTCTTCC-1"
-2.87124067303169,3.96827459385005,"ACTTGTTCATCGATTG-1"
0.131881895098805,-1.06458306262883,"ACTTGTTCATGCCTTC-1"
-1.11139381435144,-1.08953916976841,"ACTTGTTGTCTGCAAT-1"
-1.44533189889419,-0.281247972945295,"ACTTGTTGTTCGCGAC-1"
-2.72373217102516,0.818803519507327,"ACTTGTTTCAACACAC-1"
-1.44073778149116,-4.01371693561467,"ACTTGTTTCGGCTTGG-1"
-1.06391805168617,-0.846414207915387,"ACTTGTTTCGTGTAGT-1"
-1.046280702021,1.17288225938884,"ACTTGTTTCTTCTGGC-1"
-4.49701565262306,2.13292765667049,"ACTTTCAAGAAGCCCA-1"
-1.84736436363685,2.50306224872676,"ACTTTCAAGAAGGTTT-1"
-0.76909917351234,-2.16336154888066,"ACTTTCAAGATGTTAG-1"
-2.05289071556556,0.658968031903186,"ACTTTCAAGCCCAGCT-1"
8.93370205405724,3.76730394413082,"ACTTTCAAGGGATCTG-1"
9.81125122550499,-0.540494381884656,"ACTTTCAAGTCGTACT-1"
-3.050063309636,-4.20630145023259,"ACTTTCAAGTGACATA-1"
-1.52928226944435,2.41030597736446,"ACTTTCAAGTGGGATC-1"
8.30337959769738,-0.051291673878751,"ACTTTCACAAAGCAAT-1"
-5.20856946465004,0.719987065096774,"ACTTTCACAAGGACAC-1"
0.816072883639455,-2.059803246955,"ACTTTCACAAGTTCTG-1"
-4.71422976013649,-1.46383404682072,"ACTTTCACACAACGTT-1"
-2.60198610779274,4.16744041492549,"ACTTTCACAGACAGGT-1"
-1.17518770452964,0.732988685866275,"ACTTTCACAGCTCGAC-1"
8.35898357871544,-0.335239052275739,"ACTTTCACAGGGCATA-1"
1.21432024482262,2.09424340774623,"ACTTTCAGTCTCGTTC-1"
-4.79841536041725,0.955940366288104,"ACTTTCAGTGAGCGAT-1"
-0.785135877694965,-2.30037689159306,"ACTTTCAGTGCAGACA-1"
-3.13482492920387,-3.44265007923039,"ACTTTCAGTGTGACGA-1"
-2.13155096527565,-4.16310000369938,"ACTTTCATCAAACGGG-1"
-2.43957918640602,4.86779999782649,"ACTTTCATCAAGATCC-1"
-4.20735853668678,3.10056448032466,"ACTTTCATCAAGGCTT-1"
0.819731774363637,-1.40816271255406,"ACTTTCATCATGCTCC-1"
-2.38681500908363,4.80186009456722,"ACTTTCATCGCAAGCC-1"
1.42679649833214,0.66550371100513,"AGAATAGAGACTAGAT-1"
-3.61592072006691,2.75366210987178,"AGAATAGAGATGTGGC-1"
-4.38587420937049,1.47485184719173,"AGAATAGAGGCGCTCT-1"
-3.93746441360939,-1.8388183111945,"AGAATAGAGGTCATCT-1"
-4.67071121689308,-0.893685101965985,"AGAATAGAGTAATCCC-1"
-5.65140241142738,0.253965408106723,"AGAATAGAGTGAAGAG-1"
-4.29298919197548,-2.83330059001835,"AGAATAGCAAACTGCT-1"
-0.13790130373466,-2.99384236286076,"AGAATAGCAACACCCG-1"
-0.955272262360931,0.953293562432208,"AGAATAGCACCAGATT-1"
10.1779332781173,2.30994582225887,"AGAATAGCACCGCTAG-1"
-3.9924518441819,-3.67055392215642,"AGAATAGCAGGAATCG-1"
1.71355492118371,1.67043578674404,"AGAATAGCATCCGGGT-1"
0.137718024287343,-2.30921387622746,"AGAATAGCATCTATGG-1"
-2.70582860466468,1.85991907169429,"AGAATAGCATGGAATA-1"
-4.93439358231056,1.51002299835292,"AGAATAGCATTCGACA-1"
-2.60982125755775,-3.02789115856083,"AGAATAGGTAGAGCTG-1"
-2.32627457138526,0.121557504435458,"AGAATAGGTAGAGGAA-1"
-0.333728549446941,-1.54450547645482,"AGAATAGGTAGCTCCG-1"
-0.0873172258995775,0.380102027704396,"AGAATAGGTATAATGG-1"
-1.96920740362632,-3.02023553798588,"AGAATAGGTCAACATC-1"
-0.290049490895152,-1.51003456066044,"AGAATAGGTCTAGCGC-1"
-0.389288542237163,-1.34224367092045,"AGAATAGGTGACCAAG-1"
-3.64523666855323,3.66053080608455,"AGAATAGGTGCTCTTC-1"
1.53206783774865,1.58814573337642,"AGAATAGGTTCACCTC-1"
-1.42120215054977,-0.542405187586866,"AGAATAGGTTCATGGT-1"
-3.32630938049781,2.59888005306331,"AGAATAGTCAGAGACG-1"
1.44275409224999,2.37182998706905,"AGAATAGTCCATGAGT-1"
0.0723302984572646,-2.02745604465397,"AGAATAGTCCGAATGT-1"
-1.33883338924873,-0.489421188334546,"AGAATAGTCCGCATAA-1"
-2.62200659271705,-4.07352614353093,"AGAATAGTCCGTTGCT-1"
-1.52153670546043,2.79290342380611,"AGAATAGTCGCCGTGA-1"
8.30543667319787,1.15453636695949,"AGAATAGTCGGCTTGG-1"
-2.47076326366889,-0.304042756060682,"AGAATAGTCTAACCGA-1"
11.6853624010421,1.02332115223018,"AGAATAGTCTGTACGA-1"
-4.69526070114601,0.76230797221271,"AGACGTTAGAGATGAG-1"
-4.21243399139869,-0.664237856368146,"AGACGTTAGCACCGCT-1"
-4.2661117887162,-2.91072773883732,"AGACGTTAGGAACTGC-1"
3.85112148765099,-4.85552954624089,"AGACGTTAGGCCCTTG-1"
-2.1301938867234,0.641111732026019,"AGACGTTAGGTGATTA-1"
9.26962810996544,-0.445223450163923,"AGACGTTAGTAAGTAC-1"
-2.63498455044258,3.78738689472286,"AGACGTTAGTACACCT-1"
-3.3259295797013,3.48562622119991,"AGACGTTAGTGTACCT-1"
-3.67145508285987,-1.82780790279301,"AGACGTTAGTTGAGTA-1"
-2.48157506939399,0.682426989575305,"AGACGTTCAAAGAATC-1"
1.18619472030175,-1.82966780612858,"AGACGTTCAAGGTGTG-1"
1.65470558646691,-0.490043520430646,"AGACGTTCAATGTAAG-1"
-1.71301316973197,2.78495144893733,"AGACGTTCATGCCCGA-1"
3.85185963157189,-4.68156075427922,"AGACGTTCATTTCACT-1"
8.95293480399621,-0.365939974288068,"AGACGTTGTAGCGCAA-1"
-4.05392759796608,-4.18551468799504,"AGACGTTGTCTCTTTA-1"
9.86714130881798,1.31202524950115,"AGACGTTGTGGTGTAG-1"
10.3961606645919,0.441218149413743,"AGACGTTGTTAGAACA-1"
-5.31163018700111,-2.15362453411015,"AGACGTTGTTATCACG-1"
9.1557689333297,-0.0134961004057743,"AGACGTTGTTGATTGC-1"
-0.241825458969951,0.594581023355403,"AGACGTTTCCTATTCA-1"
-2.57731932159889,-2.39300322482976,"AGACGTTTCCTTGCCA-1"
-1.52795362230766,-2.03895616481694,"AGACGTTTCGCCCTTA-1"
-1.381362137761,1.08460360815135,"AGACGTTTCGTCACGG-1"
-1.32256859299171,-0.342428802947126,"AGACGTTTCTTAGAGC-1"
-0.303432700600505,-1.8732364172736,"AGAGCGAAGACGCAAC-1"
-2.40777200218666,-0.355557679633222,"AGAGCGAAGATGTCGG-1"
2.63072210792077,0.75749030758945,"AGAGCGAAGGCATTGG-1"
-2.8358789062165,-4.007970094184,"AGAGCGAAGTAGATGT-1"
-0.493154851164699,-1.78594207713994,"AGAGCGACACGCTTTC-1"
-1.07851454373825,-0.467198609809003,"AGAGCGACAGAGTGTG-1"
-2.42451649662483,-2.43650698612126,"AGAGCGACAGGAATCG-1"
-2.14127558228004,-1.08581149528416,"AGAGCGACAGGGTTAG-1"
-2.8728491639756,-3.51096844623478,"AGAGCGACAGTCGTGC-1"
-3.51471131798255,1.95313489486782,"AGAGCGAGTCAACATC-1"
-0.794278336133838,0.312892668445983,"AGAGCGAGTCAGGACA-1"
1.32427722457421,-0.90624642322453,"AGAGCGAGTCCGAAGA-1"
-2.42810767647254,-4.24698090503605,"AGAGCGAGTCCGAGTC-1"
-2.40619200226295,-4.28952145526799,"AGAGCGAGTGCAGTAG-1"
-0.415552732910991,-1.72143316219243,"AGAGCGAGTGTTAAGA-1"
-1.7052516913079,-3.66638350437077,"AGAGCGAGTTCAACCA-1"
-4.04704731461036,-1.04416716049107,"AGAGCGATCCCGACTT-1"
10.5586524629928,1.52203834106533,"AGAGCGATCTGCAGTA-1"
-5.08633512016761,-1.82085657070073,"AGAGCGATCTTCCTTC-1"
0.0292838240004775,-2.26701712558659,"AGAGCTTAGATAGCAT-1"
1.41269117835534,1.65945494224636,"AGAGCTTAGCCGTCGT-1"
2.23589784148705,0.41989012857286,"AGAGCTTAGCTAGTTC-1"
0.784812870059132,-1.73848199794682,"AGAGCTTAGCTGAACG-1"
0.160745205912709,2.82636189510433,"AGAGCTTAGCTTATCG-1"
7.9242015505172,1.88343071987239,"AGAGCTTAGGATCGCA-1"
-2.95708745476234,-4.02089428851994,"AGAGCTTAGGGATACC-1"
-3.68647092339027,3.41415572216121,"AGAGCTTAGTAATCCC-1"
-1.82597571369636,-3.81001925418767,"AGAGCTTAGTACATGA-1"
-1.80239444729316,4.15581464817134,"AGAGCTTAGTGGGCTA-1"
8.83771568778527,-0.417826175192914,"AGAGCTTCAACTGGCC-1"
-4.51141279694068,-3.96056485126408,"AGAGCTTCAATAACGA-1"
-4.66727512833107,-2.60003638217839,"AGAGCTTCACTGTGTA-1"
-1.9618075465821,-0.424092053870282,"AGAGCTTCAGGGTACA-1"
11.0426974916793,0.919337928791919,"AGAGCTTCATGAGCGA-1"
-5.5888542508744,0.246486157675662,"AGAGCTTGTACCGTTA-1"
-0.796485540833354,10.3759925370416,"AGAGCTTGTAGGACAC-1"
1.56688243392479,-0.551426171759687,"AGAGCTTGTCTGGTCG-1"
10.4389043474532,0.684571534892001,"AGAGCTTGTGACAAAT-1"
-1.75300800558555,1.63634812881557,"AGAGCTTGTGCCTGTG-1"
-0.787338045801998,10.2829062943658,"AGAGCTTTCAACACGT-1"
-1.79060321804512,-0.672103404501996,"AGAGCTTTCAGGCAAG-1"
0.885516586337208,-2.25036454151066,"AGAGCTTTCAGTGCAT-1"
-1.53107142206657,-3.60542464206608,"AGAGCTTTCATACGGT-1"
-2.39093667026985,-3.12838029811772,"AGAGCTTTCCACGAAT-1"
-3.007991251912,0.992230594654956,"AGAGCTTTCGGACAAG-1"
-0.685414818491817,-0.246520459155164,"AGAGCTTTCGGTTAAC-1"
-1.29264393207061,3.66743612339107,"AGAGCTTTCGTCCAGG-1"
-1.31169041749465,-1.2385826105872,"AGAGCTTTCTCGGACG-1"
-5.68100732323158,0.0463624303540371,"AGAGTGGAGGCAGTCA-1"
0.981345834765553,0.396813360539653,"AGAGTGGAGGGCTCTC-1"
12.1297937059737,0.283055335780062,"AGAGTGGAGTGGTCCC-1"
-1.29478376862037,-1.74838662097844,"AGAGTGGAGTTATCGC-1"
-5.16525071617591,-3.14307975719365,"AGAGTGGCAAGTTAAG-1"
2.21067530158532,2.46523451854793,"AGAGTGGCAATAACGA-1"
-5.36304849144447,-0.0396845633784153,"AGAGTGGCACAACGCC-1"
-1.65214365478981,-4.08586764285954,"AGAGTGGCAGACAAGC-1"
-0.905122128691554,-2.15926766345891,"AGAGTGGCAGGTCGTC-1"
-2.47241765018928,-1.48245096156987,"AGAGTGGCAGTCAGCC-1"
-0.422698912587047,-3.41562747905644,"AGAGTGGCATGTTCCC-1"
-0.858039853539348,-0.423605322341047,"AGAGTGGGTCGGGTCT-1"
-1.9149901842736,-1.81463313053044,"AGAGTGGGTCGTTGTA-1"
-0.00158989187705549,0.961458683510699,"AGAGTGGGTCTTGCGG-1"
-0.62380292769897,10.2702577119073,"AGAGTGGGTGAGGGTT-1"
9.89969784263146,-1.24086940238865,"AGAGTGGGTTCCAACA-1"
1.64339167121422,0.182789028187671,"AGAGTGGGTTCGGGCT-1"
-1.16951521989334,-0.421613513926587,"AGAGTGGTCACAATGC-1"
-0.577995834317088,-2.3236873144904,"AGAGTGGTCAGTTGAC-1"
2.28332168105614,-0.0628049964705326,"AGAGTGGTCCGATATG-1"
-0.745392618145824,10.3327548508844,"AGAGTGGTCCTCCTAG-1"
-1.29955166336525,1.15143823673336,"AGAGTGGTCGAGAGCA-1"
-0.501241741146922,-0.533004223803601,"AGAGTGGTCGGTGTTA-1"
10.6664767885543,0.826364785929599,"AGAGTGGTCGTCTGAA-1"
10.8598781252242,0.995168984433093,"AGAGTGGTCTATGTGG-1"
-5.30129140373695,1.82227754642574,"AGAGTGGTCTGGTATG-1"
-4.02684205528724,-3.68475556323918,"AGAGTGGTCTGGTGTA-1"
-4.14608973022926,0.271421477695384,"AGATCTGAGAAGATTC-1"
-4.69733446594703,-0.859806894759259,"AGATCTGAGAATTCCC-1"
-1.33336758371818,-1.21607780406865,"AGATCTGAGACTGGGT-1"
-2.75662570950019,-0.37877798030766,"AGATCTGAGATAGTCA-1"
2.56396991256249,0.347629081954636,"AGATCTGAGCGTCAAG-1"
-4.36000984665382,1.89636755039302,"AGATCTGAGCTCCTTC-1"
-3.69671672340858,-4.3412539953986,"AGATCTGAGGATGGTC-1"
0.363139691386342,-0.20699846694859,"AGATCTGAGGCTACGA-1"
-2.88343542572486,0.310249537726321,"AGATCTGAGGCTCTTA-1"
-3.03488296028602,-4.46256518314274,"AGATCTGAGTGGAGTC-1"
10.844810071025,0.00680282761661033,"AGATCTGAGTGTACCT-1"
1.6939359331466,-0.384435295561872,"AGATCTGCAAGTAATG-1"
10.5784145021774,1.34581559946147,"AGATCTGCAAGTCTAC-1"
0.585612597499013,-1.53076744029912,"AGATCTGCAATGGTCT-1"
-3.9691237783097,-2.7130756373206,"AGATCTGCACAAGCCC-1"
-5.75171750542152,-0.115102529028974,"AGATCTGCACCGCTAG-1"
-2.31755953785408,-0.914308785895429,"AGATCTGCAGCCACCA-1"
9.25067955497277,0.332129538556018,"AGATCTGCAGCTTAAC-1"
0.122458519969105,-1.62903523395451,"AGATCTGCATATACCG-1"
-2.37839084621894,3.60333728839962,"AGATCTGCATCCTAGA-1"
2.58505803588402,1.43184733440486,"AGATCTGCATCGACGC-1"
0.602961840663075,-1.02086496303471,"AGATCTGCATTCACTT-1"
1.6536949301101,1.51718652298061,"AGATCTGGTAAGGATT-1"
-4.34051245209205,-3.94148087451848,"AGATCTGGTTCCGTCT-1"
-3.4663743352555,3.76063871433345,"AGATCTGGTTCTGGTA-1"
-3.18407124039161,-0.494086324671827,"AGATCTGTCAAGAAGT-1"
-0.64505526181686,-1.98120856235417,"AGATCTGTCATTGCGA-1"
0.297946395907521,-0.22370487401875,"AGATCTGTCCGTACAA-1"
-1.0531636415087,0.759750158091464,"AGATCTGTCGATCCCT-1"
9.15991074088585,0.587678552170672,"AGATCTGTCGGAAACG-1"
-0.832625088658214,10.4462010865411,"AGATCTGTCTAACTGG-1"
0.344932498965382,11.9853131776055,"AGATCTGTCTAGAGTC-1"
2.04090219977868,1.21424680997936,"AGATTGCAGAAGGTGA-1"
3.80167109015954,-4.63921475360783,"AGATTGCAGATAGGAG-1"
0.0338086510039565,-1.13578402946385,"AGATTGCAGCGCCTCA-1"
-3.51056450363624,2.76834893276302,"AGATTGCAGGAGCGAG-1"
-2.84137743469703,3.77832746555416,"AGATTGCCAAGCGTAG-1"
2.68553048614037,0.257512927552142,"AGATTGCCAGCTCGAC-1"
8.32358700278771,1.43378138591854,"AGATTGCCATGAAGTA-1"
-4.11998957153785,-4.16925501773747,"AGATTGCGTAAGGGAA-1"
-5.19057744499672,-0.857117533186994,"AGATTGCGTAGCAAAT-1"
-2.56661587711799,-0.881392359236798,"AGATTGCGTATAATGG-1"
2.09984642508996,1.43049490501491,"AGATTGCGTCAAAGCG-1"
-1.77170419451225,-3.22863435695561,"AGATTGCGTCATATGC-1"
9.7355447435714,-1.08337354610356,"AGATTGCGTGACTCAT-1"
9.95360237601769,-0.182020425299726,"AGATTGCGTGCTGTAT-1"
-2.95647948738563,1.46546363880245,"AGATTGCGTGTGGCTC-1"
-0.885003892149806,-1.64663791606816,"AGATTGCTCCGTCATC-1"
10.5562225008346,2.05417382766811,"AGATTGCTCCTCATTA-1"
-1.46226185318458,-2.01791953990849,"AGATTGCTCGCTTAGA-1"
-5.4770116185807,-1.06507754276188,"AGATTGCTCGGCTACG-1"
-4.25740378853309,-2.13687777469548,"AGATTGCTCTTGCAAG-1"
-3.25691669937599,-0.544562577704511,"AGCAGCCAGAATGTGT-1"
-0.815935698714137,10.7416989808282,"AGCAGCCAGCGTTGCC-1"
-4.23850244041908,3.23521542598812,"AGCAGCCAGGGTCGAT-1"
-0.746369016733051,-1.57345092246922,"AGCAGCCAGTACATGA-1"
-2.956934986081,-0.469964384535871,"AGCAGCCAGTCTCCTC-1"
-4.06784623619545,1.94542849113552,"AGCAGCCCAAGCCTAT-1"
-5.65222114082801,0.27695815314857,"AGCAGCCCACCATCCT-1"
-5.80875867363441,-0.153618692854963,"AGCAGCCCACCCAGTG-1"
-4.60359042641151,0.0947366957863949,"AGCAGCCCACCCTATC-1"
-1.59929334875572,-0.428121149043164,"AGCAGCCCACCTATCC-1"
9.69674641135705,0.0175908510884426,"AGCAGCCCACGGCCAT-1"
9.2797866487838,3.23804497768489,"AGCAGCCCACGGTAGA-1"
-1.10873232540119,-0.79924654910954,"AGCAGCCCAGCGTCCA-1"
1.97013741973412,-0.349103688696943,"AGCAGCCCAGGTGGAT-1"
-0.924404521849037,-1.41756975601109,"AGCAGCCGTACAGACG-1"
10.1462026262618,-1.02032506416234,"AGCAGCCGTATAATGG-1"
-5.23076289650428,-2.97173857639226,"AGCAGCCGTCGCGTGT-1"
-1.68982392307746,1.60066545059291,"AGCAGCCGTCTCATCC-1"
1.94665891173851,-0.0335924322405674,"AGCAGCCGTGGGTATG-1"
10.3680520677902,0.83558198859302,"AGCAGCCGTTGACGTT-1"
2.44855529311669,1.06917589952556,"AGCAGCCGTTTGACAC-1"
-1.20097777005661,-1.87898945758732,"AGCAGCCTCAATCTCT-1"
0.907176795039296,-1.85903930614384,"AGCAGCCTCACATACG-1"
-1.15107984599102,0.0366829638680599,"AGCAGCCTCAGTGTTG-1"
10.6750665331222,-0.609134435156903,"AGCAGCCTCATATCGG-1"
-2.89069169517982,-2.73625206897648,"AGCAGCCTCATCTGCC-1"
8.64237648490441,0.832690895100512,"AGCAGCCTCCACGTTC-1"
0.771387877497792,-2.4339795107642,"AGCAGCCTCCCTTGTG-1"
1.83048683646691,0.705233425398745,"AGCAGCCTCCGCGGTA-1"
-3.83187359329689,-0.253507911662183,"AGCAGCCTCGTATCAG-1"
8.75711685660851,-0.416155695418439,"AGCAGCCTCTTGTACT-1"
-4.45374911781776,-1.16914308021458,"AGCAGCCTCTTTCCTC-1"
-3.06842487808692,-3.83003783176335,"AGCATACAGACCCACC-1"
-3.38262766357887,-3.70148062656315,"AGCATACAGAGACTTA-1"
-0.771764156784892,-3.12654113719853,"AGCATACAGAGCCCAA-1"
0.682511510882497,-1.93611788700017,"AGCATACAGATAGGAG-1"
1.22802335265648,1.60528266479579,"AGCATACAGCAATCTC-1"
8.52521664145958,-0.769890188674054,"AGCATACAGCACAGGT-1"
2.40868002418053,0.945144355793872,"AGCATACAGCTACCTA-1"
11.0313163423873,-0.159626543025098,"AGCATACAGGAATCGC-1"
-3.56224816795814,-1.47145962665471,"AGCATACAGGATATAC-1"
-5.30529588219154,1.79554319431392,"AGCATACAGGCACATG-1"
-1.83630478140342,-0.69200515697392,"AGCATACAGTAGCGGT-1"
-3.58782952782142,-4.20140337894352,"AGCATACCAAGCCGCT-1"
-0.759212700095058,-0.175739049414716,"AGCATACCACGAGAGT-1"
-5.84132379051673,0.309468754132666,"AGCATACCATATGCTG-1"
10.8193107271529,0.395057907824793,"AGCATACCATTCCTGC-1"
0.284565391574025,11.9209477906427,"AGCATACGTAAGTGTA-1"
0.561669173274159,1.50053513099758,"AGCATACGTACGCACC-1"
12.2709823274947,0.259495124717631,"AGCATACGTAGAGGAA-1"
-2.0953844165467,-0.45475500772389,"AGCATACGTAGCCTCG-1"
9.91098362449181,0.517158031960406,"AGCATACGTATGCTTG-1"
-1.59505444523323,-1.6628785128394,"AGCATACGTCGGATCC-1"
3.71908146384728,-4.11769318530949,"AGCATACGTTAGGGTG-1"
-1.15599582847583,-1.0491374726096,"AGCATACGTTTAGCTG-1"
-3.0289291715287,3.33657884647457,"AGCATACTCCTTCAAT-1"
10.3388839388229,-0.30522662351521,"AGCATACTCTCGATGA-1"
2.19661766532433,1.78287386943904,"AGCATACTCTGGTGTA-1"
-4.87724846359718,-3.86379837940129,"AGCATACTCTTTAGTC-1"
-0.988635639105022,9.78942561199275,"AGCCTAAAGATATACG-1"
-4.28722852226722,1.01186209966747,"AGCCTAAAGGACAGAA-1"
-4.32194822784889,-3.35041165302189,"AGCCTAAAGGAGTACC-1"
1.6015000963546,-0.446003138522229,"AGCCTAAAGGCCATAG-1"
-0.515288082327724,1.50934255172817,"AGCCTAAAGGGTCGAT-1"
10.6698957109786,1.24835306455699,"AGCCTAAAGTCAATAG-1"
-5.08778422829139,-2.32914304683598,"AGCCTAAAGTGCCATT-1"
-1.65619212147224,2.67747378398983,"AGCCTAAAGTTGTAGA-1"
1.79688722136986,-0.909571408728681,"AGCCTAACAAAGAATC-1"
-4.26077645775306,-4.31177830646428,"AGCCTAACAACACCCG-1"
-4.08358973022926,1.27276879598705,"AGCCTAACAACGCACC-1"
-2.57002740856636,1.49213457157222,"AGCCTAACACGCCAGT-1"
-0.850676161613345,-0.927787184218488,"AGCCTAACACGGTGTC-1"
-4.93725603577125,-1.31343388507756,"AGCCTAACAGTTTACG-1"
0.374100389514088,2.56962823917476,"AGCCTAACATTGGCGC-1"
-2.08182078358161,-1.72958922336491,"AGCCTAAGTAGGCATG-1"
-2.61850327011573,-0.315077542761884,"AGCCTAAGTCATCCCT-1"
-2.09789043423164,1.16982233574001,"AGCCTAAGTTACGTCA-1"
1.64181381705773,0.590143979092517,"AGCCTAAGTTCGGCAC-1"
10.8857608461715,-0.225818871954999,"AGCCTAATCACCTCGT-1"
1.2829297209121,-1.87368321369084,"AGCCTAATCAGGCGAA-1"
-2.46789163109291,0.574704558154025,"AGCCTAATCATTCACT-1"
-1.14071853217113,11.1426579957208,"AGCCTAATCCCAGGTG-1"
-3.54686563965309,2.10328900863735,"AGCCTAATCCGCGCAA-1"
10.8843274736739,1.98442459156124,"AGCCTAATCCTGCAGG-1"
-3.08455747124183,-0.613151788214765,"AGCCTAATCGGCTACG-1"
-0.791270328130603,-1.95008850047978,"AGCCTAATCGTACGGC-1"
-2.55637067314613,-1.16448438117894,"AGCCTAATCGTTACAG-1"
-1.6174147104882,0.482611746092715,"AGCCTAATCTGCCCTA-1"
-3.45845836159217,1.64540505458919,"AGCCTAATCTGTCCGT-1"
9.47674042228234,0.852957875033297,"AGCCTAATCTTGTACT-1"
1.12778383735192,2.59900355388729,"AGCGGTCAGACTGTAA-1"
11.1881795549728,1.55566752006618,"AGCGGTCAGAGACTAT-1"
-3.6458713388108,-2.90926694820317,"AGCGGTCAGAGCTATA-1"
-3.47726338860023,-1.13082170436772,"AGCGGTCAGCCAGTAG-1"
-1.45547649022567,3.85393047382442,"AGCGGTCAGCCTATGT-1"
2.1524103308059,-0.516725897292218,"AGCGGTCAGCGCCTTG-1"
-2.51514178272712,-2.92116117427739,"AGCGGTCAGCTGGAAC-1"
-2.32001274582374,3.61770224620906,"AGCGGTCAGTGAACGC-1"
-1.90022200104225,-1.06141400287541,"AGCGGTCAGTGCAAGC-1"
-2.68783670422065,-2.57981109569462,"AGCGGTCAGTGGTAAT-1"
-3.24249046799171,-4.05039429614934,"AGCGGTCAGTTACGGG-1"
-3.08044141289222,-3.13524627635869,"AGCGGTCCAAACCTAC-1"
10.5440507555343,1.42602241088954,"AGCGGTCCAAAGGTGC-1"
-5.86327069756019,1.19491064598171,"AGCGGTCCACGACTCG-1"
-3.41826003548133,-2.87791776607426,"AGCGGTCCACTGTTAG-1"
10.784658017192,-0.793696283797345,"AGCGGTCCAGCCACCA-1"
1.7418878698684,0.686647803088107,"AGCGGTCCAGTATGCT-1"
-2.39616936203468,-0.868689417342267,"AGCGGTCCATTCTCAT-1"
-1.81238710638511,-3.30359721134099,"AGCGGTCGTAGGCATG-1"
1.52217918876183,-0.219656109313092,"AGCGGTCGTCATGCCG-1"
-2.53670006748664,4.08404207279293,"AGCGGTCGTCGCATCG-1"
0.426971378359914,-1.39506447265538,"AGCGGTCGTGTGCCTG-1"
-1.9068542098664,-1.88611793468388,"AGCGGTCTCAACGCTA-1"
-3.36248010155189,-3.1237246985236,"AGCGGTCTCACTCTTA-1"
-2.88181024548042,2.25215899993984,"AGCGGTCTCCCAACGG-1"
-3.56160896774757,-2.78909611652287,"AGCGGTCTCCTGTACC-1"
-3.77565973755348,-0.403942584494672,"AGCGGTCTCGCAAGCC-1"
2.12321192267907,1.4129294161996,"AGCGGTCTCGCGCCAA-1"
-3.40390556808937,2.84571337749568,"AGCGGTCTCGGCGCTA-1"
-5.52406829353798,1.4378557210168,"AGCGGTCTCTCCCTGA-1"
10.4312978411056,-0.322961866358838,"AGCGGTCTCTCGTATT-1"
-3.14068764206398,3.20790076305477,"AGCGGTCTCTCTGCTG-1"
8.22607952598107,1.50482595016567,"AGCGTATAGACACGAC-1"
-3.33801477905738,-2.43054532955082,"AGCGTATAGACTACAA-1"
-5.45445722099769,-0.776847958067975,"AGCGTATAGCGATCCC-1"
-2.2547832107209,3.82842969944087,"AGCGTATAGCGTCAAG-1"
-1.83303636070716,0.727720529337802,"AGCGTATAGCTAACTC-1"
-1.33442586418617,-0.700840591887555,"AGCGTATAGGAGTACC-1"
0.977591099772572,0.835999429722705,"AGCGTATAGGAGTCTG-1"
-1.20411705728996,-1.85805225322636,"AGCGTATAGGCGCTCT-1"
2.25508028510582,0.450038198878445,"AGCGTATAGGCGTACA-1"
-3.18457096573341,1.35679465581981,"AGCGTATAGTACTTGC-1"
8.35961872581017,1.7869950537881,"AGCGTATAGTGTCTCA-1"
-1.91047197338569,-2.26549291561039,"AGCGTATAGTTCGCGC-1"
-1.56720542665947,-0.69057488391789,"AGCGTATCAAGGACTG-1"
-0.188134489025951,1.38689392854778,"AGCGTATCACATAACC-1"
-1.94838815685737,-0.506002425650678,"AGCGTATCACATCCGG-1"
-3.60226768013465,-0.320583402613721,"AGCGTATCATTCACTT-1"
-0.440256295170665,-1.56674349258336,"AGCGTATGTATTAGCC-1"
-1.70766532179344,-2.64481735179814,"AGCGTATGTCAGAAGC-1"
-2.47667926308143,-2.71987914989384,"AGCGTATGTCATACTG-1"
2.414043488536,0.389567971726336,"AGCGTATGTCGGCACT-1"
-4.78057688232887,-0.021072118977628,"AGCGTATGTGGCCCTA-1"
3.77545172217858,-4.54144835422429,"AGCGTATGTGTCGCTG-1"
1.17473465446007,-0.840321301917157,"AGCGTATGTTCCTCCA-1"
0.731236877474904,0.79512241532413,"AGCGTATGTTCGGGCT-1"
-4.1453477716111,-1.14601314018162,"AGCGTATTCAAAGTAG-1"
2.52193147185814,1.18386071970073,"AGCGTATTCACGACTA-1"
-1.92296731230247,-2.26078081081303,"AGCGTATTCATAGCAC-1"
9.15342194083703,-0.245270907382093,"AGCGTATTCATGCAAC-1"
1.15073830131066,0.373293698330798,"AGCGTATTCCGAAGAG-1"
-4.30959528442848,-3.59097886035832,"AGCGTATTCGTACCGG-1"
-3.25425785538185,-1.27341926048192,"AGCGTATTCGTGACAT-1"
1.98051721099389,1.26171106149761,"AGCGTATTCTCGAGTA-1"
-5.39607137199867,-0.16332399795445,"AGCGTATTCTGCGTAA-1"
-2.81301599499214,4.54949021389095,"AGCGTATTCTGTCTAT-1"
2.33050567153466,0.851920575400271,"AGCGTATTCTGTTTGT-1"
11.1527400637008,0.528410867353358,"AGCGTATTCTTTACAC-1"
1.60935884955895,-1.28066301296147,"AGCGTCGAGCCCAACC-1"
-3.32910412308204,-0.113423108557782,"AGCGTCGAGGACAGAA-1"
0.931499066386342,-2.3362617487708,"AGCGTCGAGGGTATCG-1"
9.72328621390831,2.57164335300533,"AGCGTCGAGTATTGGA-1"
-3.5548285817765,-0.870751738051496,"AGCGTCGAGTTGAGAT-1"
-1.89163958784568,0.84968709995357,"AGCGTCGCAGCTCGAC-1"
-0.390731213059306,0.874727696677127,"AGCGTCGCATCTCGCT-1"
-2.94538825508583,0.75098139097301,"AGCGTCGCATGCATGT-1"
8.33971077445519,0.949400544663348,"AGCGTCGGTACGACCC-1"
0.0580520058013198,-2.58437299678715,"AGCGTCGGTCATGCAT-1"
-2.02662628647316,-4.1486761565009,"AGCGTCGGTCATTAGC-1"
-5.03564685341346,0.383496916418352,"AGCGTCGGTCGAGATG-1"
2.04892736915123,0.309008434911647,"AGCGTCGGTGAGTATA-1"
-3.29605597015846,4.52013611843196,"AGCGTCGGTGCGATAG-1"
-0.956497506614805,-3.5402092928687,"AGCGTCGGTTCACCTC-1"
11.4695697450973,0.991744399567523,"AGCGTCGGTTCAGTAC-1"
1.14436084273827,-1.85623025844487,"AGCGTCGGTTGGTGGA-1"
-0.972510596182227,-3.35292625377568,"AGCGTCGTCCAGGGCT-1"
1.15970975402367,-0.902781962851606,"AGCGTCGTCCCTCAGT-1"
0.452382268939137,-1.64360952327641,"AGCGTCGTCCGCATAA-1"
-0.938611735966087,-2.04050826976689,"AGCGTCGTCCTTGCCA-1"
-1.57728349920738,-3.48124027202519,"AGCGTCGTCGAATCCA-1"
-2.51351076122749,1.64859664489833,"AGCGTCGTCGGAAATA-1"
1.24784857276452,-1.59797859142216,"AGCGTCGTCTAACTGG-1"
0.587216558489918,0.734782636662402,"AGCGTCGTCTTAACCT-1"
-0.313269076313854,-0.619307159880719,"AGCGTCGTCTTCGGTC-1"
-4.35228627678382,0.939538062115588,"AGCTCCTAGACATAAC-1"
-2.66552978512275,-0.883359908560834,"AGCTCCTAGAGGTTGC-1"
-0.430891451802135,-1.56502413700017,"AGCTCCTAGATCCCAT-1"
0.997708263430714,0.693894356985965,"AGCTCCTAGCCAGTAG-1"
-3.24353521820533,1.86880171348659,"AGCTCCTAGGTCGGAT-1"
-1.77636611219871,-4.09266447971257,"AGCTCCTAGTCCATAC-1"
-1.00267641935873,9.94512438823787,"AGCTCCTAGTTCCACA-1"
-2.07554954048622,-1.47652852485569,"AGCTCCTAGTTTGCGT-1"
-3.61352699753273,-1.64880180309208,"AGCTCCTCACGGCTAC-1"
10.4175449037887,-2.0027108187476,"AGCTCCTCATCACGTA-1"
-3.09713476654518,0.183673114081301,"AGCTCCTCATCCCACT-1"
1.73854381087792,0.970562398930468,"AGCTCCTGTCAGCTAT-1"
-4.2639555310868,-0.593170999983869,"AGCTCCTGTGAACCTT-1"
-3.9979130601548,1.8773407941064,"AGCTCCTGTGACAAAT-1"
-1.45793452617157,3.25636482288448,"AGCTCCTTCAAACAAG-1"
-3.28000014778602,2.22133410026638,"AGCTCCTTCATGCAAC-1"
-3.13448375221717,4.35849428226558,"AGCTCCTTCCCGGATG-1"
9.16903549674523,0.733627528448977,"AGCTCCTTCCCTCTTT-1"
1.34281116965783,-1.92876052806767,"AGCTCCTTCCGGGTGT-1"
-0.28818332907188,-1.71027469585331,"AGCTCCTTCCTGCAGG-1"
-4.03338807579506,0.863739550610461,"AGCTCCTTCGATGAGG-1"
-0.422543046440959,-3.26835441539677,"AGCTCCTTCGTAGGTT-1"
-1.64376723524559,-0.584285795191846,"AGCTCCTTCTTGGGTA-1"
9.57808739188683,1.07302826692668,"AGCTCTCAGACTAGAT-1"
1.04325133803856,-0.0833037490645268,"AGCTCTCAGGCAAAGA-1"
-2.12646168228614,-1.38761484573277,"AGCTCTCAGGTGACCA-1"
-3.29319852348793,-3.11977410266789,"AGCTCTCAGTACGCGA-1"
-1.90127676483619,-1.78850841472538,"AGCTCTCCACGAAACG-1"
10.4185128832198,0.119877666731753,"AGCTCTCCACGGTTTA-1"
-1.10449979212511,-1.93254709194096,"AGCTCTCCAGCGTCCA-1"
1.84313398841393,-0.709509491423688,"AGCTCTCCAGTAAGCG-1"
-2.17287665363777,-3.3606381411353,"AGCTCTCCATGGTAGG-1"
-3.67123692986,-4.38574385593327,"AGCTCTCGTCACCCAG-1"
-1.39768910166252,3.46119761516658,"AGCTCTCGTCGAATCT-1"
-1.55146336313713,-0.541756867865644,"AGCTCTCGTGGCAAAC-1"
-2.41438251492012,-0.6747056240836,"AGCTCTCGTTAAAGAC-1"
-3.78372329231727,0.305252202351966,"AGCTCTCGTTCGCTAA-1"
-3.61336105820167,-0.442583262423597,"AGCTCTCGTTCTCATT-1"
-1.09676369037855,-3.36604332874211,"AGCTCTCGTTGTGGAG-1"
-0.952274372246147,-1.65580224941166,"AGCTCTCTCCAATGGT-1"
-1.76150274034965,3.03709745456783,"AGCTCTCTCGCCCTTA-1"
-2.15074473377693,-3.97256922672184,"AGCTCTCTCTGATTCT-1"
0.98421257976067,-2.38179349849614,"AGCTTGAAGATCACGG-1"
-1.28601163383949,0.0845182841023586,"AGCTTGAAGCCACTAT-1"
-1.6161380982064,2.70586037685482,"AGCTTGAAGGAATGGA-1"
1.15902287009728,1.07020694067089,"AGCTTGACAAGCGCTC-1"
-3.80940216537941,3.21792936374752,"AGCTTGACACCGAATT-1"
-5.05852645393837,2.15547072937099,"AGCTTGACAGATAATG-1"
-2.5764784192704,1.58221960117427,"AGCTTGACATCCTAGA-1"
-1.29366659876335,2.01154661228267,"AGCTTGAGTACCTACA-1"
-2.12011497971046,-3.66112875888737,"AGCTTGAGTGTGTGCC-1"
-3.52290314194191,-2.56951785037907,"AGCTTGAGTGTTGAGG-1"
-3.78374260422218,-2.78579497287663,"AGCTTGAGTTAAGGGC-1"
-3.33722704407203,1.97901237060634,"AGCTTGAGTTCGCTAA-1"
-2.71552067753303,-4.21777272174748,"AGCTTGAGTTGGTAAA-1"
-3.90375107285011,-1.00155472705754,"AGCTTGATCCGCGCAA-1"
-5.06349652763832,-0.727370619277082,"AGCTTGATCCTAGTGA-1"
-1.71464454885948,-1.39357948253544,"AGCTTGATCGTCCAGG-1"
-4.2419316148423,1.4832578902444,"AGGCCACAGAACAACT-1"
-0.545639423098445,10.5710780625543,"AGGCCACAGACCGGAT-1"
9.55045086387169,-0.73798048446568,"AGGCCACAGAGACGAA-1"
-2.70003658291328,2.26773834278194,"AGGCCACAGAGCCTAG-1"
-0.817406175103069,11.4163529877862,"AGGCCACAGAGGTAGA-1"
8.41365581992638,-0.576662837962232,"AGGCCACAGAGTACAT-1"
-4.26837724205482,-1.79897308299931,"AGGCCACAGCGATTCT-1"
0.769702973399281,-2.3106679911414,"AGGCCACAGGCTCATT-1"
0.636725249323964,1.42835354854671,"AGGCCACAGTACGTTC-1"
-5.16217559334266,-0.0583822424212315,"AGGCCACAGTGTACCT-1"
8.29220634940636,-0.80508196304234,"AGGCCACCAATCCAAC-1"
1.07898479941857,1.25355237772075,"AGGCCACCACATCTTT-1"
-4.56172364708412,-2.38820290515812,"AGGCCACCACGAAACG-1"
-3.39207976814735,-2.26786017368229,"AGGCCACCATAGGATA-1"
-1.85256868359077,-0.297893583277784,"AGGCCACCATAGTAAG-1"
-1.79514539000022,-3.11395549724492,"AGGCCACCATCGGGTC-1"
-4.66415136810768,1.90526247074214,"AGGCCACCATGTTGAC-1"
2.50000697616112,1.35393023540584,"AGGCCACGTACTTAGC-1"
-0.670981881585002,10.2882897858819,"AGGCCACGTATGAATG-1"
3.52659946921837,-4.33701825092228,"AGGCCACGTCAAGCGA-1"
-1.09196777400005,-3.00907492587956,"AGGCCACGTGCGCTTG-1"
-0.650282350745082,0.00269767691699485,"AGGCCACGTTTGGCGC-1"
-2.7051063155793,-2.41562128017338,"AGGCCACTCAAACCAC-1"
10.1089845323898,2.1664729123315,"AGGCCACTCATCTGTT-1"
2.7201102400161,0.680513799687304,"AGGCCACTCCCGACTT-1"
-1.76914375778663,-1.31108617732914,"AGGCCACTCCCTCTTT-1"
0.477927389178395,1.42276382495967,"AGGCCACTCCTAAGTG-1"
-0.85547253247726,0.483659551044383,"AGGCCACTCCTATGTT-1"
11.7420526171066,0.659276992579379,"AGGCCACTCGCTGATA-1"
-4.2700704908036,-0.49140781114491,"AGGCCACTCGGCCGAT-1"
1.08273965362084,-1.22087287853154,"AGGCCACTCTCCAGGG-1"
-4.10592096802223,2.7297840123376,"AGGCCACTCTTGTATC-1"
-1.46081945058334,-1.36716020057591,"AGGCCGTAGTACGCCC-1"
-2.33567279335487,1.44968843509761,"AGGCCGTAGTATCGAA-1"
-3.29344504829872,-3.39584255168828,"AGGCCGTAGTCCAGGA-1"
-2.75836223122108,-1.19996070812138,"AGGCCGTAGTCCTCCT-1"
2.04364139083397,1.55874943782894,"AGGCCGTCAAATACAG-1"
2.47818142417443,1.44212186386196,"AGGCCGTCAATACGCT-1"
-3.17685812469947,3.34862041523067,"AGGCCGTCACAGAGGT-1"
-0.996027478858859,1.49932277252285,"AGGCCGTCACCGCTAG-1"
-2.27965599056709,-0.33606010625752,"AGGCCGTCACGTGAGA-1"
-0.978410709094286,-1.13131654212864,"AGGCCGTCACTACAGT-1"
2.72589141372216,0.609421223898806,"AGGCCGTGTACATCCA-1"
3.55968767646325,-4.36245369861516,"AGGCCGTGTATATGAG-1"
-2.55557876583564,2.81181836177913,"AGGCCGTGTATCGCAT-1"
8.20426231864464,1.37028551151363,"AGGCCGTGTCAATGTC-1"
10.8352027559615,-0.0513633484640934,"AGGCCGTGTCTCATCC-1"
9.58324009421837,1.84091615726558,"AGGCCGTGTGTCCTCT-1"
-3.34190433975685,3.63586306621639,"AGGCCGTGTTATCGGT-1"
1.40932566169274,1.49258065273372,"AGGCCGTTCACCTTAT-1"
-2.70814949032295,-4.01799225757512,"AGGCCGTTCACGATGT-1"
-1.8009827708863,-1.73399043033513,"AGGCCGTTCCTATTCA-1"
2.43274408820641,1.54745054294673,"AGGCCGTTCGTGGGAA-1"
-3.27924006935585,-0.53168576906117,"AGGCCGTTCTCCAGGG-1"
10.7863813066818,-0.233603357771955,"AGGCCGTTCTCCGGTT-1"
2.2586913729049,-0.527634441355787,"AGGCCGTTCTGCGTAA-1"
-3.82461470123756,0.271046951909938,"AGGGAGTAGATCCGAG-1"
3.67746740821373,-4.57177472064885,"AGGGAGTAGATGAGAG-1"
-0.951785155948282,9.86275553752986,"AGGGAGTAGGCCCGTT-1"
-3.36470025536048,2.63384127666561,"AGGGAGTAGTGTACTC-1"
-2.25101977344978,2.89852190067379,"AGGGAGTCAAGTAGTA-1"
-5.33710855003822,-0.473769843081556,"AGGGAGTCACCAGCAC-1"
8.3715253496505,-0.14678609321507,"AGGGAGTCACGGACAA-1"
-1.34299981352317,-0.334034144381604,"AGGGAGTCAGGGCATA-1"
10.5241695070602,0.233877555032649,"AGGGAGTCAGTAACGG-1"
-5.1881875371598,2.22108805229274,"AGGGAGTCATCACGAT-1"
-0.749555451240421,-0.0267693097391941,"AGGGAGTCATCGGGTC-1"
-4.78454965111244,2.49893522312252,"AGGGAGTCATGCCTAA-1"
-4.0523244714402,-3.74076437900456,"AGGGAGTCATTTGCTT-1"
1.11641079429162,-1.31003427455815,"AGGGAGTGTATCGCAT-1"
-2.07948702332008,-2.5339677328864,"AGGGAGTGTCCGTTAA-1"
-0.272212502922893,-1.5865058893958,"AGGGAGTGTCTAACGT-1"
-1.14892104026306,-3.31517481754216,"AGGGAGTGTGAGGGTT-1"
-5.33772986885536,-0.00748187253864785,"AGGGAGTGTGAGTATA-1"
-3.50417631622779,2.49724984218685,"AGGGAGTGTTGACGTT-1"
-3.07477229591835,-0.894126414755902,"AGGGAGTTCACAACGT-1"
-2.28221684452522,-3.22688293407353,"AGGGAGTTCAGTGCAT-1"
-0.534047899212718,-0.841447948912702,"AGGGAGTTCATAGCAC-1"
-4.35796826836097,-3.52665114353093,"AGGGAGTTCCACGACG-1"
-4.41261142250526,-1.82073283145817,"AGGGAGTTCCCATTAT-1"
0.10867661479485,11.653334379693,"AGGGAGTTCCGCATCT-1"
-0.104075369801402,0.126165152092852,"AGGGAGTTCCGCTGTT-1"
-3.38919704910743,-4.3980109686652,"AGGGAGTTCGTCCGTT-1"
11.5793319368697,1.13531684925167,"AGGGAGTTCTTGCAAG-1"
-3.36654132362831,-1.93080615947636,"AGGGAGTTCTTGTCAT-1"
3.72702461722863,-4.67648482273015,"AGGGATGAGCACCGCT-1"
-2.13044851776588,-1.75312566707524,"AGGGATGAGCCGCCTA-1"
-3.556983647313,0.15165472080318,"AGGGATGAGGTTCCTA-1"
1.22091585639489,-1.94661879489811,"AGGGATGAGTTTGCGT-1"
-1.64953535553443,-1.46366059730443,"AGGGATGCAAAGGCGT-1"
-1.1320596909188,-2.37871670673283,"AGGGATGCAAGGGTCA-1"
-4.19458454605568,-2.05863356540593,"AGGGATGCAATGGATA-1"
0.13180357459557,-1.27520883033665,"AGGGATGCACAGTCGC-1"
1.12715631965172,-2.21448707530888,"AGGGATGCACGTGAGA-1"
-3.36482423302162,3.97917389919368,"AGGGATGCAGACGCTC-1"
-4.63454669472206,-2.30602574298771,"AGGGATGCATGCTGGC-1"
0.755309166941762,2.20328867485134,"AGGGATGGTAATAGCA-1"
-3.71733349319923,-4.13924765537175,"AGGGATGGTCTAGCGC-1"
11.1440778398849,-0.266123115519605,"AGGGATGGTCTTGATG-1"
1.57742053512108,-1.29837000320347,"AGGGATGGTGCTTCTC-1"
1.29018241408837,2.02702045490352,"AGGGATGGTTAAAGTG-1"
-4.27634161468971,-2.2181866164008,"AGGGATGGTTACGACT-1"
-2.64409786221015,3.17298960735408,"AGGGATGGTTGATTGC-1"
-4.36670511719215,-0.424623786906324,"AGGGATGGTTTACTCT-1"
-5.05897944923866,-0.45712727258595,"AGGGATGTCACTTACT-1"
-4.4068998670243,1.54569923927394,"AGGGATGTCAGTTTGG-1"
-2.84559863564003,-2.07392907092961,"AGGGATGTCATGTCCC-1"
-4.80318397041786,-0.0841903681555607,"AGGGATGTCGAATGGG-1"
10.068424763713,-1.34097826431187,"AGGGATGTCTGTCCGT-1"
-3.87437695023048,2.79463887264339,"AGGGATGTCTTCGAGA-1"
-4.17837732788551,-2.2019238467017,"AGGGATGTCTTGTACT-1"
0.712665381465077,-2.13469982097538,"AGGGTGAAGACTAGAT-1"
-3.01203888412941,-3.43640994975956,"AGGGTGAAGCATCATC-1"
-1.12692235168445,-0.721502184371076,"AGGGTGAAGCCTATGT-1"
-1.35360610243309,-0.847290157775006,"AGGGTGAAGGCCCGTT-1"
-1.7955894446038,2.98543882419673,"AGGGTGAAGTGGAGAA-1"
-1.22675490137565,-3.55501604030522,"AGGGTGACAAGCCATT-1"
8.65792042258751,-0.509200155238233,"AGGGTGACAATGTAAG-1"
10.0470510149337,1.03498745014278,"AGGGTGACACCAACCG-1"
-2.53554099556434,-0.790612220267377,"AGGGTGACACGACGAA-1"
-3.3880919789933,-0.268204092482648,"AGGGTGACACGGTTTA-1"
9.04039722922814,1.35645920087902,"AGGGTGACACTACAGT-1"
1.88301998618615,1.96050536682216,"AGGGTGACACTCGACG-1"
-1.47635224219787,-0.961082457999311,"AGGGTGACAGACAGGT-1"
-3.1806625699662,-0.539079308013044,"AGGGTGACAGGAACGT-1"
0.107921185526967,11.6312816148004,"AGGGTGACAGGGCATA-1"
-5.58344262596595,-1.00862479160222,"AGGGTGAGTAAGGGCT-1"
-2.14088791367042,-1.00525748680028,"AGGGTGAGTCACAAGG-1"
9.31448990348351,1.11297172357646,"AGGGTGAGTGCGCTTG-1"
11.4724403047897,-0.00899296949299355,"AGGGTGAGTGCTCTTC-1"
1.38957339766991,1.58506286193935,"AGGGTGAGTGGTTTCA-1"
9.10436970237267,0.694986850520053,"AGGGTGAGTTGCGCAC-1"
10.9509549761153,-0.176559149722181,"AGGGTGAGTTGGTGGA-1"
-0.918337484266639,-1.50819325397404,"AGGGTGAGTTTGGGCC-1"
-2.96317368504035,3.16762256671993,"AGGGTGATCACCGTAA-1"
-0.535812911953807,1.18475586225597,"AGGGTGATCCAAAGTC-1"
-4.2556285237931,-3.16771483371647,"AGGGTGATCCCTTGCA-1"
-1.44799411055076,-0.333846389750562,"AGGGTGATCCTTGGTC-1"
9.60979610923302,-0.444801806906781,"AGGGTGATCTAAGCCA-1"
11.1991582537032,-0.410844981173597,"AGGGTGATCTCCAACC-1"
-4.81166261192787,1.46931266834346,"AGGGTGATCTTATCTG-1"
-4.35176890846717,-0.370018958548627,"AGGGTGATCTTTACAC-1"
9.27269035819542,0.422768070859291,"AGGTCATAGAAGAAGC-1"
-1.4884168779515,0.486057155331054,"AGGTCATAGACACGAC-1"
-2.63790470119941,-4.10471606204899,"AGGTCATAGAGGACGG-1"
8.7905984545089,3.97639203121273,"AGGTCATAGAGGTAGA-1"
-0.0230290865563157,11.4693505768975,"AGGTCATAGCGTGAGT-1"
-5.99607032295692,-0.389369785288892,"AGGTCATAGGACAGCT-1"
-0.632644442286373,-1.17500865409764,"AGGTCATAGGCGACAT-1"
-3.12658971306312,-1.84853696773442,"AGGTCATAGGCTAGGT-1"
-1.62857711073387,2.71530818988887,"AGGTCATAGTGGGTTG-1"
-0.833399710621715,10.5606219773492,"AGGTCATAGTGTGGCA-1"
-3.29494803902137,1.25841975261775,"AGGTCATCAATCCAAC-1"
-2.70371967312324,-2.46018791149052,"AGGTCATCAATGGATA-1"
1.61292940619957,0.168101668854632,"AGGTCATCACACGCTG-1"
11.5440002107955,1.01263785411922,"AGGTCATCACCGAAAG-1"
1.88508874419701,0.795936763783374,"AGGTCATCACGTAAGG-1"
2.38489395621788,0.124418557186999,"AGGTCATCACTGTTAG-1"
-5.4522256230973,0.144313633938708,"AGGTCATCAGCTGCTG-1"
-1.28937938567626,-2.48378610561284,"AGGTCATGTAAAGGAG-1"
-5.67603105064857,1.91910231163112,"AGGTCATGTACTTGAC-1"
-3.26299828049171,-1.52208566615971,"AGGTCATGTCAAAGAT-1"
-3.023860392537,-2.68764996478947,"AGGTCATGTCAGATAA-1"
-5.11980622765052,1.33172118713466,"AGGTCATGTGGTCCGT-1"
-3.92832249161232,-2.82093000362309,"AGGTCATGTGTAACGG-1"
0.680659832987904,-1.25278580139073,"AGGTCATGTGTCAATC-1"
-2.92046445366371,0.152151316901126,"AGGTCATGTTAGATGA-1"
1.17852670196068,0.0501215164860866,"AGGTCATTCTTTAGGG-1"
-2.05178004261482,3.80860662510005,"AGGTCCGAGAAACGCC-1"
-0.51429673787582,2.24403166820613,"AGGTCCGAGATCGGGT-1"
2.60831529143822,0.495185412963309,"AGGTCCGAGCTAAACA-1"
0.0307024145461318,11.7251031403741,"AGGTCCGAGCTTATCG-1"
-0.308937249150157,-1.10953748176487,"AGGTCCGAGGGTTTCT-1"
-1.00701885242391,-3.60478997180851,"AGGTCCGAGTGAACAT-1"
2.61187488082421,0.784084082146563,"AGGTCCGAGTTGCAGG-1"
-2.13407593723762,-1.18723571250828,"AGGTCCGCAATAGAGT-1"
-3.6280388211869,-3.66232275913151,"AGGTCCGCACCCAGTG-1"
1.10016185287011,-1.43973720024022,"AGGTCCGCATCCAACA-1"
12.0566688204147,-0.290785133341871,"AGGTCCGCATTTCAGG-1"
-0.578225848641277,-0.35316729495915,"AGGTCCGGTACCGGCT-1"
0.295961084399342,-1.96308517406376,"AGGTCCGGTCACCCAG-1"
-2.47806387897956,-0.64957785556706,"AGGTCCGGTCGAGTTT-1"
-2.11440878864753,-1.64310717533024,"AGGTCCGGTGCTCTTC-1"
-1.07264747228849,-3.11628866146,"AGGTCCGGTTCCACTC-1"
8.91597897056115,0.257546738286891,"AGGTCCGGTTGAGGTG-1"
-2.5787931060456,-4.58123469303044,"AGGTCCGTCCAGTATG-1"
-1.08627220746505,1.12876945783702,"AGGTCCGTCCTCAACC-1"
-3.29146283623207,3.06517887165157,"AGGTCCGTCGTCCGTT-1"
3.760310235057,-4.65181279132756,"AGGTCCGTCTGTCTCG-1"
10.421057286296,-0.487244247893415,"AGGTCCGTCTTTCCTC-1"
10.7358499193527,-0.507043599585614,"AGTAGTCAGAAACCAT-1"
-4.57972329613197,-3.89631104419621,"AGTAGTCAGACGCACA-1"
0.757674994502186,-1.03915798614415,"AGTAGTCAGAGGGCTT-1"
-2.05530291553962,-1.59083211372288,"AGTAGTCAGCGCTCCA-1"
-2.66338604446876,2.47838521053401,"AGTAGTCAGCTATGCT-1"
-0.754324582781673,-1.24867129276188,"AGTAGTCAGCTTATCG-1"
10.0521617555953,1.19337159444896,"AGTAGTCAGGAGTTTA-1"
-0.767329213585735,1.20079350521175,"AGTAGTCAGGCGACAT-1"
-1.21351505574214,-0.809304832915387,"AGTAGTCAGGCTCATT-1"
-3.22735017296302,-2.34320497463139,"AGTAGTCAGGTGATAT-1"
-2.5589402293824,3.19129204799739,"AGTAGTCAGTACACCT-1"
-5.75503438469398,-2.09399628589543,"AGTAGTCAGTTAACGA-1"
1.98719126227868,-0.180170773963056,"AGTAGTCCAACGCACC-1"
0.893512787852406,-0.873030542830548,"AGTAGTCCAATCACAC-1"
-1.80776673313606,3.10160231639949,"AGTAGTCCAGACAGGT-1"
-3.90986484047401,0.0913346414765499,"AGTAGTCCAGATCTGT-1"
0.41422909739983,-1.29834794948491,"AGTAGTCCAGCCTGTG-1"
10.2540622377731,-1.97163224170598,"AGTAGTCCATCATCCC-1"
-1.50350075718391,-3.41331911037358,"AGTAGTCCATCGATTG-1"
-2.82844906803596,-0.321478366355024,"AGTAGTCCATGAGCGA-1"
9.2297435427047,3.30847239544002,"AGTAGTCGTAAAGTCA-1"
-3.43163436409462,3.66941833545772,"AGTAGTCGTATAATGG-1"
-2.57754057404029,-1.48507821510228,"AGTAGTCGTCAATACC-1"
-2.58476906773078,3.65454506923763,"AGTAGTCGTCCAACTA-1"
-0.0756587361954454,0.239409417410769,"AGTAGTCGTCTGGAGA-1"
-1.10327954348552,11.1230208878717,"AGTAGTCGTGATAAGT-1"
2.03395658973229,0.483661532898822,"AGTAGTCTCCAAACAC-1"
-1.18952667471397,0.155892283221164,"AGTAGTCTCCCTCTTT-1"
10.3220134401656,0.0109642152985714,"AGTAGTCTCCGCAAGC-1"
-5.46914237495887,0.841655612488665,"AGTAGTCTCGCAAACT-1"
2.27677089217675,-0.394343137244306,"AGTAGTCTCTATCCTA-1"
-1.65725379940498,-0.553829371432386,"AGTCTTTAGACAGGCT-1"
-3.59243267532814,-2.78015088985356,"AGTCTTTAGATCTGAA-1"
7.77193218711388,1.77916693737117,"AGTCTTTAGCAGGCTA-1"
-4.89628571030128,-0.550915240744672,"AGTCTTTAGCTATGCT-1"
0.1469296837188,-2.36206746051701,"AGTCTTTAGGATGGTC-1"
11.1164413118697,-0.489208042124829,"AGTCTTTAGGCACATG-1"
-0.365189967121959,-1.61540436695012,"AGTCTTTCAAAGAATC-1"
11.4775148058273,0.771811962624469,"AGTCTTTCAAATCCGT-1"
-0.64242851492393,-1.03331136653813,"AGTCTTTCACCTCGTT-1"
-1.29257392641532,2.31011104633419,"AGTCTTTCACTAAGTC-1"
-3.45859426018226,-3.5830695624152,"AGTCTTTCATATGAGA-1"
-1.60718440767753,0.144194841881671,"AGTCTTTCATCTGGTA-1"
-0.945144941475273,-0.926455497244916,"AGTCTTTCATTAGCCA-1"
3.50008923057091,-4.53585171649846,"AGTCTTTGTGAACCTT-1"
10.1723638201095,-0.0428670341769077,"AGTCTTTGTGCACTTA-1"
-1.3338128900193,-0.115931748847089,"AGTCTTTGTGTGGTTT-1"
-4.08856719490516,-2.25369954059514,"AGTCTTTGTTACCAGT-1"
-3.91169613358009,-3.47089743564518,"AGTCTTTGTTGAACTC-1"
-2.18740552422035,4.42261004497615,"AGTCTTTGTTTAAGCC-1"
-2.58646541592109,2.24071598102657,"AGTCTTTTCAACACAC-1"
-2.04394536968696,4.0141394143304,"AGTCTTTTCCAGTATG-1"
-1.92636859175193,2.57362294246761,"AGTCTTTTCCATGAAC-1"
-0.885266137685657,9.95872092296688,"AGTCTTTTCCCTTGTG-1"
-1.2917288517617,2.7982130055627,"AGTCTTTTCCGAAGAG-1"
-2.26488095280159,2.55859136631099,"AGTCTTTTCTAACTCT-1"
-5.07936757561195,0.311491840084472,"AGTCTTTTCTATCCTA-1"
-4.7485975598954,1.90502691318599,"AGTCTTTTCTCGCATC-1"
-3.08704703804481,3.21071958591548,"AGTGAGGAGACAATAC-1"
1.68600446227562,-1.22683298538121,"AGTGAGGAGAGTCGGT-1"
10.4964662218429,0.66688954879848,"AGTGAGGAGATGAGAG-1"
-2.8998905992173,2.5319526200494,"AGTGAGGAGCCAGGAT-1"
-2.73276132103431,3.41447258045284,"AGTGAGGAGGGTTTCT-1"
-5.5051025724076,0.125004798670687,"AGTGAGGAGTGCAAGC-1"
-3.78534859177101,-3.50415444324406,"AGTGAGGAGTTGCAGG-1"
9.84012657645714,-1.08118176410588,"AGTGAGGAGTTGTAGA-1"
-5.27247947212684,-1.60151958415898,"AGTGAGGCAACTGGCC-1"
1.13990384582055,-1.18038380096348,"AGTGAGGCAAGCGATG-1"
-3.66873425003517,0.182782948513903,"AGTGAGGCAAGGACTG-1"
-4.35919421669471,-4.11549115131291,"AGTGAGGCACATTTCT-1"
0.225069942507863,-2.78923940608891,"AGTGAGGCACCAGGCT-1"
-1.60422134157646,-3.89270758579167,"AGTGAGGCACGAAGCA-1"
-5.72727197166908,0.290599808593669,"AGTGAGGCACGGCTAC-1"
-3.32136028763282,2.88317728092281,"AGTGAGGCAGCTGGCT-1"
-2.61263507362831,-4.17981791446599,"AGTGAGGCAGGTCGTC-1"
0.10733396056664,2.28795874168483,"AGTGAGGCAGGTCTCG-1"
-3.48130339142311,2.1105784182748,"AGTGAGGCATTAACCG-1"
-0.241059300866008,0.160151184101977,"AGTGAGGGTGTGAATA-1"
0.680239977870106,-1.55174195716771,"AGTGAGGGTTACCAGT-1"
-2.87562316414344,3.80802130748836,"AGTGAGGGTTGAGTTC-1"
-4.09177297111976,-3.41926670024785,"AGTGAGGTCAAACCGT-1"
-5.03121894356239,0.136589766045489,"AGTGAGGTCACGACTA-1"
1.5493567610122,-0.463614046076856,"AGTGAGGTCATGTGGT-1"
-3.07664197441566,-2.92623877475651,"AGTGAGGTCCACGACG-1"
0.999005498919606,2.60980367710201,"AGTGAGGTCCGAATGT-1"
8.85394436362755,0.84226140429584,"AGTGAGGTCGGAAATA-1"
-4.81341475006568,1.87472236206142,"AGTGAGGTCTAACTTC-1"
-5.04956096168983,-1.70030403087529,"AGTGAGGTCTGCGTAA-1"
1.59258085731041,1.06170725872127,"AGTGAGGTCTGTTTGT-1"
-3.14593785759437,-0.0866668815413334,"AGTGAGGTCTTCAACT-1"
-4.07794183250892,-1.27280557105931,"AGTGAGGTCTTGCATT-1"
10.0636096620895,0.321729220946708,"AGTGAGGTCTTGTTTG-1"
-1.68242180105674,-3.20065402934941,"AGTGGGAAGAGTAATC-1"
-3.11869996544349,-1.68128395030888,"AGTGGGAAGCTGAAAT-1"
-1.54269402977455,-3.65300774524601,"AGTGGGAAGTCCAGGA-1"
-4.46477621551979,-3.92905116031559,"AGTGGGAAGTCGAGTG-1"
-0.387213764157176,-2.28002190540226,"AGTGGGAAGTTACGGG-1"
-0.570495126213909,-0.220936178664289,"AGTGGGACAAAGCAAT-1"
9.27692467216027,0.601492032905497,"AGTGGGACAAAGCGGT-1"
-0.914711264338374,-0.138490199545942,"AGTGGGACAAGGACAC-1"
-1.27872985359657,-0.93445265243443,"AGTGGGACAAGGTGTG-1"
-5.26262086388099,-2.11974573085698,"AGTGGGACAATCAGAA-1"
-1.71536797043312,-0.926467179755292,"AGTGGGACAATGAAAC-1"
-3.13275593277442,-3.76447892139348,"AGTGGGACACAGACTT-1"
-2.87317508217323,-2.94781327197941,"AGTGGGACATGAAGTA-1"
1.06550175193322,0.165579081078448,"AGTGGGAGTCGATTGT-1"
11.3048692369796,0.603901029129901,"AGTGGGAGTGCCTGGT-1"
-4.25957768913734,1.19185823251811,"AGTGGGAGTTCGCTAA-1"
-1.41190245505798,2.52684688617794,"AGTGGGAGTTTGGGCC-1"
-0.64919879790771,10.3057563309869,"AGTGGGATCCACGTTC-1"
9.19000774863732,-0.231663166979871,"AGTGGGATCCATGAGT-1"
-3.00755351540077,1.80852985431758,"AGTGGGATCCTCAATT-1"
0.0787472153044936,1.05856108715145,"AGTGGGATCTCATTCA-1"
-2.82164734360206,-1.27475595424565,"AGTGGGATCTGGCGAC-1"
-3.29436653610694,-4.23854803989323,"AGTGGGATCTGGTGTA-1"
-2.15941947456825,-4.30082678745183,"AGTGTCAAGAAGGACA-1"
1.13832146171105,-1.28689694354924,"AGTGTCAAGACTAGAT-1"
2.57177645209801,1.34470343639461,"AGTGTCAAGCCAACAG-1"
10.5391183519698,0.248215303321757,"AGTGTCAAGGAGCGAG-1"
-4.0495225762986,-2.16275763461979,"AGTGTCAAGGCCCTTG-1"
1.8588402891494,1.15468359043209,"AGTGTCAAGTGCCATT-1"
-2.49630635735023,3.37803077747432,"AGTGTCAAGTTCGCAT-1"
-1.53504484650123,-1.86994004199894,"AGTGTCACAAACTGTC-1"
-6.00096744057167,0.365680207063832,"AGTGTCACAAAGGCGT-1"
-3.18952911850441,-3.09679222057255,"AGTGTCACAAGCGTAG-1"
-2.75747233387458,4.75849413921443,"AGTGTCACAATCACAC-1"
-2.64140444752204,-0.995574116210065,"AGTGTCACACAGAGGT-1"
3.78693920615685,-4.46413493106755,"AGTGTCACACGGCGTT-1"
0.537429633174061,-0.658979057768903,"AGTGTCACACGTCTCT-1"
-5.2991928434037,-1.76854491184147,"AGTGTCACATCTCGCT-1"
-3.01804679390419,-0.330779790381513,"AGTGTCACATGTAGTC-1"
2.49256807807457,0.770631701250949,"AGTGTCAGTAATTGGA-1"
2.0839927816726,1.10694748212902,"AGTGTCAGTACAGACG-1"
1.65787393096459,1.67049872924892,"AGTGTCAGTACTCGCG-1"
-6.06331962105262,0.363201793780007,"AGTGTCAGTAGCGTGA-1"
-2.13086288925636,0.849530131121554,"AGTGTCAGTAGCTTGT-1"
0.787817778620839,-2.02370023677739,"AGTGTCAGTCGGCACT-1"
-4.85083168503273,-0.76788771102818,"AGTGTCAGTCTTTCAT-1"
10.8086696291305,1.33439189245311,"AGTGTCAGTGCCTGTG-1"
-3.67739480492103,3.30432725002376,"AGTGTCAGTGTGACCC-1"
2.61641079429162,1.48780548622219,"AGTGTCATCACCCGAG-1"
-2.82988399025428,1.83586132576076,"AGTGTCATCAGCTCTC-1"
0.710928263697743,-1.71819949100407,"AGTGTCATCAGCTTAG-1"
-4.19184201714027,2.26168847133724,"AGTGTCATCATTGCGA-1"
1.19254905227196,-0.87875688026341,"AGTGTCATCCCAACGG-1"
11.0686250353194,1.2967846398553,"AGTGTCATCCTTGACC-1"
-2.39070945736396,-4.09632992694767,"AGTGTCATCGTTACAG-1"
2.39956933501732,0.587633550663867,"AGTGTCATCTCAACTT-1"
-2.79823297020423,-4.00824522922429,"AGTGTCATCTGGTATG-1"
1.16016179564965,0.956394911309161,"AGTTGGTAGCCAGTAG-1"
-2.83531480785835,-0.179502069453321,"AGTTGGTAGCCGCCTA-1"
-4.51069396492469,2.98335671474544,"AGTTGGTAGCCGTCGT-1"
-3.79270499702919,0.174811348815837,"AGTTGGTAGGTGCAAC-1"
-5.30330270287025,0.482806653281131,"AGTTGGTAGTCGCCGT-1"
-4.2071141576432,1.97543215801326,"AGTTGGTAGTTCCACA-1"
1.63968402389061,2.34378957798091,"AGTTGGTCAAAGAATC-1"
-0.838091579642177,0.7300935094556,"AGTTGGTCACATCTTT-1"
-2.67377990242469,4.91539835979549,"AGTTGGTCACATTCGA-1"
-1.89185994621742,-4.03788590381535,"AGTTGGTCACCCATGG-1"
-5.40537541862953,-2.76788043926152,"AGTTGGTCAGTACACT-1"
10.6948972368575,1.18542039444057,"AGTTGGTCAGTCAGAG-1"
-5.53662150856483,1.237675309678,"AGTTGGTCATAACCTG-1"
-4.12715667244423,-1.05831718395146,"AGTTGGTGTACCGCTG-1"
11.121327939067,0.695770383377948,"AGTTGGTGTCCAAGTT-1"
9.95498711112511,-0.0352979893484928,"AGTTGGTGTCCATCCT-1"
-2.84489649292457,-0.918878674010358,"AGTTGGTGTCTCTTAT-1"
-3.43108910080421,-0.0805246526995518,"AGTTGGTGTCTCTTTA-1"
-4.90945261475074,-0.172446965674482,"AGTTGGTGTGACAAAT-1"
-3.22070282455909,-3.63842511127385,"AGTTGGTGTGGTTTCA-1"
-4.04665344711769,-1.52927160213383,"AGTTGGTGTTCCACTC-1"
0.394468727145314,-1.61437463710698,"AGTTGGTGTTCCGTCT-1"
10.310144963298,1.06379383852092,"AGTTGGTTCACTTCAT-1"
-2.40819757935035,-1.25603473136815,"AGTTGGTTCATCTGCC-1"
1.79211670402062,0.0911701326569698,"AGTTGGTTCATGTCTT-1"
-5.13581794258583,-1.88174629161747,"AGTTGGTTCATTGCCC-1"
-1.75949096437919,0.5443986063203,"AGTTGGTTCCAGAGGA-1"
11.7816825533248,0.389852976923265,"AGTTGGTTCCGCATCT-1"
-1.22545534130561,0.815682054062762,"AGTTGGTTCGCAAGCC-1"
-3.38149302956092,3.92166185428707,"AGTTGGTTCGCATGGC-1"
10.7717681551315,-0.526027380923352,"AGTTGGTTCGCCTGAG-1"
0.282222809825062,-2.60715198467167,"AGTTGGTTCGGACAAG-1"
-0.229176757302165,-1.91892552326115,"AGTTGGTTCGGCCGAT-1"
-1.56016164776313,0.935270786782183,"AGTTGGTTCGTACCGG-1"
10.9904275560714,0.653781936069407,"AGTTGGTTCTGTACGA-1"
-0.724174079861522,0.74138027479259,"ATAACGCAGAATGTTG-1"
-2.67808574196327,-3.82064461658391,"ATAACGCAGACTAGGC-1"
-4.19919961449134,-4.22367882678898,"ATAACGCAGGATGGAA-1"
2.08845645431054,0.316287100811877,"ATAACGCAGGGCATGT-1"
-4.93927806374061,-1.27324783752354,"ATAACGCAGTCCGGTC-1"
-0.970043112900138,-3.535309314231,"ATAACGCAGTGTACTC-1"
-1.17529392000663,-2.4177031512061,"ATAACGCAGTGTGAAT-1"
2.251281561885,0.297764830788054,"ATAACGCCAAGAGGCT-1"
0.243839921984791,-1.99828362415226,"ATAACGCCAATGAAAC-1"
-3.49043315407264,-1.22710215995701,"ATAACGCCACACATGT-1"
-2.19315749165046,-4.46071886966618,"ATAACGCCATGACATC-1"
-3.03860300537574,3.34495639850704,"ATAACGCGTACAGACG-1"
-2.68807512279975,3.69057631542293,"ATAACGCGTCAACATC-1"
-0.708293614354015,-1.52238750408085,"ATAACGCGTCGCTTTC-1"
-0.460114417042613,-0.415684282282911,"ATAACGCGTGTTCTTT-1"
-1.34079846498001,2.27652680923549,"ATAACGCGTTACGGAG-1"
12.1653056764938,-0.0288326139250614,"ATAACGCGTTGAACTC-1"
-3.54095214363563,-3.66767382572087,"ATAACGCTCCATTCTA-1"
10.2220769548751,-1.88642525623234,"ATAACGCTCCTTGACC-1"
1.4354115152694,-1.45948529193791,"ATAACGCTCGAATCCA-1"
-2.18247717377174,-0.46422457645329,"ATAACGCTCGCGCCAA-1"
9.58189732078087,-0.891735076407514,"ATAACGCTCTACTATC-1"
0.35860497001183,-1.09903311679753,"ATAACGCTCTTTAGGG-1"
-1.16536108907688,-2.48655676792058,"ATAAGAGAGAAGGACA-1"
-1.33065455910194,-2.076005458335,"ATAAGAGAGACTAAGT-1"
-0.213136730160594,-2.877674340705,"ATAAGAGAGAGCCCAA-1"
-1.27417254206169,-1.11189472625645,"ATAAGAGAGCGATGAC-1"
-3.38291972633827,-0.472627400855146,"ATAAGAGAGCTACCTA-1"
0.15864593032372,-0.807319521407209,"ATAAGAGAGCTGCCCA-1"
-2.91662877556312,3.56992840816585,"ATAAGAGAGGAACTGC-1"
-2.8860121345185,1.55838871051876,"ATAAGAGAGGACAGCT-1"
-2.62016314026344,-4.2497880453864,"ATAAGAGAGGAGTCTG-1"
1.58006817344201,-0.478758513430677,"ATAAGAGAGTCCGTAT-1"
-1.59708809610832,-1.6204869742194,"ATAAGAGAGTCGAGTG-1"
3.39785772803795,-4.3718559737006,"ATAAGAGCACGTAAGG-1"
-3.11086886879432,4.5198447709283,"ATAAGAGCACTACAGT-1"
-2.94357126709449,4.11576342632381,"ATAAGAGCAGCTGCAC-1"
-3.29253643509376,4.1957480912408,"ATAAGAGCATGGTTGT-1"
-4.01393121239173,3.16796088268367,"ATAAGAGGTAAGTTCC-1"
-4.56206482407081,-3.16041040370854,"ATAAGAGGTATAAACG-1"
-0.0152707671784166,-2.71059060047062,"ATAAGAGGTCGCGTGT-1"
-4.40104979034889,-0.0272111291685917,"ATAAGAGGTGCAGGTA-1"
-2.48916095253456,-2.93574643085392,"ATAAGAGGTGGCTCCA-1"
-4.9903070306443,1.27272951652614,"ATAAGAGGTTAGTGGG-1"
-2.91851967331398,0.641892254849353,"ATAAGAGGTTCCGTCT-1"
10.5098977709152,0.934922516842761,"ATAAGAGGTTGCGCAC-1"
-5.09791415688026,1.71403944542018,"ATAAGAGTCCGGCACA-1"
-3.95348185059059,-2.42157792995366,"ATAAGAGTCGAGGTAG-1"
-0.68600100037086,10.6170957093438,"ATAGACCAGAACTGTA-1"
-2.31777757164466,2.86839532901851,"ATAGACCAGACACGAC-1"
-2.73227506634223,-4.21269583652409,"ATAGACCAGACTACAA-1"
3.70003229621422,-4.56608653018864,"ATAGACCAGCGGATCA-1"
-0.975227822925926,9.88284945537654,"ATAGACCAGCGTCTAT-1"
0.154904785189747,-1.87146401355656,"ATAGACCAGCTAAGAT-1"
-2.77129786964881,4.5869686608514,"ATAGACCAGGAATGGA-1"
-3.66826075073707,-2.75945639560612,"ATAGACCAGGCCCTCA-1"
10.7071033144332,-0.0785249466696598,"ATAGACCAGGGATCTG-1"
-4.62839764114845,1.02859133531658,"ATAGACCAGTAGGTGC-1"
-2.4913691854142,-0.0287911290922978,"ATAGACCAGTGAACGC-1"
9.75104004386437,1.006642938157,"ATAGACCAGTGAATTG-1"
-1.68727248665321,1.45397794296352,"ATAGACCAGTGTTGAA-1"
0.0311998749114272,-2.28959393451603,"ATAGACCCAAATCCGT-1"
0.122027936015248,-1.67004132221135,"ATAGACCCACATGGGA-1"
8.6232982302047,-0.534113168219648,"ATAGACCCACCCTATC-1"
-2.78634422775733,-3.31714367816838,"ATAGACCCAGGAATGC-1"
11.6668611193038,0.469731748600879,"ATAGACCCATAGTAAG-1"
10.311214985881,-1.1062515969077,"ATAGACCCATATGAGA-1"
8.50416141990197,-0.339421569804273,"ATAGACCGTAAATGAC-1"
1.66956669333947,-0.651192664603315,"ATAGACCGTCCGAGTC-1"
-3.22357266899574,-0.50925129602345,"ATAGACCGTCGCGGTT-1"
0.224374713931203,11.9078261857232,"ATAGACCGTGCACCAC-1"
-2.69426470753181,0.622416601081767,"ATAGACCGTGCAGACA-1"
2.21190387252343,0.0949330930909298,"ATAGACCGTGCATCTA-1"
1.66378051284325,1.89220106651393,"ATAGACCGTTAAGATG-1"
-4.92958086487281,-0.37444049070271,"ATAGACCGTTGCGTTA-1"
1.69294387343895,0.862595052023806,"ATAGACCTCAAAGTAG-1"
11.4079366350509,0.557906553646006,"ATAGACCTCAATCACG-1"
-1.9603478884362,-4.22252249668034,"ATAGACCTCATCACCC-1"
-1.50716101881492,1.12022215177623,"ATAGACCTCCGTTGTC-1"
-0.341707406010509,-0.64462602088841,"ATAGACCTCGCCCTTA-1"
-4.73380487915504,1.56328833152858,"ATAGACCTCTATGTGG-1"
-2.47808867451179,3.84998345424739,"ATAGACCTCTTCGAGA-1"
9.22277790549767,3.34383463909236,"ATAGACCTCTTGTCAT-1"
-5.02441543098915,1.09063917448131,"ATCACGAAGAGGGCTT-1"
8.23619610312951,-0.327192365626416,"ATCACGAAGAGGTAGA-1"
-2.73903184887397,-1.28025841663273,"ATCACGAAGATATACG-1"
-4.950383124318,-2.36739039371403,"ATCACGAAGCGCCTCA-1"
-0.0421450113915208,2.66995811512081,"ATCACGAAGCTCCCAG-1"
9.96484142783654,-1.18533468196782,"ATCACGAAGGCAGGTT-1"
-2.42930692192543,0.827862263222613,"ATCACGAAGGCATGTG-1"
-4.24563854691017,-4.11584925601872,"ATCACGAAGTGTGGCA-1"
0.458499255213856,-0.541853785018048,"ATCACGAAGTTACGGG-1"
-2.79275446888435,-3.30905795047673,"ATCACGACACGTTGGC-1"
-3.20721071716774,-3.84855532596501,"ATCACGACACTTAAGC-1"
-2.19207161423194,-0.948248743514142,"ATCACGACAGCATGAG-1"
-1.51136940475929,-0.919328450659833,"ATCACGACAGGACGTA-1"
-2.03003066536415,-1.09980952690037,"ATCACGACAGTAGAGC-1"
1.93262106421959,-0.411036192874036,"ATCACGACAGTCGTGC-1"
2.50034648421776,1.11730420639125,"ATCACGACATCATCCC-1"
-2.36620408054817,-4.16329359958561,"ATCACGACATGAAGTA-1"
-1.34688403960693,2.12856555034725,"ATCACGAGTACAAGTA-1"
10.4921556139327,1.75336670925228,"ATCACGAGTATATCCG-1"
-4.69407599922645,-3.41521048496159,"ATCACGAGTATCTGCA-1"
-3.95724576469886,3.08151221325008,"ATCACGAGTCTCCACT-1"
0.41852289680016,-0.272782146433912,"ATCACGAGTGATGTGG-1"
-3.59273093697059,0.165516749521174,"ATCACGAGTGTAACGG-1"
-1.40866058823097,-1.14576435039433,"ATCACGAGTTACCGAT-1"
-3.00658744331825,-4.26307225177678,"ATCACGAGTTTACTCT-1"
-2.23535316940773,-2.34905838916691,"ATCACGATCACTATTC-1"
-3.12608355041969,-1.88705754230412,"ATCACGATCATCTGCC-1"
-3.14913004394996,1.21079289962856,"ATCACGATCGGAATCT-1"
-0.720274654593349,-2.39919686267766,"ATCACGATCTCCAGGG-1"
8.00374275687706,1.8716434245309,"ATCACGATCTGCGGCA-1"
-2.19886213299263,-3.12129735896977,"ATCATCTAGAACAATC-1"
-5.1767882680558,1.82018590023128,"ATCATCTAGAAGGGTA-1"
-4.54330676552284,2.72240352680294,"ATCATCTAGATCCTGT-1"
-0.946508692022443,2.21431434204189,"ATCATCTAGCCGTCGT-1"
1.58774286750329,-0.663635491828046,"ATCATCTAGGACAGAA-1"
9.00200516227257,1.08572512914745,"ATCATCTAGGCTATCT-1"
1.64177805427086,0.0165932481488369,"ATCATCTAGGTGCAAC-1"
0.902299346957326,1.58805549194423,"ATCATCTAGGTGTTAA-1"
-3.14028972145546,4.29850792934505,"ATCATCTAGTCGTTTG-1"
-4.83839434143531,-3.57832074115666,"ATCATCTAGTTGTCGT-1"
-3.54658645149696,3.4385311608514,"ATCATCTCAACAACCT-1"
9.95340878013146,2.04945182849971,"ATCATCTCAAGACACG-1"
10.4000049257613,1.08447545816509,"ATCATCTCACATGTGT-1"
2.12257629874718,-0.635103702048383,"ATCATCTCACTACAGT-1"
0.0332964086867568,2.27258265068141,"ATCATCTCAGGATTGG-1"
-3.72385638710487,-0.221433519820295,"ATCATCTCAGGCTGAA-1"
-4.92221277710426,1.90917134334651,"ATCATCTCAGGGTTAG-1"
11.5463910723068,-0.28832936237248,"ATCATCTCATCGTCGG-1"
-4.15314572807777,-2.86603617618474,"ATCATCTCATGCCCGA-1"
3.20879227164757,-4.31029629657658,"ATCATCTGTAGCACGA-1"
-4.85136025902259,2.53299403240291,"ATCATCTGTATCACCA-1"
-1.71809553858268,0.828196824093737,"ATCATCTGTATTAGCC-1"
-3.62810486313331,-1.23688423583897,"ATCATCTGTCAAAGAT-1"
-2.72839706894386,-1.55212593028935,"ATCATCTGTCAGCTAT-1"
-2.978982982602,-3.10150933216008,"ATCATCTGTCGTGGCT-1"
11.7174296999313,1.99425232460109,"ATCATCTGTCTCAACA-1"
0.223030152354359,11.9474179749688,"ATCATCTGTTCAGGCC-1"
-5.1680950498246,1.11072158863155,"ATCATCTTCAAGCCTA-1"
-0.124037263359905,-1.34176492641362,"ATCATCTTCACTTATC-1"
-0.200765368904949,-2.0016121859351,"ATCATCTTCATACGGT-1"
12.0617099428512,0.0465397243699215,"ATCATCTTCATCGCTC-1"
-2.77890687939155,3.72746515323726,"ATCATCTTCCAAGCCG-1"
0.749847950968861,-1.28726458499821,"ATCATCTTCCGGGTGT-1"
-1.73629611488807,-3.48144745777043,"ATCATCTTCCGTCATC-1"
1.53894478324425,2.2559891944131,"ATCATCTTCGTAGGAG-1"
2.59680420402062,1.13586115886775,"ATCATCTTCGTGGTCG-1"
-2.93902283665168,-4.25280499408635,"ATCATCTTCGTTGACA-1"
-3.29152911659706,3.64244151165096,"ATCATGGAGAACTCGG-1"
-2.37364929672706,1.2888723020753,"ATCATGGAGATCCGAG-1"
-1.17324188109863,10.9847190385064,"ATCATGGAGCGTGAAC-1"
11.2266965532638,-0.626290797690473,"ATCATGGAGCTTCGCG-1"
-0.951862068291784,10.4540469651422,"ATCATGGAGTACGTAA-1"
1.59229046348107,2.16230523635951,"ATCATGGAGTCTCGGC-1"
-4.0113887166642,-2.2865939135352,"ATCATGGCAAACTGTC-1"
2.15897947791588,1.90725112011043,"ATCATGGCACAAGACG-1"
-1.83134418484199,-1.27385389755162,"ATCATGGCACAGTCGC-1"
-1.48651048299301,2.7481687073907,"ATCATGGCACCGATAT-1"
1.49772268775475,-0.370868205527387,"ATCATGGCACCTTGTC-1"
8.49110275748742,2.04732406189052,"ATCATGGCAGCCAATT-1"
-2.95579141136634,-2.44361472080143,"ATCATGGCATGGGACA-1"
-2.16450291630256,-0.419860660533033,"ATCATGGCATTGCGGC-1"
-2.14073437210548,-1.67477273891362,"ATCATGGGTACCGTTA-1"
-3.45502441879737,-3.49727415988835,"ATCATGGGTAGCTTGT-1"
-3.03203314301002,0.487296700974383,"ATCATGGGTCCGCTGA-1"
9.81711727622521,2.55534458210079,"ATCATGGGTCGACTAT-1"
-3.18290132042396,1.14459639837352,"ATCATGGGTCTACCTC-1"
9.81016212943566,-1.19288027236851,"ATCATGGGTTACGGAG-1"
-3.54580467697608,-4.12151408145817,"ATCATGGGTTATGCGT-1"
-4.42968457695472,-0.683315276602826,"ATCATGGTCATTGCCC-1"
-2.79981130119789,-4.37442612598332,"ATCATGGTCCATGAAC-1"
1.26630240920556,-1.71823573062809,"ATCATGGTCCCTTGCA-1"
9.75527435782921,-0.734368323783002,"ATCATGGTCCGTTGCT-1"
-1.92240196224678,3.66575574924556,"ATCATGGTCGAGAACG-1"
0.472241106066823,-1.67012238452824,"ATCATGGTCGGATGGA-1"
-0.697816518511653,10.1359078889093,"ATCATGGTCTTGTTTG-1"
1.43227583411705,0.301699698468127,"ATCCACCAGAAGGTTT-1"
-1.54152124878395,-1.36624014327916,"ATCCACCAGATAGCAT-1"
1.46249801162255,2.31552314807979,"ATCCACCAGATGAGAG-1"
-3.25624531265724,-3.13927626560124,"ATCCACCAGATGCCAG-1"
1.36817771438134,1.35029035856334,"ATCCACCAGCGAAGGG-1"
-3.62302559372413,2.60591936161129,"ATCCACCAGCGTCTAT-1"
-4.81007474419105,1.70418155243007,"ATCCACCAGGCGTACA-1"
-4.16474979874122,0.00133064438907127,"ATCCACCAGGTAAACT-1"
-3.95549958702552,0.976006746788897,"ATCCACCAGGTCATCT-1"
-1.60322797056663,2.58826780368892,"ATCCACCAGTACGCGA-1"
10.4831786775924,1.15996682693569,"ATCCACCAGTGTCCCG-1"
-2.84636801239479,-2.75341606090458,"ATCCACCCAAAGTGCG-1"
-2.1767620420121,-4.15315794895085,"ATCCACCCACATCCGG-1"
1.28296858314049,-0.383351385096631,"ATCCACCCACCGAATT-1"
-2.63440984245765,-1.90432619998845,"ATCCACCCATACTACG-1"
-0.452986834015727,-2.77232789943608,"ATCCACCCATCTCGCT-1"
-1.03019499536979,1.82569754173366,"ATCCACCCATTGTGCA-1"
-2.26652854439247,-2.92740726421269,"ATCCACCGTAAGCACG-1"
1.91612059119713,1.55531287242977,"ATCCACCGTAGGGACT-1"
-1.34974696990478,-1.85121178577336,"ATCCACCGTCACACGC-1"
-5.12746852394569,-2.91927099178227,"ATCCACCGTCTCTTTA-1"
-2.14962082859504,-1.08950233409794,"ATCCACCGTGGGTATG-1"
1.3987699175216,1.60182297279445,"ATCCACCGTGTGAAAT-1"
0.71211010459435,-1.77137994716557,"ATCCACCGTGTTCTTT-1"
-0.565159705843807,0.56356190194694,"ATCCACCTCACAATGC-1"
8.99456936362755,0.72290059973804,"ATCCACCTCAGTTAGC-1"
-1.60316657778251,-0.325513898829541,"ATCCACCTCCAAACTG-1"
-1.84239536282051,-0.683304786185346,"ATCCACCTCCAGTATG-1"
-2.50789111610878,4.83207917263118,"ATCCACCTCCGCAGTG-1"
-3.86914986130226,-2.95815539310368,"ATCCACCTCCGTTGTC-1"
-1.81740796324241,2.05785596420375,"ATCCACCTCGTATCAG-1"
1.58441740516198,0.296653368075766,"ATCCACCTCTCAAGTG-1"
-1.38741779085624,-0.614303111533246,"ATCCACCTCTGTCTCG-1"
8.53080898765099,-0.296899079779706,"ATCCACCTCTTTACGT-1"
-2.12194472309577,-0.190838038424573,"ATCCGAAAGAGGTACC-1"
1.28235250953209,-0.0548769230643131,"ATCCGAAAGAGTCGGT-1"
1.18062526229393,1.17422759582607,"ATCCGAAAGCCCAATT-1"
0.314529957804799,-1.68155717800053,"ATCCGAAAGCGTTCCG-1"
-3.81806939598548,2.55501341869441,"ATCCGAAAGCTTTGGT-1"
-0.0727390026711229,-0.537577688197217,"ATCCGAAAGTTGTAGA-1"
-4.35881370064247,-1.7903883452216,"ATCCGAACAAGTAATG-1"
-5.72408574577797,0.0105295484265469,"ATCCGAACACACAGAG-1"
1.24202066901696,2.27767932464687,"ATCCGAACACATCTTT-1"
1.53564769271386,1.89281702091304,"ATCCGAACAGACAGGT-1"
-2.85644072052467,0.429313302536883,"ATCCGAACATATACGC-1"
-2.42075401302803,-0.212197601298413,"ATCCGAAGTAAGGGCT-1"
-2.50168031212318,-0.90155482242497,"ATCCGAAGTAGGCATG-1"
-3.64825170990455,-2.07380080173405,"ATCCGAAGTCTCAACA-1"
-2.49526792522895,3.08108568241207,"ATCCGAAGTCTCATCC-1"
0.523805680308461,-2.29196238468083,"ATCCGAAGTCTCCATC-1"
0.303749980960011,-0.57156294534596,"ATCCGAAGTGATGCCC-1"
-3.62060302254188,2.71057748844234,"ATCCGAAGTTAGGGTG-1"
-1.865930435624,2.61044120838253,"ATCCGAAGTTGTCTTT-1"
9.99021774772179,0.259819791217723,"ATCCGAATCAGGTTCA-1"
-2.74605387207496,2.39126777698604,"ATCCGAATCATCACCC-1"
-2.10043865200508,-1.3647326226035,"ATCCGAATCGAGGTAG-1"
-1.1252487128638,-2.85106062839421,"ATCCGAATCTATGTGG-1"
-0.782735628452182,11.3171584611138,"ATCCGAATCTGATTCT-1"
-2.14772647377479,-1.13425898502263,"ATCCGAATCTGGGCCA-1"
11.355344357524,1.00148797084896,"ATCGAGTAGAAGGCCT-1"
0.191319170031666,11.7970445161065,"ATCGAGTAGATAGCAT-1"
-3.38742655273902,-1.0118421311179,"ATCGAGTAGATATGCA-1"
-4.99065297600257,-0.0781347448626377,"ATCGAGTAGATGTAAC-1"
-2.06830340382087,4.15704894115535,"ATCGAGTAGCTCCCAG-1"
10.4336543703414,-0.203745722273908,"ATCGAGTAGGTGTTAA-1"
-2.92348295208442,2.45531368305294,"ATCGAGTAGTAGTGCG-1"
-2.16629773136604,-0.703455090025983,"ATCGAGTAGTCGTACT-1"
-1.80373686310279,0.817814678450503,"ATCGAGTAGTCTCAAC-1"
9.90879017356408,0.607596666117587,"ATCGAGTAGTTCGCAT-1"
-0.42675822731483,-3.1051654810706,"ATCGAGTCAAATCCGT-1"
11.2380719805099,-0.455622493723951,"ATCGAGTCAACCGCCA-1"
-3.22067135330665,4.61909461071102,"ATCGAGTCAAGAGGCT-1"
2.14828211310875,-0.351246773699842,"ATCGAGTCAAGCCCAC-1"
-1.04813491683829,-2.26152443836125,"ATCGAGTCAATAGAGT-1"
-4.91175502296913,2.14165818740932,"ATCGAGTCAATAGCGG-1"
-0.394135830368877,-1.33190119216832,"ATCGAGTCACCCTATC-1"
0.734802904162526,-1.52783954093846,"ATCGAGTCAGCGATCC-1"
10.3140292787887,2.04407739688961,"ATCGAGTCAGGAATCG-1"
0.585900130305409,-1.85735416362675,"ATCGAGTCAGTCTTCC-1"
-3.78576606270301,0.610476881762423,"ATCGAGTCATCGTCGG-1"
-1.97161179539192,-0.261442183951459,"ATCGAGTGTAGCCTCG-1"
-3.71731775757301,2.11012244274227,"ATCGAGTGTAGGGACT-1"
-2.75855260845649,1.52901935627071,"ATCGAGTGTCCCTTGT-1"
-0.650760111775279,-1.17741155574711,"ATCGAGTGTCCGAGTC-1"
8.39283901694787,1.38356471111385,"ATCGAGTGTGAGCGAT-1"
-2.74450570103157,-1.4569983477393,"ATCGAGTGTGCGATAG-1"
11.6201129579879,-0.571115314463697,"ATCGAGTGTGGTAACG-1"
-1.34466048833358,-2.46451044032963,"ATCGAGTGTGGTCTCG-1"
-0.208952901329875,-0.510975121954999,"ATCGAGTGTGTCAATC-1"
-3.16521757599342,-1.69001769969853,"ATCGAGTGTTACGACT-1"
-3.1375181054734,4.58386492778865,"ATCGAGTGTTTAGGAA-1"
-1.93723553177345,2.85585427333919,"ATCGAGTTCAAACGGG-1"
0.487017097506642,-1.00521326015385,"ATCGAGTTCAACGCTA-1"
-5.05140012260902,1.38670229961483,"ATCGAGTTCAATAAGG-1"
-3.03113811966407,-4.04644751499089,"ATCGAGTTCAATACCG-1"
-2.87438994404304,-0.233829140166364,"ATCGAGTTCAATCTCT-1"
10.3848205232955,0.852223784228244,"ATCGAGTTCACAGTAC-1"
2.12089377883446,1.6545716529092,"ATCGAGTTCACTCCTG-1"
10.561947407756,-0.135298072794996,"ATCGAGTTCACTCTTA-1"
1.30711537841332,-1.92357969234379,"ATCGAGTTCAGCGATT-1"
-3.1857199048661,-1.1666592354575,"ATCGAGTTCCGCTGTT-1"
8.29014736655724,1.56406784107295,"ATCGAGTTCGAATCCA-1"
-4.83779090401161,-2.28994893978032,"ATCGAGTTCTCGAGTA-1"
-5.88701671120155,-0.055069088439069,"ATCGAGTTCTGAGGGA-1"
-1.07215481754768,1.22026801158992,"ATCTACTAGAAGATTC-1"
2.35866552833092,1.28629499723522,"ATCTACTAGAAGGTTT-1"
-0.925370362963558,-1.22989451835545,"ATCTACTAGCGTGAGT-1"
-1.88344496246803,3.33984041263668,"ATCTACTAGCTACCTA-1"
10.3410039568282,-0.262458383540235,"ATCTACTAGCTAGCCC-1"
-2.45012360569465,-1.59022855708989,"ATCTACTAGGATGTAT-1"
2.15401703361046,0.619801477094569,"ATCTACTCACATTAGC-1"
-3.89554112907875,-3.11908960292729,"ATCTACTCAGCTGTAT-1"
-2.65515821930397,-4.12439608524235,"ATCTACTCAGGGAGAG-1"
-3.57127755638587,0.390278541048446,"ATCTACTCAGTATCTG-1"
-5.29903644081581,-1.41154217670353,"ATCTACTCATCACGAT-1"
-2.28076725956428,0.629507750769534,"ATCTACTGTAAATACG-1"
9.80106216910851,-0.466967641810498,"ATCTACTGTACTCTCC-1"
-4.79940622803199,-2.37464117954167,"ATCTACTGTCTCTCGT-1"
-1.61476891991127,-1.66076254794987,"ATCTACTGTTATGCGT-1"
0.848618927035451,0.461616378774323,"ATCTACTGTTCCACAA-1"
-2.62390357014167,-0.379779695967756,"ATCTACTGTTGCGCAC-1"
-3.39953607079017,2.41032171299068,"ATCTACTGTTGTTTGG-1"
-1.3305666422509,1.7113308911523,"ATCTACTGTTTACTCT-1"
-0.188970026936412,-2.03660035083684,"ATCTACTTCAAAGTAG-1"
-3.26269477364051,-3.77410101840886,"ATCTACTTCAACGAAA-1"
-4.22096246239173,3.1461658482751,"ATCTACTTCACCTCGT-1"
-4.68712347504127,-1.20290136287602,"ATCTACTTCACGACTA-1"
-2.24758642670143,-0.918662070731244,"ATCTACTTCAGTGCAT-1"
-0.448331830468059,-1.59083282897862,"ATCTACTTCGAACTGT-1"
-0.559177873101116,0.923406303425708,"ATCTACTTCGCGTAGC-1"
-5.74827331062782,0.150213122864642,"ATCTACTTCGGCGCAT-1"
-1.64782654997337,-3.43338561008366,"ATCTACTTCTGGCGTG-1"
-5.63722175117958,-1.46397793243321,"ATCTACTTCTGGTGTA-1"
-2.06029146667945,-0.192919015387616,"ATCTGCCAGAAACGCC-1"
-1.15621199962127,2.47518444110958,"ATCTGCCAGCGATAGC-1"
-5.71475165840614,1.58656621028987,"ATCTGCCAGCGATGAC-1"
-2.8048400258683,3.67106676151363,"ATCTGCCAGCTCTCGG-1"
1.70255047324669,-1.10579907844456,"ATCTGCCAGGGCTTGA-1"
-2.32665902134407,-2.87182760188969,"ATCTGCCAGGTGCTAG-1"
-2.56943684574592,-2.39362001369389,"ATCTGCCCAAGCGCTC-1"
-1.43876471873748,-0.260930895308576,"ATCTGCCCAAGTCATC-1"
-1.67519283052909,-2.11737489650639,"ATCTGCCCAATCGAAA-1"
0.97432774547112,-2.082428454856,"ATCTGCCCACAAGACG-1"
-3.66377323624122,4.23741364528743,"ATCTGCCCACCTTGTC-1"
1.60003143790734,2.20582807113735,"ATCTGCCCACTCTGTC-1"
-2.73361211773384,-3.6103198523322,"ATCTGCCCAGGTCGTC-1"
-5.23489516731727,2.34926605274288,"ATCTGCCCAGTATAAG-1"
3.70405966285241,-4.5708215231696,"ATCTGCCCATCCAACA-1"
1.3372886801101,2.36099576999752,"ATCTGCCGTACACCGC-1"
-1.06102151926982,1.57454955627529,"ATCTGCCGTACCATCA-1"
-1.30564969536293,0.10709819247333,"ATCTGCCGTAGCTTGT-1"
-4.03119247910011,-3.72945809314641,"ATCTGCCGTCATATCG-1"
-3.52532499786842,-2.59441399524601,"ATCTGCCGTCATGCAT-1"
-1.24267557021606,-2.34298419902714,"ATCTGCCGTCCGACGT-1"
0.845360698733449,-2.36480641315373,"ATCTGCCGTCGCCATG-1"
-3.0983483171128,2.0551220183572,"ATCTGCCGTCTAGCGC-1"
-2.96436160561073,-2.6259481901923,"ATCTGCCGTTAAAGAC-1"
9.52048927787316,1.26937848379222,"ATCTGCCGTTAAGGGC-1"
-3.0646991109513,-3.09845113704594,"ATCTGCCGTTATGCGT-1"
-2.48628598209846,-3.87455534885319,"ATCTGCCTCACGGTTA-1"
-3.43053501602638,0.229498774310031,"ATCTGCCTCACTATTC-1"
-3.78035276886451,2.13375675727931,"ATCTGCCTCATCACCC-1"
-0.399716017212749,-2.49009752223881,"ATCTGCCTCCGCAAGC-1"
3.95747572425377,-4.73823714206608,"ATCTGCCTCCGGGTGT-1"
-3.70402902122962,-0.248044013480268,"ATCTGCCTCGGAAATA-1"
-3.14620154854286,-1.16178381393345,"ATCTGCCTCTCTGCTG-1"
-3.09849303719032,-1.8028235430518,"ATGAGGGAGAAGATTC-1"
-3.0933880185746,-2.57493710468205,"ATGAGGGAGATCGATA-1"
-0.747258154120326,10.2011392121514,"ATGAGGGAGCTAGTGG-1"
0.943528952632069,1.24567455103008,"ATGAGGGAGGGTATCG-1"
1.51192170623314,1.71058642913906,"ATGAGGGAGGTGCTAG-1"
-1.86351042744148,-3.27921009014042,"ATGAGGGAGGTGGGTT-1"
-1.29660916086662,2.33531391670314,"ATGAGGGAGTACGTTC-1"
-1.33771228548515,-2.45085763881596,"ATGAGGGAGTCTCAAC-1"
-1.79825615641105,-1.0526707167426,"ATGAGGGCACGGTGTC-1"
2.43766933921349,1.65332734634487,"ATGAGGGCAGCGTCCA-1"
-1.65152603146064,-2.5527768130103,"ATGAGGGCAGGCAGTA-1"
-0.0139956450127366,0.127049267788806,"ATGAGGGCAGGTTTCA-1"
1.95853835586083,-0.0204376871386387,"ATGAGGGCATGCGCAC-1"
-2.09460764881599,-3.19055104205998,"ATGAGGGCATTTGCCC-1"
-5.28563779350746,1.61764168788997,"ATGAGGGGTACAGACG-1"
-5.04387515541542,0.20811000516025,"ATGAGGGGTCTAAACC-1"
10.3439059877731,1.06869071771709,"ATGAGGGGTCTCGTTC-1"
-2.21564680096138,-2.23411345432194,"ATGAGGGGTCTTTCAT-1"
3.77955204490197,-4.64582562396916,"ATGAGGGGTTCACCTC-1"
-2.47005384918678,-1.31008362720402,"ATGAGGGGTTCCCTTG-1"
-4.69561069962013,0.34163907219974,"ATGAGGGGTTCGTGAT-1"
0.534031810793996,2.1611999278268,"ATGAGGGGTTCTGGTA-1"
0.197892251048207,11.8825051789483,"ATGAGGGTCAGTACGT-1"
9.55208832267296,0.419216262673416,"ATGAGGGTCCTGCCAT-1"
2.2819200182296,0.84983974744884,"ATGAGGGTCGCTAGCG-1"
10.0429998064376,1.02055126478282,"ATGAGGGTCGGCCGAT-1"
0.484286012683034,-2.04080963085087,"ATGAGGGTCTGATTCT-1"
8.59605556968224,0.0260779266556881,"ATGAGGGTCTTGACGA-1"
-0.219644305672527,11.2592933182916,"ATGAGGGTCTTTAGTC-1"
3.70247322562706,-4.64393877933415,"ATGCGATAGAGCAATT-1"
0.104032459292531,-1.36646580646428,"ATGCGATAGATAGGAG-1"
-2.02673345562446,0.893851012488284,"ATGCGATAGCGTGTCC-1"
0.174678387675404,11.8215663438043,"ATGCGATAGCTAACAA-1"
1.40011006835473,-1.00110840747746,"ATGCGATAGCTCCCAG-1"
2.44745499137413,1.23039305259792,"ATGCGATAGGAGTACC-1"
-0.922573489513278,10.2717120652398,"ATGCGATAGTCCAGGA-1"
0.561982336077809,-1.78406476924809,"ATGCGATAGTGCTGCC-1"
-5.71221345421302,2.07897615482418,"ATGCGATCAAGCTGTT-1"
-1.81522828098762,-2.59316301296147,"ATGCGATCATAGGATA-1"
2.09843999389183,0.96780622055141,"ATGCGATCATGAACCT-1"
-0.798347932662845,-1.66673064182194,"ATGCGATCATTGCGGC-1"
9.20556122306359,1.35910677959529,"ATGCGATGTAGGAGTC-1"
10.1590018892623,-1.57116424987706,"ATGCGATGTAGTGAAT-1"
-2.48504274841774,-4.34878516147526,"ATGCGATGTATCACCA-1"
11.2615647936202,-0.295915603140912,"ATGCGATGTATCAGTC-1"
-5.17257255074012,0.223209292193332,"ATGCGATGTCAGAAGC-1"
10.5513568544723,1.07409548809139,"ATGCGATGTCTGGTCG-1"
0.221142711672902,11.8876607423028,"ATGCGATGTGTAAGTA-1"
-3.24532240387428,0.906702369948306,"ATGCGATGTGTCCTCT-1"
2.38013130668175,0.263557345171847,"ATGCGATGTTAAGTAG-1"
10.0449185991622,2.10547006179897,"ATGCGATGTTCATGGT-1"
-1.21164794024456,-1.5795112843314,"ATGCGATTCAGTGTTG-1"
11.0491681719161,-0.639365910986982,"ATGCGATTCGACAGCC-1"
7.93152767661583,1.5507684951028,"ATGCGATTCGCGTAGC-1"
-0.641047922339321,-0.879322528342328,"ATGCGATTCGCTGATA-1"
-4.93989938255775,-3.1363949770728,"ATGCGATTCGGAGGTA-1"
-3.21484178062904,4.10416150142757,"ATGCGATTCGGCGGTT-1"
-2.31521957870948,1.83415901710597,"ATGCGATTCGTCCGTT-1"
-3.35613959785926,4.34130144168941,"ATGCGATTCGTTTAGG-1"
-4.52573984619606,-1.69952559421452,"ATGGGAGAGCAGATCG-1"
11.2114997530319,0.763242930670657,"ATGGGAGAGCCAGTTT-1"
-3.98252314087379,1.61461460640041,"ATGGGAGAGGCATTGG-1"
-1.04159361254799,-1.08310735175999,"ATGGGAGAGTGTACGG-1"
3.89861208442223,-4.72032093952092,"ATGGGAGCACAGAGGT-1"
-0.689242986407161,-2.36413717220219,"ATGGGAGCAGATGGGT-1"
1.79357630256188,0.355118748297372,"ATGGGAGCAGTGAGTG-1"
-0.531537917818904,10.6112363343438,"ATGGGAGCATATACGC-1"
-4.11839741226661,-1.53121876666935,"ATGGGAGCATCAGTCA-1"
2.10677010062706,2.22377872516719,"ATGGGAGGTAAATGAC-1"
-4.57852333542335,-0.539518177012525,"ATGGGAGGTACAGCAG-1"
-5.16428702827919,1.41138219883052,"ATGGGAGGTATGAATG-1"
-0.752484304275394,10.4021356110772,"ATGGGAGGTGTGCGTC-1"
1.11595183852684,1.82880497028438,"ATGGGAGGTTCCGGCA-1"
1.3787012720443,2.49301409771053,"ATGGGAGGTTTACTCT-1"
1.49111348632348,2.5069441800317,"ATGGGAGGTTTGACAC-1"
2.03984123710167,1.89853584816066,"ATGGGAGTCAACGGGA-1"
-2.54363697525489,-4.01647686908635,"ATGGGAGTCACTTATC-1"
-3.10456531998146,4.34878468563167,"ATGGGAGTCAGGCAAG-1"
1.47348505500329,-0.99574518154057,"ATGGGAGTCATTATCC-1"
-1.98397254702079,-0.588080167273603,"ATGGGAGTCCCTGACT-1"
-0.764323530163646,-2.20275354335698,"ATGGGAGTCCGCGTTT-1"
-3.76950043198097,-0.198466002444349,"ATGGGAGTCCGGGTGT-1"
-3.73097532745826,-0.754730462531171,"ATGGGAGTCCTCAATT-1"
1.66334468368065,-0.00100490401180764,"ATGGGAGTCCTTGCCA-1"
2.70584947112572,1.06015873005001,"ATGGGAGTCTAACTGG-1"
1.51065618041527,2.09037530471889,"ATGGGAGTCTCGCTTG-1"
0.170669975314259,-1.16136503169926,"ATGGGAGTCTCTGTCG-1"
-1.25172245260704,2.81402444889156,"ATGTGTGAGACGCACA-1"
10.788320126567,1.17455864002315,"ATGTGTGAGATCCTGT-1"
3.79845291617882,-4.58352303455266,"ATGTGTGAGATCTGCT-1"
1.14849168303978,0.0262261634072445,"ATGTGTGAGCACAGGT-1"
9.09585339072716,1.36051929046718,"ATGTGTGAGCTACCGC-1"
-2.82631832119453,4.25480723430721,"ATGTGTGAGCTCAACT-1"
-4.71376222130287,-0.281960904101453,"ATGTGTGAGCTGCGAA-1"
-5.95982783791053,-0.743388533095441,"ATGTGTGAGGATGGTC-1"
-5.98642676826942,0.0501694684228084,"ATGTGTGAGGCCGAAT-1"
-3.15655177589881,-1.38353955696019,"ATGTGTGAGGGAACGG-1"
0.842853131327748,0.209054068227687,"ATGTGTGAGTGGGTTG-1"
-2.68885773178566,2.99778747608272,"ATGTGTGAGTTGAGAT-1"
-2.09315126892555,3.67041420986263,"ATGTGTGCACAGCCCA-1"
9.59230762961876,-0.688295483092389,"ATGTGTGCACGAAGCA-1"
7.93990475181115,1.6222686772546,"ATGTGTGCAGCTCCGA-1"
-1.78699993845451,-2.17782425830754,"ATGTGTGCAGCTGCAC-1"
-0.904593487646461,-0.310593544940076,"ATGTGTGCAGTCACTA-1"
9.45488029960167,0.696045309801974,"ATGTGTGCATATGAGA-1"
0.158603849444508,11.9381539826593,"ATGTGTGCATCTCGCT-1"
-2.59294324871528,1.35064232399074,"ATGTGTGCATTTGCCC-1"
-5.05732100960243,1.49095201541988,"ATGTGTGGTAAGGGAA-1"
-0.8785850083493,-1.85441374729069,"ATGTGTGGTCGTGGCT-1"
-3.98999708649147,-3.6021444792548,"ATGTGTGGTCTGATTG-1"
9.19716698173058,3.3802442555627,"ATGTGTGGTGATAAAC-1"
0.305435600314259,-2.88077521274479,"ATGTGTGGTTCACGGC-1"
-4.22522610184181,-2.70375728557499,"ATGTGTGGTTCCCGAG-1"
-4.03829949852455,0.123093665142932,"ATGTGTGTCACTCCTG-1"
-3.19322150703895,1.87945616294948,"ATGTGTGTCAGATAAG-1"
-4.9254831647538,-2.79396963069829,"ATGTGTGTCAGCGATT-1"
1.63000494483483,0.98249435474483,"ATGTGTGTCAGTACGT-1"
10.2767091417648,0.357788712283053,"ATGTGTGTCGCATGAT-1"
-2.92217117306221,-1.53170847843083,"ATGTGTGTCGGCGCAT-1"
-0.529567686285854,0.0843049590787075,"ATGTGTGTCGTACGGC-1"
3.55812460425866,-4.51225924442204,"ATGTGTGTCTAACCGA-1"
0.565516057047963,2.89147424747554,"ATGTGTGTCTACGAGT-1"
-1.23139220234382,-1.82114744136723,"ATGTGTGTCTCGCATC-1"
-4.3466290807389,-3.35877108524235,"ATGTGTGTCTGCTTGC-1"
-4.28920906540382,2.4909038548669,"ATGTGTGTCTTGAGAC-1"
1.16933614257348,-2.02845311115178,"ATGTGTGTCTTGCAAG-1"
-1.74505185839164,-0.810397743681989,"ATGTGTGTCTTTAGGG-1"
1.15414220336449,1.77506101181118,"ATTACTCAGATCTGCT-1"
-1.02206014972556,-3.69359040210637,"ATTACTCAGGCGCTCT-1"
-5.66079324242103,0.938970029850879,"ATTACTCCAAACAACA-1"
0.244547190699696,-1.52591860244664,"ATTACTCCAACAACCT-1"
2.3137004995681,-0.0854786033430912,"ATTACTCCACCAGATT-1"
2.22559577468407,-0.317535101870618,"ATTACTCCACCAGGTC-1"
-2.68845146652687,0.775352418919482,"ATTACTCCAGACAAGC-1"
0.414433898959279,-1.89848494480046,"ATTACTCCATAGAAAC-1"
-2.18361764904487,0.819779783984103,"ATTACTCCATATGAGA-1"
0.441449584994435,-2.47672438571843,"ATTACTCGTAGCTAAA-1"
-1.07756991442668,11.1007239823541,"ATTACTCGTAGCTCCG-1"
0.222454490695119,11.89343333294,"ATTACTCGTAGGGACT-1"
-3.08943432327735,-2.84401535938176,"ATTACTCGTCCGAACC-1"
8.75269657615197,-0.567269503573499,"ATTACTCGTGACTCAT-1"
2.29633480552208,0.922997594376483,"ATTACTCGTGAGTATA-1"
10.5618768358566,2.02416980316249,"ATTACTCGTGCATCTA-1"
-3.95240419861305,-3.55964994380864,"ATTACTCGTTCTGTTT-1"
2.02748996261132,-0.0669282669821598,"ATTACTCGTTTGGCGC-1"
-0.608354864086986,-3.1178390974799,"ATTACTCGTTTGTGTG-1"
-2.69256680962074,-2.8239793772498,"ATTACTCTCAACACAC-1"
-3.22065776344764,2.15164887954799,"ATTACTCTCACCAGGC-1"
-4.76920836922157,2.11940312435237,"ATTACTCTCCAGAGGA-1"
-2.04627054687965,-1.01014518688115,"ATTACTCTCGAACTGT-1"
-4.30630582329261,-2.69172787616642,"ATTACTCTCGTTTAGG-1"
-3.95238202568519,-0.616874813536725,"ATTATCCAGAGACTAT-1"
-2.18029898163307,-3.68799138019475,"ATTATCCAGGTGCAAC-1"
1.37409264091027,-0.0481533403197147,"ATTATCCAGTATTGGA-1"
2.22521955016625,1.13475257207958,"ATTATCCAGTCGTACT-1"
-5.73090690132606,1.64623415519802,"ATTATCCAGTGAACAT-1"
1.39794188979638,0.541501284142413,"ATTATCCCAAGGTTTC-1"
10.4511371279098,1.31784319927303,"ATTATCCCACAGATTC-1"
-0.936353904571414,-2.30657148311528,"ATTATCCCAGATCCAT-1"
-1.69275903460014,-2.14973998020085,"ATTATCCCAGGTGCCT-1"
1.44626742843163,1.98925101806728,"ATTATCCCAGTGAGTG-1"
11.3124738359786,0.00969377209750633,"ATTATCCCATAAAGGT-1"
10.4348760271407,2.26069891502468,"ATTATCCCATGCAACT-1"
-5.41950362678993,1.96768820335475,"ATTATCCGTAGGCATG-1"
-2.73733752724159,-3.99537873218449,"ATTATCCGTAGGGACT-1"
-3.96882909294593,0.292915851374545,"ATTATCCGTATGCTTG-1"
-4.86462157722938,-1.97736144016179,"ATTATCCGTCAGAAGC-1"
-0.0561308836601976,2.57551145603267,"ATTATCCGTCGCTTCT-1"
-5.38202994820106,0.00978159954158286,"ATTATCCGTTTGGGCC-1"
-0.878443901803375,-3.5787606234351,"ATTATCCTCAACTCTT-1"
-3.26428717133033,0.839986444016375,"ATTATCCTCCATGCTC-1"
-0.58950316664207,0.982702613373675,"ATTATCCTCCTTGGTC-1"
-0.567182925906062,10.6382386689386,"ATTATCCTCGCTTGTC-1"
9.89403301719201,0.227370843788066,"ATTATCCTCGGCGCAT-1"
11.2969985628463,0.934519112606921,"ATTATCCTCTGAGGGA-1"
-1.31933188196647,-3.58238339374455,"ATTCTACAGACGACGT-1"
0.111743392977833,-1.592682361106,"ATTCTACAGATGCCTT-1"
10.7933774614669,0.376846299072184,"ATTCTACAGCTAACAA-1"
-1.90997987743843,3.2002441888055,"ATTCTACAGGAACTGC-1"
-3.55658882614601,-0.597480535010419,"ATTCTACAGGACCACA-1"
9.55490547660363,-0.917125462988935,"ATTCTACAGTAGGCCA-1"
-4.06111544128883,3.02740049411861,"ATTCTACAGTGCCAGA-1"
0.877550544772267,2.09122133304683,"ATTCTACAGTGTTTGC-1"
-2.05597823616493,-3.40268039653691,"ATTCTACCAAGTCATC-1"
10.9216724062301,0.607970998187938,"ATTCTACCAATAACGA-1"
-5.41919892784584,-2.65961146304997,"ATTCTACCACAAGCCC-1"
2.11165863517296,1.44188320686428,"ATTCTACCACCTATCC-1"
-0.400589106049419,-1.29673707435521,"ATTCTACCACGGATAG-1"
9.66262394431603,-0.347003221015058,"ATTCTACCACTAGTAC-1"
-0.968227298375249,-0.194265543917737,"ATTCTACCAGATGGGT-1"
-2.35735350605476,4.19293332149593,"ATTCTACCAGTTCCCT-1"
-2.23149674889076,-1.76085352847966,"ATTCTACCATCACCCT-1"
-1.73883652445304,-2.8468441958228,"ATTCTACCATCGGTTA-1"
11.0492177629806,0.418962004159965,"ATTCTACCATTAACCG-1"
-4.67928761002052,-2.08147740314396,"ATTCTACCATTCTTAC-1"
0.00262975934517351,1.17975068142024,"ATTCTACGTAAGTGTA-1"
-1.98586976286399,1.12317454864589,"ATTCTACGTAATAGCA-1"
-2.75534575935829,1.47131931831447,"ATTCTACGTATATCCG-1"
-2.43000858780372,-1.30195939491185,"ATTCTACGTCCGAGTC-1"
2.43988043311608,0.741297513743319,"ATTCTACGTCCTCTTG-1"
-0.966350642409206,-1.09626126239689,"ATTCTACGTGCAGGTA-1"
-0.627471951212764,1.6866521840295,"ATTCTACGTGTCTGAT-1"
-0.791502056088329,10.5599772935113,"ATTCTACGTTCATGGT-1"
9.94020039084923,0.569682822128215,"ATTCTACTCAACCAAC-1"
-2.54853504654396,-1.4465014929572,"ATTCTACTCCCACTTG-1"
-5.67290919777381,1.76230239917842,"ATTCTACTCGCAGGCT-1"
-1.30787205454338,-0.971766709784589,"ATTCTACTCGGAGGTA-1"
-3.08324855324256,-1.1059960121909,"ATTCTACTCTACTTAC-1"
-5.38408034798133,1.37869364072887,"ATTCTACTCTGTCTCG-1"
0.996188344988942,-2.13018107364567,"ATTGGACAGAATCTCC-1"
10.0953460359908,-1.04261398265751,"ATTGGACAGACTAGGC-1"
-2.84256475922096,-4.33629345844182,"ATTGGACAGCGGATCA-1"
-3.07544082161415,-3.11477899501713,"ATTGGACAGCGTGAGT-1"
-2.89294570442665,1.72138381054012,"ATTGGACAGTCACGCC-1"
0.890035691294789,0.544325411816516,"ATTGGACAGTTGTAGA-1"
-0.549479571547389,-1.2408894295493,"ATTGGACCAAGTTAAG-1"
10.3572755480148,1.78818476249782,"ATTGGACCAATCACAC-1"
0.446048083338856,-1.31874012897404,"ATTGGACCACAACGCC-1"
3.72686392310631,-4.69101691196354,"ATTGGACCACGGTAAG-1"
-1.85599285122383,-1.56270766208561,"ATTGGACCAGGGTACA-1"
-4.99013441559303,-3.5967471594611,"ATTGGACCATCCGGGT-1"
-3.07188981529701,1.72182416965572,"ATTGGACGTACAGACG-1"
-0.582268027033687,-2.54450654933842,"ATTGGACGTAGCAAAT-1"
1.93103105071557,-1.0605471129218,"ATTGGACGTCTGCCAG-1"
-2.85512202736366,-0.693969487647138,"ATTGGACGTGCAGGTA-1"
-4.35255902763832,-3.84512543628605,"ATTGGACGTGCAGTAG-1"
2.55268055442345,0.698683172961154,"ATTGGACGTTAAAGAC-1"
-2.7585365152024,-2.71653795192631,"ATTGGACGTTATCACG-1"
-2.49338680263984,4.45323586513607,"ATTGGACGTTCCAACA-1"
-4.24510949608314,1.15725952436534,"ATTGGACGTTCTGGTA-1"
-4.92989891525734,-0.215109109381757,"ATTGGACTCCTAAGTG-1"
1.51228147986901,0.147754669686236,"ATTGGACTCGGATGTT-1"
10.9132667208053,1.20458710243312,"ATTGGACTCGTGTAGT-1"
-1.88285243269432,-3.75046276996525,"ATTGGACTCGTTACAG-1"
-2.91897421833503,-3.49686884830388,"ATTGGACTCTACTTAC-1"
-1.1104454895519,-1.33651018093022,"ATTGGACTCTGAGTGT-1"
-0.438871858086467,-0.690248250464521,"ATTGGACTCTGGCGTG-1"
1.74974733832848,1.0609899168214,"ATTGGACTCTTAACCT-1"
0.876976790461659,0.565753132601657,"ATTGGTGAGATACACA-1"
-0.790392232503772,-1.57135212371739,"ATTGGTGAGCAATCTC-1"
-1.50156169888008,-0.943938016394696,"ATTGGTGAGCGATAGC-1"
-0.301645038094402,-1.86160731265934,"ATTGGTGAGCGTTGCC-1"
-1.62547766920555,2.69684743930904,"ATTGGTGAGCTAGGCA-1"
-0.086287436451793,2.40855336238948,"ATTGGTGAGGACCACA-1"
-2.8620384311341,-3.97675156543644,"ATTGGTGAGGCATTGG-1"
-4.83620613571632,-0.0276049966612675,"ATTGGTGAGGGCTTGA-1"
-1.37486982103813,-3.60589432666691,"ATTGGTGAGTCCAGGA-1"
-4.38846343513954,0.183444709082522,"ATTGGTGAGTCCTCCT-1"
-2.94241362568367,0.746556044121661,"ATTGGTGCAACTGCGC-1"
1.29564911368859,1.92987000991909,"ATTGGTGCACATGGGA-1"
-2.20742028709877,3.07298684169857,"ATTGGTGCACTAGTAC-1"
1.02990848067772,-1.51764798114689,"ATTGGTGCAGTAGAGC-1"
-3.2733938073777,-4.02110648105534,"ATTGGTGCAGTGAGTG-1"
8.435123982463,1.21040272762386,"ATTGGTGCATACCATG-1"
9.95284611228478,0.312514104445853,"ATTGGTGGTAAACCTC-1"
-0.726685253348232,-2.59394431064518,"ATTGGTGGTAGGACAC-1"
-4.79060882088173,2.08822453071681,"ATTGGTGGTATTCGTG-1"
10.9272027635909,0.67410966803638,"ATTGGTGGTGATAAGT-1"
-2.70828491207588,4.39226269771663,"ATTGGTGGTGTGAAAT-1"
8.79028374198449,0.962117255230822,"ATTGGTGTCAACACGT-1"
-5.6980375623368,2.07940578510372,"ATTGGTGTCAACTCTT-1"
9.1141019487716,0.668411195774951,"ATTGGTGTCACGACTA-1"
2.52170187476647,1.63687527229396,"ATTGGTGTCAGTTAGC-1"
-5.2427849149369,-0.0286292130747654,"ATTGGTGTCCCAACGG-1"
1.98440534118187,1.96888315727321,"ATTGGTGTCGTGGGAA-1"
-0.255070862736583,-1.62140774677189,"ATTTCTGAGGACAGAA-1"
8.8143611574508,0.156007797022738,"ATTTCTGAGGTTACCT-1"
-4.22042506691444,1.38652163793651,"ATTTCTGAGTTAGGTA-1"
-2.83740621563423,0.00591868211833457,"ATTTCTGCAAGCCATT-1"
-2.09635597225654,-1.51743125865849,"ATTTCTGCAATCCGAT-1"
-3.05784409996498,4.41121792842952,"ATTTCTGCACCACGTG-1"
-2.49457615372169,-1.81324410388859,"ATTTCTGCACCAGTTA-1"
0.477282586131215,0.195325643320956,"ATTTCTGCACGCTTTC-1"
7.88832336905968,1.36612474968044,"ATTTCTGCACTGCCAG-1"
-2.30052405354011,0.966967642804065,"ATTTCTGCAGAAGCAC-1"
-1.05322532114017,-1.90134930560978,"ATTTCTGCAGACGTAG-1"
11.386838498149,0.766971260806002,"ATTTCTGCATACTACG-1"
-3.45495313164222,-3.24858307788762,"ATTTCTGCATCGGGTC-1"
8.62680393699181,-0.20664435575398,"ATTTCTGCATCGGTTA-1"
-3.18547528740394,4.01755070736019,"ATTTCTGCATTGCGGC-1"
-3.13717597481239,-0.685869574050031,"ATTTCTGGTAGCAAAT-1"
-2.08649974819648,1.35667020132152,"ATTTCTGGTCTAGGTT-1"
-1.62831997629631,-2.34381985614689,"ATTTCTGGTGCAACGA-1"
-0.208785531487346,2.45471262981502,"ATTTCTGGTGCAACTT-1"
9.27194077018273,0.734431118269839,"ATTTCTGGTGCGATAG-1"
-3.07443469521034,-1.98521518657597,"ATTTCTGGTGGAAAGA-1"
-0.551438269581676,-0.865250467757306,"ATTTCTGGTGGCAAAC-1"
9.48887115958703,0.368366111566701,"ATTTCTGGTGGTGTAG-1"
-3.69059222694862,1.66462791015712,"ATTTCTGGTTCATGGT-1"
-3.23435586449134,-0.322999476889692,"ATTTCTGGTTGCTCCT-1"
2.39959198478234,1.4062252645692,"ATTTCTGTCACAAACC-1"
8.31778389457238,-0.674556374053083,"ATTTCTGTCAGAGGTG-1"
-4.54789274689186,-0.250016033152662,"ATTTCTGTCAGCAACT-1"
-3.89978593346107,-3.51978516528996,"ATTTCTGTCAGCTGGC-1"
3.74663979056847,-4.59456467578801,"ATTTCTGTCAGGATCT-1"
8.26968056205285,-0.204657375315747,"ATTTCTGTCCTTTCGG-1"
-2.29069977756965,-1.2724976534644,"ATTTCTGTCGGCGGTT-1"
-5.46932452675331,-0.0741770262518742,"ATTTCTGTCGTTTGCC-1"
-2.04269498344886,0.54332356204597,"ATTTCTGTCTCAAACG-1"
1.14248687270653,-1.87215352008732,"ATTTCTGTCTCGCATC-1"
-3.92271679398048,0.34766295229403,"ATTTCTGTCTGATACG-1"
-3.05768507477272,0.647154167791285,"CAACCAAAGACTCGGA-1"
-1.39983558413017,-1.10834598491581,"CAACCAAAGAGACTTA-1"
-1.95554852243888,-0.562405824164472,"CAACCAAAGCGATATA-1"
1.32121354583275,0.672478348513522,"CAACCAAAGCGCTTAT-1"
-5.64602178093422,2.04773378421871,"CAACCAAAGTACACCT-1"
0.126959862742543,-2.62558388660344,"CAACCAAAGTCGAGTG-1"
1.56717711928856,-1.34696805427464,"CAACCAAAGTCGCCGT-1"
8.80407577994835,3.9687623982629,"CAACCAACAAGCCGCT-1"
-0.628039387431026,-0.272694468001447,"CAACCAACAATCCAAC-1"
-0.855220613446117,10.6911065583429,"CAACCAACACTTAACG-1"
9.21289879325402,0.557383433481135,"CAACCAACAGGACCCT-1"
-1.73710435387123,2.45412731220333,"CAACCAACAGTTCCCT-1"
1.11769920829308,-0.193730055789075,"CAACCAACATGAACCT-1"
10.3396249437667,-1.1300690169135,"CAACCAACATTTGCTT-1"
-3.03804844376075,-0.113896548251233,"CAACCAAGTAGCCTAT-1"
-1.67884731050956,-1.91499662349614,"CAACCAAGTCTAGTGT-1"
-0.768688750829578,0.548564956088939,"CAACCAAGTCTTGATG-1"
-3.76241630074012,-2.15513539264592,"CAACCAAGTGCCTGTG-1"
-1.73073541876304,2.15646719982234,"CAACCAAGTGTATGGG-1"
-2.40080529209602,0.0979660456380032,"CAACCAAGTGTGGTTT-1"
-0.810661164488674,0.747607589264788,"CAACCAAGTTACTGAC-1"
-4.58452671524513,-2.16924738834294,"CAACCAATCAAGGCTT-1"
-3.13779395576942,1.21522617389766,"CAACCAATCAGTTAGC-1"
0.92963129523766,-2.00439429233464,"CAACCAATCATGTCTT-1"
-1.95824748035896,-0.778586744765363,"CAACCAATCCAGATCA-1"
-3.0000931596421,4.72692608882991,"CAACCAATCCTAAGTG-1"
-1.91640692707527,-2.11057567546757,"CAACCAATCGTAGGTT-1"
-4.77362721916664,-2.15937304447087,"CAACCAATCGTCGTTC-1"
0.0628528023101088,-1.49355137298497,"CAACCAATCTAAGCCA-1"
-3.21102779861915,1.42201924373714,"CAACCTCAGGATATAC-1"
0.883863511119008,-2.16739726016911,"CAACCTCCAAGCCCAC-1"
-3.70323818680275,-4.08980870197209,"CAACCTCCAAGTCATC-1"
-5.25514119621742,2.35939323951808,"CAACCTCCAATGGTCT-1"
2.58597356322777,0.734434098502078,"CAACCTCCACAACGCC-1"
0.267198386225819,-1.80414104411992,"CAACCTCCACTTACGA-1"
-3.73404139038551,-0.817477344969831,"CAACCTCCAGTAGAGC-1"
9.23269230369103,0.597077489396014,"CAACCTCCATAAAGGT-1"
0.357343020472645,-1.87156438777836,"CAACCTCCATCTGGTA-1"
-1.88092714306343,-3.6304647917548,"CAACCTCGTAATCACC-1"
-3.53277939316261,-4.35701346347722,"CAACCTCGTACAGACG-1"
-0.732751873698116,1.62143647720424,"CAACCTCGTACAGTGG-1"
-2.89288609978187,1.24117350627986,"CAACCTCGTAGCGCTC-1"
-2.29497533794868,-0.52136272142323,"CAACCTCGTAGCGTCC-1"
8.86163670066369,-0.460427343348584,"CAACCTCGTATTACCG-1"
-0.879039620425582,-1.10307025859746,"CAACCTCGTCCGAGTC-1"
10.0699067736007,1.22772800972072,"CAACCTCGTTAGATGA-1"
-4.22662585731971,-0.41662126729878,"CAACCTCGTTCAGACT-1"
-3.78736346718299,-2.757392882804,"CAACCTCGTTCCACTC-1"
-1.44819915052879,2.6884980206689,"CAACCTCTCCAAGTAC-1"
-1.73007946964729,-0.499860167006574,"CAACCTCTCCGAGCCA-1"
-3.4776162480973,4.10445332576839,"CAACCTCTCTGACCTC-1"
9.8922830248214,-0.87403321216496,"CAACCTCTCTGCGTAA-1"
2.20141893867028,1.15562629749385,"CAACCTCTCTGTCAAG-1"
-1.26990639921653,1.52109623005001,"CAACCTCTCTTGCAAG-1"
-2.14129549023139,-3.62006306598576,"CAACTAGAGCCACGTC-1"
-5.37591546532142,2.10524928619472,"CAACTAGAGCGACGTA-1"
-2.29515045639503,-1.36011815021428,"CAACTAGAGCTACCGC-1"
-1.20744585749137,-3.2933979029456,"CAACTAGAGGGCTTCC-1"
-3.3673297738694,-0.932004570464215,"CAACTAGAGGTGGGTT-1"
-3.40070718285072,4.27827525188533,"CAACTAGAGTAAGTAC-1"
-0.600503293242336,-1.66506051967534,"CAACTAGAGTCCTCCT-1"
-5.85000222679603,0.0165124838551662,"CAACTAGAGTGTCCCG-1"
-5.09816306587684,1.59487485935298,"CAACTAGCAAACCTAC-1"
8.31938129905236,-0.871625899771772,"CAACTAGCACCCAGTG-1"
2.69566470626366,0.336553693314471,"CAACTAGCACCTCGGA-1"
1.55140692237389,1.10019797136394,"CAACTAGCAGTATCTG-1"
-3.36059468742836,2.48624253322689,"CAACTAGCATATGGTC-1"
-5.46081202980506,-2.44786977718266,"CAACTAGCATCGATGT-1"
10.2865367555953,-0.425794004897199,"CAACTAGGTAGCACGA-1"
-4.41046589371193,-0.372730314234815,"CAACTAGGTAGTACCT-1"
-3.29398840424049,0.315860331555285,"CAACTAGGTATTACCG-1"
10.0246701860763,-1.20094132373723,"CAACTAGGTCAATACC-1"
-0.162245330777049,-0.742386579016767,"CAACTAGGTCAGAGGT-1"
-4.63688558098304,-2.19818472812565,"CAACTAGGTCCGTTAA-1"
-3.18931549545753,0.111086011429705,"CAACTAGGTCCTGCTT-1"
-1.03844330963123,-1.06327295253666,"CAACTAGGTCTAGCGC-1"
-3.62775486465919,-1.08602297256382,"CAACTAGGTCTCCATC-1"
11.3603130007125,0.295618206759372,"CAACTAGGTCTCTCGT-1"
2.20730692389977,0.684719831248202,"CAACTAGGTTTCCACC-1"
-1.65994554516304,-1.6129357809821,"CAACTAGGTTTGCATG-1"
-3.92253869530189,3.25598168422786,"CAACTAGTCAAACCAC-1"
-4.10980552193153,0.626437068482318,"CAACTAGTCAAGGCTT-1"
-2.51106947418678,4.13396406223384,"CAACTAGTCCGGGTGT-1"
-4.64814537521827,-1.00996196220311,"CAACTAGTCGCGATCG-1"
8.40048939231408,-0.806466698149762,"CAACTAGTCGCTAGCG-1"
-4.10701387878883,-1.27265334079655,"CAAGAAAAGAAGGTTT-1"
-3.00257652756202,2.95916175891963,"CAAGAAAAGACAGAGA-1"
1.86233693603051,-0.111603557566724,"CAAGAAAAGCCCAGCT-1"
2.5127766752578,0.176848039527812,"CAAGAAAAGTCGCCGT-1"
-1.74585687872398,-1.29089188526066,"CAAGAAAAGTGGTAAT-1"
-0.976934603791714,10.0575664048394,"CAAGAAACAACCGCCA-1"
-5.89210074898231,-1.84823751399907,"CAAGAAACACACCGCA-1"
-3.21923440453041,3.69936156322566,"CAAGAAACAGGCTGAA-1"
7.98880440238488,1.69346082260219,"CAAGAAACAGGTCGTC-1"
-1.28775912281501,-1.32201886127385,"CAAGAAACATCACCCT-1"
-3.07317059990394,-3.35766172359379,"CAAGAAACATGGAATA-1"
-1.41366150733459,-2.16882872531804,"CAAGAAACATTTGCTT-1"
-0.209492561783672,-2.61720037410649,"CAAGAAAGTAAATGAC-1"
0.760684909854054,1.33965987016765,"CAAGAAAGTATTAGCC-1"
1.82888394835961,-0.556039452056012,"CAAGAAAGTCAAAGCG-1"
1.30897671226037,-0.730604290465436,"CAAGAAAGTCATGCAT-1"
-3.39619225021827,-1.35936534355076,"CAAGAAAGTCTGGTCG-1"
-5.87204688545692,0.00768932749835471,"CAAGAAAGTGCTAGCC-1"
10.1112094545699,-0.625139474371991,"CAAGAAAGTTAGGGTG-1"
-0.247719404663921,0.886170477171817,"CAAGAAATCAACCAAC-1"
-2.04458540436256,4.32355856945125,"CAAGAAATCACCCTCA-1"
-3.42882245537269,-0.798586368064008,"CAAGAAATCACTGGGC-1"
-1.04114336651194,-0.711065887908063,"CAAGAAATCCGTACAA-1"
8.11094719413292,1.34339392234889,"CAAGAAATCGAATCCA-1"
10.6366172457076,-1.01147496650609,"CAAGAAATCGCAAACT-1"
-2.17048674580085,-3.35812306354435,"CAAGAAATCGCATGGC-1"
-4.52701633926857,-0.199585198859296,"CAAGAAATCGTGGTCG-1"
0.944055619273305,-2.15608859012517,"CAAGAAATCTACTCAT-1"
1.25771051887047,0.628100976844706,"CAAGATCAGAAACCGC-1"
-2.04700940605629,3.31133127262203,"CAAGATCAGATGCGAC-1"
-3.72749894615638,0.72369143416492,"CAAGATCAGCAAATCA-1"
10.0819602632858,2.34913396885005,"CAAGATCAGCCACGTC-1"
-4.59670585152137,-3.82583832691105,"CAAGATCAGCGAGAAA-1"
-1.01698042396832,-0.376219033698163,"CAAGATCAGGATCGCA-1"
11.2856536531783,0.0814507012566708,"CAAGATCAGTCCAGGA-1"
-2.66282123085487,3.25812292148677,"CAAGATCAGTCGTTTG-1"
-3.96086662765968,-0.103163957099042,"CAAGATCAGTTTGCGT-1"
-1.96775066610801,4.62488865902034,"CAAGATCCAAGTACCT-1"
1.64109784606469,2.15410232593624,"CAAGATCCAGCTCGCA-1"
-5.31065505501258,2.062631011506,"CAAGATCCATATACCG-1"
0.339390697512746,-0.488730728129468,"CAAGATCGTCTAGAGG-1"
-3.61890834328163,-1.6013288492957,"CAAGATCGTCTGCCAG-1"
-3.22661751266944,-3.40760064075383,"CAAGATCGTTGAACTC-1"
9.39259296897423,-0.230032264689527,"CAAGATCTCAATACCG-1"
2.30724150184166,1.88526380111782,"CAAGATCTCAATCTCT-1"
-3.58696478363502,3.61322712947933,"CAAGATCTCCACGAAT-1"
0.0823543691970107,1.05267798950283,"CAAGATCTCCTGTACC-1"
9.91482788566124,-0.211263000468335,"CAAGATCTCGCGATCG-1"
-3.62091296669471,3.80787611057369,"CAAGATCTCTGGTGTA-1"
1.9024320268966,1.47495973159877,"CAAGGCCAGAGGTAGA-1"
-1.9214109158181,-1.40707778880986,"CAAGGCCAGATCCGAG-1"
-1.76378625389564,2.94295048763362,"CAAGGCCAGCATGGCA-1"
-3.05201786514747,-0.941377758483014,"CAAGGCCAGCCATCGC-1"
-1.71965157743919,1.14604240705577,"CAAGGCCCACAACGTT-1"
-2.2066555595063,1.95411157657711,"CAAGGCCCACGAGGTA-1"
-3.06158560272682,0.440487735470214,"CAAGGCCCAGATTGCT-1"
-3.45672410484779,-1.33252024600895,"CAAGGCCCAGCCAGAA-1"
-4.29829543587196,2.81978440334407,"CAAGGCCCAGCTGTAT-1"
1.15882951262963,1.61417377044765,"CAAGGCCCAGGGTATG-1"
0.119336190257191,-1.91089415500554,"CAAGGCCCATCCGCGA-1"
10.2287765169479,-1.5336676831046,"CAAGGCCCATCCTAGA-1"
0.669500889811635,-1.08106863449009,"CAAGGCCCATTTCACT-1"
-1.77527707573402,-1.74132251689824,"CAAGGCCGTCAGAGGT-1"
11.7585454607345,0.747209996481814,"CAAGGCCGTCATATGC-1"
-2.59689384457099,-3.61943650195988,"CAAGGCCGTTTGCATG-1"
-2.88923591133583,-4.38356852481755,"CAAGGCCTCAAGAAGT-1"
8.45015388968956,1.33095151235668,"CAAGGCCTCAGTTTGG-1"
2.05277711394799,1.83833980609981,"CAAGGCCTCATGCATG-1"
-1.08930647876489,-1.07964646766575,"CAAGGCCTCATGTCCC-1"
-1.94822102543342,-4.20796084354313,"CAAGGCCTCCGCATAA-1"
-5.45076793190467,-2.50948691318425,"CAAGGCCTCCTAGAAC-1"
1.98323232177269,1.94220972110836,"CAAGGCCTCTCGGACG-1"
0.463904204402089,-1.40585350940617,"CAAGGCCTCTCTTATG-1"
-5.5781006192826,-1.76603960941227,"CAAGGCCTCTGTTTGT-1"
-2.023984727826,-0.546719073752485,"CAAGGCCTCTTGACGA-1"
0.246302547488331,-0.701485752562604,"CAAGTTGAGACCACGA-1"
-2.1424431180619,-3.76452898929509,"CAAGTTGAGATCCCGC-1"
-4.16593020912635,-1.83167672107609,"CAAGTTGAGCGGATCA-1"
-0.952893195118785,-0.356585561732373,"CAAGTTGAGGATCGCA-1"
-3.93894451614845,0.110648930569567,"CAAGTTGAGGATTCGG-1"
11.0398612642623,0.951182485123553,"CAAGTTGAGGCAGTCA-1"
-4.71848791595924,-0.530569612483106,"CAAGTTGAGTGTTAGA-1"
-0.962308950167179,1.43428993274776,"CAAGTTGAGTTAAGTG-1"
-2.357804832425,2.61980319072811,"CAAGTTGCAAGTCATC-1"
-4.7941502904557,1.36865001966564,"CAAGTTGCACATCTTT-1"
-2.02689927574623,1.03490233471004,"CAAGTTGCAGACGTAG-1"
0.337594094309926,-1.70534515331181,"CAAGTTGCAGGAATCG-1"
-1.40271085258949,-3.32223105380925,"CAAGTTGCAGGGAGAG-1"
0.20311135295403,-1.20375740478428,"CAAGTTGCAGTCGTGC-1"
10.6275354051925,-0.557751178244672,"CAAGTTGGTAAACGCG-1"
-1.38208445664871,-1.11128938148411,"CAAGTTGGTACCGCTG-1"
-5.3404616689347,-2.21280622432621,"CAAGTTGGTAGGAGTC-1"
0.0949071073867079,-2.65663075397404,"CAAGTTGGTAGGCATG-1"
10.9530845308639,-0.44260877321156,"CAAGTTGGTCAGCTAT-1"
10.2212424898483,-0.247975170115552,"CAAGTTGGTCCGTGAC-1"
-0.807045636143566,1.27722930957881,"CAAGTTGGTCTCCATC-1"
-5.38985579964149,0.368985839684882,"CAAGTTGGTCTCTCGT-1"
-5.59879678246009,0.00658497263995628,"CAAGTTGGTCTCTTAT-1"
-1.20379693564403,1.65996086647121,"CAAGTTGGTGGTACAG-1"
2.28830105308068,0.387464879577436,"CAAGTTGGTTGTGGCC-1"
-2.52972942348945,3.67477703144161,"CAAGTTGTCCACGTTC-1"
1.47462994102013,-0.912754415968976,"CAAGTTGTCCACTCCA-1"
-3.36882775780189,-3.1517324442664,"CAAGTTGTCGGAGCAA-1"
-3.9638850068711,1.97809338619319,"CAAGTTGTCTAGAGTC-1"
-3.13554733749855,-2.87317490528019,"CAAGTTGTCTCCAACC-1"
-5.59604209419715,-0.0797189767161228,"CAAGTTGTCTGGAGCC-1"
-3.13564580437171,3.68241214801876,"CAAGTTGTCTTCCTTC-1"
-4.55733150001991,2.48731946994869,"CACAAACAGACTTTCG-1"
-2.37596875187385,-3.75972723911198,"CACAAACAGAGCTATA-1"
-5.17292684074867,1.2735587959489,"CACAAACAGAGGGCTT-1"
-0.712747899260402,-1.84173583934697,"CACAAACAGCCGTCGT-1"
-3.87163465973365,-1.39000034282597,"CACAAACAGGACAGAA-1"
9.34571510795128,-0.320290982226453,"CACAAACAGGATGCGT-1"
7.80657631400597,1.91323769142238,"CACAAACAGGGTGTGT-1"
-3.34404009338844,3.79329276134578,"CACAAACAGTCTTGCA-1"
-3.36578100677955,4.71261000682918,"CACAAACAGTGGTAGC-1"
-0.367808220353008,-1.44981884906682,"CACAAACAGTGGTCCC-1"
-3.8635227059983,-0.0917462105551579,"CACAAACAGTGTGGCA-1"
1.55845576766503,-0.160276174048505,"CACAAACCAAGGTTTC-1"
-0.988926791147359,0.675593853493609,"CACAAACCACAGACTT-1"
3.63704210761559,-4.47471260974797,"CACAAACCATACAGCT-1"
1.64328509810936,2.14119303276149,"CACAAACCATCGATTG-1"
-3.78963082787025,1.64044201423732,"CACAAACGTAAGGATT-1"
-4.19546621796119,2.53169822742549,"CACAAACGTACCGTTA-1"
0.786338510546803,-1.15172922561558,"CACAAACGTCTTGTCC-1"
-1.23010168727863,-1.67839121768864,"CACAAACGTGGTACAG-1"
9.6643081331588,0.779820323487201,"CACAAACGTTTCCACC-1"
-0.968360792290449,0.979724705716052,"CACAAACTCACGACTA-1"
9.91107231620324,1.07972592165081,"CACAAACTCGACCAGC-1"
0.808070244822621,-0.837672829131208,"CACAAACTCGCCCTTA-1"
-3.95526784416664,2.3124016528329,"CACAAACTCTGTCAAG-1"
0.117008152041554,1.35778057624904,"CACACAAAGAACTGTA-1"
-1.93792974707115,-1.92385864208134,"CACACAAAGCGTTTAC-1"
8.66562611106408,0.0704302196702145,"CACACAAAGGCGATAC-1"
-1.43790527936447,2.56301832248775,"CACACAAAGTCCATAC-1"
-3.45015400406349,2.15795743515102,"CACACAAAGTGCCATT-1"
-0.20954596754539,-1.96006321857365,"CACACAAAGTGTCCCG-1"
-5.08236068245399,-0.481486200789533,"CACACAACAATGTAAG-1"
-1.65353458878028,-0.473997652033887,"CACACAACACCTATCC-1"
-3.83224338051307,3.83720207264034,"CACACAACACTTACGA-1"
1.7979272032119,0.681309283276477,"CACACAACAGACAAGC-1"
-2.15783792492378,-3.79522299716862,"CACACAACATCACCCT-1"
2.58553272727501,0.387680283313074,"CACACAACATCGGAAG-1"
0.949409904513478,-2.02469849536809,"CACACAACATGACATC-1"
-2.19844251629341,2.59121656467525,"CACACAACATGCATGT-1"
-4.75743502136695,-1.02550685356053,"CACACAACATTCCTCG-1"
-4.86455005165565,-2.22473072955998,"CACACAAGTAAAGGAG-1"
-5.28680270668495,1.27234816600887,"CACACAAGTATAATGG-1"
-0.382084367241741,10.8800847535333,"CACACAAGTCGAAAGC-1"
10.0843167925216,-1.24451589534672,"CACACAAGTCTGCCAG-1"
3.72261959556115,-4.53500628421696,"CACACAAGTGATAAAC-1"
9.91171700004113,1.33645254423229,"CACACAAGTGGCAAAC-1"
-0.51912763473022,0.619220391412654,"CACACAAGTGTATGGG-1"
-1.40074705835807,2.4894025330743,"CACACAAGTTCTGAAC-1"
0.539800229106068,1.75306332161037,"CACACAATCAACGGCC-1"
-2.1539109325074,3.02112078716365,"CACACAATCCAAACAC-1"
1.91424709800255,2.28219974090663,"CACACAATCGAGAGCA-1"
10.1364884996749,1.2162981038293,"CACACAATCTTGAGAC-1"
-3.9640447473191,-3.26780843685063,"CACACCTAGAGCTGCA-1"
-0.312332925763011,-2.53022336910161,"CACACCTAGCATGGCA-1"
-2.80783933159339,-1.53006017158421,"CACACCTAGCGACGTA-1"
1.88121444228661,1.47419202377407,"CACACCTAGGCAAAGA-1"
3.89104897025597,-4.64377999256047,"CACACCTAGTCGAGTG-1"
-4.60453837868202,1.78558981468288,"CACACCTAGTGCCAGA-1"
-3.11848181244361,3.75369978000728,"CACACCTAGTTGTCGT-1"
-2.30515628811348,-0.861145615080915,"CACACCTAGTTTAGGA-1"
-2.05867272373664,-3.99526190708073,"CACACCTCAAGAGGCT-1"
1.55301910880578,-0.730094789961896,"CACACCTCAATAGCGG-1"
-3.65814083572853,-2.28299975345524,"CACACCTCAATCCAAC-1"
-2.40604525562751,1.5023545031747,"CACACCTCACAGCCCA-1"
-5.40032189842689,1.39991742422191,"CACACCTCACGACTCG-1"
-1.74307864662635,1.15302598526088,"CACACCTCACTACAGT-1"
8.04443890098107,1.62296962787715,"CACACCTCAGCCTTGG-1"
1.60385447982323,2.13176548530666,"CACACCTCAGGAATGC-1"
-2.45169669147956,2.06080484439937,"CACACCTCAGGTCCAC-1"
-0.657045481171489,-3.33998179386052,"CACACCTCATCAGTCA-1"
7.85732227805626,1.37521022607891,"CACACCTCATCGACGC-1"
-3.40221017357337,0.378851082672753,"CACACCTCATGTCCTC-1"
-3.15400022026527,1.34180998851863,"CACACCTGTACAGTGG-1"
-2.48822432514656,-1.06682872722538,"CACACCTGTCGAATCT-1"
-2.88314014431465,1.39250797082988,"CACACCTGTGCCTGGT-1"
-3.24785846230018,4.69522643138973,"CACACCTGTTGCGTTA-1"
-6.07316392418373,0.0637112264832638,"CACACCTTCATACGGT-1"
-2.81453364845741,-0.988307594756208,"CACACCTTCATCACCC-1"
-3.39607590195167,4.52343916942684,"CACACCTTCCAAATGC-1"
10.5072742128707,-1.03277373264226,"CACACCTTCGACGGAA-1"
-4.49791401382911,-1.20040607402714,"CACACTCAGACACTAA-1"
10.8569226885177,0.554852292438426,"CACACTCAGGCTAGAC-1"
-0.609576133456111,1.52742540886013,"CACACTCAGGGTTTCT-1"
-5.12785237785804,-3.3894946570197,"CACACTCAGTCCTCCT-1"
2.47263700011742,0.409764826328882,"CACACTCAGTTCGCGC-1"
9.69383675101769,-0.968482493857465,"CACACTCCAATCACAC-1"
10.4443393373824,1.26078850080577,"CACACTCCAATCAGAA-1"
-3.77245443817604,-2.83081769893559,"CACACTCCACGCATCG-1"
1.9183843756057,0.197573274870791,"CACACTCCACTTAACG-1"
-2.35682385918129,-1.40070652912053,"CACACTCCATAAAGGT-1"
-3.46387070175636,-1.2894539828101,"CACACTCCATCTCGCT-1"
-2.59893923756111,-4.23755049655827,"CACACTCCATTATCTC-1"
-2.3415580367707,-2.55311369846257,"CACACTCGTCTCAACA-1"
9.34325558188927,0.626513839264788,"CACACTCGTCTCCATC-1"
-3.59103220459449,-0.926912545661054,"CACACTCGTGGGTCAA-1"
-2.29299872871864,3.59913945247737,"CACACTCGTGTAACGG-1"
10.888191762004,0.266697809596934,"CACACTCGTTGTGGCC-1"
-1.04815949630368,-1.24333846519383,"CACACTCGTTGTTTGG-1"
-1.46600073334205,1.36382883836833,"CACACTCGTTTGACAC-1"
-3.53760689255226,-3.97420144031437,"CACACTCTCACATAGC-1"
-4.08912771698463,3.39679431964962,"CACACTCTCAGCTGGC-1"
-3.23120945450294,0.154932886858859,"CACACTCTCCCTAATT-1"
-1.22364707049358,-1.94432568500432,"CACACTCTCCTGCCAT-1"
-2.74152475353706,0.943363547821917,"CACACTCTCTTGGGTA-1"
-3.54030292984474,1.93658208896724,"CACAGGCAGATCGATA-1"
1.58951407912743,-0.670975088576398,"CACAGGCAGTGTTGAA-1"
-1.91206365581977,1.2648912673196,"CACAGGCCAGACGTAG-1"
-1.6237099146508,1.81859695961086,"CACAGGCCATCAGTCA-1"
-1.36577203628051,0.0333633427819393,"CACAGGCGTACCCAAT-1"
2.3222830915786,0.0641173129281185,"CACAGGCGTGAAGGCT-1"
-2.19640296455848,4.4344480042657,"CACAGGCGTGTGCGTC-1"
-1.51080357786644,-1.53308796832951,"CACAGGCGTTGCGCAC-1"
-4.56969064232338,-1.32778263042363,"CACAGGCTCAAAGTAG-1"
-1.99153667446601,2.11912357856838,"CACAGGCTCACAATGC-1"
0.662450256381154,-1.24485087345036,"CACAGGCTCAGCCTAA-1"
-3.03238337990272,-3.48963308284672,"CACAGGCTCAGTTAGC-1"
0.545046510729909,1.15624165584651,"CACAGGCTCATAAAGG-1"
0.211051645312428,-1.21615529010685,"CACAGGCTCATCACCC-1"
1.28482061866295,-1.60812783191594,"CACAGGCTCCCAGGTG-1"
-1.50537776705253,1.41753828575222,"CACAGGCTCGAATGGG-1"
0.915101947817921,-1.57809877345952,"CACAGGCTCGCACTCT-1"
-0.343793330159068,-1.56836247394475,"CACAGGCTCGGAATCT-1"
3.38990360740197,-4.45763325641545,"CACAGGCTCTTGACGA-1"
-4.53922909256446,0.495450899501719,"CACAGGCTCTTGCAAG-1"
-3.28925460335243,3.52273583461849,"CACAGTAAGAACAATC-1"
-2.15372699257362,3.48808813144771,"CACAGTAAGACGCAAC-1"
9.6277042055465,0.40230152433125,"CACAGTAAGATAGCAT-1"
2.08430606368554,-1.66568660686406,"CACAGTAAGATAGTCA-1"
-5.8042501783036,-2.05820774982365,"CACAGTAAGGATCGCA-1"
-4.72920602318275,-0.157210170725904,"CACAGTAAGTCTCCTC-1"
0.908488931689381,-0.785474419097028,"CACAGTAAGTGATCGG-1"
-3.33147924896705,1.24788188984004,"CACAGTAAGTGCAAGC-1"
-0.709390637841106,0.483205177386679,"CACAGTACACATCCGG-1"
10.9515844011642,-0.347672581175885,"CACAGTACACATCTTT-1"
-1.70100527760017,-1.49527060935887,"CACAGTACACCCATTC-1"
-3.44046205040443,-1.97276616046818,"CACAGTACACCGCTAG-1"
-0.122125742401958,-1.49120950649174,"CACAGTACACTTCTGC-1"
-4.33917540070045,0.235804170866885,"CACAGTACAGGACCCT-1"
0.0435587787963149,-0.271493136385999,"CACAGTACAGTCCTTC-1"
-2.47227996345985,4.73679232647029,"CACAGTACAGTTCATG-1"
-1.89536314960945,3.6647810940942,"CACAGTACATCCGTGG-1"
-3.16297167297828,1.16671198656169,"CACAGTACATGCAATC-1"
0.828588547740101,-1.05061626384648,"CACAGTACATTTGCCC-1"
-0.153320131268382,-2.87954688022526,"CACAGTAGTAAGGGAA-1"
10.6030975008346,0.768898100157656,"CACAGTAGTAGCTAAA-1"
9.80379253867638,2.28486180355159,"CACAGTAGTATCGCAT-1"
2.55394679549706,1.13713800956813,"CACAGTAGTATTCTCT-1"
11.3797364855148,0.936923385163226,"CACAGTAGTCAATACC-1"
-3.61382645126808,0.365338325997271,"CACAGTAGTCCGAAGA-1"
-2.97592872139442,3.3929669861993,"CACAGTAGTCGCGTGT-1"
-3.4382252072953,-4.19884848544987,"CACAGTAGTTAAGACA-1"
10.5270667696334,1.24164152195064,"CACAGTAGTTATGTGC-1"
10.0849462175704,0.0449625556668423,"CACAGTAGTTGGTGGA-1"
1.39776283744347,2.48064494182674,"CACAGTAGTTTGACAC-1"
-3.45743196960914,3.9959235196313,"CACAGTATCAACTCTT-1"
9.6335521364547,-0.917622327307782,"CACAGTATCCATGAAC-1"
0.568666996989369,-1.28594577262791,"CACAGTATCCGTTGCT-1"
-2.86816757675636,-3.6449387068549,"CACAGTATCGGCGCAT-1"
-1.79188424107063,1.05294841577617,"CACAGTATCGTTACAG-1"
2.35888892653954,0.612533763547816,"CACATAGAGAGACTAT-1"
1.12027579787743,2.17114043285457,"CACATAGAGATGAGAG-1"
-1.22231116649139,-1.8008327479163,"CACATAGAGCCTATGT-1"
-1.79800939318168,-2.1291961664954,"CACATAGAGCCTTGAT-1"
-1.63856088873374,1.03135043432323,"CACATAGAGGCAATTA-1"
1.90023643020165,1.13218838026134,"CACATAGAGTCTCGGC-1"
-2.02020758148658,-1.08483171413334,"CACATAGAGTTGTCGT-1"
-0.853503448333621,-3.07145190189274,"CACATAGCAAAGTGCG-1"
10.6687923097945,0.917738736172595,"CACATAGCACGGCTAC-1"
0.807589116129994,-1.17063307712468,"CACATAGCAGCTTAAC-1"
2.61278063300621,1.11536556531993,"CACATAGCAGTAAGAT-1"
-3.49348348137367,-1.62143969486149,"CACATAGCATCACGTA-1"
-2.27956670280921,-2.11425423572453,"CACATAGGTACCCAAT-1"
-0.809202460017085,1.20199984361736,"CACATAGGTGTTCTTT-1"
0.699418129954457,1.87455570747463,"CACATAGGTTTGACAC-1"
-2.60867768284309,2.20097386886684,"CACATAGTCAACGAAA-1"
-1.54576200005043,3.43842339565364,"CACATAGTCACCACCT-1"
-3.96480291840065,2.21280419876186,"CACATAGTCACGCGGT-1"
-3.29015487190712,-1.30520319888981,"CACATAGTCATCATTC-1"
-2.23392945286262,3.81199049999324,"CACATAGTCGACCAGC-1"
1.60917788985741,-0.53656846235188,"CACATAGTCGTGGACC-1"
-3.59492248054969,-0.121616720656476,"CACATAGTCTAACTTC-1"
11.5862937593795,1.36076480199901,"CACATAGTCTATCGCC-1"
-2.40676158424842,-0.174313485125623,"CACATAGTCTCATTCA-1"
10.669722142253,0.196179494758525,"CACATAGTCTGGAGCC-1"
1.08640057090294,-0.47585457513722,"CACATTTAGCAAATCA-1"
11.0514817858077,0.663840473194995,"CACATTTAGCCACGTC-1"
-0.229159948792339,-0.641155242423139,"CACATTTAGCGATGAC-1"
-5.98282855507362,0.203864232202449,"CACATTTAGGAGTCTG-1"
-4.1840588426255,1.04456919481365,"CACATTTAGGCCCTCA-1"
-2.56857615467536,3.57200503398983,"CACATTTAGGTGCTAG-1"
-3.169292864766,1.39162343790142,"CACATTTAGTACGTTC-1"
10.4545789385177,1.08252638628093,"CACATTTAGTGGTCCC-1"
0.087391796145558,2.19527530719844,"CACATTTAGTGTGGCA-1"
-2.16436975952613,-0.662878632048688,"CACATTTCACCAGGCT-1"
-1.54520064350593,-3.3660182947913,"CACATTTCACCCTATC-1"
-0.268037435974956,-1.70003795574101,"CACATTTCACCTCGTT-1"
1.6431842470504,-0.490988730887494,"CACATTTCACTTGGAT-1"
1.02056032660973,-2.19428992221745,"CACATTTCAGATAATG-1"
1.81208664420617,0.196255460878291,"CACATTTGTAAAGTCA-1"
-0.735683021511913,10.4512803559503,"CACATTTGTACCGGCT-1"
-3.24939554687965,3.7473199372491,"CACATTTGTTACGTCA-1"
-5.60791343208778,-0.0859166378775456,"CACATTTGTTACTGAC-1"
-4.08737724777687,-3.52027511547001,"CACATTTGTTCCACGG-1"
-3.76087444778907,3.07397723247615,"CACATTTTCCGATATG-1"
2.51143676284325,1.13146114399044,"CACATTTTCCGTACAA-1"
0.741660299334645,0.463129375626721,"CACATTTTCGGAAACG-1"
2.15267092231286,0.527576156457343,"CACATTTTCGTAGGAG-1"
-1.09881470855701,1.52624452163784,"CACCACTAGACTACAA-1"
-4.76795714851844,-0.447308778266034,"CACCACTAGACTTTCG-1"
-1.72262233253944,2.76595091869441,"CACCACTAGGACCACA-1"
-3.92111414429176,0.839657634993472,"CACCACTAGGACGAAA-1"
-0.624431101050258,10.4741933350763,"CACCACTCAAACCTAC-1"
1.27489763740075,-1.98692488620671,"CACCACTCAAGACGTG-1"
-3.08656781670082,1.19146543790905,"CACCACTCAATCCGAT-1"
-4.04135244842994,3.45826602031795,"CACCACTCAATGAAAC-1"
2.3104262972213,0.652862161894717,"CACCACTCACAGCCCA-1"
-3.02154820915687,-1.58039021442326,"CACCACTCACATCCGG-1"
8.91720634940636,0.671534032126345,"CACCACTCACGGACAA-1"
0.332020821604848,-0.585050880412183,"CACCACTCACGGCGTT-1"
0.0664652014113661,-2.84966850231083,"CACCACTCACGTCTCT-1"
9.65846973899376,1.89900338699428,"CACCACTCATCCTTGC-1"
0.92539865020287,1.78086245109645,"CACCACTGTAAGGGCT-1"
-0.593880561556697,-1.84612798641118,"CACCACTGTAGAGCTG-1"
0.283181133303761,-2.57004737804326,"CACCACTGTATATGGA-1"
-3.06122010704505,0.772676647206225,"CACCACTGTCAAACTC-1"
10.363910260234,1.95309269477931,"CACCACTGTCATGCAT-1"
-2.13890832420814,-3.96476483295353,"CACCACTGTGACCAAG-1"
9.67355877402794,1.46546042015163,"CACCACTGTGTGAAAT-1"
-2.75330358501899,3.33662891437618,"CACCACTGTTTGCATG-1"
-4.97379201408851,1.46398806621639,"CACCACTTCATTGCCC-1"
9.05884033683312,-0.524437844256482,"CACCACTTCCACGACG-1"
10.4613023424484,0.424735051145234,"CACCACTTCCCGACTT-1"
-1.28111338373649,-0.43246769855412,"CACCACTTCCGTAGGC-1"
9.79945045951378,0.160112038751521,"CACCACTTCTAACTGG-1"
1.78580028060448,-0.266386866072736,"CACCACTTCTAAGCCA-1"
-0.456411359276653,0.273008361955561,"CACCACTTCTATCCCG-1"
-0.835270327892185,-0.662369131545148,"CACCACTTCTTGCAAG-1"
-3.90639799591529,-0.494019388655744,"CACCAGGAGAAAGTGG-1"
12.1019492769576,0.5512375389537,"CACCAGGAGAGGTTGC-1"
0.459198536906361,-0.128960132102094,"CACCAGGAGATTACCC-1"
-2.97560566421974,3.79834938098995,"CACCAGGAGTGAATTG-1"
-4.87401717659462,-3.39889383266362,"CACCAGGCAAGCCATT-1"
-3.34682243820655,3.60181856205074,"CACCAGGCACAGGCCT-1"
-1.0442561185025,-1.92553114841374,"CACCAGGCAGACGCAA-1"
0.153640809092641,-1.01597273300084,"CACCAGGCAGATCGGA-1"
-1.1496340161227,0.976037920018115,"CACCAGGCAGATGGCA-1"
7.92071491721642,1.70643270065395,"CACCAGGGTAGCCTCG-1"
0.0768668079711196,11.7591569428643,"CACCAGGGTCCTCCAT-1"
1.4610999250747,-0.326375662783704,"CACCAGGGTCCTGCTT-1"
-3.86784809586036,2.96816873600093,"CACCAGGGTCGTCTTC-1"
-1.41998618599403,-1.54830110023411,"CACCAGGGTCTTTCAT-1"
-0.740959835615039,-3.62297367999943,"CACCAGGGTGCACGAA-1"
-2.039929208722,-2.98313569972905,"CACCAGGGTGTTGGGA-1"
-4.52399033066261,-0.770036935309491,"CACCAGGGTTAAAGTG-1"
-5.21302836891639,0.0051135425767086,"CACCAGGTCCACGTTC-1"
11.9323983812667,0.467002049585261,"CACCAGGTCCTGTAGA-1"
-5.45806163307655,1.59431195308773,"CACCAGGTCGGTGTTA-1"
-0.924225864376903,0.892517120142855,"CACCAGGTCTTATCTG-1"
0.879450144801259,1.44105899383632,"CACCAGGTCTTCGAGA-1"
-3.08176940437782,-0.716435789565168,"CACCTTGAGAAACCTA-1"
1.99086028579247,1.72058558513729,"CACCTTGAGCATGGCA-1"
-3.84631603714454,-0.516254245738111,"CACCTTGAGTTGAGAT-1"
-3.47495001312721,-2.81698918292912,"CACCTTGCAACACGCC-1"
-3.00373667236793,0.770123065014758,"CACCTTGCAATGGACG-1"
1.05556446555626,2.20868861724941,"CACCTTGCACCAACCG-1"
11.4569774294235,0.372552499671855,"CACCTTGCACCTTGTC-1"
-4.91508382317054,1.50780212928859,"CACCTTGCATCATCCC-1"
8.72966534141076,-0.919622539977155,"CACCTTGCATCGATTG-1"
-2.60261028763282,-4.43775105426701,"CACCTTGGTACAGACG-1"
-2.43874054905403,-0.543536781767926,"CACCTTGGTACAGCAG-1"
-4.00583594795692,-1.44953572700413,"CACCTTGGTACGACCC-1"
-4.26445764061439,1.6579564814767,"CACCTTGGTACTCAAC-1"
-3.62514418121803,-0.324199020365796,"CACCTTGGTAGCAAAT-1"
-0.630780068602443,0.871210933228411,"CACCTTGGTCCGAATT-1"
-1.99577373024452,-0.615073322753034,"CACCTTGGTCGAGATG-1"
1.19141584876549,1.81380295803157,"CACCTTGGTGCCTGGT-1"
-2.61156528946388,-0.426591038207135,"CACCTTGGTGGCCCTA-1"
-0.844817486967922,1.72478592445461,"CACCTTGGTGTCGCTG-1"
-4.64703148361671,-2.94767737338933,"CACCTTGGTGTTTGGT-1"
-4.92754024025428,1.08605152418224,"CACCTTGGTTGTGGCC-1"
-2.76665979382026,-4.08899760196599,"CACCTTGTCAAAGACA-1"
-5.64316743370521,1.32304644634334,"CACCTTGTCAAGCCTA-1"
-2.50392859932411,0.380327879016676,"CACCTTGTCACAAACC-1"
-4.853539166417,-2.38283872554692,"CACCTTGTCATCGATG-1"
0.330347361598134,0.441792652507701,"CACCTTGTCCTGCCAT-1"
7.94975430015099,1.8205918078622,"CACCTTGTCCTGCTTG-1"
-3.03209250923622,-0.774932860831342,"CACCTTGTCTCATTCA-1"
9.92880779746544,1.70714366485683,"CACCTTGTCTTGTATC-1"
-4.44089549538124,0.0632372801503323,"CACTCCAAGAGTACCG-1"
-2.10250502583015,4.09733820011226,"CACTCCAAGATCTGCT-1"
-4.18995111938942,0.776883066197314,"CACTCCAAGATTACCC-1"
-0.746721011962772,10.5278003220758,"CACTCCAAGCATGGCA-1"
-3.75671046730506,1.51752519657222,"CACTCCAAGCTAGTGG-1"
-2.56169479843605,-3.29696297595891,"CACTCCAAGCTTTGGT-1"
-3.97760051247108,3.62329316188899,"CACTCCAAGGGTGTTG-1"
-3.03792971130836,2.34225475837795,"CACTCCACACCTCGGA-1"
-2.27052479740608,3.30543208171932,"CACTCCACACTACAGT-1"
-1.14666735884178,0.0763694946965359,"CACTCCACAGCCAATT-1"
-2.5723370885514,-1.58116638610753,"CACTCCACAGCCTATA-1"
-1.46594434734809,0.617297709484973,"CACTCCACAGCTTCGG-1"
12.2627988481857,0.195905372997203,"CACTCCACAGTCAGCC-1"
-3.81621449944007,3.1896970277032,"CACTCCACATATACCG-1"
-1.52062231060493,-4.14276575992497,"CACTCCACATCACGAT-1"
0.481799783740163,-0.704384207228742,"CACTCCACATCGGACC-1"
-2.66196280476081,3.15657711078731,"CACTCCACATGACGGA-1"
0.333187046084523,-1.65922713230046,"CACTCCAGTCGCATCG-1"
0.968426051173329,1.53841865112392,"CACTCCATCCTGTACC-1"
-0.467692372765422,0.255476430555262,"CAGAATCAGAAGAAGC-1"
-2.82405835148323,4.72201132824031,"CAGAATCAGACCACGA-1"
0.121347131762623,-1.11115670154484,"CAGAATCAGACGACGT-1"
-0.755436313714862,-2.18862771938237,"CAGAATCAGGCTCATT-1"
-0.208086726631999,3.14037084629146,"CAGAATCAGTACGATA-1"
-0.612426129546047,10.6046845917901,"CAGAATCCAAATACAG-1"
-3.37845772263038,-3.01156210849675,"CAGAATCCAACTGCGC-1"
-5.16052382942665,-1.40966558406743,"CAGAATCCAAGCTGTT-1"
0.789854469332814,-1.57308542678746,"CAGAATCCACAAGCCC-1"
-1.70629280563819,-4.02360320041569,"CAGAATCCACACCGAC-1"
-0.146392879452586,-1.95224285076054,"CAGAATCCACATGACT-1"
-3.27553027626503,4.36529278804866,"CAGAATCCACGAAATA-1"
-1.01723135579753,-2.65372729251774,"CAGAATCCAGATGGCA-1"
-4.93058770653236,-2.66143655727299,"CAGAATCCAGCATGAG-1"
-0.253928658928752,1.14527308990566,"CAGAATCCAGTGAGTG-1"
-3.7150532579087,-2.79728054950627,"CAGAATCCAGTTTACG-1"
9.62200123313439,0.822961926957049,"CAGAATCCATCCTAGA-1"
1.84504920485985,2.16510629703609,"CAGAATCGTAAACGCG-1"
0.376359167132497,0.41111354952065,"CAGAATCGTACCAGTT-1"
-3.57158511635292,4.43749499370662,"CAGAATCGTCTGATTG-1"
-2.69656330105293,-3.63233876178654,"CAGAATCGTGTGAATA-1"
-3.68518393990028,-3.99807858417424,"CAGAATCGTTGAGGTG-1"
-3.46599429604042,0.696555495758929,"CAGAATCTCACGCGGT-1"
-5.19807570930946,0.0592737500867031,"CAGAATCTCCACTGGG-1"
-0.571516541209102,-2.57295250842961,"CAGAATCTCCGTTGCT-1"
-3.03886335846412,-4.30578589389714,"CAGAATCTCGAGCCCA-1"
-1.88853972908485,-1.44165730426701,"CAGAATCTCGCATGAT-1"
-3.44861048218238,3.18832540561763,"CAGAATCTCTCCCTGA-1"
-2.80639868732917,-3.4517550463477,"CAGAATCTCTGCAAGT-1"
1.96790749076378,1.33505576898662,"CAGAGAGAGAAGGGTA-1"
-0.700617579188228,-0.510331153372846,"CAGAGAGAGCGTGTCC-1"
-4.92401450630653,2.50556016018001,"CAGAGAGAGGCATGGT-1"
-0.338978943791271,-1.88395714710148,"CAGAGAGAGTCAATAG-1"
-3.25752681251991,-0.848848342398725,"CAGAGAGCAAGTAGTA-1"
10.305204930339,-0.327239810923658,"CAGAGAGCAATCACAC-1"
10.7486320162154,1.12263536502925,"CAGAGAGCACCAGGCT-1"
-3.24220984932411,1.28809928943721,"CAGAGAGCAGACGTAG-1"
-3.62697285171974,-3.70345616290959,"CAGAGAGGTAGTACCT-1"
-4.27598088737953,-3.92956137607487,"CAGAGAGGTATAATGG-1"
-3.23021763321388,4.35777020504085,"CAGAGAGGTATCGCAT-1"
-3.07535546776283,-3.8251578802863,"CAGAGAGGTCAAAGCG-1"
11.0158944750167,-0.366263925532422,"CAGAGAGGTCCGTCAG-1"
2.0855522775985,-0.30609708974751,"CAGAGAGGTCGAATCT-1"
-4.58409636970985,-0.611115574339948,"CAGAGAGGTCGGCATC-1"
10.0912509584762,-1.21303737113865,"CAGAGAGGTCTAACGT-1"
-4.77049988266456,-0.244372963408551,"CAGAGAGGTCTGCCAG-1"
0.204172434840321,-1.51379322955998,"CAGAGAGGTTGAGTTC-1"
-1.16678151246536,-0.745314716796003,"CAGAGAGGTTGCTCCT-1"
-2.2018776511811,3.26781892826168,"CAGAGAGTCACGACTA-1"
0.667955818209767,-1.94791412303837,"CAGAGAGTCATCATTC-1"
-0.975424361791492,-0.00177609870823403,"CAGAGAGTCCCTCAGT-1"
-0.790723679032207,-1.77498459766301,"CAGAGAGTCCGCGCAA-1"
1.67004806045067,-1.36939346740635,"CAGAGAGTCGATGAGG-1"
-1.02450646218288,-1.42745006034764,"CAGAGAGTCGCGCCAA-1"
-2.76399522778022,-2.67442011783513,"CAGAGAGTCGGCGCTA-1"
9.3486285829879,0.19544102301208,"CAGAGAGTCGGCTTGG-1"
1.43344575408471,0.307404421766677,"CAGAGAGTCGTACGGC-1"
1.0703094625808,1.90482080032436,"CAGAGAGTCTAACTCT-1"
-1.39138304945457,2.06106853534786,"CAGAGAGTCTAAGCCA-1"
9.87961918357384,-0.45324748704823,"CAGATCAAGAGGGCTT-1"
-5.766949114766,-0.325814544657788,"CAGATCAAGCAACGGT-1"
9.48075062278283,0.0997925703725002,"CAGATCAAGCCAGGAT-1"
3.53325134757531,-4.46382784793767,"CAGATCAAGCTAGTTC-1"
11.1262670183517,0.724840671320834,"CAGATCAAGGAATCGC-1"
-2.10435884949195,-0.0814768070975163,"CAGATCAAGGCAGTCA-1"
-3.72603744026649,-3.96615338275822,"CAGATCACAAACTGTC-1"
-2.74380129333961,0.666391045351901,"CAGATCACAAAGCAAT-1"
-5.50034421440589,2.25643348743526,"CAGATCACAAGTTGTC-1"
0.226000132594227,-0.555811941126905,"CAGATCACACCGAAAG-1"
-3.30755680557716,-4.27349400470646,"CAGATCACAGTATCTG-1"
-1.82972645517814,1.16597420026866,"CAGATCACATCATCCC-1"
-2.32932871338356,4.25625801136104,"CAGATCAGTAACGCGA-1"
11.0993171358444,-0.133560180167279,"CAGATCAGTAAGGGAA-1"
-2.67217665668952,0.807266533871569,"CAGATCAGTATCAGTC-1"
3.65985018256676,-4.49793314884099,"CAGATCAGTCAGAAGC-1"
-5.76346963402259,-0.322380542258344,"CAGATCAGTCAGAATA-1"
-1.27004423495758,2.540942430993,"CAGATCAGTCAGATAA-1"
-2.08310121056068,-4.17308020542058,"CAGATCAGTCCCTACT-1"
-4.94064253326881,1.2156592612466,"CAGATCAGTCTAGCGC-1"
3.67722755912316,-4.71989417026433,"CAGATCAGTGATGTGG-1"
-4.56734412666786,-2.52612423847111,"CAGATCAGTGGAAAGA-1"
0.769396843943715,-2.30927538822087,"CAGATCATCATAAAGG-1"
-2.45259004589546,-3.07125282237919,"CAGATCATCCCGGATG-1"
-3.11335485931861,-3.16756772945317,"CAGATCATCGCAGGCT-1"
-2.52604704853523,-1.36472892711552,"CAGATCATCTCACATT-1"
-3.55176490303504,-4.1542160506049,"CAGCAGCAGACAGAGA-1"
-3.38671511169899,4.56201958705989,"CAGCAGCAGAGAACAG-1"
-3.36004680153358,-0.308149933318219,"CAGCAGCAGAGCTGCA-1"
-1.4930102800988,0.684547007580676,"CAGCAGCAGATGGGTC-1"
-4.45387404915321,-1.53509068439396,"CAGCAGCAGCGACGTA-1"
10.7387490892745,-0.1228816504279,"CAGCAGCAGCGTCAAG-1"
1.82149178031456,0.528258339067378,"CAGCAGCAGCTATGCT-1"
-5.6530632352494,0.0280394857129238,"CAGCAGCAGTAAGTAC-1"
-0.846330670084834,1.50043427993862,"CAGCAGCCAAAGAATC-1"
-1.46978083011138,-1.43911004016789,"CAGCAGCCAATCGAAA-1"
-3.697439846959,2.9616549020013,"CAGCAGCCAATGGAGC-1"
-4.19109433647621,-2.12662029216679,"CAGCAGCCACCAACCG-1"
-3.8423954820298,-3.35371184299382,"CAGCAGCCACGGCGTT-1"
-0.657976922955394,10.4268300538263,"CAGCAGCCAGACACTT-1"
1.90728932860863,1.78167510082332,"CAGCAGCCAGCGTCCA-1"
2.33552795890343,0.254437327881732,"CAGCAGCCAGTGGGAT-1"
10.2988019609786,-0.00553217480572243,"CAGCAGCCAGTTTACG-1"
-3.25026505943763,1.20087361385433,"CAGCAGCCATACAGCT-1"
-1.15337395426261,-3.61425661991032,"CAGCAGCCATACTACG-1"
2.25696116927636,1.46120119144527,"CAGCAGCCATTCCTGC-1"
-4.14631670471656,-0.532260238627515,"CAGCAGCGTAAGGGAA-1"
8.97505623343956,-0.706670760611615,"CAGCAGCGTCATATGC-1"
-1.14428835865486,1.21718841840831,"CAGCAGCGTCCAACTA-1"
-0.608472911085964,0.198343351980128,"CAGCAGCGTCGAATCT-1"
-0.322899219956279,-1.13667857597264,"CAGCAGCGTCGACTGC-1"
-1.27917769309509,-2.75562262485417,"CAGCAGCGTTTGACAC-1"
-4.80008333679664,0.822876483698764,"CAGCAGCTCAAACAAG-1"
2.72912961486351,1.15247267534343,"CAGCAGCTCACATACG-1"
-3.62152808662879,-0.277018963793836,"CAGCAGCTCAGCTCTC-1"
-4.24748390671241,-2.40763378093632,"CAGCAGCTCATCGATG-1"
1.50513631347191,0.396469039407947,"CAGCAGCTCATGTGGT-1"
-1.8822798704766,-2.94909787128361,"CAGCAGCTCCCTTGCA-1"
-3.2631661271714,-3.62696766803654,"CAGCAGCTCGCGATCG-1"
-4.58818071838844,0.752537251015582,"CAGCAGCTCGCTTGTC-1"
-0.46667533871162,-1.45113396594914,"CAGCAGCTCGGCATCG-1"
9.94880253318322,-0.863358020285688,"CAGCAGCTCTGTACGA-1"
1.93230968955529,0.894809484978595,"CAGCATAAGAAACGAG-1"
-1.65866124388206,-2.00699973056706,"CAGCATAAGACACTAA-1"
1.77864796165001,1.8464878802499,"CAGCATAAGACTAAGT-1"
10.1579900408126,-0.555201708773694,"CAGCATAAGAGTACAT-1"
1.98810512069237,1.7319140439233,"CAGCATAAGTGTGAAT-1"
-4.89236658569801,-3.37034702251347,"CAGCATAAGTTAGCGG-1"
9.62554890159142,1.18870902111141,"CAGCATAAGTTGAGAT-1"
-1.05093176048625,0.709581494828143,"CAGCATACAAGCCATT-1"
-3.52832954880226,2.73795771648494,"CAGCATACACAGACTT-1"
-2.03691762444007,-1.05796885440739,"CAGCATACACAGGAGT-1"
-0.630475935902477,10.566004515191,"CAGCATACACTCTGTC-1"
-2.42592423912513,3.13578629543392,"CAGCATACACTTGGAT-1"
-2.71184020992744,4.04642605831233,"CAGCATACAGCTGGCT-1"
-0.60587656256187,-2.92510175655278,"CAGCATACAGGGAGAG-1"
-5.31482499596107,1.42605626632778,"CAGCATAGTAAGGGCT-1"
11.8828941011764,0.753279477854647,"CAGCATAGTAGAGCTG-1"
-0.807591868009448,-2.57846593807133,"CAGCATAGTAGCGATG-1"
0.466599168810963,-1.84757351825627,"CAGCATAGTAGCGTCC-1"
10.087937893901,1.99342405845729,"CAGCATAGTCAGCTAT-1"
-0.444721517529369,-1.77212548206242,"CAGCATAGTCATATCG-1"
-2.06765717026222,-1.4978165621558,"CAGCATAGTCGAAAGC-1"
-2.36216944214332,-1.26176607559117,"CAGCATAGTCTAGAGG-1"
-1.61060297247398,2.29213082840053,"CAGCATAGTCTTCGTC-1"
-1.11654956397045,2.38021016170589,"CAGCATAGTTCTGGTA-1"
-5.5012888288163,0.97247672130672,"CAGCATAGTTTAGGAA-1"
8.66385132316124,1.35259681989757,"CAGCATAGTTTCGCTC-1"
1.75359303000939,0.887873679896273,"CAGCATATCAACACCA-1"
-3.98556893822181,-0.916739105681501,"CAGCATATCACAGTAC-1"
11.1348901415206,1.68516624023525,"CAGCATATCACTGGGC-1"
-2.4808791255616,1.48682105590908,"CAGCATATCATGGTCA-1"
-0.987113484790579,1.34467816402523,"CAGCATATCCCAGGTG-1"
10.0000148439742,-0.961093782881818,"CAGCATATCGGTCTAA-1"
-4.24640744682777,-3.22474813411625,"CAGCATATCGTCCGTT-1"
-1.51631843801963,-2.68121147106083,"CAGCATATCTGGTATG-1"
1.2839427614547,2.16489720394222,"CAGCCGAAGAAGGACA-1"
-2.43395644184577,1.7024801974496,"CAGCCGAAGACTAGGC-1"
-3.29322117325294,-1.02649068782719,"CAGCCGAAGATAGCAT-1"
-1.73003124948967,-3.39246725986393,"CAGCCGAAGCCAGTAG-1"
10.1975532198287,-0.119897245863996,"CAGCCGAAGGGATCTG-1"
-5.22358172890174,-2.37881255100163,"CAGCCGAAGTCGTTTG-1"
2.27099830153954,0.539952233930507,"CAGCCGACAAGAAAGG-1"
-2.10137063023078,-1.79895520160588,"CAGCCGACAAGCGATG-1"
-3.88685649391639,0.553428173561969,"CAGCCGACACCATCCT-1"
-2.11195534225929,-3.99581694553288,"CAGCCGACACCTCGGA-1"
-3.63800781723487,-3.78496003101262,"CAGCCGACACGAAAGC-1"
2.58458167556298,0.00875583340732078,"CAGCCGACACGGCTAC-1"
-0.432316122021556,1.06718725015728,"CAGCCGAGTATAGGGC-1"
3.76319986823571,-4.44994187305363,"CAGCCGAGTCAGTGGA-1"
-5.19899648186195,2.39236819793788,"CAGCCGAGTCCGAAGA-1"
-3.32419937607276,2.47091722538082,"CAGCCGAGTCTCCATC-1"
-0.785164100494266,11.4417674546441,"CAGCCGAGTGCACTTA-1"
-5.48286050316322,2.28650510360805,"CAGCCGATCAATCTCT-1"
-1.75846153255928,2.64012455989925,"CAGCCGATCAGGATCT-1"
-2.99235719200599,-0.505962609747968,"CAGCCGATCGGCTACG-1"
-2.12932830807197,-0.575833379725537,"CAGCCGATCGGTGTCG-1"
-4.85698669907081,1.84388005783168,"CAGCCGATCTCAAGTG-1"
-0.654288885559917,-2.59216880748662,"CAGCGACAGAAACCAT-1"
-2.5203191613816,-0.583261966208539,"CAGCGACAGAACTGTA-1"
9.75689846519005,0.87048161079494,"CAGCGACAGAAGGTGA-1"
-0.777280834879756,-1.57026970336827,"CAGCGACAGATGGCGT-1"
3.76233774665368,-4.70845961521061,"CAGCGACAGCCGGTAA-1"
10.0875831270553,0.325244345267691,"CAGCGACAGGAGTACC-1"
9.73711639884484,1.12277060796825,"CAGCGACAGGTAGCTG-1"
-3.8135423040055,-0.542194902400098,"CAGCGACAGTTTCCTT-1"
-5.0189570760392,-3.6459996695319,"CAGCGACCAATTCCTT-1"
8.35770279410851,-0.713825463751874,"CAGCGACCACCCAGTG-1"
8.31428200248253,1.43370044281093,"CAGCGACCAGTATGCT-1"
-4.22964757439125,-2.81675767848881,"CAGCGACCAGTGGAGT-1"
-0.744725850787044,10.129688978692,"CAGCGACCATCGTCGG-1"
-4.70087975021827,0.19700734366981,"CAGCGACCATGGGACA-1"
1.37295133117211,-1.05527925441655,"CAGCGACCATTAACCG-1"
0.751369776759267,2.62766814281551,"CAGCGACGTAAGGATT-1"
1.78006083014977,-1.06199407527836,"CAGCGACGTCAAAGAT-1"
9.92137867454064,0.603355467816272,"CAGCGACGTCAATGTC-1"
-1.34851360079277,-0.95525503108891,"CAGCGACGTCCGTGAC-1"
-4.04376309868324,0.0940924291810177,"CAGCGACGTCGGGTCT-1"
9.00991016868126,0.728996277352252,"CAGCGACGTCTCATCC-1"
-3.81218832489479,-1.09700798938664,"CAGCGACGTCTGATTG-1"
11.6016030931808,0.898272216816821,"CAGCGACGTGCCTGGT-1"
2.56822782996666,0.420061893326618,"CAGCGACGTTCACCTC-1"
1.5897870684005,-0.690179228285871,"CAGCGACGTTGGAGGT-1"
-2.54716533180702,-2.89028119991215,"CAGCGACTCCTTGGTC-1"
1.90950113776696,-0.62965917537602,"CAGCGACTCGAACTGT-1"
-3.55063003059852,1.45612657119838,"CAGCGACTCTCATTCA-1"
-1.01986246314275,9.94095110942928,"CAGCGACTCTGGGCCA-1"
0.892199339900136,-0.451253056029401,"CAGCGACTCTTTACAC-1"
9.84980637076867,1.93926560928432,"CAGCTAAAGAAGGACA-1"
-5.31117528435218,1.9047507052621,"CAGCTAAAGAGACTTA-1"
12.0359626436569,-0.253003060320935,"CAGCTAAAGAGAGCTC-1"
-4.54324286934364,1.68089985897151,"CAGCTAAAGCTAACTC-1"
-1.72126871105659,-2.5110914702216,"CAGCTAAAGCTACCGC-1"
-3.90790122505653,0.323505282898822,"CAGCTAAAGGACAGCT-1"
3.70804411414635,-4.47957777927311,"CAGCTAAAGGAGCGTT-1"
9.531559529338,0.600961655875125,"CAGCTAAAGGTGACCA-1"
-4.50369447227943,0.528104141851344,"CAGCTAAAGGTGATAT-1"
-3.10687893387306,-2.32455038974675,"CAGCTAAAGTAATCCC-1"
-3.07967656609046,-1.20669174144658,"CAGCTAAAGTACCGGA-1"
-2.34138399120796,-2.81657838771733,"CAGCTAAAGTGCGTGA-1"
-4.22776812073219,-2.44493746707829,"CAGCTAACAACGATGG-1"
2.71646052840722,0.959204316636004,"CAGCTAACAAGTAGTA-1"
3.65562302115929,-4.64030909488591,"CAGCTAACACCGATAT-1"
-4.78044122215736,-3.61972212741765,"CAGCTAACAGACACTT-1"
-3.92645829674232,-0.545202016333661,"CAGCTAACAGCTTAAC-1"
-2.8327609872483,-3.32102107952031,"CAGCTAACAGTAAGAT-1"
-1.39827590939033,-3.39771652172001,"CAGCTAAGTAAACCTC-1"
-2.62813180443275,-2.91648650119694,"CAGCTAAGTAAATGTG-1"
0.347974600825429,11.9993636613092,"CAGCTAAGTAGCGATG-1"
-3.50685208794105,-3.83174443195256,"CAGCTAAGTCGCTTTC-1"
-5.68528789040077,0.0278013353547237,"CAGCTAAGTGTGACGA-1"
-3.21825736519325,-0.2475736136237,"CAGCTAAGTGTGGCTC-1"
10.0067573213912,-0.349296807746015,"CAGCTAAGTTAAGTAG-1"
2.64691382888329,1.02701634218303,"CAGCTAAGTTCCATGA-1"
-3.47153562065589,-0.76242113063725,"CAGCTAATCACGAAGG-1"
2.34017879012597,-0.507651864985547,"CAGCTAATCATAACCG-1"
-1.72108405586708,1.35457521726696,"CAGCTAATCATGTGGT-1"
-3.84760969635475,-2.24439215610417,"CAGCTAATCCAATGGT-1"
0.434872689280629,-2.403384446601,"CAGCTAATCCGCTGTT-1"
-5.639911589589,0.489968829353728,"CAGCTAATCTATCCTA-1"
-2.86072569843757,4.70333552410213,"CAGCTAATCTCCCTGA-1"
2.01719194892418,0.58126446654407,"CAGCTAATCTTCTGGC-1"
-5.07894128319252,1.23352938940135,"CAGCTGGAGACTAAGT-1"
-1.9594232415818,-3.48382997463139,"CAGCTGGAGCACAGGT-1"
-1.41005563494194,1.06433272411434,"CAGCTGGAGCTGATAA-1"
10.4495263719894,-0.366408168772779,"CAGCTGGAGGGTGTTG-1"
10.32969433311,1.64506876518337,"CAGCTGGAGGTAGCTG-1"
-3.84421699997413,-3.56263947437199,"CAGCTGGAGGTGCTTT-1"
-3.99119084831703,-0.858862757186017,"CAGCTGGAGTCATCCA-1"
-1.03320600595701,10.0852410798272,"CAGCTGGAGTTGTCGT-1"
10.1536908769943,0.262709111472049,"CAGCTGGCACTGTTAG-1"
-0.022815940346599,1.05272269298641,"CAGCTGGCAGATTGCT-1"
0.633112850222706,-1.86112117717656,"CAGCTGGCAGCTGTGC-1"
-1.9016617512368,0.819876790543475,"CAGCTGGCAGTAAGCG-1"
-0.277996835675121,-1.47733151863011,"CAGCTGGCATCCTTGC-1"
0.522646489176869,-0.270326077441297,"CAGCTGGCATGGTAGG-1"
0.565580906901478,-1.63817000339421,"CAGCTGGCATTACGAC-1"
-2.0242950296067,-3.87601256320866,"CAGCTGGCATTAGCCA-1"
-2.25715595242012,-3.92479634235295,"CAGCTGGGTACAGCAG-1"
-1.86192053314674,-2.49538803050908,"CAGCTGGGTACCGCTG-1"
-3.07109778877723,3.4405903821191,"CAGCTGGGTAGAAGGA-1"
-2.62060123440254,-2.91663432071599,"CAGCTGGGTCCGAAGA-1"
-4.60684984680641,-3.6881778235236,"CAGCTGGGTCGCTTTC-1"
1.49799067023766,0.569253832598605,"CAGCTGGGTGGCGAAT-1"
2.4040074968673,-1.80164933154973,"CAGCTGGGTGGTCTCG-1"
10.513342442546,1.18771320631114,"CAGCTGGGTGTGACGA-1"
0.808918418917775,-2.15125966022404,"CAGCTGGGTTGAGTTC-1"
-3.00926202293861,-1.77524423549565,"CAGCTGGGTTTGGGCC-1"
1.9870689535476,1.56172108699886,"CAGCTGGTCAACCAAC-1"
-1.92482876535881,0.553902358313479,"CAGCTGGTCAGTCCCT-1"
2.52517134192955,1.13211399366466,"CAGCTGGTCCAAACAC-1"
-3.40153473373878,4.63732457210628,"CAGCTGGTCCCAACGG-1"
-3.43755930420387,2.14024043132869,"CAGCTGGTCCGAGCCA-1"
10.9935746813155,0.168944120903888,"CAGCTGGTCGACGGAA-1"
-0.841772479381442,2.31717801143733,"CAGCTGGTCTCCCTGA-1"
-3.07256692406166,1.41465890457241,"CAGCTGGTCTCGCTTG-1"
0.578611078295827,-0.206869601706586,"CAGGTGCAGGGCTTCC-1"
-0.404724237885356,-1.86908960292729,"CAGGTGCAGGTGATAT-1"
8.24086719993126,1.62380373527614,"CAGGTGCAGTCGAGTG-1"
0.697567048106312,-1.9503643507758,"CAGGTGCAGTGTCTCA-1"
-0.146707174744487,-2.06452608058842,"CAGGTGCCAAATCCGT-1"
1.97562271598351,1.79522669365016,"CAGGTGCCAACACCCG-1"
0.9041877413131,0.904384911557116,"CAGGTGCCACAAGCCC-1"
-2.69831734653938,-1.46286868999394,"CAGGTGCCACCGAATT-1"
1.01104003432763,-1.26140570590886,"CAGGTGCCACCTCGGA-1"
-3.92195933815467,3.93161177684871,"CAGGTGCCACGGACAA-1"
-5.38132279869545,2.33504903366176,"CAGGTGCCAGTATGCT-1"
-4.91328423973548,-3.41829895923527,"CAGGTGCGTAACGACG-1"
-2.41573410984504,1.64440274288265,"CAGGTGCGTATATCCG-1"
-4.61526268478859,-0.554325282076917,"CAGGTGCGTCACCTAA-1"
-1.00813206602263,-3.56558179805668,"CAGGTGCGTCATGCCG-1"
8.74826199058068,-0.488502561549268,"CAGGTGCGTCGGCACT-1"
1.19324761870873,1.43586516429988,"CAGGTGCGTCTCAACA-1"
2.23081904891503,0.238387376566806,"CAGGTGCGTCTCCATC-1"
-2.45470553394783,-3.76926827381047,"CAGGTGCGTGGCCCTA-1"
-1.06320871916044,10.9783475403985,"CAGGTGCGTTCTGGTA-1"
1.8204908991195,-0.00414591977985879,"CAGGTGCGTTTGCATG-1"
-3.32168930527198,-0.903180360297284,"CAGGTGCTCAACCAAC-1"
-3.60210984703529,0.209671438237109,"CAGGTGCTCACATAGC-1"
10.5584808016158,-1.12442696044835,"CAGGTGCTCAGAGCTT-1"
10.7188926363326,0.365023155262151,"CAGGTGCTCAGGTAAA-1"
-5.8629512166642,0.304125011464038,"CAGGTGCTCCAACCAA-1"
2.66001159194481,0.640029699107089,"CAGGTGCTCCCGGATG-1"
-2.1147673701905,-2.70003533313664,"CAGGTGCTCTCCCTGA-1"
-0.603318688835979,-2.29328679988774,"CAGGTGCTCTGCCAGG-1"
2.61466127875817,1.33204168130962,"CAGTAACAGAACTGTA-1"
-2.97921854015815,-4.34286570499333,"CAGTAACAGCACCGTC-1"
-1.29538371917236,-3.16671800563725,"CAGTAACAGCGGCTTC-1"
-2.8973943566941,-4.16799378345402,"CAGTAACAGCGTTTAC-1"
3.454890313182,-4.37883305499943,"CAGTAACAGCTAACAA-1"
10.7189784670211,-0.246381103495679,"CAGTAACAGTGCAAGC-1"
0.196859302554249,0.590565726657786,"CAGTAACAGTGGCACA-1"
0.225130858454823,-2.46858549068364,"CAGTAACAGTGTGAAT-1"
-3.03313702103126,-1.25596880863102,"CAGTAACAGTTATCGC-1"
-0.830404174890399,9.8726279740533,"CAGTAACCAAGACACG-1"
-2.02932804581153,-3.44509720752629,"CAGTAACCAATCGAAA-1"
2.25860172751915,0.875709832211413,"CAGTAACCACATCTTT-1"
-1.11850054320323,10.8897817139825,"CAGTAACCACCTCGTT-1"
-4.13958686348426,1.00153702547161,"CAGTAACCAGACTCGC-1"
-2.28424280640113,3.66217088749019,"CAGTAACCAGCATACT-1"
-3.01657598968971,4.45662570049373,"CAGTAACCAGTAACGG-1"
-3.09371822830665,-1.02385580490025,"CAGTAACCATCGTCGG-1"
10.1603856706954,1.18920469333736,"CAGTAACGTACCGAGA-1"
-0.679532555308223,-0.326492011050306,"CAGTAACGTAGCTAAA-1"
-1.40303838011253,-1.64911794612797,"CAGTAACGTCGGCTCA-1"
2.50183755401146,1.35413187791912,"CAGTAACGTCGTCTTC-1"
-3.84946053978431,-4.01467347095402,"CAGTAACGTCTCTCGT-1"
0.599247159991383,-1.89982223461064,"CAGTAACGTGACTCAT-1"
-2.88107901569831,-1.69520521114262,"CAGTAACGTTCGGGCT-1"
-2.4796686744355,3.52875375797359,"CAGTAACTCACAAACC-1"
-4.89436596390235,-0.492315768698774,"CAGTAACTCCATGAAC-1"
-1.54042452332008,-2.83647561023625,"CAGTAACTCCTTCAAT-1"
-2.35730451103675,2.84207916309444,"CAGTAACTCGCCCTTA-1"
-3.92988508697975,-3.48735594699772,"CAGTAACTCGCTTAGA-1"
9.4553294802047,3.03319907238094,"CAGTAACTCGGCGGTT-1"
-2.30139642712104,3.72315573742,"CAGTAACTCTACTATC-1"
-0.785299105014682,1.67406773616878,"CAGTAACTCTCATTCA-1"
-0.73495518919456,10.5162227158746,"CAGTCCTAGCCCAGCT-1"
-3.98271792885292,-3.60100817630681,"CAGTCCTAGCGAAGGG-1"
0.0516795540190932,2.61064624836055,"CAGTCCTAGCGGATCA-1"
9.40299183372033,3.09159159710018,"CAGTCCTAGGTACTCT-1"
-3.85182922836769,2.86653876354305,"CAGTCCTAGTTAACGA-1"
-4.09798973556984,-2.47960901210698,"CAGTCCTAGTTTAGGA-1"
-2.42239206787574,4.3691210751733,"CAGTCCTCAAAGTGCG-1"
-3.95733064171302,0.913024545212664,"CAGTCCTCAAGAGGCT-1"
-0.727331814732433,-0.962653994063459,"CAGTCCTCAAGTAGTA-1"
10.4902291918136,1.28459620525447,"CAGTCCTCACCGATAT-1"
-2.95669585224617,2.95690870334712,"CAGTCCTCACGTCAGC-1"
-2.10249918457496,4.5455377106866,"CAGTCCTCAGCTGTAT-1"
-1.47243341561782,1.41363608886806,"CAGTCCTCAGGAATCG-1"
0.843100252184987,2.08961188842861,"CAGTCCTCATATGAGA-1"
-1.56944203135002,3.12703251888362,"CAGTCCTCATGTCGAT-1"
-3.89790338036048,3.65483260204402,"CAGTCCTCATTGGGCC-1"
-4.35235303398597,0.900816917916217,"CAGTCCTCATTGGTAC-1"
-3.77532905098426,-0.712813615302167,"CAGTCCTGTATAGTAG-1"
-1.403921989169,-0.242044925192914,"CAGTCCTGTCGAAAGC-1"
-4.18030947205055,1.42875230362026,"CAGTCCTGTCTGATTG-1"
0.27701694015038,-1.52636444518956,"CAGTCCTGTTACCAGT-1"
2.27219134810936,1.15847075035182,"CAGTCCTGTTCGTTGA-1"
-0.978358482386947,-3.21072030017766,"CAGTCCTGTTTGGGCC-1"
-2.26356714722145,3.71978068401424,"CAGTCCTTCAGCTTAG-1"
-2.92119997498024,-1.53170132587346,"CAGTCCTTCAGTGTTG-1"
-1.49814343210685,0.318515465160289,"CAGTCCTTCATAGCAC-1"
-2.50453203674781,3.29713344623653,"CAGTCCTTCCACGAAT-1"
-0.404288527932048,-0.608683585623822,"CAGTCCTTCCATGAGT-1"
-0.855198857750774,2.10899913360683,"CAGTCCTTCCCAAGAT-1"
-1.93992465492713,-1.86254239032658,"CAGTCCTTCCTTGCCA-1"
-3.89375155922401,-0.726201772193036,"CAGTCCTTCGGCGCAT-1"
-2.26885443684089,3.96077537586299,"CAGTCCTTCGTAGGAG-1"
-2.28625732418525,0.158689946432986,"CAGTCCTTCGTCTGAA-1"
1.68204194549096,0.263202146192469,"CAGTCCTTCTGCCAGG-1"
-2.65601449963081,1.6634188895425,"CAGTCCTTCTGGTATG-1"
-1.78765904661644,4.06970644046871,"CATATGGAGAAGATTC-1"
-2.0265174483918,-0.249494075278363,"CATATGGAGACCTAGG-1"
-3.38679975029457,-2.70649194667729,"CATATGGAGAGTAAGG-1"
11.19639355186,-0.530513762930951,"CATATGGAGAGTCTGG-1"
-4.01593225952613,-1.21032583663853,"CATATGGAGGAATGGA-1"
-5.08135026451576,0.622740835448184,"CATATGGAGGACGAAA-1"
-3.65258997436988,-1.34965109775456,"CATATGGAGGCTCATT-1"
-4.54265898224342,-0.154663860301099,"CATATGGCAAGTCATC-1"
-1.77876668926704,3.01596689273921,"CATATGGCACCTCGTT-1"
-1.31363811847198,2.30924105693904,"CATATGGCAGGATCGA-1"
-3.23428266998756,-0.942578076819501,"CATATGGCAGTTCCCT-1"
-0.853426260318637,10.6976640229425,"CATATGGCATGGTAGG-1"
-3.72408622261512,-4.30930638263615,"CATATGGGTAAGAGAG-1"
10.3987327242233,-0.474985420207105,"CATATGGGTAAGCACG-1"
-3.38335150238502,-2.95227289150151,"CATATGGGTAGCTAAA-1"
-2.94374209400642,-1.77216815898808,"CATATGGGTGACGGTA-1"
-1.22699224707115,-0.709695219496808,"CATATGGGTGAGGGAG-1"
-3.19624751564491,2.7189311986169,"CATATGGGTGTCCTCT-1"
-2.84967213627327,-3.13509035060795,"CATATGGGTTCCCGAG-1"
-2.11147588249671,-1.39544093559178,"CATATGGGTTGACGTT-1"
-0.958433309014917,-0.151481329897962,"CATATGGTCAAACCAC-1"
-0.262549397911907,-2.59365057895573,"CATATGGTCAAAGTAG-1"
-1.72995215412605,-1.76936411807927,"CATATGGTCACAGGCC-1"
-1.78950977083671,0.218118936320224,"CATATGGTCATAGCAC-1"
10.4252086305953,-1.77370524356755,"CATATGGTCATGCATG-1"
-2.73818689342964,-1.95497083614262,"CATATGGTCCAGGGCT-1"
1.56106573585045,1.02720516969768,"CATATGGTCCTAGTGA-1"
-0.56390285250175,-0.928008436659894,"CATATGGTCGGCGCAT-1"
-0.163783428635478,-1.33898496578129,"CATATGGTCTAACGGT-1"
1.81660348418725,2.09476947834102,"CATATGGTCTAACTGG-1"
-5.61224931236732,0.284944005807318,"CATATGGTCTCGAGTA-1"
-3.37696689125526,4.50604033519832,"CATATGGTCTGATACG-1"
-4.09059947487342,-0.517979859809003,"CATATGGTCTTGCCGT-1"
11.7353130007125,1.99637043525783,"CATATTCAGAAACCAT-1"
7.9138894701339,1.3663054709634,"CATATTCAGATCTGAA-1"
1.00549799445641,-1.73106908748539,"CATATTCAGATTACCC-1"
-3.31243055817115,-3.74819588611516,"CATATTCAGGCTAGAC-1"
-3.39826100822914,-2.62507867763432,"CATATTCCACTACAGT-1"
-4.28992479797828,2.88225913097469,"CATATTCCAGCTGTAT-1"
1.49358898643029,0.0338525777062557,"CATATTCCATCGGAAG-1"
1.90830117705834,1.26877510597316,"CATATTCCATGCCTTC-1"
1.6800175333358,-0.40087670038136,"CATATTCCATGGGAAC-1"
-1.66528457161415,0.386405610044875,"CATATTCCATTCGACA-1"
9.05237251761925,1.3038259749612,"CATATTCGTAAGCACG-1"
0.0636716509200331,2.29207146217433,"CATATTCGTACCAGTT-1"
-4.56119411941993,-3.24298691699894,"CATATTCGTACCATCA-1"
-3.31805056091774,-3.87065052936467,"CATATTCGTCAGCTAT-1"
-3.23303431030738,3.89754915287105,"CATATTCGTCTAGCGC-1"
0.689044299159169,-1.47601771304997,"CATATTCGTGACTACT-1"
0.53438896182549,-1.44336199710759,"CATATTCGTGCAGGTA-1"
1.92956906798851,-0.199454009036145,"CATATTCGTTACGGAG-1"
10.1317525530196,2.28587555934993,"CATATTCGTTCATGGT-1"
-1.76223784443367,-1.51496422241124,"CATATTCTCACATAGC-1"
-3.7601610994004,0.8532364969453,"CATATTCTCACGCATA-1"
-2.16072386261451,-2.69737601230534,"CATATTCTCAGTTCGA-1"
-4.43360012527931,-3.95551037738713,"CATATTCTCATCATTC-1"
-3.07311433311927,-0.800171851615033,"CATATTCTCCAGAGGA-1"
-3.84809940811622,-0.729771375159345,"CATATTCTCCTCCTAG-1"
2.51417809966576,1.04855853368846,"CATCAAGAGATAGGAG-1"
-1.44294205066192,-2.02320098827275,"CATCAAGAGATGTAAC-1"
0.0902327919341323,0.182611525555529,"CATCAAGAGCACCGCT-1"
-3.43601172920692,-0.832480430106244,"CATCAAGAGCTCAACT-1"
-0.875949618782878,10.5063760285577,"CATCAAGAGGTGTTAA-1"
-1.16424329337108,1.83374524166194,"CATCAAGCAAATACAG-1"
1.29168159011376,0.409297222535514,"CATCAAGCAACTGGCC-1"
1.25676065925133,1.55450439502803,"CATCAAGCAAGCCGTC-1"
10.3113942766525,1.19732028295604,"CATCAAGCAAGTTAAG-1"
-2.81040006634223,1.83598494579402,"CATCAAGCACAGCGTC-1"
8.97965294364464,0.296710640688815,"CATCAAGCACGGTAAG-1"
-4.51749175545204,-2.10182785938176,"CATCAAGCATCTGGTA-1"
-3.61625569817054,-2.59886097858342,"CATCAAGGTAATCACC-1"
-0.160050330128551,-2.68919467876347,"CATCAAGGTATGGTTC-1"
11.2066589022018,1.01771700431911,"CATCAAGGTCCGAGTC-1"
-2.79023807999122,1.35821163704006,"CATCAAGGTCTGATTG-1"
1.95907193664086,-0.197555243472181,"CATCAAGGTGAAAGAG-1"
10.3163886690475,0.815697789688983,"CATCAAGGTGTTAAGA-1"
1.46645432952416,2.06678354789821,"CATCAAGGTTAAGAAC-1"
7.99509579185021,1.12457901289073,"CATCAAGGTTATTCTC-1"
0.174633564982533,-1.97113990734013,"CATCAAGTCAACGCTA-1"
-3.72969287392128,-3.11259031246098,"CATCAAGTCCCTCAGT-1"
-0.839663979973674,1.34907656957714,"CATCAAGTCGGACAAG-1"
-3.01078933235633,-1.51828837345036,"CATCAAGTCGTTGACA-1"
8.23033005240929,1.27744716455547,"CATCAAGTCTGTACGA-1"
-2.89430635925758,-3.95720887134465,"CATCAGAAGCAATATG-1"
-2.08470338341224,2.75323581745235,"CATCAGAAGCGAAGGG-1"
9.84880882743371,0.507470250626483,"CATCAGAAGCTAGCCC-1"
7.92381817344201,1.64512705852596,"CATCAGAAGTCTCAAC-1"
1.49763256553185,-0.946378230551801,"CATCAGACAAAGGCGT-1"
-0.97998637091744,9.89087367107479,"CATCAGACACCAACCG-1"
1.93616587165368,1.18875181724636,"CATCAGACAGCTGGCT-1"
2.59183174613488,0.809636384745517,"CATCAGACAGTCAGAG-1"
8.77077824119103,-0.289880513648114,"CATCAGACATGTCGAT-1"
9.63005692008507,0.989696980019488,"CATCAGAGTAGCGTAG-1"
-2.63250189777839,-1.78745770404728,"CATCAGAGTATTAGCC-1"
-2.17727106567848,3.80756020595638,"CATCAGAGTGACTCAT-1"
-2.95565932747352,1.36220336010066,"CATCAGAGTGCAGGTA-1"
8.40011173728478,1.48342418720333,"CATCAGAGTGTTTGTG-1"
1.29120356086266,0.385306241487541,"CATCAGAGTTAAGGGC-1"
0.370322885546803,2.08152413417903,"CATCAGAGTTCACCTC-1"
3.78070932868493,-4.66005539844426,"CATCAGAGTTGATTGC-1"
-5.05346959587562,-3.46645283649357,"CATCAGATCCGTACAA-1"
-2.23272770401466,-2.6259436602393,"CATCAGATCGCGTTTC-1"
-4.01611464973915,-0.418228804568372,"CATCAGATCGGCCGAT-1"
-0.84785187002647,10.3918874268731,"CATCAGATCTACCTGC-1"
-3.83013075348365,-3.33900093982609,"CATCAGATCTATCCCG-1"
-1.72499453779686,-1.13391113231572,"CATCAGATCTGCTGCT-1"
0.062954130206227,2.29215729286281,"CATCAGATCTGTGCAA-1"
-1.4033210849427,-1.28579950282963,"CATCAGATCTTGTCAT-1"
-2.03155201431739,-3.95333218524846,"CATCCACAGAGCAATT-1"
9.58317333701623,2.56278824855892,"CATCCACAGGCCGAAT-1"
-1.76882952209938,0.441833243270793,"CATCCACAGGTGTTAA-1"
1.49304777625573,0.298083156844058,"CATCCACAGTAGCGGT-1"
1.49729353431237,0.745091796418109,"CATCCACAGTTCGCGC-1"
-0.108717617955089,0.646545067926326,"CATCCACCAAGCGATG-1"
8.52830177787316,-1.04236233184727,"CATCCACCAAGTAATG-1"
-2.33348744865882,-2.35505127857121,"CATCCACCACAGATTC-1"
0.64146572593224,-2.06270194003972,"CATCCACCACCTTGTC-1"
-2.05560201164711,3.3616211419305,"CATCCACCATAGAAAC-1"
-1.30119186398017,-0.677032350997052,"CATCCACGTACCTACA-1"
-3.73289412018287,-3.13938999126347,"CATCCACGTAGCCTCG-1"
-2.80723148342598,4.69011426021663,"CATCCACGTCTCTTTA-1"
-3.22413676735389,-3.3889265055457,"CATCCACGTCTTTCAT-1"
9.91008526328576,0.886711985369601,"CATCCACGTGAGGGTT-1"
-1.61224215980995,-0.70657134006413,"CATCCACGTTAAAGTG-1"
-3.6041278218888,-4.1017692084113,"CATCCACGTTCCTCCA-1"
-2.83154564854133,-0.967682361106,"CATCCACTCAGAGACG-1"
1.89706903937829,0.000602871676363748,"CATCCACTCATTCACT-1"
-0.000361440148234693,0.408947764461317,"CATCCACTCGCATGGC-1"
9.410709919963,1.09033262779323,"CATCCACTCGCCAAAT-1"
8.54098564628136,-0.66579461048039,"CATCCACTCGGCATCG-1"
-2.95460074898231,2.88636159946529,"CATCCACTCTGGTGTA-1"
-1.04201639946926,-1.36832261035832,"CATCGAAAGCTCCTCT-1"
-3.378112969365,-0.394697129229627,"CATCGAAAGGATGGTC-1"
8.63829094413292,-0.91310357997807,"CATCGAAAGGCTACGA-1"
-3.12364977356422,3.5531392102441,"CATCGAACAAGCTGAG-1"
-2.4762597655915,-1.51741373489293,"CATCGAACAATCTGCA-1"
9.69927650931847,-0.897501587370954,"CATCGAACAATGACCT-1"
1.9932683134414,0.0012840633591793,"CATCGAACACATGGGA-1"
-1.92451375481117,-1.6150519842902,"CATCGAACACCAGATT-1"
1.9393005991317,1.75564503719417,"CATCGAACACCTGGTG-1"
9.84439522269738,0.890886247654834,"CATCGAACACTTGGAT-1"
-4.91435855385292,2.35450553943721,"CATCGAACAGCCAGAA-1"
-2.34886246677864,0.799324960013308,"CATCGAACAGGCTGAA-1"
-1.79146569725502,0.982989788552203,"CATCGAACAGGGTATG-1"
1.52920037749779,1.21441149761287,"CATCGAAGTACTCAAC-1"
-1.19473607596386,1.08915805866329,"CATCGAAGTCCGTGAC-1"
1.11457497123253,0.343694627781787,"CATCGAAGTCTGCAAT-1"
-3.05639022346962,-1.01921522567662,"CATCGAAGTGCAGTAG-1"
-0.999949667047739,-1.91267681072148,"CATCGAAGTGCCTGCA-1"
-2.74550288673866,4.07604193737117,"CATCGAAGTTAAAGTG-1"
0.226986231837392,-1.12194347331913,"CATCGAAGTTGACGTT-1"
9.26629883292687,0.587708265086093,"CATCGAAGTTGCTCCT-1"
-3.12352126595008,-0.381339787940107,"CATCGAATCACAAACC-1"
0.389875354800343,-1.92278695056828,"CATCGAATCACTCCTG-1"
-1.89814918991554,-2.42368268916996,"CATCGAATCACTTCAT-1"
1.13826328757775,1.67362093975154,"CATCGAATCCTCATTA-1"
0.249321522746205,0.0274799471100948,"CATCGAATCGTCCAGG-1"
-4.46186059471595,-3.8492057318488,"CATCGAATCTCAAACG-1"
-4.63283389564979,2.0168454652032,"CATCGAATCTTATCTG-1"
10.4887500429488,0.133121371766009,"CATCGGGAGAATCTCC-1"
-3.47356360908973,-0.0535490805903294,"CATCGGGAGACTTTCG-1"
10.1505208635665,2.50856399585811,"CATCGGGAGGACACCA-1"
-4.49958365913856,-3.95603442142399,"CATCGGGAGTAGCGGT-1"
0.783541264567494,-2.08045053432377,"CATCGGGAGTGTACTC-1"
-0.285940108265758,-1.94408154437932,"CATCGGGAGTTGTCGT-1"
0.746477546725392,-2.09009933422001,"CATCGGGCAACTGGCC-1"
-3.73643535133827,4.1029529576501,"CATCGGGCAAGCTGAG-1"
-3.82282322403419,3.05043506671993,"CATCGGGCAATCCAAC-1"
2.48652178290856,1.3973101382455,"CATCGGGCACACAGAG-1"
-0.54549944159019,-2.20235872218998,"CATCGGGCACCCATGG-1"
8.31840759757531,-0.704376220206342,"CATCGGGCACCTATCC-1"
0.204685511622548,-1.97117996166142,"CATCGGGCACTGCCAG-1"
10.2022033357955,0.47602887501327,"CATCGGGCAGACGCAA-1"
-0.886799564030052,10.3809487824639,"CATCGGGCATACGCCG-1"
0.894368233714223,-0.983465671042524,"CATCGGGCATCCCATC-1"
-4.45991796013343,0.19002886166183,"CATCGGGCATGCAACT-1"
-3.39780801292884,-1.7828531260291,"CATCGGGGTCCGACGT-1"
1.17567593101037,2.05229628135768,"CATCGGGGTGGCGAAT-1"
-5.29062837120521,-2.75631356189641,"CATCGGGGTTGAGGTG-1"
10.024726452861,1.22618258049098,"CATCGGGTCAATAAGG-1"
-1.00075762290883,-2.98623490283879,"CATCGGGTCCAGATCA-1"
-4.13482874390113,-2.02620291660222,"CATCGGGTCCTAGTGA-1"
-3.59394305702674,4.37103223850337,"CATCGGGTCGATCCCT-1"
-2.91976147648323,-3.52553892085942,"CATCGGGTCGCAGGCT-1"
10.4671502733566,-0.655529140929303,"CATCGGGTCTGCAGTA-1"
8.35279137137902,-0.432129859427533,"CATGACAAGACCGGAT-1"
-2.68536203857887,3.12678074886409,"CATGACAAGACCTAGG-1"
-4.57439034935463,0.927254260083117,"CATGACAAGAGCTGCA-1"
-4.48045843597877,1.29646116544811,"CATGACAAGATCGGGT-1"
1.78243977073204,-1.07639241168889,"CATGACAAGCCTTGAT-1"
-3.17081206795204,-4.09041857669743,"CATGACAAGGGCTCTC-1"
-2.85513514038551,4.05158019115535,"CATGACAAGTTGAGTA-1"
9.70073849204552,1.96947240879146,"CATGACACAAATTGCC-1"
-2.26275568958747,-2.09426116893681,"CATGACACAACGCACC-1"
-5.70183032509315,2.23291313697902,"CATGACACAAGTTGTC-1"
1.2504954958297,-0.908987521628461,"CATGACACAATAAGCA-1"
-5.68767636772621,1.85563814689723,"CATGACACAATCCGAT-1"
1.4776147032119,-0.989410042265973,"CATGACACAATCTGCA-1"
0.635712089572072,-0.863521217803083,"CATGACACACAGACAG-1"
-2.43946891781318,-0.583356976012311,"CATGACACACCAGGCT-1"
-2.27660089489448,-2.80514097164067,"CATGACACACTAGTAC-1"
9.67906433585656,0.189273208876529,"CATGACACAGACGCAA-1"
9.84267765525353,-0.297289072970472,"CATGACACATAGGATA-1"
-4.68527072426307,-0.121904491881452,"CATGACACATTATCTC-1"
-4.53546565529335,0.892760336895861,"CATGACAGTCTAGTGT-1"
-5.70359891411293,-0.11634415338429,"CATGACAGTCTCCACT-1"
-1.85439646002281,-0.637062072257123,"CATGACAGTCTGGAGA-1"
1.60597926620018,-0.640487193564496,"CATGACAGTGGTACAG-1"
-2.60020595547187,0.693657845755496,"CATGACAGTTTGCATG-1"
8.35336548331749,-0.730312823752485,"CATGACATCAGGCGAA-1"
0.783554019961476,-1.4455112213889,"CATGACATCCAGATCA-1"
-2.9113103723191,3.75900816967098,"CATGACATCGACCAGC-1"
-2.08072191235054,-0.801672219733319,"CATGACATCGGTGTCG-1"
-2.3535278415345,0.714071870346942,"CATGACATCGTAGATC-1"
2.17329317573082,1.10506278326122,"CATGACATCTACTATC-1"
-2.93747800346839,3.0031735902032,"CATGACATCTGGCGAC-1"
-5.62294715401161,2.42811799099056,"CATGACATCTGTGCAA-1"
-3.12270635124671,2.66566729595272,"CATGACATCTTGTTTG-1"
11.5819345140792,1.1169597511491,"CATGCCTAGACGACGT-1"
-4.42850965019691,0.677155018349566,"CATGCCTAGACTGTAA-1"
-1.8401325916909,-0.727102875212751,"CATGCCTAGAGACGAA-1"
2.63580137732995,0.920794189473071,"CATGCCTAGAGCCTAG-1"
10.0779319429733,-0.059310495356641,"CATGCCTAGATATGGT-1"
8.7462754869796,0.842496067782321,"CATGCCTAGCAGATCG-1"
-1.80036014076698,-1.47988986919316,"CATGCCTAGCCAACAG-1"
10.0986943865157,0.501728587349334,"CATGCCTAGTACGTTC-1"
-5.47477382179725,1.04239851286022,"CATGCCTAGTGGGCTA-1"
-3.97296589371192,2.79184794475643,"CATGCCTAGTTATCGC-1"
-3.08097499367225,-0.220250963667951,"CATGCCTCAAATTGCC-1"
0.504593911204457,2.26375365306941,"CATGCCTCAACGATGG-1"
3.80869394782555,-4.66369748065861,"CATGCCTCAAGCGCTC-1"
-2.42856627460945,1.83518755485622,"CATGCCTCAATCGGTT-1"
1.0556655550338,0.114548653860965,"CATGCCTCACAGGCCT-1"
2.04056388381493,0.652901441355624,"CATGCCTCACCAGTTA-1"
-1.44950300213325,-3.28624033878239,"CATGCCTCACCGATAT-1"
-3.82759660240638,-4.27820324848088,"CATGCCTCACGCCAGT-1"
-4.57557052132118,-0.561582982043348,"CATGCCTCAGCCACCA-1"
0.745574178729176,-0.34875279615315,"CATGCCTCAGGACGTA-1"
1.71337729934227,0.926107526322284,"CATGCCTCATCACGAT-1"
1.62737876418602,-1.08720993945988,"CATGCCTCATGCCTAA-1"
1.3339493894912,-0.084867387513242,"CATGCCTGTAACGCGA-1"
1.96631866935265,0.86594042231647,"CATGCCTGTACCGCTG-1"
-1.682620761361,-3.80390191028508,"CATGCCTGTAGCAAAT-1"
-5.25987809654701,0.568905354042926,"CATGCCTGTATAAACG-1"
-0.633108494248271,-3.22049140880497,"CATGCCTGTCAATGTC-1"
-5.75274318214881,0.231232196589389,"CATGCCTGTCACAAGG-1"
-4.2435013627671,-1.93814110706242,"CATGCCTGTCGCATCG-1"
-4.2155677652024,-2.63709092090519,"CATGCCTGTCTCTTTA-1"
0.0321242237426039,-1.46078979919346,"CATGCCTGTGCCTGGT-1"
-1.65301006790626,1.01954066803066,"CATGCCTGTGCGGTAA-1"
-2.42073005196083,0.634543717404284,"CATGCCTGTGTTCTTT-1"
10.7023959780074,0.00522586752978782,"CATGCCTTCCAGGGCT-1"
9.3877082491256,-0.163178920249067,"CATGCCTTCCTCATTA-1"
8.95759159568322,0.522313781579413,"CATGCCTTCGTGGGAA-1"
-3.50747698303688,-1.92185044238957,"CATGCCTTCTAACTTC-1"
-4.03038662430275,-2.93649458835515,"CATGCCTTCTCTAAGG-1"
-3.56382506844032,-0.56909620712193,"CATGCCTTCTGCAGTA-1"
-0.147455570664287,0.00630351950732688,"CATGCCTTCTGGTATG-1"
3.9944444322921,-4.48019862125309,"CATGGCGAGCCATCGC-1"
-4.14344495293129,-3.71424889514836,"CATGGCGAGCCGATTT-1"
-5.84237092491615,-0.0687682623663761,"CATGGCGAGGATGCGT-1"
-2.05616551395881,1.01742374946681,"CATGGCGAGGCTAGAC-1"
-2.1919591998719,2.92116117527095,"CATGGCGAGTCATGCT-1"
-4.07688492294777,-4.24996113727482,"CATGGCGCACCTATCC-1"
10.1244884157516,0.68437206794826,"CATGGCGCAGGGAGAG-1"
-3.12838285919654,4.52785277416316,"CATGGCGCATCGACGC-1"
-4.80194920059669,-1.84985613773259,"CATGGCGCATGCATGT-1"
-0.227226195301891,-0.226759135226331,"CATGGCGCATTGGCGC-1"
0.219553890261769,1.37989926387874,"CATGGCGGTATATCCG-1"
-2.96070021149147,-1.20867145011815,"CATGGCGGTCCAAGTT-1"
-2.59968870636451,-4.37495017002018,"CATGGCGGTCGCTTCT-1"
-0.0430147623680833,-2.19035959194096,"CATGGCGTCCGAATGT-1"
-2.0664857005738,-3.99216818759831,"CATGGCGTCGACCAGC-1"
-0.908278127577186,0.277373284598269,"CATGGCGTCGCATGAT-1"
-2.81739240643013,-3.24073147724064,"CATGGCGTCGTATCAG-1"
1.86769992354882,-0.656199216345868,"CATGGCGTCTTGACGA-1"
-1.78962087389457,-0.822817921141706,"CATTATCAGAAGGTTT-1"
-0.96115890089798,-2.37705111453923,"CATTATCAGACAGAGA-1"
-3.41134637352455,-1.15559232185277,"CATTATCAGAGATGAG-1"
-2.8067565536164,-2.97996211002263,"CATTATCAGAGTCTGG-1"
-5.3946084355973,-2.49788355777653,"CATTATCAGATCTGAA-1"
-4.40685742851722,1.16037702610103,"CATTATCAGTACGATA-1"
10.5548558855392,0.618693277736583,"CATTATCAGTCCGTAT-1"
10.2546878481246,2.40231561710445,"CATTATCCAAACAACA-1"
-2.63010161873329,-0.512344896296582,"CATTATCCAATAACGA-1"
10.372379841838,0.531588145097174,"CATTATCCAATCTACG-1"
-3.05667394157875,-1.58732759902867,"CATTATCCAATGGACG-1"
-2.48698431011665,-1.19397234867009,"CATTATCCAGGGTATG-1"
-2.80814939495552,2.94565272380916,"CATTATCCATCGGGTC-1"
2.58617168906701,0.201136753459849,"CATTATCGTACGACCC-1"
-4.25912326332557,-0.721560000876508,"CATTATCGTCAGATAA-1"
-3.25500052925575,-2.99675154636296,"CATTATCGTCTGCCAG-1"
9.25424534324181,0.838287324210086,"CATTATCGTGTTGGGA-1"
1.55877238753808,0.55977073361484,"CATTATCGTTCGCGAC-1"
-5.02213567253578,-2.36024212787541,"CATTATCTCCCTAACC-1"
8.93680435660851,0.808492333193698,"CATTATCTCGCACTCT-1"
-3.60459345337379,-3.56753039310368,"CATTATCTCGCATGGC-1"
-2.66919499393928,3.41944575359432,"CATTATCTCGCCAGCA-1"
10.6765552187301,1.81738889267055,"CATTATCTCTTGACGA-1"
9.31344849112999,0.154672951002993,"CATTCGCAGAGTAAGG-1"
-1.19979627188671,0.241803497572818,"CATTCGCAGATGTTAG-1"
11.8738256121017,0.560831517477908,"CATTCGCAGCCCTAAT-1"
3.49333054069054,-4.30682253787907,"CATTCGCAGCTAAACA-1"
-4.4319345330857,-2.21985197017582,"CATTCGCAGGAGTAGA-1"
-3.43418591972816,-1.37641501377018,"CATTCGCAGGAGTTGC-1"
-3.37434309479225,-2.94364380786809,"CATTCGCAGGTGATAT-1"
-1.1310119753741,2.20127677967159,"CATTCGCAGTGAACGC-1"
-3.91313260551918,-1.41264104793461,"CATTCGCAGTGTTAGA-1"
-0.739472207989574,-1.93143820712956,"CATTCGCAGTTCCACA-1"
1.30318910125267,-0.170933901766858,"CATTCGCCAAACAACA-1"
3.76687151435387,-4.50024247119816,"CATTCGCCAAGTTGTC-1"
9.82656628135216,-0.955523967246137,"CATTCGCCAATAACGA-1"
-1.72147387024391,0.22306036998836,"CATTCGCCACAGCCCA-1"
-5.51162379738319,1.2832410936555,"CATTCGCCACCAGGTC-1"
-2.92045730110633,-1.4247044319907,"CATTCGCCAGCATACT-1"
-2.96187633034217,-0.357336222628675,"CATTCGCCAGGAACGT-1"
-0.654599902596355,0.226615950961985,"CATTCGCCAGTACACT-1"
-0.940705911632657,-3.10603642414006,"CATTCGCGTAAGTGGC-1"
-5.35781186577308,1.67458856155483,"CATTCGCGTAGCAAAT-1"
11.1965060854293,-0.634052752951703,"CATTCGCGTAGCACGA-1"
-0.587191042866588,-2.0149669642249,"CATTCGCGTAGGGACT-1"
-3.781020340886,-4.30865693042668,"CATTCGCGTCAAAGCG-1"
-5.51322978493202,-0.0596768255034306,"CATTCGCGTCCCGACA-1"
-1.42178636547554,-1.60083007762822,"CATTCGCGTCCTGCTT-1"
-2.87799244877327,-4.05582213352116,"CATTCGCGTCGCATAT-1"
-2.97493511196601,1.620785475274,"CATTCGCGTGCAACGA-1"
-2.66690355297554,3.18649101307003,"CATTCGCGTTACCGAT-1"
-2.47172289844978,-3.05813050220402,"CATTCGCGTTATCACG-1"
-1.40188428517807,-3.33034944484623,"CATTCGCTCAGAGCTT-1"
0.283249678645253,0.863235503931918,"CATTCGCTCAGAGGTG-1"
-0.969692700918794,-3.5745372767249,"CATTCGCTCATGTCTT-1"
1.56150800231469,-0.547699868182264,"CATTCGCTCCGCATAA-1"
1.98970633986962,-0.146138131121717,"CATTCGCTCTAACGGT-1"
1.31030518058312,0.320303358634391,"CATTCGCTCTCACATT-1"
-2.04540675636756,1.75111770679561,"CATTCGCTCTGGTTCC-1"
-1.84705441948402,2.00046885063259,"CATTCGCTCTTATCTG-1"
3.50014406684411,-4.28852057407292,"CATTCGCTCTTGTATC-1"
-5.98637383934486,0.13316094925014,"CCAATCCAGACACTAA-1"
-0.0855018472336534,-2.04577612827214,"CCAATCCAGGTGCACA-1"
-0.931501173790574,1.51008355667201,"CCAATCCAGTACACCT-1"
-1.36350884791839,1.2553982739648,"CCAATCCAGTCCATAC-1"
-3.27883523460853,4.74320340206233,"CCAATCCAGTGGGCTA-1"
-1.09583840277421,0.492620833714881,"CCAATCCCAAACAACA-1"
9.85802036765587,2.28910994579402,"CCAATCCCAAAGCGGT-1"
-5.04471486565101,1.21295523693172,"CCAATCCCAATCGGTT-1"
-3.55582016464698,3.13481545497982,"CCAATCCCAATTCCTT-1"
-1.24554776903617,-1.48901176402958,"CCAATCCCACGCCAGT-1"
-2.58340018745887,-0.413940250376783,"CCAATCCCACGGTAGA-1"
-2.99724024292457,4.57986617137996,"CCAATCCCAGCTCGCA-1"
-0.471317765679241,-3.26363062808903,"CCAATCCCATCACGTA-1"
-4.58571523186195,-3.84783148715886,"CCAATCCGTAAGTAGT-1"
3.47950703147423,-4.49723982761296,"CCAATCCGTCCCTACT-1"
-3.53169744965065,-3.84973645160588,"CCAATCCGTGTAAGTA-1"
-1.69065934177864,-3.70770287464055,"CCAATCCGTTGTGGCC-1"
-0.746310201849819,-0.47126096437367,"CCAATCCTCAGCGACC-1"
-5.02687591072548,-2.63011360118779,"CCAATCCTCATGCAAC-1"
-1.60187476631629,-3.83080744693669,"CCAATCCTCCAAATGC-1"
-3.86240976807106,-1.11134302566441,"CCAATCCTCCAGTAGT-1"
-3.85642689224708,3.72224736263362,"CCAATCCTCCTTTCTC-1"
-2.85503655430305,-3.23446226070317,"CCAATCCTCGCGGATC-1"
-0.280294058289409,0.128922850390353,"CCAATCCTCGCTTAGA-1"
9.50600391868126,0.742282718916812,"CCAATCCTCGGCTACG-1"
1.30390125754845,-0.0945961470404484,"CCAATCCTCGTTGACA-1"
-0.975030635859847,-0.627259134749494,"CCAATCCTCTCCCTGA-1"
-5.50474446770179,-0.949432134131513,"CCAATCCTCTCGCTTG-1"
-4.10656827446449,2.36545908500759,"CCAATCCTCTGCTGCT-1"
-4.25336044785011,-0.29695117423924,"CCACCTAAGACAATAC-1"
10.4176135683395,1.38106781293956,"CCACCTAAGAGTTGGC-1"
-2.84393030163276,0.394501860750296,"CCACCTAAGATCCGAG-1"
1.43637734893334,-1.64411878536137,"CCACCTAAGATCGGGT-1"
-1.65551757570732,-0.143795907000623,"CCACCTAAGCTAAGAT-1"
-3.83743184563148,-0.370350896815381,"CCACCTAAGCTATGCT-1"
-1.44548836108673,-1.75122356365117,"CCACCTAAGGACATTA-1"
-2.36703914162147,-2.82039189289006,"CCACCTAAGTGGGTTG-1"
-1.00363759175319,10.7456510071954,"CCACCTAAGTTCGCGC-1"
1.63691145423424,0.136163622637667,"CCACCTACAGTACACT-1"
9.8481050157882,1.78763783027736,"CCACCTACATACAGCT-1"
-0.889469673302055,-1.96192860553654,"CCACCTACATCCGCGA-1"
2.08433109763634,1.72798419048397,"CCACCTACATGGGAAC-1"
-3.45133226868141,-4.07708191821965,"CCACCTACATTAGGCT-1"
10.5244832659103,-0.105151175955854,"CCACCTAGTAACGCGA-1"
1.277644219432,1.4338685279092,"CCACCTAGTACGCTGC-1"
-4.06818741318214,-2.82075381229313,"CCACCTAGTCACTGGC-1"
-1.67341994997489,1.06888806869594,"CCACCTAGTCTCCACT-1"
-1.89069825169075,0.172942027946391,"CCACCTAGTCTTGCGG-1"
-4.19170993324745,3.18217921306697,"CCACCTAGTTACAGAA-1"
9.5788818025924,1.31512147237865,"CCACCTAGTTCGAATC-1"
-1.91828006264198,-4.13234448383244,"CCACCTATCAAGGCTT-1"
10.1833081865646,2.18567812492458,"CCACCTATCATCTGCC-1"
2.22316962722313,0.0341112022599361,"CCACCTATCCAGAGGA-1"
-5.71214574333656,1.43849539806453,"CCACCTATCCCGGATG-1"
-4.10070031639564,1.88771402885524,"CCACCTATCCCTCTTT-1"
-5.46466296669471,2.19050681640712,"CCACCTATCGGCGGTT-1"
-3.75834411140907,-0.28839552352818,"CCACCTATCGGTCCGA-1"
0.860605421099782,0.815279752512851,"CCACCTATCTCGTATT-1"
9.81419998649132,0.358953394492545,"CCACCTATCTGAGGGA-1"
-5.82968324181068,0.0702399914464138,"CCACGGAAGAAAGTGG-1"
-3.8346251821183,-4.41550803134831,"CCACGGAAGAAGATTC-1"
1.94222289565575,0.123955041666903,"CCACGGAAGATAGTCA-1"
-2.65947729107368,1.49108099987117,"CCACGGAAGCTATGCT-1"
-4.11737149712074,3.35315704395381,"CCACGGAAGGGTTTCT-1"
-3.04851191994178,-0.527125894526563,"CCACGGAAGTACCGGA-1"
-3.18567341324317,-4.14536404560002,"CCACGGAAGTGAAGTT-1"
-3.56082886215675,-2.30122804592045,"CCACGGACAAAGAATC-1"
-0.131914672818065,-2.71002578685673,"CCACGGACACCGCTAG-1"
0.497885885272145,-1.3675699229041,"CCACGGACACGGTGTC-1"
11.0590282106735,-0.585482060412488,"CCACGGACACTAGTAC-1"
-0.746278000440479,-1.02731025169285,"CCACGGACACTGTGTA-1"
-0.509030548300624,-1.21464037845524,"CCACGGACACTTCTGC-1"
9.54281479362023,-0.4811021084586,"CCACGGACAGTGGAGT-1"
-2.81719046589363,1.44551754047481,"CCACGGACATAGGATA-1"
-0.612153587307811,-1.68993043849858,"CCACGGACATGCCACG-1"
-1.91046952959526,-0.788059949378095,"CCACGGACATGCCCGA-1"
8.1151891374923,1.7984526162347,"CCACGGAGTAAGTAGT-1"
-3.68483966347206,-2.11831235835942,"CCACGGAGTCAGAGGT-1"
9.95063740256798,-1.07946276615056,"CCACGGAGTCTCAACA-1"
-3.56322329994667,0.529420987268367,"CCACGGAGTCTCTCGT-1"
2.31369811538231,-0.40216791580113,"CCACGGAGTGAGCGAT-1"
-4.88278668877113,-1.12313985774907,"CCACGGAGTGATGTCT-1"
-3.57558744904029,-0.418419539431653,"CCACGGAGTTAAAGAC-1"
-4.02923339363563,-0.58468425224217,"CCACGGAGTTCACCTC-1"
-1.91213977095115,-1.8389255995551,"CCACGGATCAAACAAG-1"
-2.37472849842536,-2.51617646167668,"CCACGGATCACCGGGT-1"
-5.59088557716835,-0.261375903586469,"CCACGGATCACCTCGT-1"
2.31123000625145,0.800534040232577,"CCACGGATCACGACTA-1"
-4.04382222649086,2.76182389309017,"CCACGGATCACTCTTA-1"
1.53152352813256,1.06788569738475,"CCACGGATCATAAAGG-1"
-1.90259736534584,2.27986192752925,"CCACGGATCTTAGCCC-1"
-1.97021955009925,2.88660717060176,"CCACGGATCTTCTGGC-1"
3.7669544840194,-4.58245205829533,"CCACGGATCTTGTCAT-1"
-0.0682030295990709,-0.789442300299726,"CCACTACAGAGGTAGA-1"
-0.4026388501786,-2.95944142291935,"CCACTACAGATCACGG-1"
2.12580973151696,1.61453199436275,"CCACTACAGCGACGTA-1"
-2.42197972294319,-1.65230607936772,"CCACTACAGCGTGTCC-1"
10.1623588228561,1.76913249542324,"CCACTACAGCTTCGCG-1"
-1.92145925518501,-1.24551200817021,"CCACTACAGGCTCATT-1"
-0.101000962223888,0.678869128724017,"CCACTACAGGGCACTA-1"
7.78975636008751,1.3707147841653,"CCACTACAGTACGACG-1"
1.96213299277794,0.583109990259089,"CCACTACAGTCACGCC-1"
-1.80599099155891,-1.80586910198124,"CCACTACCAAACAACA-1"
-5.49402516838539,2.34786665489284,"CCACTACCACAAGTAA-1"
-3.90520399567115,0.58155316164104,"CCACTACCACAGCGTC-1"
-0.872975928153873,-0.785148500899396,"CCACTACCACTTCTGC-1"
-1.1389579897784,10.3811337952813,"CCACTACCAGGCTGAA-1"
-4.03188723083961,-0.472172557810865,"CCACTACGTAACGTTC-1"
-2.70258658882606,-0.548509478072248,"CCACTACGTAATTGGA-1"
-1.89019900318611,1.391104519864,"CCACTACGTACTCGCG-1"
-1.30491292234886,-1.76164030979069,"CCACTACGTTGCTCCT-1"
-1.15877137836444,-0.804101466635785,"CCACTACGTTGGACCC-1"
10.7166047716476,1.11411565591899,"CCACTACGTTGTACAC-1"
-2.95669930931556,2.28548193027584,"CCACTACTCAATAAGG-1"
-0.518119153942943,-0.338486551741681,"CCACTACTCACCGGGT-1"
-0.309438285794139,-2.1816875929633,"CCACTACTCACGAAGG-1"
-4.3316578244828,-0.148531138400159,"CCACTACTCGAATGCT-1"
9.69094139579308,0.882647395630755,"CCACTACTCGTGGACC-1"
0.764816465411305,-2.14327216098698,"CCACTACTCTAACGGT-1"
-0.46226608511436,2.34154081394283,"CCACTACTCTCCAGGG-1"
10.768825116191,-0.679327725867353,"CCACTACTCTCTTATG-1"
-1.27775531765449,-1.37574803779515,"CCACTACTCTTAACCT-1"
-3.18779295441139,3.1332685952386,"CCACTACTCTTGTATC-1"
-2.80667978283393,4.23092436840145,"CCAGCGAAGACTAAGT-1"
-3.88605612274635,-2.48223113963994,"CCAGCGAAGAGGACGG-1"
-0.319467720951915,-1.61535477588566,"CCAGCGAAGCTAAGAT-1"
-1.67881142851341,-2.92784643123539,"CCAGCGAAGCTTTGGT-1"
-0.170432147946239,-2.17931818912419,"CCAGCGAAGGTTCCTA-1"
-0.374116477932811,0.38948963259665,"CCAGCGAAGTTCGCGC-1"
-1.75948542114723,3.34367513706295,"CCAGCGACAAGACGTG-1"
-3.35008901115882,1.22911882450191,"CCAGCGACACCAGATT-1"
-4.85712879654396,-2.36396980235966,"CCAGCGACATATACGC-1"
-4.0623490190171,-4.10869431445988,"CCAGCGAGTACCAGTT-1"
-2.28546327110755,-1.83706116626652,"CCAGCGAGTCCGAAGA-1"
8.81091934684289,-0.584859191874585,"CCAGCGAGTGGTCCGT-1"
-1.37679582592475,2.82859039356319,"CCAGCGAGTTTGTTGG-1"
10.7476621294357,-0.77600550601872,"CCAGCGATCACGAAGG-1"
-4.57813590523231,-1.45976746032628,"CCAGCGATCACTGGGC-1"
8.04456669333947,0.383976573621311,"CCAGCGATCCAGAGGA-1"
1.86550647262108,1.43677353908626,"CCAGCGATCCCTGACT-1"
1.63233787063134,0.508849464853682,"CCAGCGATCCCTTGCA-1"
-4.91282933708656,-2.99284553478154,"CCAGCGATCGGAAACG-1"
-3.56635063644874,0.979011774559893,"CCAGCGATCTTGTTTG-1"
-2.63916045185554,4.72253203441707,"CCATGTCAGAGGTTAT-1"
2.3458324098922,1.08350801517574,"CCATGTCAGCACCGCT-1"
-4.50868171211708,1.40262013723461,"CCATGTCAGCGTGAGT-1"
-0.693213102784038,1.42636251499263,"CCATGTCAGCTTATCG-1"
9.87265831473839,0.944784045716204,"CCATGTCAGTCCTCCT-1"
-2.95215838905799,1.07166838695613,"CCATGTCAGTCGTTTG-1"
10.1134048128463,1.61690175582973,"CCATGTCAGTCTCCTC-1"
-3.04348367210853,2.94732070018856,"CCATGTCCAAACAACA-1"
-3.94669979568946,-3.68673253009709,"CCATGTCCAATCCAAC-1"
1.68153769019616,1.98233330299465,"CCATGTCCAGGTCTCG-1"
-2.57126861568916,-4.37019419620427,"CCATGTCCATACGCTA-1"
1.53168493751061,-1.1072258944312,"CCATGTCGTAAAGTCA-1"
-0.365011689629436,-0.965834259490094,"CCATGTCGTAGGGACT-1"
10.6395536089278,0.088046283026614,"CCATGTCGTAGTAGTA-1"
1.45669108870995,0.0216435795029781,"CCATGTCGTATCGCAT-1"
-1.4154290830754,1.67283666183559,"CCATGTCGTCCGACGT-1"
-4.13334458824623,-0.564893722037397,"CCATGTCGTGAAGGCT-1"
-1.74625891205299,-0.948062657813153,"CCATGTCGTGGTTTCA-1"
-0.951168117489696,-3.0467360014716,"CCATGTCGTTCCTCCA-1"
-0.790054408278346,0.681220978995242,"CCATGTCTCCTCCTAG-1"
-4.15936392303932,0.159148857494273,"CCATGTCTCGATCCCT-1"
-1.99014627691734,-3.0758423800269,"CCATGTCTCGGAAATA-1"
-0.806119379963756,-2.40191435764226,"CCATGTCTCTTGTATC-1"
-4.53456157204139,-3.54521584461125,"CCATTCGAGATCTGAA-1"
0.20233637336266,0.624505579968371,"CCATTCGAGCAGCGTA-1"
10.4149060869552,2.0256642108163,"CCATTCGAGCTAGTCT-1"
-1.87152707334983,3.04974913646785,"CCATTCGAGGCCGAAT-1"
1.11937743667138,2.1365896468362,"CCATTCGAGGGAAACA-1"
-2.58159905430305,3.64347410251705,"CCATTCGCAAGTAGTA-1"
8.70659214499962,-0.359401463965497,"CCATTCGCACAGCGTC-1"
10.2264056825973,0.616204366584697,"CCATTCGCAGGGTTAG-1"
10.4080758715011,1.45730960418788,"CCATTCGCAGTAACGG-1"
-4.91883700844276,-0.251416682700238,"CCATTCGCAGTCAGCC-1"
-3.69125407692421,-2.14570236156376,"CCATTCGCATGGGAAC-1"
-3.0482310628556,3.64718198825923,"CCATTCGGTAGGCTGA-1"
1.8427007818557,0.991441369553485,"CCATTCGGTATTCGTG-1"
-2.94325655457008,-0.719670533637128,"CCATTCGGTCAGCTAT-1"
-5.86235707756507,0.154357284804263,"CCATTCGGTGCCTGCA-1"
-3.46087425705421,-0.403361618022046,"CCATTCGGTTCCATGA-1"
-0.0592593526505235,-1.26415252635869,"CCATTCGGTTCGGCAC-1"
-5.4337782239579,-0.719471930960736,"CCATTCGGTTTGTTGG-1"
10.1518264437057,-1.46032607505711,"CCATTCGTCAGGTTCA-1"
-3.56536954399574,-2.49286484668644,"CCATTCGTCATGTGGT-1"
10.4336562776901,-0.528021513918958,"CCATTCGTCATTATCC-1"
1.21944767478478,1.12792432357875,"CCATTCGTCGCCGTGA-1"
0.841329875025868,0.706894726057925,"CCATTCGTCGGACAAG-1"
-4.87829416748512,0.709535420437732,"CCATTCGTCTGACCTC-1"
-4.76905697342384,-2.25886678646,"CCATTCGTCTTACCGC-1"
-3.95946377274025,2.22343957473842,"CCATTCGTCTTCCTTC-1"
2.19323283675683,0.241263047357478,"CCCAATCAGAGTGACC-1"
-0.461452958550334,-0.416873752574048,"CCCAATCAGCCACGCT-1"
-4.46606248375404,-2.39549970577153,"CCCAATCAGGCAGTCA-1"
-4.32329839226234,-3.73898816059025,"CCCAATCAGGCTAGGT-1"
-0.577739802565456,-0.851180433730207,"CCCAATCAGTCTCGGC-1"
-4.49861997124183,0.097177804013171,"CCCAATCAGTTAGCGG-1"
10.0437236452438,-1.39459133098515,"CCCAATCCAATGAATG-1"
-2.07138854023445,-2.91790485332402,"CCCAATCCACAGGTTT-1"
9.83006245139611,-1.40391981552037,"CCCAATCCACGGTAAG-1"
-0.967788844745636,-2.48694944332036,"CCCAATCCAGATTGCT-1"
3.61006886008751,-4.43227934787663,"CCCAATCCAGCAGTTT-1"
-3.35300701614845,0.569480091830172,"CCCAATCCAGTAAGAT-1"
1.01772815230858,2.19178259422389,"CCCAATCCATCGGACC-1"
-5.35572141167152,2.09319055130092,"CCCAATCCATGGGAAC-1"
9.73702293876183,1.3213008051118,"CCCAATCGTAAGAGAG-1"
-2.69857293125618,-3.17505621860417,"CCCAATCGTAAGTTCC-1"
-0.757285860743404,2.04963719894496,"CCCAATCGTGGTCCGT-1"
11.6370044374801,-0.273530661563001,"CCCAATCGTTCTGGTA-1"
-4.9869689321183,-0.312168478468976,"CCCAATCTCATGGTCA-1"
3.63024431708825,-4.39782690952214,"CCCAATCTCATGTGGT-1"
0.217603387866139,11.8675820832452,"CCCAATCTCCAAACTG-1"
10.0491328859664,-0.411403297881208,"CCCAATCTCCGGGTGT-1"
9.62052208426964,1.39959758569805,"CCCAATCTCCGTACAA-1"
-5.80749076363075,-0.178842603663526,"CCCAATCTCCTTAATC-1"
-5.92928594109047,0.154172331591525,"CCCAATCTCGAGAGCA-1"
-3.56733721252906,-1.65280508945378,"CCCAATCTCGATGAGG-1"
11.5534949922897,1.27379804899303,"CCCAATCTCGTTACAG-1"
0.157810869250416,11.7452018265924,"CCCAGTTAGAAGGCCT-1"
-3.97005408760536,-2.03031086872014,"CCCAGTTCAAGCCCAC-1"
-2.42491072174537,2.63600707103816,"CCCAGTTCAAGCCGCT-1"
-2.54487114902961,4.64165186931697,"CCCAGTTCAATCCGAT-1"
-5.28398841377723,2.36018991520015,"CCCAGTTCACATGACT-1"
-2.94714063164222,-3.10665941188725,"CCCAGTTCACCGTTGG-1"
-3.05181830879676,-3.97618460605534,"CCCAGTTCACGGATAG-1"
9.70191437247765,-1.0289639229575,"CCCAGTTCAGTTAACC-1"
-3.24059551712501,0.274697378774562,"CCCAGTTCATCCAACA-1"
-4.51350086685646,-2.24777603099736,"CCCAGTTCATGAACCT-1"
-1.25941291209686,1.16715371658412,"CCCAGTTCATGCCTAA-1"
-3.85791176315773,-2.00903463313969,"CCCAGTTGTACCTACA-1"
0.154464545283436,-0.868832706908307,"CCCAGTTGTAGCCTCG-1"
-1.62721371408927,-3.79805588672551,"CCCAGTTGTAGTGAAT-1"
-2.63249093052375,-3.02823853443059,"CCCAGTTGTCAGAAGC-1"
8.70572430137169,-0.293720244864545,"CCCAGTTGTCTCCATC-1"
-1.86410414930809,2.80303502132503,"CCCAGTTGTCTGCAAT-1"
2.52087980750573,1.3426278238496,"CCCAGTTGTGAACCTT-1"
9.31779629233849,1.40387660314647,"CCCAGTTGTTAGTGGG-1"
-4.49437469002235,-3.82849764774235,"CCCAGTTGTTCTCATT-1"
-0.724293974604488,-0.315168082217298,"CCCAGTTTCACCAGGC-1"
10.2668653154708,-0.642539858321271,"CCCAGTTTCAGAGCTT-1"
-1.97197687384117,-1.83511447856816,"CCCAGTTTCCACGTGG-1"
-2.28355830666053,-4.24895024249943,"CCCAGTTTCGCCAAAT-1"
1.70622378829491,1.33831721593944,"CCCAGTTTCTTGTTTG-1"
1.20609814170372,-1.06496620128544,"CCCATACAGAGGTAGA-1"
-0.38756304737556,-2.83990192363652,"CCCATACAGATCCGAG-1"
10.0477376604415,-0.50826424310597,"CCCATACCAATGAAAC-1"
1.3561616564132,-0.899739980200849,"CCCATACCACATAACC-1"
11.1887584352828,0.0836694543561123,"CCCATACCACATCTTT-1"
-0.885186572935462,-0.0308379525938847,"CCCATACCACCAGGTC-1"
0.150014224085927,-0.539386391142926,"CCCATACCAGGGCATA-1"
11.583371701274,0.869784862299838,"CCCATACCAGTAAGAT-1"
0.547794046435475,1.62862300922481,"CCCATACCATCCGCGA-1"
0.193418445620656,11.7635362153253,"CCCATACCATGGTCAT-1"
-1.77722918745506,-0.551817833880506,"CCCATACCATGGTTGT-1"
11.0797000551559,-0.424645304183088,"CCCATACGTCAAAGAT-1"
11.2591939592696,-0.424904047946058,"CCCATACGTCGGCTCA-1"
-1.1092986291312,-1.00973463008793,"CCCATACGTGGTCCGT-1"
-3.48369425293434,-2.88240361164006,"CCCATACGTTGTGGCC-1"
-0.679447648491741,-0.802378177146039,"CCCATACTCACGATGT-1"
10.3339229250289,-1.12644863078984,"CCCATACTCCACGTTC-1"
11.5321603441573,0.682850868006625,"CCCATACTCCAGGGCT-1"
-0.332955954041362,-2.73965835521611,"CCCATACTCCCTTGCA-1"
-3.47171419617164,-1.19067156265172,"CCCATACTCCTCCTAG-1"
-2.52438717838752,-1.52677380988987,"CCCATACTCGCTAGCG-1"
9.56584316733849,0.554994777341761,"CCCATACTCGGTGTCG-1"
-0.829095823135257,9.98605132152645,"CCCATACTCTATGTGG-1"
1.01752001288903,1.85832119037715,"CCCTCCTAGACTCGGA-1"
10.0895019197799,0.805442631741442,"CCCTCCTAGAGCTGGT-1"
-2.25513213631141,0.442363311102071,"CCCTCCTAGAGGTAGA-1"
-3.93473165985572,-2.50721859882267,"CCCTCCTAGATGTGGC-1"
9.78685337546837,0.00660419513789634,"CCCTCCTAGCCGATTT-1"
1.97823697570336,-0.927427887419782,"CCCTCCTAGCTAACTC-1"
1.17866713050377,-2.26177501628788,"CCCTCCTAGTACGTTC-1"
10.5104947710372,1.48238563587276,"CCCTCCTAGTCAAGGC-1"
1.76086980346215,2.42634773304073,"CCCTCCTAGTCCAGGA-1"
0.995527091059804,2.57247710277645,"CCCTCCTAGTGATCGG-1"
10.0494504595138,-0.275099515418134,"CCCTCCTCAAACTGTC-1"
0.658080878291249,-1.25983750770482,"CCCTCCTCAAGGACTG-1"
10.0901055956222,-0.473937451342664,"CCCTCCTCACAACGTT-1"
2.36215859893334,0.209163636465945,"CCCTCCTCACAGCGTC-1"
1.80598241332543,-0.786525368193708,"CCCTCCTCAGACGTAG-1"
-1.394107369151,-1.00215578029545,"CCCTCCTCAGAGTGTG-1"
10.4419122362472,0.0154814725121639,"CCCTCCTCAGCTTCGG-1"
-3.74730437752235,-3.81861519763859,"CCCTCCTCAGGCGATA-1"
9.63683277610314,-1.17740762184056,"CCCTCCTCAGGTGGAT-1"
-5.19266694542396,-2.79606652210148,"CCCTCCTCATCCTAGA-1"
-0.276077566113353,-1.53096640060338,"CCCTCCTCATCTATGG-1"
-1.38471796866882,-1.74516701648625,"CCCTCCTCATTGGGCC-1"
2.11163288596642,0.571358338495173,"CCCTCCTGTAAGAGGA-1"
-5.0119704579972,1.58836674739925,"CCCTCCTGTAAGTAGT-1"
-0.99622174436602,10.5445106034478,"CCCTCCTGTCAGAAGC-1"
-2.59915309902656,-3.32460737178715,"CCCTCCTGTCAGAGGT-1"
-5.32413428780067,-1.27015840957554,"CCCTCCTGTCATCCCT-1"
10.3186784410812,-1.60466146419438,"CCCTCCTGTTAGTGGG-1"
-2.69807129856575,-4.05142521808537,"CCCTCCTTCAACACCA-1"
0.641905846629262,1.90850663234798,"CCCTCCTTCAGCACAT-1"
-4.95395701881874,-0.106887876490674,"CCCTCCTTCATGTCCC-1"
-4.54925459381568,-2.7695565218726,"CCCTCCTTCCGCATAA-1"
9.46547752860558,0.590358600517192,"CCCTCCTTCCGCTGTT-1"
-2.08787268158424,0.848738670845904,"CCCTCCTTCGGTCCGA-1"
-3.33927792068946,2.73572945644466,"CCCTCCTTCTACCTGC-1"
-1.6714793419503,0.641056478520312,"CCGGGATAGACAGACC-1"
-1.15610886868465,3.52911543895809,"CCGGGATAGACTGGGT-1"
-2.98954850193489,-0.050514131287656,"CCGGGATAGATATGCA-1"
-2.73574918266761,-3.4924421305457,"CCGGGATAGGATGCGT-1"
-2.30284327026832,3.84823155452816,"CCGGGATAGTACCGGA-1"
0.983381452593922,-0.137310265997968,"CCGGGATAGTCCGGTC-1"
-1.47746816035736,2.84803342868892,"CCGGGATCAAACGTGG-1"
-3.74793117996681,-1.23094212959202,"CCGGGATCACCTTGTC-1"
-1.86973452326286,-0.185189485053144,"CCGGGATCAGTATAAG-1"
-1.5359379028939,-0.0979781145850041,"CCGGGATCATATACCG-1"
-1.69988363739479,-3.88586926410588,"CCGGGATCATCCTTGC-1"
-2.29871779438484,0.689673096438327,"CCGGGATCATGGTAGG-1"
-1.03894563150036,-0.607680081824384,"CCGGGATGTATAAACG-1"
-1.27126624938476,1.01011806776134,"CCGGGATGTCAACTGT-1"
-3.6688217496537,2.5351891522607,"CCGGGATGTCAGAGGT-1"
1.69995934012902,0.74575808693973,"CCGGGATGTCTAGAGG-1"
-0.52939426657188,-2.18515419910344,"CCGGGATTCATTTGGG-1"
-1.3395954644345,-2.85491537998112,"CCGGGATTCCAAACTG-1"
-4.26902478691566,1.49569642593471,"CCGGGATTCCTCAACC-1"
-3.17124169823158,3.78881120731441,"CCGGGATTCGAATGGG-1"
-2.97928577419746,1.32213681985942,"CCGGGATTCGGGAGTA-1"
-2.45303755756843,-1.2091546053687,"CCGGGATTCTACCTGC-1"
-3.46826857086647,-2.81823039005192,"CCGGTAGAGAGGTTAT-1"
-1.29522859808433,-1.13833737323674,"CCGGTAGAGCTCCCAG-1"
-1.55271541830528,-1.75067949245366,"CCGGTAGAGCTGAACG-1"
-2.49449461456764,1.05623531391231,"CCGGTAGAGTTGTCGT-1"
8.79179245475304,-0.753776549796186,"CCGGTAGCAAGTTAAG-1"
-3.24247997757423,-3.867345094184,"CCGGTAGCACACAGAG-1"
-2.42166453358161,-0.195837079981885,"CCGGTAGCACGAAATA-1"
-2.01733046528327,-0.415294527510724,"CCGGTAGCAGCTGTTA-1"
11.1517625475265,0.060632735987582,"CCGGTAGCATTAGGCT-1"
-3.30990546699989,1.18904745628444,"CCGGTAGGTAAACGCG-1"
-1.98854905125129,-1.18593454311284,"CCGGTAGGTAACGTTC-1"
9.29458195212853,0.478093721469321,"CCGGTAGGTAATTGGA-1"
0.278073730502247,0.202073529859462,"CCGGTAGGTAGGACAC-1"
-0.573591974940181,0.80966264059154,"CCGGTAGGTCTGATTG-1"
-0.838954058852077,-3.57065463016423,"CCGGTAGGTCTGGTCG-1"
3.68405300620568,-4.44077181766423,"CCGGTAGTCAAGGTAA-1"
-1.11931815501678,-1.49369525859746,"CCGGTAGTCCCAAGAT-1"
-3.20168274399269,3.12013220836727,"CCGGTAGTCGAGCCCA-1"
-1.37398966905105,3.22629141857234,"CCGGTAGTCGCAGGCT-1"
9.97106415275109,0.149352789421954,"CCGGTAGTCGCGATCG-1"
0.42145258430016,1.43343377163021,"CCGGTAGTCTACTATC-1"
-0.845519257154346,0.481469624241271,"CCGGTAGTCTAGAGTC-1"
1.47526294234765,0.84133938004581,"CCGTACTAGAGTGACC-1"
-2.77186196800697,-2.88729214618596,"CCGTACTAGATCGATA-1"
10.0766196871139,0.31584316541759,"CCGTACTAGCCACTAT-1"
-3.9434058046006,-2.5615236754218,"CCGTACTAGCGACGTA-1"
-3.16125744339454,0.616277516384997,"CCGTACTAGCGTTTAC-1"
-3.46698945518959,3.7052707677087,"CCGTACTAGCTCCCAG-1"
-3.39757221695411,-0.945774793128095,"CCGTACTAGCTTATCG-1"
-3.1912860250138,-0.424582778910718,"CCGTACTAGGCCCGTT-1"
-2.52903002258766,-1.81478452632817,"CCGTACTAGGTAGCTG-1"
8.94406277183068,0.23015180279819,"CCGTACTAGTGAACAT-1"
-1.09841827061403,-1.63616871784123,"CCGTACTAGTGTACCT-1"
1.91976100448143,1.52067220260707,"CCGTACTCAAGACACG-1"
-1.03075570743907,-2.57174014995488,"CCGTACTCAAGAGGCT-1"
0.766036095652699,-0.91911172817143,"CCGTACTCAAGCCTAT-1"
-2.78550642487037,3.49900150348751,"CCGTACTCAATGAAAC-1"
0.904132428202748,0.781580210228839,"CCGTACTCACGCCAGT-1"
1.37763792518151,-0.882578610877118,"CCGTACTCACTCGACG-1"
-2.17459279057014,0.605985120435633,"CCGTACTCAGTAAGCG-1"
-4.81146496292579,-0.421164154509626,"CCGTACTCAGTACACT-1"
-1.185187888708,-2.19052815387639,"CCGTACTCATGGTCTA-1"
3.81225878242028,-4.46614956806096,"CCGTACTGTAACGACG-1"
-2.07678824421394,3.87174296428768,"CCGTACTGTCCCTACT-1"
-0.800748628940463,-1.02999424884709,"CCGTACTGTGAAATCA-1"
2.0037389421798,-0.149562954405866,"CCGTACTGTGCCTGGT-1"
-0.762803015675426,0.445504609992184,"CCGTACTGTGTTTGTG-1"
1.74254423621666,0.0158632402619503,"CCGTACTTCAAACAAG-1"
-4.39640849586952,-4.16120409915837,"CCGTACTTCAGCCTAA-1"
-1.53282111641395,3.34311962177364,"CCGTACTTCCCAACGG-1"
-1.44014781471717,1.22168022443859,"CCGTACTTCCCAGGTG-1"
-2.20881420132148,1.25361734678356,"CCGTACTTCCCTCTTT-1"
-3.11926358696449,1.31860518505184,"CCGTACTTCCTGCCAT-1"
9.2129502916671,3.35361838390438,"CCGTACTTCGTTACAG-1"
-1.47484579440582,-2.48904061267766,"CCGTGGAAGAAACCTA-1"
0.107559146914601,11.8672282700738,"CCGTGGAAGAAGGACA-1"
-0.772696611847759,10.113651037713,"CCGTGGAAGCACCGCT-1"
-2.73739188667762,4.76677107860652,"CCGTGGAAGGGTGTTG-1"
9.90402275565636,1.03719157030193,"CCGTGGAAGTCAATAG-1"
2.18882185462487,0.711601079007067,"CCGTGGACAAACGTGG-1"
2.19617849830163,0.00885248233882407,"CCGTGGACAATTGCTG-1"
-2.83674770351875,-1.80697298000248,"CCGTGGACACAGGCCT-1"
2.61511260512841,0.423725581293382,"CCGTGGACACCAACCG-1"
-4.89964383598793,-3.12997031162175,"CCGTGGACACGACTCG-1"
8.66204220298302,-0.354742466906629,"CCGTGGACAGACACTT-1"
-2.72708767410743,-1.56090712497624,"CCGTGGACAGATCGGA-1"
-4.16298836227882,-3.58848214099797,"CCGTGGACAGATGAGC-1"
1.81500059607995,-0.337305068472944,"CCGTGGACAGGTCCAC-1"
-2.26763969418037,-3.56008195827397,"CCGTGGACATACGCTA-1"
10.0719886446334,0.160122827192225,"CCGTGGAGTAAGGATT-1"
-5.44744103905189,-1.954991578559,"CCGTGGAGTATCACCA-1"
-6.06876653191078,0.151045948763766,"CCGTGGAGTCTTCAAG-1"
-1.51337629314888,-3.05792045543583,"CCGTGGAGTGCAGACA-1"
-0.0274520492218736,11.458338499566,"CCGTGGAGTTAGTGGG-1"
-2.71924072262275,4.70433545162288,"CCGTGGAGTTCACCTC-1"
-1.89342581984031,-3.13196134517582,"CCGTGGATCACATACG-1"
1.28534132483971,0.259647220869937,"CCGTGGATCAGGCCCA-1"
-3.92424863335121,-1.15810584972294,"CCGTGGATCATGTCCC-1"
-1.91321527716148,-3.13658118198308,"CCGTGGATCCCGGATG-1"
-0.994682276997745,0.114694834252276,"CCGTGGATCCTAGAAC-1"
1.44657546523583,0.121118754645266,"CCGTGGATCCTTAATC-1"
10.4976688051559,-2.1020121569434,"CCGTTCAAGACCACGA-1"
-4.04127925392616,2.40088486721126,"CCGTTCAAGATGTGTA-1"
-1.5917594408654,-3.95040869663151,"CCGTTCAAGCACAGGT-1"
-4.07906096931923,-1.74609804103764,"CCGTTCAAGCCAGAAC-1"
10.4833789491988,-0.984916090468488,"CCGTTCAAGCGTGTCC-1"
9.81101566794884,0.699893564482608,"CCGTTCAAGGCTAGAC-1"
-2.51809102055061,-3.00904297778996,"CCGTTCAAGGGTTCCC-1"
-1.81536757704246,2.92125606586544,"CCGTTCAAGGTAGCTG-1"
-5.20804542061317,-2.00240254352482,"CCGTTCAAGTAGTGCG-1"
8.76840645316613,-0.973652004698835,"CCGTTCAAGTATTGGA-1"
-3.07491248604286,4.61627697994319,"CCGTTCACAACGCACC-1"
0.0571650886870619,11.7172095780572,"CCGTTCACAACTGGCC-1"
-0.567199704613567,-1.36620819518956,"CCGTTCACAATGGACG-1"
-3.86008852478492,-1.68241023967656,"CCGTTCACACCACGTG-1"
11.0070920610763,0.589793310066142,"CCGTTCACACCTGGTG-1"
-5.86629718300331,-0.201242446402631,"CCGTTCACACGGTGTC-1"
-2.06827085968483,-1.25429809043797,"CCGTTCACAGCCACCA-1"
-3.09207266327369,3.30768179943172,"CCGTTCACAGCGAACA-1"
-2.00919121262062,2.97279334117977,"CCGTTCACATCCTAGA-1"
-2.86773448940742,-2.16632866809758,"CCGTTCACATTACGAC-1"
-1.46477120872962,2.10164487411586,"CCGTTCACATTAGGCT-1"
-4.16082828995216,3.44348645259944,"CCGTTCACATTCACTT-1"
1.67580038550866,-0.918264388541303,"CCGTTCAGTAGGGACT-1"
9.16900402549279,3.28224849750606,"CCGTTCAGTATTCGTG-1"
-0.559685227837444,0.437102087338843,"CCGTTCAGTCAAACTC-1"
-0.547324744429469,-1.50863730857762,"CCGTTCAGTCTTCAAG-1"
-5.80024093147743,-0.29135703990849,"CCGTTCAGTGTGAAAT-1"
1.38622504714501,0.470115669568457,"CCGTTCAGTTGGGACA-1"
-0.271299538578868,11.6283891205987,"CCGTTCAGTTTAGGAA-1"
10.2558541918136,1.65463578750698,"CCGTTCATCAGGATCT-1"
-0.830707055892825,-2.28050112674626,"CCGTTCATCCCATTAT-1"
2.58288771155846,0.823542625208773,"CCGTTCATCCGCATCT-1"
1.29118782523644,2.11152994682399,"CCGTTCATCCGGGTGT-1"
-3.7346803521775,-3.90557837436589,"CCGTTCATCGAATGGG-1"
3.91916567328942,-4.58431839893254,"CCGTTCATCGCCTGTT-1"
-1.72653907295692,1.34624874641506,"CCGTTCATCTGCAGTA-1"
-4.39968412872779,-3.66819786975773,"CCGTTCATCTGTCCGT-1"
-0.0512739395760301,1.13525396635143,"CCTAAAGAGACGCTTT-1"
-4.34627765175331,0.533807412286677,"CCTAAAGAGATGCCTT-1"
0.126491847071767,0.819609016676822,"CCTAAAGAGGGCACTA-1"
-2.75653511044014,1.28186196138469,"CCTAAAGAGGGTTCCC-1"
-1.83831614014137,-1.85394048641118,"CCTAAAGAGTAATCCC-1"
0.341973009142995,-1.78283572147282,"CCTAAAGAGTAGGTGC-1"
2.15127092841637,1.44789588501064,"CCTAAAGAGTCATCCA-1"
-3.42703908440101,-3.90673088977726,"CCTAAAGAGTTTGCGT-1"
-2.1858864402436,-2.5473086828986,"CCTAAAGCAAGCGATG-1"
8.25391441825402,1.64824545433132,"CCTAAAGCAGGTTTCA-1"
8.12364250663292,1.59936666538326,"CCTAAAGCATGTTGAC-1"
-0.909629901316047,1.18081170370189,"CCTAAAGGTACTTAGC-1"
3.64417845252526,-4.45199513385685,"CCTAAAGGTATAATGG-1"
1.11006361487877,-1.50197279403599,"CCTAAAGGTATAGTAG-1"
-5.24094575401771,2.12964963962642,"CCTAAAGGTCTGCAAT-1"
-3.28770059105384,-4.3527457709113,"CCTAAAGGTGATAAGT-1"
-2.33587044235694,-0.363175391654096,"CCTAAAGGTTAGATGA-1"
-3.37314480301368,2.26551377822963,"CCTAAAGGTTTGCATG-1"
2.59802133086693,1.54979431678859,"CCTAAAGTCATACGGT-1"
-0.808694658245921,-1.19725573013218,"CCTAAAGTCCATGAAC-1"
-0.486707684960246,-1.31186556766423,"CCTACACAGACACTAA-1"
-1.48266920205581,-2.35671424816044,"CCTACACAGCGTAATA-1"
8.13524776938927,0.426122490813412,"CCTACACAGCTAAACA-1"
0.712297859225392,-1.69189572284611,"CCTACACAGGCCCTTG-1"
-1.91036242004859,1.32673776199428,"CCTACACAGTCCCACG-1"
-1.1523250913285,-0.802250861624799,"CCTACACAGTGATCGG-1"
9.87104374412072,-0.151709913710675,"CCTACACAGTGCAAGC-1"
0.147530021700978,-1.10457837531956,"CCTACACAGTTGTAGA-1"
-5.44032281395423,-1.15836095760258,"CCTACACCACAAGCCC-1"
-3.17911547180641,2.94908571292964,"CCTACACCAGTTCCCT-1"
3.64535433295739,-4.40675616214665,"CCTACACCATATACGC-1"
-0.16928684469688,-1.16590726325902,"CCTACACCATCGATTG-1"
8.12232071403039,0.410963433127307,"CCTACACCATGGTTGT-1"
-3.46241086479652,-2.58761167476567,"CCTACACGTAAGTTCC-1"
-1.82553392406929,-1.10660743663701,"CCTACACGTATCACCA-1"
-2.90373497959602,-3.90567088077458,"CCTACACGTCTCATCC-1"
0.224794330630421,-0.884060978392682,"CCTACACGTCTGCGGT-1"
-1.60629856344688,1.71550941516963,"CCTACACGTTCTGAAC-1"
-0.936267805662036,2.72352480938045,"CCTACACTCAGGTTCA-1"
-3.39190166946876,3.50171160747615,"CCTACACTCCCTCAGT-1"
-2.86198442932594,2.91631865551082,"CCTACACTCCGTTGCT-1"
-3.54666679855812,1.64168763210384,"CCTACACTCCTTTCGG-1"
-2.6380553817414,1.46633446266262,"CCTACACTCGCTTGTC-1"
-3.41274922844398,-1.52964138935002,"CCTACACTCGTCTGAA-1"
-5.99073260780799,-0.230304061869703,"CCTACACTCTCAAACG-1"
-2.39023500439155,-0.367200791339002,"CCTACCAAGACAAGCC-1"
-3.06517737862098,3.85534119655696,"CCTACCAAGTACATGA-1"
-2.02402263638008,-3.13683175990971,"CCTACCAAGTATCGAA-1"
-2.98059779163826,3.32325530101863,"CCTACCAAGTGAAGAG-1"
-1.23694589492309,-3.11352968166264,"CCTACCAAGTGTACGG-1"
1.54556900504601,0.611764520903506,"CCTACCACAGGATCGA-1"
-3.5511664724015,3.39340329219905,"CCTACCACAGGTTTCA-1"
-2.89224964138496,0.278878048559108,"CCTACCAGTAAATACG-1"
10.9367719316818,0.0577890579899929,"CCTACCAGTAATTGGA-1"
1.10556560996544,-1.89573430965336,"CCTACCAGTAGCTTGT-1"
-0.210658607449413,2.10591554691402,"CCTACCAGTCGCATCG-1"
-3.9718310212754,-1.12018942783268,"CCTACCAGTCTACCTC-1"
9.9400706911422,-0.516237914065442,"CCTACCAGTCTCTTAT-1"
-2.23838597294319,1.08004951526729,"CCTACCAGTGAGGCTA-1"
-0.332163927521587,11.3375451569757,"CCTACCAGTGCACCAC-1"
-2.11122315880287,-1.46931624362858,"CCTACCAGTGTTTGTG-1"
1.59710890296471,1.56642830421535,"CCTACCAGTTCCGGCA-1"
-3.62728041168678,1.01103967477886,"CCTACCAGTTCGGGCT-1"
-1.7410953616761,3.9662821297845,"CCTACCAGTTCGTCTC-1"
-4.93839281555641,-1.28416252086552,"CCTACCAGTTCTGAAC-1"
-4.61447399612892,-2.59712672183903,"CCTACCAGTTTCCACC-1"
1.09466892722619,0.12146604110805,"CCTACCAGTTTGACTG-1"
-5.00470584389198,0.452923868348279,"CCTACCATCCGCGCAA-1"
-2.6076086139344,2.42829871227352,"CCTACCATCCGTTGTC-1"
10.6257653856612,-0.574606298903547,"CCTACCATCGTCTGCT-1"
-1.29695129152763,-3.54059934566411,"CCTACCATCGTGACAT-1"
-0.893037689294696,-2.37383747051152,"CCTACCATCGTTTATC-1"
-4.76776545998085,2.66872000743953,"CCTACCATCTGAGGGA-1"
3.79047733787072,-4.64390015552434,"CCTACCATCTGTACGA-1"
-5.42937177177894,0.619597241779246,"CCTAGCTAGAGGTACC-1"
-2.52480572220314,-0.501623510817609,"CCTAGCTAGAGTAAGG-1"
8.58144337180626,-0.251246988276563,"CCTAGCTAGCAAATCA-1"
-2.85028069969642,4.75130820324031,"CCTAGCTAGCATGGCA-1"
-3.29429214951026,4.64058899929134,"CCTAGCTAGCGTAATA-1"
-1.32554167267311,-1.29929971645268,"CCTAGCTAGTAGGCCA-1"
-0.494093147482753,-1.20331776092442,"CCTAGCTAGTGAACAT-1"
1.79972869399559,1.86018502761928,"CCTAGCTCAAGGCTCC-1"
-0.47337859627235,-2.0445137018958,"CCTAGCTCAAGTCATC-1"
2.36923581603539,0.852263242503085,"CCTAGCTCAGCCTTGG-1"
-4.91812866684425,-3.26703596065434,"CCTAGCTCATAAGACA-1"
10.0433946276046,1.50230324318019,"CCTAGCTCATCGACGC-1"
-2.156628427472,2.87823677112667,"CCTAGCTGTATCGCAT-1"
-2.07502871510017,-1.56643879363926,"CCTAGCTGTCAATACC-1"
-3.9691078042649,-1.93398904750737,"CCTAGCTGTCAGAGGT-1"
8.88899380210412,0.257616952558436,"CCTAGCTGTCATATCG-1"
0.785596671137929,-0.376282035807691,"CCTAGCTGTCTAAAGA-1"
-2.80760234352577,-3.02936196277531,"CCTAGCTGTGCCTTGG-1"
-1.66248792168129,2.40823197414485,"CCTAGCTGTTCAACCA-1"
2.25033527854454,-0.401791452864728,"CCTAGCTGTTGTCTTT-1"
-1.4886864399575,3.43135833789913,"CCTAGCTGTTGTGGCC-1"
-4.30087393280494,-2.95394849727543,"CCTAGCTTCACGGTTA-1"
8.86496883872521,-1.03381216476353,"CCTAGCTTCGGAAACG-1"
0.274738492999196,-1.7202937598029,"CCTAGCTTCGGATGTT-1"
-3.30098789688575,0.0512747173508785,"CCTAGCTTCGGTCCGA-1"
-2.25878852364051,2.77758503009883,"CCTAGCTTCGGTGTCG-1"
0.364943089518666,1.9668959384164,"CCTAGCTTCTGTCAAG-1"
1.72569567206871,-0.725303649405561,"CCTATTAAGAGAACAG-1"
-0.607001361813426,-1.26188588092717,"CCTATTAAGCCACGCT-1"
-2.23148137089241,-0.608905791739545,"CCTATTAAGCTACCTA-1"
10.5661960268356,-0.146770476798139,"CCTATTAAGGGAGTAA-1"
-0.894398761358142,-1.57001590679081,"CCTATTAAGGGTATCG-1"
10.2978730821944,-0.330473243693433,"CCTATTACAAAGAATC-1"
-2.25772255417335,-2.65309023807438,"CCTATTACAAGGGTCA-1"
-1.83775698896873,4.38232135822383,"CCTATTACAATAACGA-1"
0.0808344507552382,1.13911223461238,"CCTATTACACAGTCGC-1"
-5.75318854805458,0.33407607724277,"CCTATTACAGACGCTC-1"
-1.35490441080558,0.205138162275233,"CCTATTACAGTTCCCT-1"
-0.733882335390926,-0.117407679061017,"CCTATTACATAAGACA-1"
-3.89969867226112,-0.243717252711377,"CCTATTACATGTCCTC-1"
-4.05538886543739,-3.2543673510352,"CCTATTACATGTCTCC-1"
-2.41252606865394,4.46430134822933,"CCTATTACATTGAGCT-1"
1.32876402381432,2.20372140457241,"CCTATTAGTAGCGTAG-1"
-4.97604506966102,1.04956531574337,"CCTATTAGTCATTAGC-1"
10.9478793764449,0.453517251213469,"CCTATTAGTCCATGAT-1"
1.64441424849999,0.0773500209054134,"CCTATTAGTCTAAACC-1"
2.63735276702416,1.24908131410686,"CCTATTAGTCTAGGTT-1"
9.73927456382287,-1.07357656906041,"CCTATTAGTCTAGTCA-1"
7.96272808555138,1.38842856933681,"CCTATTAGTTGAACTC-1"
2.6934943819381,0.883016139765658,"CCTATTAGTTGACGTT-1"
-3.09328144546974,-0.216648697356305,"CCTATTAGTTGATTCG-1"
-1.21569001432884,-0.831058978537641,"CCTATTATCACATACG-1"
-3.11790150162208,4.08458232929317,"CCTATTATCCCAACGG-1"
9.32675892356408,0.446702074756303,"CCTATTATCGAGAGCA-1"
0.138371291194081,-2.77101325939091,"CCTATTATCGATAGAA-1"
8.73945194724572,0.905999929209628,"CCTATTATCGTTTAGG-1"
-3.52618640419471,2.48551631023494,"CCTATTATCTATCGCC-1"
-2.70815068241584,3.82050776531307,"CCTATTATCTCCTATA-1"
-2.37081473824012,0.623896420498767,"CCTCAGTAGAAACCTA-1"
-0.205962476696849,-0.754589199523053,"CCTCAGTAGACCTAGG-1"
-3.24042099472511,-0.515573918322644,"CCTCAGTAGGCAGGTT-1"
0.0172957802153823,-0.251825868586621,"CCTCAGTCAACGATGG-1"
-1.97268360611427,-1.6058773989478,"CCTCAGTCAAGGTTTC-1"
-3.50068801399696,-0.567287504176221,"CCTCAGTCAATAACGA-1"
-5.2758921956681,-1.57413208434971,"CCTCAGTCAGGCGATA-1"
2.15870243552697,1.80475854923336,"CCTCAGTCAGTCACTA-1"
-0.979200106490434,9.82577395488826,"CCTCAGTGTAAACGCG-1"
2.12306767943871,0.629594535132327,"CCTCAGTGTAATCACC-1"
-2.51920062061775,-2.06005787799748,"CCTCAGTGTGTGACCC-1"
10.5010667467452,1.51671099712459,"CCTCAGTGTTAGAACA-1"
-1.44263255354393,-3.24882984111699,"CCTCAGTTCACAACGT-1"
-3.22356647011268,3.52400779773799,"CCTCAGTTCAGCGATT-1"
2.072810235057,1.7210565810403,"CCTCAGTTCATAACCG-1"
-3.47100132462013,-3.8512284750739,"CCTCAGTTCGCCATAA-1"
-3.22562759872901,4.33073878337947,"CCTCAGTTCTCGATGA-1"
-1.57486331221092,-0.550562977294049,"CCTCAGTTCTGCGACG-1"
-2.09085947033393,-0.291591107348523,"CCTCTGAAGACCTAGG-1"
8.40943008903039,-0.919823526839338,"CCTCTGAAGAGGTAGA-1"
-1.11975957211483,-0.619132160643659,"CCTCTGAAGCAAATCA-1"
-2.12328821178901,3.42562508632747,"CCTCTGAAGCCAGTAG-1"
-4.64289659019935,1.93135035087673,"CCTCTGAAGCTCCCAG-1"
11.5011611605026,1.04401040126888,"CCTCTGAAGGCATTGG-1"
-3.7766565656327,0.339661680658736,"CCTCTGAAGGCGATAC-1"
-5.24147599693763,-2.18412709186467,"CCTCTGAAGGGTCTCC-1"
1.83798319343102,-0.712073087195478,"CCTCTGAAGTGAAGTT-1"
-3.79103439804542,-3.42896676013859,"CCTCTGAAGTGGAGTC-1"
-3.38885301109779,-1.06869006107243,"CCTCTGACAAATTGCC-1"
-0.989364483537183,-1.9396495814124,"CCTCTGACAAGCCATT-1"
8.48587662223351,1.36670458366481,"CCTCTGACAAGCGCTC-1"
1.97381907943261,1.91186583091823,"CCTCTGACAATGGTCT-1"
-1.87909906860817,-2.45557212779912,"CCTCTGACACGGATAG-1"
-2.87970942017067,4.58338713695613,"CCTCTGACATGGTCAT-1"
-3.82621568199623,2.15321469356624,"CCTCTGAGTAAACACA-1"
-4.7298135137223,-1.79492497394475,"CCTCTGAGTAAGGGAA-1"
-1.35062619801986,1.63297188331691,"CCTCTGAGTAGTGAAT-1"
-5.67905229088295,1.88450086166469,"CCTCTGAGTCAAAGCG-1"
-3.54120319839942,-3.92472004840764,"CCTCTGAGTGAAGGCT-1"
-3.73527306076515,-2.40437602947148,"CCTCTGATCACATGCA-1"
-0.129440066780925,11.5356099610528,"CCTCTGATCAGAGGTG-1"
-1.09316300358999,1.14123982240764,"CCTCTGATCCAACCAA-1"
8.50467640403283,-0.0662900502482273,"CCTCTGATCCGCAGTG-1"
-1.11250337716568,11.0886409287652,"CCTCTGATCGCCTGAG-1"
-1.77143698688972,-3.63019633243474,"CCTCTGATCGGAGCAA-1"
-5.13414424416053,-2.82333898494633,"CCTCTGATCTCTAAGG-1"
-2.52569442745674,-4.09939455936345,"CCTCTGATCTTTACGT-1"
8.10125500205529,1.57363891651241,"CCTTACGAGAACTGTA-1"
-0.674268004860759,1.45906925251094,"CCTTACGAGAGACGAA-1"
-3.89213913437355,3.73979735424129,"CCTTACGAGATAGGAG-1"
9.8496976518966,1.11926859666912,"CCTTACGAGATGTTAG-1"
-3.91260593887794,-4.05339789340886,"CCTTACGAGCTAGTTC-1"
-2.44348913189399,-3.05201268146428,"CCTTACGAGGAGTAGA-1"
2.49462372306359,0.952368796368518,"CCTTACGAGGTGCACA-1"
-2.09751838203895,-0.764093517760358,"CCTTACGAGTATTGGA-1"
8.96853310111535,-0.486029803256116,"CCTTACGCAAGCCGCT-1"
0.451400342021107,-1.22319555232914,"CCTTACGCAATGGACG-1"
-0.516715702977062,-3.07792544315251,"CCTTACGCACACTGCG-1"
-3.01063292976844,-1.95036196659001,"CCTTACGCACCCAGTG-1"
-2.22643738743293,-3.72310757587346,"CCTTACGCACGCCAGT-1"
3.57424026969445,-4.44321227023991,"CCTTACGCATGAACCT-1"
10.0514264726974,2.3171213870248,"CCTTACGCATTACGAC-1"
0.41823357585442,-1.42837369392308,"CCTTACGGTAAACCTC-1"
10.4549708986617,-0.218800246218763,"CCTTACGGTAACGACG-1"
-5.94232791420448,0.0988203590115688,"CCTTACGGTCACAAGG-1"
1.07142335418236,-2.20391511867436,"CCTTACGGTCTCTCGT-1"
2.40928679946434,1.203500152131,"CCTTACGGTGCACGAA-1"
-3.8527907704972,-0.390200376013837,"CCTTACGGTGCCTGCA-1"
-2.51470035072792,1.27253717233745,"CCTTACGGTGGTCCGT-1"
7.91688114646447,1.23695868303386,"CCTTACGGTTCCATGA-1"
-2.05865996834266,-0.765640973548017,"CCTTACGGTTCCGGCA-1"
-1.62778454777229,-3.26399302432927,"CCTTACGGTTCGGCAC-1"
9.51564175132287,1.21161228468029,"CCTTACGTCAACTCTT-1"
-2.27092224117744,3.64482832004634,"CCTTACGTCAGCGATT-1"
1.43587118628991,-1.93839168498906,"CCTTACGTCTACGAGT-1"
-5.93978827949989,0.326236896713652,"CCTTACGTCTATCCCG-1"
-4.16346376892555,0.857001781960406,"CCTTACGTCTCTAAGG-1"
-1.16910592969883,0.793859005471148,"CCTTACGTCTTTACAC-1"
-4.11421006676185,1.24265670826045,"CCTTACGTCTTTACGT-1"
9.63481289390099,1.40642243673412,"CCTTCCCAGAGATGAG-1"
2.10708600524437,1.82983028938381,"CCTTCCCAGAGGACGG-1"
0.603088679347157,2.33997321178524,"CCTTCCCAGGCGATAC-1"
-3.07609647270668,-2.20886349628361,"CCTTCCCAGTTAGGTA-1"
-5.58963101860511,1.89146125366298,"CCTTCCCCAATGGACG-1"
9.71187836173546,0.69377285291759,"CCTTCCCCACCGATAT-1"
0.927687230143666,0.837390095492282,"CCTTCCCCACTGCCAG-1"
-1.56206196304786,-0.84815180251988,"CCTTCCCCAGCTGTTA-1"
10.0616889620162,-1.21066582153233,"CCTTCCCCAGTCAGCC-1"
-5.03110116478431,2.42164182712642,"CCTTCCCCAGTCGATT-1"
-0.171188530888439,-0.709984421233258,"CCTTCCCCATGCAATC-1"
-0.648000088896633,10.6042859559259,"CCTTCCCCATGGGAAC-1"
-4.98822325226295,1.92096388389675,"CCTTCCCCATTCCTCG-1"
1.2759385729171,2.05414485981075,"CCTTCCCGTAGATTAG-1"
-3.21081131454933,-1.37589561889561,"CCTTCCCGTCGCGGTT-1"
-3.00377100464332,-4.46931481311711,"CCTTCCCGTTTGTTGG-1"
-2.8363592004441,-2.65264797161015,"CCTTCCCTCACCACCT-1"
-0.0342776751183275,-1.10780703971776,"CCTTCCCTCACCTCGT-1"
-4.15832394119728,-0.631699919203839,"CCTTCCCTCGAATCCA-1"
1.13489657882225,-0.0513387913504459,"CCTTCCCTCTTGCAAG-1"
8.72922092917931,-1.01595413635167,"CCTTCGAAGATATGCA-1"
8.69280106071007,-0.797317981223188,"CCTTCGAAGGGATCTG-1"
-4.6911925649308,2.1084290747842,"CCTTCGAAGTGCGATG-1"
0.175629081759572,-2.50671672771367,"CCTTCGACAATAGAGT-1"
-1.58410256859291,-1.49165284583958,"CCTTCGACACACAGAG-1"
-3.85503190514076,-1.31586325118931,"CCTTCGACACACTGCG-1"
9.85951382163537,1.826138616105,"CCTTCGACACCGAAAG-1"
-5.16628497597206,-2.83997344921025,"CCTTCGACACGGCTAC-1"
8.96987492087853,-0.369871019820295,"CCTTCGACACTTCGAA-1"
-2.87837821003425,-3.01849651286992,"CCTTCGACATGCCTAA-1"
0.587404789958119,-1.28696179340275,"CCTTCGAGTAAATGTG-1"
-1.97166549917686,3.39956808139888,"CCTTCGAGTCAGTGGA-1"
-2.97107249256599,2.53100919773189,"CCTTCGAGTCCTCTTG-1"
-5.35708802696693,0.523019269605555,"CCTTCGAGTGTGACCC-1"
-5.10333674904335,0.849226832886615,"CCTTCGAGTTCGTTGA-1"
-1.94867807384956,0.764290571709552,"CCTTCGAGTTCTGTTT-1"
1.23911649230492,2.59732961704341,"CCTTCGATCAACACAC-1"
-0.0789055800102952,1.12425965120403,"CCTTCGATCACATGCA-1"
-4.33167046066749,-3.49555110881718,"CCTTCGATCATCATTC-1"
1.43343287948143,1.76324594070522,"CCTTCGATCATCGATG-1"
7.8889117861129,1.87354123642055,"CCTTCGATCTTTACGT-1"
-5.18908875938881,1.3134530191621,"CCTTTCTAGAGGTTGC-1"
-3.40721553322303,-1.19933736274632,"CCTTTCTAGATGTGTA-1"
3.86645037177575,-4.56279540012272,"CCTTTCTAGCATGGCA-1"
-1.53918838259208,2.97614431430904,"CCTTTCTAGCCTATGT-1"
2.33750707152855,-0.0378624195853092,"CCTTTCTAGCTCCTCT-1"
3.59751421454918,-4.48333620975407,"CCTTTCTAGGCACATG-1"
-3.69638627525795,3.40162539531795,"CCTTTCTAGGGCATGT-1"
-5.37976258751381,-1.3444415325919,"CCTTTCTAGTACGTAA-1"
-1.82385051008689,-1.60719418476017,"CCTTTCTAGTAGCGGT-1"
0.490523877177357,-1.13402175853642,"CCTTTCTAGTGCCATT-1"
-5.5103196477555,0.163177118202128,"CCTTTCTAGTTGCAGG-1"
-3.56507938858497,-3.92842411945256,"CCTTTCTCAAACTGTC-1"
-0.877345902290225,-0.389348744849286,"CCTTTCTCAAGCTGTT-1"
-5.59981912132728,0.089516431589999,"CCTTTCTCACAAGTAA-1"
-2.66957980152595,1.24695509721843,"CCTTTCTCACCAGTTA-1"
-3.36580699440467,-1.74006271312626,"CCTTTCTCACGGTTTA-1"
-3.75938313957679,-1.55262088725956,"CCTTTCTCAGGACCCT-1"
-3.00554483887184,-0.146372854212842,"CCTTTCTCATAAGACA-1"
-1.20635622498024,-3.91713786075505,"CCTTTCTGTAACGTTC-1"
-5.13224452492225,1.82498049785701,"CCTTTCTGTATATGGA-1"
0.674675407443165,1.72333884288875,"CCTTTCTGTCAATGTC-1"
-0.841262159314037,-2.49046707103642,"CCTTTCTGTCATACTG-1"
-4.02021592613685,-3.60054326007756,"CCTTTCTGTCATCGGC-1"
1.61093646529686,2.49295067836849,"CCTTTCTGTGGCGAAT-1"
-4.83207291122902,-3.12093281696232,"CCTTTCTGTGGTCCGT-1"
-2.08259123321998,3.28024411251155,"CCTTTCTGTGTATGGG-1"
-3.20019429680336,-1.57836317966374,"CCTTTCTGTTAAGGGC-1"
0.968650403056264,-1.79458498905095,"CCTTTCTGTTATGCGT-1"
10.5803390169479,0.0207419996461056,"CCTTTCTGTTCCCGAG-1"
-0.500264672007442,0.459583793332257,"CCTTTCTTCAAAGTAG-1"
9.10576969626915,1.11184436132518,"CCTTTCTTCAAGGTAA-1"
-5.30645936485756,0.834970921774783,"CCTTTCTTCATTCACT-1"
-1.10576799270141,-2.1981523031989,"CCTTTCTTCCGCAGTG-1"
-1.72848331686485,0.721720725794711,"CCTTTCTTCGGTTCGG-1"
-2.36029833313453,1.15122473289577,"CCTTTCTTCTCATTCA-1"
-2.88831406589973,2.72512984325496,"CCTTTCTTCTTAGCCC-1"
-3.53269284721839,-2.52546215007695,"CCTTTCTTCTTGCATT-1"
-4.58966463562477,-1.94194555232914,"CCTTTCTTCTTTAGGG-1"
-0.208517072167278,-3.32869148204716,"CGAACATAGAAGATTC-1"
-4.75021165367591,1.52040112068264,"CGAACATAGAAGGCCT-1"
7.76438290122521,1.27997839500514,"CGAACATAGAGTAATC-1"
-2.91048568245399,4.5653884415826,"CGAACATAGAGTACAT-1"
0.858959617648244,0.126397371788897,"CGAACATAGCTGCCCA-1"
-0.864495677318454,1.13902968217937,"CGAACATAGTCAATAG-1"
-3.32038634773719,1.23354667474834,"CGAACATAGTCTCAAC-1"
-4.57471674438942,-3.70800280521306,"CGAACATAGTGTGGCA-1"
-5.0434817647599,0.965514839192309,"CGAACATCAAGTTAAG-1"
-0.180774209465862,-0.472079276541791,"CGAACATCAATGGTCT-1"
-2.16125863548744,-1.24225103805455,"CGAACATCACCCATGG-1"
1.63334495070946,1.33714342166988,"CGAACATCACGAAACG-1"
1.37197047713768,0.878567636509814,"CGAACATCACGACTCG-1"
-2.56469982620704,-0.846144914130292,"CGAACATCACGCATCG-1"
-0.708307383026958,-0.873876809577069,"CGAACATCACTACAGT-1"
10.2680097246505,-0.653555869559369,"CGAACATCAGTAACGG-1"
1.4853268289901,-1.41714441726597,"CGAACATCATACGCTA-1"
-2.15865474697578,4.37000608493892,"CGAACATGTACCCAAT-1"
-4.50081008430946,-0.00320368955524941,"CGAACATGTAGGGTAC-1"
-3.44537800308692,-2.31941008518132,"CGAACATGTATCACCA-1"
1.75257951262963,2.28248500873653,"CGAACATGTCTCTTAT-1"
0.946008744273305,1.90192282249538,"CGAACATGTGAAGGCT-1"
-3.13429134842384,-0.160283505419812,"CGAACATGTGCAACTT-1"
-2.68950921055305,-1.5083991284171,"CGAACATGTTGTCGCG-1"
-3.89513104912269,-1.20655620048436,"CGAACATTCACAACGT-1"
10.5030608797408,-2.13098812053593,"CGAACATTCATCTGCC-1"
-2.74879818912971,-2.47420620868596,"CGAACATTCCGCGGTA-1"
-4.22555511948097,-0.25520563075932,"CGAACATTCGGCTTGG-1"
12.0900617266036,-0.30354547450932,"CGAACATTCGTCGTTC-1"
2.35494381431115,0.517400667568126,"CGAACATTCGTCTGCT-1"
9.25867134574425,-0.569683014849744,"CGAACATTCTCTGTCG-1"
-2.19748943802345,3.14936804821102,"CGAACATTCTTACCGC-1"
-3.72635835167396,-1.91017174671086,"CGAACATTCTTTCCTC-1"
7.96106964591515,1.81078898956386,"CGAATGTAGAACAATC-1"
-3.12215250488746,2.32564973880855,"CGAATGTAGAGTTGGC-1"
2.15925485137475,1.20611918022243,"CGAATGTAGATATGGT-1"
8.98166328910363,-1.07722139308842,"CGAATGTAGCCAGTTT-1"
0.711972894702077,0.601647452016749,"CGAATGTAGTACGTTC-1"
-2.3816530084275,3.57263684322444,"CGAATGTAGTCCGGTC-1"
11.1688123369552,0.806297570963778,"CGAATGTAGTGTTAGA-1"
3.69975477698815,-4.66467690418156,"CGAATGTCACAAGCCC-1"
-2.6961380815171,-0.423589944342694,"CGAATGTCACCAGGTC-1"
-0.238823888268352,-2.26849007556828,"CGAATGTCACCGCTAG-1"
10.6628747606612,-0.331686257819257,"CGAATGTCATAGGATA-1"
-2.29444509502876,-2.9614248270789,"CGAATGTGTCATACTG-1"
-3.95886391159523,-3.55638861606511,"CGAATGTGTCGCGAAA-1"
-2.18422943111885,-1.64051461170109,"CGAATGTGTGAAGGCT-1"
-4.8156027173661,0.655664161344447,"CGAATGTGTGGTCTCG-1"
-3.53444641586769,-1.98692822406682,"CGAATGTGTGTGCGTC-1"
2.45936113837731,0.264420882364192,"CGAATGTGTGTTCTTT-1"
10.2391877794601,2.27548885395137,"CGAATGTGTTCCGGCA-1"
-0.81238858160007,-1.19798278758915,"CGAATGTTCAAGCCTA-1"
2.02965623382103,2.04943811943141,"CGAATGTTCATAACCG-1"
-0.253881273236156,-1.91426563213261,"CGAATGTTCCCATTTA-1"
8.88064056876671,-0.238572477797589,"CGAATGTTCCCTAACC-1"
10.8130489015914,1.68928873588649,"CGAATGTTCCGCTGTT-1"
-0.47567534204948,2.30733192016689,"CGAATGTTCGATGAGG-1"
-5.51074546333778,2.04121315528957,"CGAATGTTCGTCCGTT-1"
-3.4419237947129,-4.45904135654362,"CGAATGTTCTACGAGT-1"
0.98550755027306,-0.723394155005536,"CGAATGTTCTGAGGGA-1"
-5.90118258949745,-0.00185915778072854,"CGAATGTTCTGTTGAG-1"
-2.38060527798164,2.4389874940118,"CGAATGTTCTTGAGAC-1"
-1.65013026949394,2.38843107273189,"CGACCTTAGAAGGACA-1"
-4.67298358437049,2.54846215297786,"CGACCTTAGCCGCCTA-1"
11.5948577547408,0.434255736445465,"CGACCTTAGCGTGAGT-1"
-0.506353375878215,1.39447015573589,"CGACCTTAGCTAGCCC-1"
1.30333048347008,2.04613626052944,"CGACCTTAGCTCCTCT-1"
-1.34573432561386,0.43763726626841,"CGACCTTAGGGTCTCC-1"
0.773693265948414,0.320560731490531,"CGACCTTAGGGTGTGT-1"
-0.824349445667148,0.326662421723285,"CGACCTTAGTCGCCGT-1"
-4.05901521202552,-0.607895612219892,"CGACCTTAGTGTTGAA-1"
9.2458158159591,-0.332624494532666,"CGACCTTCAAACCCAT-1"
-3.29793709274757,3.71378469516841,"CGACCTTCAAGGTGTG-1"
-3.6835066651963,3.99460840274898,"CGACCTTCAATCTGCA-1"
-3.53423946854103,4.36539006282894,"CGACCTTCAATGACCT-1"
-2.50656658169258,-1.46747386405858,"CGACCTTCACAACTGT-1"
0.443221988711476,-0.631323337058149,"CGACCTTCACCTCGGA-1"
1.70993668082726,1.70837616970149,"CGACCTTCAGCAGTTT-1"
-2.61283749100196,3.06604838420955,"CGACCTTCAGTGACAG-1"
-2.66556614395607,-3.99237656543644,"CGACCTTCATCCTTGC-1"
-3.4126691198014,-1.48402273605259,"CGACCTTCATGGTTGT-1"
-4.8317787027024,-0.0108098978796818,"CGACCTTCATTGTGCA-1"
-1.97410160061348,1.25023651172725,"CGACCTTGTCCGTTAA-1"
2.02141052726281,-0.0673485691347935,"CGACCTTGTCGAATCT-1"
0.318470778498768,-2.61474490116032,"CGACCTTGTGAACCTT-1"
-0.843177748288989,-0.439241289595685,"CGACCTTGTGATGATA-1"
-0.887250346507907,1.98173928310482,"CGACCTTGTTGCTCCT-1"
-4.93753903862464,2.03723406841365,"CGACCTTTCACAAACC-1"
-2.18448155876625,-3.95083117435368,"CGACCTTTCCATTCTA-1"
-5.05294555183876,-1.17861950347813,"CGACCTTTCGCATGAT-1"
-3.12349456306922,3.05938196231929,"CGACCTTTCGGATGTT-1"
-0.575329331126094,-0.962512611846051,"CGACCTTTCGTGGTCG-1"
10.5367360735275,-1.75785517642888,"CGACCTTTCTCGATGA-1"
9.887347760234,-1.337639808158,"CGACCTTTCTGTCTAT-1"
-2.5060449218415,2.8594832425317,"CGACTTCAGAAACCTA-1"
-1.4300439631604,-1.12203454921635,"CGACTTCAGAAGGGTA-1"
1.29342919829857,0.72489154388515,"CGACTTCAGACGCAAC-1"
-5.32964318748939,-1.6646833414832,"CGACTTCAGACTAAGT-1"
-4.41534036156166,2.68843650867549,"CGACTTCAGCGATAGC-1"
-0.725229290690303,-1.38403630206975,"CGACTTCAGCTGTTCA-1"
-1.2764121567868,-3.47121000240239,"CGACTTCAGTTCGCGC-1"
-0.703268018927455,-2.85572433422001,"CGACTTCCAATCCAAC-1"
-0.695801047053218,10.6840045457086,"CGACTTCCACCCATGG-1"
-0.316376504864574,-1.01750373790654,"CGACTTCCACGCGAAA-1"
-3.37227838989723,-2.20811605403813,"CGACTTCCACTCAGGC-1"
1.62024408820641,1.8871144061288,"CGACTTCCAGCCAATT-1"
9.96540504935753,1.90681278755275,"CGACTTCCAGCTTAAC-1"
8.93397099021447,1.00598347236721,"CGACTTCCAGGATTGG-1"
0.978089633021474,-1.49964773605259,"CGACTTCCAGGGTTAG-1"
-1.36796772238243,1.87260866214839,"CGACTTCCAGGTGGAT-1"
9.70050198081505,2.75872659732906,"CGACTTCCATGAAGTA-1"
-4.06177466866005,-3.55655479381474,"CGACTTCCATGCAATC-1"
-0.828253415789485,-0.00153768012913247,"CGACTTCCATGTAGTC-1"
11.067767682109,0.561902508636393,"CGACTTCGTCCATCCT-1"
-3.23773926254737,-4.0981972212592,"CGACTTCGTCCCTTGT-1"
-1.14486646410453,-3.29876661250981,"CGACTTCTCATTGCCC-1"
-1.07090422269332,1.09744805147258,"CGACTTCTCCAGTATG-1"
-0.250599739518047,-2.86580133388432,"CGACTTCTCCCTCAGT-1"
-5.26447337624061,1.66514992763607,"CGACTTCTCGGTCTAA-1"
8.56678062919152,1.17644947816936,"CGACTTCTCGGTGTTA-1"
9.65868431571496,0.296875976522841,"CGACTTCTCTACCTGC-1"
-3.35380738731849,-2.5594735140601,"CGAGAAGAGCGCTCCA-1"
-3.09629648682106,4.65249276210872,"CGAGAAGAGGTGTTAA-1"
10.8092475557662,1.33002233554927,"CGAGAAGAGTAGTGCG-1"
-4.28114980217445,-2.96747636745366,"CGAGAAGAGTGTTAGA-1"
-3.47940414902198,0.926835418244281,"CGAGAAGAGTTAAGTG-1"
10.5334439897872,0.440701891233601,"CGAGAAGCAAAGAATC-1"
1.55856567862999,1.89244186927883,"CGAGAAGCACTCAGGC-1"
8.82905346396935,1.04463541557399,"CGAGAAGCAGACACTT-1"
9.33524281028283,0.310412951310553,"CGAGAAGCAGACTCGC-1"
0.155735435519337,-1.47854733417424,"CGAGAAGCAGATCTGT-1"
-3.99287456032264,-3.09920263240727,"CGAGAAGCAGTAAGAT-1"
-3.10902398582923,4.40341043521968,"CGAGAAGCAGTGAGTG-1"
-1.35683873054016,-3.72182297656926,"CGAGAAGCATTCCTGC-1"
-4.0498728131913,-0.0605653221407749,"CGAGAAGCATTGAGCT-1"
0.605433645281911,0.763024390240588,"CGAGAAGCATTTGCCC-1"
-4.25801795479286,-3.83226275394352,"CGAGAAGGTAAACACA-1"
2.73999220374596,-3.68514037082585,"CGAGAAGGTATCGCAT-1"
-3.18982976433265,3.71432638218013,"CGAGAAGGTCAGAATA-1"
-4.46860044952858,-3.75326085040959,"CGAGAAGGTCCGAACC-1"
-2.7709626531266,1.29840111782161,"CGAGAAGGTGCGATAG-1"
-2.45830875393379,4.67998194744197,"CGAGAAGGTGGCGAAT-1"
0.0913204574919936,0.769727141161837,"CGAGAAGGTTATCACG-1"
2.6644313955642,0.61337894250957,"CGAGAAGTCACAAACC-1"
-2.72218554970253,3.98898792316524,"CGAGAAGTCCGAACGC-1"
10.232993664775,2.07120323230831,"CGAGAAGTCCTTTACA-1"
-0.560692129101634,-1.15637493083867,"CGAGAAGTCGACAGCC-1"
-2.58478420731056,-0.68489849517735,"CGAGAAGTCTGCGACG-1"
3.35675770286095,-4.20453000018986,"CGAGAAGTCTGGTTCC-1"
-0.0914509868286851,-2.88141536662968,"CGAGAAGTCTTAGCCC-1"
1.99178678039086,-0.0789642329016544,"CGAGCACAGAATCTCC-1"
8.47613102439415,1.46100246955959,"CGAGCACAGAGGTTGC-1"
-2.60190671440589,3.12146568348018,"CGAGCACAGCCCGAAA-1"
-3.22946160789955,2.81535959293453,"CGAGCACAGCTGGAAC-1"
-1.45183732863891,-1.5699784750739,"CGAGCACAGGAGTTGC-1"
-4.2722460603379,-1.23718082855137,"CGAGCACCAATGGTCT-1"
1.87270790580285,-0.148608386019788,"CGAGCACCACACCGCA-1"
-1.07204282042015,10.1294305329522,"CGAGCACCACTGTTAG-1"
-0.936859016682983,-3.39435958812626,"CGAGCACCATGGGAAC-1"
-1.43117218967903,0.939085841675677,"CGAGCACCATGTTGAC-1"
-1.59708857294548,-1.38762962768467,"CGAGCACGTAGCGTCC-1"
-1.50247370954978,-0.72025656650456,"CGAGCACGTCAGTGGA-1"
-4.3559235906266,0.684497565527835,"CGAGCACGTCCTGCTT-1"
-2.75321727749336,-0.850616812209211,"CGAGCACGTCTAGGTT-1"
-2.86836343761909,-4.42998528430851,"CGAGCACGTGAGGCTA-1"
11.705291333232,0.942215562363543,"CGAGCACGTGATAAAC-1"
-2.39753681179512,-0.708404182890973,"CGAGCACTCACTCTTA-1"
-3.47491353508461,-0.552464603880964,"CGAGCACTCAGATAAG-1"
3.4925027513839,-4.37906336734684,"CGAGCACTCATAGCAC-1"
-2.84439974781501,3.16608309795467,"CGAGCACTCATCACCC-1"
-5.5358027791642,2.37230682422725,"CGAGCACTCCCATTAT-1"
-1.80762970205772,-3.62290263126286,"CGAGCACTCCCGACTT-1"
0.680070819888234,-2.47636318157109,"CGAGCACTCCGATATG-1"
-3.25700562950599,1.94734847595302,"CGAGCACTCGCTTGTC-1"
2.57868796828759,0.852835745116153,"CGAGCACTCGTACCGG-1"
-3.33617275711525,4.48429083873836,"CGAGCACTCTCCAACC-1"
9.11887413505089,0.760026008387484,"CGAGCACTCTTGTACT-1"
-4.03648537155616,3.45856952716915,"CGAGCCAAGAAAGTGG-1"
8.52959019187462,1.37316077997295,"CGAGCCAAGACACTAA-1"
10.3764224672652,2.24531102230159,"CGAGCCAAGACCCACC-1"
0.666858496699452,-0.896110176543317,"CGAGCCAAGACGCACA-1"
-1.02493043002117,-3.41458511302861,"CGAGCCAAGAGACGAA-1"
-2.92035370823371,1.43865466167537,"CGAGCCAAGCCCGAAA-1"
-2.29359227177131,3.95115351726619,"CGAGCCAAGTACGACG-1"
1.15564137938988,1.46159040977565,"CGAGCCAAGTACGATA-1"
-4.812190470662,2.75041031887142,"CGAGCCAAGTGCGTGA-1"
-5.421734271016,-3.02954983661564,"CGAGCCAAGTGGCACA-1"
-3.18991487976539,-4.40025114963444,"CGAGCCAAGTTTGCGT-1"
-3.45523589607704,1.91514968921749,"CGAGCCACAAGGTGTG-1"
-3.20803993698585,4.29064321567623,"CGAGCCACACATGTGT-1"
-0.622666058506847,-0.311362564066968,"CGAGCCACAGCCAGAA-1"
-2.76160663124549,-1.54525029609593,"CGAGCCACAGCTGCAC-1"
-2.88622766491401,-4.05625843952092,"CGAGCCACATGGAATA-1"
7.85694748404992,1.28307139923183,"CGAGCCACATTACCTT-1"
-1.5929025387429,-3.00243139217289,"CGAGCCAGTACGAAAT-1"
11.4119935655929,0.16747106661407,"CGAGCCAGTATATCCG-1"
-1.59382313248146,-2.32086896846684,"CGAGCCAGTCCATGAT-1"
-2.23563092705238,-3.45286750743779,"CGAGCCAGTCTAGCGC-1"
-2.0862942313813,4.26047992755977,"CGAGCCAGTCTTCAAG-1"
-4.42459696289527,-3.78805565784367,"CGAGCCAGTGAAAGAG-1"
1.41338712218773,0.795363843937793,"CGAGCCAGTGATGTCT-1"
-1.57620352264869,0.261606425543704,"CGAGCCAGTGCAACGA-1"
1.77328735831749,1.70410466243831,"CGAGCCAGTTACGACT-1"
-4.38346904274452,-3.91516995380314,"CGAGCCAGTTCCCTTG-1"
1.61082178596032,-0.0932123656073429,"CGAGCCATCAACGCTA-1"
-0.854536739554286,-2.3304491038123,"CGAGCCATCAATACCG-1"
-2.32130640503395,4.70775675823299,"CGAGCCATCCCTAACC-1"
10.0515332842208,-0.749072193602643,"CGAGCCATCTGGGCCA-1"
-5.11910623070228,-2.88776564548405,"CGAGCCATCTTCGGTC-1"
0.781301918063283,2.10121238281337,"CGATCGGAGAAGGACA-1"
-0.816374061074138,-0.685233115653119,"CGATCGGAGAGTAATC-1"
1.95071178916466,0.441218883295932,"CGATCGGAGCCACGTC-1"
1.39409166816246,1.20926684190837,"CGATCGGAGGCAGTCA-1"
-5.81381648537147,-0.275041341284833,"CGATCGGAGGCCCGTT-1"
0.0702684545851943,-1.87342667529973,"CGATCGGAGTAACCCT-1"
-4.26214807983863,1.60395300438014,"CGATCGGAGTGTGAAT-1"
-1.65303230043876,1.72144520332424,"CGATCGGAGTTCGATC-1"
-0.876625326838374,-0.507658600310407,"CGATCGGCACAGACTT-1"
-1.11684447285163,-0.486333131293378,"CGATCGGCACCAACCG-1"
0.363560977015614,-1.40254270980748,"CGATCGGCACCAGTTA-1"
-2.06891411301124,-3.59086942623051,"CGATCGGCAGACAAGC-1"
-0.988487159976766,-1.96833920429142,"CGATCGGCAGCTCCGA-1"
-0.61067038532722,1.42614245464412,"CGATCGGCAGGTGCCT-1"
-4.54300707336891,-0.391575276354871,"CGATCGGCAGGTGGAT-1"
1.9797287607528,1.68210303833095,"CGATCGGCAGTACACT-1"
-0.23940813299644,-2.31988525340947,"CGATCGGCATCCGTGG-1"
9.45237499717248,0.918109953900256,"CGATCGGCATCGACGC-1"
1.64775640014183,0.117498219509997,"CGATCGGCATGCCTTC-1"
-1.88238698002327,-3.89722466419133,"CGATCGGGTACACCGC-1"
2.25020486358178,-0.136422991255841,"CGATCGGGTACCAGTT-1"
1.8195131445266,0.138339788218417,"CGATCGGGTATAATGG-1"
-3.59535044189918,-1.78922271678837,"CGATCGGGTATATCCG-1"
-3.42593472954261,-1.15449929187687,"CGATCGGGTCCGTCAG-1"
-1.06698231902349,-2.96778869579228,"CGATCGGGTCGCTTCT-1"
-4.34389585014808,-2.65125966022404,"CGATCGGGTCTAGCCG-1"
10.0746122026778,-1.10879695365819,"CGATCGGGTCTAGCGC-1"
8.72268444541466,1.01661521246044,"CGATCGGGTGCAACTT-1"
-2.85793608185279,4.45208478023616,"CGATCGGGTTACCAGT-1"
10.7369666719772,0.572038829823413,"CGATCGGTCAACGAAA-1"
-0.882205483879924,10.2862203126153,"CGATCGGTCACCACCT-1"
-3.24018734451759,0.415533234862068,"CGATCGGTCACGCGGT-1"
8.5554500246383,-0.806252002219281,"CGATCGGTCAGCACAT-1"
-2.76629537102211,-0.497542499999128,"CGATCGGTCCACGACG-1"
11.9779315615035,0.661889821787753,"CGATCGGTCCTGCAGG-1"
-3.0805272435807,-3.19322824428471,"CGATCGGTCGGACAAG-1"
1.69896394256127,-0.451681255797467,"CGATCGGTCGGCGCTA-1"
-1.57131755110252,-0.883114814261518,"CGATCGGTCGTCACGG-1"
10.8230176592208,-0.36991465042027,"CGATCGGTCTCTAAGG-1"
-1.40498274322975,0.955929220219531,"CGATCGGTCTGCCCTA-1"
-0.434302148785472,-1.59603023479374,"CGATCGGTCTTCATGT-1"
2.33211022857201,-0.053774356345258,"CGATGGCAGACGCAAC-1"
-5.01024859901893,-0.106220244864545,"CGATGGCAGCTAGTTC-1"
-4.64318984505165,0.213295519848742,"CGATGGCAGGCGTACA-1"
-3.68673270699012,-1.89279842327031,"CGATGGCAGTAGGTGC-1"
10.2070689821578,1.2061075573167,"CGATGGCCAAATCCGT-1"
-5.9288725232743,-0.230486154059491,"CGATGGCCAACACCTA-1"
1.83047753814232,-0.395876287917218,"CGATGGCCACCAGTTA-1"
1.23491078856957,-0.108057319621167,"CGATGGCCACGCATCG-1"
-2.4122459268235,-0.370102345446668,"CGATGGCCAGATGGGT-1"
10.5406928682662,1.33942270328609,"CGATGGCCAGGAATGC-1"
-1.16024599727619,-1.59260404060277,"CGATGGCCAGTCTTCC-1"
-0.885671791996837,11.2891080384454,"CGATGGCCATAGGATA-1"
8.12725883964074,0.348840885361113,"CGATGGCCATCGGTTA-1"
-5.19105952736366,1.51294529487697,"CGATGGCCATTACCTT-1"
-0.811089423861385,11.3880212311944,"CGATGGCGTAGCCTCG-1"
-3.84676068779457,-0.424876570204816,"CGATGGCGTCTCTCTG-1"
10.1454215669967,-0.710207223395429,"CGATGGCGTGCCTTGG-1"
-3.10605185982215,-0.189899682501874,"CGATGGCGTGTCCTCT-1"
-1.30353635307777,-0.120897650221906,"CGATGGCGTTACTGAC-1"
0.839901390109181,1.84587645580379,"CGATGGCGTTGCCTCT-1"
11.3358789110519,0.220862195392527,"CGATGGCTCAAGGCTT-1"
-0.956998546984077,10.7170026307305,"CGATGGCTCGCGTAGC-1"
-4.38231295105445,2.43028354694454,"CGATGTAAGAACAACT-1"
-0.301382956471324,1.12175381233303,"CGATGTAAGGACACCA-1"
-4.79807489868629,-3.69951510379704,"CGATGTAAGGCAGTCA-1"
-2.89614873882759,2.78661346485225,"CGATGTAAGTGACATA-1"
-2.74131613728035,-4.43237042377385,"CGATGTACAATGCCAT-1"
-0.797789720263362,10.2906463151178,"CGATGTACACGACTCG-1"
-4.14036077019203,-3.30059814403447,"CGATGTACAGATGAGC-1"
-4.25570529457557,-2.85402631709965,"CGATGTACAGATGGCA-1"
10.5753312731124,-0.959907769660077,"CGATGTACAGGCTCAC-1"
2.45671612266076,1.38325059463588,"CGATGTACAGTGGAGT-1"
-1.81618779655921,2.94835138370601,"CGATGTACATCGTCGG-1"
-0.764341903295398,-2.18446612308415,"CGATGTAGTATTCGTG-1"
10.6661735201217,0.274099961419978,"CGATGTAGTCGTTGTA-1"
8.12580734733117,1.61197650482265,"CGATGTAGTGCTAGCC-1"
0.372320833239674,0.0504940157136105,"CGATGTAGTGTTGAGG-1"
9.15991837028039,0.710142970581927,"CGATGTAGTTATGCGT-1"
-2.74313896652687,2.23140478183834,"CGATGTAGTTCAACCA-1"
1.03966957572472,-1.86497569034489,"CGATGTAGTTCGCTAA-1"
-4.24085873123634,-1.48421478221806,"CGATGTAGTTTGTTTC-1"
-2.81071859356391,-1.64147233913334,"CGATGTATCACCGGGT-1"
9.21513706687462,0.481397070487418,"CGATGTATCACGCATA-1"
-3.89113491531837,3.36973166515438,"CGATGTATCACGCGGT-1"
2.70149713996422,1.26394188453762,"CGATGTATCAGCTCTC-1"
-2.34209257122505,4.53486704876033,"CGATGTATCATAGCAC-1"
-3.62209146973121,-2.07312083194645,"CGATGTATCCAATGGT-1"
-4.1605254983567,0.86784911205379,"CGATGTATCGAGAACG-1"
-0.719967392649532,1.70198607494441,"CGATGTATCTCGTTTA-1"
1.55911857131493,0.350568090130963,"CGATGTATCTCTGTCG-1"
-0.988576407920599,-3.20024657199772,"CGATGTATCTGAGTGT-1"
-4.3545476770066,-2.47457122753056,"CGATTGAAGATCTGCT-1"
-2.16145997997749,-3.32923698375615,"CGATTGAAGCTAGTCT-1"
0.774750175509572,0.0396840875348232,"CGATTGAAGTACATGA-1"
2.52261168006432,1.04997539569942,"CGATTGAAGTGACATA-1"
2.34135753158104,0.816767603655734,"CGATTGAAGTTAAGTG-1"
-2.56339925285804,-1.3509591812888,"CGATTGACAAGCCGCT-1"
-0.387486276593089,-0.684533237914167,"CGATTGACACATCTTT-1"
3.77854639533532,-4.58161377857121,"CGATTGACAGCATACT-1"
-2.47140174862373,-3.88210415790471,"CGATTGACAGCCTTGG-1"
10.7482371950485,0.146196306248584,"CGATTGACAGGGTTAG-1"
2.71058231833947,1.25413399984447,"CGATTGACATACAGCT-1"
-4.20527904983985,-3.37757062862309,"CGATTGACATGGGACA-1"
-0.685270366635204,-0.832337975005231,"CGATTGAGTAGCCTCG-1"
10.1692319536544,2.34471190025417,"CGATTGAGTAGCTTGT-1"
-4.26556342598426,-2.93879413555058,"CGATTGAGTCATGCCG-1"
-3.46031921860206,2.30265808155147,"CGATTGAGTGAGCGAT-1"
10.4820829058028,-0.00847673366459389,"CGATTGAGTTACGTCA-1"
-1.18793566283214,2.11840641548244,"CGATTGAGTTGATTCG-1"
10.1782422685958,-0.921522497634015,"CGATTGATCCTGCTTG-1"
-3.49525803085792,3.71649193813411,"CGATTGATCGTGACAT-1"
-2.90135472771156,4.45957350780574,"CGATTGATCGTTGACA-1"
10.4296155596114,0.126331478854098,"CGCCAAGAGAGAGCTC-1"
-4.11222165581214,-0.800316690901838,"CGCCAAGAGATGCCAG-1"
0.484172525439381,2.50405502369014,"CGCCAAGAGCAGCGTA-1"
-5.07582658287513,2.43498706867305,"CGCCAAGAGCCAGGAT-1"
10.0763965273238,-0.106730520228467,"CGCCAAGAGTAACCCT-1"
-3.71578925606239,-3.44058608959111,"CGCCAAGAGTGGAGAA-1"
-3.28564852234352,-2.60966634700688,"CGCCAAGAGTGTGAAT-1"
-1.87304329630363,-1.33963775585087,"CGCCAAGAGTTAGCGG-1"
-3.36163681503761,-1.35797500560673,"CGCCAAGAGTTAGGTA-1"
-4.29662006851661,3.14408993770687,"CGCCAAGCAAACCTAC-1"
10.4652171755172,-2.0622549052039,"CGCCAAGCAACTTGAC-1"
-4.58095234390724,-3.06524658153447,"CGCCAAGCAAGCTGTT-1"
-0.358441171612621,-1.42395520160588,"CGCCAAGCAGACAAAT-1"
1.91592270377648,1.69227075626461,"CGCCAAGCAGGGATTG-1"
-2.43127304073799,-1.96594309757145,"CGCCAAGGTAAACACA-1"
-5.63042300697792,0.319490150113978,"CGCCAAGGTACCTACA-1"
10.5852237367965,0.62135008027164,"CGCCAAGGTAGATTAG-1"
-0.110325036015392,-2.31240081737431,"CGCCAAGGTCAAAGAT-1"
0.39673859122765,-0.400849341849408,"CGCCAAGGTCTTCAAG-1"
-1.07011234518516,3.69346714069454,"CGCCAAGGTGCGAAAC-1"
-3.78377383705604,1.25654095460979,"CGCCAAGGTTATCCGA-1"
9.33525330070031,-0.726395010451398,"CGCCAAGGTTCAGGCC-1"
-0.688546059098125,-1.01166367481144,"CGCCAAGGTTCCGGCA-1"
-0.490201888050914,-2.14781522701176,"CGCCAAGTCAAGGTAA-1"
-3.1787676190995,1.63332784225551,"CGCCAAGTCAATACCG-1"
3.52923065665734,-4.49869561145695,"CGCCAAGTCATGCAAC-1"
1.97934371474755,2.17033720066158,"CGCCAAGTCCAAACAC-1"
-2.56710058208931,1.23889917184917,"CGCCAAGTCCTAGGGC-1"
-0.631221530403972,1.75131583263484,"CGCCAAGTCCTCCTAG-1"
10.257314267192,-1.48866796443852,"CGCCAAGTCGTGGTCG-1"
-3.35773437973487,0.331411161025443,"CGCGGTAAGAGGTAGA-1"
-4.62638610359657,0.867579490443148,"CGCGGTAAGAGGTTAT-1"
-1.18801519032943,2.28331530143825,"CGCGGTAAGATCGATA-1"
9.63514095786583,0.508770794173159,"CGCGGTAAGCGATGAC-1"
-5.27133649345863,0.155355006953158,"CGCGGTAAGGCTACGA-1"
0.575909557376027,-2.66090226123723,"CGCGGTACAAGAAGAG-1"
3.87851006034386,-4.71721148441227,"CGCGGTACAAGTTCTG-1"
8.79781300071251,-0.993913769225202,"CGCGGTACACAGGAGT-1"
9.88107162955773,-0.185387074450574,"CGCGGTACACCCATTC-1"
-2.9093994474076,-3.829409837226,"CGCGGTACATAACCTG-1"
-4.15438765045631,-0.614867209891401,"CGCGGTAGTACGCACC-1"
0.878207149539113,2.68611455013362,"CGCGGTAGTAGTACCT-1"
-4.18875592705238,-3.69381880710515,"CGCGGTAGTCAAAGAT-1"
-3.94348066803443,-2.92159604976567,"CGCGGTAGTCATATCG-1"
-3.2638563489579,2.331230164071,"CGCGGTAGTCCAACTA-1"
-4.67036765572059,1.61215090801326,"CGCGGTAGTTCCGGCA-1"
-2.06397634502876,-0.900796293715558,"CGCGGTATCAATAAGG-1"
2.35655790809166,0.736951977511325,"CGCGGTATCATTCACT-1"
9.85108524802697,1.93032181312648,"CGCGGTATCCATGAGT-1"
-0.64976358171928,-0.515689551333509,"CGCGGTATCCCTAATT-1"
-1.5571284865998,-1.89794301937016,"CGCGGTATCCTTGGTC-1"
9.40250545981896,0.0079599027833126,"CGCGGTATCGCTAGCG-1"
11.0206771517135,1.20817369272319,"CGCGGTATCTGAAAGA-1"
-3.88200133797157,-4.29755568454655,"CGCGTTTAGACACTAA-1"
-4.84546273704994,1.87089264442531,"CGCGTTTAGTCTTGCA-1"
-3.81067865845192,4.10896730472652,"CGCGTTTAGTGTCCAT-1"
2.09768492225182,0.195262849827685,"CGCGTTTCAAATACAG-1"
0.435800018344044,-1.43990206668767,"CGCGTTTCAAGTTCTG-1"
2.37067276481163,0.142304569979586,"CGCGTTTCAATCCAAC-1"
-4.11865490433204,1.27996313621608,"CGCGTTTCACATTAGC-1"
-2.57682984825599,3.33856082012264,"CGCGTTTCAGCTCGCA-1"
10.1307063722945,2.07195770790187,"CGCGTTTCATGATCCA-1"
10.3657861376144,-0.39840096185597,"CGCGTTTCATTGGCGC-1"
-0.114452121224284,-0.406896829108319,"CGCGTTTGTACCTACA-1"
-2.41312235352027,-1.45176482150944,"CGCGTTTGTAGCTTGT-1"
0.906799378428578,-1.71863770435246,"CGCGTTTGTCCGAAGA-1"
-5.07933991905677,0.823460072775759,"CGCGTTTGTTCTGTTT-1"
-5.81281035896766,0.701036364336886,"CGCGTTTGTTGTTTGG-1"
-4.56498545166481,-1.84936356494816,"CGCGTTTGTTTGTGTG-1"
-1.41463380810249,-0.625510811308942,"CGCGTTTTCACTGGGC-1"
-1.76247501131523,-1.44755256126317,"CGCGTTTTCATATCGG-1"
-4.93256181236732,-1.72346734950932,"CGCGTTTTCATTCACT-1"
-3.02678340431678,2.36187171985713,"CGCGTTTTCTAGAGTC-1"
-1.19456153866279,-1.83136534641179,"CGCGTTTTCTCTTGAT-1"
-4.85868924614418,1.67576038887111,"CGCGTTTTCTTTCCTC-1"
-4.46905177589881,-2.49514198253544,"CGCTATCAGATCCGAG-1"
12.1860709810592,0.13819766094295,"CGCTATCAGATCTGCT-1"
1.48488289359581,1.32686638881771,"CGCTATCAGGAATTAC-1"
-3.72453683372962,0.0714341705044887,"CGCTATCAGGAGTTTA-1"
1.56399971488488,-0.129967331389508,"CGCTATCAGTAGTGCG-1"
-3.24998897072303,-1.04073417137059,"CGCTATCAGTGCTGCC-1"
-2.56249087807167,-1.70911383579167,"CGCTATCAGTGTCTCA-1"
-3.7454819059037,4.00728440334407,"CGCTATCAGTTACGGG-1"
-0.920547549989105,-2.69180965373906,"CGCTATCCAAGCCTAT-1"
-3.56029695030677,0.223571718235888,"CGCTATCCAAGTCTGT-1"
-2.28166728970039,2.15886962463466,"CGCTATCCAATCACAC-1"
2.25334412101281,-0.262782036761365,"CGCTATCCACGACGAA-1"
-3.09170359131324,4.58081126262752,"CGCTATCCAGATAATG-1"
8.66872936728966,-0.15946155736836,"CGCTATCCAGGAATCG-1"
-4.32994287964332,1.84695076992122,"CGCTATCCATATACCG-1"
-0.792182741131664,-1.53699386070164,"CGCTATCCATATACGC-1"
-4.08012383934486,1.1089550261697,"CGCTATCCATGCCTAA-1"
-4.37638562675941,-0.114699840048871,"CGCTATCGTACGAAAT-1"
-4.18017714973915,-3.44719409892949,"CGCTATCGTAGGGACT-1"
-0.135263619389415,-1.87624740550908,"CGCTATCGTATATGGA-1"
-3.31951492783058,-0.294370829562268,"CGCTATCGTCAAAGAT-1"
-0.720063385929942,10.1765878205499,"CGCTATCGTTCCATGA-1"
-5.95290082451332,0.158985496064105,"CGCTATCGTTGGTAAA-1"
-1.83833610769737,2.6285147671899,"CGCTATCTCACCGGGT-1"
2.44238740447533,0.922532141705432,"CGCTATCTCAGTCAGT-1"
10.2926746034957,0.480652280648627,"CGCTATCTCATCTGCC-1"
0.407772960696339,-0.697642683486066,"CGCTATCTCATGTAGC-1"
-2.28836339470375,-0.378589331606946,"CGCTATCTCCACGACG-1"
2.23403507712853,1.09804123689739,"CGCTATCTCCTAGAAC-1"
0.510910811457753,-0.474249958495221,"CGCTATCTCCTCAACC-1"
-4.3709370469712,-0.04660218904408,"CGCTATCTCGGGAGTA-1"
0.03265601638329,2.26936936428157,"CGCTATCTCTAGAGTC-1"
10.9176164293624,-0.317512928942762,"CGCTATCTCTTTAGTC-1"
-4.66758054253089,3.00470471431819,"CGCTGGAAGAGGGCTT-1"
-2.33941679951179,-0.133714019755445,"CGCTGGAAGATGCGAC-1"
9.61264378074181,1.16176509906856,"CGCTGGAAGCGACGTA-1"
-2.40798181053627,4.36674761821834,"CGCTGGAAGCTCCTCT-1"
9.40507275107873,0.759628057976641,"CGCTGGAAGGTGTGGT-1"
-4.87385052200782,-1.62140726993474,"CGCTGGAAGTCGCCGT-1"
-1.73923641201484,2.57124710132686,"CGCTGGAAGTTTCCTT-1"
1.39836412909996,1.60278010418025,"CGCTGGACAAGGTGTG-1"
-5.53429263588417,0.440097705026545,"CGCTGGACACCAGATT-1"
-0.948140384074331,-0.124944924811444,"CGCTGGACACCTATCC-1"
-5.04520457741249,-2.56989979694279,"CGCTGGACACGGCGTT-1"
-2.90195721146095,3.03645730068294,"CGCTGGACACTTCGAA-1"
-4.15206449982154,0.388207540412822,"CGCTGGACAGTGGAGT-1"
-0.928437327411056,-1.66371822307499,"CGCTGGACATACTACG-1"
-1.515031394925,-1.50398552368077,"CGCTGGACATCGACGC-1"
-4.22669952866066,0.273776054879107,"CGCTGGAGTATGAATG-1"
-3.90371650215614,-3.8701469893256,"CGCTGGAGTCACCCAG-1"
-4.40790027138221,-2.7380578512946,"CGCTGGAGTCCGAATT-1"
-3.65548366066444,1.26754987289516,"CGCTGGAGTCCTCTTG-1"
-4.11490362640846,-1.53155076454075,"CGCTGGAGTCGGATCC-1"
-3.41926854607093,0.218248636027255,"CGCTGGAGTGCATCTA-1"
2.2688015127517,1.48869776775447,"CGCTGGAGTGCGATAG-1"
0.179103555712819,-0.026406853894315,"CGCTGGAGTTAAAGAC-1"
-4.68944877144325,2.33323860218135,"CGCTGGAGTTATGCGT-1"
-1.62347328421104,2.85116720249263,"CGCTGGAGTTCGCGAC-1"
1.39294177535546,-0.579515814284406,"CGCTGGAGTTGAGTTC-1"
-5.20476621147621,1.60173666526882,"CGCTGGATCAACGCTA-1"
2.62691480163109,1.00405681182949,"CGCTGGATCATAAAGG-1"
3.57829576972496,-4.33860993335637,"CGCTGGATCTACTCAT-1"
2.33280116561425,0.471264251073279,"CGCTGGATCTCACATT-1"
-3.45436519142616,-4.03068184802922,"CGCTGGATCTCGTTTA-1"
0.00564760211479631,2.29249584724514,"CGCTGGATCTCTGTCG-1"
-4.81203335281837,-0.509539424876294,"CGCTTCAAGAAACCAT-1"
-3.55900305267799,-0.661453723410688,"CGCTTCAAGACTCGGA-1"
1.69554382804406,1.51880586196987,"CGCTTCAAGAGACGAA-1"
-4.37293666359413,0.477790669103541,"CGCTTCAAGATATACG-1"
9.43751675132287,-0.115110873679242,"CGCTTCAAGCGCTTAT-1"
-0.246189115013957,0.610126585265078,"CGCTTCAAGCGGCTTC-1"
1.82113391402733,-0.728903054694257,"CGCTTCAAGGACACCA-1"
-3.86297315117347,-3.32351183841618,"CGCTTCAAGGCAATTA-1"
1.27507144454491,-0.250486731032453,"CGCTTCAAGGGCATGT-1"
-3.02496236320961,-2.36844563434514,"CGCTTCAAGTGCGATG-1"
-4.82321423050392,2.29845702697841,"CGCTTCAAGTGTCTCA-1"
9.60406548026574,1.4756895308694,"CGCTTCAAGTGTGAAT-1"
8.13827854636681,1.6835775380334,"CGCTTCACAACCGCCA-1"
-0.696679887738109,-2.75017452190312,"CGCTTCACACCAACCG-1"
1.84569341186058,0.383496219789066,"CGCTTCACAGACAGGT-1"
-5.01668494698036,-0.659911989668927,"CGCTTCACAGCCTTGG-1"
-1.84230661150444,1.13307803918926,"CGCTTCACATCCGCGA-1"
-1.34280252214897,-3.85464358280095,"CGCTTCACATGATCCA-1"
-3.42601197716224,-0.896839379767499,"CGCTTCAGTACAGTTC-1"
-5.28869622704017,1.63065815021602,"CGCTTCAGTCATACTG-1"
8.90779072288048,0.0406938498219631,"CGCTTCAGTCATATGC-1"
-2.8382930135392,1.36333614637462,"CGCTTCAGTTCAGTAC-1"
-5.50534957405555,2.13279366542903,"CGCTTCAGTTGCTCCT-1"
-5.67903989311683,2.15857100536434,"CGCTTCATCAGCTCGG-1"
-2.94031029697883,-3.29102063129338,"CGCTTCATCATTGCGA-1"
-3.19157737251747,-1.51141273925694,"CGCTTCATCGAGCCCA-1"
-0.624751833643794,0.664587140580096,"CGCTTCATCTTTACAC-1"
-2.68777853008735,1.22405111839382,"CGGACACAGAGCAATT-1"
-5.0587987279557,0.200293779869952,"CGGACACAGCAGACTG-1"
10.5448079729415,-0.17688041875752,"CGGACACAGCAGCCTC-1"
-3.21638911720741,-0.9544827933112,"CGGACACAGCGTCTAT-1"
9.11676174644005,0.511169232924857,"CGGACACAGCTACCGC-1"
-4.53535192963111,-3.78070759723576,"CGGACACAGCTCAACT-1"
10.2901206636764,1.07961851408092,"CGGACACAGGTTACCT-1"
-2.97418373581398,-4.44593167255314,"CGGACACCAAGGTTCT-1"
-4.27168243881691,-3.74624085376652,"CGGACACCAATCCAAC-1"
-1.67852860447395,-0.85990500400456,"CGGACACCACCCATGG-1"
-0.585359988179088,-2.30315089176091,"CGGACACCAGACTCGC-1"
-3.74802154060829,1.35503631879894,"CGGACACCAGTATGCT-1"
-1.69339990374076,-0.789087771872602,"CGGACACCATTGGGCC-1"
-3.60723942276466,-2.27914071033391,"CGGACACGTAAGTGGC-1"
-3.87913387772071,1.37330800344554,"CGGACACGTCAAGCGA-1"
-0.260294375386119,2.26151835968105,"CGGACACGTCCTGCTT-1"
-1.08534805234897,2.08032715370265,"CGGACACGTCTCTTAT-1"
-4.5209135388993,-2.92362308452519,"CGGACACGTGACGCCT-1"
0.712942304644704,0.482400022943892,"CGGACACGTGAGGGTT-1"
-3.34870022293556,-1.81461524913701,"CGGACACGTGTGTGCC-1"
11.3383250856735,0.475086346765437,"CGGACACTCACCGGGT-1"
-4.33623236176002,-2.75979399631413,"CGGACACTCAGCAACT-1"
1.17058903220665,1.84130322982875,"CGGACACTCCACGAAT-1"
-4.26527184006202,2.59929752399532,"CGGACACTCCAGTATG-1"
2.33803922179711,0.826008171339907,"CGGACACTCTAACTGG-1"
11.1655917787887,1.66668915798274,"CGGACACTCTACCAGA-1"
-2.30968338009346,-0.508554994563184,"CGGACACTCTCCGGTT-1"
1.77554446700585,-0.987690925101361,"CGGACACTCTGAGGGA-1"
-1.24995460864532,4.05134749462215,"CGGACACTCTGTCTAT-1"
-4.78034943100441,-2.81275606105717,"CGGACACTCTTGCAAG-1"
11.8906665468551,0.403812500912153,"CGGACGTAGAGGTTGC-1"
8.94210392478478,-1.00811624477299,"CGGACGTAGATGGCGT-1"
-3.96122616287696,2.48241758396236,"CGGACGTAGCGATGAC-1"
-0.923059267368198,-1.29500675151738,"CGGACGTAGGCATTGG-1"
-1.04784802105653,-2.44036149928959,"CGGACGTAGTAGTGCG-1"
-0.925312129225612,1.94600117256252,"CGGACGTAGTGACTCT-1"
-4.13519137855995,-2.54493856380375,"CGGACGTCACAAGACG-1"
-4.12051528450477,2.54507994701473,"CGGACGTCACGAAATA-1"
-2.82641142364967,1.85602593471614,"CGGACGTCACTACAGT-1"
-1.69241934772956,-4.12211871097477,"CGGACGTCAGGGTACA-1"
-2.46491306778419,-1.91929125736149,"CGGACGTCATCCAACA-1"
3.60065371039879,-4.52992558429631,"CGGACGTCATTCACTT-1"
-0.238563713993907,0.402084410221704,"CGGACGTGTAAGAGGA-1"
-2.00075798984993,4.27929902126399,"CGGACGTGTAGAAAGG-1"
0.961680355105519,-1.68864226291569,"CGGACGTGTAGAGGAA-1"
-4.71841710564125,0.424646106114068,"CGGACGTGTATATCCG-1"
-3.13329046722877,-1.97453975627812,"CGGACGTGTCAAAGCG-1"
-0.294901666607738,-1.44722378204258,"CGGACGTGTCGAAAGC-1"
1.19957572463524,1.15746480276195,"CGGACGTGTGACTCAT-1"
-0.947406948920369,-0.747695564726911,"CGGACGTGTGCCTGGT-1"
-1.28077143188942,-1.75618529270085,"CGGACGTGTTACGTCA-1"
-0.593264428343654,-0.945779442290387,"CGGACGTGTTAGAACA-1"
10.9359050417281,1.25709348966686,"CGGACGTTCAGGTTCA-1"
-4.24857562538612,-2.44646978328618,"CGGACGTTCCGAAGAG-1"
-1.55209648367393,4.46104979564754,"CGGACGTTCCGCATAA-1"
-1.96269511934745,0.963327587147631,"CGGACGTTCGAATCCA-1"
-2.00923686977851,3.37256503154842,"CGGACGTTCGAGAGCA-1"
-1.75498032328117,2.98785758068172,"CGGACGTTCGGACAAG-1"
-3.32374185081947,-2.90123677204045,"CGGACGTTCGGCCGAT-1"
1.64677888396752,2.3001273875436,"CGGACTGAGAACAATC-1"
-2.99575537201393,1.29955399086086,"CGGACTGAGCCACCTG-1"
10.9499364519454,-0.239455878237806,"CGGACTGAGTCTCAAC-1"
-0.848486823406101,-0.544616996745191,"CGGACTGCACCAGTTA-1"
8.29736572745812,-1.14435267398747,"CGGACTGCACCGAAAG-1"
-1.22110092398155,-1.59289836833867,"CGGACTGCACTATCTT-1"
0.117732944522023,-2.6306416983405,"CGGACTGCACTTCTGC-1"
-3.1777648305558,-2.92590403507145,"CGGACTGCAGCCAATT-1"
-0.0990236973427537,-1.74652385661992,"CGGACTGCAGGGTACA-1"
-2.13645332809913,-2.06290817211064,"CGGACTGCAGTAAGCG-1"
-5.01610082146156,0.100968063374438,"CGGACTGCATACAGCT-1"
0.570914568934559,0.885455459853091,"CGGACTGGTAAATGTG-1"
9.76424652579796,0.924701631565966,"CGGACTGGTAAGGGAA-1"
10.7502761507369,1.23172229578105,"CGGACTGGTACCGCTG-1"
0.747356596026539,-0.950734018782697,"CGGACTGGTACCGGCT-1"
10.6895995760299,0.306359492739119,"CGGACTGGTCTCTTAT-1"
-4.38875668999183,-0.459882258872113,"CGGACTGGTGGTACAG-1"
10.6089196825362,2.1174793248376,"CGGACTGGTTGAACTC-1"
-4.78260129448402,-0.909246801833234,"CGGACTGGTTTGACAC-1"
1.32280379775536,2.47356271793453,"CGGACTGTCAACGCTA-1"
-5.05981677528846,-3.00608897159489,"CGGACTGTCAGTCAGT-1"
-3.13965171333778,-3.27430891940983,"CGGACTGTCATGCTCC-1"
2.19964820388329,1.8741042618951,"CGGACTGTCCGAATGT-1"
-2.9566521024369,-4.18707823703679,"CGGACTGTCCGGCACA-1"
3.73434692862999,-4.60829758594426,"CGGACTGTCGGCGCTA-1"
-2.19690781589973,-3.88249659488591,"CGGACTGTCTGGCGTG-1"
-5.344181952443,-1.52892816017064,"CGGAGCTAGACCTAGG-1"
10.7044253969527,0.688981503744998,"CGGAGCTAGAGGTACC-1"
0.708741965327382,2.21381878902523,"CGGAGCTAGATCGGGT-1"
9.26613861564171,0.045105666418948,"CGGAGCTAGCAGCGTA-1"
-0.0925980186127427,2.06743776847927,"CGGAGCTAGCTAAGAT-1"
1.49693137649071,0.243446633716502,"CGGAGCTAGGAGCGTT-1"
-0.261639234986186,-2.51581025073918,"CGGAGCTAGGAGTCTG-1"
3.83579594138634,-4.79629969547184,"CGGAGCTAGTTAGCGG-1"
0.999401154551625,-1.35189902732762,"CGGAGCTCACCATGTA-1"
-0.166889665093303,-2.38664221713933,"CGGAGCTCACCGAATT-1"
1.48050743583214,0.581075400610843,"CGGAGCTCACTCTGTC-1"
-1.3002124106549,-1.47311890075596,"CGGAGCTCACTGCCAG-1"
-3.12074392792213,4.0484628682336,"CGGAGCTCAGCTGTAT-1"
-1.30766579267013,3.6942992215356,"CGGAGCTCATGACATC-1"
8.48816830161583,-0.740145682791791,"CGGAGCTCATGGTTGT-1"
-2.13433247562873,2.38283610393611,"CGGAGCTCATTACCTT-1"
-1.59210204836357,1.47533369114009,"CGGAGCTGTACGCACC-1"
-3.40831917282569,-3.76798605869206,"CGGAGCTGTATAGTAG-1"
-0.988484898259893,-3.27982950160893,"CGGAGCTGTCAACTGT-1"
-2.19390755650032,1.61039876987545,"CGGAGCTGTCATACTG-1"
10.0579906130172,-1.47002887676152,"CGGAGCTGTCCGACGT-1"
9.97344929221642,1.17654287864772,"CGGAGCTGTTCCACTC-1"
0.0552282953597304,-0.313113092879377,"CGGAGCTTCACTTACT-1"
-0.653641400303722,-0.562752127150617,"CGGAGCTTCCCATTTA-1"
-0.924802256193042,-0.67795109699162,"CGGAGCTTCGACGGAA-1"
-1.8437781905793,0.433334043746271,"CGGAGCTTCGAGCCCA-1"
-0.594352332320094,-1.9833335871497,"CGGAGCTTCTTCGGTC-1"
-4.13867109772193,-3.77237868259343,"CGGAGCTTCTTCTGGC-1"
2.57996088508141,1.30722785045711,"CGGAGTCAGAGACTTA-1"
8.30803257468712,-0.902154325942121,"CGGAGTCAGAGGTTGC-1"
-3.20380943771827,-3.81970810840519,"CGGAGTCAGATATGCA-1"
-2.71008330341804,1.66722643425075,"CGGAGTCAGGTCATCT-1"
-0.848821563091159,-1.9289004797736,"CGGAGTCCAAGCTGGA-1"
-3.92683213707435,-3.33570575664433,"CGGAGTCCAATCTACG-1"
-2.52511197086799,-1.0607306952277,"CGGAGTCCACAACGTT-1"
-2.26632445808876,-4.30890583942326,"CGGAGTCCACTCAGGC-1"
-1.57977676149833,-2.90826940486821,"CGGAGTCCAGTCAGAG-1"
0.892230930361867,2.01928091098873,"CGGAGTCCAGTTCCCT-1"
-0.984532281667024,1.61509168197719,"CGGAGTCCATTAGGCT-1"
-1.87270068880546,-1.07342660377415,"CGGAGTCCATTCCTCG-1"
10.7128310823776,1.37812644292919,"CGGAGTCGTAAACCTC-1"
-4.91720217224586,-0.170744180182538,"CGGAGTCGTAAACGCG-1"
-1.48734089490402,-1.39231347988041,"CGGAGTCGTCCGAAGA-1"
-1.1634724265002,3.31916427661983,"CGGAGTCGTCCTAGCG-1"
0.193046512637257,-1.36528110454472,"CGGAGTCGTGATAAGT-1"
-4.46856730934608,0.715366870661654,"CGGAGTCGTGCGAAAC-1"
0.215605917010426,-2.28322911212834,"CGGAGTCGTGTTTGTG-1"
-5.982365546193,-0.213846325377546,"CGGAGTCGTTCCATGA-1"
0.583956661257863,0.478575543065944,"CGGAGTCTCACCCTCA-1"
-3.02339428421485,-1.84799623439702,"CGGAGTCTCCTATGTT-1"
-0.333804604973674,-1.47001349876317,"CGGAGTCTCCTCCTAG-1"
-3.02155250069129,4.0240590577325,"CGGAGTCTCCTGCTTG-1"
11.9860120439864,0.337311879297175,"CGGAGTCTCGCATGAT-1"
-3.07898992058265,4.54642558147518,"CGGAGTCTCGGATGGA-1"
-2.60893302914131,-1.62032508800419,"CGGAGTCTCTTTAGGG-1"
10.6621909761764,0.475226142009177,"CGGCTAGAGAAACCAT-1"
-3.17720097061622,-1.33942234466465,"CGGCTAGAGCCACCTG-1"
-4.85747664925087,-0.0275167519846775,"CGGCTAGAGCCCAATT-1"
-3.09176438805091,-3.34007167766484,"CGGCTAGAGCTAAGAT-1"
2.5674596453048,0.515561387439647,"CGGCTAGAGTGTCTCA-1"
1.09020167830956,-1.63470959613713,"CGGCTAGCAAACCTAC-1"
-2.97151642796028,4.18447566082088,"CGGCTAGCAACTGGCC-1"
-5.18622582909095,-1.44799864242466,"CGGCTAGCAAGTTAAG-1"
2.09567171576989,-0.538204788664899,"CGGCTAGCAATGGAGC-1"
-2.78074699398506,2.82947707225887,"CGGCTAGCACACGCTG-1"
2.14545089248192,0.571913898487963,"CGGCTAGCACGAAAGC-1"
1.98623448852074,0.350874823083558,"CGGCTAGCAGACAAGC-1"
-4.1958140706681,1.05693382074443,"CGGCTAGCAGCTCGAC-1"
0.185524168048024,1.7270894055566,"CGGCTAGCATTACGAC-1"
-1.53590655085075,-1.07572674701603,"CGGCTAGGTAAGGGCT-1"
-0.037361679043651,-1.01874709079655,"CGGCTAGGTACATCCA-1"
-2.85651749130714,3.72970485736934,"CGGCTAGGTAGATTAG-1"
11.4066024446822,0.553835884233393,"CGGCTAGGTCGAACAG-1"
-1.54784136768806,-1.69381976077946,"CGGCTAGGTCGACTGC-1"
-4.79075139519203,-2.57288455913456,"CGGCTAGGTGCACGAA-1"
-5.14787763115394,1.50374078800289,"CGGCTAGGTTCGTTGA-1"
-3.88844436165321,-1.15138041923436,"CGGCTAGTCAATACCG-1"
-2.87650424000251,3.36762332965938,"CGGCTAGTCACAATGC-1"
-0.690931705202937,10.1313960557183,"CGGCTAGTCTCTAAGG-1"
-1.3193569457196,-0.748342155913434,"CGGCTAGTCTTCGGTC-1"
-0.687545654740215,2.14220333149044,"CGGCTAGTCTTGACGA-1"
-2.06451326366889,2.98314452221004,"CGGCTAGTCTTTACAC-1"
-0.740122613873363,2.1836733823022,"CGGGTCAAGAAACGAG-1"
-3.95412319656837,-1.80923914859684,"CGGGTCAAGACTGTAA-1"
-2.72806328293312,-0.432137786845288,"CGGGTCAAGGTCATCT-1"
-1.89525961634147,0.758550555010714,"CGGGTCACAAAGGCGT-1"
-5.15180438515174,1.58777809192745,"CGGGTCACACAGGCCT-1"
8.30992943290246,-0.599772810439191,"CGGGTCACACAGGTTT-1"
-2.08376198765266,1.0705683832368,"CGGGTCACACTGTCGG-1"
-5.40511077400673,1.53997695495693,"CGGGTCACAGATAATG-1"
-1.38670745250213,-2.55708265254887,"CGGGTCAGTACTTGAC-1"
-3.37489026543129,3.09633517314998,"CGGGTCAGTAGCCTAT-1"
10.0259328508712,0.402127493669667,"CGGGTCAGTAGCTTGT-1"
-4.31343763824928,-2.34617352435978,"CGGGTCAGTCGCTTTC-1"
-2.60329454895484,2.37890005161373,"CGGGTCAGTGGTGTAG-1"
1.85647803786767,0.976083159943499,"CGGGTCAGTTAGAACA-1"
-0.948337183710218,10.1230056290826,"CGGGTCATCCCGACTT-1"
-1.46751105543602,0.0334312920769833,"CGGGTCATCCCTCAGT-1"
2.73547607902062,0.38022371617464,"CGGGTCATCCTTAATC-1"
1.47517067435753,0.440936886270919,"CGGGTCATCGCCGTGA-1"
-1.21187901255119,-1.5494033093253,"CGGGTCATCGTAGATC-1"
-3.2555224275254,-0.37894660184773,"CGGGTCATCGTTGACA-1"
-2.34099596497047,-1.40636002967747,"CGGGTCATCTGATACG-1"
-1.59112906214225,-2.63586354205998,"CGGGTCATCTTACCGC-1"
-4.30052488800514,0.0350756352147243,"CGGTTAAAGAAACGAG-1"
1.07252031806481,1.86155509998409,"CGGTTAAAGCACCGCT-1"
-0.462920603718639,-2.76024198482426,"CGGTTAAAGCATGGCA-1"
-5.21513026710975,-2.98738336513432,"CGGTTAAAGCTCTCGG-1"
-1.00500838868696,-1.46731626937779,"CGGTTAAAGGTAAACT-1"
9.58009773734581,-0.908463954428754,"CGGTTAAAGTGGGCTA-1"
-1.273152468171,0.955133080979266,"CGGTTAAAGTGTCCCG-1"
-2.79595118519294,4.7855074410638,"CGGTTAACAAAGGAAG-1"
-1.02180382553864,2.5388672356805,"CGGTTAACAAAGGTGC-1"
-1.01675435100126,-0.262595235804639,"CGGTTAACAAGTCTAC-1"
8.99262005332482,-0.356010436514936,"CGGTTAAGTAGGGACT-1"
1.15794283393395,-0.774563669661603,"CGGTTAAGTCAACATC-1"
-3.55485003944862,2.53647971202938,"CGGTTAAGTCATATGC-1"
-5.00106662270057,2.14839780380336,"CGGTTAAGTCCGAGTC-1"
10.3875260973312,1.4513063435754,"CGGTTAAGTGGTCCGT-1"
-3.50276607033241,0.961753845711627,"CGGTTAATCAACACAC-1"
-2.69894855972755,-0.774948834876142,"CGGTTAATCAACGAAA-1"
-2.15114456173408,1.91221594860164,"CGGTTAATCAAGATCC-1"
1.11373788360131,2.10612177898494,"CGGTTAATCCTACAGA-1"
-1.89816641565788,-0.154019712905011,"CGGTTAATCCTAGTGA-1"
11.4819512987472,2.0916278367242,"CGGTTAATCGACAGCC-1"
-2.35430425163734,-0.575800477961621,"CGGTTAATCGGACAAG-1"
-4.26710694786537,-0.336724161604963,"CGGTTAATCTTTCCTC-1"
-4.20157283302772,-0.902916907767377,"CGTAGCGAGCAACGGT-1"
8.50918728354943,1.59607303192226,"CGTAGCGAGCTCCTCT-1"
10.0914760256149,0.712662935753741,"CGTAGCGCAAGGTTTC-1"
-1.92121058460701,-1.01610791633519,"CGTAGCGCACCAGTTA-1"
-2.65757614132392,4.53069043209163,"CGTAGCGCACCGGAAA-1"
-4.0249897813462,-3.03085684726628,"CGTAGCGCACCGTTGG-1"
0.91301912311089,-0.764844655493818,"CGTAGCGCAGGGCATA-1"
-4.56894320007789,-1.53236234138402,"CGTAGCGCAGTCACTA-1"
10.8008151674606,1.95117986251918,"CGTAGCGCATACCATG-1"
-1.2179337566756,-3.55537247608098,"CGTAGCGCATCTACGA-1"
10.0499692583419,0.717877656718173,"CGTAGCGCATGCCCGA-1"
1.32661015037072,2.32849156906215,"CGTAGCGCATTATCTC-1"
-5.51496881004798,2.06337225486843,"CGTAGCGGTACAGACG-1"
0.988666954074025,0.939378798504748,"CGTAGCGGTACTTAGC-1"
8.43758923057091,-0.323938190440259,"CGTAGCGGTCAAAGAT-1"
0.794471087489247,-1.81085157344731,"CGTAGCGGTCAACTGT-1"
-2.92090934273231,3.86217379619686,"CGTAGCGGTCACTGGC-1"
-0.697545406784892,-0.619750976065717,"CGTAGCGGTCGAAAGC-1"
11.0909381533004,-0.72650325248631,"CGTAGCGGTCTCAACA-1"
-0.322185215916515,-1.97314715335759,"CGTAGCGGTGCAGACA-1"
-3.32128733154762,3.22674703647701,"CGTAGCGGTGGCAAAC-1"
-5.23895019051063,0.589764789243617,"CGTAGCGGTTAAGTAG-1"
-5.04181760307777,0.490048349400439,"CGTAGCGGTTTAAGCC-1"
1.27050405982506,-1.60835719058903,"CGTAGCGGTTTGCATG-1"
-1.31089758631218,-3.73012566516789,"CGTAGCGTCAGGCCCA-1"
-0.753030029501796,-2.62482094715031,"CGTAGCGTCATCGATG-1"
-2.43657642361152,1.88543903877346,"CGTAGCGTCCCTCAGT-1"
-2.20934062954414,2.77641892482845,"CGTAGCGTCTGCAAGT-1"
0.501093091998219,-0.499208807448468,"CGTAGCGTCTTAGCCC-1"
8.53379303458703,1.00060510685054,"CGTAGCGTCTTGTACT-1"
10.5102515840865,0.193466738363185,"CGTAGCGTCTTTACGT-1"
9.80290943625939,1.22195792247859,"CGTAGGCAGAATTGTG-1"
-2.84316164013374,3.9873855118951,"CGTAGGCAGCGATGAC-1"
8.37904888633263,-0.763600825766645,"CGTAGGCAGGCATTGG-1"
-0.881622922983051,-3.33131480167302,"CGTAGGCAGTGACTCT-1"
11.8270221376754,-0.088055133322797,"CGTAGGCCAAGCGTAG-1"
-1.78082215544212,3.05052399684993,"CGTAGGCCAAGTACCT-1"
0.232654037509083,-2.09675812671574,"CGTAGGCCACAAGTAA-1"
1.50775486472619,0.466091886659541,"CGTAGGCCACGTCAGC-1"
-1.5990168428086,-0.416191458205304,"CGTAGGCCAGGTCGTC-1"
11.2617221498824,0.373761326571383,"CGTAGGCCAGGTTTCA-1"
-3.80364459511268,-2.42625665614995,"CGTAGGCCATATACCG-1"
-3.95891660210121,-0.0185575182238438,"CGTAGGCCATTCCTGC-1"
10.6355929994918,0.823820442458072,"CGTAGGCGTAAATGAC-1"
-2.40153723713386,-0.778735637168012,"CGTAGGCGTAGCGATG-1"
-5.5529598569535,0.363483299066701,"CGTAGGCGTATTCTCT-1"
-0.209626195397258,1.02238595535366,"CGTAGGCGTCCGTTAA-1"
0.835260095629811,-2.30544400165471,"CGTAGGCGTCCTCTTG-1"
-2.19340711590278,1.33719360878078,"CGTAGGCGTGACTCAT-1"
-2.61409610268104,-2.95355224559697,"CGTAGGCGTGCCTTGG-1"
0.279523434672475,-1.54126763294133,"CGTAGGCGTGGAAAGA-1"
11.0378614092208,0.409989219655671,"CGTAGGCGTTATTCTC-1"
-1.61316627022254,4.43578934719173,"CGTAGGCGTTCGCTAA-1"
9.17287403586876,1.17253035356609,"CGTAGGCTCACTTACT-1"
-0.186546025242687,0.323544562359729,"CGTAGGCTCAGTCCCT-1"
-2.84857290741432,-0.538582503298841,"CGTAGGCTCTAACCGA-1"
-2.86352127548683,-2.72970938632878,"CGTAGGCTCTCGAGTA-1"
10.2108760500289,-0.862127899626813,"CGTAGGCTCTGGTTCC-1"
-3.36557429787147,1.11728149702159,"CGTCACTAGACGCAAC-1"
0.677981557879567,-1.02834069679173,"CGTCACTAGATCCGAG-1"
-5.88087981697548,-0.0662199849882938,"CGTCACTAGGTAGCCA-1"
1.87162262443078,1.5537598138055,"CGTCACTAGTCAAGCG-1"
10.6548572206832,1.51536655475704,"CGTCACTCAAAGCGGT-1"
0.48352259639275,-1.93187546680363,"CGTCACTCAAGCCTAT-1"
8.86382061484826,-0.392320751647077,"CGTCACTCACCAACCG-1"
10.7051301622726,0.845552117129245,"CGTCACTCATCCGTGG-1"
-6.0025996541642,-0.383769213656507,"CGTCACTGTAGCGCAA-1"
3.46558243278038,-4.34631609867009,"CGTCACTGTCAGAATA-1"
-2.1852236365937,4.43649983455745,"CGTCACTGTCCGAATT-1"
-0.580123928751827,-1.56725478122624,"CGTCACTGTCGGGTCT-1"
-3.7691954946183,-4.17837262103947,"CGTCACTGTGTCTGAT-1"
-1.67853229996192,2.11366713096706,"CGTCACTGTTGTGGAG-1"
-3.71274322029579,-2.75131010959538,"CGTCACTTCCCTAATT-1"
-2.55561262127388,-1.33825969646367,"CGTCACTTCCGAAGAG-1"
8.90325123313439,-0.738159298400006,"CGTCACTTCGAGCCCA-1"
0.867701115641713,1.91759133388607,"CGTCACTTCGTAGGTT-1"
-3.10339277740943,-3.14226245830449,"CGTCACTTCTGCAAGT-1"
-0.232052621807933,-1.48754250953587,"CGTCAGGAGACTACAA-1"
-0.78996957596767,-1.74154472301396,"CGTCAGGAGAGACTTA-1"
0.462804141078114,-1.73840212772282,"CGTCAGGAGATTACCC-1"
10.7656407976485,-0.881967067221723,"CGTCAGGAGCTAGCCC-1"
9.2061429643966,-1.14198517749699,"CGTCAGGAGGTGCTTT-1"
-1.97099858280647,2.88777089168636,"CGTCAGGAGTTTCCTT-1"
2.21429401877892,0.195017621417918,"CGTCAGGCAACTTGAC-1"
-1.79188227411735,-2.75390291164311,"CGTCAGGCAAGCCGCT-1"
11.5408054018356,0.125479579468646,"CGTCAGGCACAACGTT-1"
-0.228540716137767,1.23000687410442,"CGTCAGGCACAGCCCA-1"
-2.4053518151902,-2.63128519008549,"CGTCAGGCACGTGAGA-1"
1.91870504859459,1.95868444492427,"CGTCAGGCAGGGTTAG-1"
-0.585019556250453,10.439708471795,"CGTCAGGCATCCTAGA-1"
-0.679024068083644,-2.78052997539433,"CGTCAGGGTACTTGAC-1"
-2.35817008968818,3.30735015918819,"CGTCAGGGTAGCTTGT-1"
-0.214442787136913,-3.10924935291203,"CGTCAGGGTATTAGCC-1"
1.39965945724022,1.77291202594844,"CGTCAGGGTCAGCTAT-1"
-2.36603003498542,-1.14613485286625,"CGTCAGGGTCCGAATT-1"
-2.64771753307807,-2.54984855602177,"CGTCAGGGTCGGCTCA-1"
-0.935237934257865,-3.75292038867863,"CGTCAGGGTGTTTGTG-1"
9.79152161124718,-0.0367184276381352,"CGTCAGGGTTAAGACA-1"
8.02246529105675,1.9628756051263,"CGTCAGGGTTCAGTAC-1"
0.180410685572743,-2.52685856769475,"CGTCAGGGTTCGAATC-1"
0.760979237589955,-2.03015732715519,"CGTCAGGTCACAGGCC-1"
-4.11476558205116,-0.561008393267713,"CGTCAGGTCACCAGGC-1"
1.17613846305382,2.19562816669551,"CGTCAGGTCAGGTAAA-1"
0.509840192828297,-2.68195056865605,"CGTCAGGTCAGTGTTG-1"
-3.52801698204505,-2.51094412753972,"CGTCAGGTCCGATATG-1"
9.97803646567833,-1.33190774867924,"CGTCAGGTCGCTTGTC-1"
2.19593745711815,0.455635294814982,"CGTCAGGTCGGGAGTA-1"
1.07322269919884,-1.27411103198918,"CGTCAGGTCGTGGACC-1"
1.8907542848922,-0.360864102343641,"CGTCAGGTCTCGTTTA-1"
-2.24074548241127,-0.941845178107343,"CGTCCATAGAACAATC-1"
1.76171094420922,-0.234122871855817,"CGTCCATAGACCTTTG-1"
8.25663048270714,-0.742004990080915,"CGTCCATAGGAGTCTG-1"
1.46438342574608,0.355798151840844,"CGTCCATAGGTACTCT-1"
-2.43727701660621,1.76737010528652,"CGTCCATAGTGCTGCC-1"
8.7836576128341,0.193618312974849,"CGTCCATAGTGGGCTA-1"
10.1161103868819,0.331736557682433,"CGTCCATCAATCCAAC-1"
3.7002664232589,-4.51209235141667,"CGTCCATCAATGGAGC-1"
-3.02473228928077,-2.83420109699162,"CGTCCATCACATCCAA-1"
-0.404519793953777,-2.46155047367009,"CGTCCATCACCATCCT-1"
0.876520934138417,1.5740120415887,"CGTCCATCACCATGTA-1"
-0.770054799880863,0.796637416382708,"CGTCCATCAGCGAACA-1"
-2.38177829739082,0.0517316465577267,"CGTCCATCAGTCAGCC-1"
-4.28570741173256,1.54578208973018,"CGTCCATCATGCTAGT-1"
-2.97817557808387,-3.50182175586613,"CGTCCATGTAATAGCA-1"
1.0630479479171,-1.10286295364293,"CGTCCATGTACCGTAT-1"
-3.14362662788856,3.63189744999019,"CGTCCATGTAGTGAAT-1"
9.82914597037804,1.27577436019985,"CGTCCATGTCATGCAT-1"
-2.88229518887031,2.91356968929378,"CGTCCATGTCTAAACC-1"
2.23569804671776,1.97467482139675,"CGTCCATGTGAGCGAT-1"
-3.25223964210975,-3.27457904765996,"CGTCCATGTGCTGTAT-1"
-1.92174136396873,-1.83363866756352,"CGTCCATGTTGTTTGG-1"
1.79971271995079,1.30526578476039,"CGTCCATTCACATGCA-1"
-0.53008550163734,0.501980454226413,"CGTCCATTCAGCCTAA-1"
-5.19525998589027,0.252823785444178,"CGTCCATTCATGGTCA-1"
-3.12327641006935,-2.45582175205143,"CGTCCATTCCGAAGAG-1"
-3.36844819542396,0.229440361758151,"CGTCCATTCCTCTAGC-1"
-1.99199968334663,3.83927297641841,"CGTCCATTCGATCCCT-1"
-2.73410600182045,-0.388699888686261,"CGTCCATTCGGCTTGG-1"
-3.13800567146766,-2.10716319034489,"CGTCCATTCGTCGTTC-1"
-4.85905617233741,-3.32116913745793,"CGTCCATTCTGGTTCC-1"
0.454148473773122,-2.6765880579749,"CGTCCATTCTTACCTA-1"
-4.00891965385902,-1.54196333835515,"CGTCTACAGAGCCCAA-1"
0.616457881960988,0.961807251473346,"CGTCTACAGCCCGAAA-1"
-0.350017425980449,-1.39080798576268,"CGTCTACAGCGCCTTG-1"
-1.44223230835426,1.31992024232952,"CGTCTACAGCTCTCGG-1"
8.56734425071251,-0.953672289351545,"CGTCTACAGGGATCTG-1"
1.43929106238854,-0.831474542121015,"CGTCTACAGTAATCCC-1"
-0.944380266036868,0.657382160921969,"CGTCTACAGTGCGTGA-1"
-1.97405689712989,-3.9555871481696,"CGTCTACAGTGGGTTG-1"
-0.0333350872658494,-2.7793757910529,"CGTCTACCAATGAAAC-1"
-4.06756490227211,1.58033955146877,"CGTCTACCACAACGTT-1"
-3.36558502670753,4.48641943981258,"CGTCTACCAGCTGCAC-1"
8.49064785483849,-0.350177406767926,"CGTCTACCAGTCAGAG-1"
2.11615830901635,0.323269874354281,"CGTCTACCAGTCAGCC-1"
-4.50381368156898,-3.97449994037541,"CGTCTACCATGTAGTC-1"
0.156145515475392,-0.217445075015149,"CGTCTACGTACGAAAT-1"
-1.97561317440498,-0.283969521025739,"CGTCTACGTAGTAGTA-1"
8.60055977347863,-0.687744616965375,"CGTCTACGTCTCCCTA-1"
-0.0784669494293931,-1.24275338600071,"CGTCTACGTCTTGTCC-1"
1.81776410583031,0.846755892535128,"CGTCTACGTGACAAAT-1"
0.397741022143483,-1.63392472217473,"CGTCTACGTTACCAGT-1"
-2.70214706417549,1.06124693204967,"CGTCTACTCAACACCA-1"
-3.22216576096046,-2.65289020488652,"CGTCTACTCACTGGGC-1"
-3.26697700973976,-1.46544754455479,"CGTCTACTCCGGCACA-1"
-2.59775572773445,2.27035784771053,"CGTCTACTCGCCATAA-1"
9.6083417559005,1.52920961429683,"CGTCTACTCGTTGACA-1"
-1.70611715075004,-1.60504102657231,"CGTCTACTCTCGCTTG-1"
10.8052249574996,-0.503012954691968,"CGTCTACTCTTATCTG-1"
-5.81580155846107,0.425887350489774,"CGTCTACTCTTGCATT-1"
9.03514057639611,-0.671624421576581,"CGTGAGCAGATCCTGT-1"
-0.0953215932511094,-1.9906487459937,"CGTGAGCAGCACGCCT-1"
-4.36816924568641,-1.4215385908881,"CGTGAGCAGCTCAACT-1"
-3.00200026985633,-2.21072721431645,"CGTGAGCAGGCACATG-1"
-1.07327833529937,-1.15622210452946,"CGTGAGCAGGTTACCT-1"
-5.65519469734657,2.03121042301265,"CGTGAGCAGTACGACG-1"
0.164365830454945,11.8328082566461,"CGTGAGCAGTGCAAGC-1"
8.28211647513878,1.60941207458583,"CGTGAGCAGTGGGTTG-1"
0.297518076930165,2.30425369789211,"CGTGAGCAGTTATCGC-1"
-3.74354833122718,3.49191451122371,"CGTGAGCAGTTGCAGG-1"
-2.97384732719886,0.953438401719012,"CGTGAGCCAAGTTCTG-1"
-4.60574024673927,-0.919095515708051,"CGTGAGCCACTGTGTA-1"
-1.29052731152999,-1.99023199031743,"CGTGAGCCAGACGCCT-1"
11.0730567598678,0.191707835098185,"CGTGAGCCAGCCTATA-1"
2.52338153365624,0.668731332322039,"CGTGAGCCAGCTTCGG-1"
-2.6718632554673,-0.980964660147748,"CGTGAGCCAGGAATCG-1"
-2.66031545158851,-3.49148321102055,"CGTGAGCCAGGTCCAC-1"
-4.21124571320045,0.199453220268168,"CGTGAGCGTAGGCATG-1"
-0.177593944039226,-0.943339585761152,"CGTGAGCGTCACCTAA-1"
-0.444234487976909,-2.16555547664555,"CGTGAGCGTCATATCG-1"
10.9796834612228,-0.216191291312299,"CGTGAGCGTCTAGAGG-1"
10.7585092211105,0.894885987540164,"CGTGAGCGTGCATCTA-1"
0.316578688655018,-2.29215836475285,"CGTGAGCGTGTAAGTA-1"
-0.788509023752094,-2.02162194202336,"CGTGAGCGTGTGGCTC-1"
-2.28231602665412,1.81876134922115,"CGTGAGCGTTACCGAT-1"
-5.14887803551185,1.37015509655086,"CGTGAGCTCAACGAAA-1"
-0.76023846622932,-1.1460168356696,"CGTGAGCTCACCCTCA-1"
-4.90278094765174,-3.32239627788456,"CGTGAGCTCAGAGACG-1"
-2.80028933044899,-1.34485256622227,"CGTGAGCTCAGCCTAA-1"
9.91689640525353,-1.23381257007512,"CGTGAGCTCAGTTAGC-1"
0.122443380389332,-2.23477649639042,"CGTGAGCTCCACGCAG-1"
-2.68441730495918,-1.47083270500096,"CGTGAGCTCGACCAGC-1"
-0.961494048502326,0.581503689785876,"CGTGAGCTCGCCCTTA-1"
-2.81277400013435,0.791510284443774,"CGTGAGCTCGTCTGAA-1"
-2.07040959354866,3.33980655719844,"CGTGAGCTCTCAAGTG-1"
-1.55960660931098,-3.16302323291691,"CGTGTAAAGAAACGCC-1"
1.39997083190453,0.0544643705090664,"CGTGTAAAGAAAGTGG-1"
-4.09153908249366,3.08170986225215,"CGTGTAAAGATTACCC-1"
8.65591484550011,-0.839637159804425,"CGTGTAAAGCTATGCT-1"
1.88490015510094,-0.139261841277204,"CGTGTAAAGGATTCGG-1"
-2.4064629649781,3.39017200519649,"CGTGTAAAGGCTAGAC-1"
-0.591732708182216,-2.04683113048466,"CGTGTAAAGTGACTCT-1"
-0.366361615624309,-1.86807918498906,"CGTGTAACAAGCCGTC-1"
9.86150127891076,-1.27426683853062,"CGTGTAACACACATGT-1"
-2.23389631268013,-4.2609431738654,"CGTGTAACACAGCGTC-1"
-0.966407412108064,10.7246663575372,"CGTGTAACACTTAACG-1"
-2.23430973049629,-3.34445548007878,"CGTGTAACAGACGCAA-1"
-2.06943040844429,-2.98589181850346,"CGTGTAACAGCGATCC-1"
-3.82253616806495,3.96310591747371,"CGTGTAACAGCGTAAG-1"
-2.64412659164894,-2.39549732158574,"CGTGTAACAGTATCTG-1"
10.1951852465011,0.329628579815306,"CGTGTAAGTACAAGTA-1"
-2.66576570030677,-3.8063328261176,"CGTGTAAGTACCGTTA-1"
10.7127614641525,0.607322454949298,"CGTGTAAGTGAACCTT-1"
-1.00024283435571,0.564559475084224,"CGTGTAAGTGTGGTTT-1"
0.127937021288991,-2.14768743465336,"CGTGTAAGTTGCCTCT-1"
-2.11278980728614,-1.43611204574498,"CGTGTAAGTTTGTTTC-1"
1.31094867232811,0.336013660331645,"CGTGTAATCATAAAGG-1"
-0.490200517144084,0.498063900073447,"CGTGTAATCCACGAAT-1"
-0.922441591884971,-0.811104893187604,"CGTGTAATCTACCTGC-1"
0.0022969866133925,-1.9994902605811,"CGTGTAATCTGGGCCA-1"
-3.14197391029823,-0.96715950916203,"CGTGTAATCTTAGCCC-1"
-3.79480784889686,-1.40796041438969,"CGTGTCTAGACCTTTG-1"
9.78890377524865,-0.504781782130323,"CGTGTCTAGAGTCTGG-1"
1.43015033248436,0.741058439513125,"CGTGTCTAGATAGTCA-1"
-0.554547635283351,-2.10990309665593,"CGTGTCTAGGAGCGTT-1"
-1.23015209790695,10.5460259919366,"CGTGTCTCAAGCCATT-1"
-2.56923693176734,4.10815048267452,"CGTGTCTCACAAGACG-1"
-0.0888420319222215,-2.05292868564518,"CGTGTCTCACCTCGTT-1"
1.37368947509301,-1.06568372199925,"CGTGTCTCACGCTTTC-1"
-2.95102005955207,-3.43394851634892,"CGTGTCTCACTGAAGG-1"
-4.7158884381913,2.60085225154964,"CGTGTCTCAGGCTCAC-1"
0.344261946711659,-1.96152043292912,"CGTGTCTCAGGGAGAG-1"
-0.284984466996074,-1.74528384159001,"CGTGTCTCATCAGTAC-1"
8.65809780601037,-0.0103644723692753,"CGTGTCTCATTAGGCT-1"
2.54666882995141,0.940543056031146,"CGTGTCTGTCCCTTGT-1"
-2.27195340153205,-1.00241577575596,"CGTGTCTGTCGACTGC-1"
-5.12559264656532,0.0900069778165005,"CGTGTCTGTCGAGATG-1"
-1.99951439854133,-1.03694963405522,"CGTGTCTGTCGCGTGT-1"
-2.65850323196876,2.57419657756893,"CGTGTCTGTGCAACGA-1"
-1.14566872772205,-0.613635062674604,"CGTGTCTGTGGCGAAT-1"
-3.82897871490943,-3.73964190433415,"CGTGTCTGTTCGAATC-1"
-3.69781535622108,1.54381024887172,"CGTGTCTGTTGTACAC-1"
-4.4346315240525,0.517332226534762,"CGTGTCTTCACCCTCA-1"
8.90380913260949,-0.904494523505292,"CGTGTCTTCAGCATGT-1"
2.60732037070763,0.448938195159116,"CGTGTCTTCATGGTCA-1"
-2.19399016853797,1.1839374904832,"CGTGTCTTCCGCGCAA-1"
-1.64868211504447,-3.02548384616765,"CGTGTCTTCCGTACAA-1"
-1.48335280772674,-3.28455614993962,"CGTGTCTTCGCACTCT-1"
0.845323624644398,1.20968294193355,"CGTGTCTTCGCTTGTC-1"
-0.100268242325664,-0.345088362197004,"CGTGTCTTCGTCTGCT-1"
-4.59381717201698,-3.78493666599186,"CGTGTCTTCTCGTTTA-1"
1.85079819205773,1.32050734808055,"CGTTAGAAGAAGCCCA-1"
1.38601929191124,1.97758555461971,"CGTTAGAAGATCGATA-1"
-2.09532385822761,-3.4673161501685,"CGTTAGAAGCGTAGTG-1"
-4.76914018150795,-1.81770491550358,"CGTTAGAAGCGTTGCC-1"
-1.26069792863357,-1.79951143215092,"CGTTAGAAGGCAGTCA-1"
-1.25324004646766,2.34062039901821,"CGTTAGAAGGTGATAT-1"
-4.74927323814857,-2.60635709712895,"CGTTAGAAGTTGTAGA-1"
-2.30328672882545,-3.8265211577216,"CGTTAGACACGGACAA-1"
-0.908901361193538,-2.34586024234684,"CGTTAGACACTTACGA-1"
-0.898700167801261,-1.37131369064244,"CGTTAGACAGATCTGT-1"
-4.53983586784828,-3.2671265597144,"CGTTAGACAGCTCGAC-1"
-2.90190833565223,4.19477653553096,"CGTTAGACAGTTTACG-1"
1.49954611304772,0.584588915606417,"CGTTAGACATAGGATA-1"
-5.32829040047157,0.0377112930020473,"CGTTAGACATCACAAC-1"
-5.46703189369667,-1.81386995265873,"CGTTAGACATGGAATA-1"
-0.0776159143112901,2.30075466682521,"CGTTAGAGTACAGTGG-1"
1.60771876815331,2.52900910427181,"CGTTAGAGTAGCAAAT-1"
8.18572002891076,-0.0705540175238468,"CGTTAGAGTATTCTCT-1"
-2.57329267021644,-1.95249676654728,"CGTTAGAGTGCAGACA-1"
0.045732917819142,-1.69181275318059,"CGTTAGAGTGCCTGTG-1"
9.80180317405236,-1.03736317108067,"CGTTAGAGTTCCACGG-1"
-0.564429876770854,10.3550546174249,"CGTTAGAGTTCGAATC-1"
10.3406692171432,1.4693053965768,"CGTTAGAGTTCTCATT-1"
-2.66138654705513,-1.33319866607579,"CGTTAGAGTTTGTTGG-1"
-4.99270146843422,1.59539783050624,"CGTTAGATCAAGAAGT-1"
-1.5220390534066,-1.45335245082768,"CGTTAGATCGCCGTGA-1"
-1.16526487227905,-0.970428585509381,"CGTTAGATCGGAATCT-1"
1.82363039496911,-0.101470410327039,"CGTTAGATCGGCGCAT-1"
9.89542442801964,1.16200882246105,"CGTTAGATCTTCGGTC-1"
-0.762470853891254,-0.731366395453534,"CGTTCTGAGATTACCC-1"
-3.82599109169471,-0.549942850569806,"CGTTCTGAGGACCACA-1"
-0.54440742489326,-2.99663400600346,"CGTTCTGAGGCTAGCA-1"
-3.87048667427528,-0.717177867392621,"CGTTCTGAGGCTCAGA-1"
-4.54120820518959,-3.19348716686162,"CGTTCTGAGGGATCTG-1"
-5.56235402580726,-1.77621459911259,"CGTTCTGAGGGCATGT-1"
-4.17356747147071,-3.28233003566655,"CGTTCTGAGGTAGCCA-1"
-3.09057825561988,-1.50739002178105,"CGTTCTGAGTGATCGG-1"
-4.76242249962318,1.35273295690624,"CGTTCTGAGTGTACGG-1"
2.13051730636132,0.47483238627521,"CGTTCTGCAATCCAAC-1"
-2.75855785366523,4.87618279506771,"CGTTCTGCACCTCGTT-1"
0.872890057597279,2.03739941169826,"CGTTCTGCAGACGCTC-1"
-4.43982738014686,-0.206079005698285,"CGTTCTGCAGACGTAG-1"
9.13467461112511,3.43393826534358,"CGTTCTGCAGCTGGCT-1"
-3.17374461647499,-4.41778206775578,"CGTTCTGCAGGCTCAC-1"
10.4143586778976,-2.03944587657841,"CGTTCTGCAGTAACGG-1"
0.349212946925282,-2.59976911495121,"CGTTCTGCATGCGCAC-1"
10.0045962953902,-1.32871198604496,"CGTTCTGGTACAAGTA-1"
0.67646533492577,0.976410091420092,"CGTTCTGGTAGAGCTG-1"
12.0031009340621,0.174320683380046,"CGTTCTGGTAGCGCAA-1"
0.852824273142934,-1.91847705791386,"CGTTCTGGTCCAGTAT-1"
-4.1148654794358,1.80723393013088,"CGTTCTGGTCGTGGCT-1"
-2.84389525410163,3.77373337795345,"CGTTCTGGTGCATCTA-1"
-3.12468379494178,1.35429024746028,"CGTTCTGGTGCCTGGT-1"
-3.54292672630775,2.98342895557491,"CGTTCTGGTTGTGGCC-1"
-3.67176025864112,-2.85529804180058,"CGTTCTGTCCTTCAAT-1"
1.24874240401757,0.51267667164413,"CGTTCTGTCTGCGGCA-1"
-0.798014310564876,-3.10504245708378,"CGTTCTGTCTTACCTA-1"
-2.12313359734046,2.9835112099847,"CGTTGGGAGAATTGTG-1"
1.3200927400924,-0.230385362605176,"CGTTGGGAGAGTACAT-1"
0.686891140971303,-2.20622730205449,"CGTTGGGAGAGTTGGC-1"
-2.92727166172493,-1.69455552051457,"CGTTGGGAGCGATAGC-1"
-0.895930556025386,0.769224495192447,"CGTTGGGAGCGCTCCA-1"
-3.12848847862709,-3.78998064945134,"CGTTGGGAGCGTCTAT-1"
-4.95684903618324,-2.0067985052863,"CGTTGGGAGCGTGAAC-1"
2.38951140883934,0.737190664311328,"CGTTGGGAGGTCATCT-1"
-3.95937388893592,-1.31640779922398,"CGTTGGGAGGTGACCA-1"
10.5757375383712,-0.680673479537091,"CGTTGGGAGGTGTGGT-1"
-4.54041689392555,-2.23275041530522,"CGTTGGGAGTGGTCCC-1"
-0.746858594384075,-1.04671239803227,"CGTTGGGCAATGGAGC-1"
-1.41301938649642,-0.449187993506513,"CGTTGGGCACAGACTT-1"
8.48941570762169,1.4106363063058,"CGTTGGGCATTAACCG-1"
-5.011662421193,-0.429486691454969,"CGTTGGGCATTACGAC-1"
-4.66732233520973,-0.619207977751813,"CGTTGGGGTACAGACG-1"
-4.7612666463517,-2.51050043056401,"CGTTGGGGTCAGAATA-1"
-5.69834321495521,2.05001318504421,"CGTTGGGGTCAGTGGA-1"
-3.04289334770668,1.44395518352596,"CGTTGGGGTCTGATTG-1"
-3.0562409734391,-2.23827362010869,"CGTTGGGGTGGTGTAG-1"
-4.304218230214,-3.0763773913184,"CGTTGGGGTTCCACTC-1"
2.15853125098717,0.104568899174609,"CGTTGGGTCCGTACAA-1"
-5.83791011330116,0.400196434961089,"CGTTGGGTCGAACGGA-1"
-4.77170794960487,1.40641039659587,"CGTTGGGTCGAGCCCA-1"
-5.92544215675819,0.435309852038898,"CGTTGGGTCGGAGGTA-1"
-2.71883707996833,3.63053822567073,"CGTTGGGTCGGCATCG-1"
-5.93780606743324,-0.118759214381299,"CGTTGGGTCGTTACGA-1"
8.92799431327355,-0.405297040442548,"CGTTGGGTCTCGCTTG-1"
-0.679350343909145,-0.660540818671308,"CGTTGGGTCTCTGAGA-1"
2.3427978182174,0.974682748814502,"CGTTGGGTCTGGTTCC-1"
-4.1440996503495,-2.22529959628972,"CTAACTTAGAGGTAGA-1"
-2.13450497147071,-4.15569758365544,"CTAACTTAGCAGATCG-1"
10.5565686846114,-0.686700701216779,"CTAACTTAGCGCCTTG-1"
-1.42001527306068,-0.523237883547864,"CTAACTTAGCTAGGCA-1"
11.5177722597457,0.790311515828051,"CTAACTTAGTAGGCCA-1"
-3.10616367813575,3.27118420650569,"CTAACTTAGTATCGAA-1"
-3.27177160736549,-1.48778545806798,"CTAACTTAGTGGGTTG-1"
9.44368702415001,1.38255637933818,"CTAACTTAGTGGTCCC-1"
1.85733133796227,0.574880317350306,"CTAACTTAGTTGCAGG-1"
-0.56761488076675,2.05589282562343,"CTAACTTCAAACTGCT-1"
-3.71103018280494,-1.85889959285649,"CTAACTTCAACAACCT-1"
-2.35799473282325,-1.90194868991765,"CTAACTTCAAGCGAGT-1"
-1.04487385359037,-2.43700647304448,"CTAACTTCACAGACTT-1"
1.50373751166832,0.695524216195025,"CTAACTTCATCAGTAC-1"
-2.63547724243629,1.3255527620515,"CTAACTTCATCGTCGG-1"
-3.21035569664466,3.82122850467769,"CTAACTTGTAAACACA-1"
10.0724158907272,-0.492282628516278,"CTAACTTGTAAGTAGT-1"
0.863172593150258,2.50234556247798,"CTAACTTGTACTCGCG-1"
-2.63013773914802,-0.235292791823468,"CTAACTTGTATTAGCC-1"
-3.64060896393287,-2.76751470516118,"CTAACTTGTCAAAGAT-1"
-5.05269568916786,-2.37796235034855,"CTAACTTGTCAACTGT-1"
-4.07367557045448,-0.0739043648043491,"CTAACTTGTCAGAATA-1"
-2.93934017178047,-2.90622067401799,"CTAACTTGTCCAAGTT-1"
-1.46474843975532,-2.96633720348271,"CTAACTTGTCTCAACA-1"
9.38665539268029,0.57095314611999,"CTAACTTGTCTCATCC-1"
11.4188800478317,0.663026184340396,"CTAACTTGTGGGTATG-1"
-2.86481410023201,-1.97751283595952,"CTAACTTGTTCTCATT-1"
-0.787797090973735,1.73525416900722,"CTAACTTGTTCTGAAC-1"
8.85300690177453,0.302174196144023,"CTAACTTGTTCTGTTT-1"
11.6723466539718,-0.280884503821454,"CTAACTTTCATTATCC-1"
-1.5811273431443,0.762735128899493,"CTAACTTTCCACGAAT-1"
-0.779147562947154,-0.712893127898298,"CTAACTTTCCTCATTA-1"
9.75779873374474,2.02639520217983,"CTAAGACAGCTCCTCT-1"
-3.08434194084632,-2.82836961696538,"CTAAGACAGGAGTTGC-1"
0.0454155826903578,0.80358371188251,"CTAAGACAGGCATGGT-1"
8.08532482627404,1.78321981479732,"CTAAGACAGGCATGTG-1"
-5.12444442268837,-1.09315490672978,"CTAAGACCAAACCTAC-1"
-4.33464091774452,-2.03262519786747,"CTAAGACCAATGGACG-1"
-5.7474989270829,0.225830451150813,"CTAAGACCACAGACTT-1"
-2.29766529556739,0.580475166936793,"CTAAGACCACGGCGTT-1"
1.70492178443444,-0.289609908560834,"CTAAGACCAGATAATG-1"
-3.24500006195533,4.72910857250301,"CTAAGACCAGCCTTTC-1"
1.92231947425377,1.38310021211711,"CTAAGACCATATGAGA-1"
-2.07089370247352,-2.99441146800908,"CTAAGACGTAGCCTAT-1"
-1.55987453218925,-1.65896034191044,"CTAAGACGTCACTTCC-1"
-3.19598930832374,2.60739612629024,"CTAAGACGTCAGGACA-1"
8.36012417319787,-0.118586897353254,"CTAAGACGTCATTAGC-1"
11.6448035860397,2.09522736122219,"CTAAGACGTCCCGACA-1"
-4.55483788010109,0.941774428387561,"CTAAGACGTGCTAGCC-1"
-1.88838970419395,4.22028207828609,"CTAAGACGTGCTGTAT-1"
1.48546344283593,2.13111507942287,"CTAAGACTCAAGGTAA-1"
10.6864963198043,0.938180983563342,"CTAAGACTCAGCTTAG-1"
-0.641337094273448,-1.81372499416264,"CTAAGACTCCGAACGC-1"
0.752324643168568,-1.47158598850163,"CTAAGACTCGAGAGCA-1"
1.00182742122185,1.53486430694667,"CTAAGACTCTACCAGA-1"
-0.21292149778831,-1.28948318908604,"CTAAGACTCTGCAAGT-1"
-5.74447387215126,0.172872037192263,"CTAAGACTCTGGTTCC-1"
-0.852274355854869,-1.63029456088933,"CTAAGACTCTTACCTA-1"
1.31893235686791,1.11239826728908,"CTAAGACTCTTTACGT-1"
0.110312881503224,-2.1055316920081,"CTAATGGAGAAACCAT-1"
8.50277573112023,-0.471288382510267,"CTAATGGAGAGTCGGT-1"
-2.26527505871284,-3.05372166583928,"CTAATGGAGCAGGCTA-1"
0.0403954410887953,0.0318333511551998,"CTAATGGAGCGCTCCA-1"
1.29370409492028,-0.668357729415021,"CTAATGGAGCTAAACA-1"
2.05278522017968,0.218661547203936,"CTAATGGAGCTGGAAC-1"
-2.24459570404518,1.65272033264247,"CTAATGGAGGACTGGT-1"
-2.34721833225715,-4.39160656879338,"CTAATGGAGTGGTAGC-1"
1.9317539358474,2.25859820892421,"CTAATGGCAAATACAG-1"
-2.22857755180824,1.16768938352672,"CTAATGGCAAGCTGTT-1"
-5.13792127129066,1.70920229007808,"CTAATGGCAAGTTGTC-1"
8.64277893546593,-0.384875714282117,"CTAATGGCACAAGCCC-1"
-2.57956927772987,-0.338581859568677,"CTAATGGCACAGAGGT-1"
-3.71776956078041,0.382567685594239,"CTAATGGCAGACGTAG-1"
10.0887704515792,2.32242047836391,"CTAATGGCAGCATGAG-1"
-2.56492262836921,-0.206884741286359,"CTAATGGGTAGCAAAT-1"
3.72111135962975,-4.54704165409001,"CTAATGGGTGTAAGTA-1"
-3.58024853226173,-4.37986922214421,"CTAATGGGTTACGCGC-1"
1.89762002471459,0.0854993467530392,"CTAATGGGTTGTACAC-1"
0.155521931681752,1.91035711814968,"CTAATGGTCAACGCTA-1"
-2.22592693325508,-3.81421780536564,"CTAATGGTCACAGTAC-1"
-1.90500145908821,-1.14158749530705,"CTAATGGTCACGCATA-1"
-2.7426183795594,-0.929178356627546,"CTAATGGTCCCGGATG-1"
-2.94670337196815,-2.61262106845768,"CTAATGGTCCTTTCGG-1"
-0.161424217190624,0.324574322005191,"CTAATGGTCGTTTGCC-1"
-2.30188756939399,-1.89640140483769,"CTAATGGTCTCGATGA-1"
-1.74516916033256,2.95921301891414,"CTAATGGTCTCGGACG-1"
0.0719713592864272,2.04058849861232,"CTAATGGTCTGTACGA-1"
1.05910927299035,-2.13460278461369,"CTAATGGTCTTGCCGT-1"
-1.97036587950218,1.75053238918392,"CTACACCAGACCTTTG-1"
-0.63989299293983,10.3474605088433,"CTACACCAGATACACA-1"
1.5127401972152,2.16461801578609,"CTACACCAGATGTTAG-1"
-1.87106507774818,2.64504289676754,"CTACACCAGCAATATG-1"
-1.66270500179756,-1.10227322528752,"CTACACCAGCCACTAT-1"
10.9274821901656,-0.389045655230603,"CTACACCAGCGTTTAC-1"
3.77088648322594,-4.5306980604926,"CTACACCAGGAGCGTT-1"
-3.95026010033119,2.93441867878047,"CTACACCAGGCGCTCT-1"
-3.43121117111671,3.5294940476617,"CTACACCAGTGAAGAG-1"
9.03936058524621,0.518115290006079,"CTACACCAGTGTACTC-1"
9.94217545035851,-0.238964139918409,"CTACACCCAATAGAGT-1"
-4.56363552566993,-1.33999776790532,"CTACACCCAATGGACG-1"
-2.01290195938575,-2.27248096416386,"CTACACCCACTTAACG-1"
10.0371680879928,-0.887499570349775,"CTACACCCATCATCCC-1"
-1.38045486566055,-0.312371313075147,"CTACACCCATGAGCGA-1"
-3.8646864270829,0.736954391499438,"CTACACCGTAAAGGAG-1"
-5.85704606529701,0.0463841860493801,"CTACACCGTACTCAAC-1"
-3.34299582001197,-3.14126658389958,"CTACACCGTATAATGG-1"
-1.32852652427185,2.43654942562191,"CTACACCGTCTAACGT-1"
-2.51000493523109,1.37213939478008,"CTACACCGTGAGCGAT-1"
11.7398420000411,0.16395486940948,"CTACACCGTGCAGACA-1"
-1.2818885421418,1.95309698631374,"CTACACCGTGCTTCTC-1"
-2.54076248165596,-1.2038302416602,"CTACACCGTGTGACCC-1"
-1.24418943878639,-0.694469928244672,"CTACACCGTTCCGGCA-1"
0.00377166512978044,-1.40707886169346,"CTACACCTCCCATTAT-1"
0.930374088320851,-2.25993227909001,"CTACACCTCCGTAGTA-1"
10.4015823030807,-0.393942355612836,"CTACACCTCGCATGGC-1"
1.52458602431786,2.14024078895656,"CTACACCTCGCCAAAT-1"
-2.9881485080384,3.81857442905513,"CTACACCTCGGCGCAT-1"
-1.59899800774086,-3.10736703823002,"CTACACCTCTAACTCT-1"
-4.24290579315651,0.5384301399192,"CTACACCTCTCCCTGA-1"
-2.88177817818153,-1.08456695030125,"CTACATTAGAAACCTA-1"
-3.45448606964576,-0.395130872229657,"CTACATTAGAAGGCCT-1"
-2.57294565197456,3.37762212802974,"CTACATTAGAGACTTA-1"
-1.35495069381225,1.01866644670574,"CTACATTAGAGAGCTC-1"
-4.70769542213905,-1.94291162441166,"CTACATTAGAGGTACC-1"
1.03640514853966,-1.37396478603276,"CTACATTAGCAATCTC-1"
-5.32946008202064,1.81364429046718,"CTACATTCAAGGACTG-1"
-1.7202126955651,-1.56761538932713,"CTACATTCACAAGTAA-1"
0.394642415080189,-1.81378722141179,"CTACATTCACCAACCG-1"
-2.78179853912818,-0.566150843600354,"CTACATTCACCAGATT-1"
-0.156901357140422,-2.81498432109746,"CTACATTCACGGTAAG-1"
-0.121784326996684,-2.81058597515019,"CTACATTCAGTCACTA-1"
3.83904940131676,-4.43286204288395,"CTACATTCATCGGACC-1"
-0.999339532483399,-0.562662898997388,"CTACATTGTAAGAGAG-1"
-0.474688587155223,2.5944662099084,"CTACATTGTACCAGTT-1"
-3.51552575584877,0.377865495657005,"CTACATTGTCAACTGT-1"
-3.25358718391883,-1.35571277091893,"CTACATTGTCCGTCAG-1"
3.06672913077843,-3.92661356876286,"CTACATTGTCGGATCC-1"
1.64949518683922,2.41681361248104,"CTACATTGTCGGCTCA-1"
-2.22086256500709,-1.18142545173558,"CTACATTGTCTAGTGT-1"
-4.18703287598121,-1.78068470905217,"CTACATTGTTCACCTC-1"
-2.0590805387162,-1.66892743060978,"CTACATTGTTGAACTC-1"
-2.81826942917335,3.81152486850826,"CTACATTGTTTGTGTG-1"
10.4858022356368,1.09263676454631,"CTACATTTCACTTCAT-1"
-0.514704403843761,-0.573654412726484,"CTACATTTCCGTCAAA-1"
-1.76415651794899,2.88768315364925,"CTACATTTCCGTTGCT-1"
10.4187150621749,-0.528954267005048,"CTACATTTCCTCGCAT-1"
0.586067857775807,-2.56315708110722,"CTACCCAAGATATACG-1"
-0.646274296011806,-0.0226132566729405,"CTACCCAAGCGTAATA-1"
-0.480294582810283,-0.953513383368573,"CTACCCAAGCTTCGCG-1"
1.42039710525048,1.23666310360042,"CTACCCAAGGTGATTA-1"
-2.96706610676277,-0.0706552858153202,"CTACCCACAAGAAAGG-1"
-0.253070173230052,-2.33806467006596,"CTACCCACAAGCGCTC-1"
-1.40145873781669,0.0287987296780727,"CTACCCACAATGGAAT-1"
-5.7529692029618,1.59035503913967,"CTACCCACAATGGAGC-1"
-5.25520032402504,0.489328854282775,"CTACCCACACATTCGA-1"
-0.655117121901393,-2.04235768268498,"CTACCCACACCGATAT-1"
-4.19398897644508,1.21343022634593,"CTACCCACACGGTAAG-1"
1.08586937430871,-2.15615916202458,"CTACCCACATAGTAAG-1"
-1.02428551148999,-2.03586411426457,"CTACCCACATGAGCGA-1"
-2.53100293632972,-3.79109406421574,"CTACCCACATGCAACT-1"
-3.17258733269203,-3.04329395244511,"CTACCCACATGGGACA-1"
-1.57707261797416,-0.37859761665257,"CTACCCAGTAAGGGCT-1"
-4.8980173444413,-1.45501542041691,"CTACCCAGTACGACCC-1"
2.36103612426293,0.607992485662379,"CTACCCAGTCAGGACA-1"
-3.8448082780503,-2.98497629115971,"CTACCCAGTTCATGGT-1"
-0.806370911564708,10.3866603379449,"CTACCCAGTTTGTGTG-1"
-0.873615255024314,0.249875322481074,"CTACCCATCACCCTCA-1"
-1.46138748284805,-3.09541678378972,"CTACCCATCAGCAACT-1"
0.129411401782155,2.11558508922664,"CTACCCATCCCAAGTA-1"
-5.77802508827674,-0.0737647111216404,"CTACCCATCCGCTGTT-1"
-5.42953914162147,-0.633995413283429,"CTACCCATCCTATGTT-1"
-3.74120801445472,-1.93104290912541,"CTACCCATCCTCAACC-1"
-0.166667399372936,0.372980103393473,"CTACCCATCGCCAAAT-1"
-0.0540339326523546,-1.92051672885808,"CTACCCATCGTTGACA-1"
-3.88084596153724,3.41116905262081,"CTACCCATCTATCGCC-1"
2.32297736648095,1.83040714313594,"CTACGTCAGATAGGAG-1"
1.60736042502892,0.30790634502975,"CTACGTCAGATCCTGT-1"
1.2181788111068,-1.96328544567021,"CTACGTCAGCACACAG-1"
-2.63812297340858,-0.118026017645917,"CTACGTCAGCGGATCA-1"
-0.687971798148036,-1.50174868057164,"CTACGTCAGGGTTTCT-1"
9.60299545768273,-1.64384412715825,"CTACGTCAGTGCAAGC-1"
11.4228540087081,1.2859825496873,"CTACGTCAGTGGTAGC-1"
-4.88478606697548,0.685675532122531,"CTACGTCCAACTGCTA-1"
0.919388713870167,2.00832128574459,"CTACGTCCAAGGACAC-1"
-0.973243142854452,1.32259577562419,"CTACGTCCACATCCGG-1"
-4.97531693932045,-2.10006451557072,"CTACGTCCAGCCTTTC-1"
-5.69926780220497,1.5521945958337,"CTACGTCCAGCTATTG-1"
8.79410416129601,3.98949575473873,"CTACGTCGTAATAGCA-1"
-1.22896553334224,-1.16221713970097,"CTACGTCGTATATCCG-1"
-4.59373062607277,1.04812848617641,"CTACGTCGTCAGGACA-1"
-2.75797050949562,4.84299874355403,"CTACGTCGTTCTGAAC-1"
-1.73803710695732,1.36455130626766,"CTACGTCTCAGGATCT-1"
-1.60589676853645,2.00712239791957,"CTACGTCTCCACGTGG-1"
-0.282035467591167,0.168780595560946,"CTACGTCTCCGCTGTT-1"
0.352208914790272,-1.48436760852726,"CTACGTCTCGCCCTTA-1"
-3.15833014008033,1.15522986700145,"CTACGTCTCGTTTGCC-1"
-3.25229567047584,-3.05658936450871,"CTACGTCTCTATCCTA-1"
-0.210662839379192,-2.1338245863715,"CTACGTCTCTTCGGTC-1"
-4.61816590782631,-3.22393941829594,"CTAGAGTAGAAACCAT-1"
1.12802106383812,-1.93024516055974,"CTAGAGTAGCACCGTC-1"
-3.326035675969,3.49006342937557,"CTAGAGTAGGAGCGTT-1"
-3.68106907364357,-0.781614899138532,"CTAGAGTAGGATGCGT-1"
-2.61723607536781,-2.7369797224799,"CTAGAGTAGGCAGTCA-1"
-0.826576081480861,-2.39470720241459,"CTAGAGTAGGCCATAG-1"
-1.94745528456199,-3.79312777469548,"CTAGAGTAGGCTACGA-1"
-2.45835250374305,1.58473932792751,"CTAGAGTAGGGATACC-1"
3.80460125449669,-4.75313448856267,"CTAGAGTAGGTCGGAT-1"
-2.67131250854957,-0.988544940451703,"CTAGAGTAGGTGATTA-1"
-1.90945118423927,-0.301464437941632,"CTAGAGTCAACGCACC-1"
-2.58591502663124,-1.07179963539036,"CTAGAGTCAATGACCT-1"
-1.2047409093045,0.168696001668849,"CTAGAGTCACCACGTG-1"
-2.62695401665199,-2.09470462749394,"CTAGAGTCACCGGAAA-1"
-1.66484582182395,-3.33919262836369,"CTAGAGTCAGCGAACA-1"
-1.71716469284523,-0.0369302327433445,"CTAGAGTCAGCGTCCA-1"
-4.26123541351783,2.02126181175319,"CTAGAGTCATATACGC-1"
-2.80517059322822,-1.0735378260413,"CTAGAGTCATGCAACT-1"
-2.58824246880043,0.532141350706496,"CTAGAGTGTAAATGAC-1"
-3.46243804451454,-2.56982302616032,"CTAGAGTGTAATAGCA-1"
0.231674375567555,11.7173974518975,"CTAGAGTGTACCGAGA-1"
-0.262323436703563,11.1005990510186,"CTAGAGTGTAGGGTAC-1"
10.4857650423385,-2.0068657393256,"CTAGAGTGTATGGTTC-1"
-3.25682061668861,3.72854828884212,"CTAGAGTGTCGCTTTC-1"
-0.705561516251445,-3.23886370609196,"CTAGAGTGTCTGCCAG-1"
-4.90050643440712,1.79829990913478,"CTAGAGTGTTGAGTTC-1"
-4.58314364906776,0.171902388831057,"CTAGAGTTCACAGGCC-1"
10.4924874925948,1.19631016304103,"CTAGAGTTCAGTGTTG-1"
-2.87403040882576,-2.70638203571232,"CTAGAGTTCATGCTCC-1"
-0.53767695781219,-1.24043905685338,"CTAGAGTTCCATGCTC-1"
-0.560688493218303,1.0532817845544,"CTAGAGTTCCTACAGA-1"
-3.3302716588639,1.20455837299434,"CTAGAGTTCGGCATCG-1"
-5.22010749336708,1.7292375569543,"CTAGAGTTCGTAGGTT-1"
0.630477848086476,0.585614756246486,"CTAGAGTTCTTTCCTC-1"
-2.1859777545594,-0.498980462054334,"CTAGCCTAGAAGGGTA-1"
-0.671055403914333,10.2877509598931,"CTAGCCTAGAGTGACC-1"
-5.44984477516639,-2.54472804019841,"CTAGCCTAGCAATATG-1"
-2.37701362129676,-3.52298235843571,"CTAGCCTAGCAGCCTC-1"
-5.52665275093544,-1.60558652828129,"CTAGCCTAGCTAAACA-1"
-4.65405148025978,0.468941130240836,"CTAGCCTAGCTGAAAT-1"
-1.59499865528572,1.40602940370647,"CTAGCCTAGGAGCGAG-1"
0.91449207309258,-1.14284968326481,"CTAGCCTAGTGAACGC-1"
-1.43611591812599,1.48790407230464,"CTAGCCTCAAATACAG-1"
1.0670455122329,1.24018001606075,"CTAGCCTCAACGCACC-1"
0.538224520716786,-1.49118781040104,"CTAGCCTCAACTGGCC-1"
-3.5176667546891,-1.7988591189185,"CTAGCCTCAAGCCCAC-1"
-2.7399054145478,-4.53888726184758,"CTAGCCTCACATCCAA-1"
-3.00600212570655,-4.39177918384465,"CTAGCCTCACTTAACG-1"
2.24522286895287,1.68090665390102,"CTAGCCTCAGATGAGC-1"
-2.69456869122016,2.68773126651851,"CTAGCCTCATGCTGGC-1"
-3.03279679771888,-3.7814567084113,"CTAGCCTCATGTTGAC-1"
-2.08442264553535,2.65628910114376,"CTAGCCTGTCATCGGC-1"
-2.774393138852,-1.84720778415593,"CTAGCCTGTCGGCACT-1"
-3.50883215424049,-1.70923590610417,"CTAGCCTGTCTCCATC-1"
-2.54493182655799,-1.24102663944157,"CTAGCCTGTGACGGTA-1"
-1.39905470367897,0.26429292609302,"CTAGCCTGTGCACCAC-1"
-3.03687351700294,-2.23979496906193,"CTAGCCTGTGCGGTAA-1"
1.9147542143203,1.75873768379299,"CTAGCCTGTGGTGTAG-1"
-4.51781123634803,2.31745457698909,"CTAGCCTGTGGTTTCA-1"
-5.23849433418739,-1.83550238559636,"CTAGCCTGTGTTTGGT-1"
-0.952742279883504,-1.67465472171696,"CTAGCCTGTTGGAGGT-1"
-3.49955981728065,-3.19143462131413,"CTAGCCTGTTTGGCGC-1"
-3.31423061844337,3.48018479396907,"CTAGCCTTCAACGGGA-1"
1.66509372237694,-0.877138375739179,"CTAGCCTTCAAGAAGT-1"
-2.80631226059425,-0.792894720534406,"CTAGCCTTCCCAACGG-1"
-0.71762069818008,0.269125149150767,"CTAGCCTTCCTTCAAT-1"
0.227406206164479,-0.671025394896589,"CTAGCCTTCCTTTACA-1"
-1.58367317673194,-4.07532572696599,"CTAGCCTTCGCCAGCA-1"
-0.895877984728694,-0.550357818106733,"CTAGCCTTCGCTGATA-1"
-2.85278814789283,4.78704667141048,"CTAGCCTTCTATCCCG-1"
1.28387362006676,1.82100987484066,"CTAGCCTTCTCTGCTG-1"
-1.46431579944122,-0.469303011397443,"CTAGCCTTCTGGTTCC-1"
-0.806398344602466,1.60044777443019,"CTAGTGAAGACACGAC-1"
10.2291789675094,-1.23867773960026,"CTAGTGAAGAGACTTA-1"
10.0450339937545,-1.44329738567265,"CTAGTGAAGAGCTATA-1"
-0.466010746922374,-0.174681305388532,"CTAGTGAAGCGTTTAC-1"
-1.84383284803855,-0.849289416770063,"CTAGTGAAGGCAGGTT-1"
-2.79010623451698,3.08747243930904,"CTAGTGAAGTCCGGTC-1"
-0.935665284659744,-0.225511908034406,"CTAGTGAAGTTAACGA-1"
-1.78332924601066,3.07428526928035,"CTAGTGACAAACCCAT-1"
-1.61079704519737,0.975026667614856,"CTAGTGACAAACGTGG-1"
11.2205472612716,0.684337556858935,"CTAGTGACAACTGGCC-1"
-3.45931237694252,-3.00930499980839,"CTAGTGACAATGAAAC-1"
-3.36300199982154,4.027439356347,"CTAGTGACACAAGTAA-1"
2.22996646407616,2.37104761650173,"CTAGTGACACCCTATC-1"
-5.41046041008461,0.344019651909747,"CTAGTGACACCTATCC-1"
-0.861506489481807,1.32270115663616,"CTAGTGACACGAGGTA-1"
-5.20976680275428,1.43564498474208,"CTAGTGACATGGTCTA-1"
0.444986763033986,1.62321710636226,"CTAGTGACATTACGAC-1"
-1.96487372871864,-2.91774487445744,"CTAGTGAGTCTAACGT-1"
1.29530292991173,-1.83072781513127,"CTAGTGAGTGATGCCC-1"
1.63960415366662,1.8585271840295,"CTAGTGAGTGGTTTCA-1"
2.79063564780724,1.00809723188488,"CTAGTGAGTTTGTGTG-1"
-1.3968111550473,-3.17752551982792,"CTAGTGATCACATACG-1"
0.844538989100575,-0.706223010520063,"CTAGTGATCAGCGACC-1"
-2.89749318119514,1.45379471828548,"CTAGTGATCCAGTATG-1"
-5.70325559135902,0.228974879284777,"CTAGTGATCTCAAACG-1"
-1.74284642693031,1.91954493572322,"CTCACACAGAAAGTGG-1"
-3.29480927940834,-2.281802415351,"CTCACACAGAGTAATC-1"
-1.11195941772687,1.96890366127101,"CTCACACAGCCGCCTA-1"
-3.65368073936927,1.72249686767665,"CTCACACAGCTCCTTC-1"
-1.11060786750543,-0.422818183402143,"CTCACACAGGAGTACC-1"
-2.53048223015296,0.842805892725863,"CTCACACAGGCACATG-1"
-5.08144849297035,-2.33687066982182,"CTCACACAGGTGGGTT-1"
-1.02559956293929,0.824508309861102,"CTCACACCAACACGCC-1"
-0.403900203671336,2.87426352550594,"CTCACACCAAGCCGCT-1"
-5.62193292137611,0.851533115406909,"CTCACACCAATGTAAG-1"
10.4138360643722,-0.222525774935804,"CTCACACCACATTAGC-1"
-3.15159195419776,-1.56868290851506,"CTCACACCATCCCATC-1"
1.02940899375451,1.71903741409389,"CTCACACGTAACGACG-1"
-0.861006272401691,1.98266065170375,"CTCACACGTAGCACGA-1"
-0.84479374941814,2.59098386814205,"CTCACACGTCTGCAAT-1"
0.789638700518727,-0.393796085814557,"CTCACACGTGTAACGG-1"
-0.842913207974315,0.98495960285274,"CTCACACTCAGGCCCA-1"
-3.96875828262794,1.33861213972179,"CTCACACTCATATCGG-1"
-0.330512700047374,-2.89247178981694,"CTCACACTCATGCTCC-1"
-4.04526585098732,-3.6111948485175,"CTCACACTCCCAACGG-1"
9.67509323600304,1.20827931215373,"CTCACACTCCGTTGCT-1"
-0.754683119621158,10.5574290757379,"CTCACACTCGGTCCGA-1"
-3.61369007584083,-0.301756381491742,"CTCACACTCTCGTTTA-1"
1.62986475471032,2.26453638126461,"CTCACACTCTGAAAGA-1"
-0.725956497158885,-1.62215018222722,"CTCAGAAAGAAACCGC-1"
2.00841957572472,1.59997713615505,"CTCAGAAAGACTCGGA-1"
-2.1061585521363,-0.712863802413068,"CTCAGAAAGAGACTTA-1"
0.931158604655385,-0.639715909461103,"CTCAGAAAGAGCTTCT-1"
-2.66980045792091,-3.16208124111088,"CTCAGAAAGCCGTCGT-1"
-2.75908523556221,-0.878227591017804,"CTCAGAAAGCGCTCCA-1"
-1.00104093309867,-2.32865381191166,"CTCAGAAAGGGTGTTG-1"
-3.26538747307289,-3.35114574382695,"CTCAGAACAAACAACA-1"
11.3852677965499,0.991420984764972,"CTCAGAACAGATCCAT-1"
-4.68614786621559,-3.87081360767277,"CTCAGAACAGGATTGG-1"
-2.12028258797157,-2.2767791743079,"CTCAGAACAGTCAGAG-1"
10.556778492961,-0.564139604071698,"CTCAGAACATCAGTCA-1"
-4.46556299683082,-3.6140811438361,"CTCAGAAGTCCATCCT-1"
0.0848699236251113,11.9091765885553,"CTCAGAAGTCGAAAGC-1"
-0.192333993878246,0.767384589215197,"CTCAGAAGTCTCCATC-1"
-0.151730236973644,11.2884395127496,"CTCAGAATCACTTACT-1"
10.1041770601608,2.04587876846401,"CTCAGAATCAGTCAGT-1"
1.92275005820763,0.653497905035891,"CTCAGAATCATAAAGG-1"
-1.22109631952274,0.110163510342517,"CTCAGAATCATTCACT-1"
-1.20866457876194,-3.29968690822514,"CTCAGAATCCACGCAG-1"
9.77310711387169,-0.265852510432325,"CTCAGAATCCACTGGG-1"
-1.29138201233375,-2.5115580553809,"CTCAGAATCCCATTTA-1"
9.95143085959923,0.955098271866717,"CTCAGAATCCCTGACT-1"
-2.71255534645546,-0.503502070406995,"CTCAGAATCGACCAGC-1"
-1.99042874332893,-2.65315318057927,"CTCAGAATCGGCGCTA-1"
2.33771330359948,0.691040725012698,"CTCAGAATCGGCTACG-1"
3.79049068931115,-4.57448840091618,"CTCAGAATCTATGTGG-1"
-6.05949014183509,0.352703106155076,"CTCAGAATCTCACATT-1"
1.11990314963829,0.1381166582307,"CTCATTAAGCCAGAAC-1"
0.838360848460316,-0.366144775847516,"CTCATTAAGCGGCTTC-1"
-1.53610080238807,-0.244373261431775,"CTCATTAAGTCTCCTC-1"
1.15254670623314,0.800806969901004,"CTCATTAAGTGCAAGC-1"
1.05579501632225,-2.26782417247685,"CTCATTAAGTGCGTGA-1"
-4.3365680551194,2.12440812637416,"CTCATTAAGTGGTCCC-1"
-1.15075187143314,-2.93479394863041,"CTCATTACACACAGAG-1"
-2.74944394585121,1.14244145204631,"CTCATTACATGCCCGA-1"
-1.26605459805954,2.94028759052364,"CTCATTACATGCCTAA-1"
-2.45159083363044,-3.98251652667912,"CTCATTAGTAGAAGGA-1"
-5.32055324074256,-1.44286882827672,"CTCATTAGTATCGCAT-1"
3.70073086265099,-4.59244608829411,"CTCATTAGTCAACTGT-1"
-2.31810194012153,2.53798413326351,"CTCATTAGTCACCTAA-1"
11.3526139879562,0.493194401760974,"CTCATTAGTCATCCCT-1"
10.0972953462936,0.524457611640372,"CTCATTAGTCCGCTGA-1"
-0.740703312125087,-0.790935396651349,"CTCATTAGTCTCACCT-1"
-4.63631170746315,-3.0578296179572,"CTCATTAGTTCCATGA-1"
8.87480980399621,0.566030830641665,"CTCATTATCCTAGAAC-1"
2.34029513839257,0.406345271652953,"CTCATTATCCTCATTA-1"
-2.47299712654579,-3.02158594081791,"CTCATTATCTCTTATG-1"
1.16906053069603,1.2252668743333,"CTCCTAGAGCAGACTG-1"
-5.19730800148475,-0.971384524802289,"CTCCTAGAGCCATCGC-1"
-2.67968898769844,3.7252104287347,"CTCCTAGAGCTATGCT-1"
2.01004010680687,2.40725255062191,"CTCCTAGAGGCCCTTG-1"
-0.162601349320293,0.456193101157822,"CTCCTAGAGGGCATGT-1"
-4.93224400040138,-3.31702542255314,"CTCCTAGAGGTGCTTT-1"
-4.84296005722511,-0.85109472225102,"CTCCTAGAGTGCTGCC-1"
-0.053546068634868,-1.64678358981999,"CTCCTAGCAAAGAATC-1"
-0.170438108410716,-1.05438911865147,"CTCCTAGCAATGAATG-1"
-2.63975614067543,1.64291083862392,"CTCCTAGCATGAGCGA-1"
1.10137182715905,-1.27555334518345,"CTCCTAGGTAAACACA-1"
-1.81125694271553,2.69851827671138,"CTCCTAGGTAGTGAAT-1"
-5.91002219673622,-0.225441276530347,"CTCCTAGGTCCGTTAA-1"
-2.1580498790406,2.52370739032833,"CTCCTAGGTGTATGGG-1"
-0.362880465950847,-1.8451602453986,"CTCCTAGGTGTGTGCC-1"
-5.76163142677772,1.76148939182369,"CTCCTAGGTTACCGAT-1"
-5.08472054954994,-1.57276582668217,"CTCCTAGTCCCAAGTA-1"
-4.6036259507798,2.62337303211299,"CTCCTAGTCCCAGGTG-1"
-1.43473958727348,-3.62653708408268,"CTCCTAGTCCCGACTT-1"
-1.72912966963279,-3.92413115451726,"CTCCTAGTCGCCTGTT-1"
-5.94387191292274,0.43577138011662,"CTCCTAGTCTATCGCC-1"
1.44591814521325,1.50084137966243,"CTCCTAGTCTTTACAC-1"
-4.69549172874916,-2.11609578082951,"CTCGAAAAGAAACGCC-1"
-4.93811696526039,-0.854100584487043,"CTCGAAAAGACCACGA-1"
-2.76914554592598,0.0952766840657375,"CTCGAAAAGACTTTCG-1"
-0.778107193674922,-2.90919995258244,"CTCGAAAAGATCCTGT-1"
-0.584240881171108,-2.72490930507573,"CTCGAAAAGCAGACTG-1"
-3.34291833397377,-3.76986145923527,"CTCGAAAAGCGAGAAA-1"
-4.9355863904618,-2.33483815143498,"CTCGAAAAGGCTCTTA-1"
-0.0502980327271226,11.3744065766534,"CTCGAAAAGGGTATCG-1"
-2.05853980537879,-1.41468048046025,"CTCGAAACAACACCCG-1"
3.57046848777306,-4.37582230518254,"CTCGAAACAAGCTGTT-1"
8.84389263633263,-0.359158694247327,"CTCGAAACACACATGT-1"
-3.61049788948524,-1.06515634010228,"CTCGAAACACCCATTC-1"
0.23208171370995,-2.49422359416874,"CTCGAAACACCTATCC-1"
1.02460104468834,0.793724865218081,"CTCGAAACAGCATACT-1"
0.223853292498707,2.21030938675014,"CTCGAAACATGTCGAT-1"
-2.16526967045295,-3.61778235385808,"CTCGAAACATTGGGCC-1"
1.5170560503341,1.62229299594966,"CTCGAAAGTAATCACC-1"
9.80833870414269,2.14835345794765,"CTCGAAAGTATATCCG-1"
-2.20195442196357,-1.70267486522587,"CTCGAAAGTATCACCA-1"
-1.29491728302467,-1.00190293739232,"CTCGAAAGTCAGGACA-1"
-2.91943424698341,2.13402998497097,"CTCGAAAGTCCAGTTA-1"
-4.59121912476051,0.367434643705764,"CTCGAAAGTCCTAGCG-1"
-3.20717161652076,2.67325592090694,"CTCGAAAGTGCAACTT-1"
-2.28925138470161,-3.8533332342902,"CTCGAAAGTGCCTGGT-1"
-2.79473966118324,2.87724542667476,"CTCGAAATCATAGCAC-1"
2.39136272910607,0.88455203225223,"CTCGAAATCATTATCC-1"
0.327456536326527,-1.09801065872105,"CTCGAAATCCACGAAT-1"
-3.8141424035691,-1.27312588642033,"CTCGAAATCCACTCCA-1"
11.0243554735519,-0.454883992175183,"CTCGAAATCCATTCTA-1"
-0.531097320284725,-2.8002223963538,"CTCGAAATCGACGGAA-1"
-1.04867357518899,1.15018743326274,"CTCGAAATCGTACGGC-1"
-5.32686275001991,0.919222832222857,"CTCGAAATCGTAGGAG-1"
-0.00299143549430403,2.313856244584,"CTCGAAATCGTTGACA-1"
-3.02305477615821,4.02910804798213,"CTCGAAATCTATCGCC-1"
-5.03265279289711,0.0813591187199734,"CTCGAAATCTTTACAC-1"
10.9783464098312,0.504435785611548,"CTCGAGGAGAATAGGG-1"
0.579671325717091,2.15510129978267,"CTCGAGGAGACTACAA-1"
-2.35315686222541,-3.02465510318669,"CTCGAGGAGAGCTATA-1"
-5.31628888603675,-0.1090437764922,"CTCGAGGAGTGGCACA-1"
-4.72730010506141,2.23741936733333,"CTCGAGGAGTGTTTGC-1"
1.39493733886254,1.8101793532571,"CTCGAGGCAAGGTTCT-1"
1.54735023025048,-0.451409279803357,"CTCGAGGCAATGGAAT-1"
0.0187719488478896,2.10458588649837,"CTCGAGGCACAGATTC-1"
-1.02219279241192,-2.82807922313603,"CTCGAGGCACCAGGCT-1"
1.54345494750512,1.1818475132188,"CTCGAGGCAGTTAACC-1"
0.475871744189381,-2.28294229457768,"CTCGAGGGTAAGTGTA-1"
0.805180492434621,1.90528512050716,"CTCGAGGGTATGGTTC-1"
-3.10155194756019,4.02660918285457,"CTCGAGGGTTACCAGT-1"
0.0790006542540785,2.57355260898677,"CTCGAGGGTTCAACCA-1"
9.57914978507531,0.037146270771899,"CTCGAGGTCAATAAGG-1"
-5.61792558189857,-0.211402832964978,"CTCGAGGTCACCAGGC-1"
-4.82044762131202,0.85656359841434,"CTCGAGGTCAGGTAAA-1"
-2.67068379875648,-1.60940003345402,"CTCGAGGTCATGCTCC-1"
0.725173893008351,0.991449773808398,"CTCGAGGTCCGGGTGT-1"
10.5074372911788,0.233155042429843,"CTCGAGGTCGGTCTAA-1"
-3.06411713119972,-2.92432260463627,"CTCGAGGTCTACTTAC-1"
2.27197915557396,1.42057037403194,"CTCGAGGTCTTTCCTC-1"
-3.24687880035865,3.80288887073604,"CTCGGAGAGCACAGGT-1"
-2.54953342434394,-3.33939862201603,"CTCGGAGAGTATCGAA-1"
-0.474131879773021,1.38525319149105,"CTCGGAGAGTTTAGGA-1"
-3.67121141907203,-0.202774524191938,"CTCGGAGCAATCAGAA-1"
8.84904057029259,0.210871384044566,"CTCGGAGCACACTGCG-1"
10.8310008669235,-0.117709278563581,"CTCGGAGCACCCTATC-1"
-0.467761394944072,-1.65833020160588,"CTCGGAGCACTTGGAT-1"
-5.75766175743568,-0.529890655974469,"CTCGGAGCAGGGTATG-1"
10.2673345232345,-1.05901086280736,"CTCGGAGCATATGCTG-1"
-0.8211008733176,-2.54488229701909,"CTCGGAGGTACCGAGA-1"
1.79544741157067,1.81107866813747,"CTCGGAGGTAGGACAC-1"
-0.348328766789317,1.05309033443538,"CTCGGAGGTAGGGTAC-1"
-5.4620551442765,-1.68328976581486,"CTCGGAGGTCGATTGT-1"
-2.74031966682899,-3.70498490283879,"CTCGGAGGTTCCACTC-1"
-0.9187591200732,-2.52398276279362,"CTCGGAGTCCCAAGAT-1"
-2.73294311520088,1.58176684429256,"CTCGGAGTCCCTAATT-1"
-3.28624504562843,-0.907089352110944,"CTCGGAGTCGAACTGT-1"
11.4852281236984,0.757298082610049,"CTCGGAGTCGAGAACG-1"
-4.77495473381507,-2.19542169521245,"CTCGGAGTCGGTGTTA-1"
-2.48903327938545,-0.26338446090611,"CTCGGAGTCTAACTGG-1"
-3.22508495804298,-2.48723125408085,"CTCGGAGTCTAACTTC-1"
-3.73107284065712,-3.17971563289555,"CTCGGAGTCTAGCACA-1"
-2.85545593258369,1.48392677356807,"CTCGGAGTCTGGTGTA-1"
9.03784996512902,-0.427173494795881,"CTCGGAGTCTGTTGAG-1"
-1.61940365787971,-0.983838557700238,"CTCGGAGTCTTAACCT-1"
7.93065792563927,1.80354428340999,"CTCGGGAAGAGGACGG-1"
-2.67235785480964,-4.32685875842961,"CTCGGGAAGCCGGTAA-1"
-2.29442649837959,-4.15650963733586,"CTCGGGAAGCTACCGC-1"
-5.34059470650184,-2.7376916403571,"CTCGGGAAGGACAGAA-1"
-2.51912516113746,4.31710100223629,"CTCGGGAAGTAGCCGA-1"
-5.56360763069618,1.40936505844203,"CTCGGGAAGTTCCACA-1"
10.7781139040328,0.319534525772013,"CTCGGGAAGTTGCAGG-1"
-0.959438902702213,-0.472157954672895,"CTCGGGACAAATTGCC-1"
11.4778180742599,1.30247646619884,"CTCGGGACAAGCTGGA-1"
-0.939703886773467,0.766043335696139,"CTCGGGACACAGACAG-1"
2.45586043838036,0.109747082491793,"CTCGGGACACCTCGGA-1"
-0.7957724159621,-0.572638272742353,"CTCGGGACACTAGTAC-1"
-0.459517953362346,-1.09960973213109,"CTCGGGACAGTGGGAT-1"
-2.98586016651619,4.64211726238338,"CTCGGGACAGTTCCCT-1"
-4.88908809181678,-1.97104144046696,"CTCGGGACATCACGTA-1"
11.7050538683273,2.03484976341335,"CTCGGGACATCGGTTA-1"
-2.00019258018959,0.329240613182463,"CTCGGGACATGGGAAC-1"
8.95025402549279,1.1189743881425,"CTCGGGACATTTGCTT-1"
-3.17239683624733,1.04223322918025,"CTCGGGAGTAAGTGGC-1"
-4.97371405121315,0.466153525312819,"CTCGGGAGTCCTGCTT-1"
-1.20194796976078,-1.81585812518986,"CTCGGGAGTGAGGGTT-1"
-0.546723035540462,0.0198270385464809,"CTCGGGAGTGGCGAAT-1"
-0.0165613865517381,0.180422306557574,"CTCGGGAGTTCCAACA-1"
0.922484698329091,-1.48086452434453,"CTCGGGAGTTGCTCCT-1"
1.60595304015648,2.18144130756465,"CTCGGGAGTTGTGGAG-1"
-3.07420271393287,3.34956336071102,"CTCGGGATCACCACCT-1"
10.27181202415,1.95342779209224,"CTCGGGATCATGTCCC-1"
0.572960677180409,-1.56376218746098,"CTCGGGATCCGCGCAA-1"
9.6864667559005,0.330498055120387,"CTCGGGATCGAGAGCA-1"
-3.01334136482704,4.51105046321956,"CTCGGGATCGCCTGTT-1"
8.45440250876915,-0.879424929122052,"CTCGTACAGAGGTTAT-1"
-1.78444176670539,-1.61373352954777,"CTCGTACAGTTTCCTT-1"
-2.4424405669831,-0.839954971770368,"CTCGTACCAACACCTA-1"
-2.28740244862068,-3.25012063930424,"CTCGTACCAACTGGCC-1"
9.56965595725548,-0.225045620898328,"CTCGTACCAAGCTGAG-1"
-5.2085618352555,-0.0341072673598148,"CTCGTACCACATCCGG-1"
-0.988129838513241,-2.02262711475285,"CTCGTACCACTGCCAG-1"
8.60546261313927,1.50536608745662,"CTCGTACCAGACGCCT-1"
10.9478021288253,-0.565586566428266,"CTCGTACCAGCGATCC-1"
8.49280792716515,1.27418947269527,"CTCGTACCATGTCTCC-1"
-3.21378367897499,1.10390824129192,"CTCGTACCATGTTGAC-1"
-5.02515023704994,0.494546540578284,"CTCGTACGTACCGAGA-1"
-2.97825580593574,-4.39711022327336,"CTCGTACGTAGAAAGG-1"
-4.82305902000892,0.855688602229037,"CTCGTACGTAGGAGTC-1"
-0.194868144955516,-1.90209937045964,"CTCGTACGTCACAAGG-1"
1.38071590903771,-0.471012770632825,"CTCGTACGTCATATGC-1"
1.94116193297875,0.255524412294307,"CTCGTACGTCGCGAAA-1"
-1.05935538318384,11.120803595086,"CTCGTACGTCTGGAGA-1"
-3.86692493912208,-2.50867772052678,"CTCGTACGTGGCGAAT-1"
10.9146400118209,1.38101744701473,"CTCGTACGTTATCCGA-1"
2.43881184104454,0.680677027007022,"CTCGTACGTTCTGAAC-1"
-5.5331434583329,2.13685619880764,"CTCGTACGTTGGAGGT-1"
9.79746586326134,-1.02881669948491,"CTCGTACTCACGCGGT-1"
9.86210686210167,-0.301369189719281,"CTCGTACTCAGTCAGT-1"
-1.87664192673194,1.38779985954372,"CTCGTACTCAGTTGAC-1"
1.65852195266259,2.00530707885829,"CTCGTACTCATAGCAC-1"
-2.26283889767158,-4.30299258182438,"CTCGTACTCGCGTTTC-1"
0.28743523601067,-1.54950427959355,"CTCGTACTCTCCTATA-1"
9.95577961448205,0.208248436947741,"CTCGTACTCTGATTCT-1"
-3.21141141411293,-0.306680321196637,"CTCGTACTCTTGTCAT-1"
-1.14748327192295,-2.05027294109257,"CTCGTACTCTTTCCTC-1"
-5.44178956505287,-1.88797330806645,"CTCGTCAAGACTACAA-1"
-2.51396959778297,-3.20802640865239,"CTCGTCAAGCCAGAAC-1"
-1.54015242811668,2.62862825443355,"CTCGTCAAGCTTCGCG-1"
2.2874713564254,0.538852870961108,"CTCGTCAAGGGTCGAT-1"
-0.749536139335513,-0.979896306494794,"CTCGTCAAGTGACATA-1"
-1.00520718414712,-0.0830316240588047,"CTCGTCAAGTGATCGG-1"
-2.07082050796974,0.381678807114639,"CTCGTCAAGTTAAGTG-1"
-2.61325150486457,-3.76568198154362,"CTCGTCAAGTTACGGG-1"
-2.78469162937629,-3.54524874637517,"CTCGTCAAGTTCGCAT-1"
9.02585655692589,-0.12084740350636,"CTCGTCACACAACTGT-1"
0.155714216265797,-1.65016508052739,"CTCGTCACATCAGTAC-1"
1.60620147231591,1.79232585479824,"CTCGTCAGTAAAGTCA-1"
0.172101678881764,11.8861739640435,"CTCGTCAGTACATGTC-1"
-2.30356985088813,3.19297885944454,"CTCGTCAGTCCGACGT-1"
11.0593209886886,0.237054706116595,"CTCGTCAGTCGAAAGC-1"
0.359679403338551,-0.220277308920942,"CTCGTCAGTGATGTGG-1"
9.85690266135705,-0.873391627768598,"CTCGTCAGTGCCTGTG-1"
-0.0459774708412889,-1.8105413908759,"CTCGTCAGTTCGGGCT-1"
-1.54916953798759,-3.50964021633061,"CTCGTCAGTTTGCATG-1"
0.240310730967641,-0.766042947272382,"CTCGTCATCAAACCGT-1"
-0.913649578955055,-0.0958037371435978,"CTCGTCATCGATAGAA-1"
-5.79870503899086,0.697119504710116,"CTCGTCATCGCGTAGC-1"
8.52930885795128,-0.778534769515119,"CTCGTCATCGCTAGCG-1"
10.7108245516158,-0.631682753066144,"CTCGTCATCGGTTAAC-1"
-1.80131989475715,2.03398394634334,"CTCGTCATCTCCCTGA-1"
-1.86067270990837,2.38039553215114,"CTCGTCATCTCGGACG-1"
8.82638794425499,3.94239592601863,"CTCTAATAGAAGGCCT-1"
9.86739021781456,2.17823982288448,"CTCTAATAGAGGTAGA-1"
-5.24140256401527,-1.82629847476872,"CTCTAATAGATATGGT-1"
-3.76338118072975,-4.23269104907902,"CTCTAATAGCGATTCT-1"
-4.17001884933937,-4.28030466983708,"CTCTAATAGCGGCTTC-1"
9.62497574332726,-0.0666288430491306,"CTCTAATAGCGTCAAG-1"
2.3811164522506,1.11249309827892,"CTCTAATAGGCCGAAT-1"
-4.34480422493446,-3.78814530322941,"CTCTAATAGTCATCCA-1"
-5.29571813103187,1.64380502750484,"CTCTAATAGTGACATA-1"
-0.91326483842361,-0.415826081732831,"CTCTAATAGTGCTGCC-1"
-3.86875289436805,-2.54075646350773,"CTCTAATAGTGGTAGC-1"
-2.57396000381935,-3.17568230579289,"CTCTAATCAGCAGTTT-1"
-4.45153516289222,-1.05250966499241,"CTCTAATCAGTGGGAT-1"
-3.50957387444007,-3.13268613765629,"CTCTAATCAGTTTACG-1"
-4.48012441154945,-3.44106316516789,"CTCTAATGTAGCTTGT-1"
8.46149784568322,-0.745713233450971,"CTCTAATGTATAATGG-1"
-5.8841947888993,0.258830220004,"CTCTAATGTCAATGTC-1"
9.10707146171105,-0.0813963408270695,"CTCTAATGTCATTAGC-1"
1.19933492187035,1.33012861063091,"CTCTAATGTCGTCTTC-1"
-5.14461225029457,1.40217256595699,"CTCTAATGTCTGATCA-1"
-3.30565422531593,3.16408610393611,"CTCTAATGTGAGTGAC-1"
-2.72667950150001,4.69585490276424,"CTCTAATGTGCGAAAC-1"
11.4736991548873,0.146869093676486,"CTCTAATGTGCGCTTG-1"
2.24999624732506,2.09867394020168,"CTCTAATGTGGACGAT-1"
-2.63808864113319,2.30156350185482,"CTCTAATGTGTGAAAT-1"
-2.92518323418129,-4.09443640659245,"CTCTAATGTTAAGGGC-1"
1.54818922523034,1.9130264525613,"CTCTAATTCAACACGT-1"
-2.74422901627052,-2.28094530055913,"CTCTAATTCACATGCA-1"
-0.836848643984676,-1.49397849986943,"CTCTAATTCCGGGTGT-1"
-0.194084403481365,-0.11098229835423,"CTCTAATTCCTTGGTC-1"
11.2394395494796,1.25762784530727,"CTCTAATTCGTACGGC-1"
-4.42863696571815,-0.714415192107282,"CTCTAATTCTGTCAAG-1"
-4.15059154983985,-3.1227743620673,"CTCTACGAGCACGCCT-1"
2.65054089072716,0.456854291757026,"CTCTACGAGGAACTGC-1"
-1.79394399878013,-0.686967372397504,"CTCTACGAGGAGTCTG-1"
-3.35723560806739,-0.0946316714087345,"CTCTACGAGGATTCGG-1"
-0.229730901684642,-2.65171599338444,"CTCTACGAGGCCCTCA-1"
-1.06099804994094,1.66862607051937,"CTCTACGAGGGATCTG-1"
2.33134180549157,1.63613748600093,"CTCTACGAGGGCTTCC-1"
-4.3200017785691,2.59715104152767,"CTCTACGAGTGAAGTT-1"
-3.75122421738136,-0.51798856208714,"CTCTACGAGTGGTAGC-1"
1.14464313033593,1.06752920200435,"CTCTACGAGTGTACGG-1"
-2.71512800213325,-0.493534504870496,"CTCTACGCACATCCGG-1"
11.0577064180709,0.398373071601071,"CTCTACGCACGTGAGA-1"
-0.976625441018522,-0.641970395545087,"CTCTACGCACTCTGTC-1"
-5.21397202965248,-2.16522574375065,"CTCTACGCAGATGAGC-1"
-4.63939231392372,2.34201610138027,"CTCTACGCATGACGGA-1"
-2.77154940124977,-0.505269467333875,"CTCTACGCATTCACTT-1"
-1.7293412065171,-2.57128453205021,"CTCTACGCATTGAGCT-1"
-1.62246834990013,1.84032607128231,"CTCTACGCATTTCACT-1"
-4.99895852562416,-0.0645012254515507,"CTCTACGGTAATCACC-1"
-2.76827436443794,0.904039323826709,"CTCTACGGTATAGGTA-1"
-2.98031347748268,1.70416140606014,"CTCTACGGTGCTCTTC-1"
-3.75956409927833,3.0886833672723,"CTCTACGGTGGTAACG-1"
-2.86053162571418,-0.00193932602795144,"CTCTACGGTGTCTGAT-1"
-2.66747861858833,1.26559555580226,"CTCTACGGTTAAGAAC-1"
-2.56282692905891,-3.36392760227116,"CTCTACGTCACCGGGT-1"
-3.34123033043373,-0.332765876750074,"CTCTACGTCATAACCG-1"
-4.78178423401344,2.17015945961086,"CTCTACGTCATGCAAC-1"
2.20731264594567,1.72729921390621,"CTCTACGTCCGATATG-1"
-2.42894822117317,-4.28562235782536,"CTCTACGTCCTCATTA-1"
-5.23615354057777,-2.37534165332707,"CTCTACGTCCTCCTAG-1"
-2.80464571472633,-1.46852338264378,"CTCTACGTCGCACTCT-1"
-0.372840878929973,-1.29157817314061,"CTCTACGTCGGCGCTA-1"
-3.15128057953346,-3.50310945461186,"CTCTACGTCTACTTAC-1"
-3.21198481079567,3.22392249157039,"CTCTACGTCTTGACGA-1"
-4.01688760277259,-0.143852591017804,"CTCTGGTAGATGCCAG-1"
-4.8732518529557,-0.134264349440656,"CTCTGGTAGGAGTAGA-1"
-2.40616315361488,1.46085333873836,"CTCTGGTAGGGATGGG-1"
-3.31259792801368,-0.563489913443647,"CTCTGGTAGTACTTGC-1"
-2.19477170464027,3.00407075931636,"CTCTGGTAGTGTACGG-1"
9.89751106742394,2.36302471210567,"CTCTGGTAGTGTCCCG-1"
-0.433906314339519,-1.34066164443882,"CTCTGGTAGTTGCAGG-1"
1.90996939185631,0.183594987293162,"CTCTGGTCAAGTACCT-1"
-2.19315379616249,1.26802939226238,"CTCTGGTCACTGAAGG-1"
10.1330123567916,0.5188774247965,"CTCTGGTCAGGATCGA-1"
-4.48210614677894,-1.7269699568549,"CTCTGGTCAGTCGATT-1"
-1.04008740689981,10.7998492722711,"CTCTGGTCATTTGCTT-1"
0.505963506732106,2.15065264751522,"CTCTGGTGTAGCGTCC-1"
10.1807723665572,-1.31930994937809,"CTCTGGTGTCACAAGG-1"
8.52590233329308,-0.046445756653867,"CTCTGGTGTCGTCTTC-1"
-2.7819147681855,1.32249683191387,"CTCTGGTGTCTCATCC-1"
9.49894005301964,0.0684921150406979,"CTCTGGTGTGCGGTAA-1"
0.344829263720631,-2.05369186351689,"CTCTGGTTCAAGCCTA-1"
-1.79931765552986,2.22409021904079,"CTCTGGTTCATCGATG-1"
-3.20617478844154,3.69241690685359,"CTCTGGTTCCCTCTTT-1"
9.95257526877892,1.87570321609584,"CTCTGGTTCCTCAACC-1"
10.8445363664962,0.808367163439669,"CTCTGGTTCCTCCTAG-1"
1.08873731139672,-0.676833152274213,"CTCTGGTTCGATCCCT-1"
-2.56590682026374,1.57616436531154,"CTCTGGTTCGTACGGC-1"
-3.39621609207618,-0.241706668833814,"CTCTGGTTCGTTGCCT-1"
-1.95102041717994,-3.92276692340764,"CTGAAACAGCCACTAT-1"
-1.67596983667839,2.82686138202754,"CTGAAACAGCCTCGTG-1"
10.3709579134322,-0.494513451556287,"CTGAAACAGCGATATA-1"
-2.2824622964524,-0.390436887244306,"CTGAAACAGCGTCAAG-1"
-0.16117441412437,0.0148896877965115,"CTGAAACAGTAGGTGC-1"
-0.240487453904033,-1.74377703617009,"CTGAAACAGTTGTCGT-1"
-2.8398445224427,-3.65502715061101,"CTGAAACCAATGACCT-1"
-1.95169579740989,0.914460301896014,"CTGAAACCACCACGTG-1"
0.607705893550038,0.940833569069781,"CTGAAACCAGCCAGAA-1"
-3.69782870766151,-0.156379818419538,"CTGAAACCAGCTGGCT-1"
10.9536653185226,-0.743677734831891,"CTGAAACCATGCAACT-1"
-3.20329898354042,-2.20601081798466,"CTGAAACCATGTCTCC-1"
-1.54422598835456,-3.30338811824711,"CTGAAACGTCAATGTC-1"
-2.80940836426246,3.83488178302852,"CTGAAACGTCATACTG-1"
-3.30839293953407,0.934262335797229,"CTGAAACGTTAAGGGC-1"
-2.76380127426612,-4.03552937457951,"CTGAAACGTTATTCTC-1"
1.56858092788231,2.39653492023555,"CTGAAACGTTCCGTCT-1"
-2.13913327213752,-1.97879290531071,"CTGAAACGTTCGTCTC-1"
-5.20832818504798,1.56776797821132,"CTGAAACGTTGCGTTA-1"
-2.1566659783982,0.674013764162936,"CTGAAACGTTTGACAC-1"
-2.1996576165818,-0.798306107024274,"CTGAAACTCAACACGT-1"
-3.62369602676857,-1.58295249889287,"CTGAAACTCAACTCTT-1"
1.43979054931176,0.331176572044768,"CTGAAACTCATACGGT-1"
-5.06965058800209,-2.2838456625739,"CTGAAACTCGGAATCT-1"
0.738181772265553,0.202880114813723,"CTGAAACTCGTATCAG-1"
-3.96430128571022,-1.04933929393681,"CTGAAGTAGACAGGCT-1"
-2.33647817131507,-0.0825437898436405,"CTGAAGTAGCAGCGTA-1"
0.589667859110951,1.46127569725124,"CTGAAGTAGCCAGAAC-1"
0.00359475854408708,-1.85462713191899,"CTGAAGTAGCCAGTTT-1"
11.596353116069,0.49158509870378,"CTGAAGTAGCGATCCC-1"
11.0192924166061,-0.637200593451581,"CTGAAGTAGCGTTTAC-1"
-4.30589717384803,-0.0887971217432835,"CTGAAGTAGGGTGTTG-1"
0.511853399310231,2.88026428272335,"CTGAAGTAGTCAATAG-1"
-2.69997089859474,4.27533626606075,"CTGAAGTAGTCATGCT-1"
-4.71479934212196,-1.94758677432927,"CTGAAGTAGTCGTTTG-1"
-3.79117816444862,-2.21706795642766,"CTGAAGTAGTTTGCGT-1"
-3.08548801895607,-1.84157252262028,"CTGAAGTCAATCACAC-1"
2.23550039771569,0.273210898538508,"CTGAAGTCAATGGATA-1"
-3.24602788444984,-3.09789729068669,"CTGAAGTCACGACTCG-1"
-2.83746891972053,2.23475909282772,"CTGAAGTCACGCCAGT-1"
-2.12365239616859,-0.435818492869458,"CTGAAGTCAGCCTATA-1"
-3.53375118729103,-3.99462389896306,"CTGAAGTCAGGAATCG-1"
-1.17618745323646,2.21750354816524,"CTGAAGTCAGTTAACC-1"
-3.74925797935951,2.99582266857234,"CTGAAGTCATATGAGA-1"
-4.61924189087379,-1.14845693061741,"CTGAAGTCATCCGTGG-1"
-0.807607380118251,-0.377878725031934,"CTGAAGTCATTCTTAC-1"
-4.79416411873329,0.434845775862613,"CTGAAGTGTAACGTTC-1"
0.375170292887807,-2.19533300350102,"CTGAAGTGTACTCAAC-1"
-1.45037129279602,0.159832641979136,"CTGAAGTGTCCATCCT-1"
-3.52146643158424,-0.347379385928235,"CTGAAGTGTCGCATAT-1"
-4.55790537353981,0.826194108029284,"CTGAAGTGTCTAACGT-1"
9.99707657340539,-1.13222241351994,"CTGAAGTGTTTCGCTC-1"
1.67877036574852,1.2034670119485,"CTGAAGTTCACCGTAA-1"
1.39020806792748,-1.23884379814061,"CTGAAGTTCACCTCGT-1"
9.1873737001754,1.04817241479961,"CTGAAGTTCAGGTTCA-1"
10.1496968889571,-0.235549270609937,"CTGAAGTTCATGTCCC-1"
2.29552060607445,-1.85022544811162,"CTGAAGTTCCGTTGTC-1"
-5.34528869148719,-2.60768341968449,"CTGAAGTTCTAACGGT-1"
-1.88521694895256,-1.54928314636143,"CTGAAGTTCTCTTGAT-1"
-4.22140902039039,-4.26944994876774,"CTGATAGAGAAGATTC-1"
-3.68112200256813,2.75301814128963,"CTGATAGAGCAACGGT-1"
-2.71383124348152,-0.468326687316022,"CTGATAGAGCCACGCT-1"
10.5181813860275,0.289513446887412,"CTGATAGAGCGCTCCA-1"
9.90025383475792,-0.0834290380278446,"CTGATAGAGGCTATCT-1"
-5.68025821205604,2.16292011787502,"CTGATAGCAAGAAGAG-1"
-2.86910897251594,-2.32007169673832,"CTGATAGCAAGCCGTC-1"
10.8413634920455,0.353822581966796,"CTGATAGCACAGCCCA-1"
-5.01799243446815,-2.29742193172368,"CTGATAGCAGACAGGT-1"
9.90614277366173,-1.32362949798497,"CTGATAGCAGACGCAA-1"
-4.17775314804542,-1.5737706417838,"CTGATAGCAGGGAGAG-1"
10.0230956697799,0.627332315345683,"CTGATAGCAGGTCTCG-1"
-3.55448788162696,-0.358737170199475,"CTGATAGCATTCCTGC-1"
9.37028461936486,0.922701359291949,"CTGATAGGTACAGACG-1"
-1.58104878422248,-1.62408542583378,"CTGATAGGTACTCTCC-1"
-2.83036607262123,-0.433228194216809,"CTGATAGGTAGCGATG-1"
-2.66307443138587,0.617633969088473,"CTGATAGGTCCCGACA-1"
-2.14099520203102,-0.948229670027814,"CTGATAGGTCCGAATT-1"
-3.4323281621598,-1.92896246860417,"CTGATAGGTCGAGTTT-1"
-3.90216606613624,-3.34368324230107,"CTGATAGGTCTAGCCG-1"
-4.88598245140541,0.849840462704577,"CTGATAGGTCTGATTG-1"
1.93102771285546,2.152563691636,"CTGATAGGTGATGTGG-1"
2.15521151069176,0.77354967643825,"CTGATAGGTGTAAGTA-1"
-4.23369449135292,-0.186559020976148,"CTGATAGGTTCAGGCC-1"
8.84373146537316,0.303485818704047,"CTGATAGTCACAACGT-1"
9.75175053123009,-0.0529288048544743,"CTGATAGTCACTTACT-1"
-1.43182250615585,-2.43976187656315,"CTGATAGTCATGCATG-1"
-1.6828221654557,-1.81124353359135,"CTGATAGTCCACGAAT-1"
2.56190186980736,0.943744242688098,"CTGATAGTCCACGTTC-1"
-5.28262513634193,-1.13934159229191,"CTGATAGTCCACTCCA-1"
-3.90589374062049,1.40036237289516,"CTGATAGTCCTATGTT-1"
-1.0108020169698,-0.0496437842646458,"CTGATAGTCCTGCAGG-1"
-4.28625243660438,1.85557794620601,"CTGATAGTCGATCCCT-1"
-2.24961954113472,-3.96747899005803,"CTGATAGTCGCCAGCA-1"
-4.26404493805397,-2.94577598522099,"CTGATAGTCTCAAACG-1"
0.449847044978261,1.93983542968837,"CTGATAGTCTGCGGCA-1"
-0.211504099335552,2.40955615093318,"CTGATAGTCTTTACGT-1"
-2.71124547478187,-0.153004049758039,"CTGATCCAGATGTAAC-1"
-3.82451909538734,-0.901562928656659,"CTGATCCAGCTTTGGT-1"
-5.19171803947914,-0.604697823027692,"CTGATCCAGGCAGGTT-1"
-3.85777801033485,-3.22146010349186,"CTGATCCAGTATGACA-1"
-0.133777854409099,-3.19407653758915,"CTGATCCAGTCAAGCG-1"
-3.56305712219703,2.99308896114437,"CTGATCCAGTCCAGGA-1"
10.0842834139205,-1.02810251663121,"CTGATCCAGTCCATAC-1"
-5.13265412804115,-2.26941323230656,"CTGATCCAGTTGTCGT-1"
-4.37936538216102,1.93658959915248,"CTGATCCCAAATTGCC-1"
-4.78734773155677,1.82050275852291,"CTGATCCCAAGAAGAG-1"
-1.54042500015724,2.77631878902523,"CTGATCCCAATGTTGC-1"
-4.05294888969886,1.96129632045833,"CTGATCCCACAGCCCA-1"
-3.49492686745155,2.78969264080135,"CTGATCCCAGCCTTGG-1"
-1.62009858843315,1.86091661502925,"CTGATCCCATTTCACT-1"
-5.36503404137123,-0.84288418243321,"CTGATCCGTAGCGTGA-1"
-4.56108921524513,-3.71348118732365,"CTGATCCGTGACCAAG-1"
-5.2569131230973,-1.85841059635075,"CTGATCCGTGACTACT-1"
-1.91197103020179,0.665354371567645,"CTGATCCGTTACGTCA-1"
-2.43448525425422,0.949854136010089,"CTGATCCGTTATTCTC-1"
0.0659299517012831,11.7023837571344,"CTGATCCTCACTATTC-1"
2.22026497367394,0.588983342548289,"CTGATCCTCCTCAATT-1"
0.177226843867421,-0.0707182581225254,"CTGATCCTCGCAGGCT-1"
-3.0917200421952,-2.64750814388188,"CTGATCCTCTACCAGA-1"
11.6580911302902,2.06926286270229,"CTGATCCTCTGCGACG-1"
-0.274936494793773,2.85540413906185,"CTGCCTAAGAAGAAGC-1"
-4.04667800423133,2.55503845264522,"CTGCCTAAGACCACGA-1"
-5.4974989270829,1.30031257917491,"CTGCCTAAGCAGCGTA-1"
2.12281209472191,1.22010886718837,"CTGCCTAAGGTCATCT-1"
0.441060009036183,2.68621373226253,"CTGCCTAAGTACGCCC-1"
-5.35522788521278,-2.16726565311345,"CTGCCTAAGTCGATAA-1"
1.36939436439049,1.95266902496425,"CTGCCTAAGTGGGCTA-1"
-4.69415658470619,-3.40664958904179,"CTGCCTAAGTGTGGCA-1"
9.46591621879113,0.163874209423938,"CTGCCTAAGTTACGGG-1"
10.0631251955367,0.222881347437777,"CTGCCTACAAGACGTG-1"
10.3488107347823,-1.36841154048832,"CTGCCTACAAGCGAGT-1"
-5.93868583199012,0.313120708366313,"CTGCCTACAAGCTGTT-1"
10.3638587618209,-0.909851073721967,"CTGCCTACACTGTGTA-1"
-4.87084024902809,-2.86936736057194,"CTGCCTAGTATATGGA-1"
-2.31719571110237,1.06517440130321,"CTGCCTAGTCACTGGC-1"
-5.67503684517372,-1.78014850566777,"CTGCCTAGTCCGACGT-1"
8.26781326774132,-0.385190486411176,"CTGCCTAGTCTGCCAG-1"
-1.65853386875618,-1.34757983634861,"CTGCCTAGTTAGATGA-1"
-3.60101741310585,0.744836181898989,"CTGCCTATCAACGCTA-1"
0.240118804011464,1.75813710739223,"CTGCCTATCAGCTCTC-1"
-3.60647338387001,-4.05810379932316,"CTGCCTATCAGTCAGT-1"
0.492096009287953,2.25799775173274,"CTGCCTATCGCCGTGA-1"
-1.22881588098037,-3.8296949858466,"CTGCCTATCGCTGATA-1"
-4.73728817459571,-2.0929379458228,"CTGCCTATCTAACGGT-1"
-0.210825440850139,2.22327017833797,"CTGCCTATCTCTAGGA-1"
-2.04609924313056,-2.96947264621647,"CTGCGGAAGAAGGTGA-1"
-2.93111711498725,2.82588815738765,"CTGCGGAAGAATTGTG-1"
1.74920803550255,1.3762353663644,"CTGCGGAAGCGACGTA-1"
-3.10567062851417,-3.18613743732365,"CTGCGGAAGCGATTCT-1"
0.131966891322255,-0.522670030097089,"CTGCGGAAGCTAGTGG-1"
-4.09907477852333,-0.59502553890141,"CTGCGGAAGCTGATAA-1"
-1.10622210558879,-0.277193068961225,"CTGCGGAAGCTGTCTA-1"
-1.58487462755668,-0.131707846621595,"CTGCGGAAGGAGCGTT-1"
-4.2727982377671,-3.56831479022892,"CTGCGGAAGTGGCACA-1"
-0.783375081982494,10.2533605103692,"CTGCGGACAAACTGTC-1"
-2.51937359329689,-0.168704151610456,"CTGCGGACAATCACAC-1"
-1.68601971622932,0.135460675259509,"CTGCGGACACACGCTG-1"
7.9461217546798,1.75520896961299,"CTGCGGACACAGACTT-1"
0.56814390662682,1.93618345310298,"CTGCGGACACTTGGAT-1"
-1.33849805351722,-1.72021198223027,"CTGCGGACAGCCTATA-1"
-4.35469025131691,3.08920311977474,"CTGCGGACAGGGTTAG-1"
-1.36713883038986,-1.03498220394047,"CTGCGGACAGTAGAGC-1"
-3.76913875099647,-1.82430601070317,"CTGCGGACAGTATAAG-1"
-4.53537648674476,2.50553011943904,"CTGCGGACATACGCTA-1"
-0.92136329170692,0.822588205834307,"CTGCGGACATAGAAAC-1"
-1.70618504044044,1.56257915546504,"CTGCGGACATAGGATA-1"
-5.10349362846839,-0.901945113638959,"CTGCGGACATGCAACT-1"
8.36192852500451,1.6000574832162,"CTGCGGACATGCGCAC-1"
-1.5239573096894,0.989821255703845,"CTGCGGAGTCAGCTAT-1"
10.7197423601485,-0.0700222844878056,"CTGCGGAGTGCTCTTC-1"
-0.208414730992198,-1.54807901332768,"CTGCGGAGTGTGCCTG-1"
-2.66553395744789,-4.33391261051091,"CTGCGGAGTGTGCGTC-1"
1.65880066398156,1.29020971109478,"CTGCGGAGTTACTGAC-1"
-3.40914147850502,1.42845761825649,"CTGCGGAGTTAGATGA-1"
-4.16435020920265,-1.8739380831519,"CTGCGGAGTTATGTGC-1"
0.287423672709584,2.05611395885555,"CTGCGGAGTTGAACTC-1"
0.525688829455495,2.48073840190975,"CTGCGGAGTTTAAGCC-1"
-0.90716556217897,0.412771910925784,"CTGCGGATCAAGCCTA-1"
8.80862576011193,0.1954787229499,"CTGCGGATCATGTCTT-1"
-0.83282923456657,-1.88614773700627,"CTGCGGATCCGTACAA-1"
-3.23528879639137,-0.646988272170148,"CTGCGGATCGGAATCT-1"
-4.58990376945961,-4.02554440448674,"CTGCGGATCGGATGTT-1"
-5.26226609703529,0.0351298456391476,"CTGCGGATCGTGGTCG-1"
-4.55410021301735,-1.72045373866948,"CTGCGGATCTCGAGTA-1"
9.49900204185021,2.21449804355709,"CTGCGGATCTCTGAGA-1"
-5.90681832787025,-0.245933532218061,"CTGCTGTAGACCGGAT-1"
10.7439752245284,-0.117882549265943,"CTGCTGTAGCACAGGT-1"
-0.486156461205364,-1.52613079498204,"CTGCTGTAGCGATCCC-1"
-2.05843835827339,2.75240778972713,"CTGCTGTAGCGCTTAT-1"
-3.31965344902504,-2.33501887271794,"CTGCTGTAGGAACTGC-1"
-5.15241616722572,-3.10076808879765,"CTGCTGTAGGGCTTGA-1"
11.225165905986,0.0587320928773067,"CTGCTGTAGTCATGCT-1"
10.5033765459396,2.13311708023159,"CTGCTGTAGTGTCCCG-1"
12.06957298759,-0.299602448443494,"CTGCTGTAGTTTAGGA-1"
-0.650861976113201,10.5835940842828,"CTGCTGTCAACGATCT-1"
7.7734332704879,1.43071353485195,"CTGCTGTCAAGCCGTC-1"
-3.65479463097084,-0.430818080405317,"CTGCTGTCACCAGATT-1"
-1.36078086253631,-1.41639482925328,"CTGCTGTCACCTCGTT-1"
-3.89489120003212,-1.67703771541508,"CTGCTGTCAGACACTT-1"
11.4962535524703,0.258518279095568,"CTGCTGTCATCCGCGA-1"
0.354057254824757,0.0664038067063473,"CTGCTGTGTAAAGGAG-1"
8.85190445426476,0.740655929346957,"CTGCTGTGTGAAATCA-1"
1.83042747024071,1.95830678989498,"CTGCTGTGTGCGGTAA-1"
-5.6184968328141,1.52806770851222,"CTGCTGTGTTAAGGGC-1"
-2.72386270519722,3.02273607303707,"CTGCTGTGTTAAGTAG-1"
-2.74931710716712,-3.26951193759831,"CTGCTGTGTTACAGAA-1"
-2.63107925411689,-0.0950979585448124,"CTGCTGTGTTCTCATT-1"
-1.09578580912578,4.08657836963741,"CTGCTGTTCACAGGCC-1"
1.96883899215233,-0.418957471350751,"CTGCTGTTCAGCGATT-1"
0.917426409754872,-2.25671219776066,"CTGCTGTTCAGGATCT-1"
-2.42567044254768,3.18562364627925,"CTGCTGTTCCACTGGG-1"
-5.28030436989296,1.86550629188625,"CTGCTGTTCCTATGTT-1"
-4.18482154366005,-2.69734930942448,"CTGCTGTTCTTCGGTC-1"
1.79705554488671,-1.0004029269019,"CTGCTGTTCTTGTCAT-1"
-5.72112744804847,1.540867090722,"CTGCTGTTCTTTACGT-1"
-1.21291281041133,0.394068322641232,"CTGGTCTAGAAGGCCT-1"
1.90039235595238,-1.04489183376225,"CTGGTCTAGATGAGAG-1"
-0.986842081327021,2.29154193451015,"CTGGTCTAGCAATCTC-1"
-5.92631333824623,-0.193748831252179,"CTGGTCTAGCGAAGGG-1"
8.43131214622033,-0.0790278906622746,"CTGGTCTAGGACAGAA-1"
-2.08380347248542,-2.42788028667363,"CTGGTCTAGGCATGTG-1"
1.18573600295556,-0.424954950312696,"CTGGTCTAGGTCGGAT-1"
-1.16308860239017,-1.12604165027531,"CTGGTCTAGGTGTGGT-1"
-3.10681074615943,-3.55102229068669,"CTGGTCTAGTACGACG-1"
-4.61178654190528,-3.63197731922062,"CTGGTCTAGTCGTTTG-1"
0.14069622996819,0.133669406672396,"CTGGTCTCACGGCCAT-1"
-3.18078177925575,3.70509576847164,"CTGGTCTCAGCGTTCG-1"
-4.80599778648841,1.18988961031047,"CTGGTCTCATCACAAC-1"
-2.11807626244056,-0.265316187838636,"CTGGTCTCATGCTGGC-1"
-4.78256672379005,-2.73896670291813,"CTGGTCTCATTAGGCT-1"
-2.51241415497291,-0.589303194979749,"CTGGTCTGTATTAGCC-1"
1.14900118354332,-1.2591315502921,"CTGGTCTGTGAAAGAG-1"
-4.68328946587074,-1.58155870387944,"CTGGTCTGTTAAAGAC-1"
8.32962662223351,-0.140364527205548,"CTGGTCTTCAACACAC-1"
-2.58133810516822,-3.95849585483464,"CTGGTCTTCCAATGGT-1"
-3.21265738960731,-0.785586595038495,"CTGGTCTTCCTCCTAG-1"
0.115028443369984,0.473999783893504,"CTGGTCTTCCTTCAAT-1"
-1.02187576275694,-1.59322071025761,"CTGGTCTTCGCCAAAT-1"
8.40432411674035,1.20675909568874,"CTGGTCTTCGTGACAT-1"
-3.85133641716468,-2.53506302783879,"CTGGTCTTCTCAACTT-1"
9.81896645072472,-1.32079136321934,"CTGGTCTTCTGGCGAC-1"
-2.21886020657051,0.901012719174304,"CTGGTCTTCTTAGAGC-1"
-3.25070589539039,-2.20172667453679,"CTGGTCTTCTTATCTG-1"
-1.97378253694999,0.78671741535274,"CTGGTCTTCTTTCCTC-1"
-2.71572106834877,0.24357953717319,"CTGTGCTAGAGCTATA-1"
-5.2180570935868,-2.97418951938542,"CTGTGCTAGAGGTAGA-1"
-1.9198974942826,2.31571507503597,"CTGTGCTAGAGTACAT-1"
-2.90231913086402,-3.1346004004279,"CTGTGCTAGATGTAAC-1"
-4.96568792816627,-0.189175843695722,"CTGTGCTAGCTATGCT-1"
2.35366302970421,0.667679578562655,"CTGTGCTAGGAGTTGC-1"
-3.67567890640724,-2.17625307987126,"CTGTGCTAGGATATAC-1"
-3.1800407743119,-3.76886582324894,"CTGTGCTAGTAAGTAC-1"
-5.07701533791053,-0.44296574542912,"CTGTGCTAGTCATCCA-1"
-2.72519320007789,-1.14576148937138,"CTGTGCTAGTGTTGAA-1"
-4.58109324928749,-0.940621494750104,"CTGTGCTCAATAGCAA-1"
-3.16468423363197,3.11463475277034,"CTGTGCTCACCAGATT-1"
-3.18983334061134,-1.52176988075169,"CTGTGCTCAGGGTTAG-1"
-4.55939906593788,-0.329291223982892,"CTGTGCTCAGTATAAG-1"
9.63861900809777,1.08835697223751,"CTGTGCTCATCCGGGT-1"
9.83207088950646,0.7184748654565,"CTGTGCTGTAGATTAG-1"
-0.911332582499862,0.67984947611896,"CTGTGCTGTATCACCA-1"
-5.24716228004921,1.63380503704158,"CTGTGCTGTATCAGTC-1"
-2.11100905891883,1.77256584217159,"CTGTGCTTCACGATGT-1"
-4.26661985870826,-3.03844499538334,"CTGTGCTTCAGCGACC-1"
7.89998394492638,1.53023660232631,"CTGTGCTTCCATGAGT-1"
-4.76390450951088,-3.24514794299992,"CTGTGCTTCCGTCATC-1"
-2.57572179790962,4.88790488292781,"CTGTGCTTCGAACGGA-1"
-0.43878626581657,-1.44534289787205,"CTGTGCTTCGAGAACG-1"
1.10785180572045,0.421687622120061,"CTGTGCTTCTAACGGT-1"
-0.540319917168498,-0.668971418837629,"CTGTGCTTCTCTTATG-1"
-1.39204528686035,2.27315235187618,"CTGTGCTTCTGAGTGT-1"
-0.939876181449771,1.65390300800411,"CTGTGCTTCTGCCAGG-1"
-0.869810511734367,1.18655949880687,"CTGTGCTTCTTGGGTA-1"
-3.46011036392677,-1.04886269519719,"CTGTTTAAGACTGTAA-1"
-3.66919606682289,-1.69366598079594,"CTGTTTAAGATGCCAG-1"
-2.49336498733985,4.59202885677425,"CTGTTTAAGCCTCGTG-1"
8.26776367667687,-0.148725091914258,"CTGTTTAAGCGTGTCC-1"
-2.68465536591041,4.54497885753719,"CTGTTTAAGGACAGAA-1"
1.41311246398461,1.97369325210659,"CTGTTTAAGGCATGTG-1"
-3.6271843289994,-3.32549548099431,"CTGTTTAAGTACGCGA-1"
8.80167538169396,3.96805644085018,"CTGTTTAAGTATGACA-1"
1.51537019256127,0.71907049467174,"CTGTTTAAGTCGCCGT-1"
-5.47953504082191,-1.42570829341801,"CTGTTTAAGTGGACGT-1"
10.1070056581832,2.47434711505977,"CTGTTTAAGTTAGCGG-1"
-4.46303003784645,0.56448803891746,"CTGTTTACAAGGTGTG-1"
-3.41547173019874,-3.59883141467961,"CTGTTTACAATCCAAC-1"
1.85762840751183,-0.0431439275542118,"CTGTTTACACTCGACG-1"
-0.00304400679099592,0.212054595848002,"CTGTTTACAGAAGCAC-1"
-2.35921209808815,-0.663568853835187,"CTGTTTACAGACTCGC-1"
-1.02873961013186,0.745352507134356,"CTGTTTACAGATCGGA-1"
-1.8478937124871,3.76674604465572,"CTGTTTACAGTTCATG-1"
1.80495792869103,-0.163932442168317,"CTGTTTACATGATCCA-1"
-2.51123910900581,3.74324536373226,"CTGTTTAGTACCGTTA-1"
-2.88482409473884,-3.93810677478703,"CTGTTTAGTATCGCAT-1"
-1.64567982908714,0.0287383203705929,"CTGTTTAGTATGGTTC-1"
10.4709640169479,-0.148685633639417,"CTGTTTAGTCTGATTG-1"
-1.16517057773101,-0.155651926497541,"CTGTTTAGTGGACGAT-1"
-1.59189146515358,1.09577709486095,"CTGTTTAGTGGTTTCA-1"
-3.6881248330735,0.923753500481524,"CTGTTTAGTGTTTGTG-1"
2.0869384432174,0.313289493819155,"CTGTTTAGTTATGCGT-1"
-4.01317018028724,-1.11658513496312,"CTGTTTAGTTCCACTC-1"
-1.69476222750175,2.31067419101802,"CTGTTTAGTTTCGCTC-1"
10.5118375444747,0.505260706444659,"CTGTTTATCAACCATG-1"
11.1759648943282,-0.837957620123944,"CTGTTTATCCATGAGT-1"
8.30870777610314,-0.705664753417096,"CTGTTTATCCATTCTA-1"
0.602953019175648,0.788097769518771,"CTGTTTATCCCATTTA-1"
11.4527011537887,-0.171014368037305,"CTGTTTATCCTCGCAT-1"
1.82692653182518,0.266596317788043,"CTGTTTATCCTGCTTG-1"
10.2441440248824,1.12625193645565,"CTGTTTATCGTGGTCG-1"
11.3658261919357,1.37451386501399,"CTGTTTATCTTCATGT-1"
-1.06094515826929,0.941091657181659,"CTTAACTAGAAACCGC-1"
10.4932885790206,-0.656099199751935,"CTTAACTAGGCAGGTT-1"
9.39460522178185,0.331419043739714,"CTTAACTAGTACGTTC-1"
-1.08746661749113,-2.82015275905522,"CTTAACTAGTGGTAAT-1"
11.3369727754928,0.772621810933032,"CTTAACTAGTTCGATC-1"
-3.34746712204444,4.21636462261287,"CTTAACTAGTTTCCTT-1"
1.98684054854882,0.701015234490313,"CTTAACTCACATTTCT-1"
-0.924319719340682,10.2097623353204,"CTTAACTCAGACAGGT-1"
9.87812668326867,2.41741108944026,"CTTAACTCAGCCTTGG-1"
0.651197853121876,-0.861445903281293,"CTTAACTCAGCGTTCG-1"
0.462502303156972,-0.678034781912885,"CTTAACTCATCAGTCA-1"
-3.90675967689979,-0.858343958357892,"CTTAACTCATCTATGG-1"
9.91000420096886,0.481073514123835,"CTTAACTCATCTCCCA-1"
-5.78123563286293,1.82213330318538,"CTTAACTGTAGCGTCC-1"
-3.03332084175575,-2.36871910045537,"CTTAACTGTAGCTAAA-1"
0.00201648715507952,11.5511262421807,"CTTAACTGTCCAACTA-1"
11.164224209819,0.420427246516027,"CTTAACTGTCTAAACC-1"
-3.55476277824867,0.956561804314532,"CTTAACTGTCTAGAGG-1"
-2.74481767174232,-1.34347677181157,"CTTAACTGTGCACTTA-1"
-3.3655306672715,-4.16803383777531,"CTTAACTGTGCTCTTC-1"
-1.91707187649238,2.61390018512813,"CTTAACTGTGGTGTAG-1"
-2.57403748985755,1.37687438776103,"CTTAACTGTGTTAAGA-1"
-2.56437307354438,1.5311493878564,"CTTAACTGTTTGGCGC-1"
10.8553987169601,0.274279669423976,"CTTAACTTCAACTCTT-1"
1.29736644271386,-1.28327822635563,"CTTAACTTCACCGTAA-1"
9.69591194633019,0.375676695754208,"CTTAACTTCAGCCTAA-1"
-2.13382333275306,-0.784500479201398,"CTTAACTTCATCGGAT-1"
1.0869532251693,-2.24154448459538,"CTTAACTTCCAAACTG-1"
10.6851745272018,1.51578474094478,"CTTAACTTCGGAAATA-1"
-4.43045586105812,-4.13921141574772,"CTTACCGAGAGATGAG-1"
8.42257553580773,-0.476715623835645,"CTTACCGAGCGAAGGG-1"
-1.69383090492713,2.26827311565486,"CTTACCGAGGTCATCT-1"
9.51353603843224,1.12923860599605,"CTTACCGAGGTGATAT-1"
-3.34184807297218,-4.13756155918034,"CTTACCGAGTAGGCCA-1"
-3.40529912468421,4.4819185738763,"CTTACCGAGTCCGTAT-1"
-1.24045821782577,-1.06436252544316,"CTTACCGAGTGGCACA-1"
-1.3979068672322,-1.1950469012061,"CTTACCGCACCACCAG-1"
-5.17678683754432,-0.0227960045138218,"CTTACCGCATACCATG-1"
-1.24233636018264,-1.29365014980229,"CTTACCGCATCCCACT-1"
-0.937723854001642,-0.530264138678632,"CTTACCGCATCCCATC-1"
-4.22019260879982,1.7161430125436,"CTTACCGCATGGATGG-1"
0.165469708476185,11.830951452752,"CTTACCGCATGTTGAC-1"
-2.38795143124092,-3.7507269377509,"CTTACCGCATTAGGCT-1"
-3.2569143151902,-4.45918822238835,"CTTACCGGTAAGCACG-1"
2.06738382819664,0.15537437846271,"CTTACCGGTACACCGC-1"
2.17154866698754,0.374008123328366,"CTTACCGGTACCATCA-1"
9.10783630851281,0.69327184607593,"CTTACCGGTAGCGTCC-1"
-1.7286332821511,-1.24617481182011,"CTTACCGGTATAATGG-1"
0.422339382205128,-0.0274699325362064,"CTTACCGGTCCGACGT-1"
-4.79544085022438,-2.44512128780278,"CTTACCGGTCCTCTTG-1"
10.6049428606368,1.18989104082195,"CTTACCGGTCTAGTGT-1"
-3.63950127121437,-3.20014810512455,"CTTACCGGTGGTTTCA-1"
-4.21577280518043,0.816416264077105,"CTTACCGGTTGTGGCC-1"
-0.512964603867412,-2.09494447658452,"CTTACCGTCAGTTGAC-1"
-3.08869474884498,-3.80184721897038,"CTTACCGTCCATGAAC-1"
-2.4000890826844,-0.566009520987592,"CTTACCGTCCCTAACC-1"
-2.66102641579139,-1.13219237277897,"CTTACCGTCCGATATG-1"
-5.38703769203651,0.357050680120864,"CTTACCGTCGAATGCT-1"
0.783346476588368,1.86778795768825,"CTTACCGTCTCGATGA-1"
-0.974728231694579,1.88400602390377,"CTTAGGAAGAGGTTAT-1"
-2.96584361549842,1.20844751646129,"CTTAGGAAGAGGTTGC-1"
-1.60554265734184,3.78579902698604,"CTTAGGAAGGCATTGG-1"
-2.16044300552833,1.22772115518657,"CTTAGGAAGTCAAGGC-1"
1.35960752013695,-1.16659903476628,"CTTAGGACAAAGTGCG-1"
-0.970182360526204,2.37883472492305,"CTTAGGACACCGAAAG-1"
9.85954338553917,2.18063890983669,"CTTAGGACAGCCTGTG-1"
10.1999259615279,1.35455644180385,"CTTAGGAGTACAGTTC-1"
2.31985169890892,0.950074613591113,"CTTAGGAGTAGTGAAT-1"
-1.59526544567573,-0.106366872290693,"CTTAGGAGTGCGATAG-1"
-2.54625278469551,-0.627523540953717,"CTTAGGAGTTCAGACT-1"
10.0226426744796,-0.122696935633741,"CTTAGGATCAATCACG-1"
0.404367747340321,-2.39403915355595,"CTTAGGATCGCAAACT-1"
-3.28647178169715,-3.11772322605046,"CTTAGGATCGGAGGTA-1"
-3.52006166931617,-0.791060924033246,"CTTAGGATCGTCACGG-1"
1.72110373023522,2.27903449585048,"CTTCTCTAGAAACGCC-1"
-5.57516568657386,0.245382860799708,"CTTCTCTAGAGTACAT-1"
-1.45153808351982,0.0683279042443417,"CTTCTCTAGCTGTCTA-1"
-2.37253707405555,0.13625252296535,"CTTCTCTAGGGAGTAA-1"
-4.87386387344825,0.837071806689181,"CTTCTCTAGTGGTAGC-1"
-2.05992775913703,-4.2552788252631,"CTTCTCTCACAAGCCC-1"
-2.0165304517411,3.68080258419124,"CTTCTCTCACGAGAGT-1"
2.62392765525353,1.20922786047069,"CTTCTCTCAGATCTGT-1"
-5.8028230046891,0.0430201893052242,"CTTCTCTCATCCGCGA-1"
1.15006953719628,-1.83517622898015,"CTTCTCTCATTCCTCG-1"
1.20641714576256,-1.63534808109196,"CTTCTCTGTAGTAGTA-1"
0.373300852809071,-1.47867393443974,"CTTCTCTGTCTCGTTC-1"
-5.08512681480873,0.528875306745448,"CTTCTCTGTTAAGAAC-1"
-5.08695739265907,-2.88319802234562,"CTTCTCTTCACCTTAT-1"
1.45592481139672,1.29667472889034,"CTTCTCTTCGAATCCA-1"
-4.69133466240394,-0.515581190089307,"CTTCTCTTCGCGTAGC-1"
-2.456273374524,4.77962374736873,"CTTCTCTTCTAAGCCA-1"
8.98739868644249,1.2725914125642,"CTTCTCTTCTGCTGCT-1"
-2.87722128387916,-3.60440707157048,"CTTCTCTTCTTGAGAC-1"
-3.78497284409034,-4.28684449146184,"CTTGGCTAGAACTGTA-1"
-0.111181137528301,-1.36749863574894,"CTTGGCTAGAAGATTC-1"
-1.30796977635849,0.37078492020575,"CTTGGCTAGATCACGG-1"
1.57996684554589,0.707231998940387,"CTTGGCTAGATCCCGC-1"
-4.75835007187355,-0.503395080069623,"CTTGGCTAGATCCTGT-1"
-2.77622574326026,-3.0641167158881,"CTTGGCTAGCCCTAAT-1"
-1.91197621580589,-0.126638650397382,"CTTGGCTAGTCGAGTG-1"
10.3969312334396,1.60689795066921,"CTTGGCTAGTGAAGAG-1"
-2.62181073185432,-4.03949427554997,"CTTGGCTCAACAACCT-1"
0.540554466281056,-2.23967480609807,"CTTGGCTCAAGCCGTC-1"
-3.06251543518531,3.84022307445613,"CTTGGCTCAATAACGA-1"
-1.61377668138969,1.44131374408809,"CTTGGCTCAATCAGAA-1"
9.66220528129113,-0.0559290940562107,"CTTGGCTCACAAGACG-1"
0.972782554659962,-2.04126357982548,"CTTGGCTCACGAAATA-1"
-1.32459863778579,0.219770297904887,"CTTGGCTCAGAGTGTG-1"
-1.61504709478843,-0.313131868342481,"CTTGGCTCAGCTGTTA-1"
-1.89787649866569,-0.200416922072492,"CTTGGCTCAGTATGCT-1"
-1.67839652058113,-4.04627442310246,"CTTGGCTCAGTCCTTC-1"
-1.67102932688224,2.25935971786586,"CTTGGCTGTACATGTC-1"
1.54068213943017,2.00376379539577,"CTTGGCTGTAGCTAAA-1"
1.5641694689132,1.21929645588008,"CTTGGCTGTCATTAGC-1"
-0.936548726078153,-1.48889648864659,"CTTGGCTGTCGGCACT-1"
0.111664357218861,2.31416022827236,"CTTGGCTGTGGTCCGT-1"
-4.78153079506385,-1.49084711025151,"CTTGGCTGTGTAATGA-1"
-5.02185719963539,0.113570899268069,"CTTGGCTGTGTGTGCC-1"
-1.95259195324409,-4.10476231525334,"CTTGGCTGTTACGACT-1"
1.55234557631981,-0.983031272391401,"CTTGGCTGTTCCTCCA-1"
10.3699308061935,-0.0349417025843479,"CTTGGCTTCAATAAGG-1"
-2.29108947273719,-2.50371956775578,"CTTGGCTTCATCTGCC-1"
0.507361474070668,-1.3243786091605,"CTTGGCTTCATGTCTT-1"
-3.24723332878578,-2.85936236331852,"CTTGGCTTCGCCTGAG-1"
-3.19345348831642,-3.90557980487736,"CTTGGCTTCGCGCCAA-1"
-3.11351173874366,3.23613119175045,"CTTGGCTTCTCGATGA-1"
2.39026910308373,0.897417724629321,"CTTGGCTTCTCGGACG-1"
-4.32311671730506,-1.54328167388829,"CTTTGCGAGACTAAGT-1"
-2.04399674889076,-3.63431048343571,"CTTTGCGAGCTAGTCT-1"
-0.6015875017308,11.5128743653497,"CTTTGCGAGGCGTACA-1"
-2.53564291950691,2.10100305130092,"CTTTGCGAGGCTACGA-1"
-1.5711757516526,-2.02467632244023,"CTTTGCGAGTTTAGGA-1"
-3.87986391540992,-1.48870718429478,"CTTTGCGCAAGGGTCA-1"
-3.59728187080848,3.65216612865535,"CTTTGCGCAAGTCTGT-1"
-2.83855300899971,1.41953599502651,"CTTTGCGCACCAGGTC-1"
-3.2242085313462,4.77937531520931,"CTTTGCGCACCGATAT-1"
-2.40523355957496,-1.71054840038212,"CTTTGCGCAGGAATCG-1"
-5.50140326973426,1.90071916629879,"CTTTGCGCATGCCTTC-1"
-3.83781546112525,-2.77068591068181,"CTTTGCGGTAAACACA-1"
9.71142536643517,1.3751504426202,"CTTTGCGGTGCCTGGT-1"
1.72643310073388,-0.714670657614789,"CTTTGCGGTGTGGCTC-1"
1.68959456923974,1.03616488029567,"CTTTGCGGTTTAAGCC-1"
-1.57147001978385,-0.358224391440473,"CTTTGCGTCACCGTAA-1"
-4.1944450711869,-2.55744433353337,"CTTTGCGTCAGGTTCA-1"
-0.844928277101398,-3.41348695705327,"CTTTGCGTCCTGTACC-1"
-1.39973950144279,1.86342239429561,"CTTTGCGTCGTTGCCT-1"
-0.323651013340831,2.68435311367122,"CTTTGCGTCTTCAACT-1"
-1.91692769285667,2.75039649059383,"GAAACTCAGAGCTTCT-1"
-2.86544221397865,-4.33704924533757,"GAAACTCAGATAGCAT-1"
3.80419594291222,-4.69434285114201,"GAAACTCAGCCAGTAG-1"
-1.60922664162147,-0.52590453575047,"GAAACTCAGGCGACAT-1"
0.361721458468556,-0.510598837832532,"GAAACTCAGGCTCATT-1"
0.647413077387929,-1.93230271289738,"GAAACTCAGTACCGGA-1"
-1.63123905416954,-1.76598167369755,"GAAACTCAGTAGGTGC-1"
1.25612527373803,0.278412819405474,"GAAACTCAGTGCAAGC-1"
-5.5824860906266,0.113941967984118,"GAAACTCCAAGGTTTC-1"
-2.67509835716712,-4.44115948627385,"GAAACTCCAATGCCAT-1"
-1.72302388903129,1.09434926559535,"GAAACTCCACAGGCCT-1"
10.6145721102096,1.25729352285472,"GAAACTCCACATCTTT-1"
11.096726956401,-0.0705131287375309,"GAAACTCCACCGAAAG-1"
-0.455122051205516,-2.64402222583684,"GAAACTCCACCTTGTC-1"
8.39373833182824,1.44276976635066,"GAAACTCCAGCCACCA-1"
0.0196232223845717,-2.74586868236455,"GAAACTCCAGGTCTCG-1"
-3.12306850906837,2.85761475612728,"GAAACTCGTACCGTTA-1"
9.64220100883019,0.946696758767047,"GAAACTCGTCTAGCGC-1"
-2.10503214355934,3.00726842929927,"GAAACTCGTGACAAAT-1"
-1.40499436613548,-3.19711375186833,"GAAACTCGTGCATCTA-1"
-1.09499877449501,-0.574131249884687,"GAAACTCGTGTCAATC-1"
-2.78865271564949,2.272512078782,"GAAACTCTCAGTTGAC-1"
-1.88145375010002,-0.308824836711011,"GAAACTCTCGATAGAA-1"
-0.611563352312923,0.693562895556369,"GAAACTCTCGGCTTGG-1"
-0.684888420071483,-1.8087034220496,"GAAACTCTCGTCCAGG-1"
-4.79745095726478,-2.62100243518742,"GAAACTCTCTGCGACG-1"
-3.95696848389137,-3.62883496234807,"GAAACTCTCTGGCGAC-1"
-2.64008491989601,3.72787261058895,"GAAACTCTCTTATCTG-1"
-2.21825939175117,-0.344447314242444,"GAAATGAAGAACTGTA-1"
12.187469067607,0.246240646143832,"GAAATGAAGACTTGAA-1"
-1.04227737095583,-0.904164313773236,"GAAATGAAGATAGTCA-1"
-2.20202606674659,3.76070499469844,"GAAATGAAGCACACAG-1"
-4.2452308511399,-2.61520409534367,"GAAATGAAGCCACGCT-1"
-4.1357337808274,3.52641439487545,"GAAATGAAGCCGATTT-1"
1.38970762732995,-1.25622177074345,"GAAATGAAGGACACCA-1"
-2.68544226643074,1.82983565380184,"GAAATGAAGGAGCGAG-1"
-2.29485565182197,-1.54995369861516,"GAAATGAAGGCGATAC-1"
1.00481170657647,-1.73911523769291,"GAAATGAAGGCTCAGA-1"
-1.36379176136482,3.84770870258419,"GAAATGAAGTCATCCA-1"
0.456580343279957,-1.27692770908268,"GAAATGAAGTGAACGC-1"
-1.02086813133585,9.92779994060604,"GAAATGAAGTGCGTGA-1"
-3.73783343788612,-2.79041790912541,"GAAATGAAGTGGTAGC-1"
0.690008344683766,0.192798272272029,"GAAATGACAAGTCATC-1"
0.553348245654225,-1.82943916271122,"GAAATGACACGCGAAA-1"
1.59354716781151,1.26007694055644,"GAAATGACACGGCCAT-1"
-4.8952929353379,1.36193037082759,"GAAATGACACTGTGTA-1"
9.12080532554162,0.65784823944179,"GAAATGACATCATCCC-1"
-0.843689975705028,1.59226775219051,"GAAATGAGTCCTCCAT-1"
-3.61207598206031,-3.80545735309514,"GAAATGAGTCTAGCGC-1"
-3.64692467209327,-1.99201679180058,"GAAATGAGTGCAGACA-1"
-4.94323819633949,-1.60588955829533,"GAAATGAGTGGAAAGA-1"
-1.07252806928384,0.950443625946917,"GAAATGAGTGGTCCGT-1"
-2.12568503376472,4.15392661144344,"GAAATGATCAAACCGT-1"
11.1780372286178,0.522869475682654,"GAAATGATCAAGAAGT-1"
-3.86111396309364,0.349276133378424,"GAAATGATCACTTCAT-1"
-2.94423812386024,0.241765633722224,"GAAATGATCCTTCAAT-1"
11.3289247179366,0.25543795575706,"GAAATGATCGTCACGG-1"
0.457636060748219,-1.02260899494084,"GAAATGATCTACTCAT-1"
-3.68883961197364,-0.354270934561811,"GAAATGATCTGAGGGA-1"
-0.488699374165416,-2.62227630565556,"GAAATGATCTGTCTAT-1"
-5.3672007894181,1.88795268585292,"GAACATCAGAACAACT-1"
-2.66461962219703,4.6980412011346,"GAACATCAGAGTAATC-1"
10.250987591777,-0.541133462885938,"GAACATCAGCAGGCTA-1"
-0.172259447541118,0.88548091103641,"GAACATCAGCTACCTA-1"
9.2810359621383,3.26660323192684,"GAACATCAGCTGTCTA-1"
-0.0645621394776109,-2.38797545383366,"GAACATCAGGAGTACC-1"
-3.43451422211158,1.43042719413845,"GAACATCAGGATATAC-1"
9.87421566489708,-0.0148825044432499,"GAACATCAGGCCGAAT-1"
-1.30796605106819,-1.74161004970463,"GAACATCAGTGAACGC-1"
-3.3867844915055,-1.19474816272648,"GAACATCAGTGCGTGA-1"
-4.04191320892799,-4.22064328143986,"GAACATCAGTTCGCGC-1"
-3.43276208397377,-3.83863711307438,"GAACATCCAAACGCGA-1"
-4.20867460724342,1.54292655040828,"GAACATCCAAAGTCAA-1"
-3.03270977493751,3.71329331447689,"GAACATCCAATGAAAC-1"
-2.85290843006599,-3.29791068981083,"GAACATCCACCAGCAC-1"
-1.56435709949958,-3.19081807086857,"GAACATCCACTCAGGC-1"
1.21049934867394,1.1396728162965,"GAACATCCACTCGACG-1"
-2.3960857963227,3.35040879299251,"GAACATCCACTTAAGC-1"
0.0352048302031752,-1.74038314769658,"GAACATCCAGTAAGAT-1"
-2.47065847870338,-2.08437204311284,"GAACATCCATGCATGT-1"
1.49046880248558,-1.35172283599766,"GAACATCCATTATCTC-1"
1.66895348075402,1.74667978336421,"GAACATCGTAGGGTAC-1"
0.295942726168751,-1.84445095012578,"GAACATCGTCGCGTGT-1"
-3.35350030418861,-4.38708996723088,"GAACATCGTCTAGTGT-1"
-3.07318490501869,-0.582517623404584,"GAACATCGTGCCTGGT-1"
9.95436626914513,1.71777200748531,"GAACATCGTGCCTTGG-1"
0.244606199298024,-2.23048901508244,"GAACATCTCAGAGACG-1"
-1.08807102349031,1.5319297318658,"GAACATCTCGATAGAA-1"
-2.60147958752143,2.07331883956996,"GAACATCTCTTGCAAG-1"
-3.34463304039466,-2.60608100841435,"GAACCTAAGAAACCTA-1"
-0.642239091362834,-1.40810453842076,"GAACCTAAGACCTTTG-1"
-5.23682254311073,1.98589229633419,"GAACCTAAGAGCCTAG-1"
-0.108097491230846,-2.2483117575446,"GAACCTAAGCGTGTCC-1"
-5.15524476524818,1.53355526973812,"GAACCTAAGGCATGGT-1"
-1.37411802765358,-3.33767890880497,"GAACCTAAGGCTCAGA-1"
-2.70243841167915,3.31758785297481,"GAACCTAAGTCACGCC-1"
-4.87886303421485,1.19616210510341,"GAACCTACAACTGGCC-1"
3.71201807502282,-4.64181590030583,"GAACCTACAATCGGTT-1"
0.411051335368275,-1.8454318041602,"GAACCTACACGCTTTC-1"
-1.73657923695076,-2.96390891025456,"GAACCTACATCACCCT-1"
-4.85581868645179,-2.74415993640812,"GAACCTACATCTACGA-1"
2.66033250335228,0.562146053214946,"GAACCTAGTAATTGGA-1"
-2.2913266992234,-1.47517824123295,"GAACCTAGTACCATCA-1"
1.02140122893822,-1.75693607280644,"GAACCTAGTCTTGATG-1"
-0.270618913140178,-1.16908931682499,"GAACCTAGTGCAACGA-1"
-2.17024188992012,0.979181051751056,"GAACCTAGTGTAACGG-1"
-3.33112877365577,-3.8764650816718,"GAACCTAGTTCGTGAT-1"
-0.86745539065826,10.2118203644952,"GAACCTATCACATGCA-1"
1.34470397475731,1.11182856609432,"GAACCTATCCGAACGC-1"
-3.4038128232621,-0.156439661482892,"GAACCTATCTACCAGA-1"
10.0208736086227,0.963797987004199,"GAACCTATCTGTCTCG-1"
-0.114581642117381,0.657347172995486,"GAACCTATCTTGTACT-1"
-2.74595743175972,-3.83885645816716,"GAACGGAAGAGCCCAA-1"
-3.35130685326087,1.20958703806011,"GAACGGAAGATCACGG-1"
-3.09597724434364,-0.361068069438062,"GAACGGAAGCCAGAAC-1"
-2.10962980743873,-3.08091592739018,"GAACGGAAGGCTATCT-1"
-0.670511034693599,2.92894315769283,"GAACGGAAGGTCGGAT-1"
-1.58147424217689,-2.52605748126896,"GAACGGAAGTAAGTAC-1"
-0.240164217915416,-1.02557659099492,"GAACGGAAGTATTGGA-1"
-3.25812285896766,-4.15143990466984,"GAACGGAAGTGGAGAA-1"
-0.645032790865779,10.173179388543,"GAACGGAAGTTCGCAT-1"
-0.175647911991954,-2.90414929340275,"GAACGGACAAAGCGGT-1"
-2.43199378010261,-3.96249413440617,"GAACGGACAAATTGCC-1"
0.548875274691701,-0.260949253539167,"GAACGGACAAGCGAGT-1"
-0.0874872183464769,2.48596072246639,"GAACGGACAAGTTGTC-1"
-3.49824779983985,-1.31426203201207,"GAACGGACACGAAACG-1"
2.04467374328148,0.529932044943251,"GAACGGACAGGACGTA-1"
-2.74638133999336,3.84081840564815,"GAACGGACAGGTCTCG-1"
-4.43277495857704,-0.679599880675397,"GAACGGACATCGGGTC-1"
-3.91347664352882,3.47103548099605,"GAACGGACATTTCAGG-1"
-0.983153786886514,10.7832810883721,"GAACGGAGTCGAGTTT-1"
-3.89810937401283,-2.50512504527958,"GAACGGAGTCTAGGTT-1"
-3.38313644882667,-3.5765702719489,"GAACGGATCACATGCA-1"
-0.245547947850108,-1.90041351268681,"GAACGGATCAGGCAAG-1"
-1.79776942488182,-1.05806255290898,"GAACGGATCCTCATTA-1"
0.540443005595326,-2.85139083812626,"GAACGGATCGCTAGCG-1"
-4.75915115829933,0.866649300356784,"GAACGGATCGGCATCG-1"
-5.02619832512367,1.76236391117183,"GAACGGATCGTGGTCG-1"
-4.86116307732093,-2.16774892757329,"GAACGGATCTCCCTGA-1"
10.6408563280441,-0.502765774230085,"GAACGGATCTGCGTAA-1"
-3.38629501816261,1.00501269151775,"GAAGCAGAGAACAACT-1"
-2.10793906208503,-4.10370850513371,"GAAGCAGAGACAAGCC-1"
-3.03911202904212,-0.262069701651654,"GAAGCAGAGATATGCA-1"
3.90783459189904,-4.579822778205,"GAAGCAGAGCTGAAAT-1"
-3.91628736015785,0.416756596913018,"GAAGCAGAGTGCCATT-1"
0.374461951289296,-1.23946213672551,"GAAGCAGAGTTACGGG-1"
-3.08200734611976,1.48971700718013,"GAAGCAGCAAACGCGA-1"
-5.44683116432655,0.609253362317958,"GAAGCAGCACAGACAG-1"
-4.63660639282692,-1.26155507514866,"GAAGCAGCACGGACAA-1"
-3.75349443909156,-0.903264164427839,"GAAGCAGCAGGACCCT-1"
-2.97991543766487,3.71947526981441,"GAAGCAGCATTCCTGC-1"
-2.45652872082222,0.797333777447619,"GAAGCAGCATTGGTAC-1"
-3.80031579491127,-0.876340031127057,"GAAGCAGGTACCTACA-1"
-3.46156590935218,0.084249884386935,"GAAGCAGGTAGCGTCC-1"
-0.846293849315524,-2.85216879794987,"GAAGCAGGTCCGAACC-1"
-2.1924657201432,4.04994893123714,"GAAGCAGGTCGAAAGC-1"
-3.00595801826942,1.44252622177211,"GAAGCAGGTCTGCAAT-1"
-0.616586354937435,-3.23854112575444,"GAAGCAGGTGCAACGA-1"
-5.66079991814125,0.433277473350444,"GAAGCAGGTGCGCTTG-1"
-3.44738739487159,0.747912228604235,"GAAGCAGGTGTCCTCT-1"
1.31352287772667,1.16458666374294,"GAAGCAGGTGTCGCTG-1"
1.31783324721825,0.589840904374995,"GAAGCAGGTTCTGAAC-1"
9.84254414084923,1.63365852882472,"GAAGCAGGTTTGTGTG-1"
-2.03816812988746,-0.698555826644025,"GAAGCAGTCAAGAAGT-1"
-4.93005150314796,-1.84889340351017,"GAAGCAGTCATGCTCC-1"
3.69895226005089,-4.53752016971501,"GAAGCAGTCGCAAGCC-1"
0.835153522524953,2.57248640110103,"GAAGCAGTCGTTACGA-1"
1.66542107108605,0.241702750821986,"GAAGCAGTCTGTCTAT-1"
-3.43082064148414,-2.31431961009892,"GAATAAGAGATCGGGT-1"
-3.37142461296546,1.851005554696,"GAATAAGAGGAACTGC-1"
-1.69988423344123,3.73717260410396,"GAATAAGAGTATCGAA-1"
-1.71591657158363,3.07033848812191,"GAATAAGAGTGCCAGA-1"
2.03858310225975,-1.96481633136662,"GAATAAGAGTTACCCA-1"
-3.73047941681373,-2.11202144573124,"GAATAAGCAAGCTGAG-1"
-2.28788536545265,-1.50549745510014,"GAATAAGCAATAGCAA-1"
0.142600121531605,11.766784430047,"GAATAAGCACAGATTC-1"
2.44995147231591,0.200051159163394,"GAATAAGCACGAAATA-1"
-5.18183225151527,-1.53233528087529,"GAATAAGCAGCCTTGG-1"
-3.09627741333473,0.0203250353535793,"GAATAAGCAGCGTCCA-1"
10.5623460436202,1.34254980136959,"GAATAAGCATCTGGTA-1"
-1.49469440933692,-1.20966207931431,"GAATAAGGTACCCAAT-1"
-4.23086565491188,0.34292804499475,"GAATAAGGTCATCCCT-1"
-4.86366027351844,-0.00555738757046242,"GAATAAGGTCTCTCGT-1"
9.86301666739953,-1.17983639190587,"GAATAAGGTCTCTCTG-1"
-3.09731858726966,-2.09602332065495,"GAATAAGGTCTTTCAT-1"
1.77556139472496,1.95385098507015,"GAATAAGGTGCTGTAT-1"
10.8533788347579,0.0156102483472011,"GAATAAGGTGTCCTCT-1"
-1.91014396902549,-0.720829009512983,"GAATAAGGTTGAACTC-1"
10.6358457231857,-0.157204687098584,"GAATAAGGTTGTACAC-1"
2.13094312194359,0.732673883934893,"GAATAAGTCAAGATCC-1"
-2.55504661556709,-4.48760437915715,"GAATAAGTCATAACCG-1"
1.24792772773278,-1.94500398586186,"GAATAAGTCATCGATG-1"
11.4363256121017,0.0226274435719631,"GAATAAGTCCCAACGG-1"
-6.01864856239784,-0.286528408030591,"GAATAAGTCCCGACTT-1"
9.71753841880333,0.473293610413947,"GAATAAGTCGATCCCT-1"
-1.19839121159542,0.59759755482284,"GAATAAGTCGCCGTGA-1"
7.89098602775109,1.47670614769069,"GAATAAGTCTCTGAGA-1"
8.28082424644005,1.61770653774349,"GAATAAGTCTGGTATG-1"
10.1491342211105,1.07144516756145,"GAATAAGTCTTACCGC-1"
-0.0119695043228868,1.47392284919826,"GAATGAAAGAATGTGT-1"
1.20783263686669,0.191445038219371,"GAATGAAAGACATAAC-1"
-1.58009958025444,-0.772328733901105,"GAATGAAAGAGGTTAT-1"
-4.25844782349098,-2.40712499568852,"GAATGAAAGATGCGAC-1"
-1.66589295622337,0.554755896826663,"GAATGAAAGCAATATG-1"
2.46553308013451,1.63005220939723,"GAATGAAAGCCTATGT-1"
9.78631550315392,0.262250632544436,"GAATGAAAGCGTAATA-1"
-3.52995532509315,-1.50673770854863,"GAATGAAAGCTCCTTC-1"
-2.13289230820167,3.19358182003108,"GAATGAAAGTATCTCG-1"
-2.36860912796485,-1.73824691722783,"GAATGAAAGTGTGGCA-1"
-2.37098568436134,3.70938277294246,"GAATGAAAGTTTAGGA-1"
-0.056791541542888,-2.68367075870427,"GAATGAACAATCCGAT-1"
9.98237568381798,1.98489439537136,"GAATGAACAGACAAGC-1"
0.00225842240822283,-2.08101701686772,"GAATGAACATCCAACA-1"
1.80386454108727,1.85761535217372,"GAATGAAGTCCGTCAG-1"
9.95089203361046,-1.35142970035466,"GAATGAAGTCTGGAGA-1"
-3.27665132042396,-1.31578421543034,"GAATGAAGTGCAGTAG-1"
0.804003419909596,1.07203263094036,"GAATGAAGTTAGAACA-1"
-2.46336883064735,-4.08838295886906,"GAATGAAGTTAGTGGG-1"
-1.73238378521431,-1.58216285655888,"GAATGAAGTTGGTTTG-1"
-2.73378628250587,-1.08621883342656,"GAATGAATCATTATCC-1"
-4.40225070473182,-2.59312772701176,"GAATGAATCCTTGACC-1"
-3.91266482826698,-0.160894035796247,"GAATGAATCTGATTCT-1"
11.3766189241744,0.270415485402026,"GAATGAATCTGCTGTC-1"
-2.51518064495552,-3.30734610507878,"GAATGAATCTTCATGT-1"
-3.72918885704505,3.04653525402156,"GACACGCAGACAATAC-1"
-2.86757570263374,-1.34335124442967,"GACACGCAGAGTGACC-1"
2.36913901809227,0.172789127131381,"GACACGCAGCCATCGC-1"
-3.07563823219764,-0.477443932990155,"GACACGCAGCTGCGAA-1"
2.09920197967064,-0.0261830682555058,"GACACGCAGGACTGGT-1"
-5.67169230934608,-2.16024351070317,"GACACGCAGGCTAGGT-1"
-4.42514556404579,-2.65170669505986,"GACACGCCAAAGTCAA-1"
-2.60010808464515,4.82129406978694,"GACACGCCAAGTACCT-1"
-0.795969573225856,9.95857310344783,"GACACGCCAATAAGCA-1"
-0.0128091549538377,-1.32101213882359,"GACACGCCACCATGTA-1"
-3.61916130539405,3.65165257503597,"GACACGCCAGCTGCAC-1"
2.59339863303673,0.182991445561328,"GACACGCCAGGATCGA-1"
9.0170970583297,-0.361541270712934,"GACACGCCAGGGTATG-1"
-5.73773139473426,0.132689297696032,"GACACGCCATCACGAT-1"
-2.64000266548622,0.336514011522212,"GACACGCCATGAGCGA-1"
-1.26554372664917,2.57759285022823,"GACACGCCATGGTCAT-1"
-3.55285709854591,-2.86601161907109,"GACACGCGTAAGCACG-1"
-3.23815053459632,-0.544575452307782,"GACACGCGTAGCCTAT-1"
9.81830173972619,-1.65109872768315,"GACACGCGTATAAACG-1"
-0.789652494158626,0.292118035753646,"GACACGCGTATATCCG-1"
-3.10968726631629,-2.94275784442814,"GACACGCGTATCACCA-1"
3.83276039603722,-4.57019734332951,"GACACGCGTCGAATCT-1"
-4.46528738495338,-3.12468028018864,"GACACGCGTCGCATCG-1"
-1.76680683847892,-1.01494157264622,"GACACGCGTGCAGGTA-1"
-2.011617956128,0.5857564811906,"GACACGCTCAGGCAAG-1"
-4.41250842567909,-3.86231780002507,"GACACGCTCATTTGGG-1"
-1.0121971270107,-2.64433789203557,"GACACGCTCCCGACTT-1"
0.416785302195668,0.841325223942675,"GACACGCTCCTATTCA-1"
-3.14213269707191,-3.8460786337653,"GACACGCTCGAGCCCA-1"
-3.07665270325172,-3.65670609424504,"GACACGCTCGCAGGCT-1"
-5.55701678749549,-1.12856483409794,"GACACGCTCGGACAAG-1"
-3.48273342606056,1.47986197521297,"GACACGCTCGGGAGTA-1"
-2.67330378052223,-0.645070671538434,"GACACGCTCGGTTAAC-1"
-1.9316362118386,2.5038638119897,"GACAGAGAGACCGGAT-1"
9.66742187980187,2.12911438991634,"GACAGAGAGATGTAAC-1"
0.311451735530018,11.9712169175347,"GACAGAGAGCAACGGT-1"
-3.94197338577735,-3.24655532787236,"GACAGAGAGCACCGCT-1"
-2.0833405828141,1.03015595724193,"GACAGAGAGCCCTAAT-1"
2.36854511741173,0.732245117922702,"GACAGAGAGGCTACGA-1"
-0.941371889229894,9.82560324718563,"GACAGAGAGGGTTCCC-1"
-2.33009439465034,-2.06515073726567,"GACAGAGAGTACGACG-1"
9.98769718650353,0.300574586292186,"GACAGAGAGTTGAGTA-1"
-5.20617240425575,-0.911895513037763,"GACAGAGCAAACTGTC-1"
-0.843061027493358,-2.56420898387822,"GACAGAGCAAGGTGTG-1"
10.916228833232,-0.360868155459485,"GACAGAGCACACAGAG-1"
-5.53823035713661,2.19930934955684,"GACAGAGCACACCGCA-1"
1.00392502788079,0.884393573304095,"GACAGAGCACAGGCCT-1"
-3.5776774263047,-0.104137956599317,"GACAGAGCACATTAGC-1"
-2.52532166000831,-1.45079350421818,"GACAGAGCACGAAACG-1"
-3.61080163475502,-2.52781176517399,"GACAGAGCACGACGAA-1"
-2.45214789864051,0.0570977633198879,"GACAGAGCACGGACAA-1"
0.516990366015553,-1.44330882976445,"GACAGAGCACTGTGTA-1"
-2.33509319778907,1.55650281955806,"GACAGAGCAGCGTTCG-1"
-4.09703081604469,2.52961993267147,"GACAGAGCATACAGCT-1"
-2.38394480701911,-3.11568546245488,"GACAGAGCATGCCACG-1"
-1.81825256105888,1.11196190168468,"GACAGAGCATTTCACT-1"
-3.18751758095253,-1.32064902732762,"GACAGAGGTAGCGCTC-1"
-0.853799832429767,1.07378190805522,"GACAGAGGTGATGATA-1"
-3.62681096550453,0.731620282431521,"GACAGAGGTGCAGGTA-1"
-2.2049875831269,-2.73304676959904,"GACAGAGTCACAAACC-1"
-2.34600347038734,-3.2456352705756,"GACAGAGTCAGAGGTG-1"
-2.29665356632698,-3.75291705081852,"GACAGAGTCAGCTCGG-1"
3.68095785621178,-4.46436381290349,"GACAGAGTCATTGCCC-1"
-2.91233211513984,-1.39228939960392,"GACAGAGTCGCTAGCG-1"
-3.08655375000465,2.82462430049983,"GACAGAGTCTATGTGG-1"
-2.19495564457405,2.69996786167232,"GACAGAGTCTTGGGTA-1"
-1.96717589851844,-1.83470940540226,"GACCAATAGAGAACAG-1"
-4.71147840973365,0.0471801464757107,"GACCAATAGCTCCTCT-1"
-1.38124081250656,-2.70108580539616,"GACCAATAGGACAGAA-1"
-2.19621294495094,-3.50420284221562,"GACCAATAGTCCGTAT-1"
-5.26563542839515,2.31850779106227,"GACCAATAGTGAACAT-1"
-5.0231427526139,-0.762276052931867,"GACCAATCACATGGGA-1"
-4.49363893028724,-2.16195321033391,"GACCAATCAGCTATTG-1"
2.29940158370507,1.10288727333156,"GACCAATCAGGGCATA-1"
-5.42743915077674,-2.09638619373234,"GACCAATCAGTAAGAT-1"
-1.66379761454093,-3.06687951038273,"GACCAATGTATCACCA-1"
2.12254148963463,0.183143511911311,"GACCAATGTCCTGCTT-1"
-2.79459732529151,3.76358938266841,"GACCAATGTGACTACT-1"
-4.73216694351661,-3.57706904361638,"GACCAATGTTGGTTTG-1"
2.11211544517052,1.04178214122859,"GACCAATGTTTAGGAA-1"
-2.26390498634803,-0.894687890509687,"GACCAATTCAGCACAT-1"
-4.38462704178321,-2.4257061476508,"GACCAATTCAGTGCAT-1"
-3.95372169968116,-1.00578641841801,"GACCAATTCCCTTGCA-1"
-2.11400240417945,1.02713102151958,"GACCAATTCCGTACAA-1"
-2.49889880177009,-0.399161695937238,"GACCAATTCGGTCTAA-1"
-2.09491997715461,0.929144859810748,"GACCAATTCTCTGTCG-1"
-3.12871283051002,0.498058408995547,"GACCAATTCTTCATGT-1"
-2.30140632149208,0.638974845906176,"GACCTGGAGACAAAGG-1"
9.50151115897667,-0.225703656176648,"GACCTGGAGACACGAC-1"
-1.83433669563758,-4.22019123981389,"GACCTGGAGCCACCTG-1"
-4.38941424843299,-2.16806149433049,"GACCTGGAGCCTTGAT-1"
1.1230290556289,1.0391256218156,"GACCTGGAGCTGAAAT-1"
-4.8826181268357,-0.380043446520887,"GACCTGGAGCTGCAAG-1"
-3.35573357101905,-2.0774817461768,"GACCTGGAGTCACGCC-1"
-1.72138869520652,-1.40432226608189,"GACCTGGAGTTTCCTT-1"
0.763281645808339,2.14634764244167,"GACCTGGCAAAGCGGT-1"
7.85199123862755,1.57618737270442,"GACCTGGCAACACCTA-1"
-5.10239070412147,1.80292201091854,"GACCTGGCAAGAAGAG-1"
-3.19132297989357,0.209535018106379,"GACCTGGCAATGAAAC-1"
-3.31004374977577,0.519380517800727,"GACCTGGCAATGGAGC-1"
-2.76718240734565,-3.70360445926579,"GACCTGGCACCTATCC-1"
8.23533684257042,1.67762208034603,"GACCTGGCATGGTCTA-1"
4.00654465201867,-4.88588452289494,"GACCTGGCATGTCCTC-1"
9.85579830649865,-1.12601315925511,"GACCTGGCATTGGTAC-1"
-0.830442694392085,1.65159916927425,"GACCTGGGTACACCGC-1"
-2.92022353168952,4.87592864086238,"GACCTGGGTAGAAGGA-1"
9.83789307120812,-0.76973998496922,"GACCTGGGTAGCACGA-1"
-1.36211606618392,1.14007955839244,"GACCTGGGTAGCTCCG-1"
-2.52703398224342,-0.518799662093244,"GACCTGGGTGTGAATA-1"
-4.8326606130265,1.38450521280376,"GACCTGGTCAACTCTT-1"
-4.56788033005226,-0.138962387541852,"GACCTGGTCACGCATA-1"
-4.85040396210182,-1.30964529464634,"GACCTGGTCAGTCCCT-1"
1.68485075477135,0.662246555586734,"GACCTGGTCAGTTAGC-1"
-4.59812468048561,-2.84563898990544,"GACCTGGTCATGTCTT-1"
8.85155922416222,-0.658803581694684,"GACCTGGTCCAACCAA-1"
-3.24443596359718,2.10931873371212,"GACCTGGTCCGCAGTG-1"
-2.19905787464607,4.48263239910213,"GACCTGGTCGGAGCAA-1"
-1.04920560624826,2.150814772149,"GACCTGGTCTGCTTGC-1"
-2.23027854916084,-0.699546336630902,"GACGCGTAGAAACCGC-1"
-3.83177035805213,0.225766912599482,"GACGCGTAGAAGGTGA-1"
7.82615620139611,1.68621707012264,"GACGCGTAGACACTAA-1"
-4.09771460052955,-2.17976427028569,"GACGCGTAGACATAAC-1"
8.45820957664025,-0.271853386859021,"GACGCGTAGCGCCTCA-1"
-4.20866602417457,-3.92107224414738,"GACGCGTAGCTGGAAC-1"
-3.25598591324317,-3.97319388339909,"GACGCGTAGTCGATAA-1"
0.656921687159657,0.68475499798862,"GACGCGTAGTCTCAAC-1"
11.1945014620162,-0.587062775591932,"GACGCGTAGTGACTCT-1"
-0.710188356604457,-1.83862757633122,"GACGCGTCAAGAGTCG-1"
-3.47140449043739,-2.8064262862006,"GACGCGTCAGCTGGCT-1"
9.14261967185509,3.32497811367122,"GACGCGTCAGGCTCAC-1"
10.0694747591354,0.55620797028152,"GACGCGTCATCCCATC-1"
-1.07703947779167,1.30256408502666,"GACGCGTCATGAGCGA-1"
-4.4220308637284,2.48816728641597,"GACGCGTCATGCAATC-1"
-2.17694586273658,-1.79103159854802,"GACGCGTCATTCCTGC-1"
1.93236047271264,0.0974361007413052,"GACGCGTGTAAGTGGC-1"
-1.58516829964149,1.69349861194698,"GACGCGTGTCTCGTTC-1"
-1.64686643835533,2.06749057819454,"GACGCGTGTGCATCTA-1"
-4.65835064407814,1.73012423564998,"GACGCGTGTGGTAACG-1"
-5.0277027463578,0.567435220380702,"GACGCGTGTTCAGGCC-1"
-1.30790868159759,-2.40000843952092,"GACGCGTGTTCATGGT-1"
9.56285339835656,0.442890622218528,"GACGCGTGTTGCGCAC-1"
-5.03039210793006,2.11038053085414,"GACGCGTTCACAGGCC-1"
-2.3788545703553,-1.88273191402348,"GACGCGTTCAGTTCGA-1"
-0.159183917012096,11.2548348908624,"GACGCGTTCATCGGAT-1"
-2.02246111389625,3.62787318279354,"GACGCGTTCCAGTATG-1"
-0.979509800117493,1.22377830793468,"GACGCGTTCGGCCGAT-1"
-2.42571991440284,-4.19321274707707,"GACGCGTTCGTAGGAG-1"
-1.38329696413505,2.18269991924373,"GACGCGTTCTATCCTA-1"
9.29703575614464,-0.133794903258405,"GACGCGTTCTCGCTTG-1"
-1.44621374961364,1.8461329941949,"GACGGCTAGAAACGAG-1"
-3.20560639854896,1.40972220947353,"GACGGCTAGAAAGTGG-1"
-4.62837809082496,1.25834357788173,"GACGGCTAGAACAATC-1"
-3.70027059074867,-2.52395272205266,"GACGGCTAGAGACTAT-1"
10.1351419115402,0.554983422656932,"GACGGCTAGCCCAGCT-1"
-2.00156742092598,-3.67853522251042,"GACGGCTAGCTCCTTC-1"
-0.0202854847573045,11.4508330826959,"GACGGCTAGGATGGAA-1"
9.91376358512414,-1.02509856174382,"GACGGCTAGGATTCGG-1"
-0.0938601469658616,-1.9350633616248,"GACGGCTAGTCTCAAC-1"
1.31973511222374,1.10266238500682,"GACGGCTAGTTTAGGA-1"
-0.0289984321259263,-1.94933295200261,"GACGGCTCAACACCCG-1"
-5.65114539619911,-1.77097678134831,"GACGGCTCAATGACCT-1"
-0.957446654703498,-0.572398185233197,"GACGGCTCAATGTAAG-1"
-1.11586153265464,-0.502694010237775,"GACGGCTCACAAGTAA-1"
-5.15203469749916,-0.170242666701398,"GACGGCTCACGACTCG-1"
-0.323832092251659,1.14368379165737,"GACGGCTCACGTCTCT-1"
-2.69322412964332,0.277971759935298,"GACGGCTCAGCTGTAT-1"
-4.76354616638649,0.866470873852649,"GACGGCTCAGTTCATG-1"
-2.009988841977,-0.357215165595136,"GACGGCTGTCAGGACA-1"
-0.398645577397228,-3.13277721355351,"GACGGCTGTCCAGTTA-1"
-1.27118408438194,0.264902815719523,"GACGGCTGTGAAAGAG-1"
3.83165794852746,-4.6584827894965,"GACGGCTGTTGTCGCG-1"
-4.1677002286576,1.67745876361934,"GACGGCTTCACCGGGT-1"
1.62092691901696,1.67379844238368,"GACGGCTTCAGAAATG-1"
1.67045909408104,1.69417405178157,"GACGGCTTCAGTGTTG-1"
1.53602868560326,-1.05166029880436,"GACGGCTTCCCAAGTA-1"
-2.87029880043495,0.702291727562823,"GACGGCTTCCCTTGCA-1"
9.7275987291671,-1.07338213870915,"GACGGCTTCGTTTGCC-1"
0.0197138214446303,0.713417977591433,"GACGGCTTCTCAAACG-1"
-2.70085483547676,-4.45633673618229,"GACGGCTTCTGGGCCA-1"
-3.41360634323585,1.64686858703701,"GACGGCTTCTTCAACT-1"
-3.3019353723191,2.02446246196834,"GACGTGCAGAAACCGC-1"
-1.30624928828704,1.39682805587856,"GACGTGCAGAAACGAG-1"
8.01691776755822,1.58281040241329,"GACGTGCAGACTAGAT-1"
-1.999894676175,-3.72568011234196,"GACGTGCAGAGCTGCA-1"
-2.80388039108741,-1.98891186664494,"GACGTGCAGATCACGG-1"
-1.52257793900001,-3.69847845981511,"GACGTGCAGATGCCAG-1"
1.3760796213485,-0.0698482389250614,"GACGTGCAGCGTTCCG-1"
-4.75979178902137,-3.30441927860173,"GACGTGCAGCTATGCT-1"
-2.20606738087165,1.14511293222515,"GACGTGCAGGCCCTTG-1"
-2.26070731636512,-0.516554831961713,"GACGTGCAGGCGTACA-1"
-3.90250771996009,-0.24342459390553,"GACGTGCAGTAGATGT-1"
0.928976240191579,0.256762058039584,"GACGTGCAGTAGGTGC-1"
-1.47651144620407,-3.57807660053166,"GACGTGCAGTTGTAGA-1"
-3.96944349762428,3.49572420169918,"GACGTGCCAAGCTGAG-1"
9.95226341727746,-1.03959083507451,"GACGTGCCACGAAATA-1"
-2.0165064906739,2.8141300683221,"GACGTGCCAGGAATCG-1"
0.323659482035756,0.3117370833954,"GACGTGCCATCCAACA-1"
-3.11620491501319,-4.4398343558112,"GACGTGCCATGAAGTA-1"
3.83583313468468,-4.58553004215153,"GACGTGCCATGCAACT-1"
9.78627068046105,-0.882033586005292,"GACGTGCGTAAGTGTA-1"
8.28560883048546,0.149506271382251,"GACGTGCGTAGCGCTC-1"
-1.29267072435844,2.57421541263668,"GACGTGCGTCCTCCAT-1"
-5.6687144612931,2.02330541660396,"GACGTGCGTCGAACAG-1"
-0.597992626395107,10.3693826203546,"GACGTGCGTTCGCGAC-1"
-3.14794224258888,1.75319147159664,"GACGTGCGTTTGACAC-1"
-0.735756722655177,1.1456114058694,"GACGTGCTCACTCTTA-1"
-0.470276472535014,-1.23257565448674,"GACGTGCTCCACTGGG-1"
1.89750439170372,1.14027136613933,"GACGTGCTCCTAGTGA-1"
-2.40499895569313,-1.28587591598424,"GACGTGCTCCTTTCGG-1"
-1.60724359508979,1.17261207153408,"GACGTGCTCGCAAGCC-1"
-1.9751663183831,4.45128321697322,"GACGTGCTCTTGCATT-1"
-3.57726114746559,-0.975175141791425,"GACGTTAAGAAGGCCT-1"
8.69136959556115,-0.952126025656781,"GACGTTAAGAAGGGTA-1"
-1.88898098227012,-3.99747872302922,"GACGTTAAGCCTCGTG-1"
-1.07665495332706,2.49476027538387,"GACGTTAAGCGAAGGG-1"
0.726544799838185,-1.39425373027714,"GACGTTAAGTGTACCT-1"
2.17409903052819,0.53197726657001,"GACGTTAAGTTCGCGC-1"
-3.02615898605812,-0.484106361369214,"GACGTTACAATAGAGT-1"
0.237092080149769,-2.58886432598027,"GACGTTACACAAGTAA-1"
10.7997241640426,1.86022436668483,"GACGTTACACCAGGTC-1"
-3.74253362175453,0.182884976764598,"GACGTTACAGATGGGT-1"
-0.311033306088329,10.901583433648,"GACGTTACAGGTCCAC-1"
-5.48568862434852,1.86819064666835,"GACGTTACATAAGACA-1"
10.1413798952438,1.16812521268932,"GACGTTACATGGTTGT-1"
-3.66770237442482,-3.55978846500309,"GACGTTAGTAGCCTAT-1"
-3.05700582024086,1.40932905723659,"GACGTTAGTATGCTTG-1"
0.197219314608693,-0.790362357596479,"GACGTTAGTCATCCCT-1"
3.70705086234581,-4.54976057956608,"GACGTTAGTCCAGTTA-1"
-3.06116360184181,2.45888328601924,"GACGTTAGTCCGAAGA-1"
-1.97719770428169,2.73777174999324,"GACGTTAGTCGATTGT-1"
-2.08599740025032,2.82437539150325,"GACGTTAGTCTAAACC-1"
-3.54976862427223,4.18665480663387,"GACGTTAGTCTTGTCC-1"
-2.86281233784187,-4.3136513228217,"GACGTTAGTGACAAAT-1"
2.14651185515892,0.572237611313739,"GACGTTAGTGTGACCC-1"
10.2480178499557,-0.251624941329084,"GACGTTAGTTAAAGAC-1"
-2.53800874706733,0.721507877608218,"GACGTTAGTTGGTGGA-1"
1.40400415900719,0.551710069676318,"GACGTTAGTTGTGGAG-1"
-5.173114714589,0.618492752810397,"GACGTTATCACTATTC-1"
-1.28285741564262,0.278460026284137,"GACGTTATCCCAGGTG-1"
-2.91752904411781,-1.37817072818669,"GACGTTATCTACTATC-1"
-3.28946774956214,-1.15666818569096,"GACGTTATCTCCCTGA-1"
-2.71319013592231,-3.26139712284001,"GACGTTATCTTGTCAT-1"
-2.95927113052833,1.05912685443965,"GACTAACAGACAATAC-1"
-5.75315230843055,1.69512653400508,"GACTAACAGACTGTAA-1"
1.1879840517379,1.92602276851741,"GACTAACAGCACAGGT-1"
-1.80587267633903,-0.972643851737104,"GACTAACAGCCATCGC-1"
-2.82298379894722,-0.80836725185307,"GACTAACAGCCGCCTA-1"
-2.35752230640876,-0.522633254031263,"GACTAACAGTAGCCGA-1"
-1.91021257397163,-3.86857390354069,"GACTAACCAAAGTGCG-1"
-3.69417947288978,-2.2013740534583,"GACTAACCAAGTCTAC-1"
-0.378398356404186,-2.43732213924321,"GACTAACCACCATGTA-1"
9.94969517234337,-0.153329133490644,"GACTAACCACCGAAAG-1"
-0.718902168240428,11.3465211396417,"GACTAACCAGGCAGTA-1"
-2.62905567642677,-1.26558053443821,"GACTAACCATGCCTTC-1"
-1.84063291307914,0.973475039502063,"GACTAACGTAAGAGAG-1"
8.41645771506798,1.49393796970455,"GACTAACGTACATGTC-1"
-4.09813254829872,-4.10704207370671,"GACTAACGTTCGCGAC-1"
-1.30527624246109,2.55972456981746,"GACTAACGTTGGTGGA-1"
10.8922773027755,1.89869689991085,"GACTAACTCAATACCG-1"
-4.45546382423866,-2.61934399555119,"GACTAACTCACATGCA-1"
9.50775200370324,0.580086783071437,"GACTAACTCATCGATG-1"
10.0149884844161,1.92564332534877,"GACTAACTCATGGTCA-1"
-0.695794758763194,1.7756996159753,"GACTAACTCGCAAACT-1"
-1.13579270001876,-1.26475775192174,"GACTAACTCGGAGCAA-1"
-4.65730613228309,-1.92614889095219,"GACTACAAGAGGGATA-1"
-0.167270359959483,11.7145154481134,"GACTACAAGATCCTGT-1"
-2.52966338154304,-0.925646423796735,"GACTACAAGATCTGCT-1"
-5.53183930870521,-0.0221223528185703,"GACTACAAGCGTAGTG-1"
-1.26441296693313,-3.21025371501835,"GACTACAAGTGTCTCA-1"
1.66493827346337,-1.0988622898856,"GACTACACAAAGGCGT-1"
-2.28147977348793,-1.09433817813786,"GACTACACAAGGTGTG-1"
2.35052901748192,1.07212394525615,"GACTACACACATAACC-1"
-1.73105013128746,3.17360830356685,"GACTACACAGGGTTAG-1"
-2.90952449795234,1.9357737307748,"GACTACACAGTGGAGT-1"
3.63741547111046,-4.73454689929875,"GACTACAGTACTCAAC-1"
1.57848912719262,1.01131254484264,"GACTACAGTCAGCTAT-1"
-0.859291804399371,-3.2061598295966,"GACTACAGTCTCCCTA-1"
9.66616970542443,-0.0790428812304356,"GACTACAGTCTTCTCG-1"
-0.458903012242198,0.710290432473101,"GACTACAGTTCAGGCC-1"
-4.16341584679115,-3.06776261279973,"GACTACAGTTCGCGAC-1"
-2.00495880600441,-1.03237354705723,"GACTACAGTTGGTGGA-1"
-3.47361963745582,-0.921095251540265,"GACTACATCAATCACG-1"
-1.42439526077735,-3.07706260631474,"GACTACATCACGAAGG-1"
-2.28261488434303,0.676115274926104,"GACTACATCAGTGCAT-1"
-3.52371018883216,1.9705477957925,"GACTACATCATGGTCA-1"
-4.87039702888954,1.671930671235,"GACTACATCCGATATG-1"
0.714484753642201,-1.11242377708348,"GACTACATCCTTTACA-1"
2.00748735908043,0.446223840614238,"GACTACATCGCGCCAA-1"
0.808036389384389,0.0186699335774563,"GACTACATCGGCTACG-1"
2.49100572112572,1.23473811199275,"GACTACATCGTTTAGG-1"
-1.80649697538841,-1.7838273043433,"GACTACATCTAAGCCA-1"
7.83512169364464,1.32751166870204,"GACTACATCTCTTATG-1"
-2.07173925396431,3.67608475734798,"GACTACATCTGCTTGC-1"
11.2645049715377,0.785879135628619,"GACTGCGAGACCCACC-1"
-3.30409401413429,0.0161321466168545,"GACTGCGAGAGTGAGA-1"
-3.87090223785865,1.51933121730892,"GACTGCGAGCAAATCA-1"
-3.69924324509132,-1.30975568244847,"GACTGCGAGCTAGGCA-1"
-5.14286654945839,0.110689878960528,"GACTGCGAGGTGCTTT-1"
-2.60810953136909,3.75508046199886,"GACTGCGAGTGCAAGC-1"
-3.69832294937599,-1.58115076969059,"GACTGCGCACACTGCG-1"
-2.23170524593818,3.29319357921688,"GACTGCGCACCACCAG-1"
-5.67851060387123,2.00138771583644,"GACTGCGCACCCATTC-1"
10.3375144625045,-0.785160898665509,"GACTGCGCACTATCTT-1"
-3.08844178673255,3.42459321071712,"GACTGCGCACTGTGTA-1"
-0.689021555151821,2.57205820133296,"GACTGCGCAGATCGGA-1"
2.14690238479149,1.37602430631725,"GACTGCGCAGCTGTGC-1"
-1.45891055222976,-2.56554269740971,"GACTGCGCAGGTCGTC-1"
-0.222666559185863,11.1008079056939,"GACTGCGCAGGTTTCA-1"
10.0533767366744,0.762690991660037,"GACTGCGCAGTATGCT-1"
-0.365641949143291,-1.37246465633305,"GACTGCGCATCCGGGT-1"
9.64749008658898,1.11815446664897,"GACTGCGCATCGACGC-1"
-1.57314228769767,1.82899785091487,"GACTGCGGTACGCTGC-1"
-2.25230091568458,-4.37085747669133,"GACTGCGGTAGAGTGC-1"
0.367995920214772,0.114384353657641,"GACTGCGGTAGCCTCG-1"
-3.52330082413185,-0.203403710822187,"GACTGCGGTAGGCTGA-1"
9.11443287375939,0.923507333298602,"GACTGCGGTAGTGAAT-1"
-3.40143602844703,4.41020560314266,"GACTGCGGTCATCCCT-1"
-3.73846715446937,-2.91499829242619,"GACTGCGGTCCGTTAA-1"
-2.60395794865119,-1.72975087116154,"GACTGCGGTCGGGTCT-1"
-2.79625087734687,-0.021430342892728,"GACTGCGGTGCGCTTG-1"
-2.27669912334907,2.67356133510677,"GACTGCGGTGCGGTAA-1"
-0.443589148487926,0.948697448273577,"GACTGCGGTGTAACGG-1"
-1.45788913723457,2.66615152408687,"GACTGCGGTTACGGAG-1"
-0.48208141085136,-1.77158713291081,"GACTGCGGTTCATGGT-1"
-5.77132028099525,1.84678828765956,"GACTGCGGTTGTACAC-1"
-1.68537997957695,4.39165973713008,"GACTGCGTCAAAGACA-1"
-3.3248526429795,-4.4025332922736,"GACTGCGTCCAATGGT-1"
-1.30215543266761,0.42453442563621,"GACTGCGTCCTCAACC-1"
-1.97163522001731,2.39614033748714,"GACTGCGTCCTCATTA-1"
1.72796207908165,0.925523281594195,"GACTGCGTCGCCATAA-1"
1.29678565505517,0.587184206148066,"GACTGCGTCTAACTTC-1"
-0.977080069858611,-2.01333475063237,"GACTGCGTCTTGTTTG-1"
0.589224281344533,-0.629582404593549,"GAGCAGAAGATGTGTA-1"
-3.36173528191078,3.42422080089656,"GAGCAGAAGCATCATC-1"
-3.45418685432899,2.19135439445583,"GAGCAGAAGCCCAGCT-1"
-1.63671821114051,4.07614255001155,"GAGCAGAAGCTACCTA-1"
-4.44831961151588,-2.60690331409367,"GAGCAGAAGGCCGAAT-1"
9.6486306810714,-0.0543785388270237,"GAGCAGAAGGGTATCG-1"
-1.97232085224617,-1.1685758824149,"GAGCAGAAGTATCTCG-1"
-1.85248481985557,-2.4954140181342,"GAGCAGACAAGCCCAC-1"
2.39524203780663,1.08883720686046,"GAGCAGACAAGGTTCT-1"
-1.54795413967598,2.83707451870052,"GAGCAGACAATGGACG-1"
-0.44926833864677,2.78999924709407,"GAGCAGACATTGCGGC-1"
10.3944535875655,-2.11817932079228,"GAGCAGAGTACCGTTA-1"
-1.85756253954399,-0.688628077010236,"GAGCAGAGTAGAAGGA-1"
-5.21110862251747,0.519509420295634,"GAGCAGAGTAGCTTGT-1"
-1.17993251737583,-3.72308134982976,"GAGCAGAGTCTTGCGG-1"
10.3639960909225,1.08235299636928,"GAGCAGAGTGTAAGTA-1"
-2.18965178486335,-0.312846183280072,"GAGCAGAGTTATGTGC-1"
-3.4140221452378,3.65450835277645,"GAGCAGAGTTTGCATG-1"
-1.5264871096276,-3.73099541614445,"GAGCAGATCAGCAACT-1"
0.845860900912404,1.22509443809597,"GAGCAGATCAGTGTTG-1"
-3.18895739075172,2.17715549518672,"GAGCAGATCCAGTAGT-1"
-2.73409110065925,3.38901996662227,"GAGCAGATCGCGTTTC-1"
-0.583744940724254,10.2350213532647,"GAGCAGATCTGTGCAA-1"
-3.62652867790687,3.2879009251794,"GAGCAGATCTTTAGTC-1"
-3.1068567609452,-0.0908096725741245,"GAGGTGAAGATGTGGC-1"
8.87632328513634,-0.689941882590375,"GAGGTGAAGATTACCC-1"
-1.984274206128,3.42645883609859,"GAGGTGAAGCCGATTT-1"
-0.921149758067012,-1.28053986976536,"GAGGTGAAGGCTCTTA-1"
-4.10395306107032,0.422968067725577,"GAGGTGAAGTGGAGAA-1"
-3.01437705513465,-4.1442382330695,"GAGGTGACAAGGGTCA-1"
9.6954475069381,0.818362147112765,"GAGGTGACACAAGTAA-1"
-3.40406888481605,-0.851823687056623,"GAGGTGACACAGAGGT-1"
-5.89590114113319,-0.0121722216406681,"GAGGTGACATCTCGCT-1"
1.83286601546776,0.432046236967125,"GAGGTGACATGGTCAT-1"
-0.852438432540775,-0.387748658160291,"GAGGTGACATTATCTC-1"
-0.0431361770294908,-1.87865042636784,"GAGGTGAGTAAGAGAG-1"
1.9778657579757,1.0429691677293,"GAGGTGAGTATCAGTC-1"
-1.70219880100715,2.77388548900691,"GAGGTGAGTCATACTG-1"
-2.62799280640113,0.99690800954906,"GAGGTGAGTCTCTCTG-1"
9.32107883933556,-0.6455308193961,"GAGGTGAGTTCACCTC-1"
-4.201754507985,-4.09714150379094,"GAGGTGATCACCAGGC-1"
1.13983184340966,0.350757405658641,"GAGGTGATCATCTGCC-1"
-1.81380498167503,-0.260668515662275,"GAGGTGATCCAAAGTC-1"
-2.95876794811714,-3.85970902393254,"GAGGTGATCCTCGCAT-1"
-5.20543426033485,2.10349953224269,"GAGGTGATCGAGAACG-1"
-4.99114411827552,-1.05469787071141,"GAGGTGATCGGCGCAT-1"
-5.15313094612587,-1.23835945079716,"GAGGTGATCGTCTGCT-1"
-1.90593588110435,-2.24484801242741,"GAGGTGATCTATCCCG-1"
-3.9147033071183,3.13444328357784,"GAGTCCGAGACATAAC-1"
2.26692778113854,1.70133733799068,"GAGTCCGAGACCTAGG-1"
-0.0289640998505357,-0.0127315516272404,"GAGTCCGAGACTGGGT-1"
0.560884299311757,-2.05162167499455,"GAGTCCGAGATATGCA-1"
0.800986709628224,0.75401181032268,"GAGTCCGAGGCTCATT-1"
-1.06369614359367,1.71007227947322,"GAGTCCGCAACCGCCA-1"
1.66594273093712,0.112871259947696,"GAGTCCGCAAGCGAGT-1"
-5.23313230034339,-1.47095262954625,"GAGTCCGCAAGGACAC-1"
2.20402175429833,-0.423821448783002,"GAGTCCGCAATGAAAC-1"
-5.03713363167274,2.4535810952386,"GAGTCCGCACCGTTGG-1"
-4.92112701889503,-3.3669435972968,"GAGTCCGCACGAAGCA-1"
-1.4538082754277,-2.65002322147282,"GAGTCCGCAGACGCCT-1"
1.60299664977562,0.959830165406146,"GAGTCCGCATACCATG-1"
7.85430962089074,1.46587097694484,"GAGTCCGCATCCTTGC-1"
-2.76197427269447,4.56508898784725,"GAGTCCGGTAAAGTCA-1"
-3.14009326454628,-3.30404376933964,"GAGTCCGGTAAGGGAA-1"
-4.67259329315651,-1.00913310001286,"GAGTCCGGTACCATCA-1"
-4.13396638390052,-2.71757221172246,"GAGTCCGGTACCGGCT-1"
-3.22866886612403,-2.86065816829594,"GAGTCCGGTAGTACCT-1"
-1.75263249632347,2.59525895168392,"GAGTCCGGTGTCCTCT-1"
-4.65988152977455,-3.99703240344914,"GAGTCCGGTGTTTGTG-1"
-1.21105484422672,0.86360174467174,"GAGTCCGGTTGCCTCT-1"
10.4171863222457,-0.146275162200055,"GAGTCCGTCAATCTCT-1"
1.95557624343407,1.06932848741619,"GAGTCCGTCACAACGT-1"
10.8270135546066,-0.169084012011609,"GAGTCCGTCACGATGT-1"
-1.09913297500837,9.63532805492488,"GAGTCCGTCATCGCTC-1"
9.74272972587121,0.173907042046466,"GAGTCCGTCGCCAGCA-1"
-0.94438602533567,2.22795712997524,"GAGTCCGTCTCGTATT-1"
-2.09384935852516,-0.710422515372358,"GATCAGTAGACACTAA-1"
1.17183476928246,2.2442579274377,"GATCAGTAGATACACA-1"
11.1111760759689,0.0163397793969295,"GATCAGTAGCACGCCT-1"
-4.22031324860084,-3.814601659278,"GATCAGTAGCAGACTG-1"
-4.41643613335121,0.00449708153811912,"GATCAGTAGCGTAATA-1"
-3.71518033501136,3.8407197003564,"GATCAGTAGGAGTAGA-1"
-1.93301164862144,4.52052140285579,"GATCAGTAGGATGCGT-1"
-2.58450954910743,0.306996547182479,"GATCAGTAGTACGTTC-1"
9.97156769279015,-0.115483462313733,"GATCAGTAGTATGACA-1"
-3.47971576210487,-2.36532092044743,"GATCAGTAGTTAACGA-1"
-0.249830422367931,-2.07208490322026,"GATCAGTCACAGTCGC-1"
-0.917441842522502,2.23479664375392,"GATCAGTCAGCGTCCA-1"
-3.68418019768226,-3.67030692050847,"GATCAGTCATACCATG-1"
0.933559360537648,-0.198727607230268,"GATCAGTCATGATCCA-1"
-1.33457287904251,-0.657127856711469,"GATCAGTCATGCCTAA-1"
-3.53628629204261,-0.581751107672773,"GATCAGTCATTGTGCA-1"
9.33043724540246,-0.26217710922154,"GATCAGTGTACGAAAT-1"
-2.66376954075325,-1.02917873809727,"GATCAGTGTAGCTTGT-1"
-2.20862978455055,-0.954858898619733,"GATCAGTGTATAGTAG-1"
1.41402584556115,1.3371443753442,"GATCAGTGTCAGGACA-1"
0.164304318461537,2.23501753856746,"GATCAGTGTCCGTCAG-1"
-2.56516021248329,3.86167025615779,"GATCAGTGTCTCACCT-1"
-3.74553960319984,0.113084167738833,"GATCAGTGTGGTTTCA-1"
0.502370419535756,-1.19862103412541,"GATCAGTGTTTGTGTG-1"
-1.52962141987312,-0.280188738802991,"GATCAGTTCAATCACG-1"
3.80685764792931,-4.54511046359929,"GATCAGTTCACCACCT-1"
11.1807304048873,0.462427955617585,"GATCAGTTCACTCTTA-1"
-4.14491718765724,1.66173183967678,"GATCAGTTCAGCAACT-1"
8.7316909456588,-0.481620251635633,"GATCAGTTCAGCTCGG-1"
-5.58643048759925,1.65101385166255,"GATCAGTTCCCGACTT-1"
-2.52610999104011,4.557797194024,"GATCAGTTCCGTTGCT-1"
-0.88183622565496,1.7100360398492,"GATCAGTTCTTAGAGC-1"
-0.969227289225936,0.221062481900134,"GATCGATAGAGTCTGG-1"
-3.17272251602638,3.58344578792659,"GATCGATAGCAACGGT-1"
-3.07928102966774,4.739832640191,"GATCGATAGCAATATG-1"
9.53448444846642,1.04353427936641,"GATCGATAGCGATTCT-1"
10.0150094652511,-0.971751927832685,"GATCGATAGCGTGAAC-1"
-3.93665355202186,-0.00404533694180031,"GATCGATAGCTAAGAT-1"
-4.81470912453163,1.19552695800868,"GATCGATAGGAGTACC-1"
10.5162683153487,1.74869608928768,"GATCGATAGGGAAACA-1"
-3.39707392212379,-1.36377024600895,"GATCGATAGTCGTACT-1"
-1.67011826988685,-2.28817391345891,"GATCGATAGTGTGAAT-1"
-2.92202418800819,-2.7679650778571,"GATCGATCAATGAAAC-1"
-1.427758840289,-0.46589636752995,"GATCGATCAATTGCTG-1"
-2.3297001695298,2.96318793346492,"GATCGATCACGAAAGC-1"
-3.86737817284095,0.618849427004733,"GATCGATCAGTCCTTC-1"
-0.656676528420329,-3.00600457141789,"GATCGATCAGTGAGTG-1"
-2.61090987678993,1.05805629541484,"GATCGATCATCGGTTA-1"
-1.51313918587196,-1.02350056121739,"GATCGATGTACGCACC-1"
-0.182109711136699,2.62318539669124,"GATCGATGTACTTCTT-1"
-3.46583121773231,-2.80024003932866,"GATCGATGTATGAAAC-1"
-2.71913820263374,-1.93613982150944,"GATCGATGTCAGAATA-1"
-3.40628975388038,3.06513238002864,"GATCGATGTGATGATA-1"
8.94979149344933,3.73142790844051,"GATCGATGTGGTCCGT-1"
8.42085987571251,-0.169333636263929,"GATCGATGTTTCGCTC-1"
11.0164380693771,0.344664559265055,"GATCGATTCAACCATG-1"
-3.33738916870582,-3.59262275646122,"GATCGATTCCAGTATG-1"
11.6373820925094,0.227266014119067,"GATCGATTCGTGGACC-1"
-5.2527102803849,1.98906981994716,"GATCGATTCTCTGCTG-1"
-0.682243434157253,10.5649774079522,"GATCGATTCTCTTGAT-1"
-1.240098637905,-3.91560769031437,"GATCGATTCTTCAACT-1"
-2.10159688946235,1.1885089283189,"GATCGCGAGACAAGCC-1"
-4.19052141663063,-1.95858001659306,"GATCGCGAGACCCACC-1"
0.310939850840687,1.76660668899623,"GATCGCGAGAGGTTGC-1"
1.74662214759362,0.507765748103537,"GATCGCGAGGTGCTTT-1"
-3.23621815201271,-3.40066409061345,"GATCGCGAGTAGTGCG-1"
10.0153985643722,0.733528465529361,"GATCGCGCAACCGCCA-1"
-4.95478290077674,-3.5699133868018,"GATCGCGCAACGATGG-1"
1.30574923995507,2.64581704189388,"GATCGCGCAATAGCAA-1"
-3.14870351311195,-1.3401451105872,"GATCGCGCACAACTGT-1"
1.44671708587182,-1.00576782176884,"GATCGCGCACGAGGTA-1"
0.0851662779189345,-0.709314822653852,"GATCGCGCAGCTGTTA-1"
-2.28276544567573,-1.72859978626164,"GATCGCGCAGTCAGAG-1"
-3.42849868294227,-4.17911028812321,"GATCGCGCATTAGGCT-1"
0.793802442584157,0.795657814045825,"GATCGCGCATTGCGGC-1"
-0.205585298504711,2.593845606347,"GATCGCGGTCGAATCT-1"
10.4934354448653,1.27670669605342,"GATCGCGGTCTGATCA-1"
-0.367702004876018,-2.70713734577092,"GATCGCGGTTCACCTC-1"
12.0394187593795,0.56597758879272,"GATCGCGGTTCAGACT-1"
-2.69217163082588,-3.6886284346381,"GATCGCGGTTGATTCG-1"
9.704655232463,1.94643080284206,"GATCGCGTCAACGGCC-1"
0.846620383296132,-1.11986160228642,"GATCGCGTCACTATTC-1"
0.481151165995717,0.789554715653338,"GATCGCGTCCAAACTG-1"
-2.44164532181251,-3.63170885990056,"GATCGCGTCTTTAGGG-1"
11.6996198320724,1.96590542842952,"GATCGTAAGAAAGTGG-1"
-2.93921667095649,3.69786405613033,"GATCGTAAGAGCTTCT-1"
-4.85971420761573,-2.36385130832585,"GATCGTAAGAGTACCG-1"
0.434284987483143,0.0962259774407528,"GATCGTAAGATGTGTA-1"
-3.16652267929542,1.13003391077129,"GATCGTAAGCAAATCA-1"
9.22983414176476,1.34614306737987,"GATCGTAAGCATGGCA-1"
0.179117980036854,-2.050530433158,"GATCGTAAGCCACCTG-1"
8.61150032523644,-0.0799223179617741,"GATCGTAAGCGTGAGT-1"
1.47240835670006,0.901762575407901,"GATCGTAAGGATGCGT-1"
1.48886734488976,-0.584953844050489,"GATCGTAAGGGCTTGA-1"
-2.26892477032173,2.92326927234737,"GATCGTAAGTATGACA-1"
8.87438351157677,-1.05197918365391,"GATCGTAAGTCACGCC-1"
-3.43928831573951,-0.999212383727155,"GATCGTAAGTCGAGTG-1"
-2.95395093914497,-0.59178268859776,"GATCGTAAGTTCGCGC-1"
0.690096678767323,2.53691744854061,"GATCGTACAAGTTCTG-1"
-0.829725114073634,-1.20338368366154,"GATCGTACACAAGTAA-1"
-3.26819580551612,4.41917586376277,"GATCGTACACATCCAA-1"
10.146796765361,-1.2729630465308,"GATCGTACACCTCGTT-1"
-5.31940215584266,1.6976784472665,"GATCGTACATGCCTTC-1"
1.38597113135827,1.72049212505428,"GATCGTACATGTAGTC-1"
-4.09249156471717,-1.31694209525975,"GATCGTAGTAAACGCG-1"
-0.345041928257823,-1.45263993690403,"GATCGTAGTACGACCC-1"
-2.71495312210548,-0.585950970152936,"GATCGTAGTCGGGTCT-1"
-2.09737998005378,-3.84802460620793,"GATCGTAGTCTCCACT-1"
0.995734396014332,1.96764135410396,"GATCGTAGTGTTCGAT-1"
-0.816436169113994,-1.9145703310767,"GATCGTAGTTGGACCC-1"
-2.63898366447914,-1.860992907981,"GATCGTAGTTTGACAC-1"
-2.53433710094917,0.126310349007525,"GATCGTAGTTTGCATG-1"
-1.45998573061454,3.00295925190059,"GATCGTATCAAGGTAA-1"
-0.743166563477397,0.0156610911091946,"GATCGTATCACCCTCA-1"
1.80050498488915,1.06052619268505,"GATCGTATCATCTGTT-1"
-1.11441279705989,-0.918260693053327,"GATCGTATCCATTCTA-1"
-1.9950198506974,-0.685828089217267,"GATCGTATCCTGTACC-1"
-0.424865064587474,1.26181310464946,"GATCGTATCGCACTCT-1"
-3.88882606979835,-1.52014803836735,"GATCTAGAGACAAAGG-1"
-2.33452504631507,4.10867643406002,"GATCTAGAGATATGGT-1"
-0.736769375767589,2.97444915821163,"GATCTAGAGCTCAACT-1"
-1.63226502892005,1.15576565315334,"GATCTAGAGGACTGGT-1"
-4.87564056869972,-2.42448258350285,"GATCTAGAGGCCCTTG-1"
0.184527697596669,-2.78373670528325,"GATCTAGAGTCTCAAC-1"
-0.8699175169729,-1.05141758869084,"GATCTAGAGTCTCGGC-1"
-2.88263636585701,3.74258565952388,"GATCTAGCAAACGTGG-1"
10.4276385927535,-0.647496342162214,"GATCTAGCAACTGCTA-1"
8.35428196433556,1.67086458255855,"GATCTAGCACATTAGC-1"
-4.98391479012001,-2.79100036571415,"GATCTAGCACCAACCG-1"
-3.0464069223069,2.97044491817562,"GATCTAGCAGGGTACA-1"
-1.80677807089317,-0.932258605460248,"GATCTAGCATCAGTCA-1"
10.9336639070846,-0.177194356421552,"GATCTAGGTACCGTTA-1"
9.84471756461632,2.12484765102474,"GATCTAGGTAGTAGTA-1"
-2.53101449963081,-0.0319521124163487,"GATCTAGGTATGAATG-1"
1.84321362021935,0.453700054933705,"GATCTAGGTCAATACC-1"
2.71173292640221,1.18208843519298,"GATCTAGGTCGCCATG-1"
9.31645256522667,1.34950488855449,"GATCTAGGTGAGGGAG-1"
-4.04323476311195,3.2103109364709,"GATCTAGTCAGTCAGT-1"
-4.01386850830543,-1.02305161903294,"GATCTAGTCATTGCGA-1"
0.152600946459889,0.763123214741626,"GATCTAGTCCCGGATG-1"
-4.85986441132057,-0.260260462264142,"GATCTAGTCGGAGCAA-1"
-0.0667904591225389,-2.01518511722477,"GATCTAGTCGGCTTGG-1"
9.84994656089318,0.581318364044108,"GATCTAGTCGGTCCGA-1"
-2.20134061333168,-3.79338622043522,"GATCTAGTCTTAGCCC-1"
-2.45674293991554,-3.56016111324223,"GATGAAAAGATGGCGT-1"
-2.62750786301124,2.40361595203487,"GATGAAAAGCTCCCAG-1"
-3.00161641594398,-4.20843100498112,"GATGAAAAGGCTCAGA-1"
-0.832100076045871,10.5164191727838,"GATGAAAAGGTCGGAT-1"
-1.6005797958039,0.932156742115893,"GATGAAAAGTCTTGCA-1"
-4.58358973022926,-3.32523870418461,"GATGAAACAAACCTAC-1"
-2.80312710758674,1.87617898037044,"GATGAAACAAGCTGGA-1"
-1.51581644770134,-2.65464281986149,"GATGAAACAAGGTGTG-1"
10.435967984233,0.463094581415334,"GATGAAACAGGTGCCT-1"
-4.54939764496315,2.85659527828304,"GATGAAACATGCATGT-1"
-3.55720847603309,-2.81522178600224,"GATGAAACATTGGCGC-1"
0.715728821787953,-1.31324791858586,"GATGAAAGTCAAACTC-1"
7.9133372927047,1.4923664336404,"GATGAAAGTCGTCTTC-1"
-0.988966287955672,-1.21681857059392,"GATGAAAGTCTGATCA-1"
9.62345940116417,0.509114496906676,"GATGAAAGTTCCACTC-1"
-4.82370537277687,-1.6423752302924,"GATGAAAGTTCTGGTA-1"
-2.60739820953834,-1.32236313770207,"GATGAAAGTTTGGCGC-1"
-3.26741832252967,-0.0448721046248295,"GATGAAATCATCGATG-1"
-4.52129810806739,-2.53242850253972,"GATGAAATCCTAAGTG-1"
9.99682003501427,-0.242261468867383,"GATGAAATCGCACTCT-1"
-2.38016217705238,1.07953590204326,"GATGAAATCGTAGGTT-1"
-0.876103428568721,-0.690635084609113,"GATGAAATCTACTATC-1"
1.83395153525841,1.88362848808376,"GATGAAATCTCCTATA-1"
10.2124515199996,0.107161522408404,"GATGAAATCTGGTATG-1"
-0.328426418270946,-2.07772207210454,"GATGAGGAGACTAAGT-1"
9.44385391715539,1.06174618055431,"GATGAGGAGCGACGTA-1"
0.615035595927357,0.377347736184873,"GATGAGGAGCGGCTTC-1"
0.878879847560048,-2.34043598125371,"GATGAGGAGGACAGCT-1"
-2.04372328278053,-3.82149195621403,"GATGAGGAGGGAAACA-1"
-1.01339126136529,9.8258864884576,"GATGAGGAGTCATGCT-1"
-4.12956827637184,-3.56622838924321,"GATGAGGAGTCCATAC-1"
-4.37450664993751,-1.25893485496434,"GATGAGGAGTGGAGAA-1"
-2.05813544746864,-0.237680375079236,"GATGAGGCAATAGCAA-1"
1.50892549994957,-0.611646651724897,"GATGAGGCAATCTGCA-1"
-4.85248940941322,-3.6405441756049,"GATGAGGCACATGGGA-1"
-1.69926911350715,0.222649202247538,"GATGAGGCACATGTGT-1"
-3.32866161819923,-3.87909340808781,"GATGAGGCACCATCCT-1"
-0.0649811005257371,0.87753784706203,"GATGAGGCAGTAAGAT-1"
1.11601287368309,0.0441578333577297,"GATGAGGCAGTTTACG-1"
-1.16613018270957,-2.08909225414189,"GATGAGGCATCACGAT-1"
-3.26990121361244,3.71460533191768,"GATGAGGGTAAACGCG-1"
2.45668894294274,0.287117980917373,"GATGAGGGTAACGCGA-1"
1.09655744079125,2.22535896350948,"GATGAGGGTGATAAAC-1"
-1.41284972187507,-1.11241495559605,"GATGAGGGTTAAGATG-1"
-4.43382376190651,-1.07548248718174,"GATGAGGGTTGGTGGA-1"
-0.073479351963878,-2.52504324863347,"GATGAGGGTTTCGCTC-1"
-1.08382612225044,-0.48697483489903,"GATGAGGTCACGCGGT-1"
-2.13084083553779,1.34010350753871,"GATGAGGTCAGTTAGC-1"
-3.33471315857399,4.70627713253108,"GATGAGGTCCATGCTC-1"
10.1295161867477,0.323783822854438,"GATGAGGTCCCTCAGT-1"
-4.6034297322892,-3.46641325900944,"GATGAGGTCGCCAAAT-1"
-1.41558852550018,4.29543995906917,"GATGAGGTCGGCTTGG-1"
-2.09083539005744,1.65141427566616,"GATGAGGTCGTCCGTT-1"
9.43257862571251,1.26599049617855,"GATGCTAAGACACGAC-1"
7.79080349448693,1.71559345771877,"GATGCTAAGACTAGAT-1"
-3.01367681976783,2.25718069126216,"GATGCTAAGTACTTGC-1"
-2.19644015785682,3.48615860988704,"GATGCTAAGTGTTGAA-1"
-4.74239462372291,0.108675271769442,"GATGCTAAGTTACGGG-1"
-3.35864633079994,3.87408924152462,"GATGCTACACACCGAC-1"
0.854731025729298,-1.36091411064061,"GATGCTACACGGTTTA-1"
1.14796287063134,0.55919583191482,"GATGCTACAGATCTGT-1"
-3.35311239716041,4.36455416729061,"GATGCTACAGCCTTTC-1"
0.239287796054005,0.451247811814227,"GATGCTACATCCTTGC-1"
2.32481438163292,1.55198788692562,"GATGCTACATGGGACA-1"
11.29707008842,1.20592498828975,"GATGCTAGTATAAACG-1"
8.08832127097619,1.68337035228816,"GATGCTAGTCCCTTGT-1"
0.252386631999135,-1.0471673006812,"GATGCTAGTCTTGCGG-1"
-3.56492990013587,1.29179453899471,"GATGCTAGTCTTTCAT-1"
-1.37281918283927,-0.500923990706525,"GATGCTAGTGCACTTA-1"
-4.47926491257179,0.975378215809741,"GATGCTAGTGCGGTAA-1"
10.590906682048,1.40492701580135,"GATGCTAGTGGTTTCA-1"
1.51146751883996,2.48626875927059,"GATGCTAGTTTGTTTC-1"
-2.88918667789924,-3.41775345752629,"GATGCTATCACCACCT-1"
1.54575568679345,2.41898608257381,"GATGCTATCATTCACT-1"
-0.978291738223315,-1.20458841274174,"GATGCTATCCACTGGG-1"
-4.51827782150734,-3.61354136417302,"GATGCTATCCTTGGTC-1"
-0.921460179057002,10.3668601517877,"GATGCTATCGCACTCT-1"
1.74617129806054,2.36791396190731,"GATGCTATCGGATGTT-1"
-4.99701446053016,-0.400364160040937,"GATGCTATCGTCCAGG-1"
-0.733846393790126,10.1826169495782,"GATGCTATCTCCGGTT-1"
-4.0360195016526,0.300060444076934,"GATGCTATCTCGATGA-1"
-1.35149264093864,-3.77108788440617,"GATGCTATCTGGAGCC-1"
1.46289569381249,1.37790286590663,"GATGCTATCTTCAACT-1"
-5.34597486015785,1.49146378089992,"GATTCAGAGCACACAG-1"
-0.797300619449497,-0.734410762290082,"GATTCAGAGCCCGAAA-1"
-3.88943022247779,2.85876727153865,"GATTCAGAGCCTTGAT-1"
-2.19337147232521,-0.864172815779767,"GATTCAGAGCGAGAAA-1"
-4.21015995499122,0.73037934352962,"GATTCAGAGCGCTTAT-1"
-0.637633917298198,-2.35291719386967,"GATTCAGAGGTGCAAC-1"
-2.45364135262001,0.330514327188411,"GATTCAGAGTGGGATC-1"
-2.12270980831611,1.4375089411935,"GATTCAGCACAAGCCC-1"
11.5955644274093,2.05346965839473,"GATTCAGCAGGATCGA-1"
3.92840630057824,-4.77506184528264,"GATTCAGCAGTACACT-1"
-4.14228409286964,-3.69724440524968,"GATTCAGCAGTTTACG-1"
-3.75099843498695,-4.22962117145451,"GATTCAGCATCAGTAC-1"
0.163839283022999,2.38707363655178,"GATTCAGGTACAGCAG-1"
10.0780997896529,0.465460572888531,"GATTCAGGTAGAGCTG-1"
1.95645052436364,1.59169077922908,"GATTCAGGTATTAGCC-1"
-4.42093294617164,-3.02752232501896,"GATTCAGGTCACCCAG-1"
-2.95971625801551,4.57347989132015,"GATTCAGGTCTCCATC-1"
11.4531522417403,0.568656459947505,"GATTCAGGTGACCAAG-1"
-5.02514213081825,-3.37175583789738,"GATTCAGGTGCAGACA-1"
-1.01951309983063,-1.02928435752781,"GATTCAGTCACTTATC-1"
11.9749522829391,-0.351391672591291,"GATTCAGTCCTGTACC-1"
-0.0731264924668077,2.44171810199825,"GATTCAGTCGCCCTTA-1"
-5.51922791954506,1.87004530479518,"GATTCAGTCGTTGACA-1"
-1.33553814646232,0.522987112899699,"GATTCAGTCTAACTGG-1"
-3.98417538162696,-2.6720874304572,"GATTCAGTCTCGAGTA-1"
-1.01937683802474,-3.62782931278142,"GATTCAGTCTTAACCT-1"
-5.28120130058754,2.27670383503047,"GATTCAGTCTTTAGGG-1"
-2.02701192852485,0.717770517369189,"GATTCAGTCTTTCCTC-1"
-3.76292127129066,2.8942561154565,"GCAAACTAGCACCGCT-1"
10.8449540758468,0.0309416954716824,"GCAAACTAGCCTTGAT-1"
9.20383984092248,3.36541271259395,"GCAAACTAGCTGCGAA-1"
9.02472263816369,1.40612417509166,"GCAAACTAGGGATCTG-1"
-5.05822509285438,1.85418355514614,"GCAAACTAGTCAATAG-1"
8.72018295768273,-0.421346723536573,"GCAAACTAGTGTCCCG-1"
-3.61267107483375,-0.16982805679234,"GCAAACTCAAGGGTCA-1"
-3.458270964589,-3.31809067676457,"GCAAACTCACAACGTT-1"
-1.56365674492347,4.00504183818904,"GCAAACTCACCTCGTT-1"
-1.46581029650199,-2.75071072528752,"GCAAACTCATGCTAGT-1"
-4.49439042564857,-2.08054733226689,"GCAAACTGTAAGAGGA-1"
8.32550865653527,-0.639021515349469,"GCAAACTGTAAGTGTA-1"
-5.56701940056312,0.358828671773352,"GCAAACTGTACCCAAT-1"
9.9351411486007,-1.16517853687199,"GCAAACTGTAGCTAAA-1"
-2.27526837345588,-3.38980841586979,"GCAAACTGTAGCTCCG-1"
0.527755680117726,-0.272816061476789,"GCAAACTGTCATGCAT-1"
1.82402950767052,0.849560946722903,"GCAAACTGTCGAGTTT-1"
-5.43055575844276,0.296684504052081,"GCAAACTGTCTAGTCA-1"
-6.01662724968422,0.0974413459500454,"GCAAACTGTTACCAGT-1"
-3.6982886171006,-0.478093802432142,"GCAAACTGTTATGTGC-1"
-2.55245822426307,-2.97479939411076,"GCAAACTGTTGTCTTT-1"
2.08370954040062,0.909938991566577,"GCAAACTTCAACGAAA-1"
1.60232550147545,2.41235590030757,"GCAAACTTCACGAAGG-1"
-4.56072729584205,2.93852257778255,"GCAAACTTCCGCAAGC-1"
0.828674259219289,-1.88206744144352,"GCAAACTTCCTTAATC-1"
10.9027820253707,-0.426580368975721,"GCAAACTTCGTACGGC-1"
10.7550254488326,1.28646785070507,"GCAAACTTCTACTATC-1"
1.86875039580834,1.27940303136913,"GCAAACTTCTCTAAGG-1"
-5.34082644936073,-2.28930449436101,"GCAATCAAGAGTCGGT-1"
-3.29804104324806,-0.193699180583081,"GCAATCAAGATAGGAG-1"
-1.04212011527646,-3.06023359249028,"GCAATCAAGATGGCGT-1"
-1.37909868117797,-2.00241517970952,"GCAATCAAGATGTGGC-1"
11.1656184816695,-0.703239917258344,"GCAATCAAGCAACGGT-1"
-1.69346803184974,-0.116106867293439,"GCAATCAAGGGAGTAA-1"
-2.15022927280891,1.61772787620632,"GCAATCAAGTCATGCT-1"
-3.90958302971351,-1.54861533592137,"GCAATCAAGTCCAGGA-1"
-4.81363147255409,-3.53674936244877,"GCAATCAAGTGCGTGA-1"
-3.97004407402504,2.01310026695339,"GCAATCACAAGCCATT-1"
2.24664718154442,0.697839707632937,"GCAATCACAAGCGTAG-1"
-1.38743501659858,-2.05517816493901,"GCAATCACAATGAAAC-1"
-3.54083126541603,-4.00003170917424,"GCAATCACAGGTGCCT-1"
-3.39589041229713,-0.894807576636396,"GCAATCACAGTATAAG-1"
9.51848465446007,-0.569216310481153,"GCAATCAGTAATAGCA-1"
-2.386533555951,1.97293400814144,"GCAATCAGTACATCCA-1"
-2.61982303616035,4.61234593441097,"GCAATCAGTAGCCTCG-1"
-5.42175096031654,0.591615841289439,"GCAATCAGTCATTAGC-1"
-4.80005401131141,-1.86102271030339,"GCAATCAGTCGTCTTC-1"
-3.4258858537339,3.3179290299615,"GCAATCAGTCTTCGTC-1"
-0.597992387976528,1.26802933265773,"GCAATCAGTGAGGGTT-1"
-4.93440192696083,1.7858428960046,"GCAATCAGTGCTAGCC-1"
-3.25848120209205,-3.05845260570439,"GCAATCAGTTCCCTTG-1"
-3.64997619148719,0.140452474852481,"GCAATCATCAACCAAC-1"
-1.61787771936882,-3.66489624927434,"GCAATCATCCGCTGTT-1"
-4.93245452400673,-2.84764194438847,"GCAATCATCCTTTCTC-1"
-2.65613645073402,-4.39602875659855,"GCAATCATCGAATGGG-1"
-4.20773809906471,-2.48521137187871,"GCAATCATCGCAAACT-1"
-0.494961557354808,1.2789732818803,"GCAATCATCGGATGTT-1"
1.46510273459923,-1.26659059474858,"GCAATCATCGTATCAG-1"
10.0137639665939,0.76229086567966,"GCAATCATCGTTGACA-1"
7.97962337974083,1.64773953010646,"GCAATCATCTGCCCTA-1"
-5.4284481382035,1.49164867450801,"GCAATCATCTTCATGT-1"
-3.47566479202735,3.01317811061946,"GCAATCATCTTTAGTC-1"
-2.1340841626786,1.16664075901119,"GCACATAAGATGCCTT-1"
-0.726765809025646,1.5691497330865,"GCACATAAGCCCTAAT-1"
-3.769794402089,3.20728397419063,"GCACATAAGCTCTCGG-1"
10.0563207292892,-1.20096290061863,"GCACATAAGCTGAAAT-1"
-2.8056443309449,3.76110553791133,"GCACATAAGGAGTTTA-1"
-4.12236588951576,-1.49231231162938,"GCACATAAGGGCTTGA-1"
-1.69738971945274,2.74298906375972,"GCACATAAGTCGTTTG-1"
-2.76788383480537,-3.0857779974738,"GCACATACAAACGCGA-1"
-1.15634594615924,1.92595458080379,"GCACATACAACTGCTA-1"
-4.94684236999977,-1.63196992824467,"GCACATACATCGATGT-1"
-3.91220730301368,-0.894453048209272,"GCACATAGTAAGAGAG-1"
-2.19968825336921,-3.65802502582463,"GCACATAGTGACCAAG-1"
-1.81706493851173,-4.01041674564274,"GCACATAGTGAGTATA-1"
8.17826038840783,-0.455028891066632,"GCACATAGTTATCCGA-1"
-1.01754559334743,-1.11473798702153,"GCACATATCAGCGACC-1"
-5.31010859962928,0.595357984801211,"GCACATATCCGAATGT-1"
-3.58118837830055,4.03977346469966,"GCACATATCCGCATAA-1"
-1.37135684248436,0.624869600435176,"GCACATATCGAACTGT-1"
0.388801875147938,-0.141829490164838,"GCACATATCTCTTATG-1"
-3.41073554512489,0.342301421364226,"GCACATATCTTGTATC-1"
-1.16854730006683,-1.39170491645726,"GCACATATCTTGTTTG-1"
-4.15194719788063,-2.34658956478032,"GCACTCTAGATGAGAG-1"
-5.17015737053382,-1.61669087360295,"GCACTCTAGATGTCGG-1"
-2.85364287849891,-4.16611027667912,"GCACTCTAGCCGATTT-1"
-4.28415721413124,-1.54123008201512,"GCACTCTAGTTTCCTT-1"
-1.86323773619163,0.977746367951312,"GCACTCTCACATCCAA-1"
-0.556070831980586,-1.65249037692936,"GCACTCTCAGGATCGA-1"
0.897868337664723,0.634103581806102,"GCACTCTCATTACCTT-1"
-3.42395633217323,-0.800514339903913,"GCACTCTCATTAGCCA-1"
0.469964447054982,-1.02395784805211,"GCACTCTGTACAAGTA-1"
-2.22805613037574,4.18227434208004,"GCACTCTGTACATCCA-1"
1.59500795844567,-1.24277877757939,"GCACTCTGTAGGACAC-1"
10.0904746675826,0.95842003872005,"GCACTCTGTAGGGTAC-1"
-2.28040474411476,2.86856412937252,"GCACTCTGTCCGAATT-1"
-3.35948770996559,0.16740167190639,"GCACTCTGTCTAACGT-1"
-4.97154778000343,0.932939649125018,"GCACTCTGTCTGATTG-1"
2.05844336989892,-0.62231886337193,"GCACTCTGTTCCGGCA-1"
0.34908885005486,1.60038089801876,"GCACTCTTCCAGTAGT-1"
-2.69323247429359,-1.29580020854863,"GCACTCTTCTAACGGT-1"
10.6061196947433,2.08916056205837,"GCACTCTTCTTCGGTC-1"
-2.13211005684364,1.876103044053,"GCAGCCAAGACCACGA-1"
-2.17906564232337,-0.106123566130719,"GCAGCCAAGACGCAAC-1"
-0.0706874704025987,-0.806234001616559,"GCAGCCAAGCCGATTT-1"
-1.90477251764762,0.699339777727999,"GCAGCCAAGTACGTTC-1"
-5.78033679481971,0.0988851492604397,"GCAGCCAAGTCAAGCG-1"
-3.58929174896705,0.485083096226134,"GCAGCCAAGTGCGATG-1"
-4.74979823585975,-2.48452472637089,"GCAGCCACACATGTGT-1"
-1.02069202755022,-0.685882687071881,"GCAGCCACACGGCCAT-1"
-1.10003874954212,11.2191073899469,"GCAGCCACACTCGACG-1"
2.29379350188744,0.335930012663283,"GCAGCCACAGCGATCC-1"
-4.89883535858619,2.21268248607723,"GCAGCCACAGTCAGCC-1"
-0.59665500875938,0.859612882634082,"GCAGCCACATAGGATA-1"
-4.72621506210792,-2.74725151012333,"GCAGCCACATGTCGAT-1"
9.17882496360314,0.313396253188529,"GCAGCCACATTCCTCG-1"
9.2513557100631,3.29397058536617,"GCAGCCACATTTCAGG-1"
0.655031147036671,-0.859983205298505,"GCAGCCAGTAAGGGCT-1"
-4.36633795258033,-2.70082998226079,"GCAGCCAGTATTACCG-1"
0.932315292391896,0.872837931414523,"GCAGCCAGTCAACATC-1"
-0.165008661713481,1.05650377323238,"GCAGCCAGTCAGTGGA-1"
0.209294858012318,-1.53369355152043,"GCAGCCAGTCATACTG-1"
-2.47490721699226,-1.35316181133183,"GCAGCCAGTCATTAGC-1"
-2.73470383640754,3.08861994793025,"GCAGCCAGTCGAGATG-1"
-3.56296223160255,-3.90225052783879,"GCAGCCAGTGCGAAAC-1"
-4.00596135612953,-3.46240568111332,"GCAGCCAGTTACAGAA-1"
0.105179967913747,2.2790514235696,"GCAGCCATCAGTACGT-1"
-3.37524646278846,-3.13991498897465,"GCAGCCATCCAAAGTC-1"
9.2600284242965,-0.159419714907727,"GCAGCCATCGGCGGTT-1"
1.51642185691369,-0.81025409648808,"GCAGCCATCTAAGCCA-1"
-0.682726708617092,3.27855444004146,"GCAGCCATCTCACATT-1"
9.98005539420617,-0.145637750128827,"GCAGTTAAGAAGGGTA-1"
-4.39978474136818,-3.17788314769658,"GCAGTTAAGACAATAC-1"
-5.07296222206581,2.03293979217617,"GCAGTTAAGACGCTTT-1"
-3.48956197258461,-3.30819034526738,"GCAGTTAAGAGAGCTC-1"
-3.02306741234291,1.42580449630825,"GCAGTTAAGAGCTATA-1"
-1.8977897143029,-1.97049641559514,"GCAGTTAAGAGCTTCT-1"
2.68580180648339,1.1648654942712,"GCAGTTAAGCAGGTCA-1"
2.28730875495446,0.439667612811007,"GCAGTTAAGCCTATGT-1"
-3.44279402252662,-1.50379705379399,"GCAGTTAAGCGTTTAC-1"
2.13732677939904,1.95769059707729,"GCAGTTAAGGGAGTAA-1"
11.0162549639083,0.0474343304833553,"GCAGTTAAGGGTCTCC-1"
-3.91389459129798,-0.86141478965672,"GCAGTTAAGTCGCCGT-1"
-1.62955236193168,3.99789476444332,"GCAGTTACAATTCCTT-1"
8.18973785880578,-0.200602054099164,"GCAGTTACACAACGCC-1"
-5.74171727653968,0.0446839635571621,"GCAGTTACACGGCTAC-1"
-0.389116940464855,-1.5940079684058,"GCAGTTACACTAAGTC-1"
-2.44943696018684,-0.604211210707746,"GCAGTTACACTTAACG-1"
-1.94858109709251,3.26758790065853,"GCAGTTACAGACTCGC-1"
-2.11146908756721,-4.06151461551579,"GCAGTTACAGGGTACA-1"
-2.96932679172981,-1.38319325397404,"GCAGTTACAGGGTTAG-1"
1.62547117713463,0.807049721976199,"GCAGTTACATCACCCT-1"
-3.05830162521827,-3.7198522085944,"GCAGTTACATGAGCGA-1"
2.3081195974685,1.45265293171016,"GCAGTTACATGCGCAC-1"
-0.902613905634761,-1.83387017200383,"GCAGTTACATGTTGAC-1"
8.69394737723839,1.39885771324245,"GCAGTTAGTAAACCTC-1"
-4.89573544022071,2.39773929168788,"GCAGTTAGTACTCGCG-1"
-4.29984730240333,-0.688435554007611,"GCAGTTAGTAGCGTGA-1"
-0.660134909119487,11.4859941010675,"GCAGTTAGTCATACTG-1"
0.907686176333546,-1.55755197952183,"GCAGTTAGTCTTTCAT-1"
-4.9212357377671,0.0994446580609463,"GCAGTTAGTGCAGGTA-1"
-3.59883564468849,-0.292773663500867,"GCAGTTAGTGCATCTA-1"
-1.7653005695008,-0.991702198485456,"GCAGTTAGTTATCACG-1"
-3.2249671792649,3.69811821033565,"GCAGTTAGTTATCGGT-1"
-2.71094149109352,-4.34202933261784,"GCAGTTATCGCGCCAA-1"
0.0879691267348525,-2.72365450809392,"GCAGTTATCGCTAGCG-1"
-3.79184025284278,-2.91447257945927,"GCAGTTATCGTCCGTT-1"
-2.14224034306037,-3.69823527286442,"GCAGTTATCTACTCAT-1"
-4.79667180534828,0.255748227735438,"GCATACAAGACTCGGA-1"
-1.61077016350257,-1.54164147327336,"GCATACAAGAGCTGGT-1"
-4.09257310387123,0.161551952858844,"GCATACAAGCCAGTAG-1"
-1.6529526090287,2.0493105654916,"GCATACAAGCTAGTTC-1"
-3.17873638626564,-3.39025521228703,"GCATACAAGCTGTTCA-1"
-2.26644116398323,-1.17413246581944,"GCATACAAGGCACATG-1"
10.5364204073287,-0.343288182715497,"GCATACAAGTTTAGGA-1"
8.35254723075402,1.34432530452816,"GCATACACAAACTGCT-1"
-1.25367015358436,2.6614303593835,"GCATACACAAAGTCAA-1"
1.42687827590477,1.31856012394039,"GCATACACAAGCCGTC-1"
-1.17665354665744,-1.74354243228825,"GCATACACAATCGGTT-1"
1.22498685363305,0.521434493859687,"GCATACACACTTACGA-1"
-0.206967530217052,0.527180307110228,"GCATACACAGCTGTTA-1"
-2.02918153759468,-1.46359455535801,"GCATACACAGGTCCAC-1"
-0.84715926405418,10.2323520188531,"GCATACACAGTAGAGC-1"
1.83778316024315,-0.0427258903780796,"GCATACACATATACGC-1"
10.6129251146652,0.123950809737124,"GCATACACATATGAGA-1"
-5.11294072624672,1.42698967506496,"GCATACACATTTCACT-1"
-3.83946865555275,2.36569631149379,"GCATACAGTAGAGTGC-1"
-5.1856822347306,1.59717583705989,"GCATACAGTAGATTAG-1"
-2.28172009941566,0.553100541730799,"GCATACAGTATCTGCA-1"
-3.21464246269691,1.79787910034267,"GCATACAGTCCGAAGA-1"
-0.475896415676952,-0.300446807841382,"GCATACAGTGATGTCT-1"
1.13656455520165,0.600705177088656,"GCATACAGTTCAGGCC-1"
-4.92366045471656,-2.32793044994267,"GCATACAGTTGGTAAA-1"
-1.43434431907165,-1.05463540504368,"GCATACAGTTTGCATG-1"
-2.65499323364723,-1.51616084525975,"GCATACATCACCTTAT-1"
8.3178258562423,-0.242456197241864,"GCATACATCACGAAGG-1"
10.9621129656173,-0.231705486277662,"GCATACATCAGCCTAA-1"
-1.45505606886375,0.531210780640521,"GCATACATCAGCTGGC-1"
12.1231780672408,0.432000047092714,"GCATACATCCAGAGGA-1"
1.69552213195336,-0.198082029322705,"GCATACATCCGAATGT-1"
-2.79397994038093,-0.966613530615888,"GCATACATCCGTAGTA-1"
-0.0459474301003221,11.4977767472467,"GCATACATCGGTTAAC-1"
-2.79305857178199,-4.20148777912053,"GCATGATAGAGTGACC-1"
-2.35719531532753,3.76628804256526,"GCATGATAGCGTCTAT-1"
11.2937684679366,1.30563443948833,"GCATGATAGGATGGTC-1"
-1.27343582865226,-3.32527947376164,"GCATGATAGGCATGGT-1"
2.30118876937401,0.79369327475635,"GCATGATAGGCATGTG-1"
10.8000474596359,-0.134082316855512,"GCATGATAGTACGCGA-1"
-0.0250824069641832,0.819528908034243,"GCATGATAGTCACGCC-1"
-2.88895350452888,1.41469740917293,"GCATGATCAACAACCT-1"
-0.857837734188915,-3.05057167957219,"GCATGATCAATAACGA-1"
-0.714287308421016,1.33613801052181,"GCATGATCACGAAATA-1"
-2.36639803406227,-0.686195015410505,"GCATGATCAGCGTAAG-1"
-3.38890212532508,-1.214907884101,"GCATGATCAGCTGGCT-1"
-1.64877807852256,-0.795576214293561,"GCATGATGTACCGTTA-1"
-2.53924411293495,-0.607170819739423,"GCATGATGTAGAGTGC-1"
-4.56532877441871,-1.17628812740239,"GCATGATGTGTTGAGG-1"
-1.53406959530342,-1.40785169551762,"GCATGATGTTGGACCC-1"
-3.73161333557594,-4.32429957340153,"GCATGATTCACATAGC-1"
-1.4644820367955,-0.0302473301688053,"GCATGATTCGCATGGC-1"
-4.20539015289772,-0.806241511801801,"GCATGATTCGCTTAGA-1"
-0.867952530648589,-3.01830410907658,"GCATGATTCTGCTGTC-1"
0.45285660270226,-0.880649327735028,"GCATGATTCTTACCTA-1"
7.74494892600548,1.36828982879726,"GCATGATTCTTCGAGA-1"
-2.68424647804725,1.71039021064846,"GCATGCGAGACATAAC-1"
-1.90013444181907,-0.99772751281651,"GCATGCGAGCTAAGAT-1"
-1.94041806217659,3.90873074581233,"GCATGCGAGCTCCTTC-1"
1.85208589080346,0.636894181867518,"GCATGCGAGTGTACCT-1"
-3.47301429268348,3.49826955844966,"GCATGCGAGTGTGGCA-1"
-3.11952823158729,4.64225029995052,"GCATGCGCAAACCCAT-1"
-5.10931485649574,-1.12672078559788,"GCATGCGCAACTGCGC-1"
-1.99739092346656,-1.4216161961356,"GCATGCGCACAAGACG-1"
-2.22323029991615,-3.47268342922123,"GCATGCGCAGGCTCAC-1"
9.50102001670373,1.05476546337215,"GCATGCGGTAATCGTC-1"
-4.08278339859474,-1.41410005042943,"GCATGCGGTATATCCG-1"
-5.25123446938026,1.32040065576641,"GCATGCGGTCACAAGG-1"
8.27549606803429,1.52433681537715,"GCATGCGGTCAGAATA-1"
-3.10738175865638,4.76863837291805,"GCATGCGGTCGTGGCT-1"
-2.76935070511329,-1.23337292621525,"GCATGCGGTCTTCGTC-1"
0.0404353762007948,-1.88695502231511,"GCATGCGGTGTAAGTA-1"
2.71300369742882,1.25896185686199,"GCATGCGGTGTCTGAT-1"
0.621181788478017,-1.53878462264927,"GCATGCGGTGTGTGCC-1"
1.45459467414391,1.04402583887187,"GCATGCGGTTCCAACA-1"
-4.49588030334938,-2.12807583759221,"GCATGCGGTTTGTTGG-1"
-5.35575526710975,-2.27119183490666,"GCATGCGTCATTCACT-1"
-2.55451732632148,-1.43642032096776,"GCATGCGTCCTGTACC-1"
-1.49282181021202,2.57080864955989,"GCATGCGTCGAGCCCA-1"
-1.94314896818626,-4.19160914371403,"GCATGCGTCGCCGTGA-1"
-4.84105914589393,-0.321567117671094,"GCATGCGTCTCATTCA-1"
1.29727751258385,-0.710531830290876,"GCATGCGTCTGATACG-1"
1.52073723319542,0.824608117838778,"GCATGCGTCTTGGGTA-1"
-0.136578438248515,-0.326362728575788,"GCATGTAAGAACTGTA-1"
0.759465756449818,1.12704652597515,"GCATGTAAGCATGGCA-1"
-4.36936181541908,-0.291671215991101,"GCATGTAAGCCAACAG-1"
-4.74872010704506,-1.89503121326359,"GCATGTAAGCGTAGTG-1"
-4.07988303657997,3.33333039333431,"GCATGTAAGCTAAACA-1"
-1.77450364586341,4.17719483425228,"GCATGTAAGCTAACAA-1"
0.427824320826649,-1.14956402728947,"GCATGTAAGGTAGCCA-1"
-3.53153270241249,-0.521372317771039,"GCATGTAAGGTGCACA-1"
1.44138294700158,0.48106621255485,"GCATGTAAGTAACCCT-1"
-2.18213909622657,-1.65598201702031,"GCATGTAAGTAGGTGC-1"
-1.30971514936912,-2.56540870616826,"GCATGTAAGTCCTCCT-1"
7.94902760032189,1.50239968349544,"GCATGTAAGTTCGATC-1"
-2.2695650434159,-3.50679469058903,"GCATGTACAATACGCT-1"
-3.56646483894813,0.448407251884618,"GCATGTACACTGCCAG-1"
-5.05854409691322,1.85620427181331,"GCATGTACAGCCTTTC-1"
10.2165551805831,-0.390180170039258,"GCATGTACAGGTCTCG-1"
10.1613441133834,0.365197971959986,"GCATGTACAGTCACTA-1"
-3.91501992699134,2.70990896274654,"GCATGTACATAGTAAG-1"
1.87933475020897,-0.483573555449567,"GCATGTAGTCAAAGAT-1"
-2.54372101780403,0.739517152806201,"GCATGTAGTGACAAAT-1"
-2.01513224598396,-2.15800285289677,"GCATGTAGTGATGTGG-1"
-2.1976063823365,1.41102588226406,"GCATGTAGTGCCTGGT-1"
-1.05230309572446,2.50114512493221,"GCATGTAGTTCAGGCC-1"
-1.63369333502281,2.85224461605159,"GCATGTAGTTTACTCT-1"
1.4338553572036,1.72455966522304,"GCATGTAGTTTGTTGG-1"
1.89299804214013,1.13519108345119,"GCATGTATCAGTTCGA-1"
-3.30669635292518,4.65386080791561,"GCATGTATCATGCAAC-1"
8.91537052634728,0.268493965764918,"GCATGTATCCCACTTG-1"
-0.830948097076297,1.09564584543315,"GCATGTATCCCGACTT-1"
-2.9005202626847,-4.00873875568303,"GCATGTATCCTCAATT-1"
1.60261732581627,0.0247470741471432,"GCATGTATCCTTGCCA-1"
-2.4860995387696,3.06129455616085,"GCATGTATCTAAGCCA-1"
1.41614824775231,2.37310349990932,"GCATGTATCTACGAGT-1"
-4.95843285080421,0.454167325546422,"GCATGTATCTGATACG-1"
8.58946663383019,-0.77143037269505,"GCATGTATCTTCTGGC-1"
-1.74180024620521,2.77746725132076,"GCCAAATAGCGTCTAT-1"
8.77752834800255,-0.0901767308512547,"GCCAAATAGCTATGCT-1"
-0.777099487748027,-3.24553847263249,"GCCAAATAGGACCACA-1"
0.407176675830006,-1.56864488075169,"GCCAAATAGGATCGCA-1"
0.542432847056508,-1.63616371105107,"GCCAAATAGGGTTTCT-1"
-0.898357746567607,-0.496136128405652,"GCCAAATCACATCCAA-1"
10.9394984865524,1.34927099992839,"GCCAAATCACGGATAG-1"
-3.55074137207496,-0.274278401831708,"GCCAAATCATCGATGT-1"
-5.23598378654945,-1.25658953140172,"GCCAAATGTAAAGTCA-1"
-2.27558737751472,-0.656182527045331,"GCCAAATGTACCATCA-1"
-4.7028884267472,-3.0705077643195,"GCCAAATGTAGCGCTC-1"
-2.42106193062294,-1.58222985217961,"GCCAAATGTAGCTGCC-1"
-3.14644258972633,3.9236910348138,"GCCAAATGTATAATGG-1"
-2.22796052452552,1.27238297512142,"GCCAAATGTATAGGTA-1"
-1.43832102176178,0.668275952835955,"GCCAAATGTCAATACC-1"
-1.40899803992736,-0.885798096160016,"GCCAAATGTCGCCATG-1"
-2.36755984779823,-4.35579705188664,"GCCAAATGTCTAACGT-1"
-2.32450264450538,-2.77624654720219,"GCCAAATGTGGCAAAC-1"
-3.38275044914711,-3.83834481189641,"GCCAAATGTGTAACGG-1"
1.56970149520409,2.59309911777584,"GCCAAATGTTGATTGC-1"
1.22371679786217,-1.37858462284001,"GCCAAATGTTGGTGGA-1"
-3.06218045708168,1.33583945085613,"GCCAAATTCAGCAACT-1"
8.38821178916466,-0.101437687377057,"GCCAAATTCATGTGGT-1"
-0.289033648934245,-0.09205016444119,"GCCAAATTCGCAAGCC-1"
-3.70970767494667,3.95091223766414,"GCCAAATTCGTGACAT-1"
-1.97278392073143,0.293900192280688,"GCCAAATTCTCAAGTG-1"
7.91718250754845,1.4664555793008,"GCCAAATTCTTCGGTC-1"
-0.658701536621929,-1.38495373676213,"GCCTCTAAGAACTCGG-1"
-3.26721995827186,3.88606476833431,"GCCTCTAAGATGTTAG-1"
10.9240174913741,-0.542588889102063,"GCCTCTAAGCCAACAG-1"
3.68788105491173,-4.45023798892888,"GCCTCTAAGGCTCTTA-1"
-1.77907824274528,-2.54914975116642,"GCCTCTAAGGGCTTGA-1"
-4.18906348701942,-2.4255726332465,"GCCTCTAAGGTGGGTT-1"
8.92972904685509,1.23486334135143,"GCCTCTAAGTGCTGCC-1"
-3.64238255974281,-1.44870805690678,"GCCTCTACAACGCACC-1"
-2.62471705433357,4.55671620418636,"GCCTCTACAAGCGTAG-1"
-4.02921217438209,1.02399450590221,"GCCTCTACACGCATCG-1"
-3.70184272285926,-0.592201411227308,"GCCTCTACAGCTGCTG-1"
0.936987581286549,1.84877955963222,"GCCTCTACAGGTCCAC-1"
-3.11211961266029,3.66760993053524,"GCCTCTAGTAACGCGA-1"
-2.87365406509864,2.71612834980098,"GCCTCTAGTAAGTAGT-1"
-2.47457390781868,-0.876084207991681,"GCCTCTAGTAGAAAGG-1"
-2.8666076039933,-0.166933536032758,"GCCTCTAGTAGATTAG-1"
-1.22579642888534,-0.278967678050122,"GCCTCTAGTATTACCG-1"
-2.31715041157234,-1.13632249782475,"GCCTCTAGTCTAAAGA-1"
-3.29484766479957,4.1665802006921,"GCCTCTAGTGCACCAC-1"
-2.67326885220039,0.797509164114871,"GCCTCTAGTGCATCTA-1"
10.5640273714401,1.30730503847209,"GCCTCTAGTGTAACGG-1"
-1.33068087455261,1.78974580814449,"GCCTCTAGTGTTTGTG-1"
-0.993643215302408,2.84111356784908,"GCCTCTAGTTCAGCGC-1"
-5.12176125999916,-0.0156640405455448,"GCCTCTATCAGAGCTT-1"
-4.60278719421852,0.851136982937732,"GCCTCTATCAGCATGT-1"
2.30089766028893,1.27203249981014,"GCCTCTATCATACGGT-1"
-0.442771491970897,1.5745357279977,"GCCTCTATCATGCAAC-1"
-3.12598484512794,-2.32313251445683,"GCCTCTATCCACTCCA-1"
-3.95452731605995,2.05872678806392,"GCCTCTATCCGCTGTT-1"
1.55061322692406,0.0636927788457058,"GCCTCTATCGAGAGCA-1"
1.45658761504662,1.35729032804576,"GCCTCTATCGGAAATA-1"
9.64859920981896,1.66035258819667,"GCCTCTATCTGAGTGT-1"
-4.23682206627357,-4.16449904392155,"GCCTCTATCTTCGAGA-1"
-4.54381388184059,1.47657299091426,"GCGACCAAGAAGGTGA-1"
-1.67656606194007,-1.50895667026433,"GCGACCAAGAATAGGG-1"
-3.36060350891578,4.56761670162288,"GCGACCAAGAGATGAG-1"
8.64780766013634,-0.759313463667951,"GCGACCAAGAGCCCAA-1"
10.9743543291427,0.0625738506516598,"GCGACCAAGATCCCAT-1"
-1.29005691167343,-0.764106988410077,"GCGACCAAGGACACCA-1"
-0.0208095287941698,0.413142888837882,"GCGACCAAGGCATGTG-1"
-3.31863087173927,2.43436956455318,"GCGACCAAGGCTATCT-1"
-0.794265789356113,11.3831813340387,"GCGACCAAGTCATCCA-1"
-2.37046044823158,-0.3271052832404,"GCGACCACACATCCGG-1"
-4.36966365334022,-2.93376421878727,"GCGACCACACCATCCT-1"
9.52405888083947,0.938597143193164,"GCGACCACACTGTGTA-1"
-2.29035001751411,4.29576754619686,"GCGACCACAGGAACGT-1"
-3.39751046654212,-2.85127806613835,"GCGACCACATCCGTGG-1"
-0.483421800103069,-2.18823552081975,"GCGACCACATTCACTT-1"
-0.383736667599559,1.18246471931545,"GCGACCAGTAAACACA-1"
9.50106674674523,0.710578591128268,"GCGACCAGTAAACGCG-1"
-3.7081329202317,-1.95753049800786,"GCGACCAGTACATGTC-1"
-1.62178522106636,2.5797390942773,"GCGACCAGTAGGAGTC-1"
-2.51403730865943,-4.22692608783635,"GCGACCAGTATAAACG-1"
9.73193413260949,-0.831600784758649,"GCGACCAGTATGGTTC-1"
-1.63506209608543,-0.674197077254377,"GCGACCAGTGACGCCT-1"
11.0926938677169,1.41763579895107,"GCGACCAGTGCCTGTG-1"
-2.97910946365821,-1.01931953380497,"GCGACCAGTGTTGGGA-1"
-0.31304049250114,-1.3998237843314,"GCGACCAGTGTTTGGT-1"
-0.828781185116649,-0.641860365370832,"GCGACCAGTTGCCTCT-1"
0.0207170868254897,0.720826566716113,"GCGACCAGTTGGGACA-1"
-4.25966065880287,-1.38275539825352,"GCGACCATCAACGGCC-1"
-2.89075678345192,-3.06116914699467,"GCGACCATCGACAGCC-1"
-2.8666600560807,-1.58792495677861,"GCGACCATCGCCCTTA-1"
-3.94846623894203,-0.211857497195325,"GCGACCATCGCGGATC-1"
-2.91296618935096,-4.32193636844548,"GCGACCATCGGAAACG-1"
1.40553647521508,0.262275651594081,"GCGACCATCGGAGGTA-1"
0.20779758933556,11.8440244202813,"GCGAGAAAGACATAAC-1"
-0.76777998861301,-2.14448523471745,"GCGAGAAAGATCTGCT-1"
-3.77333849426734,-3.20544528911503,"GCGAGAAAGCCAGAAC-1"
-2.33301299568641,-4.20159316013249,"GCGAGAAAGGACTGGT-1"
-3.38602202888954,4.66735386898128,"GCGAGAAAGGAGCGTT-1"
9.78854996207726,0.472258754571357,"GCGAGAAAGTGAAGTT-1"
9.12031704429162,0.574823782344737,"GCGAGAACAAGCCGTC-1"
9.85178810599816,0.95794361879436,"GCGAGAACAATCACAC-1"
-3.3674940442704,-3.35100603053959,"GCGAGAACACAGACAG-1"
-5.02086347099769,-2.8977839941779,"GCGAGAACACCGTTGG-1"
10.4621005678512,-0.840019106368146,"GCGAGAACAGGGCATA-1"
11.0607200289108,0.0998592679700039,"GCGAGAACAGTCCTTC-1"
-0.801755098070979,1.4561263327798,"GCGAGAACAGTGGAGT-1"
-4.35022824760902,-1.5396045441428,"GCGAGAACATGATCCA-1"
-0.758543369736553,0.894106776019015,"GCGAGAACATGGAATA-1"
0.706836881671071,1.10676986028759,"GCGAGAAGTACTCTCC-1"
-0.442570981945873,0.436436612655797,"GCGAGAAGTAGGCTGA-1"
0.117906632456898,2.13617014934627,"GCGAGAAGTATCTGCA-1"
1.84317690375817,-0.039519577721677,"GCGAGAAGTCATCCCT-1"
-3.77670973297584,-0.91956019351872,"GCGAGAAGTCATTAGC-1"
11.3141875887252,0.575040102501788,"GCGAGAAGTCTCTCTG-1"
-3.76145046707618,2.57168674518672,"GCGAGAAGTGAAATCA-1"
1.22861892226708,-0.59104913423451,"GCGAGAAGTGCGCTTG-1"
-2.07491415497291,-1.30264282176884,"GCGAGAAGTGTATGGG-1"
-2.49269789215553,-1.46192121456059,"GCGAGAATCATTCACT-1"
0.432696523699879,-1.66554856250676,"GCGAGAATCCACGACG-1"
0.928507032427907,-1.91063475559147,"GCGAGAATCCCTCAGT-1"
-0.187969741787792,-1.88968920658024,"GCGAGAATCCTGTAGA-1"
2.21514851096642,0.550772190590777,"GCGAGAATCGACCAGC-1"
-1.00405742917585,0.835329533120074,"GCGAGAATCGACGGAA-1"
-2.84972291943061,-1.82952737758549,"GCGAGAATCTCCAACC-1"
10.9393573427535,-0.141462206343732,"GCGAGAATCTGATTCT-1"
-0.750332218971134,-1.32020556877049,"GCGCAACAGAGGTAGA-1"
10.0046401644088,-0.361874281863294,"GCGCAACAGATGGGTC-1"
0.585696640048146,-0.80039286563786,"GCGCAACAGCGTTGCC-1"
1.60522347930443,-0.940782188872419,"GCGCAACAGGAGTTTA-1"
2.37180739882958,1.83493578483669,"GCGCAACAGGCCCTCA-1"
-4.03691905495155,-3.1055009360114,"GCGCAACAGGCTAGGT-1"
-2.85783809181678,-3.87124037692936,"GCGCAACAGGTTCCTA-1"
-3.32413333412635,1.1314638858041,"GCGCAACAGTCACGCC-1"
9.92267662528527,0.131889403363147,"GCGCAACCAAATTGCC-1"
-4.65908401962745,-3.45166706989201,"GCGCAACCAACACCTA-1"
-2.86092561241615,-3.52713274906071,"GCGCAACCAATTGCTG-1"
-3.12878101822364,-0.146300136546216,"GCGCAACCACGAGGTA-1"
11.6072621965743,0.904627115031161,"GCGCAACCACTTACGA-1"
-5.408062396016,2.10528385688869,"GCGCAACCAGCTTAAC-1"
-5.00300448891151,-3.35089969585331,"GCGCAACCATCGATTG-1"
-1.39787563439834,2.82385993053524,"GCGCAACGTATTACCG-1"
-2.93492597099769,-0.345403193930707,"GCGCAACGTCCGTCAG-1"
9.90692669394982,2.14213371326534,"GCGCAACGTCCGTTAA-1"
1.74022585395348,0.339991413553633,"GCGCAACGTCTAGCCG-1"
11.0105434084274,-0.71196889827641,"GCGCAACGTGACTCAT-1"
-2.42539494987953,-0.549078523615918,"GCGCAACGTGAGTATA-1"
2.20787221435082,1.32522726108638,"GCGCAACGTGGCTCCA-1"
-3.18221682068336,-2.145660876731,"GCGCAACGTGGGTCAA-1"
-5.22107404228675,-0.869486093024335,"GCGCAACGTTGATTGC-1"
11.7425456667281,1.98311615039913,"GCGCAACGTTGCTCCT-1"
11.5076261186935,0.543507874508776,"GCGCAACGTTTGGGCC-1"
-3.90065020081031,0.0730280285081051,"GCGCAACTCACGAAGG-1"
-0.419942674603343,-1.83028793285283,"GCGCAACTCCAAATGC-1"
8.23537117484581,1.37567812254039,"GCGCAACTCGCTTAGA-1"
-3.40129250046241,1.51645803501216,"GCGCAACTCGTAGGAG-1"
-1.39836659785736,-1.47506296584996,"GCGCAACTCTGTCTCG-1"
2.11537486556542,-0.137675106028638,"GCGCAGTAGAGGTTAT-1"
-2.48455136772621,2.53702378322689,"GCGCAGTAGGCTACGA-1"
-1.80105912443626,-1.58851051280888,"GCGCAGTAGTAGGTGC-1"
0.157988610301137,11.7645967011651,"GCGCAGTCAAACGTGG-1"
-0.796160367693782,10.5545794968805,"GCGCAGTCAAAGTGCG-1"
-5.28847545143592,0.236290753384509,"GCGCAGTCAGTGACAG-1"
-1.06955886390436,11.0844094758233,"GCGCAGTCAGTTTACG-1"
-2.6527643775605,2.63651990940181,"GCGCAGTCATCCTAGA-1"
-1.62454491611946,-3.55237698505314,"GCGCAGTCATGCGCAC-1"
-1.96886330601203,1.07359159042446,"GCGCAGTCATGGTCAT-1"
-3.40809911247718,-3.68102621982487,"GCGCAGTCATTAGCCA-1"
10.433375897441,0.801544547577777,"GCGCAGTGTACCGAGA-1"
-1.86903571840751,0.838310212393679,"GCGCAGTGTAGGACAC-1"
-2.71297293659675,2.94276428272335,"GCGCAGTGTCAGATAA-1"
11.0699191713668,-0.646887182692609,"GCGCAGTGTCGGCTCA-1"
-4.41277736183631,-3.07176423023137,"GCGCAGTGTGCAACTT-1"
-0.609619018998027,-0.675237416724286,"GCGCAGTGTGCATCTA-1"
-1.56643688436973,2.99088287403194,"GCGCAGTGTTTCGCTC-1"
2.58995396140587,0.44476688702909,"GCGCAGTTCATCACCC-1"
1.70542484763634,1.46488618900386,"GCGCAGTTCATGCAAC-1"
10.738720479045,0.139344811936297,"GCGCAGTTCCATGAAC-1"
-1.46795204040039,-1.20853233287724,"GCGCAGTTCCCTGACT-1"
-2.71873467918861,1.08206570198146,"GCGCAGTTCCGGCACA-1"
-4.1816481923722,-2.72655653903874,"GCGCAGTTCGTAGATC-1"
-3.12601750847328,-1.67112374256047,"GCGCAGTTCGTAGGAG-1"
12.0895867967941,0.297003686924853,"GCGCAGTTCTCAACTT-1"
-0.990768350105763,1.36811196853725,"GCGCCAAAGAAGCCCA-1"
-0.331772384610057,1.1310285930833,"GCGCCAAAGACATAAC-1"
1.72281271461022,-0.572289525965772,"GCGCCAAAGATGTGGC-1"
-1.77263122555244,-3.1387176508704,"GCGCCAAAGCAGACTG-1"
0.293565931353688,-1.21204280803593,"GCGCCAAAGCTATGCT-1"
-2.41562646385658,-4.18403601596745,"GCGCCAAAGGAGTACC-1"
-4.2788287973069,-3.27672481487187,"GCGCCAAAGTACGCCC-1"
-1.33447718378532,-3.60568737934025,"GCGCCAAAGTCTCGGC-1"
9.4747329378463,0.268999502559581,"GCGCCAACAATCAGAA-1"
-5.62324088570106,2.00104033996669,"GCGCCAACAATCTACG-1"
-2.86148804184425,4.77728247692195,"GCGCCAACAATTCCTT-1"
-2.12757843491066,0.77053460528461,"GCGCCAACACGGTAAG-1"
-1.51306891199577,-1.64118385265263,"GCGCCAACATGGTAGG-1"
-4.88404434677589,-0.619515776137433,"GCGCCAACATGTAGTC-1"
-1.68413966652381,-1.99260163257512,"GCGCCAAGTACTCTCC-1"
-2.86393767353523,4.44876122524349,"GCGCCAAGTAGCACGA-1"
3.81468349936974,-4.50736260364445,"GCGCCAAGTCTAGAGG-1"
-2.81750291344154,3.2919337754449,"GCGCCAAGTGCACGAA-1"
-3.98725861069191,-1.05692744205388,"GCGCCAAGTGTTGGGA-1"
-2.42395144459236,4.21719336559383,"GCGCCAAGTGTTTGGT-1"
-1.86590170618522,3.83975625087825,"GCGCCAAGTTACCAGT-1"
-5.42765277382362,2.18197655727474,"GCGCCAATCAAAGACA-1"
-1.87509548422325,2.54739952137081,"GCGCCAATCAACGAAA-1"
-0.354283866848827,-0.0916142756739475,"GCGCCAATCAGTTAGC-1"
-4.33745664116371,-2.73873162219914,"GCGCCAATCATATCGG-1"
-3.43802350517738,-1.01561522434147,"GCGCCAATCCAAACTG-1"
-4.30537837501991,-3.84813475559147,"GCGCCAATCGAACTGT-1"
-3.21593421455848,4.60529065181819,"GCGCCAATCGCTAGCG-1"
0.353709640536427,-0.348064779738507,"GCGCCAATCGCTTAGA-1"
-1.32983246203887,1.18733072330562,"GCGCCAATCGGAATCT-1"
10.8954921388961,0.0348037486275814,"GCGCCAATCGGCTACG-1"
1.31772262099755,1.54755759288875,"GCGCCAATCGGCTTGG-1"
-2.93562263008583,-3.42526030490788,"GCGCCAATCTATCCTA-1"
1.42794186118615,0.287412107487597,"GCGCCAATCTCACATT-1"
-0.542680439915538,-2.27689313838871,"GCGCGATAGATGTGTA-1"
8.60347420218956,-0.892491459349714,"GCGCGATAGGATGGTC-1"
0.0586851263381239,-0.484994887808881,"GCGCGATAGGGAGTAA-1"
8.79629856589806,-0.041061520079694,"GCGCGATAGTACGCCC-1"
10.6667028093673,-0.672927021483503,"GCGCGATAGTCATCCA-1"
-4.60519212242591,-0.180081247786603,"GCGCGATAGTCCGGTC-1"
-2.59162240978706,-3.13012480686101,"GCGCGATAGTGATCGG-1"
-1.12332479413974,1.70592856456844,"GCGCGATAGTGTCCCG-1"
-3.19436281677711,2.31211173584072,"GCGCGATCAACGATCT-1"
-1.5673436498307,-3.21394514987858,"GCGCGATCAACTTGAC-1"
1.04869991782677,2.03753197242824,"GCGCGATCAATAAGCA-1"
-3.22290056702125,0.127666205664553,"GCGCGATCACATGACT-1"
-3.67989080902565,4.03631138851253,"GCGCGATCACGGCCAT-1"
-2.38139194008338,-2.64611291835698,"GCGCGATCACTGCCAG-1"
9.90024906638634,2.01187324573604,"GCGCGATCAGCAGTTT-1"
-3.68437164780128,-3.72947144458684,"GCGCGATCAGGAATGC-1"
9.91724258903039,2.03495204498378,"GCGCGATCAGGTCGTC-1"
-3.84033483025062,-0.0759938950339176,"GCGCGATCAGTGAGTG-1"
-2.23226707931983,4.52461981823055,"GCGCGATCATATGCTG-1"
3.58771521094811,-4.47028565357121,"GCGCGATGTACATGTC-1"
-1.77948522325981,3.99035000850765,"GCGCGATGTACTCGCG-1"
-2.77036994453895,0.00646069695559959,"GCGCGATGTCCAGTTA-1"
-2.82810812946785,-2.95210695217045,"GCGCGATGTCGCGTGT-1"
-3.81765883919227,-4.27740979144963,"GCGCGATGTCTACCTC-1"
-2.56194239613044,-3.96210408161076,"GCGCGATGTCTGATCA-1"
7.70976120475304,1.35048592140285,"GCGCGATGTCTTGCGG-1"
-1.33145710584152,1.99967956592647,"GCGCGATGTGTCAATC-1"
-3.12744277473915,-3.16068863819035,"GCGCGATGTTCGGGCT-1"
1.31981522086632,2.01431524803249,"GCGCGATTCACGATGT-1"
1.78874713424218,-0.326880037287793,"GCGCGATTCATCTGCC-1"
-5.55566352364051,-2.01595282504948,"GCGCGATTCCTAGTGA-1"
8.51882606986535,-0.250272273520551,"GCGCGATTCCTTGGTC-1"
-3.4532968377732,-2.85090851734074,"GCGCGATTCGGCGCAT-1"
-1.90517902132499,-1.59747409770878,"GCGCGATTCTCCCTGA-1"
-3.3010775422715,1.90392768432704,"GCGCGATTCTGATTCT-1"
-1.49109756704795,-3.9187915320197,"GCGCGATTCTTTCCTC-1"
3.59912497046959,-4.35017561862858,"GCGGGTTAGCAAATCA-1"
-1.50286274906623,2.82189035465328,"GCGGGTTAGCAGATCG-1"
-4.12868946548927,-1.49606740425023,"GCGGGTTAGCGACGTA-1"
-3.76566236969459,-2.74941205928715,"GCGGGTTAGGAGTACC-1"
10.2532525682784,-0.219819426039777,"GCGGGTTAGGCTAGCA-1"
-4.87644380089271,-1.62864947269352,"GCGGGTTAGGGTTTCT-1"
-4.95711010452735,-0.142176806429944,"GCGGGTTAGTGGTCCC-1"
-5.19438069817054,0.481599979599395,"GCGGGTTCAATCAGAA-1"
10.1353812837936,1.07741344024745,"GCGGGTTCACCAGTTA-1"
-2.4381088590287,1.16847944309322,"GCGGGTTCAGGGTACA-1"
-0.897826825644851,-2.80827259967717,"GCGGGTTCAGGTCTCG-1"
9.38986832145226,1.42149472286312,"GCGGGTTCATGCGCAC-1"
-0.631436107125163,-0.546710133055768,"GCGGGTTGTCCAACTA-1"
11.1942449236251,-0.426435291270337,"GCGGGTTGTCCGAAGA-1"
1.59907537940514,1.05096554805843,"GCGGGTTGTCTCAACA-1"
-2.66668098923194,2.6619768147668,"GCGGGTTGTCTTCAAG-1"
-2.56820648666847,-3.29660892436894,"GCGGGTTGTGACCAAG-1"
-1.16520297285545,-0.905751823882184,"GCGGGTTGTGAGTGAC-1"
-1.4387839114331,-1.56508207271489,"GCGGGTTGTGTGGCTC-1"
-1.78965210672843,1.95540213634578,"GCGGGTTGTTACCAGT-1"
-3.60671132561195,-0.0825094277659275,"GCGGGTTGTTTGTTTC-1"
10.5766053819991,1.33710980465023,"GCGGGTTTCAACCATG-1"
-3.45413464066017,-2.96384406040104,"GCGGGTTTCACCCTCA-1"
11.1021762514449,0.353720129033007,"GCGGGTTTCATTTGGG-1"
-3.26800006386268,-1.01465880821141,"GCGGGTTTCCCGACTT-1"
-1.32232513782012,-3.36589670131596,"GCGGGTTTCCCTCTTT-1"
-2.18207293507087,-4.10049796054753,"GCGGGTTTCGAACGGA-1"
-5.50940078255165,-0.105186879138074,"GCGGGTTTCGTTGCCT-1"
-1.32823151108253,-0.977870583037458,"GCGGGTTTCTCGCTTG-1"
1.99093872550499,1.20806598713008,"GCGGGTTTCTGTCCGT-1"
-2.6641671037339,4.60316348125545,"GCTCCTAAGAATGTGT-1"
8.24332577231896,-0.405029177168927,"GCTCCTAAGAGCTATA-1"
-4.52941387650001,-3.56937003086003,"GCTCCTAAGCGTTTAC-1"
-4.49052089210975,-1.05739164302739,"GCTCCTAAGGTGATTA-1"
-2.74902695175636,-3.90291714618596,"GCTCCTAAGTCCAGGA-1"
-1.08407310154665,-1.08381760070714,"GCTCCTAAGTGGACGT-1"
2.51568418982995,0.772723615666308,"GCTCCTACAAAGTCAA-1"
-2.79587501045692,-2.4222185606757,"GCTCCTACACACATGT-1"
-4.14775293823707,3.39042019893733,"GCTCCTACACCCATTC-1"
-0.650536892380596,-0.215952634314618,"GCTCCTACACCGTTGG-1"
10.1903186464645,0.72747349788753,"GCTCCTACACGGCGTT-1"
0.836802783045888,-1.77509474704655,"GCTCCTACACGTGAGA-1"
0.0351910019255873,1.04158997585384,"GCTCCTACAGATCGGA-1"
10.1010213518478,0.0675637130936764,"GCTCCTACAGTCACTA-1"
-4.99438661095131,-2.51194953868779,"GCTCCTACATCGATGT-1"
8.03036266807091,0.370005738486924,"GCTCCTACATCTCCCA-1"
10.5068183565475,-0.637116550902448,"GCTCCTACATGGGACA-1"
-4.071383414235,-4.12991690586003,"GCTCCTACATTGCGGC-1"
8.97062355521691,-0.318773388365827,"GCTCCTAGTAGCGCTC-1"
-5.39999431129921,0.451376017679848,"GCTCCTAGTCTCATCC-1"
-1.62881070133674,-0.336857735613904,"GCTCCTAGTGGTAACG-1"
0.898296656642079,-2.13577246616276,"GCTCCTAGTTTGTTTC-1"
-0.0139577960633043,-1.83373784969243,"GCTCCTATCAATCTCT-1"
-1.72726666685569,4.08440017749874,"GCTCCTATCCTTTCGG-1"
-0.931977250989557,9.86075377513973,"GCTCCTATCGGCCGAT-1"
10.7812848711349,1.12003332426158,"GCTCCTATCTAGCACA-1"
2.56752735618126,0.581186906000056,"GCTCTGTAGAAGGCCT-1"
-2.47122698780525,-1.45212268779667,"GCTCTGTAGACAAAGG-1"
-1.48267072197425,2.11588752319423,"GCTCTGTAGCGACGTA-1"
10.1045022631027,2.36168301155178,"GCTCTGTAGGCGATAC-1"
-0.609056172337413,11.5158603196344,"GCTCTGTAGGCTAGCA-1"
-3.53707927223671,1.58306717922298,"GCTCTGTAGGCTATCT-1"
-0.22261023279655,2.31649196197597,"GCTCTGTAGTACGCGA-1"
-2.85927635189521,-1.31006073902043,"GCTCTGTAGTAGTGCG-1"
-3.23019951340187,-1.39085614631566,"GCTCTGTCACAGAGGT-1"
-5.07165235039222,-1.93088269184025,"GCTCTGTCACATAACC-1"
-5.28971522804725,0.0989805762967251,"GCTCTGTCACGGTGTC-1"
-0.343156096901775,-3.01292395542058,"GCTCTGTCAGACAAAT-1"
0.984232130084157,0.198806122442164,"GCTCTGTCATAAGACA-1"
-0.509091017212749,0.233005285759845,"GCTCTGTCATCACAAC-1"
9.96384674552453,-1.25802743385228,"GCTCTGTCATGTTCCC-1"
-3.35808175560462,4.66598439266292,"GCTCTGTCATTGGCGC-1"
3.6911750460006,-4.61497139881047,"GCTCTGTCATTTCACT-1"
-3.58675807472694,-1.90122795055302,"GCTCTGTGTAGCGTGA-1"
-0.893214282956004,-1.33260834167393,"GCTCTGTGTAGGCTGA-1"
-0.457990643944621,-2.80297064731511,"GCTCTGTGTCATCGGC-1"
-1.00847680066156,1.79914450695125,"GCTCTGTGTTACGGAG-1"
-3.92283099647987,3.56913423587886,"GCTCTGTGTTCCGGCA-1"
-3.31441157814491,3.5428578858575,"GCTCTGTTCAACCAAC-1"
2.0608153963424,2.03255808403102,"GCTCTGTTCAGAAATG-1"
2.55202752593529,1.45049154808132,"GCTCTGTTCCACGTGG-1"
-3.95904820915687,-3.01824307392033,"GCTCTGTTCCTAAGTG-1"
0.444468679461598,-0.371856808165631,"GCTCTGTTCGAATCCA-1"
-2.57947391029823,2.49036002208797,"GCTGCAGAGATCTGCT-1"
0.259992780718922,11.9238259797296,"GCTGCAGAGATGGCGT-1"
-5.28717225548256,-1.61811232517155,"GCTGCAGAGCACCGTC-1"
-1.2298132455014,0.82810312559215,"GCTGCAGAGCGCTTAT-1"
-4.77036636826027,0.804989308615603,"GCTGCAGAGCTGAAAT-1"
11.3756175661422,0.773562580843844,"GCTGCAGAGGACCACA-1"
-2.89887255188453,3.93211460163204,"GCTGCAGAGGCAGGTT-1"
-2.48172205444801,1.8485801224908,"GCTGCAGAGGCGATAC-1"
9.6013312960006,-0.815725087622724,"GCTGCAGAGTGCCATT-1"
-1.45367246624458,4.23926973392574,"GCTGCAGAGTTCCACA-1"
3.91369158271325,-4.70056319187077,"GCTGCAGAGTTGAGAT-1"
-1.28009035941589,0.394438857709446,"GCTGCAGCAATAGCGG-1"
9.34764725211632,-0.0372757310667851,"GCTGCAGCACCTATCC-1"
-4.15065306183326,-0.649771928290448,"GCTGCAGCAGATGAGC-1"
-0.0804589366577867,-1.88127040813359,"GCTGCAGCATCACCCT-1"
8.02499443534386,0.42195799530802,"GCTGCAGGTAAACCTC-1"
-1.14592264350879,11.0929858689508,"GCTGCAGGTAGCTTGT-1"
-4.67584174629676,-1.84538745830449,"GCTGCAGGTCAGGACA-1"
-3.27280992027748,-3.45474767635258,"GCTGCAGGTCCAGTTA-1"
-2.42400938030708,1.22893476535884,"GCTGCAGGTCGAACAG-1"
0.84987694266808,1.81804597427455,"GCTGCAGGTCGCGTGT-1"
-5.28880971428382,-2.60790800998601,"GCTGCAGGTCTAAACC-1"
1.79710489753258,0.500172168513217,"GCTGCAGGTCTCTCGT-1"
-0.658812848296047,-0.105691015223584,"GCTGCAGGTGGTACAG-1"
-3.20463841911781,-1.70186424205693,"GCTGCAGGTGTCTGAT-1"
-4.86099880691993,1.66222930004207,"GCTGCAGGTGTTGAGG-1"
9.60692554954064,0.0374369626244686,"GCTGCAGGTTACGACT-1"
1.4337549829818,2.5119798188409,"GCTGCAGTCAGGTAAA-1"
-2.53493577000129,3.76184964229671,"GCTGCAGTCGGATGGA-1"
0.267793478999257,11.9446542267999,"GCTGCGAAGACTAAGT-1"
-1.92632657047737,-3.2649497980872,"GCTGCGAAGCTAAGAT-1"
11.0852580690719,-0.483068108061872,"GCTGCGAAGCTACCTA-1"
-3.02063935753334,-3.00257801959904,"GCTGCGAAGCTAGGCA-1"
-1.6253617977761,-0.900930165747724,"GCTGCGAAGGAATTAC-1"
-0.126221415963054,1.14519804765789,"GCTGCGAAGTACTTGC-1"
8.14609200004113,1.65658772041408,"GCTGCGACAAGGACTG-1"
0.556271615061879,-2.64699196765812,"GCTGCGACACGTCTCT-1"
-4.73478263374794,0.454888944079556,"GCTGCGACATATGAGA-1"
-2.97287851330268,-0.0467120106020786,"GCTGCGAGTATAAACG-1"
-2.43289965149391,-1.57470846126469,"GCTGCGAGTCATACTG-1"
7.90535217765343,1.76158094455806,"GCTGCGAGTCTGATTG-1"
10.2818494463302,1.04649072935192,"GCTGCGAGTGAAGGCT-1"
10.726986470256,0.610955581565776,"GCTGCGAGTTAGGGTG-1"
-2.7386357164048,-0.0615909988680698,"GCTGCGAGTTCACCTC-1"
2.4067819738723,0.454152174790778,"GCTGCGAGTTCTCATT-1"
-3.53186863419044,-0.0339409107962467,"GCTGCGAGTTGGAGGT-1"
-0.998081979252428,1.70713293602077,"GCTGCGAGTTGGGACA-1"
-4.34662073608863,-2.61593890140446,"GCTGCGATCAACCAAC-1"
-3.70962017532814,2.51775240947811,"GCTGCGATCAAGGCTT-1"
-1.00720949415493,10.8488013749322,"GCTGCGATCTTTACGT-1"
-2.99585121628273,-3.78363919208439,"GCTGCTTAGATCACGG-1"
-2.67602818962562,1.56875026275722,"GCTGCTTAGATCCCGC-1"
10.1045060777999,0.941693604489245,"GCTGCTTAGCGATTCT-1"
-0.915336829986453,-3.56183075855168,"GCTGCTTAGGCATGTG-1"
-2.71618753429878,4.47857165386287,"GCTGCTTAGGGATCTG-1"
10.8290649080611,1.26685714771358,"GCTGCTTAGTCCTCCT-1"
1.10702115539086,-1.56228983352574,"GCTGCTTCAAGTCTAC-1"
10.2153449678756,2.1329572205743,"GCTGCTTCACAACGCC-1"
-4.29309719559181,1.24010276844112,"GCTGCTTCACGAAACG-1"
-3.25346249100196,-4.31932043979558,"GCTGCTTCACGCCAGT-1"
10.2873321199752,1.08693242122737,"GCTGCTTCAGGCGATA-1"
-5.19819968697059,1.47875142147151,"GCTGCTTCATCCTAGA-1"
8.38929707053673,0.998196185131945,"GCTGCTTCATGTTGAC-1"
-3.14552491661537,3.63214612056819,"GCTGCTTCATTTGCCC-1"
-4.01866167541969,0.929829717179217,"GCTGCTTGTAAAGGAG-1"
-2.67948227879035,-3.39489102313908,"GCTGCTTGTACGAAAT-1"
12.2493472719527,0.248813346525111,"GCTGCTTGTAGCGTGA-1"
-1.58938067909706,1.14546465923397,"GCTGCTTGTATGAATG-1"
9.867985310588,-0.817753672103009,"GCTGCTTGTCATGCAT-1"
-4.7708975648545,-0.0619638855257847,"GCTGCTTGTGATAAAC-1"
-0.531868723597408,-1.39794516513737,"GCTGCTTGTTAAGTAG-1"
0.247283878359914,11.8959538941583,"GCTGCTTGTTCCATGA-1"
-2.3159928893708,-2.23798417995366,"GCTGCTTGTTGCCTCT-1"
-2.61009531971443,-2.1974711413184,"GCTGCTTTCACCATAG-1"
3.46851259711754,-4.2621581549445,"GCTGCTTTCCTAAGTG-1"
-2.73862808701026,-3.65522980640324,"GCTGCTTTCGGAAATA-1"
-3.52549689766395,3.61476326038448,"GCTGCTTTCTTTAGGG-1"
-1.44177314397323,1.78372025539485,"GCTGGGTAGCGATTCT-1"
8.00651413444054,1.79500925590602,"GCTGGGTAGCTAGCCC-1"
-4.74189179893959,-0.903348326186261,"GCTGGGTAGGACACCA-1"
-0.582120237316966,-0.605286240080915,"GCTGGGTAGGTGCTAG-1"
8.55437904838097,-0.0868286187449314,"GCTGGGTAGTTCCACA-1"
-2.91883569714057,-3.42005085895451,"GCTGGGTAGTTCGCAT-1"
-5.04603618141639,-0.895541667441449,"GCTGGGTCACACAGAG-1"
-3.64321273323524,-3.96577334354313,"GCTGGGTCACGTAAGG-1"
-2.08456820007789,3.79564809848873,"GCTGGGTCACGTCTCT-1"
0.265822949442982,11.9123542313775,"GCTGGGTCAGACACTT-1"
1.88423520568383,1.6724166875085,"GCTGGGTCATAGAAAC-1"
-3.34805243965614,0.612476870914378,"GCTGGGTCATCCCACT-1"
1.8783293390609,2.45367050220577,"GCTGGGTCATGGTCAT-1"
0.335526409182667,-2.15452146480473,"GCTGGGTGTCCGTTAA-1"
10.840174260173,-0.697495817641339,"GCTGGGTGTCGCGTGT-1"
-2.13036077972877,-0.476902544001661,"GCTGGGTGTGAAAGAG-1"
-1.28560241815078,-1.92072415302189,"GCTGGGTGTGTGAATA-1"
-4.47663825508583,-3.99011778781804,"GCTGGGTTCACCAGGC-1"
-0.267920074429393,0.826345593233981,"GCTGGGTTCACCTCGT-1"
10.1793504381515,-0.346474587420545,"GCTGGGTTCATTGCCC-1"
-3.79080718513954,-2.60901308010014,"GCTGGGTTCCGCGGTA-1"
9.12949806693566,-0.527226268748365,"GCTGGGTTCCTCATTA-1"
0.270296754870534,-1.24877011726292,"GCTGGGTTCGTCCAGG-1"
2.51668673995507,0.357372921456971,"GCTGGGTTCTAACTTC-1"
9.75720077994835,1.65792965938655,"GCTGGGTTCTGCGACG-1"
-4.62349933144081,1.4481849675378,"GCTGGGTTCTGCTGCT-1"
0.954231920275807,-1.43542432735356,"GCTTCCAAGGTGTTAA-1"
1.42043262961876,-1.05193924854191,"GCTTCCACAAAGTCAA-1"
-0.41809397694099,0.971400678654589,"GCTTCCACACTTCTGC-1"
-4.88189524170387,0.696619809170642,"GCTTCCACAGACGCCT-1"
-4.10050695892799,-2.67470240543278,"GCTTCCACAGACGTAG-1"
-3.03879159447181,3.77881312419979,"GCTTCCACAGGGATTG-1"
-4.90456217285621,0.106433719893374,"GCTTCCACAGTATCTG-1"
-3.24210995193946,0.312377408643641,"GCTTCCAGTAGAGCTG-1"
-5.03258031364906,2.65009260227291,"GCTTCCAGTCCGTTAA-1"
9.77620369437706,2.1184558873376,"GCTTCCAGTGAGGCTA-1"
-2.08253615852821,-3.92200970600041,"GCTTCCAGTTGCGTTA-1"
10.2968192720748,-0.840896725157819,"GCTTCCAGTTTGCATG-1"
-4.60799211021888,0.22930580427257,"GCTTCCATCAAGGTAA-1"
-4.3846363401078,-0.262812256316266,"GCTTCCATCAGGCGAA-1"
1.39363843444359,-0.228373288611493,"GCTTCCATCATACGGT-1"
-5.33333867546547,-2.61115121791752,"GCTTCCATCATAGCAC-1"
-1.85145765301216,1.74066436340419,"GCTTCCATCATGTAGC-1"
1.44741684440148,2.45289921810237,"GCTTCCATCGGAATCT-1"
-5.07794612404335,-1.6417968268195,"GCTTCCATCGTGGACC-1"
-5.64691823479164,1.58987939407436,"GCTTCCATCTTTACGT-1"
-1.08194203433025,10.9917266373834,"GCTTCCATCTTTCCTC-1"
1.78984767440331,-0.45228165338429,"GCTTGAAAGTACGTTC-1"
-2.93970626350868,-0.270144402484021,"GCTTGAAAGTAGCGGT-1"
-3.05432122704017,4.78082823803035,"GCTTGAAAGTATCTCG-1"
11.1121993685104,0.318965524931826,"GCTTGAAAGTCCAGGA-1"
-3.24735373016822,-0.112913965682111,"GCTTGAAAGTCCATAC-1"
8.74927765372765,4.03064084102718,"GCTTGAAAGTGGGTTG-1"
-1.91791808363426,0.895681798954882,"GCTTGAACAAGCCCAC-1"
-4.26579946037757,-3.28485798786076,"GCTTGAACACACGCTG-1"
-0.459249672856212,2.66157007267086,"GCTTGAACAGCTGTGC-1"
9.8623347902633,0.340920888384261,"GCTTGAACAGTATAAG-1"
1.23076063636315,-1.0733678335944,"GCTTGAACATCACCCT-1"
1.84086281302941,2.15971124221889,"GCTTGAAGTATCACCA-1"
0.172850670848012,-1.78945803592595,"GCTTGAAGTCACTTCC-1"
-0.941044540520788,-3.37319159458073,"GCTTGAAGTCCAAGTT-1"
-2.74816125389564,-3.66785407016667,"GCTTGAAGTCCAGTAT-1"
-5.14369624611366,-1.99824309299382,"GCTTGAAGTCTTCGTC-1"
0.478087606463551,-1.14086520622166,"GCTTGAAGTGCAGTAG-1"
-0.586185661520839,10.2430379395684,"GCTTGAAGTGCTCTTC-1"
-3.1256498670243,-0.97531974265965,"GCTTGAAGTTAAGACA-1"
-4.99583762642372,-2.10676503131779,"GCTTGAAGTTACCAGT-1"
-3.58053821083534,-2.93586921642216,"GCTTGAAGTTCCACTC-1"
-2.1261975145005,0.168933049341121,"GCTTGAAGTTTAAGCC-1"
-1.97272521015632,2.19254779865352,"GCTTGAATCATCTGCC-1"
1.83616048339379,-0.460951625804029,"GCTTGAATCCAAAGTC-1"
-0.881057826247096,-2.2250704760352,"GCTTGAATCCAAATGC-1"
-2.51731067654121,-0.367857455710492,"GCTTGAATCCAGAAGG-1"
-3.03539269920814,-3.78053402851017,"GCTTGAATCCGAATGT-1"
-5.7600025510453,-0.292677580813489,"GCTTGAATCCGTCAAA-1"
-2.36557012554634,-0.552783011893354,"GCTTGAATCGCACTCT-1"
-4.93453615662086,-0.778619527319989,"GCTTGAATCGCCGTGA-1"
-1.38722046967971,3.0000488763055,"GCTTGAATCGCTTGTC-1"
0.184767069850087,1.69182598640529,"GGAAAGCAGACTGGGT-1"
-1.81591975447166,3.2130935197076,"GGAAAGCAGCCCGAAA-1"
9.18844086173546,0.793610036869921,"GGAAAGCAGGCTACGA-1"
-1.37048715111244,-2.88034605930241,"GGAAAGCAGTCTCAAC-1"
-3.37983745094764,-1.13574933956059,"GGAAAGCAGTGTACTC-1"
0.233032765421986,-2.44709277103337,"GGAAAGCCAAGAGTCG-1"
3.70895916465294,-4.47384285877141,"GGAAAGCCAAGTCTGT-1"
-5.4929856633805,-0.191202163199506,"GGAAAGCCACAACGTT-1"
-1.4870390867852,1.31684482147304,"GGAAAGCCACAGCGTC-1"
1.26287538054955,-0.335969030360303,"GGAAAGCCACGACTCG-1"
-2.39226716515052,1.7504458432397,"GGAAAGCCACGGTAGA-1"
-1.87358528133857,2.00679993679134,"GGAAAGCCAGCTGTTA-1"
1.84828001502526,-0.291370570162854,"GGAAAGCCAGGTCGTC-1"
10.160655560527,-0.369489013651929,"GGAAAGCCAGTGACAG-1"
0.833653988871693,-0.997457861403547,"GGAAAGCCATAACCTG-1"
0.749471726451039,-1.30309116790684,"GGAAAGCCATCACAAC-1"
0.855274381671071,-1.68826150844487,"GGAAAGCCATGGTCAT-1"
9.29408699515831,0.225979596873202,"GGAAAGCCATTAGCCA-1"
-2.18974655624855,-0.816861390570722,"GGAAAGCCATTTCAGG-1"
-2.94725757595527,-1.63949394176396,"GGAAAGCGTAAGAGAG-1"
-5.26398509499061,-1.17410874317082,"GGAAAGCGTAATCACC-1"
-3.9983407830857,-2.77796578357609,"GGAAAGCGTAGTAGTA-1"
10.1625219011642,2.38528955032436,"GGAAAGCGTCCAGTGC-1"
-3.67139762398231,-4.17070078800114,"GGAAAGCGTGTGAAAT-1"
0.587581815753102,-0.157602607707105,"GGAAAGCGTTAGAACA-1"
-3.93558901306617,-3.75704598377141,"GGAAAGCGTTAGGGTG-1"
-5.33713763710487,1.12616407920925,"GGAAAGCGTTCACGGC-1"
1.23010736945641,0.531058729191699,"GGAAAGCTCACAGTAC-1"
-1.28645577785003,-2.47752618739995,"GGAAAGCTCAGTCAGT-1"
-2.7815416431092,-1.83641958187016,"GGAAAGCTCATGTAGC-1"
-0.683333007063747,-2.0580770964423,"GGAAAGCTCCAGTATG-1"
2.09507996085656,-0.417993723849378,"GGAAAGCTCCGTAGTA-1"
-1.03963383045423,-2.06891727397831,"GGAAAGCTCCTCATTA-1"
9.8007827425338,0.892209470768847,"GGAAAGCTCGGACAAG-1"
-4.58750146385658,-2.76117515514287,"GGAAAGCTCGTCACGG-1"
2.34637147429955,1.52765440990535,"GGAAAGCTCTAACGGT-1"
0.0453892374373671,11.5668895249566,"GGAAAGCTCTCCCTGA-1"
-3.07208007332313,0.0817162995537899,"GGAAAGCTCTTGGGTA-1"
-1.20915588494766,0.892747372885623,"GGAACTTAGAGTACCG-1"
-2.57712310310829,2.96949696590511,"GGAACTTAGATTACCC-1"
0.709727826151967,2.00852036525814,"GGAACTTAGCGATATA-1"
-2.92405420299995,4.62110686351863,"GGAACTTAGCGCCTTG-1"
8.020817341838,1.79757082511989,"GGAACTTAGCTAAACA-1"
-3.04659312721717,-0.00677433560284157,"GGAACTTAGGGTTTCT-1"
10.4384713793136,-0.384924768904767,"GGAACTTAGGTGTTAA-1"
-2.233257708516,1.22324067403881,"GGAACTTAGTGTGAAT-1"
-4.54641812798011,0.248182699581065,"GGAACTTAGTTCCACA-1"
-0.647723016705394,-0.775537609557233,"GGAACTTCAACGCACC-1"
-2.44719546791542,-3.58235955188664,"GGAACTTCAACTTGAC-1"
-1.08576495703685,-0.497742175559125,"GGAACTTCACTGTTAG-1"
-1.22346094008911,-1.93633890102299,"GGAACTTCAGGGAGAG-1"
-3.03215044495094,3.52245307018367,"GGAACTTCATAGACTC-1"
-1.21380616482723,-1.46595549533757,"GGAACTTCATCCGCGA-1"
-5.46648114677894,2.28005909969417,"GGAACTTCATCCGTGG-1"
-2.49448984619606,-1.31412088821324,"GGAACTTCATGCCTTC-1"
-3.76323073860633,-4.08180689762028,"GGAACTTCATTCCTGC-1"
-4.45897501465309,-3.7354943747321,"GGAACTTGTAAACACA-1"
11.0740771913863,1.01229298164455,"GGAACTTGTACGCTGC-1"
-4.29627364632118,-3.75500130603703,"GGAACTTGTACTTAGC-1"
-4.76220482346046,-1.25867891261967,"GGAACTTGTATATCCG-1"
8.44166141990197,-0.743794083098493,"GGAACTTGTCCAAGTT-1"
-2.65632074829567,-0.516366242865644,"GGAACTTGTCGCGGTT-1"
-3.10319083687294,-3.89877772281559,"GGAACTTGTCTGATCA-1"
-4.9587649678849,0.901533395548739,"GGAACTTGTGATGTGG-1"
-0.466929850544811,-1.85211348483952,"GGAACTTGTGTGCGTC-1"
-4.62680381294715,-2.68528151462468,"GGAACTTTCACATACG-1"
-3.58587854858863,-1.5330184693137,"GGAACTTTCAGTACGT-1"
-1.71637707706916,2.73978781749813,"GGAACTTTCCGTTGTC-1"
-4.16151398178566,-2.05778574893864,"GGAACTTTCCTTGCCA-1"
-1.64096534010398,1.67978954364864,"GGAACTTTCGCGTAGC-1"
-0.828465518917919,-1.7970428461829,"GGAACTTTCGTGGTCG-1"
11.0147386217452,-0.480066120127759,"GGAATAAAGCACAGGT-1"
-0.0215544080399278,-0.302172660330854,"GGAATAAAGCAGGCTA-1"
11.0378184938766,0.364986435075679,"GGAATAAAGCTCAACT-1"
1.05510694030297,0.729125202198901,"GGAATAAAGTGATCGG-1"
10.0447688722945,-1.1136670107642,"GGAATAACAATAGCGG-1"
10.4020991945602,1.28585273077098,"GGAATAACACACGCTG-1"
1.63956052306664,1.48427796413509,"GGAATAACACAGGAGT-1"
7.80843883994591,1.49112725307552,"GGAATAACACCAGCAC-1"
0.141672554049611,0.358635593702473,"GGAATAACACCTCGTT-1"
-1.08404002841938,-1.95280313442143,"GGAATAACAGATCGGA-1"
10.2554174089767,-0.315250813464246,"GGAATAACATGGTCTA-1"
9.80901581290734,-0.528665422896466,"GGAATAAGTAACGCGA-1"
-2.17292946335304,0.920344114800372,"GGAATAAGTCATTAGC-1"
-1.55623823162544,-1.01853811691197,"GGAATAAGTCCGTTAA-1"
-5.10007709022987,1.24137955953685,"GGAATAAGTGACAAAT-1"
-4.17553084846962,2.72377133419124,"GGAATAATCACTATTC-1"
1.68406588080895,2.07611322452632,"GGAATAATCACTTACT-1"
-2.33474915977943,-0.539094566802106,"GGAATAATCGGAATCT-1"
-5.00369161125648,1.62418854286281,"GGAATAATCTCCTATA-1"
-2.38184386250007,3.11146807720272,"GGAATAATCTCGCATC-1"
-4.01421755310524,3.8703999524316,"GGAATAATCTGAGTGT-1"
-4.40398305412757,-4.02570176074894,"GGAATAATCTGCTGCT-1"
-5.59102242943275,-0.115464090804181,"GGAATAATCTTGGGTA-1"
-0.512703535523296,-0.216028034190259,"GGACAAGAGCCTCGTG-1"
1.63444072249901,-0.316207050780378,"GGACAAGAGCGATCCC-1"
-3.65552943703163,-4.13976836154851,"GGACAAGAGGACATTA-1"
-1.82326197382438,-0.541729390124402,"GGACAAGAGTACGATA-1"
-2.28273492809761,1.3554485445222,"GGACAAGAGTGTACGG-1"
-1.48465719577301,0.950622261067309,"GGACAAGCACAGGTTT-1"
-1.91670250650871,3.53155469944087,"GGACAAGCAGGATTGG-1"
-3.99838202949989,-2.45561838100346,"GGACAAGCAGGTGGAT-1"
1.48152762893212,1.31008410503475,"GGACAAGCAGTCAGCC-1"
10.8865466738082,1.29328072120754,"GGACAAGCATATACCG-1"
1.34528810027611,1.89573633720485,"GGACAAGCATGCCTAA-1"
-2.42478459831703,-2.89079880664738,"GGACAAGCATGGTCTA-1"
-2.8411348437928,-2.09343767116459,"GGACAAGCATTGGGCC-1"
9.6927037859298,0.506038770576396,"GGACAAGGTAAGTGTA-1"
-5.68509095665443,1.80353117038814,"GGACAAGGTACTCGCG-1"
-1.88334160801399,-0.446530937651715,"GGACAAGGTCAATGTC-1"
-3.7984763955735,-3.01859426448735,"GGACAAGGTTGATTCG-1"
-0.0770402526520494,-3.09494590709599,"GGACAAGTCATGTCTT-1"
10.6712337160445,1.17842304756252,"GGACAAGTCCTATGTT-1"
1.02522355559838,-0.718825101355634,"GGACAAGTCCTGCCAT-1"
-2.51842564102638,-0.54051190565022,"GGACAAGTCGTGGACC-1"
-3.33993524071205,-2.10316848705205,"GGACAAGTCTCTGTCG-1"
-1.28986745831001,1.69134593059627,"GGACAAGTCTTGCATT-1"
-0.279506263699413,-0.160690903166852,"GGACAGAAGACTAAGT-1"
-1.69847887512672,-1.62531495044621,"GGACAGAAGATCGATA-1"
-1.19016909357536,2.06665611316768,"GGACAGAAGCAGACTG-1"
-4.97795647140968,-2.23868012378605,"GGACAGAAGCTAGTCT-1"
1.38578278068078,1.56582248260585,"GGACAGAAGCTAGTGG-1"
-4.32353561874855,-1.19120824287327,"GGACAGACAAGTTGTC-1"
-3.08013885971534,-3.83031535098942,"GGACAGACACAGAGGT-1"
-0.371574697461009,-1.59801793048771,"GGACAGACACTAGTAC-1"
-2.64700251575935,2.94818067600337,"GGACAGACACTGAAGG-1"
-0.721071419682384,-0.903463005522809,"GGACAGACAGACAAGC-1"
-2.13670104500282,-3.72793793628605,"GGACAGAGTAACGCGA-1"
-1.24579390641677,1.94339132358638,"GGACAGAGTAGCGCTC-1"
-1.22815528270233,-3.21428728053959,"GGACAGAGTAGTGAAT-1"
9.20884949210656,3.37264561702816,"GGACAGAGTATTAGCC-1"
2.07015615943444,-0.639052152136884,"GGACAGAGTCGGGTCT-1"
-3.12452429291236,-2.56238675067814,"GGACAGAGTGTTCTTT-1"
10.942990841899,0.31671737929193,"GGACAGATCACGACTA-1"
-2.29598051067817,1.90531706859676,"GGACAGATCACGCGGT-1"
9.96949059012902,-1.24907076309117,"GGACAGATCCACGTGG-1"
-3.56308525558937,-0.998409270743451,"GGACAGATCCATGAAC-1"
-1.46500330921638,-1.91952061603459,"GGACAGATCGAATGGG-1"
-3.74370306488502,-4.17761731098088,"GGACAGATCGGACAAG-1"
-3.19943159576881,2.20901835014431,"GGACAGATCGGTGTTA-1"
1.74526101592553,0.97308433105556,"GGACAGATCGTTACGA-1"
9.56727749351037,0.763954818745532,"GGACAGATCGTTGACA-1"
10.9020028734542,0.0786874895295284,"GGACAGATCGTTTATC-1"
0.499155106577992,-1.80076217601689,"GGACAGATCTATGTGG-1"
-0.926840563681007,-0.738349914053998,"GGACAGATCTTCTGGC-1"
-4.11652129646766,-0.130001127223096,"GGACAGATCTTGAGAC-1"
-1.67876887079704,1.18131119062511,"GGACATTAGATATGGT-1"
-4.50473969933021,-1.56287300537022,"GGACATTAGATTACCC-1"
-4.35583752151954,-4.1579363341132,"GGACATTAGCAATCTC-1"
-3.84898942467201,-3.20058202693852,"GGACATTAGCCAGTAG-1"
-0.9553857049011,0.98268020202724,"GGACATTAGCCGTCGT-1"
-2.94210773464668,-3.66896557758244,"GGACATTAGGAGCGAG-1"
8.66543442252648,1.22496259262172,"GGACATTAGGTGATTA-1"
10.9965644502975,1.05438345720378,"GGACATTAGTAGGCCA-1"
-3.80080502983558,2.90194606830684,"GGACATTCAAGGTGTG-1"
-1.02841496225822,-0.852131723860822,"GGACATTCACGGCCAT-1"
9.7923713350631,0.509406045576014,"GGACATTCAGTGGAGT-1"
8.73160988334191,-0.528811990717969,"GGACATTCATTGTGCA-1"
-4.44112032410133,-3.0737922186652,"GGACATTGTAAGTGGC-1"
-2.85825043674934,3.92502522518245,"GGACATTGTAATAGCA-1"
-3.42039912697303,0.669678688546099,"GGACATTGTATTAGCC-1"
-2.56544714924324,-0.725260138014875,"GGACATTGTCGACTGC-1"
-1.74186992403495,-2.60122585246953,"GGACATTGTCGCGAAA-1"
10.3396964693404,-0.123468934992871,"GGACATTGTCTGGTCG-1"
0.697374644312977,-1.21475660751256,"GGACATTGTGTGGCTC-1"
-2.2227334355973,4.18456721355525,"GGACATTGTGTTTGTG-1"
-4.54009407516944,-1.07640194843205,"GGACATTTCAACGGGA-1"
-2.80852502342689,-2.69543504665288,"GGACATTTCACAAACC-1"
-1.84015375133979,-4.06101202915104,"GGACATTTCAGAAATG-1"
-1.75066333767402,3.58606767704097,"GGACATTTCATAAAGG-1"
-4.30152886864173,-1.01339900443944,"GGACATTTCCGAAGAG-1"
-5.61918681618202,-0.0929322833815434,"GGACATTTCCTGCAGG-1"
10.2436128282882,-1.15277099559697,"GGACATTTCGCATGGC-1"
-3.43335646149147,2.95077562381832,"GGACATTTCGCTTAGA-1"
-4.91089075561988,-2.28320693920048,"GGACATTTCGTAGATC-1"
0.929157199893117,0.587484926482119,"GGACATTTCTAACTGG-1"
10.1091676378585,-0.617674827078901,"GGACATTTCTCGCTTG-1"
0.560919466052174,-1.72077321956547,"GGACATTTCTCTAGGA-1"
-0.747107861008525,10.1516788010797,"GGACATTTCTCTGAGA-1"
-2.00167518612373,-0.257207512358747,"GGACATTTCTGTCCGT-1"
-2.68090349194038,-3.13210320423039,"GGACGTCAGACTTGAA-1"
-2.44118469711769,1.38203728248683,"GGACGTCAGCAGGCTA-1"
-2.79150420185554,0.544477969904818,"GGACGTCAGTACATGA-1"
10.3056016588546,0.398984265079179,"GGACGTCCACCGGAAA-1"
-1.90940713640678,-1.25130200336369,"GGACGTCCAGACTCGC-1"
0.2921192074157,-2.59393119762333,"GGACGTCCAGTATCTG-1"
-1.35135692116249,-0.856420874098859,"GGACGTCCAGTCGATT-1"
-2.01629990097511,0.847303331395068,"GGACGTCCATGGAATA-1"
7.90747124198449,1.5619692807397,"GGACGTCCATTGGTAC-1"
-0.646540043320537,-2.84547495792302,"GGACGTCGTCACTGGC-1"
-2.97699075695503,1.12475973417369,"GGACGTCGTCATATGC-1"
-1.30577480551231,-1.19637525031956,"GGACGTCGTCCAGTTA-1"
-0.486365435089946,-1.51362216422947,"GGACGTCGTCGCGTGT-1"
-5.54311936851966,1.02934151937572,"GGACGTCGTCTGCCAG-1"
-4.66555827614296,1.16111195137111,"GGACGTCGTCTTCTCG-1"
2.07914287093651,0.0423266594609402,"GGACGTCGTCTTGCGG-1"
-2.60667127129066,-2.43719696948918,"GGACGTCGTGCTAGCC-1"
1.56216866019738,-0.574947654704175,"GGACGTCGTGGCCCTA-1"
-2.06146734711158,0.954734743138232,"GGACGTCGTTCCACTC-1"
-1.14245401081073,-0.827982902030072,"GGACGTCTCACAAACC-1"
-5.82226937767494,0.413043870156088,"GGACGTCTCACCCTCA-1"
-5.66883986946571,-1.97027492473515,"GGACGTCTCCGCGTTT-1"
9.59498745444787,0.180594355364718,"GGACGTCTCCTCAATT-1"
-4.22573870178688,3.30715704013912,"GGACGTCTCGCCAGCA-1"
0.363343777690053,1.55229938079921,"GGACGTCTCGCCCTTA-1"
-4.07635539528358,-2.83970308254155,"GGACGTCTCTGTCAAG-1"
-3.06711786743629,-1.02689027736577,"GGACGTCTCTGTTGAG-1"
1.19633370879662,-1.70117163608464,"GGACGTCTCTTGGGTA-1"
10.1777396822311,0.00688755561915855,"GGAGCAAAGATGAGAG-1"
-3.14785235878456,-3.69809842060002,"GGAGCAAAGGCTAGCA-1"
-3.26332157608497,-2.62669420192631,"GGAGCAACAAACGTGG-1"
1.18910628798974,-0.937515973548017,"GGAGCAACAAGGACTG-1"
-0.987447118064419,-1.62119173953923,"GGAGCAACAATACGCT-1"
0.715893211398244,1.45033180763332,"GGAGCAACACCACGTG-1"
10.4835467958785,0.806297004719653,"GGAGCAACACTGTGTA-1"
-0.353073475327373,-0.497704267005048,"GGAGCAACAGCCAGAA-1"
-2.68732267376411,-3.3837606901923,"GGAGCAACAGGTGGAT-1"
-5.45857566353309,-1.29451906631382,"GGAGCAACATACTACG-1"
-4.80372208115089,0.109973341723361,"GGAGCAACATGTTCCC-1"
-3.7865328168534,3.67324447681514,"GGAGCAACATTACGAC-1"
-3.95459621902931,-4.14117884586247,"GGAGCAAGTAAGTGGC-1"
0.14976376536858,11.7922246461114,"GGAGCAAGTACACCGC-1"
-0.610235837664485,-1.18849337051304,"GGAGCAAGTCAATGTC-1"
1.91771251204979,1.08445811321346,"GGAGCAAGTCGCGTGT-1"
-2.14005034920204,2.5034029488763,"GGAGCAAGTCTCTCTG-1"
-0.671294835772395,-2.81983375499638,"GGAGCAAGTGCAGACA-1"
-0.0221456861160997,1.8056832556924,"GGAGCAAGTTACCGAT-1"
2.10515696052086,0.316556752224841,"GGAGCAAGTTCAGGCC-1"
10.5765481615402,1.24874371339885,"GGAGCAAGTTCGCGAC-1"
-5.19354861732948,-1.48922955940159,"GGAGCAATCAACCAAC-1"
-1.2706685936116,-3.76948666522892,"GGAGCAATCGCATGAT-1"
-4.80300801750648,0.731581092377581,"GGAGCAATCGCCTGAG-1"
9.98769718650353,-1.43953049133214,"GGAGCAATCTCTGTCG-1"
-5.09308188911903,-3.30960726688298,"GGAGCAATCTTGCCGT-1"
2.49822932723534,0.573014930387416,"GGATGTTAGAGACTAT-1"
-3.49875801559913,-0.462808370093427,"GGATGTTAGCCATCGC-1"
-1.70411687847602,-1.14166200111302,"GGATGTTAGGAGCGAG-1"
-3.6517466878556,1.12798398782817,"GGATGTTAGGATGGTC-1"
-1.47625618931282,-0.594033479193769,"GGATGTTAGGTGGGTT-1"
9.5384479189254,2.56296324779598,"GGATGTTAGTTTGCGT-1"
-4.47491186615455,-1.56171929786595,"GGATGTTCAATAAGCA-1"
-3.9449436044358,-3.4694814677039,"GGATGTTCACAGTCGC-1"
1.49319893363488,-1.10499834964665,"GGATGTTCACGGTGTC-1"
-4.84491365906227,-3.84128785083684,"GGATGTTCAGCTGTAT-1"
-3.2367281293534,-0.149125098685346,"GGATGTTCAGTAACGG-1"
-2.99767368790138,2.55770134975521,"GGATGTTCATATGCTG-1"
9.50883633140099,0.240014374752917,"GGATGTTCATCTATGG-1"
-4.79248708244789,0.357406680037656,"GGATGTTCATTTCAGG-1"
9.72645145896447,1.65381383945552,"GGATGTTGTACAGTGG-1"
-3.88108843323219,2.56804680873958,"GGATGTTGTACCGAGA-1"
3.75759512427819,-4.66921114871892,"GGATGTTGTATTAGCC-1"
-1.17172054704654,-2.07798266361149,"GGATGTTGTCTCCCTA-1"
-3.24203747269142,0.214124963184275,"GGATGTTGTTATGTGC-1"
10.2664399767257,-0.273331760863385,"GGATGTTTCCAAACTG-1"
-0.709307757582546,10.5701720719537,"GGATGTTTCCGAACGC-1"
-3.87764805313575,3.15970969249813,"GGATGTTTCCGTTGCT-1"
-2.99636977669227,-3.80163836429509,"GGATGTTTCGAGGTAG-1"
-2.20811837669837,1.83375442077724,"GGATGTTTCTAAGCCA-1"
-3.04973286148536,-4.16477465579899,"GGATGTTTCTTCGGTC-1"
-5.15044635292518,1.29002362539379,"GGATTACAGAATTGTG-1"
-4.20342510696876,-4.07484364459904,"GGATTACAGCAAATCA-1"
0.26823586467278,-1.36994028041752,"GGATTACAGCTAACAA-1"
9.76949841025841,0.660447329779544,"GGATTACAGGCGATAC-1"
-2.32348388191688,-1.73280501315983,"GGATTACAGTTAGCGG-1"
-1.18185043093193,1.91098749687282,"GGATTACAGTTGAGAT-1"
1.31645518783104,-1.35804676959904,"GGATTACCACAAGCCC-1"
-1.94426369425285,1.40707850505916,"GGATTACCACCATGTA-1"
10.8195796633102,-1.24477505634221,"GGATTACCACTTCGAA-1"
3.57913786414635,-4.40250086734684,"GGATTACCAGATCTGT-1"
-0.777696055736423,10.2850692277154,"GGATTACCAGTAAGCG-1"
-2.10181516167152,1.14489555408565,"GGATTACCATGGTCAT-1"
7.87603813651574,1.38575863887874,"GGATTACGTAGCTGCC-1"
-0.463223037686229,-2.53138494441899,"GGATTACGTATTAGCC-1"
-3.71528595444191,-0.931934833029828,"GGATTACGTATTCGTG-1"
3.8624339723922,-4.48630881259831,"GGATTACGTCACAAGG-1"
-1.48426389452446,-1.6651294226447,"GGATTACGTCCAACTA-1"
-3.59544795509803,-0.703935026625714,"GGATTACGTCCTGCTT-1"
-1.67068266626823,-1.17068362186345,"GGATTACGTCGGATCC-1"
1.09767228606713,-2.06812930057438,"GGATTACGTCGGCACT-1"
-3.17215364929664,-2.5861966604987,"GGATTACGTGAGTATA-1"
1.36405784133446,-1.51735866020115,"GGATTACGTTGATTCG-1"
8.69816357139123,1.36126411010829,"GGATTACTCACCCTCA-1"
-1.77534776684272,-0.482030391196332,"GGATTACTCAGCTTAG-1"
1.23571640494835,1.02871388246623,"GGATTACTCATGTGGT-1"
2.29886037353051,0.210326582690158,"GGATTACTCCCTCTTT-1"
-0.531022546257854,0.630526721974292,"GGATTACTCCGCAAGC-1"
-0.192995009388805,-2.33879136989506,"GGATTACTCCGCGGTA-1"
-2.57493287083137,2.27828145076839,"GGATTACTCGAACTGT-1"
-0.620549080338359,1.30581629325954,"GGATTACTCGTACGGC-1"
0.689559164080739,1.74424898674098,"GGATTACTCGTATCAG-1"
0.16258400920403,-2.11624693820866,"GGATTACTCGTCACGG-1"
-2.94569343086708,4.7454249863824,"GGATTACTCTCGCTTG-1"
-2.38041966911781,-3.53153324077519,"GGCAATTAGATGTGGC-1"
-2.76610892769325,-0.536718904475293,"GGCAATTAGCACCGTC-1"
-4.4996413564347,-4.03999495456608,"GGCAATTAGCAGCCTC-1"
-4.82904857155311,1.28652405788509,"GGCAATTAGCCTATGT-1"
-4.03210776802528,-3.44655156085881,"GGCAATTAGGCCCGTT-1"
-1.38006502148139,-1.81287312457951,"GGCAATTAGGTGGGTT-1"
-0.232192811932445,-0.766394137839399,"GGCAATTAGTCAAGGC-1"
-1.10575583335388,-3.71955037067326,"GGCAATTAGTTCCACA-1"
10.0036502504684,0.561284080644526,"GGCAATTCAAGTAGTA-1"
-0.0756662463806871,-1.95413064906987,"GGCAATTCACATCCGG-1"
11.1495252275802,1.10159844209758,"GGCAATTCACCTCGGA-1"
-3.9264802312516,-2.56939649532231,"GGCAATTCAGATGAGC-1"
-4.95177000519264,-2.96796011875065,"GGCAATTCATTTCACT-1"
1.73833996299279,0.725278676052966,"GGCAATTGTCAGGACA-1"
-1.77166628595817,2.98376035739986,"GGCAATTGTCCAGTTA-1"
3.50884968284142,-4.35315346668156,"GGCAATTGTCTTCGTC-1"
-2.78794425484169,3.27511501361934,"GGCAATTGTTCAGGCC-1"
-2.59566598888862,-4.2075870032111,"GGCAATTGTTGACGTT-1"
1.48522049430382,-1.47755265186223,"GGCAATTGTTGATTCG-1"
2.59284168723595,1.34880793144313,"GGCAATTTCAGCACAT-1"
1.5636914396621,2.04245829631893,"GGCAATTTCAGGCGAA-1"
-5.32625001427162,-1.99845170925053,"GGCAATTTCCGGGTGT-1"
-2.53285187241066,-2.14267945239934,"GGCAATTTCCTTGGTC-1"
11.132257046733,-0.0215406114855625,"GGCAATTTCGAGAGCA-1"
-4.38062804695594,-1.37822246501835,"GGCAATTTCGTCCGTT-1"
-2.94596332069862,-3.9425666327277,"GGCAATTTCTGTCTAT-1"
-3.26667326446998,-2.35700631091984,"GGCCGATAGACGCACA-1"
-3.19589179512489,-3.04846262882145,"GGCCGATAGCCAGTTT-1"
-1.43952283021438,-1.15174031207951,"GGCCGATAGCGTAGTG-1"
-2.16135626789558,-3.09654927204045,"GGCCGATAGGCCCTCA-1"
1.09735471251976,0.895298511286654,"GGCCGATAGGCGACAT-1"
-3.91621678825843,-0.110419094065747,"GGCCGATCAATCAGAA-1"
-2.30030351635444,3.73916792919246,"GGCCGATCAATGGAAT-1"
-3.83044117447364,1.73696351101009,"GGCCGATCACAGCCCA-1"
3.82080036643517,-4.58741784046086,"GGCCGATCAGGTTTCA-1"
-2.55295032021034,4.57254195262996,"GGCCGATCATCTGGTA-1"
-5.1341947888993,-2.82319474170598,"GGCCGATCATGAGCGA-1"
-2.17175560947883,-0.403597950438581,"GGCCGATGTAGTAGTA-1"
-4.12809628006446,-2.41517758319767,"GGCCGATGTATATGAG-1"
-3.804462370839,0.0107712154587887,"GGCCGATGTCCAGTGC-1"
-4.35112231728065,-2.53035879085454,"GGCCGATGTCGCATAT-1"
10.8466859484054,0.549657360216059,"GGCCGATGTGAGTGAC-1"
8.2302261019088,1.63282060672847,"GGCCGATGTTGTGGAG-1"
-2.83552843090522,2.69472813655941,"GGCCGATTCCACGTGG-1"
-0.440643248524547,0.912518263359942,"GGCCGATTCCTTAATC-1"
-2.01722317692268,-0.840055584410749,"GGCCGATTCCTTTCGG-1"
1.13497382644188,-1.94789886424931,"GGCCGATTCGCTAGCG-1"
0.942030015025258,-0.0189959103861668,"GGCCGATTCGGTTAAC-1"
-3.33511179443824,2.71548771907894,"GGCCGATTCGTATCAG-1"
-2.16608410831916,0.465721518298068,"GGCCGATTCTTTAGTC-1"
-2.3550234412812,0.998313963910022,"GGCGACTAGACAAGCC-1"
-5.98960870262611,-0.480448245505414,"GGCGACTAGACTGTAA-1"
-3.63284915443885,-2.39408016155156,"GGCGACTAGACTTTCG-1"
-1.25315016266334,2.14277863552181,"GGCGACTAGATGTTAG-1"
8.76338726523888,3.94131565143672,"GGCGACTAGCGCCTTG-1"
-4.19433206078041,-0.424490034083448,"GGCGACTAGCTATGCT-1"
-2.41644495483863,-2.85970878551396,"GGCGACTAGGCTAGGT-1"
-0.582940963473201,10.4956014161309,"GGCGACTAGTCCCACG-1"
-3.90380495544899,-1.05165159652623,"GGCGACTAGTTTCCTT-1"
0.706985893283009,2.66293263485042,"GGCGACTCAAAGGCGT-1"
11.2780566835738,0.192268848915973,"GGCGACTCAATGACCT-1"
-3.45948356148231,0.209482819338717,"GGCGACTCAGACGCCT-1"
-2.37460404392707,-4.2032244200507,"GGCGACTCAGTATCTG-1"
-2.12460642811286,-2.18323087642582,"GGCGACTCATCACGTA-1"
-1.05200062077868,0.851572007437625,"GGCGACTCATCATCCC-1"
-2.56268805023658,-0.078038066128812,"GGCGACTGTACCGAGA-1"
-1.84309583660591,1.5468188529214,"GGCGACTGTAGGGTAC-1"
11.2884612703658,0.583571762343325,"GGCGACTGTCACTTCC-1"
-3.05840009209144,0.603159964581408,"GGCGACTGTCATTAGC-1"
-0.3008082484864,-1.45434153030308,"GGCGACTGTCCAGTGC-1"
-1.56074291225898,-1.74145793865117,"GGCGACTGTCGACTGC-1"
8.28342682364953,1.60524869014827,"GGCGACTGTCGATTGT-1"
-4.42769902702797,-1.12750470588597,"GGCGACTGTCGTCTTC-1"
11.389882626567,1.40403366138545,"GGCGACTGTGAAATCA-1"
-2.61962216850746,2.55220413257686,"GGCGACTGTGGTTTCA-1"
9.37113148215783,0.267557725807109,"GGCGACTGTGTCAATC-1"
10.2612138414718,2.26627528717128,"GGCGACTGTGTTCTTT-1"
-4.24520247932899,-1.7472553248206,"GGCGACTTCAACCAAC-1"
10.7292066240646,0.682377696534076,"GGCGACTTCCTGCAGG-1"
-1.64380085226524,-1.25229120204838,"GGCGACTTCGGTTCGG-1"
-1.23043645676601,-1.45197856376561,"GGCGTGTCAATCCAAC-1"
-0.874818337526203,-1.85455918262394,"GGCGTGTCACAAGCCC-1"
-3.6692826127671,-2.03550767848881,"GGCGTGTCACAGATTC-1"
-2.6810310458802,-3.46236324260624,"GGCGTGTCACATCTTT-1"
11.3535075807906,0.163526088496127,"GGCGTGTCACTAAGTC-1"
-1.27711695190895,0.674709767599978,"GGCGTGTCATGTTGAC-1"
-0.494302628006816,-2.26071190784367,"GGCGTGTGTACAGTTC-1"
8.42196423057091,-0.572233616808973,"GGCGTGTGTACCTACA-1"
-1.84794240948188,-3.87856221149357,"GGCGTGTGTATAGGTA-1"
0.492862882647633,-2.22518920848759,"GGCGTGTGTCGCGTGT-1"
-1.36889156457412,0.107352197667041,"GGCGTGTGTCTCTTTA-1"
-3.46220606323707,3.73675513317195,"GGCGTGTGTGATGTGG-1"
3.63005692008507,-4.42482304523381,"GGCGTGTGTGCAACTT-1"
-0.526010332074046,-2.07271766612919,"GGCGTGTGTTCAGGCC-1"
-4.16202538963783,-1.29807960937413,"GGCGTGTGTTGGAGGT-1"
-1.41408112403381,-1.49738395164403,"GGCGTGTTCAACGGGA-1"
-0.529906330075145,-2.29513668964299,"GGCGTGTTCAAGGCTT-1"
11.4136405611373,1.14686548759548,"GGCGTGTTCACCACCT-1"
-1.5095165347718,-2.39783596942814,"GGCGTGTTCAGTGCAT-1"
0.97114056590569,-0.366218745211683,"GGCGTGTTCATGCAAC-1"
-1.33194020148742,-0.964298367003522,"GGCGTGTTCATTGCGA-1"
10.6402173662521,0.220913768311419,"GGCGTGTTCCAAATGC-1"
-1.10567953195798,11.0503814225396,"GGCGTGTTCCGCATAA-1"
-3.09764522072303,3.97082519580928,"GGCGTGTTCGCAGGCT-1"
-1.47962262984741,3.09074401905147,"GGCGTGTTCTTACCTA-1"
9.63043266776574,1.43203508903591,"GGCGTGTTCTTGAGGT-1"
-4.73777359482277,-3.09170174549016,"GGCTCGAAGAAACCTA-1"
3.59028774741662,-4.49058794925602,"GGCTCGAAGACAATAC-1"
-1.17748671528327,0.324616894622721,"GGCTCGAAGATATGGT-1"
-0.462805626358867,0.810700715084948,"GGCTCGAAGATGTAAC-1"
0.626015248332143,0.219835594793238,"GGCTCGAAGCCGCCTA-1"
-1.33887508269775,-3.64951252887639,"GGCTCGAAGGCTATCT-1"
-3.54845303055275,-3.58220624874028,"GGCTCGAAGGGTTTCT-1"
-1.05240454282987,-1.79851794193181,"GGCTCGAAGTGCGTGA-1"
-5.59354489799964,1.49163198520748,"GGCTCGAAGTTCCACA-1"
10.9720893526412,0.575253919263758,"GGCTCGACAAGTCTAC-1"
0.895853104624867,-1.17511248538884,"GGCTCGACAATCCGAT-1"
-4.80342405792701,-1.03459584663304,"GGCTCGACACAGACTT-1"
0.456795992884755,-1.2216593022147,"GGCTCGACACCCATGG-1"
8.33827358726037,1.70650494148342,"GGCTCGACACTGTTAG-1"
2.15433842185509,1.63274204780666,"GGCTCGACAGGTCTCG-1"
10.7466016435958,-0.600669025878034,"GGCTCGACATCCGCGA-1"
-1.32072597500312,-0.947335123519025,"GGCTCGACATCGATTG-1"
-1.18947930392253,-0.648544430235944,"GGCTCGACATCTATGG-1"
-3.72465151306617,0.439221211274543,"GGCTCGACATGCTAGT-1"
-1.44614985343444,-1.95853900859746,"GGCTCGAGTAACGTTC-1"
-3.16297739502418,-4.19284605930241,"GGCTCGAGTACCGAGA-1"
-2.55851334091651,-0.163998305300794,"GGCTCGAGTACGCACC-1"
-1.65546315666664,0.97564643671123,"GGCTCGAGTCTAAACC-1"
-2.98458426949012,-2.86269330928715,"GGCTCGAGTGCAACTT-1"
-5.0673550939225,1.43568599273769,"GGCTCGAGTTGGTGGA-1"
-1.4393854713105,0.365023125459828,"GGCTCGATCAACGCTA-1"
-2.19684940334785,-2.95663762042912,"GGCTCGATCAATACCG-1"
-0.441801545586467,1.15192210723964,"GGCTCGATCAGTTAGC-1"
-4.03106206413734,2.9053702359399,"GGCTCGATCGACGGAA-1"
-2.93272787090766,-3.89315724323185,"GGCTCGATCGCAAGCC-1"
-2.25848990437019,3.52308321048824,"GGCTCGATCTCTGCTG-1"
9.768131794963,1.38346505214778,"GGCTCGATCTGGCGAC-1"
-4.71584719177711,-0.0696106548109867,"GGCTGGTAGAATGTTG-1"
-5.48253577705848,-0.536788105467878,"GGCTGGTAGAATTGTG-1"
-4.61513560768592,-2.05196714351567,"GGCTGGTAGAGACGAA-1"
-3.79792469498146,2.63552904178707,"GGCTGGTAGCTAGTTC-1"
-4.34932821747291,0.344661474724688,"GGCTGGTAGGCATTGG-1"
-0.494979468550563,-1.85816335628422,"GGCTGGTAGGTACTCT-1"
-5.08223479744423,-3.08476710269841,"GGCTGGTAGGTCGGAT-1"
-3.31387465950477,-2.54123282382878,"GGCTGGTAGTGGAGAA-1"
-2.76370352264869,4.45034527828304,"GGCTGGTCAAGCCTAT-1"
8.07396275046837,0.370462194581904,"GGCTGGTCAATGTTGC-1"
-4.5617169713639,2.5155301099023,"GGCTGGTCACCATCCT-1"
1.50705200675499,-1.5448799128333,"GGCTGGTCAGGCAGTA-1"
2.36286360267174,1.31188225795833,"GGCTGGTCATATGAGA-1"
1.24252802375329,0.24613665093986,"GGCTGGTCATGCCACG-1"
9.79707581046593,-0.36414015243443,"GGCTGGTGTATATGGA-1"
-3.17509954926002,-1.9112231726447,"GGCTGGTGTCAAGCGA-1"
-3.30382698532569,-4.45587992618474,"GGCTGGTGTCGCTTCT-1"
-3.18530815597999,1.04807782222835,"GGCTGGTGTGAAGGCT-1"
-2.94503551479805,3.93633079578487,"GGCTGGTGTGCCTTGG-1"
9.57395893577111,0.0657460694512508,"GGCTGGTGTTAAGAAC-1"
10.556407513652,-0.123191177348218,"GGCTGGTGTTGAACTC-1"
-2.74846333023536,0.153290093441882,"GGCTGGTTCACTTATC-1"
-0.376761016812206,0.872447610398211,"GGCTGGTTCAGGCAAG-1"
-0.978782840449393,9.86100268413631,"GGCTGGTTCATCGCTC-1"
-1.48457610365379,-0.907462119559369,"GGCTGGTTCCAAACTG-1"
-0.811298412647128,11.3926990037164,"GGCTGGTTCCTGTACC-1"
-0.803327051367641,10.3096692567071,"GGCTGGTTCTTACCGC-1"
11.083784642253,0.890575916071811,"GGCTGGTTCTTCGAGA-1"
-1.21908443924415,2.58498001148311,"GGGAATGAGCACGCCT-1"
-0.286197719540477,-2.19121241519841,"GGGAATGAGCGATCCC-1"
-2.90734177586067,0.117900878687777,"GGGAATGAGGCATGTG-1"
2.10602671149743,0.896188855667987,"GGGAATGAGGCCATAG-1"
0.614258947405934,0.849799991150775,"GGGAATGAGTACCGGA-1"
1.87754684928429,-0.705114244917951,"GGGAATGAGTGTTTGC-1"
8.22321373466027,1.6772698168954,"GGGAATGAGTTATCGC-1"
-2.16813689228523,3.35393142749874,"GGGAATGCAAAGGAAG-1"
-1.73973107096183,-0.0825788075724461,"GGGAATGCAACGCACC-1"
-3.28016394134986,-0.833295940856061,"GGGAATGCAAGCTGTT-1"
-2.42113870140541,0.0606478457650326,"GGGAATGCAGACGCTC-1"
-3.4101125573777,-0.238591491679273,"GGGAATGCAGGTCTCG-1"
-3.38406175133216,-0.979526161650739,"GGGAATGCAGTTAACC-1"
-2.56801086422431,4.33040237476436,"GGGAATGCATGTCCTC-1"
-4.9320258474015,0.887577027579226,"GGGAATGGTAAGAGGA-1"
9.80629784110558,-1.05205738494786,"GGGAATGGTACCGCTG-1"
0.647109451327443,-1.1852903361121,"GGGAATGGTACCGTTA-1"
-3.52855866905677,-2.3566474909583,"GGGAATGGTGGCTCCA-1"
-2.18843418117988,3.7216441636285,"GGGAATGGTTCCACAA-1"
-3.91378396507728,2.80928254177181,"GGGAATGTCAAACCGT-1"
-0.0564435696266893,0.53862148573009,"GGGAATGTCAACACCA-1"
-2.44955104347694,-1.35999286125096,"GGGAATGTCAAGCCTA-1"
11.1426511431075,0.458249968042054,"GGGAATGTCACAATGC-1"
-2.99032538887489,3.83899927188961,"GGGAATGTCAGCTCTC-1"
-4.93607491013038,2.5548572545251,"GGGAATGTCCCAACGG-1"
1.70858651641381,-0.867100238303266,"GGGAATGTCCTGCAGG-1"
-2.25539093967903,-3.43502855251225,"GGGAATGTCTGTACGA-1"
-2.32660537716377,-2.2153265471259,"GGGAATGTCTTGCATT-1"
-3.44855874535072,-0.221551179389081,"GGGAATGTCTTGTTTG-1"
-3.04569715019691,-0.108335792521558,"GGGACCTAGAACAACT-1"
-2.48979562279212,-1.78399443576726,"GGGACCTAGGAGCGAG-1"
0.220758261714101,0.601161972185054,"GGGACCTAGTCCCACG-1"
-2.57150381561744,3.48633766223995,"GGGACCTAGTCGTTTG-1"
-0.331976530518413,-1.91733550975712,"GGGACCTAGTCTCAAC-1"
-3.85620039459693,0.364314683278479,"GGGACCTAGTGGTCCC-1"
-2.79467802998054,-4.11003422687443,"GGGACCTCAACTGCTA-1"
-0.378771898712993,-1.71337318370732,"GGGACCTCACCGATAT-1"
-0.825511333908916,-2.99256253192814,"GGGACCTCACCTCGTT-1"
9.45223289969933,0.583067074914851,"GGGACCTCACGGATAG-1"
-0.700634924139858,11.4542834763726,"GGGACCTCAGCTGTGC-1"
-4.89159697052467,-1.09155797908696,"GGGACCTCATGGAATA-1"
-2.58942085262764,-0.927725076178632,"GGGACCTCATTAGGCT-1"
-2.58081203457344,-2.98420190761479,"GGGACCTGTAAGGGCT-1"
-3.04558628555763,4.74179577877132,"GGGACCTGTAGCGATG-1"
-1.5542649602555,-1.37069368312748,"GGGACCTGTCCAGTAT-1"
10.2136874819137,-0.567919373015485,"GGGACCTGTCTCATCC-1"
10.3038249636031,2.31960439731685,"GGGACCTGTGATAAGT-1"
-3.38700073715675,3.23986887981502,"GGGACCTGTTGTTTGG-1"
-3.03220075127113,-0.316063582400403,"GGGACCTTCCCTGACT-1"
-2.64978927132118,-0.541109442214093,"GGGACCTTCGAGAACG-1"
-4.40850060936439,0.913752377530017,"GGGACCTTCGATCCCT-1"
-2.45182507988441,3.19213247348873,"GGGACCTTCGCGCCAA-1"
-4.41865366455543,-2.13785338352116,"GGGACCTTCGTGGTCG-1"
-2.51555937286842,0.377021309485116,"GGGACCTTCTATCCCG-1"
-2.16600852962959,3.2241642480096,"GGGAGATAGAGGGCTT-1"
-4.71636813637245,-3.56199669788273,"GGGAGATAGATCACGG-1"
-5.33382123466957,0.131466269989886,"GGGAGATAGATGAGAG-1"
1.25325161460412,-0.948678850630841,"GGGAGATAGCAAATCA-1"
10.1681428575851,-1.23840796897801,"GGGAGATAGCTGATAA-1"
11.1189418459274,-0.0517014558115818,"GGGAGATAGGAGTACC-1"
0.206636014018178,11.8413779740533,"GGGAGATAGGATCGCA-1"
-5.19005483147132,1.60282027771083,"GGGAGATAGGCCATAG-1"
-5.47698586937416,-2.75946497867497,"GGGAGATAGTTGTAGA-1"
0.262819232974171,1.46695780803768,"GGGAGATCAAACGTGG-1"
-2.4838543510102,1.45644760181514,"GGGAGATCAAAGGTGC-1"
0.293376388583302,-2.94501733730229,"GGGAGATCACACGCTG-1"
-1.54515796658027,-3.16480016658696,"GGGAGATCAGCCTTTC-1"
-1.20022409912574,2.63253569652645,"GGGAGATCATAGGATA-1"
-4.79699486252296,-2.62383103320988,"GGGAGATCATCGGTTA-1"
0.687087121043324,1.85641503383724,"GGGAGATCATGTCTCC-1"
-4.1428937291764,0.509809382756629,"GGGAGATCATTCCTGC-1"
-1.54712551590431,-0.600892662505231,"GGGAGATGTAGAAGGA-1"
-4.29467791077125,-2.30102467487248,"GGGAGATGTAGCAAAT-1"
-0.979133348356963,1.87372326900569,"GGGAGATGTAGGAGTC-1"
9.2954927111007,0.172088251014628,"GGGAGATGTCACACGC-1"
9.49240261558068,-0.599741935233197,"GGGAGATGTCACTGGC-1"
-1.8767114853524,3.10417556812374,"GGGAGATGTGCTCTTC-1"
-5.84859412666786,-0.203653454283796,"GGGAGATGTGGTACAG-1"
-2.74120539185035,3.50760960628597,"GGGAGATGTTAAGATG-1"
10.9621196413375,1.06264859487621,"GGGAGATGTTAAGTAG-1"
0.310090842280507,11.8876006608209,"GGGAGATTCAAACCGT-1"
1.70113975051415,0.0892153685292385,"GGGAGATTCACAAACC-1"
-0.475023028817058,-2.6940863127509,"GGGAGATTCCAAAGTC-1"
10.574507298503,1.20733094265071,"GGGAGATTCGCATGAT-1"
-2.38154059406745,-2.56178045223149,"GGGAGATTCTGGGCCA-1"
-4.96746510025489,-3.26156973789128,"GGGATGAAGGATGGAA-1"
10.184204640422,2.24655509044734,"GGGATGAAGTCCTCCT-1"
-3.14510911461341,-3.63508582065495,"GGGATGACACACAGAG-1"
-2.86782020088661,0.815942079325595,"GGGATGACACCAACCG-1"
-4.27846902367103,-3.31777644107731,"GGGATGACACCCATTC-1"
9.5986924791671,-1.1313683981696,"GGGATGACAGAAGCAC-1"
-0.996924492906809,0.480588675042071,"GGGATGACAGACGCAA-1"
-1.80738603826988,-0.98660850475224,"GGGATGACAGATTGCT-1"
-1.54447328802574,0.343863770862498,"GGGATGACAGCGAACA-1"
-2.3238533115052,-3.18251323650273,"GGGATGACATCCAACA-1"
-2.34761267658699,0.614272177716174,"GGGATGACATGTCGAT-1"
11.1689487123824,0.282565452655234,"GGGATGAGTATGAAAC-1"
-4.21893352028358,2.95083451320735,"GGGATGAGTCAAACTC-1"
-1.20197890457141,0.174311057229914,"GGGATGAGTCCAAGTT-1"
1.19201904777062,-1.7070724959174,"GGGATGAGTGCTTCTC-1"
-3.12101477142799,-2.5342471594611,"GGGATGAGTTAAAGTG-1"
10.2311597490646,-1.12825250575932,"GGGATGAGTTCAGACT-1"
-1.96259242054451,4.4367148881158,"GGGATGATCAAGGCTT-1"
-3.06293171402442,-3.70823168704899,"GGGATGATCAGCAACT-1"
-5.46306651588905,-0.157264708975873,"GGGATGATCAGTTAGC-1"
-3.97641199585426,-2.22117209384831,"GGGATGATCCAGTATG-1"
-3.51662462707984,2.95029163410274,"GGGATGATCGAGAACG-1"
-2.43891530987251,-4.00508093784245,"GGGATGATCTTTACGT-1"
-2.35071736332405,2.69048976947872,"GGGCACTAGCATGGCA-1"
-0.207249698605419,-0.189395486811719,"GGGCACTAGCGAAGGG-1"
10.6432204866744,-1.27779507587346,"GGGCACTAGCTGCAAG-1"
-2.97092431541908,1.01243233730403,"GGGCACTAGCTTTGGT-1"
-1.49260222670066,1.40581476738063,"GGGCACTAGTCTCAAC-1"
-3.83162396904457,3.46266388942806,"GGGCACTAGTTTGCGT-1"
-1.77806824203956,2.16968858291713,"GGGCACTCAACACCTA-1"
0.866451444659352,2.08718335678188,"GGGCACTCAAGAGTCG-1"
2.39628106597435,0.132184118529239,"GGGCACTCACAAGCCC-1"
-4.38193720337379,-3.95371985385808,"GGGCACTCACCGCTAG-1"
-0.0577139234207872,2.62533903171627,"GGGCACTCATCCGTGG-1"
9.44735771659386,1.11633956482021,"GGGCACTCATGGTCAT-1"
-1.20204774793613,-0.716355919341169,"GGGCACTGTAGGGTAC-1"
10.5937619829513,1.71045744468776,"GGGCACTGTCATCCCT-1"
-4.9185501908921,0.618152693410792,"GGGCACTGTCTCTTAT-1"
-2.66669076439369,-3.65158534000309,"GGGCACTGTGAAAGAG-1"
-2.07915800568092,-3.67124390552434,"GGGCACTGTTACGCGC-1"
-0.437601146664501,2.21418237735836,"GGGCACTTCGAATGCT-1"
-4.26676934715736,0.54054415275661,"GGGCACTTCGACCAGC-1"
8.46104294303429,1.48592710544673,"GGGCATCAGACAATAC-1"
0.50721222404015,-1.31634974429997,"GGGCATCAGACTCGGA-1"
-4.32203620430458,-0.72397434661778,"GGGCATCAGCAGGCTA-1"
8.378314557109,-0.778524279097638,"GGGCATCAGTCAAGGC-1"
-3.04198425766456,-4.47312378833684,"GGGCATCAGTCCGTAT-1"
-0.559287128414989,2.19252562572566,"GGGCATCCAAACCTAC-1"
-1.42502149697769,-1.65989184329899,"GGGCATCCACAAGCCC-1"
-4.32888263222206,-0.89852416465672,"GGGCATCCACATGTGT-1"
9.76797634604943,1.50861191799251,"GGGCATCCAGGGATTG-1"
-3.90932577606666,-1.06527161548527,"GGGCATCCATACCATG-1"
9.458636822734,0.488250226279177,"GGGCATCCATCACAAC-1"
-2.0696629857682,-2.38914942691716,"GGGCATCCATGACATC-1"
1.85832053664696,0.870580733319201,"GGGCATCCATGCCTAA-1"
-3.18028777595985,1.59379899551479,"GGGCATCGTAAGGGCT-1"
2.32153088096154,-0.197696804503522,"GGGCATCGTCATACTG-1"
-3.36620229240882,0.506859377523341,"GGGCATCGTCCAGTGC-1"
-1.51558476444709,2.49166226436702,"GGGCATCGTCGTTGTA-1"
-2.57780879494178,-3.14493393848332,"GGGCATCGTGGTCCGT-1"
0.431894364390492,12.0522792344293,"GGGCATCGTGGTTTCA-1"
-2.01252192017067,4.37468314220516,"GGGCATCGTTATCGGT-1"
-3.55650013443458,-4.49127459476384,"GGGCATCGTTATTCTC-1"
-4.49819010254371,-2.24186992595585,"GGGCATCTCACATGCA-1"
-1.2070540612601,0.504058830936827,"GGGCATCTCACTTCAT-1"
2.38504868987572,0.956971347828784,"GGGCATCTCAGTGTTG-1"
0.936659994158864,2.08055532028285,"GGGCATCTCCGAGCCA-1"
-5.54855817314613,2.18665468742458,"GGGCATCTCGCATGGC-1"
1.56140619758141,0.331716500719466,"GGGCATCTCTTGTCAT-1"
0.554556670222401,0.656940117975154,"GGGTCTGAGACCACGA-1"
-2.88913279530036,4.5427563195428,"GGGTCTGAGATGCCTT-1"
-1.78446954246986,-1.46910667369755,"GGGTCTGAGCCAGTTT-1"
1.65665489676964,-0.0323039884367802,"GGGTCTGAGCGTCAAG-1"
0.0450813198424574,-2.45634245822819,"GGGTCTGAGGGCATGT-1"
-4.5109369134568,-0.77539241264256,"GGGTCTGAGTCATCCA-1"
-5.19668715950477,1.35245770265666,"GGGTCTGAGTGAAGAG-1"
10.6137519502975,-0.16179549644383,"GGGTCTGCACACCGAC-1"
1.91588789466393,1.16988319208232,"GGGTCTGCACATGTGT-1"
-2.51778262611854,1.54570639183132,"GGGTCTGCAGTAAGCG-1"
-3.03152364250648,-1.73142170856389,"GGGTCTGGTACGACCC-1"
-5.49480908867347,-2.7631826395789,"GGGTCTGGTACTTAGC-1"
-5.47865956779945,-2.61510586688908,"GGGTCTGGTAGCAAAT-1"
-1.7729756807946,-2.59181427905949,"GGGTCTGGTATTAGCC-1"
-1.40782209989059,4.02529025127498,"GGGTCTGGTCAACATC-1"
2.36698109153283,0.159999534984507,"GGGTCTGGTCAGAAGC-1"
1.50548678878319,-1.17978346298131,"GGGTCTGGTCAGGACA-1"
0.686316194567799,2.10508739997951,"GGGTCTGGTTAAGAAC-1"
-3.10005110260475,0.473378703494944,"GGGTCTGTCCGCATCT-1"
-3.85135000702369,3.90197253276912,"GGGTCTGTCCTCAACC-1"
1.19185620788109,2.06231164981929,"GGGTCTGTCGCAAACT-1"
9.1000638628341,-0.834410666922651,"GGGTCTGTCGCATGAT-1"
9.78406769279015,1.10492640783397,"GGGTCTGTCTCTGCTG-1"
-3.25893372055519,-0.842078923682294,"GGGTTGCAGATATGGT-1"
-3.47713011261451,-0.390147089461408,"GGGTTGCAGATGTAAC-1"
-1.76749950405586,-1.77412342975529,"GGGTTGCAGCGTAGTG-1"
0.847144546542287,1.67425775577632,"GGGTTGCAGTACGCCC-1"
-4.11579221245277,-2.90405368755253,"GGGTTGCAGTGATCGG-1"
7.9184699678756,1.93110024978725,"GGGTTGCCAAGCGATG-1"
-3.39484828468788,2.33988642742244,"GGGTTGCCACCTATCC-1"
-5.27157538887489,-2.84756374309453,"GGGTTGCCAGCCTTTC-1"
-2.11388653275001,-3.94449400852116,"GGGTTGCCAGCTGGCT-1"
1.522277655635,-0.636295318106733,"GGGTTGCCATGTCGAT-1"
0.246302070651173,1.99531769802181,"GGGTTGCGTCAACATC-1"
-3.12359255310524,4.67146801998226,"GGGTTGCGTCCGTCAG-1"
-1.47904675957191,-3.44033551166447,"GGGTTGCGTCCTCCAT-1"
-3.10440248009193,-1.40230941722783,"GGGTTGCGTGATGTGG-1"
-5.08314555641639,-1.48440206001194,"GGGTTGCGTGTAACGG-1"
9.74221092704308,0.99280393173305,"GGGTTGCGTGTGAATA-1"
-3.58989494797218,3.24550962497798,"GGGTTGCTCGCCTGTT-1"
-3.3455247258805,-1.21450686405095,"GGGTTGCTCGGTGTCG-1"
-5.5054163312577,-2.15726494739445,"GGGTTGCTCGTCCGTT-1"
-1.1330908214711,-0.687344192961774,"GGGTTGCTCGTTTATC-1"
0.218163909945607,1.9473794703683,"GGGTTGCTCTTAACCT-1"
-5.5918683385514,-0.83676207015904,"GGTATTGAGACATAAC-1"
8.23589474204552,1.66627144863216,"GGTATTGAGACCTTTG-1"
-1.31446143743026,1.0609630351266,"GGTATTGAGAGACGAA-1"
-4.95537084099281,-2.9191896910468,"GGTATTGAGCGTTGCC-1"
7.86755138877404,1.50989711334316,"GGTATTGAGCTACCTA-1"
-3.87420385834205,3.53653049518672,"GGTATTGAGGATGCGT-1"
-1.48086520787704,-2.54401087711247,"GGTATTGAGGTAGCCA-1"
1.78957253936303,2.07285356571285,"GGTATTGAGTAATCCC-1"
-1.73670756575096,-3.87061619708928,"GGTATTGAGTCCGTAT-1"
-3.0728515958451,-3.30008006046208,"GGTATTGCAACGATGG-1"
-3.51361101624,-1.38099741886052,"GGTATTGCACCGAAAG-1"
9.65100437644494,0.44114609857408,"GGTATTGCATAGACTC-1"
-2.97909539696205,-2.52328228900822,"GGTATTGCATGCCTAA-1"
-4.59238666054237,2.07669663478939,"GGTATTGCATGCCTTC-1"
1.806537213359,1.97189950992671,"GGTATTGGTAGGACAC-1"
0.974501671824574,1.88332867672054,"GGTATTGGTCATCCCT-1"
-3.17775314804542,0.0417407160004757,"GGTATTGGTGACGGTA-1"
1.60634690764916,0.747858286400714,"GGTATTGGTGTTTGTG-1"
-4.88917439934242,-2.05517864177617,"GGTATTGTCACTTACT-1"
-4.02776759621131,0.198053166767039,"GGTATTGTCCCAAGTA-1"
-4.8650206899308,-2.7704474921027,"GGTATTGTCGCGTTTC-1"
-5.62165730949867,-2.09131669948491,"GGTATTGTCTCGTTTA-1"
9.03279549125206,-0.261711537341199,"GGTGAAGAGACAATAC-1"
-3.50366014000404,-0.0289342100420811,"GGTGAAGAGAGTAAGG-1"
-4.78085511681068,-1.77015352199467,"GGTGAAGAGCCACGCT-1"
-0.49155959245193,10.4638497834405,"GGTGAAGAGCGCCTTG-1"
-5.39669269081581,1.44883060505001,"GGTGAAGAGTCTCCTC-1"
-2.53802555557716,3.24123191883174,"GGTGAAGCAAAGCAAT-1"
-2.02284174915779,-3.87721276233586,"GGTGAAGCAACGATCT-1"
-3.42361396309364,-0.73038554141911,"GGTGAAGCAAGCCGTC-1"
-4.65502494331825,-1.28385305354985,"GGTGAAGCAAGGTTCT-1"
11.4759717607833,0.764681935807147,"GGTGAAGCACCCAGTG-1"
10.6183877611495,1.41687893917171,"GGTGAAGCACTGCCAG-1"
11.1120639467574,-0.575980364779554,"GGTGAAGCAGATTGCT-1"
9.83781010154259,-0.749011754492841,"GGTGAAGCAGCTATTG-1"
9.97603947165978,-0.105921029547773,"GGTGAAGCAGGTGCCT-1"
1.63892346862328,-1.22509837100895,"GGTGAAGCATCACGAT-1"
-2.27741735931861,0.0600242023667477,"GGTGAAGCATGCTAGT-1"
-2.84100955482948,-0.266816138724408,"GGTGAAGCATGGTAGG-1"
-2.16214829441535,2.95854187061397,"GGTGAAGGTAGCTAAA-1"
10.1807723665572,-1.54080879638585,"GGTGAAGGTCTTGCGG-1"
-2.2527719115876,-3.40378785083684,"GGTGAAGGTGACCAAG-1"
8.85597473624718,-0.340462266902051,"GGTGAAGGTGGGTATG-1"
-1.83299964424598,-3.43677067706975,"GGTGAAGTCCAAACTG-1"
0.594062867198109,-1.22126162002476,"GGTGAAGTCCATGAAC-1"
-4.06071489807594,2.55577063610164,"GGTGAAGTCGCGGATC-1"
-1.18555971738327,2.19923472454158,"GGTGAAGTCGGCATCG-1"
-2.80513638016212,4.44966530849544,"GGTGAAGTCGTAGGAG-1"
-2.01451736446846,-0.882848023871503,"GGTGAAGTCTCGAGTA-1"
-3.55796235558021,-4.24873709628972,"GGTGAAGTCTGTCTAT-1"
-2.79999989029396,0.194129840036311,"GGTGAAGTCTTGTATC-1"
1.24673706534874,2.17404735138027,"GGTGCGTAGACCGGAT-1"
-4.97004621979225,-2.20374035785588,"GGTGCGTAGAGGGATA-1"
-2.279644427266,-1.52714550445469,"GGTGCGTAGCCCAGCT-1"
-3.05807870384681,3.35923886348812,"GGTGCGTAGCTAGTCT-1"
-5.46357577797401,-0.239127277831159,"GGTGCGTAGGAGCGAG-1"
9.88089710715783,2.33316528846828,"GGTGCGTAGGCCATAG-1"
-2.11925905701149,-2.97351860950383,"GGTGCGTAGGGTTCCC-1"
-4.94869822021949,-2.24071669528874,"GGTGCGTCAATGGATA-1"
0.189908328089833,-1.52814841220768,"GGTGCGTCACGCTTTC-1"
-4.17830008026588,-3.10863780925663,"GGTGCGTCATCACGAT-1"
-4.74965089317787,1.96374774028865,"GGTGCGTCATCTATGG-1"
-1.44761374351013,2.94832801868526,"GGTGCGTCATGGTTGT-1"
-1.18178951498497,-1.33962190101536,"GGTGCGTGTACGCACC-1"
-1.98814654108512,1.87475729038326,"GGTGCGTGTCGATTGT-1"
-3.92401927467811,-2.58910536716374,"GGTGCGTGTCGGCATC-1"
0.476560058627247,-1.64610791156682,"GGTGCGTGTTGTACAC-1"
8.42008453849328,-0.871284722785077,"GGTGCGTTCAAACAAG-1"
-3.25286811348426,-3.82781767795476,"GGTGCGTTCACGCATA-1"
1.41503888610375,2.45498752643672,"GGTGCGTTCAGTTCGA-1"
2.44127518180382,0.0552082364758633,"GGTGCGTTCCACGTTC-1"
10.3642831468917,0.965956628819384,"GGTGCGTTCCGAGCCA-1"
-3.02610796448219,-3.41373395870121,"GGTGCGTTCCTTAATC-1"
-2.18073004242408,1.24325949003307,"GGTGCGTTCGTACGGC-1"
10.9998288774825,-0.544942080477796,"GGTGTTAAGCGATAGC-1"
-0.824110237326503,-1.58260667274388,"GGTGTTAAGCTAGCCC-1"
-3.44346636291969,-3.58409833858403,"GGTGTTAAGGCGATAC-1"
-5.22851127144325,2.30849635650722,"GGTGTTAAGGGTATCG-1"
-4.18557756897438,-3.66043639133366,"GGTGTTAAGTCCGTAT-1"
-1.98881375547874,-1.40717971275242,"GGTGTTAAGTGCGTGA-1"
1.51717168334496,-0.11608803222569,"GGTGTTACAACGATGG-1"
2.57258516791832,0.932119489212909,"GGTGTTACAGCTGTTA-1"
-3.83230250832069,-0.161557197074018,"GGTGTTAGTAAGTAGT-1"
-1.982252118554,-3.91039633701237,"GGTGTTAGTAGCTGCC-1"
-3.58689707275856,-1.421126842002,"GGTGTTAGTAGGACAC-1"
0.426834049258351,-0.449952840308271,"GGTGTTAGTCTGCGGT-1"
-3.62516945358741,-3.28286743114384,"GGTGTTAGTTCCACGG-1"
-2.04356938358772,1.38785392095653,"GGTGTTAGTTCGGCAC-1"
-3.06006544586647,-4.40653061817082,"GGTGTTAGTTGAGTTC-1"
9.75879723075402,0.396231227119841,"GGTGTTAGTTTGTTGG-1"
-0.558204082217098,-1.00560414741429,"GGTGTTATCACCCTCA-1"
0.0246413374282118,2.07302761127559,"GGTGTTATCACGGTTA-1"
-3.98284166809547,-0.803279876212201,"GGTGTTATCATTATCC-1"
-3.25745457169044,2.37690210392086,"GGTGTTATCCCGGATG-1"
-5.36217683311927,-1.89349865863713,"GGTGTTATCCGTCATC-1"
9.65415531638634,1.01742118646709,"GGTGTTATCGCCATAA-1"
-3.56457441803443,-0.743097304801069,"GGTGTTATCGTAGATC-1"
9.75709969047081,1.67682337810604,"GGTGTTATCTGCAGTA-1"
-2.27906173225868,-4.16015601108464,"GGTGTTATCTTGCAAG-1"
-3.45212119575965,-0.824184774855695,"GTAACGTAGACAGACC-1"
-4.05913680550087,0.99476367284862,"GTAACGTAGCTAGCCC-1"
-4.40570491310585,-0.174409567813001,"GTAACGTAGCTATGCT-1"
-0.732077536549449,1.49392557193843,"GTAACGTCACTTCTGC-1"
-0.555144844021678,-2.6989462370673,"GTAACGTCATGCAATC-1"
0.325191559825062,-0.252732455233655,"GTAACGTCATGCGCAC-1"
-2.34075671192634,-3.42207217166813,"GTAACGTGTAGATTAG-1"
-3.79744666573036,0.622174308200755,"GTAACGTGTCAAGCGA-1"
-2.01123755928504,-0.241182088355146,"GTAACGTGTCCGAAGA-1"
1.52869612220299,1.92727196266262,"GTAACGTGTGCACGAA-1"
-1.81344717499244,-3.19047737071904,"GTAACGTGTTGTTTGG-1"
-1.28996565696228,-1.43705546806248,"GTAACGTTCAGCTGGC-1"
-5.07732957359779,-1.23722398231419,"GTAACGTTCCACGTTC-1"
1.31578356269371,1.08172375013439,"GTAACGTTCCCTAACC-1"
-1.92994117495048,0.72668615033237,"GTAACGTTCCTAGGGC-1"
-1.16734957453239,-1.17904627273472,"GTAACGTTCTAACCGA-1"
-0.669158813919902,11.496650457879,"GTAACGTTCTGTACGA-1"
-1.93426418062675,1.90156877090541,"GTAACTGAGAATAGGG-1"
-3.80371898170936,-3.01879143665226,"GTAACTGAGAGGACGG-1"
-3.23131698128212,4.32742500354854,"GTAACTGAGATATACG-1"
-1.21601621564853,-0.30466681669148,"GTAACTGAGATGAGAG-1"
-1.01929237265515,9.8877179627618,"GTAACTGAGCGATAGC-1"
9.82745892051232,0.997463644047656,"GTAACTGAGCGGATCA-1"
0.100720229182362,-1.44234752605351,"GTAACTGAGCTGCAAG-1"
-3.29896849152076,3.18253445674983,"GTAACTGAGGACAGCT-1"
-4.47714584824073,0.698572010298648,"GTAACTGAGGACGAAA-1"
-5.39879983421791,1.28403800775615,"GTAACTGAGGGCACTA-1"
-3.12697070595253,-3.56616711566838,"GTAACTGAGTAGGTGC-1"
-3.38057464119422,3.65588045169918,"GTAACTGAGTCCCACG-1"
-2.27472334858406,1.14793551017848,"GTAACTGAGTTCCACA-1"
1.22108322623742,-1.11111140201481,"GTAACTGCACGACTCG-1"
11.7162538194991,1.84983122398464,"GTAACTGCACGTCAGC-1"
11.4929175997115,-0.118901550273023,"GTAACTGCACTAGTAC-1"
-0.472985205616832,11.569178343316,"GTAACTGCAGACAAAT-1"
1.65444642547142,-0.61220300147923,"GTAACTGCAGCGTCCA-1"
2.03094297889245,0.385673923914709,"GTAACTGCAGGACGTA-1"
-3.35561889168251,-3.41162991474064,"GTAACTGCAGGCTCAC-1"
9.1853624010421,1.28705090334026,"GTAACTGCATATACCG-1"
-4.46713512894142,-0.495197593669019,"GTAACTGCATCCGGGT-1"
8.20823246482384,-0.319351613024793,"GTAACTGCATGCCTTC-1"
-0.567310360636592,-1.2933272118369,"GTAACTGGTACTCGCG-1"
8.76983982566369,4.01755213787166,"GTAACTGGTAGTACCT-1"
9.53349930289757,-0.219014405707441,"GTAACTGGTCGCTTTC-1"
1.20844179633629,-0.487873911360822,"GTAACTGGTCTCTCGT-1"
-1.83979463335502,-0.339730441073499,"GTAACTGGTGTGCGTC-1"
-1.09262607749927,-2.90198016117009,"GTAACTGGTTTGACAC-1"
-2.57838791367042,1.34030425598232,"GTAACTGTCAAACCGT-1"
2.16492825988305,0.676645100613513,"GTAACTGTCAAACGGG-1"
0.412464323077321,-0.403389453391156,"GTAACTGTCAGCTCTC-1"
-3.92505472656715,-0.36985623786839,"GTAACTGTCATAGCAC-1"
0.297090830836415,-1.39137482593449,"GTAACTGTCATGCTCC-1"
0.381958904299855,-0.898907303313337,"GTAACTGTCCGTACAA-1"
-2.78829067703712,-4.10299658725651,"GTAACTGTCCTACAGA-1"
-5.3009280538224,0.525056146582045,"GTAACTGTCGCTGATA-1"
-3.98414748665321,-2.16542410800847,"GTAACTGTCTGCCAGG-1"
-4.97100370880592,-0.450734316805921,"GTACGTAAGAAGGCCT-1"
-4.24993127342689,-2.12792777965458,"GTACGTAAGAGCCTAG-1"
-3.18540090080726,-3.73691773364934,"GTACGTAAGCTAAACA-1"
-5.36426967140663,-2.17092609355839,"GTACGTAAGCTAACAA-1"
8.89888149741662,-0.47314906070622,"GTACGTACAACGCACC-1"
-3.57730644699562,4.14844608356563,"GTACGTACAAGACACG-1"
-1.01855559964108,-3.29658293674382,"GTACGTACATAAAGGT-1"
9.59731823447716,-0.236638605097852,"GTACGTAGTAGATTAG-1"
1.40509063247216,-2.35645341823491,"GTACGTAGTCAATACC-1"
-0.69586160537231,0.615811899801173,"GTACGTATCAGTTGAC-1"
8.58839947227013,-0.349506616095624,"GTACGTATCCGTAGTA-1"
10.652237477336,-0.187236964205823,"GTACGTATCCTAGGGC-1"
-4.71786993500221,-3.30971383998784,"GTACGTATCCTGTAGA-1"
8.5499225283004,-0.557522773245893,"GTACGTATCCTTTCTC-1"
-2.38841837402809,3.33771562625972,"GTACGTATCTTGCCGT-1"
0.509898724589467,-2.43834090183171,"GTACTCCAGACGACGT-1"
-3.78157514091957,-2.58775949428471,"GTACTCCAGCCATCGC-1"
7.90232521537316,1.31055289556591,"GTACTCCAGGAATCGC-1"
-3.41065114494789,-4.32130122135075,"GTACTCCAGGATATAC-1"
-2.57930928226936,2.73799395610897,"GTACTCCAGTACGACG-1"
-0.843954784240604,-2.66547155330571,"GTACTCCAGTATTGGA-1"
-3.63228600975502,-0.412264525393567,"GTACTCCAGTGGTAAT-1"
10.0681815767623,-0.421812414626203,"GTACTCCAGTTAGCGG-1"
-0.0513005232475999,2.31580770065395,"GTACTCCAGTTGAGTA-1"
8.2931676531173,-0.635065078238569,"GTACTCCCAATGAATG-1"
-3.02036612984169,4.33586955120174,"GTACTCCCACCGAATT-1"
-1.38924363013732,2.49664521267024,"GTACTCCCAGATAATG-1"
1.15887505057824,-1.59037411163243,"GTACTCCCAGATCGGA-1"
-3.30562895294654,-1.13918232868107,"GTACTCCCATGATCCA-1"
-4.32793873306739,0.442558523764291,"GTACTCCGTAAGTGTA-1"
-5.58111613747108,1.91850566913692,"GTACTCCGTACTCGCG-1"
-0.595747259821773,-1.39025115917119,"GTACTCCGTGACTCAT-1"
-0.307760355439067,-1.94262289951237,"GTACTCCGTGTGACCC-1"
-0.845466700758815,-1.29938542793187,"GTACTCCGTTAAAGTG-1"
-0.537911651100993,-1.61008858631047,"GTACTCCGTTCAGTAC-1"
-1.29880365487564,-3.80225253055485,"GTACTCCGTTCCGTCT-1"
10.8552098894454,0.221637681623378,"GTACTCCGTTCGCTAA-1"
-3.5736331319474,-3.59224343250187,"GTACTCCTCACGATGT-1"
-1.42044049259651,2.62169838001338,"GTACTCCTCAGCTCTC-1"
8.4108901644088,-0.214298188189588,"GTACTCCTCCCTAATT-1"
-1.42906376477706,-2.41637921283635,"GTACTCCTCCCTCAGT-1"
-3.2212116098069,-3.5647716517249,"GTACTCCTCGGCGCTA-1"
-0.737685588564754,-3.37208008716496,"GTACTCCTCTAACGGT-1"
-1.59569787737358,1.70418965866176,"GTACTTTAGCCACGTC-1"
1.67474299911034,2.52253222515193,"GTACTTTAGCGATATA-1"
-0.798938912715793,10.4119594102105,"GTACTTTAGCTTCGCG-1"
-4.3860532617234,1.10287016679851,"GTACTTTAGGAATCGC-1"
11.0247207308151,1.37875074197856,"GTACTTTAGGCAGTCA-1"
-5.16077941414344,2.01178097774593,"GTACTTTAGGGCACTA-1"
-5.12064784523475,2.34105634739009,"GTACTTTAGTAGCCGA-1"
-4.02031272407997,0.847032249470629,"GTACTTTCAAGAGTCG-1"
-3.11715429779518,-2.89634942958745,"GTACTTTCAAGCTGAG-1"
-5.0631465291642,0.192311287423053,"GTACTTTCAATCTGCA-1"
9.79987293723595,2.25047743370143,"GTACTTTCACGTTGGC-1"
0.894346895251393,-1.60500740955266,"GTACTTTCAGACGCCT-1"
9.29144245627892,3.16237902690975,"GTACTTTCAGCTGTGC-1"
-3.12819808479774,0.331568845113196,"GTACTTTCAGGAATCG-1"
3.92786842826378,-4.62979912708195,"GTACTTTCAGGATCGA-1"
10.2394405031539,0.0529707377156399,"GTACTTTGTCTAACGT-1"
-0.535750952925563,0.392850881939211,"GTACTTTTCAACACAC-1"
-4.67266887184608,-3.42270016620549,"GTACTTTTCACATACG-1"
-3.93708556648719,3.16885399868099,"GTACTTTTCCCTCAGT-1"
-3.65947192665565,-3.89373660037907,"GTACTTTTCCGCAAGC-1"
8.6288142824508,-0.00864881227406045,"GTACTTTTCCTCAACC-1"
-3.67422955986488,4.16267895748226,"GTACTTTTCCTTTACA-1"
0.919319214854359,-1.72110342929753,"GTACTTTTCTGCGACG-1"
-4.08401864525306,-1.65919637630375,"GTAGGCCAGAGCAATT-1"
10.9903016710616,0.638558194538035,"GTAGGCCAGAGGACGG-1"
-0.917105150785327,9.81094336559383,"GTAGGCCAGCCAGTTT-1"
10.5581117296554,1.25507247497646,"GTAGGCCAGCGATGAC-1"
0.0073965812064406,0.509607077141681,"GTAGGCCAGCTTATCG-1"
-2.15738767143714,-1.89678907344731,"GTAGGCCAGGGCTCTC-1"
-3.07469027992713,-3.26842379520329,"GTAGGCCAGTCCGGTC-1"
0.419477524790883,-1.94406628559025,"GTAGGCCCAAGTTAAG-1"
0.159739675555348,2.34984219123928,"GTAGGCCCAATAAGCA-1"
-1.9413790678643,-3.16883206317814,"GTAGGCCCAATTGCTG-1"
-5.12746661659706,1.09516340543834,"GTAGGCCCACAACGTT-1"
9.03609043601525,0.0235541169842861,"GTAGGCCCAGACAGGT-1"
1.32894689086449,1.97422051479427,"GTAGGCCGTAAAGTCA-1"
2.06346684936058,1.02179139902202,"GTAGGCCGTAGCGTGA-1"
3.83931118491662,-4.64145970294865,"GTAGGCCGTATAGGGC-1"
-2.76681488510597,-1.534133076171,"GTAGGCCGTCACCCAG-1"
1.76077729705346,0.709746420880236,"GTAGGCCGTTAAAGTG-1"
-1.59330963846672,-1.3772202725211,"GTAGGCCGTTCAGGCC-1"
-4.68205970283973,0.307117231686988,"GTAGGCCTCAACGGCC-1"
-2.80857389923561,-4.16256308505925,"GTAGGCCTCACATACG-1"
2.14899975303185,1.07923817684261,"GTAGGCCTCCAAGTAC-1"
-2.60717445370185,-1.37372708270939,"GTAGGCCTCCTAAGTG-1"
0.881235065493703,-1.35401606510075,"GTAGGCCTCGGAAATA-1"
1.96616369727623,0.449145086606421,"GTAGGCCTCTGGGCCA-1"
-2.23266094681251,-3.33789586971196,"GTAGGCCTCTGTTTGT-1"
-1.70452564712989,-3.67001938770207,"GTAGTCAAGAAACGCC-1"
-0.0239621376656297,-2.13218665073308,"GTAGTCAAGCAATCTC-1"
-4.54792326446998,-3.9863579268256,"GTAGTCAAGCATGGCA-1"
0.976085486445546,-0.0385308260718205,"GTAGTCAAGCTATGCT-1"
-2.46325379368293,4.04270649005977,"GTAGTCAAGGACACCA-1"
0.977069439921498,1.9597417121133,"GTAGTCAAGTGGTCCC-1"
-0.626513210501552,-0.259363769988141,"GTAGTCACAAGGTTCT-1"
-2.36323696133125,-1.24499607036503,"GTAGTCACACCAGCAC-1"
0.68121558669579,-0.468346297244153,"GTAGTCACACCTCGTT-1"
-3.82730406280983,-3.88190865466984,"GTAGTCACAGCTGTGC-1"
-3.58053511139381,-1.92290401409062,"GTAGTCACAGGAACGT-1"
-0.416643497910381,1.30872690727321,"GTAGTCACATCACAAC-1"
-4.81549852844703,-0.166048168639264,"GTAGTCACATGCCCGA-1"
-0.0556838488243822,-1.1920818085471,"GTAGTCACATGGGACA-1"
-0.8519437288903,-1.87555289218815,"GTAGTCAGTAGGGTAC-1"
9.98868042472374,-0.992745637396894,"GTAGTCAGTGTGAATA-1"
-1.79438721891868,-0.81313884208592,"GTAGTCAGTTATGCGT-1"
1.33253652099144,0.583076462646403,"GTAGTCAGTTCGCGAC-1"
-3.10032957550514,3.67760086109249,"GTAGTCAGTTCGTCTC-1"
-0.948687558438659,-0.51610594938191,"GTAGTCAGTTGGTAAA-1"
-1.91745871063697,3.47949576427547,"GTAGTCAGTTGTACAC-1"
-5.71912759300697,1.89198136379329,"GTAGTCATCACTCTTA-1"
10.5538869524337,1.53451240112392,"GTAGTCATCCGAGCCA-1"
-4.26420205589759,-1.83580613086613,"GTAGTCATCGGAGCAA-1"
-3.13531917091835,-0.0827100868025639,"GTAGTCATCTAACCGA-1"
-5.39456552025306,1.9860986476144,"GTAGTCATCTACGAGT-1"
-2.46759086605537,-2.59556817958745,"GTAGTCATCTCTGTCG-1"
8.42521721366417,1.39367806961147,"GTAGTCATCTTATCTG-1"
-2.36590951439369,-0.786371111373029,"GTATCTTAGACAGACC-1"
-0.842693549957157,-1.81327152202519,"GTATCTTAGAGCTATA-1"
1.37074810508263,-1.40073490093144,"GTATCTTAGGTCATCT-1"
-0.864748341407657,9.94800162365047,"GTATCTTAGTAATCCC-1"
-1.29743087049949,0.0853612427910946,"GTATCTTAGTAGATGT-1"
-3.85206430908668,-3.24929594943913,"GTATCTTAGTGCAAGC-1"
-0.733480659689784,1.95761680652706,"GTATCTTAGTGTGAAT-1"
-3.30783790108192,-0.444084941844068,"GTATCTTCAAATTGCC-1"
9.79597336295617,0.865832537909426,"GTATCTTCAAGACACG-1"
-3.47122782227027,4.31667423297969,"GTATCTTCAAGGCTCC-1"
-4.37039345261085,-0.855967044333539,"GTATCTTCACGAAACG-1"
10.7020860338546,-0.57003694723042,"GTATCTTCAGACAGGT-1"
0.701687755618214,0.266327396531977,"GTATCTTCAGCTGGCT-1"
8.41816097739708,1.60874307205287,"GTATCTTCATTACCTT-1"
10.2996583605148,-0.416812300185285,"GTATCTTGTAAGGATT-1"
-1.12319066878784,11.1257007127008,"GTATCTTGTAGAGGAA-1"
-4.95537703987587,-3.51001214931401,"GTATCTTGTATTAGCC-1"
-3.45946591850746,-3.80240225742253,"GTATCTTGTCGGCTCA-1"
1.49482351783288,0.487059720357337,"GTATCTTGTGGACGAT-1"
-5.48472589012611,-2.54961061427983,"GTATCTTGTTATGTGC-1"
-0.632176188197017,0.765265554686465,"GTATCTTTCATCGATG-1"
9.99770885947716,1.08460038950054,"GTATCTTTCCATGCTC-1"
-2.3280972814225,2.76884412815181,"GTATCTTTCCTCCTAG-1"
-2.75447684284675,3.79681968738643,"GTATCTTTCCTTAATC-1"
-3.2131742810868,1.75845277359096,"GTATCTTTCCTTGGTC-1"
-4.80520695206153,2.6186065678796,"GTATCTTTCGTAGATC-1"
1.83541590217125,-0.997589826087079,"GTATCTTTCGTCACGG-1"
8.56565147880089,1.50208079864589,"GTATCTTTCTAACGGT-1"
-4.02742379662025,-2.98590326259526,"GTATCTTTCTTAACCT-1"
-2.34327572342384,4.7999584679803,"GTATCTTTCTTCGGTC-1"
-3.33368104454505,-1.46727788398655,"GTATTCTAGAGCTTCT-1"
-5.08259576317298,-2.14174723575505,"GTATTCTAGAGTAAGG-1"
-3.70218056198585,1.01246905376522,"GTATTCTAGCAACGGT-1"
-2.51154058929908,-0.36724233577641,"GTATTCTAGCCAGGAT-1"
-1.69555699583519,1.35293501665203,"GTATTCTAGCTAAGAT-1"
-1.57737064119804,-0.71937012622746,"GTATTCTAGCTGCGAA-1"
10.2769628191329,2.42252302219478,"GTATTCTCAAGCGTAG-1"
1.5392864370681,1.24949401666728,"GTATTCTCACCGAAAG-1"
-0.713876602616191,-0.656120657424054,"GTATTCTCAGGTGGAT-1"
-3.70266169067848,2.78986859371273,"GTATTCTCATACTCTT-1"
-4.9123029088639,2.09943437625972,"GTATTCTCATCTCCCA-1"
-1.17492943760383,-3.24174237201603,"GTATTCTGTACGACCC-1"
1.60394436362755,-0.659148931006513,"GTATTCTGTCTTCGTC-1"
-3.89833682533729,-3.73233103702458,"GTATTCTGTGACAAAT-1"
-3.99437564369667,-3.02248358676823,"GTATTCTGTGCATCTA-1"
-5.67200654503334,0.320195034643092,"GTATTCTGTGGGTATG-1"
-1.71413337942588,-1.10299646804722,"GTATTCTTCAGAAATG-1"
2.2147129202224,-1.77242851207646,"GTATTCTTCATCTGTT-1"
-2.89948612209785,4.57716727306453,"GTATTCTTCATGCAAC-1"
0.61668557170403,-1.43714582870396,"GTATTCTTCCAAAGTC-1"
-3.12402480598915,0.0317215924462459,"GTATTCTTCCCAACGG-1"
0.33009630683434,-0.112706899146161,"GTATTCTTCGGCTACG-1"
9.99558311942589,1.43883752872554,"GTCAAGTAGACACTAA-1"
-3.49911826607215,-2.8944241995612,"GTCAAGTAGACTCGGA-1"
-2.70277124401557,2.36027884533016,"GTCAAGTAGAGCTGCA-1"
-1.23001527544487,-1.50352156112584,"GTCAAGTAGGGAGTAA-1"
-5.54220956322181,1.98037540962306,"GTCAAGTAGGGTATCG-1"
10.9228692674972,0.643313780923762,"GTCAAGTAGTTAGGTA-1"
2.22754150870812,0.20305781116096,"GTCAAGTCAAGCCTAT-1"
11.0274348879195,0.111118197937884,"GTCAAGTCATCATCCC-1"
2.10364204886925,-0.61060285518559,"GTCAAGTCATCGACGC-1"
11.4198976183273,1.03673720409481,"GTCAAGTGTAGCGCAA-1"
-2.74886482712257,4.44761729290096,"GTCAAGTGTAGTGAAT-1"
-5.66809171196449,1.33247727205364,"GTCAAGTGTTCAGGCC-1"
-5.31702321526039,-2.9355893130103,"GTCAAGTTCACCTTAT-1"
8.25866180900109,1.59378266384212,"GTCAAGTTCACTTCAT-1"
-2.04816382881629,-0.359258889655194,"GTCAAGTTCAGAGCTT-1"
-4.00766676422584,1.7880058293542,"GTCAAGTTCCCTGACT-1"
-3.84347671028602,-3.90288805911931,"GTCAAGTTCCGCATAA-1"
-3.57509082314003,-0.895007013777814,"GTCAAGTTCGCGTAGC-1"
3.88180166724694,-4.77283739993962,"GTCAAGTTCTGAGGGA-1"
1.74101692679894,1.08429229309169,"GTCAAGTTCTGTCCGT-1"
-4.43913095947731,0.81435185720531,"GTCAAGTTCTTAACCT-1"
-2.16938489433754,1.26338297178356,"GTCACAAAGAATCTCC-1"
-3.89279192444313,3.31728506137935,"GTCACAAAGGCTATCT-1"
-4.69904774185646,-2.92323470065983,"GTCACAAAGGGCATGT-1"
-1.09206744041669,0.102509886523166,"GTCACAAAGGGCTCTC-1"
-4.42169230934608,2.66131997158138,"GTCACAAAGGGTATCG-1"
-2.63406115528572,-1.20909237811955,"GTCACAAAGTAGGCCA-1"
-1.96858030315864,-0.436273931960187,"GTCACAAAGTTCGCGC-1"
-3.38638919350135,0.6152885114154,"GTCACAAAGTTTAGGA-1"
-1.39690217133987,2.75289344837276,"GTCACAACAAGGGTCA-1"
0.0386361503936049,-1.82794165561589,"GTCACAACACCCTATC-1"
-3.55900114532936,4.13766622593013,"GTCACAACACGCGAAA-1"
-2.31450110432136,-3.84934401462468,"GTCACAACAGATCCAT-1"
-1.73508852478492,1.601444840928,"GTCACAACAGGATCGA-1"
-4.7899474477433,2.05744552661983,"GTCACAACAGTGAGTG-1"
-3.46462458130348,2.12571942855922,"GTCACAACATCGGTTA-1"
-4.61503261085975,1.22044229557125,"GTCACAAGTAGCGTAG-1"
0.737055482897877,1.94375824977962,"GTCACAAGTCAAAGAT-1"
1.28945213798058,-1.2334328884879,"GTCACAAGTCAGAAGC-1"
0.0899788761473891,2.05474162151424,"GTCACAAGTCCATCCT-1"
0.992152752909779,1.97996127655117,"GTCACAAGTCCGTTAA-1"
2.4066987657882,1.36535084297267,"GTCACAAGTTACTGAC-1"
-3.41488378998268,-1.33968162486943,"GTCACAAGTTCAGACT-1"
-1.87449002024162,0.0943907206257961,"GTCACAATCACCATAG-1"
-1.58156734463203,-0.326982497672162,"GTCACAATCATGGTCA-1"
8.33145195487511,-0.470524787406049,"GTCACAATCCACGTTC-1"
-2.79906838890541,2.69161653568355,"GTCACAATCCCTCAGT-1"
3.61133963111413,-4.46531605670842,"GTCACAATCCGATATG-1"
-2.16332584377754,-3.75338101337346,"GTCACAATCTCCTATA-1"
-0.255078670945049,-0.2387223834792,"GTCACAATCTGTCAAG-1"
10.2084899568893,2.2605286841592,"GTCACAATCTTTAGTC-1"
-2.72938221451271,-4.20615792224797,"GTCACGGAGAAGGACA-1"
-0.466011640992046,-0.648051499823652,"GTCACGGAGACAGAGA-1"
-0.354656693901897,-0.45617204854878,"GTCACGGAGAGCTATA-1"
-3.42664283272254,-1.57238805244359,"GTCACGGAGCGATAGC-1"
2.39257222655785,0.151644915839114,"GTCACGGCAAACAACA-1"
8.33888679984581,-0.260843038062177,"GTCACGGCAATGAAAC-1"
10.2699294710494,-1.53116226146611,"GTCACGGCACCTCGGA-1"
8.93713909629357,1.33309358408061,"GTCACGGCACCTGGTG-1"
-1.86815398689735,-0.989803313712201,"GTCACGGCACGTCAGC-1"
1.31662494185936,-1.69138765285405,"GTCACGGCAGCATGAG-1"
-2.88330632206428,-0.660201906661115,"GTCACGGCAGTATAAG-1"
-5.51665585991371,1.72633850624172,"GTCACGGCATGCGCAC-1"
-1.20705567058551,2.97198700954524,"GTCACGGCATGTAGTC-1"
-3.19310134407508,3.5460624699792,"GTCACGGCATTTGCCC-1"
-1.50808501001823,-3.70831465671452,"GTCACGGGTATATGGA-1"
-5.70837968346107,0.0310334866246365,"GTCACGGGTATCGCAT-1"
1.92301541808617,1.63445043613521,"GTCACGGGTCACCTAA-1"
-5.12740558144081,-2.7562291617194,"GTCACGGGTCCAGTGC-1"
0.0609477186537978,0.712404788037219,"GTCACGGGTCGCCATG-1"
-4.7300302362107,-0.326813518504224,"GTCACGGGTCTCATCC-1"
1.51424938682091,0.360622603943028,"GTCACGGGTGCGATAG-1"
-2.25646573063362,-3.419497727851,"GTCACGGGTGGACGAT-1"
-5.23440211769569,1.6355309491357,"GTCACGGTCAAAGTAG-1"
-3.55860298630226,3.95844960262386,"GTCACGGTCACCATAG-1"
9.86970860007775,1.02719843437282,"GTCACGGTCCAGGGCT-1"
-0.408136305775524,1.25071817686168,"GTCACGGTCCGGGTGT-1"
1.50998479369652,0.964827776451983,"GTCACGGTCCTGTAGA-1"
10.1046529436446,-1.33108138988408,"GTCACGGTCGACAGCC-1"
-3.62132590767372,0.383740326886453,"GTCACGGTCGATCCCT-1"
10.2828717851974,-1.1071859593192,"GTCACGGTCGCATGGC-1"
-0.757498857941509,-1.25196599910649,"GTCACGGTCTCAACTT-1"
2.0461657667495,0.874437928696551,"GTCACGGTCTCACATT-1"
-1.97635102030265,1.52431750347225,"GTCACGGTCTCTTATG-1"
2.3029058599807,1.02565747549144,"GTCACGGTCTGTACGA-1"
-2.76676803585517,-4.097569703559,"GTCACGGTCTTGTACT-1"
-2.85135322567451,-1.09788584659489,"GTCATTTAGACGCTTT-1"
-1.87562626358497,0.556656137605586,"GTCATTTAGATGTAAC-1"
0.63176638129723,1.73684513618556,"GTCATTTAGCTACCGC-1"
-4.81216376778114,1.6242913012704,"GTCATTTAGCTAGTCT-1"
2.14197379592431,0.204702407618441,"GTCATTTAGTAACCCT-1"
11.1512799883224,-0.297428369025312,"GTCATTTAGTGGAGAA-1"
8.61557632926476,1.44254732181636,"GTCATTTAGTTGAGAT-1"
-2.13728719707954,-1.09028828094395,"GTCATTTAGTTGCAGG-1"
-2.0475271320008,-1.72230935047062,"GTCATTTCAAGAGTCG-1"
-4.75802176949012,0.638276190062442,"GTCATTTCAAGCGTAG-1"
-4.93476265427101,-0.943155645827375,"GTCATTTCAATCAGAA-1"
-3.74083250519264,-2.8984730238715,"GTCATTTCACACCGCA-1"
-3.57641404625404,-1.01125907848271,"GTCATTTCACTGCCAG-1"
-2.62718981262672,1.3320601587495,"GTCATTTCAGATGGCA-1"
-4.20448988434303,-2.89101028392705,"GTCATTTCAGATTGCT-1"
-2.97459774967659,3.78890776683895,"GTCATTTCAGCTGGCT-1"
-5.33359426018226,-1.46928501079472,"GTCATTTCAGGACGTA-1"
-0.191658971276164,-1.76459455440434,"GTCATTTCAGTCTTCC-1"
9.78092342856896,-0.331911503771863,"GTCATTTCATATGCTG-1"
-3.55219477173317,-4.31118464420231,"GTCATTTCATTCCTCG-1"
-4.90208166595924,-1.22359669158848,"GTCATTTCATTCTCAT-1"
-4.45242923256385,-1.70117855022343,"GTCATTTCATTTCAGG-1"
-2.28239887711036,1.09971541215984,"GTCATTTGTACAGACG-1"
8.93071323874962,0.111868262787738,"GTCATTTGTACTCGCG-1"
2.57556492331994,1.43320250560848,"GTCATTTGTAGCAAAT-1"
-5.23420756813514,-1.77811145732792,"GTCATTTGTAGGCTGA-1"
3.64656788352501,-4.55324959705266,"GTCATTTGTATTCTCT-1"
-3.53818171974647,-1.52447915027531,"GTCATTTGTCAAACTC-1"
0.158017935786366,-2.38742542217167,"GTCATTTGTCAAAGCG-1"
3.71648222449791,-4.6731894011298,"GTCATTTGTGACAAAT-1"
0.529900970492482,-2.19024705837163,"GTCATTTGTTAAGATG-1"
1.88421827796471,1.56005537559597,"GTCATTTGTTATGTGC-1"
-2.22418337818611,1.41453874160854,"GTCATTTGTTCAGACT-1"
-4.67377894875038,-2.94581866214665,"GTCATTTGTTCGAATC-1"
8.17325741294396,1.77506971408931,"GTCATTTTCACTGGGC-1"
9.96872478965294,0.503547519942202,"GTCATTTTCATTATCC-1"
-3.49200147148597,2.55817914058773,"GTCATTTTCCTCATTA-1"
-2.98145359512794,-2.26850223491581,"GTCATTTTCGTCCGTT-1"
-3.29192536827552,4.48258757640926,"GTCATTTTCTGCAAGT-1"
-4.58359664436805,1.38297981073467,"GTCATTTTCTGTCCGT-1"
-1.77884864565361,-3.3099777693549,"GTCATTTTCTGTGCAA-1"
1.67218190673363,-1.27161586234959,"GTCATTTTCTTACCTA-1"
11.1223283434249,0.506020553906836,"GTCATTTTCTTGTCAT-1"
-2.28135698791969,0.119491458435931,"GTCCTCAAGAAGGTGA-1"
-0.257532176937938,-2.53878641078862,"GTCCTCAAGCGTAGTG-1"
2.06612521651757,1.96944379856197,"GTCCTCAAGTACGACG-1"
10.2506347322799,-2.05718517253788,"GTCCTCAAGTCATGCT-1"
-2.57637852188575,-0.606642484168134,"GTCCTCAAGTGGAGTC-1"
-3.58388608452308,0.950466692944445,"GTCCTCACAAGGTTCT-1"
-1.27831670400131,-0.797062754134259,"GTCCTCACACCCAGTG-1"
-3.0605339383744,4.80519890834896,"GTCCTCACACGCCAGT-1"
-2.00635927673805,-0.32050400922688,"GTCCTCACATGTAGTC-1"
1.22569233420861,-0.752035855750165,"GTCCTCAGTAAGTGGC-1"
1.06751877311242,-1.86315011928471,"GTCCTCAGTACCATCA-1"
-2.81922966000068,3.90311670353023,"GTCCTCAGTCACACGC-1"
0.0439949655867812,11.6342990403375,"GTCCTCAGTCGAGATG-1"
2.26186281684411,1.81554460575191,"GTCCTCAGTCGCATCG-1"
-1.73887395616996,-0.993581175307355,"GTCCTCAGTGACGGTA-1"
-3.36515730377662,0.397931609799542,"GTCCTCATCACCGTAA-1"
-4.24727314468849,-3.41340208003911,"GTCCTCATCATCTGTT-1"
-1.67820697781074,-3.30822539279851,"GTCCTCATCCTGTAGA-1"
-4.77106684204567,-0.908908843497358,"GTCCTCATCGCCTGTT-1"
1.43284327033532,-0.771351932982526,"GTCCTCATCTATCCTA-1"
-2.91983121391761,-2.94071936557683,"GTCCTCATCTGGTGTA-1"
8.16931015494835,1.76270127346126,"GTCCTCATCTGTACGA-1"
-4.91794413086402,0.0101560359200619,"GTCGGGTCAATGACCT-1"
3.65910965446007,-4.57462382266911,"GTCGGGTCAATGGTCT-1"
-3.76461070534217,-3.10007882068547,"GTCGGGTCACCGATAT-1"
-2.33599275108802,0.110450119276919,"GTCGGGTCAGATCCAT-1"
-1.42014142629135,0.418429941435733,"GTCGGGTCAGTAAGAT-1"
2.42652064803612,1.12257838298885,"GTCGGGTCATAAAGGT-1"
9.76131779197228,0.190997109313884,"GTCGGGTCATGGTAGG-1"
-4.38503926750648,-3.86511301944645,"GTCGGGTGTAAATACG-1"
-4.27877706047523,-3.79384064624699,"GTCGGGTGTACCGTTA-1"
-1.20692862328517,-3.47140741298588,"GTCGGGTGTAGCGCAA-1"
-4.2685896730088,-3.88232302616032,"GTCGGGTGTTCGCTAA-1"
-5.55662625786293,0.30034598012773,"GTCGGGTGTTGTCGCG-1"
-3.53364103790748,-1.49663162181767,"GTCGGGTTCAACACCA-1"
-2.67275970932472,-0.418795525530896,"GTCGGGTTCAACGGGA-1"
-0.124674317803264,2.66449332286922,"GTCGGGTTCCAAGCCG-1"
11.1162114763595,1.67504119922725,"GTCGGGTTCCAGAGGA-1"
-5.11361068245399,-1.84912919948491,"GTCGGGTTCCAGTAGT-1"
-3.4191924905442,-2.06081485698613,"GTCGGGTTCCGCGTTT-1"
1.68068248275292,-0.4450212116042,"GTCGGGTTCTAGCACA-1"
-0.135134396519542,0.0528885429104946,"GTCGGGTTCTTCCTTC-1"
-3.09009116646278,-1.17657184551152,"GTCGGGTTCTTGGGTA-1"
-1.09198556598651,11.2097537522515,"GTCGTAAAGAGACGAA-1"
0.374048771891713,-0.908344268302045,"GTCGTAAAGCACGCCT-1"
-4.17821925636756,-4.26627421329411,"GTCGTAAAGCCCAACC-1"
-3.58951729294288,4.24316668560115,"GTCGTAAAGCGTGAGT-1"
8.42047935966027,1.5380936866006,"GTCGTAAAGCTAAGAT-1"
9.50496632102501,0.076556534071841,"GTCGTAAAGGGCTTCC-1"
-3.78323572632301,-3.02660942027958,"GTCGTAAAGTCAAGCG-1"
-3.55233329292762,-1.52937889049443,"GTCGTAACAAAGGTGC-1"
11.1122337007858,-0.604371308783612,"GTCGTAACAATTCCTT-1"
9.47909504416955,0.942091763516345,"GTCGTAACACCTGGTG-1"
-2.10471993443,-3.70374607990178,"GTCGTAACACGCTTTC-1"
1.26226097587121,-0.348130404452405,"GTCGTAACACTGTGTA-1"
-0.479273078408122,-2.03389215419682,"GTCGTAACATCACAAC-1"
10.0610547685958,1.03763252546398,"GTCGTAACATTGGGCC-1"
0.365853610072255,-2.33929347942265,"GTCGTAAGTAGAGTGC-1"
0.523649039301991,-1.88024187038334,"GTCGTAAGTAGCGATG-1"
-2.71404283997047,-3.66643261859807,"GTCGTAAGTAGTAGTA-1"
10.3526158953048,-0.0854963655272343,"GTCGTAAGTCATGCAT-1"
-0.740560767617107,2.1453832392892,"GTCGTAAGTCCGCTGA-1"
-5.633319792714,-1.54617667148503,"GTCGTAAGTCCTGCTT-1"
0.0744233751631972,1.71425914814083,"GTCGTAAGTGTAAGTA-1"
-4.2860137796067,-3.39594197223576,"GTCGTAATCAACCATG-1"
-3.07216733452308,1.30488860656826,"GTCGTAATCAGCAACT-1"
0.0391163254119155,-1.71815395305546,"GTCGTAATCCGGCACA-1"
9.60744816306603,-0.51732653329762,"GTCGTAATCCGGGTGT-1"
-1.69902789350975,2.7794187073907,"GTCGTAATCGGCTTGG-1"
-2.65602618214119,-1.30157530258091,"GTCGTAATCGTAGGAG-1"
8.22558266166222,-0.28270739267262,"GTCGTAATCTCGTATT-1"
-1.89273947235572,2.11681485225765,"GTCGTAATCTGCTGTC-1"
-4.00126570221412,-1.81308412502202,"GTCTCGTAGAATGTGT-1"
0.207056584391713,-2.49297761867436,"GTCTCGTAGATGTTAG-1"
0.45739168170464,-2.02102184245976,"GTCTCGTAGCACACAG-1"
-3.91283315178382,-0.0390075142184116,"GTCTCGTAGCGATAGC-1"
-0.844278750386119,-1.8900775904456,"GTCTCGTAGGATGTAT-1"
-1.82635193821418,2.71876120617,"GTCTCGTAGGGTGTGT-1"
1.54892951491845,1.5010756259164,"GTCTCGTCAAACCTAC-1"
-2.18870383259285,-2.41405296276005,"GTCTCGTCAAGCTGTT-1"
9.9882245684005,1.20387572099773,"GTCTCGTCAAGGACTG-1"
9.74857002738488,0.338765338560023,"GTCTCGTCACATCCGG-1"
-1.75277918335426,1.21242123891918,"GTCTCGTCACCAGTTA-1"
-4.17806905266273,-1.70623660037907,"GTCTCGTCACTGAAGG-1"
-4.3715748166703,2.8832652573785,"GTCTCGTCAGCGTCCA-1"
10.346817555461,-0.513256966570935,"GTCTCGTCAGGGAGAG-1"
-1.49746584650505,3.10218215038387,"GTCTCGTCAGTGACAG-1"
1.98548346999657,0.214421615501323,"GTCTCGTCATCACCCT-1"
-1.94629424568641,3.03535819103328,"GTCTCGTCATCCTTGC-1"
-5.37614863869178,2.4229745869836,"GTCTCGTGTATAGTAG-1"
11.7200370455123,-0.14040660808476,"GTCTCGTGTATATGGA-1"
10.7376399660445,1.38903534462062,"GTCTCGTGTCATCGGC-1"
-1.7262717461251,-3.91928696582707,"GTCTCGTGTCTTCTCG-1"
10.1785979891158,0.505654946466365,"GTCTCGTGTGCAGGTA-1"
-3.17819756027687,-3.40510606716069,"GTCTCGTGTGGTACAG-1"
10.0067878389694,0.26723371495811,"GTCTCGTGTTCGGGCT-1"
0.531479420695424,-2.35185217807683,"GTCTCGTGTTGCCTCT-1"
2.61280995849144,0.392200962205806,"GTCTCGTTCCTCTAGC-1"
-1.6987711763047,-0.754819750289045,"GTCTCGTTCGACGGAA-1"
1.01449829581749,-1.59291934917363,"GTCTCGTTCTCGTTTA-1"
-0.345668671097637,2.30131530811397,"GTCTCGTTCTTTACGT-1"
-2.91655975338447,-4.20490431735905,"GTCTTCGAGAGTCTGG-1"
-4.66977470871437,-2.87721657703312,"GTCTTCGAGCAGCCTC-1"
-1.56759589668739,-3.86125683734807,"GTCTTCGAGCATGGCA-1"
2.66037422660363,0.642699361344256,"GTCTTCGAGGCCCTCA-1"
3.71970230582726,-4.70324349353703,"GTCTTCGAGTCTTGCA-1"
1.73047954085839,0.566364974280276,"GTCTTCGAGTGCAAGC-1"
-0.59199899193275,-2.60483813236149,"GTCTTCGAGTGCGATG-1"
-2.45788150784004,1.05292350103466,"GTCTTCGCAACTGGCC-1"
1.09878260139,2.57591199924556,"GTCTTCGCAATCAGAA-1"
-1.51806878801811,-3.9193756575385,"GTCTTCGCACCGAAAG-1"
-2.54166120048988,-0.527262150744519,"GTCTTCGCACCTCGGA-1"
-3.90549391266334,-0.0378044540682652,"GTCTTCGCACGGATAG-1"
1.24101430419457,0.355296433468737,"GTCTTCGCAGTCACTA-1"
-2.56999748703468,-0.283040999869428,"GTCTTCGCATCGGAAG-1"
-3.92324036118019,3.52821183254329,"GTCTTCGCATCTCCCA-1"
1.20372516158593,0.227305174370684,"GTCTTCGGTAAACGCG-1"
-4.72963875290382,-0.326933204630933,"GTCTTCGGTAAATACG-1"
-2.50661295410621,4.26392769863216,"GTCTTCGGTATCTGCA-1"
-1.78233748432624,0.500755213697829,"GTCTTCGGTCATGCCG-1"
1.18033534530175,-1.7006564135352,"GTCTTCGGTCCCTTGT-1"
-2.34104531761634,-4.21268010089787,"GTCTTCGGTGATGTGG-1"
-1.9745405292176,-3.02567505786809,"GTCTTCGGTTTGGCGC-1"
11.2887988710738,0.648848832150378,"GTCTTCGTCGACCAGC-1"
-2.65598684307563,-3.42818617771061,"GTCTTCGTCTAACTCT-1"
-0.315732178654552,-1.41156279991063,"GTCTTCGTCTTGTCAT-1"
-1.71422856804359,-3.38889765689763,"GTGAAGGAGACTTGAA-1"
-2.58363383766639,-4.47647213886174,"GTGAAGGAGCACAGGT-1"
10.5577693605758,0.523607418437877,"GTGAAGGAGTAGCGGT-1"
0.0640307093001601,11.7628657822808,"GTGAAGGAGTGACATA-1"
1.70993978026879,-0.513281940917096,"GTGAAGGAGTGGAGTC-1"
-3.3707146024369,1.79971385051815,"GTGAAGGAGTTGTCGT-1"
2.27216392997277,1.1678288583955,"GTGAAGGCACCGTTGG-1"
1.90308028701317,1.07073772003261,"GTGAAGGCACCTCGTT-1"
-1.63636392113197,-1.84478664348515,"GTGAAGGCACGAAAGC-1"
0.00445217135918108,-2.39655590007695,"GTGAAGGCACGTCTCT-1"
-3.97025149818885,-0.372548102835736,"GTGAAGGCAGCCTTTC-1"
-4.8677312707566,-1.28564190814885,"GTGAAGGCAGGCTGAA-1"
-0.771876124110103,-0.0371190602579929,"GTGAAGGCAGGTCTCG-1"
-1.55792975183952,-1.1772269005576,"GTGAAGGCATCGGGTC-1"
0.810889306101918,1.18156725217906,"GTGAAGGCATGGTCAT-1"
-2.63046103474128,0.281960830589213,"GTGAAGGGTACCGTTA-1"
-1.9816320514344,1.64408457328884,"GTGAAGGGTACTCAAC-1"
-3.84749597069252,-1.68315601299199,"GTGAAGGGTGACAAAT-1"
-4.43900626656044,2.2200526004037,"GTGAAGGGTGACGCCT-1"
-3.13797777649391,0.603811294337191,"GTGAAGGGTGATAAGT-1"
2.08794099334252,-0.583106517294965,"GTGAAGGGTGCAGTAG-1"
10.3434157991744,1.06854289819805,"GTGAAGGGTGTGGTTT-1"
-3.11885851379859,-3.04974532077702,"GTGAAGGTCACCGGGT-1"
3.67959839347374,-4.58229422519597,"GTGAAGGTCACTGGGC-1"
-4.91828506943214,2.5998327737054,"GTGAAGGTCTAACGGT-1"
-3.56324666496742,-4.14886403034123,"GTGAAGGTCTCATTCA-1"
-0.630848792757869,-0.483422100047193,"GTGAAGGTCTCCCTGA-1"
-3.4968292092942,-1.64060878703984,"GTGAAGGTCTGACCTC-1"
1.63870841506493,1.65778124382106,"GTGCAGCAGACTAGGC-1"
-1.89036458488929,-3.4646613592902,"GTGCAGCAGAGTGAGA-1"
-2.26392084118354,-4.08415865848454,"GTGCAGCAGCACCGCT-1"
9.26011616233361,1.01249927332012,"GTGCAGCAGCGGATCA-1"
-3.32173007484901,4.55316710521785,"GTGCAGCAGCTTATCG-1"
10.0202546739913,0.378891405214944,"GTGCAGCAGTAATCCC-1"
-4.40649097916114,-0.292990028361402,"GTGCAGCAGTGTACTC-1"
-3.67508285995948,-2.77196454952153,"GTGCAGCCACGGCGTT-1"
10.3142610216476,0.134086490174212,"GTGCAGCCAGCGATCC-1"
-4.93563693520057,-1.9760208124915,"GTGCAGCCATGACGGA-1"
9.23496204856408,0.0508668725690029,"GTGCAGCGTACCGCTG-1"
1.60763937476647,2.25756537963954,"GTGCAGCGTCAACTGT-1"
11.7641664171554,0.472835265596785,"GTGCAGCGTCCGACGT-1"
-0.33023369070518,0.706358969708361,"GTGCAGCGTCGATTGT-1"
8.87956959250939,-0.0798371727267124,"GTGCAGCGTGGCTCCA-1"
0.126615347895741,-2.85279273937138,"GTGCAGCGTTGAGTTC-1"
-1.84049564358223,-2.16604733417424,"GTGCAGCGTTGTCTTT-1"
-4.76096242424476,0.177847564717212,"GTGCAGCTCACCTCGT-1"
-2.70950752254951,2.69788479854671,"GTGCAGCTCCTTGACC-1"
-5.64424413200843,2.35451471855251,"GTGCATAAGATAGGAG-1"
10.5033555651046,1.39022922565547,"GTGCATAAGGAGTAGA-1"
0.743801178965687,-1.1937223667899,"GTGCATAAGGCCCTCA-1"
-5.41205018517006,1.73645937492458,"GTGCATAAGTACTTGC-1"
-2.52939074989784,4.55701661159603,"GTGCATAAGTAGGCCA-1"
-2.4944562291764,2.75551915218441,"GTGCATAAGTCGATAA-1"
-0.977199579965353,9.91482710887996,"GTGCATAAGTCGTTTG-1"
-3.22588771339881,-1.58350288818272,"GTGCATAAGTGTTGAA-1"
9.78350502494347,-0.552605211237989,"GTGCATACAAGCCGTC-1"
-3.28724568840492,3.96837687542049,"GTGCATACAAGGTTTC-1"
11.1639056825973,-0.464407503108106,"GTGCATACAATCAGAA-1"
-4.05418699738014,-1.92573213527592,"GTGCATACAATTCCTT-1"
1.2862575674392,-1.15574490974339,"GTGCATACACACAGAG-1"
0.699716153178334,0.85695228030292,"GTGCATACAGTATCTG-1"
10.8315635347701,-0.587520241240583,"GTGCATACATCACGTA-1"
0.0824257755614516,1.84861075927822,"GTGCATACATGGGACA-1"
2.3124957704879,0.677079856892504,"GTGCATAGTACATCCA-1"
10.1521506929733,-0.294560431937299,"GTGCATAGTACATGTC-1"
-2.32500260826576,2.56724524547664,"GTGCATAGTCAGATAA-1"
10.2962995195724,-0.578478931883893,"GTGCATAGTGCTCTTC-1"
1.83108264449608,1.57001829197017,"GTGCATAGTGTTAAGA-1"
8.57340198997033,-0.579331218699537,"GTGCATAGTGTTCTTT-1"
-3.40654748436439,-3.2121891970435,"GTGCATAGTTACTGAC-1"
-1.36359995361793,-2.96875858257206,"GTGCATAGTTGCCTCT-1"
1.87706429008019,1.06477546741573,"GTGCATAGTTGCTCCT-1"
-2.70930450912941,1.54900097896663,"GTGCATATCAAGATCC-1"
2.37092691901696,0.346466284742036,"GTGCATATCATCTGCC-1"
-3.07790702339637,-3.49904370258244,"GTGCATATCGATGAGG-1"
11.2076974535323,0.397068408814647,"GTGCATATCGCGTAGC-1"
10.017866673503,-0.224636435011945,"GTGCATATCGGCATCG-1"
-4.0911006307267,-1.41697931239995,"GTGCATATCTATCCTA-1"
0.0113244676924941,2.52806854297725,"GTGCATATCTCTGTCG-1"
-5.18831819054115,1.98197042991725,"GTGCATATCTGCGACG-1"
1.30841523650658,-0.643252372244916,"GTGCGGTAGATAGTCA-1"
2.10979706290734,1.12557113220302,"GTGCGGTAGATGTGGC-1"
-1.26174336430061,-3.5824022288123,"GTGCGGTAGCAGCCTC-1"
-1.82523298021781,-2.86082673023137,"GTGCGGTAGCATCATC-1"
9.97823864463341,-0.192735969523511,"GTGCGGTAGCTATGCT-1"
9.13730865958703,-0.100544809798322,"GTGCGGTAGGCTCAGA-1"
-3.0416769361161,-0.821705102423749,"GTGCGGTAGTCGTTTG-1"
-3.13666218277442,3.72693872501461,"GTGCGGTAGTGAAGAG-1"
-4.47601836678016,-3.13290333698185,"GTGCGGTCAATCACAC-1"
10.504158558879,0.34622906198112,"GTGCGGTCAATGGTCT-1"
0.405953826937794,-1.81962537715825,"GTGCGGTCACCAGGCT-1"
-3.95798200127113,-1.58606827209385,"GTGCGGTCACCTGGTG-1"
8.57764202598107,-0.358334838847242,"GTGCGGTCACGAAGCA-1"
-3.74064534660804,-4.40668702075871,"GTGCGGTCAGATCCAT-1"
-1.6111457323693,0.0388546292981289,"GTGCGGTGTACCGGCT-1"
-2.05628400799263,2.74394321491329,"GTGCGGTGTAGGAGTC-1"
-5.76926654335487,1.42242991973964,"GTGCGGTGTATAAACG-1"
-0.579047707285762,-1.46387827346715,"GTGCGGTGTATCAGTC-1"
-2.0309872007035,4.35443782856075,"GTGCGGTGTCAGAATA-1"
2.56001764777672,0.402887538106569,"GTGCGGTGTGATAAAC-1"
-0.521749255623699,-1.34606218288334,"GTGCGGTGTGCCTGCA-1"
2.31174141410363,0.345237788309731,"GTGCGGTGTGGTCTCG-1"
1.62184196952355,-0.286346375445447,"GTGCGGTGTTCTGTTT-1"
-4.41152733322609,-0.268145262698255,"GTGCGGTTCATAAAGG-1"
10.1320548677779,0.0671147709092281,"GTGCGGTTCATCGGAT-1"
-4.76292389389503,2.4776895051202,"GTGCGGTTCCAGTAGT-1"
1.05931121352684,-0.956867932776532,"GTGCGGTTCCGTTGCT-1"
8.21042973044884,1.68540394355861,"GTGCGGTTCCTAGGGC-1"
1.67997294906151,-0.369397103289685,"GTGCGGTTCGTTACGA-1"
11.5572562837936,1.18618017484752,"GTGCGGTTCTCTTATG-1"
-5.1458291387223,-1.29448485324772,"GTGCGGTTCTGAGGGA-1"
-1.93598019834983,0.536686555047908,"GTGCGGTTCTTGTTTG-1"
10.343890728984,1.48454296638576,"GTGCTTCAGAATAGGG-1"
-1.49962609764564,-1.89542770336064,"GTGCTTCAGACATAAC-1"
-1.39517053719986,4.30300903369991,"GTGCTTCAGACGCAAC-1"
-2.47390895840156,3.21151757289974,"GTGCTTCAGAGACGAA-1"
-2.84795826431739,3.55708885242549,"GTGCTTCAGAGGGATA-1"
1.83933478835595,2.07567358066646,"GTGCTTCAGATCTGCT-1"
-5.62542479988563,2.30186677028743,"GTGCTTCAGCTCCCAG-1"
0.604166569743275,-1.66050457904728,"GTGCTTCAGGAGTTGC-1"
1.08283955100548,1.62150347282497,"GTGCTTCAGTCGCCGT-1"
-3.27526753899086,4.6491024499139,"GTGCTTCAGTTGAGAT-1"
10.5567355776168,-0.352827190856061,"GTGCTTCCAAGCGAGT-1"
10.4778285646774,-2.01991915653142,"GTGCTTCCAAGCTGAG-1"
1.95278746131432,0.0540959541997097,"GTGCTTCGTCGCATAT-1"
-0.996888550374687,-0.132290780047498,"GTGCTTCGTCGGCTCA-1"
-2.82133477684486,-0.352702199915967,"GTGCTTCGTGATAAGT-1"
-3.39610141273963,-1.34753107974919,"GTGCTTCGTGATGTCT-1"
2.09081322196496,0.330699399610438,"GTGCTTCGTGCGGTAA-1"
-1.31658637281883,-2.68714332530888,"GTGCTTCGTGCTCTTC-1"
-4.3013479089402,-3.14881610820683,"GTGCTTCGTGTGAATA-1"
-5.33308309074867,-1.07749247501286,"GTGCTTCTCCACTGGG-1"
2.14915806296837,0.29302300562469,"GTGCTTCTCCTTGACC-1"
-0.573579815592647,-0.845026015738569,"GTGCTTCTCGAATCCA-1"
-5.00998395439613,-0.531893372038923,"GTGCTTCTCGACAGCC-1"
-3.58723491188514,4.53364729930965,"GTGCTTCTCTACCAGA-1"
-1.58675586935508,-1.65205907771977,"GTGCTTCTCTTTAGGG-1"
-0.385272619690776,-0.453200518588147,"GTGGGTCAGAGGTAGA-1"
0.1406299496032,-1.92645621250065,"GTGGGTCAGATCTGCT-1"
9.92783123496544,-0.288272022704206,"GTGGGTCAGCCAACAG-1"
10.6438899660445,0.447529588391461,"GTGGGTCAGCGAAGGG-1"
11.0794120455123,-0.465352594355664,"GTGGGTCAGCTAGGCA-1"
0.821352543864369,-2.1732659334937,"GTGGGTCAGGCCGAAT-1"
8.10303932670128,0.397247232993521,"GTGGGTCAGTGACTCT-1"
-2.95987373348701,-2.71281862209233,"GTGGGTCAGTGGAGTC-1"
7.84416347983849,1.47211778213588,"GTGGGTCCAAAGAATC-1"
-0.880969104733348,10.4728085999688,"GTGGGTCCAAGAGTCG-1"
11.8247848177291,-0.135943591097913,"GTGGGTCCACCGTTGG-1"
-3.28646701332557,-0.99010622451695,"GTGGGTCCATACTCTT-1"
-0.203905341591716,-3.2057788367072,"GTGGGTCCATCACAAC-1"
0.29674715045464,-1.27537846515568,"GTGGGTCCATGGTCAT-1"
-4.3628770684861,3.00026750614254,"GTGGGTCGTACCGAGA-1"
-3.07961982246864,1.33449113418666,"GTGGGTCGTCGGATCC-1"
0.0334928655959364,-1.80166482875737,"GTGGGTCGTCGGGTCT-1"
-0.607491222586513,-1.97092556903752,"GTGGGTCGTCTGATTG-1"
0.338511886630177,-1.89564800212773,"GTGGGTCGTGAGGCTA-1"
-3.06195944305885,-2.66876792858037,"GTGGGTCTCACAGTAC-1"
-1.06674452629316,1.13175177623836,"GTGGGTCTCACCGGGT-1"
-0.257789728608013,-1.45481097648533,"GTGGGTCTCATGTCCC-1"
-3.69477742668617,-3.36347031543644,"GTGGGTCTCCTAGAAC-1"
0.05670386794579,0.178563595314898,"GTGGGTCTCCTGCTTG-1"
-3.72605031486976,4.16081833889095,"GTGGGTCTCGAATGCT-1"
-5.44616216179359,2.09904289295284,"GTGGGTCTCGCATGGC-1"
-4.70726483818519,-3.74428963611516,"GTGTGCGAGACTACAA-1"
3.68729979041588,-4.52507376621159,"GTGTGCGAGAGCCCAA-1"
9.04444271567833,1.20429140379039,"GTGTGCGAGAGTACAT-1"
1.19774443152916,1.83430206825344,"GTGTGCGAGCATGGCA-1"
10.1007285738326,-1.20325732181462,"GTGTGCGAGCCTTGAT-1"
-1.21536957975853,-1.9446601862708,"GTGTGCGAGCTAGCCC-1"
0.200343790087819,-1.49794852683934,"GTGTGCGAGCTGCCCA-1"
-5.34609549995887,-1.20894849250706,"GTGTGCGAGGAATGGA-1"
-1.48308250066268,0.986272693177142,"GTGTGCGAGGAGTTTA-1"
10.1013951921798,0.504476137956061,"GTGTGCGAGGCATGTG-1"
-2.04752439018714,1.80831503917781,"GTGTGCGAGTACGCCC-1"
-4.94360965248573,2.57902455379573,"GTGTGCGAGTTTCCTT-1"
0.559924902949452,-2.0604991907874,"GTGTGCGCAAACGTGG-1"
-4.16410797592628,-3.25992512653264,"GTGTGCGCAAGGGTCA-1"
-1.91292768475044,2.84126234104244,"GTGTGCGCAATGGTCT-1"
-5.22460883614051,-1.64051437328251,"GTGTGCGCACAGGAGT-1"
8.49769073966515,1.46097862770168,"GTGTGCGCACCCTATC-1"
-4.52457755562294,-0.244518696765027,"GTGTGCGCACGCCAGT-1"
1.42387682441246,1.24421507169811,"GTGTGCGCAGCCTTGG-1"
9.54515129569542,-1.63307666728886,"GTGTGCGCATACTACG-1"
-4.36819618698585,-2.24582838962468,"GTGTGCGCATCTCGCT-1"
-4.42258375641334,2.33388555099575,"GTGTGCGCATTGAGCT-1"
-3.3039798116349,-1.04884707878026,"GTGTGCGGTAACGTTC-1"
1.02643591407311,-1.93117427776249,"GTGTGCGGTACAGTTC-1"
0.730516853366017,-2.17038321445378,"GTGTGCGGTAGCCTCG-1"
1.5894699716903,2.42493391086666,"GTGTGCGGTCAGAATA-1"
1.66496664527428,-0.580976545313916,"GTGTGCGGTCCTCCAT-1"
-2.97154050823677,4.81917166759578,"GTGTGCGGTCGTCTTC-1"
-0.306401071514964,-0.916833638648114,"GTGTGCGGTGATGTGG-1"
-0.687630740370632,-1.29787146995457,"GTGTGCGTCATGCAAC-1"
-1.74055033680427,0.722483546038546,"GTGTGCGTCCCAAGAT-1"
-4.0945128774308,-1.10030043075474,"GTGTGCGTCGAATGCT-1"
0.221602740321278,-2.0386109347144,"GTGTGCGTCGTAGATC-1"
-2.89640480038154,3.13357019474117,"GTGTTAGAGAACTGTA-1"
9.60641724112999,2.31964409401027,"GTGTTAGAGAAGGCCT-1"
10.2553954744674,0.0981840198239468,"GTGTTAGAGATGTTAG-1"
-3.7733299111985,-1.54617071102055,"GTGTTAGAGGAGCGTT-1"
-1.11796550210941,-2.47195911357792,"GTGTTAGAGGCACATG-1"
-3.92928308006752,-3.41929602573308,"GTGTTAGAGTTGAGAT-1"
-2.93411487099159,-2.9039673800269,"GTGTTAGAGTTTAGGA-1"
-2.16040068623054,4.29796600391475,"GTGTTAGCAAAGAATC-1"
-5.28433125969398,1.6948159938058,"GTGTTAGCAAGAAGAG-1"
-1.59066372868049,-0.692348002890668,"GTGTTAGCAATAGCGG-1"
8.45911270621789,1.43012321045009,"GTGTTAGCAGAGCCAA-1"
-3.22542565819252,-4.34024023960026,"GTGTTAGCAGCTGTTA-1"
-3.64966791626442,-4.34669852207097,"GTGTTAGCAGGACCCT-1"
-2.76039534565437,-2.33372235248478,"GTGTTAGCAGTCGTGC-1"
-4.62999266144264,-3.12533974597844,"GTGTTAGCATGTTCCC-1"
-2.40380042549598,-2.46630835483464,"GTGTTAGCATTGGGCC-1"
1.06104976180565,0.82582110216228,"GTGTTAGGTCCGTCAG-1"
-5.69816916939247,1.87462425281612,"GTGTTAGGTGACGCCT-1"
-0.603490886654735,10.2954022889337,"GTGTTAGTCAAACGGG-1"
-1.02539414298165,-1.77822971294316,"GTGTTAGTCAGAGACG-1"
8.52761703971398,-0.152372955779157,"GTGTTAGTCAGTTAGC-1"
10.9816842699386,-0.102816521624646,"GTGTTAGTCATGTGGT-1"
-3.08228081222999,-2.35060167262944,"GTGTTAGTCCAGATCA-1"
-1.61689769979942,0.291909829278865,"GTGTTAGTCTGCAAGT-1"
-3.61162227150428,-1.77960038135441,"GTGTTAGTCTTGACGA-1"
8.43919331077111,-0.801824807623944,"GTTAAGCAGAGACGAA-1"
-1.69680094477165,-0.865027188757978,"GTTAAGCAGAGCCCAA-1"
3.90977818015587,-4.54608321140202,"GTTAAGCAGCGAAGGG-1"
-1.808956739869,0.895597041150012,"GTTAAGCAGTTACGGG-1"
-1.26599880811203,-2.24028038928898,"GTTAAGCCAAGTTCTG-1"
-2.49559527393806,-3.10781502674016,"GTTAAGCCAATCTGCA-1"
1.23772007468712,0.347620111455598,"GTTAAGCCACACATGT-1"
0.581036510501027,-1.19453370521458,"GTTAAGCCACTGCCAG-1"
-2.77722578999031,-1.12130260417851,"GTTAAGCCAGAGCCAA-1"
0.463615121874928,2.48293566753475,"GTTAAGCCAGGGTACA-1"
3.62845331672204,-4.44281506488713,"GTTAAGCCAGTGAGTG-1"
-0.681527135338664,10.1986262803277,"GTTAAGCCATCTACGA-1"
0.250076236758351,-0.480544685820661,"GTTAAGCGTCGGGTCT-1"
11.0808263445235,0.667645514508166,"GTTAAGCTCAGGCGAA-1"
9.25086647513878,0.467620306213774,"GTTAAGCTCAGGTAAA-1"
-0.275136885609508,-3.08686399410161,"GTTAAGCTCATTCACT-1"
-1.24757838007438,0.120442659159579,"GTTAAGCTCCAGATCA-1"
-5.78803962227333,-0.180762469271741,"GTTAAGCTCCAGTAGT-1"
2.27039534095299,1.68970143844692,"GTTAAGCTCCAGTATG-1"
1.78893429282677,2.23046612789241,"GTTAAGCTCGACGGAA-1"
10.2642570162154,1.05255997230617,"GTTAAGCTCGAGCCCA-1"
0.111585917506337,11.6224725251397,"GTTAAGCTCGCACTCT-1"
-5.17386382576454,0.107366949816623,"GTTAAGCTCTGTACGA-1"
-4.5041488980912,-3.96842169711979,"GTTAAGCTCTTTACAC-1"
-2.72605317589271,-4.11879992435368,"GTTACAGAGAGATGAG-1"
-4.43313854691017,-0.0785605008402683,"GTTACAGAGATACACA-1"
-5.33030503746498,0.0702289049824856,"GTTACAGAGCACCGTC-1"
-1.57260048147666,-0.748000740508161,"GTTACAGAGCAGATCG-1"
-5.89610236641395,0.194712937374987,"GTTACAGAGGAATGGA-1"
0.655550184283375,-1.05623888919743,"GTTACAGAGGTAGCTG-1"
-0.407087979283214,-1.68117093990239,"GTTACAGAGTACGCCC-1"
-2.96560722347724,1.15588617374507,"GTTACAGAGTTGAGTA-1"
-1.70454072710502,-2.57694196651371,"GTTACAGCAAACTGCT-1"
8.13125473502648,0.358154353251138,"GTTACAGCAAATTGCC-1"
-4.85134166237342,-0.606667756537519,"GTTACAGCAACTGGCC-1"
-1.76631289478767,-0.808364271620832,"GTTACAGCAAGCCCAC-1"
-1.85845923181999,0.745048314829745,"GTTACAGCACAACTGT-1"
-3.1050621843003,1.5015866761407,"GTTACAGCACGAAAGC-1"
-3.81804221626747,0.238075897594371,"GTTACAGCACTTCGAA-1"
1.99721247199547,0.983447731038012,"GTTACAGCAGGTCTCG-1"
-1.3695752298497,0.0929100816449306,"GTTACAGCATGCTGGC-1"
-3.07967346664894,-4.48648762653264,"GTTACAGGTAAATGTG-1"
-1.42059060689437,-2.59666585872563,"GTTACAGGTAGCCTAT-1"
-3.20198172089088,3.09904360820858,"GTTACAGGTATATGAG-1"
-0.65828504916656,-1.78944659183415,"GTTACAGGTCTGGAGA-1"
-4.68657582756507,-2.38835024784001,"GTTACAGGTGCCTGGT-1"
-2.95426279064643,-0.148726164797864,"GTTACAGGTGTTGAGG-1"
2.39098006728661,0.78217223336307,"GTTACAGGTTAAAGAC-1"
-4.94208067413795,2.00873208095638,"GTTACAGGTTCCATGA-1"
-4.26255315300453,0.379226031278648,"GTTACAGTCACGATGT-1"
1.92936665061486,-0.300663768748365,"GTTACAGTCATCATTC-1"
-4.09261125084388,-1.12755393932255,"GTTACAGTCATGCAAC-1"
-0.844261554446102,10.2247693543634,"GTTACAGTCGCCAAAT-1"
-1.98692279812324,-2.78750133464726,"GTTCATTAGAAAGTGG-1"
9.68144279960167,-0.0517610306540348,"GTTCATTAGACTAGGC-1"
-1.70899379011619,-1.7785646910468,"GTTCATTAGAGACGAA-1"
-1.84628939386833,1.71367049266902,"GTTCATTAGAGACTTA-1"
-2.66653173920143,-3.45241713474186,"GTTCATTAGAGATGAG-1"
2.23654967788231,0.38981352796165,"GTTCATTAGCCAGTAG-1"
-3.78925841804969,-1.92678618381413,"GTTCATTAGCGGATCA-1"
-0.389483270611644,0.539787695308604,"GTTCATTAGCTATGCT-1"
-2.24454086777198,-3.84045863101872,"GTTCATTAGGAATCGC-1"
-2.76765244957435,-2.61589956233891,"GTTCATTAGGACAGAA-1"
10.4270787859298,0.154115826388278,"GTTCATTAGTATTGGA-1"
9.92907959464562,0.473767161866107,"GTTCATTAGTCCGTAT-1"
1.24008327964318,-0.622927426795087,"GTTCATTAGTTATCGC-1"
-1.39142918344963,-3.19797992656621,"GTTCATTCAATCTACG-1"
-0.974848303388834,-1.08503162811192,"GTTCATTCAATGCCAT-1"
-2.42494326588142,-0.673419475058637,"GTTCATTCACATCTTT-1"
11.3141999864913,0.15019512226192,"GTTCATTGTATATCCG-1"
1.00814396384728,-1.1235569710532,"GTTCATTGTCAGATAA-1"
-0.643278328146816,-1.32213544795903,"GTTCATTGTCCATCCT-1"
12.0157237673141,-0.298182785014234,"GTTCATTGTCGCTTTC-1"
-2.99170702454078,4.82906746913997,"GTTCATTGTTAAGAAC-1"
1.79973584655297,1.66991770317165,"GTTCATTGTTCCCTTG-1"
-2.5868018245362,-3.32226657817753,"GTTCATTTCAACTCTT-1"
-0.637321737971187,10.509384871026,"GTTCATTTCACCGTAA-1"
1.92744142058861,1.25778758575527,"GTTCATTTCACCTTAT-1"
-2.04497498032081,-1.71749520252141,"GTTCATTTCCCACTTG-1"
-4.93028229233253,0.0564791267117641,"GTTCATTTCCTGCAGG-1"
9.12157589438927,-0.459895312289319,"GTTCATTTCGGCGGTT-1"
9.68786865714562,1.73812985469905,"GTTCATTTCTAACGGT-1"
-0.149125990834117,0.0196528141698025,"GTTCGGGAGAAGCCCA-1"
-1.8083406662606,2.21358788063137,"GTTCGGGAGATCTGAA-1"
-3.23370593544471,-4.12510657260808,"GTTCGGGAGCGTGAAC-1"
-0.655575064387203,-1.35538840244206,"GTTCGGGAGCTAAGAT-1"
-1.76727175470817,-0.951253532866559,"GTTCGGGAGCTATGCT-1"
-3.37695973869789,-3.17354488323124,"GTTCGGGAGCTGTTCA-1"
-0.962409382130981,10.6964862351617,"GTTCGGGAGGACACCA-1"
10.3108287477828,-0.231014847258649,"GTTCGGGAGGGTCGAT-1"
0.870283665690541,-1.88036966274174,"GTTCGGGAGGGTTTCT-1"
-3.90133303162086,3.26044035007564,"GTTCGGGAGGTGACCA-1"
1.5035894537307,-1.13049137542637,"GTTCGGGAGTGGCACA-1"
-3.17135256287086,4.51465773632137,"GTTCGGGCAACACCTA-1"
-3.38415473457801,3.02013397266475,"GTTCGGGCAGCTCCGA-1"
-3.76389568802345,1.23433309843151,"GTTCGGGCATATACGC-1"
2.43239790442955,-0.140869736174665,"GTTCGGGCATGGATGG-1"
-4.21902435776222,-2.75565457294377,"GTTCGGGGTACTTCTT-1"
-2.67600279804695,-2.81437587688359,"GTTCGGGGTCAGTGGA-1"
-1.58948731180656,1.88460242797939,"GTTCGGGGTCCAGTAT-1"
-1.49551725145805,1.52544379283992,"GTTCGGGGTCCATGAT-1"
-2.24378710743415,0.273304224511065,"GTTCGGGGTCGGATCC-1"
3.53376347068322,-4.49503731677922,"GTTCGGGGTCTGATCA-1"
1.67710072043908,0.888359636565127,"GTTCGGGGTGAAGGCT-1"
1.32334715369713,1.32609581997005,"GTTCGGGGTGCCTTGG-1"
1.69029337409508,1.88042557289211,"GTTCGGGGTGCTAGCC-1"
-2.75241762157905,-0.32942849347981,"GTTCGGGGTTCCACTC-1"
-5.06113332268226,-0.114059626559339,"GTTCGGGTCAACCATG-1"
-0.381595132317424,-0.743043541411481,"GTTCGGGTCCCATTTA-1"
-3.96099251266944,0.256900489827075,"GTTCGGGTCCTAGGGC-1"
10.9811502123214,-0.49172633836659,"GTTCGGGTCCTCAATT-1"
-2.93736105915535,2.83805894901363,"GTTCGGGTCTACGAGT-1"
-1.60906523224342,1.08997887422649,"GTTCGGGTCTGCTGCT-1"
-2.05914622303474,-1.30670738170537,"GTTCGGGTCTTCATGT-1"
1.11217671874535,-0.403797804812513,"GTTCTCGAGAAACGAG-1"
-2.20522302147377,0.563358471294322,"GTTCTCGAGACCCACC-1"
3.81536013129723,-4.61508822391423,"GTTCTCGAGCCAACAG-1"
0.637555899653554,-0.103310703734479,"GTTCTCGAGGGTTTCT-1"
9.92714458945763,1.98635959674922,"GTTCTCGAGTAGTGCG-1"
-2.16884392258155,1.41967427780239,"GTTCTCGAGTCATCCA-1"
0.153392496142506,-2.21384072254094,"GTTCTCGAGTGAAGAG-1"
0.750907602343678,2.06334579040615,"GTTCTCGAGTGTTTGC-1"
-2.67530601974952,-0.252826034525953,"GTTCTCGAGTTAGCGG-1"
-1.64496707674491,-2.13467550228032,"GTTCTCGAGTTTGCGT-1"
-2.24054187294471,-1.72779774616154,"GTTCTCGCACACAGAG-1"
-2.23551445957649,2.36204648067562,"GTTCTCGCACGTGAGA-1"
-2.34891718384254,-3.7722489828864,"GTTCTCGCACTCTGTC-1"
10.3863549852706,-0.533711492518506,"GTTCTCGCAGGACCCT-1"
11.213347973857,1.671841741105,"GTTCTCGCAGTCCTTC-1"
9.89027458671105,0.570559800167956,"GTTCTCGCATATACGC-1"
0.347813072238087,-0.784586190680585,"GTTCTCGCATGCAACT-1"
0.872701826129079,-1.63065338085087,"GTTCTCGCATTGGTAC-1"
10.941134038005,-0.920892714957319,"GTTCTCGCATTTGCCC-1"
-3.99687021728981,1.33391559173671,"GTTCTCGGTAAACCTC-1"
-1.68213683125007,2.94833278705684,"GTTCTCGGTCACTTCC-1"
-3.90656441208351,-4.27887749622258,"GTTCTCGGTGTTAAGA-1"
-2.19410031792152,-1.95089387843998,"GTTCTCGGTTACGCGC-1"
-1.55308562275398,4.38038206150142,"GTTCTCGGTTCATGGT-1"
-0.759926823344112,2.541599512597,"GTTCTCGGTTTAGCTG-1"
11.54502636436,0.414436829307505,"GTTCTCGGTTTGGGCC-1"
-1.25528457519043,-0.407274066905103,"GTTCTCGTCCGTTGCT-1"
-1.64655697103965,0.889536709090152,"GTTCTCGTCGCGATCG-1"
-0.087881264653087,2.6987588410577,"GTTCTCGTCGTATCAG-1"
3.3453293466903,-4.29743695209416,"GTTTCTAAGAAGATTC-1"
-3.53243940826881,-3.20187568614872,"GTTTCTAAGACAGACC-1"
-3.01455062386024,3.47951293041316,"GTTTCTAAGAGTGACC-1"
-3.04206174370277,-4.35621952960881,"GTTTCTAAGATTACCC-1"
-3.10269444939125,-3.24627184818181,"GTTTCTAAGCACCGTC-1"
-2.24356430527198,1.11756861259548,"GTTTCTAAGCGAAGGG-1"
-2.09631222244728,4.17146349002925,"GTTTCTAAGCGTAGTG-1"
-4.25700586792457,0.0842607026299618,"GTTTCTACAAGGACTG-1"
0.823364915881276,0.179051727553286,"GTTTCTACAAGGGTCA-1"
-3.25946777817237,-0.0882271225252964,"GTTTCTACAGGCAGTA-1"
-0.613781896796108,-0.118365764121137,"GTTTCTACAGGTCTCG-1"
-2.04216426369178,1.91794252445308,"GTTTCTACAGTCAGAG-1"
-3.31333774086463,-2.56097936580571,"GTTTCTACATATGAGA-1"
-4.286311564412,-3.51118111560734,"GTTTCTACATGTAAGA-1"
-5.64280694481361,1.87097454120723,"GTTTCTACATTCTTAC-1"
-2.86986368652809,-1.60617375324162,"GTTTCTAGTAAGTGGC-1"
-2.97480374332893,-1.56817972610386,"GTTTCTAGTACCAGTT-1"
2.16272360328209,0.663478434582629,"GTTTCTAGTTAAAGAC-1"
-4.96778243538368,2.47303795864192,"GTTTCTAGTTCGTCTC-1"
-3.01630609985817,0.660983145733752,"GTTTCTATCAGTCAGT-1"
11.0673375749923,1.45477747966854,"GTTTCTATCCAGAAGG-1"
-3.54849165436256,-1.23937308738621,"GTTTCTATCCCTAACC-1"
1.59026795867455,1.03048253109066,"GTTTCTATCCCTAATT-1"
-4.32644885536659,-1.04002392242344,"GTTTCTATCCGTTGCT-1"
-0.684348878826976,-0.459520756701551,"GTTTCTATCCTAGTGA-1"
-5.27295106407631,0.477200128634848,"GTTTCTATCGGCATCG-1"
-3.78598707672584,0.736313671370425,"GTTTCTATCTCCAGGG-1"
-0.723106352057338,10.3205125336846,"GTTTCTATCTCTAAGG-1"
2.06368547919762,0.26731148411838,"TAAACCGAGAGTCGGT-1"
-0.662636218037486,-1.76500892589482,"TAAACCGAGCAGACTG-1"
-1.10170858856666,-2.14593195865544,"TAAACCGAGCTGAAAT-1"
0.0860320949889418,0.379706737150826,"TAAACCGAGGGATGGG-1"
-4.80490535255897,-0.249196052054486,"TAAACCGAGGTGATTA-1"
-4.1726788854264,3.32876849224178,"TAAACCGCAAAGGAAG-1"
-4.03520649429786,-1.6836943621436,"TAAACCGCACCGATAT-1"
-2.36918717380989,-0.228316902617536,"TAAACCGCAGTAACGG-1"
1.38376242164147,1.20567017843334,"TAAACCGCAGTCAGCC-1"
-5.44064324852455,1.47953641464321,"TAAACCGCATAGTAAG-1"
9.76789242270958,1.32091456701366,"TAAACCGCATCCGTGG-1"
9.22744614127648,2.81742239048091,"TAAACCGGTACGAAAT-1"
10.5503135347701,-0.655148505667768,"TAAACCGGTCCGTGAC-1"
-1.47710916158187,-3.8503510947028,"TAAACCGGTCGGCACT-1"
-4.00431817528236,-3.30431270549687,"TAAACCGGTTCTGAAC-1"
10.0753846788741,-1.11822450111302,"TAAACCGTCAGCACAT-1"
-2.32927840706337,-0.844423651198468,"TAAACCGTCCGTTGTC-1"
10.321242871318,0.044420600434222,"TAAACCGTCGGCTACG-1"
-3.28519862648475,-3.62882733295353,"TAAACCGTCTGCTGCT-1"
-4.96610706802833,0.476301789780536,"TAAGAGAAGAGTTGGC-1"
-4.42635792252052,-2.04576611469182,"TAAGAGAAGCGAGAAA-1"
0.965497078929066,-1.85892295787724,"TAAGAGAAGCTCCCAG-1"
-1.13953475412357,0.619942129155078,"TAAGAGAAGTACGCGA-1"
7.88031250480187,1.49143636276332,"TAAGAGAAGTAGGTGC-1"
-1.61607271191108,0.310557149847426,"TAAGAGAAGTGGGATC-1"
-1.41317218300331,-0.472168325881086,"TAAGAGAAGTTATCGC-1"
-2.06583064552772,3.44483518650142,"TAAGAGAAGTTGAGAT-1"
-3.87535112854469,-3.33105874011906,"TAAGAGACAAAGAATC-1"
-0.283962485756755,-2.01150941799077,"TAAGAGACAAGTAATG-1"
11.3925204897262,1.25115352918712,"TAAGAGACACGAAATA-1"
3.82452398780358,-4.57511210391911,"TAAGAGACACTGTCGG-1"
-4.73304718491066,-1.85154271076115,"TAAGAGACAGTGAGTG-1"
-5.35348647591102,-2.83444237659367,"TAAGAGACAGTTCATG-1"
-0.788462412919879,2.13913333465663,"TAAGAGACATGAGCGA-1"
7.75484615806115,1.20824325134365,"TAAGAGAGTAAACACA-1"
-5.60728639122474,-0.0908582205572941,"TAAGAGAGTAGGACAC-1"
-3.18758147713172,3.12697410633174,"TAAGAGAGTGAAAGAG-1"
-3.33370035644996,-1.99385189960392,"TAAGAGAGTGAAGGCT-1"
-1.02304953094947,-1.79597926090153,"TAAGAGAGTGTTCTTT-1"
-1.41467225309837,1.60888552715389,"TAAGAGAGTGTTTGTG-1"
0.305943431887746,-1.00301969001683,"TAAGAGAGTTGGAGGT-1"
-4.26467555519569,-2.02959084461125,"TAAGAGAGTTTCGCTC-1"
-1.93922376390922,-2.11981582591923,"TAAGAGATCAAGATCC-1"
0.187461915049672,-1.71325349758061,"TAAGAGATCATCGGAT-1"
-2.49395185467231,-1.90234446475895,"TAAGAGATCCTAGGGC-1"
-0.86245238539207,10.6023509507379,"TAAGAGATCGTGGTCG-1"
-3.44579905029762,3.16798234035579,"TAAGAGATCTCGCTTG-1"
-3.07153194900978,-1.35488426635655,"TAAGAGATCTGTTTGT-1"
-3.56544607635963,3.04015588810054,"TAAGAGATCTTCCTTC-1"
-4.14493721481788,-3.34885644863041,"TAAGCGTAGAACTCGG-1"
0.463278951678395,-1.30421507308873,"TAAGCGTAGATGCCTT-1"
-4.22223132606971,-1.34872400710972,"TAAGCGTAGCTGATAA-1"
2.53617960456383,0.346481111397424,"TAAGCGTAGGACAGCT-1"
-4.97203796860206,1.41743767311183,"TAAGCGTAGGACATTA-1"
-1.44319298621643,-1.60856771419438,"TAAGCGTAGGACCACA-1"
2.2790759229995,-0.322426497439466,"TAAGCGTAGGATGGTC-1"
-1.89635866638649,-2.96938252399357,"TAAGCGTAGGGATGGG-1"
1.894183697734,-0.992108940581403,"TAAGCGTAGTATCTCG-1"
-1.61124360319603,2.7518627648553,"TAAGCGTAGTCAATAG-1"
-2.89459293838966,4.68968558361141,"TAAGCGTCAAGCGTAG-1"
-2.03274732586372,-3.26384282062443,"TAAGCGTCAATGGAAT-1"
-1.11111937966573,2.04933404972164,"TAAGCGTCACACCGCA-1"
-0.702104953493953,-3.53216099689396,"TAAGCGTCACAGCGTC-1"
11.5683208132125,0.220761076112666,"TAAGCGTCAGTCAGAG-1"
1.19170481208336,-0.493621468047223,"TAAGCGTCATAGACTC-1"
-3.08823269363868,4.57572341014949,"TAAGCGTCATGCTGGC-1"
10.0071216249801,0.612690449257769,"TAAGCGTCATGGGACA-1"
-1.08687542137134,-3.39951658199223,"TAAGCGTGTACATGTC-1"
-0.452506122555614,-3.28164195964726,"TAAGCGTGTACCGTAT-1"
-1.52277195211875,-4.07909131000432,"TAAGCGTGTCCTAGCG-1"
3.74475151542199,-4.73583865116032,"TAAGCGTGTCTAGTGT-1"
-1.21480080243576,-3.77968811939152,"TAAGCGTGTCTCATCC-1"
-0.447982428040386,2.10525512744991,"TAAGCGTGTGGTGTAG-1"
-1.65151947494972,-0.128441690901838,"TAAGCGTTCAAGAAGT-1"
-0.150434789624095,-2.11801671932133,"TAAGCGTTCAGCCTAA-1"
0.217864813838124,2.15002381851284,"TAAGCGTTCCGTTGTC-1"
-3.10671156403053,-3.44029211948308,"TAAGCGTTCGATCCCT-1"
-1.60170221086967,2.63180637409297,"TAAGCGTTCGCTTGTC-1"
2.52598363402855,0.513815090557017,"TAAGCGTTCTAACCGA-1"
-3.70277756210792,2.46691823055355,"TAAGCGTTCTCGGACG-1"
11.3103728914596,0.535021469493785,"TAAGTGCAGAAGGTTT-1"
-2.34687298294532,0.402957550281116,"TAAGTGCAGCCACGTC-1"
-1.25221216436851,-0.826912998656354,"TAAGTGCAGCGCCTCA-1"
-0.88639040049541,-2.06490182826909,"TAAGTGCCAATCACAC-1"
9.76997143271935,0.502333798011222,"TAAGTGCCAATCTACG-1"
-3.04117053505409,3.65334534694759,"TAAGTGCCAATGGACG-1"
-1.78228968140113,-0.0259111816683628,"TAAGTGCCACACAGAG-1"
11.2874513292648,-0.363291441897474,"TAAGTGCCACCGCTAG-1"
10.3448901796676,1.8395514493188,"TAAGTGCCACGGTTTA-1"
-0.269223270382762,-1.53710138748082,"TAAGTGCCAGCCACCA-1"
9.47444874290001,-0.741965651015363,"TAAGTGCCAGTAACGG-1"
-3.30447691437233,-1.66809320400151,"TAAGTGCGTAGGGTAC-1"
-3.36533468719947,-1.97961544940861,"TAAGTGCGTAGTAGTA-1"
-0.988838355316811,-3.13873696277531,"TAAGTGCGTCCATCCT-1"
-4.89267319199073,-2.66358017871769,"TAAGTGCGTCTAAACC-1"
0.0583848381377455,-2.21997928569706,"TAAGTGCGTGCCTTGG-1"
-4.836604533162,-2.90779423664006,"TAAGTGCGTGGCAAAC-1"
-2.27308708187568,-3.430497645835,"TAAGTGCGTGTGCGTC-1"
-1.52615791317451,-1.56833136032017,"TAAGTGCGTTACAGAA-1"
1.85117441657555,1.47702848960964,"TAAGTGCGTTATCACG-1"
-1.80571716782081,1.53751266052333,"TAAGTGCGTTCACGGC-1"
-1.26172223445404,-1.31767713973912,"TAAGTGCGTTCCGGCA-1"
-1.8042302107476,-0.629743337134443,"TAAGTGCGTTTAAGCC-1"
11.1188588762618,0.355836999168076,"TAAGTGCTCAATCACG-1"
-5.23462623116005,-0.549568235377393,"TAAGTGCTCCATGCTC-1"
-0.586445686783672,-1.60316061923893,"TAAGTGCTCGGTTCGG-1"
8.691791119609,-0.496463715533338,"TAAGTGCTCTGAGTGT-1"
-2.37136167046058,2.59165430118648,"TAAGTGCTCTGCAAGT-1"
8.43593079093468,-0.825484275321088,"TACACGAAGAACAATC-1"
2.43326241019738,0.582873568435588,"TACACGAAGAAGGTGA-1"
0.393584075007558,-0.294928848246656,"TACACGAAGAGCTTCT-1"
9.43327290061486,-0.0278925890723087,"TACACGAAGCTGTCTA-1"
1.49073869231713,0.473163538177886,"TACACGAAGCTTATCG-1"
-0.941117079373479,11.2967393403253,"TACACGAAGGCGCTCT-1"
0.883189859423756,-1.82401061008366,"TACACGAAGTCCATAC-1"
-2.85100954529274,-2.65994167278203,"TACACGAAGTGTCTCA-1"
-4.35168498512733,-1.40520656059178,"TACACGACAACTGCGC-1"
-3.06537860390174,4.71623063137142,"TACACGACAAGCCTAT-1"
-5.84529870506752,-0.160450934866986,"TACACGACAATAGCGG-1"
-5.13469165321815,-0.636154174307904,"TACACGACAATCCGAT-1"
-2.48858922478187,-0.943448304633222,"TACACGACAGAAGCAC-1"
2.36088592055809,0.619365051885524,"TACACGACAGATCCAT-1"
-1.90677386280525,1.38481593181697,"TACACGACAGGGTATG-1"
9.72496181968224,0.594291553398051,"TACACGACATCAGTCA-1"
-1.48236429449546,-3.82831978748234,"TACACGACATCCGTGG-1"
-4.46047514435279,-3.51136279056462,"TACACGACATTCACTT-1"
10.3233237886764,2.31340897132961,"TACACGACATTGCGGC-1"
-4.41331523415077,0.425926840429582,"TACACGAGTAATCGTC-1"
-2.58688872810829,3.12205457737056,"TACACGAGTACGCACC-1"
10.1373515749313,0.509682320555129,"TACACGAGTATAGGTA-1"
-1.53455871101844,2.40389382888881,"TACACGAGTCAGCTAT-1"
2.28520161155236,1.22415763189403,"TACACGAGTCTCTCTG-1"
-3.47690218445289,-4.50202536533268,"TACACGAGTTGCGTTA-1"
1.9724615240432,1.3805340533456,"TACACGATCAATCACG-1"
-0.964758838903189,1.49902975608913,"TACACGATCACCTTAT-1"
-4.93203061577308,0.00489139606563072,"TACACGATCAGGATCT-1"
-3.32979291435707,3.3553750519952,"TACACGATCAGTCAGT-1"
-3.20625036713111,-2.67859840343388,"TACACGATCATCATTC-1"
-1.77426075693595,-1.86267304370793,"TACACGATCCCATTTA-1"
10.5890737200118,0.169783279796519,"TACACGATCGTGGTCG-1"
-3.82765215393531,-1.45497822711857,"TACACGATCTCTTATG-1"
-0.914787178304077,-3.09106516788395,"TACACGATCTGTTTGT-1"
10.6585641527511,0.839129716654696,"TACACGATCTTCATGT-1"
-2.63959163185585,0.768811405201831,"TACAGTGAGATCCCAT-1"
0.0649686479903456,-2.15644669483098,"TACAGTGAGTGGAGAA-1"
-2.09189468380439,3.1125543122491,"TACAGTGAGTTGTAGA-1"
-2.15090399738777,2.79885721256343,"TACAGTGCAACAACCT-1"
-0.200995502438426,-0.859189152220807,"TACAGTGCACATGTGT-1"
-0.997310976874113,-2.68706822345646,"TACAGTGCACGAAGCA-1"
-2.28262454029548,1.5163252358636,"TACAGTGCACTTGGAT-1"
9.46623474601281,0.473159924646296,"TACAGTGCAGGGCATA-1"
-2.23816972729194,-1.72230124423893,"TACAGTGGTAGGAGTC-1"
-3.63448756691444,-0.429435491065107,"TACAGTGGTCATACTG-1"
3.44933563712609,-4.28032851169499,"TACAGTGGTCATATGC-1"
-0.623221394982219,1.19304931213466,"TACAGTGGTCTCATCC-1"
2.12024122718346,-0.250324427584729,"TACAGTGGTTAAGATG-1"
-2.1606555556916,-2.8410007948676,"TACAGTGGTTAAGGGC-1"
0.705245437655568,-1.78992795894536,"TACAGTGGTTAGTGGG-1"
10.7941060686446,0.437010128547826,"TACAGTGGTTGCCTCT-1"
-4.09767502304542,2.79918408443538,"TACAGTGTCACCTTAT-1"
-0.860309404697299,-1.96102809856328,"TACAGTGTCAGAGCTT-1"
10.9272800112106,-0.396380662421308,"TACAGTGTCAGTCAGT-1"
-5.1750997876786,-0.931336283186994,"TACAGTGTCCAAACAC-1"
10.5426164293624,1.40490609457103,"TACAGTGTCGGAAACG-1"
0.549545826945424,-2.31379890392216,"TACAGTGTCGTAGATC-1"
-2.87704103943336,3.64410471965877,"TACAGTGTCTAACTGG-1"
-2.01215582844245,-0.623519420126996,"TACAGTGTCTCTAGGA-1"
-2.6001154756211,2.87983322193233,"TACCTATAGACAAAGG-1"
-1.96872412916648,-3.01075124690922,"TACCTATCAAGAGTCG-1"
-3.06504004951942,4.12769150783626,"TACCTATCAAGCGTAG-1"
-5.94913524147499,0.125657320519366,"TACCTATCACCGCTAG-1"
-3.01693600174415,-0.726188539961896,"TACCTATCAGACGCAA-1"
-3.00572103020179,-1.34492146919163,"TACCTATCAGATGAGC-1"
-1.48260831591117,-1.21472334812077,"TACCTATCAGTGGGAT-1"
10.3091674471236,2.38473415424434,"TACCTATGTAAGTGTA-1"
-2.94568425175178,-3.44575214336308,"TACCTATGTCCGAGTC-1"
9.12429863456261,0.892788231869616,"TACCTATGTCCGTTAA-1"
-5.40918868538368,1.30922561933605,"TACCTATGTCGCATCG-1"
10.4528108263351,-0.360926806429944,"TACCTATGTCTCTCGT-1"
-3.06524556633461,-2.07857561061772,"TACCTATGTCTCTTAT-1"
-1.79260861631858,-0.920148968199811,"TACCTATGTGCGCTTG-1"
-0.0894182300232652,-2.79961490581425,"TACCTATGTGGAAAGA-1"
-1.18650567289817,-2.01090717265996,"TACCTATGTGTCCTCT-1"
-1.44557130094993,2.92717528392879,"TACCTATGTTCAACCA-1"
-3.61110728737342,-2.95366215656193,"TACCTATGTTCCCGAG-1"
-2.77868264671791,-2.71331810901555,"TACCTATGTTGCCTCT-1"
-3.49372833725441,-0.373493611315808,"TACCTATGTTTACTCT-1"
-2.03756791111457,-4.05861020038517,"TACCTATGTTTGTGTG-1"
-3.16265910622108,1.28148418714611,"TACCTATTCAACGAAA-1"
-3.91991942879188,-1.32377111862095,"TACCTATTCATCACCC-1"
9.7444034242965,0.660168588658252,"TACCTATTCGACGGAA-1"
7.81823593619835,1.53328645279018,"TACCTATTCGGCGCTA-1"
-1.34849744793403,1.37903720190135,"TACCTATTCTAACCGA-1"
1.3813229227401,-0.551604985694013,"TACCTTAAGAGATGAG-1"
8.28150421622765,1.68125903656093,"TACCTTAAGATCTGCT-1"
-4.01246398445594,3.45902967502681,"TACCTTAAGCCGTCGT-1"
1.34912282470238,-1.56842160175236,"TACCTTAAGCGTAGTG-1"
-3.03499525543678,4.25664806415645,"TACCTTAAGCTAGGCA-1"
-3.58696406837928,4.16729021122066,"TACCTTAAGGACCACA-1"
-5.31721919533241,-2.82810211131962,"TACCTTAAGGTCATCT-1"
-2.21577435490119,-1.25867843578251,"TACCTTAAGTATTGGA-1"
-0.473378059830547,-2.15258836696538,"TACCTTAAGTGAATTG-1"
9.7903075838424,1.97579085876552,"TACCTTAAGTGTACTC-1"
-0.574577865567088,-2.23501801441105,"TACCTTACACAGCCCA-1"
-2.00568943974006,-1.66827607105168,"TACCTTACACGAAATA-1"
-1.00174044948447,-1.16827619026097,"TACCTTACACTTCGAA-1"
-5.21104329582679,1.90091252376644,"TACCTTACAGCTGTAT-1"
1.90131694320214,0.159447372456469,"TACCTTACAGTGACAG-1"
-3.39660304543006,-3.68091559360417,"TACCTTACATGAGCGA-1"
9.9567533159591,0.683284312983432,"TACCTTAGTCGACTGC-1"
1.55044061187279,1.28278797914592,"TACCTTAGTGAAAGAG-1"
8.78725964072716,-0.323470353583417,"TACCTTAGTGACTACT-1"
-3.846050677266,-3.43232583949955,"TACCTTAGTGCACGAA-1"
-4.12240808960426,1.22878462125865,"TACCTTAGTTCGTGAT-1"
-1.89468735214698,3.05102586795894,"TACCTTAGTTGTCTTT-1"
-4.98276632782447,-0.868758558730207,"TACCTTATCACAGTAC-1"
3.76909071448815,-4.55340361545476,"TACCTTATCACGCGGT-1"
1.63557678702843,0.410374334113129,"TACCTTATCAGCGACC-1"
-2.80819695946205,-4.28208804080876,"TACCTTATCCTCCTAG-1"
-1.16393880304325,-0.281500160197339,"TACCTTATCTCCAACC-1"
-4.05599397179115,2.50211858799068,"TACCTTATCTTGTCAT-1"
-2.35009556766975,0.0380079453190945,"TACCTTATCTTTAGTC-1"
10.038735928569,-0.487238883475385,"TACGGATAGAAGGACA-1"
0.614592733416676,1.64277350952236,"TACGGATAGACTTTCG-1"
-2.38536804672706,1.40566277553646,"TACGGATAGAGTAATC-1"
-3.23485129829872,1.71735203315822,"TACGGATAGCACACAG-1"
-2.92520349976051,-1.96845841358098,"TACGGATAGCCAACAG-1"
0.975557150874257,2.54254746486751,"TACGGATAGCCAGAAC-1"
-4.19264787193763,-0.980866789321027,"TACGGATAGGATCGCA-1"
9.98924786094201,1.05675065567104,"TACGGATAGTCGTACT-1"
-2.80035477634895,-3.74817061374577,"TACGGATAGTGAACGC-1"
-1.29517420884597,0.310205981632151,"TACGGATCAATGACCT-1"
1.60334688666832,2.50922894527523,"TACGGATCACATGACT-1"
1.47449594977868,-1.77011156032475,"TACGGATCACGCGAAA-1"
8.1239839220382,0.385512317096271,"TACGGATCACGGATAG-1"
-4.94529121872413,-0.790937661627851,"TACGGATCATCGGGTC-1"
-4.7265552854203,-2.31407618472966,"TACGGATGTAAGAGGA-1"
10.7908025408126,0.414636095085569,"TACGGATGTACAGCAG-1"
-0.625119594302059,-1.08286404560002,"TACGGATGTACCAGTT-1"
-4.59650557991493,2.38109469463436,"TACGGATGTAGCGTGA-1"
9.69230610373986,0.467845436682381,"TACGGATGTAGCTGCC-1"
10.2948146486617,2.28243315269557,"TACGGATGTCAACTGT-1"
0.829253020320058,-2.16910886714848,"TACGGATGTCTAGTCA-1"
-0.906844427254081,-1.8470494742194,"TACGGATGTCTCTTAT-1"
-3.1336323594712,-2.55589008281621,"TACGGATGTCTGCAAT-1"
-4.33989089485633,-2.85734939525517,"TACGGATGTGGCAAAC-1"
0.388905944857716,-1.05723917434605,"TACGGATGTGTTCTTT-1"
12.0733371401168,0.289354801674762,"TACGGATGTTCCGTCT-1"
-3.6511797284745,-3.18489122341069,"TACGGATGTTGTTTGG-1"
-4.02771228310096,-4.19291186283024,"TACGGATTCACTGGGC-1"
1.17983013633263,-0.233060001830182,"TACGGATTCAGTGCAT-1"
-2.08521145340431,-2.80949330280217,"TACGGATTCCGTACAA-1"
9.99828773978722,0.661271989842334,"TACGGATTCGGCCGAT-1"
0.254109325442433,11.914658308526,"TACGGATTCGTACCGG-1"
10.4461398744918,0.0411966150006435,"TACGGATTCGTCTGCT-1"
10.5421176576949,-0.191696762541852,"TACGGATTCTCGAGTA-1"
-3.10820239540565,-1.50601255844029,"TACGGATTCTCGGACG-1"
-1.47620635982978,-1.43099486778172,"TACGGATTCTCTTATG-1"
1.90933734420311,0.461573891838469,"TACGGGCAGAGACGAA-1"
-5.39014714714515,-2.38015818546208,"TACGGGCAGAGTGACC-1"
-1.36141592022407,-3.52466058681401,"TACGGGCAGCGCTCCA-1"
-3.00384562965858,1.27015322496501,"TACGGGCAGGGAGTAA-1"
-3.59904211517799,-2.43335008571538,"TACGGGCAGGGCACTA-1"
2.35132533553612,0.414797523090073,"TACGGGCCAAGCCTAT-1"
-0.905735624399066,-1.01704502056035,"TACGGGCCAATCCAAC-1"
-5.3075894689225,-2.50817871044072,"TACGGGCCACATTCGA-1"
-3.44062131401527,3.75794363071529,"TACGGGCCACGGCGTT-1"
1.71160727981102,2.28744709541408,"TACGGGCCACTGTTAG-1"
-3.1299497460984,-3.74731612155827,"TACGGGCCAGCGTTCG-1"
0.736177148852467,-1.68660187671574,"TACGGGCCATTGGCGC-1"
0.197530808482289,2.30767417003719,"TACGGGCGTAAGTGGC-1"
-0.405752119984508,1.3125049476823,"TACGGGCGTACACCGC-1"
-2.20395141598213,-2.36372923801335,"TACGGGCGTACGCTGC-1"
-3.83941620346534,1.14908576061336,"TACGGGCGTCCATCCT-1"
9.68812138083947,1.18409919788448,"TACGGGCGTCGCGGTT-1"
-3.07180016991127,1.31154215385524,"TACGGGCGTCTCTTTA-1"
-2.01713472362983,1.59647727062313,"TACGGGCGTTAAAGAC-1"
0.658462228808522,-0.621847390631757,"TACGGGCGTTCAGTAC-1"
2.12387234214318,0.956566155453601,"TACGGGCGTTGTTTGG-1"
-2.36635094639289,4.47490191509334,"TACGGGCTCAGTCCCT-1"
-2.90501945969093,-4.00252127597722,"TACGGGCTCATGCAAC-1"
-4.95661586281288,-2.42156481693181,"TACGGGCTCATGTCTT-1"
-3.37076204773414,-0.585931598643384,"TACGGGCTCATTGCCC-1"
-3.91113751884925,-1.4082968230048,"TACGGGCTCCAAGTAC-1"
9.46881157401574,2.96207094242183,"TACGGGCTCCACGTGG-1"
-0.103254256214977,-1.27901577899846,"TACGGGCTCCCAAGTA-1"
-1.9410904621743,-3.99375367114934,"TACGGGCTCCCATTTA-1"
10.4617009783126,-2.0001518721381,"TACGGGCTCCCTTGCA-1"
1.00492018702996,-0.825341343382917,"TACGGGCTCTATCGCC-1"
9.32800251487267,1.38708883573619,"TACGGGCTCTCCCTGA-1"
-5.6188458776139,-0.195055067042432,"TACGGGCTCTGCTTGC-1"
1.44887668136132,-0.476686119536481,"TACGGGCTCTGTTTGT-1"
10.031484189067,0.931387544175067,"TACGGTAAGATGCCAG-1"
-0.803033081259609,-0.0994972581663944,"TACGGTAAGCCTTGAT-1"
0.509220066104054,1.75507581283657,"TACGGTAAGCGACGTA-1"
-3.44417136665809,-2.34510731647404,"TACGGTAAGCGATTCT-1"
-5.4217194890641,1.41403257896511,"TACGGTAAGGATGTAT-1"
2.09381753448021,-0.674790262679181,"TACGGTAAGTGAAGTT-1"
-1.22356334086883,-3.33400607059392,"TACGGTACACAGGCCT-1"
10.7913671160079,-0.0368193084994175,"TACGGTACACATGTGT-1"
10.5461879396774,-0.253544806937299,"TACGGTACACCACCAG-1"
-3.08771365639198,3.60582995464412,"TACGGTACACTGTCGG-1"
-1.85214090105522,1.80798256446926,"TACGGTACACTTAACG-1"
0.065863909754872,-2.65961623142155,"TACGGTACAGCCTATA-1"
11.467875065837,0.473316357036509,"TACGGTAGTAGTGAAT-1"
-5.3037733411454,-2.4497973913947,"TACGGTAGTCAACATC-1"
-0.89298555758226,-2.64853286693486,"TACGGTAGTTGGACCC-1"
-4.88059705254066,-2.17946124027165,"TACGGTAGTTTGCATG-1"
-1.39407920595634,2.74933981945125,"TACGGTATCATGCATG-1"
-3.58634370323646,-4.29076647708806,"TACGGTATCGAGCCCA-1"
-4.52570122238624,1.00646352817623,"TACGGTATCGCCTGAG-1"
-3.88326924797523,-1.66060566852482,"TACGGTATCTAGCACA-1"
11.6362977648116,0.755932987233081,"TACGGTATCTGGAGCC-1"
-2.88297348972785,4.39922857334224,"TACGGTATCTGGTTCC-1"
-1.69039273020256,-1.49104487846287,"TACGGTATCTTGCAAG-1"
10.4978652620651,0.2425067429742,"TACTCATAGAAACGCC-1"
-2.04327255245674,1.07398736526576,"TACTCATAGACCTTTG-1"
-5.2659668302201,-2.07508516261967,"TACTCATAGAGTAATC-1"
-3.44143932816017,4.58136677791683,"TACTCATAGCGTAGTG-1"
-0.309591112103343,-1.75443649242314,"TACTCATAGGATGGAA-1"
-3.54544037338722,-0.395381569365583,"TACTCATAGTACACCT-1"
-0.926787172820449,-3.37877464244755,"TACTCATAGTACGCCC-1"
-3.10893481728065,-0.880524873236737,"TACTCATAGTCCGGTC-1"
1.92531067374718,-1.68906784007939,"TACTCATAGTTAAGTG-1"
-1.88811522480476,-1.25527155349644,"TACTCATCAATGGAAT-1"
3.89261013511193,-4.58795142124089,"TACTCATCACAGACAG-1"
1.960270466838,0.28728620757667,"TACTCATCACAGATTC-1"
1.45273024085534,0.362216242154517,"TACTCATCACCTGGTG-1"
-2.90457278248298,3.63582539608089,"TACTCATCAGGGAGAG-1"
-0.310953793492198,-1.7255644793311,"TACTCATCATACTCTT-1"
-1.2328729903363,2.04758358051387,"TACTCATCATAGTAAG-1"
-5.22840207573402,0.629850358267703,"TACTCATCATATGGTC-1"
-1.66234123465049,-0.819762587050519,"TACTCATCATCTATGG-1"
9.9714370394088,0.951714456578173,"TACTCATGTAGCGTGA-1"
10.29538208488,1.89863228847591,"TACTCATGTCTAAAGA-1"
10.509267392192,0.225959286590495,"TACTCATGTCTCAACA-1"
-3.26928227898109,-2.93251228282841,"TACTCATGTGTAACGG-1"
-1.54954051729667,-2.43894433925541,"TACTCATTCAAAGACA-1"
9.45946938041222,-0.309706389407239,"TACTCATTCACCGTAA-1"
-3.2869800901078,-2.46260595271977,"TACTCATTCAGATAAG-1"
0.155855836901784,-1.06281745384129,"TACTCATTCCAAACTG-1"
10.479560437236,0.753258616228976,"TACTCATTCCAGAAGG-1"
0.41153842452538,0.183016643424907,"TACTCATTCCAGATCA-1"
1.77362281325829,2.07076656868068,"TACTCATTCCGAACGC-1"
1.50517946723473,-0.607858418921552,"TACTCATTCCGCAGTG-1"
8.42717415336144,-0.744006871680341,"TACTCATTCGAGGTAG-1"
-3.60678213592994,4.00187921573726,"TACTCATTCGGCCGAT-1"
-2.51834469791877,3.64123678257076,"TACTCATTCTTGTATC-1"
-0.121890423264385,-1.86477732608708,"TACTCGCAGAGAACAG-1"
-2.1676819896363,-0.682125091055951,"TACTCGCAGATAGGAG-1"
-4.4059609746598,-2.73273777912053,"TACTCGCAGTTTAGGA-1"
-1.02841764446723,-1.81323242137822,"TACTCGCCATGCGCAC-1"
-2.00243061539161,-2.7976167197028,"TACTCGCCATGGTAGG-1"
11.7723584795333,0.111726582547107,"TACTCGCGTACCGCTG-1"
-3.64097541328895,-3.00652885387333,"TACTCGCGTATAAACG-1"
11.1741605425216,-0.537392198542676,"TACTCGCGTCGAGTTT-1"
-5.01177781578529,-1.20872211406621,"TACTCGCGTCTCCACT-1"
-2.7936620092057,-3.46183538387211,"TACTCGCGTGAAAGAG-1"
0.321651759181142,-0.985808252791486,"TACTCGCGTGCGAAAC-1"
-1.52630018946159,4.31012487461177,"TACTCGCGTGGACGAT-1"
0.561256947550893,-2.60596656749638,"TACTCGCGTGTGCGTC-1"
-3.16574162003028,2.85343360950557,"TACTCGCGTTACGGAG-1"
0.563769998583913,-1.91787242839726,"TACTCGCGTTCATGGT-1"
-2.48564594742286,1.04628825237361,"TACTCGCGTTCTGAAC-1"
1.32328301909935,-1.64764928768071,"TACTCGCGTTGAACTC-1"
-1.34054141994941,-1.25739133308323,"TACTCGCTCAGTCCCT-1"
-2.9867920255326,-1.35677838275822,"TACTCGCTCATCTGTT-1"
-0.716632065739513,0.0385184889039181,"TACTCGCTCCCATTTA-1"
-0.891814929809451,-0.389981030921064,"TACTCGCTCCTTTCGG-1"
-3.33208435532081,-1.77536368320378,"TACTCGCTCGTCCAGG-1"
0.829133572611928,-1.47440695712956,"TACTCGCTCTACTTAC-1"
-3.27952044960487,1.37204742481319,"TACTCGCTCTGCGTAA-1"
-2.67959314342964,3.25995230724422,"TACTCGCTCTGTTGAG-1"
-5.47840922829139,-0.736314296225629,"TACTCGCTCTTGAGGT-1"
-3.24215596672523,-3.67913842151555,"TACTTACAGAAGGACA-1"
0.354949893984914,11.9676625733575,"TACTTACAGCCAGTAG-1"
-4.54335564133155,-2.65744447658452,"TACTTACAGGACAGAA-1"
-2.13332336899269,-2.83868622730168,"TACTTACAGGCGACAT-1"
-1.71373229977119,2.84931302120296,"TACTTACAGGGATCTG-1"
-0.994720185086161,10.2788474564752,"TACTTACAGGTGACCA-1"
3.6918287897445,-4.60932850788029,"TACTTACAGTGAATTG-1"
-1.75115871187675,-1.76462030361088,"TACTTACCAAGACACG-1"
-3.82281368729103,4.12210083057491,"TACTTACCACGAAACG-1"
-3.59659403320777,-4.29536986301335,"TACTTACCACGCATCG-1"
2.11726194861901,1.19327855159847,"TACTTACCAGCTTAAC-1"
-3.28776973244178,4.5141975884637,"TACTTACCATCGGACC-1"
-3.44391077515113,-0.498877346018872,"TACTTACCATTGTGCA-1"
-4.24310582634437,-1.55557703922184,"TACTTACGTAGAGTGC-1"
-0.601081815924526,10.5664346223077,"TACTTACGTGAGTATA-1"
-4.13503712173927,0.738647282620349,"TACTTACGTGGTGTAG-1"
-3.8204273557328,1.86652195503322,"TACTTACGTTACCGAT-1"
9.71620327476037,1.82635736515132,"TACTTACGTTGCCTCT-1"
-4.555598673787,-3.57595062206181,"TACTTACGTTTGTTTC-1"
-2.63532000538337,1.76318025638668,"TACTTACTCACAATGC-1"
-3.10658830162513,3.81725239803401,"TACTTACTCACATACG-1"
-4.1008924817704,-1.36267948100956,"TACTTACTCACCTCGT-1"
-3.46856969353187,-2.87793207118901,"TACTTACTCCAAATGC-1"
-2.63072949406135,4.52470850994197,"TACTTACTCGGTGTTA-1"
-0.660079983439327,-2.54366111705693,"TACTTACTCTCCTATA-1"
-2.02286308762062,-0.877136706809125,"TACTTGTAGAGCCCAA-1"
-5.45881265160072,-1.83947253177556,"TACTTGTAGATATACG-1"
0.276858868632435,-1.5476611847678,"TACTTGTAGATGCGAC-1"
-5.24590152260292,-0.0881865317622044,"TACTTGTAGCCACTAT-1"
-3.96018308159339,-4.30600905368718,"TACTTGTAGCCTCGTG-1"
-2.09383803364265,3.53007483532039,"TACTTGTAGCTGTCTA-1"
-2.60271960255134,-2.03609037349614,"TACTTGTAGGCCCTCA-1"
-1.50320166107643,-1.28888153980168,"TACTTGTAGGGCTCTC-1"
-3.94727056976783,-1.77839159915837,"TACTTGTAGTGCCATT-1"
11.9946046495773,-0.198137700060926,"TACTTGTCAAGAAAGG-1"
-2.01004963871467,-3.67634940097722,"TACTTGTCAGCCTTTC-1"
3.72675329688561,-4.48447012851628,"TACTTGTCAGCGTCCA-1"
-1.85447191950309,1.71244001438228,"TACTTGTCAGCTGTGC-1"
2.31968051436913,1.55900108863918,"TACTTGTGTAAGAGGA-1"
-5.20529407021034,-0.346851407984815,"TACTTGTGTACTTAGC-1"
-3.37314480301368,1.86420917560665,"TACTTGTGTAGGCTGA-1"
8.00714451316369,1.79162371208278,"TACTTGTGTGTTGGGA-1"
-4.21685403343666,-2.32463502834233,"TACTTGTGTTAAGATG-1"
-2.54140907284248,-3.17707920024785,"TACTTGTGTTCAACCA-1"
-5.56607812401283,-1.6735293860236,"TACTTGTTCAATAAGG-1"
-1.85435229298103,3.89859533359615,"TACTTGTTCAGGCCCA-1"
-5.72108500954139,1.34062427332012,"TACTTGTTCAGTTGAC-1"
-4.56270235535133,-1.76637554119023,"TACTTGTTCCCAACGG-1"
-2.74774437901008,3.56289005329219,"TACTTGTTCGGTGTTA-1"
0.585243763957143,-0.509114980200849,"TAGACCAAGAAGATTC-1"
-3.02837556358802,2.03421556999294,"TAGACCAAGACGCACA-1"
-1.55737584587562,-1.61900496433171,"TAGACCAAGAGAACAG-1"
-2.46862345692146,-3.54233384082707,"TAGACCAAGATACACA-1"
1.8255265379287,0.397204791692474,"TAGACCAAGATGGGTC-1"
-2.31834822651374,1.35015255262462,"TAGACCAAGATTACCC-1"
3.85576683524621,-4.69392371127995,"TAGACCAAGCGTAGTG-1"
-1.23804726954925,-3.1219575400153,"TAGACCAAGGAGTACC-1"
-2.96171992775428,2.12235796501247,"TAGACCAAGTAGTGCG-1"
0.958023133311391,-0.0617488915720799,"TAGACCACAACACGCC-1"
-5.10382312294471,-0.985123753050885,"TAGACCACAAGCGTAG-1"
8.9889159822799,1.33468556453792,"TAGACCACAAGGACAC-1"
-0.479109582867503,-1.56865000675114,"TAGACCACAAGTTAAG-1"
10.0841174745895,0.653998613854327,"TAGACCACAATCACAC-1"
-1.98557537552345,2.26462125827877,"TAGACCACACGTCTCT-1"
-2.78577846046913,-0.482577502230725,"TAGACCACACGTTGGC-1"
0.339277806315541,-2.12985610912236,"TAGACCACAGATCTGT-1"
9.38471180442345,0.603869617482104,"TAGACCACAGGAATGC-1"
-3.08079141136634,-2.88622999141606,"TAGACCACATTAGCCA-1"
1.62178284171593,0.522855140765586,"TAGACCAGTAAAGTCA-1"
-0.727153507437587,0.966003835698046,"TAGACCAGTAGCGTGA-1"
-1.79357897993553,-0.208528756598554,"TAGACCAGTCAACATC-1"
-1.35738667603958,-0.776609777907453,"TAGACCAGTCCGTGAC-1"
-5.21356624123085,1.68663334896175,"TAGACCAGTCGACTGC-1"
-4.38394087311256,-2.45624566028508,"TAGACCAGTCGCGTGT-1"
9.98981815818322,0.933201969166674,"TAGACCAGTCTAGAGG-1"
-2.60133760925758,-0.648508667449079,"TAGACCAGTGAACCTT-1"
-1.02933805194128,-0.763208984831891,"TAGACCAGTTCACCTC-1"
8.66512352469933,-0.476134240130506,"TAGACCAGTTCTGTTT-1"
-3.47156566139686,-2.81706023166569,"TAGACCATCAACTCTT-1"
7.83756882194054,1.24035847236721,"TAGACCATCCTTGCCA-1"
-1.53203940149772,0.544679880638995,"TAGACCATCTCGTATT-1"
-0.448159990277171,-2.32609367320927,"TAGAGCTAGAAACGCC-1"
-0.939206493463397,-1.48082530448826,"TAGAGCTAGATCCGAG-1"
2.5365234041549,0.596069708963313,"TAGAGCTAGCCAGAAC-1"
-1.47380387541282,2.4352397923669,"TAGAGCTAGGATATAC-1"
-1.36240988728035,0.321283564468303,"TAGAGCTAGGCGACAT-1"
-3.01151889320838,-4.03441739032658,"TAGAGCTAGGTGGGTT-1"
9.86827713492882,0.98178988744823,"TAGAGCTAGTCCATAC-1"
-2.39875989910591,-3.80146002719792,"TAGAGCTAGTGTCCAT-1"
-1.54876911398399,-0.0163290793696262,"TAGAGCTAGTTTGCGT-1"
-2.56641298290718,2.90629744579402,"TAGAGCTCACATCTTT-1"
-4.89666121956337,-0.693794607619367,"TAGAGCTCAGATCCAT-1"
-0.612938222851634,-2.53119063327702,"TAGAGCTCATCAGTCA-1"
-0.43526744600761,1.59650373508541,"TAGAGCTCATGAGCGA-1"
1.23170596602929,-1.52335870216282,"TAGAGCTGTCAATACC-1"
10.4733091020919,1.20357537319271,"TAGAGCTGTCACAAGG-1"
-2.58131617065895,-4.12428069065007,"TAGAGCTGTCAGCTAT-1"
-1.58974283691871,-1.22615480373295,"TAGAGCTGTCCGCTGA-1"
-4.31697696205604,0.74906483342258,"TAGAGCTGTCCTAGCG-1"
-1.53084546085823,-3.90216755817326,"TAGAGCTGTCTCACCT-1"
10.3433213854171,-0.672364353636823,"TAGAGCTGTCTTGTCC-1"
-3.24671810623634,-2.43323063800725,"TAGAGCTGTGCTCTTC-1"
8.53403717521203,-0.283871888617597,"TAGAGCTGTTACCGAT-1"
-5.1221155500077,-0.00481954167278786,"TAGAGCTTCCAGAAGG-1"
-2.70118027683723,3.94855260898677,"TAGAGCTTCCTTGACC-1"
-1.27397617455947,-1.91672944972905,"TAGAGCTTCGCAAGCC-1"
1.10027224067223,-1.86634159038456,"TAGAGCTTCGGCTTGG-1"
-0.458833036389232,-1.46213018844517,"TAGAGCTTCTCGGACG-1"
-1.25824904200065,-1.01444983432683,"TAGAGCTTCTCTTGAT-1"
11.3935189867355,0.627206296225467,"TAGAGCTTCTGGTATG-1"
-3.19610398766029,-4.40316271732243,"TAGCCGGAGAATGTTG-1"
1.30307227614892,-1.89437413165959,"TAGCCGGAGAGCTGCA-1"
-0.366189000573039,-2.22279119441899,"TAGCCGGAGATCGGGT-1"
1.32474428657067,0.00514778544513206,"TAGCCGGAGCCATCGC-1"
-2.10501748081672,-0.167537748316846,"TAGCCGGAGTTTAGGA-1"
-4.93574684616554,0.207266927262225,"TAGCCGGCACTCAGGC-1"
1.22373277190697,0.688168079157748,"TAGCCGGCAGCTGCAC-1"
1.26661116126549,2.37291491081325,"TAGCCGGCAGGTCCAC-1"
-3.17050379272926,-4.03541731784733,"TAGCCGGCATCCGTGG-1"
-2.54364567753303,3.16027855922786,"TAGCCGGCATCGGAAG-1"
-3.49782818314064,-0.49527561614903,"TAGCCGGCATCGGTTA-1"
-3.04942387100685,4.54970145275203,"TAGCCGGCATGCAATC-1"
-2.86308520790565,4.28051257183162,"TAGCCGGCATTCTCAT-1"
-2.10255664345253,-2.91868662784489,"TAGCCGGCATTGGGCC-1"
3.5671024942733,-4.3378007406989,"TAGCCGGGTAAAGGAG-1"
2.50250202659142,1.38192653705684,"TAGCCGGGTACAGTTC-1"
-0.921418880488754,1.37590408374874,"TAGCCGGGTATATCCG-1"
0.152345361743092,-0.623982190589032,"TAGCCGGGTCGGGTCT-1"
-2.08395021912086,-0.549062787989698,"TAGCCGGGTCTAACGT-1"
0.601857366595387,-1.09738480995091,"TAGCCGGGTGGGTCAA-1"
-2.54413860794532,3.43477845241634,"TAGCCGGGTTATGTGC-1"
-1.28091966864097,1.12117946197597,"TAGCCGGGTTTGGGCC-1"
10.2846341753341,-1.96725058505925,"TAGCCGGTCCACTCCA-1"
-2.29072755333412,-3.41232252071293,"TAGCCGGTCCGCAGTG-1"
-0.1490349149369,-1.9789459700385,"TAGCCGGTCCTGCTTG-1"
1.99843102935326,-0.0902454848090031,"TAGCCGGTCCTTCAAT-1"
-3.37343591209877,-2.78385639140996,"TAGCCGGTCTCCAACC-1"
-2.95151072498786,-4.20158314655217,"TAGCCGGTCTTGTTTG-1"
-2.2566233253144,-0.954237222174726,"TAGGCATAGCCAGAAC-1"
-1.05473239478099,10.9712951188287,"TAGGCATAGCTAGTGG-1"
1.86796146873009,1.36587506582347,"TAGGCATAGTCCGTAT-1"
1.03748780730736,2.27769589473812,"TAGGCATCAACGATCT-1"
-1.48160779234397,-2.08682274768742,"TAGGCATCAAGCCTAT-1"
2.71423512938988,1.25107872535793,"TAGGCATCAATAGCAA-1"
0.633153739009022,-0.746707796553693,"TAGGCATCACACTGCG-1"
-3.1915165757798,3.10691189815608,"TAGGCATCAGATAATG-1"
-1.92531108614433,-0.496835469702802,"TAGGCATCAGGAACGT-1"
1.59572392943871,-1.01165795276555,"TAGGCATGTAAACCTC-1"
-3.97736614700782,-3.4391772742072,"TAGGCATGTAGTGAAT-1"
-1.40464699026573,3.44397044231502,"TAGGCATGTATCACCA-1"
-3.01888674255836,2.79912900974361,"TAGGCATGTATTCGTG-1"
-5.36706059929359,-0.135628222922406,"TAGGCATGTCCAGTGC-1"
-1.40814390536773,-0.105379282931409,"TAGGCATGTGCACTTA-1"
0.343438091311574,11.9570500855645,"TAGGCATGTGTAATGA-1"
9.72384697440636,0.555385754009166,"TAGGCATTCAAACCAC-1"
-1.02987782042849,0.826911062498965,"TAGGCATTCAAGCCTA-1"
0.995508852038502,-1.29602587173375,"TAGGCATTCACGCGGT-1"
-4.00257819649208,-0.907213568190656,"TAGGCATTCCGCATCT-1"
0.929055156741261,1.95651638557521,"TAGGCATTCCTTTCTC-1"
-5.04811757561195,-1.12645888278874,"TAGGCATTCGCAGGCT-1"
-2.51400595661628,-3.95791840503605,"TAGGCATTCGTAGATC-1"
-1.1324467932843,0.242716715236583,"TAGGCATTCTCCCTGA-1"
-5.80648749824989,0.48869747718183,"TAGTGGTAGAAGCCCA-1"
-2.89249604698646,3.46336674739925,"TAGTGGTAGAAGGACA-1"
0.514465036425709,-2.33503317783268,"TAGTGGTAGAATGTGT-1"
-1.13671768959987,-1.79619908283146,"TAGTGGTAGACTAGGC-1"
-4.69302433487403,0.2823001672825,"TAGTGGTAGCTCTCGG-1"
7.79593616965783,1.86218822052089,"TAGTGGTAGTGACATA-1"
2.25495535377038,0.987140298386493,"TAGTGGTCAATGACCT-1"
-1.01873206850517,-1.80701637218388,"TAGTGGTCACATGACT-1"
1.02332669738305,-1.46611750076207,"TAGTGGTCACGTCAGC-1"
-2.13686412331092,3.37545061161129,"TAGTGGTCACTTGGAT-1"
-4.36013573166359,1.57738947918025,"TAGTGGTGTAAGTTCC-1"
-2.85604613777626,-4.35802626560124,"TAGTGGTGTACCCAAT-1"
11.3525901460983,0.497057125469127,"TAGTGGTGTATAGGGC-1"
-1.1223164921664,10.9129846101007,"TAGTGGTGTGCATCTA-1"
0.748018207583546,1.54342567970363,"TAGTGGTGTTACGACT-1"
1.13787180427086,-0.981126665572248,"TAGTGGTGTTACGTCA-1"
-4.15076035019386,2.91770887424556,"TAGTGGTTCATTTGGG-1"
-3.2075008725785,-0.248074888686261,"TAGTGGTTCGCGATCG-1"
-2.92382627483833,1.05213362028209,"TAGTGGTTCGGTGTCG-1"
-2.09218412395942,4.31195569088069,"TAGTGGTTCTGTTTGT-1"
0.770484390292287,1.31118255903331,"TAGTTGGAGAAGATTC-1"
-4.74855249878395,-3.26170396755131,"TAGTTGGAGACCTTTG-1"
-1.46571308132637,-1.87010979602726,"TAGTTGGAGACGCAAC-1"
12.1098399782516,0.393127731544354,"TAGTTGGAGATAGCAT-1"
-0.486392435994029,2.56144547512142,"TAGTTGGAGCCGGTAA-1"
0.193716826472401,-0.927294849852643,"TAGTTGGAGCTAAGAT-1"
-5.01253121849525,0.407173688900201,"TAGTTGGAGGCTACGA-1"
-0.569392470087886,2.3460211758813,"TAGTTGGAGTCATCCA-1"
-2.2717007970475,3.27817678501216,"TAGTTGGAGTGTGGCA-1"
-3.38197868820655,2.68790411998836,"TAGTTGGAGTGTTGAA-1"
-4.06895535942543,-0.797953724364362,"TAGTTGGCAACCGCCA-1"
-1.17596289273727,-2.79192113826664,"TAGTTGGCAAGTCATC-1"
-1.66403084751594,-0.77125811527165,"TAGTTGGCAATGGTCT-1"
10.208320202861,0.387693619852342,"TAGTTGGCACGAAAGC-1"
-1.89136695620048,-3.13487672756108,"TAGTTGGCAGCTGTGC-1"
-0.779204693999172,-0.784068345526777,"TAGTTGGCAGTAACGG-1"
-1.66655128952491,2.43251586010066,"TAGTTGGCATGCAACT-1"
-1.22425549980629,-1.58171808669957,"TAGTTGGCATGTAAGA-1"
-4.40737884994972,-0.0828728670874455,"TAGTTGGGTAAGGGAA-1"
-2.01592391487587,1.93743467380611,"TAGTTGGGTAGCAAAT-1"
-1.05178248640525,-1.50890350292119,"TAGTTGGGTCATCCCT-1"
0.0482140207625624,-0.714594363669477,"TAGTTGGGTCCGAGTC-1"
-4.07679360863197,-4.2847902769843,"TAGTTGGGTCTTGTCC-1"
-1.3710163807534,4.01151228000728,"TAGTTGGGTGCAACGA-1"
-1.09506921228397,11.1819913392266,"TAGTTGGGTTGAGTTC-1"
-2.84475487228858,-3.39699840495976,"TAGTTGGTCCCGGATG-1"
-1.55458414312828,-3.75243306110295,"TAGTTGGTCCGAGCCA-1"
2.51595026496422,0.757152885695376,"TAGTTGGTCGGTCTAA-1"
10.0634551668502,-0.141488670806012,"TATCAGGAGAATGTTG-1"
-1.9274887418412,0.491082385679164,"TATCAGGAGACAGAGA-1"
1.14791804793847,2.44850158741085,"TATCAGGAGAGGTTGC-1"
-1.31772532817352,1.79406189968196,"TATCAGGAGATATGGT-1"
-4.64429348465431,0.0925623183449886,"TATCAGGAGATCCTGT-1"
3.69006830695641,-4.65227961490544,"TATCAGGAGCACACAG-1"
-1.07272903379428,-3.1577413077155,"TATCAGGAGCGATCCC-1"
2.20051890853417,0.428021304806151,"TATCAGGAGCGCTCCA-1"
-2.72554939743507,2.96377062847225,"TATCAGGAGCGTGAAC-1"
-2.76383822914588,-3.12805032680424,"TATCAGGAGCTAGCCC-1"
10.3430791521407,0.922221661110797,"TATCAGGAGGCAATTA-1"
0.0734636211730239,2.5511951451501,"TATCAGGAGGCAGGTT-1"
8.37902504447472,1.45643615772335,"TATCAGGCAAGCGCTC-1"
7.83739525321495,1.51730358650295,"TATCAGGCAATGAAAC-1"
1.45269876960289,-0.228685378531537,"TATCAGGCACAACGTT-1"
-5.10479825493324,0.589173213144221,"TATCAGGCACAGACAG-1"
1.61008602622521,2.31376361896602,"TATCAGGCATTCGACA-1"
-3.50291579720008,4.02011609127132,"TATCAGGGTAAGTAGT-1"
-5.54202455040443,0.0381237273415707,"TATCAGGGTAAGTTCC-1"
-3.58401340004432,-2.27833890865239,"TATCAGGGTACATCCA-1"
-3.10428493973243,-1.14490890453251,"TATCAGGGTAGCGCAA-1"
-0.964099578004361,1.26479578067867,"TATCAGGGTCCGTGAC-1"
2.16324669364464,1.00886023094264,"TATCAGGGTCTGCAAT-1"
-4.4356514787339,-3.76972603748234,"TATCAGGGTGCAGTAG-1"
-3.32013815399635,4.24352693607418,"TATCAGGGTGCCTGCA-1"
-2.56022220608223,1.7247016434869,"TATCAGGGTTATCCGA-1"
-2.85665064808357,-0.029134988288007,"TATCAGGGTTCCAACA-1"
2.29855615142357,1.48206210186092,"TATCAGGGTTCCACTC-1"
0.125995698008656,0.715065628786959,"TATCAGGGTTCCGGCA-1"
-1.19992580768096,-2.92820620487126,"TATCAGGGTTCGCTAA-1"
-1.95055716988075,2.65185546924678,"TATCAGGGTTGCTCCT-1"
-3.16900914665687,-2.78119802425297,"TATCAGGTCACGACTA-1"
0.0949215317107436,11.7228991990289,"TATCAGGTCCACTCCA-1"
-4.1686939572953,-1.5094851250449,"TATCAGGTCGATCCCT-1"
-4.53828996178138,1.2143638735017,"TATCAGGTCGCATGGC-1"
-5.19803279396522,1.06845003416149,"TATCAGGTCGGCCGAT-1"
-0.845655185546756,-2.23739170978459,"TATCAGGTCTCGAGTA-1"
1.5027521276809,-1.18282508800419,"TATCAGGTCTTCAACT-1"
3.79969078544152,-4.68569064090642,"TATCTCAAGACGACGT-1"
-1.06597150620449,1.55235922386257,"TATCTCAAGAGTGACC-1"
8.03812271598351,1.69576692630855,"TATCTCAAGCCATCGC-1"
-4.42583435532081,0.214503750701823,"TATCTCAAGGGTGTTG-1"
-4.92785352226722,1.30674731781093,"TATCTCAAGTCATCCA-1"
-1.42686423417556,-0.0110460216799595,"TATCTCAAGTTGAGTA-1"
-1.57033610102165,4.32720947315303,"TATCTCACACCGAAAG-1"
-1.82742595430839,2.44712424327938,"TATCTCACACCGATAT-1"
1.86188823226464,-0.44577598522099,"TATCTCACACGGCCAT-1"
-4.97718828674781,1.78003120472042,"TATCTCACACGTGAGA-1"
-1.96446394678581,-3.17126011798771,"TATCTCACAGACGTAG-1"
-0.382044372525096,-0.939490556220136,"TATCTCACAGCTCGAC-1"
-4.43168252464759,-1.128934978942,"TATCTCACATGCCTTC-1"
-4.51067942139137,-1.60563754985722,"TATCTCAGTAGCGTGA-1"
9.79265266898644,-0.137085616091809,"TATCTCAGTATATCCG-1"
2.34617263320458,0.588365316887774,"TATCTCAGTCCGAATT-1"
-3.52174275871742,3.64483070423213,"TATCTCAGTCCGAGTC-1"
2.07597929481041,-0.21570002983006,"TATCTCAGTGAGCGAT-1"
-1.94473778959739,-1.84182262370976,"TATCTCAGTGATAAGT-1"
-4.84813064095008,-2.36533164928349,"TATCTCATCATAACCG-1"
-1.74299424644935,-2.96190929363163,"TATCTCATCCACGAAT-1"
8.76769787314904,1.15954923679439,"TATCTCATCCATGAAC-1"
-1.73049491402137,-4.14165759036931,"TATCTCATCCTCCTAG-1"
0.193407359156727,11.808698416253,"TATCTCATCGACCAGC-1"
-1.45428365227211,-0.941076158980451,"TATCTCATCGCCATAA-1"
9.21815353873742,0.468275376161017,"TATCTCATCGCTGATA-1"
-1.01430299822617,0.144823134442248,"TATCTCATCTACGAGT-1"
-0.862160605754733,9.92653918315975,"TATCTCATCTGGTGTA-1"
1.75728041175377,-0.617211818198285,"TATCTCATCTTGCATT-1"
0.900776567492604,-1.63722038219365,"TATGCCCAGAATTCCC-1"
11.8261275911666,0.624451116224208,"TATGCCCAGACTGGGT-1"
-3.4469458436631,-3.2413103575507,"TATGCCCAGCAAATCA-1"
1.69699937346947,-0.251825987795911,"TATGCCCAGGAGTTGC-1"
12.1524148607589,0.357875343908944,"TATGCCCAGTTGAGTA-1"
-3.03999775406349,-2.51225805232914,"TATGCCCCAAGAAGAG-1"
10.7492623949386,0.391965181132235,"TATGCCCCACGGTAGA-1"
-1.45261129495132,-0.0859777624407627,"TATGCCCCACTTACGA-1"
-2.64371365066993,-3.71077132175358,"TATGCCCCAGTTCCCT-1"
-1.09508881476152,-1.79396200130375,"TATGCCCCATTCTTAC-1"
-1.49939316269386,2.59028554012386,"TATGCCCGTAATTGGA-1"
9.53083378318322,0.501444183786788,"TATGCCCGTACGACCC-1"
-1.56527393814552,-1.69979667613896,"TATGCCCGTAGCTGCC-1"
10.899009289775,0.448215373357215,"TATGCCCGTAGGGTAC-1"
-1.08332334962118,11.1382043366632,"TATGCCCGTATAATGG-1"
10.1545110369064,-1.22518515537175,"TATGCCCGTCATCGGC-1"
-2.10629957672584,-0.653604268530927,"TATGCCCGTCGTTGTA-1"
0.193352522883534,0.638629720111766,"TATGCCCGTGCAACTT-1"
-5.49903386589515,-2.48348450611027,"TATGCCCGTGGCTCCA-1"
-2.54815476891029,-2.10488581607731,"TATGCCCGTGGTCCGT-1"
-2.52150445934761,0.122216612597384,"TATGCCCGTTACCAGT-1"
10.6765075350143,-0.534151255587659,"TATGCCCTCAACCATG-1"
2.32276278975975,1.43836760570613,"TATGCCCTCAACGGGA-1"
-4.37438553329933,-0.762496113280378,"TATGCCCTCACGCATA-1"
-2.20963340755928,-3.42603397319706,"TATGCCCTCGGCTACG-1"
-3.1864318227433,-4.01437783191594,"TATGCCCTCGTTACGA-1"
2.23021060470116,-0.541022061804853,"TATGCCCTCTCTAGGA-1"
-0.122241792645336,-1.47674953887852,"TATGCCCTCTGTCAAG-1"
1.57757121566308,1.47594595005123,"TATGCCCTCTTCATGT-1"
-3.81319063660133,-2.96725511501225,"TATTACCAGAAACCAT-1"
0.600093903575062,0.958617091675677,"TATTACCAGAATTGTG-1"
-5.07202523704994,1.88384747554866,"TATTACCAGATAGCAT-1"
-3.7281147813462,-2.44425725887211,"TATTACCAGATCCGAG-1"
8.24628502372277,1.65725350429622,"TATTACCAGCCCGAAA-1"
8.66727024558556,-0.595510124663434,"TATTACCAGGTAAACT-1"
-5.4477032994889,-1.79491567562016,"TATTACCAGTACCGGA-1"
1.03555995467675,-1.97738695094975,"TATTACCAGTGAAGTT-1"
-4.53925817963111,-1.79825973461064,"TATTACCAGTGACTCT-1"
1.43118602279198,1.87993609954921,"TATTACCCAACGCACC-1"
1.85142499450219,-0.245946824053846,"TATTACCCAAGGTGTG-1"
-0.193186340298534,0.295761675139346,"TATTACCCAATGGTCT-1"
-2.404768762555,-2.88978528926762,"TATTACCCATGTAAGA-1"
-1.42890280243385,-1.28550612876805,"TATTACCCATTGCGGC-1"
2.16362625602257,2.02690231849758,"TATTACCGTAGCCTCG-1"
-1.89601021763313,2.84263134052364,"TATTACCGTCCAGTAT-1"
0.493779721293568,1.09489375402538,"TATTACCGTCTAGCCG-1"
2.02439886573327,-0.166064440707288,"TATTACCGTGCTGTAT-1"
2.47180038932335,0.453230403860488,"TATTACCGTGGGTATG-1"
10.023017468486,0.882399291296878,"TATTACCGTTCAGCGC-1"
2.03582674506676,0.885192424555697,"TATTACCGTTCCGTCT-1"
-5.81603663918006,0.64768457462398,"TATTACCTCAAACCAC-1"
-4.91681736465919,-3.59598755786809,"TATTACCTCAATACCG-1"
-3.15346377846229,3.503109694024,"TATTACCTCACCAGGC-1"
1.62035185340416,2.02786755611507,"TATTACCTCACTCCTG-1"
9.81720692161095,1.67197883178798,"TATTACCTCAGTTTGG-1"
-1.68542545792091,-3.76280093143376,"TATTACCTCCTAGTGA-1"
-3.46448391434181,-2.31182837436589,"TATTACCTCGGAGCAA-1"
-5.54949754234779,1.44998729278652,"TATTACCTCGTCACGG-1"
0.1697408581115,-0.896829485396466,"TATTACCTCTAAGCCA-1"
1.13305288795006,-1.99438238094243,"TCAACGAAGAAGAAGC-1"
8.58182579520714,-0.624423861006818,"TCAACGAAGCGGCTTC-1"
-0.0832645868920091,-1.96541356990727,"TCAACGAAGGAATGGA-1"
9.27532917502892,-0.473965167502485,"TCAACGAAGGACAGAA-1"
-5.27694505211341,-2.31119298885258,"TCAACGAAGGTGTTAA-1"
0.378005685839772,-1.38451051662358,"TCAACGAAGTCGTACT-1"
-1.59922110792625,-1.22023916194829,"TCAACGACAAACGCGA-1"
-2.72360020634162,1.84043729354946,"TCAACGACAACTGCTA-1"
-3.61989944931495,-1.43748724410924,"TCAACGACACGGCGTT-1"
2.17244225982201,1.44659650375453,"TCAACGACACTTGGAT-1"
-1.37670311089981,-3.88175797412785,"TCAACGACAGGGTTAG-1"
-3.18459194656837,-0.612124084929548,"TCAACGACATCAGTAC-1"
8.68909603599083,-0.248378633956037,"TCAACGACATTGTGCA-1"
-3.06287115570533,4.51746392299739,"TCAACGAGTAAAGTCA-1"
0.259004416499257,-2.548079967002,"TCAACGAGTCCAAGTT-1"
-2.76945608612525,3.50644397785274,"TCAACGAGTGCGGTAA-1"
-1.89850020166862,-0.999393343428693,"TCAACGATCCGTACAA-1"
-2.3555356835984,3.98379015972225,"TCAACGATCGCGCCAA-1"
-5.5514106130265,2.0749247079095,"TCAACGATCGGAATCT-1"
-2.91761678215492,-0.629032968978009,"TCAACGATCGGTCTAA-1"
-5.26041120048988,-1.41446852634343,"TCAACGATCGTGGACC-1"
-1.99640792366493,-3.08132934520634,"TCAACGATCTTGTACT-1"
-0.380761620964885,-0.647805809477887,"TCAATCTAGAATCTCC-1"
-3.61555832382667,-1.13968253086003,"TCAATCTAGAGGGCTT-1"
-3.96495097633827,3.15076422741024,"TCAATCTAGCGTAGTG-1"
-3.21589559074867,1.11528444339839,"TCAATCTAGTACGTAA-1"
1.75864106658471,1.97962534477321,"TCAATCTAGTCGCCGT-1"
-4.25337499138343,-2.49196958492192,"TCAATCTAGTTCGCGC-1"
-5.33357709404457,1.54420530845729,"TCAATCTCAACGATGG-1"
-4.79430216309059,1.24454063226787,"TCAATCTCACAAGTAA-1"
8.47120148185265,-0.553839027384839,"TCAATCTCACCCTATC-1"
-0.953831439282775,10.1943871979913,"TCAATCTCAGATCGGA-1"
-1.80110943075645,2.50817036678401,"TCAATCTCAGTCACTA-1"
-1.99445038792121,-3.84635329196843,"TCAATCTCATTCGACA-1"
0.480217995677113,-0.0154609079161503,"TCAATCTCATTGGTAC-1"
-3.84027021881568,-0.846822738150678,"TCAATCTGTAAACCTC-1"
-2.6855590915345,3.56909608890621,"TCAATCTGTAAGTGGC-1"
-0.929940206375003,0.716251880427279,"TCAATCTGTAGGGTAC-1"
-5.56800979134071,2.2017854457101,"TCAATCTGTCATACTG-1"
1.16494065764916,-1.58099377105626,"TCAATCTGTCCCTACT-1"
-1.79268866535652,0.925830722351947,"TCAATCTGTCGCCATG-1"
-5.01544946190345,-1.66831397960576,"TCAATCTGTCTAGGTT-1"
-5.21194404121864,-1.52572882125767,"TCAATCTGTTAAGGGC-1"
10.2441917085983,1.14533829738704,"TCAATCTTCAACACCA-1"
-2.99050932880867,-3.04856634090336,"TCAATCTTCACTTCAT-1"
-3.94578760620582,-3.16938757846745,"TCAATCTTCAGAAATG-1"
-4.35366743561256,-0.421223163107953,"TCAATCTTCCAGTATG-1"
-3.78219741341102,0.30754213829843,"TCAATCTTCCGTTGTC-1"
-5.1594633435868,-2.86660051296147,"TCAATCTTCCTTAATC-1"
-0.380772647824169,0.399869600342043,"TCAATCTTCTCTAAGG-1"
-3.46498244759071,4.47036433269588,"TCAATCTTCTTGACGA-1"
-3.72463363167274,-4.20222020099553,"TCACAAGAGAGGGCTT-1"
10.1198888445235,0.800534397860446,"TCACAAGAGGTGGGTT-1"
-0.954671604003787,10.1608006959161,"TCACAAGAGTTGAGTA-1"
-5.05399745460975,1.98356163551418,"TCACAAGCAAACAACA-1"
3.56147390845788,-4.42425084064396,"TCACAAGCAATCAGAA-1"
-1.1115608265661,-0.122122883299909,"TCACAAGCACAGCGTC-1"
8.87293869498742,1.3072866802415,"TCACAAGCACGAAAGC-1"
-0.264285085167766,-1.97728633830937,"TCACAAGCACGGATAG-1"
3.8493347788192,-4.740382909278,"TCACAAGCAGTTAACC-1"
-0.752803487148166,-1.75020599315556,"TCACAAGCATCATCCC-1"
0.50165289882195,-0.508303582171521,"TCACAAGCATGTCGAT-1"
-0.806109858121753,0.12109795262424,"TCACAAGCATTCTTAC-1"
-2.55010908600318,-4.32550167987736,"TCACAAGCATTGGTAC-1"
3.65686422828209,-4.59394240329655,"TCACAAGCATTTGCCC-1"
2.32597643378746,1.09173160841075,"TCACAAGGTACTCTCC-1"
-1.53781932350624,1.06616580535976,"TCACAAGGTAGAGTGC-1"
10.9648605013229,0.0302297775944851,"TCACAAGGTCACCTAA-1"
-0.556955156292796,-1.66545963237675,"TCACAAGGTCGCATAT-1"
-4.44702976700294,-3.58365321109684,"TCACAAGGTGCTTCTC-1"
-0.784403992261768,10.390220404168,"TCACAAGGTTCGAATC-1"
2.10254031661522,-0.00771740029247781,"TCACAAGGTTGTGGAG-1"
-3.40530770775306,-2.90374159763249,"TCACAAGTCAAACCAC-1"
-1.30968102570999,-0.605322241286359,"TCACAAGTCAAACCGT-1"
-4.46915453430641,-0.0153779084483006,"TCACAAGTCAGCGATT-1"
-4.96396916862953,1.53911232997982,"TCACAAGTCCAGATCA-1"
-1.01043380741406,0.387451354911008,"TCACAAGTCCTCAACC-1"
-1.44103497025001,2.63454318096248,"TCACAAGTCTCGCTTG-1"
1.56398612502587,0.459395539512315,"TCACGAAAGAAACGAG-1"
-1.21766774114597,-3.00328707645329,"TCACGAAAGACAATAC-1"
-1.12832721826065,11.1094882493219,"TCACGAAAGCTGCAAG-1"
-2.35250800606239,3.43726778080074,"TCACGAAAGCTTATCG-1"
-3.73391836639869,-0.404186069468579,"TCACGAAAGGCTAGGT-1"
7.89413887504113,1.68185961296169,"TCACGAAAGGGTCTCC-1"
0.152815284762501,-1.28830814311894,"TCACGAAAGTGGGATC-1"
-5.14598268028724,-0.943918227652631,"TCACGAACAAGCGATG-1"
-1.95489102360237,2.91534495403377,"TCACGAACAAGTCATC-1"
-2.92542141434181,-0.635918259123883,"TCACGAACACAGAGGT-1"
-3.15845125671852,-3.62766909549626,"TCACGAACACCAGTTA-1"
1.006812396083,-0.436540424326978,"TCACGAACAGGTTTCA-1"
-2.07416862007606,-0.803137063483319,"TCACGAACAGTAACGG-1"
-1.87141924854744,2.70075821926204,"TCACGAACATCAGTAC-1"
9.71304565909874,-0.0840416545668461,"TCACGAACATCCCATC-1"
-2.97501700874794,2.9546432500085,"TCACGAACATCGATTG-1"
1.1870611334182,0.370417949309029,"TCACGAACATGGGAAC-1"
-3.21827810760963,3.39203858425228,"TCACGAACATTGGTAC-1"
10.2740445757247,1.89267253925411,"TCACGAAGTATGGTTC-1"
10.3688264513351,0.957087219258227,"TCACGAAGTCGGGTCT-1"
-3.15530913826454,-0.77540302226933,"TCACGAAGTCTCAACA-1"
-2.41357260700691,3.54359316875545,"TCACGAAGTGGGTATG-1"
-4.46365540977943,0.13741868784038,"TCACGAAGTTAGGGTG-1"
-4.06178515907753,-4.26713061283024,"TCACGAATCAAGCCTA-1"
-4.81335133072364,0.794680387278476,"TCACGAATCACTTACT-1"
-5.43116897102821,2.36593353798,"TCACGAATCATTGCGA-1"
-2.05226605888832,-3.73380398700627,"TCACGAATCCACTCCA-1"
2.28943544868004,-0.215487062434278,"TCACGAATCCGAACGC-1"
-3.02747863289344,-4.24161410282048,"TCACGAATCCTTGACC-1"
-3.19067018982399,1.11448609878627,"TCACGAATCGGATGGA-1"
-1.97632902618873,4.34355902721492,"TCACGAATCTCAACTT-1"
1.36736327651513,0.085084617634692,"TCACGAATCTCGCTTG-1"
-5.21482652183998,0.885899931689181,"TCAGATGAGAAACCTA-1"
10.9744811678268,0.252410308023371,"TCAGATGAGAGAGCTC-1"
0.173225822482228,-2.18479371021184,"TCAGATGAGCTCAACT-1"
-5.32387202736366,2.31119525482265,"TCAGATGAGGTGACCA-1"
7.92133957389367,1.7962222104272,"TCAGATGCAATCCGAT-1"
-0.655131069388271,-2.37516975353154,"TCAGATGCACGTGAGA-1"
-3.74818414207923,-1.27519488284977,"TCAGATGCAGCTGTTA-1"
2.18582588675988,0.46230220844356,"TCAGATGCAGTGACAG-1"
-2.72306126114357,3.58200979282466,"TCAGATGGTCATATGC-1"
-4.87664574142921,1.08011627246944,"TCAGATGGTCCTCTTG-1"
-3.16927855965126,-0.814013838271222,"TCAGATGGTGCCTGTG-1"
-0.668301699128032,-1.34585928867253,"TCAGATGGTTAAAGTG-1"
-0.113508222069621,-1.68382978389653,"TCAGATGTCAATCTCT-1"
-2.45309406277168,2.82632517864315,"TCAGATGTCACCTTAT-1"
-2.27352505680549,4.45217204143611,"TCAGATGTCCGTAGTA-1"
2.17181641105187,0.230959147711673,"TCAGATGTCCGTCAAA-1"
-0.717718837227702,0.153876662751117,"TCAGATGTCCTTCAAT-1"
-2.73852246757972,0.0403474574288509,"TCAGATGTCTACCTGC-1"
12.1268182421066,0.507506333788314,"TCAGATGTCTAGAGTC-1"
1.30413109305871,-0.605373143652997,"TCAGATGTCTCGATGA-1"
10.9292998934127,-0.684011578063092,"TCAGCAAAGCATCATC-1"
9.37912136558068,3.05797910739986,"TCAGCAAAGCGTAATA-1"
10.8246904039718,1.3553276663026,"TCAGCAAAGCTGGAAC-1"
9.61723381522667,-1.58269822547825,"TCAGCAAAGGTGATAT-1"
2.62161165717614,1.07458603431789,"TCAGCAAAGTTGTAGA-1"
-3.48878210541236,-3.08446288059147,"TCAGCAACAAATTGCC-1"
-5.10483449455726,0.0774672632416866,"TCAGCAACAATGGATA-1"
2.26880556586754,1.00785547544567,"TCAGCAACACACTGCG-1"
-1.83498257156837,4.06881141712276,"TCAGCAACACTAAGTC-1"
-2.92448049541938,-4.32841324756535,"TCAGCAACAGCATACT-1"
-5.59582227226722,0.230497986575045,"TCAGCAACAGCGTTCG-1"
0.862834754023671,2.62663722087947,"TCAGCAACATAGACTC-1"
2.06132775786889,1.57979655315486,"TCAGCAACATCACGAT-1"
-3.64858597275245,-3.34041786144169,"TCAGCAACATGCCACG-1"
2.15072661880028,1.88608372261135,"TCAGCAACATTACCTT-1"
-3.59014504906166,-1.63382697055729,"TCAGCAAGTAAACCTC-1"
1.87576514724267,2.23424172451107,"TCAGCAAGTAGATTAG-1"
0.658927264247059,1.57184851219264,"TCAGCAAGTCGCATCG-1"
-1.28247013446319,-2.39145946453007,"TCAGCAAGTGAAAGAG-1"
1.21790129188073,1.82628786613552,"TCAGCAAGTTACCAGT-1"
-1.6102113699578,-0.188799857596479,"TCAGCAAGTTATCACG-1"
-2.25055485722053,-3.50923514316472,"TCAGCAATCAACCATG-1"
-0.91135027762878,-1.85388302753361,"TCAGCAATCAGCTCGG-1"
10.5183101320602,-0.434887706736646,"TCAGCAATCCGTTGTC-1"
10.3447061205245,-0.768367766837201,"TCAGCAATCGCAAGCC-1"
-3.5265242433213,0.0658799712857387,"TCAGCAATCTAACTGG-1"
0.293986978564381,0.429904420425572,"TCAGCAATCTCTAAGG-1"
-2.1549296950959,-0.406269669035993,"TCAGCAATCTGTCTAT-1"
1.59410196784508,1.32367599060146,"TCAGCTCAGAATAGGG-1"
-2.96622639652717,-4.04298233936223,"TCAGCTCAGACGCAAC-1"
1.1754165315963,1.51999783565608,"TCAGCTCAGACTACAA-1"
0.688522996935963,0.495762646695056,"TCAGCTCAGAGTAATC-1"
-4.41343086716163,-0.191847323874555,"TCAGCTCAGATGGGTC-1"
-3.12756460663307,-4.37581038425358,"TCAGCTCAGATGTGTA-1"
-5.50049775597084,0.779087007542529,"TCAGCTCAGATGTTAG-1"
10.7836566591598,-0.627578138808332,"TCAGCTCAGGCAGTCA-1"
-2.17372601982582,-1.34861838767918,"TCAGCTCAGGCCCTTG-1"
-2.92575984951484,-0.513099193076215,"TCAGCTCAGGGATCTG-1"
-2.44895559307563,-0.669654607276044,"TCAGCTCAGTACGTTC-1"
-1.61155003067482,-3.53322887370976,"TCAGCTCAGTCCCACG-1"
-2.18851178642738,-3.75902295062932,"TCAGCTCAGTTCCACA-1"
-2.77440315243232,0.916853786011615,"TCAGCTCCAAACAACA-1"
-3.64234417435157,-3.11035418460759,"TCAGCTCCAAATACAG-1"
-1.78281289097297,-2.10742640445622,"TCAGCTCCACGACTCG-1"
-4.83132189270485,-1.21234226177128,"TCAGCTCCACTTGGAT-1"
-0.902381715741039,10.5079839234552,"TCAGCTCCATGGGACA-1"
-0.655506817068935,-2.92856097171696,"TCAGCTCCATGTTCCC-1"
-4.61133306976783,-0.210979699591718,"TCAGCTCCATTGTGCA-1"
9.60085064414513,-1.54774010131749,"TCAGCTCGTAATTGGA-1"
-2.13670056816566,-2.64888477275761,"TCAGCTCGTATATGGA-1"
-2.30115884300697,3.69503927280513,"TCAGCTCGTCCGAGTC-1"
-0.376532313790202,-0.643212079505048,"TCAGCTCGTCGACTGC-1"
0.55131155494225,-2.21738743732365,"TCAGCTCTCACATGCA-1"
8.7903428697921,-0.0313819343844273,"TCAGCTCTCCGATATG-1"
-2.22696393486488,-1.68197679469975,"TCAGCTCTCCTTCAAT-1"
-5.67264741417396,1.96880519439785,"TCAGCTCTCGAATGCT-1"
-0.466060695614696,3.00188374569026,"TCAGCTCTCGTGGTCG-1"
-0.812950072255016,0.458315544327178,"TCAGCTCTCTGCAGTA-1"
-0.982764533165872,-0.216209113101087,"TCAGCTCTCTGCTTGC-1"
-2.01064187046516,-1.16738045165928,"TCAGGATAGACGCAAC-1"
-4.83964985367286,-2.61100029895695,"TCAGGATAGCAGACTG-1"
-2.44854575153816,0.509396315117755,"TCAGGATAGCTACCTA-1"
-4.75245302673805,-2.51828384349736,"TCAGGATAGGACTGGT-1"
-1.73362254854667,-0.353978037337384,"TCAGGATAGGCATTGG-1"
-2.44845241066444,-1.13783645580205,"TCAGGATAGTACGCGA-1"
-2.33689123150337,0.988736629982867,"TCAGGATCACACTGCG-1"
9.40996033195031,-0.527661144236646,"TCAGGATCACAGAGGT-1"
-4.35692733284462,-2.84297037074955,"TCAGGATCAGTGACAG-1"
-3.28447073456275,-0.205916761855207,"TCAGGATCATACTACG-1"
-3.73831766602027,3.93278336574642,"TCAGGATCATTGGCGC-1"
-4.61478513237464,-3.41902637432011,"TCAGGATGTACTTAGC-1"
10.8247657442428,0.299457192917743,"TCAGGATGTATCTGCA-1"
-3.08040183540809,4.53883862545101,"TCAGGATGTATGGTTC-1"
-3.97205370422828,3.28113794376461,"TCAGGATGTCCTCCAT-1"
10.1944957399703,-1.2401946778098,"TCAGGATGTCCTCTTG-1"
0.188634457621693,1.8966006045541,"TCAGGATGTGGCAAAC-1"
10.4154077196456,2.00757014801113,"TCAGGATGTTAAGTAG-1"
2.27593261245263,0.240104303260722,"TCAGGATGTTTGCATG-1"
0.102782073054433,-0.605499147872052,"TCAGGATTCACCTTAT-1"
-3.05838936325538,1.24274057199565,"TCAGGATTCAGCTCTC-1"
-3.47745483871925,-3.19824051807316,"TCAGGATTCGAATGCT-1"
-4.38036054131019,-0.538597285250745,"TCAGGATTCGCCAGCA-1"
1.59011966231835,2.36588180114833,"TCAGGATTCGGCTACG-1"
-1.61482220646369,-3.64927649448308,"TCAGGATTCTCAAACG-1"
-2.41983586307991,-2.45002031276616,"TCAGGATTCTGGCGTG-1"
-2.55216258522499,-3.38196015308293,"TCAGGATTCTGGTATG-1"
-5.53680222984779,-1.71303629825505,"TCAGGTAAGACCGGAT-1"
-5.5149173116349,1.9779130225381,"TCAGGTAAGATAGGAG-1"
-2.24075895306098,0.474992715319075,"TCAGGTAAGCCACGTC-1"
0.575189175639271,-1.91268539379033,"TCAGGTAAGCGGATCA-1"
-3.51550644394386,-3.61743473956975,"TCAGGTAAGCGTGAGT-1"
-0.383142886128307,-2.34834527919682,"TCAGGTAAGCGTTGCC-1"
3.85939222816002,-4.77190232227238,"TCAGGTAAGCTACCGC-1"
0.0326836729384657,11.6859672074517,"TCAGGTAAGGAGCGTT-1"
-3.77125638481605,-0.359963356951795,"TCAGGTAAGGCGATAC-1"
-4.10115450378883,-1.27924787948521,"TCAGGTAAGTAACCCT-1"
-3.93977516647804,0.145598114033618,"TCAGGTAAGTCACGCC-1"
-5.38252871986854,-2.06609344432744,"TCAGGTACAGATGGCA-1"
-5.23876851555336,1.56262290527431,"TCAGGTACATGTCTCC-1"
1.04796391967308,0.522255436082759,"TCAGGTACATTACCTT-1"
-2.74684113022316,1.29608315279094,"TCAGGTAGTCCAAGTT-1"
8.32671219352257,-0.676119565466962,"TCAGGTAGTCGGCATC-1"
7.986881794963,1.38037300159542,"TCAGGTAGTGCCTGGT-1"
-4.82710331436622,-2.31345677326115,"TCAGGTATCAACACAC-1"
-0.564488676752925,1.33184313823787,"TCAGGTATCAACCAAC-1"
-3.5002836560868,-0.766762852171979,"TCAGGTATCCGCATAA-1"
10.5022826814986,-0.899908661345563,"TCAGGTATCCTCAACC-1"
2.48556357863915,1.08240592529384,"TCAGGTATCTTCGAGA-1"
9.74995094779503,1.79244792511074,"TCATTACAGAAACGAG-1"
-1.21787672993171,-2.51240825603398,"TCATTACAGAATTCCC-1"
1.66794640067589,2.28831040908901,"TCATTACAGCACACAG-1"
-0.247711000409007,-1.72655177066716,"TCATTACAGCCGTCGT-1"
1.34686047080529,1.7572053675851,"TCATTACAGCGGCTTC-1"
-1.59371518846977,0.648992926379123,"TCATTACAGCTGCCCA-1"
-3.93658441063392,-1.07896280239018,"TCATTACAGGGAAACA-1"
0.311684670481801,0.440955482920089,"TCATTACCAATGCCAT-1"
-2.57908993717659,-0.780013799170575,"TCATTACCAATGGAAT-1"
-3.65344518181312,4.42320799877254,"TCATTACCACTTGGAT-1"
-2.55648582931983,-1.8367853159705,"TCATTACCATACGCTA-1"
-1.42880415674675,-1.82632899234684,"TCATTACCATCCCATC-1"
-1.94548707958686,1.42052960445491,"TCATTACCATGTAAGA-1"
1.45044070724022,-0.181926130751691,"TCATTACGTACTTGAC-1"
2.48471457007897,0.694258302946963,"TCATTACGTCGACTGC-1"
-2.12641590591896,3.29076075603572,"TCATTACGTGCCTTGG-1"
-0.561027405228496,-2.93575739810856,"TCATTACGTTCCCGAG-1"
-4.44584744926918,-2.31872272441777,"TCATTACGTTGGAGGT-1"
-3.62817424293983,-0.847998737792096,"TCATTACTCAAACCAC-1"
-2.82976108547676,0.114881247778811,"TCATTACTCAGGTAAA-1"
1.89604336265099,0.211572498579898,"TCATTACTCCAAATGC-1"
-0.298344728913188,-2.19648575733098,"TCATTACTCCGCGTTT-1"
-4.99857419487464,-1.00032484481724,"TCATTACTCGCTGATA-1"
-0.627467391457439,-2.34560728023442,"TCATTACTCGGAATCT-1"
1.4120641374923,1.47912228157131,"TCATTACTCTACCAGA-1"
-1.99129444118965,3.59141349842159,"TCATTACTCTGATACG-1"
1.1477225447036,0.237550244232096,"TCATTACTCTGCGGCA-1"
1.34080296996605,1.53985261966793,"TCATTACTCTTTACGT-1"
10.2823053026534,2.14316511203853,"TCATTTGAGAAGGCCT-1"
-4.80052011963356,0.392430006091871,"TCATTTGAGACAAGCC-1"
-2.21164887901771,-4.19723153064641,"TCATTTGAGACGCAAC-1"
0.935969295535206,-1.94320535610112,"TCATTTGAGGCGCTCT-1"
10.0203166628219,1.12269610216228,"TCATTTGAGTACGTAA-1"
-0.606500056948543,-2.65568900058659,"TCATTTGAGTAGCCGA-1"
0.315268936190724,0.821541548272052,"TCATTTGCACAACTGT-1"
-3.58281200882423,-2.53539228389653,"TCATTTGCACAGATTC-1"
-2.07529216763008,-0.76444852302464,"TCATTTGCACCAGCAC-1"
-3.39453404900062,-3.98113083789738,"TCATTTGCAGTCGATT-1"
-3.22701924797523,3.41098737766353,"TCATTTGCAGTTTACG-1"
7.93731361869347,1.44379460861293,"TCATTTGCATCGACGC-1"
-2.61684661861885,3.11069560100643,"TCATTTGGTAAGTGGC-1"
-3.10124224182594,-0.825918197135053,"TCATTTGGTAGGGACT-1"
-4.43419497963417,1.84835445930568,"TCATTTGGTAGGGTAC-1"
0.577771129641652,0.937947512169757,"TCATTTGGTCGAGATG-1"
0.5545703792907,-1.31733810851964,"TCATTTGGTGTTTGGT-1"
0.970025363001942,0.346173447122254,"TCATTTGGTTCAGGCC-1"
-0.71640598532188,-1.71628236720952,"TCATTTGGTTGCCTCT-1"
-1.04590731617439,2.19703757812587,"TCATTTGTCATACGGT-1"
-2.14934199806678,-0.342509388426862,"TCATTTGTCATCATTC-1"
0.369609537158131,-1.79074478099736,"TCATTTGTCGAATCCA-1"
-2.85705095287788,-0.116401969889722,"TCATTTGTCGAATGCT-1"
9.82058769706261,-1.09188938091191,"TCATTTGTCGCATGAT-1"
-0.326578793492198,-3.29640936801823,"TCATTTGTCGTATCAG-1"
9.77903229239953,0.94170814802257,"TCCACACAGAGCCCAA-1"
10.1488652849532,0.8713268642625,"TCCACACAGATACACA-1"
-2.37675970551002,3.01232910205928,"TCCACACAGCATCATC-1"
-0.907757205333591,1.50026154567806,"TCCACACAGCTAAACA-1"
9.76038700583947,2.00963246872035,"TCCACACAGCTAGGCA-1"
-0.400599715676189,-1.24512493560704,"TCCACACAGCTAGTCT-1"
-5.59126609322059,0.641637370487132,"TCCACACAGCTCCTCT-1"
11.8781877184249,0.527512781818785,"TCCACACAGGAGTAGA-1"
10.7614379549361,0.0693711643418453,"TCCACACAGGATATAC-1"
-3.35403650757301,0.346372094502129,"TCCACACAGTACACCT-1"
-4.33649533745277,-1.33838379333409,"TCCACACAGTGGCACA-1"
-4.37336700912941,-3.31017064998539,"TCCACACCAAGGGTCA-1"
8.71127087119591,-0.79126965949925,"TCCACACCACCCTATC-1"
11.5009132051803,1.0570362811288,"TCCACACCAGCTGTAT-1"
10.1680532121993,-1.28076326797398,"TCCACACCAGGAATCG-1"
0.653161349330067,0.0350267296036861,"TCCACACCAGGCTGAA-1"
10.3046823168136,0.929744065304675,"TCCACACCAGGGTATG-1"
-2.22788291927803,1.78839016010372,"TCCACACCAGTTAACC-1"
1.46590143683922,2.0576831107339,"TCCACACCATCACGTA-1"
-3.23385494705665,0.0993948583802364,"TCCACACCATTGCGGC-1"
-3.3909623002671,-1.64290976474675,"TCCACACGTAGCGTCC-1"
-4.66015070435035,-0.872679233054242,"TCCACACTCACAGGCC-1"
2.57706243041527,1.28058552791683,"TCCACACTCACCTCGT-1"
-5.91036408897865,-0.146516918639264,"TCCACACTCAGCGACC-1"
3.6735764170028,-4.55905985782536,"TCCACACTCATGTGGT-1"
-1.40734508391845,-3.89536547611149,"TCCACACTCCGTCAAA-1"
-5.0500530576371,-2.81184291789921,"TCCACACTCCTGCCAT-1"
1.47139674666893,-0.861315726737104,"TCCACACTCGACCAGC-1"
-1.05446731802452,-2.34909081409367,"TCCACACTCGGATGGA-1"
-3.45669048782814,3.82967352916805,"TCCACACTCGTCTGAA-1"
-0.952866950448633,-2.71279740283879,"TCCACACTCTAACGGT-1"
-4.58164614197242,-0.553174674014173,"TCCCGATAGAAAGTGG-1"
-0.102428195443034,-1.68094921062382,"TCCCGATAGGCGACAT-1"
-4.76569884773719,0.923363447686114,"TCCCGATAGTCGTTTG-1"
-3.69656294342506,-4.29954791019352,"TCCCGATAGTGTGGCA-1"
1.40195614341271,-1.19103264758976,"TCCCGATAGTTCGCGC-1"
0.716094317469716,-1.37945043991002,"TCCCGATCAACCGCCA-1"
-1.26303976532447,1.70143544723598,"TCCCGATCACAGATTC-1"
1.21725398543847,1.54941475441066,"TCCCGATCACGAGGTA-1"
1.40138560775292,0.723912269373812,"TCCCGATCACGGCGTT-1"
-3.30391400810707,-4.19253659198674,"TCCCGATCACTTAAGC-1"
-4.17393892761695,0.798592418929019,"TCCCGATCAGCCACCA-1"
-1.10893734302747,11.0730016236505,"TCCCGATGTAAGTGGC-1"
1.30858928206933,-1.18297326515111,"TCCCGATGTACAAGTA-1"
-4.03023785110939,-0.666110634306989,"TCCCGATGTACCTACA-1"
-3.18265169617164,4.44154572536556,"TCCCGATGTCTAGGTT-1"
0.533332409892201,-1.3661825651923,"TCCCGATGTCTTCTCG-1"
9.23391872886193,3.32366585781185,"TCCCGATGTTCCTCCA-1"
0.12891894820702,-0.728924869994245,"TCCCGATGTTGTGGCC-1"
-2.73024433609474,-0.931953310469709,"TCCCGATTCAAACGGG-1"
0.412390651736378,-2.02206587741765,"TCCCGATTCACTTCAT-1"
-2.47663944717872,-1.15694022128972,"TCCCGATTCCTTGCCA-1"
2.27627521995079,1.04906714012233,"TCCCGATTCGTCCGTT-1"
-2.78321832176673,-4.3444278235236,"TCCCGATTCGTCTGCT-1"
9.85827023032677,0.651007116337695,"TCGAGGCAGACTTTCG-1"
-2.22697525974739,-1.61981725643071,"TCGAGGCAGCCCAACC-1"
-2.13677865025032,2.11401438762752,"TCGAGGCAGCTCAACT-1"
1.47556931022179,2.02978694488613,"TCGAGGCAGGATGGAA-1"
-1.03465239461887,2.18984401275722,"TCGAGGCAGGGATACC-1"
1.37658006194603,-0.648007869223676,"TCGAGGCAGTGCAAGC-1"
0.175843777690053,-1.06937777946385,"TCGAGGCAGTGGTAAT-1"
0.603001656565785,-2.54040336559208,"TCGAGGCCACTTCGAA-1"
-2.57593685146797,-0.538431226710401,"TCGAGGCCAGGATTGG-1"
-1.25928300377357,0.977607608338275,"TCGAGGCCAGTCAGAG-1"
11.4935184145309,0.531895049413123,"TCGAGGCCATGACATC-1"
-3.25692075249183,-3.72913861225041,"TCGAGGCCATGCAATC-1"
-1.29334655162323,-3.35438275287541,"TCGAGGCCATTTGCTT-1"
2.15068155768883,-0.131055771807752,"TCGAGGCGTCAGAAGC-1"
10.5907445574142,0.428061470886149,"TCGAGGCGTCCAGTAT-1"
0.169459524188161,-1.2924989456931,"TCGAGGCGTCCGACGT-1"
-1.62502270695198,-1.09669661472233,"TCGAGGCGTGAGTATA-1"
-5.35854953285682,0.229613051315226,"TCGAGGCGTGTTCTTT-1"
9.76317745688927,0.675922811528125,"TCGAGGCTCATGTCTT-1"
0.735508146319508,-1.76824212024601,"TCGAGGCTCCAAACAC-1"
-5.01947062965858,-0.621485113600812,"TCGAGGCTCCGTCATC-1"
-2.53680175301063,-1.642247437934,"TCGAGGCTCGCAAGCC-1"
-1.60307931658256,-1.7164092058936,"TCGAGGCTCGTACGGC-1"
10.1437068605758,-1.40117204139622,"TCGAGGCTCGTTTATC-1"
-2.34228843208778,0.158224896093287,"TCGAGGCTCTACTCAT-1"
9.19854218009484,3.40427541782466,"TCGAGGCTCTGACCTC-1"
-5.75483268257606,0.0533233289918087,"TCGAGGCTCTGAGTGT-1"
-4.89275997635353,-3.38177919338139,"TCGCGAGAGAAGATTC-1"
-3.45409387108314,-1.47430920551213,"TCGCGAGAGAGGACGG-1"
-2.1021507358216,-1.48437035034092,"TCGCGAGAGAGGTACC-1"
-4.87334006782997,-1.52530682037266,"TCGCGAGAGAGTACAT-1"
-0.244609651532054,-0.680276035765729,"TCGCGAGAGATCGATA-1"
-2.68866973873603,-1.47962391326817,"TCGCGAGAGCAGCCTC-1"
-1.32868310567367,-0.46842938611897,"TCGCGAGAGCTGGAAC-1"
-2.5995359992646,-0.552681982020459,"TCGCGAGAGGCTCTTA-1"
11.254405560527,0.638457507391848,"TCGCGAGAGGTGCACA-1"
-3.03134935852516,-3.22254538486393,"TCGCGAGAGGTTACCT-1"
-3.48998707291114,0.710503548880496,"TCGCGAGAGTGTACGG-1"
-0.727133510079265,-2.26332592914494,"TCGCGAGCAAGACACG-1"
-2.54480844494331,-3.45545411060246,"TCGCGAGCAAGGCTCC-1"
10.9385333681442,0.400090301906147,"TCGCGAGCAATCACAC-1"
-2.01403277870643,4.0152425770959,"TCGCGAGCAATGAAAC-1"
8.60822350028527,1.34961336900798,"TCGCGAGCACATTAGC-1"
-1.5614750957154,1.23323416759578,"TCGCGAGCAGGTGCCT-1"
-2.50983172413337,-0.224195122222028,"TCGCGAGCATCCGCGA-1"
-0.652626482214809,-0.709006905058942,"TCGCGAGCATTCTCAT-1"
-4.41954034325111,-2.72496175716313,"TCGCGAGGTACCGGCT-1"
9.90699726584923,-0.420423745612226,"TCGCGAGGTCCATGAT-1"
1.23812943938744,-0.957123755911908,"TCGCGAGGTCGTCTTC-1"
-2.75739711281288,4.368827820321,"TCGCGAGGTTATGTGC-1"
-2.12460332867134,0.315543272097983,"TCGCGAGTCATCACCC-1"
-2.42518931385505,-4.2811224455634,"TCGCGAGTCCGAACGC-1"
-1.82412034031379,-4.06007122943791,"TCGCGAGTCCGGCACA-1"
-0.717005310025096,0.120874047776141,"TCGCGAGTCGGCGCTA-1"
7.86321026328576,1.47374415447322,"TCGCGAGTCTCTAGGA-1"
-5.49801677223671,1.66407108356563,"TCGCGTTAGGTTACCT-1"
2.19962507728112,0.0982519393166683,"TCGCGTTAGTACACCT-1"
8.53407341483605,-0.249355256060682,"TCGCGTTCAAGACACG-1"
10.1557975435592,0.45105400731174,"TCGCGTTCAAGCGCTC-1"
0.433964672122121,2.31117343952266,"TCGCGTTCAGCCTTGG-1"
-2.75447541233528,-4.33676075885685,"TCGCGTTCATAGGATA-1"
0.0654692077971694,-2.25791931102665,"TCGCGTTCATCCGTGG-1"
-0.349382338490367,-2.70465588519963,"TCGCGTTCATCGATTG-1"
-1.26228031274307,-0.458796023825727,"TCGCGTTCATTCACTT-1"
-5.59182494637001,2.10616648246852,"TCGCGTTGTAAACCTC-1"
-0.480817017521739,-0.998645185927472,"TCGCGTTGTCCAACTA-1"
-3.79506796356666,-0.471264361838422,"TCGCGTTGTCCGTTAA-1"
-0.438931283917308,-1.11946105907353,"TCGCGTTGTCGAGATG-1"
-3.07415717598426,-1.52039933154973,"TCGCGTTGTCTCTCTG-1"
-5.08060210701454,0.665278345843234,"TCGCGTTGTGACGCCT-1"
-4.28707736488807,-3.31694984386357,"TCGCGTTGTTCGCGAC-1"
-4.02641957756507,-3.72589707324894,"TCGCGTTTCCACGTTC-1"
-0.225016472306133,-1.37512707660588,"TCGCGTTTCCGTACAA-1"
9.21568352225792,3.29773092319576,"TCGCGTTTCGTAGGTT-1"
-1.26861071344841,2.61712288906185,"TCGCGTTTCGTCACGG-1"
10.8777442598678,0.153102070589938,"TCGCGTTTCGTTTATC-1"
-2.83760922905433,-3.92186474750432,"TCGCGTTTCTACTATC-1"
-2.50063103195655,1.51311528732387,"TCGGGACAGCTGCAAG-1"
-5.933199820485,0.105720043679156,"TCGGGACAGGCATGGT-1"
-1.42347526308525,-3.7202732558051,"TCGGGACAGTACGCGA-1"
-1.60741525646675,-3.72431015918644,"TCGGGACAGTATCGAA-1"
-3.34593361374366,-4.49242997119816,"TCGGGACAGTCAAGGC-1"
-5.59331077095497,1.56422185947505,"TCGGGACCAACGATGG-1"
1.08779078963768,0.350234184910931,"TCGGGACCAAGTTAAG-1"
0.313059988055348,11.9411599641046,"TCGGGACCACAACGTT-1"
-3.74376338478553,3.92035222103206,"TCGGGACCAGCTGCTG-1"
-2.04872697350013,0.427257864301481,"TCGGGACCATGCCTTC-1"
1.07011276725304,-2.11793637226017,"TCGGGACGTACGAAAT-1"
-3.91470831390846,-3.50521016071232,"TCGGGACGTCCCGACA-1"
-2.31431966778266,1.33255636741725,"TCGGGACGTCCGAGTC-1"
-2.31671207901466,-0.265343367556653,"TCGGGACGTGGTAACG-1"
-1.69298094269264,-4.23776078174504,"TCGGGACGTGTTGGGA-1"
-0.0377770042084459,0.651400581499018,"TCGGGACGTTAAGATG-1"
-2.81754010673988,-0.0927574331560947,"TCGGGACGTTGTTTGG-1"
-1.83231830355155,-1.24433124015721,"TCGGGACTCAAAGACA-1"
-3.77727430817115,-0.00814554045589944,"TCGGGACTCATCGATG-1"
-3.60578220840919,4.49766326000301,"TCGGGACTCCTCAACC-1"
-0.857415316071391,10.2073390488824,"TCGGGACTCGAACTGT-1"
-3.39878433701026,0.867349505921283,"TCGGGACTCGGTCCGA-1"
-3.26400941368568,-2.89492177913579,"TCGGGACTCTCGATGA-1"
-3.56219094749916,3.81323123027889,"TCGGGACTCTGCGGCA-1"
3.5751705789901,-4.42212510059269,"TCGGGACTCTGGAGCC-1"
1.28045445922387,-0.74882888744267,"TCGGGACTCTTCAACT-1"
-2.48095065113533,-3.69637703845891,"TCGGGACTCTTGAGAC-1"
-2.44655698296058,-3.32846164653691,"TCGGGACTCTTTCCTC-1"
-2.6072868680619,-0.869046449164472,"TCGGTAAAGAACAATC-1"
-4.35463827606666,-0.830001592139325,"TCGGTAAAGCAGGTCA-1"
-1.31652742382514,4.14149761249629,"TCGGTAAAGCGAAGGG-1"
-4.44089978691566,1.03343886186687,"TCGGTAAAGCTAGTCT-1"
0.821362676653981,-1.56852626750859,"TCGGTAAAGGACAGCT-1"
-3.42620080467689,4.72002387096492,"TCGGTAAAGGTAGCTG-1"
-2.74198418613899,2.91238474895565,"TCGGTAAAGTTAAGTG-1"
8.94055038932335,0.195941523214259,"TCGGTAAAGTTTGCGT-1"
-3.77472036835182,-3.65706562946232,"TCGGTAACAAACTGCT-1"
-0.239049134220958,-0.469987511138044,"TCGGTAACACCGTTGG-1"
-4.8972849225663,1.56169831802455,"TCGGTAACACGAGGTA-1"
-0.981789556708217,-2.69315338085087,"TCGGTAACACGCGAAA-1"
-2.34630316254127,1.70602631618587,"TCGGTAACACTTACGA-1"
-3.62976521011817,-3.61137461612614,"TCGGTAACATAGGATA-1"
1.93634301665795,0.94614923050014,"TCGGTAACATGTAAGA-1"
2.32918673995507,0.836197793980517,"TCGGTAACATGTCCTC-1"
-4.47772639748085,-0.857191323737226,"TCGGTAACATTGCGGC-1"
-3.38325994965065,-0.817940234641156,"TCGGTAAGTAGGACAC-1"
-3.82260983940589,3.49757337619869,"TCGGTAAGTAGGAGTC-1"
-1.36178585645187,3.17364573528377,"TCGGTAAGTCTAAAGA-1"
-1.29469159003723,2.22121155311672,"TCGGTAAGTGGCAAAC-1"
-3.35736101624,1.20669412662593,"TCGGTAAGTGGCGAAT-1"
-3.13683002945411,3.55998325397579,"TCGGTAAGTGGTTTCA-1"
-2.67540901657569,1.27874690343944,"TCGGTAAGTTCAGACT-1"
1.86975008491051,-0.00233510086926003,"TCGGTAATCAGCTGGC-1"
-2.61579090115058,-1.37536621044072,"TCGGTAATCCCTGACT-1"
-2.83121067043769,-3.45643925617131,"TCGGTAATCGTTTGCC-1"
-4.11273830887306,-0.702278255919538,"TCGGTAATCTCCAGGG-1"
11.5033546114303,0.109121531744876,"TCGGTAATCTCCTATA-1"
-3.96598499771583,0.72990828802196,"TCGGTAATCTGTACGA-1"
-1.99640506264198,-3.96282792041691,"TCGGTAATCTGTCTAT-1"
-2.00128942486274,-2.82798695514592,"TCGGTAATCTGTTTGT-1"
-1.08374882992733,11.1685159211358,"TCGGTAATCTTGTCAT-1"
1.44104868415368,1.21766394426433,"TCGTACCAGAAACCAT-1"
-2.39874928947914,0.750501245757022,"TCGTACCAGAGACTAT-1"
0.309157552752614,0.904221743842044,"TCGTACCAGATATGGT-1"
1.53027540687096,0.584817871948161,"TCGTACCAGATGTAAC-1"
-4.07310646530616,-0.661672353247724,"TCGTACCAGCAGGCTA-1"
-2.26219910141456,-1.69275808284672,"TCGTACCAGCCGTCGT-1"
-2.19819348808754,-1.37844002197178,"TCGTACCAGTCTTGCA-1"
-3.41414683815467,-2.84825611064824,"TCGTACCAGTGGAGAA-1"
-4.43423527237403,-3.62785649249943,"TCGTACCAGTTAAGTG-1"
-3.25962704178321,0.203553930421748,"TCGTACCCAATAGCGG-1"
-1.23780835923183,-1.89974784801396,"TCGTACCCACATCTTT-1"
9.4082742357589,0.899898261328616,"TCGTACCCACGACTCG-1"
8.25911480430138,-0.390881597498975,"TCGTACCCACTGCCAG-1"
-5.35346120354164,1.76172268440334,"TCGTACCCAGATGGCA-1"
2.37043386939538,1.29947429945079,"TCGTACCCAGCAGTTT-1"
-1.13677030560005,-3.11191940257939,"TCGTACCCATTACCTT-1"
-0.0616911029480699,-0.561598002413831,"TCGTACCCATTTGCTT-1"
1.32220918181908,-0.990429758528791,"TCGTACCGTAAAGGAG-1"
-2.73902755733955,-2.0625994200507,"TCGTACCGTACGCACC-1"
-3.37694805618751,2.98777318050472,"TCGTACCGTACTCAAC-1"
9.05177265647423,-0.396034597853742,"TCGTACCGTAGCTTGT-1"
-3.07656043526161,-1.6724090571204,"TCGTACCGTCAAAGCG-1"
-4.77799981590736,-0.587573050955854,"TCGTACCGTCACCTAA-1"
-5.82273477074134,0.688813239832797,"TCGTACCGTCATGCAT-1"
-4.17988317963111,-3.59766840885075,"TCGTACCGTCTGCGGT-1"
-1.06687958296764,-0.746264934043012,"TCGTACCGTCTTCAAG-1"
0.877887311015248,-1.9103252882758,"TCGTACCGTCTTGCGG-1"
-0.268186805214763,-2.00174069354924,"TCGTACCGTGAGGCTA-1"
-5.19191401955116,-2.56044411609562,"TCGTACCGTGTCAATC-1"
2.29148227218163,0.530500896771827,"TCGTACCGTTCAGACT-1"
-2.76819008347023,-0.66782474468144,"TCGTACCTCAACACAC-1"
-1.67457234617698,-1.32827115009221,"TCGTACCTCACGATGT-1"
-0.854050976600528,-1.93159961650761,"TCGTACCTCATACGGT-1"
-1.37730619069564,-1.56879794547947,"TCGTACCTCCTACAGA-1"
0.793485345873952,-0.685664176444135,"TCGTACCTCGTAGGTT-1"
8.64331013206017,-1.06521964023503,"TCGTACCTCGTTTGCC-1"
-3.92817634102333,-2.34094452808293,"TCGTACCTCTGCGGCA-1"
-1.73748612162101,0.359416634341159,"TCGTACCTCTTGTACT-1"
-0.626734969582439,-1.38154578159245,"TCGTAGAAGAACTGTA-1"
0.67273706439507,0.707739800711551,"TCGTAGAAGATAGGAG-1"
10.1864505434371,1.91998636772243,"TCGTAGAAGCAATCTC-1"
11.1554551744796,0.117231607933917,"TCGTAGAAGCGCCTCA-1"
-3.6130732869767,-3.85652136752995,"TCGTAGAAGGATATAC-1"
-2.28791039940345,3.49232554485408,"TCGTAGAAGGGATCTG-1"
-1.858776864972,4.34357094814388,"TCGTAGAAGGGTCGAT-1"
10.070004048381,0.360907819618859,"TCGTAGAAGTCGCCGT-1"
3.8419752741195,-4.6532509321967,"TCGTAGAAGTGAACGC-1"
11.2073026323653,-0.0181594486037113,"TCGTAGAAGTGGGATC-1"
9.51629883292687,1.05206555177776,"TCGTAGACAGCCTTTC-1"
-1.69325238224494,-2.71775007198246,"TCGTAGACAGTCAGCC-1"
-1.20515146609771,-0.576444804171643,"TCGTAGACATCCGCGA-1"
-4.84820812698829,-1.81692361781987,"TCGTAGACATGGGAAC-1"
10.7679553652145,1.91773736526576,"TCGTAGAGTACCTACA-1"
-1.35651027914512,-0.943508624533735,"TCGTAGAGTCAGGACA-1"
-4.11993831154335,1.12208771755306,"TCGTAGAGTCGTGGCT-1"
10.0479961061813,0.864502698679843,"TCGTAGAGTGCATCTA-1"
-0.173903701271892,-1.2943938965598,"TCGTAGAGTGGTCCGT-1"
-1.38606634494293,1.04731863786785,"TCGTAGAGTGTCCTCT-1"
-1.92791044470298,0.932428837319293,"TCGTAGAGTTCCACAA-1"
-2.53826194759834,-1.23949468086155,"TCGTAGAGTTCGCGAC-1"
7.94498020652306,1.92685842563716,"TCGTAGATCAATACCG-1"
1.76661712172997,-0.282127558688245,"TCGTAGATCACCTTAT-1"
-1.16679951306808,-1.75910901973637,"TCGTAGATCCGATATG-1"
8.54772240165246,-0.559349476794324,"TCGTAGATCCTTCAAT-1"
-0.129525718655467,-1.53890788505467,"TCGTAGATCGGATGGA-1"
12.0705915117599,-0.211333155135236,"TCGTAGATCGGCCGAT-1"
0.53906196597588,-0.579724370936475,"TCGTAGATCGGGAGTA-1"
-5.09478372093666,1.5076206927499,"TCGTAGATCTGCAGTA-1"
-2.66539305206764,4.20582604457942,"TCTATTGAGCCCAGCT-1"
-1.94756668564308,-1.50053191135319,"TCTATTGAGCTTATCG-1"
-1.54565030094612,-0.664394497374616,"TCTATTGAGGATTCGG-1"
-4.995304999318,-2.9675283427039,"TCTATTGAGTACGACG-1"
-1.2326823001765,-0.972785233954511,"TCTATTGAGTCCATAC-1"
10.8741870546676,-0.813393830756269,"TCTATTGAGTGTACGG-1"
10.7710958147384,0.0869430904587887,"TCTATTGCAATACGCT-1"
-2.59762030598152,0.466515034933963,"TCTATTGCACAACGCC-1"
-0.812646386589885,-0.811508416632734,"TCTATTGCACTGTCGG-1"
9.84819561484826,2.03038740207759,"TCTATTGCACTTAACG-1"
-4.63250940796363,-0.772676467398725,"TCTATTGCAGACAAAT-1"
0.652447643313527,-1.17958533714207,"TCTATTGCATATACGC-1"
-2.8648917054795,4.72248435070125,"TCTATTGGTAACGCGA-1"
-4.43973153587806,-3.39929175327214,"TCTATTGGTACCGAGA-1"
-2.5361358499192,-3.01592397640141,"TCTATTGGTATGCTTG-1"
1.09054762366784,-1.31563758800419,"TCTATTGGTCCAAGTT-1"
-5.75169938560951,-0.121864735583387,"TCTATTGGTCGGATCC-1"
1.16561109069359,0.601958871384539,"TCTATTGGTTCCACGG-1"
10.2177796984054,-0.312658547858319,"TCTATTGGTTCCACTC-1"
11.1489167833663,1.10344320585338,"TCTATTGGTTCCTCCA-1"
2.33950263503563,0.939553499718585,"TCTATTGGTTGGTAAA-1"
-5.25680297371376,0.0100460653504513,"TCTATTGTCACGGTTA-1"
-0.270153341259837,-1.21568453262242,"TCTATTGTCGCATGGC-1"
-0.676750001873851,-1.06424653480443,"TCTATTGTCGTTACAG-1"
7.86918407920372,1.29794484426586,"TCTATTGTCTAACGGT-1"
-4.83716886993873,1.50974643280117,"TCTATTGTCTTCCTTC-1"
-5.31040137764442,-0.219966947535596,"TCTCATAAGCACCGTC-1"
-2.79787784573066,-0.786889552573285,"TCTCATAAGCGATAGC-1"
9.99788338187706,2.03293669273464,"TCTCATAAGCGGATCA-1"
-3.60712855812538,-4.13956952045353,"TCTCATAAGGAGTACC-1"
9.43067890647423,-0.33639448831471,"TCTCATAAGGCTCTTA-1"
-3.52358549591529,-2.19150209377202,"TCTCATAAGTGAAGTT-1"
8.27631527427208,-0.297255515555463,"TCTCATACAAAGGCGT-1"
-1.20811564978588,1.49162888576595,"TCTCATACAAGGACAC-1"
8.45804554465783,-0.911149262885175,"TCTCATACAGGGAGAG-1"
-3.23428052422035,-4.03893160770329,"TCTCATACAGTCAGAG-1"
-2.26114123817909,-2.51110196063908,"TCTCATACATGCAACT-1"
-5.08936685081947,-2.40604782054814,"TCTCATACATTAGCCA-1"
-1.93803453203666,-1.23479068229588,"TCTCATAGTAGCTCCG-1"
-4.59441464897621,-3.9869911665717,"TCTCATAGTCCAGTTA-1"
-3.93981593605506,-1.38494157741459,"TCTCATAGTCTTCGTC-1"
-3.19139069077003,-0.738522648314557,"TCTCATAGTGTGAAAT-1"
-2.57404464241493,-0.218883335093579,"TCTCATAGTTAAGATG-1"
8.603168072734,-0.108349978427015,"TCTCATAGTTGAGGTG-1"
-1.58569782730567,2.35535848190395,"TCTCATAGTTGTACAC-1"
-0.127367851700664,-1.68321537921818,"TCTCATAGTTGTGGCC-1"
-0.724911121096492,-1.90309333751591,"TCTCATATCAATACCG-1"
-3.79010575767982,-4.0323169226447,"TCTCATATCCAATGGT-1"
2.1517098570205,1.57114779998867,"TCTCATATCCCTCTTT-1"
-3.85455769058692,1.42049646427242,"TCTCATATCTGCAAGT-1"
9.36479145530236,-0.157524764041028,"TCTCTAAAGAAACCAT-1"
-4.06964105125892,-0.867593764762006,"TCTCTAAAGACACGAC-1"
-2.6232723569535,-2.45726942966374,"TCTCTAAAGACCTAGG-1"
-5.15716546532142,-2.19288992832097,"TCTCTAAAGATCTGAA-1"
-1.75871038195121,-0.843966006735883,"TCTCTAAAGCCACGCT-1"
-0.841562313403964,10.0431344514093,"TCTCTAAAGCCCAACC-1"
-0.0745734548233751,1.60955357601253,"TCTCTAAAGGCAAAGA-1"
-5.13054173943031,-0.526854097346387,"TCTCTAAAGGTGATTA-1"
-0.777076778378368,0.338828310867228,"TCTCTAACAAACCCAT-1"
-0.646194246973873,-2.87605476329716,"TCTCTAACAAAGCGGT-1"
10.1710267687179,-1.33903133819493,"TCTCTAACAAATACAG-1"
1.21445948127282,-1.29923796604069,"TCTCTAACAAGGTTTC-1"
-0.883566943373561,-2.00618529270085,"TCTCTAACAATAGAGT-1"
-4.17847341057289,-1.8659818167487,"TCTCTAACAATCTGCA-1"
-2.93494432922828,-0.772243737677655,"TCTCTAACAGGTTTCA-1"
-0.396773335900188,-2.09170055339726,"TCTCTAACATTCGACA-1"
-0.500828561749339,0.103620023032107,"TCTCTAAGTAAGAGAG-1"
-0.959080954458595,-1.13597321460637,"TCTCTAAGTAGAGCTG-1"
-3.57431548592079,-0.638892888526044,"TCTCTAAGTAGAGTGC-1"
-1.70448064562309,0.662012964983859,"TCTCTAAGTGTCTGAT-1"
-4.30085795876014,0.349150479336657,"TCTCTAAGTTTGACTG-1"
1.38262206557763,2.43755841304866,"TCTCTAATCAAGATCC-1"
-3.21108454224098,4.45379519512264,"TCTCTAATCAATAAGG-1"
1.69814712050927,1.94921124031154,"TCTCTAATCATAAAGG-1"
0.296883168254018,-1.88916706989201,"TCTCTAATCGAACGGA-1"
-4.10410541054237,-0.369985997180066,"TCTCTAATCGTCACGG-1"
-4.98577946182716,2.10132443954555,"TCTCTAATCTTCTGGC-1"
-3.58115833755958,-2.07964873264226,"TCTGAGAAGAAGAAGC-1"
-1.34800877925384,-0.875700473288617,"TCTGAGAAGAGTACAT-1"
2.42790276053917,1.34507751514522,"TCTGAGAAGCCCAACC-1"
-4.40582102295387,-2.2897529597083,"TCTGAGAAGGACATTA-1"
0.826610150370717,-0.835417150954328,"TCTGAGAAGTATGACA-1"
-2.80042689796913,2.4279155736169,"TCTGAGAAGTGACTCT-1"
-0.920060609843612,1.55400979568569,"TCTGAGAAGTGTCCCG-1"
-2.60725420471656,0.399202425529637,"TCTGAGAAGTTAAGTG-1"
-4.29691213127601,-3.32497239063176,"TCTGAGAAGTTCGCGC-1"
-0.166773138012767,-1.60119461963566,"TCTGAGACAACGCACC-1"
-2.39499681946266,-3.27682352016362,"TCTGAGACAAGGTGTG-1"
10.4418073320724,1.02359879066555,"TCTGAGACAAGGTTTC-1"
-0.674790856804729,10.3961684708795,"TCTGAGACAATCTACG-1"
1.98497563842308,-0.532694100836835,"TCTGAGACAATGGTCT-1"
9.0295711183883,-0.0866560036936619,"TCTGAGACACGAAACG-1"
1.14942366126549,-0.513937949637494,"TCTGAGACACGAAATA-1"
-1.52031630035865,-0.249333559969983,"TCTGAGACAGATGGGT-1"
-3.04360764976966,1.01848608305065,"TCTGAGACAGGATCGA-1"
-4.01827090736854,-0.845695137480817,"TCTGAGACAGTATAAG-1"
-0.729768929448009,0.594963625570216,"TCTGAGACATGCCACG-1"
0.0620277548171279,-0.124594985941968,"TCTGAGAGTAAAGGAG-1"
-3.23021453377235,-0.724108337859235,"TCTGAGAGTACAGCAG-1"
-2.229067382779,2.14122331192104,"TCTGAGAGTATGCTTG-1"
-2.40540820118415,-1.46659541080388,"TCTGAGAGTGAACCTT-1"
-1.05418217685449,-0.747009753684125,"TCTGAGATCAAAGTAG-1"
0.483270826373219,-1.36913526008519,"TCTGAGATCAATCACG-1"
9.67720276359093,2.01305890132991,"TCTGAGATCACAATGC-1"
-4.03871839996803,-4.04843831012639,"TCTGAGATCACAGGCC-1"
8.79665237906945,-0.842002033690534,"TCTGAGATCACCCGAG-1"
-4.00519865509498,0.302923501034655,"TCTGAGATCACTTACT-1"
-2.85471361633766,2.21952819873897,"TCTGAGATCATTATCC-1"
1.08777386191857,1.82081747104732,"TCTGAGATCCAAATGC-1"
1.12720233443749,2.05331134845821,"TCTGAGATCCACGCAG-1"
-4.2853817319535,1.9932174687585,"TCTGAGATCCACGTGG-1"
0.357308807406544,-1.96279263446721,"TCTGAGATCGTGTAGT-1"
1.28860241416466,-1.9696080679694,"TCTGAGATCTGAGTGT-1"
1.51647001746666,1.48614954998104,"TCTGAGATCTTGTATC-1"
8.21219116691124,1.23749357511608,"TCTGGAAAGACAGGCT-1"
-1.39440089222419,1.10110861112682,"TCTGGAAAGAGTAAGG-1"
10.6429982805587,-1.0124080176154,"TCTGGAAAGATCCCGC-1"
8.51838451865685,-0.674076199034772,"TCTGGAAAGCCAGTTT-1"
-0.897030202116847,0.329027601083197,"TCTGGAAAGCCCAGCT-1"
8.84080177787316,1.3992484812936,"TCTGGAAAGCTAAACA-1"
-0.693165150847316,10.5041310792169,"TCTGGAAAGCTCCCAG-1"
2.05542570594323,0.552520826955714,"TCTGGAAAGGCATGTG-1"
-2.5041921710633,4.72045970012752,"TCTGGAAAGGTGCTAG-1"
-4.444190678563,3.05446696331111,"TCTGGAAAGTACGATA-1"
8.16316086295617,1.57019448330013,"TCTGGAAAGTGCGTGA-1"
-3.24609321114051,3.06583714534847,"TCTGGAACAACCGCCA-1"
2.61115294936669,0.570518121620097,"TCTGGAACAAGCCATT-1"
-3.61065453049171,1.89747464706508,"TCTGGAACAAGTCTAC-1"
-4.78990834709632,-0.0433968300619938,"TCTGGAACAATAGCAA-1"
-4.1124355172776,1.58556854774562,"TCTGGAACAATGACCT-1"
-1.33854853865135,-3.39113521526249,"TCTGGAACACGACTCG-1"
-1.11430100854862,-0.343836545447431,"TCTGGAACACTAAGTC-1"
-3.96412628647316,-4.15445542285832,"TCTGGAACAGCTGGCT-1"
-4.93510001656044,1.3950923686227,"TCTGGAACATCAGTAC-1"
-5.43566888329017,-0.13362759302052,"TCTGGAACATTACGAC-1"
0.75521129611504,0.551411942144313,"TCTGGAAGTAAACGCG-1"
-1.30036213752258,-1.75179338405522,"TCTGGAAGTCAAAGCG-1"
11.6718431139327,0.965750158329882,"TCTGGAAGTGACCAAG-1"
-1.93336057421196,-3.5446984762946,"TCTGGAAGTTAAGGGC-1"
-3.50361364838111,-4.37227940509709,"TCTGGAATCAACCATG-1"
-1.52799522634971,-0.152477263907514,"TCTGGAATCAGGCGAA-1"
-1.56749391314018,2.78338050891963,"TCTGGAATCCGCAGTG-1"
10.2302337313033,1.35333734800426,"TCTGGAATCGACAGCC-1"
-2.08752959724891,1.58770191719142,"TCTGGAATCGATAGAA-1"
1.64999586585534,-0.493547379473767,"TCTGGAATCGTCCGTT-1"
1.10848266128075,-0.65827131221684,"TCTGGAATCTATCGCC-1"
-4.77508491035926,0.0119453971585415,"TCTGGAATCTCTAGGA-1"
9.46475655082238,-0.758546351889692,"TCTGGAATCTGTCCGT-1"
-2.93075579163063,4.05631971408931,"TCTGGAATCTTGCAAG-1"
-3.5928038930558,-3.93945145557316,"TCTTCGGAGACAATAC-1"
-3.04726642128456,1.39263027956096,"TCTTCGGAGACAGGCT-1"
9.64410549644005,-1.70322370479496,"TCTTCGGAGACTCGGA-1"
0.721105756793141,-1.32715463588627,"TCTTCGGAGCTAGTGG-1"
-2.24024003502357,-2.77149772594365,"TCTTCGGAGGCCCTCA-1"
-0.164950785603404,0.282190934320369,"TCTTCGGAGTGTGGCA-1"
9.74563175681603,1.78165423919765,"TCTTCGGCAATCAGAA-1"
3.79109961036217,-4.65971732089909,"TCTTCGGCACCTGGTG-1"
-3.89023059364784,-3.26921844432744,"TCTTCGGCACTGTTAG-1"
-5.10615914818275,2.30562090923397,"TCTTCGGCATTTGCCC-1"
-2.67520040031898,-1.40706038425358,"TCTTCGGGTAGCTGCC-1"
-2.8370403623246,0.0301712160309933,"TCTTCGGGTAGGAGTC-1"
-5.05486100670326,0.347441941996493,"TCTTCGGGTATTAGCC-1"
-5.03643983360756,-3.12833452175053,"TCTTCGGGTCCAGTAT-1"
-3.91852587219703,-3.58016347835454,"TCTTCGGGTGGTGTAG-1"
0.508740487132191,-1.12861251781376,"TCTTCGGGTGTTGGGA-1"
-1.07845233884084,9.70723128368465,"TCTTCGGGTTCACGGC-1"
0.780712189707875,-2.37320351550969,"TCTTCGGGTTGCTCCT-1"
0.211885633502125,-0.738331436614118,"TCTTCGGGTTTGACTG-1"
9.68771988395226,1.13547974874584,"TCTTCGGTCACAGGCC-1"
-1.14611452576149,0.198309749861636,"TCTTCGGTCAGTGCAT-1"
-0.173082349266887,0.960267544289508,"TCTTCGGTCGGAAACG-1"
-5.25276416298378,-1.98837327907475,"TCTTCGGTCGTAGATC-1"
0.953162374529957,-0.872423886756025,"TCTTCGGTCGTGACAT-1"
2.61460572722924,0.60705313136188,"TCTTCGGTCTCCAACC-1"
11.0255742693282,1.57926297237483,"TCTTTCCAGAGATGAG-1"
-2.91225486752021,-1.52207970569523,"TCTTTCCAGCACACAG-1"
-3.39185350891578,1.42872142841426,"TCTTTCCAGGCCATAG-1"
-3.6091875409745,4.37049818088619,"TCTTTCCCAAGAAAGG-1"
-2.40229910370338,1.29946816017238,"TCTTTCCCAAGTCTAC-1"
1.36887079719079,1.4628162389001,"TCTTTCCCACGAAAGC-1"
9.73635441306603,-1.21427309463414,"TCTTTCCCAGATGGCA-1"
-0.358672020401836,-1.76603269527348,"TCTTTCCCAGCCTATA-1"
-0.662553993430019,-2.70041036556157,"TCTTTCCCATCTGGTA-1"
-0.316671369042278,1.01645624687282,"TCTTTCCCATTACCTT-1"
-0.410709617104411,-1.39970910499486,"TCTTTCCGTAAATGAC-1"
-1.95382076260078,1.03217685272304,"TCTTTCCGTACCGGCT-1"
0.0420672321654555,-1.25626480529698,"TCTTTCCGTAGAGTGC-1"
-2.02230530735481,-3.68791842410954,"TCTTTCCGTATATGGA-1"
-2.21424036976326,-0.305300473670087,"TCTTTCCGTCTAACGT-1"
11.0481839800216,0.0778585081299923,"TCTTTCCGTCTTCTCG-1"
3.71781498435509,-4.54172491977604,"TCTTTCCGTTACGTCA-1"
-2.00418954845893,4.30418443729488,"TCTTTCCGTTCACGGC-1"
-2.29471760746467,3.10569262554256,"TCTTTCCTCACTTCAT-1"
-5.68817132469642,2.27302706291286,"TCTTTCCTCATCTGCC-1"
11.0818448686935,-0.827736973265729,"TCTTTCCTCCGCATCT-1"
-0.932642599012733,-1.46903228710087,"TCTTTCCTCGCAAGCC-1"
-3.18915289398658,-0.72138178298863,"TCTTTCCTCTTACCTA-1"
-3.6324505185746,-3.15023827503117,"TGAAAGAAGAATGTTG-1"
-1.4623611843251,1.28505069067089,"TGAAAGAAGACCACGA-1"
11.4963508272506,0.246688321729579,"TGAAAGAAGAGTAATC-1"
-1.59537601229179,-0.727563499907575,"TGAAAGAAGAGTCGGT-1"
2.46566540244591,0.261558086176791,"TGAAAGAAGAGTTGGC-1"
-2.594057617154,-4.10234951923283,"TGAAAGAAGCTGCCCA-1"
9.72191387656701,0.986453414460101,"TGAAAGAAGGAACTGC-1"
10.911086621318,-0.54331153581532,"TGAAAGAAGGATTCGG-1"
-0.0383319234513048,-1.28203928420933,"TGAAAGAAGGTGCTTT-1"
-1.8765562748574,0.566769108673014,"TGAAAGACAAACGCGA-1"
12.0423617983199,-0.133096336821637,"TGAAAGACAAAGGCGT-1"
10.4647861147262,0.982420325776019,"TGAAAGACAAGGCTCC-1"
-1.93625062462318,-3.28225398013981,"TGAAAGACAATCTACG-1"
-3.14920156952369,-2.93173170040043,"TGAAAGACAGCTGTGC-1"
-0.306539771523357,-2.02605390499028,"TGAAAGACATACCATG-1"
2.07600409034264,0.535203159352221,"TGAAAGACATGACGGA-1"
-5.35072797295082,0.143664122124591,"TGAAAGAGTAAATACG-1"
8.77659946921837,4.00155520488826,"TGAAAGAGTCAGATAA-1"
-3.79504412170875,-0.657498478392682,"TGAAAGAGTCGCATCG-1"
-0.321285364594341,-2.31076502750309,"TGAAAGAGTGCGATAG-1"
0.722936334643483,2.22300875236598,"TGAAAGAGTTCACGGC-1"
-2.86854690071571,-3.24062037418278,"TGAAAGAGTTCTGAAC-1"
-4.80869644638527,-1.28635072658452,"TGAAAGATCAATCTCT-1"
-5.51213878151405,0.390355300655045,"TGAAAGATCAGCAACT-1"
-2.39692085739601,-0.73447501609715,"TGAAAGATCCAAGTAC-1"
-2.17186516281593,2.74572420169918,"TGAAAGATCTCGTATT-1"
-3.38201373573768,4.24524045040218,"TGAAAGATCTGCAGTA-1"
-0.221738872494579,-0.306865870455823,"TGACAACAGAGCCTAG-1"
-5.43670552727211,-1.75470948169621,"TGACAACAGAGCTATA-1"
-2.94360297676551,2.73318553020565,"TGACAACAGATCGATA-1"
-0.888623175587535,-1.02258825252446,"TGACAACAGCGCCTCA-1"
1.24992496016991,1.79033517887203,"TGACAACAGGATGTAT-1"
-4.37659758087623,1.83496141483394,"TGACAACAGGGCTTGA-1"
1.45495492461693,0.69747927834598,"TGACAACAGGTGACCA-1"
0.470906677279591,-2.70836996982487,"TGACAACAGGTTACCT-1"
10.8944736147262,1.29336637308208,"TGACAACAGTACGTTC-1"
9.71071011069787,-0.145184874037824,"TGACAACAGTCAAGCG-1"
-0.807989639606357,1.29117667724697,"TGACAACCAAACGTGG-1"
-3.90725630280006,-4.40158057163151,"TGACAACCAACTGCTA-1"
1.56019765380394,-1.41453254173192,"TGACAACCAACTTGAC-1"
1.24377495292199,-0.797875523070417,"TGACAACCACAGACAG-1"
-0.372605142559886,-0.733075618247113,"TGACAACCACAGCCCA-1"
-3.70026033874977,-1.0420745606223,"TGACAACCATAACCTG-1"
-2.26096039768684,-2.88847327182683,"TGACAACCATGAACCT-1"
-3.73182672020423,-0.625756263236127,"TGACAACCATTTCAGG-1"
-2.38799518105018,-3.85033869693669,"TGACAACGTCGACTGC-1"
8.94153839591515,0.089406043787875,"TGACAACGTGCGAAAC-1"
-3.34780925270546,4.62221598674861,"TGACAACGTGGTCCGT-1"
-2.62481015678871,-1.50112628887089,"TGACAACGTGTCTGAT-1"
-1.38976061102378,-1.65892815540226,"TGACAACGTTGGTTTG-1"
0.823718371424794,-1.19678354213627,"TGACAACTCCCTCAGT-1"
3.87440783027184,-4.74771809528264,"TGACAACTCGAGAACG-1"
-0.637592760290981,10.1778581147393,"TGACAACTCGGTCTAA-1"
-2.67158514019477,-3.26223993251713,"TGACAACTCGTCCGTT-1"
-2.46610373016822,1.4660242800912,"TGACAACTCGTTACGA-1"
-2.26118689533699,3.02082324077693,"TGACAACTCGTTGCCT-1"
-3.344337162938,-3.20675373027714,"TGACAACTCGTTTATC-1"
-2.0641104554795,-3.46196627567204,"TGACGGCAGATCCTGT-1"
-1.77499758955467,-2.50972151706608,"TGACGGCAGCCAGTAG-1"
1.56583744529259,0.267592087884822,"TGACGGCAGCTCCTTC-1"
-2.21358650681007,-2.64548325488957,"TGACGGCAGCTGTCTA-1"
-2.22111743446815,3.15461373378841,"TGACGGCAGGGTCGAT-1"
10.023406567607,-0.275177418688855,"TGACGGCAGTCAATAG-1"
-4.66586249824989,-2.55938219974431,"TGACGGCAGTCGCCGT-1"
-0.230914292302013,-1.69911026904973,"TGACGGCCACCCATGG-1"
-3.0014359330796,4.15758013774959,"TGACGGCCACGCCAGT-1"
-0.586658087935329,10.1565148835382,"TGACGGCCAGACAAAT-1"
-1.07333735879886,2.13306987335292,"TGACGGCCATTTGCTT-1"
1.10610372069848,-2.24157547901066,"TGACGGCGTAACGCGA-1"
-0.611156282391429,-3.23970508525761,"TGACGGCGTACCGTTA-1"
-1.40173494574058,2.02521777202693,"TGACGGCGTAGCTAAA-1"
-1.36410358306396,3.04804492046443,"TGACGGCGTGATGTGG-1"
-5.13928121086586,-0.00379311988743325,"TGACGGCGTGTCAATC-1"
-0.278504726853252,-1.43803393791111,"TGACGGCTCAAACGGG-1"
-3.7864655828141,3.89505267192928,"TGACGGCTCACCTCGT-1"
1.69199377540123,0.948164880772509,"TGACGGCTCAGTGCAT-1"
-4.55556577202308,2.83855819751827,"TGACGGCTCCGTCATC-1"
1.58052307609093,2.41181755115596,"TGACGGCTCCTAGTGA-1"
-2.1575615977906,0.740433305998721,"TGACGGCTCCTCAACC-1"
-5.88958781715858,0.309701487918773,"TGACGGCTCCTGCCAT-1"
-1.08596673366058,-3.75953364322575,"TGACGGCTCGAATCCA-1"
-0.963049310635805,-0.206323801974378,"TGACGGCTCGTCTGCT-1"
2.11297637465966,1.27144378473369,"TGACGGCTCTTGCAAG-1"
2.47460419181359,-0.173613428572736,"TGACTAGAGAAGGTGA-1"
-0.633866307701946,10.2955749039849,"TGACTAGAGGTGCTTT-1"
-5.09399741646278,0.421640974966266,"TGACTAGAGTTTCCTT-1"
-3.84650438782203,-0.687718033293805,"TGACTAGCAAGTCTGT-1"
1.14104777816308,-0.380201994875989,"TGACTAGCAATACGCT-1"
8.87487179282677,0.224597290655055,"TGACTAGCAATGGATA-1"
8.25188213828576,1.57566916992275,"TGACTAGCACTTCGAA-1"
-1.56959402319419,3.26614904453365,"TGACTAGCATGAAGTA-1"
-1.09099770095575,11.1880080704888,"TGACTAGCATGGGAAC-1"
8.76246601584923,-0.435607134799085,"TGACTAGGTATGAAAC-1"
-1.81891095396507,3.09337115337459,"TGACTAGGTCAACTGT-1"
-2.9544605588578,-0.184488892058454,"TGACTAGGTCACTGGC-1"
-2.79598206039894,4.51183867504207,"TGACTAGGTCGACTAT-1"
-0.720810559954524,-1.30176901767643,"TGACTAGGTCGCATAT-1"
-1.52449768539894,-1.76309680889042,"TGACTAGGTGATAAGT-1"
-3.49543374535072,0.196677923699298,"TGACTAGGTGCAGACA-1"
10.712036671672,0.954325974484362,"TGACTAGGTGGAAAGA-1"
-5.05744975563514,1.33724260379879,"TGACTAGGTGTGAAAT-1"
-5.06220096107948,2.31895911743251,"TGACTAGGTTCCTCCA-1"
-4.19453209396827,-2.97149634311589,"TGACTAGTCAAGCCTA-1"
-0.298072752919078,-3.01747584293278,"TGACTAGTCACATGCA-1"
-2.91214877125251,3.5042152409753,"TGACTAGTCAGTCCCT-1"
1.40937072280419,2.35216200401393,"TGACTAGTCATCGATG-1"
0.627497139010548,1.7969580893716,"TGACTAGTCGTAGGTT-1"
-3.27060025688636,4.32359600116817,"TGACTTTAGACTGTAA-1"
-2.30414432045448,-0.642098664740644,"TGACTTTAGATCACGG-1"
-3.15798800941932,-3.08748722026738,"TGACTTTAGATGAGAG-1"
-4.73770326134193,-0.224269747237287,"TGACTTTAGCCTTGAT-1"
1.86713463309777,0.4737443556389,"TGACTTTAGGACCACA-1"
-4.61189049240577,-3.69330048511418,"TGACTTTAGGGAAACA-1"
1.67004424575341,2.06827962448207,"TGACTTTAGTATTGGA-1"
-5.46781915184486,-0.0134693379202702,"TGACTTTCACACAGAG-1"
-1.72768622395027,-3.80446457813176,"TGACTTTCACGAAATA-1"
-1.21497542914379,-1.12400412509831,"TGACTTTCAGACTCGC-1"
-3.66944855209816,-1.28540241668614,"TGACTTTCAGGGTTAG-1"
-0.652630028691173,10.3846843247613,"TGACTTTCATCGGACC-1"
1.52562195304406,0.490643799801745,"TGACTTTGTAAGAGGA-1"
-3.33341854568946,-2.13849472949894,"TGACTTTGTACAGACG-1"
8.31717735770714,-0.44895517776402,"TGACTTTGTACTTCTT-1"
9.79392868522179,0.452719755967536,"TGACTTTGTCGCATCG-1"
-0.574037102427364,-2.44794702480229,"TGACTTTGTCTCCCTA-1"
0.188825073275685,2.41985392620174,"TGACTTTGTTGGTAAA-1"
-2.25455993172157,-2.78709292362126,"TGACTTTTCAACACCA-1"
-1.92575412746894,4.54767251064388,"TGACTTTTCACGATGT-1"
-2.7442155456208,0.410706110329755,"TGACTTTTCAGGCGAA-1"
-1.88805383202064,-3.52024745891484,"TGACTTTTCATGCAAC-1"
-3.55655878540504,2.3703188901147,"TGACTTTTCCGCTGTT-1"
1.6843505525924,1.67640888740627,"TGACTTTTCCGTAGTA-1"
-2.84879153725135,3.94546222736446,"TGACTTTTCGGAAATA-1"
11.2482314730026,0.843722492953219,"TGACTTTTCGGATGTT-1"
1.16503983977807,-1.92003345439824,"TGACTTTTCGTAGATC-1"
-1.8330240225457,3.53382420589534,"TGACTTTTCGTGTAGT-1"
-2.64538699146736,-1.45388460109623,"TGACTTTTCTCGTATT-1"
-1.92939328905571,0.327921666701712,"TGACTTTTCTTTACGT-1"
-3.92277139183509,3.89792180111019,"TGAGAGGAGAAGGACA-1"
-3.99815290924537,0.914477170010485,"TGAGAGGAGCACCGTC-1"
0.246182503733754,0.643574923773684,"TGAGAGGAGCAGACTG-1"
-0.0682145332955125,-0.472341358164869,"TGAGAGGAGTGATCGG-1"
1.40705091002953,2.46277952243892,"TGAGAGGAGTGGGATC-1"
-4.28554552551735,2.51291608860103,"TGAGAGGCACGACGAA-1"
-1.66184717174995,-0.984086632231794,"TGAGAGGCACTTAAGC-1"
11.7378783846236,0.569714561601558,"TGAGAGGCAGGCAGTA-1"
3.70112902167809,-4.50168871829899,"TGAGAGGCAGTCAGAG-1"
8.60483414176476,-0.103880822161756,"TGAGAGGGTAAACGCG-1"
-2.06647509094703,-0.989586710433088,"TGAGAGGGTCAGAGGT-1"
-3.4525131559037,-1.0983467097083,"TGAGAGGGTCTCTCTG-1"
-4.97986525055397,0.611260727544703,"TGAGAGGGTGATAAAC-1"
-1.05740319695699,11.2223632340631,"TGAGAGGGTGCACTTA-1"
-1.7217848276757,2.77356720020381,"TGAGAGGGTGGGTATG-1"
9.7907786989547,1.27495062400905,"TGAGAGGGTTAGATGA-1"
11.5713840151168,0.680990517636218,"TGAGAGGGTTCCACTC-1"
1.43767005446923,0.43807898138968,"TGAGAGGTCAGGCAAG-1"
2.60198265555871,0.722343385716357,"TGAGAGGTCAGTGCAT-1"
9.72152287009728,0.384390993540563,"TGAGAGGTCATGTAGC-1"
-5.5471906041764,2.03337204506008,"TGAGAGGTCCTGCAGG-1"
-3.43445318695533,-3.19664645145329,"TGAGAGGTCCTTTACA-1"
-3.9823724603318,3.181807041665,"TGAGAGGTCGGCCGAT-1"
1.67842132094872,-0.374379515151105,"TGAGAGGTCGTTACAG-1"
-2.19726353641975,0.52103824218122,"TGAGAGGTCTAACCGA-1"
-1.87859660145271,-1.19734811733159,"TGAGAGGTCTCAACTT-1"
-2.43113666531074,2.8936765198907,"TGAGAGGTCTTGCAAG-1"
-5.16350835319984,-2.00748395870121,"TGAGCATAGACTCGGA-1"
-2.27741259094703,0.785710990925708,"TGAGCATAGAGGTTAT-1"
-3.75566190239418,-2.46686577747258,"TGAGCATAGATATGCA-1"
0.0876547718383071,11.7850358491143,"TGAGCATAGCGTTCCG-1"
-1.44710653778541,0.714670062561908,"TGAGCATAGCGTTTAC-1"
-4.51773994919288,-2.29019975612553,"TGAGCATAGGTTACCT-1"
9.74605804923546,0.80207431366054,"TGAGCATCACAACGCC-1"
-2.88524132725227,2.22246778061,"TGAGCATCACGGCGTT-1"
3.87349277976525,-4.65171265552434,"TGAGCATCACGTCTCT-1"
-0.244308886494518,1.68287396480648,"TGAGCATCACTTAACG-1"
-3.54041903969276,-2.03776955554875,"TGAGCATCAGGACCCT-1"
7.73586708549035,1.32374298622219,"TGAGCATCATACGCTA-1"
1.90375143531334,1.73875534584133,"TGAGCATCATTGAGCT-1"
-3.70920270439613,-1.17337119529637,"TGAGCATCATTGGCGC-1"
-0.862145510878444,-1.90565633724125,"TGAGCATGTACCGAGA-1"
9.6195026064254,0.734673619767108,"TGAGCATGTAGAAAGG-1"
2.35660177711022,0.686652780075946,"TGAGCATGTCACCTAA-1"
2.19440633300316,1.33580470134822,"TGAGCATGTCATATGC-1"
-1.67863052841651,-1.24745905349644,"TGAGCATGTCGATTGT-1"
-0.759299275841594,1.60627353241054,"TGAGCATGTCGCTTCT-1"
9.07249599936974,0.768240720530429,"TGAGCATGTGACGGTA-1"
-3.08554857727516,4.0378165250024,"TGAGCATGTGTGCGTC-1"
3.86069494727623,-4.65533661792668,"TGAGCATGTTAAGACA-1"
-2.23379796501625,1.20438855936138,"TGAGCATGTTAGATGA-1"
-5.24436515327919,2.36643958141414,"TGAGCATGTTCATGGT-1"
-1.0251989042424,-0.379333793620191,"TGAGCATGTTTGACAC-1"
-2.83742099758613,1.48533809234706,"TGAGCATTCACGCATA-1"
2.32032066825402,0.091072440644183,"TGAGCATTCAGCACAT-1"
2.10170156005394,0.430457231154122,"TGAGCATTCCGGCACA-1"
0.221934857401967,11.8112771516046,"TGAGCATTCCTCGCAT-1"
-0.898683851029754,-0.0583886201182224,"TGAGCATTCGTTGACA-1"
-3.37279194351661,2.93050360729305,"TGAGCATTCTCTTATG-1"
-0.366410729851604,-2.574700355033,"TGAGCATTCTGGCGAC-1"
2.24342543128502,0.0613157754143856,"TGAGCATTCTTTAGTC-1"
-3.34530991074073,-2.53933548877629,"TGAGCCGAGATCCTGT-1"
10.5114141130782,0.826699227591433,"TGAGCCGAGGCCCGTT-1"
-0.599627969231487,1.05057185937969,"TGAGCCGAGGTAGCCA-1"
11.3841767931319,0.325577147801795,"TGAGCCGCAATGTAAG-1"
1.3005169058181,1.32989025165645,"TGAGCCGCACCACCAG-1"
-0.0882758474015001,0.298347339530864,"TGAGCCGCAGATCTGT-1"
-0.0895842289589647,-2.04274940441044,"TGAGCCGCATACAGCT-1"
10.1549497270919,-0.286565660933576,"TGAGCCGCATTCACTT-1"
9.75316673758996,0.662738055487551,"TGAGCCGGTAAATGAC-1"
-2.63813429829109,-2.85007238338383,"TGAGCCGGTAGCCTCG-1"
1.05485850814354,0.351286054154315,"TGAGCCGGTATATCCG-1"
-4.51370471474159,-1.93661642024907,"TGAGCCGGTCAGCTAT-1"
-2.76076715942848,-0.147136628130994,"TGAGCCGGTGAAAGAG-1"
-4.33366936203468,-3.64742112110051,"TGAGCCGGTGAGGCTA-1"
-2.36653262135017,1.39817559768764,"TGAGCCGGTTCCACAA-1"
10.016082348857,0.636510342856326,"TGAGCCGTCAAACGGG-1"
10.8290830278732,0.756259412070193,"TGAGCCGTCGTTGACA-1"
8.49809700492394,-0.796351789931379,"TGAGCCGTCTCACATT-1"
-4.08097928520668,-4.22715687702092,"TGAGCCGTCTTGCCGT-1"
-1.00223678853738,0.208355218668856,"TGAGGGAAGAATGTGT-1"
-0.0484799122475389,-1.75487899730595,"TGAGGGAAGAATTCCC-1"
-4.04642790314186,-2.59212589214238,"TGAGGGAAGACGACGT-1"
-2.37755268570411,1.38912642051784,"TGAGGGAAGCGATTCT-1"
1.66736585143578,-0.776270031432233,"TGAGGGAAGGCTAGGT-1"
-3.26749700066078,-2.61246705005559,"TGAGGGAAGGGTTCCC-1"
-1.58920800444114,-1.71857953021916,"TGAGGGAAGGTCATCT-1"
10.1527581835128,-0.296539484957776,"TGAGGGAAGGTGTGGT-1"
0.16853875163567,-2.77641081760319,"TGAGGGAAGGTTACCT-1"
-1.92719405647743,-1.89795827815922,"TGAGGGAAGTCTTGCA-1"
-3.22089189049232,-3.22721314380559,"TGAGGGAAGTGGCACA-1"
-0.530390766825557,2.62268829395381,"TGAGGGACACAGCGTC-1"
9.80992657187951,-0.316510796050153,"TGAGGGACACCCATTC-1"
-0.999391518909514,9.91015124370662,"TGAGGGACACCGAATT-1"
-3.75282019134986,-4.0624363417426,"TGAGGGACACCTATCC-1"
0.794636430773854,-1.56687676856907,"TGAGGGACAGGGATTG-1"
-4.91304272171485,-0.374460339049421,"TGAGGGACAGGGTACA-1"
10.4801345491744,1.0483977799615,"TGAGGGACAGGTCCAC-1"
-2.82694929596412,4.43040919353572,"TGAGGGACATCTCGCT-1"
-3.54631393906105,-4.35578370044621,"TGAGGGACATGATCCA-1"
-4.27031391617286,-3.97791647861393,"TGAGGGACATTGGGCC-1"
-0.376142201390148,-1.38614880988987,"TGAGGGAGTAAATACG-1"
-2.07047325130928,-1.86310672710331,"TGAGGGAGTATAGTAG-1"
-3.25347250458229,0.865605146189608,"TGAGGGAGTGTGCGTC-1"
0.398403348956227,-1.225454925994,"TGAGGGAGTTCAGACT-1"
-2.62473314758766,-1.73209857890996,"TGAGGGAGTTCGTCTC-1"
-2.87734073158729,-2.68197011897954,"TGAGGGATCAGTCAGT-1"
-3.69930356499183,4.269791126748,"TGAGGGATCAGTTAGC-1"
-3.92792886253822,-4.15156483600529,"TGAGGGATCCGGCACA-1"
10.4481635713912,-0.569659471015058,"TGAGGGATCGCCATAA-1"
-2.19156771656501,-3.95931220004948,"TGAGGGATCGGCTTGG-1"
2.17190486434472,0.498794913788714,"TGAGGGATCGTATCAG-1"
-0.360098895993114,-0.730643271903119,"TGAGGGATCGTCCAGG-1"
-1.4136366223954,-3.38846826503666,"TGAGGGATCTCTAGGA-1"
-5.05737250801551,-2.89147806117924,"TGAGGGATCTGCGTAA-1"
-5.04594653603065,-2.34009098956975,"TGAGGGATCTTTACAC-1"
9.738834919963,-0.415511667231641,"TGAGGGATCTTTAGTC-1"
-5.18338674065101,1.61551916648952,"TGATTTCAGAAGGTTT-1"
-2.54061907288063,4.73411440898983,"TGATTTCAGAATAGGG-1"
-1.93128478285301,-4.17381024310978,"TGATTTCAGACTACAA-1"
-2.0707513665818,-2.77449321697148,"TGATTTCAGAGGTAGA-1"
-1.36829241868484,-1.48669385860356,"TGATTTCAGAGGTTGC-1"
-4.38624232765663,3.03919553806392,"TGATTTCAGCCCAGCT-1"
-3.07422321793067,-0.256439208487592,"TGATTTCAGCTAAGAT-1"
-2.65291672703254,-0.345429300765119,"TGATTTCAGTACGATA-1"
-2.58099227901924,1.40568566372005,"TGATTTCAGTCAATAG-1"
-5.05179685112464,1.99689030696956,"TGATTTCCAAGTTAAG-1"
-1.58528029676902,1.25406450082866,"TGATTTCCAATAACGA-1"
-3.37575000282753,4.04627275516597,"TGATTTCCACTCGACG-1"
-3.83312314506996,-0.39462989519032,"TGATTTCCAGACACTT-1"
-2.29223316666114,3.98843073894588,"TGATTTCCAGTATGCT-1"
-3.03811043259132,-4.02347540805729,"TGATTTCCAGTGACAG-1"
0.501925172839284,1.8620877270898,"TGATTTCCATATACGC-1"
-2.75726800915229,2.57046699573604,"TGATTTCCATGCGCAC-1"
-2.76991230007637,2.89679527332393,"TGATTTCCATGGTAGG-1"
-4.65468448158729,2.88087821056453,"TGATTTCCATTAACCG-1"
-2.39463442322242,-4.38729834506901,"TGATTTCGTATAGGGC-1"
-0.372887549366832,-3.02420353839787,"TGATTTCGTCTCTTAT-1"
8.12300354484093,1.75453901340572,"TGATTTCGTGCCTGTG-1"
-2.04780560490119,1.57652115871517,"TGATTTCGTTGATTCG-1"
-3.17356699463356,-0.0326263303557255,"TGATTTCTCATCATTC-1"
-0.513119367327571,2.66829109241573,"TGATTTCTCATGTGGT-1"
-1.25007259603965,-1.47422957370671,"TGATTTCTCCACGTGG-1"
2.53765303138268,0.225808755060115,"TGATTTCTCGAGAACG-1"
9.90046459678185,0.137747496863284,"TGATTTCTCGCTTGTC-1"
-2.84072953220832,1.30131435443965,"TGATTTCTCGGCGGTT-1"
1.6939871931411,-0.139337121943555,"TGATTTCTCGGGAGTA-1"
10.4493156099654,1.18334162284938,"TGATTTCTCTACTTAC-1"
-4.33083623405922,-1.70616388271245,"TGATTTCTCTCGGACG-1"
10.3958507204391,-0.106586694220624,"TGATTTCTCTGAAAGA-1"
2.64216333869469,0.532787025471606,"TGCACCTAGACTAAGT-1"
-2.15137189384925,1.56592416812984,"TGCACCTAGATAGTCA-1"
2.22337156775963,-0.587723493079267,"TGCACCTAGCTAGTGG-1"
-3.87463515755165,-1.54563045452031,"TGCACCTAGGCAATTA-1"
-1.74777996298301,-1.4167083496848,"TGCACCTAGGGCTTCC-1"
9.92689377311242,-1.30758464286717,"TGCACCTAGTCTTGCA-1"
-3.16121166702735,3.96178436328975,"TGCACCTAGTGCGATG-1"
-0.155764517750621,0.386325099070945,"TGCACCTCAAGTAGTA-1"
8.7603364611007,-0.179742216567121,"TGCACCTCAATGAAAC-1"
-1.21582090612876,0.231485441823878,"TGCACCTCAGTCAGCC-1"
-3.02967995163429,4.83653760006038,"TGCACCTCAGTGAGTG-1"
-3.41099542137611,-1.78695726344975,"TGCACCTCATTCACTT-1"
1.66530925277245,-0.603442191580854,"TGCACCTGTCAGATAA-1"
10.9888101244308,-0.797120093802533,"TGCACCTGTCAGGACA-1"
-5.35164493080604,-0.133141040305219,"TGCACCTGTCTGCCAG-1"
-1.04937066268551,11.1766984467706,"TGCACCTGTGACAAAT-1"
2.45924455169213,0.254057601591029,"TGCACCTGTGAGGGTT-1"
-3.45803922173011,-1.52676463077458,"TGCACCTGTTAAGAAC-1"
-2.63532465454567,3.00390505840389,"TGCACCTGTTATTCTC-1"
-5.27204888817298,1.96710348178951,"TGCACCTTCAATACCG-1"
8.61413055900109,-0.933925866583905,"TGCACCTTCAGGCAAG-1"
-1.41895565148819,-0.64182639072331,"TGCACCTTCATAGCAC-1"
1.87948090079796,0.67150363375751,"TGCACCTTCCAACCAA-1"
-0.767905665006519,-1.67825388858708,"TGCACCTTCCCACTTG-1"
-1.42972156163681,-3.54922580669316,"TGCACCTTCCCTGACT-1"
-0.823899475302577,-1.45936727474125,"TGCACCTTCCGTAGGC-1"
-1.36519685145843,-3.65185236881169,"TGCACCTTCGCTGATA-1"
-3.29651111122596,-0.928830861548505,"TGCACCTTCGTTACGA-1"
-3.47888654228675,-0.268782436350904,"TGCACCTTCTGCTGTC-1"
0.564531388316273,-1.30133604953679,"TGCCAAAAGAATTGTG-1"
0.845972600016713,-2.45146584461125,"TGCCAAAAGAGCTGGT-1"
-3.75197881218421,-1.11392319152745,"TGCCAAAAGAGTCTGG-1"
2.32267958167565,-0.368310987452588,"TGCCAAAAGATACACA-1"
-4.32809537407386,-2.55758094737919,"TGCCAAAAGATATGCA-1"
-4.73859065529335,1.32814544488994,"TGCCAAAAGCGTAGTG-1"
-2.05457824226844,2.07487738182155,"TGCCAAAAGGGTCGAT-1"
-0.918413994278789,-1.37550592372807,"TGCCAAAAGTTAACGA-1"
10.4219909334518,-0.121540247897229,"TGCCAAACACCTCGTT-1"
-3.84082311150062,-3.65520930240544,"TGCCAAACACTTAAGC-1"
-2.24276131149757,-3.88978743503483,"TGCCAAACAGATCCAT-1"
-1.9138733124398,-0.455726384619794,"TGCCAAACAGTAAGAT-1"
1.75891572478783,-0.559148311118207,"TGCCAAACATCCCATC-1"
-4.20179909225929,-4.18444800327214,"TGCCAAAGTACAAGTA-1"
-2.05468648430336,-1.41724443385991,"TGCCAAAGTCGAACAG-1"
3.54076916221154,-4.32045435855778,"TGCCAAAGTGTGAATA-1"
2.1628649854995,1.42959535171596,"TGCCAAAGTGTGCCTG-1"
10.3138452196456,0.161943123241343,"TGCCAAAGTTAAGAAC-1"
-1.35081791635978,-0.680669307211957,"TGCCAAAGTTCAGACT-1"
0.802209200892567,-2.0564959044257,"TGCCAAAGTTCAGCGC-1"
-1.4935926770829,-2.91255640933903,"TGCCAAAGTTCCCTTG-1"
9.60719448569787,0.222029045720973,"TGCCAAATCAGAGGTG-1"
11.4123168611861,0.118177533646502,"TGCCAAATCCATGAGT-1"
-0.190062162842632,-1.80224466274174,"TGCCAAATCGTCTGCT-1"
1.77857095244896,0.201429516573825,"TGCCAAATCTATGTGG-1"
8.84162003043664,3.91298437168209,"TGCCCATAGAAACGAG-1"
-3.00769442078102,-1.32891893337163,"TGCCCATAGATCGATA-1"
-2.62189513203132,3.15068507244197,"TGCCCATAGCACAGGT-1"
-0.921518539454818,-0.418376147250257,"TGCCCATAGCTTTGGT-1"
-3.45250791069496,-2.76765870998295,"TGCCCATAGGCGACAT-1"
1.07650500777733,-1.81991195629033,"TGCCCATAGGCGTACA-1"
-0.724192378487468,1.9033622746667,"TGCCCATCAGACGCTC-1"
-0.105494973626018,-1.17431747863682,"TGCCCATCATAAAGGT-1"
-1.15320190545547,-1.65114688823613,"TGCCCATCATGGATGG-1"
-0.984394090160758,-1.63860273311528,"TGCCCATGTAGGAGTC-1"
-1.96426260229576,-3.87984061191472,"TGCCCATGTATGGTTC-1"
2.5030589723922,0.561974674960055,"TGCCCATGTCACAAGG-1"
-2.15706377979744,-0.169117867449842,"TGCCCATGTCACTGGC-1"
-4.13014334198463,-0.382570027808271,"TGCCCATGTCCGACGT-1"
9.89231068137658,2.08109200050441,"TGCCCATGTGACTACT-1"
-2.9540486907624,0.0628414457043789,"TGCCCATTCAACGGGA-1"
-1.14009670671451,-3.53319978664311,"TGCCCATTCACAGGCC-1"
-2.63621848579872,4.01823902179805,"TGCCCATTCAGAGCTT-1"
-5.45697825905311,2.40041828205196,"TGCCCATTCTGAAAGA-1"
-1.6922802900933,-2.5317647452155,"TGCCCTAAGAAACCAT-1"
0.744078221354603,2.45871734668819,"TGCCCTAAGACAGAGA-1"
-2.90372806545723,0.829395533104815,"TGCCCTAAGACTAAGT-1"
-0.881518629755855,1.74229586174098,"TGCCCTAAGAGCCTAG-1"
11.3219714784957,0.668212205668368,"TGCCCTAAGCCGGTAA-1"
-3.23889225479591,-3.64862084339055,"TGCCCTAAGGACAGCT-1"
-0.587344614233852,-1.54466915080937,"TGCCCTAAGGCAATTA-1"
-4.21954601761329,-0.5356515641013,"TGCCCTAAGGCTACGA-1"
2.44484430793297,0.388302803536334,"TGCCCTAAGGGCATGT-1"
2.66983276847374,0.84025859882442,"TGCCCTAAGTGTCCCG-1"
-2.71222227570045,-2.52707195232304,"TGCCCTAAGTTATCGC-1"
-5.00702565666664,-3.14622116039189,"TGCCCTACAAGCTGTT-1"
-2.70296805855262,-4.29843068073185,"TGCCCTACACGGTTTA-1"
-3.3506368970536,-2.02699637363347,"TGCCCTACAGACACTT-1"
-1.70047157761085,2.93708443691341,"TGCCCTACAGCTCGAC-1"
0.379880251917958,-1.21867275188359,"TGCCCTACAGTGAGTG-1"
-1.72352605816352,-3.98265194843205,"TGCCCTACATATGCTG-1"
-2.83039182182777,-4.07422614047917,"TGCCCTACATCGATGT-1"
-5.53206437584388,1.6903986935815,"TGCCCTAGTACCGCTG-1"
-4.38133233543861,-2.28418683956059,"TGCCCTAGTCATCGGC-1"
10.2231317186691,0.107884228726306,"TGCCCTAGTCATTAGC-1"
-2.46355551239479,2.8845920567712,"TGCCCTAGTGCAACTT-1"
-0.497393158640743,0.518768907090106,"TGCCCTAGTGGCCCTA-1"
-4.1096598481797,-3.9538724417487,"TGCCCTAGTGTGAATA-1"
-0.947572593953491,10.5198056702813,"TGCCCTAGTGTTCGAT-1"
-2.89102858063209,3.25608301212398,"TGCCCTAGTTGATTGC-1"
-5.20359700676429,1.89725613643733,"TGCCCTATCAACACCA-1"
1.40154272559655,0.242493674655833,"TGCCCTATCCACTGGG-1"
-1.1219520842694,-1.65398502300175,"TGCCCTATCCAGTATG-1"
-2.44014686104286,3.34254646350948,"TGCCCTATCCGCGGTA-1"
9.9881549501754,1.50083315422145,"TGCCCTATCGATAGAA-1"
-2.11851638313758,-1.04134643028172,"TGCCCTATCGGAAATA-1"
-5.28657859322059,0.04705494691936,"TGCCCTATCGGACAAG-1"
-1.9044374203347,1.15660196592418,"TGCCCTATCGGTGTCG-1"
-1.96157443281639,-4.18227076480778,"TGCCCTATCTACCAGA-1"
1.07853418830407,-1.91812682102116,"TGCCCTATCTGTCCGT-1"
8.36806541923058,1.32189619590847,"TGCGCAGAGACGACGT-1"
-5.04627030846107,-3.07480812023076,"TGCGCAGAGAGCTGCA-1"
0.188389482531666,0.734473079939761,"TGCGCAGAGCACACAG-1"
-0.621737149920345,-2.79787754962834,"TGCGCAGAGCTCCCAG-1"
10.2131963396407,-0.647176503638349,"TGCGCAGAGTACGTAA-1"
-5.30857795235145,1.44032990982143,"TGCGCAGAGTCTTGCA-1"
-3.71176689621437,-1.05254495094212,"TGCGCAGCAAACCCAT-1"
-4.50908130165565,2.03517282058803,"TGCGCAGCAAGCCATT-1"
-5.66907733437049,0.498904519279876,"TGCGCAGCAGCTGTGC-1"
-1.32971971985328,-2.61162209461125,"TGCGCAGCAGGATTGG-1"
-3.003836331334,1.20601886560527,"TGCGCAGCATACGCTA-1"
-3.14109605308998,3.76115942051021,"TGCGCAGCATCTCGCT-1"
-4.71355336662757,-1.66715645740422,"TGCGCAGGTAGAGCTG-1"
1.74992233756554,0.781391174097934,"TGCGCAGGTTGCCTCT-1"
0.0102863931990859,-1.5147707457343,"TGCGCAGTCCAATGGT-1"
-1.52281492706764,-2.16833043048771,"TGCGCAGTCCGTCAAA-1"
0.301361146006703,-1.75545859287175,"TGCGCAGTCCTGCTTG-1"
-3.9978114938401,0.0454365019997738,"TGCGCAGTCGGCGCTA-1"
1.93087154868615,0.882378191252627,"TGCGCAGTCGTTTATC-1"
0.256189765963673,-1.93394732425602,"TGCGCAGTCTCTGAGA-1"
-2.77362459656227,-1.8387167448798,"TGCGCAGTCTCTGCTG-1"
-4.34379619118202,-3.73364376972111,"TGCGCAGTCTGTCAAG-1"
10.4974980974532,-0.153732478121839,"TGCGGGTAGAAGGGTA-1"
-1.57143485304344,-0.531582474211774,"TGCGGGTAGAATAGGG-1"
-2.18526309486854,-1.77958416889103,"TGCGGGTAGATGCCTT-1"
-4.0125192975663,-1.18875896881016,"TGCGGGTAGCGTTGCC-1"
-3.72152226921546,-0.422453224162183,"TGCGGGTAGGTCATCT-1"
-2.27041071411598,-4.13961911151799,"TGCGGGTAGTAGGCCA-1"
0.627086582217335,2.01335179855434,"TGCGGGTAGTCATGCT-1"
-3.35414355751503,3.08243823101131,"TGCGGGTCAAACAACA-1"
-0.272979257073284,-0.604660152892194,"TGCGGGTCAAGCGTAG-1"
-1.88583469149101,2.427829981347,"TGCGGGTCACACAGAG-1"
2.17561036590111,-0.0617707962790348,"TGCGGGTCACATGGGA-1"
-2.4085928773545,2.58490800907222,"TGCGGGTCAGGAATCG-1"
-0.471270439591289,-0.731189608077131,"TGCGGGTCAGGCAGTA-1"
3.98540312293541,-4.59730982730778,"TGCGGGTCAGGTGCCT-1"
0.485004606280446,1.42439901878444,"TGCGGGTCATCCGCGA-1"
-2.23080473896492,1.58204186012355,"TGCGGGTCATGAAGTA-1"
-3.64191049095619,-0.516151606539808,"TGCGGGTCATGGATGG-1"
1.03543049338829,-1.77989077518376,"TGCGGGTGTAACGTTC-1"
-4.67685192581642,-2.96032476375493,"TGCGGGTGTACAGACG-1"
2.12410217765343,1.06187194635478,"TGCGGGTGTAGGGTAC-1"
4.04567581656945,-4.64254021594914,"TGCGGGTGTATAGGGC-1"
3.63289124015343,-4.3957612509528,"TGCGGGTGTCATATCG-1"
10.3472667360641,-0.388737141589246,"TGCGGGTGTCCCTACT-1"
-4.34745329376686,-2.03157114932927,"TGCGGGTGTGAAAGAG-1"
-4.34897869583595,-2.12643527934941,"TGCGGGTGTGATGTCT-1"
8.7550006533004,0.0170706813534878,"TGCGGGTGTGTCTGAT-1"
9.9921250963546,-0.343298613528333,"TGCGGGTGTTAAAGAC-1"
-3.79320806023109,1.88229250957576,"TGCGGGTGTTAGTGGG-1"
0.463002505335927,-2.34022283504399,"TGCGGGTGTTCAGACT-1"
-1.43685996290672,-1.55007934520634,"TGCGGGTTCACGAAGG-1"
-3.46709578987587,-1.90022396991642,"TGCGGGTTCACGGTTA-1"
-3.90682595726478,-3.34262633273991,"TGCGGGTTCATTGCGA-1"
-4.90706127640235,1.35378509809581,"TGCGGGTTCGCAAGCC-1"
-4.30631679054725,-0.732753395537458,"TGCGGGTTCTGTCCGT-1"
2.0118914270736,0.803170145054736,"TGCGGGTTCTTGCATT-1"
-5.07496064659584,-2.99563312480839,"TGCGTGGAGATAGGAG-1"
-5.37618392464149,1.71904909660427,"TGCGTGGAGATCCGAG-1"
-3.06576937195289,-3.36238217304142,"TGCGTGGAGCACCGTC-1"
-1.38537192102897,-0.00132092783840676,"TGCGTGGAGCAGATCG-1"
1.31058508399498,2.6283378606042,"TGCGTGGAGCAGCCTC-1"
-3.4887406205796,4.34928035785762,"TGCGTGGAGTACCGGA-1"
2.41608006003869,0.758166283865847,"TGCGTGGAGTGCAAGC-1"
-1.83158409353721,-3.05020165393742,"TGCGTGGAGTTGTCGT-1"
-0.456082520451427,-0.667657255629621,"TGCGTGGCAAGCCATT-1"
9.94457108024132,0.647845119734683,"TGCGTGGCAATTCCTT-1"
8.46988159659874,-1.02655518005284,"TGCGTGGCACACCGAC-1"
-2.48012166973579,-3.02112364719304,"TGCGTGGCACAGACAG-1"
-2.35845368858802,0.498807684083857,"TGCGTGGCACCGAAAG-1"
-3.21648519989479,1.38416278411952,"TGCGTGGCACGAGAGT-1"
-2.47029262539375,-2.10869741390141,"TGCGTGGCACTATCTT-1"
-2.88459008690345,-0.903652429083905,"TGCGTGGCAGATGGCA-1"
-3.44829338547218,-1.80634975383671,"TGCGTGGCAGCCACCA-1"
-1.92757856604087,-3.50271892497929,"TGCGTGGGTAACGCGA-1"
-4.96316140648353,-2.99863147685917,"TGCGTGGGTAAGGGAA-1"
-4.4075970029496,-2.83298158595952,"TGCGTGGGTAAGGGCT-1"
3.69151312354577,-4.50954604099186,"TGCGTGGGTACCCAAT-1"
-0.819288310971141,2.03747093727199,"TGCGTGGGTACCGTAT-1"
-3.77009242531288,-0.232276617983899,"TGCGTGGGTAGCGCTC-1"
0.00366145614159075,-1.77580761859807,"TGCGTGGGTCAATGTC-1"
-1.52757251020896,0.969432592888751,"TGCGTGGGTGAGGGAG-1"
-1.48022958394516,-3.37728524158391,"TGCGTGGGTTCCAACA-1"
-2.06979065891731,4.34011316349117,"TGCGTGGTCAAAGTAG-1"
-4.00732773300636,-0.159955858687482,"TGCGTGGTCATAAAGG-1"
3.80808884147179,-4.6966850752631,"TGCGTGGTCATGGTCA-1"
10.0023122454025,2.23757922699062,"TGCGTGGTCGAATGGG-1"
-1.49986058231819,-3.45313334415349,"TGCGTGGTCGAGCCCA-1"
-4.51863902565467,0.142119378348269,"TGCGTGGTCGTACGGC-1"
-3.63748234268653,-0.545095741252027,"TGCGTGGTCTCTTGAT-1"
-1.79277664181221,-1.19925618122014,"TGCGTGGTCTTGTCAT-1"
-5.0877875661515,-2.90527892063054,"TGCTACCAGAGGTACC-1"
0.544294657740712,-0.0722210700312473,"TGCTACCAGAGGTTGC-1"
8.51895672324669,0.563882649441638,"TGCTACCAGATATGCA-1"
-3.16732877251136,3.43640303661434,"TGCTACCAGCAACGGT-1"
-3.26157253738868,-0.717167853812299,"TGCTACCAGCCTTGAT-1"
1.37435394767296,1.54388856937496,"TGCTACCAGCGTAGTG-1"
-2.0505641078614,3.75225496341793,"TGCTACCAGGTAAACT-1"
-3.35709398743141,2.08645737220851,"TGCTACCCAAACTGCT-1"
-3.74271410461891,-1.32811939666661,"TGCTACCCAAAGAATC-1"
-0.974200708236575,-3.04822754810246,"TGCTACCCAGCTGTTA-1"
1.14651614669335,0.0642274027070187,"TGCTACCCATGTCTCC-1"
2.35291105750573,0.101965547104754,"TGCTACCGTACCGTAT-1"
-5.13102572914589,1.30142301370708,"TGCTACCGTATAGGTA-1"
-1.44029286262023,0.242389604946055,"TGCTACCGTCAAGCGA-1"
-0.349734244313121,-1.97460794399174,"TGCTACCGTCCGCTGA-1"
1.22033053878319,0.184004575510897,"TGCTACCGTCTCACCT-1"
1.56024867537987,2.54342865993587,"TGCTACCGTGCCTGTG-1"
-0.055559692349315,2.35984361221401,"TGCTACCTCACCTCGT-1"
-4.3253352021836,-3.84742188403996,"TGCTACCTCATCGGAT-1"
-1.18467719611156,-2.36466383884343,"TGCTACCTCATGTCTT-1"
2.2246280336715,0.00758907248584251,"TGCTACCTCATTGCGA-1"
10.8559489870406,-0.887783169249616,"TGCTACCTCGAACTGT-1"
-2.84002893921363,3.4686882500848,"TGCTACCTCGGATGGA-1"
10.6649881029464,1.51625239898769,"TGCTACCTCTCCAACC-1"
11.1686168337203,0.369869836171546,"TGCTGCTAGAAACGCC-1"
1.0531762266494,-0.0367477531233646,"TGCTGCTAGAAGGCCT-1"
9.94833523276818,1.8605909352502,"TGCTGCTAGAGACTAT-1"
0.730372371707081,-2.00756907413395,"TGCTGCTAGGAGTTGC-1"
8.00166279319298,1.72985971023647,"TGCTGCTAGGCAAAGA-1"
-3.86424463745582,-0.110265612105451,"TGCTGCTAGGCTACGA-1"
-2.93330424782264,-2.3756401533881,"TGCTGCTAGGGTCGAT-1"
-4.15003603455055,3.04748320629207,"TGCTGCTAGTACGTAA-1"
-3.44089406486976,-4.42255377719792,"TGCTGCTAGTGGACGT-1"
-1.30596044417846,-1.96265602062138,"TGCTGCTAGTGGGATC-1"
-3.78634255882728,-0.0487416977682926,"TGCTGCTCAATAAGCA-1"
10.2620797777511,2.1649054293832,"TGCTGCTCAATCAGAA-1"
-3.16472023483741,-1.21980035255345,"TGCTGCTCAGTGACAG-1"
1.25785714629662,0.259003296991267,"TGCTGCTCATGCCTAA-1"
-3.66175383087623,0.190711826582827,"TGCTGCTCATTGGTAC-1"
-3.19590848442543,-2.67617940853032,"TGCTGCTGTAAAGGAG-1"
8.30282646659386,0.165874228378215,"TGCTGCTGTAAGTAGT-1"
0.310778799090504,2.60301160862056,"TGCTGCTGTGCGGTAA-1"
0.657651367220997,-0.767847775916181,"TGCTGCTGTGTATGGG-1"
-4.22325700279701,-1.57658863017949,"TGCTGCTGTTCAGGCC-1"
-0.411893782582164,-1.41432762096318,"TGCTGCTGTTGGACCC-1"
-2.38506513592231,2.72051906635372,"TGCTGCTTCACCACCT-1"
0.442370834384083,-2.73908853481205,"TGCTGCTTCAGCACAT-1"
-3.6549147939347,-3.26189470241459,"TGCTGCTTCAGTTGAC-1"
7.85920387748253,1.5567282443246,"TGCTGCTTCTTATCTG-1"
2.05686336997521,-0.309304475287519,"TGGACGCAGAAGGTGA-1"
-0.851722267832637,0.827162474890628,"TGGACGCAGACATAAC-1"
-1.35484423991668,-3.70273375461491,"TGGACGCAGACCACGA-1"
1.56887275222313,1.65920400669185,"TGGACGCAGATGAGAG-1"
3.74132019523156,-4.6690356726447,"TGGACGCAGATGTAAC-1"
8.71805435660851,-0.201914846400342,"TGGACGCAGCATGGCA-1"
-4.01489394661415,-1.09215795944127,"TGGACGCAGGACATTA-1"
10.351516308818,1.46525239994136,"TGGACGCAGTCGCCGT-1"
1.26569253448021,-1.65264606426152,"TGGACGCCAAACCCAT-1"
10.4973550463058,-0.857494949797712,"TGGACGCCACAGACAG-1"
-2.76081233974922,2.60742569019405,"TGGACGCCAGCATGAG-1"
-0.777228651013255,10.2043483262262,"TGGACGCCAGGTTTCA-1"
-1.16645006593692,1.87408185054866,"TGGACGCCATCTGGTA-1"
11.2969270372726,0.0305750673016689,"TGGACGCGTACCAGTT-1"
2.40546566489708,0.824753016730227,"TGGACGCGTATATCCG-1"
10.2767978334762,0.585597068568148,"TGGACGCGTCATGCCG-1"
1.97860533240807,0.4723641430339,"TGGACGCGTCCAACTA-1"
-0.47706317659843,-1.3952364916602,"TGGACGCGTCTTGTCC-1"
0.43460971358788,-2.31800198505314,"TGGACGCGTGAAAGAG-1"
-1.58196115252006,-0.83792424152287,"TGGACGCGTGGTCTCG-1"
-1.34303760286796,2.45351457645504,"TGGACGCGTTCGTGAT-1"
-5.54225629326332,2.09175086071102,"TGGACGCTCCGTACAA-1"
0.155978384051442,2.25172913124172,"TGGACGCTCCTTAATC-1"
-0.902278920080543,-3.62291598270329,"TGGACGCTCGAGAGCA-1"
2.00205976012719,1.12673187305538,"TGGACGCTCGGCATCG-1"
1.56694942954552,1.44833135654537,"TGGACGCTCTAAGCCA-1"
-4.62007778641212,-1.12257432887944,"TGGACGCTCTGCGACG-1"
-1.56775229927528,-3.43466019580754,"TGGCCAGAGACATAAC-1"
2.21864491942894,2.15822899391262,"TGGCCAGAGAGAACAG-1"
-4.08385842796791,-3.93335795352849,"TGGCCAGAGAGGTACC-1"
-3.4215323304795,1.78968465377895,"TGGCCAGAGCGGATCA-1"
-4.1601125573777,-1.47998797843846,"TGGCCAGAGTACATGA-1"
-3.42788594719398,3.55945348789302,"TGGCCAGAGTGCCAGA-1"
-4.89700621124733,1.18390202571956,"TGGCCAGAGTTTAGGA-1"
-0.86775520202148,0.603643551965632,"TGGCCAGCAAACCTAC-1"
2.38970738891137,1.46465337326137,"TGGCCAGCAAGGACAC-1"
-4.79776543137062,0.769132346411624,"TGGCCAGCACAGACAG-1"
9.7973180437423,0.982632160683551,"TGGCCAGCACCCAGTG-1"
-2.24966281410682,-1.24571895549687,"TGGCCAGCACCGAATT-1"
1.13004714492333,1.96017539550868,"TGGCCAGCACCGGAAA-1"
-1.41679394003379,0.97288262893764,"TGGCCAGCACTGAAGG-1"
-4.14385312553871,-4.0577337736884,"TGGCCAGCAGCCAATT-1"
1.03929311278832,-1.83911395023259,"TGGCCAGCAGCTTAAC-1"
-3.91912573334205,-4.34673333118351,"TGGCCAGCAGTGGAGT-1"
-3.96241920944679,0.252765208979525,"TGGCCAGCATCACAAC-1"
-1.69191175457466,-2.32281184146794,"TGGCCAGCATGCGCAC-1"
-3.67313569542396,-3.26067948291691,"TGGCCAGCATGGTAGG-1"
-2.52961390968788,-1.80150461147221,"TGGCCAGCATTAGCCA-1"
-1.81002092119682,1.33262306501476,"TGGCCAGCATTGGCGC-1"
-3.15195554253089,4.38488197376338,"TGGCCAGGTCACACGC-1"
-1.37977084275711,-0.971665262679181,"TGGCCAGGTCATATGC-1"
9.58912521842492,2.80865621616451,"TGGCCAGGTCGACTAT-1"
-3.37167995926368,-0.670217871169172,"TGGCCAGGTCTAGGTT-1"
-3.88023084160316,-1.96554589221867,"TGGCCAGGTGTGACCC-1"
-2.01207619663703,2.52107977916805,"TGGCCAGGTTATGTGC-1"
-2.89940613266456,-1.30785870502385,"TGGCCAGTCAACACTG-1"
-2.86540406700599,-3.48554182002934,"TGGCCAGTCAACCAAC-1"
-2.63810723778236,4.17969083835689,"TGGCCAGTCGGTCCGA-1"
-1.14846212920177,-1.63639163921269,"TGGCCAGTCTCGCTTG-1"
-4.09045475479591,-4.16806864688786,"TGGCCAGTCTCGTATT-1"
-2.34243410583961,4.52238011409847,"TGGCCAGTCTGCGACG-1"
-3.21793740746009,-1.00055670688542,"TGGCGCAAGAACAACT-1"
-4.07232969757545,-4.20152497241887,"TGGCGCAAGACACTAA-1"
1.96129280570519,0.436304355536976,"TGGCGCAAGCGTCTAT-1"
1.37440568450463,2.04513454486934,"TGGCGCAAGCGTGTCC-1"
-5.03600781914222,-1.72427344272526,"TGGCGCAAGCGTTGCC-1"
-1.08192900326479,-0.423208713034711,"TGGCGCAAGGTGCAAC-1"
9.55515915397179,-0.417652964095197,"TGGCGCAAGGTGCTAG-1"
2.14828449729454,1.1452943091592,"TGGCGCAAGTATTGGA-1"
-4.84989946838844,-2.46867871234807,"TGGCGCACAAGACACG-1"
-0.461691615548015,-1.42021453330906,"TGGCGCACAATGAATG-1"
2.76707607749474,1.29637110282985,"TGGCGCACAATGACCT-1"
2.00215298179162,-0.309126674632154,"TGGCGCACACCAGGCT-1"
11.0747762346603,0.379677044724502,"TGGCGCACACCATCCT-1"
12.1911979341842,0.327350251873412,"TGGCGCACACGTGAGA-1"
-1.9557012295388,-4.01054358432683,"TGGCGCACAGTATGCT-1"
10.5316987657882,-0.761468767623029,"TGGCGCACATAAAGGT-1"
10.533364834819,1.50770807315914,"TGGCGCACATGCCACG-1"
-0.880460699465156,-0.805727719763837,"TGGCGCACATGGTTGT-1"
-0.936578628983379,2.21965241481868,"TGGCGCACATTCACTT-1"
-1.15614236649501,-0.696567177275739,"TGGCGCACATTCCTGC-1"
-4.15038054939735,3.48533415844051,"TGGCGCACATTTGCTT-1"
-1.69922959562767,-3.14422082851323,"TGGCGCAGTAAAGGAG-1"
0.11947971824181,-1.04969954440983,"TGGCGCAGTAAATGTG-1"
0.210237445864796,-0.362154721716962,"TGGCGCAGTAGAGGAA-1"
1.85371238235009,1.60221564819423,"TGGCGCAGTATAGGGC-1"
-0.425258514847637,-1.52702820251378,"TGGCGCAGTCAATGTC-1"
-2.0302068566941,-0.631305336455426,"TGGCGCAGTCCTGCTT-1"
-2.79106598850715,-1.84089708278569,"TGGCGCATCCAGATCA-1"
-0.888707687523246,-0.559348523120008,"TGGCGCATCCTAGGGC-1"
-4.29631775375831,-3.48576116512211,"TGGCGCATCGAACTGT-1"
10.3761678362228,1.39440488864986,"TGGCGCATCTTAACCT-1"
-3.48519628998268,-1.06751489589604,"TGGCTGGAGCAGCCTC-1"
-1.62176435944068,-0.966733455161176,"TGGCTGGAGCGCCTTG-1"
2.47747093680871,0.490739413102546,"TGGCTGGAGCTGCGAA-1"
-4.96227019783485,2.20139145900814,"TGGCTGGAGTCACGCC-1"
-5.55047076698768,-0.0903780157366612,"TGGCTGGAGTCGAGTG-1"
-2.83032864090431,1.23044437219707,"TGGCTGGCAAGCCATT-1"
10.2436051988937,2.27349197914211,"TGGCTGGCAGGCAGTA-1"
-4.65643137451637,1.53292906334011,"TGGCTGGCAGTAAGCG-1"
-2.51817267891395,-4.11926579425725,"TGGCTGGCATCACGTA-1"
9.11165577415001,-0.957109808425031,"TGGCTGGCATCCGGGT-1"
-3.25612586494911,-1.62518644283207,"TGGCTGGCATCGGAAG-1"
-3.12729876991737,-0.435086011389814,"TGGCTGGCATGGGACA-1"
0.217292013201832,11.9305655961236,"TGGCTGGCATTGGCGC-1"
1.34628063682091,-1.28817272136601,"TGGCTGGGTCACACGC-1"
9.14411884788048,-0.773466348151288,"TGGCTGGGTCAGAAGC-1"
-2.21425932404029,0.594862014552035,"TGGCTGGGTGATGATA-1"
0.399508895907521,-2.54831480930241,"TGGCTGGGTTCCACGG-1"
10.3643012667037,0.867125571270861,"TGGCTGGGTTGTGGAG-1"
-3.3031515454911,4.01123452236263,"TGGCTGGTCAAACCAC-1"
8.17068821433556,0.473613024254718,"TGGCTGGTCCAATGGT-1"
-2.57381623741615,-1.68579149196538,"TGGCTGGTCCGAGCCA-1"
9.82683044913781,2.00864315082637,"TGGCTGGTCCTCAATT-1"
-3.50628918167579,3.5964262490472,"TGGCTGGTCTCTAAGG-1"
-0.114162919487834,-1.87958931873234,"TGGCTGGTCTGTTTGT-1"
-5.37640279289711,-1.37119293163212,"TGGGAAGAGATGTAAC-1"
0.961468043360829,-2.32370281169804,"TGGGAAGAGTACTTGC-1"
-1.90635955091941,2.765303135415,"TGGGAAGAGTATTGGA-1"
-1.81891500708091,-4.24101328800114,"TGGGAAGAGTGTTAGA-1"
2.30912882331383,1.74537050773708,"TGGGAAGCAAACCTAC-1"
-0.115588126149059,11.2841832642755,"TGGGAAGCAACGATCT-1"
2.19953876975548,0.578912273546138,"TGGGAAGCACATGGGA-1"
0.658770980868458,0.067404717703738,"TGGGAAGCATGCTGGC-1"
12.1227002764083,0.37025719185678,"TGGGAAGCATTACCTT-1"
-3.37436169144142,0.0119682257374905,"TGGGAAGCATTTCACT-1"
-1.18990288433063,-3.63829684207829,"TGGGAAGGTAAGGATT-1"
0.0406841659880873,-0.179032146433912,"TGGGAAGGTAGCTAAA-1"
3.77961880210412,-4.57370877216252,"TGGGAAGGTCAGGACA-1"
0.226608338389516,11.8040883546075,"TGGGAAGGTCATGCAT-1"
10.6103921556808,0.702651978035846,"TGGGAAGGTCGCGAAA-1"
-5.13525956627357,-1.36047673175725,"TGGGAAGGTCGCGTGT-1"
-4.16242474075782,0.450523086388984,"TGGGAAGGTCGGATCC-1"
-4.72137325760353,-2.07504105518254,"TGGGAAGGTGCCTTGG-1"
3.71815067771447,-4.54626154849919,"TGGGAAGGTGGTGTAG-1"
-3.87022799011695,2.5619053845605,"TGGGAAGTCACAGTAC-1"
0.127628388438344,-0.713846206168256,"TGGGAAGTCAGCAACT-1"
-1.44645133372772,-2.72137856433781,"TGGGAAGTCCAAACAC-1"
-3.40767544266212,-2.21253538082036,"TGGGAAGTCCGTACAA-1"
1.66503435615075,2.3629182582101,"TGGGAAGTCGCACTCT-1"
-4.63390058037269,-0.156935095290265,"TGGGAAGTCGTAGGTT-1"
-0.0520113682411912,-2.56726074169072,"TGGGAAGTCTCTTATG-1"
-2.2399191236161,1.40792012264339,"TGGGAAGTCTGACCTC-1"
-3.56237715240943,-2.94381093929204,"TGGGAAGTCTTGCAAG-1"
-3.25522535797584,1.13315093566982,"TGGGCGTAGAGTAAGG-1"
9.18025166038048,0.509285137554087,"TGGGCGTAGATGGCGT-1"
-4.02021401878822,1.05037593891231,"TGGGCGTAGCGTCTAT-1"
2.53292876723778,0.69739788820354,"TGGGCGTAGCGTGAGT-1"
8.93022877219689,1.02181869794933,"TGGGCGTAGGGATACC-1"
-0.873249655034423,-1.47249376724156,"TGGGCGTAGGGTGTTG-1"
1.531808199916,0.161658064027705,"TGGGCGTAGGGTTCCC-1"
-3.36023324486244,3.6254265313348,"TGGGCGTAGGTGCAAC-1"
-1.32413092013824,-1.95951080272587,"TGGGCGTAGTGGGTTG-1"
0.34993523601067,2.85636830379573,"TGGGCGTCAAAGGCGT-1"
-0.37692957874763,-3.02811050365361,"TGGGCGTCAATGGACG-1"
-1.25998207684982,0.733918488522448,"TGGGCGTCAGTCAGAG-1"
-2.98822670933235,-2.88088250110539,"TGGGCGTCATCATCCC-1"
-1.90067082401741,-3.94014620731267,"TGGGCGTGTAAAGTCA-1"
-2.01832979675758,1.93844747593013,"TGGGCGTGTAAGGGCT-1"
-1.29303437229621,-2.83426761577519,"TGGGCGTGTAATAGCA-1"
10.5029941225387,-0.484692155818067,"TGGGCGTGTAGGGTAC-1"
-3.21551936623085,-3.03313541362675,"TGGGCGTGTATTAGCC-1"
-3.53138249870765,-0.634392261008344,"TGGGCGTGTCGCGTGT-1"
-2.96874254700172,-1.96685719440373,"TGGGCGTGTTTAAGCC-1"
-2.18689352032173,0.844877541561999,"TGGGCGTTCAACCAAC-1"
0.083993735346913,0.884707212944903,"TGGGCGTTCATCTGTT-1"
-4.11295336243141,-2.4021511072913,"TGGGCGTTCCTTTCGG-1"
10.6606412554122,-0.750765203932843,"TGGGCGTTCGCGTTTC-1"
3.83064037803185,-4.72155976245793,"TGGGCGTTCGGCTACG-1"
0.686810317072987,-1.5030690426627,"TGGGCGTTCTCGAGTA-1"
-3.94978159424293,-1.80563068340214,"TGGGCGTTCTCTGAGA-1"
-1.48616760727394,-3.08130645702275,"TGGGCGTTCTGATTCT-1"
11.7334724092819,1.03519082119075,"TGGGCGTTCTTCCTTC-1"
-1.05012940373647,-2.4703781599799,"TGGGCGTTCTTGTATC-1"
-1.01060765367377,-2.30280113170537,"TGGTTAGAGAAACCGC-1"
9.39879089835656,0.567329720159449,"TGGTTAGAGAGACTAT-1"
-1.13548351582515,1.14070904304592,"TGGTTAGAGTACACCT-1"
-3.02342813965309,-4.27426123569401,"TGGTTAGAGTACGTTC-1"
-2.68591242786872,-2.77282023380192,"TGGTTAGAGTAGTGCG-1"
-1.40254208203781,-3.11856365154179,"TGGTTAGAGTGGAGTC-1"
10.6442580843307,0.0912162368497036,"TGGTTAGAGTGGGATC-1"
-1.11090770867097,3.3863649373254,"TGGTTAGCAATGACCT-1"
-1.17781404909122,-2.96689248035344,"TGGTTAGCAATTGCTG-1"
1.39100224021447,-0.837085008124433,"TGGTTAGCACAGGAGT-1"
-3.20693725105751,4.0002918248376,"TGGTTAGCACCCAGTG-1"
1.94147926810753,0.57396733810512,"TGGTTAGCAGCTGCAC-1"
-2.96890347954261,-0.926323055724225,"TGGTTAGGTAAAGGAG-1"
-2.38633090015876,2.87878227283565,"TGGTTAGGTAAGTGGC-1"
-1.3621582364701,-0.235239803294263,"TGGTTAGGTAGCTCCG-1"
-1.22419933732975,-1.39888954112919,"TGGTTAGGTCAAACTC-1"
-5.50620072838295,-2.31559228847416,"TGGTTAGGTCACTGGC-1"
-2.62488108631599,-0.306330859164319,"TGGTTAGGTCATGCAT-1"
2.04585677627099,0.807547837992587,"TGGTTAGGTCGGCTCA-1"
-0.192119297947765,0.732365102072634,"TGGTTAGGTTAAGGGC-1"
10.0688853884078,-0.845379948119245,"TGGTTAGGTTACGCGC-1"
0.651781263384938,1.19660812666027,"TGGTTAGGTTATCACG-1"
-3.71785229202735,4.03207540561763,"TGGTTAGGTTCCATGA-1"
10.2899699831344,2.10390603592006,"TGGTTAGTCACATAGC-1"
-1.20294680949676,-3.14977908084782,"TGGTTAGTCCCACTTG-1"
3.66055399421227,-4.56406664798649,"TGGTTAGTCCGCGCAA-1"
8.92480331901085,1.23091942121593,"TGGTTAGTCTCAAACG-1"
1.93486529830468,1.17238503744213,"TGGTTAGTCTCGTATT-1"
9.72999054435265,0.36661880140511,"TGGTTAGTCTGTCTAT-1"
-1.19895353671539,1.92032253791896,"TGGTTCCAGACAGGCT-1"
-3.64595812317359,-0.696979999045453,"TGGTTCCAGACTGGGT-1"
9.78891903403771,-0.179616927603803,"TGGTTCCAGCCAGGAT-1"
-1.10271798577535,11.1590878968438,"TGGTTCCAGCGATGAC-1"
1.29761868957055,-1.0844055409232,"TGGTTCCAGCGCCTTG-1"
-4.80445140358436,-2.66119170139226,"TGGTTCCAGGCAGGTT-1"
-4.13713401314247,0.749530047675051,"TGGTTCCAGGGTATCG-1"
-1.80205654856193,3.63661909153072,"TGGTTCCAGTGTTAGA-1"
-3.62933319565284,2.93247795154659,"TGGTTCCAGTGTTGAA-1"
-2.20619338509071,-2.92958831737431,"TGGTTCCCACCAGGTC-1"
8.30624538901818,1.5257475381097,"TGGTTCCCACCTATCC-1"
-2.13234179970253,-2.15361666629704,"TGGTTCCCATACTCTT-1"
-1.97200095411766,-2.09722852657231,"TGGTTCCCATGCAACT-1"
11.2552781725265,-0.247300147513471,"TGGTTCCCATTCCTGC-1"
-1.63707750793922,-2.76507973621281,"TGGTTCCGTAATCACC-1"
-3.01772588249671,4.11492800762264,"TGGTTCCGTAATTGGA-1"
11.0066285753585,1.52788269569484,"TGGTTCCGTAGAAGGA-1"
-1.23698235806453,-0.609396218756757,"TGGTTCCGTAGGAGTC-1"
9.49300343040001,-0.620486020545087,"TGGTTCCGTCATGCAT-1"
-0.566178170409084,-3.54453468273076,"TGGTTCCGTCCGTGAC-1"
-0.913358983960033,-1.04258918712529,"TGGTTCCGTCGAATCT-1"
-0.420129535164714,11.5854756837091,"TGGTTCCGTCTTTCAT-1"
-0.144936737980724,-1.26681125114354,"TGGTTCCGTGAAAGAG-1"
-5.13620513435829,1.72905790855495,"TGGTTCCGTGCCTGCA-1"
-3.97770207878578,2.10295605709163,"TGGTTCCGTGTATGGG-1"
-1.86627608295906,-0.716577648619733,"TGGTTCCGTTCGCTAA-1"
-2.77941494938362,-1.37005603263768,"TGGTTCCGTTTGGCGC-1"
-0.857974213924289,2.24874091198055,"TGGTTCCTCAGAAATG-1"
9.5472016954757,0.615138054390826,"TGGTTCCTCAGCATGT-1"
-0.839609501328349,10.1038138871392,"TGGTTCCTCATGTGGT-1"
-5.19016450401771,-2.46218895862492,"TGGTTCCTCCAGATCA-1"
0.862194123301625,-2.27709674785527,"TGGTTCCTCCGTAGTA-1"
10.0015502596236,0.517585218449511,"TGGTTCCTCGCCTGTT-1"
8.36882740500939,-0.750881552199445,"TGGTTCCTCTCACATT-1"
11.617949070964,1.11616164495555,"TGGTTCCTCTGATTCT-1"
-0.367963252034068,-1.14483010719212,"TGGTTCCTCTGCCAGG-1"
-2.6556141948365,-3.84476685474309,"TGTATTCAGAAACCGC-1"
2.44174701217186,0.796508312722125,"TGTATTCAGACCGGAT-1"
-3.49984282013404,0.649335682888903,"TGTATTCAGACTAGAT-1"
11.5970845842696,2.08338117649166,"TGTATTCAGAGAACAG-1"
-3.3301290845536,1.09136366893856,"TGTATTCAGCGATAGC-1"
-0.0903333401345018,-0.886692523459516,"TGTATTCAGGTGTGGT-1"
-5.73584598061073,-0.249025880793653,"TGTATTCAGTCTTGCA-1"
-3.76254576202858,3.2307093148431,"TGTATTCCAATGTAAG-1"
-1.22205888983238,-1.46029531906041,"TGTATTCCACGTCTCT-1"
-3.1269561624192,-2.73532986591252,"TGTATTCCACTGTTAG-1"
-1.45364144202697,1.2085506921014,"TGTATTCCAGATGAGC-1"
10.8230758333541,1.7499485020837,"TGTATTCCAGCGTAAG-1"
0.936685981783986,-1.81932544658574,"TGTATTCCAGGTCCAC-1"
2.07766491416466,0.343061984082141,"TGTATTCGTAAACGCG-1"
-1.12840589639175,-1.16163361022862,"TGTATTCGTACCGTTA-1"
-0.749388647642017,-0.915677070120893,"TGTATTCGTAGTGAAT-1"
1.55315619948876,1.95950377037136,"TGTATTCGTATATGAG-1"
-3.28945368286598,-1.66857194850834,"TGTATTCGTCACACGC-1"
11.547953190837,1.04582727005092,"TGTATTCGTCACCTAA-1"
-2.3742660855912,-2.85916995952519,"TGTATTCGTCAGAATA-1"
-1.49691670891273,-3.47550201366337,"TGTATTCGTGACAAAT-1"
-3.24246495720375,4.67683625270931,"TGTATTCTCACGGTTA-1"
-4.31533664223182,-0.0615620906153538,"TGTATTCTCAGATAAG-1"
-2.6199993466996,-3.18688964794072,"TGTATTCTCAGGCAAG-1"
-1.5137148475312,0.882703274985232,"TGTATTCTCCAAGCCG-1"
-2.30694287773597,-3.12068748424443,"TGTATTCTCCGGGTGT-1"
-1.95484369751442,0.891116560002246,"TGTATTCTCGAGCCCA-1"
-0.749746499028087,-1.56995153377446,"TGTATTCTCGCGTTTC-1"
-0.760014084544063,-1.83528780887517,"TGTATTCTCGGAGGTA-1"
10.3226562166549,1.88214290191738,"TGTATTCTCTCGCATC-1"
0.0379948044158217,-1.77173685977849,"TGTCCCAAGCCACCTG-1"
-3.03741138931739,4.34652614643184,"TGTCCCAAGCGCTTAT-1"
8.35696274283898,-0.341545462111554,"TGTCCCAAGGTGTTAA-1"
-4.60720795151222,1.23168009569255,"TGTCCCAAGTGTCCCG-1"
-3.58363407608497,-0.746665596465192,"TGTCCCAAGTTAGGTA-1"
-2.23810273167121,-1.63310766170414,"TGTCCCACAGTTAACC-1"
8.66856533530724,1.23465532114116,"TGTCCCACATCGGAAG-1"
2.15898353103173,0.196070760985293,"TGTCCCACATGGTTGT-1"
1.15426832679284,-1.11168825576695,"TGTCCCAGTAAATGTG-1"
-0.689072695937038,-2.07261514614018,"TGTCCCAGTAGTGAAT-1"
-1.67913269754875,-1.39542829940709,"TGTCCCAGTCCATCCT-1"
2.0317979479171,-0.171532988051496,"TGTCCCAGTCGGATCC-1"
-1.93660741802681,0.385499589641967,"TGTCCCAGTTAAGTAG-1"
-1.11291187014806,-2.7296235556403,"TGTCCCAGTTCGTGAT-1"
-4.38248032089698,0.278114557763018,"TGTCCCATCACCTTAT-1"
11.2625356340743,0.383545838793196,"TGTCCCATCACTTATC-1"
0.253539266619801,-0.771299004057965,"TGTCCCATCCCTCAGT-1"
9.84065109733117,0.538167477150836,"TGTCCCATCCGAACGC-1"
-0.83762930091846,-0.528469979266248,"TGTCCCATCGGGAGTA-1"
0.344335022006154,0.797986656924166,"TGTCCCATCTTGTATC-1"
-3.39670341965187,2.68163061191646,"TGTGGTAAGAATCTCC-1"
9.7417588854171,1.43037688781826,"TGTGGTAAGAGGGCTT-1"
-1.32585748788345,-3.31594181011113,"TGTGGTAAGGTGATTA-1"
10.5645156526901,-0.239660799006543,"TGTGGTAAGGTTACCT-1"
11.0491042757369,1.20124518920986,"TGTGGTAAGTAGTGCG-1"
11.3622804308273,1.35898643781749,"TGTGGTACAATAGCGG-1"
8.50807053092492,0.0746963923176907,"TGTGGTACAGAAGCAC-1"
3.79318958762658,-4.64448380420598,"TGTGGTACAGCCTGTG-1"
-1.99281126018989,3.58512783100215,"TGTGGTACAGCCTTGG-1"
2.30741554740441,0.243981525798716,"TGTGGTACATGGATGG-1"
-1.37425720449913,-3.44812560031804,"TGTGGTACATTACGAC-1"
-1.91526770349968,0.939266503353991,"TGTGGTAGTAACGTTC-1"
1.51368433478844,0.500448599954524,"TGTGGTAGTCACAAGG-1"
-3.24895637985694,-2.77360606143864,"TGTGGTAGTGCACTTA-1"
-5.06829064842689,0.303523988028445,"TGTGGTAGTTCACCTC-1"
-3.23162930962074,-1.09892678211125,"TGTGGTAGTTCACGGC-1"
-1.92332678791511,2.21500337173549,"TGTGGTAGTTGTACAC-1"
-1.90921443459022,1.36697810937969,"TGTGGTAGTTTGTGTG-1"
-2.15322476383674,-1.58011758277806,"TGTGGTATCACAGTAC-1"
10.9276748323776,0.412158256893434,"TGTGGTATCACCATAG-1"
-0.334499475922466,-1.24012482116612,"TGTGGTATCACTATTC-1"
-1.46279459949958,-0.710490703085981,"TGTGGTATCCAAGCCG-1"
-0.905890842344642,-1.91995215366276,"TGTGGTATCCTCAATT-1"
-1.64218932148445,3.11684894611446,"TGTGGTATCGTACGGC-1"
-4.6206883763932,-1.4078085417548,"TGTGGTATCTAACTGG-1"
1.02027565482628,-2.08522033641728,"TGTGGTATCTTGTCAT-1"
-0.688851443495632,-1.40163862655552,"TGTGTTTAGAACTCGG-1"
9.94633728507531,1.21513414432613,"TGTGTTTAGACAGGCT-1"
-1.35755282398689,1.46191251327602,"TGTGTTTAGACCTAGG-1"
-0.64679983016479,-1.9917199606696,"TGTGTTTAGACGCAAC-1"
9.71413284781945,1.28998005439846,"TGTGTTTAGATGTCGG-1"
-2.24989002701271,0.912312508126178,"TGTGTTTAGCACGCCT-1"
-4.93759459015358,-0.161004900435529,"TGTGTTTAGCCCGAAA-1"
-0.12062310930717,2.34598040630428,"TGTGTTTAGTCATGCT-1"
0.785217466387868,-1.71392369220646,"TGTGTTTCAAACGTGG-1"
-3.47219699379432,-0.233988821009717,"TGTGTTTCAACACGCC-1"
-4.63673108574379,1.49356246044246,"TGTGTTTCAAGTTGTC-1"
-0.553934333290935,-1.17791044662388,"TGTGTTTCAATGACCT-1"
-4.13018792625892,2.96648955394832,"TGTGTTTCAATGCCAT-1"
-1.67814403530586,1.15563988735286,"TGTGTTTCAATGGATA-1"
1.96545416358483,1.96509826232997,"TGTGTTTCACACATGT-1"
-0.656981793608547,0.50597403993217,"TGTGTTTCACCAGCAC-1"
-2.94166165348518,-3.17498922298344,"TGTGTTTCAGAAGCAC-1"
-1.054976304438,-1.69442701290043,"TGTGTTTCAGCTCGCA-1"
-1.97245722767341,-2.13678669879826,"TGTGTTTCAGGTCCAC-1"
-2.20160478111732,-2.92139768550786,"TGTGTTTCATCCGGGT-1"
7.8195405626632,1.84899449398128,"TGTGTTTGTCGGCTCA-1"
1.49367815497887,0.189201370378413,"TGTGTTTGTCTGGAGA-1"
8.4252887392379,1.40695214321224,"TGTGTTTGTCTGGTCG-1"
-4.91944259163368,1.36291462232677,"TGTGTTTGTTCAGCGC-1"
-1.77952450272071,-2.19044804523381,"TGTGTTTGTTCCTCCA-1"
-2.30985814091194,1.42536163379756,"TGTGTTTGTTGTTTGG-1"
-0.761586067643047,-1.4351522917548,"TGTGTTTTCACGCGGT-1"
9.62030273917687,-0.388619839648328,"TGTGTTTTCAGGTTCA-1"
-0.157064316239238,-0.0485885138312199,"TGTGTTTTCAGTGTTG-1"
-4.1341378068589,-4.14740824649724,"TGTGTTTTCCAACCAA-1"
-4.37534683701027,0.861360133191027,"TGTGTTTTCCCATTTA-1"
-1.34670775887001,-3.52470588634404,"TGTGTTTTCCCTTGTG-1"
-3.24827569481361,4.61483883907405,"TGTGTTTTCCGTAGTA-1"
-2.0802283858918,-4.19559025714787,"TGTGTTTTCCTATGTT-1"
-0.371127304997325,-2.95683956096562,"TGTGTTTTCGTGGTCG-1"
-0.870086555745483,-0.268324076632581,"TGTGTTTTCTAACTTC-1"
10.8550363207198,1.22971338083354,"TGTGTTTTCTCTAAGG-1"
-0.882908215191245,-1.35791456649693,"TGTTCCGAGAAGCCCA-1"
-0.653698054518581,10.1211354737481,"TGTTCCGAGAATAGGG-1"
-2.94457906242836,-1.42561578700932,"TGTTCCGAGACAGGCT-1"
-0.047879872288585,-1.89399719188603,"TGTTCCGAGATCGATA-1"
0.0721232319213149,-2.36417460391911,"TGTTCCGAGCAATATG-1"
0.812412681613087,2.56264281322566,"TGTTCCGAGCGGATCA-1"
0.0815221691466567,-0.322476624945722,"TGTTCCGAGCGGCTTC-1"
-4.09608548637855,-3.16329026172551,"TGTTCCGAGGAATTAC-1"
2.4572346830703,1.45404994537441,"TGTTCCGAGGAGTTTA-1"
-0.149879393544078,-1.23718011329564,"TGTTCCGAGGCACATG-1"
-2.16593700405586,-3.80847096393498,"TGTTCCGAGGGATACC-1"
-0.983670457176894,-1.3793901200095,"TGTTCCGAGTACGACG-1"
-5.95324700829017,0.386717401941695,"TGTTCCGAGTGGGTTG-1"
-2.1387947177552,-1.23681700179966,"TGTTCCGCACGGCGTT-1"
-3.49462145325172,-2.87611961315068,"TGTTCCGCATATGGTC-1"
-3.81221526619422,3.24758195926754,"TGTTCCGCATGGTAGG-1"
-0.545308676924587,2.84250354816524,"TGTTCCGGTAAAGTCA-1"
-0.742877600159526,11.4223935609063,"TGTTCCGGTCACACGC-1"
-3.44611423965919,2.18277299453823,"TGTTCCGGTCATATGC-1"
-3.13714021202552,-3.705883740882,"TGTTCCGGTCTAGTGT-1"
-2.43721562382209,3.64428019573299,"TGTTCCGGTGAAATCA-1"
0.175473752055287,-1.07568359325322,"TGTTCCGTCCAGAGGA-1"
-0.674518344368816,-3.06122088382634,"TGTTCCGTCCGCGGTA-1"
-5.37159198280799,-1.43845033595952,"TGTTCCGTCCGTTGTC-1"
1.98959094527733,1.35954982091991,"TGTTCCGTCTCAACTT-1"
-0.869630706872821,-1.81864643047246,"TGTTCCGTCTGCGGCA-1"
-2.71975916382301,-0.969538926581464,"TGTTCCGTCTTGTTTG-1"
9.63278252128136,0.709153533478656,"TTAACTCAGATGCCTT-1"
-2.91895872112739,-1.0988292689124,"TTAACTCAGATGTGGC-1"
10.7585645342208,0.822259128590503,"TTAACTCAGCCTTGAT-1"
-3.11741727348793,-3.05030035922917,"TTAACTCAGCTGTCTA-1"
3.95107275489342,-4.7332799429694,"TTAACTCAGGTGCACA-1"
-4.44016879555214,-3.51893758724125,"TTAACTCAGTAGGCCA-1"
-0.706072536673427,10.0178420548638,"TTAACTCCAAGAAAGG-1"
-3.69597285744178,-0.227417289713941,"TTAACTCCACCGAATT-1"
10.0698209429122,-0.47925382802876,"TTAACTCCACGGTGTC-1"
0.0895944261885878,-1.00358033130559,"TTAACTCCAGTCAGAG-1"
-5.13602488991249,1.30380386163799,"TTAACTCCATATACGC-1"
-1.3742786025666,0.131297410031237,"TTAACTCCATCTACGA-1"
9.82142502311242,-0.730987071494184,"TTAACTCGTACAAGTA-1"
-3.80443519112098,-1.44114983032139,"TTAACTCGTACAGCAG-1"
10.5058293962814,-1.9763653273383,"TTAACTCGTGGTAACG-1"
-3.96024101730812,-3.85272717426213,"TTAACTCGTGTGTGCC-1"
-1.88570827003944,0.831365883847155,"TTAACTCGTTCCCGAG-1"
-5.18373960014808,2.08460032989589,"TTAACTCTCACATGCA-1"
-2.25277167316902,4.43369269420711,"TTAACTCTCACGCATA-1"
-3.47519916054237,2.47605633785335,"TTAACTCTCAGTGTTG-1"
9.89984375480187,2.2852952485284,"TTAACTCTCAGTTGAC-1"
-5.43929666038978,1.73767125656215,"TTAACTCTCATCGGAT-1"
1.51745349410546,-0.287564634780011,"TTAACTCTCCCTCTTT-1"
-5.01545279976356,-2.67652392337712,"TTAACTCTCCGCAGTG-1"
-4.77627056595314,-3.10679817150029,"TTAACTCTCCGCATAA-1"
10.1430431032516,2.32004368354885,"TTAACTCTCCTAAGTG-1"
-2.73150676247108,-3.94620919177922,"TTAACTCTCCTCTAGC-1"
-2.51965325829017,4.76527905513851,"TTAACTCTCCTGTACC-1"
-1.14532904085147,0.689860851069369,"TTAACTCTCGCGTTTC-1"
2.39993292335045,0.4514099811515,"TTAGGACAGAAGGCCT-1"
1.99580294135582,0.0825412874421261,"TTAGGACAGACAATAC-1"
-0.11341708656776,11.3097789292535,"TTAGGACAGAGACGAA-1"
11.3326516771652,1.07076770116893,"TTAGGACAGCTGAAAT-1"
-4.67216962334144,2.13827073623744,"TTAGGACAGCTGATAA-1"
-2.04285353180397,-0.388848125437818,"TTAGGACAGGAGTAGA-1"
7.85625034812462,1.58812034179775,"TTAGGACAGGCTCAGA-1"
1.84110981467736,0.044625074168124,"TTAGGACAGGTGGGTT-1"
-1.18228474017608,-0.844475745658002,"TTAGGACAGTAGTGCG-1"
-1.6261683678292,-0.395340024928174,"TTAGGACAGTGTCCCG-1"
0.0516058826781508,-2.48420381496342,"TTAGGACCAACTGCTA-1"
-2.58076029774177,-1.51550018737706,"TTAGGACCAAGCCCAC-1"
-5.04154056068885,1.25147682478038,"TTAGGACCAGATGGCA-1"
-1.13511413094032,2.1266916995248,"TTAGGACCAGTACACT-1"
-4.21064418312538,-3.00638675640019,"TTAGGACCATGTCCTC-1"
0.180365982089162,-1.38536179016026,"TTAGGACGTAAGTTCC-1"
-5.58801167961586,1.73335743000118,"TTAGGACGTCATCGGC-1"
-2.85646265503395,-3.8028018469611,"TTAGGACGTCTAACGT-1"
0.665369691882252,-1.4537811274329,"TTAGGACGTCTAGGTT-1"
-3.90122550484169,-3.84924769351872,"TTAGGACGTGCTGTAT-1"
-0.942380917634845,-1.73456978748234,"TTAGGACGTGGCTCCA-1"
-0.539394763674617,1.29992795040218,"TTAGGACGTGTGGTTT-1"
9.68073421958458,1.42943906833736,"TTAGGACGTTCACGGC-1"
1.38625127318871,0.660811782380023,"TTAGGACTCATTCACT-1"
-3.98581021782386,-3.22295951793583,"TTAGGACTCCGATATG-1"
-2.95509642120826,-1.42017126033696,"TTAGGACTCGCCATAA-1"
10.2275853777267,0.0474807028969906,"TTAGGACTCTCCAGGG-1"
-1.66822761055458,-1.26230859706791,"TTAGGCAAGAACTCGG-1"
7.92275768760216,1.27158069660274,"TTAGGCAAGACCCACC-1"
-4.54993599411476,1.15106576730815,"TTAGGCAAGAGACGAA-1"
8.91419083121789,-0.909995197753034,"TTAGGCAAGATATGCA-1"
-3.85662263390052,-0.547278701762281,"TTAGGCAAGGGCATGT-1"
-4.53549426552284,2.97575449993221,"TTAGGCAAGGGTTCCC-1"
9.27303558829796,3.24495577861873,"TTAGGCACAAGCCGCT-1"
0.993358435664296,1.36716240694133,"TTAGGCACAAGCCTAT-1"
-4.46716016289222,-1.28608584354313,"TTAGGCACAAGGTTCT-1"
10.7187457704879,1.25245809604732,"TTAGGCACACATGGGA-1"
-4.22656219955909,-2.84761142681035,"TTAGGCACACTGTGTA-1"
-1.35200541969764,-0.0493240053454258,"TTAGGCACAGATCTGT-1"
-3.57459109779823,0.103882134457507,"TTAGGCACATAAGACA-1"
11.0530114794112,0.608998209734835,"TTAGGCACATGATCCA-1"
11.0231004381515,0.49842989494411,"TTAGGCACATTCCTCG-1"
-3.23328417297828,3.21000099231807,"TTAGGCAGTACTTGAC-1"
-1.30439126249778,2.49524426509944,"TTAGGCAGTCAACTGT-1"
-3.89192718025672,-0.516562997798047,"TTAGGCAGTGACGCCT-1"
10.1964879656173,-1.52748095939549,"TTAGGCAGTGAGGGTT-1"
1.18255836013329,0.224219799538531,"TTAGGCAGTGCACGAA-1"
0.164336862597584,11.7831580643853,"TTAGGCAGTTACCGAT-1"
-0.553960529532314,-1.60305547664555,"TTAGGCAGTTCGAATC-1"
3.904522004161,-4.55509686420353,"TTAGGCAGTTGCGCAC-1"
-3.51255696770179,3.81150794078914,"TTAGGCATCAAGAAGT-1"
2.23054176810753,0.304291584094443,"TTAGGCATCACGGTTA-1"
2.39132553580773,0.282252043982425,"TTAGGCATCATGCTCC-1"
-1.42846613880622,1.46318733741847,"TTAGGCATCCTTCAAT-1"
1.16457563880455,-0.0293802614012577,"TTAGGCATCCTTTACA-1"
-1.34513967987525,-1.26760327766331,"TTAGGCATCGGCGCAT-1"
0.0198788071013686,-2.31847119281682,"TTAGGCATCGGCGCTA-1"
2.1802161360122,0.99822157671062,"TTAGGCATCGTCTGCT-1"
8.66766029838097,-0.841927647093854,"TTAGGCATCGTTACGA-1"
-1.66654193159568,-2.74019646594914,"TTAGGCATCTACTTAC-1"
2.19892031196129,1.75565230896083,"TTAGGCATCTGAGGGA-1"
-4.16718619820106,0.849572718640246,"TTAGGCATCTGCGTAA-1"
-0.387072441544414,0.396473752831497,"TTAGGCATCTTGACGA-1"
-3.0049394940995,4.38951492359249,"TTAGTTCAGAAGGTTT-1"
-2.62421899792182,-1.13060295532139,"TTAGTTCAGAGTCGGT-1"
-4.15383499618995,3.3758862023553,"TTAGTTCAGCAGATCG-1"
-3.94996589180458,-2.8673565382758,"TTAGTTCAGTGTGGCA-1"
1.92834979537499,0.800667822857775,"TTAGTTCAGTTGAGTA-1"
-4.90405887123573,1.62707531501857,"TTAGTTCCAAATACAG-1"
1.49078136924279,0.213995636006274,"TTAGTTCCAACGATCT-1"
-3.10912030693519,-0.7583637232581,"TTAGTTCCAAGGTGTG-1"
-5.15489238258827,-1.35860454986485,"TTAGTTCCACAGCGTC-1"
-4.23483627792823,-2.72818374584111,"TTAGTTCCACATGACT-1"
-0.847494435872913,-0.504212200144849,"TTAGTTCCACTTAACG-1"
-2.64774507042396,-0.328064441184125,"TTAGTTCCAGCCAATT-1"
-3.98249858376014,0.801082343359866,"TTAGTTCCAGGCGATA-1"
-1.6512007689141,-1.6195173258582,"TTAGTTCCAGGGCATA-1"
-2.27705484386909,-3.91626238773259,"TTAGTTCCATCTATGG-1"
8.20444923881066,1.78438317825405,"TTAGTTCCATGCCCGA-1"
9.61583954337609,-1.65259885738286,"TTAGTTCCATGCGCAC-1"
-4.37615006920326,1.15882474233715,"TTAGTTCGTAGCGCAA-1"
-0.770463881459117,-0.616508244971357,"TTAGTTCGTCATACTG-1"
2.57701355460656,1.206285536786,"TTAGTTCGTCCATGAT-1"
-4.80701774116981,-2.66256165454777,"TTAGTTCGTCTCAACA-1"
-0.838075277771831,0.359164611001887,"TTAGTTCGTGAAGGCT-1"
-4.00862186905372,-2.28333044002446,"TTAGTTCGTGAGGGAG-1"
-2.61874657627571,-2.33211278865727,"TTAGTTCGTGCTCTTC-1"
-2.88540953155983,-0.874937176207624,"TTAGTTCTCATGTCTT-1"
-5.21543878075111,-1.26469170997532,"TTAGTTCTCCACGTTC-1"
1.46324616912377,0.484437510867991,"TTAGTTCTCCTGTAGA-1"
-4.41040867325294,-0.555414497355542,"TTAGTTCTCGCAAACT-1"
-2.81603258606422,-1.49790751884373,"TTAGTTCTCGGATGTT-1"
1.25625235084069,-1.22519183109196,"TTAGTTCTCGGTCCGA-1"
-1.4464965736531,2.40553546001522,"TTAGTTCTCTCAAACG-1"
-1.50805812832344,0.959923923512378,"TTAGTTCTCTCGATGA-1"
-2.19181531425941,-1.52092361400517,"TTAGTTCTCTTGCCGT-1"
10.9000716829635,-0.495310246447644,"TTATGCTAGACAAAGG-1"
0.0360237980223891,-2.50095367381962,"TTATGCTAGAGGTAGA-1"
-2.50817447659004,4.57154870082942,"TTATGCTAGGGTCGAT-1"
0.819656910929799,-1.08663225124272,"TTATGCTAGGTGATTA-1"
-1.83513551708686,-0.59185570428761,"TTATGCTCAAACTGCT-1"
2.97851974013817,-3.87429165790471,"TTATGCTCAAATCCGT-1"
-4.49742787834632,-3.61100554416569,"TTATGCTCACAACGCC-1"
-4.2189971780442,1.58453464557735,"TTATGCTCACGGTAAG-1"
0.188626589808583,-0.966557979086957,"TTATGCTCAGCCAGAA-1"
-2.36731201168525,-3.39623832652958,"TTATGCTCATTCACTT-1"
-3.68829124924171,-2.83171439121159,"TTATGCTGTCGGCACT-1"
-0.728526977267146,10.5435874467096,"TTATGCTGTCTGGAGA-1"
-4.32006400581825,-1.93791413257512,"TTATGCTGTCTTCAAG-1"
8.61403042319787,-0.232569097975812,"TTATGCTGTGATGATA-1"
9.65914684775841,0.148579538365283,"TTATGCTGTGTAACGG-1"
-4.90527218338478,1.25391644289104,"TTATGCTGTGTGACGA-1"
10.2008615160323,1.15137022783367,"TTATGCTGTTACGCGC-1"
9.7513671541549,-0.667165040473066,"TTATGCTGTTCAGCGC-1"
-1.15741359945762,-0.955951094130597,"TTATGCTGTTGATTCG-1"
10.1111226702071,-0.117071389655194,"TTATGCTGTTGCGTTA-1"
10.3615022325851,1.38291871597377,"TTATGCTTCAACCAAC-1"
-4.37796276566017,0.45204404791204,"TTATGCTTCGCGATCG-1"
-2.05985218044746,-1.4135857815543,"TTATGCTTCGTTTAGG-1"
0.791406574282765,2.00112557460872,"TTATGCTTCTAACTCT-1"
-3.03085583206642,-1.25793123195561,"TTATGCTTCTATCGCC-1"
1.67218357566369,0.321143895884433,"TTATGCTTCTCTGTCG-1"
10.6702066088058,0.778989315529742,"TTATGCTTCTTCATGT-1"
-0.179594871964336,-3.29103851268681,"TTCCCAGAGAGTAATC-1"
-2.86925130840766,1.25690180112926,"TTCCCAGAGCTAGGCA-1"
-5.27883189674842,-0.181534826258741,"TTCCCAGAGGACATTA-1"
-4.76987784859169,2.59619021465389,"TTCCCAGAGTTAAGTG-1"
-0.914913100566745,0.933423996468463,"TTCCCAGCAACTGCTA-1"
-1.12396254893768,1.74546968986598,"TTCCCAGCAAGGTTTC-1"
1.42013269904625,-1.74259781787785,"TTCCCAGCACAACGCC-1"
10.9211545610763,0.359395295878329,"TTCCCAGCACGAAGCA-1"
-1.2284998869561,0.827530324955859,"TTCCCAGCAGCATACT-1"
-4.47531169411171,-0.664906858901105,"TTCCCAGCATTTGCCC-1"
-0.933993243988633,-1.29127633521946,"TTCCCAGGTAAGTAGT-1"
-0.818279755678058,-3.40387487361821,"TTCCCAGGTACGAAAT-1"
8.50029903892052,-0.360190748671613,"TTCCCAGGTCGCTTCT-1"
9.39433151725304,0.633698374529757,"TTCCCAGTCAAACCGT-1"
10.5760131502486,0.0430054967602871,"TTCCCAGTCAAGCCTA-1"
-4.56911152359474,2.84262800266353,"TTCCCAGTCAGTACGT-1"
-2.5031254863404,3.3448598389825,"TTCCCAGTCGGCCGAT-1"
9.9664607668258,0.380458638568797,"TTCCCAGTCGGCGCAT-1"
-3.60843604561317,-1.48332345436009,"TTCCCAGTCTCGTTTA-1"
-1.57382261511314,-1.97903442333134,"TTCCCAGTCTGCGTAA-1"
-2.98058634754646,3.13973331501094,"TTCCCAGTCTTCCTTC-1"
-4.71115702148902,-1.64390110919865,"TTCGAAGAGAAAGTGG-1"
-0.469056127037883,-1.40586256931218,"TTCGAAGAGCAGATCG-1"
-1.62936329599845,3.71347546627132,"TTCGAAGAGCTCCTTC-1"
-0.359673676457286,-0.927343964079938,"TTCGAAGAGCTTCGCG-1"
-1.69113498684394,3.01519250919429,"TTCGAAGAGGACTGGT-1"
-0.194414494004131,-1.13474547813328,"TTCGAAGAGGCGATAC-1"
-3.09405272957313,-1.88085889766606,"TTCGAAGAGGCTAGAC-1"
-5.03712790962684,-2.43104243228825,"TTCGAAGAGGTACTCT-1"
3.69582039359581,-4.66094374606999,"TTCGAAGAGGTGTGGT-1"
-0.691944179501415,-0.340761601428113,"TTCGAAGAGTATCTCG-1"
3.88096672538292,-4.52766251514348,"TTCGAAGAGTGGTAGC-1"
-1.08551932629573,-0.782032966116986,"TTCGAAGCAAAGCGGT-1"
-2.93231314178932,-1.21190798232945,"TTCGAAGCAAGTTGTC-1"
-3.16896575447547,-3.58181762645634,"TTCGAAGCACAGGCCT-1"
0.245305838618397,11.8819873337945,"TTCGAAGCAGTGAGTG-1"
-1.98974281307685,2.51505041172115,"TTCGAAGCATCCCACT-1"
3.74065453055871,-4.44223761508854,"TTCGAAGCATCGGGTC-1"
-2.80026954170692,-1.04181110809239,"TTCGAAGCATGTTGAC-1"
1.55103498939049,1.64544391681758,"TTCGAAGCATTCTTAC-1"
-2.00971001144874,-3.97064757297429,"TTCGAAGGTATAAACG-1"
-4.82806795593727,1.33556407739727,"TTCGAAGGTCCAAGTT-1"
0.117979946169972,-0.199892699221692,"TTCGAAGTCAAACAAG-1"
-2.54866868015754,-4.02298378894719,"TTCGAAGTCACAGGCC-1"
-5.03931373116005,0.7190971975526,"TTCGAAGTCACATACG-1"
10.4675851488448,-0.729401468733869,"TTCGAAGTCCTTTACA-1"
10.2301059389449,-0.981411814192853,"TTCGAAGTCGTCACGG-1"
-0.975004778619886,-1.1911337370673,"TTCGAAGTCTAACTCT-1"
1.96996122840416,-0.270055114726148,"TTCGAAGTCTCGATGA-1"
1.83666354659569,1.23959296991436,"TTCGGTCAGACAAGCC-1"
-1.88977145906913,-0.997338294486127,"TTCGGTCAGATCCTGT-1"
-1.94391208645332,2.7346565728387,"TTCGGTCAGCAGGCTA-1"
-1.92803185936439,-0.447227298716626,"TTCGGTCAGGATGGTC-1"
2.03164369109642,1.79101526786891,"TTCGGTCAGGTGCTTT-1"
-4.41276997086036,-3.07946133563908,"TTCGGTCAGGTTACCT-1"
0.163614215884328,0.662846684952655,"TTCGGTCCAATGAATG-1"
7.73489910605919,1.30084878255931,"TTCGGTCCACGGTAAG-1"
-1.82002049442756,-2.21748995731267,"TTCGGTCCAGACACTT-1"
-4.03350466248024,-0.352633773783765,"TTCGGTCCAGGTGCCT-1"
-1.75462257620323,-3.02002668331059,"TTCGGTCCAGTATCTG-1"
-1.89946120735633,-3.54112338970097,"TTCGGTCCAGTCTTCC-1"
-1.88001328464973,0.146536052723803,"TTCGGTCCATCGGGTC-1"
-0.960066336583376,10.9739396577081,"TTCGGTCCATCGGTTA-1"
-2.1829385137223,1.03106653740016,"TTCGGTCCATCTATGG-1"
10.497626843486,1.44472920944301,"TTCGGTCCATGTCCTC-1"
-4.99654000755775,-2.01829767177495,"TTCGGTCGTCTCGTTC-1"
-2.20177191254127,-1.2997330422202,"TTCGGTCGTGCCTGGT-1"
9.93389946464074,2.20862221767513,"TTCGGTCGTTCAGTAC-1"
-2.33788102623451,-0.583929597834668,"TTCGGTCGTTGGTGGA-1"
11.1421800279952,1.2210788135728,"TTCGGTCGTTTCCACC-1"
-4.11739104744423,-1.01975405166539,"TTCGGTCTCAATCTCT-1"
-3.32091206070411,-1.48015832851323,"TTCGGTCTCAGAGACG-1"
-4.16370004173744,-0.682347774008832,"TTCGGTCTCCAAGCCG-1"
-4.66947740074623,-0.430301725367627,"TTCGGTCTCGTACGGC-1"
10.3231988573409,-1.15749621341618,"TTCGGTCTCTAACTTC-1"
2.347801508937,1.43295300056545,"TTCTACAAGAACTGTA-1"
-3.42748421188819,-3.85320258090886,"TTCTACAAGAATGTGT-1"
-4.79751795288551,0.518437564869799,"TTCTACAAGAATTGTG-1"
-2.82263821121681,-3.3892869944373,"TTCTACAAGCTCCTTC-1"
-3.21416920181739,-1.05683422038945,"TTCTACAAGTACACCT-1"
-0.559519258704067,-1.82960700939091,"TTCTACACAAAGAATC-1"
11.0198064470626,-0.471633135775647,"TTCTACACAAGACACG-1"
-2.48338287827003,2.93122720768062,"TTCTACACATAACCTG-1"
11.2384668016769,-0.255965411166272,"TTCTACACATCCAACA-1"
2.18836552146447,0.0191495721539638,"TTCTACACATCCCATC-1"
-0.119333205189586,2.49393653919307,"TTCTACACATGGTTGT-1"
-1.34063401576507,3.3101918702325,"TTCTACAGTACCGAGA-1"
-5.68387692924964,-0.274925112227521,"TTCTACAGTATAATGG-1"
-2.38385659214485,0.107903808852114,"TTCTACAGTCAGATAA-1"
1.32166153434288,0.230509445568003,"TTCTACAGTCAGTGGA-1"
-2.34139114376533,-0.77665042827519,"TTCTACAGTCGACTAT-1"
0.712445678744435,0.424832616498151,"TTCTACAGTCGGCATC-1"
10.7030873918868,1.34652978231517,"TTCTACAGTCTGGTCG-1"
11.2469430590011,0.718055695792117,"TTCTACAGTGAAATCA-1"
-1.78928893562782,-2.60330295513066,"TTCTACAGTGGCCCTA-1"
0.342034163508534,-0.742545961836896,"TTCTACATCACTCTTA-1"
-4.7966236447953,-0.0509671563902714,"TTCTACATCTAACTGG-1"
10.6076837206222,0.985078573723712,"TTCTACATCTTGTACT-1"
-3.90988415237892,-2.7482683653632,"TTCTCAAAGAGACTAT-1"
2.397273125682,1.04751110126583,"TTCTCAAAGCTGCGAA-1"
10.0732808733321,-0.219896196822248,"TTCTCAAAGCTGTTCA-1"
-0.753761810626865,-1.79768919895085,"TTCTCAAAGGCTCATT-1"
-4.51570075508583,-3.69813036868962,"TTCTCAAAGGTGTTAA-1"
9.89975220206749,-1.15186715076359,"TTCTCAAAGTAACCCT-1"
-1.41716927048194,-1.02271544883641,"TTCTCAAAGTGGGATC-1"
2.15493017676842,0.220613047977366,"TTCTCAAAGTTGAGTA-1"
-0.399524269070506,0.934283912678637,"TTCTCAACAAGCCCAC-1"
-3.03548735138404,-3.44510865161809,"TTCTCAACAAGTACCT-1"
-2.05511551853645,-3.49294996211918,"TTCTCAACACAGCGTC-1"
1.12496859076989,-0.562724232176862,"TTCTCAACACCCATGG-1"
-0.373944160904765,-1.7124071116248,"TTCTCAACACCGAATT-1"
-1.02860114481676,-0.562274634341321,"TTCTCAACACTACAGT-1"
-0.486057159867168,1.22018688966838,"TTCTCAACAGTCTTCC-1"
-0.942894158329845,-1.73988175342473,"TTCTCAACATGCTAGT-1"
8.1240420961715,1.28632623006908,"TTCTCAACATGTTGAC-1"
0.665041508708119,-1.72771859119328,"TTCTCAACATTTGCCC-1"
11.5725818300582,0.502902150650897,"TTCTCAAGTAAGAGAG-1"
-3.56190627571571,4.14623498966304,"TTCTCAAGTCATTAGC-1"
-4.63210457321632,0.111281693478503,"TTCTCAAGTGCCTTGG-1"
-2.83505016323555,-0.941006421546064,"TTCTCAAGTGCTCTTC-1"
-4.41956823822486,-0.889104723433576,"TTCTCAAGTTATCCGA-1"
10.2912479067184,-0.280800342063031,"TTCTCAAGTTGTCGCG-1"
10.9609685564376,0.546333000560679,"TTCTCAATCAACGCTA-1"
9.988910260234,0.451691084106841,"TTCTCAATCAATCACG-1"
-2.31861775871742,3.198257923623,"TTCTCAATCACGGTTA-1"
-3.83797019478309,3.95340585758296,"TTCTCAATCATAGCAC-1"
-1.76243632790077,-0.149598121146283,"TTCTCAATCCAATGGT-1"
1.53107744697106,1.02602529575435,"TTCTCAATCCACGCAG-1"
-1.54597705360878,-0.0480140442648747,"TTCTCAATCCCACTTG-1"
-1.09605132546651,11.1432511811456,"TTCTCAATCCGAATGT-1"
8.43496567252648,-0.209567367533765,"TTCTCAATCGAGAACG-1"
-2.42954641338813,0.688231796523013,"TTCTCAATCGCATGAT-1"
10.3130794191695,-0.45198833892735,"TTCTCAATCGCGTTTC-1"
-2.96760731693733,0.0792365973195217,"TTCTCAATCTGCTGTC-1"
-4.56758683678138,0.532982320090213,"TTCTCCTAGAAGGTTT-1"
0.288045229945302,-1.78274655292424,"TTCTCCTAGAATGTGT-1"
1.21114188674462,0.888882995148577,"TTCTCCTAGAGCTGCA-1"
0.637058677706837,-1.51951694438847,"TTCTCCTAGGATTCGG-1"
8.6608548784591,-0.904294132689557,"TTCTCCTAGTTGTAGA-1"
-2.906104741063,2.13472068359462,"TTCTCCTCAACACCCG-1"
8.72621590140831,4.06264090587703,"TTCTCCTCAACACGCC-1"
3.72476393226159,-4.50995993564518,"TTCTCCTCAAGCTGGA-1"
-2.33913236614692,1.08207809974758,"TTCTCCTCACACCGAC-1"
9.59954315665734,-1.67078900287541,"TTCTCCTCACCAGATT-1"
-1.46323898192871,1.47377371837703,"TTCTCCTCAGCTATTG-1"
10.152918400798,2.20764792015163,"TTCTCCTGTAAGGGAA-1"
10.1345096254684,-0.37448167751225,"TTCTCCTGTATAGGTA-1"
-2.09510117527473,-3.01367330501469,"TTCTCCTGTCTAGCGC-1"
0.567817988429188,-1.25150525520237,"TTCTCCTGTGACTACT-1"
9.72125202659142,1.01607561161129,"TTCTCCTTCACAGTAC-1"
-0.831851852502704,3.01106405307857,"TTCTCCTTCAGCATGT-1"
-3.41669720169532,-1.36843633602055,"TTCTCCTTCATAAAGG-1"
9.28518539908898,3.20419931461421,"TTCTCCTTCATTTGGG-1"
0.835963907275319,-1.34903621623906,"TTCTCCTTCCGCGCAA-1"
3.83246428016198,-4.53535675952824,"TTCTCCTTCTATCCCG-1"
-0.34285086151588,-0.189310073355756,"TTCTCCTTCTCGCTTG-1"
0.684651913676381,1.6884900336465,"TTCTTAGAGAGCTATA-1"
-3.91348474976051,2.78033924152462,"TTCTTAGAGCGTGTCC-1"
-3.0473183965348,-3.02047967861088,"TTCTTAGAGGACATTA-1"
-3.40453999992836,3.29265260746089,"TTCTTAGAGTAAGTAC-1"
-5.46480077263343,0.0897524361809872,"TTCTTAGAGTGACTCT-1"
-0.978799027767063,2.67613601734249,"TTCTTAGAGTGCAAGC-1"
-3.98610990997779,-3.33211827228459,"TTCTTAGAGTTGAGTA-1"
-1.55734485146034,0.140164882441439,"TTCTTAGCACATTCGA-1"
-1.69207912441719,0.984639645119586,"TTCTTAGCACGACTCG-1"
8.46402698997033,1.17288929273693,"TTCTTAGCACGGATAG-1"
-3.50380843636024,0.667785048981585,"TTCTTAGCACTAAGTC-1"
-4.77527564522255,-2.70837569187077,"TTCTTAGCAGACTCGC-1"
-4.09663289543617,-3.309962987403,"TTCTTAGCAGCCAGAA-1"
8.15825706962121,1.74905324031917,"TTCTTAGCAGCCTTTC-1"
10.0483270311691,2.30776608039943,"TTCTTAGCATAAAGGT-1"
11.5021968508102,0.805323958893695,"TTCTTAGCATGCTAGT-1"
-5.596774039235,-0.46828347394856,"TTCTTAGCATTAGGCT-1"
10.3487630510665,-1.95085334728154,"TTCTTAGGTACAGACG-1"
3.63857704642785,-4.43392634342106,"TTCTTAGGTATATGAG-1"
-2.54955082890022,0.212755948801913,"TTCTTAGGTCGTCTTC-1"
8.23063427451623,-0.362653254965863,"TTCTTAGGTGAACCTT-1"
-4.01129883285987,-4.17508673618229,"TTCTTAGGTGGTTTCA-1"
-4.61370509621131,-2.2514479155341,"TTCTTAGTCACATACG-1"
-4.39035862442482,0.657095164557376,"TTCTTAGTCCACGTGG-1"
-3.69994729515541,4.06309366275875,"TTCTTAGTCGATGAGG-1"
10.1678968096114,0.349453770121016,"TTCTTAGTCTCCAACC-1"
-0.148898301091075,-0.507784127692304,"TTCTTAGTCTGAAAGA-1"
-3.54569142815101,-0.761908530692182,"TTCTTAGTCTGCAAGT-1"
2.23242408278954,1.64577174236385,"TTCTTAGTCTTCTGGC-1"
0.362828435931325,-1.75709581325444,"TTGAACGAGAAACCAT-1"
-2.49597054478157,-0.842842816809735,"TTGAACGAGGTGCAAC-1"
-1.96884923931587,-1.95006251285466,"TTGAACGAGTACGTTC-1"
11.2057853365279,-0.34515434453877,"TTGAACGAGTCGTACT-1"
2.36685449126732,-0.0862965280810215,"TTGAACGAGTGAACGC-1"
-1.45512106772888,1.00935292293636,"TTGAACGCAAAGAATC-1"
11.7197652483321,-0.555054664115033,"TTGAACGCACCGTTGG-1"
-2.09101205822456,-0.415121912459455,"TTGAACGCACGGTAGA-1"
-2.11553889271247,-3.5301094050208,"TTGAACGCAGATCGGA-1"
-2.66450780388343,1.24158024837581,"TTGAACGCATAGTAAG-1"
1.69310266021264,-0.681640862921796,"TTGAACGCATGACATC-1"
0.821680846247792,-1.78846907565983,"TTGAACGGTAAGAGAG-1"
1.19348961356652,0.901427239676394,"TTGAACGGTAGCCTAT-1"
10.3315187120773,2.00966489364711,"TTGAACGGTCCGACGT-1"
-3.38991921898353,-0.772421955565534,"TTGAACGGTGCCTGGT-1"
0.277864756617665,-2.12866949985417,"TTGAACGGTGTGCCTG-1"
-3.96328490730751,-3.39086008022221,"TTGAACGGTTAGGGTG-1"
-2.48776358124244,-0.82413291881474,"TTGAACGGTTATCCGA-1"
-3.43438070770729,3.8845965867242,"TTGAACGGTTCGGCAC-1"
-0.526058939661861,-1.73491239498051,"TTGAACGTCCACGTTC-1"
3.58065754416954,-4.41930985401066,"TTGAACGTCCGGCACA-1"
-1.48684078213203,-1.05597805927189,"TTGAACGTCCGGGTGT-1"
-4.95717948433387,2.40133512069789,"TTGAACGTCCTTAATC-1"
1.16143232825768,-1.14196789215001,"TTGAACGTCGTGACAT-1"
-3.31396645065773,-2.14960765788945,"TTGAACGTCTACGAGT-1"
-1.82435196396339,2.75302457859127,"TTGAACGTCTCATTCA-1"
2.32094007972252,-0.131412803629956,"TTGAACGTCTCGTTTA-1"
-3.02154606338966,-2.90216422031315,"TTGACTTAGGACTGGT-1"
-1.23651072141159,-3.23627185771855,"TTGACTTCAAGACACG-1"
1.77973968032372,1.61148154785243,"TTGACTTCAATGGATA-1"
-2.03519254681098,-1.16345071742924,"TTGACTTCACAGACTT-1"
-3.53706282135475,-1.49905049751194,"TTGACTTCACGTCAGC-1"
-5.02312272545326,0.871145815153994,"TTGACTTCAGCGATCC-1"
-3.17366927620399,1.05334353496639,"TTGACTTCATACTACG-1"
-4.00194400307167,-2.04983353565129,"TTGACTTCATTGGTAC-1"
1.69870072844994,1.62609553386775,"TTGACTTGTAATCGTC-1"
-0.868310605552078,0.740047395726123,"TTGACTTGTACAGACG-1"
-4.34087794777381,-2.36447811077031,"TTGACTTGTAGTAGTA-1"
2.71404820922387,0.92417782594768,"TTGACTTGTCCGTCAG-1"
-5.75482219215858,-0.624360680083356,"TTGACTTGTCGGCATC-1"
9.78094250205529,-0.437507748107038,"TTGACTTGTCTTCTCG-1"
1.28963619712365,-1.5159617657462,"TTGACTTGTGTTTGGT-1"
0.671085419688344,2.72025322963802,"TTGACTTGTTCCACGG-1"
-5.74941056725013,-2.09325575778874,"TTGACTTGTTGATTCG-1"
-4.28749173637855,-1.94803714702519,"TTGACTTGTTTGACAC-1"
-5.0205759381913,0.868261069556155,"TTGACTTTCAACCATG-1"
2.32026106360924,1.06858384658901,"TTGACTTTCACCATAG-1"
-5.31087344643104,-1.44641840408238,"TTGACTTTCAGAAATG-1"
1.86774665359032,-0.0487815136710026,"TTGACTTTCAGCTCGG-1"
-1.96572458502281,-2.43760013530644,"TTGACTTTCAGTGTTG-1"
1.62161356452477,1.40520668079463,"TTGACTTTCATGCAAC-1"
-3.47513693329322,0.059507042666354,"TTGACTTTCCCTAATT-1"
-1.18887290116775,-2.45304703662785,"TTGACTTTCCCTCTTT-1"
0.451031627688527,1.50491249610988,"TTGACTTTCCGCATAA-1"
-4.00044244286048,0.0494011645516537,"TTGACTTTCCTGCTTG-1"
-0.146694002117992,-0.359907030562482,"TTGACTTTCGGTTCGG-1"
-2.43290835377204,3.45061254551021,"TTGACTTTCTAACCGA-1"
9.27268940452111,0.450520266344228,"TTGACTTTCTGCGGCA-1"
-5.47081559654701,-2.49776554057988,"TTGCCGTAGCTTTGGT-1"
-5.00967687126625,1.97194039871303,"TTGCCGTAGGCGCTCT-1"
0.080538096461415,-1.50261402080449,"TTGCCGTAGTAAGTAC-1"
-2.05412989613044,0.0864931051930569,"TTGCCGTAGTATCGAA-1"
9.38376289847863,0.585106924672999,"TTGCCGTCAAGACGTG-1"
-1.75171553846824,-2.46766257236393,"TTGCCGTCAATCACAC-1"
-1.52223998066413,-0.369345962504468,"TTGCCGTCACCTGGTG-1"
0.154345812831044,-2.46158313701542,"TTGCCGTCATAGGATA-1"
1.71311027053368,2.32226419498531,"TTGCCGTGTACAGACG-1"
-4.31820791717994,0.75413250972835,"TTGCCGTGTGACAAAT-1"
-3.49919050690162,4.14004468967525,"TTGCCGTGTGTGAATA-1"
8.77932602408898,0.0803209846219204,"TTGCCGTGTTAGGGTG-1"
-1.77502447124946,-3.56997442195805,"TTGCCGTGTTCACCTC-1"
-0.0425406074188951,3.03120136310665,"TTGCCGTGTTGGAGGT-1"
-1.58439868446815,-0.27520406196507,"TTGCCGTGTTGGGACA-1"
-3.96655052658546,2.00334870864955,"TTGCCGTTCAACACGT-1"
-0.674046275582195,-1.42094159076603,"TTGCCGTTCAGATAAG-1"
10.0851064348556,0.0661000316342495,"TTGCCGTTCCGTAGGC-1"
-0.725766417946697,-0.622957825163923,"TTGCCGTTCGGCGCAT-1"
-4.54450553413856,1.95988738586513,"TTGCCGTTCTTCAACT-1"
-0.179357466664195,0.330237783988395,"TTGCGTCAGAAACCAT-1"
-1.57714205738533,-2.40451312015446,"TTGCGTCAGAAGGACA-1"
1.00655013564599,1.57613253643123,"TTGCGTCAGAAGGCCT-1"
0.332428278956532,-1.80658221195134,"TTGCGTCAGATAGTCA-1"
-3.94922703262794,-3.68910860965642,"TTGCGTCAGCATCATC-1"
1.9717245722152,1.87520933200923,"TTGCGTCAGCGATATA-1"
-5.26142304893959,-2.82576560924443,"TTGCGTCAGGAATTAC-1"
9.12912804130089,0.848736465474047,"TTGCGTCAGGGAACGG-1"
-5.05444234367836,1.64800322105495,"TTGCGTCAGGTCATCT-1"
-4.21496480461586,-0.845076679686628,"TTGCGTCAGTACACCT-1"
-1.85188621040809,2.82203626682369,"TTGCGTCAGTACGATA-1"
-5.57802575584877,2.02440059234706,"TTGCGTCAGTCATGCT-1"
-0.301214334931255,1.26591408302394,"TTGCGTCAGTGGTAGC-1"
-3.42359918114173,4.50581526805965,"TTGCGTCCAAATCCGT-1"
0.705148639712453,-0.847818612555585,"TTGCGTCCACGGTTTA-1"
10.2121921205856,-0.366074919203839,"TTGCGTCCAGACAGGT-1"
0.671608748469472,-2.06657195041569,"TTGCGTCCATCCGTGG-1"
0.0317056799269911,-1.79285740802678,"TTGCGTCCATGTAAGA-1"
-1.36956047770011,0.437812410791793,"TTGCGTCGTACCGAGA-1"
-1.32035612818229,-3.83885788867863,"TTGCGTCGTACTTCTT-1"
1.57254511359704,0.0494153802594326,"TTGCGTCGTCAGCTAT-1"
-1.8216331576966,0.578369141121783,"TTGCGTCGTCTCGTTC-1"
11.9613423967696,-0.258075475195966,"TTGCGTCGTTCCACGG-1"
9.82495647910607,1.02964252283184,"TTGCGTCGTTCCCTTG-1"
-5.50395339485633,1.99633526851741,"TTGCGTCTCGAACGGA-1"
-0.179300305809856,-1.48757278869542,"TTGCGTCTCGCGATCG-1"
-2.64040225502479,1.5985014443597,"TTGCGTCTCTCGCTTG-1"
-4.6447259759568,-2.8398108477393,"TTGCGTCTCTTGTACT-1"
0.682228865656972,-1.06796753356846,"TTGGAACAGAATCTCC-1"
-3.05813544746864,-0.908368348578534,"TTGGAACAGAGACTTA-1"
9.55429226401818,0.21578906526176,"TTGGAACAGATATACG-1"
10.6885018968917,0.573594585557856,"TTGGAACAGATGGGTC-1"
1.22005993369591,-0.781434773902021,"TTGGAACAGGAGTTGC-1"
2.59162718299401,0.636706918974795,"TTGGAACAGGGCTTCC-1"
-3.73856323715675,-4.10098528812321,"TTGGAACAGTCGTACT-1"
1.52336842063439,-0.136669158438764,"TTGGAACAGTGAAGAG-1"
-1.2783578312062,-2.786849498252,"TTGGAACAGTGAATTG-1"
-3.87846916672218,-3.89447140643986,"TTGGAACCACCGAAAG-1"
-1.54115241524208,-2.05028200099858,"TTGGAACCACTCGACG-1"
10.8228774690963,-0.44693976591023,"TTGGAACCACTGCCAG-1"
-1.99096721168983,-2.64007568309697,"TTGGAACCAGTAAGCG-1"
0.18180734160912,-1.18223082969578,"TTGGAACCAGTGAGTG-1"
10.0090404177047,-0.15805637786778,"TTGGAACGTCAATACC-1"
-5.28277867790687,-0.459056913355909,"TTGGAACGTCGGATCC-1"
-2.09055024143684,-3.41616105983647,"TTGGAACGTCTTCTCG-1"
-3.50336140152442,-1.59726381252202,"TTGGAACGTGCATCTA-1"
3.75759178641808,-4.49762320468815,"TTGGAACGTGTATGGG-1"
-0.699653980698467,10.2444417481622,"TTGGAACGTTCAGACT-1"
-1.09600343313444,11.0891215806207,"TTGGAACTCAACACCA-1"
-4.28436177727211,-3.98030495593937,"TTGGAACTCAGCTCGG-1"
-1.8763036107682,-3.0149190420905,"TTGGAACTCATTGCCC-1"
-2.7082195853852,-4.15665221164616,"TTGGAACTCCGCAGTG-1"
-2.91001873966682,-3.18366956661137,"TTGGAACTCGGTCCGA-1"
-0.965706146698475,-0.543330668906293,"TTGGAACTCTACTTAC-1"
10.7319970751144,0.86297029306499,"TTGGAACTCTTTACAC-1"
3.6211763048507,-4.2933499808112,"TTGGCAAAGAACTGTA-1"
3.77256781104577,-4.55704331348332,"TTGGCAAAGAGACGAA-1"
0.977537455592274,-1.63955450008305,"TTGGCAAAGCTGCGAA-1"
2.03074366096032,1.86249148895351,"TTGGCAAAGGAGCGAG-1"
-4.32041233536232,-2.47198271701726,"TTGGCAACAACACGCC-1"
-2.79725259300697,-1.63506770084294,"TTGGCAACACCATGTA-1"
-0.281776187386394,-2.65008640239628,"TTGGCAACACTGCCAG-1"
-3.42036336418617,-1.35461318443211,"TTGGCAACAGATCGGA-1"
-2.97866195198524,2.12666761924831,"TTGGCAACAGGCTCAC-1"
-4.67638176437843,-0.318644284705243,"TTGGCAACAGGGTTAG-1"
-3.16089910027015,4.69592022945491,"TTGGCAAGTAGAGGAA-1"
-1.30187383052337,-0.669619678954206,"TTGGCAAGTCAGATAA-1"
10.8302713060714,-1.33985447833928,"TTGGCAAGTCCGAACC-1"
-3.48387592789161,-2.17448377559575,"TTGGCAAGTCTAAAGA-1"
8.7318359041549,-0.782113313178144,"TTGGCAAGTTAAGTAG-1"
10.1996389055587,-1.90492176959904,"TTGGCAAGTTCCAACA-1"
-3.24571794029701,3.72484183361141,"TTGGCAATCAAACCAC-1"
11.1100946092941,-0.00670641611012002,"TTGGCAATCAGTGCAT-1"
9.45033222678673,0.101540893813052,"TTGGCAATCATCGATG-1"
-1.6091932630204,-2.64931988666447,"TTGGCAATCATGCATG-1"
-4.05821722504127,3.0118463044366,"TTGGCAATCCCTTGCA-1"
9.42588669303429,-0.596604346732221,"TTGGCAATCCGTCATC-1"
-3.53210013863075,0.309330411752143,"TTGGCAATCCTTCAAT-1"
1.24580484870446,-2.19250798175725,"TTGGCAATCGCCTGAG-1"
-1.09635846820104,0.66340044190494,"TTGGCAATCGGTCCGA-1"
-2.7322172498368,-0.575069546202741,"TTGGCAATCTAACTTC-1"
-3.41856378075111,-2.91760802219304,"TTGGCAATCTCCTATA-1"
-4.03327315803993,0.227934703727641,"TTGGCAATCTGTACGA-1"
-4.18274038788307,0.431764552866497,"TTGTAGGAGATGAGAG-1"
-0.948239141520143,2.30419278194515,"TTGTAGGAGCCACCTG-1"
-3.81191652771461,3.20855236103145,"TTGTAGGAGCGATATA-1"
10.7792459154464,-1.6095919604102,"TTGTAGGAGGATGGAA-1"
-1.67159551140296,-2.09997487018498,"TTGTAGGAGGCAGTCA-1"
-1.63641571756828,-1.1484183068076,"TTGTAGGAGGTCGGAT-1"
-0.986524460282207,-2.59559822032841,"TTGTAGGAGTACGCCC-1"
-5.0675820684098,1.01960897495357,"TTGTAGGCAGACAGGT-1"
-5.22214072700965,2.36476635982601,"TTGTAGGCATGGTCTA-1"
-2.98721796032417,3.80356431057064,"TTGTAGGGTAAACACA-1"
9.77665573600304,1.52008724262325,"TTGTAGGGTCAGGACA-1"
1.40865046027672,0.0322698061665676,"TTGTAGGGTCAGTGGA-1"
1.57714253905785,1.20309692670909,"TTGTAGGGTCGACTGC-1"
-2.10769921299446,-1.33587443778904,"TTGTAGGGTCGATTGT-1"
-0.898266231086135,-0.641112803916059,"TTGTAGGGTCTCCACT-1"
-3.30308478828895,3.69919443180171,"TTGTAGGGTCTTGTCC-1"
-4.35408943649757,2.80117559482662,"TTGTAGGGTGTATGGG-1"
-1.6204767202996,1.02612596799938,"TTGTAGGGTGTTTGTG-1"
-0.627620545592189,0.145273507138171,"TTGTAGGGTTGCTCCT-1"
-1.21334141251075,0.69423466970531,"TTGTAGGTCAAACCGT-1"
-3.76669114586341,0.7953512077531,"TTGTAGGTCCACGAAT-1"
-3.51163357254493,2.76784062435237,"TTGTAGGTCCGATATG-1"
-3.60477298256385,-3.11396527240666,"TTGTAGGTCCTATTCA-1"
-3.61907714363563,-1.17593574474247,"TTGTAGGTCTAACTGG-1"
-2.43815368172157,2.29856073906032,"TTGTAGGTCTGGAGCC-1"
8.11846310142052,0.411573483639785,"TTGTAGGTCTGGTGTA-1"
-1.35800719019401,-0.0571500654021122,"TTTACTGAGAAGGTTT-1"
-4.7301866387986,-2.82006454418095,"TTTACTGAGACAAAGG-1"
10.3193879747726,-0.919813394049726,"TTTACTGAGAGGTTGC-1"
-3.46893495079505,-4.05744814823063,"TTTACTGAGCTAACAA-1"
-4.69323390480506,-1.24711322734746,"TTTACTGAGGTGATAT-1"
-3.24228399750221,-1.28325211952122,"TTTACTGAGTGTACTC-1"
-2.82925623413551,4.3713228707513,"TTTACTGCAAAGCGGT-1"
-5.1432771062516,0.61623136748878,"TTTACTGCAAGCGATG-1"
-3.45419114586341,-3.6910345549384,"TTTACTGCAAGCTGGA-1"
2.33235389235985,0.206382126112857,"TTTACTGCAAGTCTAC-1"
-4.06341451164711,0.450129271050372,"TTTACTGCACGCATCG-1"
-0.155970272984386,-2.22263336131962,"TTTACTGCACTTGGAT-1"
10.4508357668258,1.15689051200954,"TTTACTGCAGACAAGC-1"
-1.10492017623413,1.38645649005977,"TTTACTGCAGCCAGAA-1"
-0.487787721123576,-0.0831556315222599,"TTTACTGCATACGCTA-1"
-2.02057045456398,4.36384654094783,"TTTACTGCATTGAGCT-1"
-0.83736918624866,11.3652808671197,"TTTACTGGTACAGCAG-1"
-1.84638374802101,-1.2360545391837,"TTTACTGGTACCTACA-1"
11.5162835741378,-0.136496781806073,"TTTACTGGTAGCTGCC-1"
-3.94556587692726,-0.0246825511256077,"TTTACTGGTATCTGCA-1"
-0.798647013869167,10.2163598542413,"TTTACTGGTCGCGTGT-1"
0.442064704928517,-1.61824607799443,"TTTACTGGTCTGATTG-1"
-1.19242085274684,-0.821812986830793,"TTTACTGGTGTCGCTG-1"
-0.0800980901383165,11.4090240006646,"TTTACTGGTGTCTGAT-1"
2.22165876868737,1.77609252979366,"TTTACTGGTGTGGTTT-1"
-2.91340929028022,-0.780499696234784,"TTTACTGGTTGTCGCG-1"
-5.75078719612587,-0.013017713526807,"TTTACTGTCAAACGGG-1"
-2.29544418808448,1.46336233665554,"TTTACTGTCACGGTTA-1"
9.9098497057296,1.92946183731166,"TTTACTGTCAGCTCTC-1"
-4.15391939636695,0.267144203682818,"TTTACTGTCAGGCCCA-1"
-4.09122889992225,-3.70073771427067,"TTTACTGTCTGTCTCG-1"
2.47775799277794,1.11199468423931,"TTTACTGTCTTACCTA-1"
-3.53117245193946,-1.21331882427128,"TTTACTGTCTTGTTTG-1"
-3.32315701004493,-4.24920773456486,"TTTATGCAGCGTTTAC-1"
-3.43405002113807,-3.32338809917363,"TTTATGCCAAGCGCTC-1"
9.6203857088424,0.963549793263354,"TTTATGCCATATGCTG-1"
0.524497690234303,-2.52282357166203,"TTTATGCGTCGTTGTA-1"
11.3366323137618,-0.42110055635365,"TTTATGCGTGCGGTAA-1"
2.03594047072899,-0.539173423747144,"TTTATGCGTGTGACGA-1"
-0.737005201544643,-1.46629583785924,"TTTATGCGTGTGCGTC-1"
3.67598968986046,-4.53388714740666,"TTTATGCGTTCGCGAC-1"
9.46978336814415,-0.47559845397862,"TTTATGCGTTCTGGTA-1"
-3.07229083534706,4.70413422634212,"TTTATGCGTTGGTGGA-1"
-2.37168735023963,-4.2462251181403,"TTTATGCTCAGCATGT-1"
-3.30659526344764,-3.05015420864018,"TTTATGCTCCAAACAC-1"
-3.11731880661476,4.60669302990047,"TTTATGCTCCAGTATG-1"
-3.60475605484474,-2.64062690685185,"TTTATGCTCGGGAGTA-1"
9.15773445609581,1.15416312267391,"TTTATGCTCGGTCCGA-1"
0.217788400683522,-1.88911795566472,"TTTATGCTCTCCTATA-1"
1.75830465796959,-0.758463620642743,"TTTATGCTCTGCAAGT-1"
-1.13424265142906,1.96506905605403,"TTTCCTCAGAAGCCCA-1"
-4.67717402931678,-0.865575432280622,"TTTCCTCAGACAAAGG-1"
-0.753314701285243,-2.06823277423771,"TTTCCTCAGCTCCCAG-1"
-2.40353303905952,-1.16732597301396,"TTTCCTCAGGGTCGAT-1"
-2.41470712181556,-0.893056153754316,"TTTCCTCAGTCAAGCG-1"
2.1229582453109,1.80095267345516,"TTTCCTCAGTGACATA-1"
1.05509358886254,-1.69800782153996,"TTTCCTCAGTTAGGTA-1"
11.5554395342208,0.953667402764239,"TTTCCTCAGTTATCGC-1"
-3.00673502441871,-3.94515013645085,"TTTCCTCCAAACCCAT-1"
-3.98160618301857,-2.45029497096928,"TTTCCTCCAACGATGG-1"
11.5175834322311,1.18448776056377,"TTTCCTCCAAGCTGTT-1"
1.94702846053612,-0.37925451944264,"TTTCCTCCACTTCGAA-1"
-3.027517971959,-3.58001351306828,"TTTCCTCCAGCCAGAA-1"
-2.833958921399,1.63654863884059,"TTTCCTCCAGGGATTG-1"
7.83528381827843,1.50146079113094,"TTTCCTCCAGGGTACA-1"
9.78495270255578,-0.340631365279279,"TTTCCTCCAGTAACGG-1"
10.7788959169723,1.23526144077388,"TTTCCTCCATACTACG-1"
-5.81227344032753,0.303819604714789,"TTTCCTCCATATGCTG-1"
11.3335328722335,1.38975054075328,"TTTCCTCCATCGATTG-1"
1.67391187194359,1.53629887153713,"TTTCCTCGTAGCTAAA-1"
-5.1959943151139,-0.0334928626814701,"TTTCCTCGTCATCCCT-1"
-1.39010509606826,-0.851710795859418,"TTTCCTCGTGAACCTT-1"
10.2674699449874,-0.321463942030988,"TTTCCTCGTGAGCGAT-1"
9.43138176444542,3.04312515308467,"TTTCCTCGTGGACGAT-1"
1.83276111129296,1.95711183597652,"TTTCCTCGTTGATTCG-1"
-0.736822662320018,-0.753981589774213,"TTTCCTCGTTTGGGCC-1"
-1.14900587257373,0.982155561943927,"TTTCCTCTCCACGTGG-1"
-1.43729525562751,-3.20687985370549,"TTTCCTCTCGCAAGCC-1"
-4.88761180397499,1.73521029998867,"TTTCCTCTCTCAAACG-1"
11.024970593486,-0.210388838748059,"TTTCCTCTCTCGAGTA-1"
0.409252467188954,0.615152732034602,"TTTGCGCAGACTTTCG-1"
0.0557468557692763,-2.48334288547429,"TTTGCGCAGAGACTAT-1"
2.15728050712121,0.18715684165565,"TTTGCGCAGCAGGCTA-1"
-5.14159863945472,1.84760308315364,"TTTGCGCAGCGTCAAG-1"
1.74466687682641,1.53148067047206,"TTTGCGCAGCTTTGGT-1"
1.33045226577294,-0.257974445323072,"TTTGCGCAGGATGGTC-1"
-4.08292311188209,-0.58652591655644,"TTTGCGCAGTACTTGC-1"
-4.93902748581398,-1.57071614215764,"TTTGCGCAGTGCCAGA-1"
9.32652527335656,1.34581315567104,"TTTGCGCCAAAGAATC-1"
-4.07528584953773,-3.07139944980534,"TTTGCGCCACATCCAA-1"
0.142786922488331,-1.60796761463078,"TTTGCGCCACTCAGGC-1"
-3.59256332870948,-2.59608054111393,"TTTGCGCCACTTAACG-1"
11.0886731767989,0.524216421445288,"TTTGCGCCAGGGATTG-1"
-4.08353894707191,-1.51451730678471,"TTTGCGCCATAGAAAC-1"
-5.52819293495643,2.1137727503976,"TTTGCGCCATCCCACT-1"
0.906761112246632,-1.68677973697575,"TTTGCGCCATGTCTCC-1"
12.1178975725509,0.115426540871539,"TTTGCGCCATTCACTT-1"
-0.613020268645168,10.3322064881524,"TTTGCGCGTCCTGCTT-1"
-1.05718151238191,-2.05694532344731,"TTTGCGCGTCTCCATC-1"
-2.13901060577858,0.684940666457095,"TTTGCGCGTGCTTCTC-1"
-4.0842966413163,-4.22037434528264,"TTTGCGCGTGTAAGTA-1"
-3.11708587166297,3.30365109493343,"TTTGCGCGTTCCGTCT-1"
-3.30793612953651,-1.42954790542515,"TTTGCGCGTTCCTCCA-1"
1.5009792471267,1.32970720579235,"TTTGCGCGTTGAGGTG-1"
2.61304670814049,1.52873206188289,"TTTGCGCGTTTGACAC-1"
1.27996665481102,-1.82591056774052,"TTTGCGCTCAAACAAG-1"
10.2958465242721,-0.328111290434919,"TTTGCGCTCATGGTCA-1"
-1.57931148764122,3.79365277340023,"TTTGCGCTCCAGTAGT-1"
2.28982931617272,0.801896363993563,"TTTGCGCTCCGCGTTT-1"
-1.95093029495704,2.66007065822689,"TTTGCGCTCGAGAACG-1"
-2.14759903904426,-1.27635669658574,"TTTGCGCTCTAACTGG-1"
-3.0493239736222,4.29320669223873,"TTTGCGCTCTACTTAC-1"
0.529475274119496,-1.28214561889561,"TTTGCGCTCTGCAGTA-1"
2.57174545768273,0.266329482694545,"TTTGGTTAGACTGGGT-1"
-3.27993029114234,3.95184421588985,"TTTGGTTAGGTGTTAA-1"
-0.74981793519485,9.91477847148983,"TTTGGTTAGTACGTAA-1"
-1.87565964218605,-2.73308300922307,"TTTGGTTAGTTGTCGT-1"
-4.8092345571183,-0.867904066542707,"TTTGGTTCAATCTGCA-1"
-4.49381917473304,0.875924706955828,"TTTGGTTCACCAGCAC-1"
-1.1716361617707,-2.74989223430546,"TTTGGTTCAGACACTT-1"
9.65092522147667,1.18357390215007,"TTTGGTTCAGGTTTCA-1"
-2.43304770943153,3.53198623706905,"TTTGGTTCAGTAGAGC-1"
0.0832993412352797,0.544660673042216,"TTTGGTTCATCACCCT-1"
0.494037690196156,-1.45658326099309,"TTTGGTTCATGTTCCC-1"
8.23767620566857,1.25009155323116,"TTTGGTTGTATATGAG-1"
-3.55123942848671,3.94861125995723,"TTTGGTTGTCAAACTC-1"
8.02846867087853,1.72328901340572,"TTTGGTTGTGAAGGCT-1"
-2.05189877506721,-3.92466711948308,"TTTGGTTGTGTTCTTT-1"
8.40035206321251,-0.256957947711072,"TTTGGTTTCACAGGCC-1"
-2.11031287666786,-3.69861531207951,"TTTGGTTTCACCCTCA-1"
-3.27119964119422,0.396060645145752,"TTTGGTTTCATGGTCA-1"
-5.44129603859413,1.09624016334621,"TTTGGTTTCCACGACG-1"
8.08937222007287,0.402003353492745,"TTTGGTTTCCGATATG-1"
-1.13847678657997,-1.73676395366581,"TTTGGTTTCCGCAAGC-1"
0.673735084567189,-1.0646758074561,"TTTGGTTTCCGCGTTT-1"
-2.37282901760566,-4.05147910068425,"TTTGGTTTCTCATTCA-1"
-1.01763014812398,10.7358291154107,"TTTGGTTTCTTCGGTC-1"
-5.63858264442909,-2.11875510166081,"TTTGGTTTCTTTCCTC-1"
0.414114894900441,-2.57823610256108,"TTTGTCAAGAAGGCCT-1"
-0.80069741364944,-0.78869283149632,"TTTGTCAAGACGCAAC-1"
-4.12451785561073,-1.63540840099247,"TTTGTCAAGAGACTTA-1"
10.8730073595382,0.138821393748202,"TTTGTCAAGATGGGTC-1"
3.77564007285607,-4.50122141788395,"TTTGTCAAGCAGGTCA-1"
2.35152465346825,-0.231877386073194,"TTTGTCAAGCCCTAAT-1"
-2.85062962528694,-0.412789344290815,"TTTGTCAAGTCCAGGA-1"
-2.19072741028297,-3.68559241245183,"TTTGTCACAAAGTCAA-1"
10.0795102739669,0.788594842453875,"TTTGTCACAATCTACG-1"
-3.42313569542396,4.39343524028865,"TTTGTCACATTAACCG-1"
-5.55831759926307,0.0266891722878597,"TTTGTCACATTTCACT-1"
-3.90933531280983,-2.67394733379277,"TTTGTCAGTAGCAAAT-1"
10.7648902559615,-0.84932732532414,"TTTGTCAGTATAAACG-1"
-0.367059466805339,3.00211286594478,"TTTGTCAGTCAACATC-1"
-1.55833643433082,1.37453180601207,"TTTGTCAGTGCAACGA-1"
1.86279493812096,0.759250075121798,"TTTGTCAGTGGCCCTA-1"
-3.08045953270423,-2.7507462496558,"TTTGTCAGTGGTGTAG-1"
0.427673521075368,-1.33433401534947,"TTTGTCAGTTTAGGAA-1"
-0.0401994561814073,2.18288373996822,"TTTGTCATCAGAGACG-1"
-3.41421001907814,2.8426580434045,"TTTGTCATCCTAGAAC-1"
1.94011074546349,1.847418785592,"TTTGTCATCCTTTCGG-1"
-0.751564992036701,10.4254767899713,"TTTGTCATCGAACGGA-1"
3.77769762519371,-4.71913552234562,"TTTGTCATCGTTGACA-1"
8.32580334189904,-0.754261493186078,"TTTGTCATCTATCGCC-1"
10.4885898256637,-0.72865545699986,"TTTGTCATCTCCAGGG-1"
