cell_id,UMAP_1,UMAP_2
AAACCTGAGAAGGTGA-1,4.438910090980366,-2.760244049231249
AAACCTGAGACTAAGT-1,1.3642664790724077,-1.0302054063479482
AAACCTGAGCAATCTC-1,-10.661447441520854,1.103924594720167
AAACCTGAGCCAGTTT-1,3.552316272315816,2.4154749735196055
AAACCTGAGCGTGAGT-1,5.3962236285780225,-2.5634745732943593
AAACCTGAGGGCTCTC-1,-0.6759697555925093,1.2248026951153697
AAACCTGAGGTGGGTT-1,2.5268171668623247,-1.865027345816332
AAACCTGAGTCAATAG-1,2.8199587703321733,-3.363444961706835
AAACCTGAGTTCGATC-1,-11.79213038677232,1.523583255608839
AAACCTGCAAAGCAAT-1,3.060859286842183,-2.4869796411196767
AAACCTGCACATCTTT-1,5.604150855598286,-2.226608671347338
AAACCTGCACCTGGTG-1,-0.7423043608094892,-6.76696030060454
AAACCTGCACGTTGGC-1,3.3457256198499956,-1.3979337588946401
AAACCTGCAGCCAATT-1,1.6147302032087603,-3.5284597055117666
AAACCTGCAGCTATTG-1,-0.12475112670914745,2.441524110635084
AAACCTGCAGGCGATA-1,-0.1319282411958418,-1.4420460836093008
AAACCTGCATTACCTT-1,4.541202151832417,-1.9754506723086416
AAACCTGGTAACGTTC-1,-3.8864361404802046,0.5205933674176157
AAACCTGGTACATCCA-1,-12.615279114189311,1.7418878897030772
AAACCTGGTCAAGCGA-1,4.670715892371968,0.9180845840771616
AAACCTGGTCGAACAG-1,-1.7511048972036085,3.2951484545071543
AAACCTGGTCTACCTC-1,-0.5518077372934065,1.6143325193722666
AAACCTGGTTCGTGAT-1,-0.30237630599991894,1.8024248703320445
AAACCTGTCATCGATG-1,3.6066857219312944,-1.128587760130602
AAACCTGTCATGCAAC-1,4.592813575324849,-3.0264128820101797
AAACCTGTCATTGCCC-1,-10.515409386100933,2.879291377862257
AAACCTGTCCCTTGTG-1,0.8163574576948442,-2.3405715600649892
AAACCTGTCCTAGAAC-1,-11.375204956474468,2.118512235482496
AAACCTGTCTCGTATT-1,-11.657803451957866,0.503224961360258
AAACGGGAGACATAAC-1,3.657406890449361,0.6427653058369578
AAACGGGAGAGATGAG-1,-11.52787963146226,2.9435633047421397
AAACGGGAGGATATAC-1,-0.7318211554910383,0.31918310364083663
AAACGGGAGGGATGGG-1,-10.759382164421245,-0.09336682418985948
AAACGGGAGGGTTTCT-1,-11.219934379997417,1.148417077859205
AAACGGGCAACCGCCA-1,0.5974421144102373,1.5442471130688609
AAACGGGCAATCGAAA-1,3.180917346534566,1.0013756378491343
AAACGGGCACGCCAGT-1,1.6875222564314165,0.3022130354245128
AAACGGGCAGCTTCGG-1,-10.82688037151353,0.10963743123532549
AAACGGGCAGGATTGG-1,3.7535200954054155,0.21931434412793532
AAACGGGCATACTACG-1,3.580188834724263,1.612324081261915
AAACGGGGTATATCCG-1,2.5588794589613237,0.00879731764392272
AAACGGGGTATTCGTG-1,5.127747619209126,-1.3159294501940786
AAACGGGGTCATATCG-1,-1.6781777798558912,-6.752028621832567
AAACGGGGTCTCCACT-1,-11.868674194755718,-1.124242343107897
AAACGGGTCAACGGCC-1,-2.0386376737977705,3.5659473760922373
AAACGGGTCCCTCTTT-1,2.0035816073988237,0.8444157465298594
AAACGGGTCCTCGCAT-1,2.837094867286519,0.052908595552009496
AAACGGGTCTCGAGTA-1,5.518856608924702,-1.7955192701022207
AAACGGGTCTGCGTAA-1,1.5853877902601519,2.3837560041745127
AAACGGGTCTGGCGAC-1,2.3214712977979937,0.947282634576124
AAAGATGAGCCGATTT-1,-10.488006508293315,2.1841450556118907
AAAGATGAGGATGTAT-1,-11.493381416740581,-0.6028137580554067
AAAGATGAGGTCGGAT-1,-11.607974922599956,0.8544839843113841
AAAGATGAGTAGGTGC-1,5.533764922675923,-0.5742932335536062
AAAGATGAGTCCAGGA-1,2.576495254096822,0.4191020651658
AAAGATGAGTGAAGTT-1,-0.5390471577073774,-1.668900407950121
AAAGATGAGTGGGTTG-1,-9.614771759452983,2.960092626412672
AAAGATGAGTGTCTCA-1,3.574546897468404,-0.8121197597186147
AAAGATGAGTGTGAAT-1,-0.6954645871545515,3.6429675443966807
AAAGATGAGTTGTCGT-1,-1.8583688496972761,3.705022178490919
AAAGATGCAAGGTGTG-1,-11.025975143852397,-0.0627709702651082
AAAGATGCACACATGT-1,2.064019048271016,-2.0492743627230703
AAAGATGCAGGAACGT-1,2.5118742824171343,-2.4803382531802236
AAAGATGCATAACCTG-1,-11.473551666679546,1.6972559316952647
AAAGATGGTGCCTGCA-1,0.7699612022016802,0.006978094478410635
AAAGATGGTGCCTGGT-1,-1.2766956522490225,3.564249358971876
AAAGATGGTTTGGGCC-1,-0.6428106784249983,0.2436013295252742
AAAGATGTCAACACAC-1,1.5768452525709429,-3.035256542364794
AAAGATGTCAACCAAC-1,-0.6745189189340315,1.1423010452588023
AAAGATGTCACCCGAG-1,-3.800957596244975,-0.08377478281660661
AAAGATGTCTGTCAAG-1,4.405084216651753,-2.8371795789401113
AAAGCAAAGATGTCGG-1,4.5760284305189405,-1.8193198815981924
AAAGCAAAGGCAGTCA-1,2.2102361560438433,-1.713272966543871
AAAGCAAAGGGTGTGT-1,-3.1625560879136763,0.49187018712357894
AAAGCAACAACTGCGC-1,-0.5059525727655134,2.057789407571119
AAAGCAACAAGTCTGT-1,-10.113617813530132,-0.09414257864161119
AAAGCAACACAACTGT-1,2.939870917854146,-1.2742228881518423
AAAGCAACACCTTGTC-1,2.90968664890273,-1.411080755392748
AAAGCAACAGGAACGT-1,0.7638104796980181,2.4154046400387705
AAAGCAACATCCGTGG-1,4.877674186286763,-0.2080605701605855
AAAGCAACATTACCTT-1,-3.184521591606303,-0.5998984352747976
AAAGCAAGTAAGCACG-1,-11.937649643364116,2.617943607171339
AAAGCAAGTAATTGGA-1,1.2533818126295366,-2.112649358908373
AAAGCAAGTCAGAGGT-1,4.829133594093159,-2.0510069505374013
AAAGCAAGTCTAAAGA-1,4.320355498847798,-3.7388428823153554
AAAGCAAGTTACAGAA-1,2.791311824378804,1.041796408494276
AAAGCAAGTTCTGGTA-1,3.476473414954976,-0.7038874999682485
AAAGCAAGTTGAACTC-1,0.11155136829359913,0.024933673342031393
AAAGCAATCACGACTA-1,4.195552432594136,0.053883269329828176
AAAGCAATCAGTTAGC-1,2.5331288219068804,-1.8185052053134023
AAAGCAATCCCTAATT-1,3.489433372077779,-1.634454287687975
AAAGCAATCGCCTGTT-1,-12.300361549797222,1.1337689979870738
AAAGCAATCGTCTGCT-1,0.9560266376112261,-3.3297080175082265
AAAGCAATCTGCCAGG-1,4.005116546211079,-2.395317472616869
AAAGCAATCTGGCGAC-1,-11.070335304680034,-2.188560642401415
AAAGTAGAGACGCACA-1,5.409600818214253,-0.320833899180132
AAAGTAGAGAGACTTA-1,3.4887066722486773,0.9483988507588328
AAAGTAGAGGAACTGC-1,1.4652040839765825,-0.7835471407572805
AAAGTAGAGTACGCCC-1,0.1652730346296587,1.4898577555020274
AAAGTAGCAAGACGTG-1,1.638660037574605,-2.704523719946581
AAAGTAGCAATACGCT-1,4.277185523567036,-0.058885283867555704
AAAGTAGCAATGACCT-1,-0.09190884822861767,3.0920780523617686
AAAGTAGCACTTAAGC-1,-2.145284509601756,-6.807394184271532
AAAGTAGCAGACGCCT-1,1.2009502292249956,1.3411544187863291
AAAGTAGCATCAGTAC-1,4.431267345008687,-0.5165308491389333
AAAGTAGGTACTCGCG-1,-3.4569291233445845,0.4248505457241954
AAAGTAGGTCAAAGAT-1,1.8422113299940386,-1.725465692679125
AAAGTAGGTCATATCG-1,3.630833709297017,-1.3849522248904287
AAAGTAGGTGATGTCT-1,-0.04112211460129833,0.6362168415387095
AAAGTAGGTTAAGACA-1,-0.43642500633256054,0.7783833368618907
AAAGTAGTCACAAACC-1,4.464045131263569,2.1306563242276133
AAAGTAGTCACCTTAT-1,-11.927425301017925,-1.0040908233325063
AAAGTAGTCCTTGGTC-1,-3.6154142975236616,-0.17096952358885392
AAAGTAGTCGCATGAT-1,-2.3152442335511885,-6.661866344610887
AAAGTAGTCGCCATAA-1,-10.98568335765855,1.0292569025357188
AAAGTAGTCGCCTGAG-1,-12.2448996662523,-0.9185420648257314
AAAGTAGTCGCGTTTC-1,4.935976111945942,1.3506729229290904
AAAGTAGTCGTGACAT-1,0.4522232652281084,2.313719116051954
AAAGTAGTCTCCAGGG-1,3.105346286353902,-1.4843224660555898
AAAGTAGTCTCTAAGG-1,-12.366645729484722,1.3796321972210825
AAAGTAGTCTCTGAGA-1,3.06367834812148,2.23680003722505
AAATGCCAGAGCTATA-1,0.9844921470258989,-0.3663581089179097
AAATGCCAGCCAGTAG-1,5.532239520606831,-1.7503294126193105
AAATGCCAGCCGATTT-1,-12.213539993705913,1.109949313004774
AAATGCCAGCTCCCAG-1,2.8938356280897417,2.4669233187039317
AAATGCCAGGATCGCA-1,4.185174071845845,-0.03816998759909257
AAATGCCAGTTCGCGC-1,1.1961005569074907,2.3877113684018076
AAATGCCCACTCGACG-1,1.949819886741475,1.6600609644253672
AAATGCCCAGATGGCA-1,3.3031350017164507,-3.3166743890444814
AAATGCCCAGGGATTG-1,1.6461311221693316,1.212608300050062
AAATGCCCAGTCAGAG-1,4.657548987922505,1.6122643574078501
AAATGCCCAGTGGGAT-1,2.5668977141950884,-3.6822780744235097
AAATGCCCATACTACG-1,1.5221684814070024,2.1569977625210703
AAATGCCCATGCCACG-1,-0.17574266189591503,1.9149098022778452
AAATGCCGTAAGGGAA-1,4.653810584602192,-3.3413771764437734
AAATGCCGTCGCGTGT-1,-1.2322560831333838,3.8189097269375742
AAATGCCGTCTGATTG-1,-11.722443497123882,-1.105816640059191
AAATGCCGTTGTACAC-1,2.0078159213636675,-3.7652451173464834
AAATGCCTCAAACAAG-1,3.9688187480543413,-0.6604757682482778
AAATGCCTCATTGCGA-1,-0.5860470890428267,1.1306806429226817
AAATGCCTCCGTTGCT-1,4.536130511817769,0.1712075768907489
AAATGCCTCGAGCCCA-1,1.1318736911390581,-0.8947996870677053
AAATGCCTCGATAGAA-1,3.0361014247511187,-2.3946937696139394
AAATGCCTCTCTTATG-1,5.753166282234028,-1.2933702842394887
AAATGCCTCTGAGGGA-1,-12.523566162529155,1.9606066568692149
AACACGTAGACTCGGA-1,-0.6747427939798079,-6.735257305304247
AACACGTAGCCAGTTT-1,-3.137520825805827,0.3475856109459819
AACACGTAGCTGCCCA-1,4.591304385719136,1.8564219101269663
AACACGTAGGTACTCT-1,0.49825927024825,2.8785677774746836
AACACGTAGTCAATAG-1,-11.646078026237651,-0.09309860328837022
AACACGTAGTGCTGCC-1,0.11115511661513233,2.253094755013746
AACACGTAGTGGTAAT-1,3.5263501048658648,-3.180248417059618
AACACGTAGTTGTCGT-1,-9.716463959160015,2.442235551675123
AACACGTCAAAGTCAA-1,4.431728446540669,-1.2585846559207021
AACACGTCAACTTGAC-1,2.8820320010755816,0.744364105065626
AACACGTCAAGTCTGT-1,5.08931025272353,0.16036602472261802
AACACGTCACAGGTTT-1,2.3722873569105425,1.406160078843397
AACACGTGTAACGCGA-1,3.2014499545667925,1.4524625166256846
AACACGTGTACTTCTT-1,0.20528873210890675,3.634141288598341
AACACGTGTAGCCTCG-1,-3.2899377703096113,0.792517922719282
AACACGTGTATCTGCA-1,3.7252260089491167,-2.8126606122653066
AACACGTGTCCAGTTA-1,4.4932599902723585,-2.7308711187045156
AACACGTGTCCCTACT-1,-0.667025244178935,0.8762178047497691
AACACGTGTCTACCTC-1,5.202910983619526,-1.9491411821047842
AACACGTGTGGAAAGA-1,-11.679468071403667,0.5295984073479594
AACACGTGTTCAGACT-1,-3.692338383140727,-0.40885785977049455
AACACGTTCAGGCCCA-1,1.5849295497511187,-3.4158665315310537
AACACGTTCCGCGGTA-1,2.4575985313032427,-2.538331665198046
AACACGTTCTCCCTGA-1,2.4709859729383745,-0.4094744102160512
AACCATGAGAACTCGG-1,6.304499709663228,-0.4568431750933705
AACCATGCAACTGCTA-1,0.2605566621397295,3.2555163725216807
AACCATGCACAGACAG-1,6.676451289710835,-0.2310252563159047
AACCATGCACAGGAGT-1,-10.252262985649272,2.8453930242855967
AACCATGCAGGATCGA-1,2.342176759300069,2.874735675652784
AACCATGCATGGATGG-1,5.2309614062879835,0.5504249556858958
AACCATGGTAGGCATG-1,2.7152977824781694,-3.6804205552737295
AACCATGGTCAAGCGA-1,-12.631426727714702,-0.5245606676737844
AACCATGGTCAGAGGT-1,4.089697444495991,-1.4497632161776601
AACCATGGTCCAAGTT-1,-11.67064372295396,2.6299334390957774
AACCATGGTCGTGGCT-1,-0.23329178089158153,2.642928205331129
AACCATGGTCTAAACC-1,5.426080310401753,-1.9034196511904775
AACCATGGTCTAGGTT-1,3.872093284187154,-2.3288227693240224
AACCATGGTGATGATA-1,0.005881750640706063,-6.592352070013719
AACCATGGTGCTAGCC-1,1.074197375831441,3.3330591543515147
AACCATGGTGTTCGAT-1,3.2642837405775347,-0.9722398893038808
AACCATGGTTACAGAA-1,3.066357219276265,-3.693087019125658
AACCATGGTTACGACT-1,3.662548625526265,-3.581303037802416
AACCATGGTTCCACTC-1,4.469089114723042,-3.1930078641573965
AACCATGGTTCGAATC-1,-12.142561829033061,1.7760496958096446
AACCATGGTTCGGCAC-1,1.3202744365309038,-2.0296496526400625
AACCATGTCACATGCA-1,-11.217154419365093,2.127831779320997
AACCATGTCGGTGTTA-1,3.3876520038221636,1.4911322220166148
AACCATGTCTCTGCTG-1,-12.072166359367534,2.5339187010128916
AACCATGTCTCTTATG-1,-9.55409041637437,2.7857986315091074
AACCATGTCTGTCTAT-1,2.319934451637105,-2.318577684561449
AACCGCGAGAAACCGC-1,5.324969375190571,0.3380292280514659
AACCGCGAGACCGGAT-1,1.7755676150892534,0.10933501123757378
AACCGCGAGAGCAATT-1,3.931678378639058,-2.77650562683745
AACCGCGAGAGTACCG-1,-11.60084334606187,-0.4068062678973256
AACCGCGAGCATCATC-1,-3.6203323959733686,0.7838935478527964
AACCGCGAGCCACTAT-1,3.777388656196431,1.978598199685377
AACCGCGAGCGATCCC-1,-3.566582596244975,-0.2126486078898488
AACCGCGAGCGATTCT-1,0.672853791770772,2.3149877413113535
AACCGCGAGCTAACAA-1,4.369499766883687,1.7435495479901255
AACCGCGAGGCAGGTT-1,3.8038416743849077,-1.6739110128085195
AACCGCGCAACTGGCC-1,4.589468085822896,-2.792060293356615
AACCGCGCAATGTAAG-1,2.3387974143598833,2.1009287460644663
AACCGCGCACGAGAGT-1,1.9507084727857866,2.5359297617276133
AACCGCGCACGCGAAA-1,4.189498984870747,1.1874613388379038
AACCGCGCACTTAACG-1,2.970447623786763,-0.9847946540515005
AACCGCGCAGCCAGAA-1,1.1120475173567095,-3.9447452203433095
AACCGCGCATACCATG-1,-3.906684553566142,-0.29647827903433427
AACCGCGCATGTTCCC-1,0.5078173518751421,1.6700745447476328
AACCGCGCATTCCTCG-1,-3.8219353317643843,0.009282894333166036
AACCGCGCATTCCTGC-1,2.524599397239522,-0.5836325661341726
AACCGCGCATTCGACA-1,4.888609969672993,-1.6609691754977285
AACCGCGGTAGAAAGG-1,-11.950895225944683,-0.7842640058199941
AACCGCGGTAGCGCTC-1,4.305137240943745,0.6809421404202403
AACCGCGGTATGGTTC-1,-3.634676849785014,0.4588611050446452
AACCGCGGTCATCGGC-1,-1.8968214153672895,3.2960766180355967
AACCGCGGTCTAGTCA-1,0.6519754767988482,-1.1328763143221914
AACCGCGGTCTTGATG-1,-2.0008941053773603,3.5416038854916514
AACCGCGGTGCATCTA-1,4.17670735126479,0.7177759631474436
AACCGCGGTGCTAGCC-1,1.5429204345320024,-3.401709713141161
AACCGCGGTGTAATGA-1,1.4286971927259722,-3.1745747701327383
AACCGCGTCAAACCGT-1,4.612574660835103,-1.9895700589816152
AACCGCGTCACCTTAT-1,5.201470935401753,-2.344432272116381
AACCGCGTCCTAGTGA-1,-11.331992065849468,2.459635577996534
AACCGCGTCGATAGAA-1,-11.60528842205064,-0.8714910523097097
AACCGCGTCTGTTTGT-1,-0.46434662336365795,-6.80392614761992
AACGTTGAGCACACAG-1,5.689608180579976,-0.18299556533499345
AACGTTGAGGGCTTGA-1,1.1728294730757036,1.8724223001797617
AACGTTGCAACTGGCC-1,2.8489466548536577,0.42512505491570846
AACGTTGCATTGGCGC-1,4.584483707008198,-0.2846678570906697
AACGTTGGTACAGACG-1,2.070556485709981,0.5257126613457621
AACGTTGGTCGCGGTT-1,2.0779689193342485,-3.184490360418993
AACGTTGGTCTGCAAT-1,-12.201105987968608,0.12862882380680457
AACGTTGGTGATAAGT-1,0.6931897044752398,3.4238394125302256
AACGTTGGTGCACCAC-1,4.388176524696187,-3.848595060507494
AACGTTGGTTCGTCTC-1,-0.3641105055238447,1.3479694946606577
AACGTTGGTTGATTCG-1,-12.302289879264995,1.4739241226513804
AACGTTGGTTGTTTGG-1,2.6969805598829546,0.4441423042614879
AACGTTGTCACCAGGC-1,6.376265609321431,0.5186484678585948
AACGTTGTCAGCTGGC-1,0.10878690486891651,3.047356687386793
AACGTTGTCAGTGCAT-1,-4.045358097496196,-0.11871897439165696
AACGTTGTCATGTAGC-1,1.482586228904561,2.586297355492872
AACGTTGTCTACTTAC-1,4.099981868324116,-1.3048340455691396
AACTCAGAGAACTCGG-1,1.8395875335310259,-1.260395325819689
AACTCAGAGACCCACC-1,3.4791994929884233,-1.5865508691470205
AACTCAGAGCTAAGAT-1,0.86655601268752,0.20210015763835326
AACTCAGAGGGAGTAA-1,6.427944266853169,0.6907983048756541
AACTCAGAGTGGTAGC-1,4.587408626136616,-1.0202553645770132
AACTCAGAGTGTACTC-1,-10.431157982292339,2.628894649346632
AACTCAGCAAGAGGCT-1,0.5836788058851519,2.1892574652035655
AACTCAGCACACGCTG-1,5.044241035041646,-2.8407382146517812
AACTCAGCACATTAGC-1,1.8812943339918413,0.5860221310456217
AACTCAGCAGGCGATA-1,3.5317021251295366,0.23109865923718825
AACTCAGCAGTAAGAT-1,3.2866669536207476,0.7621830328305186
AACTCAGCATGCCTAA-1,4.404440963325337,-0.3083974496523915
AACTCAGCATGGTCTA-1,2.3297923446272173,1.0978344305355967
AACTCAGCATTCCTGC-1,-12.502668297233745,0.8091991170247019
AACTCAGGTAAGTGGC-1,1.477372491416768,2.935401283105177
AACTCAGGTACGACCC-1,5.084335410651997,-1.551334776083666
AACTCAGGTCACAAGG-1,5.617316806373433,-0.44507757584257707
AACTCAGGTCAGAATA-1,2.4032913089369097,-1.579128302733141
AACTCAGGTCCTCTTG-1,1.150704944190816,0.4294046684105815
AACTCAGGTGAGGCTA-1,-0.16257182353989696,1.4730505569775523
AACTCAGGTTCCCTTG-1,0.762249314842061,3.1171637399990977
AACTCAGTCACATGCA-1,2.5585924029920855,-1.438864745299059
AACTCAGTCAGCTCGG-1,-11.300893700065776,2.7336905821164073
AACTCAGTCATAGCAC-1,3.087603652534322,1.1286267860730113
AACTCAGTCCCTAACC-1,-1.5456052779580793,-7.086418785254198
AACTCAGTCCCTTGTG-1,-11.445332443657085,2.018580518563551
AACTCAGTCGACAGCC-1,4.1063395381544385,-1.4883997813860952
AACTCAGTCGAGAACG-1,1.8287404418562212,0.8766597731907786
AACTCAGTCGGTCTAA-1,1.3476765990827837,-1.4409292117754995
AACTCAGTCTCGCATC-1,4.352749431190327,0.9296911581356944
AACTCCCAGCAATATG-1,-3.3921617626573286,0.5883657558758677
AACTCCCAGCCACTAT-1,-0.5710491895105085,3.6720155104000987
AACTCCCAGGATATAC-1,-11.588332092704936,1.633394203980726
AACTCCCAGTGGTCCC-1,6.43065603977187,-0.3603964821497975
AACTCCCCACCAGATT-1,-11.995556747856304,0.08446283069745913
AACTCCCCACGGTTTA-1,3.481651389655904,1.6715023144085825
AACTCCCCAGATTGCT-1,4.92385729557021,0.3763324244816722
AACTCCCCAGTATGCT-1,-1.1303937792207441,3.6898816450436533
AACTCCCCAGTGAGTG-1,0.009146535453633309,2.3874064310391367
AACTCCCCATATACGC-1,0.3801449180219927,2.5472920759518565
AACTCCCCATCGGACC-1,0.40124138599379444,0.2945169432957591
AACTCCCCATCGTCGG-1,2.2672546744917192,-1.2142919675509511
AACTCCCCATGACATC-1,1.9692891479109087,0.9342706425984324
AACTCCCGTAAACACA-1,2.3904400706861773,-0.8845665828387319
AACTCCCGTAAGTGTA-1,-11.063371574821636,3.2409897669156016
AACTCCCGTATGGTTC-1,2.643396937904195,2.719659410317701
AACTCCCGTCACAAGG-1,1.035893046912984,-1.8015674726168691
AACTCCCGTCGGCATC-1,3.060210788307027,2.203001342614454
AACTCCCGTCGTCTTC-1,5.70864733463271,-1.162809886137682
AACTCCCGTCTCGTTC-1,-12.436392700615093,-0.6356845871607839
AACTCCCGTCTTCTCG-1,6.81622036701186,0.40020384629563704
AACTCCCGTGCGAAAC-1,-11.680991089286968,-0.1622464136282979
AACTCCCGTTAAAGTG-1,2.7154475093458452,2.090463481744093
AACTCCCGTTACGTCA-1,3.2531352878187456,-1.5485222713152944
AACTCCCTCAATAAGG-1,-10.604296600761577,2.1303537710507334
AACTCCCTCACAAACC-1,3.8244915843580523,1.1590996607144297
AACTCCCTCACCATAG-1,-1.376918254735633,-7.088644184271532
AACTCCCTCACGCGGT-1,0.6778593898390093,1.7269334419568003
AACTCCCTCATACGGT-1,1.725642049369649,2.255899749596876
AACTCCCTCATGTCTT-1,3.8411265254591265,1.7450215442974986
AACTCCCTCCCATTTA-1,-1.5544025957013807,-7.178919471899706
AACTCCCTCCGCATCT-1,-12.666528618278667,-0.15729329744978532
AACTCCCTCGGATGTT-1,5.061545455512837,-0.372518994013506
AACTCCCTCGTTTAGG-1,4.962453925666646,-1.6990869418780385
AACTCTTAGAAGGCCT-1,-12.095667755546733,1.7359114511807383
AACTCTTAGAATAGGG-1,5.230993831214741,-0.5934947506587087
AACTCTTAGACATAAC-1,-0.6595530270959578,-0.0727366582552968
AACTCTTAGCAGGCTA-1,-11.414825355949565,-0.7613659278552114
AACTCTTAGCCCAGCT-1,2.7584610820387163,0.029058582981389913
AACTCTTAGCGTCTAT-1,2.4758706927870073,1.4523762091000498
AACTCTTAGCGTTCCG-1,2.5548056007002153,-0.11088623861475572
AACTCTTAGCTGCAAG-1,-11.082846558036968,-0.12574408213301286
AACTCTTAGGCTCATT-1,-1.884377574863597,2.6009136064846934
AACTCTTAGTCCATAC-1,-10.597981369438335,0.4524010940392436
AACTCTTAGTGAACGC-1,5.314291560706929,-1.0400444642703115
AACTCTTCACGAAATA-1,1.4001637340162554,0.16494841863707915
AACTCTTCAGGGTATG-1,-0.7326035856630049,1.3002291544278086
AACTCTTCAGTGAGTG-1,4.580504024085835,-1.8290000335375844
AACTCTTCAGTGGGAT-1,-3.614670669975444,-0.309187866846758
AACTCTTCATACGCCG-1,4.732412421760396,1.7316619976361216
AACTCTTGTAAGAGAG-1,4.601846778449849,0.49939759810761825
AACTCTTGTCAAAGAT-1,-10.342673218193218,0.041300706466001424
AACTCTTGTCCAACTA-1,0.30950816875441456,3.190561376412672
AACTCTTGTCTAAAGA-1,-12.502109444084331,0.6201581581433238
AACTCTTGTTGTTTGG-1,0.04442771678908253,0.7009376509983958
AACTCTTGTTTCGCTC-1,-0.04035023445145702,3.295293174584669
AACTCTTTCAGAAATG-1,5.50696858173354,0.3611709996064128
AACTCTTTCAGTGTTG-1,-1.6987080037023268,-7.094405330816942
AACTCTTTCATCGGAT-1,3.815441691932515,-1.5885608569781362
AACTCTTTCCCTTGTG-1,2.3046673179243364,1.2529058082898081
AACTCTTTCCGGGTGT-1,4.0062652469251905,1.325642786820692
AACTCTTTCGAATCCA-1,-10.61929980510728,2.9957176073391856
AACTCTTTCGTTACAG-1,0.6604408860777178,1.3178721292813242
AACTCTTTCTCGAGTA-1,-11.722708618583843,-1.3826462403933584
AACTCTTTCTGCAGTA-1,-11.08412257427232,3.022724471886915
AACTCTTTCTGTTGAG-1,1.180147492942647,-1.3314493076006948
AACTGGTAGACTGTAA-1,-12.335695183220073,1.7829904182751597
AACTGGTAGAGCTGGT-1,-3.1377959608461103,1.1568276508648814
AACTGGTAGCACAGGT-1,0.8518360496137896,1.082052491505903
AACTGGTAGCGTCTAT-1,1.4044452548597612,-3.0444270745913564
AACTGGTAGGACACCA-1,4.6796003223036085,-0.3085049764315663
AACTGGTAGGCAAAGA-1,-0.5008418917085371,2.113624177773756
AACTGGTAGGCTATCT-1,3.0879107356642046,-2.4568492547671377
AACTGGTAGTAACCCT-1,3.4471917987440386,0.1271154507000865
AACTGGTAGTAGGTGC-1,-12.220239555778667,2.3618558271725596
AACTGGTAGTGGAGTC-1,0.7000280261610308,2.110950551827711
AACTGGTAGTGTCCCG-1,0.008125031051472664,-1.4037343637148916
AACTGGTCAAACGTGG-1,5.948764407691792,-0.6129680053393423
AACTGGTCACAGTCGC-1,1.6598170638654985,-2.879311479727465
AACTGGTCACATTTCT-1,4.851964080390767,-2.522002853552538
AACTGGTCACCATCCT-1,4.047887408790425,-2.4232930318514883
AACTGGTCACCTTGTC-1,1.3478926063154497,2.2512293680508555
AACTGGTCAGCCTATA-1,1.475116574821309,-1.2966696397463857
AACTGGTCAGCTGCAC-1,1.837216937599019,-1.421516694227892
AACTGGTCAGGGTATG-1,-2.828331386985942,-0.22027108828230485
AACTGGTCATCGGACC-1,-4.030542528572246,0.48460989435510055
AACTGGTCATGTTGAC-1,-9.96893302196519,0.3216044976313533
AACTGGTGTAGCTTGT-1,4.754583442268208,-0.4659490958849965
AACTGGTGTATCTGCA-1,4.2234283328626905,-2.0205952302615224
AACTGGTGTATGGTTC-1,0.8196652770612993,-1.928783334891039
AACTGGTGTCCAACTA-1,-1.8902383207704267,3.6427985056240977
AACTGGTGTCGACTGC-1,-0.6506030320550642,0.5044066234429301
AACTGGTGTGCAGTAG-1,-0.9823207020189009,0.7909339888890208
AACTGGTGTGTGGCTC-1,0.8448713660810747,0.5664909704525889
AACTGGTTCAGCAACT-1,-0.15525654548661327,0.6689698322613657
AACTGGTTCCAAAGTC-1,2.833951556739644,2.3981741293271006
AACTGGTTCTTAGAGC-1,6.239697063026265,-0.6643128172556936
AACTTTCAGAGGTTAT-1,6.046266162452534,1.0129909141858042
AACTTTCAGAGTAATC-1,3.9037748218153276,-2.1465443746249258
AACTTTCAGATCACGG-1,3.0459862590406694,-1.9747559205691396
AACTTTCAGATCTGCT-1,-3.5729564785386763,0.7163763268788279
AACTTTCAGGAGTAGA-1,3.242342078742818,-2.740584053198534
AACTTTCAGGGTTCCC-1,-0.7530502437974653,1.3805305584271372
AACTTTCAGGTTCCTA-1,-10.903563415947124,1.1534945591290415
AACTTTCCAAGCGAGT-1,-0.7370653509523115,1.2399124725659312
AACTTTCCAAGTTAAG-1,4.642098033485249,-1.7944991962115346
AACTTTCCACCCAGTG-1,2.3908983111952105,2.601570211251539
AACTTTCGTAGGAGTC-1,0.48761769538863087,1.834486208756727
AACTTTCGTGCCTGGT-1,3.5869389415357866,-2.5050808564822256
AACTTTCGTTCGGGCT-1,1.2722476363752642,-3.6931866780917226
AACTTTCGTTCGTTGA-1,1.0918393970106401,-1.4716681615511953
AACTTTCGTTGCTCCT-1,3.952624404487447,-2.8418721334139883
AACTTTCTCAAACAAG-1,3.936750972328023,-2.850776113669115
AACTTTCTCAACCAAC-1,-0.6269350408937178,-6.9769045488040025
AACTTTCTCACCTTAT-1,4.445942008552388,-2.885317005316454
AACTTTCTCCACGAAT-1,-10.480536377372905,3.0933943613369883
AACTTTCTCCTTTACA-1,2.7781339526747026,-0.4096631185214101
AACTTTCTCGCCATAA-1,0.8888979793165483,2.744807802041334
AACTTTCTCTACCTGC-1,5.655449950752095,-1.961617864767748
AACTTTCTCTAGCACA-1,6.03321894412978,-0.9046618119875967
AACTTTCTCTCGTATT-1,-1.4994768857385359,-0.9703708068530141
AACTTTCTCTGGTATG-1,-11.48596469158189,0.7436649425824107
AACTTTCTCTTAACCT-1,2.067899310645894,2.8641210420926035
AAGACCTAGAATTCCC-1,-11.03996459239976,1.5358568056424082
AAGACCTAGACACGAC-1,3.566364371833638,2.26493986686067
AAGACCTAGGATGTAT-1,2.2474468589399614,-2.544956363836962
AAGACCTAGGTACTCT-1,3.6181531787489214,-2.279733337561327
AAGACCTAGTCGCCGT-1,-12.101183807792827,2.2991376741726817
AAGACCTAGTTCGCGC-1,5.91064175373061,-0.5767995492617666
AAGACCTCATCAGTCA-1,5.650203311500386,-0.5646982566515981
AAGACCTCATGATCCA-1,5.507915103492573,-2.6228801385562
AAGACCTCATGGTTGT-1,-12.044814979973003,2.2932141645749033
AAGACCTGTAAAGGAG-1,5.149949634132222,-1.0911374465624868
AAGACCTGTAAGTAGT-1,-3.361217892112895,-0.39583221832914933
AAGACCTGTACCGAGA-1,0.8532036185835161,-0.37074018279715165
AAGACCTGTCATACTG-1,2.880978667793111,-2.784068979422289
AAGACCTGTGACTACT-1,-1.9065366148378096,2.17092188437776
AAGACCTGTGCCTGGT-1,3.6313043475721636,1.1536253317196787
AAGACCTGTTACAGAA-1,1.4733217597578325,-2.615079321066576
AAGACCTGTTATCACG-1,0.7554715514753618,1.2430829628308238
AAGACCTGTTCGTTGA-1,1.0471197009657183,-3.5823988095919668
AAGACCTTCAAGGTAA-1,-11.094635879936382,1.7707644327481211
AAGACCTTCAGCATGT-1,2.825094783363179,2.2511590345700205
AAGACCTTCAGCTCGG-1,0.5861795783613482,2.990307889779371
AAGACCTTCAGTTGAC-1,-3.0503176807786665,0.9544983728726328
AAGACCTTCATGTCTT-1,5.151537978706196,-0.9554486648242055
AAGACCTTCCCTCTTT-1,-0.9509872853185377,0.42977973063783065
AAGACCTTCCTGTACC-1,-1.638599997701808,2.52682050307588
AAGACCTTCGGAAACG-1,-11.771367943229839,-0.5538024679820119
AAGACCTTCTGTTGAG-1,-3.4280311226274214,-0.32895869771643266
AAGCCGCAGACAAGCC-1,-11.189888870659038,2.3104918821652354
AAGCCGCAGCCAGGAT-1,3.1290126681898394,-0.7855816260973989
AAGCCGCAGCTTATCG-1,2.576514566001729,0.025752074917119894
AAGCCGCAGTACATGA-1,6.638171279487446,0.4233161731560649
AAGCCGCAGTACGTAA-1,-12.376161491813823,0.8431214912732066
AAGCCGCAGTCAATAG-1,5.204397761878804,-2.315161861578661
AAGCCGCCAACTGCGC-1,5.177851760444478,-0.8857828156153738
AAGCCGCCAATCCGAT-1,-1.0640567302133284,-1.0366275684039175
AAGCCGCCACCAGGCT-1,3.599997127113179,-0.7859151140849172
AAGCCGCCACCCTATC-1,2.3283520579908648,0.3160883112748088
AAGCCGCCACGGTAGA-1,3.8548169971082964,1.1520024164517344
AAGCCGCCACGTTGGC-1,-0.20061568016068554,3.1155336721737803
AAGCCGCCACTGTGTA-1,1.2359093070600786,1.9725409372647227
AAGCCGCCAGGTCGTC-1,0.17975136047346973,3.0194221361477793
AAGCCGCCATATGCTG-1,3.9377752185438433,1.9325046165783824
AAGCCGCCATGAGCGA-1,1.3665650725935259,-1.339774169127184
AAGCCGCGTAAATACG-1,4.759903037605122,-2.8962849752108633
AAGCCGCGTCTGCAAT-1,5.631953322944478,-0.3503542915980397
AAGCCGCGTTACCAGT-1,3.1673637271498003,-0.3932848350207387
AAGCCGCGTTGATTCG-1,-11.650272285881206,1.3555233105023325
AAGCCGCTCAATCTCT-1,3.135222995338277,-1.3004033939044057
AAGCCGCTCATCATTC-1,5.297782981452778,-0.7758658901850759
AAGCCGCTCCAAACAC-1,-10.818602478447124,-0.746974744002062
AAGCCGCTCCTAGGGC-1,5.4700199008558545,-1.82780972878142
AAGCCGCTCTCCTATA-1,5.511782252845601,-2.141253151098925
AAGGAGCAGACTAGGC-1,-12.11203948253648,0.38609739383057967
AAGGAGCAGAGCTATA-1,4.741603934821919,-2.2362777368228017
AAGGAGCAGAGGTAGA-1,-0.31942931407944775,-6.963914074103075
AAGGAGCAGATCACGG-1,1.5752344966505327,3.166482768853468
AAGGAGCAGATGTGTA-1,2.9235187411878862,0.15479624633983985
AAGGAGCAGCCAACAG-1,2.19520910984023,-0.881929315726
AAGGAGCAGGCCCTTG-1,-0.03787485355393505,1.7475536688168467
AAGGAGCAGGTGATAT-1,1.1736360431288042,-1.335615553061205
AAGGAGCCAACTGGCC-1,4.046207511482075,1.5172701700528086
AAGGAGCCAAGAAGAG-1,0.25224682098372364,0.15245383595423118
AAGGAGCCAATACGCT-1,-11.625766670646831,-1.435267128149706
AAGGAGCCAATGGACG-1,3.6337877154920855,-2.366546549002367
AAGGAGCCAATTCCTT-1,-10.979592239799663,2.1552840097744883
AAGGAGCCAGGTCTCG-1,-9.909926330986186,0.3377763851483287
AAGGAGCCAGTCGATT-1,-11.103427803459331,1.249380908807081
AAGGAGCGTACGCTGC-1,-1.8517315148736677,2.659372411568922
AAGGAGCGTACTCGCG-1,-11.59269133800523,-1.5748927966754018
AAGGAGCGTAGAAAGG-1,3.7412987590406694,-1.1282153503100454
AAGGAGCGTCCTAGCG-1,0.9461677909467974,-0.11295094350977525
AAGGAGCGTCGGCATC-1,-9.842305099907085,2.9180711134274424
AAGGAGCGTGAGGGAG-1,1.6185949683759966,1.1377236469586314
AAGGAGCGTTACCGAT-1,-11.534364616813823,1.8676731212933482
AAGGAGCGTTCCTCCA-1,2.95890482669814,0.10026609980807916
AAGGAGCGTTGTTTGG-1,-3.6845475792314253,-0.2798102871577321
AAGGAGCGTTTGTGTG-1,-3.2110834478761396,-0.013941988448339548
AAGGAGCTCATGCAAC-1,-11.494183456840679,-1.629444636503893
AAGGAGCTCATGTCCC-1,3.0935698390577593,0.526557378371519
AAGGAGCTCGCCATAA-1,0.3217972159956255,1.6876771076519907
AAGGAGCTCGGTCCGA-1,4.233692729530171,0.9932939632733286
AAGGAGCTCTATGTGG-1,-0.27676085227982616,3.466015182336134
AAGGCAGAGACGCACA-1,-9.399565613212749,3.0004945619900645
AAGGCAGAGAGTAATC-1,0.6958098054502764,3.3248709066708506
AAGGCAGAGCAGGTCA-1,3.55197819477065,1.4407009704907359
AAGGCAGAGCCAGTTT-1,2.0496340633009233,-0.19332811991377458
AAGGCAGAGCTGAACG-1,2.321932160911397,-2.919758953253466
AAGGCAGAGGGTCGAT-1,4.698338592109517,1.9285604580243052
AAGGCAGAGTAATCCC-1,2.9382620692823687,0.3510391338665904
AAGGCAGAGTCGAGTG-1,4.067849242744282,-1.8888905421893178
AAGGCAGCATGCGCAC-1,3.585350120124654,2.297560773690504
AAGGCAGCATGGTCAT-1,3.0778981090162554,1.2473930939038218
AAGGCAGGTACAGTGG-1,4.314340674934224,-3.1114224569003164
AAGGCAGGTATCAGTC-1,-1.1514727532293043,3.601368032296461
AAGGCAGGTATGAATG-1,5.73670490985854,-1.6615777389208852
AAGGCAGGTCTAGTCA-1,-3.783097660484477,0.7625183089573802
AAGGCAGGTGGTTTCA-1,6.8114786983106885,0.4272485597927989
AAGGCAGGTGTTTGTG-1,-2.0453971385385237,1.6405599935849131
AAGGCAGTCATCGATG-1,3.969202601966695,-2.6340786592166006
AAGGCAGTCCCTTGTG-1,6.393740260658101,-0.005703792075353709
AAGGCAGTCGGTGTCG-1,5.649978721198872,-1.2466364280383169
AAGGCAGTCTCAACTT-1,1.367100322303609,-1.875202693144518
AAGGCAGTCTCAAGTG-1,4.357635104713276,1.747635565598768
AAGGCAGTCTGTTGAG-1,-0.13959387535111523,1.6569386347134532
AAGGTTCAGCTAAACA-1,5.23140820270522,-2.6700917855898916
AAGGTTCAGCTCCTCT-1,-3.9163715004350386,0.2741530462105693
AAGGTTCAGGACTGGT-1,3.3574720264051714,2.2277079447110117
AAGGTTCCAAATACAG-1,-0.14196137184159374,1.9136571510632456
AAGGTTCCAAGCGTAG-1,4.843524062690571,-1.5519317762057363
AAGGTTCCAATGTAAG-1,-12.58856192821519,0.6958390696843089
AAGGTTCCAGACGCTC-1,-3.00979474777238,1.0630256160099925
AAGGTTCCAGCTCCGA-1,-3.468623793068095,0.2775893731911601
AAGGTTCCAGGCAGTA-1,-0.3646834253694258,3.3310750349362315
AAGGTTCCAGTGAGTG-1,-3.870953476371928,0.6188149078686656
AAGGTTCCATAGACTC-1,5.421344840583638,-1.1835790054003774
AAGGTTCCATGGTTGT-1,0.10384103065474415,0.8000518902142466
AAGGTTCCATGTTGAC-1,2.9786225200269976,-0.41263476769133195
AAGGTTCCATTCACTT-1,-11.325068390312358,1.9952274187405528
AAGGTTCCATTTCAGG-1,-9.43718138927476,2.7475114687283457
AAGGTTCGTGATGATA-1,2.2980616927717485,0.8322233184178294
AAGGTTCGTGCAACGA-1,4.659578883704976,-2.5184799806277334
AAGGTTCGTTGGGACA-1,1.3794043899153032,-2.4220160619418203
AAGGTTCTCACCACCT-1,4.270843589362935,-2.3584865705172597
AAGGTTCTCCGCAGTG-1,4.123385036048726,1.0608973725636424
AAGGTTCTCTACCAGA-1,1.1446803451154985,-3.670393623511034
AAGGTTCTCTCTTATG-1,3.8748107791517534,-0.5333675519625722
AAGGTTCTCTGCGACG-1,4.1934390903089795,1.9655279739697398
AAGTCTGAGAATCTCC-1,-11.143628036918804,-2.1008474008242666
AAGTCTGAGAGCTTCT-1,3.3611980319593706,-2.088643469015795
AAGTCTGAGAGGACGG-1,-1.9447836040879927,-6.829644836584764
AAGTCTGAGATGTGGC-1,1.7080529571150103,-3.7364303247134267
AAGTCTGAGCAGGTCA-1,2.1567481399153032,-1.2263263837496816
AAGTCTGAGGCTACGA-1,-12.543001091423198,0.7566497548420847
AAGTCTGAGTAGCGGT-1,4.146869742927388,-1.8573857919375478
AAGTCTGAGTATCTCG-1,4.02679976230605,-1.227179683844286
AAGTCTGAGTCCTCCT-1,1.9279099345777788,0.4292070194085063
AAGTCTGAGTGTACCT-1,-11.667531883659526,-1.1202044860522329
AAGTCTGCACAACTGT-1,4.918442332801655,0.07876309928790942
AAGTCTGCACTTAAGC-1,-10.606091415825054,2.8399716242154063
AAGTCTGCATATGCTG-1,4.825702750739888,0.7146767600377024
AAGTCTGCATGCAACT-1,3.953852737006978,-0.5727858320872365
AAGTCTGCATTGGCGC-1,-11.27347747081773,1.614564619859022
AAGTCTGCATTGGGCC-1,3.0261517406080523,-2.124416984717089
AAGTCTGGTAAACCTC-1,-2.0608569144632063,2.788307271798414
AAGTCTGGTACAGACG-1,-0.9939523398305616,0.21667744954423324
AAGTCTGGTCTCTTAT-1,1.1331301570509233,-0.5598984138171255
AAGTCTGGTTATTCTC-1,-1.0968791752483091,1.2165350540478648
AAGTCTGTCACCTTAT-1,1.922163808402852,-2.9520181790988027
AAGTCTGTCCGTACAA-1,3.189385020789937,-0.41727534691496476
AAGTCTGTCTCGCTTG-1,0.22690924411757374,0.8689414485295237
AAGTCTGTCTGCTGTC-1,-1.1013195573713026,3.5624128206570567
AAGTCTGTCTTGAGAC-1,-11.43006983989732,3.061336360772413
AATCCAGAGAGCTGCA-1,-0.0281015991594038,-1.4008051530520498
AATCCAGAGATCCTGT-1,-3.356879389228984,-0.7312347070376455
AATCCAGAGCTCCTTC-1,0.6534008622740068,-2.2978808061282217
AATCCAGAGTAGGTGC-1,2.635688388404683,-0.6478796378771841
AATCCAGAGTGTCCCG-1,0.09264298683150196,0.8078418596585215
AATCCAGAGTGTTGAA-1,6.161825263557271,0.8644609077771128
AATCCAGCACATAACC-1,3.569620215949849,2.1496122701962412
AATCCAGCACGTCTCT-1,-0.12729839080826855,1.559252940018934
AATCCAGCAGATCGGA-1,-0.3870205044175825,1.4316602571804942
AATCCAGCATGCATGT-1,1.5003901362989702,-0.790255047480303
AATCCAGGTATCAGTC-1,-0.18050626510636425,1.9131368025143565
AATCCAGGTCAGAATA-1,3.9660979152296343,0.4442846103508891
AATCCAGGTCATATGC-1,2.666036689338521,2.917811952431959
AATCCAGGTGAAAGAG-1,-1.9837568163301191,3.6292391641934336
AATCCAGGTGATAAAC-1,0.8140374065016069,3.401107154687208
AATCCAGGTTCAGTAC-1,-3.8356970905687056,-0.3870744482676564
AATCCAGGTTCTGGTA-1,2.4405973792646685,-3.7664171830813467
AATCCAGGTTGCCTCT-1,2.4773553252790728,-3.1634840146700918
AATCCAGTCAACCAAC-1,3.361848914680318,-2.398490585486132
AATCCAGTCACGCGGT-1,4.629864776191548,-2.4594990388552724
AATCCAGTCACTTATC-1,1.3642073512647905,1.8082488401730479
AATCCAGTCAGCGACC-1,1.8125322700117388,0.1523905842502536
AATCCAGTCATAGCAC-1,3.0911355853651323,-3.717747606436449
AATCCAGTCGAACTGT-1,1.295119130668477,-1.2923850194613515
AATCCAGTCTGTACGA-1,6.039980971870259,-0.07349009076758012
AATCCAGTCTTATCTG-1,-0.248461282196208,3.481974445184034
AATCGGTAGAAACCAT-1,1.675057971534566,-2.9930476323763906
AATCGGTAGACGCTTT-1,-3.633544599952861,0.06489096944527045
AATCGGTAGGACAGCT-1,-11.70435611003892,1.271095119317335
AATCGGTAGGAGTTTA-1,4.0036760211561475,-1.196558393637377
AATCGGTAGGGCTTGA-1,2.874814593849019,-0.08042486766977891
AATCGGTAGTACATGA-1,4.655812823829487,-2.4169747010867177
AATCGGTCACGTCAGC-1,4.90302571063979,-2.209075607458788
AATCGGTCAGTAGAGC-1,-3.417081272545024,-0.4307419435183583
AATCGGTCATGGTTGT-1,-3.3830508350755415,0.5023529156048716
AATCGGTGTAAGTGGC-1,6.721452796516255,0.4165604039032878
AATCGGTGTAGCGTAG-1,-11.148723518791362,-2.0577301160494863
AATCGGTGTATCGCAT-1,-3.7744297146226606,0.1905559449394168
AATCGGTGTATGCTTG-1,3.7522965312574663,-1.902718938986498
AATCGGTGTCGCGTGT-1,-11.299790298881694,0.8123263939221324
AATCGGTGTGTCGCTG-1,-12.365901863517925,2.2218292578061045
AATCGGTGTTGAGTTC-1,1.9872659087751665,-3.0859169141451894
AATCGGTGTTTCCACC-1,0.9869449973676958,3.467490278085035
AATCGGTTCAACACCA-1,-11.14739981884019,0.3857557698090495
AATCGGTTCAAGCCTA-1,-11.557866012993022,1.2798164709408701
AATCGGTTCGCCCTTA-1,0.6399714589689531,2.2514870985348643
AATCGGTTCGCCTGTT-1,-12.956272041740581,0.526175491412443
AATCGGTTCGGCGCTA-1,1.7116475940321245,1.8986016138394297
AATCGGTTCTTGTACT-1,4.892911040839985,-2.503771700064379
ACACCAAAGAATGTGT-1,2.71411141162856,0.496746085484785
ACACCAAAGACCCACC-1,3.2195092082594194,-2.859238065878588
ACACCAAAGACTAGGC-1,5.12244709735854,-2.016032852331835
ACACCAAAGATCCTGT-1,-3.8527239918138227,0.8990643246968211
ACACCAAAGATGAGAG-1,-3.6292387604142866,-0.3085627333323537
ACACCAAAGCCACGTC-1,4.325208747443989,-3.7389322892825185
ACACCAAAGGAATTAC-1,1.2970682025526323,-2.122609771887499
ACACCAAAGGACATTA-1,-12.143732941093608,-0.39912448088331803
ACACCAAAGGCAAAGA-1,1.4440415740583696,-3.2384111062686025
ACACCAAAGTACACCT-1,-3.7608236431504927,0.27873978753880874
ACACCAAAGTACTTGC-1,2.6993814349745073,0.16724298139409438
ACACCAAAGTGGACGT-1,4.336191737708882,-2.7470447198550283
ACACCAAAGTTGAGAT-1,1.860989892539815,-2.215278066794115
ACACCAAAGTTTAGGA-1,3.0749884486769,-1.01333002010985
ACACCAACAAACCTAC-1,-11.502609169426128,0.37345295389489547
ACACCAACAACAACCT-1,2.878744685706929,-1.8453767673174917
ACACCAACAAGTACCT-1,-11.419837868156597,2.7807732446988047
ACACCAACAAGTTCTG-1,-11.629847443046733,-1.4792415277163564
ACACCAACACCGGAAA-1,2.9053612590406694,-2.429048694769579
ACACCAACACGCATCG-1,1.8730829597090044,-3.3422595636050283
ACACCAACACTCGACG-1,-10.954042351188823,3.235598646004957
ACACCAACATGCAATC-1,-3.7979609131242476,0.6147375925381602
ACACCAAGTAAACCTC-1,4.761613452491597,-0.5060460940997182
ACACCAAGTCATACTG-1,3.719439590034322,-2.5998019353549062
ACACCAAGTGTTAAGA-1,2.367162072715596,-2.915026821295458
ACACCAAGTTACCAGT-1,1.7721975684736528,-3.127064861456591
ACACCAAGTTCCACGG-1,-11.25052539104478,0.1668318956096591
ACACCAATCAACGGGA-1,-0.7627156733895979,0.4414569063980998
ACACCAATCCTTGACC-1,-9.872876083793804,3.3469441755612315
ACACCAATCTGTTGAG-1,-0.05990270370499706,0.8575470074017466
ACACCCTAGACAGACC-1,3.1163969874952593,-0.6213850156466543
ACACCCTAGAGGTTGC-1,2.433164441642598,0.1933114825685443
ACACCCTAGATGGGTC-1,-1.5819610118295393,2.6549487932522715
ACACCCTAGCAAATCA-1,-9.350620186271831,3.0140632017453135
ACACCCTAGCGATATA-1,2.5384159923170366,2.6730764730771006
ACACCCTAGGCAGGTT-1,-0.782456791343852,1.0032432301838816
ACACCCTAGGCAGTCA-1,-3.3837617992784224,1.055904529889387
ACACCCTAGTGCCATT-1,-12.420327103080913,2.2479282244046153
ACACCCTCAAGCGATG-1,2.1482411265943804,-0.014693304995733347
ACACCCTCAAGCGTAG-1,5.483537280616597,0.013103358348173055
ACACCCTCAAGTTAAG-1,-11.217621719780132,3.0304458959896983
ACACCCTCACAGTCGC-1,-3.8476463913346968,-0.070800460974413
ACACCCTCACATGGGA-1,-4.024648821296855,0.6030694468815745
ACACCCTCACCGCTAG-1,0.1878347039793291,1.4541272743542613
ACACCCTCACTTGGAT-1,3.389411056098775,2.130284868081373
ACACCCTCAGCGATCC-1,3.7101894260023394,-0.720119275252062
ACACCCTCAGGATCGA-1,4.417388522682026,-0.3282956854502736
ACACCCTCATACGCCG-1,1.374405944404439,2.845370136102003
ACACCCTCATGAAGTA-1,4.265158736762837,2.2552462442715586
ACACCCTGTAAAGTCA-1,0.28215035205824757,3.48721393187837
ACACCCTGTAGCGCTC-1,2.1287544608686724,-2.9660205022494375
ACACCCTGTCAGAATA-1,5.0504194141004835,-0.9516593591372549
ACACCCTGTCGCTTCT-1,4.352687919196919,-2.613958753744799
ACACCCTGTGCCTGCA-1,-0.9473060726548872,-1.2666652576129018
ACACCCTGTGTCAATC-1,-9.995331680717632,0.4226425512631358
ACACCCTGTTACAGAA-1,3.468867385444478,1.7548722847302378
ACACCCTGTTCATGGT-1,-3.7917591690446577,0.28437262018517867
ACACCCTTCAAACAAG-1,-12.539134895744487,0.3896863385041179
ACACCCTTCACTATTC-1,0.2546280265425005,3.5640083177884043
ACACCCTTCCAAATGC-1,1.963803851661519,0.9092196448643626
ACACCCTTCCCAAGTA-1,1.4949532390211382,-3.111686386267382
ACACCCTTCCGCTGTT-1,1.6315363288496294,-3.2536164895693838
ACACCCTTCCTAGGGC-1,2.2037793040846148,2.689037881692213
ACACCCTTCGAGGTAG-1,-0.5681864380265913,1.9382670744259776
ACACCCTTCGCGGATC-1,-0.09978107208268261,0.5039725526173533
ACACCCTTCGCTGATA-1,1.282527053413228,2.7049792631466807
ACACCCTTCGTGGACC-1,1.1247616649244585,-3.846620716253954
ACACCGGAGAAGCCCA-1,4.710901820716694,-0.3393437639872609
ACACCGGAGCACAGGT-1,5.070037925300435,-0.12711063782377824
ACACCGGAGCCAGGAT-1,-10.426984703483745,2.8104453905423106
ACACCGGAGCTCCCAG-1,4.421897018012837,-0.9496610538165151
ACACCGGAGTCCAGGA-1,5.647644603309468,-0.6152718440692007
ACACCGGAGTGACTCT-1,-11.799964821281597,2.7556446417172373
ACACCGGCATAAGACA-1,3.5864263415907183,2.277121625741285
ACACCGGGTAACGACG-1,-3.601938402595683,0.25307013829545394
ACACCGGGTAAGTTCC-1,-0.249429619255229,1.734245024522108
ACACCGGGTACGAAAT-1,2.1996286750410357,0.7363377436001719
ACACCGGGTCAGATAA-1,1.7361827731703081,2.159177623589796
ACACCGGGTCCGTCAG-1,-10.47937003368394,2.5076354368527354
ACACCGGGTCGCGAAA-1,1.5649588943098345,1.0120594724018992
ACACCGGGTCTAGGTT-1,1.8070197940443316,0.3940878136952342
ACACCGGGTTAAGACA-1,1.3245082736585894,-0.5613987819354116
ACACCGGTCACTTATC-1,-0.48813334697739696,-0.21238041679068193
ACACCGGTCAGGATCT-1,-12.121017372551128,2.5186150892575205
ACACCGGTCCCTTGCA-1,2.632479274329976,-1.5011842624346792
ACACCGGTCGCGTTTC-1,1.2437470794294634,2.3619922025998057
ACACCGGTCGGAAATA-1,5.654904925880269,-0.7159070746104299
ACACTGAAGAAGGTTT-1,3.8892675281141558,-1.2292422429720937
ACACTGAAGAATGTTG-1,-0.6683403014566145,0.34495268007115737
ACACTGAAGACACGAC-1,6.604941928443745,-0.24653822938604936
ACACTGAAGAGGTTAT-1,4.529953563270405,-0.007541425625520792
ACACTGAAGGGAAACA-1,1.2700515628431597,-3.921780265967089
ACACTGAAGGGATGGG-1,1.1655307651136675,1.9586536510785044
ACACTGAAGGGCATGT-1,6.095968329963521,0.8953361733754099
ACACTGAAGGGTCTCC-1,3.8635407329176226,2.068832598527235
ACACTGAAGTCTCCTC-1,3.537273490485982,-1.260779060522753
ACACTGACAAAGTGCG-1,-11.105029022636577,1.4447238071759165
ACACTGACAAATACAG-1,2.24174174076064,1.8776172025998057
ACACTGACAATGAATG-1,-11.833236610832378,-0.9199808017413198
ACACTGACACACCGAC-1,4.371397578773335,-1.4485555068652212
ACACTGACACAGGAGT-1,-0.4966120480920515,-0.9205553905169546
ACACTGACACATGGGA-1,0.61400314575179,1.4189593418438853
ACACTGACACCGAATT-1,-0.2834552883531294,3.039128862221998
ACACTGACACTGCCAG-1,-0.8972830235387526,3.588247857888502
ACACTGACAGGTCCAC-1,-10.42118254894273,2.7036083563168467
ACACTGACAGGTCTCG-1,-1.4853610306407652,3.7397971971829356
ACACTGAGTATTCGTG-1,2.9965506435011187,-1.7891668454806386
ACACTGAGTCAATACC-1,-1.9598043321992598,3.424915872414869
ACACTGAGTCAGAGGT-1,2.3529015422437944,-1.4982295409838735
ACACTGAGTCCGTGAC-1,3.002908313331441,1.0828633530934275
ACACTGAGTCTCTTAT-1,-3.289937531891032,0.11061088637755528
ACACTGAGTGTTGGGA-1,2.788724505958394,-0.17127875248594865
ACACTGAGTTACGACT-1,2.1101220489118853,-1.2546352521578847
ACACTGAGTTCCACAA-1,-11.652892029228374,1.6216489895184458
ACACTGAGTTTGCATG-1,1.0036168933485308,-0.24270568052931413
ACACTGATCCAAGCCG-1,1.2837768436048784,1.2450533731778086
ACACTGATCTCAAGTG-1,6.084441268501118,0.6425281389553965
ACAGCCGAGAAAGTGG-1,-0.9645803629781446,-0.6523276344935476
ACAGCCGAGACCTTTG-1,3.237276160774068,-1.880134619871813
ACAGCCGAGATCCTGT-1,4.106580340919331,-0.2928814665476857
ACAGCCGAGCCAGTTT-1,2.4626668334577837,0.9927492364247263
ACAGCCGAGCGATTCT-1,2.407785022315816,-0.01848806450768098
ACAGCCGAGCGTTCCG-1,4.990035617408589,-1.4278490916888296
ACAGCCGAGGCATGTG-1,1.6654783130262651,-2.874795355002123
ACAGCCGAGTGTACCT-1,3.335582816657857,-0.7325074450175344
ACAGCCGAGTTACGGG-1,2.82224711185439,2.815974555810255
ACAGCCGCAATGGATA-1,4.878361785468892,0.040165908535283956
ACAGCCGCAGACACTT-1,1.913200700340108,0.769774101575178
ACAGCCGCATGGATGG-1,5.384291732368306,0.04271772866444007
ACAGCCGGTACCATCA-1,3.1451545596693316,-3.3179208413760244
ACAGCCGGTCATGCAT-1,2.057623946723775,1.3496164902050913
ACAGCCGGTCCAGTAT-1,4.772297942695454,0.17938647409276381
ACAGCCGGTCCGAAGA-1,0.4160000920866289,-1.3615763560931264
ACAGCCGGTGGCCCTA-1,4.166993701515034,2.1116350515683115
ACAGCCGGTTCCAACA-1,2.7133098483656206,0.5302565022309245
ACAGCCGTCACATGCA-1,0.9884799361799517,0.7952164038021983
ACAGCCGTCACCCTCA-1,-0.3984084486390791,1.8927578552563609
ACAGCCGTCATATCGG-1,-12.055564796867534,0.707094453175825
ACAGCCGTCATGTGGT-1,4.534218871650532,-0.6369662658373891
ACAGCCGTCCACGCAG-1,-10.616185104789897,-0.9497075454394399
ACAGCCGTCCGAATGT-1,3.448521220741109,1.9068637712796153
ACAGCTAAGAATCTCC-1,2.7946759105299273,0.25176388760404006
ACAGCTAAGACTGGGT-1,-10.179015076103374,0.08068802942828551
ACAGCTAAGCCTATGT-1,3.9687181354139605,0.8842683060963572
ACAGCTAAGCGCCTCA-1,0.7166736960981646,3.013653360207838
ACAGCTAAGCGGATCA-1,-0.24119464153306103,1.38103135665254
ACAGCTAAGCTAGTTC-1,-1.176742738428279,1.7473343237240733
ACAGCTAAGGATGCGT-1,5.302712047157124,-0.5256711022059499
ACAGCTAAGTCTTGCA-1,-11.524358665886089,2.739959798653883
ACAGCTAAGTTACCCA-1,-11.511608040275737,1.033283315499586
ACAGCTAAGTTGTAGA-1,3.371029937324361,-1.8928008453051626
ACAGCTACAACGCACC-1,1.9908791423414507,2.3568788393338145
ACAGCTACAAGGTTCT-1,4.4771462321852,-3.0456830636660635
ACAGCTACAAGTTAAG-1,-11.464898979606792,1.6991502865155161
ACAGCTACAATCCGAT-1,4.903533065376118,-3.0705732480685293
ACAGCTACAATCTACG-1,3.8639555812452593,1.4355524404843272
ACAGCTACACCTGGTG-1,-12.56626311534898,1.6201641186078013
ACAGCTACAGATCCAT-1,1.4084618926618853,0.27710417648152724
ACAGCTACAGCTGCTG-1,-11.76420775646226,-1.2484957353274404
ACAGCTACAGTCACTA-1,3.192007148322896,-1.2868807689349233
ACAGCTACATCGGGTC-1,4.241927230415181,-1.5398211852709829
ACAGCTACATTAGCCA-1,5.242655360755757,-2.6032210961978017
ACAGCTACATTTGCCC-1,6.645269954261616,0.27381334443883315
ACAGCTAGTGACTCAT-1,-1.609409666004344,3.2529788835843028
ACAGCTAGTGTGGCTC-1,1.7712345958326616,2.5233333929379405
ACAGCTAGTGTGGTTT-1,3.474672401008443,-2.1285308972994863
ACAGCTAGTTCGTTGA-1,4.65612801319106,-2.1696504727999746
ACAGCTATCACAGTAC-1,1.181957566795186,-1.3336664811770498
ACAGCTATCCCTTGCA-1,0.9854493976209917,3.347426496346754
ACAGCTATCCGTACAA-1,4.371526801643208,-3.3825244084994375
ACAGCTATCGGCGGTT-1,2.4450107455824175,0.7727978452046336
ACAGCTATCTTAACCT-1,-11.58501425975816,0.7328970654805125
ACAGCTATCTTGCCGT-1,2.8225274921034136,0.5396816654999674
ACATACGAGAATTGTG-1,-12.417800819816753,2.53560956557588
ACATACGAGCACGCCT-1,5.038112723884419,1.1803123577435435
ACATACGAGGACATTA-1,-10.276909744682476,3.268578849633497
ACATACGAGGTAGCCA-1,3.221747481880025,-3.2685226575533926
ACATACGAGGTGACCA-1,-12.23969832653062,0.35197293003396407
ACATACGAGTTCCACA-1,-2.0686287640954695,2.8194688185055674
ACATACGCAAGCCGTC-1,-12.794163620414897,1.0293336137135447
ACATACGCACGGTTTA-1,6.560335242805317,0.6276151760418833
ACATACGCAGCTCGCA-1,-4.054493582191631,0.4318163021405162
ACATACGCAGTAAGAT-1,4.83319624668105,-1.8908833638827383
ACATACGCAGTATCTG-1,2.728004062232808,0.46991544206933394
ACATACGCAGTTTACG-1,-1.2802824995841227,3.5539255960781992
ACATACGCATCATCCC-1,-11.28464690441148,1.7055588587124766
ACATACGCATCGGTTA-1,4.701696002540425,-3.152225889364916
ACATACGGTAAATGTG-1,4.952622020301655,0.7422335370381297
ACATACGGTGCGGTAA-1,1.288341844138936,-0.8758087531725942
ACATACGGTGGTGTAG-1,1.448559129295186,-2.427907861868578
ACATACGGTGTTGAGG-1,2.774068439063863,-1.6168548242251455
ACATACGGTTACTGAC-1,1.1543105483625689,-3.7993213311831533
ACATACGGTTCAGACT-1,3.693227374610738,-0.4037779943148671
ACATACGTCAAACCGT-1,2.743835055885152,-3.7688883916537343
ACATACGTCACAAACC-1,0.014669144210652352,-0.32916996637983903
ACATACGTCATGTCCC-1,-0.5582101106073103,1.7538722380001963
ACATACGTCGCTGATA-1,1.6618810535047808,0.3968598171074809
ACATACGTCTCTAGGA-1,-10.499186432304546,2.5510135515530528
ACATACGTCTGACCTC-1,0.7087787032697954,3.360342346032423
ACATACGTCTGCAAGT-1,2.022268140373067,2.538574300607008
ACATCAGAGAGTACAT-1,-9.414734756889507,2.871049247582716
ACATCAGAGCACAGGT-1,0.7510999084089556,-2.19853989044829
ACATCAGAGCGAGAAA-1,5.313234889564351,0.7292148693402232
ACATCAGAGCGATTCT-1,5.2492109180067335,-0.7290662900607168
ACATCAGAGGACACCA-1,-3.1257008671189985,1.1983944996197642
ACATCAGAGTAGGTGC-1,2.3977788329695024,1.1731081827481211
ACATCAGAGTCGAGTG-1,5.0354472041700635,-0.08596614758177384
ACATCAGCACCGAAAG-1,4.886278712806538,0.6322305425007761
ACATCAGCACCTCGGA-1,5.458888614234761,0.46588855226830855
ACATCAGCAGCCTTGG-1,-0.6838305353547773,0.3092804624636592
ACATCAGCAGCTCCGA-1,-10.36095420116441,-0.10834299782915696
ACATCAGCATGACGGA-1,5.281581962165669,-2.450606025854784
ACATCAGCATGCCCGA-1,-12.712660705986186,1.5376269443829478
ACATCAGGTCTCTCGT-1,4.636410319862202,0.5368999465306223
ACATCAGGTGTAACGG-1,4.106996142921284,-2.362599529425341
ACATCAGGTTCCAACA-1,4.922789657172993,-2.8519107476870595
ACATCAGGTTCCTCCA-1,1.1061993480299273,-1.5863448754946767
ACATCAGGTTCGCTAA-1,0.13995465045912647,2.446089826424879
ACATCAGGTTGAGGTG-1,6.507007682380513,0.16140593578414336
ACATCAGGTTGGTGGA-1,-0.0023349880601606365,0.3742948098977031
ACATCAGGTTGGTTTG-1,3.2227745891187944,-3.070580162207323
ACATCAGGTTTGACAC-1,5.255818450507954,-0.8614977971713125
ACATCAGTCAAGATCC-1,2.2202137351606646,0.2999757303793849
ACATCAGTCACAGGCC-1,4.228732669410542,1.6810756548245371
ACATCAGTCAGAGACG-1,-11.425429260673686,0.6263750418026865
ACATCAGTCAGCCTAA-1,2.005011403617696,-0.6984727160136281
ACATCAGTCCATTCTA-1,5.166154468116597,-2.5922292844454824
ACATCAGTCCCATTTA-1,3.4349428058241167,1.4966232403119029
ACATCAGTCCTATTCA-1,1.250913226661519,-2.8355995790164052
ACATCAGTCGCTGATA-1,1.9063144565199175,0.10417316099004165
ACATCAGTCTCACATT-1,-11.755895531120464,0.23870068033532515
ACATCAGTCTGGTATG-1,3.7106309772108355,-0.7952611819903432
ACATGGTAGACCACGA-1,-0.6529332160379133,0.07762748365597144
ACATGGTAGCACCGTC-1,6.041106784400776,0.7341532929737986
ACATGGTAGCTAACTC-1,-11.433693802299663,2.523578725655836
ACATGGTAGCTATGCT-1,2.1941913009260454,-2.257082142035204
ACATGGTCAAACGTGG-1,0.27252646690352345,0.06185523410634414
ACATGGTCAATAACGA-1,-1.0213325380708418,2.3558362348874033
ACATGGTCACGAAGCA-1,2.6748765349958696,-3.0699209348361074
ACATGGTCAGATGGGT-1,-1.531042134704753,3.1091962679226817
ACATGGTCAGCATGAG-1,1.0155461669538774,-1.4760721103350698
ACATGGTCAGTGACAG-1,1.3254366756056108,0.9534135683377207
ACATGGTCATGGTCAT-1,1.7241624236677446,-2.3148855344454824
ACATGGTGTCAACATC-1,4.966634357032612,-2.112745441595751
ACATGGTGTCAGAGGT-1,-3.3939150928880415,0.49256717403725997
ACATGGTGTCGCATAT-1,0.895740115699605,0.007093541224759969
ACATGGTGTCGGATCC-1,-0.4689474462892256,2.1757193430264414
ACATGGTGTGGTCCGT-1,2.5063157916639605,-3.2317961827914297
ACATGGTGTTCCATGA-1,-12.703765785637065,0.6699191554387034
ACATGGTGTTGCGTTA-1,2.420706355628804,1.3351312502224864
ACATGGTTCAGCATGT-1,-2.2712350248719892,-6.666265644232469
ACATGGTTCCATGCTC-1,-0.7336536406900129,1.7081124409039439
ACATGGTTCCGCAGTG-1,-11.437570488395854,0.6474310978253306
ACATGGTTCGCCGTGA-1,-3.102235352935954,-3.597439329205421e-4
ACATGGTTCTAACTGG-1,-11.488537704887554,-1.7016239539782583
ACCAGTAAGAATTCCC-1,1.7641304374311724,2.919828019936842
ACCAGTAAGACTAGAT-1,2.7911644816969194,1.994426213105482
ACCAGTAAGACTGGGT-1,4.144460284766987,1.2627381904919566
ACCAGTAAGAGAGCTC-1,4.361146056709126,1.8814892395337046
ACCAGTAAGAGTAATC-1,-1.8819283604051313,2.4986663683255137
ACCAGTAAGCCACTAT-1,0.8628993869398394,2.608786664803785
ACCAGTAAGCGTAATA-1,3.4338436961744585,1.5597244127591074
ACCAGTAAGGTGCTAG-1,3.6496802211378374,-0.9701067582766592
ACCAGTAAGTGAACAT-1,1.9186054111097612,0.8953355773289622
ACCAGTAAGTTTCCTT-1,2.7316957355116167,-1.7932808772723257
ACCAGTACAAAGCAAT-1,0.979597652015523,-2.472873844305712
ACCAGTACAAGTAGTA-1,-12.668185150566265,1.7636174782116831
ACCAGTACACAGAGGT-1,-11.776666557731792,-1.1687888280551015
ACCAGTACAGCGTCCA-1,-1.7828256248857222,3.5414520128567637
ACCAGTACATACAGCT-1,5.373112762031392,-2.5952154771487295
ACCAGTACATCTCCCA-1,-0.8860485016729078,1.764929495652479
ACCAGTAGTACAGTTC-1,4.570251071510151,-2.309856332937914
ACCAGTAGTATCACCA-1,6.3574968219373975,0.471444629033369
ACCAGTAGTCATCCCT-1,1.9296642184828081,0.24992204447583571
ACCAGTAGTCTAGGTT-1,2.497751081046895,-1.9413341657321035
ACCAGTAGTGCGGTAA-1,5.588449561652974,-1.78022352615996
ACCAGTAGTTGTCGCG-1,0.3362407327268877,-0.05194456140204057
ACCAGTAGTTTGACAC-1,3.90690287357314,-1.329313792387682
ACCAGTATCCCAAGAT-1,2.36824640041335,-0.5469231979052602
ACCAGTATCCTGTACC-1,4.53154715305312,-2.0074159280459463
ACCAGTATCGACAGCC-1,-12.41032878154771,-0.3721760884921132
ACCCACTAGATAGGAG-1,1.5812748313520708,-2.4407967702548086
ACCCACTAGCACAGGT-1,5.468672835883931,0.11492122606681004
ACCCACTAGCAGCGTA-1,1.1299396396253862,-2.914905227820116
ACCCACTAGCTAAACA-1,4.677320563850239,0.35886346538857833
ACCCACTAGCTGAAAT-1,4.495627963599995,-3.6018594876925527
ACCCACTAGGCATGTG-1,4.14660652881606,-2.0632547513644277
ACCCACTAGTACGACG-1,-2.153502559604808,3.3615880831082285
ACCCACTAGTGTTGAA-1,3.29306706195815,2.181711040337843
ACCCACTCACCAGGTC-1,4.135545337257222,-3.098088182608324
ACCCACTCAGCCACCA-1,-3.362421667518779,-0.800794221560198
ACCCACTCATGTCTCC-1,3.4534054637525835,-3.3906613961855947
ACCCACTCATTCACTT-1,1.8842132926557817,-0.7842975036303579
ACCCACTGTACATCCA-1,-0.07921019786851025,0.49902140339211837
ACCCACTGTAGATTAG-1,-12.685501015129253,-0.25715184966726884
ACCCACTGTAGCGATG-1,5.7382388949964795,-1.4910031930605947
ACCCACTGTAGCTCCG-1,5.483141505775288,-1.0657278672854482
ACCCACTGTATTCTCT-1,3.3394337535475054,2.2747603281338633
ACCCACTGTCGAGATG-1,-10.386442100944683,-0.42304823557539567
ACCCACTGTCTTGCGG-1,4.43866499668105,-1.5939554349581777
ACCCACTTCACAGTAC-1,-9.392617142143413,3.041919551690382
ACCCACTTCAGTGCAT-1,4.30631693607314,-3.671543993155199
ACCCACTTCCACGCAG-1,3.991107070503072,2.1813083513577403
ACCCACTTCGAACTGT-1,2.4604366660688677,2.774877391656202
ACCCACTTCGGGAGTA-1,1.205204570350484,-2.8549410478274404
ACCCACTTCGTCTGAA-1,-10.569186127128765,-0.5392785445849477
ACCCACTTCGTGGTCG-1,-11.938897049369976,0.3854988141854228
ACCCACTTCTCGTTTA-1,3.8341737628553667,0.617734216054243
ACCGTAAAGAACTGTA-1,4.6705180049513135,-0.18058083216353044
ACCGTAAAGAAGGGTA-1,3.6459456325147905,-0.3673041836421071
ACCGTAAAGACATAAC-1,-11.912111198845073,-0.17769665280981645
ACCGTAAAGAGCTTCT-1,-12.960347092094585,0.9793027861912669
ACCGTAAAGAGGACGG-1,5.513305270728901,-2.123584427038866
ACCGTAAAGATTACCC-1,2.6798690200422564,0.22131603946284667
ACCGTAAAGCCAGGAT-1,5.72977885013564,-1.0294391290347158
ACCGTAAAGGAGCGAG-1,-11.166660225334331,1.043093226750654
ACCGTAAAGGCATGTG-1,-12.069634354057476,-0.614646531740862
ACCGTAAAGGCCGAAT-1,-11.850561058464214,2.037005625565809
ACCGTAAAGGCTAGGT-1,4.265993678626851,0.3678705616791667
ACCGTAAAGTCGTACT-1,0.7568157554243364,-2.0133468286196767
ACCGTAAAGTGGCACA-1,-11.938226616325542,1.7917530163128794
ACCGTAACAAAGCGGT-1,-9.329305565300151,2.992706380685133
ACCGTAACACGAAACG-1,3.415217483100728,-1.4780923501650869
ACCGTAACAGCGTAAG-1,3.7393408656690874,-0.6661004201571523
ACCGTAACATGAAGTA-1,3.1781769633863726,-2.6133388654391347
ACCGTAACATGTAAGA-1,3.351524913368062,1.6996889932949961
ACCGTAACATTACCTT-1,0.011684501228169442,0.20037399222449676
ACCGTAAGTAAATACG-1,4.800849998054341,-1.0005820171038686
ACCGTAAGTACCGGCT-1,2.3378263354872026,-0.4477293864886342
ACCGTAAGTACCGTAT-1,5.475969398078755,-2.7028109208743154
ACCGTAAGTCCCTTGT-1,0.5095190644834795,2.8496526106198252
ACCGTAAGTTCGAATC-1,2.621999585685567,-1.0102589503924428
ACCGTAATCAATAAGG-1,-0.24829736942307568,2.507296644051832
ACCGTAATCACCATAG-1,1.779078567085103,0.21685422201947585
ACCGTAATCCCTGACT-1,0.055043065605000496,-0.5197281614939748
ACCGTAATCGATGAGG-1,-12.07972804302232,-0.08723727623625382
ACCGTAATCGCGGATC-1,4.531648242530659,-2.33772126595183
ACCGTAATCTTAGCCC-1,-11.88295832866685,0.8193807824452342
ACCGTAATCTTGTATC-1,6.774362647590474,0.31720299263791457
ACCGTAATCTTTAGGG-1,-11.547609245720073,0.5024919434388102
ACCTTTAAGAATAGGG-1,-11.210317528190776,2.142723880608839
ACCTTTAAGATGTAAC-1,-1.9501393198396406,-6.898274578253465
ACCTTTAAGCACGCCT-1,-2.417886650505229,2.1657894476254405
ACCTTTAAGCCACCTG-1,-12.440339004936382,2.4326632841427744
ACCTTTAAGGTGCACA-1,5.270716750678853,0.19426957507924453
ACCTTTAAGTACGTTC-1,1.0635813117597857,0.24865820248917953
ACCTTTACAAAGGAAG-1,3.1804419398878374,-0.011536747316557017
ACCTTTACAACACGCC-1,-0.02365795368210888,0.8813902958233775
ACCTTTACAAGCCATT-1,4.4051581264112745,0.07228864905731097
ACCTTTACACCCAGTG-1,4.162639224586323,-1.0550673381487905
ACCTTTACACGGCTAC-1,4.165536963996724,-2.3194655553500234
ACCTTTACACGGTGTC-1,3.8130122066114702,1.9149728639920176
ACCTTTACACGTTGGC-1,-11.646909630241558,-0.8028503433863698
ACCTTTACAGCTGCTG-1,-10.199186241569683,3.170999608834547
ACCTTTACATAGGATA-1,-0.9408810197736464,0.9095806701977671
ACCTTTACATTTCAGG-1,-12.1291770100023,0.10581025098757163
ACCTTTAGTACCAGTT-1,4.517377460059956,-2.7168347016970693
ACCTTTAGTAGTACCT-1,4.858511531410054,0.15639822547630683
ACCTTTAGTCCATGAT-1,-2.5339151977922163,0.7606702669461192
ACCTTTAGTCTCACCT-1,5.637269580421284,-1.5989537612597524
ACCTTTAGTGCCTGGT-1,1.9650820136640825,-2.5944942609469472
ACCTTTAGTTACGGAG-1,5.262290084419087,-2.882816948095995
ACCTTTAGTTGTGGCC-1,4.239419066963032,0.550907336076063
ACCTTTAGTTTGGCGC-1,4.944620692787007,0.5010230465729655
ACCTTTATCATGTGGT-1,2.5458646655653276,-0.47043988863630876
ACCTTTATCTCAAGTG-1,2.7582684398268023,-1.205032982031542
ACCTTTATCTCTAGGA-1,2.170893752631978,0.4061618669827403
ACCTTTATCTCTTATG-1,-0.9474414348031721,0.09188340501235143
ACCTTTATCTGAGGGA-1,-10.759270584526226,3.227563224633497
ACCTTTATCTGTTTGT-1,3.019768321571187,-0.1907047704855977
ACGAGCCAGACCACGA-1,4.224086844978169,-2.167724527517992
ACGAGCCAGACCTTTG-1,3.269362056312398,-1.4078762904803335
ACGAGCCAGATAGCAT-1,1.1024726272199907,-3.223468460241991
ACGAGCCAGTACCGGA-1,-0.17221561664597607,1.9083251579602183
ACGAGCCCAATCCGAT-1,0.14814790492995167,1.9019223078091563
ACGAGCCCACCATCCT-1,1.2586470485304155,1.7442406042416514
ACGAGCCCAGCTCGCA-1,-2.5530517458345137,1.3671290500958384
ACGAGCCCAGGGAGAG-1,2.4441424251173296,1.239866100152296
ACGAGCCCAGGTCCAC-1,1.5252767444227495,1.9610219820340098
ACGAGCCCATCAGTAC-1,-11.04951277965562,1.6086281164486826
ACGAGCCGTACGACCC-1,2.853229606208638,2.1977725847561778
ACGAGCCGTACTCTCC-1,0.8575702548597612,1.9856707676251353
ACGAGCCGTATAATGG-1,5.323554599342183,-2.3905111924807607
ACGAGCCGTCTCTCGT-1,0.6307562232588091,3.108929000695509
ACGAGCCGTGATGATA-1,4.456661307868794,-0.42096123854323014
ACGAGCCGTGCAGTAG-1,2.1308515906904497,-1.0202833787600576
ACGAGCCGTGTGAAAT-1,5.328371608314351,-2.6666270867983877
ACGAGCCGTTCAACCA-1,-1.4886679708387098,-0.9574937001864492
ACGAGCCGTTTAGCTG-1,1.5476046443556108,0.3009012265999736
ACGAGCCTCAAACCGT-1,5.208414161262349,0.4935328288872661
ACGAGCCTCCACGTTC-1,0.21546181446059132,1.0673353894551219
ACGAGCCTCCAGAGGA-1,4.468518817481831,-0.4699437991778432
ACGAGCCTCCGTAGTA-1,5.293661677894429,-0.19848836223288163
ACGAGCCTCCTACAGA-1,-1.608000403585597,3.5513909681637705
ACGAGCCTCGGACAAG-1,-0.17665985816971874,0.8733312710125865
ACGAGCCTCGTCCAGG-1,-3.3067902683641157,-0.5039398447672903
ACGAGCCTCTGCCAGG-1,1.7122329116438189,2.5592461450894297
ACGAGCCTCTGGTATG-1,4.056540572700337,-1.1582332030932485
ACGAGGAAGCAGATCG-1,1.7828372359846392,3.088008485635084
ACGAGGAAGCCCGAAA-1,1.3123649001692095,2.2910829408963145
ACGAGGAAGCGATGAC-1,0.8685980678175249,-3.1012820378939687
ACGAGGAAGCTGCGAA-1,4.525961959419087,0.49727445085839644
ACGAGGAAGGCATGGT-1,3.57350500827773,1.2595550640423716
ACGAGGAAGGCTAGAC-1,-0.6765371322061262,1.7188258989651621
ACGAGGAAGTGCCATT-1,3.3819995761488237,-1.977641739050585
ACGAGGAAGTTGCAGG-1,-0.8412037252809248,-1.6185442582766592
ACGAGGACAATCCGAT-1,1.3687237144087114,0.22604849924640075
ACGAGGACAATGGTCT-1,-11.986348068657085,0.014552488823694143
ACGAGGACAGGTGCCT-1,4.795735919532612,0.057948406686347875
ACGAGGACATCCCATC-1,-1.8195211648370466,3.475241266091627
ACGAGGAGTATATGGA-1,3.739367568549947,0.7746906503041209
ACGAGGAGTCTTCGTC-1,2.759281718787984,0.47025620182351485
ACGAGGAGTGAGGGTT-1,-10.322636520805522,2.4598265512783946
ACGAGGAGTGTGGTTT-1,0.835169875678853,0.36188556989030257
ACGAGGATCCCAACGG-1,2.881843173560933,-0.04617849747343644
ACGAGGATCCGCGTTT-1,2.3973325133894243,-2.5941564218203603
ACGAGGATCGGTTAAC-1,4.587389552650288,0.659495793183607
ACGAGGATCTGGAGCC-1,-11.009051239433452,0.17100938399629012
ACGATACAGAAAGTGG-1,-0.6523650645639143,1.0048198922474803
ACGATACAGCGCTTAT-1,-12.016757881584331,-0.7401389257113515
ACGATACAGGTAGCCA-1,2.4348605514143267,-0.0035454557339726356
ACGATACAGGTGCTTT-1,1.5644284129713335,-2.6913582460085927
ACGATACAGTTGTAGA-1,2.774799430427388,-2.041855253378588
ACGATACCAAATTGCC-1,3.3427282214735308,-0.7385800854365407
ACGATACCAAGACACG-1,0.00768646007521534,0.7862830980618418
ACGATACCAGCCTTGG-1,-1.666789865436717,-0.7054648772875844
ACGATACCATATACGC-1,-11.633699333610698,0.8571162446339549
ACGATACCATGGAATA-1,1.937718236503438,-3.8875099794070302
ACGATACGTAAGGGCT-1,-10.514961159172222,3.175953470071119
ACGATACGTAAGTTCC-1,-11.611310875358745,-1.3263558522860586
ACGATACGTACTCAAC-1,-0.841151779833003,0.2554903550942363
ACGATACGTAGCGTGA-1,-3.60321036571519,-0.027533404628473368
ACGATACGTTGTGGCC-1,-1.962797617855235,-6.96203915039702
ACGATACTCACCTCGT-1,4.3065534473036085,0.6254980190594615
ACGATACTCATTCACT-1,-0.22592118972794628,1.1661392076809824
ACGATACTCCAAGCCG-1,-1.0002736210252485,1.1695237978299082
ACGATACTCCTCTAGC-1,2.722932899055318,1.3421306236584605
ACGATACTCCTTTCGG-1,-11.926434433403179,2.7282749040921153
ACGATACTCTACTATC-1,-1.2971579081739626,2.050025306542677
ACGATGTAGAGGTACC-1,3.557553851661519,-2.423118271033007
ACGATGTAGATCACGG-1,5.443504893836812,-1.3954402581851064
ACGATGTAGCAGACTG-1,3.815023982581929,-2.754941381613451
ACGATGTAGCGATGAC-1,2.7379418254469194,-0.9130747691790639
ACGATGTAGGATATAC-1,4.4170881152723585,-0.02750080088778123
ACGATGTAGGCCCTTG-1,4.564602458534077,-2.646930135885912
ACGATGTAGGTCATCT-1,2.2371133208845415,-3.165372051397997
ACGATGTAGGTGATAT-1,4.731615626869038,-2.871435560385424
ACGATGTAGTGCGATG-1,3.9709130168531694,1.4793163164456309
ACGATGTCAAAGGTGC-1,-0.7527917384530745,1.8737874849636973
ACGATGTCAAGCGATG-1,2.983010852393941,1.234261475404066
ACGATGTCACGAGAGT-1,-10.04056445354478,3.392937503655714
ACGATGTCAGATGGGT-1,1.294651591834859,1.590263329346937
ACGATGTCAGCTGCAC-1,3.3173600078199663,-3.170012869040209
ACGATGTGTAACGACG-1,4.203901374397114,-9.722710649548438e-4
ACGATGTGTAACGCGA-1,4.58641251331313,2.0059691294033946
ACGATGTGTAAGGATT-1,2.922804439124898,-2.8765401021639883
ACGATGTGTACCCAAT-1,-1.9830057382013044,3.7044196947415293
ACGATGTGTACTTCTT-1,3.0562420726393023,-1.3479349986712514
ACGATGTGTCATGCAT-1,0.7048676848982134,0.8924809320767344
ACGATGTGTGCACCAC-1,-0.1634480118180952,3.7557602747281016
ACGATGTGTTACCAGT-1,-0.6999612807656965,0.3266740365822734
ACGATGTGTTCACGGC-1,2.2815252185438433,2.5712173803646983
ACGATGTGTTGCTCCT-1,-11.722124016227886,1.6406364067395152
ACGATGTTCACCCGAG-1,-3.655606424751445,-0.1266481355826436
ACGATGTTCAGTGCAT-1,5.145557963905171,0.1785993277032794
ACGATGTTCATACGGT-1,4.7845927119825635,0.39480780800179854
ACGATGTTCCCGGATG-1,3.0407462955091753,-1.2391183749835073
ACGATGTTCGGCGCAT-1,4.703889930305317,-0.7170468346278249
ACGATGTTCGTACGGC-1,5.671178424415425,-1.9748705999056875
ACGCAGCAGACTAGAT-1,3.958247268256978,-0.8980012909571706
ACGCAGCAGCTGGAAC-1,0.24987217193587208,-0.6542272345225393
ACGCAGCAGGGAACGG-1,-12.284024155082866,1.4690762384732188
ACGCAGCAGGTCGGAT-1,1.8980141521070757,2.60966905196504
ACGCAGCAGTAATCCC-1,-1.9221286534692488,3.2725194319088877
ACGCAGCCAAGAGGCT-1,0.442074024734334,0.09008471285299674
ACGCAGCCAATAACGA-1,2.2775302768324175,0.4314635916550578
ACGCAGCCACTTGGAT-1,-12.36283293956773,-0.43148521343870744
ACGCAGCCAGTAACGG-1,-0.5927320479776106,1.4734934194882334
ACGCAGCCAGTGGGAT-1,-12.269675171318218,1.934412203629774
ACGCAGCCATGCTAGT-1,-1.5820362328912458,-7.0169273988406236
ACGCAGCGTAGCAAAT-1,2.094794118461446,-3.304482616583544
ACGCAGCGTAGCCTAT-1,4.619639957008198,-1.4363299981753408
ACGCAGCGTCATACTG-1,4.8317094684217725,-1.3819140569369375
ACGCAGCGTCCGAACC-1,5.505776488838032,-0.530917443434435
ACGCAGCGTCTCACCT-1,1.408846461829976,2.582700334389967
ACGCAGCGTGCAACTT-1,-12.611780083122417,1.5615028961499156
ACGCAGCGTGTGCGTC-1,-2.766306674423381,1.148888669808668
ACGCAGCTCTCGTATT-1,-11.858105575981304,2.8147457464535655
ACGCCAGAGACAAGCC-1,1.9443174243543901,0.22030326714114562
ACGCCAGAGACACGAC-1,5.020563685951069,-2.9888099805514394
ACGCCAGAGACGACGT-1,-12.819514191093608,0.11455496204392329
ACGCCAGAGCCCAGCT-1,2.885120475349263,2.2516101225216807
ACGCCAGAGCCCTAAT-1,-0.2882751583482466,2.149907909234327
ACGCCAGAGCGCCTCA-1,-1.840596532764598,3.7137916906674326
ACGCCAGAGCTGCCCA-1,-0.35920075172440624,1.741496764024061
ACGCCAGAGTGCTGCC-1,-10.050101196708843,-0.06672897199793443
ACGCCAGCAACACCTA-1,-12.042366898002788,-0.7140522972743093
ACGCCAGCAAGCCCAC-1,2.432626569328145,0.6697833164532603
ACGCCAGCACACAGAG-1,2.3828364253614702,2.647905431588453
ACGCCAGCACCTATCC-1,-1.9892018198396406,3.734802327950758
ACGCCAGCAGTCCTTC-1,4.41748055225356,1.8452553375561656
ACGCCAGCAGTTTACG-1,6.534767711219624,0.7468130215008677
ACGCCAGCATCACGAT-1,-3.2201779245759687,0.7847247346241892
ACGCCAGGTAAGTTCC-1,2.3451925159071245,-3.3101691381136953
ACGCCAGGTCGCGTGT-1,4.553677165565327,-2.8374990598361074
ACGCCAGGTCTGATTG-1,1.7509020209883013,2.5148290022213877
ACGCCAGGTGTGAAAT-1,-0.38627926105515575,3.6865244730313242
ACGCCAGTCAGAGGTG-1,-2.799567854347392,0.024491086502832327
ACGCCAGTCCAGGGCT-1,-12.85003939861314,0.5385923310120524
ACGCCAGTCTCGTATT-1,-11.055730736198589,2.1683152540524424
ACGCCAGTCTGCTGTC-1,2.0151100993727007,0.036820702155393514
ACGCCAGTCTTGCAAG-1,2.954263293800191,-3.2059847489993154
ACGCCGAAGAAGGTTT-1,-11.387751495781108,1.177615247567457
ACGCCGAAGAATCTCC-1,-0.016740953865214347,-6.7278625146548325
ACGCCGAAGATACACA-1,2.0889037490461626,1.7000013216336192
ACGCCGAAGCAGACTG-1,4.780429446754292,0.5807748361428202
ACGCCGAAGCCACTAT-1,5.394572818336323,-2.558276333014208
ACGCCGAAGTAACCCT-1,5.421010100898579,0.4496273918946208
ACGCCGAAGTCTCAAC-1,2.563253009376363,-0.7116262690226614
ACGCCGACAAGTTAAG-1,3.1819983363722124,-0.34643021980925187
ACGCCGACAATCCGAT-1,-3.835686123314067,-0.3379259184996663
ACGCCGACAGACGTAG-1,2.638336026725606,-0.228105045954424
ACGCCGACAGTGACAG-1,-10.953108704033061,1.4637580736477793
ACGCCGACAGTTTACG-1,0.01940532928450489,1.2308206184704722
ACGCCGACATCTCCCA-1,-10.520114815178081,3.0839629991848887
ACGCCGACATTAACCG-1,-11.162593758049175,2.896952234109205
ACGCCGAGTAGCGCAA-1,-12.835163032951519,0.16041486327843085
ACGCCGAGTCAGTGGA-1,4.187729442176655,-0.9991867915789663
ACGCCGAGTCGGCTCA-1,4.19005545383437,0.469240985711378
ACGCCGAGTGGAAAGA-1,4.140923583564595,-0.1368855760495244
ACGCCGAGTGGCTCCA-1,-2.2939548849488935,2.4518617018063487
ACGCCGAGTTATCCGA-1,-3.5998078941728315,-0.14006531993551835
ACGCCGAGTTCTGAAC-1,2.592580878791646,-3.2364458219210683
ACGCCGATCAGGCGAA-1,4.589075648841694,-0.0737059489886342
ACGCCGATCATTTGGG-1,3.759291732368306,-2.6290835515658437
ACGCCGATCCGAAGAG-1,-11.461602127494976,3.0016964300473155
ACGCCGATCCGTCATC-1,-0.3682660221482954,0.6292928083737315
ACGGAGAAGAAACGAG-1,5.164630019721821,-2.5086673871676504
ACGGAGAAGCAGGTCA-1,6.556869590339497,-0.42172274748488053
ACGGAGAAGCTCCTTC-1,3.131298625526265,1.4200045688946665
ACGGAGAAGCTTCGCG-1,-4.024208223762676,0.6752883418400706
ACGGAGAAGGGAAACA-1,2.7892909885023394,-0.2873527483145772
ACGGAGAAGTCTCAAC-1,1.5634404063795366,0.9364467485745371
ACGGAGAAGTGAATTG-1,0.7727537990186968,-2.491266407171923
ACGGAGACAAGCCCAC-1,1.9142354369734087,-0.04380822936697587
ACGGAGACACATCCGG-1,-3.1470836758043013,0.644691847165388
ACGGAGACAGTGACAG-1,4.3238569141004835,-1.0343405381838857
ACGGAGACAGTGGAGT-1,1.8848708510969439,-0.23087934414549455
ACGGAGACATCAGTCA-1,1.6299851775739946,2.3620696886380137
ACGGAGACATCCTAGA-1,1.125575149116353,2.622518859704298
ACGGAGACATTCCTCG-1,1.7734435439680376,-1.0250691548983633
ACGGAGACATTTGCTT-1,-0.47200552219407177,0.6603330596287669
ACGGAGAGTAATTGGA-1,2.6130753398512163,-2.2532567159335195
ACGGAGAGTACAGTTC-1,-0.0729236959840498,-6.635503448645311
ACGGAGAGTAGTACCT-1,-9.929844772758647,3.4380722864468516
ACGGAGAGTCATGCAT-1,2.6372102141950884,-2.078756012121874
ACGGAGAGTCCGACGT-1,-1.1505826174642286,-6.960776962439256
ACGGAGAGTGCACTTA-1,1.5265613437269487,1.559407435258192
ACGGAGAGTTCCACTC-1,3.9682036281202593,-2.6986822263400136
ACGGAGATCAACACAC-1,-11.400274193229839,1.8881262167294444
ACGGAGATCAAGAAGT-1,4.107720935401753,0.25807208557919875
ACGGAGATCACAGTAC-1,5.050839030799702,-2.7963005677859365
ACGGAGATCACTATTC-1,4.462486827430562,-3.4009143487612783
ACGGAGATCAGGCGAA-1,5.5088992953871045,-0.23097822825117692
ACGGAGATCCCACTTG-1,-1.0284230768109999,3.6156321390469492
ACGGAGATCGCCATAA-1,-1.4587692230369291,-1.1733813659350454
ACGGAGATCGCCGTGA-1,1.0332826018904009,2.3454531057675303
ACGGAGATCGTCTGAA-1,3.8898955226515093,-2.6584831849734365
ACGGAGATCGTTACAG-1,1.3948186278913774,2.3114105089505137
ACGGAGATCGTTACGA-1,-1.68059233421342,-0.9625805989901601
ACGGAGATCGTTGCCT-1,0.7327063918684282,-0.29954538504286393
ACGGAGATCTCCGGTT-1,2.057107532081441,-3.3163243905703603
ACGGAGATCTCTTATG-1,3.3544865489576616,-3.2096146718661367
ACGGAGATCTGATACG-1,4.548897826728657,0.6827954872448863
ACGGAGATCTGGTGTA-1,4.016868197974995,2.420023523171705
ACGGCCAAGAAGGCCT-1,1.6784070373152056,-0.06762845079107865
ACGGCCAAGAGAGCTC-1,-1.7828084885503492,-6.899487175146776
ACGGCCAAGGTGGGTT-1,-0.03131452793137646,2.3623107298214854
ACGGCCAAGTGTCCCG-1,2.9577604175184526,0.5808185263474406
ACGGCCACAACACGCC-1,-2.74918524021165,1.642392121156019
ACGGCCACAATGGAAT-1,3.566490256843404,-0.10052471617861375
ACGGCCACAATGTAAG-1,-1.4624222874070845,3.118528209527296
ACGGCCACACCCAGTG-1,4.78179129367812,1.587621293862623
ACGGCCACACTATCTT-1,0.212911689338521,1.0253579243023814
ACGGCCACACTTCGAA-1,3.7475291133497515,1.5179012640316905
ACGGCCACATACGCCG-1,2.5523925662611284,0.980885945161146
ACGGCCACATTCCTGC-1,-10.880877411308452,2.6617630346615733
ACGGCCAGTACCGAGA-1,0.7173658252332964,3.3042214735348643
ACGGCCAGTAGCACGA-1,1.8860042930219927,-0.46050909916563615
ACGGCCAGTCCAGTTA-1,2.8687234759901323,-1.986501373449999
ACGGCCAGTCTCTTTA-1,2.11706551319106,1.0130630358059824
ACGGCCAGTGAAATCA-1,-1.8276930808450422,-6.783320583502489
ACGGCCAGTGCACGAA-1,4.732604110297993,0.8511387928326548
ACGGCCAGTGGCGAAT-1,-0.9762450813676558,0.19741362323359862
ACGGCCAGTTACGCGC-1,5.071562850532368,0.4624183698494853
ACGGCCAGTTGATTCG-1,2.094921433982686,-2.8811256066958486
ACGGCCATCAACGGGA-1,5.401334369239644,0.2040885536868991
ACGGCCATCCAAACAC-1,-11.565282738151714,1.13874300559358
ACGGCCATCCTAGTGA-1,2.567807996330098,-3.2907585279147207
ACGGCCATCGGTGTTA-1,3.3072806239698687,2.0455183609326304
ACGGCCATCGTCTGCT-1,-4.111857330742046,0.6172512992222727
ACGGCCATCTGAGGGA-1,2.4776080489729204,-0.07513768235846147
ACGGCCATCTGTCTAT-1,2.0828252673719683,-2.384507335821825
ACGGCCATCTTAGAGC-1,2.567110383567647,-1.4016641751925527
ACGGCCATCTTTAGGG-1,0.8198436141584673,2.8672381265957774
ACGGGCTAGCGTCTAT-1,-12.680580055656597,1.5890252216656626
ACGGGCTAGGCAATTA-1,4.642618739662007,-1.1759859697024404
ACGGGCTAGGGTCGAT-1,4.477367007789448,-2.842329181830126
ACGGGCTAGGTGTGGT-1,5.470400893745259,-1.648641027609545
ACGGGCTAGTGAAGTT-1,-1.37097359293954,-6.6895839349429185
ACGGGCTAGTGCGATG-1,1.6514621615980425,-0.3529507891337453
ACGGGCTAGTGTTTGC-1,2.6435106635664263,2.2809418066342295
ACGGGCTAGTTACGGG-1,1.2633927703474321,-3.639497913519579
ACGGGCTCAAGGACTG-1,1.5772550941084185,-2.9058748857180654
ACGGGCTCACCATGTA-1,-3.66201106304185,0.36180420955018416
ACGGGCTCACGAGGTA-1,2.0554540992353716,-1.2967269794146596
ACGGGCTCAGCCTGTG-1,2.415698134956197,-1.4279725925128042
ACGGGCTCAGCGATCC-1,6.016516292152241,-0.13062422732515916
ACGGGCTCAGGATTGG-1,2.6700285316084185,-3.553482450644213
ACGGGCTCATATGGTC-1,3.9136639476393023,1.7223496063549937
ACGGGCTCATCGGAAG-1,1.160916888770894,0.7495359404881419
ACGGGCTCATGCCTAA-1,1.6663685680006304,0.43500279625253097
ACGGGCTGTACATGTC-1,-2.3630999683763227,1.9196632726986826
ACGGGCTGTAGCTGCC-1,5.206025207099751,0.3625551386673869
ACGGGCTGTATCAGTC-1,3.2810049892042437,-3.940006412665087
ACGGGCTGTCAAGCGA-1,3.2001682162855425,-2.8039435521761953
ACGGGCTGTCGAACAG-1,4.315336310920552,1.8470604046185435
ACGGGCTGTCTAGTCA-1,4.845518672523335,-3.4066902772585927
ACGGGCTGTTTGTTTC-1,3.57378634220107,-2.4228710309664785
ACGGGCTTCAGCTTAG-1,1.7626043201063433,0.8363971336682261
ACGGGCTTCCTATTCA-1,-0.5120091199304304,1.1242560966809214
ACGGGCTTCGCCATAA-1,5.107746207771138,0.05357426022486106
ACGGGCTTCTGAAAGA-1,1.91749914890273,1.1066799982388438
ACGGGTCAGAGAGCTC-1,1.8454626441572466,-0.936141528288561
ACGGGTCAGAGTACAT-1,-0.07876411670701122,0.8993314727147044
ACGGGTCAGATAGGAG-1,5.088675105628804,-1.2271751538912832
ACGGGTCAGATGGGTC-1,4.515029513892964,-2.935431160132128
ACGGGTCAGCTGCGAA-1,5.10812243228896,1.2580278738339365
ACGGGTCAGGCATTGG-1,4.421541297492817,-3.554809011618334
ACGGGTCAGTGGGATC-1,-3.1312508940126142,-0.8566619531313955
ACGGGTCAGTGGTAAT-1,3.4849558711622515,-2.8635748998324453
ACGGGTCAGTGTACGG-1,-0.7361705064202986,0.26017079492406264
ACGGGTCCAATGGTCT-1,1.1653929591749468,-1.7103760615984975
ACGGGTCCAGTACACT-1,1.4947236419294634,-0.10345422486467942
ACGGGTCCAGTCGATT-1,3.7572484851454058,0.23414865871266738
ACGGGTCCATCATCCC-1,-0.34187570804612255,-7.160626567999559
ACGGGTCCATTACCTT-1,-11.36735717052476,0.3670175000031413
ACGGGTCCATTGCGGC-1,-3.084549820366069,0.2703508659203471
ACGGGTCGTACCATCA-1,-11.624768173637554,0.5764040573437632
ACGGGTCGTCTAAAGA-1,4.317164981422261,-1.9333900586764394
ACGGGTCGTCTGCGGT-1,4.766172969398335,1.6018560751278819
ACGGGTCGTGGACGAT-1,3.7441349864576616,0.08667127033070937
ACGGGTCGTTGGGACA-1,5.995113456306294,1.0274850352604807
ACGGGTCTCAAAGTAG-1,-0.5831866621400557,1.3692768438656748
ACGGGTCTCAATCTCT-1,-0.0683695434953413,-0.1928974167506276
ACGGGTCTCCGAAGAG-1,-11.226048386039897,-1.4144136087100088
ACGGGTCTCCTGTAGA-1,2.1800619006727495,-0.18348941961927995
ACGGGTCTCGCCGTGA-1,0.9690726638410845,0.8422972782452525
ACGGGTCTCTCCCTGA-1,-0.007056868019267082,1.29845079024629
ACGTCAAAGAAAGTGG-1,-11.478106415214702,-0.26768694082899674
ACGTCAAAGACCACGA-1,-3.4566737770463667,-0.17877901355429276
ACGTCAAAGACTTGAA-1,1.7065611720655718,-1.5544096604983388
ACGTCAAAGAGTCTGG-1,-11.604409134330913,0.5581483169396342
ACGTCAAAGATGGGTC-1,-4.102502500953838,-0.10214049379034623
ACGTCAAAGCAAATCA-1,-0.7221923827554426,-1.5754803792635976
ACGTCAAAGCTAAACA-1,-3.274147784652873,0.01795016964272872
ACGTCAAAGCTGTTCA-1,4.282009208259419,2.236549459298414
ACGTCAAAGTCCGGTC-1,0.3781658053968706,1.65353211005525
ACGTCAACAATGTAAG-1,2.3784211516950884,-0.07547507445021256
ACGTCAACACCGAAAG-1,-0.6909624099160872,2.0492844208081187
ACGTCAACAGGATTGG-1,3.6138788104627886,-1.9263266698519765
ACGTCAACAGTTAACC-1,3.617006385383443,-1.637780465285021
ACGTCAACATGTAGTC-1,1.910332047996358,2.5402146204312266
ACGTCAACATTAACCG-1,1.9341231227491655,-2.665154136816698
ACGTCAAGTACCGGCT-1,-12.21258822673814,2.183795772393507
ACGTCAAGTCCGAAGA-1,4.022666537818745,1.710446320374769
ACGTCAAGTCGCGAAA-1,3.6838198543165483,-0.49384639422102555
ACGTCAAGTCTTGCGG-1,-2.0952937364007673,2.1295364721615733
ACGTCAAGTTCCCTTG-1,-0.27500060791031933,2.118458352883619
ACGTCAAGTTCGCTAA-1,1.5082152724836626,-2.139774479071337
ACGTCAAGTTGGTAAA-1,1.1823230624769487,3.293330274422926
ACGTCAATCACCGGGT-1,-12.50472632640855,1.583452068169874
ACGTCAATCACTGGGC-1,4.063868129310444,-2.3117257730166494
ACGTCAATCCAGGGCT-1,4.666418159065083,-1.8070650474230825
ACGTCAATCCTGCTTG-1,1.8653872848127642,1.2395645006497324
ACGTCAATCGAGAACG-1,-11.023396408500835,2.051547132333082
ACGTCAATCGAGGTAG-1,5.51203449970229,-0.04098514477415666
ACGTCAATCGCTTGTC-1,4.981340968665913,-2.4438089505831777
ACGTCAATCGGAGGTA-1,2.0795117259596148,-0.6561122910182058
ACGTCAATCGGCATCG-1,2.538353765067891,-0.3664046303431569
ACGTCAATCTTATCTG-1,4.807048404273823,-2.453894771734911
ACTATCTAGACAAAGG-1,-1.1249845235969267,1.7688293083508433
ACTATCTAGACAGACC-1,-12.05686084026353,-0.21833611289663896
ACTATCTAGACAGAGA-1,4.6604753375623975,-1.939957298437792
ACTATCTAGCCGGTAA-1,-9.85988703960435,3.354344926675123
ACTATCTAGTGGGATC-1,-12.547378456535503,0.5136871560414256
ACTATCTCAAGGGTCA-1,1.2990668655012407,-2.5609285012881338
ACTATCTCACACGCTG-1,1.8795088172529497,-2.7768260614077627
ACTATCTCACAGGCCT-1,-0.5461318849946699,-6.939488567511278
ACTATCTCACCTCGTT-1,-12.299050247612163,1.949809513886732
ACTATCTCACGACGAA-1,3.774045550880269,-1.0750446693102895
ACTATCTCAGCCAGAA-1,-2.108633732738658,3.741211257775587
ACTATCTCAGTGGAGT-1,-0.15146664375321484,3.4063809736569346
ACTATCTGTACAGACG-1,-1.1409333556319914,-6.626692451636034
ACTATCTGTATAGGGC-1,3.815178000984029,-3.325391687552172
ACTATCTGTCGCGGTT-1,5.101918304023579,-1.9645010606448232
ACTATCTGTCGTTGTA-1,3.2029801250074663,-0.6725860611598073
ACTATCTGTGTGACGA-1,-10.725764191093608,-1.057951010863024
ACTATCTGTTGTCGCG-1,2.459916675147847,-3.222623266379076
ACTATCTGTTTGACAC-1,-12.531124985160991,2.2940450533230723
ACTATCTTCCAAACTG-1,-2.287310457172557,-6.605618156592088
ACTATCTTCCATGAAC-1,-1.8891631721879683,3.2068100794156016
ACTATCTTCTACCAGA-1,4.311371409950093,-3.112241186300951
ACTGAACAGATGCCAG-1,1.919271314201192,0.8820920213063181
ACTGAACAGATGTGGC-1,4.019708240089253,-3.0069049970309316
ACTGAACAGCCGATTT-1,-9.760444557609722,2.7526985033352793
ACTGAACAGCCGCCTA-1,-0.9521330356027327,2.0244574173291148
ACTGAACAGGACAGCT-1,-12.630427277031108,0.7653216346104563
ACTGAACAGGCGTACA-1,-11.841318046989604,-0.8790396229426443
ACTGAACAGGGCTCTC-1,-11.666952049675151,-0.9194597379366933
ACTGAACAGGGTATCG-1,1.087813222465352,-3.3678900376956045
ACTGAACAGGTGATAT-1,4.450121963081196,0.7815765961010874
ACTGAACAGTCACGCC-1,2.267906987724141,0.6487922294934214
ACTGAACAGTGAACAT-1,-0.2948292850877485,3.1464763506253184
ACTGAACAGTGAAGAG-1,5.35160502201064,-0.5999530927340566
ACTGAACAGTGCAAGC-1,0.9579752326582232,2.6593321188290537
ACTGAACAGTGGGATC-1,3.945157611427144,1.9798421486218394
ACTGAACAGTTACCCA-1,4.160080516395405,-0.451138116518694
ACTGAACCAAGAGTCG-1,3.2311669231031694,1.133392654259962
ACTGAACCACAGGTTT-1,2.8857904315565386,-1.1436365024249135
ACTGAACCAGTCGATT-1,1.0119083762739458,0.7195293529828013
ACTGAACCAGTGACAG-1,5.632364833412007,-1.6236986295382558
ACTGAACCATGACATC-1,4.478652560767964,-0.6010461823145925
ACTGAACCATTACGAC-1,-12.738656914177104,1.0166170819600047
ACTGAACGTACCGAGA-1,-10.56017009014146,-0.7577712909380971
ACTGAACGTACTTAGC-1,-3.7536610721971235,-0.16800830523176774
ACTGAACGTGAGGCTA-1,4.324569308814839,-2.5001138822238027
ACTGAACGTGGTACAG-1,4.139645183143452,-1.2370312587420522
ACTGAACGTTATCCGA-1,6.671839797553853,0.42441176613168136
ACTGAACGTTTAGCTG-1,3.3738370776747026,1.869823180039686
ACTGAACTCATCGGAT-1,2.936235034522847,0.11639268593238011
ACTGAACTCGTACCGG-1,-12.681964790764019,-0.3507900015513478
ACTGAACTCTCTTGAT-1,2.475226724204854,0.405191354354185
ACTGAACTCTGATTCT-1,1.0248070598219194,2.618995271523756
ACTGAGTAGACAGAGA-1,2.5175276637647905,-1.1768587009112417
ACTGAGTAGACATAAC-1,2.9687200427625933,-1.4003962651888906
ACTGAGTAGACTAGAT-1,2.23461397891982,-1.439982213179308
ACTGAGTAGATAGTCA-1,1.5776067615125933,-1.8480658904711782
ACTGAGTAGCTTATCG-1,3.5555740237806597,-2.341598905722338
ACTGAGTAGGATTCGG-1,3.3719373584364214,-3.5629345552126943
ACTGAGTAGGGAGTAA-1,3.249457919654683,0.9653229339917124
ACTGAGTAGGGCATGT-1,-3.2850488781358442,-0.38253907124205216
ACTGAGTAGGGTATCG-1,-1.8223020195390425,3.784790597756666
ACTGAGTAGTGAAGTT-1,1.3750007987592974,-1.1765255109469472
ACTGAGTAGTGCAAGC-1,-11.967283165397808,1.0045132263501109
ACTGAGTCAAACAACA-1,-12.105134880485698,0.40253599723176375
ACTGAGTCAACGATCT-1,1.0534206271742144,0.9647163375218333
ACTGAGTCACAACTGT-1,2.2804032207105913,-0.7122626678149282
ACTGAGTCACCCTATC-1,4.080913150367573,0.41484209140138045
ACTGAGTCACTGTCGG-1,1.2328496814344683,-2.223151601950365
ACTGAGTCAGCTGTGC-1,0.8817942977522173,0.9813783987362803
ACTGAGTCAGGGATTG-1,1.3503149390791216,-3.961775459448534
ACTGAGTCAGTGGGAT-1,-0.3509559988404951,1.3369230850537241
ACTGAGTCATTATCTC-1,0.8776806235883989,3.1407774313290537
ACTGAGTGTATAGGGC-1,-1.7697713434125624,3.4126304014523448
ACTGAGTGTCCAACTA-1,1.6019719482038774,1.517590366204542
ACTGAGTGTCCAGTAT-1,0.8754275680158892,-2.1182278768221914
ACTGAGTGTGCGATAG-1,-1.1174131988908491,1.41786213954286
ACTGAGTGTGCTTCTC-1,2.87523897891982,0.9447816236813487
ACTGAGTGTGTGTGCC-1,5.360876166877583,0.3191577716668071
ACTGAGTGTTAGATGA-1,-10.909284508171245,3.166546903451246
ACTGAGTGTTGGTTTG-1,2.0915051341627398,0.8018956406910838
ACTGAGTGTTTACTCT-1,2.751588904914693,-2.3247198239962636
ACTGAGTTCCACGCAG-1,-1.903083240928813,-6.846356548468309
ACTGAGTTCCGATATG-1,1.5296991706465044,2.5460947378476084
ACTGAGTTCGCCCTTA-1,-0.9639785348798475,-1.3182247058550893
ACTGAGTTCGCGTTTC-1,5.156951987800435,0.8221883996327342
ACTGAGTTCGTGGTCG-1,0.4573154092405596,1.8642246349652232
ACTGAGTTCTAACCGA-1,3.3467341304395952,-2.7925492898623525
ACTGAGTTCTAGAGTC-1,5.195525252876118,-0.47579620043440446
ACTGAGTTCTTTAGGG-1,-12.920352852287456,1.630316220124525
ACTGATGAGAAACGCC-1,-12.184297478141948,0.7838829978306712
ACTGATGAGAAGGACA-1,-12.711090958061382,0.7602585776646555
ACTGATGAGCCCAACC-1,3.712144458350972,1.3244521244366587
ACTGATGAGCCTATGT-1,3.6947689891432085,-2.2047154084841787
ACTGATGAGCTCCCAG-1,-4.122146761360332,0.3009811713297786
ACTGATGAGCTGTTCA-1,3.1845432162855425,0.7783311231930674
ACTGATGAGGATGGTC-1,-0.338224625530406,1.059133551915449
ACTGATGAGGGAAACA-1,-11.485935127678081,1.8941872938473643
ACTGATGAGGGTCTCC-1,3.41694983249648,1.8817745073635996
ACTGATGCAAAGAATC-1,1.135162198600606,-0.15019906322165116
ACTGATGCAATACGCT-1,2.2060094714735308,0.9749400242169322
ACTGATGCACCGTTGG-1,-0.07582775348679638,3.1678622587521494
ACTGATGCAGCAGTTT-1,-1.9757290243531904,3.369441114266676
ACTGATGCAGTAACGG-1,4.375566566047505,0.10406546820261792
ACTGATGCAGTGGGAT-1,-1.4052360563899717,3.4268132074673594
ACTGATGCATGTAGTC-1,-12.301741516533061,1.4472252949078501
ACTGATGGTAAGTTCC-1,4.916342341956929,-1.147460617224413
ACTGATGGTACCAGTT-1,4.355449283180073,-1.6640494243304311
ACTGATGGTCCGTGAC-1,-11.682061111869976,-1.0740942136447011
ACTGATGGTCGCATAT-1,-11.699466621818706,2.8411012514431895
ACTGATGGTGACTACT-1,2.4631381869886675,-1.9271513597170888
ACTGATGGTGATAAGT-1,4.8768192172621045,-2.2917296067874013
ACTGATGGTTCGTGAT-1,1.8851841331098833,1.475320897897047
ACTGATGGTTGCCTCT-1,-0.37257132524506664,-7.1439296380679185
ACTGATGTCAGAAATG-1,2.4212029815290728,-0.528343357245165
ACTGATGTCAGCATGT-1,2.3098035693739214,-3.6613253728549062
ACTGATGTCAGCGACC-1,-1.6822847782994947,3.747110925515455
ACTGATGTCATCTGCC-1,0.6895131707762041,0.6927305682499827
ACTGATGTCATTTGGG-1,-0.0752965568925581,1.1546805723507823
ACTGATGTCCCGGATG-1,1.3608182311628618,-3.5544957296053945
ACTGATGTCCTTGCCA-1,4.064549529609517,-2.6432339326541006
ACTGATGTCGCGTTTC-1,-11.829360878410503,0.5417186542351664
ACTGATGTCTCCTATA-1,4.525464618263081,-2.712228216330248
ACTGCTCAGAGTGAGA-1,4.173576438484028,1.4724129064877451
ACTGCTCAGCACGCCT-1,2.043566787299947,-2.099608577887255
ACTGCTCAGCAGGCTA-1,0.06903978591902638,0.16584239890174285
ACTGCTCAGCCGATTT-1,-10.414649879875347,-0.12899496416254624
ACTGCTCAGCGTCAAG-1,1.9963627696607866,1.945414148171705
ACTGCTCAGGCAAAGA-1,3.163027370033101,-3.016629375616747
ACTGCTCAGGGAGTAA-1,-2.855042254867717,0.7826948388417185
ACTGCTCAGGGTATCG-1,2.128530347404317,-0.7866503373782217
ACTGCTCAGTCGAGTG-1,-0.021697676124735832,1.4795755966504038
ACTGCTCAGTGACATA-1,4.061849200782612,0.01679866005973235
ACTGCTCAGTGTACTC-1,0.37717505699141407,1.7113134487469615
ACTGCTCCAAGCCTAT-1,-11.272967255058452,1.814530096848768
ACTGCTCCAAGCGCTC-1,3.971928203162984,-2.3756624833743154
ACTGCTCCAAGCTGGA-1,3.5066915393446245,-3.2556094304720937
ACTGCTCCAAGGACAC-1,-4.050749695243999,0.2669261171420039
ACTGCTCCAATGGAGC-1,-12.158026611747905,1.9675033911068858
ACTGCTCCACAAGACG-1,-10.588876640739604,0.2924834116299571
ACTGCTCCAGCATGAG-1,2.3894823432539263,2.8438123091061533
ACTGCTCCAGGCTCAC-1,1.7397144675825396,1.5235384329159678
ACTGCTCCAGGCTGAA-1,4.829305732307271,-2.599131979147631
ACTGCTCCAGTATCTG-1,1.013573014793233,2.9229958875973643
ACTGCTCCAGTCACTA-1,6.110567176399067,0.6194435580571116
ACTGCTCCAGTCGATT-1,2.907033526954488,-1.4028557912509023
ACTGCTCGTAAACCTC-1,-0.38167885536210155,-6.962057270209032
ACTGCTCGTAATCACC-1,-0.476965224685832,-1.3770468608538686
ACTGCTCGTACCCAAT-1,-11.270841515007183,2.324815593560499
ACTGCTCGTACGAAAT-1,-3.237920558395549,-0.6764776484171926
ACTGCTCGTCAAGCGA-1,-3.657956755104228,-0.3392361776034413
ACTGCTCGTCGGGTCT-1,1.2224276900862017,3.249960265954298
ACTGCTCGTGTGAATA-1,1.6161058784101763,1.9891391619046153
ACTGCTCGTTAAAGTG-1,-1.7599115132714949,3.5937755926449717
ACTGCTCTCAGTTAGC-1,2.3614929557417192,-3.189830221335131
ACTGCTCTCCAAAGTC-1,0.8841021895979204,0.25067352493600265
ACTGCTCTCCCAGGTG-1,0.6538232207868853,0.2976224495966853
ACTGCTCTCGATCCCT-1,0.7478199840162554,-2.789275802771288
ACTGCTCTCGCTTAGA-1,-11.042141830864116,2.308513961633009
ACTGCTCTCTCTGAGA-1,0.6340369821165361,3.425826631387037
ACTGCTCTCTGCCAGG-1,4.007562720832661,-1.7424259559313833
ACTGCTCTCTTTACAC-1,3.6640306354139605,-3.9117538110415517
ACTGTCCAGAGCCTAG-1,1.2255841136549273,2.882392488320631
ACTGTCCAGGTAGCTG-1,-10.27606478923814,0.658040486176771
ACTGTCCAGGTCGGAT-1,6.060818755683735,-0.942683972517687
ACTGTCCCAAGGACAC-1,-4.136537229957744,0.19643774618701354
ACTGTCCCACTATCTT-1,3.0322981715772905,0.5029811485608042
ACTGTCCCACTTACGA-1,-0.1497388243104658,2.0042458399136485
ACTGTCCCAGGACGTA-1,2.445943677482442,-0.28373212377234086
ACTGTCCGTCTTTCAT-1,1.1501587272260942,0.2956034465630473
ACTGTCCGTTGCGTTA-1,1.4629231334303179,-2.4193879739443838
ACTGTCCGTTTGGCGC-1,0.05201753383620167,2.0470747574170054
ACTGTCCTCAAGGCTT-1,4.296363437232808,-1.4548534528414785
ACTGTCCTCAATAAGG-1,0.3460162520979204,1.4666546209652842
ACTGTCCTCCGCAGTG-1,4.263753020820454,-1.226377762953478
ACTGTCCTCCTGCTTG-1,-0.6799314975167952,0.4994847102959575
ACTGTCCTCCTTTCGG-1,-3.157514607849284,0.9342698081334055
ACTGTCCTCGTTACAG-1,3.6309915423963823,-1.2777326480547964
ACTGTCCTCTCACATT-1,-11.04830542797105,1.951339922745985
ACTTACTAGAATCTCC-1,3.959934794959859,-0.9403700009982168
ACTTACTAGATGGGTC-1,-11.970179474296733,1.5531545503933848
ACTTACTAGCTGCAAG-1,0.9467922092054644,-3.0483781472842275
ACTTACTAGGCTCAGA-1,1.6163154483412066,-3.7494448796908437
ACTTACTAGTACGATA-1,-0.2700384020234785,1.6113586052258433
ACTTACTAGTCCATAC-1,-0.6339339374925337,0.7915961964924754
ACTTACTCAAGACACG-1,-3.8687008976365767,-0.061661996046739664
ACTTACTCAGTCGATT-1,-0.2722727417375288,1.8529349191983164
ACTTACTGTACCAGTT-1,3.7550907970045366,-3.353496231238085
ACTTACTGTATGGTTC-1,-12.18375579113023,0.18215377618865386
ACTTACTGTCCAAGTT-1,5.568067157325581,-0.20160017172499284
ACTTACTGTCCATCCT-1,-3.5147010445024214,0.13970869024590865
ACTTACTGTCGCATAT-1,2.2122960925672808,-3.133116878668505
ACTTACTGTCGTGGCT-1,3.6041370273206987,-1.6632616893450796
ACTTACTGTCTGCGGT-1,5.343250834998921,-0.7558338419596731
ACTTACTTCAACACAC-1,0.14763184791548634,3.393979869683546
ACTTACTTCAACGCTA-1,3.0337086558912554,-2.8175923005740224
ACTTACTTCAGTCCCT-1,0.5607035995100298,3.02824815352754
ACTTACTTCCGTAGTA-1,-1.727725005092784,3.416265331109327
ACTTACTTCGCCCTTA-1,-0.21286336177842236,3.473947368462843
ACTTACTTCTGGTATG-1,3.4999724269483843,-0.1410015449921666
ACTTACTTCTTTCCTC-1,-0.278984701576396,3.1138292177517832
ACTTGTTAGAGTTGGC-1,-0.06567541355149364,0.9549236520131053
ACTTGTTAGATATGGT-1,0.026931369361714363,1.7383137567837657
ACTTGTTAGCACAGGT-1,2.966022574958638,0.23132128258542434
ACTTGTTAGCGTAATA-1,-0.5649427532579145,1.3970810993512095
ACTTGTTAGGCTAGCA-1,-0.11914829010026073,-6.941326774756151
ACTTGTTAGGGTTTCT-1,-11.171951210441753,-2.07321874062224
ACTTGTTAGTACGCCC-1,-12.403682625236675,1.3581450804074229
ACTTGTTAGTGTGGCA-1,2.3341968894575396,-3.2461673394839345
ACTTGTTCAAGGCTCC-1,0.07139047389967823,1.818578325112623
ACTTGTTCAATCGGTT-1,4.471449935493306,-1.2135013715426504
ACTTGTTCACCGTTGG-1,-12.353438293876811,-0.14092902104063615
ACTTGTTCACGAAGCA-1,2.890831077155904,-1.3521029130618154
ACTTGTTCAGTCGATT-1,0.9236067176435747,-0.7955682055155813
ACTTGTTCAGTCTTCC-1,4.619570815620259,-2.4505838529269277
ACTTGTTCATCGATTG-1,2.212116086540059,-3.000555910269457
ACTTGTTCATGCCTTC-1,-3.185004389228984,0.8010872228939951
ACTTGTTGTCTGCAAT-1,-1.2630854755069456,3.458428941567701
ACTTGTTGTTCGCGAC-1,1.7120779395674028,1.7292245252926768
ACTTGTTTCAACACAC-1,2.006054246482686,-1.1496478692690908
ACTTGTTTCGGCTTGG-1,1.4604695678327837,3.4312384947140635
ACTTGTTTCGTGTAGT-1,0.707406842765645,-0.2858342901866017
ACTTGTTTCTTCTGGC-1,0.38329049354536915,0.8546646459896983
ACTTTCAAGAAGCCCA-1,-0.5810873865510664,-1.6330085174243032
ACTTTCAAGAAGGTTT-1,2.4248784423445024,-2.9527005330721914
ACTTTCAAGATGTTAG-1,1.9593473315809526,-0.08983840803309068
ACTTTCAAGCCCAGCT-1,3.4476042628858843,0.18372645219163314
ACTTTCAAGGGATCTG-1,-2.4064963220979414,-6.6116983071963364
ACTTTCAAGTCGTACT-1,-12.63960067028062,1.675478778680128
ACTTTCAAGTGACATA-1,4.4787760615919385,0.7940961941082896
ACTTTCAAGTGGGATC-1,1.8282030463789263,-2.233968652884203
ACTTTCACAAAGCAAT-1,-11.460803902092144,1.715108357270521
ACTTTCACAAGGACAC-1,3.7503338695143023,-2.6515978948275625
ACTTTCACAAGTTCTG-1,0.13245483642561817,3.450902543862623
ACTTTCACACAACGTT-1,5.3939557910536085,-1.7770268098513662
ACTTTCACAGACAGGT-1,3.748060786781148,-3.7882818357150136
ACTTTCACAGCTCGAC-1,1.8598018527601519,-0.7832473293940603
ACTTTCACAGGGCATA-1,-11.32582179302232,1.6150029524167002
ACTTTCAGTCTCGTTC-1,-0.16394809478776073,0.24888875325517074
ACTTTCAGTGAGCGAT-1,1.7806192279432573,-0.9474314824740468
ACTTTCAGTGCAGACA-1,1.993055903968648,1.2086591347058238
ACTTTCAGTGTGACGA-1,4.338534438667134,-2.2529932634036123
ACTTTCATCAAACGGG-1,5.327154243049458,0.9081353767712534
ACTTTCATCAAGATCC-1,1.2887800574873247,-4.043181575934129
ACTTTCATCAAGGCTT-1,1.2133885264967241,-3.2883566991488515
ACTTTCATCATGCTCC-1,-0.9642700015927992,3.256857953866285
ACTTTCATCGCAAGCC-1,1.4804952979658403,-3.8575915471713125
AGAATAGAGACTAGAT-1,0.14384349590285206,0.5772229357560099
AGAATAGAGATGTGGC-1,1.7737296462629595,-2.3658084050814687
AGAATAGAGGCGCTCT-1,1.8665197730634966,-1.7139598504702627
AGAATAGAGGTCATCT-1,4.255197608527974,-1.324753441015917
AGAATAGAGTAATCCC-1,4.552911365089253,-2.031320251623827
AGAATAGAGTGAAGAG-1,5.1244998813246045,-1.8908857480685293
AGAATAGCAAACTGCT-1,3.373631560859517,-1.954251207510668
AGAATAGCAACACCCG-1,1.677954995689229,3.1288236006100596
AGAATAGCACCAGATT-1,0.8742242694471636,1.4612310751278819
AGAATAGCACCGCTAG-1,-11.685818588676616,-1.044675029913622
AGAATAGCAGGAATCG-1,4.527443969306782,0.6863377912838877
AGAATAGCATCCGGGT-1,-0.6935525893594465,0.695475481351179
AGAATAGCATCTATGG-1,-0.46214601987855053,3.54930528243379
AGAATAGCATGGAATA-1,-3.1489632486726484,-0.258061237732607
AGAATAGCATTCGACA-1,-1.317563826533719,-1.1457182542483388
AGAATAGGTAGAGCTG-1,4.1303521037672315,-1.4749193565051137
AGAATAGGTAGAGGAA-1,2.2891271949384966,1.61484380801515
AGAATAGGTAGCTCCG-1,2.6565585971449175,2.0338847263653697
AGAATAGGTATAATGG-1,5.363172614631489,-1.4738014117877065
AGAATAGGTCAACATC-1,1.8834689498518267,0.6010728700955332
AGAATAGGTCTAGCGC-1,2.4195233226393023,2.2014058454831065
AGAATAGGTGACCAAG-1,1.881561124381856,2.6018811090786875
AGAATAGGTGCTCTTC-1,2.112470948753194,-3.528059162298876
AGAATAGGTTCACCTC-1,-0.3041282057191572,0.6560226901371897
AGAATAGGTTCATGGT-1,4.906139934120015,-0.05798352519674882
AGAATAGTCAGAGACG-1,3.6526261211012163,-3.0334312097231924
AGAATAGTCCATGAGT-1,-0.18288222545640087,0.23251744349793807
AGAATAGTCCGAATGT-1,3.492748344001607,-0.9878247157733022
AGAATAGTCCGCATAA-1,-1.5664134978677473,1.428462587197584
AGAATAGTCCGTTGCT-1,4.453028762397603,0.9326871856053294
AGAATAGTCGCCGTGA-1,1.1760233283613482,-2.1010321752230703
AGAATAGTCGGCTTGG-1,-10.764002716484233,0.13421061997608558
AGAATAGTCTAACCGA-1,2.7900896907423296,-0.37201202670736894
AGAATAGTCTGTACGA-1,-10.43729296916978,2.4566977842648448
AGACGTTAGAGATGAG-1,2.5291384101484575,-1.3396112100283681
AGACGTTAGCACCGCT-1,3.8632183909986773,-0.9405002967516958
AGACGTTAGGAACTGC-1,4.141622150001362,-1.9008983747164785
AGACGTTAGGCCCTTG-1,-1.9107822536851606,3.437509380181593
AGACGTTAGGTGATTA-1,4.001033866462544,-1.269665755430895
AGACGTTAGTAAGTAC-1,-12.606625473442241,0.42842295010880843
AGACGTTAGTACACCT-1,-3.0621807932283125,-0.9901274816195547
AGACGTTAGTGTACCT-1,2.6538425326917925,-3.386753954092699
AGACGTTAGTTGAGTA-1,3.57853373294814,-0.6432660595576345
AGACGTTCAAAGAATC-1,2.2965222240064898,-2.629016079107958
AGACGTTCAAGGTGTG-1,0.051254236755208016,3.33972915252046
AGACGTTCAATGTAAG-1,2.183396422920064,1.2782231195767344
AGACGTTCATGCCCGA-1,-3.0438076614762983,0.26905093332127944
AGACGTTCATTTCACT-1,-1.9810589312936506,3.386463723977369
AGACGTTGTAGCGCAA-1,-11.619745171013042,1.0126267298062266
AGACGTTGTCTCTTTA-1,5.591600978431538,-0.2117357031504689
AGACGTTGTGGTGTAG-1,-12.676451599540874,1.1913042887051524
AGACGTTGTTAGAACA-1,-12.118554985466167,-0.68223009268446555
AGACGTTGTTATCACG-1,4.847652518806294,-2.472472347418505
AGACGTTGTTGATTGC-1,-12.182770645561382,1.4873547180493296
AGACGTTTCCTATTCA-1,1.0546422839735308,-2.4025375024478017
AGACGTTTCCTTGCCA-1,2.6630047202680864,0.2949592991669597
AGACGTTTCGCCCTTA-1,2.7742577434156694,1.6061013563473643
AGACGTTTCGTCACGG-1,-3.8031200527574263,-0.12690814594431504
AGACGTTTCTTAGAGC-1,-2.333754455986186,2.2150383814175547
AGAGCGAAGACGCAAC-1,1.1092277408216753,1.6039487942059458
AGAGCGAAGATGTCGG-1,3.654683673438863,1.2304671629269541
AGAGCGAAGGCATTGG-1,-0.25089946979539013,1.862060867150587
AGAGCGAAGTAGATGT-1,4.734158122596577,1.538164816697401
AGAGCGACACGCTTTC-1,1.6539922595594683,2.591764293511671
AGAGCGACAGAGTGTG-1,2.613806569633321,0.08018273105220214
AGAGCGACAGGAATCG-1,3.981806838569478,-1.5060383454958974
AGAGCGACAGGGTTAG-1,4.704373920020894,-0.5716190115611135
AGAGCGACAGTCGTGC-1,5.4425774455641065,-1.1631526128451406
AGAGCGAGTCAACATC-1,4.9619608760450635,-0.4562050477664052
AGAGCGAGTCAGGACA-1,1.312997424659566,0.7888525350888194
AGAGCGAGTCCGAAGA-1,0.32874521022780323,1.5745222194989146
AGAGCGAGTCCGAGTC-1,4.986609065589741,1.635033927758497
AGAGCGAGTGCAGTAG-1,4.67838724857314,1.3898648842175425
AGAGCGAGTGTTAAGA-1,2.493011081275777,2.6696318014462412
AGAGCGAGTTCAACCA-1,4.251780116615132,1.1698188408215464
AGAGCGATCCCGACTT-1,5.1193376422498975,-2.2905797139803945
AGAGCGATCTGCAGTA-1,-10.737598335685894,1.982671342690748
AGAGCGATCTTCCTTC-1,4.7588687778089795,-1.8775790111224233
AGAGCTTAGATAGCAT-1,2.375382745323018,1.157062612374586
AGAGCTTAGCCGTCGT-1,-0.33485863203065014,0.603587053616804
AGAGCTTAGCTAGTTC-1,-0.23983708614365673,1.0849745496113719
AGAGCTTAGCTGAACG-1,-0.3662267088319502,2.5013237818081797
AGAGCTTAGCTTATCG-1,3.883434379157857,-3.724449791113573
AGAGCTTAGGATCGCA-1,-10.369769012870952,-0.5464166180293142
AGAGCTTAGGGATACC-1,4.023439967689351,-0.05951250354452714
AGAGCTTAGTAATCCC-1,6.464658343849019,-9.489358465252784e-4
AGAGCTTAGTACATGA-1,4.2371331096266065,1.734639368851942
AGAGCTTAGTGGGCTA-1,0.20082196002943897,-0.05979786078138932
AGAGCTTCAACTGGCC-1,-10.997896110954448,1.262496076424879
AGAGCTTCAATAACGA-1,5.039931857642964,-1.765167750517565
AGAGCTTCACTGTGTA-1,5.709469401893452,-1.423124827543932
AGAGCTTCAGGGTACA-1,4.041212165412739,0.7436052187283457
AGAGCTTCATGAGCGA-1,-11.346613800468608,1.3313195331891001
AGAGCTTGTACCGTTA-1,6.0923014522169385,0.942382596333784
AGAGCTTGTAGGACAC-1,-0.3703893780137739,-7.113374866644579
AGAGCTTGTCTGGTCG-1,-0.03478327983872509,2.306363664468092
AGAGCTTGTGACAAAT-1,-10.743749535026714,2.408931337197584
AGAGCTTGTGCCTGTG-1,2.326162421760396,-0.04134354750319108
AGAGCTTTCAACACGT-1,-0.2957405208970747,-7.158978618780809
AGAGCTTTCAGGCAAG-1,2.082254493293599,1.5260719879467906
AGAGCTTTCAGTGCAT-1,-1.032308047952815,3.5401678903897227
AGAGCTTTCATACGGT-1,4.785122954902485,1.6699649914105357
AGAGCTTTCCACGAAT-1,3.68440588718398,-0.44618038098021134
AGAGCTTTCGGACAAG-1,-3.7427431702043257,-0.16797167817755326
AGAGCTTTCGGTTAAC-1,2.0720127463911333,1.5407892092068614
AGAGCTTTCGTCCAGG-1,-2.743333256187602,1.4851104839642466
AGAGCTTTCTCGGACG-1,3.553332889137105,0.9448427184422434
AGAGTGGAGGCAGTCA-1,6.730208480415181,0.44460137923554793
AGAGTGGAGGGCTCTC-1,1.7990170360182085,1.062308154900831
AGAGTGGAGTGGTCCC-1,-9.65755835765855,3.1811986788113535
AGAGTGGAGTTATCGC-1,1.8961542487715044,2.9483447893460215
AGAGTGGCAAGTTAAG-1,5.038462245521382,-0.40052316347761735
AGAGTGGCAATAACGA-1,-1.0903962462569914,-7.017088569800096
AGAGTGGCACAACGCC-1,6.083463275489644,0.8594755156834544
AGAGTGGCAGACAAGC-1,3.795358264503316,2.2882853372891367
AGAGTGGCAGGTCGTC-1,1.504722917136983,1.3086299522717417
AGAGTGGCAGTCAGCC-1,2.1580088973615923,0.36415701349572555
AGAGTGGCATGTTCCC-1,2.079673850593404,3.0663400514920176
AGAGTGGGTCGGGTCT-1,2.4828670859907427,1.4942100866635264
AGAGTGGGTCGTTGTA-1,1.39839514499648,0.945652745564741
AGAGTGGGTCTTGCGG-1,0.3321159720991411,0.5016453190644206
AGAGTGGGTGAGGGTT-1,-0.38036057943360424,-7.1638366357485825
AGAGTGGGTTCCAACA-1,-11.615143692436382,1.929776154359144
AGAGTGGGTTCGGGCT-1,-0.5459582566644392,0.6629985197384776
AGAGTGGTCACAATGC-1,3.335282886085347,1.401350222428602
AGAGTGGTCAGTTGAC-1,0.5108921170805254,3.425232730706495
AGAGTGGTCCGATATG-1,-0.7163896321679792,1.7287094219525279
AGAGTGGTCCTCCTAG-1,-0.4547775148774824,-7.057328857580858
AGAGTGGTCGAGAGCA-1,3.4223152042005816,0.19285573800401107
AGAGTGGTCGGTGTTA-1,-3.1171799063111982,0.6722093447049082
AGAGTGGTCGTCTGAA-1,-12.340832626762554,1.201754651864332
AGAGTGGTCTATGTGG-1,-12.443507111015483,1.498230300744337
AGAGTGGTCTGGTATG-1,-1.1691522806312284,-1.3426688090960561
AGAGTGGTCTGGTGTA-1,3.9176488757704058,1.0283634289105357
AGATCTGAGAAGATTC-1,5.361580455360249,-0.06633565584822282
AGATCTGAGAATTCCC-1,3.8056679607008257,-0.7384827510516225
AGATCTGAGACTGGGT-1,2.0317014098737993,1.1724148615200938
AGATCTGAGATAGTCA-1,4.23921259647353,-0.9588923827807485
AGATCTGAGCGTCAAG-1,-0.68890634769456,1.6750135048230113
AGATCTGAGCTCCTTC-1,1.8739817977522173,-1.9685136453311025
AGATCTGAGGATGGTC-1,5.044620597419575,-0.11753853420420274
AGATCTGAGGCTACGA-1,-1.8102831005479536,2.810521207650465
AGATCTGAGGCTCTTA-1,5.044221484718159,-0.3903098479907094
AGATCTGAGTGGAGTC-1,3.7285171390150347,2.4823182447750987
AGATCTGAGTGTACCT-1,-11.69462767833726,2.0866310222943247
AGATCTGCAAGTAATG-1,1.992128694114522,2.3339317663510264
AGATCTGCAAGTCTAC-1,-12.306523239555522,1.0150329097111643
AGATCTGCAATGGTCT-1,1.409658515510396,1.239922843774122
AGATCTGCACAAGCCC-1,3.0236798167799273,-1.2925856486956655
AGATCTGCACCGCTAG-1,6.759533965644673,0.5262705906231822
AGATCTGCAGCCACCA-1,4.4613834262464795,0.1040271144763501
AGATCTGCAGCTTAAC-1,-12.683588898124858,1.9451324566204966
AGATCTGCATATACCG-1,0.5572503448103228,3.238885007699293
AGATCTGCATCCTAGA-1,1.777038419303731,-3.305224813620287
AGATCTGCATCGACGC-1,-0.04470506900803661,0.4999095125992717
AGATCTGCATTCACTT-1,-2.535556590500041,1.700570069154066
AGATCTGGTAAGGATT-1,-0.05812207454697704,1.0891605242093028
AGATCTGGTTCCGTCT-1,5.7572418094251905,-1.7851294652621328
AGATCTGGTTCTGGTA-1,4.486260020789937,-2.9045607225100576
AGATCTGTCAAGAAGT-1,4.44604214435561,-0.3002294079463063
AGATCTGTCATTGCGA-1,2.102870070991353,2.8396221025784434
AGATCTGTCCGTACAA-1,0.9838384032820024,1.7118141277630747
AGATCTGTCGATCCCT-1,2.7425900340650835,0.7677296622593821
AGATCTGTCGGAAACG-1,-10.622451698723003,2.600476346810621
AGATCTGTCTAACTGG-1,-0.3615017890359602,-7.019479431311327
AGATCTGTCTAGAGTC-1,-2.0687494635011396,-6.851089157263475
AGATTGCAGAAGGTGA-1,-0.6252300500299177,0.8699509723980845
AGATTGCAGATAGGAG-1,-2.175723886432811,3.2473209722836436
AGATTGCAGCGCCTCA-1,1.528266274986104,3.048669181664747
AGATTGCAGGAGCGAG-1,2.9258385539625444,-3.4179410115878164
AGATTGCCAAGCGTAG-1,1.5631960273359575,-2.9941362516085683
AGATTGCCAGCTCGAC-1,-0.0738389849092207,1.7603404148419322
AGATTGCCATGAAGTA-1,-10.293013489189311,0.06562093635396377
AGATTGCGTAAGGGAA-1,5.819070899543599,0.12936449227229968
AGATTGCGTAGCAAAT-1,3.887439334449605,-2.6929749623934804
AGATTGCGTATAATGG-1,3.7354236484144487,0.6455720289547862
AGATTGCGTCAAAGCG-1,0.03093954330428028,0.6275413258870066
AGATTGCGTCATATGC-1,3.4256974101637163,1.0996662600834788
AGATTGCGTGACTCAT-1,-11.984332954826519,-0.03576036552591905
AGATTGCGTGCTGTAT-1,-11.442353165092632,2.0153128727276743
AGATTGCGTGTGGCTC-1,-3.975337183418437,0.032281890412134084
AGATTGCTCCGTCATC-1,1.6436756492231646,2.337816081841749
AGATTGCTCCTCATTA-1,-11.712063705864116,-0.9629073516528188
AGATTGCTCGCTTAGA-1,1.6645241618727007,-0.030637987057405558
AGATTGCTCGGCTACG-1,5.292386615333394,-2.6536144391696035
AGATTGCTCTTGCAAG-1,2.9639664531324663,-1.4478067533175527
AGCAGCCAGAATGTGT-1,4.869534575996235,-2.189281620184618
AGCAGCCAGCGTTGCC-1,-0.714337325039073,-7.026732601324754
AGCAGCCAGGGTCGAT-1,2.481780850944356,-3.205241598288256
AGCAGCCAGTACATGA-1,1.691587054786519,1.9636510237057627
AGCAGCCAGTCTCCTC-1,4.032680118141011,-0.26520503322287187
AGCAGCCCAAGCCTAT-1,-9.617170250358745,3.2424021585781992
AGCAGCCCACCATCCT-1,6.057734572944478,0.9582284911473216
AGCAGCCCACCCAGTG-1,6.376244151649312,0.8572381361325205
AGCAGCCCACCCTATC-1,2.938526237068013,-0.45151875178022965
AGCAGCCCACCTATCC-1,2.796421611366109,-0.4786986486117421
AGCAGCCCACGGCCAT-1,-11.709457313957378,0.5329638048012675
AGCAGCCCACGGTAGA-1,-11.188338196220561,-2.027986206213671
AGCAGCCCAGCGTCCA-1,2.9013520122144976,2.1875809057553233
AGCAGCCCAGGTGGAT-1,-0.7283004879380903,1.9314585550625742
AGCAGCCGTACAGACG-1,4.4329009891126905,1.3699388130505503
AGCAGCCGTATAATGG-1,-12.546859657707378,-0.6553349272410451
AGCAGCCGTCGCGTGT-1,5.28121813541396,-2.026798404852587
AGCAGCCGTCTCATCC-1,1.4417587161634722,0.10257800798238531
AGCAGCCGTGGGTATG-1,-0.1480669140245161,1.9146281107266367
AGCAGCCGTTGACGTT-1,-10.678679382743999,2.435000263055128
AGCAGCCGTTTGACAC-1,4.2749977946852,-1.88299611965819
AGCAGCCTCAATCTCT-1,2.493584477958516,2.4258137567837657
AGCAGCCTCACATACG-1,-0.4816943168069563,2.3256669863064707
AGCAGCCTCAGTGTTG-1,3.440297687110738,0.5420103295643748
AGCAGCCTCATATCGG-1,-12.42677108043687,2.2221158369381846
AGCAGCCTCATCTGCC-1,5.349935138282612,-0.08793871859713182
AGCAGCCTCCACGTTC-1,-11.72838298076646,1.8340570553143443
AGCAGCCTCCCTTGTG-1,0.47746237522108936,3.0258594377835215
AGCAGCCTCCGCGGTA-1,-0.17579177612320995,0.7520536406834544
AGCAGCCTCGTATCAG-1,4.933644378242329,-1.3169259206454336
AGCAGCCTCTTGTACT-1,-12.113821899833843,1.8402030094464243
AGCAGCCTCTTTCCTC-1,2.5651284099195757,-1.548719562689501
AGCATACAGACCCACC-1,4.3505130649183545,0.9441169722874583
AGCATACAGAGACTTA-1,4.478440845069722,-1.3996734992663442
AGCATACAGAGCCCAA-1,2.1557370067213335,3.0034919603665293
AGCATACAGATAGGAG-1,-1.431216141524478,3.475348792870802
AGCATACAGCAATCTC-1,0.12582262760146046,0.8756933434803904
AGCATACAGCACAGGT-1,-11.39781657451646,1.8048230036099375
AGCATACAGCTACCTA-1,-0.21459130043046093,2.5283823831875742
AGCATACAGGAATCGC-1,-11.060345566215679,1.6056717260678233
AGCATACAGGATATAC-1,2.8864923358534136,1.0076968892414988
AGCATACAGGCACATG-1,-0.9004573881055555,-1.0250146762530385
AGCATACAGTAGCGGT-1,2.3660858512495317,2.7629862650235117
AGCATACCAAGCCGCT-1,5.444415175971821,-0.3942145780722676
AGCATACCACGAGAGT-1,3.0832200885389605,1.5516017301876963
AGCATACCATATGCTG-1,6.791473472175435,0.33943656822041884
AGCATACCATTCCTGC-1,-11.249654686393901,1.1303208692868174
AGCATACGTAAGTGTA-1,-1.9983387350465498,-6.935091175238329
AGCATACGTACGCACC-1,4.209922874030903,-0.9574015514056264
AGCATACGTAGAGGAA-1,-9.379718697014019,3.199019752343458
AGCATACGTAGCCTCG-1,4.686348521766499,-0.30558300773306474
AGCATACGTATGCTTG-1,-10.977239525261089,3.1645096166928233
AGCATACGTCGGATCC-1,3.21946390872939,-0.42627177397413835
AGCATACGTTAGGGTG-1,-9.820316231193706,3.369298063119215
AGCATACGTTTAGCTG-1,4.351941669044331,0.14665067931012526
AGCATACTCCTTCAAT-1,2.7538214564894,-3.516561664740282
AGCATACTCTCGATGA-1,-12.412283813896343,0.9274936540921153
AGCATACTCTGGTGTA-1,-0.8435487806226454,-0.03780458132429704
AGCATACTCTTTAGTC-1,5.79987105136855,-1.5674521104495107
AGCCTAAAGATATACG-1,-0.05480912918107128,-6.8669802323977525
AGCCTAAAGGACAGAA-1,5.298394763526753,-2.7606445924441396
AGCCTAAAGGAGTACC-1,4.774610602912739,-0.12799628833933457
AGCCTAAAGGCCATAG-1,-0.0797610639955244,1.7830115183194102
AGCCTAAAGGGTCGAT-1,-2.891851937713786,1.0643698795636118
AGCCTAAAGTCAATAG-1,-11.258931076469585,-0.008398383955198374
AGCCTAAAGTGCCATT-1,5.471798503455952,-1.5698029176394521
AGCCTAAAGTTGTAGA-1,2.2479091525648394,-2.8145379201571523
AGCCTAACAAAGAATC-1,-1.138220882358714,3.0053442343075694
AGCCTAACAACACCCG-1,5.199776732978657,0.08067439859108344
AGCCTAACAACGCACC-1,1.6854658961866655,-0.6907488481204092
AGCCTAACACGCCAGT-1,-3.9207116722490034,-0.24007160226507768
AGCCTAACACGGTGTC-1,2.428607785758809,1.4164648874600352
AGCCTAACAGTTTACG-1,4.792267882881001,-3.03264109055205
AGCCTAACATTGGCGC-1,2.3923819900129595,-2.0924665109316885
AGCCTAAGTAGGCATG-1,2.3378864169691362,1.0656949504216136
AGCCTAAGTCATCCCT-1,4.6078043819044385,-0.8736091033618032
AGCCTAAGTTACGTCA-1,3.308455073890523,-3.21027723709746
AGCCTAAGTTCGGCAC-1,0.31671174770338917,1.5176318510373057
AGCCTAATCACCTCGT-1,-12.298142349662944,1.6799121721585215
AGCCTAATCAGGCGAA-1,-1.927912092151805,3.5050679071743907
AGCCTAATCATTCACT-1,4.652356231269673,-0.3548559025923787
AGCCTAATCCCAGGTG-1,-2.9226631283189497,0.19065302600459472
AGCCTAATCCGCGCAA-1,-2.8525791525270185,-0.30707225958510026
AGCCTAATCCTGCAGG-1,-10.612081444206401,0.8905946834881724
AGCCTAATCGGCTACG-1,3.299186790046529,-1.1103600637118398
AGCCTAATCGTACGGC-1,4.000814044532612,0.5773873849709452
AGCCTAATCGTTACAG-1,1.7129474521253862,-0.9810568467776357
AGCCTAATCTGCCCTA-1,3.27487858539565,0.29656855007008925
AGCCTAATCTGTCCGT-1,-3.0523825048829756,-0.2973939553896962
AGCCTAATCTTGTACT-1,-11.815423881950542,1.9521096571286143
AGCGGTCAGACTGTAA-1,4.177359664497212,-3.1976894513766347
AGCGGTCAGAGACTAT-1,-10.839027321281597,0.8080100043614329
AGCGGTCAGAGCTATA-1,4.347200000343159,-3.0749677793185293
AGCGGTCAGCCAGTAG-1,1.8539720416639605,0.7502939327557505
AGCGGTCAGCCTATGT-1,1.151846253928975,-2.7877649442355215
AGCGGTCAGCGCCTTG-1,-0.10537520641343212,1.9072432144482554
AGCGGTCAGCTGGAAC-1,3.6160565257643023,-0.661387540499407
AGCGGTCAGTGAACGC-1,1.7408443332289019,-3.5702075139681875
AGCGGTCAGTGCAAGC-1,5.263722026405171,0.8445574267704905
AGCGGTCAGTGGTAAT-1,5.7045451045606885,-0.8677823321024953
AGCGGTCAGTTACGGG-1,4.174800956306294,1.6038570030529917
AGCGGTCCAAACCTAC-1,2.4152565837477007,-0.36947179595633134
AGCGGTCCAAAGGTGC-1,-11.373162186088726,0.875971041520399
AGCGGTCCACGACTCG-1,3.091200435218648,-2.130941547552782
AGCGGTCCACTGTTAG-1,4.444213473853901,0.5784332974751414
AGCGGTCCAGCCACCA-1,-10.659512436332866,2.9823747499783457
AGCGGTCCAGTATGCT-1,3.3830457568739214,0.48657321174935714
AGCGGTCCATTCTCAT-1,1.5981126666639605,0.12344215800361052
AGCGGTCGTAGGCATG-1,2.5161889434431353,0.7180309518177928
AGCGGTCGTCATGCCG-1,-0.0017241596605024334,1.665622912247938
AGCGGTCGTCGCATCG-1,1.1839075923536577,-2.8206836358706533
AGCGGTCGTGTGCCTG-1,-0.6441951751138411,3.5373171194394053
AGCGGTCTCAACGCTA-1,1.8471711516950884,1.0148211344082774
AGCGGTCTCACTCTTA-1,3.6797381282423296,0.21286075552300826
AGCGGTCTCCCAACGG-1,1.6742831111524858,-2.5648664609591543
AGCGGTCTCCTGTACC-1,2.343334043083028,-0.23458472649260148
AGCGGTCTCGCAAGCC-1,4.248513305244282,-2.124532856146532
AGCGGTCTCGCGCCAA-1,-0.5742737411882124,0.6280781849224986
AGCGGTCTCGGCGCTA-1,4.564876163062886,-2.824833549658495
AGCGGTCTCTCCCTGA-1,1.9865623355482378,-1.244946278731066
AGCGGTCTCTCGTATT-1,-9.949375069084331,0.635116480191511
AGCGGTCTCTCTGCTG-1,2.426943385658101,-3.4039756433169424
AGCGTATAGACACGAC-1,-10.097726738395854,0.42991416891412154
AGCGTATAGACTACAA-1,3.4829722285841265,-1.4970008508364736
AGCGTATAGCGATCCC-1,6.131242835578755,-0.7744093314806997
AGCGTATAGCGTCAAG-1,1.3160231948469439,-3.089824594656664
AGCGTATAGCTAACTC-1,3.785163009223775,-1.0466150418917715
AGCGTATAGGAGTACC-1,4.162785613593892,0.9031903370221079
AGCGTATAGGAGTCTG-1,-0.9401480018521986,1.9481961353619517
AGCGTATAGGCGCTCT-1,1.7311600089643755,1.706485710938734
AGCGTATAGGCGTACA-1,-1.1185113250638685,1.5779018028576792
AGCGTATAGTACTTGC-1,4.8130536914442335,-3.407291807333666
AGCGTATAGTGTCTCA-1,-10.93891707653062,-0.6398854629199087
AGCGTATAGTTCGCGC-1,3.335012519416646,-1.405738033453661
AGCGTATCAAGGACTG-1,3.2215562701795855,0.8767787440617503
AGCGTATCACATAACC-1,-3.7591051220323286,0.9162230118115366
AGCGTATCACATCCGG-1,3.0004893184278765,-0.8809257523219167
AGCGTATCATTCACTT-1,3.268758380470113,1.0496254785855235
AGCGTATGTATTAGCC-1,1.4033397079084673,0.36621188362435714
AGCGTATGTCAGAAGC-1,3.0909572482679644,1.4120081289608897
AGCGTATGTCATACTG-1,2.1232946754072466,0.512180916865629
AGCGTATGTCGGCACT-1,0.07836755519850636,1.1108193023999156
AGCGTATGTGGCCCTA-1,4.018024528083638,1.3558542354901255
AGCGTATGTGTCGCTG-1,-1.996149635257884,3.631872020562452
AGCGTATGTTCCTCCA-1,0.2739649654005327,2.4143319948513926
AGCGTATGTTCGGGCT-1,0.6542986274336138,0.9533946140606822
AGCGTATTCAAAGTAG-1,2.685840690193013,-1.5906529800097524
AGCGTATTCACGACTA-1,-0.9143933116819105,0.45695828636483565
AGCGTATTCATAGCAC-1,4.518697345313862,0.8444824441273631
AGCGTATTCATGCAAC-1,-12.381980812492534,1.2416205032666148
AGCGTATTCCGAAGAG-1,-0.7888221501733503,2.2591596468289317
AGCGTATTCGTACCGG-1,5.6116996646498,-0.249711491266924
AGCGTATTCGTGACAT-1,2.182032668647603,-0.32945448915167436
AGCGTATTCTCGAGTA-1,-0.9396958708192549,1.281868062814039
AGCGTATTCTGCGTAA-1,6.249243342933491,0.911017142136854
AGCGTATTCTGTCTAT-1,1.8049441218946733,-3.453464664618212
AGCGTATTCTGTTTGT-1,-0.042674457969828605,1.6716918571789683
AGCGTATTCTTTACAC-1,-12.447680389824077,2.5536838396389903
AGCGTCGAGCCCAACC-1,-0.5653710126306257,3.5002182348568858
AGCGTCGAGGACAGAA-1,2.4773195624922075,2.6337884291012705
AGCGTCGAGGGTATCG-1,0.9291840434644976,3.460883460839552
AGCGTCGAGTATTGGA-1,5.95717724567397,-1.3957229034106313
AGCGTCGAGTTGAGAT-1,4.287051284370259,-3.389539875189501
AGCGTCGCAGCTCGAC-1,-3.9038499950792036,-0.06544364253683671
AGCGTCGCATCTCGCT-1,1.0438402534101763,1.0284123643238963
AGCGTCGCATGCATGT-1,4.095918738899067,-1.934830583731371
AGCGTCGGTACGACCC-1,-10.698628342094585,-0.031071506540018168
AGCGTCGGTCATGCAT-1,0.3458962083433428,2.9221671446164073
AGCGTCGGTCATTAGC-1,3.7522216678236284,1.983654819329542
AGCGTCGGTCGAGATG-1,6.2464691043470655,1.0646298154194773
AGCGTCGGTGAGTATA-1,-0.24371937507645702,2.4740291460354746
AGCGTCGGTGCGATAG-1,-1.1588682591344557,-1.1744119302432119
AGCGTCGGTTCACCTC-1,4.457851493415669,2.2883551939328135
AGCGTCGGTTCAGTAC-1,-10.169834053459331,3.1869834287960948
AGCGTCGGTTGGTGGA-1,0.2141483665083208,3.153343997796339
AGCGTCGTCCAGGGCT-1,0.5174942851637163,3.2541950567563
AGCGTCGTCCCTCAGT-1,0.03498634105666065,3.0282491072018565
AGCGTCGTCCGCATAA-1,0.8307698608015337,1.6591481788952769
AGCGTCGTCCTTGCCA-1,1.572340571937398,2.3566492422421397
AGCGTCGTCGAATCCA-1,3.9447308421705523,2.396522126992506
AGCGTCGTCGGAAATA-1,4.481361472663716,-3.8393346444766103
AGCGTCGTCTAACTGG-1,0.4261372924421587,2.520741067727369
AGCGTCGTCTTAACCT-1,-3.5621697067643843,0.85364516814546
AGCGTCGTCTTCGGTC-1,1.2052629829023638,1.9122265203793467
AGCTCCTAGACATAAC-1,5.332366550025776,-1.3408655301730215
AGCTCCTAGAGGTTGC-1,3.6973000407789507,-0.7278334871928274
AGCTCCTAGATCCCAT-1,2.2798944354627886,1.5853974445660532
AGCTCCTAGCCAGTAG-1,0.5449592710111895,2.1622002943356455
AGCTCCTAGGTCGGAT-1,1.25472100978835,0.5844614132245005
AGCTCCTAGTCCATAC-1,4.571831786689595,1.2493811472256602
AGCTCCTAGTTCCACA-1,-0.17272881263749218,-6.89557711044951
AGCTCCTAGTTTGCGT-1,2.907395923194722,1.1399503572781504
AGCTCCTCACGGCTAC-1,5.266249740180806,-1.9704157487551748
AGCTCCTCATCACGTA-1,-10.192440903129741,3.3582213743527354
AGCTCCTCATCCCACT-1,5.842776382026509,-1.213377513090807
AGCTCCTGTCAGCTAT-1,0.00631316905959034,1.0982572658856333
AGCTCCTGTGAACCTT-1,3.751547420081929,-2.1877609864871084
AGCTCCTGTGACAAAT-1,-3.4812206386949263,-0.5962642208735525
AGCTCCTTCAAACAAG-1,1.7771845698927202,-3.630788005987841
AGCTCCTTCATGCAAC-1,-3.2042576431657515,-0.2330181376139699
AGCTCCTTCCCGGATG-1,3.1507860065077105,-3.153472818533617
AGCTCCTTCCCTCTTT-1,-12.377923881950542,-0.6352392212550222
AGCTCCTTCCGGGTGT-1,-1.6428315996553144,3.5928166731198252
AGCTCCTTCCTGCAGG-1,2.5202034354780474,0.3173393233616771
AGCTCCTTCGATGAGG-1,5.9831329227064405,0.598369471629423
AGCTCCTTCGTAGGTT-1,-0.3258504628564558,3.5845094545681895
AGCTCCTTCTTGGGTA-1,4.033210837898091,1.2090417965252818
AGCTCTCAGACTAGAT-1,-12.647964394035503,0.15484954406813994
AGCTCTCAGGCAAAGA-1,3.9115491748426714,0.7542137726147593
AGCTCTCAGGTGACCA-1,3.927319133338765,-0.38540319363279923
AGCTCTCAGTACGCGA-1,3.3263255000685015,-0.9785911218325674
AGCTCTCCACGAAACG-1,2.842446887550191,0.9477552398045481
AGCTCTCCACGGTTTA-1,-11.24565306896226,2.2413044794400157
AGCTCTCCAGCGTCCA-1,2.0669690013502398,-0.05806536237402543
AGCTCTCCAGTAAGCG-1,1.079965198097066,0.8553578480084361
AGCTCTCCATGGTAGG-1,4.072829330024556,1.4410669430096568
AGCTCTCGTCACCCAG-1,4.822530353126362,1.3347130640347422
AGCTCTCGTCGAATCT-1,0.8524196982954302,-1.9873644487063467
AGCTCTCGTGGCAAAC-1,4.552650535163716,-0.6636420265833913
AGCTCTCGTTAAAGAC-1,2.5311520934675493,-0.6573837773005544
AGCTCTCGTTCGCTAA-1,-0.8677416204835615,-1.3845894710223257
AGCTCTCGTTCTCATT-1,4.900844180641011,-1.3823025600115835
AGCTCTCGTTGTGGAG-1,4.1622992396925245,1.5879592521984995
AGCTCTCTCCAATGGT-1,3.342820727882222,1.5889215095837534
AGCTCTCTCGCCCTTA-1,2.7220021129225054,-3.6471704618136465
AGCTCTCTCTGATTCT-1,4.3171196818922315,1.0104924066861094
AGCTTGAAGATCACGG-1,0.7034364581678667,2.523412071069044
AGCTTGAAGCCACTAT-1,3.8825784564588823,-1.2298065797488271
AGCTTGAAGGAATGGA-1,1.7974654079054155,-3.1014713422457754
AGCTTGACAAGCGCTC-1,0.2828091025923052,0.9159536584217967
AGCTTGACACCGAATT-1,1.7479732871626177,-2.559631265799242
AGCTTGACAGATAATG-1,-1.6994888245488844,-0.6722372547785818
AGCTTGACATCCTAGA-1,-3.9139279484178267,-0.17472336451216325
AGCTTGAGTACCTACA-1,1.1887310386274614,-0.8019120470683156
AGCTTGAGTGTGTGCC-1,4.086909377631978,0.13479963680104629
AGCTTGAGTGTTGAGG-1,4.962438666877583,-0.08129968504114732
AGCTTGAGTTAAGGGC-1,5.295449340400532,-1.7220889703433095
AGCTTGAGTTCGCTAA-1,2.452610576209859,-2.6769396440188467
AGCTTGAGTTGGTAAA-1,5.708491885719136,-1.2247399465243398
AGCTTGATCCGCGCAA-1,3.5898757815931597,-2.0663291589419424
AGCTTGATCCTAGTGA-1,4.987220370826558,-2.9108001367251455
AGCTTGATCGTCCAGG-1,3.280655944404439,1.7285329922039927
AGGCCACAGAACAACT-1,3.2616968989942827,-3.397835888067919
AGGCCACAGACCGGAT-1,-0.6978845953370771,-7.046935238043504
AGGCCACAGAGACGAA-1,-12.418879425468608,-0.27699358026190385
AGGCCACAGAGCCTAG-1,-3.3745946049119673,-0.1420665160815297
AGGCCACAGAGGTAGA-1,0.4487592816923418,2.90688642104463
AGGCCACAGAGTACAT-1,-11.077814972343608,1.0142780764897288
AGGCCACAGCGATTCT-1,3.6745472789381304,-1.5586254970233022
AGGCCACAGGCTCATT-1,0.4213676095579424,3.4419945104916514
AGGCCACAGTACGTTC-1,6.193592631873921,0.9709541424115122
AGGCCACAGTGTACCT-1,3.0667239070509233,2.5149062498410166
AGGCCACCAATCCAAC-1,-9.431855118217632,2.897425733407301
AGGCCACCACATCTTT-1,2.4389046073530474,-1.0073336736361562
AGGCCACCACGAAACG-1,2.648561799583272,-1.451457657019335
AGGCCACCATAGGATA-1,3.2014900088880816,-1.4719615356127798
AGGCCACCATAGTAAG-1,2.0084491611097612,2.2392927034695567
AGGCCACCATCGGGTC-1,4.137618148383931,0.2060620113213481
AGGCCACCATGTTGAC-1,2.5696862578962603,-2.3594292775790273
AGGCCACGTACTTAGC-1,0.6806243301008501,-0.7982505337397634
AGGCCACGTATGAATG-1,-0.3828670143510542,-7.155813373724657
AGGCCACGTCAAGCGA-1,-2.081046318950816,3.561866603692335
AGGCCACGTGCGCTTG-1,-1.2071001514221869,3.2853716238339365
AGGCCACGTTTGGCGC-1,-0.1086675285722456,2.548892103036207
AGGCCACTCAAACCAC-1,5.620966041145161,-0.8441348449389516
AGGCCACTCATCTGTT-1,-11.770419037285015,-0.6353410259882986
AGGCCACTCCCGACTT-1,-0.4299599885369978,1.5782507284481944
AGGCCACTCCCTCTTT-1,3.811840140876607,1.798934064706129
AGGCCACTCCTAAGTG-1,4.044764125404194,-1.578572906653124
AGGCCACTCCTATGTT-1,-1.7906753479863844,-0.704409100214678
AGGCCACTCGCTGATA-1,-10.670802032890483,2.8789261205990733
AGGCCACTCGGCCGAT-1,5.4820133090589795,-2.2118965760867177
AGGCCACTCTCCAGGG-1,-2.7109423040773115,1.5879951341946543
AGGCCACTCTTGTATC-1,0.3472662807081499,-2.1876486913363515
AGGCCGTAGTACGCCC-1,2.9745779872511187,2.0887814386685313
AGGCCGTAGTATCGAA-1,4.039980018195942,-1.0207902566592275
AGGCCGTAGTCCAGGA-1,2.8247643352125444,-0.4622344748179494
AGGCCGTAGTCCTCCT-1,4.258262240943745,-1.42650619904204
AGGCCGTCAAATACAG-1,-0.7129897236253462,0.04800087576107398
AGGCCGTCAATACGCT-1,-0.8561525999929152,0.9323419555027903
AGGCCGTCACAGAGGT-1,2.616969192085103,-3.3511242047946035
AGGCCGTCACCGCTAG-1,0.8740976691816607,-0.28288245956106767
AGGCCGTCACGTGAGA-1,4.737717235145405,-0.19959101835890397
AGGCCGTCACTACAGT-1,2.9619499087904253,1.5950995310147227
AGGCCGTGTACATCCA-1,-0.8788945137883863,1.1918689831097544
AGGCCGTGTATATGAG-1,-2.1659484862710676,3.7236135824521006
AGGCCGTGTATCGCAT-1,2.5889013648603716,-3.3833860532443105
AGGCCGTGTCAATGTC-1,-10.071104919853374,0.09789425823212877
AGGCCGTGTCTCATCC-1,-12.395605003776714,1.6566598041851939
AGGCCGTGTGTCCTCT-1,-11.488030350151226,-1.2648258582751333
AGGCCGTGTTATCGGT-1,1.2337594867323198,-3.7335585729281484
AGGCCGTTCACCTTAT-1,0.07105787998183155,1.0936346872647227
AGGCCGTTCACGATGT-1,2.691565835532979,1.459809981187147
AGGCCGTTCCTATTCA-1,1.7086687923048296,0.47595309456185714
AGGCCGTTCGTGGGAA-1,-0.7845556497003279,0.7478444798787058
AGGCCGTTCTCCAGGG-1,3.996525371131734,0.6643167360623301
AGGCCGTTCTCCGGTT-1,-11.623983299675151,1.5174347980816782
AGGCCGTTCTGCGTAA-1,-0.5007546305085859,1.7152472360928477
AGGGAGTAGATCCGAG-1,1.836934888419942,1.0485366805394114
AGGGAGTAGATGAGAG-1,-1.9822942375566206,3.240772329171461
AGGGAGTAGGCCCGTT-1,-0.15282896751420116,-6.942410625616747
AGGGAGTAGTGTACTC-1,3.825281703529195,-3.0396308080355703
AGGGAGTCAAGTAGTA-1,3.894815051612691,-2.9332160131136953
AGGGAGTCACCAGCAC-1,5.217495524940327,-2.8523823396365224
AGGGAGTCACGGACAA-1,-10.110061562004253,0.7631154878933848
AGGGAGTCAGGGCATA-1,2.0419295669172564,-0.2553489283721028
AGGGAGTCAGTAACGG-1,-12.382015144767925,1.9852388723690928
AGGGAGTCATCACGAT-1,0.2561950326536455,-0.5657648817698537
AGGGAGTCATCGGGTC-1,1.5431533694837847,2.9141512735684336
AGGGAGTCATGCCTAA-1,-2.5652617573167524,-0.457292057673174
AGGGAGTCATTTGCTT-1,4.849774444160298,1.0081627591450633
AGGGAGTGTATCGCAT-1,0.031176888999775887,3.1032806261380137
AGGGAGTGTCCGTTAA-1,3.6387759090040483,2.0223739965756358
AGGGAGTGTCTAACGT-1,3.178863608894185,2.07097276290254
AGGGAGTGTGAGGGTT-1,2.2795446754072466,0.867053531010908
AGGGAGTGTGAGTATA-1,5.9515777469251905,0.9455363376934947
AGGGAGTGTTGACGTT-1,2.6538542152021685,-2.463622488180834
AGGGAGTTCACAACGT-1,5.618556582984761,-1.0511672870318471
AGGGAGTTCAGTGCAT-1,1.8849733710859575,1.8143380506833018
AGGGAGTTCATAGCAC-1,0.9646435618971148,2.816680990060133
AGGGAGTTCCACGACG-1,5.513409698066548,-1.7362482921282827
AGGGAGTTCCCATTAT-1,3.650482261237935,-0.601089574495989
AGGGAGTTCCGCATCT-1,-1.9128680586244307,-6.970136322180467
AGGGAGTTCCGCTGTT-1,0.8527215362165728,1.2786467893917979
AGGGAGTTCGTCCGTT-1,5.4340582728956495,-0.5654079691569387
AGGGAGTTCTTGCAAG-1,-10.83384886974351,2.3878818376858653
AGGGAGTTCTTGTCAT-1,5.035066688117817,-1.5716320649783193
AGGGATGAGCACCGCT-1,-1.765710240545436,3.4713826998074473
AGGGATGAGCCGCCTA-1,1.6900483012769976,-0.23474735776587113
AGGGATGAGGTTCCTA-1,5.177406394538716,-1.0120695010821401
AGGGATGAGTTTGCGT-1,-1.907446479740306,3.1997350080807627
AGGGATGCAAAGGCGT-1,2.649472796974019,1.4625142439206065
AGGGATGCAAGGGTCA-1,4.488258922157124,1.2924235685666026
AGGGATGCAATGGATA-1,4.614462935981587,-0.7264196650187551
AGGGATGCACAGTCGC-1,1.3640623927686968,2.2490278108914317
AGGGATGCACGTGAGA-1,-1.1150310992624006,3.4168628080685557
AGGGATGCAGACGCTC-1,1.8615096450422564,-3.4068256990115224
AGGGATGCATGCTGGC-1,4.874422633704976,-1.6708301679293691
AGGGATGGTAATAGCA-1,-0.19515422576920605,-0.42750576893492326
AGGGATGGTCTAGCGC-1,5.523065650520161,-1.3956381456057607
AGGGATGGTCTTGATG-1,-10.45719329113023,2.1840222700436533
AGGGATGGTGCTTCTC-1,-1.011298721971675,3.196176610787672
AGGGATGGTTAAAGTG-1,3.5924158931349077,0.06880827610687629
AGGGATGGTTACGACT-1,3.365060412940816,-1.701240815321642
AGGGATGGTTGATTGC-1,1.7705369830702105,-2.9629189149539052
AGGGATGGTTTACTCT-1,4.491358363685444,-3.0436073915164052
AGGGATGTCACTTACT-1,6.01702603107436,-1.7462228910128652
AGGGATGTCAGTTTGG-1,4.148267829475239,-2.249436296621996
AGGGATGTCATGTCCC-1,0.883953416404561,0.4082307740052165
AGGGATGTCGAATGGG-1,5.4213920474623,1.0567834003766001
AGGGATGTCTGTCCGT-1,-12.959047234001323,1.0550626738865794
AGGGATGTCTTCGAGA-1,-3.2557297109986982,-0.5492519513766347
AGGGATGTCTTGTACT-1,3.498255336341695,-2.4261950627963125
AGGGTGAAGACTAGAT-1,0.08176001316054249,3.6576102598507823
AGGGTGAAGCATCATC-1,5.283297622260884,-0.02762226025267228
AGGGTGAAGCCTATGT-1,3.1097451091383257,1.8896823747952403
AGGGTGAAGGCCCGTT-1,1.524794423637227,1.2833277805645884
AGGGTGAAGTGGAGAA-1,3.317519271430806,-2.5684258119265615
AGGGTGACAAGCCATT-1,4.147326076087788,1.4391690119107188
AGGGTGACAATGTAAG-1,-12.758131897392436,1.273395620187086
AGGGTGACACCAACCG-1,-10.80499545330064,1.580058537324232
AGGGTGACACGACGAA-1,3.081132495460347,1.611789666016859
AGGGTGACACGGTTTA-1,4.078872764167622,-1.3744430915515005
AGGGTGACACTACAGT-1,-11.216900741996929,0.4365775509674968
AGGGTGACACTCGACG-1,-1.0103849827672682,0.592334680159849
AGGGTGACAGACAGGT-1,4.180724227485493,1.091045938332838
AGGGTGACAGGAACGT-1,3.2336994052503862,1.284475885232252
AGGGTGACAGGGCATA-1,-1.5890151321317396,-7.0798989907900864
AGGGTGAGTAAGGGCT-1,4.324494445381001,-2.4672266618411123
AGGGTGAGTCACAAGG-1,3.6085902095411577,0.5318443103630961
AGGGTGAGTGCGCTTG-1,-11.390020286979839,0.8957101329167307
AGGGTGAGTGCTCTTC-1,-10.11402693981187,3.3339808805783213
AGGGTGAGTGGTTTCA-1,0.07753821617110157,0.9934349878628672
AGGGTGAGTTGCGCAC-1,-12.236204063835308,0.8360608442624033
AGGGTGAGTTGGTGGA-1,-11.403830444755718,2.4134674890835703
AGGGTGAGTTTGGGCC-1,3.0774641872022905,1.0857571585972727
AGGGTGATCACCGTAA-1,2.4984024406050005,-3.5091718808810293
AGGGTGATCCAAAGTC-1,5.610229098853901,-0.5710916296641408
AGGGTGATCCCTTGCA-1,4.8505364299391065,0.09562269029514209
AGGGTGATCCTTGGTC-1,1.8659637809370317,-0.1639212445418416
AGGGTGATCTAAGCCA-1,-11.78685752147691,-0.777119197050768
AGGGTGATCTCCAACC-1,-10.740436470451519,2.2351299150784434
AGGGTGATCTTATCTG-1,0.5717008948896685,0.414891175826353
AGGGTGATCTTTACAC-1,4.223774039802388,0.16226195534066573
AGGTCATAGAAGAAGC-1,-12.763209259452983,0.04996782903866187
AGGTCATAGACACGAC-1,5.599133098182515,-1.9074622766177236
AGGTCATAGAGGACGG-1,4.9757829547498975,-0.3868557588259755
AGGTCATAGAGGTAGA-1,-2.2839035152818403,-6.648878730932909
AGGTCATAGCGTGAGT-1,-1.522715216818019,-7.1162621156374986
AGGTCATAGGACAGCT-1,6.482332789954976,-0.5118459240595876
AGGTCATAGGCGACAT-1,4.518872821388081,-0.03611465553446397
AGGTCATAGGCTAGGT-1,2.7832275271986284,0.06126730506615058
AGGTCATAGTGGGTTG-1,2.539494359550313,-3.129032291571337
AGGTCATAGTGTGGCA-1,-0.746510004940196,-7.026361622015672
AGGTCATCAATCCAAC-1,3.044821345863179,-2.5856327191989004
AGGTCATCAATGGATA-1,-2.8034862636949263,1.2519894464810313
AGGTCATCACACGCTG-1,-0.02853003734604931,2.155330739815992
AGGTCATCACCGAAAG-1,-11.04476538890855,2.413872800668043
AGGTCATCACGTAAGG-1,0.08982809787733936,0.5361548586686076
AGGTCATCACTGTTAG-1,-0.6906606315995893,1.5782427414257945
AGGTCATCAGCTGCTG-1,5.9430094600294385,-1.0315783397357046
AGGTCATGTAAAGGAG-1,4.071907603797749,0.9118343218167246
AGGTCATGTACTTGAC-1,0.1887354493711748,-0.6086317078272878
AGGTCATGTCAAAGAT-1,2.4582219958875933,-0.46080163876219377
AGGTCATGTCAGATAA-1,2.933562839088277,-1.5301266090075551
AGGTCATGTGGTCCGT-1,-0.31964436763779736,-1.4775736705462514
AGGTCATGTGTAACGG-1,3.8878026843641558,-1.7051172629992544
AGGTCATGTGTCAATC-1,-1.972188329639598,3.6620989664395274
AGGTCATGTTAGATGA-1,4.347567164954976,-0.5259488002459585
AGGTCATTCTTTAGGG-1,0.6943931222532549,1.3494897707302989
AGGTCCGAGAAACGCC-1,1.4864517093275347,-3.5039071218173086
AGGTCCGAGATCGGGT-1,0.6538281083677568,-0.4800535813967763
AGGTCCGAGCTAAACA-1,-0.903748637380763,1.1769433840115489
AGGTCCGAGCTTATCG-1,-1.848887717666789,-6.8621021882693345
AGGTCCGAGGGTTTCT-1,1.4605086684797564,1.8410234077771128
AGGTCCGAGTGAACAT-1,2.580436790046529,0.9518374427159251
AGGTCCGAGTTGCAGG-1,-0.8780048250581465,1.0761913283665598
AGGTCCGCAATAGAGT-1,3.171335303840474,-0.23506224910421952
AGGTCCGCACCCAGTG-1,4.7451053500746045,1.2466859443982066
AGGTCCGCATCCAACA-1,0.11549695735915089,3.2168477400143565
AGGTCCGCATTTCAGG-1,-9.345922386589214,3.0550478323300303
AGGTCCGGTACCGGCT-1,2.02781351810439,0.5314485057194651
AGGTCCGGTCACCCAG-1,2.0280049682234087,2.4503444059689463
AGGTCCGGTCGAGTTT-1,1.5050147414778032,1.1691425665219248
AGGTCCGGTGCTCTTC-1,5.234525764045552,-1.8504960910479604
AGGTCCGGTTCCACTC-1,-0.14387277359025097,3.64840253432588
AGGTCCGGTTGAGGTG-1,-11.687271034660503,-0.11295466880007371
AGGTCCGTCCAGTATG-1,4.668192946967915,1.805895529588026
AGGTCCGTCCTCAACC-1,1.3597172141645708,0.5353505535920084
AGGTCCGTCGTCCGTT-1,2.7684055209730425,-3.410139240423876
AGGTCCGTCTGTCTCG-1,-2.051539039554759,3.5234909876187266
AGGTCCGTCTTTCCTC-1,-12.56707755321519,1.9718236549694956
AGTAGTCAGAAACCAT-1,-12.063729202690288,2.551992736657423
AGTAGTCAGACGCACA-1,5.242277228889302,-0.41008750359221086
AGTAGTCAGAGGGCTT-1,-0.08730713123337841,2.3141618593533457
AGTAGTCAGCGCTCCA-1,2.8312669635389605,1.8376259430249156
AGTAGTCAGCTATGCT-1,2.5915120483015337,-2.993955053488451
AGTAGTCAGCTTATCG-1,4.427511775550679,0.7579078896840037
AGTAGTCAGGAGTTTA-1,-12.87945834392564,1.1946318968136729
AGTAGTCAGGCGACAT-1,1.1388426662061968,-0.37504319111509904
AGTAGTCAGGCTCATT-1,5.5275126338575635,0.5276141687233866
AGTAGTCAGGTGATAT-1,3.531881415901021,-0.8012758866946279
AGTAGTCAGTACACCT-1,2.1907261252973833,-3.158986963431078
AGTAGTCAGTTAACGA-1,4.172530734596089,-3.0573054925601064
AGTAGTCCAACGCACC-1,-0.5902059435273848,1.726420007546705
AGTAGTCCAATCACAC-1,0.6837679982755938,2.007395587762159
AGTAGTCCAGACAGGT-1,1.454338634071187,-2.2130252496401845
AGTAGTCCAGATCTGT-1,3.7988668323133745,0.7482235058148325
AGTAGTCCAGCCTGTG-1,1.0521436572645464,2.605119548638624
AGTAGTCCATCATCCC-1,-10.85254184001939,0.2383224888642253
AGTAGTCCATCGATTG-1,1.51596745258315,3.258709512551588
AGTAGTCCATGAGCGA-1,2.111703956184224,0.717340670426649
AGTAGTCGTAAAGTCA-1,-11.067997848930522,-2.185321010748583
AGTAGTCGTATAATGG-1,3.037357890662984,-3.689638532797533
AGTAGTCGTCAATACC-1,2.608691775855855,1.0218036993344248
AGTAGTCGTCCAACTA-1,2.7077551723097124,-3.4384614602725088
AGTAGTCGTCTGGAGA-1,1.8426164031599321,0.9844949467976511
AGTAGTCGTGATAAGT-1,-1.0662111400987349,-6.683840431372362
AGTAGTCTCCAAACAC-1,0.8110862613294878,-0.10562110702200517
AGTAGTCTCCCTCTTT-1,2.9949637294386187,0.15456814308957473
AGTAGTCTCCGCAAGC-1,-11.989361679496929,-0.2788509504000722
AGTAGTCTCGCAAACT-1,5.074859702644185,-2.208924926916796
AGTAGTCTCTATCCTA-1,-0.08817843193070507,1.9066168888409556
AGTCTTTAGACAGGCT-1,4.534555518684224,0.2565390690167369
AGTCTTTAGATCTGAA-1,3.404456698951558,-0.6670579091708242
AGTCTTTAGCAGGCTA-1,-10.260154640617534,-0.24572510282202348
AGTCTTTAGCTATGCT-1,2.009894216117696,-1.515103258291918
AGTCTTTAGGATGGTC-1,0.8869620204542437,3.3640743120510996
AGTCTTTAGGCACATG-1,-10.623709595146343,2.498174033959669
AGTCTTTCAAAGAATC-1,3.271400058326558,2.197749934991163
AGTCTTTCAAATCCGT-1,-11.171204483452007,2.8391626699765147
AGTCTTTCACCTCGTT-1,0.27017124896986866,3.4745951517422617
AGTCTTTCACTAAGTC-1,1.2789269328687944,0.36294942339257613
AGTCTTTCATATGAGA-1,3.718132579383687,-1.6527798549334585
AGTCTTTCATCTGGTA-1,-2.327399408760234,2.1461621149380625
AGTCTTTCATTAGCCA-1,1.5843330264662066,0.6649606450398386
AGTCTTTGTGAACCTT-1,-2.0314302205468855,3.608734689553541
AGTCTTTGTGCACTTA-1,-11.259188568535015,2.736002288659376
AGTCTTTGTGTGGTTT-1,-3.0754944443132124,1.2480663879712046
AGTCTTTGTTACCAGT-1,3.5215512157057085,-0.09144283095999345
AGTCTTTGTTGAACTC-1,3.5747686267469683,-1.3212076799075185
AGTCTTTGTTTAAGCC-1,1.040745341834859,-3.6905531064669668
AGTCTTTTCAACACAC-1,-2.5979123472596846,0.18478347351149932
AGTCTTTTCCAGTATG-1,-3.134090697708293,-0.4877686874072133
AGTCTTTTCCATGAAC-1,3.0859905124281206,-3.5560192243258535
AGTCTTTTCCCTTGTG-1,-0.0708414673234663,-6.86819616715117
AGTCTTTTCCGAAGAG-1,1.0916319728468218,-1.2484270707766592
AGTCTTTTCTAACTCT-1,1.3649028182600298,-1.3602555171649038
AGTCTTTTCTATCCTA-1,5.057731711921528,-0.5570648686091482
AGTCTTTTCTCGCATC-1,2.7365871310804644,-2.6909238473574697
AGTGAGGAGACAATAC-1,2.869213664588765,-3.30620066086455
AGTGAGGAGAGTCGGT-1,0.35149987941725636,2.426354490121168
AGTGAGGAGATGAGAG-1,-12.02613917583482,2.535569511254591
AGTGAGGAGCCAGGAT-1,-3.461311018409892,-0.7596224919955312
AGTGAGGAGGGTTTCT-1,1.834444606361226,-2.814262785116869
AGTGAGGAGTGCAAGC-1,6.204933250007466,0.758828900655073
AGTGAGGAGTTGCAGG-1,5.758523070869282,-0.9431021587054311
AGTGAGGAGTTGTAGA-1,-12.647549545707866,-0.3148466722170888
AGTGAGGCAACTGGCC-1,2.817152583656148,-2.252345003287035
AGTGAGGCAAGCGATG-1,5.128148162422017,-1.898030676047045
AGTGAGGCAAGGACTG-1,5.8032880664442335,0.5172133370240153
AGTGAGGCACATTTCT-1,5.356662356910542,0.08870046575860396
AGTGAGGCACCAGGCT-1,-1.8917111515428267,2.979037366708082
AGTGAGGCACGAAGCA-1,4.356980884132222,1.4948391540844859
AGTGAGGCACGGCTAC-1,6.533472621497944,0.6730830295880259
AGTGAGGCAGCTGGCT-1,4.079948508796528,-3.1063667909304677
AGTGAGGCAGGTCGTC-1,5.014349067268208,0.6937425359089793
AGTGAGGCAGGTCTCG-1,4.3556915164564405,-3.733322538534838
AGTGAGGCATTAACCG-1,0.6964459062193193,-1.745953835646349
AGTGAGGGTGTGAATA-1,1.466106498298482,1.334771476586622
AGTGAGGGTTACCAGT-1,-3.2923884748841963,0.3322853668530406
AGTGAGGGTTGAGTTC-1,2.8830901027296343,-3.7817536966006338
AGTGAGGTCAAACCGT-1,4.617152774391011,-1.4681285993258535
AGTGAGGTCACGACTA-1,4.981459701118306,0.6945306881268443
AGTGAGGTCATGTGGT-1,-1.1266720204974852,2.3421109541256846
AGTGAGGTCCACGACG-1,2.0184241176222124,0.40510671575860396
AGTGAGGTCCGAATGT-1,0.3419508576963701,-0.6440770403544485
AGTGAGGTCGGAAATA-1,-11.57219401592271,-0.19968462745352372
AGTGAGGTCTAACTTC-1,0.31703706985457325,-0.8317447082202016
AGTGAGGTCTGCGTAA-1,4.709081256446675,-2.8652285710970937
AGTGAGGTCTGTTTGT-1,-0.14515355819718456,0.9014500006039561
AGTGAGGTCTTCAACT-1,5.177583301124409,-1.7407817022006093
AGTGAGGTCTTGCATT-1,4.793159091529683,-2.1402284280459463
AGTGAGGTCTTGTTTG-1,-11.723263657035991,1.8240456207592906
AGTGGGAAGAGTAATC-1,3.6352249026869097,0.5031758769352854
AGTGGGAAGCTGAAAT-1,3.0470167041395464,-0.11777321259184464
AGTGGGAAGTCCAGGA-1,-1.0398075043584547,3.326770625909132
AGTGGGAAGTCGAGTG-1,5.5370293498609815,-1.6719135419528066
AGTGGGAAGTTACGGG-1,-1.4868755548621855,3.3128212316830576
AGTGGGACAAAGCAAT-1,1.835519397315816,1.4529265983899058
AGTGGGACAAAGCGGT-1,-11.880487358513042,0.10887877586604372
AGTGGGACAAGGACAC-1,1.5184782386396685,1.6607579811413706
AGTGGGACAAGGTGTG-1,2.1252573371504107,2.9483211859066905
AGTGGGACAATCAGAA-1,4.19539746051772,-3.2268942968051015
AGTGGGACAATGAAAC-1,4.688588702735737,0.14453821246818915
AGTGGGACACAGACTT-1,5.432801330146626,-1.2145727054278432
AGTGGGACATGAAGTA-1,2.4487365127180376,0.7691044433911265
AGTGGGAGTCGATTGT-1,0.45027145153029347,1.3490331991513194
AGTGGGAGTGCCTGGT-1,-11.462006485405132,2.2595096453030528
AGTGGGAGTTCGCTAA-1,-2.2242566704179487,-0.1629742161433278
AGTGGGAGTTTGGGCC-1,0.795130813178853,-0.36299715201063737
AGTGGGATCCACGTTC-1,-0.711359059753581,-6.847165264288622
AGTGGGATCCATGAGT-1,-11.792803680839702,0.12912914705769435
AGTGGGATCCTCAATT-1,4.814483249244526,-3.1588863507906972
AGTGGGATCTCATTCA-1,-3.3202454208757124,1.1573013885815562
AGTGGGATCTGGCGAC-1,2.9392939448927202,0.13669039671615973
AGTGGGATCTGGTGTA-1,5.742723071632222,-0.12585397819681748
AGTGTCAAGAAGGACA-1,5.358802402076558,-1.9146570340792715
AGTGTCAAGACTAGAT-1,0.9832578540418901,2.3580880983670176
AGTGTCAAGCCAACAG-1,4.726522529182271,-0.8803833500544607
AGTGTCAAGGAGCGAG-1,-11.083456909599468,1.6558616979916514
AGTGTCAAGGCCCTTG-1,3.2997613788221636,-1.8787949458758413
AGTGTCAAGTGCCATT-1,-0.8472150325204573,1.2890404089291514
AGTGTCAAGTTCGCAT-1,1.7372475505445757,-2.4582735673586904
AGTGTCACAAACTGTC-1,4.999117934760884,-1.0149360076586782
AGTGTCACAAAGGCGT-1,6.703439796027974,0.6077963932354868
AGTGTCACAAGCGTAG-1,3.1013475299452105,-0.4239544645945607
AGTGTCACAATCACAC-1,1.3142038226698198,-3.3604435102145254
AGTGTCACACAGAGGT-1,4.134976470527485,-2.349568761984545
AGTGTCACACGGCGTT-1,-1.9700132965470991,3.5756312235196055
AGTGTCACACGTCTCT-1,0.733489835319356,3.185624919732374
AGTGTCACATCTCGCT-1,4.936290347633198,-0.10515148202581986
AGTGTCACATGTAGTC-1,4.12568196063979,-0.21385974446936235
AGTGTCAGTAATTGGA-1,-0.6051169990922651,1.4024494512875498
AGTGTCAGTACAGACG-1,3.5434561610792437,-0.663527466456133
AGTGTCAGTACTCGCG-1,0.5961237788770952,1.2710944040615977
AGTGTCAGTAGCGTGA-1,6.6439262271498,0.2334510608513774
AGTGTCAGTAGCTTGT-1,2.850484931526021,-1.5202807561556875
AGTGTCAGTCGGCACT-1,-1.9784800171281538,3.4520138128598155
AGTGTCAGTCTTTCAT-1,4.1152764201734815,-1.4301487580935537
AGTGTCAGTGCCTGTG-1,-11.156399643364116,3.0451017244656504
AGTGTCAGTGTGACCC-1,2.0270467639539995,-2.1661659852664052
AGTGTCATCACCCGAG-1,4.443601691779927,-2.2961715833346426
AGTGTCATCAGCTCTC-1,4.208027923164204,-2.358909286658007
AGTGTCATCAGCTTAG-1,2.5175207496259966,2.431506954034132
AGTGTCATCATTGCGA-1,0.6628175616834917,-1.843630828062731
AGTGTCATCCCAACGG-1,0.43300672775252247,1.9817772730191172
AGTGTCATCCTTGACC-1,-10.903197205009624,0.696074686845106
AGTGTCATCGTTACAG-1,3.899953448829488,2.370054088433546
AGTGTCATCTCAACTT-1,-0.9105025290872297,0.8108203633625926
AGTGTCATCTGGTATG-1,4.1659308314893995,0.6169714554150523
AGTTGGTAGCCAGTAG-1,-2.931497728767558,1.015504799683851
AGTTGGTAGCCGCCTA-1,2.9371300578687944,0.5795471890767039
AGTTGGTAGCCGTCGT-1,6.627198302802876,-0.1495176331202565
AGTTGGTAGGTGCAAC-1,4.554166400489644,-1.964962877432543
AGTTGGTAGTCGCCGT-1,5.159441077766255,-2.3820199147860586
AGTTGGTAGTTCCACA-1,0.0915958524320879,-1.220112361113268
AGTTGGTCAAAGAATC-1,-0.4952021598245344,-0.07554727057619676
AGTTGGTCACATCTTT-1,-3.103928720894023,1.0837814434369029
AGTTGGTCACATTCGA-1,1.3708709121321,-3.8966538087527334
AGTTGGTCACCCATGG-1,4.167447650489644,2.161938510735792
AGTTGGTCAGTACACT-1,5.381888473090962,-1.3391722814242422
AGTTGGTCAGTCAGAG-1,-11.768779671135112,-0.6368876473109304
AGTTGGTCATAACCTG-1,-1.5871500729943953,-1.015265621344286
AGTTGGTGTACCGCTG-1,3.202261531410054,-0.4124602452914296
AGTTGGTGTCCAAGTT-1,-11.88195792430894,1.793908439477247
AGTTGGTGTCCATCCT-1,-11.730509674492046,-0.7194975988070547
AGTTGGTGTCTCTTAT-1,2.3757761359785357,-0.9376018420855581
AGTTGGTGTCTCTTTA-1,5.228186214027241,0.025907196005147848
AGTTGGTGTGACAAAT-1,3.056511008796529,-1.086208142439562
AGTTGGTGTGGTTTCA-1,4.79689081912978,-0.09142702082796678
AGTTGGTGTTCCACTC-1,3.434468829688863,-1.795969523588854
AGTTGGTGTTCCGTCT-1,1.9651523471449175,1.5716185196240366
AGTTGGTTCACTTCAT-1,-11.873817360344097,2.195230804284376
AGTTGGTTCATCTGCC-1,1.9807146430586138,0.0026193707187594506
AGTTGGTTCATGTCTT-1,-0.7547207235719404,1.3801869972546519
AGTTGGTTCATTGCCC-1,5.255461776313618,-0.8579000012080251
AGTTGGTTCCAGAGGA-1,3.156491363105611,1.1047025545437754
AGTTGGTTCCGCATCT-1,-10.68410578960435,3.104382358392042
AGTTGGTTCGCAAGCC-1,1.3102780223463335,1.0831473692257823
AGTTGGTTCGCATGGC-1,0.2537406325910845,-2.4763123170535146
AGTTGGTTCGCCTGAG-1,-10.320635712089702,3.1486690862973155
AGTTGGTTCGGACAAG-1,0.8538075328443804,3.431983552773756
AGTTGGTTCGGCCGAT-1,-1.8644823789025984,2.6214564665158213
AGTTGGTTCGTACCGG-1,3.4360476375196733,-0.3767578677336751
AGTTGGTTCTGTACGA-1,-11.939029610099956,1.8742197378476084
ATAACGCAGAATGTTG-1,0.8495331645582476,1.8223197086651743
ATAACGCAGACTAGGC-1,2.718947494087056,0.30112078030900374
ATAACGCAGGATGGAA-1,5.721924388465718,-1.793533958594042
ATAACGCAGGGCATGT-1,-0.336394107284709,1.7466753347714365
ATAACGCAGTCCGGTC-1,5.272953116950825,-2.892422355810839
ATAACGCAGTGTACTC-1,1.345475280341939,3.409370504220289
ATAACGCAGTGTGAAT-1,4.510492408332661,1.9355040415127696
ATAACGCCAAGAGGCT-1,-0.394912755432292,1.0541649087269724
ATAACGCCAATGAAAC-1,1.776021802482442,1.6616996153195323
ATAACGCCACACATGT-1,3.615285956916646,-1.172058858076769
ATAACGCCATGACATC-1,5.454813563880757,-0.6376493350665151
ATAACGCGTACAGACG-1,2.356973016319112,-3.2394084111849843
ATAACGCGTCAACATC-1,3.045646750984029,-2.973571695486742
ATAACGCGTCGCTTTC-1,3.6514745593641558,1.513425670464796
ATAACGCGTGTTCTTT-1,2.904167735633687,1.9374818428357066
ATAACGCGTTACGGAG-1,2.5692897677992144,-2.641138710180956
ATAACGCGTTGAACTC-1,-9.4773215412523,3.2069104536374033
ATAACGCTCCATTCTA-1,3.9206219554518023,-0.2799388543765126
ATAACGCTCCTTGACC-1,-10.941388046684429,0.1203945687909545
ATAACGCTCGAATCCA-1,0.5606391072843828,2.920996986230177
ATAACGCTCGCGCCAA-1,3.307394111213521,1.656624995072645
ATAACGCTCTACTATC-1,-12.330096161308452,-0.4464013353983937
ATAACGCTCTTTAGGG-1,-3.143779313507243,1.3244242294629038
ATAAGAGAGAAGGACA-1,0.6707684636686602,3.4526925905545176
ATAAGAGAGACTAAGT-1,5.099851691779927,0.1542780696351947
ATAAGAGAGAGCCCAA-1,0.7573042750929155,3.074948869546217
ATAAGAGAGCGATGAC-1,2.9812603831861773,1.6254783495266856
ATAAGAGAGCTACCTA-1,3.400824630317525,0.5544004364808024
ATAAGAGAGCTGCCCA-1,0.0338641048048296,3.512955985863966
ATAAGAGAGGAACTGC-1,4.562923514900044,-3.37222472588225
ATAAGAGAGGACAGCT-1,-3.9484402298356733,0.07441949089364425
ATAAGAGAGGAGTCTG-1,3.8777786136244097,2.318821988900465
ATAAGAGAGTCCGTAT-1,-0.6770819186593733,2.1656416281063975
ATAAGAGAGTCGAGTG-1,3.5153017879102983,1.7006623371441782
ATAAGAGCACGTAAGG-1,-1.9929679393197737,3.232075296242994
ATAAGAGCACTACAGT-1,1.921926581916646,-3.411303915182787
ATAAGAGCAGCTGCAC-1,1.143707120475606,-2.5832132474581777
ATAAGAGCATGGTTGT-1,3.2618628383253374,-3.6090473310153066
ATAAGAGGTAAGTTCC-1,0.997384870109395,3.5701139791806162
ATAAGAGGTATAAACG-1,4.792856299934224,0.4178098662693919
ATAAGAGGTCGCGTGT-1,0.7136386275862017,3.4532316549618662
ATAAGAGGTGCAGGTA-1,2.8325863719557085,-1.1710030213992177
ATAAGAGGTGGCTCCA-1,2.590324962196187,0.7530303819973887
ATAAGAGGTTAGTGGG-1,2.5071748138044634,-1.762808837095934
ATAAGAGGTTCCGTCT-1,5.2929826617811475,-0.16082376996679887
ATAAGAGGTTGCGCAC-1,-11.61124602550523,2.37102421363191
ATAAGAGTCCGGCACA-1,-0.8562805115606031,-1.5064710752169668
ATAAGAGTCGAGGTAG-1,3.4876457095716753,-2.136262573401171
ATAGACCAGAACTGTA-1,-0.5810783862497053,-7.1452676431338364
ATAGACCAGACACGAC-1,2.5996204257581987,-3.259281076590258
ATAGACCAGACTACAA-1,4.097049796638325,-0.7304102555911123
ATAGACCAGCGGATCA-1,-1.8546272873307905,3.347576461633009
ATAGACCAGCGTCTAT-1,-0.027823364677592277,-6.660703815619188
ATAGACCAGCTAAGAT-1,1.3770147204969683,0.4568242355187358
ATAGACCAGGAATGGA-1,1.686298215446309,-3.611534275213915
ATAGACCAGGCCCTCA-1,2.265758359489278,-0.06634017090006455
ATAGACCAGGGATCTG-1,-11.136837875785991,1.868347726662916
ATAGACCAGTAGGTGC-1,-1.3789621054555616,-1.1822269336382925
ATAGACCAGTGAACGC-1,4.570440375861958,0.5143503769238413
ATAGACCAGTGAATTG-1,-12.804756081047222,-0.13729048530264482
ATAGACCAGTGTTGAA-1,1.4173870921705523,-0.6704367176692068
ATAGACCCAAATCCGT-1,1.6362758517835894,2.1927297933896006
ATAGACCCACATGGGA-1,2.292532289085225,2.687221132119459
ATAGACCCACCCTATC-1,-12.875706589164897,1.0181299074490489
ATAGACCCAGGAATGC-1,2.3992389083479204,0.10754352472097889
ATAGACCCATAGTAAG-1,-10.659194862785503,2.9432998522122324
ATAGACCCATATGAGA-1,-12.029560959282085,-0.1129464582602559
ATAGACCGTAAATGAC-1,-12.140320694389507,1.2292734011013926
ATAGACCGTCCGAGTC-1,-0.4991900085832319,2.502087198098463
ATAGACCGTCGCGGTT-1,3.9443131328199663,-1.5456796065966665
ATAGACCGTGCACCAC-1,-2.0002304076577864,-6.920449890295702
ATAGACCGTGCAGACA-1,1.878622138557271,-1.4443921224276601
ATAGACCGTGCATCTA-1,-2.062962448539897,3.7385557516415537
ATAGACCGTTAAGATG-1,4.582209193763569,-2.433980859915453
ATAGACCGTTGCGTTA-1,4.366039836463765,-2.097048200766283
ATAGACCTCAAAGTAG-1,0.16633745437605763,1.1962185724575938
ATAGACCTCAATCACG-1,-10.712606346550151,2.989281974633497
ATAGACCTCATCACCC-1,2.0567839980696,-0.05682993690176591
ATAGACCTCCGTTGTC-1,4.452356898841694,-2.346662439505297
ATAGACCTCGCCCTTA-1,2.96579655414565,0.5264419837792338
ATAGACCTCTATGTGG-1,-0.30562499755875683,-1.2931181565920888
ATAGACCTCTTCGAGA-1,1.947662198600606,-3.4092220441500722
ATAGACCTCTTGTCAT-1,-11.332618629875347,0.7343969567616404
ATCACGAAGAGGGCTT-1,3.6933976054762163,-2.8094793931643545
ATCACGAAGAGGTAGA-1,-11.865569984855815,1.077191971143049
ATCACGAAGATATACG-1,5.764468753394917,-0.8667298928896963
ATCACGAAGCGCCTCA-1,4.828119838294819,-3.405463375250536
ATCACGAAGCTCCCAG-1,-3.5038835167314253,0.001518845458787832
ATCACGAAGGCAGGTT-1,-12.603562271537944,1.1166711672146739
ATCACGAAGGCATGTG-1,3.8084393382643023,-0.1716867462794362
ATCACGAAGTGTGGCA-1,5.214459979591206,-0.49448100487394914
ATCACGAAGTTACGGG-1,0.6184545398329058,3.1533144338925303
ATCACGACACGTTGGC-1,3.210646712837056,-0.7009699122111379
ATCACGACACTTAAGC-1,4.901857936439351,-1.7547570840518056
ATCACGACAGCATGAG-1,4.10481318241103,0.43740626414613143
ATCACGACAGGACGTA-1,3.580352389869527,2.120094619591993
ATCACGACAGTAGAGC-1,2.6150895000074663,0.6383347733815135
ATCACGACAGTCGTGC-1,0.534203136024312,2.3729704244931162
ATCACGACATCATCCC-1,-0.6920725464250288,1.3088880403836192
ATCACGACATGAAGTA-1,4.433786952552632,1.5549395902951182
ATCACGAGTACAAGTA-1,1.2452984691236773,-1.4090788737933218
ATCACGAGTATATCCG-1,-11.074004089775249,0.5032530053456248
ATCACGAGTATCTGCA-1,5.063367927131489,-2.3055099622408926
ATCACGAGTCTCCACT-1,1.9896126628492632,-2.9457549230258047
ATCACGAGTGATGTGG-1,-2.967923319282695,1.3473189695675791
ATCACGAGTGTAACGG-1,5.760277354774312,-0.36184502402945146
ATCACGAGTTACCGAT-1,4.852908694801167,0.3039314671357097
ATCACGAGTTTACTCT-1,5.413075530586079,-0.6113903896014272
ATCACGATCACTATTC-1,2.290001714286641,0.17831993838147536
ATCACGATCATCTGCC-1,3.596754634437398,-1.6268728152911245
ATCACGATCGGAATCT-1,4.675417983589009,-2.151536144415575
ATCACGATCTCCAGGG-1,2.594210469779805,0.3575578852494182
ATCACGATCTGCGGCA-1,-10.359525597038433,0.10578198860706106
ATCATCTAGAACAATC-1,4.105946624336079,0.01955125470952407
ATCATCTAGAAGGGTA-1,-0.42724165910737133,-1.1485618726412832
ATCATCTAGATCCTGT-1,6.125637614784077,-0.06497515002890214
ATCATCTAGCCGTCGT-1,1.9707003474806108,-2.0222481862704336
ATCATCTAGGACAGAA-1,0.600530827102498,1.7069801910717906
ATCATCTAGGCTATCT-1,-11.14105502361314,0.9620209558804453
ATCATCTAGGTGCAAC-1,-0.29470518821732616,1.623554550011915
ATCATCTAGGTGTTAA-1,0.2071123958204546,0.6449477895100535
ATCATCTAGTCGTTTG-1,1.5847245097730913,-2.901038326422411
ATCATCTAGTTGTCGT-1,5.061027610359028,-0.9020504132906972
ATCATCTCAACAACCT-1,1.7067201972578325,-3.051442779699999
ATCATCTCAAGACACG-1,-11.552407181205913,0.005013517936033163
ATCATCTCACATGTGT-1,-12.238579666557476,2.2268229349453867
ATCATCTCACTACAGT-1,1.2106164336775103,2.075927816232008
ATCATCTCAGGATTGG-1,4.230190360603169,-2.6919209138552724
ATCATCTCAGGCTGAA-1,4.459091746864155,-2.072760500113207
ATCATCTCAGGGTTAG-1,-0.27081767314927196,-1.701454199949938
ATCATCTCATCGTCGG-1,-10.105252182426616,3.3429327829678477
ATCATCTCATGCCCGA-1,4.61448868518813,-0.28051931420965776
ATCATCTGTAGCACGA-1,-1.8483423351670942,3.4836111887295664
ATCATCTGTATCACCA-1,-0.8972649335290632,-1.437054433027941
ATCATCTGTATTAGCC-1,3.801213347968892,-2.620945371786791
ATCATCTGTCAAAGAT-1,2.884142959174947,-1.554531969229418
ATCATCTGTCAGCTAT-1,2.4148271918867388,-0.5053825751940786
ATCATCTGTCGTGGCT-1,4.88409146076186,-2.1420628205935537
ATCATCTGTCTCAACA-1,-0.9848943709756575,-7.075660862127977
ATCATCTGTTCAGGCC-1,-1.9223546146775923,-6.869981922308641
ATCATCTTCAAGCCTA-1,3.8263846278761187,-3.0654629842440664
ATCATCTTCACTTATC-1,4.251286590156392,1.369391165574354
ATCATCTTCATACGGT-1,3.0833965182874956,2.660205684502882
ATCATCTTCATCGCTC-1,-9.412997162285015,2.840350948174757
ATCATCTTCCAAGCCG-1,4.432183349189595,-3.4869679586093008
ATCATCTTCCGGGTGT-1,0.7758212924574175,2.132632575829786
ATCATCTTCCGTCATC-1,3.473571384010152,-1.1344039813677846
ATCATCTTCGTAGGAG-1,-0.1636226534272871,0.058004740526241216
ATCATCTTCGTGGTCG-1,-0.4203156589891157,1.3700830562909068
ATCATCTTCGTTGACA-1,5.20241650348647,-0.8631260768572866
ATCATGGAGAACTCGG-1,2.138428056297139,-3.2971903459231435
ATCATGGAGATCCGAG-1,4.242979133186177,-2.6608497277895986
ATCATGGAGCGTGAAC-1,-1.0291427134896955,-6.685890831152635
ATCATGGAGCTTCGCG-1,-10.417256271782085,3.3514777048428477
ATCATGGAGTACGTAA-1,-0.37326858037964916,-7.058129944006639
ATCATGGAGTCTCGGC-1,-0.03168240779893017,0.7049665077526988
ATCATGGCAAACTGTC-1,4.129888618049458,-2.7121163980166494
ATCATGGCACAAGACG-1,-0.6388619899179182,0.0444108991821231
ATCATGGCACAGTCGC-1,4.590023601112202,0.14582049464182273
ATCATGGCACCGATAT-1,2.589602077064351,-3.040590204397875
ATCATGGCACCTTGTC-1,0.5373444200132647,1.8022220953305186
ATCATGGCAGCCAATT-1,-10.577826416435405,-0.8583308831851064
ATCATGGCATGGGACA-1,3.8872414470289507,-2.141133464972216
ATCATGGCATTGCGGC-1,5.0949493289564405,-0.065147943894106
ATCATGGGTACCGTTA-1,1.7178488612745562,0.6270471437771739
ATCATGGGTAGCTTGT-1,4.982234561500386,-1.1367968694369375
ATCATGGGTCCGCTGA-1,-3.9696509003068647,0.16963256885604278
ATCATGGGTCGACTAT-1,-11.485061562004253,-1.6236137525240957
ATCATGGGTCTACCTC-1,-3.1740491747285566,0.8244952781994761
ATCATGGGTTACGGAG-1,-12.384916222038433,0.4410100503762187
ATCATGGGTTATGCGT-1,4.540365779456929,-0.01658311496182069
ATCATGGTCATTGCCC-1,3.7093492389295855,-1.6927841083209096
ATCATGGTCCATGAAC-1,4.543612086829976,1.1371334417660655
ATCATGGTCCCTTGCA-1,0.17522712951643848,1.9863735063870371
ATCATGGTCCGTTGCT-1,-11.935073769035503,-0.027426041762071696
ATCATGGTCGAGAACG-1,-3.282261526527568,-0.4995078221957265
ATCATGGTCGGATGGA-1,1.1361673713300982,3.144245467980665
ATCATGGTCTTGTTTG-1,-0.4404010533715925,-7.060871757666307
ATCCACCAGAAGGTTT-1,-0.023988163414164543,2.2645846231778086
ATCCACCAGATAGCAT-1,4.33876093631728,1.3158565386135996
ATCCACCAGATGAGAG-1,-0.7580213903810225,0.16884334375457183
ATCCACCAGATGCCAG-1,2.8442321658705034,-1.039410390059191
ATCCACCAGCGAAGGG-1,0.5092557311628618,0.2512450291712703
ATCCACCAGCGTCTAT-1,2.5084398627851763,-2.6031970159213125
ATCCACCAGGCGTACA-1,2.564523303565816,-2.5343867913882314
ATCCACCAGGTAAACT-1,5.0791388393018995,-3.1953157560030996
ATCCACCAGGTCATCT-1,-3.1691208242799482,0.0745691600193204
ATCCACCAGTACGCGA-1,1.8436122775648394,-2.3179284707705556
ATCCACCAGTGTCCCG-1,-11.832333481254741,-0.039496399561601725
ATCCACCCAAAGTGCG-1,4.021853053626851,-1.2796020881335317
ATCCACCCACATCCGG-1,4.318538272437886,2.045921288331312
ATCCACCCACCGAATT-1,-0.017065679969950676,2.2244163378079356
ATCCACCCATACTACG-1,2.6820731998060503,0.14624208201960937
ATCCACCCATCTCGCT-1,1.534512841758565,2.25859221061067
ATCCACCCATTGTGCA-1,1.3918469787214556,-0.7103269473712026
ATCCACCGTAAGCACG-1,2.6725006938551226,-1.4510804788271963
ATCCACCGTAGGGACT-1,-0.21851316684739208,1.1086997612317027
ATCCACCGTCACACGC-1,2.710354888496236,1.409808359940809
ATCCACCGTCTCTTTA-1,5.227974021491841,-2.297954477469164
ATCCACCGTGGGTATG-1,2.5152173877332964,2.448120675881666
ATCCACCGTGTGAAAT-1,0.2093789220426836,0.7193749173481883
ATCCACCGTGTTCTTT-1,1.35233482128127,3.4709039553006114
ATCCACCTCACAATGC-1,-2.9727554678346357,0.43257375796632186
ATCCACCTCAGTTAGC-1,-12.114458954277202,-0.04702136675520524
ATCCACCTCCAAACTG-1,4.717952334937886,-1.8773254529635488
ATCCACCTCCAGTATG-1,3.4341984630201616,0.625849746068281
ATCCACCTCCGCAGTG-1,1.4679556727979937,-4.0321838037173325
ATCCACCTCCGTTGTC-1,3.434445941505269,-2.2945510522524892
ATCCACCTCGTATCAG-1,-3.432661926689311,0.13556564589337722
ATCCACCTCTCAAGTG-1,-0.006406819763346672,1.7849728687603892
ATCCACCTCTGTCTCG-1,3.4447403789137163,1.6701304539044322
ATCCACCTCTTTACGT-1,-10.839954292717144,2.226884446938795
ATCCGAAAGAGGTACC-1,2.0339690089796343,1.1961594446499766
ATCCGAAAGAGTCGGT-1,0.4480000377271929,1.071868918736738
ATCCGAAAGCCCAATT-1,-0.49532756799714184,0.46581440409020797
ATCCGAAAGCGTTCCG-1,0.5352774501417437,3.0998831613858164
ATCCGAAAGCTTTGGT-1,1.1609030604933062,-2.5794161931674062
ATCCGAAAGTTGTAGA-1,2.5931874156568804,1.415520511468214
ATCCGAACAAGTAATG-1,0.3599432349775591,-1.4581784383456289
ATCCGAACACACAGAG-1,6.552889430579976,0.13679769252733603
ATCCGAACACATCTTT-1,4.214337432441548,-2.7980424539248525
ATCCGAACAGACAGGT-1,0.6706692815397539,-0.15745110074682817
ATCCGAACATATACGC-1,2.220163428840474,0.9398752673466624
ATCCGAAGTAAGGGCT-1,4.310895049629048,-0.3327539042632161
ATCCGAAGTAGGCATG-1,2.7874580264662066,-0.22932589809103593
ATCCGAAGTCTCAACA-1,3.3641315341566362,-1.7992093936602651
ATCCGAAGTCTCATCC-1,1.3508706927870073,-2.3819240705172597
ATCCGAAGTCTCCATC-1,1.4557145476911821,3.092043481667799
ATCCGAAGTGATGCCC-1,0.4351637006376543,3.142390809853834
ATCCGAAGTTAGGGTG-1,3.679771983680562,-3.0118087903658926
ATCCGAAGTTGTCTTT-1,-3.2949219107057295,0.3421444817383708
ATCCGAATCAGGTTCA-1,-11.954389488639995,1.6017057522137583
ATCCGAATCATCACCC-1,1.0701099277113237,0.09294398770974294
ATCCGAATCGAGGTAG-1,3.0261617541883745,0.5729194506009043
ATCCGAATCTATGTGG-1,-3.645059502067729,-0.08383715907736405
ATCCGAATCTGATTCT-1,-1.3559921740915022,3.618063531716627
ATCCGAATCTGGGCCA-1,6.4657145381544385,0.34014520784215346
ATCGAGTAGAAGGCCT-1,-11.118579780998394,2.562176547845167
ATCGAGTAGATAGCAT-1,-1.6810946523572645,-7.06157413880034
ATCGAGTAGATATGCA-1,5.366762244758442,-0.5102016107241689
ATCGAGTAGATGTAAC-1,2.639392459449605,-0.5417423025767385
ATCGAGTAGCTCCCAG-1,-3.218172228279277,-0.08800166110201463
ATCGAGTAGGTGTTAA-1,-11.612569725456401,2.7292352541287364
ATCGAGTAGTAGTGCG-1,2.6844302058790483,-0.11018287400408372
ATCGAGTAGTCGTACT-1,2.1201978564832964,1.9847607239087046
ATCGAGTAGTCTCAAC-1,4.793734157142476,-1.4591817037264883
ATCGAGTAGTTCGCAT-1,-12.080150520744487,2.5733278616269053
ATCGAGTCAAATCCGT-1,2.4857803226087847,2.5400172098477305
ATCGAGTCAACCGCCA-1,-10.757508194389507,2.8017478807766856
ATCGAGTCAAGAGGCT-1,1.082615697440938,-3.518697895209032
ATCGAGTCAAGCCCAC-1,0.42159124618513966,2.2144986017544688
ATCGAGTCAATAGAGT-1,4.837912643012837,1.1007794960339488
ATCGAGTCAATAGCGG-1,2.672020518836812,-2.248017944494921
ATCGAGTCACCCTATC-1,1.0813568473432817,2.122031293710035
ATCGAGTCAGCGATCC-1,0.40230759387953663,2.540711007912916
ATCGAGTCAGGAATCG-1,-10.899850761833354,1.1645130737622202
ATCGAGTCAGTCTTCC-1,1.1379853129957476,2.350319228966993
ATCGAGTCATCGTCGG-1,5.294426524696187,-1.8729938642184316
ATCGAGTGTAGCCTCG-1,4.243722999152974,0.03858067830399886
ATCGAGTGTAGGGACT-1,3.527358138618306,-3.041738428274828
ATCGAGTGTCCCTTGT-1,4.784603202400044,-3.884617008368212
ATCGAGTGTCCGAGTC-1,2.1454435229872026,0.9932839496930064
ATCGAGTGTGAGCGAT-1,-10.47754184001939,-0.04126051823301896
ATCGAGTGTGCGATAG-1,3.4203992724989214,-1.9619917050997793
ATCGAGTGTGGTAACG-1,-9.57838240856187,3.083998523553175
ATCGAGTGTGGTCTCG-1,1.766977155265645,0.22509111454085723
ATCGAGTGTGTCAATC-1,1.75815495258315,0.49003931125001327
ATCGAGTGTTACGACT-1,3.166212642249898,-0.203350909153658
ATCGAGTGTTTAGGAA-1,1.4170139670942583,-3.790165104071337
ATCGAGTTCAAACGGG-1,-3.3882836460496626,0.4651904030640544
ATCGAGTTCAACGCTA-1,-2.2682842969323835,3.1789570673306407
ATCGAGTTCAATAAGG-1,-0.026942408027812004,-0.860624589125353
ATCGAGTTCAATACCG-1,5.420996272620991,-1.6730039493243276
ATCGAGTTCAATCTCT-1,5.017821872291401,-2.158683694998461
ATCGAGTTCACAGTAC-1,-11.768420135917827,1.265972696145338
ATCGAGTTCACTCCTG-1,0.10240134006483936,0.3797790332634868
ATCGAGTTCACTCTTA-1,-11.76456347698228,0.6546041591961802
ATCGAGTTCAGCGATT-1,-0.16477612251298046,3.5318449362118662
ATCGAGTTCCGCTGTT-1,2.7535968661878862,0.4657678528626384
ATCGAGTTCGAATCCA-1,-9.891199028434917,0.5669604464371623
ATCGAGTTCTCGAGTA-1,4.195938193855122,-0.9256333486239492
ATCGAGTTCTGAGGGA-1,6.054792010841206,0.16650862236813918
ATCTACTAGAAGATTC-1,1.1120901942823687,0.7581564410527171
ATCTACTAGAAGGTTT-1,-0.5426561593438826,-0.18924034396811112
ATCTACTAGCGTGAGT-1,2.3167448878858843,1.703105650742811
ATCTACTAGCTACCTA-1,-3.201447999420329,-0.2420256511370717
ATCTACTAGCTAGCCC-1,-12.487001335563823,2.128624759515089
ATCTACTAGGATGTAT-1,3.194683158454732,-1.2108393088976919
ATCTACTCACATTAGC-1,-0.4006268143083296,2.204799495538038
ATCTACTCAGCTGTAT-1,4.541876399574116,-1.5154288188616811
ATCTACTCAGGGAGAG-1,4.847788417396382,1.5290631874401988
ATCTACTCAGTATCTG-1,3.7203431964491167,-1.47112027565642
ATCTACTCATCACGAT-1,3.5705324054334917,-2.3728806153933584
ATCTACTGTAAATACG-1,3.8516317248914995,-0.7159348503748952
ATCTACTGTACTCTCC-1,-11.794417297783061,0.8860157950718821
ATCTACTGTCTCTCGT-1,4.462681853828267,-2.0738062040011465
ATCTACTGTTATGCGT-1,1.8165880084608355,1.3253934009869517
ATCTACTGTTCCACAA-1,-1.1031723081495008,0.9284382685025157
ATCTACTGTTGCGCAC-1,3.8904505611036577,0.6900419219334544
ATCTACTGTTGTTTGG-1,-2.4468338846589766,-0.08602295080824479
ATCTACTGTTTACTCT-1,4.066447341499165,-2.865254558722216
ATCTACTTCAAAGTAG-1,-1.4478855639125547,3.387566409905714
ATCTACTTCAACGAAA-1,4.9187360644911085,0.7796195371945323
ATCTACTTCACCTCGT-1,6.768281066474751,-0.018910385767656412
ATCTACTTCACGACTA-1,4.605068290290669,-2.082150615851122
ATCTACTTCAGTGCAT-1,2.889913642463521,1.0995460971196116
ATCTACTTCGAACTGT-1,4.432073676643208,1.386112414201063
ATCTACTTCGCGTAGC-1,-2.992556011619731,0.8820333703358592
ATCTACTTCGGCGCAT-1,6.768782699165181,0.27979699512318984
ATCTACTTCTGGCGTG-1,2.7500968814466753,2.0369587763150157
ATCTACTTCTGGTGTA-1,3.8426662326429644,-1.9559549466769277
ATCTGCCAGAAACGCC-1,1.5962508559797564,2.2700069769223155
ATCTGCCAGCGATAGC-1,1.7298947215650835,-2.365849174658495
ATCTGCCAGCGATGAC-1,2.1163223624800005,-1.5902134553591787
ATCTGCCAGCTCTCGG-1,2.5156920791242876,-3.2492560521761953
ATCTGCCAGGGCTTGA-1,-1.0397636055375776,3.5137441976864756
ATCTGCCAGGTGCTAG-1,3.995570266303853,-1.6352422610919057
ATCTGCCCAAGCGCTC-1,2.536961877403096,0.2787932231028499
ATCTGCCCAAGTCATC-1,4.657076919135884,0.0818729101617755
ATCTGCCCAATCGAAA-1,3.0715533137892046,1.8996997698147715
ATCTGCCCACAAGACG-1,0.3773762822721758,3.581755004723829
ATCTGCCCACCTTGTC-1,3.75935705905898,-3.594364084402758
ATCTGCCCACTCTGTC-1,-0.6577002763177595,0.42919316132859603
ATCTGCCCAGGTCGTC-1,4.3175164104078565,-1.095794357458788
ATCTGCCCAGTATAAG-1,-0.41569772953049755,-0.9983381406466543
ATCTGCCCATCCAACA-1,-2.0433888196374617,3.4851327761013926
ATCTGCCGTACACCGC-1,-3.5441788792039595,-0.34430370489760026
ATCTGCCGTACCATCA-1,1.5371347308729448,-0.9309320823351919
ATCTGCCGTAGCTTGT-1,2.8737784267042437,1.85190697749452
ATCTGCCGTCATATCG-1,5.402947986183003,0.0592063552637519
ATCTGCCGTCATGCAT-1,4.012144172248677,-0.46287516514464006
ATCTGCCGTCCGACGT-1,2.4233320594404497,-0.4536032454173146
ATCTGCCGTCGCCATG-1,-0.08494285339371777,3.509080730279249
ATCTGCCGTCTAGCGC-1,0.9938863158796587,-1.2010333911578237
ATCTGCCGTTAAAGAC-1,3.6201139331434526,-1.5507780687014638
ATCTGCCGTTAAGGGC-1,-11.374288475456401,1.2378259523709239
ATCTGCCGTTATGCGT-1,2.7631612659071245,-0.232561536232668
ATCTGCCTCACGGTTA-1,3.997136199531392,1.9760436638195933
ATCTGCCTCACTATTC-1,2.8670483470533648,1.0604273303349436
ATCTGCCTCATCACCC-1,0.7004259467695513,-1.3491737023989736
ATCTGCCTCCGCAAGC-1,1.8576112628553667,2.909525714715284
ATCTGCCTCCGGGTGT-1,-2.2560377478028975,3.7373956068356455
ATCTGCCTCGGAAATA-1,4.838394248542622,-1.6413652078311025
ATCTGCCTCTCTGCTG-1,3.799213492927388,-1.9632856027285635
ATGAGGGAGAAGATTC-1,2.6549411655042925,-0.7249636427561819
ATGAGGGAGATCGATA-1,3.1402827144239702,-1.1574416534106313
ATGAGGGAGCTAGTGG-1,-0.2737256645585737,-7.0308081285159165
ATGAGGGAGGGTATCG-1,0.6297467589948931,1.227166496117872
ATGAGGGAGGTGCTAG-1,-0.4991089462663374,0.20842925449208632
ATGAGGGAGGTGGGTT-1,2.5700035930250444,0.08636963916317836
ATGAGGGAGTACGTTC-1,1.0965789199446,-1.5296913758914052
ATGAGGGAGTCTCAAC-1,3.956634604987935,1.5558199508984507
ATGAGGGCACGGTGTC-1,3.054689490852193,1.8392194135983408
ATGAGGGCAGCGTCCA-1,-0.7888172625924788,0.3829845710595073
ATGAGGGCAGGCAGTA-1,3.8997484088514605,0.9792082532246531
ATGAGGGCAGGTTTCA-1,0.5560980678175249,1.2365555389721812
ATGAGGGCATGCGCAC-1,-0.18677762741105175,1.9419881923993052
ATGAGGGCATTTGCCC-1,-2.8706823944474897,0.5826964004834116
ATGAGGGGTACAGACG-1,-0.6075838565255842,-1.470111049811083
ATGAGGGGTCTAAACC-1,5.633588397559956,-2.5023647920291006
ATGAGGGGTCTCGTTC-1,-12.00619117015855,2.759275279839796
ATGAGGGGTCTTTCAT-1,1.7283614516828814,1.8928608520825327
ATGAGGGGTTCACCTC-1,-1.9161662220384321,3.240577302773756
ATGAGGGGTTCCCTTG-1,1.8884092212293901,0.19519621868924514
ATGAGGGGTTCGTGAT-1,2.2641523719404497,-1.5904204026858388
ATGAGGGGTTCTGGTA-1,5.836520278510884,0.7109682186444224
ATGAGGGTCAGTACGT-1,-2.0123171567346296,-6.879187740484911
ATGAGGGTCCTGCCAT-1,-12.40459147686021,1.1756230219204844
ATGAGGGTCGCTAGCG-1,-0.8102602719690046,1.4405620916684092
ATGAGGGTCGGCCGAT-1,-12.475005066337749,2.4898231848080576
ATGAGGGTCTGATTCT-1,3.2299657703016558,1.6614095791180552
ATGAGGGTCTTGACGA-1,-11.945136940422222,0.204242363472742
ATGAGGGTCTTTAGTC-1,-1.6964780449296675,-6.928989090124803
ATGCGATAGAGCAATT-1,-1.8969105839158735,3.720452628930372
ATGCGATAGATAGGAG-1,1.0178488135908403,1.7284987791378916
ATGCGATAGCGTGTCC-1,4.1630411983106885,-0.19014129797621354
ATGCGATAGCTAACAA-1,-1.886793231907054,-6.994292415777879
ATGCGATAGCTCCCAG-1,-1.3602860107447348,3.4501331671078623
ATGCGATAGGAGTACC-1,-0.6978508591081343,1.0089006050427378
ATGCGATAGTCCAGGA-1,-0.3752225994493208,-6.9974147454897935
ATGCGATAGTGCTGCC-1,1.8306432605360308,2.473210893471998
ATGCGATCAAGCTGTT-1,4.1480766177748,1.6161105259259165
ATGCGATCATAGGATA-1,2.438617074546651,2.0426138265927256
ATGCGATCATGAACCT-1,-0.713134145679637,0.6600354536374033
ATGCGATCATTGCGGC-1,2.9198356509779253,1.6121017559369029
ATGCGATGTAGGAGTC-1,-11.318259155693218,0.8083120210965098
ATGCGATGTAGTGAAT-1,-10.652708923759624,2.5355857237179698
ATGCGATGTATCACCA-1,4.781299674568013,1.5919297560055674
ATGCGATGTATCAGTC-1,-10.389904892387554,2.2523816450436533
ATGCGATGTCAGAAGC-1,6.179046714362935,1.0391404851277293
ATGCGATGTCTGGTCG-1,-12.152202522697612,1.1820381506283701
ATGCGATGTGTAAGTA-1,-2.02763024562852,-6.932531036535936
ATGCGATGTGTCCTCT-1,3.974830234107808,-3.306910194555956
ATGCGATGTTAAGTAG-1,-0.9749794959451399,2.339527211983961
ATGCGATGTTCATGGT-1,-11.570509827079936,-0.6744283215205251
ATGCGATTCAGTGTTG-1,3.701371276435689,1.4100302084286631
ATGCGATTCGACAGCC-1,-11.10148802989976,3.0291500910122813
ATGCGATTCGCGTAGC-1,-10.51828662151353,-0.7487280742327749
ATGCGATTCGCTGATA-1,1.3772428870771685,3.043607793649
ATGCGATTCGGAGGTA-1,5.361596667823628,0.7332115991909922
ATGCGATTCGGCGGTT-1,2.287101829109029,-3.333614982763964
ATGCGATTCGTCCGTT-1,1.8802169204328814,-2.7526091710726797
ATGCGATTCGTTTAGG-1,4.645253741798237,-3.2307185308138906
ATGGGAGAGCAGATCG-1,3.6608129382704058,-1.8353064433733999
ATGGGAGAGCCAGTTT-1,-12.542195236625835,2.104104839165968
ATGGGAGAGGCATTGG-1,2.995271766242818,-3.1234285012881338
ATGGGAGAGTGTACGG-1,2.9056144595716753,1.6468242033322276
ATGGGAGCACAGAGGT-1,-2.029220080318614,3.5806294306118907
ATGGGAGCAGATGGGT-1,2.744706237373189,1.9918049200375498
ATGGGAGCAGTGAGTG-1,-0.3773888706590376,1.5509159191449107
ATGGGAGCATATACGC-1,-0.5651490449334822,-6.932990707556444
ATGGGAGCATCAGTCA-1,3.608937823829488,-1.6224018708865224
ATGGGAGGTAAATGAC-1,-0.9115151523973188,0.6939279659588755
ATGGGAGGTACAGCAG-1,5.082001292762593,-1.5788214580218374
ATGGGAGGTATGAATG-1,-0.7267400979425154,-1.4835667983691274
ATGGGAGGTGTGCGTC-1,-0.49099186653153515,-7.158917106787401
ATGGGAGGTTCCGGCA-1,6.1318546176527295,1.1472247465451182
ATGGGAGGTTTACTCT-1,-0.36332956546799755,-0.22013831893606767
ATGGGAGGTTTGACAC-1,-0.8667971252824507,0.02616184194878951
ATGGGAGTCAACGGGA-1,-0.8012534737016401,0.049324337293666753
ATGGGAGTCACTTATC-1,3.1286989093397417,0.684188745816511
ATGGGAGTCAGGCAAG-1,1.6087873817060747,-3.299231447378832
ATGGGAGTCATTATCC-1,-2.5994544386293135,1.6110448463757456
ATGGGAGTCCCTGACT-1,4.223909461555317,-1.3375099078814565
ATGGGAGTCCGCGTTT-1,2.683230006751851,2.2451229914029063
ATGGGAGTCCGGGTGT-1,5.088547313270405,-0.4159768597285329
ATGGGAGTCCTCAATT-1,2.959205234107808,-1.4642335549990713
ATGGGAGTCCTTGCCA-1,0.04909595256789112,1.7423792703946055
ATGGGAGTCTAACTGG-1,-0.8114118039037428,0.5000024958451212
ATGGGAGTCTCGCTTG-1,4.419158065376118,-2.4964672700564443
ATGGGAGTCTCTGTCG-1,2.2957046866987505,2.2971931322415293
ATGTGTGAGACGCACA-1,1.5310297847364702,-1.8811046258608877
ATGTGTGAGATCCTGT-1,-10.743748581352397,1.4979263170559824
ATGTGTGAGATCTGCT-1,-2.0609860777284346,3.596140228112501
ATGTGTGAGCACAGGT-1,-0.21945003265397167,1.7578426225979746
ATGTGTGAGCTACCGC-1,-11.10278311962144,0.9511766060193003
ATGTGTGAGCTCAACT-1,1.2791269660566607,-3.365673221747118
ATGTGTGAGCTGCGAA-1,4.9488664508436475,-1.1708678380648672
ATGTGTGAGGATGGTC-1,6.086474025306538,-0.20179007212324723
ATGTGTGAGGCCGAAT-1,6.74161156421645,0.4826040192444743
ATGTGTGAGGGAACGG-1,2.5444370151136675,-0.26411057273550614
ATGTGTGAGTGGGTTG-1,0.4846481919859209,0.809037767251295
ATGTGTGAGTTGAGAT-1,2.2920001388166704,-3.0802616254489004
ATGTGTGCACAGCCCA-1,4.159607970771626,-3.801499523321825
ATGTGTGCACGAAGCA-1,-12.7452019810106,-0.15912718335791215
ATGTGTGCAGCTCCGA-1,-10.316716110649272,-0.19334510723753556
ATGTGTGCAGCTGCAC-1,1.1492899299238482,0.8057690485318125
ATGTGTGCAGTCACTA-1,1.9956072211836138,-0.2204000727335988
ATGTGTGCATATGAGA-1,-10.52027980083482,0.03712499876813308
ATGTGTGCATCTCGCT-1,-1.9553483485604963,-6.919127620856004
ATGTGTGCATTTGCCC-1,-3.6607567428971968,0.13669649874166862
ATGTGTGGTAAGGGAA-1,-0.13259009117142773,-1.3660945073763906
ATGTGTGGTCGTGGCT-1,2.178309762534932,1.7634837253888072
ATGTGTGGTCTGATTG-1,4.329038226661519,-3.018082298437792
ATGTGTGGTGATAAAC-1,-11.080275452079936,-2.168167986075121
ATGTGTGGTTCACGGC-1,2.0612505317304888,3.1475964411099375
ATGTGTGGTTCCCGAG-1,3.276407325324849,-1.709325589338976
ATGTGTGTCACTCCTG-1,5.439093196449116,-0.8685263768832265
ATGTGTGTCAGATAAG-1,5.693827712592915,-2.154186405340868
ATGTGTGTCAGCGATT-1,3.926400744972066,-1.7516962663332998
ATGTGTGTCAGTACGT-1,0.3084110856626787,1.6727026327450694
ATGTGTGTCGCATGAT-1,-11.412701523246929,2.5950985773404063
ATGTGTGTCGGCGCAT-1,4.39922293430312,-0.4509334937731801
ATGTGTGTCGTACGGC-1,-2.9063277601625166,1.2120020016034068
ATGTGTGTCTAACCGA-1,-1.7344685851957045,3.5685234888394297
ATGTGTGTCTACGAGT-1,2.8409500957105913,-2.5489792005221426
ATGTGTGTCTCGCATC-1,2.358124101219014,-0.3455226496855794
ATGTGTGTCTGCTTGC-1,4.316030585822896,-1.219547905127245
ATGTGTGTCTTGAGAC-1,1.3065369964216509,-2.5582164899508535
ATGTGTGTCTTGCAAG-1,0.8660896659467974,2.9239970072110117
ATGTGTGTCTTTAGGG-1,1.9808054805372515,1.3239730223019541
ATTACTCAGATCTGCT-1,4.669179999885396,-2.388121761481005
ATTACTCAGGCGCTCT-1,3.2205844760511675,2.5147579534848155
ATTACTCCAAACAACA-1,6.846773231086567,0.17044042040900603
ATTACTCCAACAACCT-1,0.7278993964765825,3.4821940286953867
ATTACTCCACCAGATT-1,-0.15135780567185497,1.1208015306790293
ATTACTCCACCAGGTC-1,-0.06845942729966259,1.7880574091275157
ATTACTCCAGACAAGC-1,-3.8258630394365034,-0.33511600653334245
ATTACTCCATAGAAAC-1,2.2291901946638384,2.7059369905789317
ATTACTCCATATGAGA-1,-3.315751469078227,0.35290526588754073
ATTACTCGTAGCTAAA-1,0.6782005668257036,3.486443363030714
ATTACTCGTAGCTCCG-1,-0.9003669380571089,-6.660753406683641
ATTACTCGTAGGGACT-1,-1.949903583469554,-7.0392638818423325
ATTACTCGTCCGAACC-1,2.6280671001051226,0.032235383888048086
ATTACTCGTGACTCAT-1,-10.774616157951519,1.5355510338147105
ATTACTCGTGAGTATA-1,-0.4577331303979597,1.2540175541241587
ATTACTCGTGCATCTA-1,-10.743945038261577,0.9369831307728709
ATTACTCGTTCTGTTT-1,4.579627597389058,-0.7992379442851125
ATTACTCGTTTGGCGC-1,-0.03574661010758495,1.8289727791150034
ATTACTCGTTTGTGTG-1,1.3016672969435015,2.1617890222866953
ATTACTCTCAACACAC-1,5.153318011817769,-2.5714658872286855
ATTACTCTCACCAGGC-1,4.365132892188862,-3.5221077577273427
ATTACTCTCCAGAGGA-1,1.835540854987935,-2.3190828935305654
ATTACTCTCGAACTGT-1,2.6943326831434526,0.0022339745362223717
ATTACTCTCGTTTAGG-1,4.13166340595229,-1.4746353999774038
ATTATCCAGAGACTAT-1,3.8311191440199175,-2.0964621678988515
ATTATCCAGGTGCAAC-1,2.4135194659803667,1.2904752119381846
ATTATCCAGTATTGGA-1,-2.4863573669816694,2.0909709556897105
ATTATCCAGTCGTACT-1,-0.9962841033364973,0.8479322417576731
ATTATCCAGTGAACAT-1,4.309225165901021,-0.7184663192431509
ATTATCCCAAGGTTTC-1,-0.4357741236116133,1.4950106962521494
ATTATCCCACAGATTC-1,-11.879690086784526,0.3399479462702693
ATTATCCCAGATCCAT-1,2.546760165748433,2.2233453615506114
ATTATCCCAGGTGCCT-1,3.991748893318013,0.21805974831179992
ATTATCCCAGTGAGTG-1,3.6635189891432085,-1.3489835635821401
ATTATCCCATAAAGGT-1,-11.225504791679546,2.673870883782667
ATTATCCCATGCAACT-1,-11.48396388286607,-1.4824365750948965
ATTATCCGTAGGCATG-1,-1.2106848939682684,-1.3084460870425283
ATTATCCGTAGGGACT-1,1.4177471042249956,3.3023680075009287
ATTATCCGTATGCTTG-1,-1.130059620680972,2.9554932936032237
ATTATCCGTCAGAAGC-1,4.36987313037856,-2.3510886804263174
ATTATCCGTCGCTTCT-1,4.43281611209853,-2.7450031415621816
ATTATCCGTTTGGGCC-1,6.115491473731831,0.980951748688978
ATTATCCTCAACTCTT-1,4.831422889289692,1.6421824320156992
ATTATCCTCCATGCTC-1,4.973427856025532,-2.1011482850710927
ATTATCCTCCTTGGTC-1,0.7831207156751909,0.7081945761044444
ATTATCCTCGCTTGTC-1,-0.7492040752793989,-7.113403476874071
ATTATCCTCGGCGCAT-1,-11.81852141613023,0.9834068640072764
ATTATCCTCTGAGGGA-1,-10.619943535270854,2.44658311446504
ATTCTACAGACGACGT-1,1.3134849906538286,3.0865968092282237
ATTCTACAGATGCCTT-1,-0.024920499267741203,3.4159093721707285
ATTCTACAGCTAACAA-1,-11.680275833549663,1.3346477373440684
ATTCTACAGGAACTGC-1,2.069568479118184,-3.4156359807650625
ATTCTACAGGACCACA-1,3.025381648597554,0.6431849821408213
ATTCTACAGTAGGCCA-1,-12.65690795177476,-0.11494202176733598
ATTCTACAGTGCCAGA-1,6.778680884895161,-0.28895286480589494
ATTCTACAGTGTTTGC-1,0.2688762784574785,-0.1831734553973256
ATTCTACCAAGTCATC-1,1.6039720416639605,0.8722068293888987
ATTCTACCAATAACGA-1,-11.180360710563823,0.970455311139387
ATTCTACCACAAGCCC-1,5.122966373023823,-0.34500441710157975
ATTCTACCACCTATCC-1,-0.34081361288086987,0.6796793564160288
ATTCTACCACGGATAG-1,2.1470654845808306,2.511097513039869
ATTCTACCACTAGTAC-1,-12.247342979850933,0.5977265461285532
ATTCTACCAGATGGGT-1,2.173773849067525,0.23848605891065017
ATTCTACCAGTTCCCT-1,1.4311080813978472,-3.8386689798037588
ATTCTACCATCACCCT-1,1.7612603545759478,1.7656081541378916
ATTCTACCATCGGTTA-1,4.688515269813374,0.6574117763836802
ATTCTACCATTAACCG-1,-12.485784447136089,2.542690358956617
ATTCTACCATTCTTAC-1,2.660832250175313,-1.1387889758746206
ATTCTACGTAAGTGTA-1,0.5597949863050737,1.2279996498425425
ATTCTACGTAATAGCA-1,-3.5165998100663862,0.24714056392506972
ATTCTACGTATATCCG-1,-3.6365861057664595,0.09440014734239593
ATTCTACGTCCGAGTC-1,1.896658027229146,-0.279950566689211
ATTCTACGTCCTCTTG-1,-0.8473646401788435,0.4304749890168132
ATTCTACGTGCAGGTA-1,4.407130801734761,-0.041566990415292826
ATTCTACGTGTCTGAT-1,-0.12777117485062695,-0.6277116314570486
ATTCTACGTTCATGGT-1,-0.6225570797349653,-6.856050647894579
ATTCTACTCAACCAAC-1,-11.525253212394878,-1.3226567880312978
ATTCTACTCCCACTTG-1,2.8874884486769,-0.6405029074351369
ATTCTACTCGCAGGCT-1,-1.696555650177165,-0.9341639653842031
ATTCTACTCGGAGGTA-1,-2.2864191293145857,2.534889064629835
ATTCTACTCTACTTAC-1,2.734677875099019,-0.863721467653948
ATTCTACTCTGTCTCG-1,2.334958875236348,-1.475346006552416
ATTGGACAGAATCTCC-1,0.8462425113294878,3.079364858468336
ATTGGACAGACTAGGC-1,-11.269699966850444,0.9207816346486033
ATTGGACAGCGGATCA-1,5.656404578742817,-0.6463932768504201
ATTGGACAGCGTGAGT-1,1.8837991595838823,0.5328046603997172
ATTGGACAGTCACGCC-1,4.634695136604146,-3.699514545599657
ATTGGACAGTTGTAGA-1,0.6955837846372881,0.15476570268468276
ATTGGACCAAGTTAAG-1,4.162319743690327,1.481766424973768
ATTGGACCAATCACAC-1,-11.052094376030132,1.4893763883908213
ATTGGACCACAACGCC-1,-1.08630225652711,3.6099918707211436
ATTGGACCACGGTAAG-1,-1.7341673433210096,3.436437211831373
ATTGGACCAGGGTACA-1,2.824305617866353,1.5232991798718394
ATTGGACCATCCGGGT-1,4.803568923530415,1.3844945057232798
ATTGGACGTACAGACG-1,4.723387801704243,-3.6653491632144033
ATTGGACGTAGCAAAT-1,1.1072758079145708,2.9597941263516367
ATTGGACGTCTGCCAG-1,-1.7775630115892134,3.592525325616163
ATTGGACGTGCAGGTA-1,5.855438315925435,-1.9710282460848867
ATTGGACGTGCAGTAG-1,4.947549903449849,0.1585747039814414
ATTGGACGTTAAAGAC-1,-0.6827695726777754,1.7021653278668345
ATTGGACGTTATCACG-1,2.669290149268941,1.2276807649929942
ATTGGACGTTCCAACA-1,1.2585163951490679,-3.207098402182299
ATTGGACGTTCTGGTA-1,0.6766606212232866,0.2592127396662654
ATTGGACTCCTAAGTG-1,4.721409881172017,-2.0953640119235097
ATTGGACTCGGATGTT-1,-0.34589288229004955,0.36294569810227767
ATTGGACTCGTGTAGT-1,-11.905165588798686,2.2799507006009043
ATTGGACTCGTTACAG-1,3.3040119052503862,0.5824043079216898
ATTGGACTCTACTTAC-1,2.8969317317579546,-0.316000975767809
ATTGGACTCTGAGTGT-1,3.2926789165113726,2.336886487801832
ATTGGACTCTGGCGTG-1,2.3784633517835894,1.7992012127240122
ATTGGACTCTTAACCT-1,-0.848751342239543,1.8088885172207774
ATTGGTGAGATACACA-1,0.2737717271421709,2.458223901589674
ATTGGTGAGCAATCTC-1,1.144070947227315,1.4736232384045542
ATTGGTGAGCGATAGC-1,4.973298156318501,0.8084033354123057
ATTGGTGAGCGTTGCC-1,2.0362985969160357,2.8011790140469492
ATTGGTGAGCTAGGCA-1,3.1447249293897905,-3.3206681386630117
ATTGGTGAGGACCACA-1,-3.9638072609330854,0.43729984005288497
ATTGGTGAGGCATTGG-1,5.78511914020522,-1.3392604962985097
ATTGGTGAGGGCTTGA-1,6.188012683448628,0.21342413862542525
ATTGGTGAGTCCAGGA-1,2.0578807235334673,3.0178144796688975
ATTGGTGAGTCCTCCT-1,4.098529899177388,-2.3638688699404775
ATTGGTGCAACTGCGC-1,2.4034980178449907,-2.496929325262743
ATTGGTGCACATGGGA-1,-0.30734769100205517,1.638053856690687
ATTGGTGCACTAGTAC-1,2.201371514854268,-2.95910159508391
ATTGGTGCAGTAGAGC-1,0.591999971923665,1.850937329133314
ATTGGTGCAGTGAGTG-1,5.26484736209853,-0.05196688334150895
ATTGGTGCATACCATG-1,-10.908610260429546,-0.23807717124624833
ATTGGTGGTAAACCTC-1,-12.293593323173686,2.1165879591305674
ATTGGTGGTAGGACAC-1,3.1333814502332964,0.3290390892823161
ATTGGTGGTATTCGTG-1,0.4077868104551592,1.0801865681012095
ATTGGTGGTGATAAGT-1,-12.502729332389995,1.232598625024122
ATTGGTGGTGTGAAAT-1,3.2240186572645464,-3.65180555740996
ATTGGTGTCAACACGT-1,-11.726378357353374,-0.5463490859667837
ATTGGTGTCAACTCTT-1,0.16150697475417042,-0.8325658814112722
ATTGGTGTCACGACTA-1,-11.651291763725444,2.410300098260206
ATTGGTGTCAGTTAGC-1,-0.6635058283235273,0.6239581330616892
ATTGGTGTCCCAACGG-1,6.2806816936109815,0.32003854950265304
ATTGGTGTCGTGGGAA-1,-0.5621343016053877,0.7819987758000315
ATTTCTGAGGACAGAA-1,2.5490291953657427,0.4724433942635478
ATTTCTGAGGTTACCT-1,-12.666006958427593,1.7429492100079478
ATTTCTGAGTTAGGTA-1,1.623619639930562,-1.0142435208956777
ATTTCTGCAAGCCATT-1,3.7583814502332964,-2.41324297348662
ATTTCTGCAATCCGAT-1,3.591425979194478,1.4195690973599375
ATTTCTGCACCACGTG-1,1.4310782790754595,-3.4795793668429433
ATTTCTGCACCAGTTA-1,2.3746331573103228,-1.5030810014407217
ATTTCTGCACGCTTTC-1,0.5370754838560381,0.6953120454152049
ATTTCTGCACTGCCAG-1,2.9896632075880327,2.3648293836911143
ATTTCTGCAGAAGCAC-1,4.172637546119526,-1.6901857034365713
ATTTCTGCAGACGTAG-1,2.564880693015889,2.616286598046583
ATTTCTGCATACTACG-1,-11.869847214164897,2.402691922982496
ATTTCTGCATCGGGTC-1,4.7076907992933545,-0.042009912530618754
ATTTCTGCATCGGTTA-1,-12.528537666740581,0.25403306623296157
ATTTCTGCATTGCGGC-1,3.139847838935689,-3.402523912588793
ATTTCTGGTAGCAAAT-1,2.995506846961812,-0.7514581457774221
ATTTCTGGTCTAGGTT-1,1.7366534114454546,-0.5783890263239919
ATTTCTGGTGCAACGA-1,-2.8571173309709272,1.1434425934155406
ATTTCTGGTGCAACTT-1,4.397677981910542,-3.8275908605258047
ATTTCTGGTGCGATAG-1,-10.61576262706773,0.09764338693888203
ATTTCTGGTGGAAAGA-1,-1.5450643360044203,2.490267358620924
ATTTCTGGTGGCAAAC-1,1.4040349364851274,1.1307319029171885
ATTTCTGGTGGTGTAG-1,-12.23842707866685,0.9277794583638133
ATTTCTGGTTCATGGT-1,2.463371360359029,-2.052652038733202
ATTTCTGGTTGCTCCT-1,5.6407256961439405,-1.3813045398394643
ATTTCTGTCACAAACC-1,-0.24062875503556347,1.7471901996930064
ATTTCTGTCAGAGGTG-1,-11.737118637504741,2.4700072630246104
ATTTCTGTCAGCAACT-1,4.754129493293599,-2.043755211035448
ATTTCTGTCAGCTGGC-1,4.981277549323872,0.49234055717782393
ATTTCTGTCAGGATCT-1,-1.8791185378457747,3.6404999121029795
ATTTCTGTCCTTTCGG-1,-11.712511932792827,2.954123340447706
ATTTCTGTCGGCGGTT-1,1.9158874393080034,1.5586009844143809
ATTTCTGTCGTTTGCC-1,6.2433610797498975,0.14758633067206756
ATTTCTGTCTCAAACG-1,4.79316767459853,-2.2624053136508047
ATTTCTGTCTCGCATC-1,0.2518485427473345,3.012942157586378
ATTTCTGTCTGATACG-1,4.957251155433491,-2.05948320786162
CAACCAAAGACTCGGA-1,-4.018543398323223,-0.15596700469656571
CAACCAAAGAGACTTA-1,4.122775638160542,0.3709284587700786
CAACCAAAGCGATATA-1,4.8317328334425245,-0.29847211400671586
CAACCAAAGCGCTTAT-1,-0.25210288757340527,1.3934746607144297
CAACCAAAGTACACCT-1,0.020387494621113778,-0.7579385415713369
CAACCAAAGTCGAGTG-1,2.30332096820815,1.5349151714642466
CAACCAAAGTCGCCGT-1,0.0619022489164629,1.5212881191571177
CAACCAACAAGCCGCT-1,-2.30633798831956,-6.629172958533006
CAACCAACAATCCAAC-1,1.8971963763807573,0.8038068040211619
CAACCAACACTTAACG-1,-0.6991746782685957,-7.011057056585985
CAACCAACAGGACCCT-1,-12.732547676506206,1.0245211942990244
CAACCAACAGTTCCCT-1,2.4520257354353228,-2.729013122717577
CAACCAACATGAACCT-1,-0.11302152866379833,2.571843467553419
CAACCAACATTTGCTT-1,-11.611616051139995,1.0767249091465891
CAACCAAGTAGCCTAT-1,4.304006660041646,-0.11580479900045976
CAACCAAGTCTAGTGT-1,2.79356058841689,1.5767210348446787
CAACCAAGTCTTGATG-1,-3.4941484093095503,0.5175722165902079
CAACCAAGTGCCTGTG-1,2.780766570625142,-0.9156698362032949
CAACCAAGTGTATGGG-1,0.4229397416685381,2.582902751763624
CAACCAAGTGTGGTTT-1,3.826901996192769,-2.0414647237460195
CAACCAAGTTACTGAC-1,-2.7335791944886885,1.2446406706173838
CAACCAATCAAGGCTT-1,3.166135394630269,-1.875839866797167
CAACCAATCAGTTAGC-1,-3.789851820411845,-0.21117515126867875
CAACCAATCATGTCTT-1,0.42947860961897755,2.8818186148007334
CAACCAATCCAGATCA-1,4.257796371040181,-0.40996668497725114
CAACCAATCCTAAGTG-1,1.5173920035932817,-4.048619426886278
CAACCAATCGTAGGTT-1,1.940352284965352,0.9110015257199229
CAACCAATCGTCGTTC-1,4.9106560588453565,-1.3810433522860586
CAACCAATCTAAGCCA-1,-0.19502881759659862,2.497753702004713
CAACCTCAGGATATAC-1,2.2327087760542192,-0.7353781835238515
CAACCTCCAAGCCCAC-1,-1.7184210180665693,3.2208250387509287
CAACCTCCAAGTCATC-1,5.003993594703511,0.3138171656926097
CAACCTCCAATGGTCT-1,0.011369073448018074,3.143956743081373
CAACCTCCACAACGCC-1,0.023607099113301278,1.961781941254896
CAACCTCCACTTACGA-1,-0.26841047996537304,3.5967381819088877
CAACCTCCAGTAGAGC-1,2.238487803993062,-1.0923723355929433
CAACCTCCATAAAGGT-1,-11.973017609062358,0.8941479547818125
CAACCTCCATCTGGTA-1,-0.06800416702286816,3.417879901727003
CAACCTCGTAATCACC-1,4.706250751075581,-1.3015888110796987
CAACCTCGTACAGACG-1,5.631964290199116,-0.5807714835803091
CAACCTCGTACAGTGG-1,0.9996579528425493,-0.16896966854735002
CAACCTCGTAGCGCTC-1,-4.097673094215557,-0.3239404336611806
CAACCTCGTAGCGTCC-1,4.3316202998731885,0.04852972169713393
CAACCTCGTATTACCG-1,-12.522184288444683,1.5914740188916148
CAACCTCGTCCGAGTC-1,-2.1828360914613447,3.2112093790371836
CAACCTCGTTAGATGA-1,-11.676749145927593,1.7717852218945445
CAACCTCGTTCAGACT-1,5.574691855964497,-1.970334209601122
CAACCTCGTTCCACTC-1,4.047077262458638,-1.0991682187716543
CAACCTCTCCAAGTAC-1,2.246821248588399,-2.671019710699755
CAACCTCTCCGAGCCA-1,4.015172088203267,1.70980390151338
CAACCTCTCTGACCTC-1,1.7958618045423784,-3.348378814856249
CAACCTCTCTGCGTAA-1,-12.350247299614116,0.6608585937817515
CAACCTCTCTGTCAAG-1,-0.7261376737977705,0.8759679420788706
CAACCTCTCTTGCAAG-1,1.1650942206953325,-1.520684518019396
CAACTAGAGCCACGTC-1,4.579208934364155,0.5186075194676341
CAACTAGAGCGACGTA-1,-1.3181420856516204,-1.1888629571597158
CAACTAGAGCTACCGC-1,3.156961524543599,0.484006725152296
CAACTAGAGGGCTTCC-1,1.918936097678975,0.8981186970074595
CAACTAGAGGTGGGTT-1,3.9256654620741167,-0.2764761225382863
CAACTAGAGTAAGTAC-1,0.90679677730544,-2.4810988084475576
CAACTAGAGTCCTCCT-1,2.6991544604872026,0.9421525820095957
CAACTAGAGTGTCCCG-1,6.647734725532368,0.5999977215130747
CAACTAGCAAACCTAC-1,-1.226487851085826,-1.271549619833666
CAACTAGCACCCAGTG-1,-9.323817169609233,3.2468884809811533
CAACTAGCACCTCGGA-1,-0.18512848609940624,2.2376862390835703
CAACTAGCAGTATCTG-1,-0.7304202675248823,0.4520707650978984
CAACTAGCATATGGTC-1,1.245959842262105,-2.3971802369753896
CAACTAGCATCGATGT-1,4.0168643832777295,-2.3959364072482168
CAACTAGGTAGCACGA-1,-12.574256813469097,1.1410230024655283
CAACTAGGTAGTACCT-1,4.637141311225728,-0.18359265486403092
CAACTAGGTATTACCG-1,4.04210623508437,-1.8895687238375722
CAACTAGGTCAATACC-1,-12.283703720512554,-0.6771971956889211
CAACTAGGTCAGAGGT-1,3.7607737422560015,0.24732933183507338
CAACTAGGTCCGTTAA-1,3.2857766986463823,-1.8216033355395376
CAACTAGGTCCTGCTT-1,1.9107240081404009,0.8893450125058115
CAACTAGGTCTAGCGC-1,2.0125721335981646,1.2792065962155283
CAACTAGGTCTCCATC-1,3.7957001567457476,-2.078924574057299
CAACTAGGTCTCTCGT-1,-10.72099486583726,2.801269851525587
CAACTAGGTTTCCACC-1,-0.8267077564622602,0.22258988757924453
CAACTAGGTTTGCATG-1,4.734523379859761,-1.0234550611178457
CAACTAGTCAAACCAC-1,2.5898848414991655,-3.0052568093936025
CAACTAGTCAAGGCTT-1,1.5953122020338335,1.8632474764187754
CAACTAGTCCGGGTGT-1,1.358785712776021,-3.712782539526659
CAACTAGTCGCGATCG-1,4.82739266162856,-2.0864388124148427
CAACTAGTCGCTAGCG-1,-10.948698913993999,2.554965339501661
CAAGAAAAGAAGGTTT-1,2.524125659522847,-0.9686044828097402
CAAGAAAAGACAGAGA-1,1.8357079864118853,-3.081586994330126
CAAGAAAAGCCCAGCT-1,3.1735335231397905,-2.1414326802889883
CAAGAAAAGTCGCCGT-1,-0.15581003421799755,2.1050687654812754
CAAGAAAAGTGGTAAT-1,3.237593257484273,1.1158138140042246
CAAGAAACAACCGCCA-1,-0.2255329250718794,-7.021593727270799
CAAGAAACACACCGCA-1,3.8695217013929644,-3.1766108647982656
CAAGAAACAGGCTGAA-1,4.104214274940327,-3.0138889924685537
CAAGAAACAGGTCGTC-1,-10.200650131645366,-0.11588206152124986
CAAGAAACATCACCCT-1,2.8521695972059526,2.016821823914808
CAAGAAACATGGAATA-1,4.8518133998487745,-1.9139286653201162
CAAGAAACATTTGCTT-1,3.8124967456434526,1.4753038509686411
CAAGAAAGTAAATGAC-1,0.35372086769087696,3.5479803903897227
CAAGAAAGTATTAGCC-1,0.37707122570021534,-0.18384660045309648
CAAGAAAGTCAAAGCG-1,0.03894706970198536,1.5095800979931773
CAAGAAAGTCATGCAT-1,1.6392191291425982,0.358342490990919
CAAGAAAGTCTGGTCG-1,3.980733954963521,-2.0404431001345693
CAAGAAAGTGCTAGCC-1,6.426033103523091,0.0784300154943885
CAAGAAAGTTAGGGTG-1,-12.439425384941265,1.8983889444668711
CAAGAAATCAACCAAC-1,-4.01894203418748,0.13024478395776168
CAAGAAATCACCCTCA-1,0.8455062747572222,-2.911956228415209
CAAGAAATCACTGGGC-1,4.087746703681782,-1.8949511424700796
CAAGAAATCCGTACAA-1,2.916247928199605,-0.17423678199453935
CAAGAAATCGAATCCA-1,-10.359020149650737,0.21772227426366225
CAAGAAATCGCAAACT-1,-10.912106430473491,1.6101938112576426
CAAGAAATCGCATGGC-1,2.602717483100728,0.10144452927009479
CAAGAAATCGTGGTCG-1,4.780086124000386,-0.37041268507643327
CAAGAAATCTACTCAT-1,0.8701504111860552,3.4674740656216563
CAAGATCAGAAACCGC-1,-0.07605544322983837,1.605769716103834
CAAGATCAGATGCGAC-1,2.0316358447645464,-2.989949382940966
CAAGATCAGCAAATCA-1,4.254282081184224,-1.6349469796816885
CAAGATCAGCCACGTC-1,-11.625788605156108,-1.5760987178484975
CAAGATCAGCGAGAAA-1,5.686007583198384,-1.8294066564242422
CAAGATCAGGATCGCA-1,3.4627834201429644,1.1670587881405772
CAAGATCAGTCCAGGA-1,-10.386824524345561,2.5751670225460948
CAAGATCAGTCGTTTG-1,1.9077261329267778,-3.1807979718844472
CAAGATCAGTTTGCGT-1,4.3109928012464795,-2.82789460579558
CAAGATCCAAGTACCT-1,0.8799093604658403,-3.638253606955248
CAAGATCCAGCTCGCA-1,-0.8852208911802015,0.42296829064683333
CAAGATCCATATACCG-1,-0.7034243702317915,-1.019516863028246
CAAGATCGTCTAGAGG-1,-2.1533662437822065,2.600283466180128
CAAGATCGTCTGCCAG-1,2.888854587135152,-0.9997828380267202
CAAGATCGTTGAACTC-1,3.305628383216695,-0.16456485549612626
CAAGATCTCAATACCG-1,-12.218542015495464,0.9743030889828623
CAAGATCTCAATCTCT-1,-0.8438424229051313,0.6939447148640574
CAAGATCTCCACGAAT-1,2.9054790378187456,-2.529087223211962
CAAGATCTCCTGTACC-1,0.5374549270246782,1.800423584779066
CAAGATCTCGCGATCG-1,-12.513392364921733,0.8467062934239329
CAAGATCTCTGGTGTA-1,3.0148397327039995,-3.629879869620043
CAAGGCCAGAGGTAGA-1,-0.3055376767541609,0.5525538547833384
CAAGGCCAGATCCGAG-1,1.6887198329542437,-0.8805634752909719
CAAGGCCAGCATGGCA-1,2.1273694873426714,-2.9859582559268056
CAAGGCCAGCCATCGC-1,4.362146461067036,-1.4325636998812734
CAAGGCCCACAACGTT-1,-3.6096624493028364,0.3289972319205226
CAAGGCCCACGAGGTA-1,2.9123588443373003,-0.15022242824240312
CAAGGCCCAGATTGCT-1,4.616458976325825,-0.433696664969164
CAAGGCCCAGCCAGAA-1,2.9982586742018023,-1.6779283658663808
CAAGGCCCAGCTGTAT-1,-0.2792948841478071,-1.3209625856082021
CAAGGCCCAGGGTATG-1,-3.365248835029765,0.6066542490323008
CAAGGCCCATCCGCGA-1,3.9606948733900347,-0.9330898896853506
CAAGGCCCATCCTAGA-1,-10.898356354179546,2.2922309263546885
CAAGGCCCATTTCACT-1,0.7188666701887407,2.31242784102754
CAAGGCCGTCAGAGGT-1,2.57519277339919,0.27893108864621535
CAAGGCCGTCATATGC-1,-10.585843002739116,3.026036821206373
CAAGGCCGTTTGCATG-1,4.27454670673354,0.11970377144710437
CAAGGCCTCAAGAAGT-1,5.419166648444966,-0.14604450027151689
CAAGGCCTCAGTTTGG-1,-10.275643265190288,0.31684317429856673
CAAGGCCTCATGCATG-1,-0.8703955470945082,0.33294329782323256
CAAGGCCTCATGTCCC-1,4.484591567573384,0.8242047055561961
CAAGGCCTCCGCATAA-1,4.4946075320814405,1.9168711527188242
CAAGGCCTCCTAGAAC-1,4.621184432563618,-1.3182670251528799
CAAGGCCTCTCGGACG-1,-1.1770294069673262,0.34677753587560073
CAAGGCCTCTCTTATG-1,0.7486563563917437,2.161243282159132
CAAGGCCTCTGTTTGT-1,5.008771503028706,-1.4244104997317373
CAAGGCCTCTTGACGA-1,4.5087653041456495,-0.7210730687777578
CAAGTTGAGACCACGA-1,-2.944903171005412,1.2030449732144297
CAAGTTGAGATCCCGC-1,3.111520373878316,0.18599870791034118
CAAGTTGAGCGGATCA-1,3.822157466468648,-1.1317044870059072
CAAGTTGAGGATCGCA-1,4.567343795356587,0.3278855307896556
CAAGTTGAGGATTCGG-1,4.315859401283101,-1.922649063269335
CAAGTTGAGGCAGTCA-1,-10.95148745769517,2.143075786431593
CAAGTTGAGTGTTAGA-1,5.237847888526753,-1.6434308664004385
CAAGTTGAGTTAAGTG-1,1.2867318034742632,-1.4637195245425283
CAAGTTGCAAGTCATC-1,1.8722022414778032,-2.6122557298342763
CAAGTTGCACATCTTT-1,0.9175060630415239,-0.8137369529406606
CAAGTTGCAGACGTAG-1,1.4256065726850786,0.26495527466134444
CAAGTTGCAGGAATCG-1,1.9819408298109331,2.3463452680905283
CAAGTTGCAGGGAGAG-1,4.757506930885151,1.8598374946911753
CAAGTTGCAGTCGTGC-1,0.8544190764997759,2.496537528832716
CAAGTTGGTAAACGCG-1,-10.859636223259136,2.4356444700558604
CAAGTTGGTACCGCTG-1,2.1646431327436724,1.6816315277417124
CAAGTTGGTAGGAGTC-1,4.660585486945942,-2.8248042241732656
CAAGTTGGTAGGCATG-1,0.9833379626844683,3.0929160936673106
CAAGTTGGTCAGCTAT-1,-11.455988800468608,1.4552918299038828
CAAGTTGGTCCGTGAC-1,-12.09342375988023,2.6488526686032237
CAAGTTGGTCTCCATC-1,2.6318646312330523,1.5812637432415904
CAAGTTGGTCTCTCGT-1,5.419624888953999,-1.8307856694857656
CAAGTTGGTCTCTTAT-1,6.6047454715345655,0.5264512523014964
CAAGTTGGTGGTACAG-1,-3.989962494316264,-0.008346937696176615
CAAGTTGGTTGTGGCC-1,-0.09008136981980419,1.5900616272290171
CAAGTTGTCCACGTTC-1,4.280862891731099,-3.653958000342089
CAAGTTGTCCACTCCA-1,-0.5431486725236616,2.996126972039503
CAAGTTGTCGGAGCAA-1,5.287928187904194,0.16557907303170577
CAAGTTGTCTAGAGTC-1,1.4749110580061235,0.852333448727888
CAAGTTGTCTCCAACC-1,2.9580231547926226,0.02128377546862975
CAAGTTGTCTGGAGCC-1,6.528402888831929,0.18919206400708571
CAAGTTGTCTTCCTTC-1,2.374378049430684,-3.381063617865282
CACAAACAGACTTTCG-1,6.032187545356587,-1.0946435109774648
CACAAACAGAGCTATA-1,5.540188396034077,-1.7463080064456045
CACAAACAGAGGGCTT-1,2.2052908778761187,-1.024778641859728
CACAAACAGCCGTCGT-1,2.9543004870985308,1.5901159866650523
CACAAACAGGACAGAA-1,2.6870780826185503,-1.5845908300082265
CACAAACAGGATGCGT-1,-12.594959175529644,-0.3143888191382466
CACAAACAGGGTGTGT-1,-10.447076713981792,-0.6961342469851552
CACAAACAGTCTTGCA-1,2.7180233836744585,-3.4420789853732168
CACAAACAGTGGTAGC-1,1.6514428496931353,-3.9157697335879385
CACAAACAGTGGTCCC-1,2.654378736076192,1.7214225157101573
CACAAACAGTGTGGCA-1,3.0508204341505327,1.2432766779263438
CACAAACCAAGGTTTC-1,-0.8427482902433119,3.4908281191189707
CACAAACCACAGACTT-1,2.492144668159322,1.3511700256665171
CACAAACCATACAGCT-1,-2.0935844540025434,3.553434215386671
CACAAACCATCGATTG-1,-0.13578978771226025,1.2006773575146616
CACAAACGTAAGGATT-1,4.777811610755757,-2.34657398621245
CACAAACGTACCGTTA-1,1.7731467128370562,-1.6729936973254262
CACAAACGTCTTGTCC-1,-0.2032560467149458,2.3264573438961924
CACAAACGTGGTACAG-1,2.785203063545064,2.623571000893873
CACAAACGTTTCCACC-1,-12.516855156364604,1.8411875589688242
CACAAACTCACGACTA-1,4.772968852577046,-3.252631105581957
CACAAACTCGACCAGC-1,-11.410858070793315,1.2271364553769053
CACAAACTCGCCCTTA-1,-0.26429811710373974,3.0591843946774424
CACAAACTCTGTCAAG-1,0.8408189654920855,-1.9945801870028554
CACACAAAGAACTGTA-1,1.0444448829267778,-0.9540710822741567
CACACAAAGCGTTTAC-1,2.64540442234023,-0.001558259228902903
CACACAAAGGCGATAC-1,-12.197429573478862,0.2674665673573436
CACACAAAGTCCATAC-1,2.5592597365949907,-3.2955254689852773
CACACAAAGTGCCATT-1,4.8144107699964795,-3.464413561026293
CACACAAAGTGTCCCG-1,4.196609580573872,1.473692022164625
CACACAACAATGTAAG-1,5.642844283637837,-1.4848506824175893
CACACAACACCTATCC-1,4.038523280677632,-1.0234836713473379
CACACAACACTTACGA-1,3.0215540767286577,-3.500856794516283
CACACAACAGACAAGC-1,-0.05799845451371288,0.8765059336026133
CACACAACATCACCCT-1,4.623392665443257,1.706904731591505
CACACAACATCGGAAG-1,0.08844121700270557,1.1822754963238657
CACACAACATGACATC-1,0.3744201303098955,3.5403552873928965
CACACAACATGCATGT-1,2.9803310275648394,-3.304246105353075
CACACAACATTCCTCG-1,5.171423041877583,-2.2575742379824697
CACACAAGTAAAGGAG-1,3.9708429217909136,-2.303459085623461
CACACAAGTATAATGG-1,-3.0857650398637495,-0.5534745828311025
CACACAAGTCGAAAGC-1,-0.9486297428037367,-6.864328064123827
CACACAAGTCTGCCAG-1,-11.960559761467144,1.4320114477475108
CACACAAGTGATAAAC-1,-1.8670652865792952,3.619868837197584
CACACAAGTGGCAAAC-1,-11.64659301036851,0.2954698576529445
CACACAAGTGTATGGG-1,1.0145369411085405,0.5765320881207407
CACACAAGTTCTGAAC-1,1.030202949104146,-2.0680879727999746
CACACAATCAACGGCC-1,-1.5569089412118635,2.532546125253004
CACACAATCCAAACAC-1,2.836528861579732,-3.6766244546572744
CACACAATCGAGAGCA-1,-0.21142593616501903,0.1386440767844142
CACACAATCTTGAGAC-1,-11.851518547477886,2.5409651621182383
CACACCTAGAGCTGCA-1,4.474912726936177,0.8362637384732188
CACACCTAGCATGGCA-1,4.314406955299214,1.7882238252957285
CACACCTAGCGACGTA-1,1.9902408958051958,0.5847130640347422
CACACCTAGGCAAAGA-1,0.1998496890638628,0.8106630667050303
CACACCTAGTCGAGTG-1,-1.749650692882701,3.4992709978421153
CACACCTAGTGCCAGA-1,-2.7866241096879683,0.4378329141934337
CACACCTAGTTGTCGT-1,2.165165507850484,-3.4860097543398916
CACACCTAGTTTAGGA-1,4.315094077644185,0.6070816739399851
CACACCTCAAGAGGCT-1,5.171749675330952,0.15666359653071776
CACACCTCAATAGCGG-1,0.5462280154798784,2.49978717406587
CACACCTCAATCCAAC-1,2.5090735793684282,-0.6352184788386404
CACACCTCACAGCCCA-1,-3.934025442543193,0.4064462705452861
CACACCTCACGACTCG-1,3.099018180427388,-2.5542136804263174
CACACCTCACTACAGT-1,-3.7146264671708784,0.28435332318143264
CACACCTCAGCCTTGG-1,-10.396994507255718,-0.10810031751795396
CACACCTCAGGAATGC-1,-0.8253606318856916,0.1820083632071437
CACACCTCAGGTCCAC-1,2.6679552436445513,-2.4570817128817617
CACACCTCATCAGTCA-1,2.7151409030531206,1.3029174431164683
CACACCTCATCGACGC-1,-10.664714729728862,-0.3376088217894612
CACACCTCATGTCCTC-1,1.0703974605177202,1.0257658584912241
CACACCTGTACAGTGG-1,4.611959064063862,-3.575857319037157
CACACCTGTCGAATCT-1,3.0574589610670366,-0.009778119723039713
CACACCTGTGCCTGGT-1,2.5050335765455523,-0.2655394748847066
CACACCTGTTGCGTTA-1,2.5548840404127398,-3.767563261191088
CACACCTTCATACGGT-1,6.586618983802632,-0.017445482413011637
CACACCTTCATCACCC-1,1.9426492095564165,0.1672170086701335
CACACCTTCCAAATGC-1,2.37025531536086,-3.781859554449755
CACACCTTCGACGGAA-1,-11.28997031444566,1.998614512284559
CACACTCAGACACTAA-1,5.440753066596821,-1.102499999205309
CACACTCAGGCTAGAC-1,-12.198944961967632,2.55263837416963
CACACTCAGGGTTTCT-1,0.8682938457105913,-0.5261520520846426
CACACTCAGTCCTCCT-1,5.550105655250386,-2.1976093427340566
CACACTCAGTTCGCGC-1,-0.24147967094437695,1.5349818094571055
CACACTCCAATCACAC-1,-12.861928856315776,1.521841846307081
CACACTCCAATCAGAA-1,-12.536348259391948,1.270810924371046
CACACTCCACGCATCG-1,2.752995097694234,-0.7755783573786794
CACACTCCACTTAACG-1,-0.747919118347331,1.6951863392193736
CACACTCCATAAAGGT-1,3.3742757678602495,-0.32559911171599015
CACACTCCATCTCGCT-1,3.782247626838521,-0.921901501814562
CACACTCCATTATCTC-1,-0.8854410707380018,3.0230520590146006
CACACTCGTCTCAACA-1,1.7976065517042437,0.6647804601986826
CACACTCGTCTCCATC-1,-11.975278770866558,0.11604102132217303
CACACTCGTGGGTCAA-1,2.4962750316236773,-1.2757133618990957
CACACTCGTGTAACGG-1,1.7949870467756548,-3.3806561605135976
CACACTCGTTGTGGCC-1,-11.319029724540874,1.1017052157719553
CACACTCGTTGTTTGG-1,2.155531251487569,2.843367658456129
CACACTCGTTTGACAC-1,1.7740748763654985,-2.2278231755892812
CACACTCTCACATAGC-1,4.7475348353956495,0.8043691142399729
CACACTCTCAGCTGGC-1,2.0182810664747515,-2.881161846319872
CACACTCTCCCTAATT-1,1.5240436435316362,-0.14757656315966233
CACACTCTCCTGCCAT-1,3.0899897456739702,0.9218588097889842
CACACTCTCTTGGGTA-1,2.368814075050191,-0.25586641589804276
CACAGGCAGATCGATA-1,3.6101232410047808,-2.354237713019091
CACAGGCAGTGTTGAA-1,-0.009470736923380851,1.7388578279812754
CACAGGCCAGACGTAG-1,1.201237762031392,0.13184512955443278
CACAGGCCATCAGTCA-1,2.376476609763936,-2.2244416848818838
CACAGGCGTACCCAAT-1,2.814582431373433,1.1342241390545786
CACAGGCGTGAAGGCT-1,-0.6791557430650434,1.5569042785962046
CACAGGCGTGTGCGTC-1,1.115642631110982,-2.9743334428469717
CACAGGCGTTGCGCAC-1,3.1199842334364214,2.134944282372755
CACAGGCTCAAAGTAG-1,4.650665366706685,-1.6022684947650014
CACAGGCTCACAATGC-1,-3.6888131260301313,-0.031664617459016886
CACAGGCTCAGCCTAA-1,0.2272692561720171,2.8444770201046885
CACAGGCTCAGTTAGC-1,5.913606250343159,-1.0618652478854238
CACAGGCTCATAAAGG-1,-0.7459810733224592,0.32497432072953597
CACAGGCTCATCACCC-1,1.2033229709242144,2.814629159768385
CACAGGCTCCCAGGTG-1,-0.12515262359635448,2.5465546472866953
CACAGGCTCGAATGGG-1,4.284925067481831,-2.1395675317446767
CACAGGCTCGCACTCT-1,-1.4638544678117476,3.0322607382138194
CACAGGCTCGGAATCT-1,1.7514470458601274,2.750256381829542
CACAGGCTCTTGACGA-1,-1.931282794418498,3.647970758279127
CACAGGCTCTTGCAAG-1,3.636399352607564,0.5296969636280955
CACAGTAAGAACAATC-1,4.170319163856343,-2.9963039533297597
CACAGTAAGACGCAAC-1,-3.317423260154887,-0.58670888106032
CACAGTAAGATAGCAT-1,-12.494133865776226,2.2232054098446787
CACAGTAAGATAGTCA-1,-1.3797977029706678,3.776821218331617
CACAGTAAGGATCGCA-1,4.153284633216694,-2.8743204251925527
CACAGTAAGTCTCCTC-1,5.928608977851704,-1.0191632882754385
CACAGTAAGTGATCGG-1,0.9614816547010698,1.5459560974438609
CACAGTAAGTGCAAGC-1,-3.8297630905534468,-0.3249529973666249
CACAGTACACATCCGG-1,-3.7399121879960737,0.06888827299074546
CACAGTACACATCTTT-1,-9.957599556389019,3.369518838723463
CACAGTACACCCATTC-1,3.4051590800855913,2.080104671319288
CACAGTACACCGCTAG-1,3.1790600658033648,-0.7494194285075246
CACAGTACACTTCTGC-1,0.8849399924848833,1.4555793627102793
CACAGTACAGGACCCT-1,2.1920786738966265,-1.4635461942355215
CACAGTACAGTCCTTC-1,0.9710112453077593,0.6850587352116526
CACAGTACAGTTCATG-1,1.3346401095960894,-4.0685326234499986
CACAGTACATCCGTGG-1,-3.4713787197496138,-0.4143860713641225
CACAGTACATGCAATC-1,-3.1001937746431074,0.9411582573254527
CACAGTACATTTGCCC-1,0.27438100582106495,2.937824092706007
CACAGTAGTAAGGGAA-1,1.1176298499677935,3.4535814150174082
CACAGTAGTAGCTAAA-1,-12.65569297069566,0.18351611485080138
CACAGTAGTATCGCAT-1,-11.529439842643901,-1.6728847400347768
CACAGTAGTATTCTCT-1,-0.9269526957895002,1.2054878099759043
CACAGTAGTCAATACC-1,-11.454696571769878,2.732310138543409
CACAGTAGTCCGAAGA-1,4.882003390846089,-2.5428828374545156
CACAGTAGTCGCGTGT-1,1.926813924369649,-3.295282520453173
CACAGTAGTTAAGACA-1,5.266560161170796,-1.0365250484149038
CACAGTAGTTATGTGC-1,-12.147922432365581,1.6071319206555308
CACAGTAGTTGGTGGA-1,-12.230144417228862,1.5509464367230357
CACAGTAGTTTGACAC-1,0.10822352176649952,0.016527496178907308
CACAGTATCAACTCTT-1,3.592277610359029,-3.325433887640673
CACAGTATCCATGAAC-1,-12.543585693779155,-0.460127271811205
CACAGTATCCGTTGCT-1,1.1265030742262163,2.7061663492520274
CACAGTATCGGCGCAT-1,4.585639560279683,-1.9457482473055898
CACAGTATCGTTACAG-1,-3.6571897625352583,0.3564028068383159
CACATAGAGAGACTAT-1,-0.05810490840928173,1.353509031136793
CACATAGAGATGAGAG-1,-0.26285961860673046,-0.31609169403715714
CACATAGAGCCTATGT-1,3.403853499946431,1.0015467031796397
CACATAGAGCCTTGAT-1,3.6916705012892046,1.2856163605053843
CACATAGAGGCAATTA-1,3.523857200202779,-1.9223269597689687
CACATAGAGTCTCGGC-1,0.550425493774251,0.41856791814164535
CACATAGAGTTGTCGT-1,4.183949077186421,1.1204353197415293
CACATAGCAAAGTGCG-1,4.1609612346266065,1.9835352524121226
CACATAGCACGGCTAC-1,-12.047996437492534,0.97684993584947
CACATAGCAGCTTAAC-1,-2.1905653833772383,2.6232100351651133
CACATAGCAGTAAGAT-1,-0.45305804008500195,0.9892733915646494
CACATAGCATCACGTA-1,2.752771937904195,-1.5546790734927236
CACATAGGTACCCAAT-1,2.472658717689351,-0.40632126490278825
CACATAGGTGTTCTTT-1,2.748971545753316,-2.372783340613085
CACATAGGTTTGACAC-1,-1.6988785325910292,2.552953563531202
CACATAGTCAACGAAA-1,2.413226211128072,-2.2017966882388174
CACATAGTCACCACCT-1,-3.27024761432664,0.10287496263002321
CACATAGTCACGCGGT-1,0.8162072539900103,-1.7686053888003408
CACATAGTCATCATTC-1,2.9183436275099077,-1.7254674808184682
CACATAGTCGACCAGC-1,0.9720602870558062,-2.4201337472598135
CACATAGTCGTGGACC-1,0.3630591273878374,0.8792757018406809
CACATAGTCTAACTTC-1,4.525187099037007,-1.0080092326800405
CACATAGTCTATCGCC-1,-9.916820442619487,3.2040019853909434
CACATAGTCTCATTCA-1,4.9909478068922315,-3.12326494614287
CACATAGTCTGGAGCC-1,-11.430423653068706,1.0071770175297678
CACATTTAGCAAATCA-1,-0.40502313369767284,2.515885911782545
CACATTTAGCCACGTC-1,-12.403166687431499,2.5779267175991953
CACATTTAGCGATGAC-1,1.674882257041768,1.0805872305233897
CACATTTAGGAGTCTG-1,6.60808523899062,0.08829171852515355
CACATTTAGGCCCTCA-1,2.6337474227522173,-0.7342027799288808
CACATTTAGGTGCTAG-1,-2.8906197904969892,-0.8219470755259572
CACATTTAGTACGTTC-1,4.643785083350972,-3.736269392172533
CACATTTAGTGGTCCC-1,-12.135327255668804,1.7353126629193247
CACATTTAGTGTGGCA-1,-3.9054669498826704,0.622114680608076
CACATTTCACCAGGCT-1,4.296035373267964,0.08037178022162333
CACATTTCACCCTATC-1,4.206477248725728,1.6870667560894907
CACATTTCACCTCGTT-1,2.709974849281148,1.9961813314755381
CACATTTCACTTGGAT-1,0.09609493022902393,2.450707279046339
CACATTTCAGATAATG-1,0.3811567664716997,3.124388061364454
CACATTTGTAAAGTCA-1,-0.9052999972726545,0.7811660393078745
CACATTTGTACCGGCT-1,-0.4808242678071699,-7.089863456885057
CACATTTGTTACGTCA-1,2.3575805068586626,-3.394704736868578
CACATTTGTTACTGAC-1,6.691071593818501,0.2963441534836711
CACATTTGTTCCACGG-1,5.9638458133314405,-0.4730124847094594
CACATTTTCCGATATG-1,3.422659480628804,-3.4265069142977773
CACATTTTCCGTACAA-1,-0.6700615643884382,0.5662931724389018
CACATTTTCGGAAACG-1,-2.261844432296916,-0.05868654708071336
CACATTTTCGTAGGAG-1,-0.9193359076406202,0.4527119024594249
CACCACTAGACTACAA-1,2.780057513770894,-1.2833168880145132
CACCACTAGACTTTCG-1,4.805978858527974,-3.1374193803469717
CACCACTAGGACCACA-1,2.4835732818220415,-3.287331737677294
CACCACTAGGACGAAA-1,5.373216235694722,-0.23661512891455277
CACCACTCAAACCTAC-1,-0.6133393406297407,-6.871064342657762
CACCACTCAAGACGTG-1,-0.20230690235154247,3.738934121926588
CACCACTCAATCCGAT-1,-3.706252252998515,0.014236941834253225
CACCACTCAATGAAAC-1,3.0729428172682085,-3.326764978567797
CACCACTCACAGCCCA-1,-0.5362782835389814,1.6164258344967783
CACCACTCACATCCGG-1,3.120969379005269,0.08803618503109828
CACCACTCACGGACAA-1,-11.97894564861314,1.4866642578442515
CACCACTCACGGCGTT-1,6.211969935951069,1.0325427873928965
CACCACTCACGTCTCT-1,3.6861811519239702,2.5745113714535655
CACCACTCATCCTTGC-1,-11.590450203361675,-1.3714223281542837
CACCACTGTAAGGGCT-1,5.434537017402485,-1.783274211088854
CACCACTGTAGAGCTG-1,2.5754078269575396,2.2041929586728037
CACCACTGTATATGGA-1,0.033914172706440926,3.426286779244703
CACCACTGTCAAACTC-1,3.498264873084859,-2.2661565915743886
CACCACTGTCATGCAT-1,-10.571059143486186,1.930268727143568
CACCACTGTGACCAAG-1,5.179378593025044,-0.018196769158083048
CACCACTGTGTGAAAT-1,-11.345096504631206,1.7310158832867564
CACCACTGTTTGCATG-1,4.389685237464741,-3.6266206876437246
CACCACTTCATTGCCC-1,-0.9044160603906355,-1.4577876702944814
CACCACTTCCACGACG-1,-11.171733772697612,1.9980245455105723
CACCACTTCCCGACTT-1,-12.916048920097515,0.5090631171067179
CACCACTTCCGTAGGC-1,3.420501315650777,0.2334098740418376
CACCACTTCTAACTGG-1,-11.90923300975816,0.3335960133870067
CACCACTTCTAAGCCA-1,0.08342942005141163,2.231772027810377
CACCACTTCTATCCCG-1,2.896627509651021,2.148861013253492
CACCACTTCTTGCAAG-1,-3.61964741939561,0.1480948700507106
CACCAGGAGAAAGTGG-1,4.728228175697163,-0.47255823771162614
CACCAGGAGAGGTTGC-1,-9.363788521232769,2.880934797128004
CACCAGGAGATTACCC-1,2.2651096225355425,1.8986955507595957
CACCAGGAGTGAATTG-1,3.3021574855421343,-3.7694687024752676
CACCAGGCAAGCCATT-1,5.734953010139302,0.09456816445411459
CACCAGGCACAGGCCT-1,3.2998219371412554,-3.174468435446459
CACCAGGCAGACGCAA-1,3.909693801460103,2.13715346892671
CACCAGGCAGATCGGA-1,2.9103823543165483,2.0712408645947398
CACCAGGCAGATGGCA-1,-3.8290692924882612,0.26016860445336715
CACCAGGGTAGCCTCG-1,-10.457948601188823,-0.6406963245074331
CACCAGGGTCCTCCAT-1,-1.666954135837718,-7.079664863745409
CACCAGGGTCCTGCTT-1,0.25908979183180714,2.679117761452955
CACCAGGGTCGTCTTC-1,1.9484821200941362,-2.462559141318041
CACCAGGGTCTTTCAT-1,2.229947173652486,2.3195300920803965
CACCAGGGTGCACGAA-1,2.6253136039350786,1.2633018120129527
CACCAGGGTGTTGGGA-1,2.699361407813863,0.7664403541882456
CACCAGGGTTAAAGTG-1,4.833335959968403,-1.4934479371707021
CACCAGGTCCACGTTC-1,3.4182091594312944,0.5244161113102854
CACCAGGTCCTGTAGA-1,-9.865670120659038,3.3748861177761973
CACCAGGTCGGTGTTA-1,-1.232948428335353,-1.3134602681796133
CACCAGGTCTTATCTG-1,-3.6769675373460493,0.004166528483194265
CACCAGGTCTTCGAGA-1,-3.2939209103013716,1.0431900246937693
CACCTTGAGAAACCTA-1,2.099259698448018,-0.751419700781542
CACCTTGAGCATGGCA-1,1.9547203422163286,-3.9461371080081045
CACCTTGAGTTGAGAT-1,5.791205012855366,-1.4124868289629995
CACCTTGCAACACGCC-1,2.6790665031050005,-0.1318428889910756
CACCTTGCAATGGACG-1,4.544459903297261,-1.895215071837145
CACCTTGCACCAACCG-1,0.5609203219984331,0.5596698447068156
CACCTTGCACCTTGTC-1,-10.513469612541362,3.064711652596754
CACCTTGCATCATCCC-1,0.717418992576436,-1.2134124414126455
CACCTTGCATCGATTG-1,-11.700538551750347,0.5677809937794627
CACCTTGGTACAGACG-1,5.70770272022231,-0.4839707390467702
CACCTTGGTACAGCAG-1,3.4372778773878374,1.386706076463026
CACCTTGGTACGACCC-1,2.9722486377332964,-0.7324810997645437
CACCTTGGTACTCAAC-1,0.6797361016844072,-0.8122147695223867
CACCTTGGTAGCAAAT-1,2.3360718131635942,-1.8294234649340688
CACCTTGGTCCGAATT-1,1.140897119102315,0.009699366887372884
CACCTTGGTCGAGATG-1,3.873443687019185,0.5121070667107523
CACCTTGGTGCCTGGT-1,-0.5602335690881453,0.02385849495725051
CACCTTGGTGGCCCTA-1,2.9875479579542437,1.8043601139386118
CACCTTGGTGTCGCTG-1,1.1705897689436235,-1.304899491469103
CACCTTGGTGTTTGGT-1,5.453551852760151,-2.717446722189623
CACCTTGGTTGTGGCC-1,1.9210446715925493,-0.8957239762942373
CACCTTGTCAAAGACA-1,4.802759730872944,-1.0226908103625356
CACCTTGTCAAGCCTA-1,2.538212144431905,-1.850808300177294
CACCTTGTCACAAACC-1,3.9063502193067827,0.06893275668219939
CACCTTGTCATCGATG-1,4.381141269264058,-2.8926817552249013
CACCTTGTCCTGCCAT-1,-0.34502843612687206,0.07205602889255897
CACCTTGTCCTGCTTG-1,-10.285940086784526,-0.290152050654131
CACCTTGTCTCATTCA-1,3.9917069316480913,-2.837528862158495
CACCTTGTCTTGTATC-1,-11.565149223747417,-0.6091598645846426
CACTCCAAGAGTACCG-1,4.26344355350478,-3.4056309835116445
CACTCCAAGATCTGCT-1,0.9174672008131304,-3.226353086630541
CACTCCAAGATTACCC-1,1.855576837119893,-1.0800105706851064
CACTCCAAGCATGGCA-1,-0.5927124380494795,-6.9176112786929185
CACTCCAAGCTAGTGG-1,3.651895606574849,0.11866071065263167
CACTCCAAGCTTTGGT-1,4.635472858009175,-0.5130448714892446
CACTCCAAGGGTGTTG-1,3.264350497779683,-3.3005084172885
CACTCCACACCTCGGA-1,3.1047564387892046,-2.645399727026659
CACTCCACACTACAGT-1,-3.3524388431932173,-0.4219583050410329
CACTCCACAGCCAATT-1,3.567430102882222,0.6438511236508311
CACTCCACAGCCTATA-1,2.501819694099263,-0.12013711790247544
CACTCCACAGCTTCGG-1,4.037539088783101,-1.473192252318102
CACTCCACAGTCAGCC-1,-9.06459895366685,3.3125744684536875
CACTCCACATATACCG-1,0.7760001063917437,-1.954894460837084
CACTCCACATCACGAT-1,5.29590901142104,0.19883585711316482
CACTCCACATCGGACC-1,0.6516319156263628,2.714806400140089
CACTCCACATGACGGA-1,2.0619028449629107,-3.0943891183535635
CACTCCAGTCGCATCG-1,1.1048856616590776,3.482314191659254
CACTCCATCCTGTACC-1,-0.6420864819909773,0.7116325720150889
CAGAATCAGAAGAAGC-1,-2.545576488914653,1.9400999172528208
CAGAATCAGACCACGA-1,1.2370198608015337,-3.6889559404055654
CAGAATCAGACGACGT-1,2.1960690856550493,2.044389329751295
CAGAATCAGGCTCATT-1,3.1873503566358843,2.2538884504635752
CAGAATCAGTACGATA-1,3.050936305579976,-3.0866748468081533
CAGAATCCAAATACAG-1,-0.6299981235887251,-7.117192424933153
CAGAATCCAACTGCGC-1,4.22694453006728,-2.312642730871874
CAGAATCCAAGCTGTT-1,4.758601749000386,-3.1057626382510244
CAGAATCCACAAGCCC-1,-1.6171168147947035,2.99308928092317
CAGAATCCACACCGAC-1,4.425340259132222,1.9279713257153452
CAGAATCCACATGACT-1,4.5790143848036085,1.0688647254307688
CAGAATCCACGAAATA-1,1.5643771529768267,-3.236046232382494
CAGAATCCAGATGGCA-1,1.7389815688703814,1.6450343950589121
CAGAATCCAGCATGAG-1,5.403084361610249,-2.0170880929629385
CAGAATCCAGTGAGTG-1,4.29375942951186,-2.3413979188601552
CAGAATCCAGTTTACG-1,3.4101873279188433,-1.1995442287127553
CAGAATCCATCCTAGA-1,-12.198306953849956,-0.09638362387819871
CAGAATCGTAAACGCG-1,-0.6694848298455915,-0.22377706329031571
CAGAATCGTACCAGTT-1,0.7399519324873247,1.072452507813734
CAGAATCGTCTGATTG-1,1.3140295386884966,-3.4325684682528554
CAGAATCGTGTGAATA-1,5.45021113162978,-0.2357206122080861
CAGAATCGTTGAGGTG-1,5.480975234565571,-0.29154614369078263
CAGAATCTCACGCGGT-1,4.008439624366597,-1.6391313449542104
CAGAATCTCCACTGGG-1,6.588584029731587,0.39553462704018966
CAGAATCTCCGTTGCT-1,1.4272137523268023,2.5560699327786387
CAGAATCTCGAGCCCA-1,4.863522136268452,1.2013004644711436
CAGAATCTCGCATGAT-1,3.355353438911275,1.1527039631207407
CAGAATCTCTCCCTGA-1,1.5606990695570269,-2.947002090613085
CAGAATCTCTGCAAGT-1,3.373839938697652,-0.25228715697928056
CAGAGAGAGAAGGGTA-1,0.5258680224989214,-0.007920101384359446
CAGAGAGAGCGTGTCC-1,1.2060812354658403,2.3074620588620127
CAGAGAGAGGCATGGT-1,-1.8742021083261213,-0.846911586920458
CAGAGAGAGTCAATAG-1,0.8905111194227495,1.006981931527418
CAGAGAGCAAGTAGTA-1,2.902167403755025,1.9170854910214365
CAGAGAGCAATCACAC-1,-12.785161888542339,1.4756238087017954
CAGAGAGCACCAGGCT-1,-11.9937371372606,-0.09284307817621812
CAGAGAGCAGACGTAG-1,4.696628177223042,-3.605808414618212
CAGAGAGGTAGTACCT-1,6.710684859809712,0.24793467660741225
CAGAGAGGTATAATGG-1,5.452707374152974,-2.46516004959746
CAGAGAGGTATCGCAT-1,1.2500589728925982,-3.2718960420291006
CAGAGAGGTCAAAGCG-1,4.21699579959853,-1.2935686484973012
CAGAGAGGTCCGTCAG-1,-10.978336250724956,2.5123749597866953
CAGAGAGGTCGAATCT-1,0.1987813354109087,1.8303736074765147
CAGAGAGGTCGGCATC-1,4.8702884555433545,-1.4962040559451162
CAGAGAGGTCTAACGT-1,-12.605863487663433,0.5882705076535166
CAGAGAGGTCTGCCAG-1,5.399271571693257,-2.430523075262743
CAGAGAGGTTGAGTTC-1,4.826667392310933,0.21668113013104812
CAGAGAGGTTGCTCCT-1,4.283907973823384,0.6116189583142222
CAGAGAGTCACGACTA-1,1.4154487491224566,-2.630131401220995
CAGAGAGTCATCATTC-1,0.7700110316847124,2.869195543130201
CAGAGAGTCCCTCAGT-1,3.2461911082838335,1.0721953733761729
CAGAGAGTCCGCGCAA-1,2.0904622912977495,1.2777725084622324
CAGAGAGTCGATGAGG-1,-0.10466507667557812,2.052718244393629
CAGAGAGTCGCGCCAA-1,3.705918872413472,1.7528528793652476
CAGAGAGTCGGCGCTA-1,2.610735976753072,0.8763407095272959
CAGAGAGTCGGCTTGG-1,-12.460224068107769,1.015493415196699
CAGAGAGTCGTACGGC-1,-0.29352787727372265,2.9438467844326914
CAGAGAGTCTAACTCT-1,0.381030643043355,0.030674941738408956
CAGAGAGTCTAAGCCA-1,1.0601373553846636,0.22937897582845107
CAGATCAAGAGGGCTT-1,-11.496395027580425,0.7686983569462718
CAGATCAAGCAACGGT-1,6.328997218665913,0.5465291663010539
CAGATCAAGCCAGGAT-1,-12.638933098259136,1.7959279640515269
CAGATCAAGCTAGTTC-1,-1.9673393129731855,3.4054535253842295
CAGATCAAGGAATCGC-1,-10.956064140739604,3.0860513075192393
CAGATCAAGGCAGTCA-1,4.998254382667378,0.18251807232694045
CAGATCACAAACTGTC-1,4.529806220588521,0.8667573555310191
CAGATCACAAAGCAAT-1,-2.9933325409318647,0.4821496828396739
CAGATCACAAGTTGTC-1,-1.6947663485433302,-0.7338929549853384
CAGATCACACCGAAAG-1,0.5988760829542437,3.0779159887631358
CAGATCACAGTATCTG-1,4.438997352180317,0.717937730153364
CAGATCACATCATCCC-1,3.2854672313307085,1.4104908331234873
CAGATCAGTAACGCGA-1,2.746384704170064,1.9256600960095347
CAGATCAGTAAGGGAA-1,-10.850170051994487,1.7462786062558115
CAGATCAGTATCAGTC-1,3.3503471255873003,-1.737367786566454
CAGATCAGTCAGAAGC-1,-2.093234276714488,3.5237606390316905
CAGATCAGTCAGAATA-1,6.435400569495991,0.034560292859834585
CAGATCAGTCAGATAA-1,1.506051862296895,-2.330585159460741
CAGATCAGTCCCTACT-1,4.318116748390034,2.321042857964796
CAGATCAGTCTAGCGC-1,-1.5191686063434324,-1.1621085778872549
CAGATCAGTGATGTGG-1,-1.9803154229547224,3.522837005456251
CAGATCAGTGGAAAGA-1,3.9374328494642534,-2.251898683706957
CAGATCATCATAAAGG-1,0.6119765878294268,3.3381477220852793
CAGATCATCCCGGATG-1,2.841353499946431,-1.184396185080248
CAGATCATCGCAGGCT-1,2.766010367927388,-0.9177844897906362
CAGATCATCTCACATT-1,2.0512934566114702,0.25340219577149764
CAGCAGCAGACAGAGA-1,5.612934196052388,-1.354853071371752
CAGCAGCAGAGAACAG-1,3.5096169353102007,-3.2377416268984853
CAGCAGCAGAGCTGCA-1,5.029182517585591,-0.35176501433058366
CAGCAGCAGATGGGTC-1,2.921955192146138,-1.051892317930895
CAGCAGCAGCGACGTA-1,4.693945014533833,-0.47927889982863053
CAGCAGCAGCGTCAAG-1,-11.31711760753648,2.3370703085263194
CAGCAGCAGCTATGCT-1,-0.4596020340348921,0.626099191506666
CAGCAGCAGTAAGTAC-1,6.4547162891004835,0.35894968350724593
CAGCAGCCAAAGAATC-1,0.8884137511823931,-0.5932831541697561
CAGCAGCCAATCGAAA-1,2.2525852561567583,2.477774463494581
CAGCAGCCAATGGAGC-1,2.48384174114211,-2.890328802267748
CAGCAGCCACCAACCG-1,2.979902827796773,-0.3630132452647267
CAGCAGCCACGGCGTT-1,2.540618741569356,1.073337755997938
CAGCAGCCAGACACTT-1,-0.4792417644883833,-6.985183395544725
CAGCAGCCAGCGTCCA-1,-0.9327200710202894,1.5386927946408213
CAGCAGCCAGTGGGAT-1,-0.7398342251207075,1.0122881158192576
CAGCAGCCAGTTTACG-1,-11.71912661785142,1.7598483188946665
CAGCAGCCATACAGCT-1,-3.5087765812303267,-0.1900835410754262
CAGCAGCCATACTACG-1,4.01799734836562,2.3896942957241953
CAGCAGCCATTCCTGC-1,-0.762498295250102,0.6837430222828806
CAGCAGCGTAAGGGAA-1,5.433136546668843,-2.575647510687548
CAGCAGCGTCATATGC-1,-12.791339790764019,0.13032734570400134
CAGCAGCGTCCAACTA-1,1.5223956943128862,0.23907101889447585
CAGCAGCGTCGAATCT-1,-3.3152460216905317,0.8177827223141612
CAGCAGCGTCGACTGC-1,1.1027749419782915,1.52722915252046
CAGCAGCGTTTGACAC-1,2.9655085445020952,0.6274926288922251
CAGCAGCTCAAACAAG-1,2.9778452754591265,-2.2537774221102773
CAGCAGCTCACATACG-1,-0.8714503108884535,1.037250064214033
CAGCAGCTCAGCTCTC-1,3.613999450263814,1.452631197770399
CAGCAGCTCATCGATG-1,2.9145208240125933,-2.2052287236849843
CAGCAGCTCATGTGGT-1,0.19733413463576222,1.8039514644940318
CAGCAGCTCCCTTGCA-1,5.012802207526997,-0.34567905227347
CAGCAGCTCGCGATCG-1,4.883749568519429,0.5116352661450327
CAGCAGCTCGCTTGTC-1,1.5727928519819536,1.5030299051602305
CAGCAGCTCGGCATCG-1,2.1096340060804644,1.859908185799879
CAGCAGCTCTGTACGA-1,-10.983020698967144,2.2351353987057627
CAGCATAAGAAACGAG-1,4.410384261665181,0.1716578080256404
CAGCATAAGACACTAA-1,1.192429864463643,2.909600578149122
CAGCATAAGACTAAGT-1,-1.0051247536565504,0.7108820303280772
CAGCATAAGAGTACAT-1,-11.337068474235698,1.5834182127316416
CAGCATAAGTGTGAAT-1,0.47487350707991505,0.6511181219418467
CAGCATAAGTTAGCGG-1,4.716991031226948,-0.5243904964129507
CAGCATAAGTTGAGAT-1,-11.81368628734605,1.155415736039442
CAGCATACAAGCCATT-1,2.44559129482253,-0.21555850664778337
CAGCATACACAGACTT-1,2.2396198154066362,-2.04060212532683
CAGCATACACAGGAGT-1,5.45240839725478,-1.3810714856783926
CAGCATACACTCTGTC-1,-0.568984484615489,-6.997775711218553
CAGCATACACTTGGAT-1,2.9489947200392046,-3.299217380682665
CAGCATACAGCTGGCT-1,1.2564991355512896,-3.3820077554385244
CAGCATACAGGGAGAG-1,1.628079736289815,1.314279876550001
CAGCATAGTAAGGGCT-1,1.8736019969557085,-1.8771230355898916
CAGCATAGTAGAGCTG-1,-9.95484439128892,3.4301582201321543
CAGCATAGTAGCGATG-1,2.79424532657607,2.2829440458615244
CAGCATAGTAGCGTCC-1,2.0839661002729692,1.7532262428601206
CAGCATAGTCAGCTAT-1,-11.70664397472398,-1.3670113460223257
CAGCATAGTCATATCG-1,5.0102115512464795,-0.5669254438082754
CAGCATAGTCGAAAGC-1,2.5438032985304155,0.9885578974087657
CAGCATAGTCTAGAGG-1,3.722472751197652,1.216666065057081
CAGCATAGTCTTCGTC-1,3.4017186999891558,-0.25019142786665544
CAGCATAGTTCTGGTA-1,1.3056035876844683,-1.3281653300921499
CAGCATAGTTTAGGAA-1,6.494187915382222,-0.3797131554286061
CAGCATAGTTTCGCTC-1,-10.805548584404155,-0.06761445860071763
CAGCATATCAACACCA-1,-0.9673179149057112,1.9126296861966074
CAGCATATCACAGTAC-1,3.4046574473951616,-2.4448601380984365
CAGCATATCACTGGGC-1,-10.540279304924175,1.2161370142300547
CAGCATATCATGGTCA-1,-4.055065309944316,0.05879425992564574
CAGCATATCCCAGGTG-1,1.114893758354024,-1.4056070224444448
CAGCATATCGGTCTAA-1,-12.58857814067857,1.4490662439663828
CAGCATATCGTCCGTT-1,1.1647511363600054,-0.8236651794116079
CAGCATATCTGGTATG-1,2.545390927848653,1.4952903612454356
CAGCCGAAGAAGGACA-1,-0.8084722816373549,0.058549605210584554
CAGCCGAAGACTAGGC-1,-4.073936617317363,-0.06707618395491227
CAGCCGAAGATAGCAT-1,2.5384646297071733,0.0753810386110963
CAGCCGAAGCCAGTAG-1,2.060753667411641,1.1806171758969248
CAGCCGAAGGGATCTG-1,-12.14448634380357,-0.19259680072470292
CAGCCGAAGTCGTTTG-1,5.671087348518208,-1.941455282370287
CAGCCGACAAGAAAGG-1,-0.4119367360498152,0.6904115303357066
CAGCCGACAAGCGATG-1,5.720922076759175,-0.8434662596385061
CAGCCGACACCATCCT-1,2.0599401832197466,0.998282574017805
CAGCCGACACCTCGGA-1,4.750275218543843,1.3339022024472178
CAGCCGACACGAAAGC-1,3.834709250984029,2.224419198830885
CAGCCGACACGGCTAC-1,-0.8881061136151991,1.2259556873639048
CAGCCGAGTATAGGGC-1,1.0498321891401567,-0.3996721283595143
CAGCCGAGTCAGTGGA-1,-2.0900513290788374,3.744725547631544
CAGCCGAGTCCGAAGA-1,-1.5310109912778578,-1.0080488101641714
CAGCCGAGTCTCCATC-1,0.6863932252500811,-2.200955785910326
CAGCCGAGTGCACTTA-1,-2.672999536934062,0.431323163111967
CAGCCGATCAATCTCT-1,-1.3646787240530691,-0.9986105338732778
CAGCCGATCAGGATCT-1,2.802377307472066,-2.7708048001925527
CAGCCGATCGGCTACG-1,3.5551491618727007,0.6983838899929942
CAGCCGATCGGTGTCG-1,3.939208591041402,0.7170590384800852
CAGCCGATCTCAAGTG-1,-2.9002882599260054,-0.37220893065138444
CAGCGACAGAAACCAT-1,2.7367611766432085,2.2487901075680674
CAGCGACAGAACTGTA-1,4.714179599342183,0.9766664727528513
CAGCGACAGAAGGTGA-1,-11.321991836967632,1.8885683639843882
CAGCGACAGATGGCGT-1,2.4555419326399126,1.6784903629620493
CAGCGACAGCCGGTAA-1,-1.9258515595819197,3.5783351286251963
CAGCGACAGGAGTACC-1,-12.492530739250347,2.115995250542921
CAGCGACAGGTAGCTG-1,-12.466368591728374,-0.2082252279917775
CAGCGACAGTTTCCTT-1,5.327509486732319,0.8574238642056407
CAGCGACCAATTCCTT-1,5.113519275245503,-0.07842103401823625
CAGCGACCACCCAGTG-1,-10.459425842704936,2.3188944681485117
CAGCGACCAGTATGCT-1,-10.538726723137065,-0.5755307451884328
CAGCGACCAGTGGAGT-1,4.661305034217671,-1.924402631918627
CAGCGACCATCGTCGG-1,-0.2607910990144453,-6.983932651678758
CAGCGACCATGGGACA-1,2.2227681518171587,0.8983651622136057
CAGCGACCATTAACCG-1,0.24749799972517872,3.1045852526028574
CAGCGACGTAAGGATT-1,0.21079155212386036,0.32593031962708846
CAGCGACGTCAAAGAT-1,0.615074718055562,2.1958523615200938
CAGCGACGTCAATGTC-1,-12.6509636997606,1.3197513445218028
CAGCGACGTCCGTGAC-1,2.230588042793111,0.2928675784666957
CAGCGACGTCGGGTCT-1,1.8928326011274614,-1.3176204339663564
CAGCGACGTCTCATCC-1,-12.405649101677104,-0.3942352012793599
CAGCGACGTCTGATTG-1,2.540371978339986,-0.5962989703814565
CAGCGACGTGCCTGGT-1,-10.5666770100023,2.613375507195753
CAGCGACGTTCACCTC-1,-0.5459103345300398,1.5614405496914805
CAGCGACGTTGGAGGT-1,-1.6806237160588942,3.4082229955990733
CAGCGACTCCTTGGTC-1,-1.4379686325217924,3.219994388421339
CAGCGACTCGAACTGT-1,0.07399877315504932,1.764699183305067
CAGCGACTCTCATTCA-1,2.65303119426711,-0.3192287758986531
CAGCGACTCTGGGCCA-1,-0.008434212150736808,-6.4628078118960435
CAGCGACTCTTTACAC-1,0.18180211788161182,2.936772666772169
CAGCTAAAGAAGGACA-1,-11.768783485832378,-1.0258537904421865
CAGCTAAAGAGACTTA-1,-1.0396116732980452,-1.5018784181277334
CAGCTAAAGAGAGCTC-1,-9.48481265300767,3.277982316811842
CAGCTAAAGCTAACTC-1,-2.2618897318269453,-0.6682333127657949
CAGCTAAAGCTACCGC-1,2.211413466987447,0.5555768831570567
CAGCTAAAGGACAGCT-1,2.410961473045186,-0.6174787656466543
CAGCTAAAGGAGCGTT-1,-1.6566824077989302,3.5017157419522227
CAGCTAAAGGTGACCA-1,-11.907689964714214,2.2822328432400645
CAGCTAAAGGTGATAT-1,3.4095564723585405,-1.9524160997073232
CAGCTAAAGTAATCCC-1,4.449214065131978,0.6910174115498484
CAGCTAAAGTACCGGA-1,4.108110034522847,-1.7146922723452627
CAGCTAAAGTGCGTGA-1,4.607859218177632,1.7377075775464
CAGCTAACAACGATGG-1,2.875751578864888,-1.1012930051486074
CAGCTAACAAGTAGTA-1,-0.23370817893998241,2.055579982598585
CAGCTAACACCGATAT-1,-1.9377200364495955,3.6116917951901377
CAGCTAACAGACACTT-1,4.827823722419575,-1.9791783467928945
CAGCTAACAGCTTAAC-1,4.84565266376479,-3.183335460821825
CAGCTAACAGTAAGAT-1,2.938048923072652,0.24649726589517013
CAGCTAAGTAAACCTC-1,5.025481784400776,0.8870112522442759
CAGCTAAGTAAATGTG-1,2.5977533698652544,1.7098754270871104
CAGCTAAGTAGCGATG-1,-2.038956499042674,-6.973575271765428
CAGCTAAGTCGCTTTC-1,5.1188116908643995,0.44446154673890487
CAGCTAAGTGTGACGA-1,6.472832763252095,-0.3568754271666585
CAGCTAAGTGTGGCTC-1,4.477071845588521,-2.136799968878466
CAGCTAAGTTAAGTAG-1,-12.81334391826646,-0.15456620613737687
CAGCTAAGTTCCATGA-1,4.054504001197651,-0.6039138809840261
CAGCTAATCACGAAGG-1,2.989853942451314,-1.3766607419650136
CAGCTAATCATAACCG-1,3.9785452724073687,1.2355677707989634
CAGCTAATCATGTGGT-1,1.9315989852522173,-0.5826530234019338
CAGCTAATCCAATGGT-1,5.739742839393452,-1.779513396422106
CAGCTAATCCGCTGTT-1,-0.06730059379593945,3.624906383355421
CAGCTAATCTATCCTA-1,6.56717308765395,0.16291349371270553
CAGCTAATCTCCCTGA-1,1.2604831100080767,-3.773974813620287
CAGCTAATCTTCTGGC-1,-0.31468555921570873,1.4638081415493907
CAGCTGGAGACTAAGT-1,-1.0862589388515196,-1.378385581175524
CAGCTGGAGCACAGGT-1,3.4998198390577593,0.8595502003033579
CAGCTGGAGCTGATAA-1,-2.9780907987977705,0.6424963696797312
CAGCTGGAGGGTGTTG-1,-11.655013954582378,1.4903540237744273
CAGCTGGAGGTAGCTG-1,-10.997196114006206,1.6287023647625865
CAGCTGGAGGTGCTTT-1,5.6670013309095655,-0.5622797385851919
CAGCTGGAGTCATCCA-1,3.7842088580702105,0.2880158199866237
CAGCTGGAGTTGTCGT-1,0.029739344177083016,-6.543203510443407
CAGCTGGCACTGTTAG-1,-11.792795097770854,0.3566830380757274
CAGCTGGCAGATTGCT-1,-3.2830391287233076,0.6302648409207285
CAGCTGGCAGCTGTGC-1,1.0432203651045122,3.51111849387483
CAGCTGGCAGTAAGCG-1,3.2493248820875444,-1.105345286528307
CAGCTGGCATCCTTGC-1,2.431628310737447,1.0317368729908885
CAGCTGGCATGGTAGG-1,-3.388420498314067,0.37781169255570785
CAGCTGGCATTACGAC-1,1.8028910995100298,1.4980350359280528
CAGCTGGCATTAGCCA-1,2.0751500964735308,1.6415495498974741
CAGCTGGGTACAGCAG-1,3.877483451423482,-1.1560234204928457
CAGCTGGGTACCGCTG-1,-3.5954388737107954,0.4172073527176799
CAGCTGGGTAGAAGGA-1,2.4890681148145952,-3.4435295240084707
CAGCTGGGTCCGAAGA-1,3.0739751697157183,-0.5283892528216421
CAGCTGGGTCGCTTTC-1,5.3401323199842725,-1.5914079324404775
CAGCTGGGTGGCGAAT-1,-0.4898836373712263,2.5076614244778574
CAGCTGGGTGGTCTCG-1,-10.011435425224468,3.3753565176327647
CAGCTGGGTGTGACGA-1,-12.06738559001939,1.6693299635250987
CAGCTGGGTTGAGTTC-1,0.15974363094313526,3.35254653533296
CAGCTGGGTTTGGGCC-1,2.0097452045057573,0.030165351827901754
CAGCTGGTCAACCAAC-1,-0.8618779837514601,0.4485392494996013
CAGCTGGTCAGTCCCT-1,4.413728797492817,0.020557671685975942
CAGCTGGTCCAAACAC-1,-0.964441484155818,0.29701206823186294
CAGCTGGTCCCAACGG-1,3.5196753383253374,-3.232792534033495
CAGCTGGTCCGAGCCA-1,4.776048266944722,-2.021737732092577
CAGCTGGTCGACGGAA-1,-12.65820590251939,1.9440916403134287
CAGCTGGTCTCCCTGA-1,0.9356528163526812,-0.7097030655543386
CAGCTGGTCTCGCTTG-1,4.612475478706196,-3.4822982923190176
CAGGTGCAGGGCTTCC-1,2.9901176333998003,0.6171651705105723
CAGGTGCAGGTGATAT-1,-0.435242390575572,3.342201314767164
CAGGTGCAGTCGAGTG-1,-10.160164749565288,-0.07447987059755906
CAGGTGCAGTGTCTCA-1,-1.0093232750322065,3.650548778374952
CAGGTGCCAAATCCGT-1,3.1349054217909136,2.5451279505093516
CAGGTGCCAACACCCG-1,-0.30380502933518505,-0.11579180518789872
CAGGTGCCACAAGCCC-1,1.7936063647840776,1.1403188331921519
CAGGTGCCACCGAATT-1,4.234732711372212,-0.09243916730089768
CAGGTGCCACCTCGGA-1,-1.3769675775791845,3.698820434411329
CAGGTGCCACGGACAA-1,4.415338599738911,-2.6027599946658193
CAGGTGCCAGTATGCT-1,-0.4365733026887617,-0.9702235833804189
CAGGTGCGTAACGACG-1,4.947095000800923,-0.4822188393275319
CAGGTGCGTATATCCG-1,2.5055478454206743,2.326921306451124
CAGGTGCGTCACCTAA-1,5.007081592140034,-2.0168563501040517
CAGGTGCGTCATGCCG-1,3.86503275638564,2.461763940652174
CAGGTGCGTCGGCACT-1,-12.940950310173198,1.233848296006483
CAGGTGCGTCTCAACA-1,0.2193656802748003,1.3617894275982798
CAGGTGCGTCTCCATC-1,-0.04260603183762646,2.2911837919552744
CAGGTGCGTGGCCCTA-1,3.08701761966689,1.4488948210080088
CAGGTGCGTTCTGGTA-1,-0.8146395742322645,-6.8292652742068345
CAGGTGCGTTTGCATG-1,0.25287922626479054,2.1025973184903086
CAGGTGCTCAACCAAC-1,3.949406707343892,-2.02015272537871
CAGGTGCTCACATAGC-1,4.854209983405903,-1.3625122682253896
CAGGTGCTCAGAGCTT-1,-11.392790710868999,2.2087844236691416
CAGGTGCTCAGGTAAA-1,-11.787947571220561,1.4115190132458628
CAGGTGCTCCAACCAA-1,6.598376357612446,-0.01953437934322938
CAGGTGCTCCCGGATG-1,-0.7460295915033064,2.215445123513502
CAGGTGCTCTCCCTGA-1,3.8492985606764116,1.3532915933926524
CAGGTGCTCTGCCAGG-1,2.2134626746748247,0.3358682318528117
CAGTAACAGAACTGTA-1,-0.5759537577058516,0.37537416060761825
CAGTAACAGCACCGTC-1,5.031292998847798,-0.23355159918470964
CAGTAACAGCGGCTTC-1,3.0556088328932085,1.6494869812329234
CAGTAACAGCGTTTAC-1,5.268576705512837,0.0917416633044304
CAGTAACAGCTAACAA-1,-1.9367145656968794,3.632441840966505
CAGTAACAGTGCAAGC-1,-11.828283226432964,2.2838343008358897
CAGTAACAGTGGCACA-1,0.6488774657820024,1.6906455381710948
CAGTAACAGTGTGAAT-1,0.9036570430372515,2.8992560728390635
CAGTAACAGTTATCGC-1,2.5119589210127153,-0.271965570847231
CAGTAACCAAGACACG-1,-0.18968049282090282,-6.935663856665331
CAGTAACCAATCGAAA-1,1.4195361972425737,-2.8924616948763906
CAGTAACCACATCTTT-1,-0.6319346188928328,1.0882406457264842
CAGTAACCACCTCGTT-1,-2.995112097206279,-0.36464837948485
CAGTAACCAGACTCGC-1,4.724579417762593,-1.5865527764956533
CAGTAACCAGCATACT-1,-3.1737326740647993,-0.5827168003718435
CAGTAACCAGTAACGG-1,1.5511604190443316,-3.3105129377047597
CAGTAACCATCGTCGG-1,3.4987645984266558,0.5393956526120127
CAGTAACGTACCGAGA-1,-11.70228091472642,2.4473324640591563
CAGTAACGTAGCTAAA-1,2.181832635459737,1.4148598535855235
CAGTAACGTCGGCTCA-1,3.494354331550435,1.9546110256512583
CAGTAACGTCGTCTTC-1,-0.041484034004374504,0.7103966697056712
CAGTAACGTCTCTCGT-1,3.7201991916273394,-1.3042308465640127
CAGTAACGTGACTCAT-1,0.15326210266096973,3.235068164666456
CAGTAACGTTCGGGCT-1,2.644796216544942,1.2407698257763804
CAGTAACTCACAAACC-1,1.8493924975965776,-3.009439148108202
CAGTAACTCCATGAAC-1,5.391913020667866,-1.7712369338671743
CAGTAACTCCTTCAAT-1,4.065438354072407,2.076846204598707
CAGTAACTCGCCCTTA-1,2.362737023887471,-2.3668712751071035
CAGTAACTCGCTTAGA-1,4.589445197639302,-0.6576215402285635
CAGTAACTCGGCGGTT-1,-11.250293648185894,-1.9876457826296865
CAGTAACTCTACTATC-1,1.6215651870344439,-3.23367229859038
CAGTAACTCTCATTCA-1,1.6224437594984331,-2.650659956137377
CAGTCCTAGCCCAGCT-1,-0.46423766607300854,-7.231783546606737
CAGTCCTAGCGAAGGG-1,5.2103005290602,-0.07170882085962876
CAGTCCTAGCGGATCA-1,4.30658491855605,-3.4999989644686758
CAGTCCTAGGTACTCT-1,-11.247348701896831,-2.0148584024111806
CAGTCCTAGTTAACGA-1,3.5121332049940386,-3.1749626771609365
CAGTCCTAGTTTAGGA-1,3.567931735572652,-2.2500569001833974
CAGTCCTCAAAGTGCG-1,1.5824387908552446,-3.7579311505953847
CAGTCCTCAAGAGGCT-1,2.463592851219014,-0.9242601768176137
CAGTCCTCAAGTAGTA-1,1.3389931560133257,2.4243672712643565
CAGTCCTCACCGATAT-1,-11.54465667003648,2.61495264609651
CAGTCCTCACGTCAGC-1,3.634152972755269,-1.2104214803378164
CAGTCCTCAGCTGTAT-1,0.5341988444898882,-0.6204803363482534
CAGTCCTCAGGAATCG-1,-1.5066958128835402,3.7483166082699717
CAGTCCTCATATGAGA-1,-3.4205240368272505,-0.10799936215086564
CAGTCCTCATGTCGAT-1,1.113985383567647,-2.658296741644579
CAGTCCTCATTGGGCC-1,4.301043593940571,-2.9859832898776113
CAGTCCTCATTGGTAC-1,1.9645725131605425,-1.6953356639544546
CAGTCCTGTATAGTAG-1,3.2042580485914507,-0.953257121245104
CAGTCCTGTCGAAAGC-1,5.049687469062642,-2.1037491933505117
CAGTCCTGTCTGATTG-1,2.375774705467061,-0.9040190354983388
CAGTCCTGTTACCAGT-1,4.634181582984761,0.5866025610764445
CAGTCCTGTTCGTTGA-1,-0.47801748508469677,1.0854832752545298
CAGTCCTGTTTGGGCC-1,2.4230144858930864,0.3473567142088832
CAGTCCTTCAGCTTAG-1,1.689107739982442,-3.8139752523104726
CAGTCCTTCAGTGTTG-1,2.5980628371809282,0.011803530057233724
CAGTCCTTCATAGCAC-1,-3.7585224270250044,0.2892187311251582
CAGTCCTTCCACGAAT-1,1.840292060432271,-3.034003652731615
CAGTCCTTCCATGAGT-1,5.1089850307081495,-0.8369267360369741
CAGTCCTTCCCAAGAT-1,0.8448084235761919,-0.9631938115756093
CAGTCCTTCCTTGCCA-1,4.548958861884907,-0.5511147157351552
CAGTCCTTCGGCGCAT-1,3.9667411685560503,-2.1952423230807363
CAGTCCTTCGTAGGAG-1,5.004541003761128,-2.7951649800936758
CAGTCCTTCGTCTGAA-1,4.857617938575581,-1.5168760196368276
CAGTCCTTCTGCCAGG-1,-0.5469966291810713,1.7480401619275034
CAGTCCTTCTGGTATG-1,-3.515421068611308,-0.17181745926542863
CATATGGAGAAGATTC-1,0.45330091720564747,-2.0292810575167715
CATATGGAGACCTAGG-1,4.052510821876362,0.8246849997837962
CATATGGAGAGTAAGG-1,3.3452955127332964,-2.5748089925448476
CATATGGAGAGTCTGG-1,-10.728694832267925,2.9073191507656992
CATATGGAGGAATGGA-1,2.596611106452779,-0.08839043239756211
CATATGGAGGACGAAA-1,3.2210045695875444,-2.6411556379000722
CATATGGAGGCTCATT-1,2.5557163596723833,-0.28888572017355546
CATATGGCAAGTCATC-1,6.19936474567397,0.8105626924832285
CATATGGCACCTCGTT-1,-3.2681999563600264,-0.4875914231936513
CATATGGCAGGATCGA-1,1.1001354098890581,-1.3331169263522207
CATATGGCAGTTCCCT-1,3.556107604560689,1.2798798902829112
CATATGGCATGGTAGG-1,-0.7314345597650251,-6.9232007638613755
CATATGGGTAAGAGAG-1,5.254434669074849,-0.7489944473902761
CATATGGGTAAGCACG-1,-12.065926468315288,2.810793481667799
CATATGGGTAGCTAAA-1,2.2940448165510454,0.1506542040903987
CATATGGGTGACGGTA-1,4.3208781123731885,-1.6586100236575185
CATATGGGTGAGGGAG-1,2.0870719791029253,0.8388952239354075
CATATGGGTGTCCTCT-1,4.164164626655415,-3.710606493155199
CATATGGGTTCCCGAG-1,3.5933686137769976,0.7783356531460703
CATATGGGTTGACGTT-1,1.9480830073927202,1.9121920688946665
CATATGGTCAAACCAC-1,-2.3668537496949873,3.3164988382656992
CATATGGTCAAAGTAG-1,0.6591618896101274,1.6861992700894297
CATATGGTCACAGGCC-1,1.6375788093183794,-0.07955818633242234
CATATGGTCATAGCAC-1,3.247699821052388,-1.1036231891314565
CATATGGTCATGCATG-1,-10.680679237785503,2.9861517771084727
CATATGGTCCAGGGCT-1,2.12291964298232,0.3217984511454524
CATATGGTCCTAGTGA-1,-0.1609833597566328,0.4713520928223552
CATATGGTCGGCGCAT-1,4.333631122169331,0.5222913845379771
CATATGGTCTAACGGT-1,1.8981119037245073,0.2615030481417598
CATATGGTCTAACTGG-1,-0.871928101720973,0.23832955201463119
CATATGGTCTCGAGTA-1,6.319400870857075,1.037894926865858
CATATGGTCTGATACG-1,1.5366388202284136,-3.3020924703280508
CATATGGTCTTGCCGT-1,4.091280067024067,-2.5408238546053945
CATATTCAGAAACCAT-1,-9.820363914909526,2.9612038954098643
CATATTCAGATCTGAA-1,-10.165505325737163,0.05121175934867278
CATATTCAGATTACCC-1,0.5629462838743486,2.8132310732205332
CATATTCAGGCTAGAC-1,5.831370914039448,-0.7987362519900381
CATATTCCACTACAGT-1,2.9902897716139116,-1.7939148322741567
CATATTCCAGCTGTAT-1,1.7100997806165972,-2.2675642148654043
CATATTCCATCGGAAG-1,-0.564927494468852,1.7876665218670786
CATATTCCATGCCTTC-1,-0.42667344802872753,1.0314614399273814
CATATTCCATGGGAAC-1,0.2777995706175127,2.7713595255215586
CATATTCCATTCGACA-1,3.5246406436537066,-0.6023900286356985
CATATTCGTAAGCACG-1,-10.18133822673814,0.32757634659604445
CATATTCGTACCAGTT-1,-3.9671243786241255,0.7685188277562083
CATATTCGTACCATCA-1,6.022093379554585,-0.4355498925845204
CATATTCGTCAGCTAT-1,4.520867431220845,0.5190394147236765
CATATTCGTCTAGCGC-1,2.2466493487928667,-3.550703682104784
CATATTCGTGACTACT-1,1.6162598968122759,2.483180604775709
CATATTCGTGCAGGTA-1,1.059596145210103,2.9702521189053477
CATATTCGTTACGGAG-1,0.03552612071974659,2.377580724557203
CATATTCGTTCATGGT-1,-11.677502548637554,-1.2626510039965688
CATATTCTCACATAGC-1,2.550544107017354,0.33152572055653945
CATATTCTCACGCATA-1,1.4976838470075884,1.2253528459866465
CATATTCTCAGTTCGA-1,4.756812655982808,-0.15336654345198258
CATATTCTCATCATTC-1,5.085976207313374,-0.5118184463183462
CATATTCTCCAGAGGA-1,3.14556893115981,-1.3937384263674795
CATATTCTCCTCCTAG-1,3.0043187976454058,-3.311463989416796
CATCAAGAGATAGGAG-1,-0.2396405100251875,-0.2678909377257405
CATCAAGAGATGTAAC-1,3.1909757495497026,1.8236093147595347
CATCAAGAGCACCGCT-1,0.184261524734334,2.5537825449307383
CATCAAGAGCTCAACT-1,2.229499185142354,-1.3330980912844717
CATCAAGAGGTGTTAA-1,-0.6615527033235273,-7.0872046128909165
CATCAAGCAAATACAG-1,1.1948872447584429,-1.4131998197238027
CATCAAGCAACTGGCC-1,-0.12642518276230907,2.1382652147610606
CATCAAGCAAGCCGTC-1,5.012992942390278,1.6835277899105967
CATCAAGCAAGTTAAG-1,-10.578123009147808,2.9692169054348887
CATCAAGCACAGCGTC-1,-3.4706620335008345,-0.16623262325926408
CATCAAGCACGGTAAG-1,-12.303178703727886,0.7983058317501963
CATCAAGCATCTGGTA-1,3.1163488269422808,0.19619753946856872
CATCAAGGTAATCACC-1,2.8863254428480425,-1.0854326860110342
CATCAAGGTATGGTTC-1,2.176705920753316,1.4170657022793711
CATCAAGGTCCGAGTC-1,-10.38465396160142,2.730809770425123
CATCAAGGTCTGATTG-1,-3.57770029300706,0.3810549004872264
CATCAAGGTGAAAGAG-1,0.5694555879209795,0.1781262977917613
CATCAAGGTGTTAAGA-1,-11.358260071220561,2.6745487078030528
CATCAAGGTTAAGAAC-1,-0.3025558351899824,-0.264765419165331
CATCAAGGTTATTCTC-1,-10.448153412285015,-0.2676857785384236
CATCAAGTCAACGCTA-1,0.4676484704588213,3.591968379815382
CATCAAGTCCCTCAGT-1,2.4773505569074907,0.34707031389073745
CATCAAGTCGGACAAG-1,1.2512119651411333,-0.9412210361163198
CATCAAGTCGTTGACA-1,2.6806038261030474,0.3103469236691417
CATCAAGTCTGTACGA-1,-10.58058253520982,-0.17927513281508073
CATCAGAAGCAATATG-1,5.5212589145277295,-1.781032361189562
CATCAGAAGCGAAGGG-1,-2.465673959198161,0.02466318746404067
CATCAGAAGCTAGCCC-1,-12.73070517772691,1.1905470712979258
CATCAGAAGTCTCAAC-1,-10.587908661308452,-0.6568955556551992
CATCAGACAAAGGCGT-1,-0.06932083362595653,1.8210079296429575
CATCAGACACCAACCG-1,3.6781321406935015,-3.4945387021700918
CATCAGACAGCTGGCT-1,1.1887195945356646,-0.9279629365603506
CATCAGACAGTCAGAG-1,-0.641005432548686,1.073503635724348
CATCAGACATGTCGAT-1,-12.451084053459331,2.0479740722973765
CATCAGAGTAGCGTAG-1,-12.43934146160142,-0.403531231085497
CATCAGAGTATTAGCC-1,6.2957220912550245,-0.6789385453860342
CATCAGAGTGACTCAT-1,3.5874219775770464,-3.756816305319506
CATCAGAGTGCAGGTA-1,-3.796319162788554,0.10421028513768033
CATCAGAGTGTTTGTG-1,-10.50853720897691,-0.2552966252963124
CATCAGAGTTAAGGGC-1,0.06086632019026661,2.9419520719845713
CATCAGAGTTCACCTC-1,4.527705752906636,-3.099153675238329
CATCAGAGTTGATTGC-1,-1.8997446655656538,3.639031968911451
CATCAGATCCGTACAA-1,5.206668460426167,-1.9435009137789785
CATCAGATCGCGTTTC-1,5.279627406654194,0.5919090731938303
CATCAGATCGGCCGAT-1,4.2942291141126905,-2.309316791693407
CATCAGATCTACCTGC-1,-0.6739415287400923,-6.873930133978563
CATCAGATCTATCCCG-1,3.5556269527052202,-0.9701553956667959
CATCAGATCTGCTGCT-1,2.874039733466939,1.193161211808485
CATCAGATCTGTGCAA-1,-3.8395730614091597,0.6535982712109507
CATCAGATCTTGTCAT-1,3.705624663886861,1.7108150347073496
CATCCACAGAGCAATT-1,5.29512079959853,-0.04000181714697465
CATCCACAGGCCGAAT-1,-11.342150604667827,-1.5742895976702749
CATCCACAGGTGTTAA-1,5.354131782111958,-2.9240490571658193
CATCCACAGTAGCGGT-1,-0.7661883592035017,1.5550881250698985
CATCCACAGTTCGCGC-1,-0.5827939271356306,2.125547490914625
CATCCACCAAGCGATG-1,1.851796948966817,1.9508409126599253
CATCCACCAAGTAATG-1,-9.419395363273784,3.3192201479275645
CATCCACCACAGATTC-1,2.363415086326436,0.5647708400090159
CATCCACCACCTTGTC-1,0.806931579170064,3.288827977975172
CATCCACCATAGAAAC-1,1.5716215015028276,-2.502408184210497
CATCCACGTACCTACA-1,3.08341654544814,-1.6438087598483144
CATCCACGTAGCCTCG-1,5.308382594642476,-0.4554442540804921
CATCCACGTCTCTTTA-1,1.3989883304212847,-3.5829750672976552
CATCCACGTCTTTCAT-1,2.701606357154683,1.157877527077955
CATCCACGTGAGGGTT-1,-11.279646789970561,1.9265391453106822
CATCCACGTTAAAGTG-1,4.337901675758198,-0.16482595364256486
CATCCACGTTCCTCCA-1,5.262134635505513,0.39243175824479476
CATCCACTCAGAGACG-1,2.4914980769727983,-1.351526655356127
CATCCACTCATTCACT-1,0.30871614223463917,1.792552433808607
CATCCACTCGCATGGC-1,2.0242792010877886,0.1950553803642215
CATCCACTCGCCAAAT-1,-11.288259422722026,0.8290310724575938
CATCCACTCGGCATCG-1,-11.365927612724468,1.8642932995160044
CATCCACTCTGGTGTA-1,1.5868566871259966,-2.7923425809542715
CATCGAAAGCTCCTCT-1,3.041064345893697,2.0093100889523448
CATCGAAAGGATGGTC-1,4.170374000129536,0.18506269146994964
CATCGAAAGGCTACGA-1,-12.216750061454936,2.4055777414639414
CATCGAACAAGCTGAG-1,2.8343983531568804,-3.2229806558291494
CATCGAACAATCTGCA-1,2.4188123584364214,1.503296218713087
CATCGAACAATGACCT-1,-12.146305000724956,-0.11078055957956895
CATCGAACACATGGGA-1,-0.7708792447473249,1.6211547478039683
CATCGAACACCAGATT-1,5.93882950550063,-0.6756713167826711
CATCGAACACCTGGTG-1,0.280031526145772,0.35114047666386977
CATCGAACACTTGGAT-1,-12.163541710319683,1.6236496790249766
CATCGAACAGCCAGAA-1,1.8166557193373003,-1.9931406156222402
CATCGAACAGGCTGAA-1,3.0700598598097124,-0.7970860973994314
CATCGAACAGGGTATG-1,1.827798450050191,0.4200350566704692
CATCGAAGTACTCAAC-1,-0.10752395385758495,0.9084660633404673
CATCGAAGTCCGTGAC-1,4.5579057574842725,-0.9372136966387807
CATCGAAGTCTGCAAT-1,-1.1613912790443144,1.8899970873196543
CATCGAAGTGCAGTAG-1,5.15310009723647,0.07815906209246531
CATCGAAGTGCCTGCA-1,1.817255818900899,1.548302970727247
CATCGAAGTTAAAGTG-1,1.6124511600111284,-3.577640451590258
CATCGAAGTTGACGTT-1,0.3593920112226763,3.4839144571621836
CATCGAAGTTGCTCCT-1,-12.72895900005357,1.0400411709149302
CATCGAATCACAAACC-1,3.649542892036275,-0.7721905485789358
CATCGAATCACTCCTG-1,1.3219257236097612,2.778802476723951
CATCGAATCACTTCAT-1,3.733651721534566,-0.6837552563349782
CATCGAATCCTCATTA-1,4.548364245948628,-0.5745896474520742
CATCGAATCGTCCAGG-1,-2.8630562185670576,1.1418230160077036
CATCGAATCTCAAACG-1,5.596630656776265,-0.5850700513522207
CATCGAATCTTATCTG-1,-0.6416328310395918,-1.742355980078417
CATCGGGAGAATCTCC-1,-11.977113640251323,-0.5035763756434499
CATCGGGAGACTTTCG-1,4.56530483966811,-1.6298048869769155
CATCGGGAGGACACCA-1,-11.587370788993999,-1.5705695525805532
CATCGGGAGTAGCGGT-1,4.412866675910786,0.6727631910641612
CATCGGGAGTGTACTC-1,-2.8439772486116133,1.2825338466961802
CATCGGGAGTTGTCGT-1,1.364339673576192,1.7760033233960093
CATCGGGCAACTGGCC-1,1.048119151649312,3.1331942900021494
CATCGGGCAAGCTGAG-1,3.2668591380689898,-2.5576185361544668
CATCGGGCAATCCAAC-1,0.22485324150069141,-1.7222473994891225
CATCGGGCACACAGAG-1,-0.8717165350343428,0.7243767603238047
CATCGGGCACCCATGG-1,2.3648196101759233,1.8107001407940806
CATCGGGCACCTATCC-1,-10.573276436271831,1.8381231649716319
CATCGGGCACTGCCAG-1,1.226679647025899,1.32834740718202
CATCGGGCAGACGCAA-1,-11.125816261711284,2.5219367369015635
CATCGGGCATACGCCG-1,-0.441098844947978,-7.092578567663866
CATCGGGCATCCCATC-1,-1.6303561388875685,3.2192252500851573
CATCGGGCATGCAACT-1,2.6081651092146196,-0.13706711689634904
CATCGGGGTCCGACGT-1,1.9000612140272417,0.05924734835819617
CATCGGGGTGGCGAAT-1,4.677704894599751,-2.9601534978549062
CATCGGGGTTGAGGTG-1,5.681331241187886,-2.0264431611697256
CATCGGGTCAATAAGG-1,-12.814209854545757,-0.07105787853403672
CATCGGGTCCAGATCA-1,1.9766453147505083,2.252591691811842
CATCGGGTCCTAGTGA-1,5.225407683906392,-1.3330217973391592
CATCGGGTCGATCCCT-1,2.838961207923726,-3.3930009977023183
CATCGGGTCGCAGGCT-1,2.513467872199849,1.0539266093571604
CATCGGGTCTGCAGTA-1,-12.643705284538433,1.8923513515789927
CATGACAAGACCGGAT-1,-12.22245970958726,1.18174096186952
CATGACAAGACCTAGG-1,3.5630575061414995,-3.670529283682543
CATGACAAGAGCTGCA-1,3.5879693866346636,-3.5689071790377676
CATGACAAGATCGGGT-1,1.437427127418355,-1.239608086744982
CATGACAAGCCTTGAT-1,-0.5216242432023726,2.463487468560499
CATGACAAGGGCTCTC-1,5.42603596454604,0.10763212469713107
CATGACAAGTTGAGTA-1,2.3455966353987017,-2.246710695425707
CATGACACAAATTGCC-1,-11.513994133415386,-1.505827225844103
CATGACACAACGCACC-1,3.553206527290181,-0.7533008233706533
CATGACACAAGTTGTC-1,0.08659347301466847,-0.7210345045725881
CATGACACAATAAGCA-1,0.11527987724287891,1.4041139705975474
CATGACACAATCCGAT-1,1.1783572078321733,0.2857516332467021
CATGACACAATCTGCA-1,-0.24235287899033642,2.0442294700940074
CATGACACACAGACAG-1,1.1369882464979448,0.44108092029885665
CATGACACACCAGGCT-1,2.9323788524244585,1.505937181313795
CATGACACACTAGTAC-1,4.204763972816304,-0.1312836782137929
CATGACACAGACGCAA-1,-12.63862410778062,-0.23334623138113603
CATGACACATAGGATA-1,-12.486353790702983,1.5905526502926768
CATGACACATTATCTC-1,4.868157470283345,-2.852942623297411
CATGACAGTCTAGTGT-1,-0.25651637310044384,-0.8460084573428213
CATGACAGTCTCCACT-1,6.668451869544819,0.3489688410361232
CATGACAGTCTGGAGA-1,4.5776530147169385,0.14858712246016875
CATGACAGTGGTACAG-1,3.4477668643568316,1.087332032521528
CATGACAGTTTGCATG-1,5.031966292915181,-0.8066247479121267
CATGACATCAGGCGAA-1,-11.119940674247905,2.5172179563839854
CATGACATCCAGATCA-1,-2.8587906717683516,1.3600002153714121
CATGACATCGACCAGC-1,3.0854168773268023,-3.8160690442721426
CATGACATCGGTGTCG-1,3.825854384956197,1.2259988411267222
CATGACATCGTAGATC-1,4.721156203803853,-2.244745411078173
CATGACATCTACTATC-1,-0.5293685554887495,1.2079500778515757
CATGACATCTGGCGAC-1,2.201298797187642,-2.9181853906313955
CATGACATCTGTGCAA-1,0.20229169136031055,-0.5393988267581045
CATGACATCTTGTTTG-1,3.8757096171949663,-3.496133007208544
CATGCCTAGACGACGT-1,-10.430519974174663,2.661938510735792
CATGCCTAGACTGTAA-1,3.5234619021986284,-1.4683298246066152
CATGCCTAGAGACGAA-1,4.306377017555073,-0.9307785407702505
CATGCCTAGAGCCTAG-1,-0.7474496721650801,0.4893651529152812
CATGCCTAGATATGGT-1,-12.307563698234722,2.322221837838453
CATGCCTAGCAGATCG-1,-11.67696753734605,1.7436425312359751
CATGCCTAGCCAACAG-1,2.0720718741987505,0.7028571589787425
CATGCCTAGTACGTTC-1,-11.09382144207017,2.1245902403195323
CATGCCTAGTGGGCTA-1,2.1794541717146196,-1.7283383981387197
CATGCCTAGTTATCGC-1,3.535374724922017,-2.9179476873080312
CATGCCTCAAATTGCC-1,5.389091575202778,-1.7411678210894643
CATGCCTCAACGATGG-1,4.120923125800923,-2.791310466925341
CATGCCTCAAGCGCTC-1,0.2663024306867876,3.538358293374342
CATGCCTCAATCGGTT-1,-3.450298464241191,0.2769088371594371
CATGCCTCACAGGCCT-1,-0.3178512811090193,1.681184731324476
CATGCCTCACCAGTTA-1,-0.20687440628068066,1.3964901789029063
CATGCCTCACCGATAT-1,-0.8029219865228376,2.7027910574276865
CATGCCTCACGCCAGT-1,5.298577392158345,0.13188784745828525
CATGCCTCAGCCACCA-1,5.713597858009175,-1.9446751252810537
CATGCCTCAGGACGTA-1,0.06333097225172901,-0.05683996538324937
CATGCCTCATCACGAT-1,0.22658833271010304,0.43822263916329757
CATGCCTCATGCCTAA-1,-0.7604772209550581,3.3104685171444834
CATGCCTGTAACGCGA-1,-0.3250800132180891,0.7461767419178904
CATGCCTGTACCGCTG-1,-0.4051124214555464,2.1473873480160655
CATGCCTGTAGCAAAT-1,-3.1603300928498945,1.2677224500973643
CATGCCTGTATAAACG-1,3.889977061805562,-2.865881599585253
CATGCCTGTCAATGTC-1,2.4596310496900835,2.115424476464552
CATGCCTGTCACAAGG-1,6.379693114814595,0.9712984784443797
CATGCCTGTCGCATCG-1,3.295060718116597,-1.8431669847170888
CATGCCTGTCTCTTTA-1,4.6526556850050245,-2.4504593984286367
CATGCCTGTGCCTGGT-1,2.3735249877546587,2.228736720879835
CATGCCTGTGCGGTAA-1,3.752309405860738,-1.0391531364123403
CATGCCTGTGTTCTTT-1,3.8007665515516558,-1.1868929044405996
CATGCCTTCCAGGGCT-1,-11.17978850597398,1.3787092789013804
CATGCCTTCCTCATTA-1,-12.500064766349956,-0.5211561695735036
CATGCCTTCGTGGGAA-1,-12.399322426262065,-0.5409089700381338
CATGCCTTCTAACTTC-1,2.8675027728651323,-1.4574774877230703
CATGCCTTCTCTAAGG-1,3.762044990119771,-2.279017366568285
CATGCCTTCTGCAGTA-1,3.1473704219435015,-0.7579894439379751
CATGCCTTCTGGTATG-1,-2.8921857237245283,1.1627959831555308
CATGGCGAGCCATCGC-1,-2.0311960935022078,3.6488498075802744
CATGGCGAGCCGATTT-1,5.0975395083998,-0.11625888208551988
CATGGCGAGGATGCGT-1,6.697881782111958,0.7612828238804759
CATGGCGAGGCTAGAC-1,3.0482769847486773,-1.8259578124682485
CATGGCGAGTCATGCT-1,1.8040848613355913,-2.7174951211611806
CATGGCGCACCTATCC-1,5.559471213874653,-0.832993961970049
CATGGCGCAGGGAGAG-1,-11.471151268425151,2.1818047388394297
CATGGCGCATCGACGC-1,1.2122367263410845,-3.1188997403780996
CATGGCGCATGCATGT-1,5.072077357826069,-2.235015548865038
CATGGCGCATTGGCGC-1,-3.4354054092790327,-0.043225623766618815
CATGGCGGTATATCCG-1,-3.5576180576707563,0.6539077981312693
CATGGCGGTCCAAGTT-1,2.870936000404195,-0.9497775212924062
CATGGCGGTCGCTTCT-1,4.375601375160054,1.9857771023114146
CATGGCGTCCGAATGT-1,1.5849088073347368,0.945792339642805
CATGGCGTCGACCAGC-1,3.5178919673536577,2.6745792253811778
CATGGCGTCGCATGAT-1,-0.12350419754044628,-0.1247911528746663
CATGGCGTCGTATCAG-1,2.7089973331068316,0.2644891812403621
CATGGCGTCTTGACGA-1,0.20628758674605274,2.298101030190748
CATTATCAGAAGGTTT-1,2.792856299934224,1.0176900251706065
CATTATCAGACAGAGA-1,4.2668619990919385,0.8953975065548838
CATTATCAGAGATGAG-1,2.1322949767683306,-1.2471503392855703
CATTATCAGAGTCTGG-1,2.351994597968892,0.03957238410906211
CATTATCAGATCTGAA-1,4.802464568672017,-2.346458591620165
CATTATCAGTACGATA-1,1.480757558402852,-0.978532828489977
CATTATCAGTCCGTAT-1,-11.33341113323228,1.7403492554028452
CATTATCCAAACAACA-1,-11.59553328746812,-1.5393667594592153
CATTATCCAATAACGA-1,5.6818118930433545,-0.17394030849142655
CATTATCCAATCTACG-1,-11.577385818901226,1.8771960361798228
CATTATCCAATGGACG-1,2.7433277011488237,-0.9258387462298452
CATTATCCAGGGTATG-1,2.1812687755201616,-0.13010767857237443
CATTATCCATCGGGTC-1,2.312556350288228,-3.0629743711154043
CATTATCGTACGACCC-1,-0.3374517917062483,1.8551616295178355
CATTATCGTCAGATAA-1,3.3258214831922808,-2.3293928281466543
CATTATCGTCTGCCAG-1,2.905296409187154,-1.591609992186266
CATTATCGTGTTGGGA-1,-11.78210726970689,-0.7094008700053274
CATTATCGTTCGCGAC-1,-0.4150228857423506,2.2578938825924815
CATTATCTCCCTAACC-1,5.148172938880757,-1.88524381081267
CATTATCTCGCACTCT-1,-11.321027672233745,1.3554982765515269
CATTATCTCGCATGGC-1,3.526275718269185,-0.6308279410998403
CATTATCTCGCCAGCA-1,1.662583673057393,-2.9586047307650625
CATTATCTCTTGACGA-1,-10.760340607109233,1.2375185116131724
CATTCGCAGAGTAAGG-1,-11.75886050457017,-0.6083170549075185
CATTCGCAGATGTTAG-1,3.1958766818617144,1.0272144301732005
CATTCGCAGCCCTAAT-1,-9.942465698661968,3.1311796530087412
CATTCGCAGCTAAACA-1,-1.83963934177415,3.401633344491285
CATTCGCAGGAGTAGA-1,2.010830962714986,-1.6005616561572134
CATTCGCAGGAGTTGC-1,2.4200735927198687,-0.5755986944834768
CATTCGCAGGTGATAT-1,5.056277358589009,0.7391911967595042
CATTCGCAGTGAACGC-1,0.9440685153578081,-0.8233306781451284
CATTCGCAGTGTTAGA-1,2.620805347022847,-1.4299514667193471
CATTCGCAGTTCCACA-1,4.247454249915913,1.419511638482374
CATTCGCCAAACAACA-1,0.5298238635633745,2.5267094000180186
CATTCGCCAAGTTGTC-1,-1.9981295227433882,3.5935970171292246
CATTCGCCAATAACGA-1,-12.01339331859605,-0.13641332844896897
CATTCGCCACAGCCCA-1,3.321448886451558,0.7226422055561961
CATTCGCCACCAGGTC-1,2.028755033073262,-1.0857624189059316
CATTCGCCAGCATACT-1,1.9571572185133257,0.39365785559014693
CATTCGCCAGGAACGT-1,3.1332460284803667,-1.2904688493411123
CATTCGCCAGTACACT-1,1.8816250205610552,-1.0777877942721426
CATTCGCGTAAGTGGC-1,1.6483040690992632,0.8454756363232554
CATTCGCGTAGCAAAT-1,-1.0085096418287,-1.2720839158694326
CATTCGCGTAGCACGA-1,-11.050172722282573,2.1212552412350596
CATTCGCGTAGGGACT-1,2.259481513557271,2.777076087792677
CATTCGCGTCAAAGCG-1,5.295483672675923,0.4029505475361766
CATTCGCGTCCCGACA-1,6.3221903682325635,0.9635252579052866
CATTCGCGTCCTGCTT-1,1.506647908744649,0.36934693892793075
CATTCGCGTCGCATAT-1,5.451708400306538,-0.08929220596953019
CATTCGCGTGCAACGA-1,4.051631534156636,-3.106688894430834
CATTCGCGTTACCGAT-1,2.295534455833272,-3.0958637372653066
CATTCGCGTTATCACG-1,2.130608165321187,-0.4184893743197499
CATTCGCTCAGAGCTT-1,4.236414992866353,1.1288921459515513
CATTCGCTCAGAGGTG-1,0.8153682590101519,0.25138757367925063
CATTCGCTCATGTCTT-1,1.8825362563703814,2.4048262461026133
CATTCGCTCCGCATAA-1,0.43350406890852833,1.1380542143185557
CATTCGCTCTAACGGT-1,-0.5228856562997541,1.3308791740734995
CATTCGCTCTCACATT-1,-0.30967310661332226,1.6099016292889536
CATTCGCTCTGGTTCC-1,1.394521796760396,-3.1851185933749258
CATTCGCTCTTATCTG-1,-3.610212957801982,-0.2811794356505452
CATTCGCTCTTGTATC-1,-1.8820731400872908,3.573134742577833
CCAATCCAGACACTAA-1,6.7020731807325635,0.06078037237123862
CCAATCCAGGTGCACA-1,1.068737113532857,2.5828963144619883
CCAATCCAGTACACCT-1,-1.3209519445325575,3.4271841867764414
CCAATCCAGTCCATAC-1,1.4502051711653032,-0.3542688564459859
CCAATCCAGTGGGCTA-1,2.0616579890821733,-3.87985936562224
CCAATCCCAAACAACA-1,2.788950049934224,1.3097923620541514
CCAATCCCAAAGCGGT-1,-11.42590323680894,-1.5721140281359731
CCAATCCCAATCGGTT-1,1.8582163692091265,-0.8456687704722463
CCAATCCCAATTCCTT-1,3.0910168529127398,-3.5228284970919668
CCAATCCCACGCCAGT-1,2.274623000678853,1.737027965386671
CCAATCCCACGGTAGA-1,4.810484969672993,1.049221180280012
CCAATCCCAGCTCGCA-1,1.1449745536421099,-3.201321281592089
CCAATCCCATCACGTA-1,1.6205898166273394,3.1884473188717783
CCAATCCGTAAGTAGT-1,5.451495254096821,-2.6982688085238515
CCAATCCGTCCCTACT-1,-2.1454998611833296,3.6658316477139414
CCAATCCGTGTAAGTA-1,5.332603061256245,-2.4441908971468984
CCAATCCGTTGTGGCC-1,3.7971950412367144,2.3370946272213877
CCAATCCTCAGCGACC-1,1.562812173423604,1.217441521485609
CCAATCCTCATGCAAC-1,4.146791064796284,-2.502710498968798
CCAATCCTCCAAATGC-1,4.656596267280415,-0.184316165844637
CCAATCCTCCAGTAGT-1,3.784937465247945,-2.5459858552615224
CCAATCCTCCTTTCTC-1,2.9461942554090776,-3.3951114789645254
CCAATCCTCGCGGATC-1,3.4107647777174273,-0.6434472576777517
CCAATCCTCGCTTAGA-1,-2.9967779278184614,1.027512811024946
CCAATCCTCGGCTACG-1,-12.425146019401714,0.5583428665001811
CCAATCCTCGTTGACA-1,0.8266020656202593,1.6308121307690562
CCAATCCTCTCCCTGA-1,4.1628557086561475,-0.48287246386213883
CCAATCCTCTCGCTTG-1,6.188775146064595,-0.933721341292101
CCAATCCTCTGCTGCT-1,3.3890953899000444,-3.1318883077303945
CCACCTAAGACAATAC-1,5.138833129463032,0.348812855680746
CCACCTAAGAGTTGGC-1,-11.477276718559429,1.6917265280087412
CCACCTAAGATCCGAG-1,1.913724267539815,1.6955098732312144
CCACCTAAGATCGGGT-1,0.11618765598280811,2.9521175249417246
CCACCTAAGCTAAGAT-1,4.854886615333394,0.7966254576046885
CCACCTAAGCTATGCT-1,5.352075183448628,-1.65054503838225
CCACCTAAGGACATTA-1,2.302771413383321,-0.03941769162817582
CCACCTAAGTGGGTTG-1,1.8115604758833208,0.9215998872120799
CCACCTAAGTTCGCGC-1,-0.3515223025705061,-6.98050085465117
CCACCTACAGTACACT-1,-0.3660944461251936,0.9722449405987681
CCACCTACATACAGCT-1,-11.641451752128765,-0.23492241660757646
CCACCTACATCCGCGA-1,0.9495530963514605,2.696364246209425
CCACCTACATGGGAAC-1,-0.8767264842416487,0.753718398412031
CCACCTACATTAGGCT-1,5.224138343391255,-1.0349086896578847
CCACCTAGTAACGCGA-1,-12.061880028190776,-0.5254304782549917
CCACCTAGTACGCTGC-1,-1.0263979195977888,0.3761321230729045
CCACCTAGTCACTGGC-1,3.19065006977065,-1.3147851602236806
CCACCTAGTCTCCACT-1,2.7246366382215776,-1.483721889654833
CCACCTAGTCTTGCGG-1,4.288864219245747,-0.8521912471453725
CCACCTAGTTACAGAA-1,6.794875228462056,-0.011525206367212382
CCACCTAGTTCGAATC-1,-11.67962638134019,0.5098958237965525
CCACCTATCAAGGCTT-1,5.179286086616353,0.7381200416882456
CCACCTATCATCTGCC-1,-11.803688919487163,-1.2197209970156728
CCACCTATCCAGAGGA-1,4.653205955085591,0.8055486305554331
CCACCTATCCCGGATG-1,2.8963070750807085,-1.7514969484011709
CCACCTATCCCTCTTT-1,-2.5005307554628096,0.3245316966374339
CCACCTATCGGCGGTT-1,3.7186146617506304,2.1361852510769785
CCACCTATCGGTCCGA-1,5.855979526099995,-1.8726187125842153
CCACCTATCTCGTATT-1,2.7681594729994097,1.4415853842099131
CCACCTATCTGAGGGA-1,-12.51039210552232,1.007292173703474
CCACGGAAGAAAGTGG-1,6.634721362647847,0.6211902125676096
CCACGGAAGAAGATTC-1,5.4262247920606885,0.23817444582776442
CCACGGAAGATAGTCA-1,-0.5566850661660872,0.9828215463955821
CCACGGAAGCTATGCT-1,2.723466002998189,-1.6138847247759878
CCACGGAAGGGTTTCT-1,2.911947333869771,0.3798066302140178
CCACGGAAGTACCGGA-1,4.591272437629536,-1.5019858256976186
CCACGGAAGTGAAGTT-1,4.903783404884175,1.0479470117886485
CCACGGACAAAGAATC-1,3.3856936336134233,-1.6247402803103506
CCACGGACACCGCTAG-1,1.8933356643293657,2.484490714867872
CCACGGACACGGTGTC-1,0.7610972762678423,2.57784327109651
CCACGGACACTAGTAC-1,-10.645378982963726,2.941655479272169
CCACGGACACTGTGTA-1,4.508081042823628,1.3741160257656992
CCACGGACACTTCTGC-1,2.2138830066297808,2.256481729348463
CCACGGACAGTGGAGT-1,-11.724965965690776,1.623817287286085
CCACGGACATAGGATA-1,-3.913123762550517,0.05007764687137023
CCACGGACATGCCACG-1,2.5219784617994585,2.3283005579312266
CCACGGACATGCCCGA-1,3.752018535194234,0.04632390280560866
CCACGGAGTAAGTAGT-1,-10.331539070549175,-0.27897698442144975
CCACGGAGTCAGAGGT-1,2.017869317588643,-1.1094485894839345
CCACGGAGTCTCAACA-1,-9.980751907768413,0.53482934077577
CCACGGAGTCTCTCGT-1,2.5708864570234575,1.5190449579556407
CCACGGAGTGAGCGAT-1,-0.10153547519700146,2.131105981667799
CCACGGAGTGATGTCT-1,4.108243548927144,-1.7708006278674184
CCACGGAGTTAAAGAC-1,4.09610375171645,0.3520925565560283
CCACGGAGTTCACCTC-1,4.599176967201069,-2.475519813696581
CCACGGATCAAACAAG-1,1.1615889907453814,1.8512359484036387
CCACGGATCACCGGGT-1,3.932565295753316,2.0003231390316905
CCACGGATCACCTCGT-1,6.403602206764058,-0.6860105768839895
CCACGGATCACGACTA-1,-0.6122566222573957,1.524091683228773
CCACGGATCACTCTTA-1,1.4037536025617876,-3.1164061204592763
CCACGGATCATAAAGG-1,0.08773144489272022,1.3059476240475596
CCACGGATCTTAGCCC-1,-3.3863250374223433,0.09873264296287015
CCACGGATCTTCTGGC-1,-3.46901527637498,-0.45307657877607926
CCACGGATCTTGTCAT-1,-1.8987155913736067,3.22225245078401
CCACTACAGAGGTAGA-1,-2.6968827604676924,1.862294398148817
CCACTACAGATCACGG-1,2.3678203464124956,2.4929796083767832
CCACTACAGCGACGTA-1,-0.6722188352967939,0.6583935244877757
CCACTACAGCGTGTCC-1,3.4252301097486773,-0.00568327317638978
CCACTACAGCTTCGCG-1,-10.952497398796245,1.041821859677595
CCACTACAGGCTCATT-1,5.502952182349995,-1.9925879613558828
CCACTACAGGGCACTA-1,3.5471249461744585,0.08822333243982211
CCACTACAGTACGACG-1,-10.620955383720561,-0.6050678865115224
CCACTACAGTCACGCC-1,-0.6594456195260725,1.1658587082226695
CCACTACCAAACAACA-1,1.5352621913526812,1.3234252556164683
CCACTACCACAAGTAA-1,0.24063965087874317,0.038479067285818014
CCACTACCACAGCGTC-1,6.058189475593403,0.4498774035771312
CCACTACCACTTCTGC-1,3.554530227241353,0.05057077844933883
CCACTACCAGGCTGAA-1,-0.28928617233292675,-6.908889450232225
CCACTACGTAACGTTC-1,3.902728164253072,-2.615039505163866
CCACTACGTAATTGGA-1,4.139443481025532,-2.046468414465624
CCACTACGTACTCGCG-1,2.786367023048238,-1.7522275821368276
CCACTACGTTGCTCCT-1,4.334543311652974,-1.6006374732653676
CCACTACGTTGGACCC-1,1.4158414245222368,0.742901109059614
CCACTACGTTGTACAC-1,-12.471367752494976,0.9952208622296275
CCACTACTCAATAAGG-1,-2.9937179445649824,-0.15585953752203568
CCACTACTCACCGGGT-1,-1.3848125025059423,3.672549091180128
CCACTACTCACGAAGG-1,1.4384218097303667,1.9203155859311045
CCACTACTCGAATGCT-1,5.884582126197651,-1.1746449844042837
CCACTACTCGTGGACC-1,-12.237258827629253,2.4048801287014903
CCACTACTCTAACGGT-1,0.26857849365218067,3.5411222799618662
CCACTACTCTCCAGGG-1,-3.7002622246171675,0.6078843696911753
CCACTACTCTCTTATG-1,-11.079254066887065,2.2682321890194834
CCACTACTCTTAACCT-1,4.846480453071431,0.7727278693516673
CCACTACTCTTGTATC-1,2.67929753070815,-3.333606161276537
CCAGCGAAGACTAAGT-1,2.6252146602247515,-3.7389907018343984
CCAGCGAAGAGGACGG-1,3.581194961128072,-1.766526974837023
CCAGCGAAGCTAAGAT-1,3.3775292277906694,2.069148860772413
CCAGCGAAGCTTTGGT-1,2.6168175578687944,0.9682458861668528
CCAGCGAAGGTTCCTA-1,0.7099362254713335,3.1874106748898448
CCAGCGAAGTTCGCGC-1,-2.9910334705735884,1.1060827596981944
CCAGCGACAAGACGTG-1,3.476012790260152,-3.4982093946139394
CCAGCGACACCAGATT-1,-3.825505173149272,-0.19698107997580155
CCAGCGACATATACGC-1,4.48820694690688,-1.9045220987002431
CCAGCGAGTACCAGTT-1,5.385849082526997,-1.711077846686083
CCAGCGAGTCCGAAGA-1,4.491579139289692,-0.05694430331392869
CCAGCGAGTGGTCCGT-1,-11.409479057731792,0.8980400784810008
CCAGCGAGTTTGTTGG-1,2.817373836097554,-2.561727680365282
CCAGCGATCACGAAGG-1,-10.897799408378765,2.9371729715664805
CCAGCGATCACTGGGC-1,4.049567782935933,-1.7244786397616445
CCAGCGATCCAGAGGA-1,-10.929821884575054,0.1429891995091857
CCAGCGATCCCTGACT-1,3.7678891063307085,0.2673842235405864
CCAGCGATCCCTTGCA-1,0.5977564693067827,1.5046805961926402
CCAGCGATCGGAAACG-1,4.901798331794575,-2.734832443396288
CCAGCGATCTTGTTTG-1,4.646287524757222,-3.4948789254824697
CCATGTCAGAGGTTAT-1,1.1951166034315386,-3.5620779172579824
CCATGTCAGCACCGCT-1,-0.6775809287454329,1.4648744686444224
CCATGTCAGCGTGAGT-1,0.6113335729215899,-0.5182249323527395
CCATGTCAGCTTATCG-1,1.3366785884474077,-1.081860818068224
CCATGTCAGTCCTCCT-1,-12.75725547069566,1.350568734010023
CCATGTCAGTCGTTTG-1,1.8080595374677935,-0.30293352166815385
CCATGTCAGTCTCCTC-1,-11.757211601677104,-0.5724368468920766
CCATGTCCAAACAACA-1,3.324880206641988,-3.0676607267062246
CCATGTCCAATCCAAC-1,5.51134976154311,-0.5797608272234975
CCATGTCCAGGTCTCG-1,-0.11480871433274364,0.810064993699354
CCATGTCCATACGCTA-1,4.405801856574849,1.9529302938778819
CCATGTCGTAAAGTCA-1,0.02857896095259571,2.602368198235792
CCATGTCGTAGGGACT-1,2.0887714267347612,2.944416366418165
CCATGTCGTAGTAGTA-1,-12.59647551769273,0.9145799501736582
CCATGTCGTATCGCAT-1,0.38805993801100636,2.3756595476468028
CCATGTCGTCCGACGT-1,-3.8813180088426313,0.5689397378762187
CCATGTCGTGAAGGCT-1,4.344168269691304,-2.0392603055636465
CCATGTCGTGGTTTCA-1,3.48862894779189,1.9856317861874522
CCATGTCGTTCCTCCA-1,4.144203269538716,1.749480686982435
CCATGTCTCCTCCTAG-1,1.0937767863844194,-2.2025925294558584
CCATGTCTCGATCCCT-1,5.334158980903462,0.6579480989773692
CCATGTCTCGGAAATA-1,3.885854804572896,1.764689884980482
CCATGTCTCTTGTATC-1,5.259759986457661,-0.23927236358328446
CCATTCGAGATCTGAA-1,4.9649420619581495,-2.2722415105502187
CCATTCGAGCAGCGTA-1,1.2629166484449663,-0.01720460514231309
CCATTCGAGCTAGTCT-1,-10.924762642326519,0.9624465926487864
CCATTCGAGGCCGAAT-1,-3.458271181526347,-0.2956907824675618
CCATTCGAGGGAAACA-1,-0.41538313621537304,-0.3021789566676198
CCATTCGCAAGTAGTA-1,0.9549804568861284,-2.7991451398531972
CCATTCGCACAGCGTC-1,-12.931220924797222,0.7456395252545298
CCATTCGCAGGGTTAG-1,-11.01255217784898,2.5120368822415293
CCATTCGCAGTAACGG-1,-11.648401176872417,0.964497469266218
CCATTCGCAGTCAGCC-1,4.948770606574849,-3.1472272054354726
CCATTCGCATGGGAAC-1,4.470945918617085,-0.7707177774111806
CCATTCGGTAGGCTGA-1,4.9569135547254835,-2.7770043985049306
CCATTCGGTATTCGTG-1,-0.613025343361064,0.9907580836613596
CCATTCGGTCAGCTAT-1,3.4843736529920855,0.73567881425218
CCATTCGGTGCCTGCA-1,6.52270516162856,0.5545907243092478
CCATTCGGTTCCATGA-1,4.484256351051167,-0.9080639259020864
CCATTCGGTTCGGCAC-1,1.6137245536421099,1.600879751046461
CCATTCGGTTTGTTGG-1,2.7589684367750444,-2.2191774026553213
CCATTCGTCAGGTTCA-1,-12.632024681511089,1.6603766306240977
CCATTCGTCATGTGGT-1,2.7375861049269,-0.4519316331545888
CCATTCGTCATTATCC-1,-11.73839274639146,1.7124598844845713
CCATTCGTCGCCGTGA-1,3.2754736781690874,0.8317260964711131
CCATTCGTCGGACAAG-1,0.5804682612989702,0.24125369628266707
CCATTCGTCTGACCTC-1,4.687918746528462,-1.6586137191454946
CCATTCGTCTTACCGC-1,3.1179371715162554,-2.402580179373461
CCATTCGTCTTCCTTC-1,0.08954199558241749,-0.17781708399458512
CCCAATCAGAGTGACC-1,-0.20442167514817333,2.3896058424313487
CCCAATCAGCCACGCT-1,2.6879092097852983,2.1318941934903086
CCCAATCAGGCAGTCA-1,4.631438338813618,-0.25090155760450944
CCCAATCAGGCTAGGT-1,5.058351123390034,0.08832203586892501
CCCAATCAGTCTCGGC-1,3.3488689303968706,0.5673881693680705
CCCAATCAGTTAGCGG-1,6.124207580146626,0.17998168607549087
CCCAATCCAATGAATG-1,-12.573257362785503,1.2441416605313242
CCCAATCCACAGGTTT-1,3.5762430072401323,2.0365814789135874
CCCAATCCACGGTAAG-1,-12.579004204216167,0.1252984925110759
CCCAATCCAGATTGCT-1,3.4663992763136187,2.3137405737240733
CCCAATCCAGCAGTTT-1,-1.7469465791608534,3.700867257912916
CCCAATCCAGTAAGAT-1,5.359326922950581,0.757154963811201
CCCAATCCATCGGACC-1,0.304795348701314,0.297748722036642
CCCAATCCATGGGAAC-1,-0.9605870901967726,-1.1880060807864248
CCCAATCGTAAGAGAG-1,-11.177158272209331,0.7338192089398325
CCCAATCGTAAGTTCC-1,3.6245661616895952,-1.4004910365740835
CCCAATCGTGGTCCGT-1,0.6565780282591143,-2.144162573019701
CCCAATCGTTCTGGTA-1,-9.9660271763231,3.3176542147000254
CCCAATCTCATGGTCA-1,4.8890496135328565,-2.378671325842577
CCCAATCTCATGTGGT-1,-2.0663436412240705,3.7563522680600108
CCCAATCTCCAAACTG-1,-1.9275638222123823,-6.915203727881151
CCCAATCTCCGGGTGT-1,-12.516695892753765,-0.53058175007506
CCCAATCTCCGTACAA-1,-12.018012916984722,-0.7488311902682363
CCCAATCTCCTTAATC-1,6.655116641578511,0.20334115614489928
CCCAATCTCGAGAGCA-1,6.497315013465718,-0.6470181123416006
CCCAATCTCGATGAGG-1,3.8896871448133745,-0.7705784217516958
CCCAATCTCGTTACAG-1,-10.385420715751811,2.1933542116482676
CCCAGTTAGAAGGCCT-1,-1.7013337969209394,-7.060612835089403
CCCAGTTCAAGCCCAC-1,2.1773169875715532,-1.6404174939791738
CCCAGTTCAAGCCGCT-1,1.816176259574727,-3.3524736539523183
CCCAGTTCAATCCGAT-1,1.1660748363111773,-3.9935046807925283
CCCAGTTCACATGACT-1,-1.3982358708407125,-1.0950614587466299
CCCAGTTCACCGTTGG-1,2.6212988734815874,-0.24042869369192704
CCCAGTTCACGGATAG-1,3.8674980044935503,0.14788166051105872
CCCAGTTCAGTTAACC-1,-12.727182304802104,0.3784108086426677
CCCAGTTCATCCAACA-1,-1.028752243461772,3.0968852861721934
CCCAGTTCATGAACCT-1,4.529239261207417,-1.7450818196932851
CCCAGTTCATGCCTAA-1,0.929734313545064,0.7061519845326365
CCCAGTTGTACCTACA-1,2.3224166274641314,-1.6008872167269765
CCCAGTTGTAGCCTCG-1,0.21354326015456104,3.005194984277052
CCCAGTTGTAGTGAAT-1,4.677110278663472,1.8858360870678843
CCCAGTTGTCAGAAGC-1,2.329634511527852,-0.4124302641551076
CCCAGTTGTCTCCATC-1,-12.522746002617046,0.8731673582394541
CCCAGTTGTCTGCAAT-1,3.4491558909986773,-3.25334683815642
CCCAGTTGTGAACCTT-1,-0.42164424652115917,1.1784950121243418
CCCAGTTGTTAGTGGG-1,-9.782272255363628,0.545613877375883
CCCAGTTGTTCTCATT-1,5.308871352729634,-1.0179736987750112
CCCAGTTTCACCAGGC-1,-1.8855215072061262,-0.04194002608461961
CCCAGTTTCAGAGCTT-1,-12.523886597099468,0.1446398272116603
CCCAGTTTCCACGTGG-1,2.935340488014058,0.8114010914166392
CCCAGTTTCGCCAAAT-1,4.755274379310444,1.8188604935009898
CCCAGTTTCTTGTTTG-1,-0.553165233078166,0.5765337272484721
CCCATACAGAGGTAGA-1,0.20681341892226124,3.1970771177609385
CCCATACAGATCCGAG-1,1.258159959373311,2.726528249581617
CCCATACCAATGAAAC-1,-12.390562927665874,-0.0628152714173375
CCCATACCACATAACC-1,0.8337984920118608,2.171504102547926
CCCATACCACATCTTT-1,-10.724234497490093,3.1679697855313242
CCCATACCACCAGGTC-1,2.867297256049947,-0.10642591873808488
CCCATACCAGGGCATA-1,0.7056034446333208,2.9820786341031016
CCCATACCAGTAAGAT-1,-10.564533150139019,2.9601994379361094
CCCATACCATCCGCGA-1,-3.489189302864238,0.5108634157975138
CCCATACCATGGTCAT-1,-1.9326951860810957,-6.928110279242235
CCCATACCATGGTTGT-1,3.4815688968275347,1.8134179933865489
CCCATACGTCAAAGAT-1,-10.886127388420269,2.9797983988125742
CCCATACGTCGGCTCA-1,-10.89066210979478,2.344632707436842
CCCATACGTGGTCCGT-1,1.3924013019178667,2.7347823007901133
CCCATACGTTGTGGCC-1,3.7714758754347124,-0.036536656419473734
CCCATACTCACGATGT-1,1.8210175872419634,1.319437347253126
CCCATACTCCACGTTC-1,-12.071761047783061,2.8281782492001475
CCCATACTCCAGGGCT-1,-10.609220421257183,2.9199989660580576
CCCATACTCCCTTGCA-1,2.0909784675215044,2.8775044306118907
CCCATACTCCTCCTAG-1,2.0518463492964067,-0.8664957658450185
CCCATACTCGCTAGCG-1,1.7891360164259233,-0.21002767244978532
CCCATACTCGGTGTCG-1,-12.328964149894878,0.8612907155354441
CCCATACTCTATGTGG-1,-0.13740137809769726,-6.979307808081346
CCCTCCTAGACTCGGA-1,0.18548818832381153,1.1863941772778452
CCCTCCTAGAGCTGGT-1,-12.242456352653667,2.005002580483717
CCCTCCTAGAGGTAGA-1,4.400734508094624,-0.04427703479929551
CCCTCCTAGATGTGGC-1,2.70269783740981,-1.6592179910342275
CCCTCCTAGCCGATTT-1,-12.44169799083726,0.08571964864925757
CCCTCCTAGCTAACTC-1,-0.31312373870865917,1.932451091607374
CCCTCCTAGTACGTTC-1,0.026444399413899422,3.4749890192349375
CCCTCCTAGTCAAGGC-1,-11.97258177989976,0.7217679246266306
CCCTCCTAGTCCAGGA-1,-0.9839513062860212,0.15831043561295882
CCCTCCTAGTGATCGG-1,1.450061404762105,-2.4185537473361074
CCCTCCTCAAACTGTC-1,-12.95429793590562,1.4422282799084605
CCCTCCTCAAGGACTG-1,0.4255152583692827,3.483732066949171
CCCTCCTCACAACGTT-1,-12.549644386711284,-0.1259764955441533
CCCTCCTCACAGCGTC-1,-0.5364599584962568,1.6548797710736216
CCCTCCTCAGACGTAG-1,0.4995851159666338,2.865699134667677
CCCTCCTCAGAGTGTG-1,2.375703895149068,0.014925010402959737
CCCTCCTCAGCTTCGG-1,-12.781460678520366,0.15581914400057212
CCCTCCTCAGGCGATA-1,5.62838085895522,-1.30911699692412
CCCTCCTCAGGTGGAT-1,-12.038796341362163,0.8855515940983714
CCCTCCTCATCCTAGA-1,5.609829032478169,-2.128802932898241
CCCTCCTCATCTATGG-1,-2.1586562156106672,3.016426406701368
CCCTCCTCATTGGGCC-1,2.8994732738111773,2.331275544961256
CCCTCCTGTAAGAGGA-1,-1.006722783985301,1.0105441435177744
CCCTCCTGTAAGTAGT-1,-0.14316753143326855,-1.143316902319628
CCCTCCTGTCAGAAGC-1,-0.5516349434282026,-6.999259151617723
CCCTCCTGTCAGAGGT-1,4.414494597968892,0.4897619112332286
CCCTCCTGTCATCCCT-1,4.111211860236958,-2.6581377164523183
CCCTCCTGTTAGTGGG-1,-11.11674967998521,1.9700053556759776
CCCTCCTTCAACACCA-1,5.8047343135450635,-1.0199828521411
CCCTCCTTCAGCACAT-1,6.667937362251118,0.5527144893010081
CCCTCCTTCATGTCCC-1,6.5185380817030225,0.517081402142805
CCCTCCTTCCGCATAA-1,4.951219165382222,-2.0711583272616445
CCCTCCTTCCGCTGTT-1,-12.415728485527202,1.7206414564450205
CCCTCCTTCGGTCCGA-1,4.28710659748061,-2.461260952154833
CCCTCCTTCTACCTGC-1,1.7758961558912554,-2.5415252820651113
CCGGGATAGACAGACC-1,-3.1206269621278486,0.10368802516562209
CCGGGATAGACTGGGT-1,3.6120663524244585,0.45209460695580855
CCGGGATAGATATGCA-1,4.835835540351704,-2.091092266241747
CCGGGATAGGATGCGT-1,5.5559550166700635,-0.5775144473712026
CCGGGATAGTACCGGA-1,4.9015689731214795,-2.8115102426211416
CCGGGATAGTCCGGTC-1,-0.28693798774735546,2.347393356164259
CCGGGATCAAACGTGG-1,1.6473415732954302,-2.099920667807299
CCGGGATCACCTTGTC-1,3.7424350619886675,0.03578139831618682
CCGGGATCAGTATAAG-1,4.377957427558735,-0.0966779367129384
CCGGGATCATATACCG-1,2.609302127418355,0.564210228522581
CCGGGATCATCCTTGC-1,5.308461749610737,-0.5217649118105947
CCGGGATCATGGTAGG-1,3.1788760066602983,-2.6373111383120595
CCGGGATGTATAAACG-1,3.9993739963148394,0.19530355920390502
CCGGGATGTCAACTGT-1,-3.2450373529817305,0.8964132293065012
CCGGGATGTCAGAGGT-1,2.411337459144429,-2.608003772894579
CCGGGATGTCTAGAGG-1,-0.46240607494370556,1.0825025065739573
CCGGGATTCATTTGGG-1,2.130309665260152,2.3800962789853037
CCGGGATTCCAAACTG-1,3.951592052039937,-1.3454933540026723
CCGGGATTCCTCAACC-1,2.0556600928877153,-1.5031649247805654
CCGGGATTCGAATGGG-1,3.4051242709730425,-3.2364820615450918
CCGGGATTCGGGAGTA-1,-4.017782843055889,-0.2639006749789296
CCGGGATTCTACCTGC-1,1.5861171126936235,-0.336962170998293
CCGGTAGAGAGGTTAT-1,2.4139808059309282,-1.155556000868517
CCGGTAGAGCTCCCAG-1,1.5588787437055864,2.3087366445858897
CCGGTAGAGCTGAACG-1,2.596076333579854,1.2457171305020274
CCGGTAGAGTTGTCGT-1,0.9765964389417925,-1.1138093845049917
CCGGTAGCAAGTTAAG-1,-12.272849953117534,-0.048433907429414835
CCGGTAGCACACAGAG-1,5.572114551124409,-0.6935985461871206
CCGGTAGCACGAAATA-1,4.4967227817152295,0.9435774906475962
CCGGTAGCAGCTGTTA-1,4.301927173194722,0.5381923838456095
CCGGTAGCATTAGGCT-1,-10.843024170341655,1.470362149079603
CCGGTAGGTAAACGCG-1,4.476748073158101,-3.371412195364672
CCGGTAGGTAACGTTC-1,5.294424617347554,-1.3471389190356313
CCGGTAGGTAATTGGA-1,-11.327982819023296,1.3684347494442881
CCGGTAGGTAGGACAC-1,-3.239583527984782,1.0607421024640025
CCGGTAGGTCTGATTG-1,1.1126554847334185,-0.4886756912867604
CCGGTAGGTCTGGTCG-1,4.035280788001851,2.1926194055874766
CCGGTAGTCAAGGTAA-1,-1.8039061784173689,3.714891277154249
CCGGTAGTCCCAAGAT-1,2.4552055240248003,1.08542086919145
CCGGTAGTCGAGCCCA-1,2.659834945258931,-3.2502137796084463
CCGGTAGTCGCAGGCT-1,-3.2193820833589277,0.012467808922094259
CCGGTAGTCGCGATCG-1,-12.716268455925151,-0.33671552697821244
CCGGTAGTCTACTATC-1,6.329546535072163,0.6285484059651316
CCGGTAGTCTAGAGTC-1,0.9662266612623491,0.22193824489907638
CCGTACTAGAGTGACC-1,-0.02223006481186962,1.668106757005018
CCGTACTAGATCGATA-1,3.318235004005269,-1.6676153318087636
CCGTACTAGCCACTAT-1,-12.492219841423198,0.8720665200550974
CCGTACTAGCGACGTA-1,5.529760444221333,-2.640108265082079
CCGTACTAGCGTTTAC-1,3.6148577571485796,-2.3351587430636465
CCGTACTAGCTCCCAG-1,4.868680083808735,-2.168053068319994
CCGTACTAGCTTATCG-1,3.581031405982808,1.0331043227513255
CCGTACTAGGCCCGTT-1,-2.0346732496644697,2.565554223855299
CCGTACTAGGTAGCTG-1,4.2084723353956495,0.9557075723011912
CCGTACTAGTGAACAT-1,-11.827866470756694,1.3101014717419566
CCGTACTAGTGTACCT-1,1.0138836742018023,2.1395390852292002
CCGTACTCAAGACACG-1,-0.8943630515958509,1.0509944780667246
CCGTACTCAAGAGGCT-1,3.3169804454420366,2.0598889215786875
CCGTACTCAAGCCTAT-1,-1.7656560003186903,3.442432247002882
CCGTACTCAATGAAAC-1,4.6177249789808545,-3.1893977300326406
CCGTACTCACGCCAGT-1,1.095120990333394,-0.4985276238123952
CCGTACTCACTCGACG-1,0.4074779391859331,1.9312389715512217
CCGTACTCAGTAAGCG-1,4.601531112251118,-0.8449670449893056
CCGTACTCAGTACACT-1,3.5322318912123003,-0.8472274915377676
CCGTACTCATGGTCTA-1,4.794690692481831,-0.10450208942099198
CCGTACTGTAACGACG-1,-1.9866493105317793,3.65747555335359
CCGTACTGTCCCTACT-1,-3.356436169090434,-0.578936733404833
CCGTACTGTGAAATCA-1,4.688540065345601,0.9676543696721018
CCGTACTGTGCCTGGT-1,-0.7645999550248823,1.8669854029019297
CCGTACTGTGTTTGTG-1,-3.3302337288285933,0.9354719742138804
CCGTACTTCAAACAAG-1,-0.2833642124559126,2.3837631567318858
CCGTACTTCAGCCTAA-1,4.538992011604146,0.21210728575782195
CCGTACTTCCCAACGG-1,3.5124593616102495,-2.0301095620791494
CCGTACTTCCCAGGTG-1,-2.6659907459642134,0.08591834818319694
CCGTACTTCCCTCTTT-1,2.7846899867628374,-0.5125645176569997
CCGTACTTCCTGCCAT-1,6.66412361865981,0.24287910004453078
CCGTACTTCGTTACAG-1,-11.098475372734233,-2.1610466615359365
CCGTGGAAGAAACCTA-1,4.551683032569722,1.2359959705670298
CCGTGGAAGAAGGACA-1,-1.9490312098886213,-6.931862510840135
CCGTGGAAGCACCGCT-1,-0.2700412630464277,-6.945544876257616
CCGTGGAAGGGTGTTG-1,1.7590556979749956,-3.8164090291659414
CCGTGGAAGTCAATAG-1,-11.791417038383647,1.2035712822277964
CCGTGGACAAACGTGG-1,-0.20642856353776073,1.821050010522169
CCGTGGACAATTGCTG-1,-0.22357574695603466,1.7254354580243052
CCGTGGACACAGGCCT-1,4.272527778205708,1.0111983044941844
CCGTGGACACCAACCG-1,-0.38106898063675976,1.5255782230694712
CCGTGGACACGACTCG-1,4.274833762702778,-0.6036310569445669
CCGTGGACAGACACTT-1,-12.338800346794292,2.3994115217526377
CCGTGGACAGATCGGA-1,1.920431220588521,-0.3583343700568257
CCGTGGACAGATGAGC-1,5.566373431739644,-1.0289546624819814
CCGTGGACAGGTCCAC-1,0.07373019462569141,1.3935979231198252
CCGTGGACATACGCTA-1,3.0140252948377886,1.3044832571347178
CCGTGGAGTAAGGATT-1,-12.490798866691753,1.3287304266293467
CCGTGGAGTATCACCA-1,3.836257064399556,-2.3463567868868886
CCGTGGAGTCTTCAAG-1,6.756173217353657,0.10870214867712275
CCGTGGAGTGCAGACA-1,1.4148779750440874,1.9539128168423594
CCGTGGAGTTAGTGGG-1,-1.580739593448802,-7.094449199835497
CCGTGGAGTTCACCTC-1,1.2852989078138628,-3.950074829260546
CCGTGGATCACATACG-1,3.20249613529189,0.9596801026661814
CCGTGGATCAGGCCCA-1,-0.874435460510417,1.4499430282910288
CCGTGGATCATGTCCC-1,2.0964370608900347,0.28564857681588546
CCGTGGATCCCGGATG-1,-2.8973861097718916,1.3432322367031992
CCGTGGATCCTAGAAC-1,1.8173044562910357,0.014068342645925436
CCGTGGATCCTTAATC-1,-0.03544429534928417,1.5872112139065684
CCGTTCAAGACCACGA-1,-10.231867706718608,3.3131678922970713
CCGTTCAAGATGTGTA-1,1.1628409267042437,-2.1118780748049795
CCGTTCAAGCACAGGT-1,4.381046378669575,2.1937878950436533
CCGTTCAAGCCAGAAC-1,4.128614032325581,-1.7126328126589834
CCGTTCAAGCGTGTCC-1,-11.35283080333726,2.27549632628755
CCGTTCAAGGCTAGAC-1,-11.41650668376939,2.041089139779371
CCGTTCAAGGGTTCCC-1,2.5039099097822466,-0.13641988495989427
CCGTTCAAGGTAGCTG-1,1.531827533302144,-2.4449164048831045
CCGTTCAAGTAGTGCG-1,5.25468119388564,-2.276146568457323
CCGTTCAAGTATTGGA-1,-11.900522148552104,0.025710806151193533
CCGTTCACAACGCACC-1,1.0522335410688677,-3.414569057623583
CCGTTCACAACTGGCC-1,-1.5927940964128218,-7.064170517126756
CCGTTCACAATGGACG-1,2.105491960105733,2.1656437738736094
CCGTTCACACCACGTG-1,4.095318877754048,-2.042752660910326
CCGTTCACACCTGGTG-1,-11.106983101310894,0.8444724901516856
CCGTTCACACGGTGTC-1,6.490369880256489,-0.38218108574553117
CCGTTCACAGCCACCA-1,2.8917246699903765,0.2425285651286067
CCGTTCACAGCGAACA-1,3.068166816291646,-3.2419561521212636
CCGTTCACATCCTAGA-1,1.502779328880147,-2.463320173422533
CCGTTCACATTACGAC-1,-3.3354360222245893,0.21372202773885146
CCGTTCACATTAGGCT-1,0.7984405398939409,0.3854825719197215
CCGTTCACATTCACTT-1,0.08212908512099171,-2.1848296300570547
CCGTTCAGTAGGGACT-1,-0.1158469080354414,2.6011362894375742
CCGTTCAGTATTCGTG-1,-11.150214111747905,-1.9587222711245595
CCGTTCAGTCAAACTC-1,1.2450807929609575,-0.79082904020949
CCGTTCAGTCTTCAAG-1,2.77581795459731,0.8145091160138072
CCGTTCAGTGTGAAAT-1,5.63201626544936,-1.8053679839770376
CCGTTCAGTTGGGACA-1,-1.861908650341197,2.95846112807588
CCGTTCAGTTTAGGAA-1,-1.5072222262050352,-6.762373603979784
CCGTTCATCAGGATCT-1,-11.198544418754741,1.332270942529005
CCGTTCATCCCATTAT-1,1.5707696319196978,1.4435802324612559
CCGTTCATCCGCATCT-1,0.8117760062788286,-0.21350488821669206
CCGTTCATCCGGGTGT-1,0.6026531100843706,-0.03185094157858476
CCGTTCATCGAATGGG-1,5.1411624789808545,0.1227588335920991
CCGTTCATCGCCTGTT-1,-2.042523300590678,3.6050973757107676
CCGTTCATCTGCAGTA-1,2.879823768195943,-1.9355024472872793
CCGTTCATCTGTCCGT-1,4.6931291461561475,-1.7026451007525503
CCTAAAGAGACGCTTT-1,1.474607074317769,-0.7940162197749197
CCTAAAGAGATGCCTT-1,5.553486430702046,1.0775950177510203
CCTAAAGAGGGCACTA-1,1.3243435264204302,0.4963205083210887
CCTAAAGAGGGTTCCC-1,-3.6379756092454634,0.3183005376656474
CCTAAAGAGTAATCCC-1,4.330893123206929,0.35837324698762313
CCTAAAGAGTAGGTGC-1,1.089404904899434,3.2088807447750987
CCTAAAGAGTCATCCA-1,-0.5517784714128218,0.9223517402012766
CCTAAAGAGTTTGCGT-1,5.00953730350478,-0.3608380333582936
CCTAAAGCAAGCGATG-1,1.2241974711988726,0.7355960830052317
CCTAAAGCAGGTTTCA-1,-10.657620346489116,-0.7916946188609182
CCTAAAGCATGTTGAC-1,-10.45484439128892,-0.45902053276701554
CCTAAAGGTACTTAGC-1,-3.1890107750322065,0.6285761221249522
CCTAAAGGTATAATGG-1,-1.7913053094770155,3.5347758158047617
CCTAAAGGTATAGTAG-1,-2.0990495442773542,3.0575834139187754
CCTAAAGGTCTGCAAT-1,-0.6749139785196028,-1.5965890065829336
CCTAAAGGTGATAAGT-1,5.263036811408833,-0.2553531603018819
CCTAAAGGTTAGATGA-1,4.287347877082661,-1.832570709387499
CCTAAAGGTTTGCATG-1,3.5264922023390093,-0.8592864648501455
CCTAAAGTCATACGGT-1,-0.9860980867768965,0.7163425310452403
CCTAAAGTCCATGAAC-1,4.410025680122212,-2.0323256627718984
CCTACACAGACACTAA-1,3.0670224071119585,1.05366536219911
CCTACACAGCGTAATA-1,4.617679679450825,0.5069150849183024
CCTACACAGCTAAACA-1,-10.94587794536607,0.20052537312106505
CCTACACAGGCCCTTG-1,1.4325314403150835,2.6044939382870615
CCTACACAGTCCCACG-1,-3.667952454033061,0.10258551880791128
CCTACACAGTGATCGG-1,4.275540435371235,1.130625091393751
CCTACACAGTGCAAGC-1,-12.909296905937358,1.5280824526150645
CCTACACAGTTGTAGA-1,0.4773511529539385,2.6332364900906504
CCTACACCACAAGCCC-1,4.984160983619526,-2.210293926397997
CCTACACCAGTTCCCT-1,3.0333991885755816,-1.9322446958224355
CCTACACCATATACGC-1,-1.7940006315137587,3.4885063989956797
CCTACACCATCGATTG-1,0.169826710281209,1.930829964478773
CCTACACCATGGTTGT-1,-10.984786903801128,0.03625485291079894
CCTACACGTAAGTTCC-1,2.4127727389906206,0.25065394481019393
CCTACACGTATCACCA-1,3.446749293861226,1.7063427790005625
CCTACACGTCTCATCC-1,4.1201029658888135,1.8750614746411265
CCTACACGTCTGCGGT-1,1.2889030814741411,2.6058483942349375
CCTACACGTTCTGAAC-1,1.3965214133833208,-0.14179386953516587
CCTACACTCAGGTTCA-1,3.4905176997755327,-2.7731217519442617
CCTACACTCCCTCAGT-1,3.026385390815572,-3.314541734854418
CCTACACTCCGTTGCT-1,1.3372677207563677,-2.631152786413866
CCTACACTCCTTTCGG-1,2.072291219291524,-1.5855350867907583
CCTACACTCGCTTGTC-1,-4.019425547065898,-0.056882508198457804
CCTACACTCGTCTGAA-1,2.130058610496358,-0.33003000179930314
CCTACACTCTCAAACG-1,5.81337841754897,-1.3268878833453237
CCTACCAAGACAAGCC-1,4.4988237262342725,0.4260216279824199
CCTACCAAGTACATGA-1,1.7955144286726274,-3.1776856557528554
CCTACCAAGTATCGAA-1,2.1464379668806353,0.09307490186141149
CCTACCAAGTGAAGAG-1,1.6537328601454058,-3.2969271318118154
CCTACCAAGTGTACGG-1,-0.2251364349748335,2.9352458341916026
CCTACCACAGGATCGA-1,0.21511372333510304,0.714483402570051
CCTACCACAGGTTTCA-1,2.4644931197737017,-3.3558291570345937
CCTACCAGTAAATACG-1,4.191648089942769,-2.8875853196780263
CCTACCAGTAATTGGA-1,-12.570095932426616,2.3193825109799326
CCTACCAGTAGCTTGT-1,1.0651319861982622,2.7557431085904063
CCTACCAGTCGCATCG-1,-4.025201713981792,-0.04086966077490434
CCTACCAGTCTACCTC-1,3.608187282142476,-0.08737871805830583
CCTACCAGTCTCTTAT-1,-12.769694244804546,0.48756762584046737
CCTACCAGTGAGGCTA-1,-3.512986576500102,0.11503674731896535
CCTACCAGTGCACCAC-1,-1.4743003159190855,-6.899834312597948
CCTACCAGTGTTTGTG-1,3.1343584895704546,1.6572883947689951
CCTACCAGTTCCGGCA-1,-0.25378504985825634,1.1466542108853282
CCTACCAGTTCGGGCT-1,4.610835635719136,-3.3950456754366933
CCTACCAGTTCGTCTC-1,0.4883764625166216,-1.9366225377718984
CCTACCAGTTCTGAAC-1,4.392372214851216,-2.9703280107180654
CCTACCAGTTTCCACC-1,3.878603065070943,-1.9946838990847646
CCTACCAGTTTGACTG-1,-0.34667954439179516,2.466700635751051
CCTACCATCCGCGCAA-1,4.070105159339741,-2.531233467261034
CCTACCATCCGTTGTC-1,2.782576167640523,-1.679097570578295
CCTACCATCGTCTGCT-1,-11.526035225334331,2.438270650704664
CCTACCATCGTGACAT-1,4.019027793464497,2.1473973615963877
CCTACCATCGTTTATC-1,4.44241198307021,0.5461102946598948
CCTACCATCTGAGGGA-1,-1.1442107915307722,-1.2429821864764272
CCTACCATCTGTACGA-1,-2.091503536644145,3.724670968850416
CCTAGCTAGAGGTACC-1,4.295718753394917,-2.488046087423998
CCTAGCTAGAGTAAGG-1,2.8856135249708452,-1.5731916801135122
CCTAGCTAGCAAATCA-1,-12.58281413311021,0.7230751736958445
CCTAGCTAGCATGGCA-1,1.4024415851209917,-3.8560301438967763
CCTAGCTAGCGTAATA-1,1.648087823448018,-3.9010669366519033
CCTAGCTAGTAGGCCA-1,2.587242925224141,1.3383001907666148
CCTAGCTAGTGAACAT-1,1.7134929538343706,2.4228952749569834
CCTAGCTCAAGGCTCC-1,-0.2831290125276289,0.9917780979474009
CCTAGCTCAAGTCATC-1,1.924652183112935,1.7284271343548716
CCTAGCTCAGCCTTGG-1,-0.8272931932832441,1.323670826752943
CCTAGCTCATAAGACA-1,5.631787383613423,-2.1417683736483633
CCTAGCTCATCGACGC-1,-11.655397331657573,0.49055524905518905
CCTAGCTGTATCGCAT-1,0.9677978396986284,-1.1847466603915273
CCTAGCTGTCAATACC-1,1.4983740687940874,0.7237122877438487
CCTAGCTGTCAGAGGT-1,3.5819249988172808,-2.328622259298998
CCTAGCTGTCATATCG-1,-12.87102214092271,0.9303681476910532
CCTAGCTGTCTAAAGA-1,-2.7713207363511763,1.5930118187268199
CCTAGCTGTGCCTTGG-1,4.431419456062153,-2.608470834891039
CCTAGCTGTTCAACCA-1,-3.8804074882890425,0.44193371375398055
CCTAGCTGTTGTCTTT-1,0.14096471076949024,2.7803309782345713
CCTAGCTGTTGTGGCC-1,1.0741628051374712,-1.0342111961047231
CCTAGCTTCACGGTTA-1,3.638535583076314,-1.656625188986498
CCTAGCTTCGGAAACG-1,-11.556381142082378,0.9366666301091136
CCTAGCTTCGGATGTT-1,1.1408699393842974,2.652388892968458
CCTAGCTTCGGTCCGA-1,4.4560733676527295,-1.6737854854266225
CCTAGCTTCGGTGTCG-1,4.494350516853169,-2.9410881177584707
CCTAGCTTCTGTCAAG-1,5.004885280189351,-2.920949854056078
CCTATTAAGAGAACAG-1,-0.3310631870652876,1.9576449020703257
CCTATTAAGCCACGCT-1,4.459767425117329,0.5773681326706828
CCTATTAAGCTACCTA-1,2.8702937007520952,2.147485099633497
CCTATTAAGGGAGTAA-1,-12.281091606559917,1.2205482347805918
CCTATTAAGGGTATCG-1,1.6060055137251177,1.9696162565548838
CCTATTACAAAGAATC-1,-12.789535438957378,0.13407213603453055
CCTATTACAAGGGTCA-1,3.424144828376607,-1.3857907430331289
CCTATTACAATAACGA-1,0.9899111629102983,-3.4438771382968008
CCTATTACACAGTCGC-1,0.4686351657484331,0.2710884137947978
CCTATTACAGACGCTC-1,6.559771621284321,0.5395842417080821
CCTATTACAGTTCCCT-1,-3.28900662654893,0.675549887021345
CCTATTACATAAGACA-1,3.5584188342664995,-0.8332025186221181
CCTATTACATGTCCTC-1,4.484565818366841,-2.8419620172183095
CCTATTACATGTCTCC-1,5.120997989234761,-0.5502277986208974
CCTATTACATTGAGCT-1,1.5976839900587358,-3.750741638342577
CCTATTAGTAGCGTAG-1,-0.07216612094895458,0.2588213010628642
CCTATTAGTCATTAGC-1,-0.8773114442254744,-1.4122115747134267
CCTATTAGTCCATGAT-1,-11.544984734001323,1.7842719181378306
CCTATTAGTCTAAACC-1,-1.168707093539401,2.1261137350399912
CCTATTAGTCTAGGTT-1,7.266641233720783e-4,1.0664772017796458
CCTATTAGTCTAGTCA-1,-11.6250847935106,1.651806674798292
CCTATTAGTTGAACTC-1,-10.417132294120952,-0.05306991199656114
CCTATTAGTTGACGTT-1,4.5276370883558545,-1.9900972024600088
CCTATTAGTTGATTCG-1,3.3973260760877886,-1.9120496884982168
CCTATTATCACATACG-1,3.4966326594923296,1.6720848902066172
CCTATTATCCCAACGG-1,2.3174055457685747,-3.0456873552004873
CCTATTATCGAGAGCA-1,-12.250509178581401,2.1062055452664317
CCTATTATCGATAGAA-1,-1.4151579275156698,3.438993297417921
CCTATTATCGTTTAGG-1,-11.68639365428941,-0.14410457770033464
CCTATTATCTATCGCC-1,-0.41112688774125195,-1.2122673169772207
CCTATTATCTCCTATA-1,2.6793425918196,-3.1330548898379385
CCTCAGTAGAAACCTA-1,3.8861280322645464,0.30460535724954024
CCTCAGTAGACCTAGG-1,-1.4141774832631788,3.8287208898861826
CCTCAGTAGGCAGGTT-1,3.370710933265523,-2.5687193051974355
CCTCAGTCAACGATGG-1,-0.7380535363580427,3.1533382757504405
CCTCAGTCAAGGTTTC-1,1.504690492210225,0.3020427598555507
CCTCAGTCAATAACGA-1,5.153586471137837,-2.8610357419650136
CCTCAGTCAGGCGATA-1,4.657192313728169,-2.836129821936327
CCTCAGTCAGTCACTA-1,-0.6507171749498091,0.06214332943157569
CCTCAGTGTAAACGCG-1,0.03761657482130909,-6.584215320746141
CCTCAGTGTAATCACC-1,4.297199809608296,0.24660732587174788
CCTCAGTGTGTGACCC-1,3.1836014628980913,0.8985536321003855
CCTCAGTGTTAGAACA-1,-11.81005851024644,1.0810964330037058
CCTCAGTTCACAACGT-1,1.307018363532857,0.5254096909363688
CCTCAGTTCAGCGATT-1,2.8341141582105913,-3.1552623883883535
CCTCAGTTCATAACCG-1,-0.6351309179689131,0.4233103020985545
CCTCAGTTCGCCATAA-1,5.423792445716694,-0.41567752520247087
CCTCAGTTCTCGATGA-1,3.257099235114888,-3.6724726335208
CCTCAGTTCTGCGACG-1,4.364796245155171,-0.6256631390254079
CCTCTGAAGACCTAGG-1,3.4763141513441362,0.5602379365761698
CCTCTGAAGAGGTAGA-1,-10.017016327324077,2.301926933129591
CCTCTGAAGCAAATCA-1,0.8918610454176226,1.8665067776043833
CCTCTGAAGCCAGTAG-1,1.057889545020894,-2.3340720311801015
CCTCTGAAGCTCCCAG-1,-1.3736572622682295,-0.8483058587710439
CCTCTGAAGGCATTGG-1,-10.764018928947612,2.5604692324002207
CCTCTGAAGGCGATAC-1,4.447733008918599,-3.1229211465518056
CCTCTGAAGGGTCTCC-1,5.2309051395033155,-2.7840680257479726
CCTCTGAAGTGAAGTT-1,-0.34307966226594067,1.7592115028698863
CCTCTGAAGTGGAGTC-1,4.207876765785054,-1.7974762097994863
CCTCTGACAAATTGCC-1,4.127103412208394,-1.4059709684054433
CCTCTGACAAGCCATT-1,2.7059708476637163,2.536881767113966
CCTCTGACAAGCGCTC-1,-10.862847244682476,-0.07141005257769212
CCTCTGACAATGGTCT-1,-0.38065264219300365,0.18699518581227675
CCTCTGACACGGATAG-1,4.721208179054097,1.4062804802258433
CCTCTGACATGGTCAT-1,3.5440631747816362,-3.5235983506838857
CCTCTGAGTAAACACA-1,-2.8813786863710127,-0.3073951975504933
CCTCTGAGTAAGGGAA-1,4.720661723670796,-2.543609537283617
CCTCTGAGTAGTGAAT-1,3.030707442817525,-2.240125574270922
CCTCTGAGTCAAAGCG-1,2.5859833598707476,-1.6292070523898183
CCTCTGAGTGAAGGCT-1,5.81879719501479,-1.2410005704562246
CCTCTGATCACATGCA-1,3.0987630725477495,-1.8856248037020742
CCTCTGATCAGAGGTG-1,-1.6308724045182905,-6.914297260443407
CCTCTGATCCAACCAA-1,1.5087054610822954,-0.49605194489164933
CCTCTGATCCGCAGTG-1,-11.931740677299663,2.726170621712965
CCTCTGATCGCCTGAG-1,-0.9754431306745253,-6.68468490997954
CCTCTGATCGGAGCAA-1,-0.7923656463052473,3.078243099053663
CCTCTGATCTCTAAGG-1,5.507609450874165,-2.4838899747530996
CCTCTGATCTTTACGT-1,5.700927341041401,-0.7779987827937185
CCTTACGAGAACTGTA-1,-10.371366417350933,-0.08063461641474351
CCTTACGAGAGACGAA-1,-2.5637151359941206,1.3408488853772105
CCTTACGAGATAGGAG-1,2.7775469661329546,-3.5712668077151357
CCTTACGAGATGTTAG-1,-11.86436644786851,2.1037784441311778
CCTTACGAGCTAGTTC-1,5.525063598213032,-1.140386380354601
CCTTACGAGGAGTAGA-1,2.5820937991712847,-1.0563130752245962
CCTTACGAGGTGCACA-1,-0.12015990013138866,2.4316638334591807
CCTTACGAGTATTGGA-1,4.775647246894673,0.22857824703053847
CCTTACGCAAGCCGCT-1,-11.30241576427476,1.6369306667645396
CCTTACGCAATGGACG-1,0.05314716106398487,2.8074658735592783
CCTTACGCACACTGCG-1,4.660694682655171,1.1360944135983408
CCTTACGCACCCAGTG-1,3.120624625739888,-0.7322166339556753
CCTTACGCACGCCAGT-1,3.7654829860304155,1.1905549391110362
CCTTACGCATGAACCT-1,-1.9627707957650862,3.622011981805128
CCTTACGCATTACGAC-1,-11.671916878166362,-1.5799290315310537
CCTTACGGTAAACCTC-1,1.8612025619123735,1.7900869472821177
CCTTACGGTAACGACG-1,-12.214340126457378,-0.22966999570532426
CCTTACGGTCACAAGG-1,6.648312175330952,0.5438446923096598
CCTTACGGTCTCTCGT-1,-1.2024939491774282,3.605058751900953
CCTTACGGTGCACGAA-1,-0.9310588001634321,0.3714271112282695
CCTTACGGTGCCTGCA-1,4.683907592353657,-2.877271570364672
CCTTACGGTGGTCCGT-1,-3.538792288246318,-0.1596458331744252
CCTTACGGTTCCATGA-1,-10.504230415764019,-0.09292287389441117
CCTTACGGTTCCGGCA-1,2.402045810279683,1.0159439071019114
CCTTACGGTTCGGCAC-1,4.337828242835835,-0.08391917506857499
CCTTACGTCAACTCTT-1,-11.613975441398784,-0.021338388423162546
CCTTACGTCAGCGATT-1,-3.2916254162217817,-0.6709452644984304
CCTTACGTCTACGAGT-1,0.4162695050810137,2.993633828957838
CCTTACGTCTATCCCG-1,6.402753436622456,0.27492580552892104
CCTTACGTCTCTAAGG-1,6.435437762794331,-0.7759662644068777
CCTTACGTCTTTACAC-1,2.552102649268941,0.35891719897584334
CCTTACGTCTTTACGT-1,4.917439544257954,-1.3650422469775259
CCTTCCCAGAGATGAG-1,-11.720626747551128,1.3213467224438609
CCTTCCCAGAGGACGG-1,-0.9388214706803999,0.5376235469181956
CCTTCCCAGGCGATAC-1,4.617680633125142,-3.4315821305911123
CCTTCCCAGTTAGGTA-1,2.339184129295186,0.22734237452344314
CCTTCCCCAATGGACG-1,-0.5659880995179853,-1.349345006148058
CCTTCCCCACCGATAT-1,-12.199663078727886,-0.40371153513594255
CCTTCCCCACTGCCAG-1,1.6374269366834917,3.0079716070492686
CCTTCCCCAGCTGTTA-1,4.48951252704604,0.6551978810627879
CCTTCCCCAGTCAGCC-1,-12.609434997978374,0.23593034585313216
CCTTCCCCAGTCGATT-1,-0.8080792784120283,-1.1434923783938467
CCTTCCCCATGCAATC-1,1.2771564365003862,2.2761901243527354
CCTTCCCCATGGGAAC-1,-0.8424677311803541,-6.55575195709868
CCTTCCCCATTCCTCG-1,0.9700563788984575,1.280509911378187
CCTTCCCGTAGATTAG-1,-0.06420806640641308,0.3286767675478877
CCTTCCCGTCGCGGTT-1,3.0141545177076616,-0.5558358208338796
CCTTCCCGTTTGTTGG-1,5.072283828315571,-0.09265961507959947
CCTTCCCTCACCACCT-1,3.284336650428609,-0.8776460067431509
CCTTCCCTCACCTCGT-1,-2.0675653576280317,1.5411011799176157
CCTTCCCTCGAATCCA-1,4.429530227241353,-2.172986902395922
CCTTCCCTCTTGCAAG-1,-0.28698114151017284,2.1902759893734873
CCTTCGAAGATATGCA-1,-11.73026458019273,2.2851460798581065
CCTTCGAAGGGATCTG-1,-11.30748454326646,1.6678681000073374
CCTTCGAAGTGCGATG-1,-2.235916471424266,-0.43714544932051286
CCTTCGACAATAGAGT-1,0.3703405500028887,3.4465390070279063
CCTTCGACACACAGAG-1,2.9783802867506304,1.3737663849194468
CCTTCGACACACTGCG-1,3.5079031825636187,-1.951091446081835
CCTTCGACACCGAAAG-1,-11.795659935417339,-1.043110407988268
CCTTCGACACGGCTAC-1,5.67699393039687,-2.0511783734957754
CCTTCGACACTTCGAA-1,-12.718332207145854,-0.26795066157980546
CCTTCGACATGCCTAA-1,1.2378097415540972,0.5540000720818461
CCTTCGAGTAAATGTG-1,2.4444430709455767,0.7828456385930003
CCTTCGAGTCAGTGGA-1,-3.032703077736064,-0.6341637746493398
CCTTCGAGTCCTCTTG-1,-3.0190835356141767,-0.3977350668112813
CCTTCGAGTGTGACCC-1,6.26577099567397,0.7421338184674204
CCTTCGAGTTCGTTGA-1,4.213344180641011,-2.783942379156786
CCTTCGAGTTCTGTTT-1,-3.5842835068132124,0.22419786443309203
CCTTCGATCAACACAC-1,0.022484862861470223,-0.1107581631342946
CCTTCGATCACATGCA-1,1.0916522384260454,-0.5664969460169851
CCTTCGATCATCATTC-1,4.994257533607319,-1.994292654196459
CCTTCGATCATCGATG-1,-0.02272883647935009,0.38902374347047225
CCTTCGATCTTTACGT-1,-10.269320404472515,-0.2528395132224141
CCTTTCTAGAGGTTGC-1,2.5348645091627398,-2.166846431891161
CCTTTCTAGATGTGTA-1,3.9167438388441362,-0.08178935209913835
CCTTTCTAGCATGGCA-1,-1.9210890292550764,3.727241836388868
CCTTTCTAGCCTATGT-1,0.8046654105757036,-0.911972679297167
CCTTTCTAGCTCCTCT-1,-0.13114050621049023,1.8697657211621226
CCTTTCTAGGCACATG-1,-2.0604994654084883,3.695641599496168
CCTTTCTAGGGCATGT-1,4.66434916263564,-2.651641763846117
CCTTTCTAGTACGTAA-1,5.305009448585347,-2.3605374471346914
CCTTTCTAGTAGCGGT-1,3.280766570625142,1.2153834923108042
CCTTTCTAGTGCCATT-1,0.05648120647414112,2.622687660058302
CCTTTCTAGTTGCAGG-1,6.059155070838765,0.5302302463849009
CCTTTCTCAAACTGTC-1,5.505820357856587,-1.7890071050326406
CCTTTCTCAAGCTGTT-1,2.454108798560933,1.1327210291226328
CCTTTCTCACAAGTAA-1,6.645591342506245,0.23132193823651687
CCTTTCTCACCAGTTA-1,3.9734044910047808,1.2429445608456553
CCTTTCTCACGGTTTA-1,1.9029982925031939,-0.6147184745471059
CCTTTCTCAGGACCCT-1,2.419559800681905,-1.4699392692248403
CCTTTCTCATAAGACA-1,1.3185900092695513,1.0678038223584116
CCTTTCTGTAACGTTC-1,1.909914338645772,3.1343584879239024
CCTTTCTGTATATGGA-1,2.0580452323530474,-1.9514431134860097
CCTTTCTGTCAATGTC-1,5.405300700721577,-0.20872474471731767
CCTTTCTGTCATACTG-1,3.421680533943013,2.0088663919766367
CCTTTCTGTCATCGGC-1,4.845323169288472,-1.0083006993929922
CCTTTCTGTGGCGAAT-1,-0.6793907641793928,0.16325446208314315
CCTTTCTGTGGTCCGT-1,5.130471313056782,-1.1295997277895986
CCTTTCTGTGTATGGG-1,1.803208673057393,-3.2831265107791006
CCTTTCTGTTAAGGGC-1,3.2789717555616655,-1.5881537572543203
CCTTTCTGTTATGCGT-1,-3.032652413788005,1.1392730100949229
CCTTTCTGTTCCCGAG-1,-10.59343711132066,2.204571805794996
CCTTTCTTCAAAGTAG-1,1.5533860564802446,-1.896580137411791
CCTTTCTTCAAGGTAA-1,-9.920753395500347,0.5187074168522776
CCTTTCTTCATTCACT-1,4.22009285694106,-2.981233276526171
CCTTTCTTCCGCAGTG-1,3.571326816139058,1.5878291948635996
CCTTTCTTCGGTTCGG-1,3.863039577064351,0.12440399629370585
CCTTTCTTCTCATTCA-1,3.4473086238477983,-1.9053923265139638
CCTTTCTTCTTAGCCC-1,3.223284804878072,-2.0495146886508047
CCTTTCTTCTTGCATT-1,4.946585738715962,-2.8061088697115957
CCTTTCTTCTTTAGGG-1,4.033492171821431,-1.0661343709628164
CGAACATAGAAGATTC-1,3.6337548137281694,2.185561023553175
CGAACATAGAAGGCCT-1,0.2506886363600054,-0.5188162700335561
CGAACATAGAGTAATC-1,-10.59027091259019,-0.34007126847906693
CGAACATAGAGTACAT-1,3.133406722602681,-3.909810699621874
CGAACATAGCTGCCCA-1,0.17885025745375538,2.0329408272107066
CGAACATAGTCAATAG-1,2.1137894034956255,1.6904142721493662
CGAACATAGTCTCAAC-1,-3.4706341385270796,-0.08686762313051805
CGAACATAGTGTGGCA-1,5.575748527107075,-0.3647740856806813
CGAACATCAAGTTAAG-1,0.24285980468733692,-0.6103609577815114
CGAACATCAATGGTCT-1,0.3782721400831499,3.1700266226132334
CGAACATCACCCATGG-1,1.5672753692243853,0.34236475070313827
CGAACATCACGAAACG-1,-0.8928309738065443,0.8455169423420847
CGAACATCACGACTCG-1,-0.5919101595308027,0.775255583127302
CGAACATCACGCATCG-1,4.86757763629897,0.3225708081324519
CGAACATCACTACAGT-1,4.404093349037007,0.8701021297772349
CGAACATCAGTAACGG-1,-12.678759491386577,2.049754820664686
CGAACATCATACGCTA-1,0.35773273712141895,2.7914377077420176
CGAACATGTACCCAAT-1,0.7325886130903521,-2.590153373877245
CGAACATGTAGGGTAC-1,6.378359401283101,0.4914832337696971
CGAACATGTATCACCA-1,3.2614775539015093,-0.6169808284442007
CGAACATGTCTCTTAT-1,-0.4033841847802839,0.37243037660912887
CGAACATGTGAAGGCT-1,4.347229564246968,-2.830744184653002
CGAACATGTGCAACTT-1,2.8887091518019,0.8123270495732249
CGAACATGTTGTCGCG-1,2.770634257850484,-0.9106232301394521
CGAACATTCACAACGT-1,3.6368566394422808,-1.9107305185000478
CGAACATTCATCTGCC-1,-9.847765839042827,3.3206547125180186
CGAACATTCCGCGGTA-1,2.362609708366231,0.952744506200117
CGAACATTCGGCTTGG-1,4.725454413947896,-2.969052709738451
CGAACATTCGTCGTTC-1,-9.322577392997905,3.232473693688673
CGAACATTCGTCTGCT-1,0.3992709756468096,1.5939656122525157
CGAACATTCTCTGTCG-1,-11.552409088554546,1.5302030666668833
CGAACATTCTTACCGC-1,1.8847204089735308,-2.5704020635287343
CGAACATTCTTTCCTC-1,2.0623741984937944,-1.3228956834475576
CGAATGTAGAACAATC-1,-10.224949753227397,-0.27297110120459184
CGAATGTAGAGTTGGC-1,2.960561358985738,-3.0667826310793935
CGAATGTAGATATGGT-1,-0.14107195133225536,1.0519891603787364
CGAATGTAGCCAGTTT-1,-11.883440887870952,0.30979045470551864
CGAATGTAGTACGTTC-1,0.5164290309522905,1.3632449730236949
CGAATGTAGTCCGGTC-1,1.4768784881208696,-3.8845385686556875
CGAATGTAGTGTTAGA-1,-12.097543632927104,1.3002550228436411
CGAATGTCACAAGCCC-1,-1.4176370262529097,3.721431575616163
CGAATGTCACCAGGTC-1,3.0959950328443804,0.0356889291603984
CGAATGTCACCGCTAG-1,2.261042678413228,1.5585797651608408
CGAATGTCATAGGATA-1,-11.49622622722642,1.6473101003964365
CGAATGTGTCATACTG-1,4.744825446662739,-1.5727998391787588
CGAATGTGTCGCGAAA-1,4.516538703498677,-0.725636042753893
CGAATGTGTGAAGGCT-1,2.688964688834981,-0.3614959494273244
CGAATGTGTGGTCTCG-1,2.3727777839277544,-0.953756012121874
CGAATGTGTGTGCGTC-1,2.96312960391982,0.3274367227156581
CGAATGTGTGTTCTTT-1,-0.38163677448289013,1.9495875461895884
CGAATGTGTTCCGGCA-1,-11.589452660026714,-1.4770146981875478
CGAATGTTCAAGCCTA-1,3.481276118812398,1.9822330101330699
CGAATGTTCATAACCG-1,-0.8946089803601942,0.6925451382000865
CGAATGTTCCCATTTA-1,1.527440154609517,1.639752231438917
CGAATGTTCCCTAACC-1,-12.141413605156108,0.5341649576027812
CGAATGTTCCGCTGTT-1,-11.409421837272808,0.052311420341295156
CGAATGTTCGATGAGG-1,4.921055877265767,-3.0208448545138418
CGAATGTTCGTCCGTT-1,0.2579922319029131,2.8044095857937754
CGAATGTTCTACGAGT-1,5.264803016242817,0.41568159302071944
CGAATGTTCTGAGGGA-1,0.25317128902418995,1.1326152904828013
CGAATGTTCTGTTGAG-1,6.566059672889546,-0.08717476586504563
CGAATGTTCTTGAGAC-1,2.3264177680586138,-3.0655690805117666
CGACCTTAGAAGGACA-1,2.1546169162367144,-3.1724957601229726
CGACCTTAGCCGCCTA-1,-1.234748853686019,-1.0329370872180044
CGACCTTAGCGTGAGT-1,-10.987351334037944,2.3637054785092295
CGACCTTAGCTAGCCC-1,0.8093090892408648,1.002881966431898
CGACCTTAGCTCCTCT-1,4.190193259773091,-2.2899924890200674
CGACCTTAGGGTCTCC-1,4.018934333381489,0.037987686594289694
CGACCTTAGGGTGTGT-1,0.8262432456587114,2.2101782186825694
CGACCTTAGTCGCCGT-1,2.185070359763936,0.8239521606762827
CGACCTTAGTGTTGAA-1,5.122343146858052,-2.218972362677294
CGACCTTCAAACCCAT-1,-11.236706650200054,3.0809341295559824
CGACCTTCAAGGTGTG-1,2.3400095344160357,-3.086291231314379
CGACCTTCAATCTGCA-1,2.061985576209859,-3.6026293412844717
CGACCTTCAATGACCT-1,1.9362753272627153,-3.8075877801577627
CGACCTTCACAACTGT-1,2.987537467536763,-0.0062637851635991
CGACCTTCACCTCGGA-1,-3.3282641529466352,0.868215583165449
CGACCTTCAGCAGTTT-1,-0.40596482748047924,0.3635433538754405
CGACCTTCAGTGACAG-1,2.6961394191358843,-3.2436925546328603
CGACCTTCATCCTTGC-1,6.3101850391004835,0.02596965422229186
CGACCTTCATGGTTGT-1,2.8184615016554155,-1.2168288604418813
CGACCTTCATTGTGCA-1,3.8409977794264116,0.11909007457391635
CGACCTTGTCCGTTAA-1,-3.53021494144456,0.3749681337674083
CGACCTTGTCGAATCT-1,0.8468583465193071,0.80992009480790506
CGACCTTGTGAACCTT-1,0.4526490808103838,3.6250837667782725
CGACCTTGTGATGATA-1,-2.1084807872201643,2.9344831331570567
CGACCTTGTTGCTCCT-1,1.3353682399366655,-2.4634200708071767
CGACCTTTCACAAACC-1,2.006945931968526,-2.1207849160830556
CGACCTTTCCATTCTA-1,4.877605044898823,1.2853958233197154
CGACCTTTCGCATGAT-1,4.173850619849995,-2.7208632604281484
CGACCTTTCGGATGTT-1,1.5739971042249956,-2.397953666845995
CGACCTTTCGTGGTCG-1,1.5997248530958452,2.7501684053738535
CGACCTTTCTCGATGA-1,-9.828008568229839,3.092177949746412
CGACCTTTCTGTCTAT-1,-12.05156699413316,2.1525545938809336
CGACTTCAGAAACCTA-1,3.143345439491109,-2.889671005408007
CGACTTCAGAAGGGTA-1,4.627575480995015,1.3412639721234263
CGACTTCAGACGCAAC-1,-0.07721487278000927,2.1697524412472666
CGACTTCAGACTAAGT-1,4.483575427589253,-2.6306466237704336
CGACTTCAGCGATAGC-1,6.181363666114644,-0.8314780966441213
CGACTTCAGCTGTTCA-1,3.8764139056776323,2.083268724282545
CGACTTCAGTTCGCGC-1,2.0943098903272905,2.7052234037716807
CGACTTCCAATCCAAC-1,3.779393279609517,2.165368638833326
CGACTTCCACCCATGG-1,-0.636829054298564,-7.0569216386477525
CGACTTCCACGCGAAA-1,3.332354629096822,2.20555528243379
CGACTTCCACTCAGGC-1,1.6368411422346392,-0.25128758708639726
CGACTTCCAGCCAATT-1,-0.5256421923066816,1.2596894129116953
CGACTTCCAGCTTAAC-1,-11.764729416313335,-0.01447163532181367
CGACTTCCAGGATTGG-1,-11.00786010021226,0.6423380597432078
CGACTTCCAGGGTTAG-1,4.554399097022847,-0.23862326900168046
CGACTTCCAGGTGGAT-1,2.2222743869398394,-2.16234866539641
CGACTTCCATGAAGTA-1,-11.4148797153856,-1.7667903081576406
CGACTTCCATGCAATC-1,3.5443693042372026,-1.0963679925601064
CGACTTCCATGTAGTC-1,5.037168586311177,-2.553848661581713
CGACTTCGTCCATCCT-1,-11.972319519462749,0.6264352424939097
CGACTTCGTCCCTTGT-1,4.665865981635884,-0.016729943553644266
CGACTTCTCATTGCCC-1,4.093440616187886,1.9029806478817881
CGACTTCTCCAGTATG-1,-3.2567731499101362,0.5877213998635233
CGACTTCTCCCTCAGT-1,-1.547162732424899,3.269764505227369
CGACTTCTCGGTCTAA-1,-1.0417082368756971,-1.4482146875063955
CGACTTCTCGGTGTTA-1,-10.94774619335191,0.43770047267274276
CGACTTCTCTACCTGC-1,-11.698140060844585,2.792001806100172
CGAGAAGAGCGCTCCA-1,1.9825080276106157,-0.08384976545973405
CGAGAAGAGGTGTTAA-1,3.6303578258131304,-2.933064617315966
CGAGAAGAGTAGTGCG-1,-11.92607299083726,2.1094699724514903
CGAGAAGAGTGTTAGA-1,4.087858283576802,-0.6067752615611135
CGAGAAGAGTTAAGTG-1,4.896174514350728,-3.333110965887743
CGAGAAGCAAAGAATC-1,-12.551608002128765,1.9819305761654795
CGAGAAGCACTCAGGC-1,-0.7303856968309126,0.3596027716000499
CGAGAAGCAGACACTT-1,-10.278541481437847,0.2001922353108348
CGAGAAGCAGACTCGC-1,-12.522690689506694,1.7909613474209727
CGAGAAGCAGATCTGT-1,2.745391452369527,2.6232436521847666
CGAGAAGCAGTAAGAT-1,5.610051238593892,-2.2280749456088125
CGAGAAGCAGTGAGTG-1,1.352581346092061,-3.273572839895922
CGAGAAGCATTCCTGC-1,3.9329381824110308,2.2357941492398203
CGAGAAGCATTGAGCT-1,2.585137212333516,-0.29720730344458207
CGAGAAGCATTTGCCC-1,-3.6634997486497602,0.9195906146367014
CGAGAAGGTAAACACA-1,5.598986232337788,-0.9281196967761098
CGAGAAGGTATCGCAT-1,-1.9420414924051008,3.4258092268307627
CGAGAAGGTCAGAATA-1,2.739523494300679,-3.6393434182803213
CGAGAAGGTCCGAACC-1,5.318448627052144,-1.7686286346118032
CGAGAAGGTGCGATAG-1,-3.911066687050029,-0.13972140113516435
CGAGAAGGTGGCGAAT-1,2.5055809856031694,-2.9941267148654043
CGAGAAGGTTATCACG-1,-3.422816669883891,0.41656001647309676
CGAGAAGTCACAAACC-1,-0.8940115928079329,1.2533666714032115
CGAGAAGTCCGAACGC-1,3.80167826419814,-3.6695446149508535
CGAGAAGTCCTTTACA-1,-10.81987467998521,0.8070041759808482
CGAGAAGTCGACAGCC-1,2.994551742133931,2.3644588812191905
CGAGAAGTCTGCGACG-1,3.5297299266432085,1.185129247506422
CGAGAAGTCTGGTTCC-1,-1.8032310664083204,3.282436452706617
CGAGAAGTCTTAGCCC-1,-3.1066908001329145,0.9530236943562449
CGAGCACAGAATCTCC-1,-0.8553352116967878,0.9913076980908335
CGAGCACAGAGGTTGC-1,-10.037793075981304,0.5403614564736308
CGAGCACAGCCCGAAA-1,2.0123444438551226,-3.366172708670336
CGAGCACAGCTGGAAC-1,2.5626843810652056,-2.593414224783617
CGAGCACAGGAGTTGC-1,2.707444751319722,2.0581993683178843
CGAGCACCAATGGTCT-1,5.439176642951802,0.6149689181645335
CGAGCACCACACCGCA-1,-0.15646342033402538,2.1504839285214365
CGAGCACCACTGTTAG-1,-0.26305071109788036,-6.999378360907274
CGAGCACCATGGGAAC-1,2.077859246787862,1.7331086023648203
CGAGCACCATGTTGAC-1,3.8448210597608843,-2.525218881766039
CGAGCACGTAGCGTCC-1,3.4585400462721148,1.9507139547665537
CGAGCACGTCAGTGGA-1,2.479419314918355,1.8275129421551646
CGAGCACGTCCTGCTT-1,5.252269351539448,-1.3306308166186391
CGAGCACGTCTAGGTT-1,2.9600654483412066,-0.6579704062144338
CGAGCACGTGAGGCTA-1,4.534605586585835,1.9651360138256968
CGAGCACGTGATAAAC-1,-10.489082252922222,2.895571790536207
CGAGCACTCACTCTTA-1,3.467515552100972,0.09719328386084453
CGAGCACTCAGATAAG-1,4.041804397163228,0.19464301307992354
CGAGCACTCATAGCAC-1,-1.7756846904184065,3.5435002668698252
CGAGCACTCATCACCC-1,2.3551064372633257,-3.165810980002123
CGAGCACTCCCATTAT-1,0.6516869903181353,0.25098451217011825
CGAGCACTCCCGACTT-1,2.3238304496382036,1.294671378930372
CGAGCACTCCGATATG-1,0.5099491716001787,3.416758380730909
CGAGCACTCGCTTGTC-1,-3.3240365147020063,-0.1809980050723134
CGAGCACTCGTACCGG-1,-0.7429220437432966,1.078266225655836
CGAGCACTCTCCAACC-1,1.4310665965650835,-3.3851369992892324
CGAGCACTCTTGTACT-1,-11.29179850811021,0.4313451572258891
CGAGCCAAGAAAGTGG-1,2.05386766201003,-3.3190921918551504
CGAGCCAAGACACTAA-1,-10.432945167961284,0.4034530444939555
CGAGCCAAGACCCACC-1,-11.698383247795269,-1.1610095874468862
CGAGCCAAGACGCACA-1,-1.24781101414816,3.522421680291456
CGAGCCAAGAGACGAA-1,3.8807106853102007,1.6055851801236094
CGAGCCAAGCCCGAAA-1,4.569193923530415,-3.59272352615996
CGAGCCAAGTACGACG-1,3.512420737800435,-3.811164297262865
CGAGCCAAGTACGATA-1,-0.5778866171266279,0.708058796723646
CGAGCCAAGTGCGTGA-1,-0.07642272705094433,-0.8590593711535512
CGAGCCAAGTGGCACA-1,3.5437613368604937,-2.789486564795214
CGAGCCAAGTTTGCGT-1,5.5345340610121045,-0.014439851144987192
CGAGCCACAAGGTGTG-1,-2.919325983467265,0.018335968156618032
CGAGCCACACATGTGT-1,3.5685382724378862,-3.0474576131503164
CGAGCCACAGCCAGAA-1,0.6059347034071245,3.7349987848599375
CGAGCCACAGCTGCAC-1,4.8277140498731885,-1.4994738475482046
CGAGCCACATGGAATA-1,5.392868602332905,-0.6168708578745901
CGAGCCACATTACCTT-1,-10.3518914341356,-0.11030534664793595
CGAGCCAGTACGAAAT-1,1.947354638633565,3.001118264992994
CGAGCCAGTATATCCG-1,-11.662300026359722,2.4112895353634776
CGAGCCAGTCCATGAT-1,2.6803992629621782,0.615450702508253
CGAGCCAGTCTAGCGC-1,4.53878124958022,1.1654392107327403
CGAGCCAGTCTTCAAG-1,1.2038768172834673,-2.9051329270999013
CGAGCCAGTGAAAGAG-1,5.0500837207411085,-1.4102038518588125
CGAGCCAGTGATGTCT-1,-0.46619633430497265,0.38052197535828963
CGAGCCAGTGCAACGA-1,3.7512164950941362,1.0789075716336192
CGAGCCAGTTACGACT-1,6.124295318183735,1.0099663956959666
CGAGCCAGTTCCCTTG-1,4.461064422187642,-0.30638501803084
CGAGCCATCAACGCTA-1,-0.6295000075723372,1.5941166504223765
CGAGCCATCAATACCG-1,4.4720903277967725,1.501293741067213
CGAGCCATCCCTAACC-1,1.156757199821309,-3.8260435239474355
CGAGCCATCTGGGCCA-1,-12.47418490642564,2.3223894460995615
CGAGCCATCTTCGGTC-1,5.308866584358052,-1.7555542365710317
CGATCGGAGAAGGACA-1,0.5347038150404253,-0.6532310620944082
CGATCGGAGAGTAATC-1,3.235053145942525,-0.22813347736998185
CGATCGGAGCCACGTC-1,0.061462247428730965,1.4797889812786997
CGATCGGAGGCAGTCA-1,0.26288219696028614,0.9295120461781443
CGATCGGAGGCCCGTT-1,6.46440848117812,0.5351022108395518
CGATCGGAGTAACCCT-1,1.5303572059248247,2.854410253365797
CGATCGGAGTGTGAAT-1,1.9116495490644732,-1.4028649703661977
CGATCGGAGTTCGATC-1,5.323684299049214,-3.248990215460497
CGATCGGCACAGACTT-1,0.9696732402418413,1.3448072298367442
CGATCGGCACCAACCG-1,2.707559192237691,1.9746567829449595
CGATCGGCACCAGTTA-1,0.4374466777418413,2.443503461678785
CGATCGGCAGACAAGC-1,-0.9197612761880598,1.923944912751478
CGATCGGCAGCTCCGA-1,2.267761075553731,2.3512688501675547
CGATCGGCAGGTGCCT-1,0.9239607692335405,0.3598640783627452
CGATCGGCAGGTGGAT-1,4.931960189399556,-2.9764503614108144
CGATCGGCAGTACACT-1,-1.0522549211408339,0.9209212287266673
CGATCGGCATCCGTGG-1,1.3519776702497759,1.6574602945645274
CGATCGGCATCGACGC-1,-10.9419793247606,1.8220004661877574
CGATCGGCATGCCTTC-1,-1.035814410391017,2.469297490914625
CGATCGGGTACACCGC-1,2.388212049064473,0.5073509736855448
CGATCGGGTACCAGTT-1,1.419353568610982,1.805937968095106
CGATCGGGTATAATGG-1,-0.32461801761643505,1.4669470413525523
CGATCGGGTATATCCG-1,2.2855075240705767,-0.8037641421954214
CGATCGGGTCCGTCAG-1,2.791923606452779,-0.7765228525797903
CGATCGGGTCGCTTCT-1,4.432573878822163,2.283814273675245
CGATCGGGTCTAGCCG-1,4.12371023899062,-2.160085834662157
CGATCGGGTCTAGCGC-1,-12.092013275566265,-0.3281390146414815
CGATCGGGTGCAACTT-1,-11.073814308586284,0.27321844538049117
CGATCGGGTTACCAGT-1,3.9103046298597612,-3.1777915136019765
CGATCGGTCAACGAAA-1,-12.323309814872905,1.6236216648419322
CGATCGGTCACCACCT-1,-0.36648521417634106,-7.072313942114549
CGATCGGTCACGCGGT-1,3.1230507732008257,0.91847791512803445
CGATCGGTCAGCACAT-1,-11.158305084648296,2.0243792160351695
CGATCGGTCCACGACG-1,2.883640849647359,1.2356404884655894
CGATCGGTCCTGCAGG-1,-9.436198151054546,2.9493635519345225
CGATCGGTCGGACAAG-1,2.5271547675703325,0.7904572113354624
CGATCGGTCGGCGCTA-1,-0.017860925140543937,2.260355554421705
CGATCGGTCGTCACGG-1,4.479829394874409,0.7053793891270579
CGATCGGTCTCTAAGG-1,-11.133563911857769,2.0769508703549326
CGATCGGTCTGCCCTA-1,-3.4352215885545454,0.17929991324738875
CGATCGGTCTTCATGT-1,3.094526851234273,0.21765732010201827
CGATGGCAGACGCAAC-1,0.5654867530439653,1.850818715890211
CGATGGCAGCTAGTTC-1,4.623900973853901,-2.2132555619875967
CGATGGCAGGCGTACA-1,2.0874455810163774,-1.2772195712725698
CGATGGCAGTAGGTGC-1,4.034997546729878,-0.34851077953978166
CGATGGCCAAATCCGT-1,-12.181200897636577,2.4375458582241953
CGATGGCCAACACCTA-1,6.708541953620747,0.38185261925057784
CGATGGCCACCAGTTA-1,0.07159014945967579,2.1424013002713145
CGATGGCCACGCATCG-1,-0.6002908110048017,1.3593147619564951
CGATGGCCAGATGGGT-1,3.1323061824415483,-0.16297475258513078
CGATGGCCAGGAATGC-1,-11.634749329033061,1.3506785257656992
CGATGGCCAGTCTTCC-1,2.8965650439832964,2.1288629396756114
CGATGGCCATAGGATA-1,-2.0819474219705305,3.105426631768507
CGATGGCCATCGGTTA-1,-11.106292641105815,0.41610344489411727
CGATGGCCATTACCTT-1,3.0422440410230913,-2.322960056463915
CGATGGCGTAGCCTCG-1,-1.1645047127629957,-6.56604830185576
CGATGGCGTCTCTCTG-1,5.364766204414204,-1.9901839868228017
CGATGGCGTGCCTTGG-1,-12.694612419548198,1.584119997819227
CGATGGCGTGTCCTCT-1,-0.9208698331739149,3.605842672189039
CGATGGCGTTACTGAC-1,2.9794789195631304,1.6799630745251597
CGATGGCGTTGCCTCT-1,6.284854018745259,0.943439565499586
CGATGGCTCAAGGCTT-1,-11.216587936821147,2.9664367063839854
CGATGGCTCGCGTAGC-1,-0.5499687551881514,-6.5489236489932114
CGATGTAAGAACAACT-1,-0.37277165645615673,-1.0382670537631093
CGATGTAAGGACACCA-1,1.0629113555525103,-1.6137292758624135
CGATGTAAGGCAGTCA-1,4.6393924594496045,-0.46751067797346696
CGATGTAAGTGACATA-1,4.843668067512349,-3.2530078069369375
CGATGTACAATGCCAT-1,5.299069964942769,-0.3503785208861409
CGATGTACACGACTCG-1,-0.3772151827241621,-6.933890499273973
CGATGTACAGATGAGC-1,2.2728777766798296,-1.1945929900805532
CGATGTACAGATGGCA-1,3.7111521602247515,-1.8114730493228017
CGATGTACAGGCTCAC-1,-12.563228523674175,2.2057154997189463
CGATGTACAGTGGAGT-1,-0.28035250896470165,0.49504476030663863
CGATGTACATCGTCGG-1,1.4992636085127153,-2.965432085196215
CGATGTAGTATTCGTG-1,-0.4565994500543318,3.5645745619137705
CGATGTAGTCGTTGTA-1,-10.975752747001811,2.028446875413221
CGATGTAGTGCTAGCC-1,-10.615090286674663,-1.0277802125613271
CGATGTAGTGTTGAGG-1,-1.3423438950802526,2.6436577661831797
CGATGTAGTTATGCGT-1,-12.567657387199565,-0.04399978379412278
CGATGTAGTTCAACCA-1,4.152998054084614,-3.355827249685961
CGATGTAGTTCGCTAA-1,0.7852013946150103,2.9509385450680674
CGATGTAGTTTGTTTC-1,3.6101132274244585,-1.596122659842211
CGATGTATCACCGGGT-1,2.2359205127332964,-0.25309369723005876
CGATGTATCACGCATA-1,-11.758525764885112,-0.9934058562914907
CGATGTATCACGCGGT-1,1.4155581832502642,-2.6174983159701406
CGATGTATCAGCTCTC-1,3.794224822578267,-0.8003837839762746
CGATGTATCATAGCAC-1,1.5090325713728228,-3.995302356878954
CGATGTATCCAATGGT-1,6.585217559394673,0.6108823045094431
CGATGTATCGAGAACG-1,4.012240970191792,1.1861364467938365
CGATGTATCTCGTTTA-1,0.8799975753401079,-0.4894013778369008
CGATGTATCTCTGTCG-1,-0.6734109281923017,2.468990169366163
CGATGTATCTGAGTGT-1,4.011000716743306,2.0513100250561656
CGATTGAAGATCTGCT-1,3.0733161807630816,-1.9834207669894277
CGATTGAAGCTAGTCT-1,3.5314932704542437,0.5956861003239573
CGATTGAAGTACATGA-1,1.0486970782850542,1.86136742671327
CGATTGAAGTGACATA-1,-0.8303919791604719,0.8557929023106516
CGATTGAAGTTAAGTG-1,4.618910872993306,-1.7715065852801382
CGATTGACAAGCCGCT-1,1.596167886314229,0.0071818604071559045
CGATTGACACATCTTT-1,3.0472446323011675,1.600876532395643
CGATTGACAGCATACT-1,-1.8472949027444563,3.520900569756788
CGATTGACAGCCTTGG-1,1.9909129977796831,1.4359788521130503
CGATTGACAGGGTTAG-1,-11.51120654338853,0.46663355072335616
CGATTGACATACAGCT-1,-0.7843494772340498,2.144637189706129
CGATTGACATGGGACA-1,4.334889495429829,-0.5196255819003164
CGATTGAGTAGCCTCG-1,4.822444045600728,-2.1372284070651113
CGATTGAGTAGCTTGT-1,-11.604055321159526,-1.5092615262667715
CGATTGAGTCATGCCG-1,3.5489579082105913,-0.7056132928530752
CGATTGAGTGAGCGAT-1,0.6734919190977373,-2.1511537210146963
CGATTGAGTTACGTCA-1,-11.128789818229839,2.3998378141720713
CGATTGAGTTGATTCG-1,1.7759827018354692,-2.1551376954714834
CGATTGATCCTGCTTG-1,-11.56535807842271,0.9316167457898081
CGATTGATCGTGACAT-1,4.021605098304585,-2.394909061590868
CGATTGATCGTTGACA-1,1.1868272662733355,-3.7681919709841787
CGCCAAGAGAGAGCTC-1,-10.757823860588237,3.138049922784132
CGCCAAGAGATGCCAG-1,5.291547381934956,-0.45332125584288224
CGCCAAGAGCAGCGTA-1,4.2235575557325635,-2.1134256498019277
CGCCAAGAGCCAGGAT-1,-2.3974371313478193,0.1526107004781188
CGCCAAGAGTAACCCT-1,-12.771836197319194,0.4209094270070018
CGCCAAGAGTGGAGAA-1,5.313323581275776,-2.4098540918032705
CGCCAAGAGTGTGAAT-1,2.792076194343404,-0.7955677882830678
CGCCAAGAGTTAGCGG-1,5.927118861732319,0.09094063462064877
CGCCAAGAGTTAGGTA-1,0.9580119491194048,-0.5145875589053213
CGCCAAGCAAACCTAC-1,2.402965867576436,-2.8336824552218496
CGCCAAGCAACTTGAC-1,2.3615456462477007,1.7076944931347788
CGCCAAGCAAGCTGTT-1,3.614598357734517,-1.1251266376177846
CGCCAAGCAGACAAAT-1,4.053485953864888,1.4393839462597788
CGCCAAGCAGGGATTG-1,-0.65645424121873,1.2112804277737559
CGCCAAGGTAAACACA-1,2.153688752708272,0.10228935386360899
CGCCAAGGTACCTACA-1,6.754724586067036,0.29904601713017837
CGCCAAGGTAGATTAG-1,-11.483891403618022,0.9986738189061106
CGCCAAGGTCAAAGAT-1,1.527824962196187,1.4432525261242808
CGCCAAGGTCTTCAAG-1,0.9122820735548296,1.7293291910489024
CGCCAAGGTGCGAAAC-1,3.756223285255269,-3.542850412527758
CGCCAAGGTTATCCGA-1,4.020388686714009,-2.691657461325365
CGCCAAGGTTCAGGCC-1,-12.529319679680034,0.2807157709200801
CGCCAAGGTTCCGGCA-1,0.8838039279554644,2.9261813982327403
CGCCAAGTCAAGGTAA-1,3.151221835670308,2.4136672838528574
CGCCAAGTCAATACCG-1,4.5569573283766065,-3.77234999100371
CGCCAAGTCATGCAAC-1,-1.8355959414865217,3.7821434362729014
CGCCAAGTCCAAACAC-1,-0.6600082277681074,0.15873423581318274
CGCCAAGTCCTAGGGC-1,2.9450741649244585,-0.7069015876452505
CGCCAAGTCCTCCTAG-1,1.0368777156446733,-1.1581708566348135
CGCCAAGTCGTGGTCG-1,-11.243715202751323,2.4085195883114756
CGCGGTAAGAGGTAGA-1,3.0893193126295366,-0.5979552642504751
CGCGGTAAGAGGTTAT-1,-0.8682193517114363,-1.2355467454592763
CGCGGTAAGATCGATA-1,0.9973536372755327,-1.9788853303591787
CGCGGTAAGCGATGAC-1,-12.682685768547222,-0.32386399070425614
CGCGGTAAGGCTACGA-1,6.275318229255513,0.9627681597073496
CGCGGTACAAGAAGAG-1,0.3249973893736162,3.319918475945753
CGCGGTACAAGTTCTG-1,-1.8383561133767805,3.727441154320997
CGCGGTACACAGGAGT-1,-12.069699203910991,-0.3217031733195363
CGCGGTACACCCATTC-1,-12.312159454765483,1.380018196900648
CGCGGTACATAACCTG-1,5.0155731082533155,0.13216829476253406
CGCGGTAGTACGCACC-1,4.16922386890395,-2.9243551866213857
CGCGGTAGTAGTACCT-1,2.742565715370015,-2.1221832410494863
CGCGGTAGTCAAAGAT-1,4.060205066261128,-0.35869426290197953
CGCGGTAGTCATATCG-1,4.422782981452778,-2.0607658998171865
CGCGGTAGTCCAACTA-1,0.5127803922270098,-2.238634981314379
CGCGGTAGTTCCGGCA-1,0.4979596973036089,-0.45585296312971696
CGCGGTATCAATAAGG-1,4.584975802955464,1.032694421609205
CGCGGTATCATTCACT-1,-0.7008763908769331,0.11753670861319915
CGCGGTATCCATGAGT-1,-11.663579857292339,-0.00599530349178895
CGCGGTATCCCTAATT-1,3.123460376319722,1.8047080858548106
CGCGGTATCCTTGGTC-1,1.535127961692647,1.2075262888272227
CGCGGTATCGCTAGCG-1,-12.621527588310405,1.822551213105482
CGCGGTATCTGAAAGA-1,-11.890548622551128,2.7317124231656016
CGCGTTTAGACACTAA-1,5.6583696246717725,-0.1124920920531331
CGCGTTTAGTCTTGCA-1,0.41226478820784473,-0.4127235190074025
CGCGTTTAGTGTCCAT-1,1.7971747756574907,-2.8435084001223623
CGCGTTTCAAATACAG-1,-0.15825501674668407,2.0806276424725474
CGCGTTTCAAGTTCTG-1,4.012677276191548,1.9230173452694834
CGCGTTTCAATCCAAC-1,-0.951615875902339,1.6934004648526133
CGCGTTTCACATTAGC-1,2.018503034171895,-0.6662537233035146
CGCGTTTCAGCTCGCA-1,3.2534466624830523,-3.1893464700381338
CGCGTTTCATGATCCA-1,-11.718183433952495,-1.010615028540331
CGCGTTTCATTGGCGC-1,-12.544130241813823,-0.08369011441870317
CGCGTTTGTACCTACA-1,0.6531978488539019,0.3273417576153697
CGCGTTTGTAGCTTGT-1,1.6799958587263384,-0.34826228777571305
CGCGTTTGTCCGAAGA-1,0.8464623332594194,3.3236547334988535
CGCGTTTGTTCTGTTT-1,3.8241372943495073,-2.3357738629977285
CGCGTTTGTTGTTTGG-1,6.801344955024556,0.21195619543389693
CGCGTTTGTTTGTGTG-1,3.6741290927503862,-1.5819455758730947
CGCGTTTTCACTGGGC-1,3.6816302180860796,1.2812534197171153
CGCGTTTTCATATCGG-1,1.3372929931257524,0.30798018713788405
CGCGTTTTCATTCACT-1,4.890427196082905,-1.9212369100253164
CGCGTTTTCTAGAGTC-1,0.7034483790968218,-1.7922122852007925
CGCGTTTTCTCTTGAT-1,2.375187718925313,0.38473653038339034
CGCGTTTTCTTTCCTC-1,0.3015870690916338,-1.0991206542651235
CGCTATCAGATCCGAG-1,2.811373317298726,-1.8295239583651601
CGCTATCAGATCTGCT-1,-9.404297745170757,3.2824915273983897
CGCTATCAGGAATTAC-1,-0.8567276656057081,0.33163233836488143
CGCTATCAGGAGTTTA-1,2.4160383582685747,1.1249332054455699
CGCTATCAGTAGTGCG-1,4.136273944434956,-0.9122296945254385
CGCTATCAGTGCTGCC-1,2.9816742778394976,-0.6324057356516897
CGCTATCAGTGTCTCA-1,2.515887343940572,0.21699610342578307
CGCTATCAGTTACGGG-1,2.1754656673048296,-3.2695175782839834
CGCTATCCAAGCCTAT-1,3.9576588512037554,0.7294453605015696
CGCTATCCAAGTCTGT-1,4.856163585243062,-1.5050857440630971
CGCTATCCAATCACAC-1,5.492979610023335,-1.9476436750094472
CGCTATCCACGACGAA-1,-0.40737560981766796,1.7605175598462046
CGCTATCCAGATAATG-1,3.9828921199415483,-2.9270893708865224
CGCTATCCAGGAATCG-1,-12.412958061638042,0.12547362213329688
CGCTATCCATATACCG-1,1.4024191737745562,-2.171237863699633
CGCTATCCATATACGC-1,3.581333720741109,1.6966513021786631
CGCTATCCATGCCTAA-1,2.3733926654432573,1.9939332826931895
CGCTATCGTACGAAAT-1,4.773732268867329,-1.9105791227023183
CGCTATCGTAGGGACT-1,4.781544768867329,-1.1036093608538686
CGCTATCGTATATGGA-1,0.38359328514082813,3.480504356225294
CGCTATCGTCAAAGAT-1,2.5539158225630083,0.3498305900891246
CGCTATCGTTCCATGA-1,-0.262782251777812,-7.063214458624559
CGCTATCGTTGGTAAA-1,6.657140338477925,0.5443515702088297
CGCTATCTCACCGGGT-1,2.0206128001783648,-1.1223734990756093
CGCTATCTCAGTCAGT-1,-0.7267479657556257,1.494811259110731
CGCTATCTCATCTGCC-1,-12.669934189262554,0.382227681477827
CGCTATCTCATGTAGC-1,-3.1305618643190107,1.1288313492138804
CGCTATCTCCACGACG-1,1.9608400703047075,0.3844958468277873
CGCTATCTCCTAGAAC-1,-1.1592867880489073,1.7337640150387705
CGCTATCTCCTCAACC-1,0.8530209899519243,2.0309322698910655
CGCTATCTCGGGAGTA-1,4.582938277778462,-3.449791587988573
CGCTATCTCTAGAGTC-1,-4.00301471942918,0.6791766508419932
CGCTATCTCTTTAGTC-1,-11.50113574260728,2.2268787248928965
CGCTGGAAGAGGGCTT-1,-0.6266275405313215,-1.3979015723864614
CGCTGGAAGATGCGAC-1,1.642960870323018,1.760245166619581
CGCTGGAAGCGACGTA-1,-11.535955345573589,1.034770451386732
CGCTGGAAGCTCCTCT-1,1.2645574451063433,-3.0534493104617177
CGCTGGAAGGTGTGGT-1,-11.363289749565288,2.8840511663754405
CGCTGGAAGTCGCCGT-1,4.845271194038228,-1.8926688806216299
CGCTGGAAGTTTCCTT-1,-3.138982808532878,-0.04331014315291032
CGCTGGACAAGGTGTG-1,0.12919064765913868,0.6121107562382639
CGCTGGACACCAGATT-1,-3.0898907541658125,0.4646308644612254
CGCTGGACACCTATCC-1,1.643169486579732,1.9970663412411631
CGCTGGACACGGCGTT-1,5.616966331062153,-1.5368055478732168
CGCTGGACACTTCGAA-1,2.2821851611707964,-3.301088728110033
CGCTGGACAGTGGAGT-1,4.127167785224751,-3.128288187185961
CGCTGGACATACTACG-1,3.824282252845601,1.776300631364149
CGCTGGACATCGACGC-1,3.88803776508315,1.5277205332119883
CGCTGGAGTATGAATG-1,3.3088723064039507,-2.7219990865389883
CGCTGGAGTCACCCAG-1,5.227192008552388,-0.6762622372309743
CGCTGGAGTCCGAATT-1,5.317524516639546,-2.052409805456835
CGCTGGAGTCCTCTTG-1,4.426611030158833,-3.475308336416918
CGCTGGAGTCGGATCC-1,4.832860553321675,-1.238836921850878
CGCTGGAGTGCATCTA-1,5.057825648841694,-2.5568997041384756
CGCTGGAGTGCGATAG-1,-0.5245858191873274,2.021130405267042
CGCTGGAGTTAAAGAC-1,-3.1240202545549116,0.8242410643895091
CGCTGGAGTTATGCGT-1,2.01130756145461,-1.9880315438906728
CGCTGGAGTTCGCGAC-1,1.6681948543165483,-3.336188472906786
CGCTGGAGTTGAGTTC-1,0.262447559890584,2.099414072831434
CGCTGGATCAACGCTA-1,-0.6901948809053144,-1.5026867763201772
CGCTGGATCATAAAGG-1,-0.6858008264924726,1.6845718248684824
CGCTGGATCTACTCAT-1,-1.65763050908105,3.782992206414503
CGCTGGATCTCACATT-1,-0.41254422658936596,1.5328052862484873
CGCTGGATCTCGTTTA-1,5.50421150928481,0.6101138814289988
CGCTGGATCTCTGTCG-1,-3.9021286129380903,0.6723733170826853
CGCTTCAAGAAACCAT-1,4.378432834205464,-2.402213730017382
CGCTTCAAGACTCGGA-1,4.8453508258436475,-1.9778565541903554
CGCTTCAAGAGACGAA-1,-0.26560918087021923,1.381724797089857
CGCTTCAAGATATACG-1,2.7345291019056597,0.43309473236398116
CGCTTCAAGCGCTTAT-1,-12.76474658245103,0.8107285126049937
CGCTTCAAGCGGCTTC-1,1.2116165996168413,0.6305608971913279
CGCTTCAAGGACACCA-1,-0.6408141612436018,1.4842459781964243
CGCTTCAAGGCAATTA-1,4.164094531593159,0.21288019408778563
CGCTTCAAGGGCATGT-1,-1.4526378422404966,3.282189451058668
CGCTTCAAGTGCGATG-1,3.5261636615370073,-0.5049367324511587
CGCTTCAAGTGTCTCA-1,1.1842573524091997,-1.5246895925204336
CGCTTCAAGTGTGAAT-1,-11.51960269207017,1.014519534905714
CGCTTCACAACCGCCA-1,-10.591402924003765,-0.7665157095591604
CGCTTCACACCAACCG-1,4.884636962470845,1.53721769889192
CGCTTCACAGACAGGT-1,-0.11929074520127392,1.478423558076185
CGCTTCACAGCCTTGG-1,4.90716274982436,-3.0264310018221914
CGCTTCACATCCGCGA-1,3.6108122706983843,-1.7761863843600332
CGCTTCACATGATCCA-1,5.239012801704243,0.8900656922657908
CGCTTCAGTACAGTTC-1,2.9180055499647417,-1.7773508207003652
CGCTTCAGTCATACTG-1,2.8074890018080034,-1.9451614991824209
CGCTTCAGTCATATGC-1,-12.418569481315776,1.94239827235536
CGCTTCAGTTCAGTAC-1,-3.654665863456889,-0.12573174397154435
CGCTTCAGTTGCTCCT-1,-1.4270587399031363,-1.1327972785632192
CGCTTCATCAGCTCGG-1,0.2566429019544878,-0.49334893385573014
CGCTTCATCATTGCGA-1,2.097599828300313,-0.2861616090933858
CGCTTCATCGAGCCCA-1,2.865621650276021,-0.31409908095999345
CGCTTCATCTTTACAC-1,0.9949530006025591,1.1103686912854136
CGGACACAGAGCAATT-1,-3.9753824829484663,0.24077173312501327
CGGACACAGCAGACTG-1,6.180984580573872,0.32497774799661056
CGGACACAGCAGCCTC-1,-11.348746216240093,1.5903647764523448
CGGACACAGCGTCTAT-1,5.1225162387464795,-2.980376876990038
CGGACACAGCTACCGC-1,-11.958819305839702,0.6875343545277537
CGGACACAGCTCAACT-1,5.582568252143696,-2.0550398008029043
CGGACACAGGTTACCT-1,-12.330920135917827,2.1022215708096446
CGGACACCAAGGTTCT-1,4.5494500041578565,1.7085963114102305
CGGACACCAATCCAAC-1,5.025898063239888,0.1568734793861331
CGGACACCACCCATGG-1,2.9987970233534136,1.3892137630780161
CGGACACCAGACTCGC-1,1.454869353828267,1.981468163331312
CGGACACCAGTATGCT-1,-3.5214687942887983,0.3523147924740733
CGGACACCATTGGGCC-1,4.611246669349507,0.16414278735713378
CGGACACGTAAGTGGC-1,3.9132557750318804,-1.890106715361315
CGGACACGTCAAGCGA-1,5.04089077716811,-2.8538374082247793
CGGACACGTCCTGCTT-1,-3.9807018398668013,0.4548143668969096
CGGACACGTCTCTTAT-1,1.399273002204732,-1.0705591813723623
CGGACACGTGACGCCT-1,4.229697310981587,-1.8667518273989736
CGGACACGTGAGGGTT-1,1.2225681186292925,0.5131600721676768
CGGACACGTGTGTGCC-1,2.251457297859029,0.10728518002973214
CGGACACTCACCGGGT-1,-11.214203751030132,1.995535455544752
CGGACACTCAGCAACT-1,4.8680511355970655,-3.08066502968474
CGGACACTCCACGAAT-1,6.061995589790181,1.1786077841122569
CGGACACTCCAGTATG-1,0.1448049188230791,-1.4258933440844594
CGGACACTCTAACTGG-1,-0.7761779784585676,0.4874583705265941
CGGACACTCTACCAGA-1,-10.708853638115093,1.0159884913762034
CGGACACTCTCCGGTT-1,3.0969363093946733,1.669221363862318
CGGACACTCTGAGGGA-1,0.34737225776656055,2.899701200326246
CGGACACTCTGTCTAT-1,1.2578442931745806,-3.9686681405703603
CGGACACTCTTGCAAG-1,3.802372539100484,-1.7466360704104482
CGGACGTAGAGGTTGC-1,-10.14742652172105,3.231812082131666
CGGACGTAGATGGCGT-1,-12.851316368522808,1.5157729013760508
CGGACGTAGCGATGAC-1,0.9445200801466265,-2.3954121247927724
CGGACGTAGGCATTGG-1,3.6612349391554155,1.8380474670727671
CGGACGTAGTAGTGCG-1,4.388003909644917,-2.358201183478075
CGGACGTAGTGACTCT-1,0.166882956085042,2.3962741716702403
CGGACGTCACAAGACG-1,4.339583480415181,-0.09432993094130143
CGGACGTCACGAAATA-1,0.7730308414076128,-2.2669710294405996
CGGACGTCACTACAGT-1,-3.0547780155564985,0.7394954188664378
CGGACGTCAGGGTACA-1,1.3555992484663286,3.3657120092709483
CGGACGTCATCCAACA-1,3.0624662280653276,0.16481213261680022
CGGACGTCATTCACTT-1,-1.7925457715417585,3.573866926034254
CGGACGTGTAAGAGGA-1,-2.8869504093553267,1.1558029278119029
CGGACGTGTAGAAAGG-1,-1.2107250600482664,3.504991613229078
CGGACGTGTAGAGGAA-1,0.19102593666060352,3.5296600683529795
CGGACGTGTATATCCG-1,3.0683084369276323,-2.376767553488451
CGGACGTGTCAAAGCG-1,0.8822365642164507,0.5913093610604228
CGGACGTGTCGAAAGC-1,1.2789526820753374,2.7477086408932627
CGGACGTGTGACTCAT-1,0.024295175132588387,0.7355335577328623
CGGACGTGTGCCTGGT-1,2.481712663230733,2.5175686701138438
CGGACGTGTTACGTCA-1,3.0048743129347124,2.4592717512448252
CGGACGTGTTAGAACA-1,3.9085660815809526,1.6015295608838023
CGGACGTTCAGGTTCA-1,-11.525968468132183,0.8185749872525157
CGGACGTTCCGAAGAG-1,2.4205289722059526,-1.6316125766436635
CGGACGTTCCGCATAA-1,1.4852422118757524,-3.880170978705126
CGGACGTTCGAATCCA-1,1.9107247233961382,-0.4159486667315541
CGGACGTTCGAGAGCA-1,-3.2173762678529463,-0.5866769329707204
CGGACGTTCGGACAAG-1,-3.2667950748826704,0.7257374151547373
CGGACGTTCGGCCGAT-1,1.300889337119893,1.5093878134091319
CGGACTGAGAACAATC-1,-0.8389054893876753,0.4027189834912242
CGGACTGAGCCACCTG-1,4.516413772163228,-3.494743742148119
CGGACTGAGTCTCAAC-1,-11.361623680534526,1.597274981339735
CGGACTGCACCAGTTA-1,4.914857471046284,-1.9506742135684072
CGGACTGCACCGAAAG-1,-9.185283100547954,3.3651350363095225
CGGACTGCACTATCTT-1,3.518648231086568,1.3629643543560923
CGGACTGCACTTCTGC-1,4.138832652625874,2.3437040670712412
CGGACTGCAGCCAATT-1,2.933136069831685,-0.44825480143232926
CGGACTGCAGGGTACA-1,2.533132398185567,1.5917238815625132
CGGACTGCAGTAAGCG-1,4.489899718818501,-0.10265929261847123
CGGACTGCATACAGCT-1,5.7204094768141065,-0.2655956820647298
CGGACTGGTAAATGTG-1,4.776847922859028,0.20860765864447967
CGGACTGGTAAGGGAA-1,-12.321772491874858,2.1169310434658946
CGGACTGGTACCGCTG-1,-11.60862914318101,0.5921164377530039
CGGACTGGTACCGGCT-1,0.593216979560689,2.4688130243618907
CGGACTGGTCTCTTAT-1,-11.874091064872905,2.7130936010678233
CGGACTGGTGGTACAG-1,3.418848598060445,0.1945089175303401
CGGACTGGTTGAACTC-1,-11.469073212089702,-0.5904677287737905
CGGACTGGTTTGACAC-1,4.376902186927632,-2.358759321371752
CGGACTGTCAACGCTA-1,-1.2683422363723955,0.3363897277911128
CGGACTGTCAGTCAGT-1,5.796893203315571,-1.7200518027941762
CGGACTGTCATGCTCC-1,4.553680026588276,0.47030856450395003
CGGACTGTCCGAATGT-1,-0.6015833973314009,0.035879284044069204
CGGACTGTCCGGCACA-1,4.7793107867811475,1.1216363533337534
CGGACTGTCGGCGCTA-1,-1.9651229738618574,3.5982347353299082
CGGACTGTCTGGCGTG-1,3.6796580195997515,0.9414720161755503
CGGAGCTAGACCTAGG-1,4.524046981391743,-2.4227813855807363
CGGAGCTAGAGGTACC-1,-12.165430939140483,-0.6033731476466238
CGGAGCTAGATCGGGT-1,4.626197421607808,-2.541496671835619
CGGAGCTAGCAGCGTA-1,-11.074331200065776,0.11986997527377025
CGGAGCTAGCTAAGAT-1,0.5334732175443926,-0.39534024159117326
CGGAGCTAGGAGCGTT-1,-0.5630650281335554,0.6579889877636851
CGGAGCTAGGAGTCTG-1,2.7629071117018023,2.9609161241848887
CGGAGCTAGTTAGCGG-1,-2.0791933893586836,3.6438656671841563
CGGAGCTCACCATGTA-1,0.4184696317289629,3.4237097128231944
CGGAGCTCACCGAATT-1,0.7753797412489214,3.470012985070509
CGGAGCTCACTCTGTC-1,3.7154055476759233,1.1313392742474497
CGGAGCTCACTGCCAG-1,4.312897765693501,0.8094189985592783
CGGAGCTCAGCTGTAT-1,1.3948641658399858,-2.998851217428881
CGGAGCTCATGACATC-1,1.3174854159925737,-2.033108867804247
CGGAGCTCATGGTTGT-1,-11.685090935173198,1.973434887727064
CGGAGCTCATTACCTT-1,2.07496985202773,-1.8663341180483877
CGGAGCTGTACGCACC-1,-3.3937775253679,0.3891640528042735
CGGAGCTGTATAGTAG-1,5.165305697974995,-1.5360274688403188
CGGAGCTGTCAACTGT-1,3.9095536113355913,2.3315864427884043
CGGAGCTGTCATACTG-1,1.8719917178724566,-0.9161054269473135
CGGAGCTGTCCGACGT-1,-10.838842308464214,2.389592967828077
CGGAGCTGTTCCACTC-1,-11.952458298149272,1.6585832460720957
CGGAGCTTCACTTACT-1,0.49654241806013966,2.6936262472470225
CGGAGCTTCCCATTTA-1,1.4004648566816607,1.3413852079708994
CGGAGCTTCGACGGAA-1,2.002915227470235,0.6330742462475718
CGGAGCTTCGAGCCCA-1,3.059478366432027,1.041112802823347
CGGAGCTTCTTCGGTC-1,2.3956077933882036,2.587250314553541
CGGAGCTTCTTCTGGC-1,6.178250873145894,0.02785823484258071
CGGAGTCAGAGACTTA-1,-0.9599647879029951,0.9233124478657664
CGGAGTCAGAGGTTGC-1,-11.280815994682476,2.735063157876295
CGGAGTCAGATATGCA-1,3.015859210548238,-1.5691649095217763
CGGAGTCAGGTCATCT-1,-3.7704109310533247,-0.17906830469771012
CGGAGTCCAAGCTGGA-1,2.4571784377668657,1.6119088753064097
CGGAGTCCAATCTACG-1,5.661123359260396,-0.6442574040095388
CGGAGTCCACAACGTT-1,3.402336204109029,1.7312154396374644
CGGAGTCCACTCAGGC-1,4.338190162238911,-0.44363794485731706
CGGAGTCCAGTCAGAG-1,2.3863514304731646,0.26051611443356887
CGGAGTCCAGTTCCCT-1,0.3091488719557085,0.5157706363995493
CGGAGTCCATTAGGCT-1,0.8227942824934282,2.821951709588331
CGGAGTCCATTCCTCG-1,1.5073603034590044,1.1313382013638438
CGGAGTCGTAAACCTC-1,-10.954121506157085,1.9080773218472422
CGGAGTCGTAAACGCG-1,4.069662654456929,-2.367419161001879
CGGAGTCGTCCGAAGA-1,3.4915433765028276,1.2169353588421763
CGGAGTCGTCCTAGCG-1,-3.3112901806260786,0.04894284521536246
CGGAGTCGTGATAAGT-1,0.8483072162245073,2.956052623589796
CGGAGTCGTGCGAAAC-1,3.1177960277174273,-0.15153331319494828
CGGAGTCGTGTTTGTG-1,0.5034465432737627,2.927605472405714
CGGAGTCGTTCCATGA-1,6.582693183479146,0.0445777661104621
CGGAGTCTCACCCTCA-1,0.9174292922590532,1.0660054310162486
CGGAGTCTCCTATGTT-1,2.6623729110334673,0.877271078427595
CGGAGTCTCCTCCTAG-1,2.864490115699605,2.0871662720044077
CGGAGTCTCCTGCTTG-1,1.9637714267347612,-3.3992571012179433
CGGAGTCTCGCATGAT-1,-9.39243212932603,2.838215432961744
CGGAGTCTCGGATGGA-1,1.6430972457502642,-3.999351658026415
CGGAGTCTCTTTAGGG-1,1.7619996905897417,0.7361851557095469
CGGCTAGAGAAACCAT-1,-11.493151581230327,2.8997252806027354
CGGCTAGAGCCACCTG-1,3.278592193183736,0.5105456336338938
CGGCTAGAGCCCAATT-1,2.7985659480665483,0.04268333678440467
CGGCTAGAGCTAAGAT-1,5.494049155769185,-0.38095144192381486
CGGCTAGAGTGTCTCA-1,-0.7266420483018599,0.976977310975355
CGGCTAGCAAACCTAC-1,-2.9098861574556074,1.1746029480297984
CGGCTAGCAACTGGCC-1,2.6447060943220415,-1.7665958778063833
CGGCTAGCAAGTTAAG-1,3.877753341255025,-2.4693376199404775
CGGCTAGCAATGGAGC-1,0.07337054019911671,2.0651909931500376
CGGCTAGCACACGCTG-1,3.972524249610738,-2.4714318887393056
CGGCTAGCACGAAAGC-1,-0.8872955500508986,0.42670958479241744
CGGCTAGCAGACAAGC-1,-0.45877692693726635,3.0807278974850596
CGGCTAGCAGCTCGAC-1,2.15910013919814,-0.6756310836474477
CGGCTAGCATTACGAC-1,4.407089316901997,-1.1012503282229482
CGGCTAGGTAAGGGCT-1,3.061655128059224,0.9147022589047373
CGGCTAGGTACATCCA-1,1.4415343642805376,1.587752662499708
CGGCTAGGTAGATTAG-1,3.472004020271138,-3.420442976156908
CGGCTAGGTCGAACAG-1,-11.968756592216655,2.815301500161451
CGGCTAGGTCGACTGC-1,4.003692233619526,0.29969099899129287
CGGCTAGGTGCACGAA-1,5.013636195716694,-1.7877715007464468
CGGCTAGGTTCGTTGA-1,-0.897452092113658,-1.4334574119250356
CGGCTAGTCAATACCG-1,3.8727641940687456,-1.9667805806796133
CGGCTAGTCACAATGC-1,4.242672526893452,-2.3974312917391836
CGGCTAGTCTCTAAGG-1,-0.41289011234299755,-7.179247059027391
CGGCTAGTCTTCGGTC-1,2.3615547061537066,1.7837650402386607
CGGCTAGTCTTGACGA-1,0.9469309688185015,-0.18113479773207292
CGGCTAGTCTTTACAC-1,1.7566302657697954,-3.0101367608706533
CGGGTCAAGAAACGAG-1,1.0310564876173296,-0.6303825155894338
CGGGTCAAGACTGTAA-1,3.957226359901265,-1.9518744126956045
CGGGTCAAGGTCATCT-1,4.55972155338271,-0.8766193167368947
CGGGTCACAAAGGCGT-1,3.7930899501417437,-0.43259689966841325
CGGGTCACACAGGCCT-1,-0.9014043867017469,-1.3185499087969839
CGGGTCACACAGGTTT-1,-12.18397036785142,1.840613089402479
CGGGTCACACTGTCGG-1,3.067314708289937,-1.2859003917376577
CGGGTCACAGATAATG-1,1.629380309638814,0.8459662421544016
CGGGTCAGTACTTGAC-1,4.168364608344868,1.1590182407696665
CGGGTCAGTAGCCTAT-1,3.329883182105855,-3.491956628958422
CGGGTCAGTAGCTTGT-1,-11.248949921074077,3.179051719506544
CGGGTCAGTCGCTTTC-1,3.4238687396620073,-2.659585155646044
CGGGTCAGTGGTGTAG-1,3.5248700023268023,-2.6168166772524892
CGGGTCAGTTAGAACA-1,0.008941853103474617,0.21035862704114333
CGGGTCATCCCGACTT-1,0.13432689910872364,-6.4604908601443345
CGGGTCATCCCTCAGT-1,4.154606902656392,-0.8928000108401357
CGGGTCATCCTTAATC-1,0.4384947658155718,2.5166145189602793
CGGGTCATCGCCGTGA-1,-0.21253124469773388,1.311303220589918
CGGGTCATCGTAGATC-1,2.138338649329976,-0.03735826174421891
CGGGTCATCGTTGACA-1,2.101320350227193,1.0194070561726511
CGGGTCATCTGATACG-1,4.473023021278218,0.3331965877612056
CGGGTCATCTTACCGC-1,3.551835143623189,-1.58595124642058
CGGTTAAAGAAACGAG-1,1.8933945537184038,1.4138289316494883
CGGTTAAAGCACCGCT-1,4.370226466712788,-1.686531104246813
CGGTTAAAGCATGGCA-1,4.131948077735737,1.794514857133192
CGGTTAAAGCTCTCGG-1,5.488218390998677,-0.39057195941610917
CGGTTAAAGGTAAACT-1,3.490652644691304,1.1177643163998545
CGGTTAAAGTGGGCTA-1,-12.618038093986675,0.9102177842457713
CGGTTAAAGTGTCCCG-1,1.5760057807539263,1.4653049333889903
CGGTTAACAAAGGAAG-1,2.0709455848310747,-3.9575173036257802
CGGTTAACAAAGGTGC-1,2.8042193294142046,-3.1820761338870107
CGGTTAACAAGTCTAC-1,1.2455886245344439,3.0598400457699717
CGGTTAAGTAGGGACT-1,-11.846857941093608,-1.0583999530474721
CGGTTAAGTCAACATC-1,0.19777020221693897,2.0962005480130137
CGGTTAAGTCATATGC-1,3.7351947665785112,-2.191898264090258
CGGTTAAGTCCGAGTC-1,1.0349694133375444,-1.3722409383456289
CGGTTAAGTGGTCCGT-1,-11.596725380363628,-0.5959342495600759
CGGTTAATCAACACAC-1,5.045674407539204,-3.264462627569872
CGGTTAATCAACGAAA-1,2.9354606509779253,-1.5015005246798574
CGGTTAATCAAGATCC-1,-3.948956406059428,-0.02485317746801957
CGGTTAATCCTACAGA-1,1.1351450324629107,-1.309615649382311
CGGTTAATCCTAGTGA-1,4.322893703040913,-1.1544801370303213
CGGTTAATCGACAGCC-1,-11.144797241630718,0.7377122267086924
CGGTTAATCGGACAAG-1,3.808595740852193,1.335058890183729
CGGTTAATCTTTCCTC-1,4.1898260951612745,-0.2184093968073903
CGTAGCGAGCAACGGT-1,4.56489619022353,-1.6615434066454946
CGTAGCGAGCTCCTCT-1,-10.626757538261577,-0.07363686720533952
CGTAGCGCAAGGTTTC-1,-11.665792381706401,1.3725698812802256
CGTAGCGCACCAGTTA-1,3.524454200324849,1.788076959451002
CGTAGCGCACCGGAAA-1,1.303142631110982,-3.9434892312686025
CGTAGCGCACCGTTGG-1,4.664729201850728,-2.0554560796420156
CGTAGCGCAGGGCATA-1,-0.1729288458253584,3.6433268411953867
CGTAGCGCAGTCACTA-1,4.462766730842427,-1.8755773679415761
CGTAGCGCATACCATG-1,-10.716366684379741,0.7796404584248484
CGTAGCGCATCTACGA-1,1.1126037479017534,3.1522067411740244
CGTAGCGCATGCCCGA-1,-11.245134270134136,3.0807634218533457
CGTAGCGCATTATCTC-1,-0.2102513670350752,0.62635024627046
CGTAGCGGTACAGACG-1,-1.4918829708720884,-1.1544670240084707
CGTAGCGGTACTTAGC-1,-0.5610061048890791,1.5053431614239634
CGTAGCGGTCAAAGAT-1,-11.38133994335191,1.3317691906292857
CGTAGCGGTCAACTGT-1,0.4842350125883379,3.5669926031430186
CGTAGCGGTCACTGGC-1,2.5216527820204058,-3.2873424665133535
CGTAGCGGTCGAAAGC-1,-0.20712963336960888,3.7138923033078135
CGTAGCGGTCTCAACA-1,-10.533552086296245,2.944016776879591
CGTAGCGGTGCAGACA-1,1.7788451552961626,0.20500839491681472
CGTAGCGGTGGCAAAC-1,2.6675308585737505,-2.3224076406161367
CGTAGCGGTTAAGTAG-1,6.440093123969868,0.289533652265829
CGTAGCGGTTTAAGCC-1,6.159238421974019,-0.35001734654112443
CGTAGCGGTTTGCATG-1,-0.492763256969615,3.441536031564039
CGTAGCGTCAGGCCCA-1,2.2807465434644976,3.0315049513180674
CGTAGCGTCATCGATG-1,2.482255303916768,1.0318163855870188
CGTAGCGTCCCTCAGT-1,1.3151100516889849,2.321289144357008
CGTAGCGTCTGCAAGT-1,1.629439199027852,-2.000325836340624
CGTAGCGTCTTAGCCC-1,1.008068168220357,1.563775382836622
CGTAGCGTCTTGTACT-1,-11.516391670646831,1.1870160921414317
CGTAGCGTCTTTACGT-1,-11.86034098857896,0.7986257298787058
CGTAGGCAGAATTGTG-1,-11.399862205925151,0.6566512211163462
CGTAGGCAGCGATGAC-1,1.3538637996290483,-3.314004339377123
CGTAGGCAGGCATTGG-1,-12.475449478569194,1.4423766954739512
CGTAGGCAGTGACTCT-1,3.6814375758741655,2.433836303551954
CGTAGGCCAAGCGTAG-1,-9.720979607048198,3.2846346720059336
CGTAGGCCAAGTACCT-1,0.9783974528883257,-2.213392175833422
CGTAGGCCACAAGTAA-1,0.3174024463270464,3.6143344267208994
CGTAGGCCACGTCAGC-1,0.2762882352445879,1.3469520433743418
CGTAGGCCAGGTCGTC-1,4.802123153266743,-1.6716934816042959
CGTAGGCCAGGTTTCA-1,-10.969736015739604,2.9646287782986582
CGTAGGCCATATACCG-1,1.521601760444478,-1.2419840470950185
CGTAGGCCATTCCTGC-1,6.166140163001851,0.44929622848824874
CGTAGGCGTAAATGAC-1,-10.913365280571147,2.2248290403683604
CGTAGGCGTAGCGATG-1,4.693598353919819,-0.11743830899401292
CGTAGGCGTATTCTCT-1,5.775636279640034,0.6950938328106822
CGTAGGCGTCCGTTAA-1,0.8198026061628618,1.4452248438198985
CGTAGGCGTCCTCTTG-1,-2.8720358967210493,1.1955018862088145
CGTAGGCGTGACTCAT-1,-3.682373440208598,0.38711135824517623
CGTAGGCGTGCCTTGG-1,2.904593074378804,-0.3513972536723195
CGTAGGCGTGGAAAGA-1,1.0191820502851763,2.556457839806837
CGTAGGCGTTATTCTC-1,-12.416134750785991,2.5491188391049326
CGTAGGCGTTCGCTAA-1,0.7793208003614702,-2.681898750464159
CGTAGGCTCACTTACT-1,-11.08573333019273,1.1702324970562876
CGTAGGCTCAGTCCCT-1,0.9243918300245562,-0.6052756683032094
CGTAGGCTCTAACCGA-1,4.191633307990864,-2.1205379144351064
CGTAGGCTCTCGAGTA-1,1.7150205016706743,-0.6547165290515005
CGTAGGCTCTGGTTCC-1,-12.360488808098003,2.5702970846493662
CGTCACTAGACGCAAC-1,4.5492106319044385,-3.705572761694628
CGTCACTAGATCCGAG-1,0.2717624545667925,3.055256210168165
CGTCACTAGGTAGCCA-1,6.449861133155659,-0.6453366653124868
CGTCACTAGTCAAGCG-1,-0.664602434578105,0.6635944469769419
CGTCACTCAAAGCGGT-1,-11.205862915458843,1.289993725617689
CGTCACTCAAGCCTAT-1,0.2510579467390337,3.3421831949551524
CGTCACTCACCAACCG-1,-12.43040934795396,2.015268646081251
CGTCACTCATCCGTGG-1,-11.491924202385112,2.2844985349972666
CGTCACTGTAGCGCAA-1,6.604127490577534,0.0621832719941558
CGTCACTGTCAGAATA-1,-1.7547940372850142,3.4722889288266123
CGTCACTGTCCGAATT-1,1.5639816165540972,-3.8131021634738027
CGTCACTGTCGGGTCT-1,2.642564141807393,1.8704350813229502
CGTCACTGTGTCTGAT-1,5.717652404365376,-0.4083391801516591
CGTCACTGTTGTGGAG-1,-3.2671156286622725,0.3124606086810054
CGTCACTTCCCTAATT-1,3.5282793880079546,-0.03888966898127183
CGTCACTTCCGAAGAG-1,1.7416139484022417,-0.2097528056304036
CGTCACTTCGAGCCCA-1,-12.766337311210796,1.3348164184887827
CGTCACTTCGTAGGTT-1,0.047255003509358406,0.9235978945095957
CGTCACTTCTGCAAGT-1,4.546992385444478,1.4539558513958872
CGTCAGGAGACTACAA-1,1.8233755469892778,2.8004091604550303
CGTCAGGAGAGACTTA-1,1.8505056739424028,1.1120522840817393
CGTCAGGAGATTACCC-1,-0.7389641165162764,3.6006255968411387
CGTCAGGAGCTAGCCC-1,-9.94355574840562,2.28138216574983
CGTCAGGAGGTGCTTT-1,-11.76521102184312,0.33943796892957107
CGTCAGGAGTTTCCTT-1,3.2961321712110796,-3.0084914342562734
CGTCAGGCAACTTGAC-1,-0.9271674811269484,0.6569624169667185
CGTCAGGCAAGCCGCT-1,1.7266081214521685,1.3704665525753916
CGTCAGGCACAACGTT-1,-10.837448036613628,2.691843829949659
CGTCAGGCACAGCCCA-1,0.7296479583357134,1.8270527942974986
CGTCAGGCACGTGAGA-1,3.2850471377943316,-1.8448965922991811
CGTCAGGCAGGGTTAG-1,-0.7851918696786604,-0.10922577242060288
CGTCAGGCATCCTAGA-1,-0.6561047791864119,-7.107027210394579
CGTCAGGGTACTTGAC-1,2.444380605277852,2.4074462278683604
CGTCAGGGTAGCTTGT-1,2.0086077094648638,-3.2384676114718496
CGTCAGGGTATTAGCC-1,4.019420230445698,1.7818142994244517
CGTCAGGGTCAGCTAT-1,-0.08196524375931835,0.9447754844029368
CGTCAGGGTCCGAATT-1,4.70305069690688,-1.8913178817431509
CGTCAGGGTCGGCTCA-1,3.6010757327650347,-0.1538993195693074
CGTCAGGGTGTTTGTG-1,4.64356526142104,1.9462756737072886
CGTCAGGGTTAAGACA-1,-12.283000862541362,-0.3518521265189229
CGTCAGGGTTCAGTAC-1,-10.384671127739116,-0.4210688845316945
CGTCAGGGTTCGAATC-1,0.9503801704023638,3.5139463766415537
CGTCAGGTCACAGGCC-1,0.9728959441755571,2.0156498773892344
CGTCAGGTCACCAGGC-1,4.110097968635396,-2.080434002081591
CGTCAGGTCAGGTAAA-1,-0.10614112609879589,0.20261750360326186
CGTCAGGTCAGTGTTG-1,0.3324143529508867,3.535022817452711
CGTCAGGTCCGATATG-1,3.336862647590474,-1.1165641919772207
CGTCAGGTCGCTTGTC-1,-12.484960472526714,0.32714743157224074
CGTCAGGTCGGGAGTA-1,3.3389201999281206,1.0430979355175913
CGTCAGGTCGTGGACC-1,0.8665459991071978,2.4388302191098155
CGTCAGGTCTCGTTTA-1,-0.06917325252549267,2.0725731476147593
CGTCCATAGAACAATC-1,2.4701925159071245,-0.44384334246321305
CGTCCATAGACCTTTG-1,-0.12764552825944042,1.7296281679470957
CGTCCATAGGAGTCTG-1,-9.596259987297222,2.5419000013668955
CGTCCATAGGTACTCT-1,2.406420791206197,0.17344440509871856
CGTCCATAGTGCTGCC-1,3.23256262546523,-2.0249261037509023
CGTCCATAGTGGGCTA-1,-12.420791542473003,1.709598503907484
CGTCCATCAATCCAAC-1,-11.511944687309429,0.7229827268917979
CGTCCATCAATGGAGC-1,-1.7845994889165602,3.5458176954586924
CGTCCATCACATCCAA-1,2.5472229362104692,-0.8890056983630239
CGTCCATCACCATCCT-1,3.168848598060445,2.1624208315213145
CGTCCATCACCATGTA-1,3.6500583530042925,0.21793825169400588
CGTCCATCAGCGAACA-1,-3.6483101009751997,0.3807040079434337
CGTCCATCAGTCAGCC-1,3.637713515815572,0.19414501627282515
CGTCCATCATGCTAGT-1,1.5720976234052935,-1.1558714286486684
CGTCCATGTAATAGCA-1,4.162896239814595,0.4438061042626323
CGTCCATGTACCGTAT-1,0.3341606498335161,1.7355347498257578
CGTCCATGTAGTGAAT-1,2.891775214729146,-3.112576164404589
CGTCCATGTCATGCAT-1,-12.051222717704936,0.6106019838650645
CGTCCATGTCTAAACC-1,2.096026742515401,-3.3099280969302236
CGTCCATGTGAGCGAT-1,-0.8878903149987898,0.6332080586750926
CGTCCATGTGCTGTAT-1,3.4770217776869097,-1.3196165935198843
CGTCCATGTTGTTTGG-1,1.541855895576314,0.4627623780568065
CGTCCATTCACATGCA-1,-0.05597606891648388,0.9816487058003367
CGTCCATTCAGCCTAA-1,1.8017204642866411,0.2092169522245349
CGTCCATTCATGGTCA-1,5.509779059943989,-1.1641905681292593
CGTCCATTCCGAAGAG-1,2.719536387977437,-0.9521382228533803
CGTCCATTCCTCTAGC-1,6.027212703285054,0.781015716393751
CGTCCATTCGATCCCT-1,-3.154391562881633,0.03658669432000533
CGTCCATTCGGCTTGG-1,1.2707818389509478,0.7045424207051219
CGTCCATTCGTCGTTC-1,-2.985756671371623,1.0997282489140452
CGTCCATTCTGGTTCC-1,5.4590640903089795,-1.7762028352419912
CGTCCATTCTTACCTA-1,0.6583972812269487,3.165102802117628
CGTCTACAGAGCCCAA-1,1.6704584003065386,-1.4569126741091787
CGTCTACAGCCCGAAA-1,0.22216376071913624,1.6050740106900157
CGTCTACAGCGCCTTG-1,2.745314681587056,1.7177806719143809
CGTCTACAGCTCTCGG-1,1.224729144630269,0.6197023614247263
CGTCTACAGGGATCTG-1,-11.282353317680522,1.5457360370953501
CGTCTACAGTAATCCC-1,0.01869126564009571,1.9742438419659556
CGTCTACAGTGCGTGA-1,-3.174153602066203,1.027385197480482
CGTCTACAGTGGGTTG-1,5.234832847175435,0.3676332457859935
CGTCTACCAATGAAAC-1,0.9721394420240679,2.6953073366482676
CGTCTACCACAACGTT-1,2.215157830772237,-2.7481092588107168
CGTCTACCAGCTGCAC-1,1.8390327334974566,-3.764070190588671
CGTCTACCAGTCAGAG-1,-11.618696129264995,0.6499068363507212
CGTCTACCAGTCAGCC-1,-0.6429361462022505,2.3178652151425303
CGTCTACCATGTAGTC-1,4.596585357246235,-0.7476938144366323
CGTCTACGTACGAAAT-1,-2.039902245941325,2.5006469114621104
CGTCTACGTAGTAGTA-1,2.815401637611226,-0.3247200922171651
CGTCTACGTCTCCCTA-1,-12.7940940021898,1.4581635816891612
CGTCTACGTCTTGTCC-1,2.9038072467420855,1.6997289284069956
CGTCTACGTGACAAAT-1,-0.6049774646188459,0.9157458766301096
CGTCTACGTTACCAGT-1,2.566143357810811,2.572928272088331
CGTCTACTCAACACCA-1,-3.5016843437577925,0.3434754683573665
CGTCTACTCACTGGGC-1,2.6302953601454058,0.4457366987069072
CGTCTACTCCGGCACA-1,2.18920644527419,-0.3271667138735829
CGTCTACTCGCCATAA-1,2.1984878421400347,-3.089277424017626
CGTCTACTCGTTGACA-1,-12.367152130546733,-0.7020532266299306
CGTCTACTCTCGCTTG-1,2.0181098819349566,-0.4407032505671559
CGTCTACTCTTATCTG-1,-11.422259247245952,2.5361412390072764
CGTCTACTCTTGCATT-1,6.521182143745259,-0.5974505917231618
CGTGAGCAGATCCTGT-1,-12.41031829113023,1.7485713585217417
CGTGAGCAGCACGCCT-1,3.5031605601881304,1.0561479552586497
CGTGAGCAGCTCAACT-1,1.8527046084974566,-1.089822210470873
CGTGAGCAGGCACATG-1,5.489255511817769,-0.11001328388853654
CGTGAGCAGGTTACCT-1,3.2963171840284624,2.0387222393353404
CGTGAGCAGTACGACG-1,0.9595304370497026,0.4727515204747142
CGTGAGCAGTGCAAGC-1,-1.9357533215905867,-6.931294120947557
CGTGAGCAGTGGGTTG-1,-10.675495064201519,-0.2003904358546315
CGTGAGCAGTTATCGC-1,-3.6320737957383833,0.7303500397999705
CGTGAGCAGTTGCAGG-1,1.0862387061689653,-3.1632112638155996
CGTGAGCCAAGTTCTG-1,-3.903451597633525,-0.10544855157538041
CGTGAGCCACTGTGTA-1,4.471824729499653,-1.2654935495059072
CGTGAGCCAGACGCCT-1,2.6389988303755083,1.2373901232083262
CGTGAGCCAGCCTATA-1,-12.219968712272808,2.4049042089779795
CGTGAGCCAGCTTCGG-1,-0.40520766967789745,1.874380670388502
CGTGAGCCAGGAATCG-1,3.4711123347852983,1.2538661583264292
CGTGAGCCAGGTCCAC-1,3.6447997928236284,-0.32496918002768144
CGTGAGCGTAGGCATG-1,2.100094878730611,1.5247950180371226
CGTGAGCGTCACCTAA-1,1.7983384967420855,2.4111882074673594
CGTGAGCGTCATATCG-1,1.7054057956312456,1.749177656968397
CGTGAGCGTCTAGAGG-1,-10.826416885795757,1.6292348726590098
CGTGAGCGTGCATCTA-1,-11.041032707634136,2.396693788369459
CGTGAGCGTGTAAGTA-1,-1.5878933727170668,3.6291521414120615
CGTGAGCGTGTGGCTC-1,1.8814278483961382,2.7641757353146494
CGTGAGCGTTACCGAT-1,-3.6944212078477583,-0.32977495352430924
CGTGAGCTCAACGAAA-1,3.487156474647359,-2.4591583387057363
CGTGAGCTCACCCTCA-1,1.4274726749037066,2.5577977522213877
CGTGAGCTCAGAGACG-1,4.655479037818745,-1.2524168864886343
CGTGAGCTCAGCCTAA-1,1.8095119834516802,0.842321298917097
CGTGAGCTCAGTTAGC-1,-10.921848213615581,2.321176610787672
CGTGAGCTCCACGCAG-1,1.321049535331563,3.1395204885800303
CGTGAGCTCGACCAGC-1,1.6324733138654985,-0.5576975123087942
CGTGAGCTCGCCCTTA-1,0.38943299060805225,3.187721095879835
CGTGAGCTCGTCTGAA-1,-3.873164331855937,-0.17834306518240556
CGTGAGCTCTCAAGTG-1,0.8102451205824175,-2.349371828238207
CGTGTAAAGAAACGCC-1,1.4434851050947466,1.0939099415142954
CGTGTAAAGAAAGTGG-1,-0.23842529052750683,2.207310758431715
CGTGTAAAGATTACCC-1,0.8546825290296831,-1.426037587324816
CGTGTAAAGCTATGCT-1,-11.712937271537944,1.6551180704434336
CGTGTAAAGGATTCGG-1,0.10746797328932667,2.022802553971571
CGTGTAAAGGCTAGAC-1,1.863118970451192,-3.0042423383395254
CGTGTAAAGTGACTCT-1,-1.7194714903260908,2.674429260094923
CGTGTAACAAGCCGTC-1,2.335599267539815,2.6991527899105967
CGTGTAACACACATGT-1,-12.818197166862651,0.7012124284108103
CGTGTAACACAGCGTC-1,4.0395241618727,2.3114779814083994
CGTGTAACACTTAACG-1,0.6786454558943071,3.078817926247877
CGTGTAACAGACGCAA-1,1.4819160342787066,1.385601602395338
CGTGTAACAGCGATCC-1,1.5008664966200151,0.5740698798497141
CGTGTAACAGCGTAAG-1,3.7448817134474077,-3.3544949666659414
CGTGTAACAGTATCTG-1,0.9593680739973345,2.3204663618405283
CGTGTAAGTACAAGTA-1,-12.063545143547222,1.656403146584791
CGTGTAAGTACCGTTA-1,4.049144351539448,1.8573467357953013
CGTGTAAGTGAACCTT-1,-12.118721878471538,1.825827442010206
CGTGTAAGTGTGGTTT-1,-3.1256488918687544,0.5396078451474131
CGTGTAAGTTGCCTCT-1,3.117692554054097,2.6576085909207285
CGTGTAAGTTTGTTTC-1,2.1208465934370317,0.4898907466729106
CGTGTAATCATAAAGG-1,-0.2578721403505049,0.4972048326332988
CGTGTAATCCACGAAT-1,1.176459634361104,0.07947132167713061
CGTGTAATCTACCTGC-1,4.87225350147231,1.1334402187664927
CGTGTAATCTGGGCCA-1,2.0413099170301714,2.5762699468930186
CGTGTAATCTTAGCCC-1,1.8676777721021929,-0.11436956385775193
CGTGTCTAGACCTTTG-1,5.41057022815688,-1.4223734513918935
CGTGTCTAGAGTCTGG-1,-12.129562294426128,2.2959299906094492
CGTGTCTAGATAGTCA-1,-1.07548280650632,1.8973468168576182
CGTGTCTAGGAGCGTT-1,0.4488697887037554,2.9387126787503184
CGTGTCTCAAGCCATT-1,2.6056180835340776,-3.687265075842577
CGTGTCTCACAAGACG-1,1.2086668849561968,-1.4688939229647695
CGTGTCTCACCTCGTT-1,1.4008823276136675,2.334790311654371
CGTGTCTCACGCTTTC-1,0.5225907207105913,1.6088596208889903
CGTGTCTCACTGAAGG-1,3.2179222941969194,0.5846739633877696
CGTGTCTCAGGCTCAC-1,-1.1174658595945082,2.921274028619093
CGTGTCTCAGGGAGAG-1,1.5095981002424517,2.7998538835843028
CGTGTCTCATCAGTAC-1,1.8988443255995073,3.0494824274380625
CGTGTCTCATTAGGCT-1,-10.601665413322612,2.871845088799757
CGTGTCTGTCCCTTGT-1,-0.476599550190135,1.588112793763441
CGTGTCTGTCGACTGC-1,3.2315197826002398,1.5358731373150767
CGTGTCTGTCGAGATG-1,6.492528998908833,0.19763226797179595
CGTGTCTGTCGCGTGT-1,3.7111035228346148,1.0566237791378916
CGTGTCTGTGCAACGA-1,1.8282361865614214,-2.666421093146044
CGTGTCTGTGGCGAAT-1,2.63840135341628,1.9747819526989878
CGTGTCTGTTCGAATC-1,3.6442790866468706,-0.11459127823515519
CGTGTCTGTTGTACAC-1,4.318354213294819,-3.3769299165408193
CGTGTCTTCACCCTCA-1,1.796438539085225,1.3453464134533824
CGTGTCTTCAGCATGT-1,-11.248639976921245,1.971446715195936
CGTGTCTTCATGGTCA-1,-0.3968757748033247,0.9424219353993357
CGTGTCTTCCGCGCAA-1,1.088773095664815,0.9525179489453257
CGTGTCTTCCGTACAA-1,4.51280411487563,2.1063748224575938
CGTGTCTTCGCACTCT-1,2.4069157481764116,1.7889296634991587
CGTGTCTTCGCTTGTC-1,-0.06847170585648632,1.1531416996319712
CGTGTCTTCGTCTGCT-1,1.3911848903272905,0.21013066907719985
CGTGTCTTCTCGTTTA-1,5.520295703468159,-0.8649156467120229
CGTTAGAAGAAGCCCA-1,0.19811972385390186,0.19561178227261916
CGTTAGAAGATCGATA-1,2.8767524600599566,-2.304372944037157
CGTTAGAAGCGTAGTG-1,2.9102846026991167,2.4675773008664073
CGTTAGAAGCGTTGCC-1,2.1585095763777056,-1.4129848853747426
CGTTAGAAGGCAGTCA-1,1.6544929385755816,1.6106102093060435
CGTTAGAAGGTGATAT-1,1.0683036685560503,-1.9116446153323232
CGTTAGAAGTTGTAGA-1,3.8592115283582964,-1.3448579684893667
CGTTAGACACGGACAA-1,5.543158137855366,-0.364931799570757
CGTTAGACACTTACGA-1,3.6487842441175737,2.2366605623562754
CGTTAGACAGATCTGT-1,3.4311982036207476,1.654626212914747
CGTTAGACAGCTCGAC-1,5.110251510200337,-1.25641182820006
CGTTAGACAGTTTACG-1,1.9277420878980913,-3.428090728918749
CGTTAGACATAGGATA-1,0.41317685848219776,1.333731256326002
CGTTAGACATCACAAC-1,1.8879426360700884,2.726276241143507
CGTTAGACATGGAATA-1,4.180075728950337,-2.6718105451266347
CGTTAGAGTACAGTGG-1,-3.9961351513292036,0.5597709341843546
CGTTAGAGTAGCAAAT-1,-0.8735869883920393,0.06540348743395225
CGTTAGAGTATTCTCT-1,-9.949803268852397,0.41678192456559554
CGTTAGAGTGCAGACA-1,2.570530974922017,-0.08524402240915879
CGTTAGAGTGCCTGTG-1,2.763028228339986,1.5521157606442393
CGTTAGAGTTCCACGG-1,-12.893529808464214,0.8833028300602854
CGTTAGAGTTCGAATC-1,-0.5560079574014387,-7.029074825445848
CGTTAGAGTTCTCATT-1,-11.532245552482769,0.5426672621567667
CGTTAGAGTTTGTTGG-1,4.043551051673726,0.7122620566685618
CGTTAGATCAAGAAGT-1,-1.3020197234244413,-1.1128011123339712
CGTTAGATCGCCGTGA-1,3.8356543422315874,1.5699734314282359
CGTTAGATCGGAATCT-1,2.327683532295064,2.1316433771450938
CGTTAGATCGGCGCAT-1,0.17844268089278126,2.0425899847348155
CGTTAGATCTTCGGTC-1,-11.72607413524644,0.6905147655804575
CGTTCTGAGATTACCC-1,3.256383025703267,2.2316153868039073
CGTTCTGAGGACCACA-1,2.1845780253980913,1.086349926789564
CGTTCTGAGGCTAGCA-1,2.071741664466695,2.179336152871412
CGTTCTGAGGCTCAGA-1,3.148520076331929,-1.5674966947238027
CGTTCTGAGGGATCTG-1,3.334691131172017,-1.380162991682726
CGTTCTGAGGGCATGT-1,4.605047786292866,-2.211146034399706
CGTTCTGAGGTAGCCA-1,5.085340106544331,-1.1911609546343862
CGTTCTGAGTGATCGG-1,2.5583861709211626,0.01351588954524413
CGTTCTGAGTGTACGG-1,0.14067372089369679,-1.1442100183169424
CGTTCTGCAATCCAAC-1,-0.7569706797029219,1.7453270777066172
CGTTCTGCACCTCGTT-1,1.00028404003127,-3.430410541693407
CGTTCTGCAGACGCTC-1,4.806371772346333,-2.7561658994357168
CGTTCTGCAGACGTAG-1,4.925736987647847,-2.2387861386935293
CGTTCTGCAGCTGGCT-1,-10.95766535991685,-1.8787075654666006
CGTTCTGCAGGCTCAC-1,5.668937766609028,-0.508273936907488
CGTTCTGCAGTAACGG-1,-10.351083671989604,3.167856536706251
CGTTCTGCATGCGCAC-1,0.7168739677046099,3.066503129800123
CGTTCTGGTACAAGTA-1,-12.519405281486675,-0.05356317023439988
CGTTCTGGTAGAGCTG-1,0.11270173793776417,1.72933777411775
CGTTCTGGTAGCGCAA-1,-9.723158752861186,3.400350890954298
CGTTCTGGTCCAGTAT-1,0.39637502437575245,2.893959127267164
CGTTCTGGTCGTGGCT-1,0.4153151155088701,-1.509941019217211
CGTTCTGGTGCATCTA-1,2.1774257064436235,-3.182901062170702
CGTTCTGGTGCCTGGT-1,4.534393394050435,-2.0886890069644033
CGTTCTGGTTGTGGCC-1,-3.200425541343852,-0.6187958494822561
CGTTCTGTCCTTCAAT-1,3.400347793159322,-0.7951032892863332
CGTTCTGTCTGCGGCA-1,0.005319321212605477,1.61521264155702
CGTTCTGTCTTACCTA-1,2.1331075072859087,0.8668068273861826
CGTTGGGAGAATTGTG-1,1.839205348548726,-3.0348593370120107
CGTTGGGAGAGTACAT-1,0.5393694282148638,2.339027009805006
CGTTGGGAGAGTTGGC-1,0.6413911223982134,3.3597079141934336
CGTTGGGAGCGATAGC-1,2.6495164275739946,0.44686274965600387
CGTTGGGAGCGCTCCA-1,0.7398205638502398,3.0722959860165537
CGTTGGGAGCGTCTAT-1,5.246370399055317,0.09190390528486386
CGTTGGGAGCGTGAAC-1,4.136811816749409,-2.4760140554110586
CGTTGGGAGGTCATCT-1,4.003865325507954,1.3310139997799815
CGTTGGGAGGTGACCA-1,2.5326412559126177,-1.1698423997561513
CGTTGGGAGGTGTGGT-1,-12.061769401970073,0.5936115308602274
CGTTGGGAGTGGTCCC-1,2.3518148303602495,-1.5574360267321645
CGTTGGGCAATGGAGC-1,2.949016654548482,2.2881725653012217
CGTTGGGCACAGACTT-1,1.3929313064192095,2.4371634348233164
CGTTGGGCATTAACCG-1,-10.166675484123394,0.42747568329171554
CGTTGGGCATTACGAC-1,5.540864074287251,-1.9453810826937734
CGTTGGGGTACAGACG-1,4.932398879585103,-1.2914528028170644
CGTTGGGGTCAGAATA-1,4.190297210273579,-1.8570254222552358
CGTTGGGGTCAGTGGA-1,0.17145832782729054,-0.760274030367571
CGTTGGGGTCTGATTG-1,-3.7461749672319136,-0.1101884917418538
CGTTGGGGTGGTGTAG-1,2.5985258460615435,-1.567072548071581
CGTTGGGGTTCCACTC-1,4.352848136482075,-2.808854021231371
CGTTGGGTCCGTACAA-1,0.35588570838911915,1.9536760671933115
CGTTGGGTCGAACGGA-1,6.6347113490675245,0.38994827111558333
CGTTGGGTCGAGCCCA-1,-0.6175554155732832,-1.1785287038485586
CGTTGGGTCGGAGGTA-1,6.655657374915913,0.4419431014855327
CGTTGGGTCGGCATCG-1,1.975717389640645,-3.2483832017581045
CGTTGGGTCGTTACGA-1,6.554362857398823,0.2657083793480815
CGTTGGGTCTCGCTTG-1,-12.118348991813823,-0.2786104158560811
CGTTGGGTCTCTGAGA-1,2.151378476676778,1.6097907646496714
CGTTGGGTCTGGTTCC-1,-0.5380546211625776,0.7387638910611094
CTAACTTAGAGGTAGA-1,3.207369411048726,-2.0117622987429677
CTAACTTAGCAGATCG-1,3.7370901942823687,1.982619605859083
CTAACTTAGCGCCTTG-1,-11.36005679363267,0.9912818892796458
CTAACTTAGCTAGGCA-1,3.652287089881734,0.16196513166026488
CTAACTTAGTAGGCCA-1,-10.847258484306499,3.0250821932156504
CTAACTTAGTATCGAA-1,2.0498145461653032,-3.172869838873583
CTAACTTAGTGGGTTG-1,2.5313123107527056,-0.9761497155825674
CTAACTTAGTGGTCCC-1,-10.433506882133647,2.6830981596310557
CTAACTTAGTTGCAGG-1,-0.7701649426843367,0.4539163037140788
CTAACTTCAAACTGCT-1,0.8200622439955034,-0.6345100776354848
CTAACTTCAACAACCT-1,3.82042940860732,-1.6788542644183218
CTAACTTCAAGCGAGT-1,3.5137596965406694,1.8293529375393809
CTAACTTCACAGACTT-1,1.840881192741231,1.0508079751332224
CTAACTTCATCAGTAC-1,-0.24127284282700634,1.688906513055128
CTAACTTCATCGTCGG-1,-3.3651508449937544,0.5255582257111491
CTAACTTGTAAACACA-1,0.11209353214247608,-2.1974965707461416
CTAACTTGTAAGTAGT-1,-12.839179909172222,1.725945316155714
CTAACTTGTACTCGCG-1,-1.4899168669606886,0.29640799005822555
CTAACTTGTATTAGCC-1,5.316439235267476,-2.6389514581362783
CTAACTTGTCAAAGAT-1,4.564085090217427,-2.2873169557253896
CTAACTTGTCAACTGT-1,4.997265899238423,-2.840859331289965
CTAACTTGTCAGAATA-1,4.526705348548726,-1.9344681874911367
CTAACTTGTCCAAGTT-1,4.26919420963271,-1.0456661359469472
CTAACTTGTCTCAACA-1,4.946709716377095,-1.2653209344546377
CTAACTTGTCTCATCC-1,-10.742454445305034,2.306603751977247
CTAACTTGTGGGTATG-1,-12.71479312175767,1.9360031708081187
CTAACTTGTTCTCATT-1,4.787355506477192,-0.2732572929064809
CTAACTTGTTCTGAAC-1,-1.0190052747155867,3.1022847517331065
CTAACTTGTTCTGTTT-1,-11.301312363090679,0.13707208996014014
CTAACTTTCATTATCC-1,-9.53190795177476,3.3151782377560557
CTAACTTTCCACGAAT-1,1.5484965682600298,-0.48381290594740495
CTAACTTTCCTCATTA-1,3.2844978213880816,1.7532381637890757
CTAAGACAGCTCCTCT-1,-11.552382385673686,-1.6195338145892202
CTAAGACAGGAGTTGC-1,2.653731429633931,-0.09416437904043778
CTAAGACAGGCATGGT-1,-3.3138462662126265,-0.209329433838564
CTAAGACAGGCATGTG-1,-10.321720993461772,-0.04556793729467973
CTAAGACCAAACCTAC-1,3.119767272529439,-1.440793193976122
CTAAGACCAATGGACG-1,3.3271966815565386,-1.1915088073412954
CTAAGACCACAGACTT-1,6.5408063769911085,0.5482784136135996
CTAAGACCACGGCGTT-1,4.315180862006978,-3.0732282773654043
CTAAGACCAGATAATG-1,-0.772742128315135,1.926713548501295
CTAAGACCAGCCTTTC-1,2.729540908393697,-3.7696942464510976
CTAAGACCATATGAGA-1,-0.852818256559535,0.7114445789654673
CTAAGACGTAGCCTAT-1,2.459625327644185,0.775411628087324
CTAAGACGTCACTTCC-1,2.363288486060933,1.023883901437086
CTAAGACGTCAGGACA-1,3.3458901286695757,-2.527503170172411
CTAAGACGTCATTAGC-1,-12.773211395683452,0.15851570283369437
CTAAGACGTCCCGACA-1,-11.27049437755601,-0.05250113467379197
CTAAGACGTGCTAGCC-1,5.971916759071187,0.25565389533833877
CTAAGACGTGCTGTAT-1,3.4646917224500933,-0.8636587635676443
CTAAGACTCAAGGTAA-1,3.8582607150648394,-2.386823810736376
CTAAGACTCAGCTTAG-1,-12.161182320060894,1.2820789440472544
CTAAGACTCCGAACGC-1,0.31092413669569874,3.364396415551466
CTAAGACTCGAGAGCA-1,0.8151555896375933,2.3587172849972666
CTAAGACTCTACCAGA-1,0.23010917907698536,0.44950228174523726
CTAAGACTCTGCAAGT-1,3.9948736072157183,0.1218076049287738
CTAAGACTCTGGTTCC-1,6.754681670722798,0.38536917408303634
CTAAGACTCTTACCTA-1,3.620922648963765,1.5633947475750865
CTAAGACTCTTTACGT-1,2.2520151973341265,1.091000817616743
CTAATGGAGAAACCAT-1,0.8003297687147417,3.3284695967038096
CTAATGGAGAGTCGGT-1,-11.114791786613628,0.9651960357029856
CTAATGGAGCAGGCTA-1,3.0890894771192827,-1.011835493246752
CTAATGGAGCGCTCCA-1,0.986410224494771,2.1507402284939707
CTAATGGAGCTAAACA-1,1.3506079555128374,1.3169824703534068
CTAATGGAGCTGGAAC-1,-0.22172526115433788,1.2919787987072886
CTAATGGAGGACTGGT-1,-4.167254126014873,-0.13830604414148912
CTAATGGAGTGGTAGC-1,4.726893985328511,1.843155585130018
CTAATGGCAAATACAG-1,-0.4565567731286726,-0.10542146126433
CTAATGGCAAGCTGTT-1,-3.797144567909404,0.18510814001159087
CTAATGGCAAGTTGTC-1,-0.9334312140371046,-1.5077431575457632
CTAATGGCACAAGCCC-1,-12.179203903618022,2.6978801115353526
CTAATGGCACAGAGGT-1,5.3090325236891065,-1.1542854682604848
CTAATGGCAGACGTAG-1,5.124107921180562,-3.0731627122561513
CTAATGGCAGCATGAG-1,3.2123242259596148,-3.258197225729662
CTAATGGGTAGCAAAT-1,4.128699863014058,-0.7385749594370901
CTAATGGGTGTAAGTA-1,-1.992207562866374,3.553995929559034
CTAATGGGTTACGCGC-1,5.377288901862935,0.44115480025605575
CTAATGGGTTGTACAC-1,0.12138792282088184,1.353733025391859
CTAATGGTCAACGCTA-1,4.393273913917378,-2.605822481314379
CTAATGGTCACAGTAC-1,5.072082126197651,-1.0930564777056753
CTAATGGTCACGCATA-1,4.880209529456929,0.26329589625195876
CTAATGGTCCCGGATG-1,3.0100274921034136,-0.14713061610861405
CTAATGGTCCTTTCGG-1,1.816441619453267,1.4067010505993784
CTAATGGTCGTTTGCC-1,1.9025474429701128,-0.15721032778425797
CTAATGGTCTCGATGA-1,4.6264530063246045,-1.3969281093279897
CTAATGGTCTCGGACG-1,-3.454568779411479,-0.4083401338259755
CTAATGGTCTGTACGA-1,-3.8420495151902876,0.8127024396260203
CTAATGGTCTTGCCGT-1,0.020614230689839363,3.45262034972505
CTACACCAGACCTTTG-1,2.8112073779676714,-2.23839847008391
CTACACCAGATACACA-1,-0.37643179887787914,-7.006471790472704
CTACACCAGATGTTAG-1,-0.3117910384561262,-0.1245344207684575
CTACACCAGCAATATG-1,1.2946854472730913,-2.8289469854037343
CTACACCAGCCACTAT-1,3.833179557380513,0.5087264998753489
CTACACCAGCGTTTAC-1,-11.61464778179185,2.4820097311337412
CTACACCAGGAGCGTT-1,-1.506632542553111,3.692975126107496
CTACACCAGGCGCTCT-1,1.7432151675794878,-2.444156564871508
CTACACCAGTGAAGAG-1,3.601856315193013,-3.6959933416049062
CTACACCAGTGTACTC-1,-12.727612411918804,0.15393634875611678
CTACACCCAATAGAGT-1,-11.965720093193218,1.1396867855389536
CTACACCCAATGGACG-1,4.545346820411519,-1.5181705133120595
CTACACCCACTTAACG-1,1.9509516597364702,1.7914019449551524
CTACACCCATCATCCC-1,-12.46271029705064,1.163394890626234
CTACACCCATGAGCGA-1,2.703976714668111,-0.06579446057482347
CTACACCGTAAAGGAG-1,1.4783445239637651,-0.12622242430849656
CTACACCGTACTCAAC-1,6.405505263862446,0.6851906998951853
CTACACCGTATAATGG-1,3.593357646522359,-1.314255632559496
CTACACCGTCTAACGT-1,1.5103519797895708,-2.5799121038119375
CTACACCGTGAGCGAT-1,1.3361903071974077,0.19050381322698012
CTACACCGTGCAGACA-1,-9.808316147270366,2.3538556917508067
CTACACCGTGCTTCTC-1,0.9080799460981646,0.1922234891851367
CTACACCGTGTGACCC-1,1.7658742309187212,-0.5242983476321279
CTACACCGTTCCGGCA-1,-1.656623667421504,3.290109477837843
CTACACCTCCCATTAT-1,1.2365234733198442,2.3642714842160166
CTACACCTCCGTAGTA-1,0.050099098739460945,3.4565888269741953
CTACACCTCGCATGGC-1,-12.962504303398296,1.1653589828808726
CTACACCTCGCCAAAT-1,-0.8289440035249434,0.2820151968796672
CTACACCTCGGCGCAT-1,1.210662925300435,-2.90960208336516
CTACACCTCTAACTCT-1,3.2360120654676714,0.5056535228093089
CTACACCTCTCCCTGA-1,2.0397330165479937,1.236878834565443
CTACATTAGAAACCTA-1,1.6328445315931597,-0.43378493944807633
CTACATTAGAAGGCCT-1,3.259065711555318,-2.1345807687441885
CTACATTAGAGACTTA-1,1.8784922004316607,-3.171538986365038
CTACATTAGAGAGCTC-1,2.7800699115370073,-1.3035968915621816
CTACATTAGAGGTACC-1,4.316869819221333,-1.0687265769640981
CTACATTAGCAATCTC-1,0.45275183921797657,1.889157257874769
CTACATTCAAGGACTG-1,-0.8070037722017012,-1.2983036414782583
CTACATTCACAAGTAA-1,2.6269195914839067,-0.9543460981051504
CTACATTCACCAACCG-1,1.2686479926679888,2.144174419244093
CTACATTCACCAGATT-1,4.47875174289687,-0.6169834510485708
CTACATTCACGGTAAG-1,2.7601028323744097,1.7437176330883921
CTACATTCAGTCACTA-1,1.2672005534742632,2.2188459261258067
CTACATTCATCGGACC-1,-1.9047521113778791,3.666176162560743
CTACATTGTAAGAGAG-1,5.19227656131728,-1.4839094058672964
CTACATTGTACCAGTT-1,4.102587306556538,-2.9658509866396963
CTACATTGTCAACTGT-1,3.2707248569105425,-2.535531200567919
CTACATTGTCCGTCAG-1,2.470750176963643,0.8638993128140391
CTACATTGTCGGATCC-1,-1.064784666838809,3.534210763772291
CTACATTGTCGGCTCA-1,-0.06539419883744335,-0.054772965709405985
CTACATTGTCTAGTGT-1,2.937457168159322,-0.7776195184390127
CTACATTGTTCACCTC-1,2.5201679111097612,-1.8859838620822011
CTACATTGTTGAACTC-1,3.0720654368971148,1.2954437359173716
CTACATTGTTTGTGTG-1,1.8408285022352495,-3.1379794255892812
CTACATTTCACTTCAT-1,-12.349188721122905,-0.6071520225207387
CTACATTTCCGTCAAA-1,3.3254428744886675,0.5151436253388346
CTACATTTCCGTTGCT-1,-3.366633331718608,-0.12654075781508073
CTACATTTCCTCGCAT-1,-12.12550154918687,2.574188552697462
CTACCCAAGATATACG-1,0.9756077170942583,3.2282923086483897
CTACCCAAGCGTAATA-1,1.291515433845357,-0.25154677788420304
CTACCCAAGCTTCGCG-1,3.2082901836012163,1.5023377760250987
CTACCCAAGGTGATTA-1,0.12935611015303516,0.47813438614205733
CTACCCACAAGAAAGG-1,2.1491051555250444,1.529139004548353
CTACCCACAAGCGCTC-1,2.582287395057515,2.8069806917508067
CTACCCACAATGGAAT-1,-3.1523732304002485,0.8443833216031016
CTACCCACAATGGAGC-1,4.923366153297261,-2.2468833104769765
CTACCCACACATTCGA-1,6.199423873481587,0.6149139030774058
CTACCCACACCGATAT-1,0.08402415519698048,0.7977860792477549
CTACCCACACGGTAAG-1,2.150167071876363,-1.335919655958849
CTACCCACATAGTAAG-1,0.5406977773283281,3.4312527998288096
CTACCCACATGAGCGA-1,2.9232231021498003,1.9540725572903574
CTACCCACATGCAACT-1,5.231173598823384,-0.22954810420675859
CTACCCACATGGGACA-1,2.8025122523878374,0.24532655616597548
CTACCCAGTAAGGGCT-1,2.0791819930647173,0.18225646009044066
CTACCCAGTACGACCC-1,4.876596534309224,-2.349388040701586
CTACCCAGTCAGGACA-1,-0.4773840665246687,1.4377849920590342
CTACCCAGTTCATGGT-1,3.382505023536519,-1.3769784347216665
CTACCCAGTTTGTGTG-1,-0.36514369243638134,-6.734689869085985
CTACCCATCACCCTCA-1,1.2851689696882524,1.522284231980604
CTACCCATCAGCAACT-1,2.068467462119893,0.31304558356599227
CTACCCATCCCAAGTA-1,-0.6080583691026411,2.287227235635084
CTACCCATCCGCTGTT-1,6.616359317359761,0.7154728396733225
CTACCCATCCTATGTT-1,6.485349738654927,0.42080049951867476
CTACCCATCCTCAACC-1,2.052480542716817,-1.1815302745501577
CTACCCATCGCCAAAT-1,1.2737031818006792,-0.9857938663165151
CTACCCATCGTTGACA-1,1.7020703197096148,2.821956239541334
CTACCCATCTATCGCC-1,2.64410408740981,-3.2456678525607168
CTACGTCAGATAGGAG-1,2.6826177478407183,-3.076307453314501
CTACGTCAGATCCTGT-1,-0.22402671569840527,1.03923185904817
CTACGTCAGCACACAG-1,-0.3992393969918928,3.0644176824887217
CTACGTCAGCGGATCA-1,2.459489429054097,-1.218328036467272
CTACGTCAGGGTTTCT-1,2.8233066440199175,2.2135091646511973
CTACGTCAGTGCAAGC-1,-12.741558945121929,0.745594881375593
CTACGTCAGTGGTAGC-1,-10.5072287678148,2.055986247857374
CTACGTCCAACTGCTA-1,3.5138088107679644,-2.500302232901293
CTACGTCCAAGGACAC-1,-0.380036091747447,-0.16372708241148576
CTACGTCCACATCCGG-1,1.9186626315687456,-1.0695461408297597
CTACGTCCAGCCTTTC-1,3.693483436164693,-1.7045474425952016
CTACGTCCAGCTATTG-1,1.7269111514662066,-1.4698701278369009
CTACGTCGTAATAGCA-1,-2.2684724687959394,-6.618677772680956
CTACGTCGTATATCCG-1,0.3174467921827593,3.1935695036251963
CTACGTCGTCAGGACA-1,0.842524612006978,0.7447660787899912
CTACGTCGTTCTGAAC-1,1.3566368461225786,-3.372928775946337
CTACGTCTCAGGATCT-1,-3.4192959427262983,0.073419559647602
CTACGTCTCCACGTGG-1,1.0102437377546587,1.7437529190380991
CTACGTCTCCGCTGTT-1,-3.0535692333604536,0.7008663042385996
CTACGTCTCGCCCTTA-1,1.3965729117964067,1.0247999056179942
CTACGTCTCGTTTGCC-1,-3.8432907223130903,-0.11397304395838365
CTACGTCTCTATCCTA-1,2.5356768012617388,0.7029766066868723
CTACGTCTCTTCGGTC-1,2.2033303619001665,1.5724110229809702
CTAGAGTAGAAACCAT-1,4.619741046485737,-2.660193123022753
CTAGAGTAGCACCGTC-1,-0.1330910086061201,3.435329280694288
CTAGAGTAGGAGCGTT-1,3.151374423560933,-3.426120914618212
CTAGAGTAGGATGCGT-1,4.509222590980366,-0.24285633126898393
CTAGAGTAGGCAGTCA-1,3.6040712237928667,-1.3928833381335317
CTAGAGTAGGCCATAG-1,5.356078708228901,-2.3586038724581777
CTAGAGTAGGCTACGA-1,3.749544704017476,2.250345073540968
CTAGAGTAGGGATACC-1,-3.845895445289775,-0.18068511048956498
CTAGAGTAGGTCGGAT-1,-2.041652417125865,3.507186017831129
CTAGAGTAGGTGATTA-1,1.1641689181898394,0.9094204529126109
CTAGAGTCAACGCACC-1,3.3966079593275347,0.7373555525143565
CTAGAGTCAATGACCT-1,1.796051108894185,-0.585244573752123
CTAGAGTCACCACGTG-1,4.601871573982075,-2.2808794156710683
CTAGAGTCACCGGAAA-1,5.1749688029859815,-0.36306215087576493
CTAGAGTCAGCGAACA-1,3.2516532779310503,0.9913747533162058
CTAGAGTCAGCGTCCA-1,4.54211148029311,-2.083835758368212
CTAGAGTCATATACGC-1,0.18754073387129688,-1.6288289205233633
CTAGAGTCATGCAACT-1,1.8231900573347368,0.927956007321638
CTAGAGTGTAAATGAC-1,4.781588161048726,-0.8707347885767995
CTAGAGTGTAATAGCA-1,2.2854040504072466,-0.09164629141493424
CTAGAGTGTACCGAGA-1,-1.6137256681348524,-7.102779544989305
CTAGAGTGTAGGGTAC-1,-0.7569464802171431,-6.869125522772508
CTAGAGTGTATGGTTC-1,-10.055600082817241,3.3590825422604502
CTAGAGTGTCGCTTTC-1,1.610677802619771,-3.0837506429354726
CTAGAGTGTCTGCCAG-1,1.586747491416768,1.285728417237562
CTAGAGTGTTGAGTTC-1,-2.939084684791728,0.7701093777020396
CTAGAGTTCACAGGCC-1,4.687175357398823,1.2305456026394785
CTAGAGTTCAGTGTTG-1,-12.052806770744487,2.0063507183392466
CTAGAGTTCATGCTCC-1,3.32637366062148,-0.6295034662882864
CTAGAGTTCCATGCTC-1,3.811986053047017,0.622426472504896
CTAGAGTTCCTACAGA-1,0.860471332130269,-0.15972424308462724
CTAGAGTTCGGCATCG-1,4.477341258582905,-3.561215557257372
CTAGAGTTCGTAGGTT-1,1.8098011851881304,-1.362189449469286
CTAGAGTTCTTTCCTC-1,2.040154063758687,0.741704307397169
CTAGCCTAGAAGGGTA-1,4.784018600044087,-0.3275567070643483
CTAGCCTAGAGTGACC-1,-0.4923141955758772,-6.6903869287173325
CTAGCCTAGCAATATG-1,5.1483269572828565,-2.9485017434756338
CTAGCCTAGCAGCCTC-1,4.605258548316792,1.232090197404188
CTAGCCTAGCTAAACA-1,5.023410403785542,-2.501299537817675
CTAGCCTAGCTGAAAT-1,3.4579716563795366,-2.276446975866991
CTAGCCTAGGAGCGAG-1,2.8642707706068316,-2.1816717759768545
CTAGCCTAGTGAACGC-1,3.836995685157613,2.0726433618863047
CTAGCCTCAAATACAG-1,3.669205749091939,-1.6622841731707632
CTAGCCTCAACGCACC-1,1.5688129306410112,1.1537907942135752
CTAGCCTCAACTGGCC-1,0.9016927123640337,2.0537598951657237
CTAGCCTCAAGCCCAC-1,5.439140403327778,-1.3072158471743642
CTAGCCTCACATCCAA-1,4.955922210273579,1.4547367914517344
CTAGCCTCACTTAACG-1,5.232164943275288,0.5773376150925578
CTAGCCTCAGATGAGC-1,-0.9510915636445723,0.5351968630154551
CTAGCCTCATGCTGGC-1,1.3647471309278765,-2.6492294446627676
CTAGCCTCATGTTGAC-1,5.292368018684224,0.011132635076803121
CTAGCCTGTCATCGGC-1,1.1775287032697954,-1.1394724027316152
CTAGCCTGTCGGCACT-1,1.0187171340559282,-0.7034122721354543
CTAGCCTGTCTCCATC-1,2.554616534766988,-0.470125891367632
CTAGCCTGTGACGGTA-1,1.7653637767408648,0.770657263596815
CTAGCCTGTGCACCAC-1,-3.5065149425889692,0.6707846148808421
CTAGCCTGTGCGGTAA-1,1.8358963370893755,-0.39966402212782487
CTAGCCTGTGGTGTAG-1,-0.7190397142793379,0.39169090231255904
CTAGCCTGTGGTTTCA-1,0.4200220943067827,-1.8587066308657705
CTAGCCTGTGTTTGGT-1,4.799593055305317,-2.641596235434252
CTAGCCTGTTGGAGGT-1,3.7718258739088335,1.5277496202786387
CTAGCCTGTTTGGCGC-1,5.6282392383192335,-1.8382587806384145
CTAGCCTTCAACGGGA-1,3.4404354930494585,-3.469333805243212
CTAGCCTTCAAGAAGT-1,0.16188069587691212,2.2921720369656504
CTAGCCTTCCCAACGG-1,3.1690355182264605,0.4486939533551158
CTAGCCTTCCTTCAAT-1,1.9546926856611528,0.09161893734083787
CTAGCCTTCCTTTACA-1,0.7239724040602007,2.862948737939161
CTAGCCTTCGCCAGCA-1,1.559476220664815,3.4136186464627207
CTAGCCTTCGCTGATA-1,1.1409119010542192,2.4277189596493662
CTAGCCTTCTATCCCG-1,2.0047148109052935,-4.018243469397264
CTAGCCTTCTCTGCTG-1,-0.31257621044175243,0.664250157674116
CTAGCCTTCTGGTTCC-1,4.426944339332417,-1.4259673730532705
CTAGTGAAGACACGAC-1,1.026761615333394,-0.6493173019091665
CTAGTGAAGAGACTTA-1,-12.133707916679546,1.0627065523465098
CTAGTGAAGAGCTATA-1,-11.748064911308452,0.19056719531611815
CTAGTGAAGCGTTTAC-1,-0.8193759679223738,3.125719152291578
CTAGTGAAGGCAGGTT-1,2.3952246547315874,-0.28187594572706803
CTAGTGAAGTCCGGTC-1,2.078686320838765,-3.166829742590624
CTAGTGAAGTTAACGA-1,2.9262824893568316,0.22219376256064788
CTAGTGACAAACCCAT-1,1.385441625175313,-1.4652595893542348
CTAGTGACAAACGTGG-1,-3.8259779571916304,0.08744136979178802
CTAGTGACAACTGGCC-1,-10.977058327140972,2.0060429199536265
CTAGTGACAATGAAAC-1,3.8364835620497026,-2.2716964856783926
CTAGTGACACAAGTAA-1,5.267746055183247,-2.044463552633959
CTAGTGACACCCTATC-1,-0.8974723278905592,1.9506235941250742
CTAGTGACACCTATCC-1,6.131697738227681,0.8569996579487742
CTAGTGACACGAGGTA-1,1.3271427989576616,-1.1002104655901968
CTAGTGACATGGTCTA-1,-0.7460155248071394,-1.5211620704333364
CTAGTGACATTACGAC-1,4.423548305091694,-1.9262615815798818
CTAGTGAGTCTAACGT-1,3.250105941352681,0.35111533840493575
CTAGTGAGTGATGCCC-1,1.2087553382490435,3.209576688607496
CTAGTGAGTGGTTTCA-1,-1.0136019050504408,0.6376608832676829
CTAGTGAGTTTGTGTG-1,-0.5743680357362471,2.3835509641964854
CTAGTGATCACATACG-1,2.9556828380201616,2.4310081823666514
CTAGTGATCAGCGACC-1,2.5046566367719927,2.29985197623567
CTAGTGATCCAGTATG-1,-3.9186247944261274,-0.08299896876021012
CTAGTGATCTCAAACG-1,6.380774104652241,0.7601538523037852
CTCACACAGAAAGTGG-1,-3.6644767879869184,-0.3929992393652974
CTCACACAGAGTAATC-1,3.3534069896314898,-1.6353114024798452
CTCACACAGCCGCCTA-1,1.2288683295820513,-0.25224683443709
CTCACACAGCTCCTTC-1,4.62382706409438,-1.7633318082491933
CTCACACAGGAGTACC-1,4.391463363227681,-0.3796083406607686
CTCACACAGGCACATG-1,3.4888220668409624,-1.523424185911852
CTCACACAGGTGGGTT-1,3.9509669185255327,-0.8380685226122915
CTCACACCAACACGCC-1,1.4410293937300005,0.4672397001583995
CTCACACCAAGCCGCT-1,-3.454277908744975,-0.19171211878462419
CTCACACCAATGTAAG-1,6.578452193794087,-0.27335665384932145
CTCACACCACATTAGC-1,-12.244675552787944,1.8895490988095225
CTCACACCATCCCATC-1,2.8740387797926226,0.19173274179295913
CTCACACGTAACGACG-1,-0.07525864833848095,0.7263667805989207
CTCACACGTAGCACGA-1,2.5624192596052446,-2.108435787359911
CTCACACGTCTGCAAT-1,1.1397083640669146,-0.5097372905413686
CTCACACGTGTAACGG-1,-0.8199892401124678,1.3411521538098277
CTCACACTCAGGCCCA-1,-2.9585502504731855,1.6212766989071787
CTCACACTCATATCGG-1,2.9029203296278276,-0.7327545658747732
CTCACACTCATGCTCC-1,0.7492676616285601,3.0925520284970225
CTCACACTCCCAACGG-1,5.756357753333882,-1.7833613530795156
CTCACACTCCGTTGCT-1,-11.62877360576646,1.2880386932690562
CTCACACTCGGTCCGA-1,-0.5617691635514936,-7.002294220129686
CTCACACTCTCGTTTA-1,4.561667525825337,-1.665281333128649
CTCACACTCTGAAAGA-1,-0.2724846958543501,0.06819198643164054
CTCAGAAAGAAACCGC-1,3.2854886890028276,0.3648113234837474
CTCAGAAAGACTCGGA-1,-0.0892445206071577,0.5336472614605845
CTCAGAAAGAGACTTA-1,2.930389487800435,-0.3712802008788167
CTCAGAAAGAGCTTCT-1,1.0418249011610308,0.1367519832153739
CTCAGAAAGCCGTCGT-1,2.7760935664747515,-0.9920807258288442
CTCAGAAAGCGCTCCA-1,1.741522872505025,1.044938646157545
CTCAGAAAGGGTGTTG-1,3.270730578956441,1.1411864384015025
CTCAGAACAAACAACA-1,5.337184989509419,-0.7241248861949026
CTCAGAACAGATCCAT-1,-11.544010078849956,2.552692495187086
CTCAGAACAGGATTGG-1,5.371797168311909,-0.4048807994525014
CTCAGAACAGTCAGAG-1,5.0966559291456495,0.605706833203596
CTCAGAACATCAGTCA-1,-12.238019859733745,1.9134556873639048
CTCAGAAGTCCATCCT-1,4.660482966956929,-1.0289707557360708
CTCAGAAGTCGAAAGC-1,-1.7979287564183912,-6.762940086523729
CTCAGAAGTCTCCATC-1,0.7843936324690142,1.6592809780438365
CTCAGAATCACTTACT-1,-1.6452410578157148,-6.965296901861864
CTCAGAATCAGTCAGT-1,-11.607318794670269,-0.5194611326853811
CTCAGAATCATAAAGG-1,-0.23553971046464062,0.5470536573727549
CTCAGAATCATTCACT-1,4.100422942695454,-0.02309696386261567
CTCAGAATCCACGCAG-1,3.223451697883443,0.1316991335649909
CTCAGAATCCACTGGG-1,-11.34892741436021,-1.0487399474780141
CTCAGAATCCCATTTA-1,1.8512652755354204,0.6734771951039256
CTCAGAATCCCTGACT-1,-11.500085747184917,2.359574876626295
CTCAGAATCGACCAGC-1,4.82783039813979,-0.4909756557147084
CTCAGAATCGGCGCTA-1,3.00693949466689,-0.6384953037898122
CTCAGAATCGGCTACG-1,0.8260296226118364,0.7221753819783152
CTCAGAATCTATGTGG-1,-1.9221383690263472,3.6586430891354502
CTCAGAATCTCACATT-1,6.754358375129536,0.43107580383614913
CTCATTAAGCCAGAAC-1,-1.1226314067270002,3.360619388421339
CTCATTAAGCGGCTTC-1,-1.754726147594615,3.6268347128231944
CTCATTAAGTCTCCTC-1,3.666816318092183,0.021702781220239553
CTCATTAAGTGCAAGC-1,0.32791658645613575,0.69288917620973
CTCATTAAGTGCGTGA-1,0.3576224685285845,3.6158278807003916
CTCATTAAGTGGTCCC-1,-0.7659747361566267,-1.3074814454714834
CTCATTACACACAGAG-1,2.9175988078687944,-0.2258321718375264
CTCATTACATGCCCGA-1,-3.577126896324321,0.2837142272789897
CTCATTACATGCCTAA-1,1.3063109756086626,-3.213216699759203
CTCATTAGTAGAAGGA-1,5.030196750221089,-0.6836625711123525
CTCATTAGTATCGCAT-1,4.13837727313979,-2.703667320410448
CTCATTAGTCAACTGT-1,-1.7407821773912153,3.542429052193922
CTCATTAGTCACCTAA-1,4.442564094123677,-3.0112313405673086
CTCATTAGTCATCCCT-1,-11.204980766716167,2.039197645982069
CTCATTAGTCCGCTGA-1,-12.570926582756206,1.2303750141461314
CTCATTAGTCTCACCT-1,4.921924674568013,-0.6592233554522573
CTCATTAGTTCCATGA-1,4.11380394702895,-1.5229725019137441
CTCATTATCCTAGAAC-1,-11.652250206413433,0.004989221592706594
CTCATTATCCTCATTA-1,-0.401312148513957,1.6159540041287364
CTCATTATCTCTTATG-1,3.2555290103529253,-0.1614590064684926
CTCCTAGAGCAGACTG-1,-0.06359568828599071,0.9015944822628916
CTCCTAGAGCCATCGC-1,4.291391456184224,-2.2861832753817617
CTCCTAGAGCTATGCT-1,1.2440777659986773,-2.9582478181521474
CTCCTAGAGGCCCTTG-1,-0.7583799123193464,0.12491613244013205
CTCCTAGAGGGCATGT-1,0.8005114436720171,1.56747253974275
CTCCTAGAGGTGCTTT-1,5.511530482826069,-1.6642020122210561
CTCCTAGAGTGCTGCC-1,2.4557152629469194,-1.5464427844683706
CTCCTAGCAAAGAATC-1,1.0663789153669634,2.155327878793043
CTCCTAGCAATGAATG-1,1.21532949214919,2.9162984712918223
CTCCTAGCATGAGCGA-1,2.980912768897847,-2.3648409024874746
CTCCTAGGTAAACACA-1,-3.0125186800386152,1.1386984213192881
CTCCTAGGTAGTGAAT-1,1.5139175296400347,-2.238141931692797
CTCCTAGGTCCGTTAA-1,6.429409110603169,-0.1526335851351796
CTCCTAGGTGTATGGG-1,0.8092583060835161,1.3886361940701426
CTCCTAGGTGTGTGCC-1,3.5225530505750933,2.2519596441586436
CTCCTAGGTTACCGAT-1,-0.8881240546132765,-0.9598915950457632
CTCCTAGTCCCAAGTA-1,6.7381144404981885,0.24646394689874068
CTCCTAGTCCCAGGTG-1,-1.6545125305082045,-0.8284258619944631
CTCCTAGTCCCGACTT-1,4.0009036899183545,1.6138902529080332
CTCCTAGTCGCCTGTT-1,3.6799045444105425,2.4748321398098887
CTCCTAGTCTATCGCC-1,6.600297534522847,0.25844239433602706
CTCCTAGTCTTTACAC-1,-0.01848248237626171,1.124936900933546
CTCGAAAAGAAACGCC-1,4.034956061897114,-1.65044418732329
CTCGAAAAGACCACGA-1,5.367794597205952,-2.248222746054369
CTCGAAAAGACTTTCG-1,5.633136832771138,-1.2603094951312124
CTCGAAAAGATCCTGT-1,3.4710746646498003,2.130331598122877
CTCGAAAAGCAGACTG-1,4.000353419837788,1.7784709556897105
CTCGAAAAGCGAGAAA-1,4.452775561866597,1.9385075195630015
CTCGAAAAGGCTCTTA-1,5.0397196651075635,-3.132227577368456
CTCGAAAAGGGTATCG-1,-1.5152505248214445,-7.131454624335008
CTCGAAACAACACCCG-1,3.1364432216261187,1.4849769695599497
CTCGAAACAAGCTGTT-1,-1.7721369921590528,3.421236596902174
CTCGAAACACACATGT-1,-12.058021461906597,2.3538366182644785
CTCGAAACACCCATTC-1,3.0424810290907183,1.053276024659437
CTCGAAACACCTATCC-1,1.638479077873067,1.9743924959500254
CTCGAAACAGCATACT-1,0.13248273139937305,1.2034523113568247
CTCGAAACATGTCGAT-1,4.188983047065571,-3.4918667451541006
CTCGAAACATTGGGCC-1,5.151468360481099,-0.1719681696097432
CTCGAAAGTAATCACC-1,-0.7241347193147383,0.2968847229083003
CTCGAAAGTATATCCG-1,-11.87480918163316,-1.2938948051135122
CTCGAAAGTATCACCA-1,3.403820121345357,-1.8608898297946035
CTCGAAAGTCAGGACA-1,3.191061103401021,1.7690336330731333
CTCGAAAGTCCAGTTA-1,-3.2386504768754683,-0.3890968338648854
CTCGAAAGTCCTAGCG-1,3.4282680392835894,-2.0628124849001943
CTCGAAAGTGCAACTT-1,4.270802581367329,-3.1005062238375722
CTCGAAAGTGCCTGGT-1,4.380608642158345,2.0110594852765025
CTCGAAATCATAGCAC-1,3.0608464122389116,-3.096552290121752
CTCGAAATCATTATCC-1,-0.7129965185548506,1.6112879141171397
CTCGAAATCCACGAAT-1,0.44557901626570606,3.3250091894467295
CTCGAAATCCACTCCA-1,2.2209320903394976,-1.1637815610568105
CTCGAAATCCATTCTA-1,-10.857829010429546,2.9434314592678965
CTCGAAATCGACGGAA-1,3.6010471225355425,1.9652511699994029
CTCGAAATCGTACGGC-1,1.8135970473860064,-1.542339243094164
CTCGAAATCGTAGGAG-1,2.8967505336378374,-2.255098499457079
CTCGAAATCGTTGACA-1,-3.8759163975145063,0.37459977706269637
CTCGAAATCTATCGCC-1,2.2939866424177446,-3.3638662473361074
CTCGAAATCTTTACAC-1,3.554584586677388,-0.16585318009062394
CTCGAGGAGAATAGGG-1,-10.756582176628276,3.1735854967434824
CTCGAGGAGACTACAA-1,-0.46793917411820507,-0.08446618179483995
CTCGAGGAGAGCTATA-1,1.9718330741499224,0.06844873343901053
CTCGAGGAGTGGCACA-1,6.3215423465345655,0.6730890496571482
CTCGAGGAGTGTTTGC-1,0.7607136607740679,-0.8028006331126272
CTCGAGGCAAGGTTCT-1,-0.7735086440469465,0.7435437067349375
CTCGAGGCAATGGAAT-1,1.6260138393019,1.9814778192837657
CTCGAGGCACAGATTC-1,-3.81351891750352,0.7379878981907786
CTCGAGGCACCAGGCT-1,3.857762420234517,1.1063414438565196
CTCGAGGCAGTTAACC-1,0.21978243595106983,1.2501638754208506
CTCGAGGGTAAGTGTA-1,-2.784061706009074,1.2763821705182017
CTCGAGGGTATGGTTC-1,0.9312680602644243,0.6008623762925089
CTCGAGGGTTACCAGT-1,2.107921922263936,-3.5620943681399404
CTCGAGGGTTCAACCA-1,-3.8465947269822798,0.5171396656830729
CTCGAGGTCAATAAGG-1,-12.346846497001811,0.2717096581061305
CTCGAGGTCACCAGGC-1,6.56736954456313,0.3643809779484691
CTCGAGGTCAGGTAAA-1,6.246545875129536,0.3870435579617442
CTCGAGGTCATGCTCC-1,1.920541608390645,-0.24160141507788285
CTCGAGGTCCGGGTGT-1,-2.989389574470683,1.4119107349713267
CTCGAGGTCGGTCTAA-1,-12.285434639396831,1.1636572702725352
CTCGAGGTCTACTTAC-1,2.1184941173170366,0.3931028469403209
CTCGAGGTCTTTCCTC-1,-0.9706006407167158,1.180120907624525
CTCGGAGAGCACAGGT-1,3.201863849220113,-3.2158309594790517
CTCGGAGAGTATCGAA-1,3.5012470126722612,0.6432116254170359
CTCGGAGAGTTTAGGA-1,1.0494986415479937,-0.9002296106020986
CTCGGAGCAATCAGAA-1,6.450119102058247,0.26509039839105025
CTCGGAGCACACTGCG-1,-12.129520332756206,0.5576691850026072
CTCGGAGCACCCTATC-1,-11.292357361259624,2.5323220117886485
CTCGGAGCACTTGGAT-1,3.4066878200147905,1.884307108720106
CTCGGAGCAGGGTATG-1,5.3754011035536085,-1.8882849589983999
CTCGGAGCATATGCTG-1,-11.757968819084331,-0.9316279069582998
CTCGGAGGTACCGAGA-1,3.704155528602437,1.9786374195416392
CTCGGAGGTAGGACAC-1,1.7651427627180376,-3.338303484121996
CTCGGAGGTAGGGTAC-1,1.5547469497297564,-1.5913201944033681
CTCGGAGGTCGATTGT-1,3.2378216624830523,-2.9141599313418447
CTCGGAGGTTCCACTC-1,4.8321295619581495,0.018259331484598074
CTCGGAGTCCCAAGAT-1,1.8205326438520708,2.984089217980665
CTCGGAGTCCCTAATT-1,4.610848510322407,-3.585929550329882
CTCGGAGTCGAACTGT-1,2.093996608314351,0.8457501753170908
CTCGGAGTCGAGAACG-1,-11.174079811515972,2.5654545648892344
CTCGGAGTCGGTGTTA-1,3.0062342525099077,-1.7033771649996816
CTCGGAGTCTAACTGG-1,4.625552260932759,-1.7727052346865713
CTCGGAGTCTAACTTC-1,2.3971401095960894,-1.5499542133013784
CTCGGAGTCTAGCACA-1,4.038611972389058,-1.1760288850466787
CTCGGAGTCTGGTGTA-1,-3.870326435508891,-0.1730769650141774
CTCGGAGTCTGTTGAG-1,-10.729801094474956,0.21581085761384383
CTCGGAGTCTTAACCT-1,2.3492229819868364,1.8414005859692515
CTCGGGAAGAGGACGG-1,-10.90559188121812,-1.0599520579974233
CTCGGGAAGCCGGTAA-1,3.918208205756978,1.9633113964398325
CTCGGGAAGCTACCGC-1,4.6509891391371045,1.6589483841259898
CTCGGGAAGGACAGAA-1,4.6191802859876905,-0.6189743653933584
CTCGGGAAGTAGCCGA-1,-0.5716557263757429,-1.136670149962145
CTCGGGAAGTTCCACA-1,1.0284174323652544,0.5520085318882884
CTCGGGAAGTTGCAGG-1,-11.794491684379741,0.022669508953851614
CTCGGGACAAATTGCC-1,4.926573360023335,-0.7724597231547414
CTCGGGACAAGCTGGA-1,-10.419614708366558,2.082784138520521
CTCGGGACACAGACAG-1,2.529977881965474,-2.416524328390795
CTCGGGACACCTCGGA-1,-0.45172295564667797,1.8646008594830454
CTCGGGACACTAGTAC-1,2.893094146308736,1.5488943680127085
CTCGGGACAGTGGGAT-1,1.0325098872755327,2.249836049874586
CTCGGGACAGTTCCCT-1,1.7111421466444292,-3.6337548867861806
CTCGGGACATCACGTA-1,3.812387549934224,-1.7138169185320913
CTCGGGACATCGGTTA-1,-10.74340049022691,1.648529373009962
CTCGGGACATGGGAAC-1,1.3333910346601763,1.9598878248532237
CTCGGGACATTTGCTT-1,-11.129132187309429,0.6502372248967112
CTCGGGAGTAAGTGGC-1,5.637679660377339,-1.634839095274645
CTCGGGAGTCCTGCTT-1,6.710443580207661,0.44981306036309615
CTCGGGAGTGAGGGTT-1,1.8825357795332232,0.4123080297310771
CTCGGGAGTGGCGAAT-1,1.3457156062696733,1.505250893433851
CTCGGGAGTTCCAACA-1,0.8214894176100054,2.3053561075528086
CTCGGGAGTTGCTCCT-1,0.8964024425123491,2.7632771356900157
CTCGGGAGTTGTGGAG-1,-0.04759303325669384,0.37878604968385116
CTCGGGATCACCACCT-1,2.3831075072859087,-3.129295267264086
CTCGGGATCATGTCCC-1,-10.982078468742534,1.3656888826687754
CTCGGGATCCGCGCAA-1,2.0490520835493364,2.9708014353115977
CTCGGGATCGAGAGCA-1,-12.533039963188335,1.605212174256605
CTCGGGATCGCCTGTT-1,1.7079926372144976,-3.182844795386034
CTCGTACAGAGGTTAT-1,-10.732781326713726,1.707774601777357
CTCGTACAGTTTCCTT-1,3.3328729510877886,0.9139244182904185
CTCGTACCAACACCTA-1,4.355630004463032,1.0720367058117808
CTCGTACCAACTGGCC-1,3.1629014850233355,-0.4577500001589833
CTCGTACCAAGCTGAG-1,-12.22066870922105,2.2682023866970957
CTCGTACCACATCCGG-1,2.7777582049940386,0.6001038475830973
CTCGTACCACTGCCAG-1,2.149419152793721,0.732563875516218
CTCGTACCAGACGCCT-1,-10.891178047599956,0.04263743003205672
CTCGTACCAGCGATCC-1,-11.497443115654155,2.9168442114193858
CTCGTACCATGTCTCC-1,-10.516708290519878,0.3317019863923015
CTCGTACCATGTTGAC-1,-3.4368044495012007,-0.06315936903162583
CTCGTACGTACCGAGA-1,2.3201371074293413,-1.2610447780291616
CTCGTACGTAGAAAGG-1,4.282049739417866,2.221253238518995
CTCGTACGTAGGAGTC-1,0.010462248382405281,-1.5838659183184682
CTCGTACGTCACAAGG-1,2.226128184852437,1.1586252077420176
CTCGTACGTCATATGC-1,-1.7286046504403791,2.085163198312086
CTCGTACGTCGCGAAA-1,-0.4862729072000227,1.478143058617872
CTCGTACGTCTGGAGA-1,-1.0049044548894606,-6.628594555060106
CTCGTACGTGGCGAAT-1,3.8727103114698687,-2.236329712073046
CTCGTACGTTATCCGA-1,-11.65349284404771,0.4280248208840312
CTCGTACGTTCTGAAC-1,-0.5404515623475752,0.9704742654164256
CTCGTACGTTGGAGGT-1,-1.0176626204873762,-1.4102702514330923
CTCGTACTCACGCGGT-1,-12.213261520805522,0.36794387539224044
CTCGTACTCAGTCAGT-1,-12.76883593791978,-0.197830148140627
CTCGTACTCAGTTGAC-1,2.279524886665181,-0.7185796872775136
CTCGTACTCATAGCAC-1,-1.2985860843572161,1.4961485489209116
CTCGTACTCGCGTTTC-1,4.4665056109998975,1.227809511025709
CTCGTACTCTCCTATA-1,0.6623245120619097,3.480990014870924
CTCGTACTCTGATTCT-1,-11.70880118602769,2.597405753930372
CTCGTACTCTTGTCAT-1,2.100940549430684,0.09024274246142522
CTCGTACTCTTTCCTC-1,2.76578959232314,-0.14919245998068437
CTCGTCAAGACTACAA-1,4.167111003455952,-2.999947942892748
CTCGTCAAGCCAGAAC-1,3.7001148105238237,-0.6035868899027883
CTCGTCAAGCTTCGCG-1,1.3846004844282427,-2.0333913938204824
CTCGTCAAGGGTCGAT-1,-0.48534462446229076,2.2455128057797373
CTCGTCAAGTGACATA-1,4.01823099857314,1.915535055001539
CTCGTCAAGTGATCGG-1,4.011283958015278,0.49743016799287215
CTCGTCAAGTTAAGTG-1,3.365175807533101,0.06745570515589133
CTCGTCAAGTTACGGG-1,4.397827708778218,1.7745371683438242
CTCGTCAAGTTCGCAT-1,2.984903419074849,0.34954880913094893
CTCGTCACACAACTGT-1,-12.01667300457017,2.203165374596876
CTCGTCACATCAGTAC-1,-1.989837264957591,2.9559014662106455
CTCGTCAGTAAAGTCA-1,-0.398289060535594,0.24016632874802962
CTCGTCAGTACATGTC-1,-1.9242285847093306,-6.9717470781008775
CTCGTCAGTCCGACGT-1,0.6953987718199053,-1.9973100797335683
CTCGTCAGTCGAAAGC-1,-11.693888580742046,1.7502164467175425
CTCGTCAGTGATGTGG-1,-2.964885628166362,1.1871603353817881
CTCGTCAGTGCCTGTG-1,-11.780264770927593,1.8537584169705332
CTCGTCAGTTCGGGCT-1,2.959101760444478,2.398003421624464
CTCGTCAGTTTGCATG-1,4.922083938178853,1.5948145016034068
CTCGTCATCAAACCGT-1,-1.646812534275218,3.3599491937954844
CTCGTCATCGATAGAA-1,1.439413154182271,0.9511639102299632
CTCGTCATCGCGTAGC-1,6.69828995471938,0.13840949897961036
CTCGTCATCGCTAGCG-1,-10.68891993755357,2.782693706353468
CTCGTCATCGGTTAAC-1,-12.420053398552104,2.3163584097226084
CTCGTCATCTCCCTGA-1,1.472215020713643,-1.8481425420443593
CTCGTCATCTCGGACG-1,1.0325637698744097,-2.024141468207079
CTCTAATAGAAGGCCT-1,-2.2921065449144087,-6.644410766760545
CTCTAATAGAGGTAGA-1,-11.616757309379741,-1.413238205115038
CTCTAATAGATATGGT-1,5.202321136054829,-2.728747762839037
CTCTAATAGCGATTCT-1,4.4925628543470655,1.1353536470730723
CTCTAATAGCGGCTTC-1,4.749763095435933,0.16201125075415984
CTCTAATAGCGTCAAG-1,-11.958557999077007,-0.7087890879313528
CTCTAATAGGCCGAAT-1,-0.7643992661859236,1.6256639583905161
CTCTAATAGTCATCCA-1,5.652157390174702,-2.52414647499724
CTCTAATAGTGACATA-1,-1.18286486560361,-1.3595247642199575
CTCTAATAGTGCTGCC-1,-0.804311758222743,2.455529294808668
CTCTAATAGTGGTAGC-1,3.588104331550435,-2.0270883218447744
CTCTAATCAGCAGTTT-1,1.740447843131856,0.8574960454304636
CTCTAATCAGTGGGAT-1,4.971993053016499,-2.774326481024462
CTCTAATCAGTTTACG-1,4.054718101081685,-0.9706806317965566
CTCTAATGTAGCTTGT-1,4.752342307624653,-1.962399400870043
CTCTAATGTATAATGG-1,-11.732112801017925,1.7314170225460948
CTCTAATGTCAATGTC-1,6.724313819465474,0.40009482940034286
CTCTAATGTCATTAGC-1,-12.696799194755718,-0.11486468474073991
CTCTAATGTCGTCTTC-1,-0.05752149814622021,0.7930352314312876
CTCTAATGTCTGATCA-1,-0.9122735320951185,-1.4863460437457143
CTCTAATGTGAGTGAC-1,2.007957780418233,-3.1474093572299062
CTCTAATGTGCGAAAC-1,2.169278705177144,-3.555325426260668
CTCTAATGTGCGCTTG-1,-11.00481120342271,2.2138598783810557
CTCTAATGTGGACGAT-1,-1.0816125183726988,0.539406053622526
CTCTAATGTGTGAAAT-1,1.095656240043477,-1.960617698828417
CTCTAATGTTAAGGGC-1,4.91937264209731,0.9418677314122141
CTCTAATTCAACACGT-1,-0.950028812828227,1.2542376144726695
CTCTAATTCACATGCA-1,5.942870700416401,-0.2762094811598836
CTCTAATTCCGGGTGT-1,3.948328578529195,0.44270276268319503
CTCTAATTCCTTGGTC-1,0.3090376496885576,0.39927985509232894
CTCTAATTCGTACGGC-1,-10.74587336772935,1.7221381290753306
CTCTAATTCTGTCAAG-1,4.282656276283101,-2.4930853025118886
CTCTACGAGCACGCCT-1,5.1624494433973585,-1.174585737387377
CTCTACGAGGAACTGC-1,-0.7124528645898542,1.177221976121229
CTCTACGAGGAGTCTG-1,5.042032802162007,0.12428290200726405
CTCTACGAGGATTCGG-1,1.4093149543379107,0.8214444740612925
CTCTACGAGGCCCTCA-1,2.8816729426954546,1.5713054760296763
CTCTACGAGGGATCTG-1,1.265000426826314,-1.493495740095812
CTCTACGAGGGCTTCC-1,-0.09590545887009716,1.2221620901425303
CTCTACGAGTGAAGTT-1,0.184009158668355,-1.7587747947375356
CTCTACGAGTGGTAGC-1,3.4445477367018023,-1.3592989818255483
CTCTACGAGTGTACGG-1,0.21120485073073292,0.34700179835156814
CTCTACGCACATCCGG-1,4.081489646491841,-0.01072812090321168
CTCTACGCACGTGAGA-1,-11.868587410392925,1.5742454155285777
CTCTACGCACTCTGTC-1,2.8860584140394487,2.0822858436901988
CTCTACGCAGATGAGC-1,5.3564263225172315,-2.3128499166171133
CTCTACGCATGACGGA-1,-0.35280779594437695,-1.7002131120364248
CTCTACGCATTCACTT-1,4.488559329566792,-0.8005581871668874
CTCTACGCATTGAGCT-1,1.8068838954542437,1.1289474590619029
CTCTACGCATTTCACT-1,-3.2732243894960127,0.15367551137999907
CTCTACGGTAATCACC-1,4.406596267280415,-2.596167005697924
CTCTACGGTATAGGTA-1,-3.2098949312593184,0.5930841191609324
CTCTACGGTGCTCTTC-1,-3.5458900093461714,-0.16357911388083085
CTCTACGGTGGTAACG-1,1.6746955752943316,-2.510185636679369
CTCTACGGTGTCTGAT-1,3.355306708869771,0.9851141198475779
CTCTACGGTTAAGAAC-1,-3.6427156090165815,-0.0751942620675145
CTCTACGTCACCGGGT-1,4.761422240791157,-0.006286718050676432
CTCTACGTCATAACCG-1,2.4428676009748735,-0.04331933716936692
CTCTACGTCATGCAAC-1,-1.4373709916497908,-1.0254114047686635
CTCTACGTCCGATATG-1,-0.7089565753366194,0.3536992593605937
CTCTACGTCCTCATTA-1,4.068965995368794,1.7000335081417979
CTCTACGTCCTCCTAG-1,5.162651145515278,-2.842277444998461
CTCTACGTCGCACTCT-1,3.0901037097547808,0.2165983318288745
CTCTACGTCGGCGCTA-1,2.2828946948622026,2.1881519182522715
CTCTACGTCTACTTAC-1,3.9589525104139605,-1.903815187613207
CTCTACGTCTTGACGA-1,2.5625949740980425,-3.445316709677416
CTCTGGTAGATGCCAG-1,4.438563430366353,-2.842909492651659
CTCTGGTAGGAGTAGA-1,2.846956336555318,-1.8495035545031606
CTCTGGTAGGGATGGG-1,3.1477838397596636,-1.545782722632128
CTCTGGTAGTACTTGC-1,5.031521880683735,-2.730144657293993
CTCTGGTAGTGTACGG-1,-3.3372677921678267,-0.758576728502947
CTCTGGTAGTGTCCCG-1,-11.530360138359233,-1.5770900623004018
CTCTGGTAGTTGCAGG-1,1.5738085151289263,1.6908478363354624
CTCTGGTCAAGTACCT-1,-0.8731416820909224,1.2843639477093638
CTCTGGTCACTGAAGG-1,-3.964578783455058,-0.2045810298125325
CTCTGGTCAGGATCGA-1,-11.44029990428941,1.0817883833249033
CTCTGGTCAGTCGATT-1,5.462799632606343,-1.5512181893984853
CTCTGGTCATTTGCTT-1,-0.6352649092103682,-7.106176056067186
CTCTGGTGTAGCGTCC-1,4.445811832008198,-3.103610910574633
CTCTGGTGTCACAAGG-1,-12.165450012626811,2.3569534643490733
CTCTGGTGTCGTCTTC-1,-11.265710747184917,1.5806496961911143
CTCTGGTGTCTCATCC-1,-3.7868265270616255,-0.04733369509382829
CTCTGGTGTGCGGTAA-1,-12.55993930095689,1.4899553879101695
CTCTGGTTCAAGCCTA-1,1.3791681171034136,1.7939325197537364
CTCTGGTTCATCGATG-1,-2.8629492878343306,-0.5660255924861013
CTCTGGTTCCCTCTTT-1,1.3733912349317827,-3.208153404394823
CTCTGGTTCCTCAACC-1,-11.808978950920269,-1.093318738142687
CTCTGGTTCCTCCTAG-1,-11.399003899040386,1.7585836275418223
CTCTGGTTCGATCCCT-1,0.8449796081159868,1.2868762834866465
CTCTGGTTCGTACGGC-1,-3.655676996650859,0.15118519951896087
CTCTGGTTCGTTGCCT-1,3.6306448817823687,0.2704001589615764
CTGAAACAGCCACTAT-1,4.203315818366841,1.8199830873806895
CTGAAACAGCCTCGTG-1,-2.493007695617839,-0.2998244241873799
CTGAAACAGCGATATA-1,-12.459833061638042,2.5688522680600108
CTGAAACAGCGTCAAG-1,5.306850516853169,-0.7227622644106924
CTGAAACAGTAGGTGC-1,0.8494540095899858,1.372424326737684
CTGAAACAGTTGTCGT-1,4.72600516086562,0.37621077140168563
CTGAAACCAATGACCT-1,4.887025916633442,0.011979639430803213
CTGAAACCACCACGTG-1,3.092064464149312,-1.085583962599474
CTGAAACCAGCCAGAA-1,-2.2309202312852583,1.93846281607942
CTGAAACCAGCTGGCT-1,5.134544932899312,-1.3416566030184804
CTGAAACCATGCAACT-1,-10.979745781364604,1.4456448181469859
CTGAAACCATGTCTCC-1,2.270578229484395,0.09259267979608193
CTGAAACGTCAATGTC-1,4.272727096137837,1.9543938263256968
CTGAAACGTCATACTG-1,2.0463989616010942,-3.4101971761385976
CTGAAACGTTAAGGGC-1,1.207563960609273,2.8291130884488047
CTGAAACGTTATTCTC-1,4.345827186164692,1.6836214884121836
CTGAAACGTTCCGTCT-1,-0.729321455898448,0.2342268302042903
CTGAAACGTTCGTCTC-1,4.876635158119038,-0.6015894190470754
CTGAAACGTTGCGTTA-1,-0.9153731226350508,-1.3478700296084463
CTGAAACGTTTGACAC-1,6.220288360175923,0.29043573876218215
CTGAAACTCAACACGT-1,5.238518798408345,-1.7865375653903066
CTGAAACTCAACTCTT-1,2.713663184699849,-0.5267642513911306
CTGAAACTCATACGGT-1,0.11112328773482227,1.3463765009243907
CTGAAACTCGGAATCT-1,5.244538390693501,-1.9744154588381826
CTGAAACTCGTATCAG-1,-3.1182866453553877,1.0965514405568064
CTGAAGTAGACAGGCT-1,3.190812671241597,-1.3513460532824575
CTGAAGTAGCAGCGTA-1,4.552975261268452,-1.7521567718188344
CTGAAGTAGCCAGAAC-1,-3.5763064979936323,0.5701052471001566
CTGAAGTAGCCAGTTT-1,0.8447044730757036,3.316874109109205
CTGAAGTAGCGATCCC-1,-10.806648170890972,3.12441571791963
CTGAAGTAGCGTTTAC-1,-11.29991332286851,1.788155756791395
CTGAAGTAGGGTGTTG-1,4.943778121528462,-2.844245351950365
CTGAAGTAGTCAATAG-1,1.8764608741377153,-1.8902063743273794
CTGAAGTAGTCATGCT-1,3.099660480079488,-3.9075957910220205
CTGAAGTAGTCGTTTG-1,5.117344939765767,-2.555015243689257
CTGAAGTAGTTTGCGT-1,4.8886576533888135,-0.36651039878531083
CTGAAGTCAATCACAC-1,2.32061251407607,0.354690603812498
CTGAAGTCAATGGATA-1,-0.29980651134507275,1.9288320167859019
CTGAAGTCACGACTCG-1,2.403102004585103,0.3624149187405528
CTGAAGTCACGCCAGT-1,-3.3868917583848677,-0.48076549927397355
CTGAAGTCAGCCTATA-1,4.008633220252827,0.9182648881276072
CTGAAGTCAGGAATCG-1,5.505436980781392,-1.852105654875475
CTGAAGTCAGTTAACC-1,0.9773710609052935,0.7777265532811106
CTGAAGTCATATGAGA-1,2.035191381034688,-3.044852890173632
CTGAAGTCATCCGTGG-1,5.164753043708638,-1.9888376371066152
CTGAAGTCATTCTTAC-1,2.89689310794814,1.5300269945462168
CTGAAGTGTAACGTTC-1,3.112736308631734,-2.395005144278246
CTGAAGTGTACTCAAC-1,2.4511240363691607,1.0364872439701975
CTGAAGTGTCCATCCT-1,1.1062303424452105,1.1302768810589732
CTGAAGTGTCGCATAT-1,2.6422720790479937,0.38147040446595565
CTGAAGTGTCTAACGT-1,2.0517729163740435,-1.7654000894228994
CTGAAGTGTTTCGCTC-1,-12.655903732719585,0.24028734107808486
CTGAAGTTCACCGTAA-1,-0.047212397995158195,0.5786949618657053
CTGAAGTTCACCTCGT-1,-0.03313974136368847,2.2026546820004405
CTGAAGTTCAGGTTCA-1,-12.182318603935405,-0.014827184478479472
CTGAAGTTCATGTCCC-1,-12.336481964531108,1.9215840919812144
CTGAAGTTCCGTTGTC-1,-9.999010956230327,3.4577165468533457
CTGAAGTTCTAACGGT-1,5.394254767951802,-2.1261977330843984
CTGAAGTTCTCTTGAT-1,4.015305125770405,1.1804421766598643
CTGATAGAGAAGATTC-1,5.037705981788472,0.3362730815012874
CTGATAGAGCAACGGT-1,3.91078528171523,-3.251856006781298
CTGATAGAGCCACGCT-1,4.677855098304585,-0.6144773737589895
CTGATAGAGCGCTCCA-1,-12.479761040153667,1.944305740197462
CTGATAGAGGCTATCT-1,-12.783075249138042,0.9791690333683909
CTGATAGCAAGAAGAG-1,0.27626022106154347,-0.6503177658717214
CTGATAGCAAGCCGTC-1,5.158683860359028,-0.465561784903246
CTGATAGCACAGCCCA-1,-12.518290436210796,2.4359076841671885
CTGATAGCAGACAGGT-1,3.8297859073255816,-2.891408838431078
CTGATAGCAGACGCAA-1,-12.279365456047222,-0.6057396904627859
CTGATAGCAGGGAGAG-1,3.1981254458998003,-1.1745428220431386
CTGATAGCAGGTCTCG-1,-11.659750854911968,2.783349119027418
CTGATAGCATTCCTGC-1,2.368410432395772,-0.11541128913565263
CTGATAGGTACAGACG-1,-11.74053183788316,1.7369536979992808
CTGATAGGTACTCTCC-1,3.289048755225972,0.6782925351460398
CTGATAGGTAGCGATG-1,5.8626495242689405,-1.4625629560153066
CTGATAGGTCCCGACA-1,5.063528621253804,-1.7321509496371328
CTGATAGGTCCGAATT-1,2.870523536262349,-0.8855148927371084
CTGATAGGTCGAGTTT-1,5.11915119892104,-2.672607340017992
CTGATAGGTCTAGCCG-1,2.6952098250959673,-0.9168702737490713
CTGATAGGTCTGATTG-1,2.209420764503316,-1.9846502916018545
CTGATAGGTGATGTGG-1,-0.8437388002301893,0.2324834390480937
CTGATAGGTGTAAGTA-1,2.444098794517354,-1.3769015447299062
CTGATAGGTTCAGGCC-1,3.9339328647230425,-1.988137640158373
CTGATAGTCACAACGT-1,-11.762247955742046,0.9086313470204295
CTGATAGTCACTTACT-1,-12.22274390453355,2.190925203164381
CTGATAGTCATGCATG-1,4.526267135200337,0.568342022498411
CTGATAGTCCACGAAT-1,1.438079679069356,1.981096111138624
CTGATAGTCCACGTTC-1,-0.9245878219033918,1.0065556391079844
CTGATAGTCCACTCCA-1,3.938730323371724,-3.2968832627932607
CTGATAGTCCTATGTT-1,1.3601017833326616,-0.8975387589137136
CTGATAGTCCTGCAGG-1,4.366626823005513,-2.262647785345751
CTGATAGTCGATCCCT-1,0.6036537528608599,-1.0725918189684926
CTGATAGTCGCCAGCA-1,3.655283057746724,-0.3545912281672536
CTGATAGTCTCAAACG-1,2.090092742500142,-1.5341666118304311
CTGATAGTCTGCGGCA-1,2.5920754314039507,0.06473935385541335
CTGATAGTCTTTACGT-1,4.505229079780415,-2.383105434576708
CTGATCCAGATGTAAC-1,3.979422175941304,-1.0422568694750844
CTGATCCAGCTTTGGT-1,3.570751750526265,-1.8519444839160024
CTGATCCAGGCAGGTT-1,4.957806670722798,0.5752831025917948
CTGATCCAGTATGACA-1,3.798957431373433,-0.7913987414042531
CTGATCCAGTCAAGCG-1,0.26215382820113087,3.3727851732571543
CTGATCCAGTCCAGGA-1,0.6854802013014116,-2.070567526022631
CTGATCCAGTCCATAC-1,-12.967318451347515,1.3670339210827769
CTGATCCAGTTGTCGT-1,4.7787052035902295,-2.9413293973605215
CTGATCCCAAATTGCC-1,0.8348756671522417,1.5775462015469492
CTGATCCCAAGAAGAG-1,-0.851192748489543,-1.5778491870562612
CTGATCCCAATGTTGC-1,1.4102228522871294,-2.200330890814501
CTGATCCCACAGCCCA-1,-3.6915089249040327,-0.4573416487376271
CTGATCCCAGCCTTGG-1,1.4493494868849077,-2.8139275685946523
CTGATCCCATTTCACT-1,1.7094648719404497,-0.7874016539256155
CTGATCCGTAGCGTGA-1,5.498402202186421,-2.4995946065585195
CTGATCCGTGACCAAG-1,4.860362613258198,-0.6504062787692129
CTGATCCGTGACTACT-1,4.1627994418714795,-1.8929117099444448
CTGATCCGTTACGTCA-1,2.9768925548170366,0.4386224671204509
CTGATCCGTTATTCTC-1,5.766618812141255,0.18327079703406707
CTGATCCTCACTATTC-1,-1.8861328124429426,-6.909390606085497
CTGATCCTCCTCAATT-1,-0.3718654274369917,0.5943694039185465
CTGATCCTCGCAGGCT-1,-3.0312866329576216,1.1858918293316782
CTGATCCTCTACCAGA-1,2.437713706550435,-0.1347141788403569
CTGATCCTCTGCGACG-1,-11.183136856498882,0.3546132965882243
CTGCCTAAGAAGAAGC-1,3.5202055812452593,-3.5429577008883535
CTGCCTAAGACCACGA-1,-0.5443824290658674,-1.6485975162188589
CTGCCTAAGCAGCGTA-1,3.959989154395894,-2.689070142904955
CTGCCTAAGGTCATCT-1,-1.1984504073287687,1.5620212181408824
CTGCCTAAGTACGCCC-1,2.393791282234029,-2.4836784974734365
CTGCCTAAGTCGATAA-1,4.744684779701069,-3.135420478979784
CTGCCTAAGTGGGCTA-1,-0.23649779552476025,0.47139071663216964
CTGCCTAAGTGTGGCA-1,5.466599071082905,-2.349812664190966
CTGCCTAAGTTACGGG-1,-12.389997398796245,1.2241584881146372
CTGCCTACAAGACGTG-1,-11.850373184623882,0.23265608390168563
CTGCCTACAAGCGAGT-1,-11.114941513481304,1.8274519069989146
CTGCCTACAAGCTGTT-1,6.732618415412739,0.28581041832761184
CTGCCTACACTGTGTA-1,-11.557141220512554,2.806789003213209
CTGCCTAGTATATGGA-1,5.80833109622939,-1.8499075547854482
CTGCCTAGTCACTGGC-1,2.4008923411939898,0.28783636530236617
CTGCCTAGTCCGACGT-1,3.884455764350728,-3.286738075415331
CTGCCTAGTCTGCCAG-1,-11.063674843254253,1.5982197149594248
CTGCCTAGTTAGATGA-1,4.668668353614644,-1.2028879300753652
CTGCCTATCAACGCTA-1,5.158253276405171,-2.9058286325137197
CTGCCTATCAGCTCTC-1,4.05681570774062,-0.7632835284869253
CTGCCTATCAGTCAGT-1,5.4882694125746045,-2.147881187597948
CTGCCTATCGCCGTGA-1,4.796284759101704,-0.9008429423968374
CTGCCTATCGCTGATA-1,4.89476736789687,1.2201654537518443
CTGCCTATCTAACGGT-1,2.779204928932027,-2.9583937303225576
CTGCCTATCTCTAGGA-1,-4.099508917274639,0.1734203024704875
CTGCGGAAGAAGGTGA-1,3.0338188052748003,-0.3559743539492665
CTGCGGAAGAATTGTG-1,1.4310894847486773,-2.7450069562594472
CTGCGGAAGCGACGTA-1,-0.7692502498056135,-0.0970821605126439
CTGCGGAAGCGATTCT-1,4.6332770228956495,-1.4800993577639638
CTGCGGAAGCTAGTGG-1,1.2457993865583696,1.0116124971707285
CTGCGGAAGCTGATAA-1,5.397083842811421,-2.424064554373461
CTGCGGAAGCTGTCTA-1,2.1147683501814165,0.9667934401829661
CTGCGGAAGGAGCGTT-1,4.02459725147231,0.45013370354966536
CTGCGGAAGTGGCACA-1,5.549610698280171,-0.1093611345688878
CTGCGGACAAACTGTC-1,-0.2854141353990278,-6.958955921332079
CTGCGGACAATCACAC-1,3.465538585243062,1.1144240721066416
CTGCGGACACACGCTG-1,4.709916675147847,-1.8989774362246572
CTGCGGACACAGACTT-1,-10.122965729179546,-0.18998435894651994
CTGCGGACACTTGGAT-1,6.339991176185444,1.0461696012814463
CTGCGGACAGCCTATA-1,2.5691464782331743,1.5125808342297495
CTGCGGACAGGGTTAG-1,1.8021186233137407,-2.2586208955447256
CTGCGGACAGTAGAGC-1,1.8029678702925005,1.6265480144818247
CTGCGGACAGTATAAG-1,2.327274882850484,-0.8325158731143056
CTGCGGACATACGCTA-1,-1.1878200232412062,-1.0336962119738637
CTGCGGACATAGAAAC-1,1.3230136275862017,-0.36767048398657426
CTGCGGACATAGGATA-1,-3.7546798347856245,0.15687968944506064
CTGCGGACATGCAACT-1,3.9809671283338823,-2.6300760881106435
CTGCGGACATGCGCAC-1,-10.01981250041978,0.34712748964623824
CTGCGGAGTCAGCTAT-1,4.160482490119771,0.006266549130243215
CTGCGGAGTGCTCTTC-1,-11.254883682670757,1.506851874192518
CTGCGGAGTGTGCCTG-1,2.819838607368306,2.8875375612576426
CTGCGGAGTGTGCGTC-1,4.351531589088276,1.4286145790417613
CTGCGGAGTTACTGAC-1,1.9071141124342241,-0.5361169354121267
CTGCGGAGTTAGATGA-1,4.6586042285536085,-3.4447008744875967
CTGCGGAGTTATGTGC-1,3.854266250190572,-2.330613054434496
CTGCGGAGTTGAACTC-1,-3.8993662952806196,0.6831355317433299
CTGCGGAGTTTAAGCC-1,2.5792947650526323,-2.6791340486208974
CTGCGGATCAAGCCTA-1,-2.790706074180766,0.9774628504116953
CTGCGGATCATGTCTT-1,-12.487020409050151,0.759537182648939
CTGCGGATCCGTACAA-1,4.5228386760328565,-0.10166617492838487
CTGCGGATCGGAATCT-1,1.964867198524312,-0.6431100742022573
CTGCGGATCGGATGTT-1,5.057127559242085,-1.2294824496905385
CTGCGGATCGTGGTCG-1,6.323600852546528,0.5502994581063212
CTGCGGATCTCGAGTA-1,3.3540678859327593,-2.2222694532076894
CTGCGGATCTCTGAGA-1,-11.012176430168315,-1.2290212289492666
CTGCTGTAGACCGGAT-1,6.487988078651265,-0.11236450831099137
CTGCTGTAGCACAGGT-1,-11.786059296074077,1.0891600473721446
CTGCTGTAGCGATCCC-1,3.2607904315565386,2.049147687753004
CTGCTGTAGCGCTTAT-1,-3.6266063808824263,-0.009268127481180277
CTGCTGTAGGAACTGC-1,5.529488170203999,-1.8497782127062856
CTGCTGTAGGGCTTGA-1,5.545867526588276,-2.3822006360690176
CTGCTGTAGTCATGCT-1,-11.817274963798686,2.923724971612257
CTGCTGTAGTGTCCCG-1,-11.585511124077007,-0.7678712979952871
CTGCTGTAGTTTAGGA-1,-9.400276100578472,2.784642301400465
CTGCTGTCAACGATCT-1,-0.6433860420610151,-7.0586330072085435
CTGCTGTCAAGCCGTC-1,-10.544679558220073,-0.5102444068591176
CTGCTGTCACCAGATT-1,5.9076605678175245,0.6754403336842478
CTGCTGTCACCTCGTT-1,2.279620254096822,1.7910800798733653
CTGCTGTCAGACACTT-1,4.730525577125386,-1.3053927795092641
CTGCTGTCATCCGCGA-1,-11.707586204948589,2.694627605279249
CTGCTGTGTAAAGGAG-1,-1.5388151615287504,3.4595044477780283
CTGCTGTGTGAAATCA-1,-11.702274239006206,2.2163647039730967
CTGCTGTGTGCGGTAA-1,0.5171410680387774,-0.3502397612731038
CTGCTGTGTTAAGGGC-1,1.5257840991590776,-1.6160763875643789
CTGCTGTGTTAAGTAG-1,-3.4352006077195845,-0.7204201594988882
CTGCTGTGTTACAGAA-1,2.2915850520704546,0.6732858045895518
CTGCTGTGTTCTCATT-1,1.631028258857564,-1.2405817882220327
CTGCTGTTCACAGGCC-1,0.5353115439985552,1.5346216781933726
CTGCTGTTCAGCGATT-1,-0.7822710632707319,1.5705272777874888
CTGCTGTTCAGGATCT-1,0.6440704703901567,2.9241815431912364
CTGCTGTTCCACTGGG-1,2.936105811652974,-3.326028026739794
CTGCTGTTCCTATGTT-1,2.0493672729109087,-1.958443798224169
CTGCTGTTCTTCGGTC-1,3.85607918506606,-1.3655757085482656
CTGCTGTTCTTGTCAT-1,0.42907651668532276,2.9215691908200205
CTGCTGTTCTTTACGT-1,1.372884833869771,-1.4328095094363271
CTGGTCTAGAAGGCCT-1,1.932100856361226,0.9208421333630503
CTGGTCTAGATGAGAG-1,0.7704668880079546,3.3645315988858164
CTGGTCTAGCAATCTC-1,1.9110711455915728,-3.360130228201586
CTGGTCTAGCGAAGGG-1,6.280422294196919,-0.9254541770617544
CTGGTCTAGGACAGAA-1,-11.992229378166362,0.06219968189792052
CTGGTCTAGGCATGTG-1,4.506520831641987,-2.348434843222338
CTGGTCTAGGTCGGAT-1,3.3850432277296343,1.9986724479992808
CTGGTCTAGGTGTGGT-1,4.087328517494038,1.0052387936909617
CTGGTCTAGTACGACG-1,4.188746058997944,0.48981504877404586
CTGGTCTAGTCGTTTG-1,5.524537169990376,-2.2085580007235586
CTGGTCTCACGGCCAT-1,-2.0918470978166304,3.288187108834547
CTGGTCTCAGCGTTCG-1,2.4474645495985308,-3.5099538938204824
CTGGTCTCATCACAAC-1,2.2632251620863237,-1.747900880972582
CTGGTCTCATGCTGGC-1,4.202292525825337,-2.0078958646456777
CTGGTCTCATTAGGCT-1,4.597615325507954,-1.6896585599581777
CTGGTCTGTATTAGCC-1,4.709781730232075,-1.64032033840819
CTGGTCTGTGAAAGAG-1,-0.4510143756295881,3.526339374383253
CTGGTCTGTTAAAGAC-1,3.9621892810438433,-2.484429039160448
CTGGTCTTCAACACAC-1,-12.87104598278062,0.7631226404507578
CTGGTCTTCCAATGGT-1,4.644344413337544,1.2307880743344248
CTGGTCTTCCTCCTAG-1,2.494454944190816,-1.5727030412356435
CTGGTCTTCCTTCAAT-1,-0.9342007696057997,3.3541060312588633
CTGGTCTTCGCCAAAT-1,2.3093155265425005,1.2737977131207407
CTGGTCTTCGTGACAT-1,-9.99330989116685,0.5674819870789469
CTGGTCTTCTCAACTT-1,3.9528303981397905,1.3500734194119395
CTGGTCTTCTGGCGAC-1,-12.61151114696519,0.6718186958630503
CTGGTCTTCTTAGAGC-1,3.5710268855665483,-0.1876527444521962
CTGGTCTTCTTATCTG-1,3.561716163215474,-1.2132074014346181
CTGGTCTTCTTTCCTC-1,3.5818467975233355,-2.91592327515288
CTGTGCTAGAGCTATA-1,5.091848933753804,-0.5401708261172353
CTGTGCTAGAGGTAGA-1,4.2517510295484815,-3.1196552888552724
CTGTGCTAGAGTACAT-1,1.5531924605940142,-1.9585830346743642
CTGTGCTAGATGTAAC-1,1.7136052489851274,1.2590349539120615
CTGTGCTAGCTATGCT-1,4.44105585819228,-0.235583312908846
CTGTGCTAGGAGTTGC-1,-0.603648459854289,1.9174730404217661
CTGTGCTAGGATATAC-1,3.3150368571852007,-1.238617695967394
CTGTGCTAGTAAGTAC-1,3.934227550086812,-2.5837289468447744
CTGTGCTAGTCATCCA-1,4.264119708595112,-2.1189955846468984
CTGTGCTAGTGTTGAA-1,5.194924438056782,0.5167918427784861
CTGTGCTCAATAGCAA-1,3.0040875316236773,-2.0420328752200185
CTGTGCTCACCAGATT-1,3.1744752765272417,-3.703451313177782
CTGTGCTCAGGGTTAG-1,2.823763454017476,-0.08282073597117051
CTGTGCTCAGTATAAG-1,3.922031962928609,-2.3921825067202627
CTGTGCTCATCCGGGT-1,-10.994270241203472,0.8840323313076914
CTGTGCTGTAGATTAG-1,-11.945698654594585,2.610326371987623
CTGTGCTGTATCACCA-1,-2.5145916103746138,0.3829573615391673
CTGTGCTGTATCAGTC-1,-0.6145609378244123,-1.0991225616137563
CTGTGCTTCACGATGT-1,-3.454285061302348,0.49758153398827926
CTGTGCTTCAGCGACC-1,3.134378039893941,-0.577118136088091
CTGTGCTTCCATGAGT-1,-10.517191803398296,-0.5985350386302053
CTGTGCTTCCGTCATC-1,5.2863298297498975,-1.8415880576769887
CTGTGCTTCGAACGGA-1,1.2636307120893755,-4.03688684860869
CTGTGCTTCGAGAACG-1,-2.904590523185893,1.084733270009321
CTGTGCTTCTAACGGT-1,-0.931307232322856,0.9666537865002574
CTGTGCTTCTCTTATG-1,2.1334851623152056,0.6327790840466441
CTGTGCTTCTGAGTGT-1,1.2021258712385454,0.2553313895066203
CTGTGCTTCTGCCAGG-1,-0.44725368017212963,2.8308115824063242
CTGTGCTTCTTGGGTA-1,0.9977413058851519,0.8499421103794993
CTGTTTAAGACTGTAA-1,2.8387270808790483,-0.19770861426992997
CTGTTTAAGATGCCAG-1,3.1115074992750444,-1.5446974412600576
CTGTTTAAGCCTCGTG-1,1.3115173221205034,-3.9333902970950185
CTGTTTAAGCGTGTCC-1,-12.009379303398296,0.9216554387410105
CTGTTTAAGGACAGAA-1,1.4021333098982134,-3.2477287427584707
CTGTTTAAGGCATGTG-1,-1.0304219185735426,0.2153151555855693
CTGTTTAAGTACGCGA-1,2.941092097816304,0.6679477914174021
CTGTTTAAGTATGACA-1,-2.315385496559306,-6.629265941778856
CTGTTTAAGTCGCCGT-1,-3.1963951944734297,0.7528673036892832
CTGTTTAAGTGGACGT-1,2.4763410926435747,-2.746268905798632
CTGTTTAAGTTAGCGG-1,-11.606926834526226,-1.6053823606173574
CTGTTTACAAGGTGTG-1,2.2136925101850786,-1.7974348441760122
CTGTTTACAATCCAAC-1,4.451898181495503,-0.982906140486437
CTGTTTACACTCGACG-1,0.13746901756270313,1.7848389967282237
CTGTTTACAGAAGCAC-1,0.877253615913228,1.8497647865612925
CTGTTTACAGACTCGC-1,4.402694785651997,-1.8560008184115468
CTGTTTACAGATCGGA-1,1.8708153606031694,0.41977723677949325
CTGTTTACAGTTCATG-1,1.036407315788106,-3.4537226335208
CTGTTTACATGATCCA-1,0.09160562759383106,3.053195319970411
CTGTTTAGTACCGTTA-1,2.322012507972554,-3.624819196860033
CTGTTTAGTATCGCAT-1,4.593495929298237,-0.8139859215418874
CTGTTTAGTATGGTTC-1,3.8577032924269,-1.3434738294283926
CTGTTTAGTCTGATTG-1,-11.819300568046733,2.3332045896847666
CTGTTTAGTGGACGAT-1,0.6011463046644487,3.8134635313351573
CTGTTTAGTGGTTTCA-1,1.8508308768842974,0.8156990035374583
CTGTTTAGTGTTTGTG-1,4.810324752387837,-3.260640300909716
CTGTTTAGTTATGCGT-1,0.08980568653090382,3.098337016900343
CTGTTTAGTTCCACTC-1,3.6326442599867144,-1.1321585551898061
CTGTTTAGTTTCGCTC-1,1.4967201591108599,-2.560006536642748
CTGTTTATCAACCATG-1,-12.305498993339702,2.535531841119093
CTGTTTATCCATGAGT-1,-9.557619011345073,2.6426595075924815
CTGTTTATCCATTCTA-1,-11.165966904106304,2.058473311265272
CTGTTTATCCCATTTA-1,-0.03588048213975048,2.7793219908078135
CTGTTTATCCTCGCAT-1,-10.127009308281108,3.15733750899629
CTGTTTATCCTGCTTG-1,0.8883922935102739,0.5121586247284831
CTGTTTATCGTGGTCG-1,-12.17445174449937,2.456524453957838
CTGTTTATCTTCATGT-1,-10.688568985405132,1.7430235966046275
CTTAACTAGAAACCGC-1,-4.123111164512798,0.08631924622998849
CTTAACTAGGCAGGTT-1,-12.168185150566265,2.375631891091627
CTTAACTAGTACGTTC-1,-12.141487038078472,-0.5017848984400808
CTTAACTAGTGGTAAT-1,4.345790469703511,1.733574949105543
CTTAACTAGTTCGATC-1,-11.052497780265972,3.139075837930006
CTTAACTAGTTTCCTT-1,1.6000581622694292,-3.8875135556857168
CTTAACTCACATTTCT-1,-0.40088996881501293,1.2953939064343394
CTTAACTCAGACAGGT-1,-0.4788062929536543,-7.097407020727831
CTTAACTCAGCCTTGG-1,-11.65269938701646,-1.1627371684710561
CTTAACTCAGCGTTCG-1,0.15996762519820118,0.4870121701558055
CTTAACTCATCAGTCA-1,0.44843384033186817,3.1807828768094004
CTTAACTCATCTATGG-1,4.396712386665181,-1.6214523688952505
CTTAACTCATCTCCCA-1,-12.34244719738023,2.4235273226101817
CTTAACTGTAGCGTCC-1,-0.28831902736680126,-0.9049871341387807
CTTAACTGTAGCTAAA-1,5.285762870368794,-0.8945013062159597
CTTAACTGTCCAACTA-1,-1.839941060486003,-6.956872619787889
CTTAACTGTCTAAACC-1,-11.162260925712749,2.428445659478468
CTTAACTGTCTAGAGG-1,4.6519513965223585,-3.4611782209078847
CTTAACTGTGCACTTA-1,1.8050363898847857,-0.40723947445555314
CTTAACTGTGCTCTTC-1,5.712915027198628,-0.9406305925051748
CTTAACTGTGGTGTAG-1,1.4521439910505571,-2.3436197415988027
CTTAACTGTGTTAAGA-1,-3.8883959412004194,-0.06511368612452134
CTTAACTGTTTGGCGC-1,-3.6514414905931196,0.29639003415898696
CTTAACTTCAACTCTT-1,-12.63763705486314,2.101809821923536
CTTAACTTCACCGTAA-1,0.6141553760145464,2.8067227228482188
CTTAACTTCAGCCTAA-1,-12.118120109977886,1.6046893223126353
CTTAACTTCATCGGAT-1,3.8910818935011187,0.5730721278984965
CTTAACTTCCAAACTG-1,-1.0586578756000242,3.468281112511915
CTTAACTTCGGAAATA-1,-11.764087593498394,0.9690366013844431
CTTACCGAGAGATGAG-1,5.049464309272603,-0.22856540242834672
CTTACCGAGCGAAGGG-1,-12.188068306389019,2.6343916281063975
CTTACCGAGGTCATCT-1,-3.457974827232524,-0.2068664507071553
CTTACCGAGGTGATAT-1,-11.872018730583354,0.3460088892777385
CTTACCGAGTAGGCCA-1,4.714578712043599,-0.05825815359755143
CTTACCGAGTCCGTAT-1,3.52992590671523,-3.2830328122775136
CTTACCGAGTGGCACA-1,2.960558974799947,1.558151446183485
CTTACCGCACCACCAG-1,2.452441537437276,2.43013819297151
CTTACCGCATACCATG-1,6.40414294010146,0.3762159272034587
CTTACCGCATCCCACT-1,2.184147441444234,0.9939242823918284
CTTACCGCATCCCATC-1,2.4035488010023394,1.6614188774426402
CTTACCGCATGGATGG-1,1.7657886386488237,-1.6686730758349477
CTTACCGCATGTTGAC-1,-1.887186205330058,-6.982219852606493
CTTACCGCATTAGGCT-1,4.951776111183003,1.1030559166272105
CTTACCGGTAAGCACG-1,4.979152762946919,1.043643377621931
CTTACCGGTACACCGC-1,-0.22840944522873974,1.9998377188046397
CTTACCGGTACCATCA-1,0.13662203556044483,1.8532005174954356
CTTACCGGTAGCGTCC-1,-11.993706619682476,-0.23134506503744706
CTTACCGGTATAATGG-1,4.387324893531636,-0.30262685577078446
CTTACCGGTCCGACGT-1,0.39522525077803516,2.5551615579922617
CTTACCGGTCCTCTTG-1,3.624352061805562,-2.0920092240969717
CTTACCGGTCTAGTGT-1,-12.359660065117046,1.4025538786251963
CTTACCGGTGGTTTCA-1,2.7551933169935503,0.6179391964276255
CTTACCGGTTGTGGCC-1,1.443889701423482,2.2816313131649912
CTTACCGTCAGTTGAC-1,2.78020724063857,2.2609012945492686
CTTACCGTCCATGAAC-1,2.8252249599073687,-0.18634913126631364
CTTACCGTCCCTAACC-1,4.3500481486891065,0.7472739442189158
CTTACCGTCCGATATG-1,2.3921502471540728,-0.13263399163885697
CTTACCGTCGAATGCT-1,6.289568984565571,0.3303383513291301
CTTACCGTCTCGATGA-1,6.097717845496968,1.3016305788357676
CTTAGGAAGAGGTTAT-1,4.534028613624409,-2.200643219153124
CTTAGGAAGAGGTTGC-1,-3.760765469017192,0.129295872425002
CTTAGGAAGGCATTGG-1,3.680037581977681,-3.627166189352709
CTTAGGAAGTCAAGGC-1,3.9378701091383257,-2.3849734441439687
CTTAGGACAAAGTGCG-1,0.22996827369673634,2.1499508245785655
CTTAGGACACCGAAAG-1,1.2837754130934038,-1.6139169112841665
CTTAGGACAGCCTGTG-1,-11.628342544975444,-1.5578778163592397
CTTAGGAGTACAGTTC-1,-11.87330714458482,0.6606170161564768
CTTAGGAGTAGTGAAT-1,-0.9030353783990583,1.6481941564877451
CTTAGGAGTGCGATAG-1,3.8692971110914507,-0.31444228450461015
CTTAGGAGTTCAGACT-1,1.4594627261732378,1.2476997001965464
CTTAGGATCAATCACG-1,-12.613688385429546,0.5186772569020213
CTTAGGATCGCAAACT-1,2.2586418033216753,2.1768556459744395
CTTAGGATCGGAGGTA-1,2.0196655631635942,0.6086516602833689
CTTAGGATCGTCACGG-1,4.016214454231099,1.1287098749478282
CTTCTCTAGAAACGCC-1,-0.13079789871232128,0.04694636901215926
CTTCTCTAGAGTACAT-1,6.722157561836079,0.4965777917702617
CTTCTCTAGCTGTCTA-1,3.957287395057515,-1.173657454649645
CTTCTCTAGGGAGTAA-1,4.4883771777723585,0.3991884513695659
CTTCTCTAGTGGTAGC-1,2.558819139060811,-1.8962288276354848
CTTCTCTCACAAGCCC-1,5.074466788825825,1.1398715599377574
CTTCTCTCACGAGAGT-1,-3.245485460701152,-0.26307178298636064
CTTCTCTCAGATCTGT-1,-0.7395940780069075,1.3666365965207041
CTTCTCTCATCCGCGA-1,6.511747443733052,0.3731096311409892
CTTCTCTCATTCCTCG-1,-1.7004513501550398,3.528367839654249
CTTCTCTGTAGTAGTA-1,0.44426950221999073,3.4337645395596446
CTTCTCTGTCTCGTTC-1,-3.0168674349214277,1.241529665787977
CTTCTCTGTTAAGAAC-1,4.461441123542622,-2.731836713949877
CTTCTCTTCACCTTAT-1,5.28433092838271,-2.3123721257845937
CTTCTCTTCGAATCCA-1,0.3787803292845049,1.0822448356945933
CTTCTCTTCGCGTAGC-1,5.265913093147114,-2.4799691812197744
CTTCTCTTCTAAGCCA-1,1.2519698978040972,-4.07802978912993
CTTCTCTTCTGCTGCT-1,-11.06633750194566,0.2661744429667415
CTTCTCTTCTTGAGAC-1,4.15898855930312,1.61281903823213
CTTGGCTAGAACTGTA-1,5.703914249000386,-1.129645265738207
CTTGGCTAGAAGATTC-1,4.142388904151753,-0.27523619691534623
CTTGGCTAGATCACGG-1,2.028637015876607,-0.9082218782107412
CTTGGCTAGATCCCGC-1,0.04296513801558399,1.4141584261258067
CTTGGCTAGATCCTGT-1,5.183755004463032,-2.4275900499026357
CTTGGCTAGCCCTAAT-1,2.7088590503309526,-0.8105987087885915
CTTGGCTAGTCGAGTG-1,2.8200455546949663,-0.2479598597685872
CTTGGCTAGTGAAGAG-1,-11.391718780937358,-0.5160591975848257
CTTGGCTCAACAACCT-1,4.936128222999409,0.5974071546395243
CTTGGCTCAAGCCGTC-1,1.604360425529317,0.4183631463845195
CTTGGCTCAATAACGA-1,4.250784957465962,-3.232104934851366
CTTGGCTCAATCAGAA-1,-3.7723263859178267,0.1748430057366313
CTTGGCTCACAAGACG-1,-12.034050857963726,0.5782650931675852
CTTGGCTCACGAAATA-1,1.697882735786275,2.7379802091916026
CTTGGCTCAGAGTGTG-1,-1.8984387874032698,3.2174981458981455
CTTGGCTCAGCTGTTA-1,-2.20917937749879,1.9545956476529063
CTTGGCTCAGTATGCT-1,3.825145804939107,0.38529231389359847
CTTGGCTCAGTCCTTC-1,2.091135108527974,2.8188279493649424
CTTGGCTGTACATGTC-1,2.1300454974745073,-2.682454265753466
CTTGGCTGTAGCTAAA-1,-0.7767922639276228,0.4920887573559703
CTTGGCTGTCATTAGC-1,-0.7882658600236616,0.15866595496730224
CTTGGCTGTCGGCACT-1,3.7267447352979937,1.120285235245985
CTTGGCTGTGGTCCGT-1,-3.764094746055766,0.380061857302946
CTTGGCTGTGTAATGA-1,4.037932956275776,-2.5621222631136953
CTTGGCTGTGTGTGCC-1,5.883415305671528,-0.019331336120802012
CTTGGCTGTTACGACT-1,4.769980037269429,0.8562640770276011
CTTGGCTGTTCCTCCA-1,0.06539257770522022,1.6584260090191782
CTTGGCTTCAATAAGG-1,-11.990193283500835,0.451895467837614
CTTGGCTTCATCTGCC-1,5.38827379947646,0.43679609139756576
CTTGGCTTCATGTCTT-1,-1.643184637966319,3.460322461922926
CTTGGCTTCGCCTGAG-1,3.6515446544264116,-2.19064775864287
CTTGGCTTCGCGCCAA-1,4.979127967414692,-0.29145167032881364
CTTGGCTTCTCGATGA-1,2.7019520640943804,-2.736640133063036
CTTGGCTTCTCGGACG-1,-0.4098094462777815,0.3824664576847972
CTTTGCGAGACTAAGT-1,5.04690941577895,-1.1825034991900503
CTTTGCGAGCTAGTCT-1,4.026737296638325,1.938952408631605
CTTTGCGAGGCGTACA-1,-1.384250013473197,-6.671907581488329
CTTTGCGAGGCTACGA-1,0.8169701934431353,-2.118186630408007
CTTTGCGAGTTTAGGA-1,3.2666803241346636,1.7787434681256236
CTTTGCGCAAGGGTCA-1,2.0911496520612993,-0.9810041562716543
CTTTGCGCAAGTCTGT-1,1.1830900550459185,-2.6849769727389394
CTTTGCGCACCAGGTC-1,-3.079981958809062,0.595342539151472
CTTTGCGCACCGATAT-1,2.120159232673482,-3.8026897088687
CTTTGCGCAGGAATCG-1,2.861421668586568,0.08177281533674613
CTTTGCGCATGCCTTC-1,3.775385940131978,-2.6738926545779287
CTTTGCGGTAAACACA-1,3.4112444758985796,-1.486433424154955
CTTTGCGGTGCCTGGT-1,-11.039813911857769,1.1748367174466074
CTTTGCGGTGTGGCTC-1,0.4159843564604082,2.757810197671217
CTTTGCGGTTTAAGCC-1,-0.5965799450303755,1.0547332390149058
CTTTGCGTCACCGTAA-1,2.366604888496236,1.6448762043316782
CTTTGCGTCAGGTTCA-1,3.9810448527906694,-0.061874069372850504
CTTTGCGTCCTGTACC-1,4.181207263526753,2.1453612669308604
CTTTGCGTCGTTGCCT-1,1.0223971248243608,2.6059141977627696
CTTTGCGTCTTCAACT-1,-3.4751910328294477,-0.016060978273588267
GAAACTCAGAGCTTCT-1,1.2365783095930376,-1.9915870801608144
GAAACTCAGATAGCAT-1,5.423461043891743,0.4317440911133708
GAAACTCAGCCAGTAG-1,-1.7348910629178724,3.5208309515316905
GAAACTCAGGCGACAT-1,3.661089980659322,0.9232588632901133
GAAACTCAGGCTCATT-1,0.8235784412000933,2.0644516571362437
GAAACTCAGTACCGGA-1,0.31664499050124073,3.183140836556715
GAAACTCAGTAGGTGC-1,4.788536155280903,-1.4826846496264516
GAAACTCAGTGCAAGC-1,1.605869853553609,-0.1768665091197072
GAAACTCCAAGGTTTC-1,4.3858452678297315,-3.130609668890673
GAAACTCCAATGCCAT-1,5.507590377387837,-0.13729790608091935
GAAACTCCACAGGCCT-1,-3.282712614479228,0.4480240269501628
GAAACTCCACATCTTT-1,-10.88574496501939,2.977129064400953
GAAACTCCACCGAAAG-1,-10.904212868156597,2.0575589760144175
GAAACTCCACCTTGTC-1,2.0919576526258745,2.9003153665860117
GAAACTCCAGCCACCA-1,-9.851842796745464,0.699772618611616
GAAACTCCAGGTCTCG-1,1.1728299499128618,3.482408366997999
GAAACTCGTACCGTTA-1,3.5207692027662554,-3.075696863333422
GAAACTCGTCTAGCGC-1,-10.9443625568773,2.0080129726727427
GAAACTCGTGACAAAT-1,2.7439161182020464,-3.2772018090884267
GAAACTCGTGCATCTA-1,3.2030402064894,0.8272606952984751
GAAACTCGTGTCAATC-1,4.40466030841811,-0.6517131702105581
GAAACTCTCAGTTGAC-1,-3.249120151939555,-0.39751083413763627
GAAACTCTCGATAGAA-1,4.678783977088765,-0.4439154044787465
GAAACTCTCGGCTTGG-1,2.539170587119893,1.7906965835888804
GAAACTCTCGTCCAGG-1,1.918388927039937,1.0572384222348155
GAAACTCTCTGCGACG-1,4.878271186408833,-1.8840958253542959
GAAACTCTCTGGCGAC-1,5.322609031257466,0.7419547065098704
GAAACTCTCTTATCTG-1,2.7891641498182573,-3.5942513124148427
GAAATGAAGAACTGTA-1,5.270774924812153,-1.258687891165453
GAAATGAAGACTTGAA-1,-9.623589432182476,3.210022769768995
GAAATGAAGATAGTCA-1,4.096194350776509,0.780668876965803
GAAATGAAGCACACAG-1,-3.429438984337016,-0.5953166262309133
GAAATGAAGCCACGCT-1,3.080378615913228,-1.2625112907092153
GAAATGAAGCCGATTT-1,2.8680706859205523,-3.3758699075381338
GAAATGAAGGACACCA-1,-0.003735220375224113,2.0087560041745127
GAAATGAAGGAGCGAG-1,3.128506743964986,-1.6224459783236562
GAAATGAAGGCGATAC-1,3.343762004432515,0.8151908143361033
GAAATGAAGGCTCAGA-1,0.48215850597365284,3.318611465295118
GAAATGAAGTCATCCA-1,-1.5222631304885588,3.311349950631422
GAAATGAAGTGAACGC-1,3.142481887397603,2.093161187966627
GAAATGAAGTGCGTGA-1,-0.1025182365800581,-6.881279625097948
GAAATGAAGTGGTAGC-1,3.7112294078443804,-2.033944286505419
GAAATGACAAGTCATC-1,1.1032062411878862,-0.17293370525045976
GAAATGACACGCGAAA-1,-2.1525144338037214,2.7237590177853526
GAAATGACACGGCCAT-1,-0.022825872841044426,0.9430492146809519
GAAATGACACTGTGTA-1,1.6606253028486528,-1.036916412512499
GAAATGACATCATCCC-1,-11.81530753368394,1.2322409971554698
GAAATGAGTCCTCCAT-1,1.242534959373311,-0.04148823777838334
GAAATGAGTCTAGCGC-1,4.9124213100050245,-2.8488253728549062
GAAATGAGTGCAGACA-1,1.5479799151991167,1.0664159878094615
GAAATGAGTGGAAAGA-1,3.7483015895460405,-2.001706041495043
GAAATGAGTGGTCCGT-1,1.365912759361104,-0.6480928436915456
GAAATGATCAAACCGT-1,-3.339287912788554,-0.5513112918536245
GAAATGATCAAGAAGT-1,-10.74067488903062,3.206919036706251
GAAATGATCACTTCAT-1,4.751346671638325,-2.6599873677889883
GAAATGATCCTTCAAT-1,5.686221206245259,-1.9699668065707265
GAAATGATCGTCACGG-1,-11.167155182304546,2.072402559121412
GAAATGATCTACTCAT-1,3.962225997505025,-1.946386970679003
GAAATGATCTGAGGGA-1,4.194985473213032,0.9277538879712046
GAAATGATCTGTCTAT-1,2.705641830024556,0.14272510622934714
GAACATCAGAACAACT-1,-0.8269169389630995,-1.5873413459460317
GAACATCAGAGTAATC-1,3.5107155681227007,-3.577495731512743
GAACATCAGCAGGCTA-1,-11.505173599662944,2.003187619050306
GAACATCAGCTACCTA-1,0.700648391303853,1.2365250213940562
GAACATCAGCTGTCTA-1,-11.118208801689311,-2.107987083594042
GAACATCAGGAGTACC-1,2.596106374320821,2.4044206960995615
GAACATCAGGATATAC-1,2.9557109714124956,-3.0030922071139394
GAACATCAGGCCGAAT-1,-12.215296661796733,-0.37601194540663346
GAACATCAGTGAACGC-1,2.14924963718398,2.505446277459425
GAACATCAGTGCGTGA-1,2.3547771812055864,0.035536102851194296
GAACATCAGTTCGCGC-1,4.827015483436421,1.5690106972058238
GAACATCCAAACGCGA-1,2.286748015937642,1.3276474102337779
GAACATCCAAAGTCAA-1,4.246498191413716,-3.300882019201952
GAACATCCAATGAAAC-1,0.4998980403517046,-2.7556022779147207
GAACATCCACCAGCAC-1,2.3289194942091265,1.2215987070401133
GAACATCCACTCAGGC-1,4.2822757602308545,0.9779756887753428
GAACATCCACTCGACG-1,-3.399197733345195,0.4582006855805339
GAACATCCACTTAAGC-1,1.235752666053609,-2.739649213949877
GAACATCCAGTAAGAT-1,0.4198107362364092,3.165889106591505
GAACATCCATGCATGT-1,2.999431693610982,-0.0065646545092640785
GAACATCCATTATCTC-1,-1.0639002978231153,3.0417373998959483
GAACATCGTAGGGTAC-1,-1.1345852970506392,0.7217806800206126
GAACATCGTCGCGTGT-1,-0.5254527687455854,2.6549845560391367
GAACATCGTCTAGTGT-1,5.23106583362563,0.568990342219633
GAACATCGTGCCTGGT-1,3.4514661670301714,-0.02284759293003663
GAACATCGTGCCTTGG-1,-12.032400047722026,-0.9650502578417837
GAACATCTCAGAGACG-1,1.530430877265767,3.261677108605665
GAACATCTCGATAGAA-1,4.548863971290425,-3.1081363336245595
GAACATCTCTTGCAAG-1,4.875735843238667,-2.54745403687163
GAACCTAAGAAACCTA-1,2.6170402408216753,-0.06371923546000108
GAACCTAAGACCTTTG-1,1.6585327029798784,1.7171332462628306
GAACCTAAGAGCCTAG-1,-1.404932817759677,-1.2949957029025136
GAACCTAAGCGTGTCC-1,0.1751283050154009,3.4651597364743174
GAACCTAAGGCATGGT-1,0.134886467513875,-1.3955912963549673
GAACCTAAGGCTCAGA-1,2.9751549602125444,2.686871133645338
GAACCTAAGTCACGCC-1,1.8349057078932085,-2.7279676572482168
GAACCTACAACTGGCC-1,2.1883374095533648,-1.7785151378314077
GAACCTACAATCGGTT-1,-2.027559912147685,3.4816840513546885
GAACCTACACGCTTTC-1,1.232388818321065,2.2291344030697764
GAACCTACATCACCCT-1,3.898946368751363,1.9715871437390269
GAACCTACATCTACGA-1,5.289715850410298,-2.2636350766818105
GAACCTAGTAATTGGA-1,-0.4990619182016096,1.7512020691235484
GAACCTAGTACCATCA-1,1.7471998572920122,1.0704925282795847
GAACCTAGTCTTGATG-1,1.131453359184102,2.8745139463742198
GAACCTAGTGCAACGA-1,-3.215224182548686,0.9545912965138377
GAACCTAGTGTAACGG-1,-3.8272766231919966,-0.11370760957403764
GAACCTAGTTCGTGAT-1,5.126338088569478,0.266509406169218
GAACCTATCACATGCA-1,-0.16267088645951366,-6.752467788855272
GAACCTATCCGAACGC-1,-0.08394984001175976,0.9725388511021555
GAACCTATCTACCAGA-1,4.532147491035298,-1.331845201651293
GAACCTATCTGTCTCG-1,-10.840083038749858,2.202803693612379
GAACCTATCTTGTACT-1,0.4228378177259722,2.9726901872952403
GAACGGAAGAGCCCAA-1,4.273562038001851,1.8377087934811533
GAACGGAAGATCACGG-1,4.974460208473042,-2.8514439241091787
GAACGGAAGCCAGAAC-1,3.838789546546773,-1.461280860106188
GAACGGAAGGCTATCT-1,2.629718148765401,-0.5390819088618337
GAACGGAAGGTCGGAT-1,2.7681427836988726,-2.7358409539858877
GAACGGAAGTAAGTAC-1,1.301253163871602,1.6352207287152232
GAACGGAAGTATTGGA-1,4.581075751838521,-0.10683625201387986
GAACGGAAGTGGAGAA-1,5.595782363471821,-0.7247153894106924
GAACGGAAGTTCGCAT-1,-0.6245988368417463,-6.890642799536424
GAACGGACAAAGCGGT-1,1.2787643313978472,2.598677717049879
GAACGGACAAATTGCC-1,4.994964683112935,0.9663072450955332
GAACGGACAAGCGAGT-1,-1.084228357615634,2.765784822305006
GAACGGACAAGTTGTC-1,-4.030011808815166,0.5498186572392405
GAACGGACACGAAACG-1,2.878297889289693,-1.1352744476000844
GAACGGACAGGACGTA-1,-0.5786332249070845,1.4185449703534068
GAACGGACAGGTCTCG-1,1.986489856300191,-3.047381319205004
GAACGGACATCGGGTC-1,4.6176496387098585,-2.1098574773470937
GAACGGACATTTCAGG-1,1.9988876224134722,-3.193610347906786
GAACGGAGTCGAGTTT-1,-0.8608539759542189,-6.620422043005663
GAACGGAGTCTAGGTT-1,4.161352717933491,-2.5338582173983633
GAACGGATCACATGCA-1,3.4904957652662554,-0.37203670303030595
GAACGGATCAGGCAAG-1,1.4688490272138872,1.9103908165295542
GAACGGATCCTCATTA-1,4.655868613776997,1.1905983312924326
GAACGGATCGCTAGCG-1,0.15383275753004932,3.469738326867384
GAACGGATCGGCATCG-1,-0.3190677523042402,-1.4423940555254995
GAACGGATCGTGGTCG-1,-0.6309498905564985,-0.9481101409594594
GAACGGATCTCCCTGA-1,3.808417403755025,-1.0311807767550527
GAACGGATCTGCGTAA-1,-11.0384148716356,2.604962430794996
GAAGCAGAGAACAACT-1,4.654971206245259,-2.9835359231631338
GAAGCAGAGACAAGCC-1,5.025968158302144,1.1870045288403452
GAAGCAGAGATATGCA-1,3.372382724342183,1.158123813470167
GAAGCAGAGCTGAAAT-1,-1.6898343920137129,3.446829639275831
GAAGCAGAGTGCCATT-1,1.5466874480818071,0.9647459014256419
GAAGCAGAGTTACGGG-1,-1.751609122696086,3.2041502817471446
GAAGCAGCAAACGCGA-1,-3.562495624962016,-0.18634203831358537
GAAGCAGCACAGACAG-1,2.0963707805250444,-1.793900169531542
GAAGCAGCACGGACAA-1,2.5638621688459673,-1.631813086668688
GAAGCAGCAGGACCCT-1,2.2959931731794634,0.6877793892224253
GAAGCAGCATTCCTGC-1,1.3971632361982622,-2.8091789857546865
GAAGCAGCATTGGTAC-1,0.8114508033369341,-0.7486052886645376
GAAGCAGGTACCTACA-1,2.7197976947401323,-1.2713367120425283
GAAGCAGGTAGCGTCC-1,2.5806632876966753,1.8207323177655161
GAAGCAGGTCCGAACC-1,4.400905692634419,1.6325025184948863
GAAGCAGGTCGAAAGC-1,1.3192757011030474,-3.1339630262057363
GAAGCAGGTCTGCAAT-1,-4.0099910854722705,-0.25776893655462846
GAAGCAGGTGCAACGA-1,-1.4716008811618528,3.2424453123410166
GAAGCAGGTGCGCTTG-1,6.125237548408345,-0.08858311931295976
GAAGCAGGTGTCCTCT-1,4.997321689185933,-3.1290072576205312
GAAGCAGGTGTCGCTG-1,3.8321824908827105,1.354255758126539
GAAGCAGGTTCTGAAC-1,-0.2666621565248213,1.706496558984083
GAAGCAGGTTTGTGTG-1,-11.708701050224468,-0.36179757873221025
GAAGCAGTCAAGAAGT-1,2.907543742713765,1.548893175919813
GAAGCAGTCATGCTCC-1,3.9053307414625444,-0.49036035696669206
GAAGCAGTCGCAAGCC-1,-1.8721344828035078,3.657070003350538
GAAGCAGTCGTTACGA-1,4.268299186286763,-2.587029136816698
GAAGCAGTCTGTCTAT-1,0.016914331970051766,1.3438731058438242
GAATAAGAGATCGGGT-1,3.34958561664565,-2.1450387612978994
GAATAAGAGGAACTGC-1,2.1959679961775103,-0.8847208396594106
GAATAAGAGTATCGAA-1,1.0328224540327349,-3.1976470128695547
GAATAAGAGTGCCAGA-1,0.8646899104688921,-1.7161369697253286
GAATAAGAGTTACCCA-1,-1.8344236373330793,3.866525970300001
GAATAAGCAAGCTGAG-1,2.77919348484023,-1.1868300811450063
GAATAAGCAATAGCAA-1,5.547279918250874,-1.69358543316527
GAATAAGCACAGATTC-1,-1.6870303809072218,-7.088156856695848
GAATAAGCACGAAATA-1,-0.34980759614960766,2.082795344193739
GAATAAGCAGCCTTGG-1,5.009917342719868,-2.739247478644091
GAATAAGCAGCGTCCA-1,3.8635426402662554,0.9809537156422556
GAATAAGCATCTGGTA-1,-11.486342346611186,1.643850885232252
GAATAAGGTACCCAAT-1,1.6933158279035845,0.4856398328144969
GAATAAGGTCATCCCT-1,1.933804833946065,-0.9145956412951528
GAATAAGGTCTCTCGT-1,3.309048736152486,-2.643727459112841
GAATAAGGTCTCTCTG-1,-12.168402588310405,-0.11872897307081803
GAATAAGGTCTTTCAT-1,3.456439101753072,-1.2754978315035879
GAATAAGGTGCTGTAT-1,-0.3442622780229292,-0.3531120793025075
GAATAAGGTGTCCTCT-1,-11.002339279594585,1.3435736521084727
GAATAAGGTTGAACTC-1,3.319232070503072,-0.2193818465869008
GAATAAGGTTGTACAC-1,-11.420246040764019,1.3080232961972178
GAATAAGTCAAGATCC-1,-0.25957850212113476,0.85918226083115945
GAATAAGTCATAACCG-1,5.106298053321675,0.22084788223103896
GAATAAGTCATCGATG-1,0.006862962302998543,3.0920351370175303
GAATAAGTCCCAACGG-1,-10.39087191814439,2.7842534406979502
GAATAAGTCCCGACTT-1,6.375985229072407,-0.5805035010973989
GAATAAGTCGATCCCT-1,-12.774326240959331,0.4700879379113139
GAATAAGTCGCCGTGA-1,1.2579308391187944,2.5237604006131114
GAATAAGTCTCTGAGA-1,-10.362866318168804,-0.41953686634703263
GAATAAGTCTGGTATG-1,-10.851156151237651,-0.026484169165330973
GAATAAGTCTTACCGC-1,-12.211073791923686,2.1070526464779795
GAATGAAAGAATGTGT-1,3.9439988971327105,-2.7792903558413564
GAATGAAAGACATAAC-1,-1.1805348008300505,3.4362502916653574
GAATGAAAGAGGTTAT-1,4.466540420112446,-0.6037051455180227
GAATGAAAGATGCGAC-1,4.752166354713276,-1.321349777380663
GAATGAAAGCAATATG-1,3.609517657813863,-0.3595330492655812
GAATGAAAGCCTATGT-1,-0.0699266552354536,-0.3510993198554097
GAATGAAAGCGTAATA-1,-12.41029158824937,1.0076795442898692
GAATGAAAGCTCCTTC-1,2.4003797412489214,-0.6048800126711904
GAATGAAAGTATCTCG-1,4.184682452735737,-3.8002096788088857
GAATGAAAGTGTGGCA-1,3.2619567752455034,1.1215982063610972
GAATGAAAGTTTAGGA-1,2.7324186206434526,-3.382514156500536
GAATGAACAATCCGAT-1,3.225330436286763,1.3141151293118418
GAATGAACAGACAAGC-1,-11.813628113212749,-0.6613672749201833
GAATGAACATCCAACA-1,1.4584008098219194,1.2681069000561656
GAATGAAGTCCGTCAG-1,-0.9766146599675856,0.5850520356495799
GAATGAAGTCTGGAGA-1,-12.31242552989976,0.9818315132458628
GAATGAAGTGCAGTAG-1,-3.61090341800706,0.007932856579584036
GAATGAAGTTAGAACA-1,-3.479391491356059,1.007146738370222
GAATGAAGTTAGTGGG-1,4.210015380439595,2.110601030190748
GAATGAAGTTGGTTTG-1,4.883510196266011,-0.1637160555522023
GAATGAATCATTATCC-1,3.594895923194722,-0.9827239886920034
GAATGAATCCTTGACC-1,5.282509887275532,-1.1297352687518178
GAATGAATCTGATTCT-1,3.4015870929334917,-2.95376769463225
GAATGAATCTGCTGTC-1,-10.458113586845561,3.0194528921444834
GAATGAATCTTCATGT-1,4.182745063361958,-1.4773798362414419
GACACGCAGACAATAC-1,2.9172750354383745,-3.163249410788256
GACACGCAGAGTGACC-1,1.6617177367780962,0.14605496068791762
GACACGCAGCCATCGC-1,-0.7266490816499434,1.575923286279005
GACACGCAGCTGCGAA-1,6.218433940467671,0.7044110520680369
GACACGCAGGACTGGT-1,-0.4850231766130171,1.204934082825941
GACACGCAGGCTAGGT-1,4.330195510444478,-2.9490052835146963
GACACGCCAAAGTCAA-1,4.0486846805189405,-1.7801821605364858
GACACGCCAAGTACCT-1,1.2573214412306108,-4.032040275732713
GACACGCCAATAAGCA-1,-0.8257902025605879,3.3698538168271006
GACACGCCACCATGTA-1,1.9871741176222124,2.4303413256009043
GACACGCCAGCTGCAC-1,1.9137519240949907,-3.4614550248782217
GACACGCCAGGATCGA-1,-0.4659300207521162,1.8569035156567515
GACACGCCAGGGTATG-1,-10.126094734611675,3.288230024178785
GACACGCCATCACGAT-1,6.323177421150044,0.9493385775883616
GACACGCCATGAGCGA-1,5.007778728065327,-0.8972112909953176
GACACGCCATGGTCAT-1,1.358579242286519,-1.828673757712084
GACACGCGTAAGCACG-1,3.5883890033338823,0.06091772754983321
GACACGCGTAGCCTAT-1,5.5611382365797315,-2.3032893315951406
GACACGCGTATAAACG-1,-11.714084541740581,1.865768633683485
GACACGCGTATATCCG-1,2.653853023109273,0.36644705375031844
GACACGCGTATCACCA-1,4.292419993934468,0.8110186084111155
GACACGCGTCGAATCT-1,-2.160839474144145,3.620584808190626
GACACGCGTCGCATCG-1,5.092394912299946,-2.017000593344408
GACACGCGTGCAGGTA-1,5.105200374183491,-0.6831285730998098
GACACGCTCAGGCAAG-1,4.580184543189839,-1.6209707633654653
GACACGCTCATTTGGG-1,5.429626071510151,-1.0263805762927114
GACACGCTCCCGACTT-1,5.122199618873433,0.9670636280377329
GACACGCTCCTATTCA-1,-2.969469582977458,0.8249781354268015
GACACGCTCGAGCCCA-1,5.025628650245503,0.17031086226300612
GACACGCTCGCAGGCT-1,4.852798068580464,-0.5029981509844839
GACACGCTCGGACAAG-1,4.271096313056782,-2.75578824440642
GACACGCTCGGGAGTA-1,4.3896013141248975,-3.558678306738573
GACACGCTCGGTTAAC-1,2.775102222022847,0.1232090908040227
GACAGAGAGACCGGAT-1,3.204615199622945,-0.8507903591792165
GACAGAGAGATGTAAC-1,-11.760648643913433,-1.4175970927874624
GACAGAGAGCAACGGT-1,-2.102958476486369,-6.8578321115176255
GACAGAGAGCACCGCT-1,4.792309367713765,-1.160406746069628
GACAGAGAGCCCTAAT-1,-3.773433363380595,-0.16548306504889115
GACAGAGAGGCTACGA-1,4.331903064308003,-1.8260530606905996
GACAGAGAGGGTTCCC-1,0.03610750442488575,-6.67368523041411
GACAGAGAGTACGACG-1,5.2286821246717725,-0.6256423370043813
GACAGAGAGTTGAGTA-1,-12.306585228386089,2.285532794793409
GACAGAGCAAACTGTC-1,5.098634803352192,-2.6698800698916494
GACAGAGCAAGGTGTG-1,2.4045794845197954,0.23682146509484664
GACAGAGCACACAGAG-1,-11.40407649272935,1.5821892841656626
GACAGAGCACACCGCA-1,0.2934738040540972,-0.3985212818781911
GACAGAGCACAGGCCT-1,0.3077877402876177,0.47018470605210677
GACAGAGCACATTAGC-1,2.803508842048482,1.3010416849453867
GACAGAGCACGAAACG-1,3.688284003791646,-1.5609004871050893
GACAGAGCACGACGAA-1,4.771456801948384,-1.1032052413622915
GACAGAGCACGGACAA-1,5.1426788211439405,-0.22446043054266557
GACAGAGCACTGTGTA-1,0.6952492833708086,2.840661607583326
GACAGAGCAGCGTTCG-1,2.607654655036763,-0.8765894548098623
GACAGAGCATACAGCT-1,0.5742762923811235,-1.9367565290133535
GACAGAGCATGCCACG-1,3.471142375526265,-1.464862026373583
GACAGAGCATTTCACT-1,-3.855048572960063,0.057165924360317144
GACAGAGGTAGCGCTC-1,5.196504676399067,-1.3058474437396108
GACAGAGGTGATGATA-1,0.9201937556837358,-0.443300940195757
GACAGAGGTGCAGGTA-1,1.0958948970411577,-0.4026025311152516
GACAGAGTCACAAACC-1,4.372214877662495,-1.0709052459399282
GACAGAGTCAGAGGTG-1,5.099973285255269,-0.13352052132292375
GACAGAGTCAGCTCGG-1,4.343502605018452,1.8689257725079478
GACAGAGTCATTGCCC-1,-2.0134254454995832,3.127066455682081
GACAGAGTCGCTAGCG-1,3.188559138831929,0.9248635395367564
GACAGAGTCTATGTGG-1,4.15667446857436,-3.5499691144625722
GACAGAGTCTTGGGTA-1,-3.6137632488633833,-0.2513977066676198
GACCAATAGAGAACAG-1,3.565812194404439,1.6293135507901133
GACCAATAGCTCCTCT-1,4.083386504707173,-2.590052522818285
GACCAATAGGACAGAA-1,-0.6691081284906111,1.7882052286465586
GACCAATAGTCCGTAT-1,2.8368206859205523,-0.42775908867521867
GACCAATAGTGAACAT-1,0.6868468165968218,-0.5414171592394887
GACCAATCACATGGGA-1,2.7777272105787554,-2.2947088853518545
GACCAATCAGCTATTG-1,3.322591865119771,-2.1725706235568105
GACCAATCAGGGCATA-1,-0.5876930117036543,0.312440208991331
GACCAATCAGTAAGAT-1,3.799091422614888,-2.07941523949309
GACCAATGTATCACCA-1,2.90773352390273,1.176064453919691
GACCAATGTCCTGCTT-1,0.13234468704207325,2.00419231494264
GACCAATGTGACTACT-1,3.967310512122945,-3.6152583734194814
GACCAATGTTGGTTTG-1,5.599847877082661,-0.3260695413748799
GACCAATGTTTAGGAA-1,-0.7195648311998091,0.8905817492802561
GACCAATTCAGCACAT-1,3.4305196643446245,0.5263458712895335
GACCAATTCAGTGCAT-1,2.9230070949171343,-1.6556275264422475
GACCAATTCCCTTGCA-1,4.124698245582417,-1.6618721858660757
GACCAATTCCGTACAA-1,-3.075658833923503,0.3304480089743556
GACCAATTCGGTCTAA-1,4.832402312812642,-2.277181305090624
GACCAATTCTCTGTCG-1,1.7364247680280962,0.04085522880153075
GACCAATTCTTCATGT-1,3.8745718837354937,-2.7687694207827627
GACCTGGAGACAAAGG-1,-3.456977283897563,0.40273054679231063
GACCTGGAGACACGAC-1,-12.712440407219097,-0.17259977022810563
GACCTGGAGCCACCTG-1,1.6717851996992388,3.2945152147610606
GACCTGGAGCCTTGAT-1,3.75524386173232,-1.0744737760226308
GACCTGGAGCTGAAAT-1,-0.5850792884256086,0.7208706959088267
GACCTGGAGCTGCAAG-1,4.706264102516011,-1.9144441262881338
GACCTGGAGTCACGCC-1,4.031634414253071,-2.122539438406664
GACCTGGAGTTTCCTT-1,4.485472762641743,0.8746085985501231
GACCTGGCAAAGCGGT-1,-0.5694408773805342,-0.08147544423742875
GACCTGGCAACACCTA-1,-10.386752998771831,-0.3526007310549794
GACCTGGCAAGAAGAG-1,4.308945262489155,-2.816271938482958
GACCTGGCAATGAAAC-1,5.2798858523939405,0.8412125333149851
GACCTGGCAATGGAGC-1,4.770254218635396,-3.101327337423998
GACCTGGCACCTATCC-1,4.414608562049702,0.008229926129144582
GACCTGGCATGGTCTA-1,-10.655569946708843,-0.7559926287333547
GACCTGGCATGTCCTC-1,-2.1371590256120405,3.472933851083082
GACCTGGCATTGGTAC-1,-12.312093651237651,0.19442353387669936
GACCTGGGTACACCGC-1,1.0070958972547808,-0.651778735319811
GACCTGGGTAGAAGGA-1,1.8520096183393755,-4.02741304794951
GACCTGGGTAGCACGA-1,-11.622447884025737,1.8303509577115
GACCTGGGTAGCTCCG-1,-3.1488290190126142,1.3301790579159678
GACCTGGGTGTGAATA-1,3.0896526218031206,-0.012059494952398386
GACCTGGTCAACTCTT-1,-0.3344368695642195,-1.0301233903567373
GACCTGGTCACGCATA-1,4.898675525245503,-1.7573891059557973
GACCTGGTCAGTCCCT-1,5.257145965156392,-0.9993459359805166
GACCTGGTCAGTTAGC-1,-0.26765576595322704,1.0383255704243601
GACCTGGTCATGTCTT-1,5.4861822963331495,-1.980449356238085
GACCTGGTCCAACCAA-1,-11.906705772819683,1.3779184444745005
GACCTGGTCCGCAGTG-1,3.9637156367872515,-2.2893091813723623
GACCTGGTCGGAGCAA-1,5.526187980232075,-2.164756693045336
GACCTGGTCTGCTTGC-1,1.370398843345479,-0.17620465914412126
GACGCGTAGAAACCGC-1,4.105520808753804,-2.6227637902895986
GACGCGTAGAAGGTGA-1,2.783090198097066,0.4272463544209422
GACGCGTAGACACTAA-1,-10.368355667534038,-0.45685324827833756
GACGCGTAGACATAAC-1,4.326810443458394,-0.044802583853441325
GACGCGTAGCGCCTCA-1,-12.626771843376323,-0.0036268309752522376
GACGCGTAGCTGGAAC-1,-3.6681794285203657,-0.5451924578349172
GACGCGTAGTCGATAA-1,4.654995048103169,1.7251195534069956
GACGCGTAGTCTCAAC-1,0.5010577083204546,2.0293237789471568
GACGCGTAGTGACTCT-1,-10.526680862846538,2.987130962212843
GACGCGTCAAGAGTCG-1,3.6916557193373003,1.5996759756405772
GACGCGTCAGCTGGCT-1,2.463831985053853,-0.05124672512217149
GACGCGTCAGGCTCAC-1,-11.153842842521831,-2.0215627328555166
GACGCGTCATCCCATC-1,-11.689812576713726,2.865462623437208
GACGCGTCATGAGCGA-1,0.6129717469785967,2.920551143487257
GACGCGTCATGCAATC-1,0.13439270263655567,-1.68027178208037
GACGCGTCATTCCTGC-1,5.1094709277723585,0.9221926554043711
GACGCGTGTAAGTGGC-1,-0.04659167522446728,2.0586992128689707
GACGCGTGTCTCGTTC-1,1.2376740813825884,-1.2879325524966299
GACGCGTGTGCATCTA-1,1.6189828754041948,1.0719687565167368
GACGCGTGTGGTAACG-1,3.3302975535963335,-2.3279244081179677
GACGCGTGTTCAGGCC-1,3.580744826850728,-2.599968589941698
GACGCGTGTTCATGGT-1,0.9026518703077593,2.43817623694734
GACGCGTGTTGCGCAC-1,-12.571321403923198,0.9969708546002329
GACGCGTTCACAGGCC-1,-0.5827153086091719,-0.7664376870791494
GACGCGTTCAGTTCGA-1,2.9600506663893023,-0.7024292723338186
GACGCGTTCATCGGAT-1,-1.470884075703784,-7.097053684393602
GACGCGTTCCAGTATG-1,-3.4862376808549604,-0.5484418050448476
GACGCGTTCGGCCGAT-1,1.3938301444624224,-1.336725629965502
GACGCGTTCGTAGGAG-1,5.289093577918843,0.7611174209912241
GACGCGTTCTATCCTA-1,1.0553685069654741,-1.6480609552065908
GACGCGTTCTCGCTTG-1,-12.092221176567241,0.19260362525777236
GACGGCTAGAAACGAG-1,3.19597872501357,2.068654499848646
GACGGCTAGAAAGTGG-1,-3.7291649937059126,-0.14875722686453446
GACGGCTAGAACAATC-1,2.0769222617719927,-1.369196571509081
GACGGCTAGAGACTAT-1,1.9619518161390581,-0.5643008724848806
GACGGCTAGCCCAGCT-1,-11.630494034233257,2.463403306802076
GACGGCTAGCTCCTTC-1,3.1704979777906694,0.8377892597516001
GACGGCTAGGATGGAA-1,-1.5397802799369535,-7.069939293066698
GACGGCTAGGATTCGG-1,-12.926535522880718,-0.20617050687475785
GACGGCTAGTCTCAAC-1,2.3489249587629595,1.9472673757870615
GACGGCTAGTTTAGGA-1,0.3425390363310137,0.06636292849974051
GACGGCTCAACACCCG-1,3.1716681361769,2.0224709137280406
GACGGCTCAATGACCT-1,3.5681472659681597,-2.1100820676486074
GACGGCTCAATGTAAG-1,4.928242766914204,0.39711620648698226
GACGGCTCACAAGTAA-1,4.276825034675435,0.4664832278092326
GACGGCTCACGACTCG-1,6.5605584025953565,0.643952511151594
GACGGCTCACGTCTCT-1,1.6980141044233599,-2.550738252798754
GACGGCTCAGCTGTAT-1,2.3175247550581255,2.2418936117489756
GACGGCTCAGTTCATG-1,3.2437682986830034,-2.367889322439867
GACGGCTGTCAGGACA-1,5.260390842017964,-2.2276097909609853
GACGGCTGTCCAGTTA-1,3.9052272677992144,1.991306267579359
GACGGCTGTGAAAGAG-1,3.625779712257222,0.31109280129269973
GACGGCTGTTGTCGCG-1,-1.5864870905305586,3.745205007394117
GACGGCTTCACCGGGT-1,2.548245751914815,-2.3812374250094472
GACGGCTTCAGAAATG-1,-0.4765615820314131,0.4547532125313701
GACGGCTTCAGTGTTG-1,-0.027700579109354972,1.1312241180737437
GACGGCTTCCCAAGTA-1,1.647639119682149,2.344891391595167
GACGGCTTCCCTTGCA-1,2.631446683463887,1.3757060392697276
GACGGCTTCGTTTGCC-1,-13.020637428703472,0.8955762608845652
GACGGCTTCTCAAACG-1,-1.9391805886651716,3.1853965147335948
GACGGCTTCTGGGCCA-1,4.829094970283345,1.6512636764843882
GACGGCTTCTTCAACT-1,4.523371779975728,-3.517154611746508
GACGTGCAGAAACCGC-1,-2.755426442566081,0.03838350613908187
GACGTGCAGAAACGAG-1,1.2975881934736528,-0.4197624103228627
GACGTGCAGACTAGAT-1,-10.591573631706401,-0.7037033812205373
GACGTGCAGAGCTGCA-1,3.535165870246724,0.2671535982687892
GACGTGCAGATCACGG-1,2.4798687339399614,1.3285569771130503
GACGTGCAGATGCCAG-1,4.58525284534438,1.2200042827923716
GACGTGCAGCGTTCCG-1,0.3486650825117388,1.893739424546522
GACGTGCAGCTATGCT-1,5.20666512256606,-1.3570217267672597
GACGTGCAGGCCCTTG-1,-3.982490456047221,0.044898074020904455
GACGTGCAGGCGTACA-1,5.019525134620503,-2.204291500250536
GACGTGCAGTAGATGT-1,5.655028426704243,-1.9403735772769033
GACGTGCAGTAGGTGC-1,3.1449619174574175,-1.3572852985064565
GACGTGCAGTTGTAGA-1,3.7147723079298296,1.741229258378309
GACGTGCCAAGCTGAG-1,2.5113249660108843,-3.1705350057284414
GACGTGCCACGAAATA-1,-12.565075790825054,-0.5008477942149221
GACGTGCCAGGAATCG-1,2.151787126121358,-3.049151100317675
GACGTGCCATCCAACA-1,-1.7235190629388533,3.5040090902646006
GACGTGCCATGAAGTA-1,4.382696712074116,2.1627803667385996
GACGTGCCATGCAACT-1,-1.966747438850566,3.4917999132473887
GACGTGCGTAAGTGTA-1,-12.6598748325731,0.8320424779255808
GACGTGCGTAGCGCTC-1,-10.759034073295757,0.39970033605889693
GACGTGCGTCCTCCAT-1,2.71527107959731,-3.0681273118655263
GACGTGCGTCGAACAG-1,2.634638631400899,-1.9907704965273916
GACGTGCGTTCGCGAC-1,-0.5140342473413191,-7.0844461099307114
GACGTGCGTTTGACAC-1,-3.65155283206956,-0.16294283429785356
GACGTGCTCACTCTTA-1,3.65905245548232,-0.5940158144633352
GACGTGCTCCACTGGG-1,3.884030902442769,0.8231843932469309
GACGTGCTCCTAGTGA-1,0.714479768333272,0.9199354871113719
GACGTGCTCCTTTCGG-1,3.2366605640028276,1.4453264101345957
GACGTGCTCGCAAGCC-1,0.9369305015180864,-0.6294888631503164
GACGTGCTCTTGCATT-1,3.4953018069837847,-3.3356734887759267
GACGTTAAGAAGGCCT-1,2.3765855670545855,-0.5649557487170278
GACGTTAAGAAGGGTA-1,-11.794073021354839,2.438636384805006
GACGTTAAGCCTCGTG-1,3.8552399516676226,0.928900979359907
GACGTTAAGCGAAGGG-1,1.4444535613630571,0.5969248040516795
GACGTTAAGTGTACCT-1,1.2424205184553423,1.9320749862988413
GACGTTAAGTTCGCGC-1,-0.1155046581651411,1.7663535698254527
GACGTTACAATAGAGT-1,4.971704566535786,0.5800413115818919
GACGTTACACAAGTAA-1,1.5886031032179155,3.089457116921705
GACGTTACACCAGGTC-1,-10.952929413261577,0.6168171985943736
GACGTTACAGATGGGT-1,2.743274772224263,-1.9832495824496328
GACGTTACAGGTCCAC-1,-1.2299930214311323,-7.029436744848924
GACGTTACATAAGACA-1,-1.296762049047961,-1.0473058597247182
GACGTTACATGGTTGT-1,-11.749648010673686,-1.1788864509265005
GACGTTAGTAGCCTAT-1,3.227564895210103,-0.330124773184496
GACGTTAGTATGCTTG-1,-3.5403648971940718,0.232659034331602
GACGTTAGTCATCCCT-1,2.613670671043233,2.529354177315992
GACGTTAGTCCAGTTA-1,-1.6558555125619612,3.530469022591871
GACGTTAGTCCGAAGA-1,4.048458182868794,-3.6106318608920156
GACGTTAGTCGATTGT-1,1.8990975261305132,-2.58637324730559
GACGTTAGTCTAAACC-1,2.327061975059346,-3.059097923437792
GACGTTAGTCTTGTCC-1,4.973029696998433,-2.5266079084078847
GACGTTAGTGACAAAT-1,5.208384120521382,0.5503315850098551
GACGTTAGTGTGACCC-1,-0.697193598690196,1.4589628799755991
GACGTTAGTTAAAGAC-1,-12.273347771110698,-0.21837142864866838
GACGTTAGTTGGTGGA-1,-3.671884453239604,0.6110115273793162
GACGTTAGTTGTGGAG-1,0.38512011772139454,1.8912589176495493
GACGTTATCACTATTC-1,4.968889796790913,-2.7393550054232656
GACGTTATCCCAGGTG-1,2.513946378288106,-0.7643574253718435
GACGTTATCTACTATC-1,2.7644587398145952,-0.5655274168650686
GACGTTATCTCCCTGA-1,2.1031738162611284,-0.465084649721819
GACGTTATCTTGTCAT-1,2.8524127841566362,0.2728739901383342
GACTAACAGACAATAC-1,4.949096286353901,1.4332475288708628
GACTAACAGACTGTAA-1,0.5253834367368975,-1.010075010458666
GACTAACAGCACAGGT-1,-0.2669523119355879,1.9413824899990977
GACTAACAGCCATCGC-1,3.0148702502821245,1.7855972870190562
GACTAACAGCCGCCTA-1,5.035348022041157,-0.7607803122202932
GACTAACAGTAGCCGA-1,2.588695609626607,-0.4935261384646474
GACTAACCAAAGTGCG-1,1.5645638347242632,2.172988019784254
GACTAACCAAGTCTAC-1,1.9324749351118364,0.4384275003273906
GACTAACCACCATGTA-1,3.2976127505873003,0.8520439489682139
GACTAACCACCGAAAG-1,-12.636667168083354,0.08064042580620662
GACTAACCAGGCAGTA-1,-1.157943612280055,-6.735435642401415
GACTAACCATGCCTTC-1,2.2334297538374224,-0.548151649634081
GACTAACGTAAGAGAG-1,-3.818155205192729,-0.17908615628882035
GACTAACGTACATGTC-1,-10.762308990898296,0.3019267245133342
GACTAACGTTCGCGAC-1,5.326618754920796,-1.1607109681765615
GACTAACGTTGGTGGA-1,0.9747460723493853,-1.000985302130419
GACTAACTCAATACCG-1,-10.667415535392925,1.0802074893315257
GACTAACTCACATGCA-1,2.6907595038984575,-1.2220191136996328
GACTAACTCATCGATG-1,-12.642139351310894,0.12815383625523463
GACTAACTCATGGTCA-1,-11.682900345268413,-1.4050161019961416
GACTAACTCGCAAACT-1,1.4635051131819048,-2.3094183580081045
GACTAACTCGGAGCAA-1,4.9310794711683545,0.49136909087495223
GACTACAAGAGGGATA-1,3.1960082889173784,-0.18758118907614335
GACTACAAGATCCTGT-1,-1.464264294448062,-6.701929725805956
GACTACAAGATCTGCT-1,4.880186164436177,-0.4288263694445668
GACTACAAGCGTAGTG-1,6.045612895545796,0.8732877596219004
GACTACAAGTGTCTCA-1,2.8180952907179155,1.5249188764889658
GACTACACAAAGGCGT-1,1.2979436755750933,2.419779144128126
GACTACACAAGGTGTG-1,3.810762488899068,1.7413875683148325
GACTACACACATAACC-1,4.657134616432026,-2.138678945700365
GACTACACAGGGTTAG-1,1.1902266383741655,-2.2509469167391836
GACTACACAGTGGAGT-1,-3.415767109337016,-0.04311794797583207
GACTACAGTACTCAAC-1,-1.9731830715562544,3.502336107095045
GACTACAGTCAGCTAT-1,0.09520813232405567,1.0619096382458628
GACTACAGTCTCCCTA-1,4.562934958991841,1.7149504049618662
GACTACAGTCTTCTCG-1,-12.568815147819683,1.2728166206677378
GACTACAGTTCAGGCC-1,-2.0374416469957075,2.224992833932203
GACTACAGTTCGCGAC-1,3.8463521838758745,-0.020968139270979014
GACTACAGTTGGTGGA-1,3.691053950843648,1.0613598450024546
GACTACATCAATCACG-1,2.279445016441182,-1.4520842210452138
GACTACATCACGAAGG-1,2.529804074821309,0.025531351466936025
GACTACATCAGTGCAT-1,3.1225643992994585,-0.7385334149996816
GACTACATCATGGTCA-1,-3.449235594215556,-0.38467896739645585
GACTACATCCGATATG-1,-0.7705202459718428,-1.5452804938952505
GACTACATCCTTTACA-1,4.602899634895161,-0.08586854497595414
GACTACATCGCGCCAA-1,0.8508447051618853,0.10940844415993706
GACTACATCGGCTACG-1,1.4476846099470415,-0.045018993417459574
GACTACATCGTTTAGG-1,-0.8010670303727827,1.7476732357342661
GACTACATCTAAGCCA-1,2.7298575282667437,-0.3349558190505086
GACTACATCTCTTATG-1,-10.253519928398296,-0.02674650410814866
GACTACATCTGCTTGC-1,0.8954366088484087,-2.535472311178881
GACTGCGAGACCCACC-1,-12.428367531242534,2.300718389352125
GACTGCGAGAGTGAGA-1,6.070402228889302,1.0894923432667674
GACTGCGAGCAAATCA-1,1.584456050453023,-1.2074278966586172
GACTGCGAGCTAGGCA-1,2.518545711097554,-0.6526470557848989
GACTGCGAGGTGCTTT-1,4.986467921790913,-2.1318008081118642
GACTGCGAGTGCAAGC-1,4.2999149203871045,-3.6570507661501943
GACTGCGCACACTGCG-1,2.2685953021620073,-1.3343689815203725
GACTGCGCACCACCAG-1,0.6166940570448198,-2.2984246389071523
GACTGCGCACCCATTC-1,-1.1379852204944334,-1.1941644326846181
GACTGCGCACTATCTT-1,-12.437437927665874,-0.2809827701251088
GACTGCGCACTGTGTA-1,2.799236381110982,-3.555468477408129
GACTGCGCAGATCGGA-1,1.3008354545210161,-1.1639640704791128
GACTGCGCAGCTGTGC-1,4.68429430728896,-2.255544342199999
GACTGCGCAGGTCGTC-1,2.580204570350484,0.30032395561532393
GACTGCGCAGGTTTCA-1,-1.422025857808753,-7.113269962469774
GACTGCGCAGTATGCT-1,-11.352303421440288,1.1902291401226939
GACTGCGCATCCGGGT-1,1.64520272022231,2.659113965829176
GACTGCGCATCGACGC-1,-11.23267928356187,1.511573873360914
GACTGCGGTACGCTGC-1,4.341749274787739,-2.784716762701708
GACTGCGGTAGAGTGC-1,5.022499167976216,1.211174808343214
GACTGCGGTAGCCTCG-1,0.956247174796895,-0.55739078680678
GACTGCGGTAGGCTGA-1,3.7100582957838335,-1.7172991410891592
GACTGCGGTAGTGAAT-1,-11.370356476249858,0.08377125849322692
GACTGCGGTCATCCCT-1,2.692671382484273,-3.596685804526049
GACTGCGGTCCGTTAA-1,4.287453734931782,-2.2859193460146963
GACTGCGGTCGGGTCT-1,3.4253388286207476,0.09168613226459638
GACTGCGGTGCGCTTG-1,4.4227643848036085,-0.06569129983587846
GACTGCGGTGCGGTAA-1,2.527062022743062,-2.958796180884081
GACTGCGGTGTAACGG-1,0.9839080215071001,-0.8446239010493337
GACTGCGGTTACGGAG-1,2.290163123664693,-2.8447648660342275
GACTGCGGTTCATGGT-1,3.962434852180318,0.6854062898953379
GACTGCGGTTGTACAC-1,5.118134105262593,-2.0199524537722646
GACTGCGTCAAAGACA-1,1.0237909198377886,-3.2112006322543203
GACTGCGTCCAATGGT-1,5.698514068183735,-0.7067988292376577
GACTGCGTCCTCAACC-1,2.6938277125929155,-0.45097521702452287
GACTGCGTCCTCATTA-1,-3.2487421392823896,0.0860053895910205
GACTGCGTCGCCATAA-1,0.40276142364485645,1.2130596264203013
GACTGCGTCTAACTTC-1,0.15505095725996876,1.8632973059018076
GACTGCGTCTTGTTTG-1,3.4316254497144976,2.0592982395489634
GAGCAGAAGATGTGTA-1,0.922712886390523,2.634638868172926
GAGCAGAAGCATCATC-1,2.5449117065046587,-3.323876060644823
GAGCAGAAGCCCAGCT-1,-3.1647780298616133,-0.44583640257521256
GAGCAGAAGCTACCTA-1,0.33366283184035206,-1.688359774748522
GAGCAGAAGGCCGAAT-1,3.1468072772596636,-1.2948391811053335
GAGCAGAAGGGTATCG-1,-12.56569758647935,2.2653678282101573
GAGCAGAAGTATCTCG-1,3.400780284461812,1.6741636617978037
GAGCAGACAAGCCCAC-1,3.612553680000142,1.9382317884762705
GAGCAGACAAGGTTCT-1,-0.20863739246384716,1.4176530464489878
GAGCAGACAATGGACG-1,1.3950293899153032,-1.8925646917025625
GAGCAGACATTGCGGC-1,-3.504169142189189,0.6378786786396922
GAGCAGAGTACCGTTA-1,-1.2056441664125166,3.5548511370022715
GAGCAGAGTAGAAGGA-1,3.7167912364576616,1.1655331476529063
GAGCAGAGTAGCTTGT-1,6.8317376018141065,0.3520077391465129
GAGCAGAGTCTTGCGG-1,4.309004867133931,2.2091101034481944
GAGCAGAGTGTAAGTA-1,-12.048444664421245,-0.16272629062338456
GAGCAGAGTTATGTGC-1,2.50016196971877,1.4195597990353526
GAGCAGAGTTTGCATG-1,1.0724881530378618,-3.2918187753359853
GAGCAGATCAGCAACT-1,5.046180808601216,-0.1257616506020604
GAGCAGATCAGTGTTG-1,4.820770824012593,-1.9031981603304922
GAGCAGATCCAGTAGT-1,-3.059350168647929,-0.27360076467199906
GAGCAGATCGCGTTTC-1,3.8099447131727495,-3.556152023474413
GAGCAGATCTGTGCAA-1,-0.6401203035737715,3.4296396597226084
GAGCAGATCTTTAGTC-1,2.326798760948018,-2.803490318457323
GAGGTGAAGATGTGGC-1,2.4205754638288774,0.880508862336439
GAGGTGAAGATTACCC-1,-12.278721725883647,2.2867780550320567
GAGGTGAAGCCGATTT-1,1.3500195384596148,-2.8005139009158193
GAGGTGAAGGCTCTTA-1,4.9982696414564405,0.31145244081811324
GAGGTGAAGTGGAGAA-1,4.823447310981587,-1.3603392020861684
GAGGTGACAAGGGTCA-1,5.521177375373677,-0.4823004380862294
GAGGTGACACAAGTAA-1,-12.267236626091167,0.3766065760453166
GAGGTGACACAGAGGT-1,3.199625098762349,-2.527371563116747
GAGGTGACATCTCGCT-1,6.607099139747456,0.34310274561242476
GAGGTGACATGGTCAT-1,0.4310726762388506,3.0738447531063975
GAGGTGACATTATCTC-1,1.6731923461530962,1.1607757433255137
GAGGTGAGTAAGAGAG-1,0.6771858573530474,2.719966970284742
GAGGTGAGTATCAGTC-1,-0.2647731661225996,0.7054760082562388
GAGGTGAGTCATACTG-1,1.7000656962965288,-2.7309974805514394
GAGGTGAGTCTCTCTG-1,2.9764796138380327,-0.6678019539515554
GAGGTGAGTTCACCTC-1,-12.90402880901353,-0.24827409545584306
GAGGTGATCACCAGGC-1,5.331684672889546,0.35596355040864364
GAGGTGATCATCTGCC-1,-0.3299786209489546,2.3125253542263926
GAGGTGATCCAAAGTC-1,5.564206683692769,-1.5374653712908803
GAGGTGATCCTCGCAT-1,4.4402604938123975,0.24702303846673385
GAGGTGATCGAGAACG-1,-0.9027981221105299,-1.5142586604754507
GAGGTGATCGGCGCAT-1,4.117748820838765,-2.7674433366458
GAGGTGATCGTCTGCT-1,4.0519195438001905,-2.8832363263766347
GAGGTGATCTATCCCG-1,3.5375939250562944,-1.8522284404437124
GAGTCCGAGACATAAC-1,1.9212969184492388,-2.627551473776537
GAGTCCGAGACCTAGG-1,-0.5843325614358625,-0.1326307729880391
GAGTCCGAGACTGGGT-1,1.084481799659566,1.9405043943722666
GAGTCCGAGATATGCA-1,0.8838017821882524,3.0564056261380137
GAGTCCGAGGCTCATT-1,4.735609138068989,-1.9452833310763418
GAGTCCGCAACCGCCA-1,0.9150474906538286,0.1752530931432666
GAGTCCGCAAGCGAGT-1,-0.20190170997635937,2.1412251814206065
GAGTCCGCAAGGACAC-1,5.828102672157124,-1.592453874746996
GAGTCCGCAATGAAAC-1,0.30539020305617237,2.2252658232052744
GAGTCCGCACCGTTGG-1,-1.4293631970311842,-1.0946109668414175
GAGTCCGCACGAAGCA-1,5.437122428474263,-2.214937128226
GAGTCCGCAGACGCCT-1,0.12615355258925343,3.3795891626675547
GAGTCCGCATACCATG-1,-0.06522861713425732,0.42486222823457137
GAGTCCGCATCCTTGC-1,-10.394311821403667,-0.24609474102659806
GAGTCCGGTAAAGTCA-1,3.348987186012105,-3.8137289659182607
GAGTCCGGTAAGGGAA-1,3.2281061053846636,-1.1648550407092153
GAGTCCGGTACCATCA-1,5.039822661933735,-2.255218424002367
GAGTCCGGTACCGGCT-1,3.1874161601637163,-1.9773806707064687
GAGTCCGGTAGTACCT-1,2.9009648204420366,-1.9818810598055898
GAGTCCGGTGTCCTCT-1,-3.289673840942546,-0.4396967665354787
GAGTCCGGTGTTTGTG-1,5.62675675159438,-0.27215898791952714
GAGTCCGGTTGCCTCT-1,-3.1495539307023726,0.7919988258679331
GAGTCCGTCAATCTCT-1,-11.56071654552476,1.4680910929043711
GAGTCCGTCACAACGT-1,0.018811667022542,0.9713466389973582
GAGTCCGTCACGATGT-1,-11.83112899059312,1.629195533593458
GAGTCCGTCATCGCTC-1,4.559375846443013,-2.8670915738741933
GAGTCCGTCGCCAGCA-1,-12.090258514824077,2.261237464745802
GAGTCCGTCTCGTATT-1,-3.928734219017192,0.39192294319466964
GATCAGTAGACACTAA-1,3.5980592609022417,-2.036493457953173
GATCAGTAGATACACA-1,-0.2615481972123823,0.14236906905965224
GATCAGTAGCACGCCT-1,-10.825448906364604,1.2784621342022837
GATCAGTAGCAGACTG-1,4.858598315772847,0.19014120091990844
GATCAGTAGCGTAATA-1,4.767678344306782,-2.5869661943118154
GATCAGTAGGAGTAGA-1,1.3803418517683306,-3.0848001615206777
GATCAGTAGGATGCGT-1,2.3906615615461626,-4.072183288733202
GATCAGTAGTACGTTC-1,4.3468061328504835,-1.568969406286913
GATCAGTAGTATGACA-1,-9.901845848503276,0.6415399535496653
GATCAGTAGTTAACGA-1,2.2017033935163774,-1.4233463184039175
GATCAGTCACAGTCGC-1,1.9750920177076616,2.55156620581941
GATCAGTCAGCGTCCA-1,4.55382498508437,-3.6759785787264883
GATCAGTCATACCATG-1,5.19848641162856,-0.6163614765803396
GATCAGTCATGATCCA-1,-0.5508858918573103,2.2819488867123545
GATCAGTCATGCCTAA-1,1.902390801963643,2.4796324594815196
GATCAGTCATTGTGCA-1,5.499864184913472,-2.2410310880343496
GATCAGTGTACGAAAT-1,-12.604864990654155,-0.2473747209708272
GATCAGTGTAGCTTGT-1,3.5950632930372515,-1.5881582872073232
GATCAGTGTATAGTAG-1,3.449434363899068,1.0081372483570994
GATCAGTGTCAGGACA-1,0.09858211284621143,1.3513310774167002
GATCAGTGTCCGTCAG-1,-3.8642596363450727,0.6887533887227
GATCAGTGTCTCACCT-1,1.946253621635274,-3.557823099295336
GATCAGTGTGGTTTCA-1,1.4167209506605425,1.2935537918408335
GATCAGTGTTTGTGTG-1,0.5835942864988604,1.561374865372938
GATCAGTTCAATCACG-1,2.4599462390516558,0.8573898299534739
GATCAGTTCACCACCT-1,-1.8484539150621138,3.4948185308773936
GATCAGTTCACTCTTA-1,-10.896477615776226,2.4476314409573496
GATCAGTTCAGCAACT-1,-2.5789296984101973,0.7145605905850352
GATCAGTTCAGCTCGG-1,-11.808210289421245,2.6637237890561045
GATCAGTTCCCGACTT-1,3.4950290561292925,-2.4545747415225088
GATCAGTTCCGTTGCT-1,1.4137388110731401,-3.6299492494265615
GATCAGTTCTTAGAGC-1,-9.671536362114116,0.6635681017239512
GATCGATAGAGTCTGG-1,-1.6537016093160353,2.1325059755642832
GATCGATAGCAACGGT-1,2.543426597175435,-3.4595677034060537
GATCGATAGCAATATG-1,2.279689157066182,-3.779810346762377
GATCGATAGCGATTCT-1,-11.888311302604839,0.026142604549688253
GATCGATAGCGTGAAC-1,-11.545246994438335,0.7136641963322581
GATCGATAGCTAAGAT-1,4.336806857642964,-1.631526745955187
GATCGATAGGAGTACC-1,-1.1564238279487333,-1.3983838931719839
GATCGATAGGGAAACA-1,-11.610897934379741,-0.916218318144518
GATCGATAGTCGTACT-1,2.707465255317525,-0.29792398969336137
GATCGATAGTGTGAAT-1,-1.813994204940959,2.3959697111447276
GATCGATCAATGAAAC-1,1.581728303489522,-0.07197905341787919
GATCGATCAATTGCTG-1,3.7382889628980913,0.881036423047346
GATCGATCACGAAAGC-1,2.561002099571065,-3.1720615998904287
GATCGATCAGTCCTTC-1,2.267195785102681,1.284368954499525
GATCGATCAGTGAGTG-1,1.555729949531392,3.1609040125210703
GATCGATCATCGGTTA-1,-3.5808958172227583,0.6405741198857249
GATCGATGTACGCACC-1,3.431253516731099,1.804380260308546
GATCGATGTACTTCTT-1,4.218671882209614,-3.6399404184023916
GATCGATGTATGAAAC-1,4.191663348731831,-2.249354042212206
GATCGATGTCAGAATA-1,4.158684814033345,-0.29200605312986955
GATCGATGTGATGATA-1,2.624887549934224,-2.310037054220873
GATCGATGTGGTCCGT-1,-2.282619988861247,-6.693854965368944
GATCGATGTTTCGCTC-1,-12.818671142997905,1.1446673496563853
GATCGATTCAACCATG-1,-11.07115641826646,2.8969977720578135
GATCGATTCCAGTATG-1,5.35177477603896,-1.6376120225588857
GATCGATTCGTGGACC-1,-11.360774910392925,2.961273513634962
GATCGATTCTCTGCTG-1,-2.1399632453347883,-0.7162114755312978
GATCGATTCTCTTGAT-1,-0.8823827266122541,-6.960582889715868
GATCGATTCTTCAACT-1,3.9441257358167925,2.410393319924635
GATCGCGAGACAAGCC-1,4.200076186714009,-1.1126919166247426
GATCGCGAGACCCACC-1,2.3493810535047808,-1.6536925212542593
GATCGCGAGAGGTTGC-1,-3.649019396248027,0.39305525263146773
GATCGCGAGGTGCTTT-1,0.25143393283827686,1.922864876588148
GATCGCGAGTAGTGCG-1,4.606898868141011,-0.10730298618479356
GATCGCGCAACCGCCA-1,-11.554186737480327,2.0606194361050547
GATCGCGCAACGATGG-1,5.6130252719496045,-0.2759789303938924
GATCGCGCAATAGCAA-1,0.06632324462874317,-0.7615501062075674
GATCGCGCACAACTGT-1,3.652911269721822,-0.11390381316347703
GATCGCGCACGAGGTA-1,-0.3149329780961714,3.5205639227230967
GATCGCGCAGCTGTTA-1,0.6951536775205889,2.280436120827955
GATCGCGCAGTCAGAG-1,5.248178565559224,-2.4489113465945302
GATCGCGCATTAGGCT-1,5.510643565711812,-0.373469956318575
GATCGCGCATTGCGGC-1,-0.30035940403000927,0.1850875168044986
GATCGCGGTCGAATCT-1,-3.6367668270494184,-0.24018193046255693
GATCGCGGTCTGATCA-1,-10.093077576103374,0.4655699654419841
GATCGCGGTTCACCTC-1,2.2045462966535845,0.5116296335061015
GATCGCGGTTCAGACT-1,-9.380415832939311,2.9295109136898936
GATCGCGGTTGATTCG-1,3.3648110271070757,-0.010927699605661478
GATCGCGTCAACGGCC-1,-11.608630096855327,-1.5039288179080068
GATCGCGTCACTATTC-1,0.6346486449812212,2.183560930093092
GATCGCGTCCAAACTG-1,0.19173356300337696,1.499229155381483
GATCGCGTCTTTAGGG-1,4.443950259742573,1.6370284183819712
GATCGTAAGAAAGTGG-1,-10.150476372184917,2.3924885614712657
GATCGTAAGAGCTTCT-1,0.8143072963331499,-2.3036078588168203
GATCGTAAGAGTACCG-1,4.941850268897847,-2.9074572698275625
GATCGTAAGATGTGTA-1,5.1680742145155225,-2.184814371267992
GATCGTAAGCAAATCA-1,-3.729189073982402,-0.2774331049124776
GATCGTAAGCATGGCA-1,-11.564304268303081,-0.17088321606321916
GATCGTAAGCCACCTG-1,2.0131018996809282,-0.4082926289240895
GATCGTAAGCGTGAGT-1,-12.28416625255601,0.31100866933659926
GATCGTAAGGATGCGT-1,-0.07215622657792187,0.625005088647169
GATCGTAAGGGCTTGA-1,-1.7398300825978956,3.011806569894117
GATCGTAAGTATGACA-1,2.0910681129072466,-2.728930868307787
GATCGTAAGTCACGCC-1,-11.394128715934917,1.5957821234066905
GATCGTAAGTCGAGTG-1,2.774130427894429,0.17605922361211196
GATCGTAAGTTCGCGC-1,4.861467921790913,0.5825501902897776
GATCGTACAAGTTCTG-1,1.8685427547071733,-1.5619365350405752
GATCGTACACAAGTAA-1,3.689467513618306,-1.4893269912402212
GATCGTACACATCCAA-1,1.5471878886793413,-3.793275989691454
GATCGTACACCTCGTT-1,-12.640623962822124,0.523751459916395
GATCGTACATGCCTTC-1,0.10457750564558888,-0.7684024945895254
GATCGTACATGTAGTC-1,3.3885975719068804,-0.5570643321673452
GATCGTAGTAAACGCG-1,2.7101426959608355,-1.1872336045901357
GATCGTAGTACGACCC-1,2.4260357261274614,1.6920730694134654
GATCGTAGTCGGGTCT-1,2.380826318321065,0.5739062650998057
GATCGTAGTCTCCACT-1,3.915480697212056,1.917411766846937
GATCGTAGTGTTCGAT-1,6.73712166553481,0.37107136090592757
GATCGTAGTTGGACCC-1,2.153615558204488,1.5060342176754893
GATCGTAGTTTGACAC-1,4.446558558997944,0.6728885992367686
GATCGTAGTTTGCATG-1,4.877210223731831,-2.303829826513964
GATCGTATCAAGGTAA-1,2.0365215182874956,-2.4856216088931142
GATCGTATCACCCTCA-1,-0.20037344688431835,0.7619683369000376
GATCGTATCATCTGTT-1,-0.5504164456750593,0.9948246105511607
GATCGTATCCATTCTA-1,4.254300677833394,1.5186249836285532
GATCGTATCCTGTACC-1,1.7030235171888628,0.5292426868279398
GATCGTATCGCACTCT-1,0.9531730056379595,-1.3424981013934194
GATCTAGAGACAAAGG-1,3.297147357520894,-1.4047024623553335
GATCTAGAGATATGGT-1,3.8702126384352007,-3.7695018426577627
GATCTAGAGCTCAACT-1,0.6417239547346392,-0.12623455385370835
GATCTAGAGGACTGGT-1,-3.597590601387187,0.3636990710099162
GATCTAGAGGCCCTTG-1,5.140896880683735,-2.695711530844408
GATCTAGAGTCTCAAC-1,0.43886145359023,2.402935348351759
GATCTAGAGTCTCGGC-1,2.8920274615858355,0.842665217717451
GATCTAGCAAACGTGG-1,3.715630137977437,-3.3595184461276113
GATCTAGCAACTGCTA-1,-12.744283592643901,1.1926992758114756
GATCTAGCACATTAGC-1,-10.753255760612651,-0.25407419363661393
GATCTAGCACCAACCG-1,4.553007209358052,-2.2756027356783926
GATCTAGCAGGGTACA-1,2.8830605388258257,-2.1551667825381338
GATCTAGCATCAGTCA-1,2.749101245460347,-0.4628716484705983
GATCTAGGTACCGTTA-1,-11.368282234611675,1.2096719368298472
GATCTAGGTAGTAGTA-1,-11.759687340202495,-0.9799588100115835
GATCTAGGTATGAATG-1,5.080720508155659,-0.07778129736586198
GATCTAGGTCAATACC-1,0.1289590240095415,1.8481787069638194
GATCTAGGTCGCCATG-1,-0.8317663728620253,1.419540844758314
GATCTAGGTGAGGGAG-1,-11.573174393119976,-0.8235789910952627
GATCTAGTCAGTCAGT-1,1.4858947635267534,-2.433163561026293
GATCTAGTCATTGCGA-1,3.363713347968892,-1.012302793661791
GATCTAGTCCCGGATG-1,1.0499423385237017,1.401057563622755
GATCTAGTCGGAGCAA-1,5.056216800269917,-2.7694212571780263
GATCTAGTCGGCTTGG-1,0.005252564010457039,3.5636232717831553
GATCTAGTCGGTCCGA-1,-11.947993194999858,0.8615121467907847
GATCTAGTCTTAGCCC-1,4.3443108440016065,2.1555875166256846
GATGAAAAGATGGCGT-1,3.001873099860982,0.24531646807984725
GATGAAAAGCTCCCAG-1,2.6641193271253862,-2.585503019491869
GATGAAAAGGCTCAGA-1,4.172694289741353,-1.367147363821703
GATGAAAAGGTCGGAT-1,-0.4465054034616194,-7.063972629706102
GATGAAAAGTCTTGCA-1,5.012172305641011,-2.4762679711978017
GATGAAACAAACCTAC-1,4.877565467414692,-1.4729206935565053
GATGAAACAAGCTGGA-1,2.2691305518720903,-2.387884773413378
GATGAAACAAGGTGTG-1,3.258351886329488,2.0918912514050425
GATGAAACAGGTGCCT-1,-11.058955109062358,2.9924829824765147
GATGAAACATGCATGT-1,6.36664875751479,-0.12205307940645799
GATGAAACATTGGCGC-1,3.266977393684224,-1.9878484384219228
GATGAAAGTCAAACTC-1,-1.0859079121972761,3.582594953378004
GATGAAAGTCGTCTTC-1,-10.328861153068706,-0.21126113096876725
GATGAAAGTCTGATCA-1,1.8718653560255327,3.120563588937086
GATGAAAGTTCCACTC-1,-12.519894516410991,0.49960445602731124
GATGAAAGTTCTGGTA-1,6.2431684375379835,0.12378880185381785
GATGAAAGTTTGGCGC-1,1.6740811706159868,1.0978917702038706
GATGAAATCATCGATG-1,5.557915294227437,-1.8218574897448598
GATGAAATCCTAAGTG-1,2.767994010505513,-1.3784008399645864
GATGAAATCGCACTCT-1,-12.647117531242534,-0.3831549362341939
GATGAAATCGTAGGTT-1,-3.921729719581767,0.005201592942041311
GATGAAATCTACTATC-1,3.959606254157857,1.2836805208523692
GATGAAATCTCCTATA-1,-0.4132845162774763,0.36115442951516524
GATGAAATCTGGTATG-1,-12.545177376213237,2.001459561188978
GATGAGGAGACTAAGT-1,0.17559489017470264,2.993767820199293
GATGAGGAGCGACGTA-1,-9.887930786552593,0.6733909471829356
GATGAGGAGCGGCTTC-1,2.0109237075422564,0.8229031785328806
GATGAGGAGGACAGCT-1,-0.2745753883744917,3.441251598199171
GATGAGGAGGGAAACA-1,3.4935541987989702,1.090873144467634
GATGAGGAGTCATGCT-1,0.23692473178847218,-6.354580558935838
GATGAGGAGTCCATAC-1,4.38176163440688,-2.960465110937792
GATGAGGAGTGGAGAA-1,4.005832278785542,-2.871849693457323
GATGAGGCAATAGCAA-1,4.043620193061665,-0.4007555023829518
GATGAGGCAATCTGCA-1,0.5895712018583574,1.5685535295803965
GATGAGGCACATGGGA-1,4.713315570411519,0.8266814573605479
GATGAGGCACATGTGT-1,4.43211563831313,-2.358078636328417
GATGAGGCACCATCCT-1,5.626195037422017,-1.0126150027911245
GATGAGGCAGTAAGAT-1,0.723390901145772,-0.4469981567065297
GATGAGGCAGTTTACG-1,-0.021308934631510734,1.826444469292921
GATGAGGCATCACGAT-1,1.9997235179518023,0.2907661571104945
GATGAGGGTAAACGCG-1,4.660608851966694,-3.0559419767062246
GATGAGGGTAACGCGA-1,-0.5933372139360151,1.1193220241864146
GATGAGGGTGATAAAC-1,4.576106631812886,-2.166926063696581
GATGAGGGTTAAGATG-1,2.952934348640279,1.7097096069653452
GATGAGGGTTGGTGGA-1,-3.7354895233537397,-0.09372306625052079
GATGAGGGTTTCGCTC-1,1.49704917675002,2.696513019402784
GATGAGGTCACGCGGT-1,4.633485877570942,-0.13172207037611589
GATGAGGTCAGTTAGC-1,-3.8680872082139692,0.12973695610956565
GATGAGGTCCATGCTC-1,1.2725587726209917,-3.702051796118456
GATGAGGTCCCTCAGT-1,-11.698945915641948,2.778297029336256
GATGAGGTCGCCAAAT-1,4.791964137611226,-1.5813687221209585
GATGAGGTCGGCTTGG-1,1.0660832763288774,-3.9400827066103994
GATGAGGTCGTCCGTT-1,2.5285817027662554,1.3441828115780772
GATGCTAAGACACGAC-1,-11.305550491752788,0.7826946600277842
GATGCTAAGACTAGAT-1,-10.255157387199565,-0.0630138740937291
GATGCTAAGTACTTGC-1,-3.5066911339189253,-0.42216084162397965
GATGCTAAGTGTTGAA-1,1.6606191039655962,-2.919379629294115
GATGCTAAGTTACGGG-1,5.243824088630513,-2.5058597699801504
GATGCTACACACCGAC-1,1.0765586734388628,-2.7627541200320302
GATGCTACACGGTTTA-1,-1.7726089417363844,3.4779322965939463
GATGCTACAGATCTGT-1,-1.3624171412910662,1.6650236471493662
GATGCTACAGCCTTTC-1,3.137535655555562,-2.4849087373416006
GATGCTACATCCTTGC-1,0.49098678832991505,2.1018819435437144
GATGCTACATGGGACA-1,-0.4566613792802534,0.6547702773411692
GATGCTAGTATAAACG-1,-10.554379379692241,2.4625492914517344
GATGCTAGTCCCTTGT-1,-10.388593590202495,-0.2921117619673787
GATGCTAGTCTTGCGG-1,1.236638152656392,2.0928604229290904
GATGCTAGTCTTTCAT-1,3.3583923221205034,-0.7439437882105886
GATGCTAGTGCACTTA-1,1.1666768432234087,1.9056230409939707
GATGCTAGTGCGGTAA-1,1.432023131904439,1.1777318342526377
GATGCTAGTGGTTTCA-1,-10.873014366569683,2.251122794945997
GATGCTAGTTTGTTTC-1,4.709035956916646,-2.788552679220873
GATGCTATCACCACCT-1,0.715940082130269,3.123202405770582
GATGCTATCATTCACT-1,-0.47021690601365185,0.03798400600747481
GATGCTATCCACTGGG-1,4.867256724891499,0.23560485978917495
GATGCTATCCTTGGTC-1,5.087799155769185,-1.914641775290209
GATGCTATCGCACTCT-1,-0.556495642604991,-7.088332809607225
GATGCTATCGGATGTT-1,4.108160579261616,-2.4773854390780508
GATGCTATCGTCCAGG-1,6.6100507617567335,-3.3216188355073006e-4
GATGCTATCTCCGGTT-1,-0.25275329345719433,-7.140070118109422
GATGCTATCTCGATGA-1,1.004835689124898,0.5326857491333903
GATGCTATCTGGAGCC-1,1.5606835723493853,3.314834199746412
GATGCTATCTTCAACT-1,-0.09571615451829052,0.8746849521000803
GATTCAGAGCACACAG-1,2.4987951160047808,-1.643219746748644
GATTCAGAGCCCGAAA-1,3.701345527229146,1.2347352131207407
GATTCAGAGCCTTGAT-1,1.9148829818342485,-2.9583090917269765
GATTCAGAGCGAGAAA-1,3.6152821422193804,1.2290426119168223
GATTCAGAGCGCTTAT-1,2.2643676639173784,-0.9328096286456167
GATTCAGAGGTGCAAC-1,2.215132081565694,-0.5859176294009267
GATTCAGAGTGGGATC-1,3.360227191505269,-1.317470349470812
GATTCAGCACAAGCCC-1,-3.0370786547090254,0.541858754952711
GATTCAGCAGGATCGA-1,-11.396160995903179,-1.7726737634341299
GATTCAGCAGTACACT-1,-1.9717564343835554,3.641813598473829
GATTCAGCAGTTTACG-1,4.978973472175435,-0.5106405989329397
GATTCAGCATCAGTAC-1,5.7117424846266065,-0.2026031986872731
GATTCAGGTACAGCAG-1,4.501955115852192,-2.7055555955569326
GATTCAGGTAGAGCTG-1,-11.366394913139507,3.1478072031338633
GATTCAGGTATTAGCC-1,-0.981515800895854,1.2870989664395274
GATTCAGGTCACCCAG-1,4.20037564044936,-1.9854549543063222
GATTCAGGTCTCCATC-1,1.9477105975721636,-3.575797952810961
GATTCAGGTGACCAAG-1,-10.089351570549175,2.9720424040158213
GATTCAGGTGCAGACA-1,5.771628940162495,-1.941638387839037
GATTCAGTCACTTATC-1,4.595829093513325,1.1437271459896983
GATTCAGTCCTGTACC-1,-9.42029849285142,2.8060322626431407
GATTCAGTCGCCCTTA-1,-3.759249126854106,0.5997204109032572
GATTCAGTCGTTGACA-1,-0.5374796747590742,-1.064886726538378
GATTCAGTCTAACTGG-1,3.1996403575514116,1.0059486850102366
GATTCAGTCTCGAGTA-1,3.3564301372144976,-2.5827507154147207
GATTCAGTCTTAACCT-1,2.387471997794942,2.5994425638516367
GATTCAGTCTTTAGGG-1,-1.9053840398217878,-0.5425163284937917
GATTCAGTCTTTCCTC-1,1.1443775535200396,-2.3103927747408926
GCAAACTAGCACCGCT-1,1.1761594653700151,-1.906216539541918
GCAAACTAGCCTTGAT-1,-11.735614693107769,0.014164842565816793
GCAAACTAGCTGCGAA-1,-11.088056480827495,-2.1404289380709707
GCAAACTAGGGATCTG-1,-10.954611694755718,0.3994097634156169
GCAAACTAGTCAATAG-1,-0.7259462832833967,-1.4504593984286367
GCAAACTAGTGTCCCG-1,-12.7776726841356,1.7017854078610362
GCAAACTCAAGGGTCA-1,4.846935832557515,-2.5942196027438222
GCAAACTCACAACGTT-1,4.82061489826186,-2.1058847085635244
GCAAACTCACCTCGTT-1,0.19291266208632374,-1.5706594363848745
GCAAACTCATGCTAGT-1,4.413209521827534,2.0883596762021006
GCAAACTGTAAGAGGA-1,3.608816230354146,-0.4061995522181569
GCAAACTGTAAGTGTA-1,-12.470179474296733,2.2291251047451914
GCAAACTGTACCCAAT-1,6.584179484901265,0.585277430613798
GCAAACTGTAGCTAAA-1,-12.306779777946636,-0.415993012587267
GCAAACTGTAGCTCCG-1,4.371824348029927,0.6529142483075083
GCAAACTGTCATGCAT-1,0.8403073192213335,1.7556998356182993
GCAAACTGTCGAGTTT-1,-0.709295010509654,1.4336748941739024
GCAAACTGTCTAGTCA-1,6.267187202033833,-0.33438361446066484
GCAAACTGTTACCAGT-1,6.644480311927632,0.39622151096658126
GCAAACTGTTATGTGC-1,5.595118606147603,-2.0863541738192617
GCAAACTGTTGTCTTT-1,3.375718200263814,-2.1441282407443105
GCAAACTTCAACGAAA-1,-0.5723982810403547,0.8102003558476389
GCAAACTTCACGAAGG-1,-0.5586696028138838,-0.2588400618235646
GCAAACTTCCGCAAGC-1,-1.2885844626824698,-1.0999555961291372
GCAAACTTCCTTAATC-1,2.7040420413587847,2.5258105619748057
GCAAACTTCGTACGGC-1,-11.237546837272808,2.4476827009518565
GCAAACTTCTACTATC-1,-11.38090983623521,0.7351647241909922
GCAAACTTCTCTAAGG-1,-0.6343797802354536,0.8776470049221934
GCAATCAAGAGTCGGT-1,5.344905936775044,-1.578685678641039
GCAATCAAGATAGGAG-1,4.569844806251362,-1.8384992257754385
GCAATCAAGATGGCGT-1,2.78668221240981,2.723867975076002
GCAATCAAGATGTGGC-1,2.498941028175191,0.2453083320458354
GCAATCAAGCAACGGT-1,-11.2781027912523,1.657982908089918
GCAATCAAGGGAGTAA-1,4.132925593910054,0.04446696107582465
GCAATCAAGTCATGCT-1,3.861619079170064,-3.1963559762637197
GCAATCAAGTCCAGGA-1,3.2349158168409624,-0.9874577895800649
GCAATCAAGTGCGTGA-1,5.441118323860005,-1.6924178973834096
GCAATCACAAGCCATT-1,2.449521863517598,-2.698997892538744
GCAATCACAAGCGTAG-1,-1.0119424223329267,0.7062392457325877
GCAATCACAATGAAAC-1,3.2920542598341265,2.3040111883480967
GCAATCACAGGTGCCT-1,5.140213096198872,-2.4101847783724843
GCAATCACAGTATAAG-1,2.7658115268324175,-2.2341603414218008
GCAATCAGTAATAGCA-1,-12.690330421867534,-0.19504085938139543
GCAATCAGTACATCCA-1,2.1885803580854692,-2.9571513311068593
GCAATCAGTAGCCTCG-1,3.7274537921522417,-3.6619900838534414
GCAATCAGTCATTAGC-1,2.3021179080580034,-1.662494100729662
GCAATCAGTCGTCTTC-1,4.0420575976942335,-2.3386677877108633
GCAATCAGTCTTCGTC-1,3.628269755897359,-3.125079311529833
GCAATCAGTGAGGGTT-1,1.1369686961744585,-0.10519149164362535
GCAATCAGTGCTAGCC-1,0.57140859371169,-0.6329487339655935
GCAATCAGTTCCCTTG-1,2.6004343867872515,-2.125755228201586
GCAATCATCAACCAAC-1,5.630351150092915,-0.7297542468707143
GCAATCATCCGCTGTT-1,1.517237746772603,2.7802942617733897
GCAATCATCCTTTCTC-1,5.080949866828755,-2.200598158041674
GCAATCATCGAATGGG-1,4.579634749946431,1.983589254220289
GCAATCATCGCAAACT-1,2.7808190227125444,-1.703363813559252
GCAATCATCGGATGTT-1,0.5977398992155352,2.5432995184262217
GCAATCATCGTATCAG-1,-0.023115789833231926,2.869323812325758
GCAATCATCGTTGACA-1,-12.105595505180522,1.7958128078778208
GCAATCATCTGCCCTA-1,-10.34966269725816,-0.36486483375235185
GCAATCATCTTCATGT-1,-1.5903659521962843,-0.86022201935454
GCAATCATCTTTAGTC-1,3.4169727206800737,-3.539944566885668
GCACATAAGATGCCTT-1,-3.438000357093974,0.22646824260548964
GCACATAAGCCCTAAT-1,1.5107167602155962,-1.1959978715579092
GCACATAAGCTCTCGG-1,1.7158127666090288,-2.805092729727465
GCACATAAGCTGAAAT-1,-12.84052554363267,0.7910041435559214
GCACATAAGGAGTTTA-1,1.69232186084731,-3.174977459112841
GCACATAAGGGCTTGA-1,5.073714816627339,-1.479843773047167
GCACATAAGTCGTTTG-1,1.0890184283827105,-1.995339550177294
GCACATACAAACGCGA-1,3.1968108058546343,0.8010751231511057
GCACATACAACTGCTA-1,1.3309222102735796,-0.8547636644045888
GCACATACATCGATGT-1,5.0399003863905225,-2.8041183129946767
GCACATAGTAAGAGAG-1,3.3847409129713335,-1.735655345122057
GCACATAGTGACCAAG-1,4.210350596961812,-1.8642305509249746
GCACATAGTGAGTATA-1,4.543201530036763,1.5825905426342906
GCACATAGTTATCCGA-1,-9.947988426628276,3.2429045065243662
GCACATATCAGCGACC-1,4.8241644740675245,0.15268423770861045
GCACATATCCGAATGT-1,4.112386786994771,-2.8193558828036367
GCACATATCCGCATAA-1,-1.0106036126043043,-1.3537530080477773
GCACATATCGAACTGT-1,1.3687842727278032,0.3407343550522746
GCACATATCTCTTATG-1,1.805271947440938,-2.4945966378848135
GCACATATCTTGTATC-1,3.9013820529554644,-2.820725597540575
GCACATATCTTGTTTG-1,1.6365042567823687,1.6475064380963267
GCACTCTAGATGAGAG-1,3.449303233680562,-2.402169622580248
GCACTCTAGATGTCGG-1,4.9408427119825635,-1.2082966939608633
GCACTCTAGCCGATTT-1,5.551733577308491,-2.0712997094790517
GCACTCTAGTTTCCTT-1,3.9874120593641558,-1.512085713545519
GCACTCTCACATCCAA-1,3.4288693309400835,-0.6065595523516714
GCACTCTCAGGATCGA-1,6.558301532325581,0.7144609912236155
GCACTCTCATTACCTT-1,2.137842977104024,-1.0234723464648305
GCACTCTCATTAGCCA-1,4.346419417915181,-1.402023948828417
GCACTCTGTACAAGTA-1,-1.7402993499662123,3.358469329675001
GCACTCTGTACATCCA-1,1.6098295093153276,-3.8752376214663564
GCACTCTGTAGGACAC-1,1.0021599174116411,3.0683818682034434
GCACTCTGTAGGGTAC-1,-11.529205238762065,2.5990033968289317
GCACTCTGTCCGAATT-1,1.399660670814351,-2.6738895551364004
GCACTCTGTCTAACGT-1,5.229134643134907,0.5142817421753825
GCACTCTGTCTGATTG-1,-0.041708505096598625,-1.4787695781390249
GCACTCTGTTCCGGCA-1,0.23776122337325,2.157997451623243
GCACTCTTCCAGTAGT-1,3.1990676761244097,-1.8363671676318227
GCACTCTTCTAACGGT-1,2.604670846519307,0.5458680315812052
GCACTCTTCTTCGGTC-1,-11.389214432182476,-0.3039947823683797
GCAGCCAAGACCACGA-1,-3.6481615662004194,-0.182389713923174
GCAGCCAAGACGCAAC-1,3.7281733394239702,1.2353448494275034
GCAGCCAAGCCGATTT-1,1.0889404655073442,2.635010085900587
GCAGCCAAGTACGTTC-1,3.5865321994398394,-1.021170415083605
GCAGCCAAGTCAAGCG-1,6.547615611610249,-0.39782772223158464
GCAGCCAAGTGCGATG-1,3.47033699756606,-0.7633681074778615
GCAGCCACACATGTGT-1,3.896656119880513,-2.0534021035830556
GCAGCCACACGGCCAT-1,3.1305781245802202,-2.1832889691989004
GCAGCCACACTCGACG-1,-2.805487191620036,0.4804908557732524
GCAGCCACAGCGATCC-1,-0.02048138374344921,1.488446079095167
GCAGCCACAGTCAGCC-1,-0.3600570320512495,-0.4539670721690236
GCAGCCACATAGGATA-1,3.490347468910054,-0.05743209282560929
GCAGCCACATGTCGAT-1,4.104188525733784,-1.7441140786807119
GCAGCCACATTCCTCG-1,-12.48204795116441,1.2674101217587412
GCAGCCACATTTCAGG-1,-11.138120567741558,-2.0981589929263174
GCAGCCAGTAAGGGCT-1,0.41746708160384083,2.595811925729078
GCAGCCAGTATTACCG-1,4.613953673896626,-2.4089578763644277
GCAGCCAGTCAACATC-1,-0.3161751388932905,1.3203034027417124
GCAGCCAGTCAGTGGA-1,1.0136023402784624,-0.8303171173731863
GCAGCCAGTCATACTG-1,-2.7476060747529707,1.4518087728817881
GCAGCCAGTCATTAGC-1,1.8619662166212358,0.7621174677212657
GCAGCCAGTCGAGATG-1,3.1456671596144,-3.2381271497408926
GCAGCCAGTGCGAAAC-1,5.257209384498433,-1.4826661721865713
GCAGCCAGTTACAGAA-1,4.871088111457661,-2.3548308984438955
GCAGCCATCAGTACGT-1,4.5105143428419385,-3.306591190497118
GCAGCCATCCAAAGTC-1,4.314628684577778,-1.3562267200152456
GCAGCCATCGGCGGTT-1,-11.549772179069683,1.7791884764035166
GCAGCCATCTAAGCCA-1,-0.4104006051446638,1.3997093065579356
GCAGCCATCTCACATT-1,3.6608405948255816,-3.4908639566103994
GCAGTTAAGAAGGGTA-1,-12.57296363109605,0.3579816742737712
GCAGTTAAGACAATAC-1,4.50149925952895,-0.023260749975877848
GCAGTTAAGACGCTTT-1,-0.9251370787049971,-1.4017253295580923
GCAGTTAAGAGAGCTC-1,2.9488039851759233,-0.8947987929980337
GCAGTTAAGAGCTATA-1,-3.7598673462297163,0.19907817234591857
GCAGTTAAGAGCTTCT-1,0.9219117999647417,2.3907976969082774
GCAGTTAAGCAGGTCA-1,-0.7467400192643843,0.1386341786880912
GCAGTTAAGCCTATGT-1,-0.08272091144578075,0.8854417427380503
GCAGTTAAGCGTTTAC-1,2.5825341582868853,-1.430004038016039
GCAGTTAAGGGAGTAA-1,-0.9392890095140181,0.7863483055432261
GCAGTTAAGGGTCTCC-1,-12.319806969108745,1.3796479328473032
GCAGTTAAGTCGCCGT-1,5.3341813922498975,-1.6621604339282094
GCAGTTACAATTCCTT-1,-1.7629863082792006,3.1133559568722666
GCAGTTACACAACGCC-1,-11.745712196769878,2.759911619027418
GCAGTTACACGGCTAC-1,6.633236491737202,0.19334959973887816
GCAGTTACACTAAGTC-1,5.0770316958998,-1.3259667531649648
GCAGTTACACTTAACG-1,2.448453509864644,-0.8681981937090932
GCAGTTACAGACTCGC-1,4.087348544654683,-3.796816267172533
GCAGTTACAGGGTACA-1,3.201763236579732,2.444904886086744
GCAGTTACAGGGTTAG-1,2.90155037647231,-0.8696719781558095
GCAGTTACATCACCCT-1,-0.48485246891038036,1.2521713598568858
GCAGTTACATGAGCGA-1,5.195474708137349,-0.4221339003245412
GCAGTTACATGCGCAC-1,-1.0067191182996473,0.12662040618554965
GCAGTTACATGTTGAC-1,2.607945764121846,1.5991562231381358
GCAGTTAGTAAACCTC-1,-10.717119133415386,0.027131535013479147
GCAGTTAGTACTCGCG-1,-1.4258951529289923,-1.1245147363345205
GCAGTTAGTAGCGTGA-1,4.935872638282612,-2.97162715355559
GCAGTTAGTCATACTG-1,-1.2596742867852888,-6.615493930975633
GCAGTTAGTCTTTCAT-1,-0.3958815693284712,2.971191726525587
GCAGTTAGTGCAGGTA-1,4.502839171943501,-0.6102978960673391
GCAGTTAGTGCATCTA-1,4.726738059577778,-1.6732898132006704
GCAGTTAGTTATCACG-1,4.253707969245747,0.629969082673353
GCAGTTAGTTATCGGT-1,1.780550324973897,-3.0097362176577627
GCAGTTATCGCGCCAA-1,5.48415478473647,0.44313263138131515
GCAGTTATCGCTAGCG-1,0.05437382465346241,3.3407474382718028
GCAGTTATCGTCCGTT-1,2.2122228980634966,1.3848799093563975
GCAGTTATCTACTCAT-1,3.901294314918355,0.6265135033924998
GCATACAAGACTCGGA-1,2.877155387458638,-2.0712238923708974
GCATACAAGAGCTGGT-1,2.807088458595113,0.8593704326947154
GCATACAAGCCAGTAG-1,-0.21128514999405956,-1.0628848449389516
GCATACAAGCTAGTTC-1,2.1673284412000933,-1.571653880278307
GCATACAAGCTGTTCA-1,3.69524630313857,-1.0936551467577993
GCATACAAGGCACATG-1,1.4608965755079546,0.8280558808644236
GCATACAAGTTTAGGA-1,-11.905213272514507,2.3994627817471446
GCATACACAAACTGCT-1,-10.627617752494976,-0.3051521555583058
GCATACACAAAGTCAA-1,1.5806501746748247,-1.6472685710589468
GCATACACAAGCCGTC-1,3.3865009189222612,-1.974648632208544
GCATACACAATCGGTT-1,1.7162695766065874,1.834210239251417
GCATACACACTTACGA-1,0.5280331016157427,0.8743183239300669
GCATACACAGCTGTTA-1,-3.1087015032197676,0.6312157734234751
GCATACACAGGTCCAC-1,2.2122646213148394,-0.03799202303095445
GCATACACAGTAGAGC-1,-0.5207448362733564,-7.05636230866118
GCATACACATATACGC-1,-0.38967958683030224,2.339165292580885
GCATACACATATGAGA-1,-11.388676559868022,0.4852048977215709
GCATACACATTTCACT-1,-0.46220526689545727,-1.55956283966704
GCATACAGTAGAGTGC-1,2.0780139804456987,-2.3441104070345937
GCATACAGTAGATTAG-1,-0.7109164952661238,-1.6085694209734975
GCATACAGTATCTGCA-1,-1.7154049336339674,2.5692811830838145
GCATACAGTCCGAAGA-1,4.574775779304341,-3.5840131417910635
GCATACAGTGATGTCT-1,-2.762472784462138,1.0527069791157664
GCATACAGTTCAGGCC-1,-0.9120434581662855,-0.04679585258169755
GCATACAGTTGGTAAA-1,4.855534637031392,-2.6808735505740224
GCATACAGTTTGCATG-1,2.2913835883711138,0.27736646672086135
GCATACATCACCTTAT-1,5.00883682971938,-2.4571589605013906
GCATACATCACGAAGG-1,-12.77591601604478,-0.13937478522463426
GCATACATCAGCCTAA-1,-10.871482765617534,1.7403695209820689
GCATACATCAGCTGGC-1,3.762612903175191,-0.9595785514514028
GCATACATCCAGAGGA-1,-9.40972892040269,3.053333364327711
GCATACATCCGAATGT-1,2.7593718410108843,2.395895801385206
GCATACATCCGTAGTA-1,2.5556090713117876,1.0331695898373545
GCATACATCGGTTAAC-1,-1.8721642851258955,-7.003534950415331
GCATGATAGAGTGACC-1,5.016243541297749,-1.8062314168612539
GCATGATAGCGTCTAT-1,4.181985938606099,-3.744217552344042
GCATGATAGGATGGTC-1,-10.582077896537944,2.0449119432766856
GCATGATAGGCATGGT-1,4.07476814990981,0.30474362512425796
GCATGATAGGCATGTG-1,-0.6873355268861494,1.013205908139509
GCATGATAGTACGCGA-1,-11.760661041679546,1.9927249773343028
GCATGATAGTCACGCC-1,3.294640147743062,0.4556214137871684
GCATGATCAACAACCT-1,-3.6584128498460493,0.055169150133890066
GCATGATCAATAACGA-1,1.0496409774397173,2.771151862939161
GCATGATCACGAAATA-1,-0.2808515190507612,2.295403562386793
GCATGATCAGCGTAAG-1,4.396610343513325,-0.7792443410555898
GCATGATCAGCTGGCT-1,3.664717757758931,-1.8743597642581045
GCATGATGTACCGTTA-1,2.7854419589613237,1.6120880468686045
GCATGATGTAGAGTGC-1,4.828245723304585,0.11922853802637473
GCATGATGTGTTGAGG-1,4.815566146430806,-2.9057172910372793
GCATGATGTTGGACCC-1,0.959881150779561,1.3356606586773814
GCATGATTCACATAGC-1,5.498320663032368,-0.5023157970110952
GCATGATTCGCATGGC-1,1.7380452991102495,0.987759314378065
GCATGATTCGCTTAGA-1,3.7470570445631304,0.7433262093861521
GCATGATTCTGCTGTC-1,1.5142646670912066,1.3356872423489512
GCATGATTCTTACCTA-1,-3.0007990955735884,1.2172195537884654
GCATGATTCTTCGAGA-1,-10.091275131645366,0.3768095894654216
GCATGCGAGACATAAC-1,4.93240746265395,-2.8548425809542715
GCATGCGAGCTAAGAT-1,5.029293143806294,-0.20493743578596696
GCATGCGAGCTCCTTC-1,1.925710761604146,-3.624042190710741
GCATGCGAGTGTACCT-1,-0.5037624000932417,0.3518611415226878
GCATGCGAGTGTGGCA-1,2.567229831275777,-3.532066740194994
GCATGCGCAAACCCAT-1,1.4484091640089312,-3.248194612662035
GCATGCGCAACTGCGC-1,3.5552197337721148,-2.289642013708788
GCATGCGCACAAGACG-1,4.393486583289937,0.31470639248685256
GCATGCGCAGGCTCAC-1,1.0376156211469927,0.7602939828236521
GCATGCGGTAATCGTC-1,-11.448264038505718,0.800754748185438
GCATGCGGTATATCCG-1,3.3430143237684526,-0.34608218828840837
GCATGCGGTCACAAGG-1,1.3955343604658403,-2.114773430029589
GCATGCGGTCAGAATA-1,4.461315715370015,-3.385903991858202
GCATGCGGTCGTGGCT-1,1.290900313911275,-3.6050569192568838
GCATGCGGTCTTCGTC-1,2.424244010505513,0.41627057631806746
GCATGCGGTGTAAGTA-1,1.863567674217061,1.7307271583874644
GCATGCGGTGTCTGAT-1,-0.3439200281526289,1.7439159973462046
GCATGCGGTGTGTGCC-1,0.7414239287946978,2.531715236504835
GCATGCGGTTCCAACA-1,0.20706578498824024,1.4653861149151743
GCATGCGGTTTGTTGG-1,2.673401200828389,-1.301757253805834
GCATGCGTCATTCACT-1,5.099629962501362,-2.9359158651034414
GCATGCGTCCTGTACC-1,2.4656029582594194,0.5663596614201487
GCATGCGTCGAGCCCA-1,0.9816680789564409,-0.5673517958323537
GCATGCGTCGCCGTGA-1,2.777287566718892,2.819338403542799
GCATGCGTCTCATTCA-1,4.578667724189595,-3.1380886212985097
GCATGCGTCTGATACG-1,-2.2798244118119917,2.3205865248043955
GCATGCGTCTTGGGTA-1,-0.5768376945878706,1.9410723074276865
GCATGTAAGAACTGTA-1,-0.4376366495515547,1.974572263558668
GCATGTAAGCATGGCA-1,0.26288338905318165,0.8944056256611765
GCATGTAAGCCAACAG-1,5.539282405433491,0.49008776982621566
GCATGTAAGCGTAGTG-1,4.434500777778462,-1.8017589227358877
GCATGTAAGCTAAACA-1,-0.24791470760361767,-1.7982420102755605
GCATGTAAGCTAACAA-1,-1.702882623615428,3.1917646749813975
GCATGTAAGGTAGCCA-1,-0.0672481417085371,3.359544597466749
GCATGTAAGGTGCACA-1,4.078044498023823,-2.01356355110808
GCATGTAAGTAACCCT-1,-0.1599671005632124,1.9470786674817027
GCATGTAAGTAGGTGC-1,2.7420893550489702,-0.0727262423436223
GCATGTAAGTCCTCCT-1,2.6698618770216265,0.7944458945591868
GCATGTAAGTTCGATC-1,-10.03691855663316,0.1473168841500701
GCATGTACAATACGCT-1,3.473280513343648,0.4225445314248027
GCATGTACACTGCCAG-1,3.574086749610738,-0.47383508841200456
GCATGTACAGCCTTTC-1,-0.5407928585435591,-1.362141169707018
GCATGTACAGGTCTCG-1,-12.800374901237651,0.6179499848683299
GCATGTACAGTCACTA-1,-11.749934112968608,2.445636592706007
GCATGTACATAGTAAG-1,1.7256580234144487,-2.0504485742251455
GCATGTAGTCAAAGAT-1,-0.5516525864030561,1.596803627808851
GCATGTAGTGACAAAT-1,-3.2398639082338057,0.8435819371540965
GCATGTAGTGATGTGG-1,4.363923633155659,1.0771611555417002
GCATGTAGTGCCTGGT-1,-3.9824957012559614,0.08793693491564408
GCATGTAGTTCAGGCC-1,0.8263567329023638,-0.6577930227915822
GCATGTAGTTTACTCT-1,1.6986940742109575,-2.515624202887255
GCATGTAGTTTGTTGG-1,-0.6704410075570784,-0.029938779870706644
GCATGTATCAGTTCGA-1,-0.10475579494492626,0.6665767653782786
GCATGTATCATGCAAC-1,1.6972602248762407,-3.809797205130297
GCATGTATCCCACTTG-1,-11.77872649425523,0.2349701895316066
GCATGTATCCCGACTT-1,0.8182307124708452,2.2867024763424815
GCATGTATCCTCAATT-1,4.72057303195937,-0.10200328389807328
GCATGTATCCTTGCCA-1,0.16891833549483204,2.9795738085110606
GCATGTATCTAAGCCA-1,0.9411447883222857,-2.0140601770083486
GCATGTATCTACGAGT-1,-0.016618168296977043,-0.4296576158206044
GCATGTATCTGATACG-1,5.279676044044331,-2.88445559899016
GCATGTATCTTCTGGC-1,-11.378666794243022,2.099730215867323
GCCAAATAGCGTCTAT-1,2.648348176536397,-3.0134758130709707
GCCAAATAGCTATGCT-1,-11.779149925651714,0.8195317610104502
GCCAAATAGGACCACA-1,3.9481330752943316,2.127458654244703
GCCAAATAGGATCGCA-1,0.46217354541762257,3.6251350267727793
GCCAAATAGGGTTTCT-1,0.2402716518018999,3.2018311842282237
GCCAAATCACATCCAA-1,2.530677402076558,1.6742390020687998
GCCAAATCACGGATAG-1,-11.39657202953355,1.732661567529005
GCCAAATCATCGATGT-1,5.787323558387593,-1.6834588424365102
GCCAAATGTAAAGTCA-1,4.775330627021626,-2.7938503400485097
GCCAAATGTACCATCA-1,3.283228957710103,-0.6454146877924978
GCCAAATGTAGCGCTC-1,4.080603206214741,-1.891664661566454
GCCAAATGTAGCTGCC-1,4.9429999232862745,-2.828103460470873
GCCAAATGTATAATGG-1,1.972376906928853,-3.1900717393557607
GCCAAATGTATAGGTA-1,-3.4665776848222456,0.4529545827706279
GCCAAATGTCAATACC-1,2.9082060695265093,-1.646483816305834
GCCAAATGTCGCCATG-1,4.807936751899556,0.79294701655702
GCCAAATGTCTAACGT-1,5.666328513679341,0.8806329592068614
GCCAAATGTGGCAAAC-1,3.6224523425672808,-1.8947296516100942
GCCAAATGTGTAACGG-1,5.353667819557026,-1.0811287538210927
GCCAAATGTTGATTGC-1,4.332618320045308,-3.1080724374453603
GCCAAATGTTGGTGGA-1,4.010139071998433,2.0275342090924204
GCCAAATTCAGCAACT-1,-3.1739390253450117,-0.04795014123125657
GCCAAATTCATGTGGT-1,-12.196550285759136,-0.8305502311389028
GCCAAATTCGCAAGCC-1,0.9349292159651079,1.1792440040905894
GCCAAATTCGTGACAT-1,1.0464650035475054,-3.0887030736605703
GCCAAATTCTCAAGTG-1,2.5291198134992876,-0.6681881920496999
GCCAAATTCTTCGGTC-1,-10.509000694694683,-0.30425331751509294
GCCTCTAAGAACTCGG-1,3.436500155982808,1.1962877138455332
GCCTCTAAGATGTTAG-1,1.522488915977315,-3.0936969892184316
GCCTCTAAGCCAACAG-1,-10.187833702507183,2.2642491682370127
GCCTCTAAGGCTCTTA-1,-1.563387846889659,3.3920775278408946
GCCTCTAAGGGCTTGA-1,2.054320895728902,0.2183831333120288
GCCTCTAAGGTGGGTT-1,2.9065652728651323,-1.9733494893710195
GCCTCTAAGTGCTGCC-1,-11.420382416191265,-0.3303439990679799
GCCTCTACAACGCACC-1,2.7349377513502398,-1.7463162318865835
GCCTCTACAAGCGTAG-1,1.30853279834731,-3.6117767469088613
GCCTCTACACGCATCG-1,0.7737222552870073,-0.5585796014468252
GCCTCTACAGCTGCTG-1,4.391997420844868,-0.3986618892352162
GCCTCTACAGGTCCAC-1,0.39103957420332813,1.6609134300549449
GCCTCTAGTAACGCGA-1,2.461116159019307,-3.3047887460391103
GCCTCTAGTAAGTAGT-1,2.335697734412984,-3.2329818383853017
GCCTCTAGTAGAAAGG-1,6.044608199653462,0.576420567830366
GCCTCTAGTAGATTAG-1,5.27122696643813,-2.7658838407198965
GCCTCTAGTATTACCG-1,3.3555193782423296,1.433598838647169
GCCTCTAGTCTAAAGA-1,2.5444136500929155,-1.044010795752245
GCCTCTAGTGCACCAC-1,4.63848074680312,-2.986322797934252
GCCTCTAGTGCATCTA-1,3.8303933978651323,-2.548478044668871
GCCTCTAGTGTAACGG-1,-12.792230522575542,1.3186220749218882
GCCTCTAGTGTTTGTG-1,1.54359778171523,-1.2456421033541738
GCCTCTAGTTCAGCGC-1,0.692925059852437,-2.139678396383959
GCCTCTATCAGAGCTT-1,5.692663753089741,0.8715081437428416
GCCTCTATCAGCATGT-1,2.079113566932515,0.49143221219376937
GCCTCTATCATACGGT-1,-0.7578993796731672,0.6268202884991587
GCCTCTATCATGCAAC-1,1.0769549251173296,-0.7588481680552541
GCCTCTATCCACTCCA-1,4.381312930641011,-3.4930194989840566
GCCTCTATCCGCTGTT-1,2.8403149486158648,-2.9198476449648916
GCCTCTATCGAGAGCA-1,4.914238536414937,-1.5411624089877187
GCCTCTATCGGAAATA-1,0.3662247300718584,0.8603486045201243
GCCTCTATCTGAGTGT-1,-11.851031219902202,-1.0463529006640493
GCCTCTATCTTCGAGA-1,5.628155791816548,-1.2148923055331289
GCGACCAAGAAGGTGA-1,1.013974750099019,1.653026066621107
GCGACCAAGAATAGGG-1,2.2706216216657915,1.3313951118786753
GCGACCAAGAGATGAG-1,6.639262282905415,0.3146408422787608
GCGACCAAGAGCCCAA-1,-11.889277374687358,-0.893356956640917
GCGACCAAGATCCCAT-1,-11.35279361003892,1.7057932241757334
GCGACCAAGGACACCA-1,3.4991765857313433,1.738127909501356
GCGACCAAGGCATGTG-1,-3.365286028328105,0.7031045778592051
GCGACCAAGGCTATCT-1,3.5336247325514116,-3.2366179601351797
GCGACCAAGTCATCCA-1,-2.349803841056987,2.843482814629835
GCGACCACACATCCGG-1,4.234403693733052,-0.8648963944117605
GCGACCACACCATCCT-1,4.139565551338032,-0.10743386308355912
GCGACCACACTGTGTA-1,-11.827054893913433,2.7960170133908213
GCGACCACAGGAACGT-1,1.2557707667921343,-3.5966827050845205
GCGACCACATCCGTGG-1,2.8989549518202105,-1.0065424815814077
GCGACCACATTCACTT-1,2.792069518623189,-0.9810132161776601
GCGACCAGTAAACACA-1,0.6345079780195513,0.2651622219880046
GCGACCAGTAAACGCG-1,-10.727052605095073,2.6054161413510264
GCGACCAGTACATGTC-1,2.7080751300428667,0.15235611413912192
GCGACCAGTAGGAGTC-1,1.6327226996992388,-2.299672998587328
GCGACCAGTATAAACG-1,4.332748019752339,1.0673641784985484
GCGACCAGTATGGTTC-1,-12.111428177299663,0.33651868244008437
GCGACCAGTGACGCCT-1,4.742133700904683,-0.8997577802340566
GCGACCAGTGCCTGTG-1,-10.465700066032573,2.0822028740246714
GCGACCAGTGTTGGGA-1,5.721210563239888,-1.0076531545321523
GCGACCAGTGTTTGGT-1,1.6498139739607134,2.6281607969601573
GCGACCAGTTGCCTCT-1,3.444396579322652,1.6887595280011118
GCGACCAGTTGGGACA-1,0.8715334773634233,1.1329607590039195
GCGACCATCAACGGCC-1,3.922207915839986,-1.3967476264636098
GCGACCATCGACAGCC-1,4.824670875129536,-2.675560154120165
GCGACCATCGCCCTTA-1,2.5407343745802202,0.474181912740034
GCGACCATCGCGGATC-1,-3.502190506401225,-0.7031417862574636
GCGACCATCGGAAACG-1,4.205873096046284,0.4825110658009471
GCGACCATCGGAGGTA-1,-0.6422979592706404,1.3858908041317881
GCGAGAAAGACATAAC-1,-2.0121977090264997,-6.965898670355516
GCGAGAAAGATCTGCT-1,2.0567141414259233,0.8993318899472178
GCGAGAAAGCCAGAAC-1,4.347621524391011,-1.8183197156588613
GCGAGAAAGGACTGGT-1,4.731421077308491,1.7966422661145152
GCGAGAAAGGAGCGTT-1,2.764029109535054,-3.60639802376433
GCGAGAAAGTGAAGTT-1,-12.915944969597026,1.5107253416378916
GCGAGAACAAGCCGTC-1,-12.094795143547222,0.7137299998600901
GCGAGAACAATCACAC-1,-12.878534233513042,1.2933743818600596
GCGAGAACACAGACAG-1,4.329155528602437,-1.4129262344042837
GCGAGAACACCGTTGG-1,5.274739348945454,-2.1128455773989736
GCGAGAACAGGGCATA-1,-11.670352852287456,1.9744295700390757
GCGAGAACAGTCCTTC-1,-10.81893531078355,2.6214235647519053
GCGAGAACAGTGGAGT-1,-0.1993359684373579,2.20640452941255
GCGAGAACATGATCCA-1,4.596158111152485,-1.632483638922411
GCGAGAACATGGAATA-1,2.0654350162123003,-0.230804123083788
GCGAGAAGTACTCTCC-1,4.768305385169819,-1.220659054915148
GCGAGAAGTAGGCTGA-1,-3.2491582989122114,0.8222281559307993
GCGAGAAGTATCTGCA-1,-3.371467506828471,1.0027432664235056
GCGAGAAGTCATCCCT-1,0.018922174033955574,2.8481431825955332
GCGAGAAGTCATTAGC-1,2.9254489780042925,-1.657588757673937
GCGAGAAGTCTCTCTG-1,-10.99415389293687,2.12285002311067
GCGAGAAGTGAAATCA-1,0.34690793758376026,-2.165684141318041
GCGAGAAGTGCGCTTG-1,0.41829260593398,2.088159762223524
GCGAGAAGTGTATGGG-1,2.772428119239644,0.289007164438528
GCGAGAATCATTCACT-1,2.8226137996290483,0.12318119583026782
GCGAGAATCCACGACG-1,0.5927385926817217,2.574531637032789
GCGAGAATCCCTCAGT-1,-0.41550908082978344,3.524104915459913
GCGAGAATCCTGTAGA-1,1.048356378135518,2.9295178278286875
GCGAGAATCGACCAGC-1,-0.5174658059503279,1.8207462652523936
GCGAGAATCGACGGAA-1,-3.653186714592143,0.395858816703123
GCGAGAATCTCCAACC-1,3.761115634498433,-0.5944557563464223
GCGAGAATCTGATTCT-1,-11.259386932792827,1.9877209289868296
GCGCAACAGAGGTAGA-1,4.4595099330518995,0.8333459122975291
GCGCAACAGATGGGTC-1,-11.981919205131694,0.16127829616264716
GCGCAACAGCGTTGCC-1,-0.5624882935907087,1.4456292017300547
GCGCAACAGGAGTTTA-1,0.8503783584211626,2.686929784615797
GCGCAACAGGCCCTCA-1,-0.7457923054124556,1.9286427124340952
GCGCAACAGGCTAGGT-1,-3.3957342266465864,0.11640517310546056
GCGCAACAGGTTCCTA-1,4.127547347602681,0.9975905044873179
GCGCAACAGTCACGCC-1,-3.6862596630479536,-0.2855250910918294
GCGCAACCAAATTGCC-1,-12.430347359123394,-0.055585704843240824
GCGCAACCAACACCTA-1,4.952126586494282,-1.9025837556521474
GCGCAACCAATTGCTG-1,4.500871264991597,1.3071803673108042
GCGCAACCACGAGGTA-1,2.63115938907607,1.3995681627591074
GCGCAACCACTTACGA-1,-10.596964752617046,2.8186217172940196
GCGCAACCAGCTTAAC-1,0.03477116828902149,-1.072648801008898
GCGCAACCATCGATTG-1,3.847841346320943,-2.1564950124423086
GCGCAACGTATTACCG-1,2.318608367500142,-3.0744003431002676
GCGCAACGTCCGTCAG-1,4.750051581916646,-1.0626796857516347
GCGCAACGTCCGTTAA-1,-11.67431632274644,-1.4905996696154653
GCGCAACGTCTAGCCG-1,-0.20825031990067577,1.2718995436032237
GCGCAACGTGACTCAT-1,-10.461030876579448,3.2750821932156504
GCGCAACGTGAGTATA-1,4.7205243945692335,-1.9918438569705068
GCGCAACGTGGCTCCA-1,-0.49092504972474194,1.2166065796215952
GCGCAACGTGGGTCAA-1,5.546100699958638,-0.9862422124545156
GCGCAACGTTGATTGC-1,4.365224444923237,-2.3731905595461904
GCGCAACGTTGCTCCT-1,-9.589370644035503,2.8961621149380625
GCGCAACGTTTGGGCC-1,-11.254131233635112,2.4941583498318614
GCGCAACTCACGAAGG-1,4.457284057197407,-1.8774252311389028
GCGCAACTCCAAATGC-1,0.4814235807035723,2.8860867842038096
GCGCAACTCGCTTAGA-1,-10.42085353130357,-0.014248974720674601
GCGCAACTCGTAGGAG-1,4.740861499366597,-1.3388595954577505
GCGCAACTCTGTCTCG-1,3.4041009784315386,1.3183568342526377
GCGCAGTAGAGGTTAT-1,-0.6214854478265486,1.5578540190060557
GCGCAGTAGGCTACGA-1,0.8657678008650103,-1.9609717504183828
GCGCAGTAGTAGGTGC-1,3.806438529548482,0.9448482616742075
GCGCAGTCAAACGTGG-1,-2.0501589536096296,-6.9778601304690415
GCGCAGTCAAAGTGCG-1,-0.6263482927705488,-7.003718055884081
GCGCAGTCAGTGACAG-1,0.795346820411519,3.7908173425991953
GCGCAGTCAGTTTACG-1,-0.8108950316335402,-6.395616211096483
GCGCAGTCATCCTAGA-1,1.4743126273725786,-2.6867968217532217
GCGCAGTCATGCGCAC-1,3.1796608806227007,1.7663420065243662
GCGCAGTCATGGTCAT-1,-3.3625589966203413,0.11169403129563943
GCGCAGTCATTAGCCA-1,4.260222518501118,-0.10004306594534501
GCGCAGTGTACCGAGA-1,-10.911707794609233,2.8128872736294688
GCGCAGTGTAGGACAC-1,3.435326182899312,-2.544089950720507
GCGCAGTGTCAGATAA-1,2.2722323775862017,-3.0732213632266103
GCGCAGTGTCGGCTCA-1,-10.396005546989604,3.3375290258725108
GCGCAGTGTGCAACTT-1,4.558459365424946,-0.8383044377963125
GCGCAGTGTGCATCTA-1,3.0589710116956987,2.245488725503248
GCGCAGTGTTTCGCTC-1,1.222508037147359,-2.5689305440585195
GCGCAGTTCATCACCC-1,-0.5211322068597517,1.0188111289341868
GCGCAGTTCATGCAAC-1,-1.161708643975421,1.6304576023419322
GCGCAGTTCCATGAAC-1,-9.961959755363628,0.6832608207066477
GCGCAGTTCCCTGACT-1,4.367773139533833,1.1953265293438853
GCGCAGTTCCGGCACA-1,-3.888624584617778,-0.17570961276693925
GCGCAGTTCGTAGATC-1,3.342184150276021,-1.251738943258959
GCGCAGTTCGTAGGAG-1,2.2732854724500933,-0.24041519323988542
GCGCAGTTCTCAACTT-1,-9.342648422660991,3.02869661887483
GCGCCAAAGAAGCCCA-1,1.0153578162763872,0.23065277179078475
GCGCCAAAGACATAAC-1,0.9053407550428667,0.013456158240598592
GCGCCAAAGATGTGGC-1,-0.76276288026826,1.9170838220913828
GCGCCAAAGCAGACTG-1,2.0557359099958696,1.1965822800000132
GCGCCAAAGCTATGCT-1,0.015739762840107918,3.0672319753964365
GCGCCAAAGGAGTACC-1,5.183838450965718,0.8048080428440989
GCGCCAAAGTACGCCC-1,4.625516974983052,-0.47681567827864274
GCGCCAAAGTCTCGGC-1,3.514814937171773,-0.06811138252421006
GCGCCAACAATCAGAA-1,-11.742088234367534,0.43689011772469893
GCGCCAACAATCTACG-1,-1.3881178780819616,-1.1004522220294057
GCGCCAACAATTCCTT-1,2.641411626396016,-3.815025247732836
GCGCCAACACGGTAAG-1,1.8387931228254595,0.3603382631142558
GCGCCAACATGGTAGG-1,2.8241916537855425,-0.16849679509802445
GCGCCAACATGTAGTC-1,5.704682910499409,-0.7589267865817129
GCGCCAAGTACTCTCC-1,1.8255768657301226,0.7010099514325083
GCGCCAAGTAGCACGA-1,1.146218860206441,-3.159929908911425
GCGCCAAGTCTAGAGG-1,-2.096689140739604,3.749667249520582
GCGCCAAGTGCACGAA-1,2.837383353767232,-3.3594576493899404
GCGCCAAGTGTTGGGA-1,4.190025413093403,-2.7079903260867177
GCGCCAAGTGTTTGGT-1,0.8040679336164751,0.9907150491078318
GCGCCAAGTTACCAGT-1,-3.315610802116557,-0.4758075253169118
GCGCCAATCAAAGACA-1,0.16961070304854298,0.25678377588586226
GCGCCAATCAACGAAA-1,1.3710885882948198,-2.1281091348330556
GCGCCAATCAGTTAGC-1,0.5286814809416094,0.734023414452833
GCGCCAATCATATCGG-1,4.713692271766499,-2.5906731263796865
GCGCCAATCCAAACTG-1,3.895397269782857,-2.398113168875414
GCGCCAATCGAACTGT-1,5.356861674842671,0.10892405211300865
GCGCCAATCGCTAGCG-1,1.4207039714430132,-3.6327101365725576
GCGCCAATCGCTTAGA-1,2.978379809913472,1.273196302254957
GCGCCAATCGGAATCT-1,1.139005267677144,0.17559685548142806
GCGCCAATCGGCTACG-1,-11.38183585399644,1.8201834781964243
GCGCCAATCGGCTTGG-1,3.784552657661275,0.18379399915532485
GCGCCAATCTATCCTA-1,4.724594199714497,-1.5510492698351919
GCGCCAATCTCACATT-1,-2.895594990196391,1.3328632934887827
GCGCGATAGATGTGTA-1,3.851770961341695,1.920097075303358
GCGCGATAGGATGGTC-1,-10.635004913749858,2.802605233987135
GCGCGATAGGGAGTAA-1,-3.284802353325053,0.6394116504986704
GCGCGATAGTACGCCC-1,-12.512622749748394,1.8132251127560557
GCGCGATAGTCATCCA-1,-12.135414040031597,2.05877109607057
GCGCGATAGTCCGGTC-1,3.3038054347608843,0.23887985189751998
GCGCGATAGTGATCGG-1,5.109001243171528,-1.5844713823000967
GCGCGATAGTGTCCCG-1,0.8966973662946978,-1.5665579215685903
GCGCGATCAACGATCT-1,3.813849532661275,-2.2784246579806386
GCGCGATCAACTTGAC-1,4.975249373969868,0.8188016637165965
GCGCGATCAATAAGCA-1,-0.442175185623332,0.24410178502396956
GCGCGATCACATGACT-1,1.8282144904707232,1.0735963209469737
GCGCGATCACGGCCAT-1,1.877863729057149,-3.0941404477755605
GCGCGATCACTGCCAG-1,1.9832242370222368,-0.26459834734602555
GCGCGATCAGCAGTTT-1,-11.833561813774272,-1.0841888562838613
GCGCGATCAGGAATGC-1,4.9254194141004835,-1.0270537511508047
GCGCGATCAGGTCGTC-1,-11.41551390880601,-1.3364773170153676
GCGCGATCAGTGAGTG-1,4.68781050449355,-3.2935394422213613
GCGCGATCATATGCTG-1,1.7105978370283403,-3.801862634817797
GCGCGATGTACATGTC-1,-1.927667653503581,3.5631776674588145
GCGCGATGTACTCGCG-1,0.46910687690718555,-1.7755126134554922
GCGCGATGTCCAGTTA-1,3.3346658588026323,1.5909036024411143
GCGCGATGTCGCGTGT-1,2.8608852267835894,0.3792638703186931
GCGCGATGTCTACCTC-1,4.964696013984517,1.1497794016201914
GCGCGATGTCTGATCA-1,3.061086738166646,1.0052637084324778
GCGCGATGTCTTGCGG-1,-10.468551552238628,-0.6340489761035024
GCGCGATGTGTCAATC-1,1.2055319190595903,-1.1438690797488271
GCGCGATGTTCGGGCT-1,2.6644276023481646,-0.0462938920657216
GCGCGATTCACGATGT-1,4.526435935554341,-2.791294016043383
GCGCGATTCATCTGCC-1,-0.0061974882508955,2.5098141058285655
GCGCGATTCCTAGTGA-1,5.273929202613667,-1.4297072068850576
GCGCGATTCCTTGGTC-1,-11.524656212272808,2.9204288347561778
GCGCGATTCGGCGCAT-1,3.843303763923482,-2.8825360910098135
GCGCGATTCTCCCTGA-1,4.715744102058247,0.9490244015057505
GCGCGATTCTGATTCT-1,1.9205685496900835,-1.8727699891726552
GCGCGATTCTTTCCTC-1,4.805253589210347,1.651570521195692
GCGGGTTAGCAAATCA-1,-1.9478067516710005,3.671913228829664
GCGGGTTAGCAGATCG-1,0.8510149360273638,-1.9204653875033437
GCGGGTTAGCGACGTA-1,3.283135020789937,-0.5066239611308156
GCGGGTTAGGAGTACC-1,4.564440810737446,-1.2512141839663564
GCGGGTTAGGCTAGCA-1,-11.750505363884136,0.6033498867352427
GCGGGTTAGGGTTTCT-1,4.703373038825825,-2.665252126852709
GCGGGTTAGTGGTCCC-1,4.804932677802876,-1.9339632169405996
GCGGGTTCAATCAGAA-1,5.383723342475728,-2.652559436957079
GCGGGTTCACCAGTTA-1,-12.03754702800767,1.0331321581204356
GCGGGTTCAGGGTACA-1,-3.6481360554124556,0.4923503323395671
GCGGGTTCAGGTCTCG-1,2.5813768745039263,0.2523780538638057
GCGGGTTCATGCGCAC-1,-9.865034019889995,0.4959765299160899
GCGGGTTGTCCAACTA-1,4.354549014625386,-0.4634958283106862
GCGGGTTGTCCGAAGA-1,-10.844261085930034,2.397545896371168
GCGGGTTGTCTCAACA-1,0.18272730117781544,0.6219535692532481
GCGGGTTGTCTTCAAG-1,1.254589402732686,-2.5738648549716054
GCGGGTTGTGACCAAG-1,3.3669792056654253,0.583192013104719
GCGGGTTGTGAGTGAC-1,1.5544277072523394,1.880101524194044
GCGGGTTGTGTGGCTC-1,4.018212878761128,1.4455095156033457
GCGGGTTGTTACCAGT-1,1.0060582995985308,-0.8078678027789175
GCGGGTTGTTTGTTTC-1,5.303686702308491,-1.423514403502184
GCGGGTTTCAACCATG-1,-12.205235397758647,0.5382905228932322
GCGGGTTTCACCCTCA-1,4.176219546851948,-0.8526031748454153
GCGGGTTTCATTTGGG-1,-11.30198851818101,1.7993224485714854
GCGGGTTTCCCGACTT-1,2.1755669952009478,-0.6794111506144582
GCGGGTTTCCCTCTTT-1,3.932701194343404,1.5634032114346446
GCGGGTTTCGAACGGA-1,2.3022306800459185,2.7557481153805674
GCGGGTTTCGTTGCCT-1,6.469473445472554,0.6559760197003306
GCGGGTTTCTCGCTTG-1,2.536717498359517,2.043151579697889
GCGGGTTTCTGTCCGT-1,-1.1613869577075682,2.099878750642103
GCTCCTAAGAATGTGT-1,1.0777028441999712,-3.512976087729174
GCTCCTAAGAGCTATA-1,-10.573745644035503,3.1394804342587412
GCTCCTAAGCGTTTAC-1,4.361330115852192,-2.236597217718798
GCTCCTAAGGTGATTA-1,4.603755080756978,-2.327154554526049
GCTCCTAAGTCCAGGA-1,5.225875461158589,0.41516282399491683
GCTCCTAAGTGGACGT-1,4.505343520698384,0.5380966289837779
GCTCCTACAAAGTCAA-1,-0.36992207759873486,1.751299582322401
GCTCCTACACACATGT-1,4.582634055671528,0.4538414700825633
GCTCCTACACCCATTC-1,6.439117515144185,-0.2558409349124013
GCTCCTACACCGTTGG-1,1.0753165126417437,2.9146927221615733
GCTCCTACACGGCGTT-1,-11.51343051189439,1.8304489477475108
GCTCCTACACGTGAGA-1,-0.6665299891854963,3.3976670130093516
GCTCCTACAGATCGGA-1,0.1975679040525713,3.286100231011671
GCTCCTACAGTCACTA-1,-12.368959343376323,1.8792556150753916
GCTCCTACATCGATGT-1,5.1048065066908155,-2.8467039243380605
GCTCCTACATCTCCCA-1,-10.85801116222398,0.18878991146878615
GCTCCTACATGGGACA-1,-10.971396362724468,3.0588444097836436
GCTCCTACATTGCGGC-1,5.528375232276753,-1.023069657484728
GCTCCTAGTAGCGCTC-1,-12.699273025932476,1.0712383611996592
GCTCCTAGTCTCATCC-1,6.349709594306782,0.5836143716175974
GCTCCTAGTGGTAACG-1,4.440511310157612,-1.2458309308688222
GCTCCTAGTTTGTTTC-1,0.2502647281263628,3.7474990709622324
GCTCCTATCAATCTCT-1,0.5420786977384844,2.939032874902052
GCTCCTATCCTTTCGG-1,-2.9536947369004927,0.412934206326765
GCTCCTATCGGCCGAT-1,-0.09466758960740185,-6.933922447363573
GCTCCTATCTAGCACA-1,-11.424517548027202,1.103422246774
GCTCTGTAGAAGGCCT-1,-0.6795539616967878,1.594279967149061
GCTCTGTAGACAAAGG-1,4.577612483558491,-0.3755441085497914
GCTCTGTAGCGACGTA-1,2.0568860412214556,-2.817526020209032
GCTCTGTAGGCGATAC-1,-11.549751198234722,-1.6395750419299184
GCTCTGTAGGCTAGCA-1,-1.3122527313779435,-6.684295334021288
GCTCTGTAGGCTATCT-1,4.2348819614027295,-3.2657243386904775
GCTCTGTAGTACGCGA-1,-3.9813825249101362,0.3296032025416316
GCTCTGTAGTAGTGCG-1,3.029909217414693,-0.02273586402340516
GCTCTGTCACAGAGGT-1,2.9944110751722612,-0.8269364015261709
GCTCTGTCACATAACC-1,4.6111870647047315,-2.4016396180789052
GCTCTGTCACGGTGTC-1,6.6608134151075635,0.5947105809052409
GCTCTGTCAGACAAAT-1,3.0697790027235308,0.14911054437355414
GCTCTGTCATAAGACA-1,-0.3947361468698225,3.0733662470181407
GCTCTGTCATCACAAC-1,-1.4039025812770567,3.5486741884549082
GCTCTGTCATGTTCCC-1,-12.63469401592271,-0.21568638841314897
GCTCTGTCATTGGCGC-1,1.2177809119795122,-3.321685470740038
GCTCTGTCATTTCACT-1,-2.0932180046464643,3.6012423857052744
GCTCTGTGTAGCGTGA-1,4.320132339057759,0.4128435178597392
GCTCTGTGTAGGCTGA-1,2.9610138774488726,1.8908098562558115
GCTCTGTGTCATCGGC-1,2.7614222407911577,1.1155508383114756
GCTCTGTGTTACGGAG-1,1.6074276805494585,-2.5125176088015615
GCTCTGTGTTCCGGCA-1,2.33404024845107,-3.0748159066836416
GCTCTGTTCAACCAAC-1,2.087616288719014,-3.2773892060916006
GCTCTGTTCAGAAATG-1,-0.8656882702733717,0.16629433621959105
GCTCTGTTCCACGTGG-1,-1.0038999080087385,0.4865798278649272
GCTCTGTTCCTAAGTG-1,3.189951026496724,-1.32440499226256
GCTCTGTTCGAATCCA-1,0.43147488838179493,3.2571051939328135
GCTGCAGAGATCTGCT-1,1.217061841544942,-2.2506035939852773
GCTGCAGAGATGGCGT-1,-1.9166841864015303,-6.831820644537645
GCTGCAGAGCACCGTC-1,3.943868243751363,-2.33501449982329
GCTGCAGAGCGCTTAT-1,1.7685161471937456,-1.6106242314974843
GCTGCAGAGCTGAAAT-1,2.262037837562398,-1.6687498466174184
GCTGCAGAGGACCACA-1,-11.006420051994487,2.306396804650587
GCTGCAGAGGCAGGTT-1,2.8571229816053667,-3.51807490746184
GCTGCAGAGGCGATAC-1,2.2728799224470415,-1.8041582481066762
GCTGCAGAGTGCCATT-1,-12.256311333122417,-0.26542667309446916
GCTGCAGAGTTCCACA-1,1.2996981978987017,-3.6491543428103506
GCTGCAGAGTTGAGAT-1,-2.115865802707835,3.587909541924757
GCTGCAGCAATAGCGG-1,1.778928363380269,-0.1306224242846547
GCTGCAGCACCTATCC-1,-12.136181747856304,1.5231072529156626
GCTGCAGCAGATGAGC-1,4.097042167243794,-2.104190744559008
GCTGCAGCATCACCCT-1,-1.5891959130193434,3.2942820413906992
GCTGCAGGTAAACCTC-1,-10.983714973869487,0.1535626164575042
GCTGCAGGTAGCTTGT-1,-1.0069917201425276,-6.625526107947069
GCTGCAGGTCAGGACA-1,5.161837661323384,-1.5097996369998037
GCTGCAGGTCCAGTTA-1,2.988278949317769,-1.3977203742663442
GCTGCAGGTCGAACAG-1,-3.199060475769206,0.03519923975066558
GCTGCAGGTCGCGTGT-1,5.952845656928853,-1.3888460771243154
GCTGCAGGTCTAAACC-1,5.291504943427876,-2.456106342474657
GCTGCAGGTCTCTCGT-1,0.12200506931288624,1.5536931379635752
GCTGCAGGTGGTACAG-1,1.0376482844923296,1.3070518596966685
GCTGCAGGTGTCTGAT-1,1.8076182246778765,-0.06635601083441361
GCTGCAGGTGTTGAGG-1,-0.8216815947915754,-1.2979797498385488
GCTGCAGGTTACGACT-1,-12.427644646110698,1.4468924625714243
GCTGCAGTCAGGTAAA-1,-0.507512783947154,-0.28475908199949845
GCTGCAGTCGGATGGA-1,1.8165531993482866,-2.9524239675204336
GCTGCGAAGACTAAGT-1,-1.98681232923524,-6.806795276800829
GCTGCGAAGCTAAGAT-1,3.002866351661519,-0.4839152471224843
GCTGCGAAGCTACCTA-1,-10.013846313896343,0.8500414713223399
GCTGCGAAGCTAGGCA-1,4.562207305488423,-1.4903366939227163
GCTGCGAAGGAATTAC-1,3.0971814036939898,1.6718277557690562
GCTGCGAAGTACTTGC-1,-1.162122821750804,3.4077685697873057
GCTGCGACAAGGACTG-1,-10.620121872368022,-0.1949786619345723
GCTGCGACACGTCTCT-1,3.0596352458570757,2.4282077177365244
GCTGCGACATATGAGA-1,2.257521235999898,-1.4066672698657094
GCTGCGAGTATAAACG-1,3.8057585597608843,0.9586103185017527
GCTGCGAGTCATACTG-1,1.9508427024458208,1.770937763055128
GCTGCGAGTCTGATTG-1,-10.606014168205425,-0.28109843293829545
GCTGCGAGTGAAGGCT-1,-11.698400413932964,0.22451214482383147
GCTGCGAGTTAGGGTG-1,-11.909740364494487,1.8856210335095347
GCTGCGAGTTCACCTC-1,3.3738551974867144,1.599353872140211
GCTGCGAGTTCTCATT-1,-0.09872225517289257,0.7381744011242808
GCTGCGAGTTGGAGGT-1,2.527958476600484,0.3808644934494914
GCTGCGAGTTGGGACA-1,2.8002420306776323,-2.3779565469424306
GCTGCGATCAACCAAC-1,6.462690436897114,-0.341924466292101
GCTGCGATCAAGGCTT-1,3.1065221667860308,-2.2142504827181875
GCTGCGATCTTTACGT-1,-0.6303510426904402,-6.973628677527147
GCTGCTTAGATCACGG-1,4.8457475543592725,-0.9271376506487905
GCTGCTTAGATCCCGC-1,-3.90580669635789,0.07502148849264995
GCTGCTTAGCGATTCT-1,-12.044637596550151,-0.33735127011938676
GCTGCTTAGGCATGTG-1,2.357348525581197,1.638095818360609
GCTGCTTAGGGATCTG-1,1.1640408874128618,-3.4945358411471426
GCTGCTTAGTCCTCCT-1,-10.339488899650737,3.110135875542921
GCTGCTTCAAGTCTAC-1,1.0041330695722857,2.191319785912794
GCTGCTTCACAACGCC-1,-11.14314357036607,0.5415325387318553
GCTGCTTCACGAAACG-1,1.4068361163709917,0.027524895866674337
GCTGCTTCACGCCAGT-1,5.7027021289442335,-1.292996563116747
GCTGCTTCAGGCGATA-1,-12.097766792717144,2.2551091535885752
GCTGCTTCATCCTAGA-1,-0.8983789741422377,-1.3882433549563467
GCTGCTTCATGTTGAC-1,-11.486940300407573,1.4141213520367564
GCTGCTTCATTTGCCC-1,2.213693702277974,-3.4516026155154287
GCTGCTTGTAAAGGAG-1,5.123720252570942,-0.8458772675196706
GCTGCTTGTACGAAAT-1,4.892189109382466,-2.0269664899508535
GCTGCTTGTAGCGTGA-1,-9.617265617790386,3.112612329324049
GCTGCTTGTATGAATG-1,2.6546784282301226,-1.2481058017413198
GCTGCTTGTCATGCAT-1,-11.785926735344097,1.2293909414608897
GCTGCTTGTGATAAAC-1,5.599395835456685,-1.9791671411196767
GCTGCTTGTTAAGTAG-1,1.7793606162641802,2.2302101476986826
GCTGCTTGTTCCATGA-1,-2.0226812719728193,-6.87917725006743
GCTGCTTGTTGCCTCT-1,1.8031440616224566,-0.2961393968264638
GCTGCTTTCACCATAG-1,4.2086931109998975,0.12259178226189033
GCTGCTTTCCTAAGTG-1,-1.5415261595870695,2.9361544473965586
GCTGCTTTCGGAAATA-1,4.4526248813246045,-2.29261366287871
GCTGCTTTCTTTAGGG-1,2.1285835147474566,-3.639788307348925
GCTGGGTAGCGATTCT-1,1.5504048705671587,-1.5291051046053945
GCTGGGTAGCTAGCCC-1,-10.212827598991558,-0.2781846300761281
GCTGGGTAGGACACCA-1,4.976385200080708,-2.405434765021044
GCTGGGTAGGTGCTAG-1,3.1831928134535112,-1.6070708409945547
GCTGGGTAGTTCCACA-1,-12.234043991508647,1.6895715816815318
GCTGGGTAGTTCGCAT-1,3.4191747546766558,-1.1468087808291494
GCTGGGTCACACAGAG-1,4.09429939990981,-2.9016641751925527
GCTGGGTCACGTAAGG-1,5.706995093879536,-1.243641413847643
GCTGGGTCACGTCTCT-1,0.24098321205122852,2.431229911645216
GCTGGGTCAGACACTT-1,-1.9777607678796492,-6.928054012457567
GCTGGGTCATAGAAAC-1,-0.9106046914483747,1.0072837694485606
GCTGGGTCATCCCACT-1,2.8951331019972124,0.8450976832707346
GCTGGGTCATGGTCAT-1,-0.9516907691384993,0.4512128456433238
GCTGGGTGTCCGTTAA-1,1.8344336391065874,1.770802937348646
GCTGGGTGTCGCGTGT-1,-11.63224211925523,1.1018707974751414
GCTGGGTGTGAAAGAG-1,5.579994762000874,-2.3102020398776113
GCTGGGTGTGTGAATA-1,2.8253346324537554,0.8483178242047251
GCTGGGTTCACCAGGC-1,5.697898471412495,-1.917379297415453
GCTGGGTTCACCTCGT-1,1.1139443755720415,0.5116166992981852
GCTGGGTTCATTGCCC-1,-12.6045188068773,-0.27546433369322404
GCTGGGTTCCGCGGTA-1,4.059649550971821,-2.527232565085131
GCTGGGTTCCTCATTA-1,-11.323756134452983,1.1668378933270396
GCTGGGTTCGTCCAGG-1,0.8849256873701372,2.6635638101895274
GCTGGGTTCTAACTTC-1,-0.7707055568124495,0.6987952812512339
GCTGGGTTCTGCGACG-1,-11.166298782768413,0.8784769996006907
GCTGGGTTCTGCTGCT-1,0.729626023826436,-0.3841656819979726
GCTTCCAAGGTGTTAA-1,-1.8736399769212446,3.5334864481289805
GCTTCCACAAAGTCAA-1,-1.0335092007543287,3.5776384695370615
GCTTCCACACTTCTGC-1,0.6324385047529497,0.5154414697487772
GCTTCCACAGACGCCT-1,2.5722690463636675,-1.9979709760348379
GCTTCCACAGACGTAG-1,4.292358005103901,-2.1556429044405996
GCTTCCACAGGGATTG-1,1.9696524978254595,-3.5553521291415273
GCTTCCACAGTATCTG-1,4.251800143775776,-0.4388643280665456
GCTTCCAGTAGAGCTG-1,2.0585132480238237,1.721929989655775
GCTTCCAGTCCGTTAA-1,-1.1777534245874128,-1.1068896428744375
GCTTCCAGTGAGGCTA-1,-11.582838928642436,-1.5961861983935415
GCTTCCAGTTGCGTTA-1,4.401088321266011,1.4057100637753428
GCTTCCAGTTTGCATG-1,-12.457220947685405,-0.2513463572661458
GCTTCCATCAAGGTAA-1,5.958133304176167,0.5382108612854899
GCTTCCATCAGGCGAA-1,5.656315887031392,-2.0853633062045156
GCTTCCATCATACGGT-1,-0.24961010211960888,0.4485379381974162
GCTTCCATCATAGCAC-1,5.350129687843159,-2.510966934363085
GCTTCCATCATGTAGC-1,2.973334872779683,-2.8927718774478017
GCTTCCATCGGAATCT-1,-0.04397670024888134,-0.2430942134062825
GCTTCCATCGTGGACC-1,5.430206859168843,-2.011248506705004
GCTTCCATCTTTACGT-1,0.20503493553145313,-0.6688841358820974
GCTTCCATCTTTCCTC-1,-2.9852446674730024,-0.1875062064330159
GCTTGAAAGTACGTTC-1,0.24448629623396778,2.0655731781323374
GCTTGAAAGTAGCGGT-1,4.746714198646382,-0.5277349130312978
GCTTGAAAGTATCTCG-1,1.3362036586378374,-3.554074205557543
GCTTGAAAGTCCAGGA-1,-10.832943832817241,2.891323171456617
GCTTGAAAGTCCATAC-1,4.78363569980605,-2.280172504584032
GCTTGAAAGTGGGTTG-1,-3.358661329689189,-0.8742442504565298
GCTTGAACAAGCCCAC-1,2.756793105659322,-0.02300085882349595
GCTTGAACACACGCTG-1,5.505205237922505,-0.6207505242030202
GCTTGAACAGCTGTGC-1,4.004186713752583,-3.69310776154204
GCTTGAACAGTATAAG-1,-12.48215380901353,1.1931371315319956
GCTTGAACATCACCCT-1,1.2575457931135454,2.2421630247433604
GCTTGAAGTATCACCA-1,-0.49887094491974926,0.4469087048371257
GCTTGAAGTCACTTCC-1,0.9545203090284624,2.7609032018979014
GCTTGAAGTCCAAGTT-1,3.556691730079488,2.5605221613247813
GCTTGAAGTCCAGTAT-1,5.674563968238667,-1.7231985704104482
GCTTGAAGTCTTCGTC-1,5.595850074348286,-2.0985530988375722
GCTTGAAGTGCAGTAG-1,3.745137775001363,-0.30988330403967485
GCTTGAAGTGCTCTTC-1,-0.4327085375215254,-7.204506553808885
GCTTGAAGTTAAGACA-1,2.0958362460706987,-0.38241223255797013
GCTTGAAGTTACCAGT-1,4.377719008979634,-3.5708207265536367
GCTTGAAGTTCCACTC-1,4.075674140510396,-1.7640579120318471
GCTTGAAGTTTAAGCC-1,4.270467364845112,-1.6318698302905141
GCTTGAATCATCTGCC-1,2.890540683326558,-2.5838090554873525
GCTTGAATCCAAAGTC-1,-0.393420314731761,1.9421738012631358
GCTTGAATCCAAATGC-1,3.039759719428853,1.5767917259533824
GCTTGAATCCAGAAGG-1,4.747266852912739,1.5902770384152354
GCTTGAATCCGAATGT-1,3.775728309211568,0.796040974458021
GCTTGAATCCGTCAAA-1,6.402313315925435,-0.33686641613646134
GCTTGAATCGCACTCT-1,3.909766757545308,0.8102138264973582
GCTTGAATCGCCGTGA-1,4.848290050086812,-2.526197351614672
GCTTGAATCGCTTGTC-1,1.1845925689314165,-2.690565742651659
GGAAAGCAGACTGGGT-1,0.14276417499525929,0.5905982180436076
GGAAAGCAGCCCGAAA-1,1.4711924434278765,-3.0983311311404287
GGAAAGCAGGCTACGA-1,-12.092546379509136,0.24972414215402022
GGAAAGCAGTCTCAAC-1,3.514946544227437,0.8153506739933909
GGAAAGCAGTGTACTC-1,3.6383400798414507,-0.5174834505717336
GGAAAGCCAAGAGTCG-1,0.5672230363462725,2.062513552506727
GGAAAGCCAAGTCTGT-1,-1.859862363281413,3.5397187097866953
GGAAAGCCACAACGTT-1,6.433205688056782,-0.46641282002134904
GGAAAGCCACAGCGTC-1,2.12968119388564,-0.9421151057879507
GGAAAGCCACGACTCG-1,-0.11046472782151318,1.298137389024061
GGAAAGCCACGGTAGA-1,2.310816371497945,-1.9528135434786855
GGAAAGCCAGCTGTTA-1,2.62589701419814,-2.4478222505251943
GGAAAGCCAGGTCGTC-1,-0.3341151832963667,1.618753991921705
GGAAAGCCAGTGACAG-1,-12.832981026115581,0.9915619715054453
GGAAAGCCATAACCTG-1,0.2661265969847002,1.99682303508119
GGAAAGCCATCACAAC-1,1.7056949973676958,1.905566178162855
GGAAAGCCATGGTCAT-1,-3.1513674616243086,1.0038517340023936
GGAAAGCCATTAGCCA-1,-11.73540488475816,2.619316898186964
GGAAAGCCATTTCAGG-1,5.048243129310444,-0.514562167326647
GGAAAGCGTAAGAGAG-1,2.6100657821272173,-1.6587715522448598
GGAAAGCGTAATCACC-1,4.588653647956685,-2.8811630384127676
GGAAAGCGTAGTAGTA-1,2.751561248359517,-0.5648515001933156
GGAAAGCGTCCAGTGC-1,-11.610182678642436,-1.4691768066088735
GGAAAGCGTGTGAAAT-1,4.152391994056538,2.0473563297589243
GGAAAGCGTTAGAACA-1,2.6970954776380816,1.4796207769711436
GGAAAGCGTTAGGGTG-1,4.8878546596143995,-0.33407042185469255
GGAAAGCGTTCACGGC-1,4.187532985267476,-3.2601722852389394
GGAAAGCTCACAGTAC-1,0.03442021614058399,1.4190243109066905
GGAAAGCTCAGTCAGT-1,-1.2852201390440903,3.2007811888058604
GGAAAGCTCATGTAGC-1,2.7696572185133257,0.18296761800841704
GGAAAGCTCCAGTATG-1,1.5772980094526567,2.22622235854463
GGAAAGCTCCGTAGTA-1,4.025400722083882,2.0731398685772837
GGAAAGCTCCTCATTA-1,1.974357926902608,1.3469284399350108
GGAAAGCTCGGACAAG-1,-12.026281273307964,-0.08738438049955949
GGAAAGCTCGTCACGG-1,4.528317058143452,0.5748969539006175
GGAAAGCTCTAACGGT-1,-0.820370918455287,0.4493193252880992
GGAAAGCTCTCCCTGA-1,-1.9809979557420454,-6.877702869574266
GGAAAGCTCTTGGGTA-1,3.715056979713277,0.5189275666077555
GGAACTTAGAGTACCG-1,3.640270316657857,0.21372447152928725
GGAACTTAGATTACCC-1,1.489330613670186,-2.764493145147997
GGAACTTAGCGATATA-1,2.9975100398634233,-2.238407053152758
GGAACTTAGCGCCTTG-1,1.1181507945631304,-3.369975723425585
GGAACTTAGCTAAACA-1,-10.596314346733257,-0.24862406412764176
GGAACTTAGGGTTTCT-1,4.944594943580464,-1.2426121608416616
GGAACTTAGGTGTTAA-1,-12.500683700981304,2.1857028826077403
GGAACTTAGTGTGAAT-1,-3.516056692543193,0.49861314137772933
GGAACTTAGTTCCACA-1,3.8222437739942827,-2.657387651602465
GGAACTTCAACGCACC-1,4.1135908008192335,-0.0020519421498356727
GGAACTTCAACTTGAC-1,4.239726150092915,1.4710260256131114
GGAACTTCACTGTTAG-1,0.939014041480855,2.528447709878248
GGAACTTCAGGGAGAG-1,4.469215953407124,0.45562254627541915
GGAACTTCATAGACTC-1,2.2905424476240435,-3.1194647924105703
GGAACTTCATCCGCGA-1,3.6378394008253374,1.2637713774044932
GGAACTTCATCCGTGG-1,1.0513130069349566,1.6220910175641001
GGAACTTCATGCCTTC-1,3.9318838954542437,0.9774152859051646
GGAACTTCATTCCTGC-1,4.447822177467183,0.39652570327119246
GGAACTTGTAAACACA-1,4.400587165412739,-0.1364193485180913
GGAACTTGTACGCTGC-1,-10.94834033245103,1.5629026516278208
GGAACTTGTACTTAGC-1,5.361676776466206,-2.1241554395358144
GGAACTTGTATATCCG-1,5.05197008853896,-1.3920088187853872
GGAACTTGTCCAAGTT-1,-11.356256401481792,1.434422813256544
GGAACTTGTCGCGGTT-1,3.8387137294386187,0.3503573461373271
GGAACTTGTCTGATCA-1,2.937081897315816,-0.5058344976107656
GGAACTTGTGATGTGG-1,3.5951834560011187,-2.4402898923556386
GGAACTTGTGTGCGTC-1,3.410022342262105,2.5409489496548594
GGAACTTTCACATACG-1,3.5099221110914507,-1.7964589969317495
GGAACTTTCAGTACGT-1,2.8832293391798296,0.10625400244565025
GGAACTTTCCGTTGTC-1,1.2929666877363482,-1.5009518043200551
GGAACTTTCCTTGCCA-1,2.7180181384657183,-2.0365907327334463
GGAACTTTCGCGTAGC-1,4.159565532264546,-0.19971258203192338
GGAACTTTCGTGGTCG-1,2.187312209663228,1.8003270252545298
GGAATAAAGCACAGGT-1,-10.635510361137554,2.9177993162472666
GGAATAAAGCAGGCTA-1,1.456235492286519,1.547446094353956
GGAATAAAGCTCAACT-1,-11.746148025932476,0.829829238255781
GGAATAAAGTGATCGG-1,-0.15536478752152538,0.6928446515400828
GGAATAACAATAGCGG-1,-11.857194817009136,0.651853643258375
GGAATAACACACGCTG-1,-11.317766106071636,2.852567993005079
GGAATAACACAGGAGT-1,-0.34905920022980785,1.1093117817242564
GGAATAACACCAGCAC-1,-11.455485260429546,2.0858013256390513
GGAATAACACCTCGTT-1,0.3132619500730791,2.6275652273495615
GGAATAACAGATCGGA-1,2.1417792678449907,1.8832736833889903
GGAATAACATGGTCTA-1,-12.85024348491685,1.5569016559918345
GGAATAAGTAACGCGA-1,-10.623377716484233,3.1825395449002207
GGAATAAGTCATTAGC-1,3.1977601886366167,-1.892158545653063
GGAATAAGTCCGTTAA-1,2.957655990180806,1.942475758393568
GGAATAAGTGACAAAT-1,3.318558776435689,-2.661326803366381
GGAATAATCACTATTC-1,6.637789332923726,-0.4583429471652089
GGAATAATCACTTACT-1,-0.7257963179971418,0.3434574230511607
GGAATAATCGGAATCT-1,5.161147201118306,-0.38163999478026017
GGAATAATCTCCTATA-1,-0.6118438004876814,-1.3723684922854482
GGAATAATCTCGCATC-1,2.112015807685689,-3.1521684304873525
GGAATAATCTGAGTGT-1,3.0810786128614702,-3.590484060446459
GGAATAATCTGCTGCT-1,5.857406699714497,-1.8958481923739492
GGAATAATCTTGGGTA-1,6.410053336677388,-0.7972714082400381
GGACAAGAGCCTCGTG-1,-2.7883197426225386,0.5334347709019602
GGACAAGAGCGATCCC-1,0.064870917854146,2.282330356438917
GGACAAGAGGACATTA-1,5.689968192634419,-0.9807032720248281
GGACAAGAGTACGATA-1,5.496879661140278,-1.1202521697680532
GGACAAGAGTGTACGG-1,-3.826981937828227,0.0026979221899928185
GGACAAGCACAGGTTT-1,3.381148421821431,-2.150035299460131
GGACAAGCAGGATTGG-1,-3.504516756477519,-0.2834510282675801
GGACAAGCAGGTGGAT-1,3.517753684577779,-0.10489035407705888
GGACAAGCAGTCAGCC-1,-0.7630635260965071,0.8085738643010081
GGACAAGCATATACCG-1,-11.797051346244976,2.188315234978956
GGACAAGCATGCCTAA-1,1.6306875587080278,-1.5078314916293203
GGACAAGCATGGTCTA-1,2.739346587714986,-0.039800651470857706
GGACAAGCATTGGGCC-1,2.964465224799947,-0.11581712226076707
GGACAAGGTAAGTGTA-1,-11.96357527965562,1.7530879600842417
GGACAAGGTACTCGCG-1,0.45941218143446827,-0.6366687790553152
GGACAAGGTCAATGTC-1,5.058405959663228,-1.800254739920336
GGACAAGGTTGATTCG-1,3.4227143169019976,-1.1656365768115102
GGACAAGTCATGTCTT-1,0.8262239337538042,3.1350251062710703
GGACAAGTCCTATGTT-1,-12.637285149040386,1.4783830269177378
GGACAAGTCCTGCCAT-1,0.179006660041646,1.6346691473324717
GGACAAGTCGTGGACC-1,2.962632262763814,2.0086146219571055
GGACAAGTCTCTGTCG-1,5.485562884864644,-2.0799430982272207
GGACAAGTCTTGCATT-1,3.7241006732557573,-2.2122511045138418
GGACAGAAGACTAAGT-1,0.7027300239179888,3.1783676966031016
GGACAGAAGATCGATA-1,2.6360112071607866,-0.3881656006972371
GGACAGAAGCAGACTG-1,1.2761894107435503,-0.8499139324824392
GGACAGAAGCTAGTCT-1,5.360829436836079,-1.6078058854739248
GGACAGAAGCTAGTGG-1,-0.12564042800919628,1.2858798130352915
GGACAGACAAGTTGTC-1,4.908491218147114,-1.8361866847674428
GGACAGACACAGAGGT-1,5.175003135261372,-1.2038045303027212
GGACAGACACTAGTAC-1,2.4109631419752398,1.0787707193692149
GGACAGACACTGAAGG-1,2.3050025344465532,-2.584741748968798
GGACAGACAGACAAGC-1,2.4498377681349077,1.9858468397458018
GGACAGAGTAACGCGA-1,4.023175799903706,1.829892955621046
GGACAGAGTAGCGCTC-1,1.6747423053358355,-1.8050712720553457
GGACAGAGTAGTGAAT-1,1.6878090739820757,1.2057538851101817
GGACAGAGTATTAGCC-1,-11.250056183281108,-2.0761698857943593
GGACAGAGTCGGGTCT-1,1.1550980449293413,2.817165456612867
GGACAGAGTGTTCTTT-1,2.805553996620015,-0.7618082539240896
GGACAGATCACGACTA-1,-11.603318130912944,1.1788249834378184
GGACAGATCACGCGGT-1,4.542354667243794,-3.708845056692797
GGACAGATCCACGTGG-1,-12.221546089592144,0.15403787781791106
GGACAGATCCATGAAC-1,2.371438348350362,-0.9422709123293935
GGACAGATCGAATGGG-1,2.427907550391988,1.8878041132290782
GGACAGATCGGACAAG-1,5.809377276954487,-1.6605806724230825
GGACAGATCGGTGTTA-1,4.541996085700825,-3.2959996835391103
GGACAGATCGTTACGA-1,-0.8954730390931807,0.18118699630097762
GGACAGATCGTTGACA-1,-12.506710922660991,0.6195722444851817
GGACAGATCGTTTATC-1,-11.629172241630718,0.32505335648850814
GGACAGATCTATGTGG-1,0.6877846360777178,2.809851966698927
GGACAGATCTTCTGGC-1,3.06373938327773,1.6025871857006968
GGACAGATCTTGAGAC-1,5.119217002448872,-2.6281603948275625
GGACATTAGATATGGT-1,-3.520831978264018,0.7044509871800364
GGACATTAGATTACCC-1,2.6099301219557085,-1.3342242614428579
GGACATTAGCAATCTC-1,5.222131335792378,0.4901634975274028
GGACATTAGCCAGTAG-1,3.9565301776502886,-3.2697152272860586
GGACATTAGCCGTCGT-1,4.032706344184712,-0.5255840794245779
GGACATTAGGAGCGAG-1,5.243914687690571,-1.3319796697299062
GGACATTAGGTGATTA-1,-10.089877998771831,0.25741281350449935
GGACATTAGTAGGCCA-1,-11.391268646660015,2.2510434015591563
GGACATTCAAGGTGTG-1,1.260995471534566,-2.796370186011034
GGACATTCACGGCCAT-1,2.344745719489888,1.8628582580883921
GGACATTCAGTGGAGT-1,-11.596100723686382,1.3861904962857188
GGACATTCATTGTGCA-1,-12.702261841240093,1.6802571638424815
GGACATTGTAAGTGGC-1,4.89870556598647,-0.3409760073821126
GGACATTGTAATAGCA-1,3.442567908820943,-3.3940624372164785
GGACATTGTATTAGCC-1,5.111814105567769,-1.1278901473681509
GGACATTGTCGACTGC-1,4.102236354408101,-0.563036538759905
GGACATTGTCGCGAAA-1,4.734163844642476,-0.09367043534918412
GGACATTGTCTGGTCG-1,-11.959731018486186,1.8548652752240122
GGACATTGTGTGGCTC-1,-1.6056073367025099,3.4680188520749033
GGACATTGTGTTTGTG-1,3.156419360694722,-3.6807514802615224
GGACATTTCAACGGGA-1,4.645537459907368,-2.348789133230883
GGACATTTCACAAACC-1,2.8705426097486773,-0.6156216637293874
GGACATTTCAGAAATG-1,5.754600131568745,-1.6649804488818227
GGACATTTCATAAAGG-1,-3.296600735130473,-0.36099568764372453
GGACATTTCCGAAGAG-1,4.174439036903218,-2.3852643148104726
GGACATTTCCTGCAGG-1,5.949798667487935,-0.9275771752993642
GGACATTTCGCATGGC-1,-11.859699165764019,1.1677683218319834
GGACATTTCGCTTAGA-1,2.5358823180769243,-3.620236791769701
GGACATTTCGTAGATC-1,4.679226005134419,-2.744739212195116
GGACATTTCTAACTGG-1,-3.0290912746812544,1.2974515779812754
GGACATTTCTCGCTTG-1,-11.119992172660991,2.696517549355787
GGACATTTCTCTAGGA-1,0.41036733394606495,2.4268976076443614
GGACATTTCTCTGAGA-1,-0.6347093939210615,-6.716370262304979
GGACATTTCTGTCCGT-1,5.486002051887349,-2.0310818330447256
GGACGTCAGACTTGAA-1,2.709451758918599,-0.24761120239897355
GGACGTCAGCAGGCTA-1,-3.7627884506608686,-0.061893083254533854
GGACGTCAGTACATGA-1,4.884207332191304,0.8333912714322032
GGACGTCCACCGGAAA-1,-12.135501778068706,1.548204265435499
GGACGTCCAGACTCGC-1,1.838864886817769,0.9523879512150706
GGACGTCCAGTATCTG-1,-0.9203205465699873,2.941803298791212
GGACGTCCAGTCGATT-1,-0.8899511157895765,2.1873751505215586
GGACGTCCATGGAATA-1,3.35141667133315,-1.0013687984149038
GGACGTCCATTGGTAC-1,-10.410344994011089,-0.43355218331022843
GGACGTCGTCACTGGC-1,3.8912807345960894,1.9527343138058604
GGACGTCGTCATATGC-1,-3.756430065574809,-0.018000416557031718
GGACGTCGTCCAGTTA-1,2.1862941623304644,1.6538543327649058
GGACGTCGTCGCGTGT-1,4.345491492805317,1.313580118020338
GGACGTCGTCTGCCAG-1,2.880711638984517,-2.127328313986498
GGACGTCGTCTTCTCG-1,1.7139161468122759,-0.4747323767344533
GGACGTCGTCTTGCGG-1,-0.10658100837723827,1.5908326729138316
GGACGTCGTGCTAGCC-1,2.209559524116353,0.8660806043942393
GGACGTCGTGGCCCTA-1,0.6906247974012651,1.6972994430859507
GGACGTCGTTCCACTC-1,4.331171596107319,-3.5873331205050527
GGACGTCTCACAAACC-1,4.328932845649556,-1.3491443769137441
GGACGTCTCACCCTCA-1,6.408478343543843,0.3414686991770686
GGACGTCTCCGCGTTT-1,4.563876712379292,-2.5914224759738027
GGACGTCTCCTCAATT-1,-12.833611404838726,-0.05931321541472062
GGACGTCTCGCCAGCA-1,6.329197967109517,-0.11900987486048326
GGACGTCTCGCCCTTA-1,-3.383601105156108,0.5398192032177866
GGACGTCTCTGTCAAG-1,5.120702827033833,-2.264023460547167
GGACGTCTCTGTTGAG-1,3.024247252998189,0.07494171326355353
GGACGTCTCTTGGGTA-1,0.3822145104978838,3.4777959211667002
GGAGCAAAGATGAGAG-1,-11.330901062431499,2.329855285485548
GGAGCAAAGGCTAGCA-1,5.34709891086562,-1.4746327773730337
GGAGCAACAAACGTGG-1,4.659997546729878,-0.9886558429400503
GGAGCAACAAGGACTG-1,-0.9633301257516584,2.7906649931271494
GGAGCAACAATACGCT-1,4.940699183997944,-0.16765523711844071
GGAGCAACACCACGTG-1,-0.04242626422898388,0.8753180130322398
GGAGCAACACTGTGTA-1,-11.529148018303081,1.4611054285366953
GGAGCAACAGCCAGAA-1,3.557914817390279,1.139193378289503
GGAGCAACAGGTGGAT-1,5.592034423408345,-0.8594894186656057
GGAGCAACATACTACG-1,4.0306135058973585,-1.7077978030840932
GGAGCAACATGTTCCC-1,1.0101357341383257,3.2917993887265147
GGAGCAACATTACGAC-1,3.0739761233900347,-2.341787494818407
GGAGCAAGTAAGTGGC-1,5.2890411258314405,-0.45932570854826554
GGAGCAAGTACACCGC-1,-1.8608132361795149,-7.009306110541063
GGAGCAAGTCAATGTC-1,2.433016383704976,1.9551602228482188
GGAGCAAGTCGCGTGT-1,-0.9143576383020124,0.34254401167230025
GGAGCAAGTCTCTCTG-1,-3.8351127266313276,-0.12529233853026017
GGAGCAAGTGCAGACA-1,1.9751873851393023,1.289781413872999
GGAGCAAGTTACCGAT-1,5.036100471076802,-3.1498860494296133
GGAGCAAGTTCAGGCC-1,-0.5713751077081404,1.7633888347943247
GGAGCAAGTTCGCGAC-1,-11.69830313915269,2.2183054312069834
GGAGCAATCAACCAAC-1,3.7920890689466753,-2.4712843076388418
GGAGCAATCGCATGAT-1,3.996645057258443,2.251669488747877
GGAGCAATCGCCTGAG-1,6.41303023105605,0.509170435269636
GGAGCAATCTCTGTCG-1,-12.334744369926616,0.9551205261547984
GGAGCAATCTTGCCGT-1,5.598061168250874,-0.9401346818606435
GGATGTTAGAGACTAT-1,-0.5797555803682051,1.3790976627667368
GGATGTTAGCCATCGC-1,4.791823470649556,-1.3946484700839101
GGATGTTAGGAGCGAG-1,4.356519782600239,0.7943230493863047
GGATGTTAGGATGGTC-1,-2.955979263725444,0.808337174256605
GGATGTTAGGTGGGTT-1,4.671000564155415,-0.41426674286528214
GGATGTTAGTTTGCGT-1,-11.321907913627788,-1.8135433570544301
GGATGTTCAATAAGCA-1,4.774574840125874,-2.8221606389681875
GGATGTTCACAGTCGC-1,4.661572063026265,0.1929641365011157
GGATGTTCACGGTGTC-1,-0.9353219031717024,3.4564174040158213
GGATGTTCAGCTGTAT-1,5.5355010867689405,-0.4631081000964223
GGATGTTCAGTAACGG-1,3.66253670459731,0.5195776446659983
GGATGTTCATATGCTG-1,1.669717395362691,-2.771399177710253
GGATGTTCATCTATGG-1,-12.11802855724351,0.2295046075184764
GGATGTTCATTTCAGG-1,5.864363753852681,-1.3489089385668813
GGATGTTGTACAGTGG-1,-11.657343780937358,-0.6773532406489431
GGATGTTGTACCGAGA-1,-9.953140641889568e-4,-1.559527792135912
GGATGTTGTATTAGCC-1,-2.009366965236827,3.532267413934034
GGATGTTGTCTCCCTA-1,3.711770618018941,1.9277679546673716
GGATGTTGTTATGTGC-1,4.455164039192036,-1.913634933630663
GGATGTTTCCAAACTG-1,-12.484297668876811,0.4062203093369426
GGATGTTTCCGAACGC-1,-0.6680698155786238,-7.061460651556688
GGATGTTTCCGTTGCT-1,1.6020658851240435,-2.326762832800585
GGATGTTTCGAGGTAG-1,5.627310836372212,-1.8650105373065053
GGATGTTTCTAAGCCA-1,1.3467353225324907,2.9162913187344492
GGATGTTTCTTCGGTC-1,4.7871561885450635,-0.22967842976255998
GGATTACAGAATTGTG-1,-0.15479139083878612,-1.628342308203417
GGATTACAGCAAATCA-1,4.809449279365376,-1.2648150102297842
GGATTACAGCTAACAA-1,-2.0813243746186934,2.9941144808133067
GGATTACAGGCGATAC-1,-11.835588371696636,1.5263912304242075
GGATTACAGTTAGCGG-1,3.7715979457472124,1.364957652886671
GGATTACAGTTGAGAT-1,0.8737314582441607,0.5749697609742106
GGATTACCACAAGCCC-1,0.31447848087294483,2.4157946928341807
GGATTACCACCATGTA-1,-3.6151575207139692,-0.078730188409525
GGATTACCACTTCGAA-1,-9.562247192802593,2.5574432237942637
GGATTACCAGATCTGT-1,-2.0772180318261824,3.666389070351881
GGATTACCAGTAAGCG-1,-0.36883965724961376,-7.231417335669237
GGATTACCATGGTCAT-1,3.4278622508619585,-2.4992827550570547
GGATTACGTAGCTGCC-1,-10.042062675895854,0.2764465137322368
GGATTACGTATTAGCC-1,3.580002868232564,1.580599628289503
GGATTACGTATTCGTG-1,4.884070003089741,-2.3381466046969472
GGATTACGTCACAAGG-1,-1.9527041077043257,3.4297998770077647
GGATTACGTCCAACTA-1,5.140566432533101,0.4648174568016948
GGATTACGTCCTGCTT-1,2.401320064124898,-1.3854139224688589
GGATTACGTCGGATCC-1,2.2877324462507524,1.4161673410733164
GGATTACGTCGGCACT-1,0.7606414199446001,2.7361348493893565
GGATTACGTGAGTATA-1,3.439887130317525,-2.0254592076937734
GGATTACGTTGATTCG-1,-0.7313288211251936,3.577930532296461
GGATTACTCACCCTCA-1,-11.214447891655132,-0.032034464279848185
GGATTACTCAGCTTAG-1,1.573122584876851,2.8178115709622324
GGATTACTCATGTGGT-1,5.61503800159438,0.15929522727922812
GGATTACTCCCTCTTT-1,-0.35692570203797436,1.1546840294201792
GGATTACTCCGCAAGC-1,1.0263942123029985,0.06789262582854644
GGATTACTCCGCGGTA-1,2.809971892890767,2.405828319390577
GGATTACTCGAACTGT-1,1.4949189067457476,-2.4330000058810293
GGATTACTCGTACGGC-1,1.2112413287733355,1.183365307648939
GGATTACTCGTATCAG-1,2.135636889991597,-1.9645089284579336
GGATTACTCGTCACGG-1,6.429437720832661,0.6881834491093577
GGATTACTCTCGCTTG-1,3.2065187335584917,-3.3134285585085927
GGCAATTAGATGTGGC-1,5.270140731391743,-0.29924980560942277
GGCAATTAGCACCGTC-1,4.746904933509663,-1.808994688193041
GGCAATTAGCAGCCTC-1,5.508731925544575,-0.6294355765978872
GGCAATTAGCCTATGT-1,0.9792900920484819,0.7813415153820933
GGCAATTAGGCCCGTT-1,5.137765014228657,-1.42646638313933
GGCAATTAGGTGGGTT-1,1.6563545108412066,2.0461822374661387
GGCAATTAGTCAAGGC-1,1.9697235465620317,1.3745077474911631
GGCAATTAGTTCCACA-1,2.444472396430806,2.1509464605648936
GGCAATTCAAGTAGTA-1,-11.042640602531597,3.04592975219087
GGCAATTCACATCCGG-1,3.089623057899312,2.679572664101881
GGCAATTCACCTCGGA-1,-10.706527626457378,1.7494128568966807
GGCAATTCAGATGAGC-1,4.127475345191792,-2.4931813851992666
GGCAATTCATTTCACT-1,4.279318893012837,-3.0239481107394277
GGCAATTGTCAGGACA-1,-0.39377710813538647,1.0442493184407176
GGCAATTGTCCAGTTA-1,2.5960067153547564,-2.985220112005907
GGCAATTGTCTTCGTC-1,-2.0041541814233503,3.5964556558926524
GGCAATTGTTCAGGCC-1,2.27980383640273,-3.248184837500292
GGCAATTGTTGACGTT-1,5.720775210914448,-1.6670908109347402
GGCAATTGTTGATTCG-1,-0.564076995792552,2.70608600219087
GGCAATTTCAGCACAT-1,-0.903547382297679,0.4848270340760173
GGCAATTTCAGGCGAA-1,3.524603927192525,-3.65850345055266
GGCAATTTCCGGGTGT-1,2.745231711921529,-2.291886009375292
GGCAATTTCCTTGGTC-1,2.5814216971967974,1.9283372982342661
GGCAATTTCGAGAGCA-1,-11.121561920585796,2.127300821145338
GGCAATTTCGTCCGTT-1,5.274087035713032,-1.3451350108782827
GGCAATTTCTGTCTAT-1,5.561018073615864,0.34978850920991317
GGCCGATAGACGCACA-1,3.780946815070943,-1.7652073280016958
GGCCGATAGCCAGTTT-1,4.2339287639234815,0.3689548595745982
GGCCGATAGCGTAGTG-1,2.3244174361799517,1.0766950472195567
GGCCGATAGGCCCTCA-1,3.330455863532857,0.3549962862332286
GGCCGATAGGCGACAT-1,0.11351987129195118,0.5090638919671
GGCCGATCAATCAGAA-1,3.405048453864888,0.49302881201104537
GGCCGATCAATGGAAT-1,1.3418985248182573,-3.7095386163394033
GGCCGATCACAGCCCA-1,4.911717975196675,-3.311839498678881
GGCCGATCAGGTTTCA-1,-1.890661811771556,3.648459277947706
GGCCGATCATCTGGTA-1,1.3721822143171587,-3.6251722947756826
GGCCGATCATGAGCGA-1,5.418425643501118,-1.7658723966280996
GGCCGATGTAGTAGTA-1,3.803016269264058,-2.1581565515200674
GGCCGATGTATATGAG-1,2.849944675025777,-1.6107367650668203
GGCCGATGTCCAGTGC-1,5.0220194697950635,-2.912632145086962
GGCCGATGTCGCATAT-1,4.526501262245015,-2.6741217748324453
GGCCGATGTGAGTGAC-1,-11.560606872978374,-0.16885630051298722
GGCCGATGTTGTGGAG-1,-10.698348915519878,-0.413881458441454
GGCCGATTCCACGTGG-1,1.954843366203145,-3.1449994222323476
GGCCGATTCCTTAATC-1,0.4748421550367632,2.199317775567335
GGCCGATTCCTTTCGG-1,4.143828475532368,0.5884296222527445
GGCCGATTCGCTAGCG-1,-0.009651815834208488,3.1750930174191416
GGCCGATTCGGTTAAC-1,2.8452249408338823,1.2531479223568858
GGCCGATTCGTATCAG-1,3.1265698314283648,-2.922370113531786
GGCCGATTCTTTAGTC-1,6.045029246864155,-0.6504615322749197
GGCGACTAGACAAGCC-1,3.1238346934889116,-1.3375478164355337
GGCGACTAGACTGTAA-1,6.572372043189839,-0.1611177400748311
GGCGACTAGACTTTCG-1,2.4250126720045366,-0.6934411303202688
GGCGACTAGATGTTAG-1,0.6705438733671465,-1.5158920661608755
GGCGACTAGCGCCTTG-1,-2.221162652912303,-6.7004200593630845
GGCGACTAGCTATGCT-1,5.575276935157612,-1.2839091197650014
GGCGACTAGGCTAGGT-1,4.955548846778706,1.0778943522770823
GGCGACTAGTCCCACG-1,-0.6471432208444319,-7.054996170202928
GGCGACTAGTTTCCTT-1,2.947828853187398,-1.9859837667147695
GGCGACTCAAAGGCGT-1,2.1922684550855913,-1.9014751092593252
GGCGACTCAATGACCT-1,-11.637790596428081,2.972060762246412
GGCGACTCAGACGCCT-1,2.5033837199781694,0.8522809966404856
GGCGACTCAGTATCTG-1,5.358302199897603,0.9663790090878428
GGCGACTCATCACGTA-1,1.5960183978651323,-0.6658075825373708
GGCGACTCATCATCCC-1,-3.000155365410014,1.0612569077809275
GGCGACTGTACCGAGA-1,-1.5578288494970045,-0.3923140243689595
GGCGACTGTAGGGTAC-1,1.6897765040968218,-0.7094383613268911
GGCGACTGTCACTTCC-1,-11.179867660942241,2.6540492399533213
GGCGACTGTCATTAGC-1,2.985165679511861,-0.5967278854052602
GGCGACTGTCCAGTGC-1,3.7625699878309526,2.0608663185437144
GGCGACTGTCGACTGC-1,-0.49867645496384716,1.09395118792848
GGCGACTGTCGATTGT-1,-10.707928574028179,0.13124754642443076
GGCGACTGTCGTCTTC-1,4.553453052100972,-1.8141605035464345
GGCGACTGTGAAATCA-1,-10.39903441661851,2.3629473074276865
GGCGACTGTGGTTTCA-1,-3.0818540214921675,-0.27966869632406816
GGCGACTGTGTCAATC-1,-11.78132430309312,0.4842212124665202
GGCGACTGTGTTCTTT-1,-11.554497635307476,-1.4792982713381826
GGCGACTTCAACCAAC-1,3.096479976234273,-1.5198332444827138
GGCGACTTCCTGCAGG-1,-12.430137550773784,-0.6487206594149648
GGCGACTTCGGTTCGG-1,4.404260242042378,0.45148163278893844
GGCGTGTCAATCCAAC-1,0.83874257808669,2.1186817510922373
GGCGTGTCACAAGCCC-1,2.412635648307637,1.5743516310055674
GGCGTGTCACAGATTC-1,2.092951619682149,-0.4742312804858266
GGCGTGTCACATCTTT-1,3.810900771674947,1.7376997097332896
GGCGTGTCACTAAGTC-1,-10.563470756950542,3.058709464867872
GGCGTGTCATGTTGAC-1,1.3683961272810259,0.2170675023396434
GGCGTGTGTACAGTTC-1,1.3597684741590776,1.909506402810377
GGCGTGTGTACCTACA-1,-12.253090774955913,2.545528255303663
GGCGTGTGTATAGGTA-1,4.312515342292622,0.9004491194088877
GGCGTGTGTCGCGTGT-1,0.14886435276015186,2.302560649712843
GGCGTGTGTCTCTTTA-1,3.3152919650648394,1.6917333229382456
GGCGTGTGTGATGTGG-1,2.090637528953389,-3.299191154638964
GGCGTGTGTGCAACTT-1,-2.111224746647044,3.6504228933651865
GGCGTGTGTTCAGGCC-1,1.0809496284101763,1.8493394478161753
GGCGTGTGTTGGAGGT-1,2.9907804370497026,-1.1366367713610708
GGCGTGTTCAACGGGA-1,2.449491107520894,0.9278703554470957
GGCGTGTTCAAGGCTT-1,2.225243175086812,2.4595380647976817
GGCGTGTTCACCACCT-1,-10.942513382377788,1.6175764425595225
GGCGTGTTCAGTGCAT-1,2.4149621368025103,1.3517648800213755
GGCGTGTTCATGCAAC-1,-2.680055773201152,1.783026181062025
GGCGTGTTCATTGCGA-1,3.074958407935933,2.1909714563687266
GGCGTGTTCCAAATGC-1,-12.859530365410015,1.629220209916395
GGCGTGTTCCGCATAA-1,-1.01669696563737,3.3798304422696055
GGCGTGTTCGCAGGCT-1,2.1321426272962847,-3.335382856528002
GGCGTGTTCTTACCTA-1,2.7217794299696245,-2.4997212068240224
GGCGTGTTCTTGAGGT-1,-11.335063850822612,0.8272720797856272
GGCTCGAAGAAACCTA-1,5.064425075111226,-1.7009197847048818
GGCTCGAAGACAATAC-1,-1.9584933876420698,3.52031620581941
GGCTCGAAGATATGGT-1,3.7537222743604937,1.6547697408993662
GGCTCGAAGATGTAAC-1,0.7974675536726274,-0.24262038628264054
GGCTCGAAGCCGCCTA-1,-3.181189095916911,1.1713689192135752
GGCTCGAAGGCTATCT-1,3.578859889564351,2.448803983529371
GGCTCGAAGGGTTTCT-1,5.124792182502583,0.38578286012009994
GGCTCGAAGTGCGTGA-1,2.8174267650221148,1.1858486755688609
GGCTCGAAGTTCCACA-1,2.1647425532911577,-1.2913065330187856
GGCTCGACAAGTCTAC-1,-12.334332382621929,2.3731752260525645
GGCTCGACAATCCGAT-1,-2.781399285736247,1.2956846578915537
GGCTCGACACAGACTT-1,4.488526904640034,-1.8527567760150014
GGCTCGACACCCATGG-1,0.9412754417036333,2.10855182250337
GGCTCGACACTGTTAG-1,-10.691977417411968,-0.9079057351748525
GGCTCGACAGGTCTCG-1,-0.8544885575200758,0.64760389169053445
GGCTCGACATCCGCGA-1,-12.251330292167827,1.90791603167848
GGCTCGACATCGATTG-1,5.047815883216694,-0.17582366625471696
GGCTCGACATCTATGG-1,3.827524268684224,1.042447589238447
GGCTCGACATGCTAGT-1,1.9640053153608599,1.300896488030714
GGCTCGAGTAACGTTC-1,3.008445823249654,1.2473461254437388
GGCTCGAGTACCGAGA-1,5.154711806831196,1.0247794612248362
GGCTCGAGTACGCACC-1,2.79345711475356,1.6721412762005747
GGCTCGAGTCTAAACC-1,2.0936876178358355,-0.6924191490809499
GGCTCGAGTGCAACTT-1,5.54591425662978,-1.9289666787783681
GGCTCGAGTTGGTGGA-1,-0.580190813484355,-1.4824662582079946
GGCTCGATCAACGCTA-1,3.4221111178968706,2.0649070366223277
GGCTCGATCAATACCG-1,3.16605814701064,0.37997167547540084
GGCTCGATCAGTTAGC-1,0.8918622375105181,0.6074149831135691
GGCTCGATCGACGGAA-1,-2.122154390754863,-0.8224413768450796
GGCTCGATCGCAAGCC-1,4.844472491798237,-0.8865415231387197
GGCTCGATCTCTGCTG-1,-3.3061741947557173,-0.46614930788679704
GGCTCGATCTGGCGAC-1,-11.820903694572612,0.19481722255544082
GGCTGGTAGAATGTTG-1,4.517083251533345,-3.033001102606493
GGCTGGTAGAATTGTG-1,5.437770927009419,-2.3232082502047597
GGCTGGTAGAGACGAA-1,4.14972456699355,-2.450420536200243
GGCTGGTAGCTAGTTC-1,3.612553203162984,-2.9606453553835927
GGCTGGTAGGCATTGG-1,3.5432673335645952,0.2186427636940898
GGCTGGTAGGTACTCT-1,2.082341039237813,1.6335107906659068
GGCTGGTAGGTCGGAT-1,5.2840739131544385,-0.5251849071185171
GGCTGGTAGTGGAGAA-1,2.5561352611158648,-0.31106335679693803
GGCTGGTCAAGCCTAT-1,1.1204796672437944,-3.400516666571337
GGCTGGTCAATGTTGC-1,-10.853811180534526,0.06722605218486205
GGCTGGTCACCATCCT-1,0.13625165229781055,-1.645960487524706
GGCTGGTCAGGCAGTA-1,0.06004079586012745,2.579064689477247
GGCTGGTCATATGAGA-1,-0.8778984307672224,0.23123726983861342
GGCTGGTCATGCCACG-1,-0.05776432746903515,1.463644586404127
GGCTGGTGTATATGGA-1,-12.618014252128765,-0.2480266765753804
GGCTGGTGTCAAGCGA-1,2.770649039802388,-0.11349292854471787
GGCTGGTGTCGCTTCT-1,5.518441283759907,-0.04292996982737168
GGCTGGTGTGAAGGCT-1,1.4515064597700396,-1.524595536390978
GGCTGGTGTGCCTTGG-1,1.514887893256978,-3.6753636972109853
GGCTGGTGTTAAGAAC-1,-12.431093132438823,0.7989889605839671
GGCTGGTGTTGAACTC-1,-11.568479454460308,2.5674918516476573
GGCTGGTTCACTTATC-1,1.5093952060316362,-1.0638379232089101
GGCTGGTTCAGGCAAG-1,0.45806511646254444,0.9384719355900706
GGCTGGTTCATCGCTC-1,-0.10564783805863476,-6.728962101141649
GGCTGGTTCCAAACTG-1,1.1034906745527544,2.057358227570814
GGCTGGTTCCTGTACC-1,-1.312040587271317,-6.525140918890672
GGCTGGTTCTTACCGC-1,-0.6348073243524275,-6.758719600836473
GGCTGGTTCTTCGAGA-1,-11.477508461418315,1.2067862375576914
GGGAATGAGCACGCCT-1,1.1567929626081743,-1.6919166223208486
GGGAATGAGCGATCCC-1,1.739342057761983,3.205954156716627
GGGAATGAGGCATGTG-1,3.890092456397847,1.042738996346754
GGGAATGAGGCCATAG-1,-0.9186743556882582,2.2638243063290537
GGGAATGAGTACCGGA-1,-3.4791113495256147,1.0691511257489146
GGGAATGAGTGTTTGC-1,0.6199470401380816,1.6854104622204722
GGGAATGAGTTATCGC-1,-10.661467468681499,-0.018357165257173624
GGGAATGCAAAGGAAG-1,2.438528621253804,-3.212005294958788
GGGAATGCAACGCACC-1,3.8061395526502886,0.9198127611477793
GGGAATGCAAGCTGTT-1,2.3044558406446733,-1.4684437886874258
GGGAATGCAGACGCTC-1,4.493258082923726,-0.6347472445170461
GGGAATGCAGGTCTCG-1,2.14555033451064,0.9684273227055491
GGGAATGCAGTTAACC-1,3.4021411777113237,0.5320633574326457
GGGAATGCATGTCCTC-1,1.4007619262312212,-3.4697112218539297
GGGAATGGTAAGAGGA-1,-1.4313503264810286,-1.2930943147341787
GGGAATGGTACCGCTG-1,-12.800177490654155,0.26879201074437514
GGGAATGGTACCGTTA-1,2.874685370979146,1.642388664086622
GGGAATGGTGGCTCCA-1,2.633943879661397,-1.497532285849291
GGGAATGGTTCCACAA-1,-3.3777550815965376,-0.5593920127551137
GGGAATGTCAAACCGT-1,3.622993075904683,-3.196159280935961
GGGAATGTCAACACCA-1,1.164491975364522,0.49588202675179854
GGGAATGTCAAGCCTA-1,1.827808225211934,1.1508098467190684
GGGAATGTCACAATGC-1,-11.960295593681499,1.4279880150158824
GGGAATGTCAGCTCTC-1,2.9154082179640093,-3.584972538153368
GGGAATGTCCCAACGG-1,-1.5559804200555525,-1.0815949813525259
GGGAATGTCCTGCAGG-1,-0.7596544384385786,1.6508828028042735
GGGAATGTCTGTACGA-1,4.575216376838521,1.0873407347996653
GGGAATGTCTTGCATT-1,2.7548857570265093,0.549911402066511
GGGAATGTCTTGTTTG-1,4.535260760841206,-2.041906751791674
GGGACCTAGAACAACT-1,3.930309855995015,0.84503521760301
GGGACCTAGGAGCGAG-1,1.8666959643934526,-0.3044363335768758
GGGACCTAGTCCCACG-1,0.9386700034712114,0.8956142886479319
GGGACCTAGTCGTTTG-1,1.3934768081281939,-2.462796367804247
GGGACCTAGTCTCAAC-1,2.481201493797139,2.302406392892164
GGGACCTAGTGGTCCC-1,3.892277801093892,-1.9966546670596181
GGGACCTCAACTGCTA-1,4.988686645088032,1.0017050727208079
GGGACCTCACCGATAT-1,1.5127876639936724,1.7753494604428233
GGGACCTCACCTCGTT-1,1.727656447944478,2.1214824541409434
GGGACCTCACGGATAG-1,-12.829583084526226,1.3093632086117686
GGGACCTCAGCTGTGC-1,-2.6732762216951094,0.9084757788975657
GGGACCTCATGGAATA-1,2.5099633575056353,-3.1392640248934804
GGGACCTCATTAGGCT-1,4.361148440894917,0.475969843467039
GGGACCTGTAAGGGCT-1,3.1365295291517534,-0.2953606621424733
GGGACCTGTAGCGATG-1,1.1755483985517778,-3.644479192892748
GGGACCTGTCCAGTAT-1,4.138605201301411,1.292294464906019
GGGACCTGTCTCATCC-1,-12.455191528740093,2.1472719534237803
GGGACCTGTGATAAGT-1,-11.724626457634136,-1.126919664541918
GGGACCTGTTGTTTGG-1,2.4825685859297075,-3.3000284806887685
GGGACCTTCCCTGACT-1,4.371141994056538,-0.7570034042994558
GGGACCTTCGAGAACG-1,2.182344520149068,-3.066612877051073
GGGACCTTCGATCCCT-1,1.9707566142652788,-0.6641713158289968
GGGACCTTCGCGCCAA-1,-3.4449481129075727,-0.5594783202807485
GGGACCTTCGTGGTCG-1,5.2073150516126905,-2.171485103766161
GGGACCTTCTATCCCG-1,4.642690742072896,-3.272202171484667
GGGAGATAGAGGGCTT-1,1.0739694476698198,-1.861906327406603
GGGAGATAGATCACGG-1,5.296083056983784,-1.6330473796526968
GGGAGATAGATGAGAG-1,5.948664271888569,0.5374142750103892
GGGAGATAGCAAATCA-1,-0.08667448753373241,2.3616231306393565
GGGAGATAGCTGATAA-1,-11.810843384208843,0.01518825431661025
GGGAGATAGGAGTACC-1,-10.691588318290874,1.4721688850720347
GGGAGATAGGATCGCA-1,-1.8534748315240583,-6.880961097876268
GGGAGATAGGCCATAG-1,-1.056575900259181,-1.4624765292803823
GGGAGATAGTTGTAGA-1,3.3943701625440874,-3.0669087545077383
GGGAGATCAAACGTGG-1,1.2738960624311724,-0.7243691460291921
GGGAGATCAAAGGTGC-1,3.521928393897847,-0.031218938628870097
GGGAGATCACACGCTG-1,1.6249447703932085,2.822756610711378
GGGAGATCAGCCTTTC-1,1.7628706336591997,1.2853779419262827
GGGAGATCATAGGATA-1,-2.8004192470933638,0.6134372576077403
GGGAGATCATCGGTTA-1,5.638364398536519,-1.5751029626528799
GGGAGATCATGTCTCC-1,6.023606860694722,1.0812959893544138
GGGAGATCATTCCTGC-1,5.457849586067036,-0.042889662186342326
GGGAGATGTAGAAGGA-1,2.8982554317091265,2.1256736143429698
GGGAGATGTAGCAAAT-1,4.753260219154194,-2.3569792882601797
GGGAGATGTAGGAGTC-1,1.27217706447585,-2.822312034765917
GGGAGATGTCACACGC-1,-12.506994163932964,0.89769133170442
GGGAGATGTCACTGGC-1,-11.073262131157085,2.8569534643490733
GGGAGATGTGCTCTTC-1,-2.8547664045716963,0.34524188180760756
GGGAGATGTGGTACAG-1,6.053100192603901,-0.7974481360117971
GGGAGATGTTAAGATG-1,2.835324370918111,-3.4490594045321523
GGGAGATGTTAAGTAG-1,-10.846575653495952,0.961166284879011
GGGAGATTCAAACCGT-1,-1.630898421945735,-7.140370048681932
GGGAGATTCACAAACC-1,-0.00653926128403759,1.543774448235792
GGGAGATTCCAAAGTC-1,4.482542598304585,0.9557267053921641
GGGAGATTCGCATGAT-1,-11.827747261467144,1.9569198711712779
GGGAGATTCTGGGCCA-1,1.8485165477369585,0.40485801537827865
GGGATGAAGGATGGAA-1,5.651213729438618,-2.106912292639452
GGGATGAAGTCCTCCT-1,-11.512082016410991,-1.4012090341250478
GGGATGACACACAGAG-1,3.873629176673726,-0.10386010269327745
GGGATGACACCAACCG-1,4.120556438026265,-0.11643033484621629
GGGATGACACCCATTC-1,4.554679954109028,0.4620553477604808
GGGATGACAGAAGCAC-1,-12.477595245781108,1.8009152038891734
GGGATGACAGACGCAA-1,1.2487355113600054,0.8418517335255564
GGGATGACAGATTGCT-1,4.410308444557026,1.1672150715191782
GGGATGACAGCGAACA-1,5.664998614845112,-0.835186459223467
GGGATGACATCCAACA-1,4.572851741370991,0.8161753638585032
GGGATGACATGTCGAT-1,4.148908221778706,-0.9624623433749258
GGGATGAGTATGAAAC-1,-11.564838325920269,1.9914772137005747
GGGATGAGTCAAACTC-1,2.5949343085859575,-2.7026442662875234
GGGATGAGTCCAAGTT-1,-2.9506225942994795,0.6845230086644114
GGGATGAGTGCTTCTC-1,0.7816027045820513,3.043590865929884
GGGATGAGTTAAAGTG-1,2.110771977958516,0.028989963134092245
GGGATGAGTTCAGACT-1,-12.025644218864604,-0.27958924333258256
GGGATGATCAAGGCTT-1,1.1559162974928179,-3.5844432489077627
GGGATGATCAGCAACT-1,4.054161632118062,0.4085430427391948
GGGATGATCAGTTAGC-1,4.955474937019185,-2.300745166937548
GGGATGATCCAGTATG-1,3.886654937324361,-1.3095326797167837
GGGATGATCGAGAACG-1,2.514549338874654,-3.6866151467959463
GGGATGATCTTTACGT-1,4.124198043403462,-1.3531879560153066
GGGCACTAGCATGGCA-1,3.4300857425306597,-3.0545288697878896
GGGCACTAGCGAAGGG-1,5.036713206825093,-0.8816442267100393
GGGCACTAGCTGCAAG-1,-9.617353355827495,2.5945080145199717
GGGCACTAGCTTTGGT-1,-3.7413879990007124,0.1086639136944832
GGGCACTAGTCTCAAC-1,-3.643345510902568,-0.1352397576968251
GGGCACTAGTTTGCGT-1,2.0330005527113237,-2.325899519125658
GGGCACTCAACACCTA-1,1.8928604961012163,-2.4312216416995107
GGGCACTCAAGAGTCG-1,2.2191143870924273,0.3854443653424205
GGGCACTCACAAGCCC-1,0.5727606654737749,0.1945944352944316
GGGCACTCACCGCTAG-1,5.598699653205708,-2.175705351034838
GGGCACTCATCCGTGG-1,4.0122514606092725,-3.400859750906664
GGGCACTCATGGTCAT-1,-11.88994303936021,2.005342684586805
GGGCACTGTAGGGTAC-1,-1.0664500057126722,2.7239566667874278
GGGCACTGTCATCCCT-1,-11.776646530571147,-0.4235829488436757
GGGCACTGTCTCTTAT-1,3.747513854560689,-2.849494136969286
GGGCACTGTGAAAGAG-1,4.308288180885151,-0.18707156936331376
GGGCACTGTTACGCGC-1,3.8874851108167925,0.9797766431172312
GGGCACTTCGAATGCT-1,-3.9501279949571333,0.46771379550294295
GGGCACTTCGACCAGC-1,2.712468230781392,0.14717805748180762
GGGCATCAGACAATAC-1,-10.204237854423686,0.4329289718468608
GGGCATCAGACTCGGA-1,-2.8519106268312178,1.2161278351147593
GGGCATCAGCAGGCTA-1,4.680342757758931,-1.7590355054537832
GGGCATCAGTCAAGGC-1,-10.965987122001811,2.5449682100613535
GGGCATCAGTCCGTAT-1,5.062876308021382,0.7660744412739695
GGGCATCCAAACCTAC-1,4.630384051856831,-3.4898685590426504
GGGCATCCACAAGCCC-1,2.535682046470479,1.8678335769970835
GGGCATCCACATGTGT-1,2.511452996787862,-0.4388725535075246
GGGCATCCAGGGATTG-1,-12.403843796196147,0.008395589788717184
GGGCATCCATACCATG-1,2.8506599307630816,-0.4801419154803334
GGGCATCCATCACAAC-1,-11.302871620598003,0.2424370272953929
GGGCATCCATGACATC-1,3.891802871284322,0.6150115950901927
GGGCATCCATGCCTAA-1,-0.042421257438822746,0.5545680149395884
GGGCATCGTAAGGGCT-1,-3.867736494484111,-0.25056973854704484
GGGCATCGTCATACTG-1,-0.3668556570436201,1.6315655334790171
GGGCATCGTCCAGTGC-1,4.646491611060933,0.0982215508290501
GGGCATCGTCGTTGTA-1,1.2491649032209673,1.407679043610853
GGGCATCGTGGTCCGT-1,1.5195387244795122,1.2365324123700083
GGGCATCGTGGTTTCA-1,-2.044928169193431,-6.910656608740526
GGGCATCGTTATCGGT-1,-1.4788370340491972,3.108227096398634
GGGCATCGTTATTCTC-1,5.5117655635450635,-1.4144159928957998
GGGCATCTCACATGCA-1,3.1481586337660112,-1.6534871236483633
GGGCATCTCACTTCAT-1,2.0631202102278032,0.43887978037194625
GGGCATCTCAGTGTTG-1,-0.7796286701585493,1.4354931934674204
GGGCATCTCCGAGCCA-1,0.6447593808744707,0.06767887984709159
GGGCATCTCGCATGGC-1,-1.3650514915014944,-0.9939567224185049
GGGCATCTCTTGTCAT-1,-0.46899256700532055,2.3585248812039317
GGGTCTGAGACCACGA-1,-3.8015789150621138,0.4877837820847453
GGGTCTGAGATGCCTT-1,1.8788114429090776,-3.2172063962618886
GGGTCTGAGCCAGTTT-1,2.169628703651265,0.9555016382534922
GGGTCTGAGCGTCAAG-1,-0.45762888187424755,2.810519061883253
GGGTCTGAGGGCATGT-1,0.35413655048354054,3.557793937524122
GGGTCTGAGTCATCCA-1,5.63012417560561,-0.017807707289892283
GGGTCTGAGTGAAGAG-1,-1.2753652318741522,-1.2325264588992177
GGGTCTGCACACCGAC-1,-11.931491768303081,2.5731974466641367
GGGTCTGCACATGTGT-1,-0.2759009956742964,-0.0768950210015355
GGGTCTGCAGTAAGCG-1,-3.9873863815690718,-0.20321659008665666
GGGTCTGGTACGACCC-1,1.766172015724019,-0.24508217732115373
GGGTCTGGTACTTAGC-1,5.448054874000386,-2.3259476796786367
GGGTCTGGTAGCAAAT-1,5.113871657905415,-2.4160095826785146
GGGTCTGGTATTAGCC-1,4.539617621955708,1.075034521420759
GGGTCTGGTCAACATC-1,4.151137912330464,-2.0520753041903554
GGGTCTGGTCAGAAGC-1,-0.6077206491853437,1.9982742889721812
GGGTCTGGTCAGGACA-1,1.2427631259535112,1.9658528192837657
GGGTCTGGTTAAGAAC-1,4.737075889167622,-2.742184318701464
GGGTCTGTCCGCATCT-1,2.9506350398634233,1.7377234323819102
GGGTCTGTCCTCAACC-1,1.955883348045186,-3.6659344808260976
GGGTCTGTCGCAAACT-1,-0.31589922899262524,-0.36650214354200944
GGGTCTGTCGCATGAT-1,-12.084724342765972,-0.03518698374434098
GGGTCTGTCTCTGCTG-1,-12.014134323539897,-0.10829143981142625
GGGTTGCAGATATGGT-1,5.337471091804341,-0.7696624175707876
GGGTTGCAGATGTAAC-1,4.550304019508198,-1.070440925757128
GGGTTGCAGCGTAGTG-1,2.010413968620137,1.551914416154188
GGGTTGCAGTACGCCC-1,0.8319183230970659,-0.10959713915987596
GGGTTGCAGTGATCGG-1,6.563070380744771,0.3017910047371806
GGGTTGCCAAGCGATG-1,-10.126537239494487,-0.21890366832419023
GGGTTGCCACCTATCC-1,1.7108946681593218,-2.5095063821475088
GGGTTGCCAGCCTTTC-1,4.547566020545796,-2.598848499457079
GGGTTGCCAGCTGGCT-1,2.981310927924947,2.8466220720608653
GGGTTGCCATGTCGAT-1,1.497844779548482,2.1750875337918223
GGGTTGCGTCAACATC-1,-3.691455757560893,0.765561602910322
GGGTTGCGTCCGTCAG-1,1.1116288543318071,-3.3102864400546133
GGGTTGCGTCCTCCAT-1,2.499960506019429,1.3649396522839488
GGGTTGCGTGATGTGG-1,2.9755969882581987,-0.6366829649607717
GGGTTGCGTGTAACGG-1,5.042420470771626,-2.5637325421969472
GGGTTGCGTGTGAATA-1,-11.520142471733257,1.5165234430630625
GGGTTGCTCGCCTGTT-1,2.3724192023847857,-3.169033683935839
GGGTTGCTCGGTGTCG-1,2.471700513419942,-0.35767168561621293
GGGTTGCTCGTCCGTT-1,4.978878104743794,-1.1645894424120962
GGGTTGCTCGTTTATC-1,2.981508815345601,1.3472724779446543
GGGTTGCTCTTAACCT-1,5.557924830970601,-1.4803406373660146
GGTATTGAGACATAAC-1,5.430716121253804,-2.204323686758715
GGTATTGAGACCTTTG-1,-10.69212523693101,-0.10056700567408189
GGTATTGAGAGACGAA-1,-3.1425935387040815,0.6695148571331919
GGTATTGAGCGTTGCC-1,5.119614207801655,-2.029320158163744
GGTATTGAGCTACCTA-1,-10.32359496349351,-0.8769701496760427
GGTATTGAGGATGCGT-1,3.2029963374708452,-3.2738935128848135
GGTATTGAGGTAGCCA-1,2.23225744968398,1.1619227751095713
GGTATTGAGTAATCCC-1,-0.7783945559884748,1.4072986467678965
GGTATTGAGTCCGTAT-1,4.349233710822896,0.6366301997502268
GGTATTGCAACGATGG-1,4.510747993049458,-1.0005377904574453
GGTATTGCACCGAAAG-1,2.122401320991353,-0.4910074845950185
GGTATTGCATAGACTC-1,-11.848246490898296,-0.026432044903474894
GGTATTGCATGCCTAA-1,1.749140584525899,0.8127845748265208
GGTATTGCATGCCTTC-1,-1.01622328752534,-1.3011510745684682
GGTATTGGTAGGACAC-1,-0.8420282065297804,0.6263746245701731
GGTATTGGTCATCCCT-1,-0.030826365890666008,-0.0509177819888173
GGTATTGGTGACGGTA-1,4.661884391364888,-1.3972763196627676
GGTATTGGTGTTTGTG-1,-0.09020868534104443,0.680012605984968
GGTATTGTCACTTACT-1,3.98164709812148,-2.2532238141696035
GGTATTGTCCCAAGTA-1,3.0321789622877398,-2.1673807279269277
GGTATTGTCGCGTTTC-1,4.826480948982075,-2.4114686624209463
GGTATTGTCTCGTTTA-1,3.156331622657613,-3.4208542482058584
GGTGAAGAGACAATAC-1,-12.681846535148784,1.0600558741887034
GGTGAAGAGAGTAAGG-1,5.056799495277241,-1.9831229821841299
GGTGAAGAGCCACGCT-1,4.4331427455518995,-2.5407106057803213
GGTGAAGAGCGCCTTG-1,-0.47753331655518627,-7.138909496466356
GGTGAAGAGTCTCCTC-1,1.6711874843214312,0.7771360500653208
GGTGAAGCAAAGCAAT-1,2.216386401710347,-3.2100552694003164
GGTGAAGCAACGATCT-1,4.295798862037495,1.6203641517956675
GGTGAAGCAAGCCGTC-1,2.061086261329488,0.6791143639882029
GGTGAAGCAAGGTTCT-1,3.8770156741712847,-2.383222974936205
GGTGAAGCACCCAGTG-1,-10.406115448417827,2.7177704199154795
GGTGAAGCACTGCCAG-1,-12.13036051982896,-0.13208981613321885
GGTGAAGCAGATTGCT-1,-10.149619018974468,3.3190160616238535
GGTGAAGCAGCTATTG-1,-12.06457797283189,-0.11330752829714402
GGTGAAGCAGGTGCCT-1,-11.98988429302232,1.154002629121107
GGTGAAGCATCACGAT-1,0.5072337031935015,3.460619054635328
GGTGAAGCATGCTAGT-1,3.5309081912611284,1.449222527344984
GGTGAAGCATGGTAGG-1,4.840283477363423,-1.7372575179736196
GGTGAAGGTAGCTAAA-1,2.677773797569112,-3.556811727682787
GGTGAAGGTCTTGCGG-1,-11.126062309684917,1.9479833467801035
GGTGAAGGTGACCAAG-1,2.282468402442769,0.4403481705983104
GGTGAAGGTGGGTATG-1,-12.756370460930034,-0.21565444032354936
GGTGAAGTCCAAACTG-1,1.8070071578596392,2.102846942742628
GGTGAAGTCCATGAAC-1,1.201315009651021,2.932387195428175
GGTGAAGTCGCGGATC-1,3.6626296878431597,-2.9471935407321035
GGTGAAGTCGGCATCG-1,-1.305302339688628,3.260590158303541
GGTGAAGTCGTAGGAG-1,1.3674655795667925,-3.4005762712161123
GGTGAAGTCTCGAGTA-1,3.335683429298238,1.4077763183911265
GGTGAAGTCTGTCTAT-1,5.634039008674458,-0.8931164518992483
GGTGAAGTCTTGTATC-1,3.6341005206678667,-1.7299415246645986
GGTGCGTAGACCGGAT-1,0.3138255715940752,0.337085880239767
GGTGCGTAGAGGGATA-1,4.313018405494526,-2.465068496863085
GGTGCGTAGCCCAGCT-1,2.9473553538893023,0.05049711083368674
GGTGCGTAGCTAGTCT-1,3.481173121986226,-3.2278749124209463
GGTGCGTAGGAGCGAG-1,6.415147388038472,-0.6240882651011526
GGTGCGTAGGCCATAG-1,-11.476556694450542,-1.6092975513140737
GGTGCGTAGGGTTCCC-1,2.443359696922139,1.3697960003216685
GGTGCGTCAATGGATA-1,5.739538753089741,-1.6284551994006216
GGTGCGTCACGCTTTC-1,0.411672675666646,2.0409887655575694
GGTGCGTCATCACGAT-1,4.600815379676655,-0.9346946851412832
GGTGCGTCATCTATGG-1,-1.1490313767816267,-1.113434590498644
GGTGCGTCATGGTTGT-1,0.9452179313276567,0.02765785892800704
GGTGCGTGTACGCACC-1,3.3708883166883745,1.854698143800062
GGTGCGTGTCGATTGT-1,2.9561172366712847,-1.4694133178393423
GGTGCGTGTCGGCATC-1,4.829269015846089,-1.898843206564623
GGTGCGTGTTGTACAC-1,0.5100594401930132,3.6225033624966563
GGTGCGTTCAAACAAG-1,-9.409233963432476,2.7763083799679698
GGTGCGTTCACGCATA-1,4.795669639167622,0.2810586913426341
GGTGCGTTCAGTTCGA-1,3.519672477302388,-3.6658801213900625
GGTGCGTTCCACGTTC-1,0.04088505512221241,1.9893728121121348
GGTGCGTTCCGAGCCA-1,-11.515338814201519,2.4623685701687754
GGTGCGTTCCTTAATC-1,4.908809745368794,-1.9295887128512441
GGTGCGTTCGTACGGC-1,-3.612718260231181,0.5995980425675334
GGTGTTAAGCGATAGC-1,-10.9564475178148,2.755453668435377
GGTGTTAAGCTAGCCC-1,1.838291966972188,0.358112417062086
GGTGTTAAGGCGATAC-1,4.445071780738667,-2.9442917482058584
GGTGTTAAGGGTATCG-1,2.5362378001783648,-2.386359371344286
GGTGTTAAGTCCGTAT-1,4.1320234180067335,0.8958468063672007
GGTGTTAAGTGCGTGA-1,1.733360850868062,0.4603774174054088
GGTGTTACAACGATGG-1,0.2616874814604082,1.7150513752301157
GGTGTTACAGCTGTTA-1,-0.5702678322221479,1.3932432754834116
GGTGTTAGTAAGTAGT-1,4.763849818763569,-2.3044318334261953
GGTGTTAGTAGCTGCC-1,4.424868190345601,1.9114238842328013
GGTGTTAGTAGGACAC-1,2.8828516841505327,-0.354621239105898
GGTGTTAGTCTGCGGT-1,1.0719545722578325,2.4896255358059824
GGTGTTAGTTCCACGG-1,4.165687644538716,0.01109136631087676
GGTGTTAGTTCGGCAC-1,4.017330730018452,-1.0920070783297597
GGTGTTAGTTGAGTTC-1,5.66961678272231,-0.6965612546603261
GGTGTTAGTTTGTTGG-1,-11.77026644939439,0.273120500047964
GGTGTTATCACCCTCA-1,2.8078418613050737,2.222168289025587
GGTGTTATCACGGTTA-1,-4.021531021537944,0.510070584615034
GGTGTTATCATTATCC-1,2.9115606189344683,-0.9395280257861196
GGTGTTATCCCGGATG-1,-3.310040390434428,-0.6116966382662832
GGTGTTATCCGTCATC-1,5.0909210086439405,-2.7504817620913564
GGTGTTATCGCCATAA-1,-11.801702415886089,2.68231686194734
GGTGTTATCGTAGATC-1,5.672123038825825,-1.646174110571581
GGTGTTATCTGCAGTA-1,-11.112461960258647,1.0344359501202525
GGTGTTATCTTGCAAG-1,1.7379232287977495,3.2326629980404795
GTAACGTAGACAGACC-1,2.858381831703023,0.5788167341549815
GTAACGTAGCTAGCCC-1,1.4510720611189165,-0.580067195097643
GTAACGTAGCTATGCT-1,3.7770486713026323,-2.6794091836611806
GTAACGTCACTTCTGC-1,0.9606693626020708,0.31012921770409957
GTAACGTCATGCAATC-1,0.8189452529524126,2.559756360848707
GTAACGTCATGCGCAC-1,-2.1684242247964582,2.598541580041212
GTAACGTGTAGATTAG-1,2.8877082706068316,0.8743857367833079
GTAACGTGTCAAGCGA-1,4.364599311408833,-3.224996723334032
GTAACGTGTCCGAAGA-1,4.458708846626118,-1.9288641587893545
GTAACGTGTGCACGAA-1,-0.2616640686418257,0.8965320809681834
GTAACGTGTTGTTTGG-1,4.057686889228657,0.2588884605963649
GTAACGTTCAGCTGGC-1,0.34160276657088184,3.303007446130079
GTAACGTTCCACGTTC-1,5.370430076179341,-2.4478065148989736
GTAACGTTCCCTAACC-1,0.03352102046950245,0.47639169534043685
GTAACGTTCCTAGGGC-1,4.370149219093159,-2.17890254418059
GTAACGTTCTAACCGA-1,2.776059711036519,1.025165341695112
GTAACGTTCTGTACGA-1,-1.3385274096752844,-6.650204338232713
GTAACTGAGAATAGGG-1,1.7379682899091997,-0.7184979693095266
GTAACTGAGAGGACGG-1,4.164944732246235,-1.8422841207186758
GTAACTGAGATATACG-1,1.5206666827772417,-3.2106022016207754
GTAACTGAGATGAGAG-1,4.768526160774067,-0.22408146421118363
GTAACTGAGCGATAGC-1,-0.0989857077027998,-6.919788993994432
GTAACTGAGCGGATCA-1,-9.92467490428941,0.5956039949257792
GTAACTGAGCTGCAAG-1,0.6362764478300371,3.3327177389462412
GTAACTGAGGACAGCT-1,3.5429483295057573,-3.4547576085726797
GTAACTGAGGACGAAA-1,2.2446728587721148,-1.1527463571230947
GTAACTGAGGGCACTA-1,2.6760798335645952,-1.7906650678317129
GTAACTGAGTAGGTGC-1,3.826565825996236,-1.7390468494097768
GTAACTGAGTCCCACG-1,2.748061263618306,-3.6135915891329824
GTAACTGAGTTCCACA-1,-3.416339552345439,0.30744347711400405
GTAACTGCACGACTCG-1,-1.5615406393434248,3.3840535505612315
GTAACTGCACGTCAGC-1,-9.736201202812358,2.9312737806637705
GTAACTGCACTAGTAC-1,-10.134523308220073,3.2023993357022227
GTAACTGCAGACAAAT-1,-1.4715352266456327,-6.786147751013475
GTAACTGCAGCGTCCA-1,0.06437190776808643,1.6262683494885386
GTAACTGCAGGACGTA-1,-0.9059735297586164,1.6870495899517954
GTAACTGCAGGCTCAC-1,3.3834162593458452,-1.7004580871264516
GTAACTGCATATACCG-1,-11.828959381523296,0.8170536979039134
GTAACTGCATCCGGGT-1,5.565804565009907,-0.9781977311770498
GTAACTGCATGCCTTC-1,-11.69635001415269,2.8114355429013194
GTAACTGGTACTCGCG-1,1.8966489673231401,1.2524853571255625
GTAACTGGTAGTACCT-1,-2.2783179044152937,-6.654917873541551
GTAACTGGTCGCTTTC-1,-10.995298302116558,0.8639734013874949
GTAACTGGTCTCTCGT-1,-0.2562331318284712,1.698221288522047
GTAACTGGTGTGCGTC-1,2.5342181563947954,-0.7674802319209157
GTAACTGGTTTGACAC-1,3.398012244758443,1.8810734375317515
GTAACTGTCAAACCGT-1,-3.448141491356059,0.10063023028736279
GTAACTGTCAAACGGG-1,-0.7537032722856245,0.796661160786909
GTAACTGTCAGCTCTC-1,0.3378644824598589,3.0439518316586436
GTAACTGTCATAGCAC-1,4.760794723090962,-2.6235686914126455
GTAACTGTCATGCTCC-1,1.8287452102278032,1.8153146131833018
GTAACTGTCCGTACAA-1,0.23846789604170704,1.7927471025784434
GTAACTGTCCTACAGA-1,5.544292056617573,-0.24829203645392045
GTAACTGTCGCTGATA-1,6.40629776721938,0.5845311506588877
GTAACTGTCTGCCAGG-1,3.1578923106764116,-1.7294370309512197
GTACGTAAGAAGGCCT-1,5.017595851478413,-1.6524012462298452
GTACGTAAGAGCCTAG-1,3.104585731086568,-0.377070494095522
GTACGTAAGCTAAACA-1,5.758423411903218,-1.3898290769259511
GTACGTAAGCTAACAA-1,5.110313022193745,-2.9169570581118642
GTACGTACAACGCACC-1,-12.778992569389507,0.7294868453343333
GTACGTACAAGACACG-1,3.0075550914381304,-2.307109274069506
GTACGTACATAAAGGT-1,1.9497390628431597,0.48359724124268905
GTACGTAGTAGATTAG-1,-12.43695346111314,-0.4995550290743886
GTACGTAGTCAATACC-1,-0.417052066269084,3.644608817895216
GTACGTATCAGTTGAC-1,-3.2445053219224653,0.5475641115506114
GTACGTATCCGTAGTA-1,-12.75340739482896,1.1651215179760874
GTACGTATCCTAGGGC-1,-11.69680110210435,1.3836725576718272
GTACGTATCCTGTAGA-1,4.672467792091206,-0.2364319936434804
GTACGTATCCTTTCTC-1,-12.538788711967632,1.8505733831723155
GTACGTATCTTGCCGT-1,2.7746072650526323,-3.253036894003588
GTACTCCAGACGACGT-1,1.116403424796895,3.002366863091749
GTACTCCAGCCATCGC-1,2.6838415504072466,-0.6234341041247426
GTACTCCAGGAATCGC-1,-10.945192253532573,-1.0512671844164907
GTACTCCAGGATATAC-1,5.583471858558491,-1.4440485612551748
GTACTCCAGTACGACG-1,2.275474631843404,-2.7840448991458
GTACTCCAGTATTGGA-1,3.360447967109517,2.4729812963803233
GTACTCCAGTGGTAAT-1,4.580721938667134,0.6340734585125865
GTACTCCAGTTAGCGG-1,-12.322844421806499,2.3426743372281016
GTACTCCAGTTGAGTA-1,4.432839477119282,-3.3848134652773916
GTACTCCCAATGAATG-1,-10.777644073906108,1.8702095373471201
GTACTCCCACCGAATT-1,1.5535555720899858,-3.360931076208788
GTACTCCCAGATAATG-1,3.5885024905775347,-1.3240417615572988
GTACTCCCAGATCGGA-1,0.4392028689955034,3.072191320260328
GTACTCCCATGATCCA-1,2.1434756160352983,-0.6443146840731679
GTACTCCGTAAGTGTA-1,6.389314734992817,-1.016310967604357
GTACTCCGTACTCGCG-1,-1.7494255363370619,-0.9318164960543691
GTACTCCGTGACTCAT-1,3.243363940772847,1.6914642675717295
GTACTCCGTGTGACCC-1,2.461589896735982,2.5930097921688975
GTACTCCGTTAAAGTG-1,4.216364467201069,1.6454150303204478
GTACTCCGTTCAGTAC-1,3.09879740482314,2.290595613320631
GTACTCCGTTCCGTCT-1,5.099709117469624,0.5631996019680918
GTACTCCGTTCGCTAA-1,-11.460397636833354,1.3562639578183115
GTACTCCTCACGATGT-1,5.074745738563374,-2.156155504385668
GTACTCCTCAGCTCTC-1,0.8631606937025347,-2.0889004842440664
GTACTCCTCCCTAATT-1,-11.6028679966356,1.49476905902223
GTACTCCTCCCTCAGT-1,2.700925433692769,1.7216808422406138
GTACTCCTCGGCGCTA-1,4.3391815066908155,1.4713792427380503
GTACTCCTCTAACGGT-1,2.7435150981519976,2.7904356344540537
GTACTTTAGCCACGTC-1,3.5224152446363726,-0.9198832885424673
GTACTTTAGCGATATA-1,-0.37506208414094067,-0.4009432570139943
GTACTTTAGCTTCGCG-1,-0.4707854151155195,-7.065101780096727
GTACTTTAGGAATCGC-1,1.506619775352315,-1.3181809560458242
GTACTTTAGGCAGTCA-1,-10.49118987316148,2.3915425165493907
GTACTTTAGGGCACTA-1,1.9061716437910357,-0.794658579031664
GTACTTTAGTAGCCGA-1,-2.1322645306016645,2.3484066351254405
GTACTTTCAAGAGTCG-1,1.7639995456312456,1.4626065119107188
GTACTTTCAAGCTGAG-1,3.6780639529798784,0.22129775573806182
GTACTTTCAATCTGCA-1,6.612581813392476,0.5291405244667948
GTACTTTCACGTTGGC-1,-11.643254196586772,-1.5175592080752431
GTACTTTCAGACGCCT-1,1.0794571281050005,2.5617829187710703
GTACTTTCAGCTGTGC-1,-11.686033165397808,0.22383709987000838
GTACTTTCAGGAATCG-1,3.2846103549574175,-1.1635346786181509
GTACTTTCAGGATCGA-1,-1.790992176475688,3.5420590265591563
GTACTTTGTCTAACGT-1,-11.614368355217144,1.6819334848721446
GTACTTTTCAACACAC-1,-3.693911468925639,0.22238754471139327
GTACTTTTCACATACG-1,4.7055168986891065,-0.8157992140452444
GTACTTTTCCCTCAGT-1,-1.3306278980697832,-1.0438377038638174
GTACTTTTCCGCAAGC-1,4.794276797828511,1.4941153152783335
GTACTTTTCCTCAACC-1,-11.78378955120103,2.0555758102734507
GTACTTTTCCTTTACA-1,1.6911052108381548,-3.5906423703829824
GTACTTTTCTGCGACG-1,-1.73702264422433,3.3775516374905528
GTAGGCCAGAGCAATT-1,2.603128516731099,-1.1665714160601675
GTAGGCCAGAGGACGG-1,-11.778042709770366,1.1299867256482066
GTAGGCCAGCCAGTTT-1,-0.03610352272049999,-6.7756802217166
GTAGGCCAGCGATGAC-1,-11.612217819633647,1.0532156451542796
GTAGGCCAGCTTATCG-1,0.9956692100141802,-0.31561864177389726
GTAGGCCAGGGCTCTC-1,1.8391633868788042,0.1188286225248994
GTAGGCCAGTCCGGTC-1,0.4626954436872759,2.6532462461789073
GTAGGCCCAAGTTAAG-1,2.4920972228620806,2.692002616723341
GTAGGCCCAATAAGCA-1,-3.8029321789170942,0.1648613586028041
GTAGGCCCAATTGCTG-1,1.3943968654249468,1.6020305975277842
GTAGGCCCACAACGTT-1,-1.3385271265532217,-1.165104307333666
GTAGGCCCAGACAGGT-1,-12.558222687187358,-0.42302892367048844
GTAGGCCGTAAAGTCA-1,0.012729013023213387,0.5733606143792094
GTAGGCCGTAGCGTGA-1,-0.08054224246995068,0.6371780856450022
GTAGGCCGTATAGGGC-1,-1.9930236696626387,3.565664850076002
GTAGGCCGTCACCCAG-1,1.9662249923322954,-0.07591112713022813
GTAGGCCGTTAAAGTG-1,-0.0934089779283247,1.1196484192212046
GTAGGCCGTTCAGGCC-1,4.199264609870747,0.5362778528531016
GTAGGCCTCAACGGCC-1,6.315302455482319,-0.950191296736437
GTAGGCCTCACATACG-1,3.673361384925679,1.804082475503248
GTAGGCCTCCAAGTAC-1,-0.20777109855668163,1.9117014034588755
GTAGGCCTCCTAAGTG-1,3.1050759196852007,0.7833927496273936
GTAGGCCTCGGAAATA-1,0.9948047042463579,2.517068944772047
GTAGGCCTCTGGGCCA-1,-0.6596637129213057,1.4682074411709727
GTAGGCCTCTGTTTGT-1,2.146526658592061,1.3050506933529795
GTAGTCAAGAAACGCC-1,2.7618089557264605,0.7947213276226939
GTAGTCAAGCAATCTC-1,2.5723365188215532,1.3702693804104746
GTAGTCAAGCATGGCA-1,5.67988642459853,-1.3019724265734731
GTAGTCAAGCTATGCT-1,-3.0442219137574873,1.1918298824627818
GTAGTCAAGGACACCA-1,1.2903545737837114,-3.267568267981249
GTAGTCAAGTGGTCCC-1,3.6899724841688433,0.7220883591969431
GTAGTCACAAGGTTCT-1,-3.533907329979106,0.726573429902357
GTAGTCACACCAGCAC-1,1.8381870627973833,0.12065757242338077
GTAGTCACACCTCGTT-1,-0.15340915912644482,3.075339399178785
GTAGTCACAGCTGTGC-1,5.255830848274067,-0.0829871670405446
GTAGTCACAGGAACGT-1,2.647989356574849,-1.7040424720446645
GTAGTCACATCACAAC-1,0.7484942317579546,0.4440374000866832
GTAGTCACATGCCCGA-1,3.1091619372938433,-2.225200809637743
GTAGTCACATGGGACA-1,2.1758952975843706,2.4415064676602305
GTAGTCAGTAGGGTAC-1,4.752688014564351,0.580095134576124
GTAGTCAGTGTGAATA-1,-12.833736336174175,0.3142594917614879
GTAGTCAGTTATGCGT-1,3.567317092475728,1.5781178100903452
GTAGTCAGTTCGCGAC-1,0.31771811252577686,1.7192555292447032
GTAGTCAGTTCGTCTC-1,4.498194778022603,-2.876421846548754
GTAGTCAGTTGGTAAA-1,3.966240012702779,1.2961551769574107
GTAGTCAGTTGTACAC-1,1.4648877025221148,-2.7439960614840566
GTAGTCATCACTCTTA-1,-0.11097816223160839,-0.749328829447466
GTAGTCATCCGAGCCA-1,-11.707086479606792,-0.3558667973677693
GTAGTCATCGGAGCAA-1,4.893221461829976,-2.006274618307787
GTAGTCATCTAACCGA-1,1.459683978614644,0.3284937663872661
GTAGTCATCTACGAGT-1,-1.3416519633855066,-1.034432567755419
GTAGTCATCTCTGTCG-1,4.234996402320698,0.13636436303452865
GTAGTCATCTTATCTG-1,-10.911640083732769,0.006194226344388876
GTATCTTAGACAGACC-1,3.9448018909071245,-0.7349781767527639
GTATCTTAGAGCTATA-1,3.901686751899556,0.20382443060473815
GTATCTTAGGTCATCT-1,-1.0219366907502851,3.111185155709547
GTATCTTAGTAATCCC-1,0.17448517089827442,1.302331052621168
GTATCTTAGTAGATGT-1,3.2705179095838823,1.4029701574643076
GTATCTTAGTGCAAGC-1,3.6951094508741655,-1.1851822511355459
GTATCTTAGTGTGAAT-1,0.11456521755202198,2.934629760583204
GTATCTTCAAATTGCC-1,4.117251956519917,-0.4142828361193715
GTATCTTCAAGACACG-1,-11.009647285881206,2.508771024544996
GTATCTTCAAGGCTCC-1,1.1775163055036821,-3.1889838353793203
GTATCTTCACGAAACG-1,3.9383397937391558,-1.823677100340563
GTATCTTCAGACAGGT-1,-10.321144020500347,3.1524351461728037
GTATCTTCAGCTGGCT-1,2.123098456916646,0.272223882277769
GTATCTTCATTACCTT-1,-10.452401077690288,-0.25166661302252397
GTATCTTGTAAGGATT-1,-12.547470962944194,-0.39740113178892716
GTATCTTGTAGAGGAA-1,-0.9517641126538954,-6.702403225104051
GTATCTTGTATTAGCC-1,5.240264499244526,-0.7145342604319631
GTATCTTGTCGGCTCA-1,5.748074138221577,-1.3928398267428457
GTATCTTGTGGACGAT-1,-0.21640709632889843,2.2659319265683115
GTATCTTGTTATGTGC-1,5.602870070991353,-2.0119148866335927
GTATCTTTCATCGATG-1,1.3697605968092241,1.297782860596937
GTATCTTTCCATGCTC-1,-12.702741539421245,1.6234247310955943
GTATCTTTCCTCCTAG-1,1.8569377303694048,-2.96487871567412
GTATCTTTCCTTAATC-1,0.7909575343702593,-2.7633465902010976
GTATCTTTCCTTGGTC-1,4.6345001102064405,-0.36255759755774125
GTATCTTTCGTAGATC-1,-2.5535098671342573,-0.6445756332079946
GTATCTTTCGTCACGG-1,-0.1365986227418623,2.4638832434018076
GTATCTTTCTAACGGT-1,-10.744592583122417,0.41380115588502303
GTATCTTTCTTAACCT-1,4.6075788379286085,1.4275543316204966
GTATCTTTCTTCGGTC-1,1.2129267097090044,-3.960458435217577
GTATTCTAGAGCTTCT-1,2.3171473384474077,0.24266805489854232
GTATTCTAGAGTAAGG-1,4.874674403724507,-1.5200146810214101
GTATTCTAGCAACGGT-1,2.9531255603407183,-1.8706803695361196
GTATTCTAGCCAGGAT-1,4.743530833778218,0.7628697379429759
GTATTCTAGCTAAGAT-1,2.0595286727522173,-0.6897201911608755
GTATTCTAGCTGCGAA-1,1.2303171992872515,1.1965787037213267
GTATTCTCAAGCGTAG-1,-11.667385971489116,-1.4951608554522573
GTATTCTCACCGAAAG-1,-0.13835028404252148,1.2745256050427378
GTATTCTCAGGTGGAT-1,1.4782794356916704,0.7993144615490855
GTATTCTCATACTCTT-1,0.595204079208211,-2.1827022210757314
GTATTCTCATCTCCCA-1,2.4249001384352007,-2.280670084158617
GTATTCTGTACGACCC-1,3.7496701121900835,1.826598368485731
GTATTCTGTCTTCGTC-1,-0.8577705382730207,1.3707366808255137
GTATTCTGTGACAAAT-1,5.564980590400532,-0.6613865272204458
GTATTCTGTGCATCTA-1,1.8559530616377153,0.27271088202790633
GTATTCTGTGGGTATG-1,6.68746813541396,0.3073069824774684
GTATTCTTCAGAAATG-1,4.593415343818501,0.18468651910619155
GTATTCTTCATCTGTT-1,-1.4741572498704634,3.8772619589169444
GTATTCTTCATGCAAC-1,4.944944942054585,-2.4122904912631093
GTATTCTTCCAAAGTC-1,0.8891299605940142,1.972394905885023
GTATTCTTCCCAACGG-1,5.375731551704243,-1.0693017617861806
GTATTCTTCGGCTACG-1,0.4268808007810869,2.8724778517086924
GTCAAGTAGACACTAA-1,-11.46137515300767,1.368265472253126
GTCAAGTAGACTCGGA-1,4.598960959968403,-2.8582839147250234
GTCAAGTAGAGCTGCA-1,3.6821838260267534,-3.2308475152651845
GTCAAGTAGGGAGTAA-1,1.3288341403578081,3.0971830709774912
GTCAAGTAGGGTATCG-1,1.9841924548719683,-1.565429128805834
GTCAAGTAGTTAGGTA-1,-12.630319511833354,1.6805793865521372
GTCAAGTCAAGCCTAT-1,0.142995917854146,1.7950160129864634
GTCAAGTCATCATCCC-1,-11.246745026054546,0.994521461327833
GTCAAGTCATCGACGC-1,-0.44488219017045116,3.4319823606808604
GTCAAGTGTAGCGCAA-1,-10.817816650810405,1.8623516186078013
GTCAAGTGTAGTGAAT-1,3.0983124614332476,-3.473160661856371
GTCAAGTGTTCAGGCC-1,4.190277659950093,-2.5158533231417715
GTCAAGTTCACCTTAT-1,3.5164528728102007,-1.3943366185824453
GTCAAGTTCACTTCAT-1,-10.737045204582378,-0.9168140069644033
GTCAAGTTCAGAGCTT-1,3.8478265643690386,0.534146033128065
GTCAAGTTCCCTGACT-1,-3.398750221672221,-0.5021717921893178
GTCAAGTTCCGCATAA-1,5.142856204566792,-2.0925068036715566
GTCAAGTTCGCGTAGC-1,3.2037206531141558,-1.7735536472003042
GTCAAGTTCTGAGGGA-1,-1.872463738861247,3.678281389077467
GTCAAGTTCTGTCCGT-1,0.1405615449522295,0.8556919916470469
GTCAAGTTCTTAACCT-1,0.5588028073881426,-0.45804003636046037
GTCACAAAGAATCTCC-1,-3.2827830671693525,0.6019341572125376
GTCACAAAGGCTATCT-1,2.7616325259779253,-3.3545917646090566
GTCACAAAGGGCATGT-1,4.486416900214985,-1.452358044783312
GTCACAAAGGGCTCTC-1,3.396110618171529,0.14921466623739615
GTCACAAAGGGTATCG-1,3.6889897227857866,-2.5589532033602773
GTCACAAAGTAGGCCA-1,1.8399265647505083,-0.9129220620791494
GTCACAAAGTTCGCGC-1,5.01836880451186,0.08934199613825694
GTCACAAAGTTTAGGA-1,5.043721759376362,-1.6810176746050893
GTCACAACAAGGGTCA-1,1.5603507400129595,-1.7949276343981801
GTCACAACACCCTATC-1,1.9802084804151812,2.4593122824032725
GTCACAACACGCGAAA-1,1.733614289817647,-3.3505183831851064
GTCACAACAGATCCAT-1,5.2584625125501905,0.3108719958861293
GTCACAACAGGATCGA-1,4.551726901588276,-2.247875131766039
GTCACAACAGTGAGTG-1,1.857851350364522,-2.1817583219210683
GTCACAACATCGGTTA-1,-3.2755209564592085,-0.17686945954962358
GTCACAAGTAGCGTAG-1,0.23109158283217335,-1.1233122722308218
GTCACAAGTCAAAGAT-1,4.5555840373609815,-1.3442973272006093
GTCACAAGTCAGAAGC-1,-0.9935261666204176,3.558413348992628
GTCACAAGTCCATCCT-1,4.381315314826802,0.7239727004368723
GTCACAAGTCCGTTAA-1,0.4540199876402178,1.216018043359083
GTCACAAGTTACTGAC-1,-0.9252425789262495,0.23327556987599746
GTCACAAGTTCAGACT-1,2.9108291507337847,0.21637266864375487
GTCACAATCACCATAG-1,3.96455725437148,-0.4283068553607045
GTCACAATCATGGTCA-1,4.251857364234761,-0.22410074631376847
GTCACAATCCACGTTC-1,-12.48398486370103,2.1282101496060313
GTCACAATCCCTCAGT-1,3.6362830043409624,-2.564969219366747
GTCACAATCCGATATG-1,-1.8498856186296186,3.3930426462490977
GTCACAATCTCCTATA-1,4.051930987891987,1.5494656189282359
GTCACAATCTGTCAAG-1,1.079087340888814,-0.3261349276701985
GTCACAATCTTTAGTC-1,-11.475577270927593,-1.5262195245425283
GTCACGGAGAAGGACA-1,5.6146589160536085,-0.0040255338947354224
GTCACGGAGACAGAGA-1,1.8333719611738482,2.0756407602627696
GTCACGGAGAGCTATA-1,1.909189069328145,2.183016382058424
GTCACGGAGCGATAGC-1,2.4439192653272905,-1.1357775108019887
GTCACGGCAAACAACA-1,-0.47188667053238964,1.7791397198040904
GTCACGGCAATGAAAC-1,-10.794349586906597,2.460451684792799
GTCACGGCACCTCGGA-1,-11.164795792045757,1.77571126063661
GTCACGGCACCTGGTG-1,-10.628109848442241,-0.06119859973593339
GTCACGGCACGTCAGC-1,3.874976718482808,0.9692013486226023
GTCACGGCAGCATGAG-1,0.32289108043654347,2.912354074319166
GTCACGGCAGTATAAG-1,4.340648257789448,-0.8293558136622488
GTCACGGCATGCGCAC-1,-0.8219536601926527,-1.3740595952670156
GTCACGGCATGTAGTC-1,0.8867834449384966,-1.3754858152072011
GTCACGGCATTTGCCC-1,2.1670688033674517,-2.853940405050951
GTCACGGGTATATGGA-1,2.6333626151655474,2.0034762247403086
GTCACGGGTATCGCAT-1,6.756203734931782,0.17110666622714416
GTCACGGGTCACCTAA-1,-0.34908292287842846,0.8755836709340037
GTCACGGGTCCAGTGC-1,4.182709300575093,-2.3504501954714834
GTCACGGGTCGCCATG-1,1.2327485919569292,0.5509903057415904
GTCACGGGTCTCATCC-1,6.118582809028462,-0.8993465081851064
GTCACGGGTGCGATAG-1,-0.8201172410871229,2.2267053945858897
GTCACGGGTGGACGAT-1,2.3563497901533403,1.0714233144123972
GTCACGGTCAAAGTAG-1,0.5326611638639727,-0.12788731614752397
GTCACGGTCACCATAG-1,4.48811396366103,-2.7632829324404775
GTCACGGTCCAGGGCT-1,-12.86047641033189,-0.08715551356478318
GTCACGGTCCGGGTGT-1,-0.42696235174195385,3.2036336286862315
GTCACGGTCCTGTAGA-1,-0.18157843345658398,0.3146789296467723
GTCACGGTCGACAGCC-1,-11.833842194023296,0.9934656246502818
GTCACGGTCGATCCCT-1,2.015461051521138,2.1267691477139414
GTCACGGTCGCATGGC-1,-11.333742058220073,0.8831306918461741
GTCACGGTCTCAACTT-1,3.1239281535719194,1.5935481413205088
GTCACGGTCTCACATT-1,0.6289877534483233,0.08620312241212741
GTCACGGTCTCTTATG-1,1.5310593486402788,-0.6615288631121694
GTCACGGTCTGTACGA-1,-0.8615690528775892,0.5474121793110789
GTCACGGTCTTGTACT-1,4.736366355476216,0.8953219874699534
GTCATTTAGACGCTTT-1,3.615561091956929,0.9639284833271922
GTCATTTAGATGTAAC-1,3.292301738319234,-1.2373584882418691
GTCATTTAGCTACCGC-1,6.535349452552632,0.7212523444493235
GTCATTTAGCTAGTCT-1,3.0317412257765093,-1.7558604852358877
GTCATTTAGTAACCCT-1,-0.5888832568551741,1.8106382711728037
GTCATTTAGTGGAGAA-1,-10.796976959648296,1.6271375044186533
GTCATTTAGTTGAGAT-1,-10.189000046196147,0.23019140203790084
GTCATTTAGTTGCAGG-1,4.829104030189351,-1.907963194052416
GTCATTTCAAGAGTCG-1,3.45172127490981,0.02818663408355132
GTCATTTCAAGCGTAG-1,3.670074546394185,-2.2934857980410635
GTCATTTCAATCAGAA-1,3.6931634784315386,-2.793752826849657
GTCATTTCACACCGCA-1,4.516246402320698,-0.8487137333552419
GTCATTTCACTGCCAG-1,2.633375728187398,-0.588815666834551
GTCATTTCAGATGGCA-1,-3.296922957840129,-0.12694076458616838
GTCATTTCAGATTGCT-1,4.226317489204243,-1.3725690023104726
GTCATTTCAGCTGGCT-1,1.9571636558149614,-3.103384174505907
GTCATTTCAGGACGTA-1,4.734933936652974,-1.4326860086123525
GTCATTTCAGTCTTCC-1,3.078176581916646,1.7737252338726939
GTCATTTCATATGCTG-1,-12.486255562248394,0.707078777154249
GTCATTTCATTCCTCG-1,5.466053092536763,-0.11080276230974778
GTCATTTCATTCTCAT-1,2.7764602542494097,-2.057398714224535
GTCATTTCATTTCAGG-1,4.128594958839253,-1.9796361104647695
GTCATTTGTACAGACG-1,-3.4148272632981977,0.6311289890606822
GTCATTTGTACTCGCG-1,-12.273995315971538,-0.023409836093622294
GTCATTTGTAGCAAAT-1,-0.7810713409806929,-7.009268917242723
GTCATTTGTAGGCTGA-1,2.2583461642835894,-2.0279037133853017
GTCATTTGTATTCTCT-1,-2.076853012981578,3.4778037889798106
GTCATTTGTCAAACTC-1,-2.136690771522685,1.8763968571026743
GTCATTTGTCAAAGCG-1,1.3115335345838823,3.2809964044888438
GTCATTTGTGACAAAT-1,-1.7556870936776838,3.5890630110104502
GTCATTTGTTAAGATG-1,3.3027606845472612,0.5282705648739756
GTCATTTGTTATGTGC-1,-1.1482522844697676,1.6863829716046275
GTCATTTGTTCAGACT-1,-3.513902342262431,0.3620945437748851
GTCATTTGTTCGAATC-1,5.396673286018208,-2.0454551355044424
GTCATTTTCACTGGGC-1,-10.619940674247905,-0.8882817999522268
GTCATTTTCATTATCC-1,-12.301645195427104,2.11103304465608
GTCATTTTCCTCATTA-1,2.5098353267286577,1.1915409191449107
GTCATTTTCGTCCGTT-1,1.783616387901143,-0.31968981782599076
GTCATTTTCTGCAAGT-1,2.928865516242818,-3.6661881581942617
GTCATTTTCTGTCCGT-1,1.6274698615644732,-1.3879492656390249
GTCATTTTCTGTGCAA-1,3.1660052180860796,0.9978837593396128
GTCATTTTCTTACCTA-1,0.2920094371412554,3.0763967855771006
GTCATTTTCTTGTCAT-1,-11.248540794792339,2.281856380303663
GTCCTCAAGAAGGTGA-1,-2.594479119720622,1.636875353654188
GTCCTCAAGCGTAGTG-1,3.07919987445815,2.5737858637173594
GTCCTCAAGTACGACG-1,-0.8826763390924177,0.5941807850201548
GTCCTCAAGTCATGCT-1,-10.914502060356304,0.5162088199456156
GTCCTCAAGTGGAGTC-1,3.88610848194106,-0.4782868997256337
GTCCTCACAAGGTTCT-1,2.2044120669935503,-0.29918662468596086
GTCCTCACACCCAGTG-1,2.525120818672017,1.9628096445401133
GTCCTCACACGCCAGT-1,1.9118543506239214,-3.864785827795702
GTCCTCACATGTAGTC-1,3.2776966930006304,1.6240307911236704
GTCCTCAGTAAGTGGC-1,0.762167060432271,2.9965017660458506
GTCCTCAGTACCATCA-1,-1.8263950108911238,3.4173813684781016
GTCCTCAGTCACACGC-1,-2.2809668540384016,-0.47550264755888566
GTCCTCAGTCGAGATG-1,-1.9282760977174482,-6.941576160589891
GTCCTCAGTCGCATCG-1,-0.6807183980371199,1.1705249174435557
GTCCTCAGTGACGGTA-1,4.466414535102681,0.25938680013017074
GTCCTCATCACCGTAA-1,2.9940615535352983,1.1539246662457407
GTCCTCATCATCTGTT-1,5.617945277747944,-0.7295937315623342
GTCCTCATCCTGTAGA-1,-1.629901415052577,3.3191898687680186
GTCCTCATCGCCTGTT-1,4.282039249000386,-2.8194593564669668
GTCCTCATCTATCCTA-1,-0.007915294113322258,3.268292032082838
GTCCTCATCTGGTGTA-1,3.7520156741712847,0.3070161714156093
GTCCTCATCTGTACGA-1,-10.368208801689311,-0.3158292547862111
GTCGGGTCAATGACCT-1,1.3548849464033403,3.3232396467526377
GTCGGGTCAATGGTCT-1,-1.860518133583232,3.7112019880612315
GTCGGGTCACCGATAT-1,4.894784057197407,-2.7659994737307607
GTCGGGTCAGATCCAT-1,3.7442122340772905,1.2007848842938365
GTCGGGTCAGTAAGAT-1,3.9999142528150835,-0.8525618688265859
GTCGGGTCATAAAGGT-1,-0.7524533032800398,0.3571205957730235
GTCGGGTCATGGTAGG-1,-12.79094115489976,0.9002044423420847
GTCGGGTGTAAATACG-1,4.040522658881978,-1.7019431964556753
GTCGGGTGTACCGTTA-1,5.407622897682026,-2.003711141745287
GTCGGGTGTAGCGCAA-1,5.016248786506489,1.1380112989743174
GTCGGGTGTTCGCTAA-1,5.415615165290669,-0.8499424235026418
GTCGGGTGTTGTCGCG-1,6.191748225745991,-0.7060661093394338
GTCGGGTTCAACACCA-1,3.3930045009229937,-0.326178856293398
GTCGGGTTCAACGGGA-1,5.215981566963032,-0.8324255720774709
GTCGGGTTCCAAGCCG-1,-3.844449198188945,0.7504112943013133
GTCGGGTTCCAGAGGA-1,-10.774131691398784,0.8802390321095408
GTCGGGTTCCAGTAGT-1,4.047103011665181,-2.510347046057421
GTCGGGTTCCGCGTTT-1,1.6315554023359575,0.9638214929898203
GTCGGGTTCTAGCACA-1,0.11103996044142628,1.50487168868379
GTCGGGTTCTTCCTTC-1,0.49383755928023243,2.763651691277784
GTCGGGTTCTTGGGTA-1,3.129739368018941,-0.2835705057780324
GTCGTAAAGAGACGAA-1,-2.687996900024577,0.39360287030534163
GTCGTAAAGCACGCCT-1,1.2479649425123491,2.0114243849118174
GTCGTAAAGCCCAACC-1,5.816573703346089,-0.986900486151415
GTCGTAAAGCGTGAGT-1,2.2706521392439165,-3.2854875699679433
GTCGTAAAGCTAAGAT-1,-10.7235955356981,-0.8813974634806692
GTCGTAAAGGGCTTCC-1,2.1056958079908648,-3.348219551245409
GTCGTAAAGTCAAGCG-1,2.5709305644605913,-1.1398696080843984
GTCGTAACAAAGGTGC-1,1.6342650294874468,-0.9220497981707632
GTCGTAACAATTCCTT-1,-10.70816985363023,3.2311528547604502
GTCGTAACACCTGGTG-1,-12.078951752128765,1.1417513712246836
GTCGTAACACGCTTTC-1,1.8604482055280962,1.4598785265286387
GTCGTAACACTGTGTA-1,0.2731381297682085,1.3723821266491831
GTCGTAACATCACAAC-1,1.9945896506880083,2.768714986642164
GTCGTAACATTGGGCC-1,-11.115720665397808,1.657839856942457
GTCGTAAGTAGAGTGC-1,1.043288075980977,2.941744647820753
GTCGTAAGTAGCGATG-1,1.5331283450697222,2.0345543249447764
GTCGTAAGTAGTAGTA-1,5.000124538001851,-0.13213609913988694
GTCGTAAGTCATGCAT-1,-12.0327996372606,-0.12113139788313493
GTCGTAAGTCCGCTGA-1,2.421893441734151,-3.0819992200533926
GTCGTAAGTCCTGCTT-1,4.94853934055312,-2.182414926687914
GTCGTAAGTGTAAGTA-1,-3.946216022911235,0.27699545760945693
GTCGTAATCAACCATG-1,3.571012103614644,-2.258760608832079
GTCGTAATCAGCAACT-1,-3.936762487831279,-0.022277221183019724
GTCGTAATCCGGCACA-1,1.2444299102400103,3.2118056639035166
GTCGTAATCCGGGTGT-1,-12.35894004100816,-0.623888589541155
GTCGTAATCGGCTTGG-1,1.5980511546705523,-2.056457199255663
GTCGTAATCGTAGGAG-1,3.167039001045064,-1.5940627233187734
GTCGTAATCTCGTATT-1,-11.448070442619487,1.3800553901989878
GTCGTAATCTGCTGTC-1,1.7668071628187456,-2.721569217840868
GTCTCGTAGAATGTGT-1,3.598468864021138,-2.2465428487460195
GTCTCGTAGATGTTAG-1,1.5947059035871782,2.7114644869168223
GTCTCGTAGCACACAG-1,1.0802739501570024,2.3783887251217783
GTCTCGTAGCGATAGC-1,4.384991729316548,-0.4807505981127797
GTCTCGTAGGATGTAT-1,4.495585048255757,0.1438976935048522
GTCTCGTAGGGTGTGT-1,1.2363963962171831,-1.8303865567843496
GTCTCGTCAAACCTAC-1,0.08026942020399952,0.3418095781405391
GTCTCGTCAAGCTGTT-1,3.299532496986226,1.6611986978848399
GTCTCGTCAAGGACTG-1,-12.75993529552476,1.162774406274122
GTCTCGTCACATCCGG-1,-12.614203369560405,1.5958741529782237
GTCTCGTCACCAGTTA-1,-3.9292167782212934,-0.053824834624963847
GTCTCGTCACTGAAGG-1,4.22542675739272,-0.2221930996577321
GTCTCGTCAGCGTCCA-1,1.816392266807393,-2.2268754617373525
GTCTCGTCAGGGAGAG-1,-12.623812591972515,1.5831619127591074
GTCTCGTCAGTGACAG-1,3.3550711513136187,-3.05161229530974
GTCTCGTCATCACCCT-1,-0.042858874740763664,2.0826255901654185
GTCTCGTCATCCTTGC-1,-3.1651709436799726,-0.6355455891291677
GTCTCGTGTATAGTAG-1,0.30122121578200245,2.892531476815504
GTCTCGTGTATATGGA-1,-10.205290710868999,3.1706417425473155
GTCTCGTGTCATCGGC-1,-11.590161240043804,1.5414495094616831
GTCTCGTGTCTTCTCG-1,3.143545234260396,2.4851888044674815
GTCTCGTGTGCAGGTA-1,-11.477120315971538,2.948049865563673
GTCTCGTGTGGTACAG-1,3.2439237475965776,-0.8945433870951711
GTCTCGTGTTCGGGCT-1,-11.44537631267564,1.0074615701039256
GTCTCGTGTTGCCTCT-1,-0.42040345663086987,3.5298574789364756
GTCTCGTTCCTCTAGC-1,-0.3418215274240217,1.5255428179104746
GTCTCGTTCGACGGAA-1,3.7504802585218706,0.7144673689206065
GTCTCGTTCTCGTTTA-1,0.5430597901914873,2.856596313317579
GTCTCGTTCTTTACGT-1,-4.063370621147319,0.25790622075395003
GTCTTCGAGAGTCTGG-1,4.516028964576558,1.0252257808049143
GTCTTCGAGCAGCCTC-1,4.370770537910298,-2.013126529852587
GTCTTCGAGCATGGCA-1,1.3775096774671831,3.2552176340420664
GTCTTCGAGGCCCTCA-1,-0.7644889115716658,1.2932068928082407
GTCTTCGAGTCTTGCA-1,-1.659216588678523,3.484286390145582
GTCTTCGAGTGCAAGC-1,0.1381971479032793,2.2791341169674815
GTCTTCGAGTGCGATG-1,1.208066546974019,1.8361767156918467
GTCTTCGCAACTGGCC-1,4.308619582710103,-2.099287428061205
GTCTTCGCAATCAGAA-1,3.0980535388563433,-2.8115920201937734
GTCTTCGCACCGAAAG-1,4.331297004279927,1.553698740800184
GTCTTCGCACCTCGGA-1,4.223319137153462,0.1751632167895259
GTCTTCGCACGGATAG-1,4.034707152900532,-2.246332325140673
GTCTTCGCAGTCACTA-1,-0.33279869550721264,1.232246480782789
GTCTTCGCATCGGAAG-1,2.2224832416151323,0.34277699132756606
GTCTTCGCATCTCCCA-1,2.1743055224989214,-3.4964470044772207
GTCTTCGGTAAACGCG-1,-1.0518856107618055,2.3065842016537608
GTCTTCGGTAAATACG-1,3.417982661781148,-1.7694728748004018
GTCTTCGGTATCTGCA-1,1.4000161529157915,-3.8465212957064687
GTCTTCGGTCATGCCG-1,4.847228133735493,-2.512539543310839
GTCTTCGGTCCCTTGT-1,0.6196982503507891,3.3623622282345713
GTCTTCGGTGATGTGG-1,5.772456252631978,-1.3021536246935903
GTCTTCGGTTTGGCGC-1,1.4293614268873491,2.1512871607144297
GTCTTCGTCGACCAGC-1,-12.05378237957017,2.4475003107388438
GTCTTCGTCTAACTCT-1,3.1327596545789995,-2.023251690069872
GTCTTCGTCTTGTCAT-1,2.102069699821309,2.441042981942457
GTGAAGGAGACTTGAA-1,3.833453261909322,0.07650110674397365
GTGAAGGAGCACAGGT-1,4.830022895393208,1.3830915315945567
GTGAAGGAGTAGCGGT-1,-11.914105331840679,2.208188615639967
GTGAAGGAGTGACATA-1,-1.678461497965022,-7.069462455908495
GTGAAGGAGTGGAGTC-1,-0.23424676651017284,2.67530044158296
GTGAAGGAGTTGTCGT-1,3.727322661933736,-2.237672485510546
GTGAAGGCACCGTTGG-1,-0.7553478240396223,0.9496694429715098
GTGAAGGCACCTCGTT-1,-0.481738185825511,2.1823020799954356
GTGAAGGCACGAAAGC-1,2.7476306796644487,2.1794541700680674
GTGAAGGCACGTCTCT-1,1.6490138412092485,1.9769732578595103
GTGAAGGCAGCCTTTC-1,3.2101493716810503,0.41697906692819015
GTGAAGGCAGGCTGAA-1,4.0492740512464795,-2.7370638028780996
GTGAAGGCAGGTCTCG-1,1.367879712638692,0.3521678372223796
GTGAAGGCATCGGGTC-1,3.7200322986219683,1.6987269743283213
GTGAAGGCATGGTCAT-1,-1.3634842246200285,2.2655015810330332
GTGAAGGGTACCGTTA-1,3.8497610927198687,0.9748367293675364
GTGAAGGGTACTCAAC-1,-3.5395380615617476,0.1920690088470401
GTGAAGGGTGACAAAT-1,3.3191047549818316,-2.3089727536837636
GTGAAGGGTGACGCCT-1,2.1851940990064898,-2.1121806279818593
GTGAAGGGTGATAAGT-1,4.607054317054585,-0.6922546998660146
GTGAAGGGTGCAGTAG-1,-0.19236401313798046,2.353778920968336
GTGAAGGGTGTGGTTT-1,-12.779025947990581,1.6347969396908701
GTGAAGGTCACCGGGT-1,2.8123808742140093,-0.814057149092394
GTGAAGGTCACTGGGC-1,-1.955662345829173,3.720240674813551
GTGAAGGTCTAACGGT-1,-1.5633775054837904,-0.9165062085787832
GTGAAGGTCTCATTCA-1,5.443997466621235,-0.6883712784449636
GTGAAGGTCTCCCTGA-1,1.1141303420637407,1.8329805954297007
GTGAAGGTCTGACCTC-1,-0.968647605123683,-0.9842310325305044
GTGCAGCAGACTAGGC-1,-0.275648987236186,0.5183238311608256
GTGCAGCAGAGTGAGA-1,5.401187503394917,-0.805303908983904
GTGCAGCAGCACCGCT-1,5.593945586738423,-0.2573701218764363
GTGCAGCAGCGGATCA-1,-9.852912819328472,0.6485956533749522
GTGCAGCAGCTTATCG-1,1.7537163138960161,-3.710202612082201
GTGCAGCAGTAATCCC-1,-11.293328201713726,2.1644285543759287
GTGCAGCAGTGTACTC-1,5.076693141517476,-2.6001400129000722
GTGCAGCCACGGCGTT-1,2.807319247779683,-0.17930153767271623
GTGCAGCCAGCGATCC-1,-11.518361961784526,1.1460382564862193
GTGCAGCCATGACGGA-1,4.8307000041578565,-1.5721345321337759
GTGCAGCGTACCGCTG-1,-11.246556198539897,-0.03966621319456681
GTGCAGCGTCAACTGT-1,3.3956762195204058,-3.5320581571261465
GTGCAGCGTCCGACGT-1,-10.522522842827007,3.047525487740797
GTGCAGCGTCGATTGT-1,0.9545253158186235,1.888302765687269
GTGCAGCGTGGCTCCA-1,-12.02878466838853,-0.4236078635851918
GTGCAGCGTTGAGTTC-1,0.8431008697126665,3.4932802542050303
GTGCAGCGTTGTCTTT-1,3.172807300147847,0.9877038820584239
GTGCAGCTCACCTCGT-1,3.584477508125142,-2.062156356970507
GTGCAGCTCCTTGACC-1,3.9128385425184526,-2.349214471976
GTGCATAAGATAGGAG-1,-1.742071425857707,-0.6483236924807607
GTGCATAAGGAGTAGA-1,-11.689783012809917,1.2239648922284068
GTGCATAAGGCCCTCA-1,0.13954361682875538,3.3287387712796153
GTGCATAAGTACTTGC-1,3.0740114093397417,-2.121773876349169
GTGCATAAGTAGGCCA-1,1.5208192706678667,-2.7678724900881826
GTGCATAAGTCGATAA-1,1.8548951984022417,-2.6806439534823476
GTGCATAAGTCGTTTG-1,-0.10185638660447216,-6.833999790350633
GTGCATAAGTGTTGAA-1,3.0952907443617144,0.06450201933578864
GTGCATACAAGCCGTC-1,-12.485255157890483,0.692770562966627
GTGCATACAAGGTTTC-1,2.5317977309797564,-2.8670424596468984
GTGCATACAATCAGAA-1,-10.131729042473003,2.0872242077191294
GTGCATACAATTCCTT-1,3.468177402076558,-2.2162298337618886
GTGCATACACACAGAG-1,1.7432869315717974,2.6153598650296153
GTGCATACAGTATCTG-1,0.2886362910841265,0.5519333704312266
GTGCATACATCACGTA-1,-11.41883364910142,2.4693032129605235
GTGCATACATGGGACA-1,4.903970801887349,-2.3019012586276113
GTGCATAGTACATCCA-1,-0.5032046198274336,0.7850573881466807
GTGCATAGTACATGTC-1,-12.64684001201646,1.555251203378004
GTGCATAGTCAGATAA-1,2.2167182803724566,-3.032174743811327
GTGCATAGTGCTCTTC-1,-11.750425255241558,2.8694985731442393
GTGCATAGTGTTAAGA-1,-0.9004370331193647,1.5834132059414805
GTGCATAGTGTTCTTT-1,-11.02122966045396,1.6468592508633555
GTGCATAGTTACTGAC-1,-3.372950708809062,-0.491877235571581
GTGCATAGTTGCCTCT-1,-0.01667896503464794,3.595064721902174
GTGCATAGTTGCTCCT-1,-0.18364325756089306,1.1744051798184336
GTGCATATCAAGATCC-1,4.384397113380269,-2.7667919770876943
GTGCATATCATCTGCC-1,-0.18573812240616894,1.0499466284115733
GTGCATATCGATGAGG-1,3.7164173961256304,-2.0430909768740713
GTGCATATCGCGTAGC-1,-11.655355369987651,1.76228352626161
GTGCATATCGGCATCG-1,-11.4779318928148,2.21922191222505
GTGCATATCTATCCTA-1,3.9754510760877886,-2.4020413533846914
GTGCATATCTCTGTCG-1,-1.6407846867467604,-0.77273342768355
GTGCATATCTGCGACG-1,-1.2529452427651129,-1.2439324037234365
GTGCGGTAGATAGTCA-1,4.411066615638569,0.5143535955746592
GTGCGGTAGATGTGGC-1,-0.37817535394684887,1.2003098352749766
GTGCGGTAGCAGCCTC-1,3.63010843997939,1.9076617582638682
GTGCGGTAGCATCATC-1,5.214212501106099,-1.5208436624209463
GTGCGGTAGCTATGCT-1,-11.482330238762065,2.285793386300367
GTGCGGTAGGCTCAGA-1,-12.146366035881206,2.110786758263868
GTGCGGTAGTCGTTTG-1,2.4994593501661577,-0.2858280018965779
GTGCGGTAGTGAAGAG-1,1.9603699088667192,-3.3507513181368886
GTGCGGTCAATCACAC-1,3.3580890536878862,-1.1408244744937002
GTGCGGTCAATGGTCT-1,-12.583940422477886,1.5463618858654917
GTGCGGTCACCAGGCT-1,1.261953675803975,3.084743343194288
GTGCGGTCACCTGGTG-1,2.615608060417012,-0.8349411265055715
GTGCGGTCACGAAGCA-1,-12.15877906078355,2.6688667162259043
GTGCGGTCAGATCCAT-1,5.346945369300679,0.22789824744061843
GTGCGGTGTACCGGCT-1,-3.662271416130229,0.1893669812877597
GTGCGGTGTAGGAGTC-1,1.347219312248067,-2.0367511884371816
GTGCGGTGTATAAACG-1,3.4248205066297808,-2.3693803922335683
GTGCGGTGTATCAGTC-1,1.7872537017439165,2.0330284460385264
GTGCGGTGTCAGAATA-1,1.0489731669996538,-2.8097640649478017
GTGCGGTGTGATAAAC-1,-0.131847774925395,2.3388975485165537
GTGCGGTGTGCCTGCA-1,3.9504052043531694,2.1645925863583506
GTGCGGTGTGGTCTCG-1,-0.2817813515092573,2.454390607674879
GTGCGGTGTTCTGTTT-1,0.23154135948164845,1.7279910667736949
GTGCGGTTCATAAAGG-1,4.45726212268813,-2.3061086312930166
GTGCGGTTCATCGGAT-1,-11.73857299083726,1.749384127457899
GTGCGGTTCCAGTAGT-1,-1.4181414082075796,-1.07451383034392
GTGCGGTTCCGTTGCT-1,0.34385141139967823,1.950623117287916
GTGCGGTTCCTAGGGC-1,-10.121902382316753,0.07251811948911563
GTGCGGTTCGTTACGA-1,0.17614218002303028,1.9209522827465952
GTGCGGTTCTCTTATG-1,-10.596819794120952,2.3820353372891367
GTGCGGTTCTGAGGGA-1,3.3767095447157183,-2.2942675725619375
GTGCGGTTCTTGTTTG-1,3.038217151222066,0.5207360311348856
GTGCTTCAGAATAGGG-1,-11.106313621940776,1.6309250219662608
GTGCTTCAGACATAAC-1,3.0950556636427202,-0.12841150919600114
GTGCTTCAGACGCAAC-1,1.0258117557142534,0.999101482232374
GTGCTTCAGAGACGAA-1,1.5731285453413286,-2.4665185586611806
GTGCTTCAGAGGGATA-1,1.958946788368062,-3.2427167073885976
GTGCTTCAGATCTGCT-1,-0.7927647590066633,-0.009714037279325571
GTGCTTCAGCTCCCAG-1,-0.020753896179362297,-0.4616766945521413
GTGCTTCAGGAGTTGC-1,-1.1898838787700377,3.4208012445767344
GTGCTTCAGTCGCCGT-1,4.840960109290913,-2.268753685156542
GTGCTTCAGTTGAGAT-1,2.0155249477003374,-3.7439133302371084
GTGCTTCCAAGCGAGT-1,-11.453091537895366,1.429433308442396
GTGCTTCCAAGCTGAG-1,-9.888181602897808,3.4334236009915293
GTGCTTCGTCGCATAT-1,0.11433347469313526,2.170335613091749
GTGCTTCGTCGGCTCA-1,2.996875369605855,0.8681296332676829
GTGCTTCGTGATAAGT-1,4.627395236549214,-0.6958122626940786
GTGCTTCGTGATGTCT-1,3.644705379066304,-0.7717595473925649
GTGCTTCGTGCGGTAA-1,-0.023027098121806144,2.4625616892178477
GTGCTTCGTGCTCTTC-1,3.2728424907301226,1.0450645907719553
GTGCTTCGTGTGAATA-1,3.2272330165479937,-1.54054109017058
GTGCTTCTCCACTGGG-1,3.73496159320815,-2.5151511804263174
GTGCTTCTCCTTGACC-1,-0.4868075012590132,1.9996887071927012
GTGCTTCTCGAATCCA-1,0.9724994540785112,2.2666457517941416
GTGCTTCTCGACAGCC-1,4.226241672096089,-2.7023302690188467
GTGCTTCTCTACCAGA-1,2.2953172565077105,-3.642985738913256
GTGCTTCTCTTTAGGG-1,1.9585731864546099,0.2971998079617442
GTGGGTCAGAGGTAGA-1,2.979940497932271,2.027278743584913
GTGGGTCAGATCTGCT-1,-0.23621217006699657,3.4973374231656016
GTGGGTCAGCCAACAG-1,-12.781248009147808,-0.19415099183722123
GTGGGTCAGCGAAGGG-1,-10.39749804729478,2.7174299581845225
GTGGGTCAGCTAGGCA-1,-10.861507332267925,2.0111398323376597
GTGGGTCAGGCCGAAT-1,0.35286661392195606,3.3583675249417246
GTGGGTCAGTGACTCT-1,-10.918476974907085,0.10796698126317278
GTGGGTCAGTGGAGTC-1,2.2905939460371294,0.020984671910566244
GTGGGTCCAAAGAATC-1,-10.341743385734722,-0.2820860222975789
GTGGGTCCAAGAGTCG-1,-0.40377113813416576,-7.058030761877733
GTGGGTCCACCGTTGG-1,-9.66259757274644,2.484290920098585
GTGGGTCCATACTCTT-1,4.604729735908345,0.7382328136761607
GTGGGTCCATCACAAC-1,0.9887910724256792,3.362020812829298
GTGGGTCCATGGTCAT-1,0.9223376155470171,2.5313571317990244
GTGGGTCGTACCGAGA-1,-1.0860411285783491,-1.267664350668627
GTGGGTCGTCGGATCC-1,4.663601481971577,-1.1394553558032094
GTGGGTCGTCGGGTCT-1,-1.7846618353749952,3.3557844980557383
GTGGGTCGTCTGATTG-1,2.4250570178602495,2.3925424440701426
GTGGGTCGTGAGGCTA-1,1.80965265041335,1.940769396622938
GTGGGTCTCACAGTAC-1,4.4359269977186475,-3.3341139928500234
GTGGGTCTCACCGGGT-1,0.6453436256025591,1.9795056207974375
GTGGGTCTCATGTCCC-1,2.1923507094953814,2.0946118458111704
GTGGGTCTCCTAGAAC-1,5.188794219550923,-2.287440218130785
GTGGGTCTCCTGCTTG-1,-0.08259013885514355,1.5402279718716563
GTGGGTCTCGAATGCT-1,2.9129787326429644,-3.6419524327914297
GTGGGTCTCGCATGGC-1,-0.09744158977524853,-0.6759983674685537
GTGTGCGAGACTACAA-1,5.374770247993306,-0.2661907450358449
GTGTGCGAGAGCCCAA-1,-1.9279708623315535,3.294148050149244
GTGTGCGAGAGTACAT-1,-9.946768677177593,0.5394282861550272
GTGTGCGAGCATGGCA-1,-0.021884596290751457,0.6838160379727305
GTGTGCGAGCCTTGAT-1,-12.322638428154155,1.1453084572155894
GTGTGCGAGCTAGCCC-1,2.584747159538106,2.3487587793667735
GTGTGCGAGCTGCCCA-1,1.6188031077955523,1.9840429647763194
GTGTGCGAGGAATGGA-1,4.8703118205641065,-1.54908338944121
GTGTGCGAGGAGTTTA-1,1.4746635795210161,2.135029159386915
GTGTGCGAGGCATGTG-1,-11.504799759330913,1.9554873331387461
GTGTGCGAGTACGCCC-1,1.4274135470960894,2.534335456689161
GTGTGCGAGTTTCCTT-1,-1.2882372851844273,-1.0935520307223379
GTGTGCGCAAACGTGG-1,-0.9341611921216688,3.4926868303616465
GTGTGCGCAAGGGTCA-1,5.050260150489644,0.6512545569737376
GTGTGCGCAATGGTCT-1,1.3581546187971392,-1.9013981000582754
GTGTGCGCACAGGAGT-1,5.405901515540913,-0.4879798666636525
GTGTGCGCACCCTATC-1,-10.046990311088726,1.0402155145008982
GTGTGCGCACGCCAGT-1,3.287956798133687,-1.5593400375048696
GTGTGCGCAGCCTTGG-1,0.19314678913100147,0.4733725710709514
GTGTGCGCATACTACG-1,-12.710853493156597,0.7097217663128794
GTGTGCGCATCTCGCT-1,2.9059606433485308,-1.3503519670168935
GTGTGCGCATTGAGCT-1,6.306764686164692,-0.6729224101702749
GTGTGCGGTAACGTTC-1,1.9883173347090044,-1.0613950864474355
GTGTGCGGTACAGTTC-1,0.3498931766126909,3.0949509962399424
GTGTGCGGTAGCCTCG-1,-0.4756467103387556,3.4731059892971934
GTGTGCGGTCAGAATA-1,-0.09286824459092236,0.9723498447735728
GTGTGCGGTCCTCCAT-1,0.184361302909688,2.309697948296827
GTGTGCGGTCGTCTTC-1,4.59780749088271,-1.2212477103869497
GTGTGCGGTGATGTGG-1,-1.4586274235870085,3.2358671053250254
GTGTGCGTCATGCAAC-1,2.2375379443739214,2.087862573464674
GTGTGCGTCCCAAGAT-1,3.791552627143697,-0.43358949581785783
GTGTGCGTCGAATGCT-1,2.3999391437147417,-0.9553715364138662
GTGTGCGTCGTAGATC-1,1.1955557704542437,3.0778034551938
GTGTTAGAGAACTGTA-1,2.6310408950422564,-3.029547132651049
GTGTTAGAGAAGGCCT-1,-11.361550247612163,-1.5334924832980215
GTGTTAGAGATGTTAG-1,-12.012819206657573,-0.26522884527845964
GTGTTAGAGGAGCGTT-1,2.413532340583638,-0.9416661636035024
GTGTTAGAGGCACATG-1,4.567708575782612,1.1794567926724375
GTGTTAGAGTTGAGAT-1,2.3302875400160112,-1.316417612234789
GTGTTAGAGTTTAGGA-1,3.2505474925611773,-0.9115771428744375
GTGTTAGCAAAGAATC-1,3.1437440753553667,2.188127361138624
GTGTTAGCAAGAAGAG-1,-0.9299145101930342,-1.5239186660449087
GTGTTAGCAATAGCGG-1,3.2726989627455034,2.113347612221998
GTGTTAGCAGAGCCAA-1,-10.071845924797222,0.2763858511050166
GTGTTAGCAGCTGTTA-1,4.820409381446675,1.804765544732374
GTGTTAGCAGGACCCT-1,4.556674563941792,1.8152877910931529
GTGTTAGCAGTCGTGC-1,3.054778659400777,-0.19437814513846025
GTGTTAGCATGTTCCC-1,4.929013812599019,0.4193387254078807
GTGTTAGCATTGGGCC-1,4.705225551185444,0.6771303041775645
GTGTTAGGTCCGTCAG-1,3.6270175815199175,0.47030075629548446
GTGTTAGGTGACGCCT-1,-0.8753425835992537,-1.0485538617770254
GTGTTAGTCAAACGGG-1,-0.5194901585008345,-7.118645824591356
GTGTTAGTCAGAGACG-1,3.7325635791395464,1.6520260198910655
GTGTTAGTCAGTTAGC-1,-11.502201950493022,1.6139665468533457
GTGTTAGTCATGTGGT-1,-11.339481270256206,0.9448964222271861
GTGTTAGTCCAGATCA-1,3.0151983142469683,-1.5730950013796865
GTGTTAGTCTGCAAGT-1,2.3347862601850786,0.011753640969556722
GTGTTAGTCTTGACGA-1,2.550480926093892,-1.4321085588137685
GTTAAGCAGAGACGAA-1,-11.47295085186021,1.7481041773159922
GTTAAGCAGAGCCCAA-1,4.790431106147603,-0.7796421424548208
GTTAAGCAGCGAAGGG-1,-2.0863833784486494,3.3055175169308604
GTTAAGCAGTTACGGG-1,3.6671810985182085,-2.4041680471102773
GTTAAGCCAAGTTCTG-1,3.220123374519185,1.594522796471876
GTTAAGCCAATCTGCA-1,4.564224326667622,1.6854072435696543
GTTAAGCCACACATGT-1,3.1084857822035112,0.6446615084011973
GTTAAGCCACTGCCAG-1,0.41439875370009327,3.3502677305539073
GTTAAGCCAGAGCCAA-1,3.4654928088758745,0.8410052879651011
GTTAAGCCAGGGTACA-1,4.384616458473042,-2.40408507744475
GTTAAGCCAGTGAGTG-1,-1.9203217386628828,3.6884542330105723
GTTAAGCCATCTACGA-1,-0.7256950497056684,3.3227816446621836
GTTAAGCGTCGGGTCT-1,0.18307718044264698,3.2476535662014903
GTTAAGCTCAGGCGAA-1,-12.339322006645366,2.416994653542799
GTTAAGCTCAGGTAAA-1,-11.21809188121812,0.7650419696171702
GTTAAGCTCATTCACT-1,4.9568973422621045,-0.6030311957995473
GTTAAGCTCCAGATCA-1,2.4106291175459185,1.2840973957379282
GTTAAGCTCCAGTAGT-1,6.483557307777241,0.44314809878663436
GTTAAGCTCCAGTATG-1,-0.8066918908979139,0.3169227166970195
GTTAAGCTCGACGGAA-1,-0.47900936597840404,0.6564662082989634
GTTAAGCTCGAGCCCA-1,-11.34464160198228,2.0098892076809824
GTTAAGCTCGCACTCT-1,-1.7685682534600935,-6.943651832739549
GTTAAGCTCTGTACGA-1,6.082985961494282,-0.26542428890867814
GTTAAGCTCTTTACAC-1,5.625974738654927,-1.9494420663516103
GTTACAGAGAGATGAG-1,5.457034671363667,-0.2606161312262593
GTTACAGAGATACACA-1,6.182979667243794,-0.31189552704496964
GTTACAGAGCACCGTC-1,1.0441139579389849,3.665281139214796
GTTACAGAGCAGATCG-1,4.651914203224019,-0.912527836958605
GTTACAGAGGAATGGA-1,6.704116904792622,0.7250501139958323
GTTACAGAGGTAGCTG-1,0.603482806739644,1.3288628681500376
GTTACAGAGTACGCCC-1,2.987072551307515,2.21408160765962
GTTACAGAGTTGAGTA-1,-3.885617649498149,0.05538089563445464
GTTACAGCAAACTGCT-1,3.6040264010999956,0.6593950613339365
GTTACAGCAAATTGCC-1,-10.893660461845561,0.11396961090461627
GTTACAGCAACTGGCC-1,3.891315543708638,0.2901445104678096
GTTACAGCAAGCCCAC-1,3.740417087135152,0.7089526875813426
GTTACAGCACAACTGT-1,4.010726058540181,-1.0972344056765615
GTTACAGCACGAAAGC-1,4.651606643256978,-1.8199787513415395
GTTACAGCACTTCGAA-1,5.519823634681538,0.5121950431664408
GTTACAGCAGGTCTCG-1,-0.7568976044084272,2.725231729348463
GTTACAGCATGCTGGC-1,2.75488289600356,-0.40266541401548966
GTTACAGGTAAATGTG-1,4.808719718513325,0.753142021497053
GTTACAGGTAGCCTAT-1,3.47747286563857,-1.3446176425616323
GTTACAGGTATATGAG-1,2.5963264346693316,-3.5849048272769033
GTTACAGGTCTGGAGA-1,1.5309270263288774,1.9519372804959239
GTTACAGGTGCCTGGT-1,5.1958404422376905,-2.6869119779269277
GTTACAGGTGTTGAGG-1,1.617917621192769,-0.2418982164065419
GTTACAGGTTAAAGAC-1,-0.8101376056100569,0.7795211895306529
GTTACAGGTTCCATGA-1,-1.30926764322327,-1.2839573995272695
GTTACAGTCACGATGT-1,3.2540455699537554,-2.142340816656786
GTTACAGTCATCATTC-1,-0.0675455688859663,1.9179663284619273
GTTACAGTCATGCAAC-1,3.154676997718648,-1.138975657622057
GTTACAGTCGCCAAAT-1,-0.8857465147401533,-7.046201862494188
GTTCATTAGAAAGTGG-1,3.4503541827772417,-0.9315150157610952
GTTCATTAGACTAGGC-1,-12.578936493339702,2.086484990914625
GTTCATTAGAGACGAA-1,4.973849380073384,0.5082107110817851
GTTCATTAGAGACTTA-1,2.745168292579488,-1.7836608068148672
GTTCATTAGAGATGAG-1,2.792294585761861,1.0361313446362437
GTTCATTAGCCAGTAG-1,-0.8338899075414381,1.474442206223768
GTTCATTAGCGGATCA-1,4.407976234016255,-1.2717633620898305
GTTCATTAGCTATGCT-1,-2.9876480459596357,1.1701950653393687
GTTCATTAGGAATCGC-1,4.460898959693745,1.5812023504574717
GTTCATTAGGACAGAA-1,2.5963805556867876,-0.45510313669844255
GTTCATTAGTATTGGA-1,-11.479912674369976,1.685785733063978
GTTCATTAGTCCGTAT-1,-11.056995308342144,1.6738972290356577
GTTCATTAGTTATCGC-1,-0.7248924731637678,3.185810409386915
GTTCATTCAATCTACG-1,4.714226329383687,1.3793001993496836
GTTCATTCAATGCCAT-1,3.458300674018697,1.9961825235684336
GTTCATTCACATCTTT-1,6.499178493079976,0.7698583825428904
GTTCATTGTATATCCG-1,-10.73656169170396,2.8676613195736826
GTTCATTGTCAGATAA-1,0.8777492881391802,1.3352371080716074
GTTCATTGTCCATCCT-1,0.8869796634290972,2.7929848059018076
GTTCATTGTCGCTTTC-1,-9.430875694694683,3.0829623564083994
GTTCATTGTTAAGAAC-1,1.6678624988172808,-3.996358551184374
GTTCATTGTTCCCTTG-1,0.03165456062300587,1.220806918938917
GTTCATTTCAACTCTT-1,3.4598513484571733,-0.5509196893374502
GTTCATTTCACCGTAA-1,-0.5442660211946211,-7.129733719031053
GTTCATTTCACCTTAT-1,-0.05984572166459179,1.1906530483563365
GTTCATTTCCCACTTG-1,1.6016088367079058,-0.018736519018846598
GTTCATTTCCTGCAGG-1,0.8482399821852007,3.6329332216580332
GTTCATTTCGGCGGTT-1,-12.388020431938335,1.9943462236721934
GTTCATTTCTAACGGT-1,-12.152683174553081,-1.0539343730608999
GTTCGGGAGAAGCCCA-1,0.6398020625685015,1.8292213304837168
GTTCGGGAGATCTGAA-1,1.5714724898908892,-1.9581054822604238
GTTCGGGAGCGTGAAC-1,5.0019083858106885,0.07070757438735381
GTTCGGGAGCTAAGAT-1,3.027257049140767,0.21076348414019958
GTTCGGGAGCTATGCT-1,2.8761869311903276,1.076999090512556
GTTCGGGAGCTGTTCA-1,4.3595133662794385,0.6445499881108225
GTTCGGGAGGACACCA-1,-0.7047161220933638,-6.83091703812285
GTTCGGGAGGGTCGAT-1,-12.531261360588237,-0.0561370180050908
GTTCGGGAGGGTTTCT-1,0.7111001849745073,2.5067575796444834
GTTCGGGAGGTGACCA-1,1.958371722755269,-2.90984097878142
GTTCGGGAGTGGCACA-1,-1.0025560616876326,2.844208083947462
GTTCGGGCAACACCTA-1,1.3479500651930132,-3.4607972280184804
GTTCGGGCAGCTCCGA-1,2.3044167399977007,-3.1037246362368642
GTTCGGGCATATACGC-1,2.057006681022481,1.7788909300167979
GTTCGGGCATGGATGG-1,-0.8622441052819929,1.1831791027386607
GTTCGGGGTACTTCTT-1,4.728728854713276,-2.0780502931277334
GTTCGGGGTCAGTGGA-1,-0.2807695030595503,3.2427965029080332
GTTCGGGGTCCAGTAT-1,1.6941476703260698,0.14091602330402747
GTTCGGGGTCCATGAT-1,1.8735683799360552,-0.6598931328455984
GTTCGGGGTCGGATCC-1,3.3640542865370073,1.2198084219296397
GTTCGGGGTCTGATCA-1,-1.6434708594705305,3.606156907876295
GTTCGGGGTGAAGGCT-1,0.2259966970060625,0.7415345533688487
GTTCGGGGTGCCTTGG-1,-0.10822323555008984,0.8898369296391428
GTTCGGGGTGCTAGCC-1,0.08833261733992481,1.013350270589155
GTTCGGGGTTCCACTC-1,4.846763217506245,-2.366503872076708
GTTCGGGTCAACCATG-1,4.549986922797993,1.2316400631268443
GTTCGGGTCCCATTTA-1,2.759091937599019,2.1736818178494395
GTTCGGGTCCTAGGGC-1,4.345693194923237,-1.9134945050875722
GTTCGGGTCCTCAATT-1,-10.857843315544292,2.4909954889615
GTTCGGGTCTACGAGT-1,2.5718513370130816,-3.15776316086455
GTTCGGGTCTGCTGCT-1,3.1774259448622026,0.6093027814228953
GTTCGGGTCTTCATGT-1,4.153349006233052,0.6673058493931712
GTTCTCGAGAAACGAG-1,-0.9929998278047285,3.0485838278134287
GTTCTCGAGACCCACC-1,4.449414336738423,-2.146171964804369
GTTCTCGAGCCAACAG-1,-1.6589366852666578,3.6124542578061045
GTTCTCGAGGGTTTCT-1,0.7454770446394243,2.069007240136427
GTTCTCGAGTAGTGCG-1,-11.637149727287456,-1.4839717523257314
GTTCTCGAGTCATCCA-1,-3.3292032837297163,-0.0489210710923253
GTTCTCGAGTGAAGAG-1,0.26704999214156055,2.9580260141690196
GTTCTCGAGTGTTTGC-1,1.9279366374586382,-0.890853978792864
GTTCTCGAGTTAGCGG-1,5.095454776344136,-0.2371142284075795
GTTCTCGAGTTTGCGT-1,2.0024143100355425,2.8751216753323496
GTTCTCGCACACAGAG-1,3.671806895789937,-0.26193828145666703
GTTCTCGCACGTGAGA-1,1.2259081245039263,-1.3040291444460927
GTTCTCGCACTCTGTC-1,3.895855033454732,1.610606871445936
GTTCTCGCAGGACCCT-1,-12.294218933525249,1.6815704925854624
GTTCTCGCAGTCCTTC-1,-10.618512070121929,1.281863056023878
GTTCTCGCATATACGC-1,-12.427437698784038,1.2677467687924326
GTTCTCGCATGCAACT-1,-0.03364042037980175,0.8542771561940135
GTTCTCGCATTGGTAC-1,-0.3703230976487837,3.0956407411892832
GTTCTCGCATTTGCCC-1,-10.698724663200542,2.932094178994459
GTTCTCGGTAAACCTC-1,2.896702849922017,-0.61534235636396994
GTTCTCGGTCACTTCC-1,-3.41231099361436,-0.3772294298808156
GTTCTCGGTGTTAAGA-1,5.474775397834614,-0.44611398140593156
GTTCTCGGTTACGCGC-1,2.6390181422804155,0.9327781422932566
GTTCTCGGTTCATGGT-1,-0.5851384162332258,0.8141245468457163
GTTCTCGGTTTAGCTG-1,2.8467865825269976,-3.3210224286715566
GTTCTCGGTTTGGGCC-1,-10.429359352531597,2.717415176232618
GTTCTCGTCCGTTGCT-1,1.5361126304243364,2.5960567816098155
GTTCTCGTCGCGATCG-1,3.32006844287856,-1.6366588250796377
GTTCTCGTCGTATCAG-1,-3.838646566810771,0.512694410880369
GTTTCTAAGAAGATTC-1,-1.8399178146745405,3.341839633782667
GTTTCTAAGACAGACC-1,3.708468043861226,-1.3000723497073232
GTTTCTAAGAGTGACC-1,2.683767402229146,-2.8250219003359853
GTTTCTAAGATTACCC-1,4.583396518287495,0.012187622388166341
GTTTCTAAGCACCGTC-1,3.3133703113172808,-0.9078179971377431
GTTTCTAAGCGAAGGG-1,-3.5908915161515913,-0.10009966055555924
GTTTCTAAGCGTAGTG-1,0.5050192714308062,3.001519285043043
GTTTCTACAAGGACTG-1,4.7139726520155225,-1.5027457849185049
GTTTCTACAAGGGTCA-1,-2.8011398672486982,1.5683908089001597
GTTTCTACAGGCAGTA-1,2.2448840976331987,-0.4524525777499257
GTTTCTACAGGTCTCG-1,2.1900344729994097,0.6111611350377024
GTTTCTACAGTCAGAG-1,-3.764495766105815,0.4018452986081065
GTTTCTACATATGAGA-1,3.0020171046827593,1.4380035026867808
GTTTCTACATGTAAGA-1,4.68201740985854,0.1968093960483493
GTTTCTACATTCTTAC-1,3.1963263393019,-2.308067716757494
GTTTCTAGTAAGTGGC-1,2.4583848357771196,0.7228247149784983
GTTTCTAGTACCAGTT-1,2.8004084468458452,-0.49101767698927506
GTTTCTAGTTAAAGAC-1,-0.5774671196366987,1.3086868151028574
GTTTCTAGTTCGTCTC-1,-2.3726594805146894,0.026216328044694814
GTTTCTATCAGTCAGT-1,2.1130548358534136,-1.5115085021655141
GTTTCTATCCAGAAGG-1,-11.021467125358745,1.0845977290471018
GTTTCTATCCCTAACC-1,3.2892161250685015,-0.4436736480395375
GTTTCTATCCCTAATT-1,-0.16885820621506786,0.813792668183607
GTTTCTATCCGTTGCT-1,4.034118259010151,-2.203512109915453
GTTTCTATCCTAGTGA-1,-1.730604118051692,2.743793569405836
GTTTCTATCGGCATCG-1,6.292152488288716,-0.12779649357004746
GTTTCTATCTCCAGGG-1,2.4160962939832964,-0.7941110507647573
GTTTCTATCTCTAAGG-1,-0.4183928131486616,-7.040376819769579
TAAACCGAGAGTCGGT-1,0.3810041785810747,1.179949961503309
TAAACCGAGCAGACTG-1,-3.359236633720561,0.8058711512883128
TAAACCGAGCTGAAAT-1,2.8513556361769,2.4750808103878916
TAAACCGAGGGATGGG-1,-2.2073863505746565,0.23004794855908767
TAAACCGAGGTGATTA-1,6.554482543525532,-0.3473669366042195
TAAACCGCAAAGGAAG-1,2.223198258933858,-3.2974132672946035
TAAACCGCACCGATAT-1,2.01853355175002,-1.4442901984850942
TAAACCGCAGTAACGG-1,-2.6743268131639204,0.9267050250370921
TAAACCGCAGTCAGCC-1,-0.35802576536194897,0.5146581455071391
TAAACCGCATAGTAAG-1,-0.5198523163224897,-1.4832320586840688
TAAACCGCATCCGTGG-1,-11.749910271110698,0.9482513292630137
TAAACCGGTACGAAAT-1,-11.24538508647935,-1.7878365890185415
TAAACCGGTCCGTGAC-1,-10.76652709239976,2.5409701689083994
TAAACCGGTCGGCACT-1,4.3045535922621045,2.135794006188673
TAAACCGGTTCTGAAC-1,3.2506533504102983,-0.7023985163371145
TAAACCGTCAGCACAT-1,-11.996111786308452,0.052414867927593145
TAAACCGTCCGTTGTC-1,4.0319071651075635,1.4476550443966807
TAAACCGTCGGCTACG-1,-11.799829399528667,0.45115657885865584
TAAACCGTCTGCTGCT-1,3.5605970264051714,-0.15613213936491593
TAAGAGAAGAGTTGGC-1,5.011945807990864,-0.9274026528994619
TAAGAGAAGCGAGAAA-1,3.496751391944722,-1.3227960244814931
TAAGAGAAGCTCCCAG-1,0.2062029481504717,3.4747031553585948
TAAGAGAAGTACGCGA-1,-3.252497827949687,0.9705773218472422
TAAGAGAAGTAGGTGC-1,-10.146318352165386,-0.06093967715902909
TAAGAGAAGTGGGATC-1,1.7945176005934038,-0.1704631225268422
TAAGAGAAGTTATCGC-1,4.715876185951069,-1.6955484525363027
TAAGAGAAGTTGAGAT-1,3.221109473762349,-3.002267517248827
TAAGAGACAAAGAATC-1,3.916069591102437,-1.8722511903445302
TAAGAGACAAGTAATG-1,3.2507916331861773,2.426922641595167
TAAGAGACACGAAATA-1,-10.877676880302593,2.6296430452664317
TAAGAGACACTGTCGG-1,-2.062846517505809,3.4572535379727305
TAAGAGACAGTGAGTG-1,2.839059913215474,-1.7501209155718862
TAAGAGACAGTTCATG-1,3.4137583613966265,-2.397690691153246
TAAGAGACATGAGCGA-1,-3.9618586658860884,0.26373890777425185
TAAGAGAGTAAACACA-1,-10.622116005363628,-0.114800505439478
TAAGAGAGTAGGACAC-1,6.333206260261372,0.7730955704052866
TAAGAGAGTGAAAGAG-1,2.353327596244649,-3.2254103795687734
TAAGAGAGTGAAGGCT-1,2.970545852241353,-1.0201965943972646
TAAGAGAGTGTTCTTT-1,3.5047670245741167,2.0147235020001353
TAAGAGAGTGTTTGTG-1,1.82895573383315,-1.8358348981539785
TAAGAGAGTTGGAGGT-1,0.9561828017805376,1.7788257225354136
TAAGAGAGTTTCGCTC-1,3.7143231273268023,-0.855083920160967
TAAGAGATCAAGATCC-1,4.942331397590474,0.4684836192925395
TAAGAGATCATCGGAT-1,1.2090004325483599,3.2017396314938487
TAAGAGATCCTAGGGC-1,1.9252615810011187,-0.04831893006964311
TAAGAGATCGTGGTCG-1,-0.5667884706880293,-7.123683609167772
TAAGAGATCTCGCTTG-1,2.501579368171529,-3.1237584726016103
TAAGAGATCTGTTTGT-1,2.3268731475446978,-0.04889274398489579
TAAGAGATCTTCCTTC-1,1.2277799487684526,-2.6310929433505117
TAAGCGTAGAACTCGG-1,4.732472026405171,0.5039723141987742
TAAGCGTAGATGCCTT-1,-3.2013308166887007,0.9175533874829234
TAAGCGTAGCTGATAA-1,5.134543502387837,-1.2449049131075918
TAAGCGTAGGACAGCT-1,-0.35067758554474926,1.7466873749096812
TAAGCGTAGGACATTA-1,0.5852540374372759,-0.22950551668806657
TAAGCGTAGGACCACA-1,3.456085288581685,0.8518025501568736
TAAGCGTAGGATGGTC-1,0.03599723583205128,2.3143750055630625
TAAGCGTAGGGATGGG-1,2.6169112563703814,0.10152539260410048
TAAGCGTAGTATCTCG-1,0.10755547290785694,2.4914821012814463
TAAGCGTAGTCAATAG-1,1.0185132861707964,-1.917383827368456
TAAGCGTCAAGCGTAG-1,1.135101401862935,-3.5186254159609853
TAAGCGTCAATGGAAT-1,1.410158717689351,0.9359245522816599
TAAGCGTCACACCGCA-1,0.9971886516187944,-0.6058947221438467
TAAGCGTCACAGCGTC-1,4.273281657752827,2.1724100931485117
TAAGCGTCAGTCAGAG-1,-10.524022018852397,3.0381651743252696
TAAGCGTCATAGACTC-1,-0.09683874839799023,1.6110204084713877
TAAGCGTCATGCTGGC-1,1.2390061259840288,-3.4753164426486074
TAAGCGTCATGGGACA-1,-11.972329056205913,2.717581353982252
TAAGCGTGTACATGTC-1,3.751497352180318,2.407443366845411
TAAGCGTGTACCGTAT-1,2.738858783302144,0.39552449425057784
TAAGCGTGTCCTAGCG-1,4.464162433204487,1.8622655495007456
TAAGCGTGTCTAGTGT-1,-1.7648739575769148,3.519661031564039
TAAGCGTGTCTCATCC-1,4.484129035529927,1.8489387853939951
TAAGCGTGTGGTGTAG-1,-3.7367123722459517,0.6650566681225718
TAAGCGTTCAAGAAGT-1,3.6291514278028765,-0.41634962717695817
TAAGCGTTCAGCCTAA-1,3.1512232661817827,2.2959001882870615
TAAGCGTTCCGTTGTC-1,4.54091748004897,-2.934257425467211
TAAGCGTTCGATCCCT-1,2.9597550273512163,0.42125373323754683
TAAGCGTTCGCTTGTC-1,-3.215811169090434,0.4805063231785716
TAAGCGTTCTAACCGA-1,-0.46170923704163647,1.94867690642671
TAAGCGTTCTCGGACG-1,0.5812267900083818,-2.243243850866991
TAAGTGCAGAAGGTTT-1,-11.233027374687358,1.993308983643812
TAAGTGCAGCCACGTC-1,3.367887103614644,-1.2355924026171743
TAAGTGCAGCGCCTCA-1,3.6462760806654253,1.762337885697645
TAAGTGCCAATCACAC-1,4.249021613654927,0.13073566546039
TAAGTGCCAATCTACG-1,-12.306428825798198,1.902360521157545
TAAGTGCCAATGGACG-1,1.772165143546895,-3.141126550833422
TAAGTGCCACACAGAG-1,4.4902835727308545,-2.430478014151293
TAAGTGCCACCGCTAG-1,-10.49626914257066,3.0079966410000742
TAAGTGCCACGGTTTA-1,-11.126411354484722,1.0740832312901438
TAAGTGCCAGCCACCA-1,3.4714856982801714,1.6854530199368418
TAAGTGCCAGTAACGG-1,-10.798026001396343,2.5863126142819346
TAAGTGCGTAGGGTAC-1,-0.8809631227876387,-0.6537831203143178
TAAGTGCGTAGTAGTA-1,3.2453528285597124,-1.7500667945544301
TAAGTGCGTCCATCCT-1,1.346496427116231,3.206569753487867
TAAGTGCGTCTAAACC-1,4.1431742549513135,-1.6405127422015249
TAAGTGCGTGCCTTGG-1,0.8683596492384233,3.3729198797543467
TAAGTGCGTGGCAAAC-1,5.267837131080464,-2.7582332269351064
TAAGTGCGTGTGCGTC-1,2.401461207923726,0.827407739957136
TAAGTGCGTTACAGAA-1,6.609198176917866,0.4598977788289012
TAAGTGCGTTATCACG-1,-0.6445744394685469,2.269895873864454
TAAGTGCGTTCACGGC-1,-3.1750181078340254,0.4392429216702403
TAAGTGCGTTCCGGCA-1,1.8283232093427935,2.3134904726345957
TAAGTGCGTTTAAGCC-1,3.0196047664259233,1.6571304424603404
TAAGTGCTCAATCACG-1,-11.464312469902202,1.7800827844937266
TAAGTGCTCCATGCTC-1,3.3070073962782183,-2.763649858633715
TAAGTGCTCGGTTCGG-1,4.495386207160786,1.317117772897047
TAAGTGCTCTGAGTGT-1,-12.550865089836284,1.749507270654005
TAAGTGCTCTGCAAGT-1,1.5706354022596636,-2.8083807603518545
TACACGAAGAACAATC-1,-9.536167061271831,2.6992786749203623
TACACGAAGAAGGTGA-1,5.3040910602186475,0.07801430289940253
TACACGAAGAGCTTCT-1,4.713588798103169,-0.7292994038264333
TACACGAAGCTGTCTA-1,-11.805106079521343,-0.7588904873530447
TACACGAAGCTTATCG-1,-0.4908661007310591,2.077104411919874
TACACGAAGGCGCTCT-1,-2.1156892537500105,3.1070199831326426
TACACGAAGTCCATAC-1,0.8554504752729692,2.2934933527310313
TACACGAAGTGTCTCA-1,1.4540651679609575,1.855136833985609
TACACGACAACTGCGC-1,3.305739009437398,-1.8740978614489614
TACACGACAAGCCTAT-1,1.1051779628370562,-3.506511367956835
TACACGACAATAGCGG-1,6.484670245704487,0.4220443292458476
TACACGACAATCCGAT-1,4.979835116920308,-0.42921797196074113
TACACGACAGAAGCAC-1,5.39070185428603,-0.8558047191302358
TACACGACAGATCCAT-1,-0.4316936492349348,1.2171395643551768
TACACGACAGGGTATG-1,-3.71160880321519,-0.23799715201063737
TACACGACATCAGTCA-1,-12.813848411979839,0.2986249401171626
TACACGACATCCGTGG-1,4.968847358283833,0.8246807678540171
TACACGACATTCACTT-1,5.246334636268452,-1.265531815687853
TACACGACATTGCGGC-1,-11.67405120128648,-1.159252084891039
TACACGAGTAATCGTC-1,2.161994302329854,-1.5942774192492544
TACACGAGTACGCACC-1,1.8147059321974077,-2.5605987683932363
TACACGAGTATAGGTA-1,-11.91572085613267,-0.26843846599264726
TACACGAGTCAGCTAT-1,-3.630988991203471,-0.36933562914534196
TACACGAGTCTCTCTG-1,-1.03714511388795,1.2582916839917124
TACACGAGTTGCGTTA-1,5.06495722537978,0.705848000844282
TACACGATCAATCACG-1,-0.08437350982682323,1.1935375555355967
TACACGATCACCTTAT-1,0.8536730647657671,2.8652482851345957
TACACGATCAGGATCT-1,4.021955096778706,-2.778803028265673
TACACGATCAGTCAGT-1,2.4672952533338823,-3.637445606390673
TACACGATCATCATTC-1,4.123256290016011,-2.3308657781283437
TACACGATCCCATTTA-1,3.54182776218398,2.020816765626234
TACACGATCGTGGTCG-1,-12.675886070671245,1.7248940094311656
TACACGATCTCTTATG-1,1.9731355548475542,0.637944541772169
TACACGATCTGTTTGT-1,2.2465899825666704,0.908160708745283
TACACGATCTTCATGT-1,-10.990626251640483,1.2148201092083872
TACAGTGAGATCCCAT-1,4.306551063117817,-0.8893549219767629
TACAGTGAGTGGAGAA-1,3.3981686473463335,2.222546420892042
TACAGTGAGTTGTAGA-1,1.869800174293355,-2.807107128302294
TACAGTGCAACAACCT-1,1.5969265342329302,-2.287135042349535
TACAGTGCACATGTGT-1,0.40983566051466847,2.829562507470411
TACAGTGCACGAAGCA-1,4.350765311775044,0.07742168558136836
TACAGTGCACTTGGAT-1,-3.9994351028825483,0.03907755752400771
TACAGTGCAGGGCATA-1,-12.609557068290874,0.7269530518849314
TACAGTGGTAGGAGTC-1,1.9674008727644243,0.3940115495522441
TACAGTGGTCATACTG-1,2.533641660270528,-1.7121674195925771
TACAGTGGTCATATGC-1,-1.7655923127557478,3.5683327539761485
TACAGTGGTCTCATCC-1,0.8364079833601274,2.0457973106701792
TACAGTGGTTAAGATG-1,0.25504299407942677,1.5163054092724741
TACAGTGGTTAAGGGC-1,2.0680974364851274,0.5047865434487284
TACAGTGGTTAGTGGG-1,-0.33168528074280834,2.62399371703462
TACAGTGGTTGCCTCT-1,-12.21204653972642,1.5303003414471568
TACAGTGTCACCTTAT-1,-0.9520242571260176,-1.3718769923846303
TACAGTGTCAGAGCTT-1,2.023794019279317,0.9129005297024668
TACAGTGTCAGTCAGT-1,-10.37031069988267,3.1407180651028574
TACAGTGTCCAAACAC-1,2.5855542064283648,-2.2970420495669424
TACAGTGTCGGAAACG-1,-10.784595405998394,2.158396564324659
TACAGTGTCGTAGATC-1,0.8121000171278276,2.526673160393995
TACAGTGTCTAACTGG-1,2.236304128227071,-2.959655441443163
TACAGTGTCTCTAGGA-1,5.916262710151509,0.5176022871334971
TACCTATAGACAAAGG-1,2.1636525035475054,-2.95283094803496
TACCTATCAAGAGTCG-1,2.6370108962629595,-0.08776394287748918
TACCTATCAAGCGTAG-1,1.4841700435255327,-2.8533119336764394
TACCTATCACCGCTAG-1,6.436631763038472,0.6851871832211436
TACCTATCAGACGCAA-1,2.0512941718672075,2.046439610322279
TACCTATCAGATGAGC-1,2.3844173789594927,-1.3464610950152456
TACCTATCAGTGGGAT-1,1.7405191302870073,-0.15520665804548844
TACCTATGTAAGTGTA-1,-11.521199142875835,-1.2362759486834585
TACCTATGTCCGAGTC-1,3.989236438331441,-1.2984635011355459
TACCTATGTCCGTTAA-1,-12.510906135978862,-0.19543633619948014
TACCTATGTCGCATCG-1,3.9410181880567827,-2.769263185660082
TACCTATGTCTCTCGT-1,-12.678715622368022,1.5197350605328501
TACCTATGTCTCTTAT-1,2.598044002113179,-0.7630583421389638
TACCTATGTGCGCTTG-1,2.4927397609327593,0.6922200544674815
TACCTATGTGGAAAGA-1,-0.016436850967570305,3.528121076424879
TACCTATGTGTCCTCT-1,3.0378871799085894,0.310514755447668
TACCTATGTTCAACCA-1,2.5823474765394487,-3.234855569998461
TACCTATGTTCCCGAG-1,4.823651397285298,-2.121335186163622
TACCTATGTTGCCTCT-1,4.7457953334425245,0.20151607682303802
TACCTATGTTTACTCT-1,4.5499664188001905,-0.5102155582110464
TACCTATGTTTGTGTG-1,3.5345874667738237,1.3617057426770152
TACCTATTCAACGAAA-1,4.038333499488667,-0.280570604006487
TACCTATTCATCACCC-1,3.4068776012037554,-1.558485187689501
TACCTATTCGACGGAA-1,-11.73560897106187,1.9727930649121226
TACCTATTCGGCGCTA-1,-10.062466537895366,0.012181907792848501
TACCTATTCTAACCGA-1,2.0103982329939165,0.04396904249982253
TACCTTAAGAGATGAG-1,0.15327807670576954,1.263002119859022
TACCTTAAGATCTGCT-1,-10.68946353191392,-0.8376667873065053
TACCTTAAGCCGTCGT-1,2.490851485786275,-3.0087010041873037
TACCTTAAGCGTAGTG-1,-0.5892970919038496,3.309176526864332
TACCTTAAGCTAGGCA-1,1.418630921897725,-3.0854970590273916
TACCTTAAGGACCACA-1,3.1922317386244097,-2.85691014687224
TACCTTAAGGTCATCT-1,5.269155108985737,-2.596836246649462
TACCTTAAGTATTGGA-1,2.0290120483015337,-0.37000698606176957
TACCTTAAGTGAATTG-1,1.8622041583631792,0.5472081228096903
TACCTTAAGTGTACTC-1,-11.768051063957378,-1.253481902281481
TACCTTACACAGCCCA-1,2.2667599559400835,2.5673721655209483
TACCTTACACGAAATA-1,-3.400383150520488,0.2939530833561839
TACCTTACACTTCGAA-1,3.043520057258443,2.1519013269741953
TACCTTACAGCTGTAT-1,4.652647578773335,-3.1588427201907217
TACCTTACAGTGACAG-1,-1.0214445053960524,0.32619845112161056
TACCTTACATGAGCGA-1,5.403361403999165,-0.09217863539858445
TACCTTAGTCGACTGC-1,-11.755727684440776,2.3503249510128916
TACCTTAGTGAAAGAG-1,-0.205492532196208,1.1764303072293223
TACCTTAGTGACTACT-1,-10.954352295341655,1.1037617548306407
TACCTTAGTGCACGAA-1,4.526498878059224,0.7750976308186472
TACCTTAGTTCGTGAT-1,1.949296319541768,1.6994535549481333
TACCTTAGTTGTCTTT-1,1.5641144157026567,-3.029815353552538
TACCTTATCACAGTAC-1,4.656849467811421,-2.9125789777438222
TACCTTATCACGCGGT-1,-2.0231960772897444,3.7574292047818125
TACCTTATCAGCGACC-1,0.40902456050856495,1.9785613640149058
TACCTTATCCTCCTAG-1,4.928047740516499,1.4588012321789683
TACCTTATCTCCAACC-1,-1.7618705391313276,3.2661076410611094
TACCTTATCTTGTCAT-1,0.823946321067647,-1.8682668582598745
TACCTTATCTTTAGTC-1,1.9329324603651323,1.4016338213284434
TACGGATAGAAGGACA-1,-11.959360039177104,1.2908480985958994
TACGGATAGACTTTCG-1,0.3758709073637285,-0.18892369429274186
TACGGATAGAGTAATC-1,-3.7793969272996626,0.09113981378571406
TACGGATAGCACACAG-1,3.0577665210340776,-2.5374201909701406
TACGGATAGCCAACAG-1,2.9732514262769976,0.12827773009733573
TACGGATAGCCAGAAC-1,2.0096808314894,-1.7033167258898794
TACGGATAGGATCGCA-1,2.7370878100965776,-0.7659476772944509
TACGGATAGTCGTACT-1,-11.469208633842632,0.7914157732327403
TACGGATAGTGAACGC-1,4.773215854224995,0.5914311929543437
TACGGATCAATGACCT-1,1.4819038749311724,-0.2972539142767964
TACGGATCACATGACT-1,-0.6703986882592878,-0.027506254712778178
TACGGATCACGCGAAA-1,0.24162133937819386,3.1122868879635752
TACGGATCACGGATAG-1,-10.864622986259624,0.16627562036113158
TACGGATCATCGGGTC-1,5.1571489215467725,-2.7654210702578603
TACGGATGTAAGAGGA-1,3.209467971381978,-2.9016188756625234
TACGGATGTACAGCAG-1,-11.212138092460796,2.2517321928341807
TACGGATGTACCAGTT-1,1.4580257773969927,2.6193295343716563
TACGGATGTAGCGTGA-1,6.472378337440327,-0.6463540569941579
TACGGATGTAGCTGCC-1,-12.316615021171733,0.6668020709355296
TACGGATGTCAACTGT-1,-11.703081047477886,-1.079678453604418
TACGGATGTCTAGTCA-1,-1.4226798548723898,3.5390833242733897
TACGGATGTCTCTTAT-1,1.8681367278669634,0.6495545132954539
TACGGATGTCTGCAAT-1,2.4815703273390093,0.3012788220246257
TACGGATGTGGCAAAC-1,4.975732886848286,-2.0594438687960683
TACGGATGTGTTCTTT-1,1.0487652659986773,1.3244558199246348
TACGGATGTTCCGTCT-1,-9.404450333061382,2.8237269743283213
TACGGATGTTGTTTGG-1,4.170763576087788,0.6967686637242259
TACGGATTCACTGGGC-1,5.3407050014112745,0.29567389925317183
TACGGATTCAGTGCAT-1,-0.24149135345475292,2.9865973814328135
TACGGATTCCGTACAA-1,2.583670222816304,0.26097340126828567
TACGGATTCGGCCGAT-1,-12.264674103202983,1.906521521409315
TACGGATTCGTACCGG-1,-1.9476651310350142,-6.864433921972948
TACGGATTCGTCTGCT-1,-11.760237610283061,1.5753326042492808
TACGGATTCTCGAGTA-1,-11.49537745708482,1.0898856743176402
TACGGATTCTCGGACG-1,2.2814670444105425,-0.4095991031329213
TACGGATTCTCTTATG-1,2.4004081130598345,1.07711609443025
TACGGGCAGAGACGAA-1,0.027644121703938485,1.5139900072415293
TACGGGCAGAGTGACC-1,5.056286895332173,-0.6873223559062063
TACGGGCAGCGCTCCA-1,2.658184373435811,0.5028295739491404
TACGGGCAGGGAGTAA-1,-3.622610247078105,-0.03671906153364762
TACGGGCAGGGCACTA-1,1.78633459812148,0.5384469850857676
TACGGGCCAAGCCTAT-1,-0.21936169857041454,2.0081445797284068
TACGGGCCAATCCAAC-1,-2.4287444710160933,1.6559260710080088
TACGGGCCACATTCGA-1,4.290696704444722,-1.8664293662707387
TACGGGCCACGGCGTT-1,3.2110582233045855,-3.1284894124667226
TACGGGCCACTGTTAG-1,-0.4102870582963667,0.05411989604429618
TACGGGCCAGCGTTCG-1,5.428568446693257,-1.0015633479754507
TACGGGCCATTGGCGC-1,0.6758809924696245,2.4141040666897715
TACGGGCGTAAGTGGC-1,4.862941348609761,-2.8938368932406484
TACGGGCGTACACCGC-1,0.7596014381025591,0.8542489631970347
TACGGGCGTACGCTGC-1,1.7193888068769732,1.5807543619473399
TACGGGCGTCCATCCT-1,1.1405866981123247,1.9880145414669932
TACGGGCGTCGCGGTT-1,-10.973670875969097,1.1841748579342783
TACGGGCGTCTCTTTA-1,-3.732264912071391,-0.37568721930189714
TACGGGCGTTAAAGAC-1,2.3496757388685503,-2.850993789831835
TACGGGCGTTCAGTAC-1,0.8431177974317827,2.3266893251736582
TACGGGCGTTGTTTGG-1,-0.7485730409051619,0.5316720827420176
TACGGGCTCAGTCCCT-1,1.0572808623884478,-3.2257513181368886
TACGGGCTCATGCAAC-1,4.380876624641255,1.1124934776623667
TACGGGCTCATGTCTT-1,3.182117545661763,-1.7659875528018056
TACGGGCTCATTGCCC-1,4.034372413215474,-1.3173845187823354
TACGGGCTCCAAGTAC-1,2.762225234565572,-1.5062535182635366
TACGGGCTCCACGTGG-1,-11.384334480705425,-1.8970252648989736
TACGGGCTCCCAAGTA-1,3.448262775001363,1.9960887058575572
TACGGGCTCCCATTTA-1,4.62364920383437,2.098995052178663
TACGGGCTCCCTTGCA-1,-0.26240888828293896,-0.18962103883429154
TACGGGCTCTATCGCC-1,0.364231908378438,2.1811774595578135
TACGGGCTCTCCCTGA-1,-11.710108673515483,-0.8350479976336538
TACGGGCTCTGCTTGC-1,3.363496863899068,-1.0443305150668203
TACGGGCTCTGTTTGT-1,-0.2529219746019087,1.759762726624769
TACGGTAAGATGCCAG-1,-12.133208191337749,2.2297144754727305
TACGGTAAGCCTTGAT-1,-3.3087357639695845,0.8155817015965403
TACGGTAAGCGACGTA-1,-0.3782915830041609,-0.27901376048727616
TACGGTAAGCGATTCT-1,5.606597507057026,-1.090482749144274
TACGGTAAGGATGTAT-1,0.9611211658094683,0.47872989614800826
TACGGTAAGTGAAGTT-1,3.9093128085706987,1.3812644108136118
TACGGTACACAGGCCT-1,3.8504906535719194,2.3285165651638926
TACGGTACACATGTGT-1,-12.990909492912456,1.0270880683262766
TACGGTACACCACCAG-1,-11.596942818107769,1.1610762699444712
TACGGTACACTGTCGG-1,-3.156733429374858,-0.42793122688933
TACGGTACACTTAACG-1,2.0420146823499956,-2.2346476689974843
TACGGTACAGCCTATA-1,2.7375784755323687,2.6586695535977305
TACGGTAGTAGTGAAT-1,-10.82740584606187,3.0134015901883067
TACGGTAGTCAACATC-1,5.200706088599995,-2.5032076017062246
TACGGTAGTTGGACCC-1,2.921389186439351,2.4898184164364756
TACGGTAGTTTGCATG-1,4.1242533565138135,-0.8856923953692495
TACGGTATCATGCATG-1,1.2423601985548296,-1.8955135718981801
TACGGTATCGAGCCCA-1,4.867530429420308,0.3993358834584178
TACGGTATCGCCTGAG-1,2.5620878577802935,-1.7339977399508535
TACGGTATCTAGCACA-1,4.348756396827534,-2.599162973562914
TACGGTATCTGGAGCC-1,-10.738890564384624,2.1505356653531016
TACGGTATCTGGTTCC-1,1.5640674472425737,-3.7049843446414052
TACGGTATCTTGCAAG-1,5.2214752078626905,0.3024091943104686
TACTCATAGAAACGCC-1,-12.035068428459331,2.5054572447140635
TACTCATAGACCTTTG-1,-3.522743141594096,-0.12008043388529405
TACTCATAGAGTAATC-1,5.051368796882466,-1.9080349580447256
TACTCATAGCGTAGTG-1,1.873955094871358,-3.7396594659487783
TACTCATAGGATGGAA-1,3.510331237373189,1.9225061758358897
TACTCATAGTACACCT-1,4.448146426734761,-1.3120608703295766
TACTCATAGTACGCCC-1,1.0084091067884722,3.385813079675001
TACTCATAGTCCGGTC-1,4.448449695167378,-1.8251808063189565
TACTCATAGTTAAGTG-1,-0.8828223704721174,3.580684505303663
TACTCATCAATGGAAT-1,3.059359157142476,1.2745349033673228
TACTCATCACAGACAG-1,-1.8039163708116255,3.5481518133480967
TACTCATCACAGATTC-1,0.06582483058913136,1.3948328121502818
TACTCATCACCTGGTG-1,0.4793604255293169,1.408135734399122
TACTCATCAGGGAGAG-1,4.175613486823872,-3.433354295889574
TACTCATCATACTCTT-1,4.059594714698628,1.606140456994337
TACTCATCATAGTAAG-1,0.7097893596266069,-0.8809081093470632
TACTCATCATATGGTC-1,4.410190188941792,-2.6272827760378896
TACTCATCATCTATGG-1,4.225918376502827,1.6984402759869517
TACTCATGTAGCGTGA-1,-11.585806763115093,0.9213528855641306
TACTCATGTCTAAAGA-1,-11.36966601604478,0.5278395636876048
TACTCATGTCTCAACA-1,-12.814569389763042,0.5122820957501353
TACTCATGTGTAACGG-1,5.18371590381606,-2.661293901602465
TACTCATTCAAAGACA-1,4.1105438113783155,1.5577628238995493
TACTCATTCACCGTAA-1,-12.297308838310405,0.36707507808999434
TACTCATTCAGATAAG-1,2.10166343456252,0.7308727725346507
TACTCATTCCAAACTG-1,0.41781529193861866,3.1381834371884287
TACTCATTCCAGAAGG-1,-10.54127589458482,2.719574533303541
TACTCATTCCAGATCA-1,0.37102993732436085,1.0194566472371043
TACTCATTCCGAACGC-1,0.0924125552748003,0.5840811653931559
TACTCATTCCGCAGTG-1,-0.22225240463273144,3.1600316389401377
TACTCATTCGAGGTAG-1,-10.896764671745464,1.1292688473065318
TACTCATTCGGCCGAT-1,4.555665099677876,-2.9187025205294668
TACTCATTCTTGTATC-1,3.1672917247389116,-2.664069332281786
TACTCGCAGAGAACAG-1,2.3179143310163774,2.3758705480893076
TACTCGCAGATAGGAG-1,3.588625037727193,0.29351317127541915
TACTCGCAGTTTAGGA-1,4.356158340034321,-2.1469520703951894
TACTCGCCATGCGCAC-1,1.847984874305562,2.3492658956845225
TACTCGCCATGGTAGG-1,3.405118072089986,1.1204114778836192
TACTCGCGTACCGCTG-1,-9.44126025432603,2.853377424081129
TACTCGCGTATAAACG-1,2.4493554473493853,0.12156362262861148
TACTCGCGTCGAGTTT-1,-10.932398712577983,2.579444967110914
TACTCGCGTCTCCACT-1,4.82102640872939,-2.2512845174471914
TACTCGCGTGAAAGAG-1,5.062881076392964,0.1013736011980036
TACTCGCGTGCGAAAC-1,0.6071350217436113,3.4990340097744883
TACTCGCGTGGACGAT-1,1.3450094104383745,-3.722167648474413
TACTCGCGTGTGCGTC-1,0.5727796197508135,3.4364729746182383
TACTCGCGTTACGGAG-1,2.555655086097554,-2.8600820676486074
TACTCGCGTTCATGGT-1,1.5086203456495562,2.030252776940626
TACTCGCGTTCTGAAC-1,4.672160232124165,-3.3162306920687734
TACTCGCGTTGAACTC-1,-0.55199787611024,3.342322669823927
TACTCGCTCAGTCCCT-1,4.032743537483052,1.2875315769513072
TACTCGCTCATCTGTT-1,2.5553058028791704,0.2614862545330943
TACTCGCTCCCATTTA-1,0.8871053100202837,2.71201976378755
TACTCGCTCCTTTCGG-1,0.804570043144063,3.6385298593838633
TACTCGCTCGTCCAGG-1,2.0437186599348345,-0.06964533785982713
TACTCGCTCTACTTAC-1,-2.9733943104173384,1.323197923501295
TACTCGCTCTGCGTAA-1,4.787817084846333,-3.264789261023241
TACTCGCTCTGTTGAG-1,2.0968621612165728,-3.0486029760043203
TACTCGCTCTTGAGGT-1,5.765366160926655,-1.4148637429873525
TACTTACAGAAGGACA-1,4.675275886115864,-1.1321292297045766
TACTTACAGCCAGTAG-1,-2.027140653076335,-6.9508849755923325
TACTTACAGGACAGAA-1,4.025464618263081,-0.4210606590907155
TACTTACAGGCGACAT-1,2.8428188205335894,-0.8249369637171804
TACTTACAGGGATCTG-1,1.3704656005476274,-2.064462341467577
TACTTACAGGTGACCA-1,-0.3061324715043745,-7.004493393103319
TACTTACAGTGAATTG-1,-1.9977565168763838,3.56832440932588
TACTTACCAAGACACG-1,2.8275748134229937,0.3490742369492473
TACTTACCACGAAACG-1,3.6063505054090776,-3.421160616080004
TACTTACCACGCATCG-1,4.7652936816786085,1.4943600519497813
TACTTACCAGCTTAAC-1,-0.4737353085900984,-0.10843608538313493
TACTTACCATCGGACC-1,2.23164447551711,-3.6879865304629385
TACTTACCATTGTGCA-1,4.2462859988783155,-1.2045991794268667
TACTTACGTAGAGTGC-1,2.8834663272474566,-1.5424712077776968
TACTTACGTGAGTATA-1,-0.7021764277841291,-6.98091761032744
TACTTACGTGGTGTAG-1,5.720638358650044,-1.2521032468478261
TACTTACGTTACCGAT-1,3.2411890864942827,-2.849951662222582
TACTTACGTTGCCTCT-1,-11.803234016838237,-1.056171693007189
TACTTACGTTTGTTTC-1,5.3340898395155225,-2.1666270867983877
TACTTACTCACAATGC-1,2.265604102668599,-2.162078298727709
TACTTACTCACATACG-1,1.9411311984632769,-3.569628872076708
TACTTACTCACCTCGT-1,2.49005135303481,-1.4830533639590322
TACTTACTCCAAATGC-1,2.4952765346144,-0.11048870543642625
TACTTACTCGGTGTTA-1,1.5292135120008745,-3.25308410088225
TACTTACTCTCCTATA-1,1.9620209575269976,0.6926273926098765
TACTTGTAGAGCCCAA-1,2.543039166984395,2.490838132699293
TACTTGTAGATATACG-1,5.679914081153706,-2.221763290564257
TACTTGTAGATGCGAC-1,1.8078609347914019,1.2478007896740855
TACTTGTAGCCACTAT-1,6.217259490547017,0.5454193278153361
TACTTGTAGCCTCGTG-1,4.8728705287550245,0.5868855937321604
TACTTGTAGCTGTCTA-1,-3.2227210163499556,-0.27539605657263383
TACTTGTAGGCCCTCA-1,2.0204263568495073,1.0981341822941721
TACTTGTAGGGCTCTC-1,3.201284492072896,1.5612661465008677
TACTTGTAGTGCCATT-1,4.0638590694044385,0.906799100240034
TACTTGTCAAGAAAGG-1,-9.379973328056499,2.9117613657315196
TACTTGTCAGCCTTTC-1,4.624139869270161,-0.09508240977926835
TACTTGTCAGCGTCCA-1,-1.9103542923356733,3.5091222151120127
TACTTGTCAGCTGTGC-1,3.568629348335103,-1.4755542651812612
TACTTGTGTAAGAGGA-1,-0.8261839508439741,0.19447692473725692
TACTTGTGTACTTAGC-1,3.611424052772359,-2.5134936944644033
TACTTGTGTAGGCTGA-1,3.8395210147474566,-3.2195557729403554
TACTTGTGTGTTGGGA-1,-10.547887718620464,-0.5483468548457204
TACTTGTGTTAAGATG-1,3.4022880435560503,-2.2976757661501943
TACTTGTGTTCAACCA-1,2.0227108836744585,-1.2737228051821767
TACTTGTTCAATAAGG-1,4.165585124549702,-2.5542840139071523
TACTTGTTCAGGCCCA-1,1.0421758533094683,-2.8078877107302724
TACTTGTTCAGTTGAC-1,2.662362659034566,-1.9134804383914052
TACTTGTTCCCAACGG-1,3.3741956592176714,-2.5497211591403066
TACTTGTTCGGTGTTA-1,1.9532018542860308,-2.970207132498461
TAGACCAAGAAGATTC-1,2.157867753562764,-0.3502017335097371
TAGACCAAGACGCACA-1,4.687428081092671,-3.216235555807787
TAGACCAAGAGAACAG-1,4.36930521732314,1.2107481582959116
TAGACCAAGATACACA-1,4.6832743526075635,-0.3170000688235341
TAGACCAAGATGGGTC-1,-0.5393759369279585,1.6453389747937144
TAGACCAAGATTACCC-1,-3.7570299267198286,0.22916083772973433
TAGACCAAGCGTAGTG-1,-1.991142129841014,3.374662242730421
TAGACCAAGGAGTACC-1,2.024068915901021,1.1076675279934824
TAGACCAAGTAGTGCG-1,2.6942923904035845,-2.307365097204882
TAGACCACAACACGCC-1,0.7384205699537554,-0.2725824789206563
TAGACCACAAGCGTAG-1,5.041502082404927,-2.5145053044955312
TAGACCACAAGGACAC-1,-11.793810760917827,-0.7689561025301992
TAGACCACAAGTTAAG-1,2.4493423343275347,2.6667776926358164
TAGACCACAATCACAC-1,-11.048430359306499,2.1116093023617686
TAGACCACACGTCTCT-1,2.2467027545545855,-0.80002794424696555
TAGACCACACGTTGGC-1,4.26551350360854,-2.2550307885806142
TAGACCACAGATCTGT-1,-0.5395541548158369,3.633479677041334
TAGACCACAGGAATGC-1,-12.52253810161607,1.0263160689671458
TAGACCACATTAGCCA-1,3.511054599342183,-1.9127151147524892
TAGACCAGTAAAGTCA-1,-0.13749173873917675,1.633119545777601
TAGACCAGTAGCGTGA-1,-4.001546060981914,0.07276245382921115
TAGACCAGTCAACATC-1,3.1998606563185015,-0.2206831947962819
TAGACCAGTCCGTGAC-1,3.325972640571431,2.131470285256666
TAGACCAGTCGACTGC-1,-0.8272949218179426,-1.3807926551501333
TAGACCAGTCGCGTGT-1,2.386788928565816,-1.796251334349352
TAGACCAGTCTAGAGG-1,-12.218281662407085,2.1133259161313
TAGACCAGTGAACCTT-1,2.790640437660054,-1.7250184194247304
TAGACCAGTTCACCTC-1,5.485389792976216,-1.7611627952258169
TAGACCAGTTCTGTTT-1,-12.218034660759136,0.7540800197918833
TAGACCATCAACTCTT-1,4.397578322944478,0.5472914203007639
TAGACCATCCTTGCCA-1,-10.435086166801616,-0.17371241013212785
TAGACCATCTCGTATT-1,2.746659362373189,-2.5576836244265615
TAGAGCTAGAAACGCC-1,2.3172264934156694,0.698835872014326
TAGAGCTAGATCCGAG-1,0.48555799728377247,0.6888799889882029
TAGAGCTAGCCAGAAC-1,-0.49205270999924755,1.532014571030897
TAGAGCTAGGATATAC-1,1.2665384650800982,-2.438272155920702
TAGAGCTAGGCGACAT-1,-2.7525823473359785,0.7409417255719126
TAGAGCTAGGTGGGTT-1,5.101211631355122,-0.3973601535956441
TAGAGCTAGTCCATAC-1,-10.660520470085308,2.38690670569734
TAGAGCTAGTGTCCAT-1,3.9103809238050737,1.8777234180767954
TAGAGCTAGTTTGCGT-1,4.493287169990376,0.476524077256483
TAGAGCTCACATCTTT-1,-3.4653071522142134,-0.3190510944525777
TAGAGCTCAGATCCAT-1,5.80858048206313,-1.2215457336108266
TAGAGCTCATCAGTCA-1,1.8137920737837114,1.4966785534222544
TAGAGCTCATGAGCGA-1,1.0610934138868608,0.06962364529566184
TAGAGCTGTCAATACC-1,-2.479073083343669,1.9881691559155406
TAGAGCTGTCACAAGG-1,-12.445043480339214,0.8776834233601511
TAGAGCTGTCAGCTAT-1,4.831799590644673,1.1912182195980967
TAGAGCTGTCCGCTGA-1,4.139257037696675,1.1667235716183604
TAGAGCTGTCCTAGCG-1,3.8783303142164507,-0.8222919480006277
TAGAGCTGTCTCACCT-1,0.18189474349959278,3.537450395425123
TAGAGCTGTCTTGTCC-1,-12.033117210807964,2.5945785864193858
TAGAGCTGTGCTCTTC-1,1.6869676948164263,-0.5735395924250661
TAGAGCTGTTACCGAT-1,-12.434391891899272,1.9842486008007945
TAGAGCTTCCAGAAGG-1,5.026302897987202,0.9908207877476634
TAGAGCTTCCTTGACC-1,1.743687713203267,-2.8872403279940664
TAGAGCTTCGCAAGCC-1,2.959984386024312,2.545361123879713
TAGAGCTTCGGCTTGG-1,0.7527976871107378,3.207986675103468
TAGAGCTTCTCGGACG-1,2.4309910178755083,1.651837192376417
TAGAGCTTCTCTTGAT-1,1.4099698901747026,2.3889287336667002
TAGAGCTTCTGGTATG-1,-11.15856925243394,3.071909747918409
TAGCCGGAGAATGTTG-1,4.243913257179097,1.7668294533093394
TAGCCGGAGAGCTGCA-1,1.2866130710218706,2.744751296838087
TAGCCGGAGATCGGGT-1,2.8092618823622026,0.42493622740106
TAGCCGGAGCCATCGC-1,-0.12654367679612255,0.12991855097309962
TAGCCGGAGTTTAGGA-1,4.97379740482314,-0.7072750703494131
TAGCCGGCACTCAGGC-1,5.738294684943989,1.050641201337141
TAGCCGGCAGCTGCAC-1,0.12793513542158985,1.2249211891491831
TAGCCGGCAGGTCCAC-1,1.9496374965284624,-1.3025640622775136
TAGCCGGCATCCGTGG-1,4.981575095710591,0.8251065238316477
TAGCCGGCATCGGAAG-1,4.787413680610493,-3.0753773824374258
TAGCCGGCATCGGTTA-1,4.429052913245991,-1.8997434751193105
TAGCCGGCATGCAATC-1,1.154233539161519,-3.275197185675341
TAGCCGGCATTCTCAT-1,3.630991065559224,-3.4212259427706777
TAGCCGGCATTGGGCC-1,0.9528084636305132,2.6342743261654795
TAGCCGGGTAAAGGAG-1,-1.6056800841714582,3.5510671957333506
TAGCCGGGTACAGTTC-1,-0.8093878685857496,0.7083747013409556
TAGCCGGGTATATCCG-1,0.9464553237531939,0.11557133672134295
TAGCCGGGTCGGGTCT-1,2.3536363483045855,2.6493190153439463
TAGCCGGGTCTAACGT-1,1.5798350215528765,0.7434019668896616
TAGCCGGGTGGGTCAA-1,-1.201835802140399,3.626694999535841
TAGCCGGGTTATGTGC-1,1.33742102390273,-2.5252336637179433
TAGCCGGGTTTGGGCC-1,1.3145383239362993,0.36241843541459456
TAGCCGGTCCACTCCA-1,-11.42103377574937,1.940327845414442
TAGCCGGTCCGCAGTG-1,4.464339339790181,0.7545227034886302
TAGCCGGTCCTGCTTG-1,1.5730727553938189,2.3141358717282237
TAGCCGGTCCTTCAAT-1,-0.04188219303147411,2.1599539144833506
TAGCCGGTCTCCAACC-1,2.0561653018568316,0.14106456925467864
TAGCCGGTCTTGTTTG-1,4.360866630134419,2.1455369814236582
TAGGCATAGCCAGAAC-1,3.8674250484083452,-0.9249549285571157
TAGGCATAGCTAGTGG-1,-0.9774278163339338,-6.630822338263231
TAGGCATAGTCCGTAT-1,3.7449160457227983,0.20458883782224074
TAGGCATCAACGATCT-1,1.33457096820815,-1.8274197951952993
TAGGCATCAAGCCTAT-1,2.011457765159444,2.862420402367872
TAGGCATCAATAGCAA-1,-0.5780967234994612,-0.11444991091890916
TAGGCATCACACTGCG-1,0.6348242402647295,0.8318155630429209
TAGGCATCAGATAATG-1,3.5840469241712847,-3.481754936377245
TAGGCATCAGGAACGT-1,3.5695057750318804,0.43925469358758346
TAGGCATGTAAACCTC-1,0.039898479041890145,1.7301741464932383
TAGGCATGTAGTGAAT-1,4.384644115028218,-1.2793273107211172
TAGGCATGTATCACCA-1,0.9412740111921587,0.2310944422085704
TAGGCATGTATTCGTG-1,2.698723399696187,-2.824950374762255
TAGGCATGTCCAGTGC-1,5.43441637760146,-1.8382821456591665
TAGGCATGTGCACTTA-1,2.5075436473463335,0.55953597267465
TAGGCATGTGTAATGA-1,-2.0916692375566206,-6.978637851874071
TAGGCATTCAAACCAC-1,-11.251773750724956,-1.0869192258517324
TAGGCATTCAAGCCTA-1,-3.3067099213029585,0.9592859967549265
TAGGCATTCACGCGGT-1,0.2657723069761553,2.7699955328305186
TAGGCATTCCGCATCT-1,3.4458609462354937,-1.5030179397265493
TAGGCATTCCTTTCTC-1,6.520850741920308,0.8538283928234995
TAGGCATTCGCAGGCT-1,3.556816661414937,-2.4112011567751943
TAGGCATTCGTAGATC-1,4.57589586978896,1.8625861032803477
TAGGCATTCTCCCTGA-1,2.404653394279317,0.07282644686595813
TAGTGGTAGAAGCCCA-1,6.579687678870991,0.18186746527747527
TAGTGGTAGAAGGACA-1,-3.3782335876847944,-0.520033039252001
TAGTGGTAGAATGTGT-1,0.9084156394575396,3.2040184362729014
TAGTGGTAGACTAGGC-1,2.196399533805684,1.0994914396603526
TAGTGGTAGCTCTCGG-1,3.8393665195081987,-1.06245008865996
TAGTGGTAGTGACATA-1,-10.180413162651226,-0.3070562259356557
TAGTGGTCAATGACCT-1,-0.8378463148500166,0.5330470426876963
TAGTGGTCACATGACT-1,1.3479181171034136,0.10712589918942467
TAGTGGTCACGTCAGC-1,0.9650066733930864,2.4781742914517344
TAGTGGTCACTTGGAT-1,-3.2522752642060957,-0.5351060406367361
TAGTGGTGTAAGTTCC-1,2.022570693549947,0.41043709953622237
TAGTGGTGTACCCAAT-1,4.8465338588331495,0.5185477658112467
TAGTGGTGTATAGGGC-1,-12.208107864799663,1.9696597679455699
TAGTGGTGTGCATCTA-1,-0.3156684398080549,-6.529023327032762
TAGTGGTGTTACGACT-1,3.025688254890279,1.3296978100140513
TAGTGGTGTTACGTCA-1,-1.0305204748536787,3.5582359655697764
TAGTGGTTCATTTGGG-1,1.7903128505323687,-2.4291979448000967
TAGTGGTTCGCGATCG-1,2.681443536338643,0.8180780633290232
TAGTGGTTCGGTGTCG-1,-3.8615998386766157,0.05291001116232291
TAGTGGTTCTGTTTGT-1,1.2824984431837358,-3.109670318762499
TAGTTGGAGAAGATTC-1,-3.402442371788188,0.4779709502060832
TAGTTGGAGACCTTTG-1,2.7359066844557085,-1.6684154645602285
TAGTTGGAGACGCAAC-1,4.917401874122456,0.18555694808558837
TAGTTGGAGATAGCAT-1,-9.389339363517925,3.172225557168287
TAGTTGGAGCCGGTAA-1,4.421010100898579,-3.7162243501345693
TAGTTGGAGCTAAGAT-1,2.2444558978651323,2.599607072671217
TAGTTGGAGGCTACGA-1,2.2314582706068316,2.599923930962843
TAGTTGGAGTCATCCA-1,2.0924507022474566,-3.221606172720629
TAGTTGGAGTGTGGCA-1,2.966120803413228,-3.225790180365282
TAGTTGGAGTGTTGAA-1,2.9927492976759233,-2.326594032446581
TAGTTGGCAACCGCCA-1,3.81817635303481,-0.7778337971369802
TAGTTGGCAAGTCATC-1,2.794996821937398,2.5314188822110117
TAGTTGGCAATGGTCT-1,4.328088367042378,1.002403758366865
TAGTTGGCACGAAAGC-1,-12.265986359062358,0.7446370347340525
TAGTTGGCAGCTGTGC-1,3.746358478126363,1.993894420464796
TAGTTGGCAGTAACGG-1,2.223029220161275,1.1112832649548472
TAGTTGGCATGCAACT-1,3.202934825477437,-3.2079450265566885
TAGTTGGCATGTAAGA-1,4.592884624061421,1.3261788709958018
TAGTTGGGTAAGGGAA-1,6.0234723926161085,-0.9930677787463247
TAGTTGGGTAGCAAAT-1,3.0277162433241167,-3.198856748739916
TAGTTGGGTCATCCCT-1,2.9275666118238726,2.199014507134718
TAGTTGGGTCCGAGTC-1,1.4770973563764849,2.0144419296582163
TAGTTGGGTCTTGTCC-1,4.895502173957661,0.5306441708405436
TAGTTGGGTGCAACGA-1,1.9159980655287066,-3.8321284429232656
TAGTTGGGTTGAGTTC-1,-1.2776374875928602,3.307385288079542
TAGTTGGTCCCGGATG-1,2.785252654609517,-1.0203057901064931
TAGTTGGTCCGAGCCA-1,4.111866557655171,0.7112760766346873
TAGTTGGTCGGTCTAA-1,-0.5470556973840437,1.2331950290997447
TATCAGGAGAATGTTG-1,-12.604031479301616,1.5275594814618052
TATCAGGAGACAGAGA-1,3.9482193828199663,-0.18264535824461564
TATCAGGAGAGGTTGC-1,2.4320410132978716,-2.49444095055266
TATCAGGAGATATGGT-1,1.7457154632185259,-2.1268808023135244
TATCAGGAGATCCTGT-1,3.978987777290181,-3.088833488623339
TATCAGGAGCACACAG-1,-1.9357809185411177,3.663358293374342
TATCAGGAGCGATCCC-1,2.26907762294753,2.1689771040280283
TATCAGGAGCGCTCCA-1,-0.19021157020585155,1.7821920736630381
TATCAGGAGCGTGAAC-1,2.478771770057515,-2.795576728979784
TATCAGGAGCTAGCCC-1,2.1079281211469927,-0.06021390120192155
TATCAGGAGGCAATTA-1,-11.988546287956401,-0.10962494472666368
TATCAGGAGGCAGGTT-1,4.167573535499409,-2.4660531655947744
TATCAGGCAAGCGCTC-1,-10.201207077446147,0.6109738572438181
TATCAGGCAATGAAAC-1,-10.229967987480327,-0.3509308175246297
TATCAGGCACAACGTT-1,0.15917011505110645,2.0992899759610117
TATCAGGCACAGACAG-1,5.222524726447896,-2.3194405213992177
TATCAGGCATTCGACA-1,-0.7950085758592329,0.390814266999525
TATCAGGGTAAGTAGT-1,3.558741653022603,-3.337211527029711
TATCAGGGTAAGTTCC-1,6.236697280464009,0.2856513186295451
TATCAGGGTACATCCA-1,2.3476756454084673,-1.8408853189150869
TATCAGGGTAGCGCAA-1,2.9869156718824663,0.008355110784334097
TATCAGGGTCCGTGAC-1,-3.380753910484477,0.910036884148878
TATCAGGGTCTGCAAT-1,-0.620819246711894,0.48295851786927596
TATCAGGGTGCAGTAG-1,5.130444610175923,-2.279479421774584
TATCAGGGTGCCTGCA-1,2.197913491782979,-3.5958208219210683
TATCAGGGTTATCCGA-1,-3.387608206215068,0.07597734396652595
TATCAGGGTTCCAACA-1,4.232074821052388,0.8945068939526499
TATCAGGGTTCCACTC-1,4.725544059333638,-3.0705806390444814
TATCAGGGTTCCGGCA-1,-2.7157845854188642,1.0493968947728098
TATCAGGGTTCGCTAA-1,3.4286394954298296,1.0523776038487376
TATCAGGGTTGCTCCT-1,1.2451344371412554,-1.7351731435458242
TATCAGGTCACGACTA-1,3.5022264361952105,-0.8789402023951589
TATCAGGTCCACTCCA-1,-1.874637639465495,-6.920566238562303
TATCAGGTCGATCCCT-1,4.954451644477681,-1.8053470031420766
TATCAGGTCGCATGGC-1,6.299940192756489,0.31417842944459334
TATCAGGTCGGCCGAT-1,2.711260879096822,-2.1881324426333486
TATCAGGTCTCGAGTA-1,4.294087970313862,1.4182781799633921
TATCAGGTCTTCAACT-1,-0.20346442455308056,1.8646769150097788
TATCTCAAGACGACGT-1,-1.944232857170268,3.411279283364576
TATCTCAAGAGTGACC-1,1.2476988673780718,0.7869538887341441
TATCTCAAGCCATCGC-1,-10.194103157463237,-0.20230231444044694
TATCTCAAGGGTGTTG-1,2.6911681533430376,0.9792673810322703
TATCTCAAGTCATCCA-1,-0.424734270515605,-1.1485083476702749
TATCTCAAGTTGAGTA-1,2.5552373767469683,-0.07795935134096726
TATCTCACACCGAAAG-1,0.9489973426435747,-2.7970284597079336
TATCTCACACCGATAT-1,-3.4382998108293257,-0.523464001814562
TATCTCACACGGCCAT-1,-0.24793759578721142,1.7615074737866343
TATCTCACACGTGAGA-1,-2.035888826790019,-0.8317334429423391
TATCTCACAGACGTAG-1,2.3805502296064653,0.39494460066155807
TATCTCACAGCTCGAC-1,3.3670178294752398,0.4273946805794658
TATCTCACATGCCTTC-1,4.072769248542622,-1.4288496152560293
TATCTCAGTAGCGTGA-1,3.4520226359937944,-2.787554420630175
TATCTCAGTATATCCG-1,-12.493871605339214,2.321676812966627
TATCTCAGTCCGAATT-1,-0.4083975910569868,1.0798464043934763
TATCTCAGTCCGAGTC-1,2.1464942336653032,-3.2591511384646474
TATCTCAGTGAGCGAT-1,0.34246476894362354,1.8801267965634287
TATCTCAGTGATAAGT-1,3.294774138984517,-0.01283179978533372
TATCTCATCATAACCG-1,3.6901603580091753,-1.4037558213870107
TATCTCATCCACGAAT-1,2.875291431007222,0.49683874090508834
TATCTCATCCATGAAC-1,-11.66667929882066,-1.0190997497241079
TATCTCATCCTCCTAG-1,4.615593516883687,1.6589078529675425
TATCTCATCGACCAGC-1,-1.60047838682191,-7.110738910834032
TATCTCATCGCCATAA-1,3.8826557040785112,-0.37215388576193437
TATCTCATCGCTGATA-1,-11.865584289970561,0.7827900870640696
TATCTCATCTACGAGT-1,1.8987172484968462,0.4565990491707744
TATCTCATCTGGTGTA-1,-0.19598177665726757,-6.985578216711717
TATCTCATCTTGCATT-1,-0.42865560049073315,1.842581592400831
TATGCCCAGAATTCCC-1,-0.07358292335526562,1.3976872785885752
TATGCCCAGACTGGGT-1,-9.864710724296733,3.2721274717648448
TATGCCCAGCAAATCA-1,4.551913344917134,0.5615448578198374
TATGCCCAGGAGTTGC-1,0.5154692769621172,2.5616453512509287
TATGCCCAGTTGAGTA-1,-9.42875853771226,2.862551771004957
TATGCCCCAAGAAGAG-1,4.8990970492933545,-0.09530306617422685
TATGCCCCACGGTAGA-1,-11.206561958732769,3.087907396157545
TATGCCCCACTTACGA-1,5.156351649818257,-1.1673906222979604
TATGCCCCAGTTCCCT-1,1.9752756000135698,2.5406726225216807
TATGCCCCATTCTTAC-1,1.8000751376722612,1.8715577944119395
TATGCCCGTAATTGGA-1,1.1204145789716997,-1.9087316171328603
TATGCCCGTACGACCC-1,-12.800302421989604,-0.031006910006242838
TATGCCCGTAGCTGCC-1,2.73071297412856,0.19300939877824203
TATGCCCGTAGGGTAC-1,-11.528773224296733,2.0916030033429087
TATGCCCGTATAATGG-1,-2.6917508005525312,0.21731992801026717
TATGCCCGTCATCGGC-1,-11.19680110210435,1.0274956448872508
TATGCCCGTCGTTGTA-1,4.731584155616597,0.6013232096035899
TATGCCCGTGCAACTT-1,-0.5311223029519758,0.8300674780209483
TATGCCCGTGGCTCCA-1,4.173668468055562,-2.795078672568041
TATGCCCGTGGTCCGT-1,3.4667082667921343,0.8292548282940806
TATGCCCGTTACCAGT-1,4.56425675159438,0.6727283223469676
TATGCCCTCAACCATG-1,-11.911764061393901,2.7674482687313975
TATGCCCTCAACGGGA-1,-0.6321417450334272,0.8146799429257334
TATGCCCTCACGCATA-1,5.22683581119521,-2.840617574850756
TATGCCCTCGGCTACG-1,4.014509284553364,-0.02295929948492631
TATGCCCTCGTTACGA-1,5.436336124000386,-1.546203054587084
TATGCCCTCTCTAGGA-1,-0.036799824180766105,1.5877318008740366
TATGCCCTCTGTCAAG-1,2.377018296775655,2.078748665650648
TATGCCCTCTTCATGT-1,0.08453675514204884,0.9025364144642771
TATTACCAGAAACCAT-1,4.100779140052632,0.09674886930109278
TATTACCAGAATTGTG-1,-0.34349337810532665,1.5725279672940196
TATTACCAGATAGCAT-1,-1.0951886087085447,-0.6574578062693655
TATTACCAGATCCGAG-1,3.316554153022603,-0.6050398127238332
TATTACCAGCCCGAAA-1,-10.231812393608257,-0.011055365304189768
TATTACCAGGTAAACT-1,-10.762977516594097,2.2906773908932627
TATTACCAGTACCGGA-1,4.469832503852681,-2.9670273439089834
TATTACCAGTGAAGTT-1,-1.4681676685239515,3.4077733381588877
TATTACCAGTGACTCT-1,4.83806570774062,-2.4203240052859365
TATTACCCAACGCACC-1,4.103429877815083,-1.4669733421008169
TATTACCCAAGGTGTG-1,-0.6324332117463789,1.3599202259381236
TATTACCCAATGGTCT-1,1.1603778243635454,3.1926709040005625
TATTACCCATGTAAGA-1,2.3309856296156206,0.8019289596875132
TATTACCCATTGCGGC-1,4.165673816261128,0.5605776830513896
TATTACCGTAGCCTCG-1,-0.6967863797570906,0.8982325418789805
TATTACCGTCCAGTAT-1,1.6304291129682817,-2.3025895730654775
TATTACCGTCTAGCCG-1,-3.34876004451768,0.6340385897953928
TATTACCGTGCTGTAT-1,-0.2770293115998945,1.6373079641659678
TATTACCGTGGGTATG-1,-0.4222855328942976,1.8216132744152964
TATTACCGTTCAGCGC-1,-12.065470611992046,0.8297808988888682
TATTACCGTTCCGTCT-1,-0.7727598308946333,0.8242007120449961
TATTACCTCAAACCAC-1,6.74756916767104,0.15238737305001632
TATTACCTCAATACCG-1,5.026602351722554,-1.613849915663439
TATTACCTCACCAGGC-1,2.9096499324415483,-3.387095846335131
TATTACCTCACTCCTG-1,-0.6943410992051802,0.2893007024128856
TATTACCTCAGTTTGG-1,-11.830024635734722,-1.0380820409457265
TATTACCTCCTAGTGA-1,1.4160896182630816,3.2061055525143565
TATTACCTCGGAGCAA-1,2.646092498359517,-1.224712289969164
TATTACCTCGTCACGG-1,2.5310088039015093,-2.092829145590502
TATTACCTCTAAGCCA-1,0.47373970752699757,3.190794311364454
TCAACGAAGAAGAAGC-1,0.16123327022536182,3.5429044588406504
TCAACGAAGCGGCTTC-1,-11.72272006267564,2.904623828728956
TCAACGAAGGAATGGA-1,2.6829796672437944,1.3795139416058482
TCAACGAAGGACAGAA-1,-11.991474068107769,1.6306193693478526
TCAACGAAGGTGTTAA-1,4.372584426460103,-2.438454546133715
TCAACGAAGTCGTACT-1,2.458209121284322,2.23761471350984
TCAACGACAAACGCGA-1,2.0593500972364702,2.5904744489987315
TCAACGACAACTGCTA-1,0.6856407762144365,-1.5008672849337636
TCAACGACACGGCGTT-1,3.028569305000142,-1.597671069304186
TCAACGACACTTGGAT-1,-0.7595473288919172,1.0407568438847483
TCAACGACAGGGTTAG-1,2.775604331550435,0.996764384110731
TCAACGACATCAGTAC-1,2.8884244800184526,0.7600617631276072
TCAACGACATTGTGCA-1,-11.045102035942241,1.653101168473524
TCAACGAGTAAAGTCA-1,2.657341086921529,-3.6033589021365224
TCAACGAGTCCAAGTT-1,-1.4222205787326536,3.6615811212857188
TCAACGAGTGCGGTAA-1,4.299828136024312,-3.7814897672335683
TCAACGATCCGTACAA-1,3.7596255183790483,1.1477883680661143
TCAACGATCGCGCCAA-1,0.6619140744779863,-2.505743660132128
TCAACGATCGGAATCT-1,-0.27716056102768993,-0.8291550056140005
TCAACGATCGGTCTAA-1,3.6562958598707476,-0.7471742407481252
TCAACGATCGTGGACC-1,5.352052295265034,-1.3297379390399038
TCAACGATCTTGTACT-1,4.225365245399312,0.6413234098751963
TCAATCTAGAATCTCC-1,3.2492242694471636,-0.47652236382170304
TCAATCTAGAGGGCTT-1,2.734264934120015,-0.18642968694372758
TCAATCTAGCGTAGTG-1,1.799938285407857,-2.0032424108187734
TCAATCTAGTACGTAA-1,2.7053471446607866,-1.7205753699938833
TCAATCTAGTCGCCGT-1,-0.17474166149155712,0.19864245494202987
TCAATCTAGTTCGCGC-1,3.1028195262525835,-1.895727790991503
TCAATCTCAACGATGG-1,-0.27198973888413525,-1.4834409133593618
TCAATCTCACAAGTAA-1,-0.6952265858079634,-1.3056769744555532
TCAATCTCACCCTATC-1,-12.307732498588726,2.5697902067501963
TCAATCTCAGATCGGA-1,-0.17278770202653027,-6.923059620062547
TCAATCTCAGTCACTA-1,2.0549329162214556,-2.7138744966189443
TCAATCTCATTCGACA-1,3.80802592044814,2.2715702875454844
TCAATCTCATTGGTAC-1,-1.7185490190412245,3.3392933233578623
TCAATCTGTAAACCTC-1,2.3058553577039995,-1.1286282912890493
TCAATCTGTAAGTGGC-1,3.9364148021314898,-3.755820907751757
TCAATCTGTAGGGTAC-1,3.5592962146375933,0.30119080086545363
TCAATCTGTCATACTG-1,0.18950756793959522,-0.8205538169543325
TCAATCTGTCCCTACT-1,0.2646077514265337,3.219797454675001
TCAATCTGTCGCCATG-1,-3.774162447395488,0.36645766337708846
TCAATCTGTCTAGGTT-1,4.922203147468403,-2.835286535422045
TCAATCTGTTAAGGGC-1,2.0689450145338335,-2.282653011481005
TCAATCTTCAACACCA-1,-11.443506157341167,2.852748952706617
TCAATCTTCACTTCAT-1,2.980069243964986,-0.6698797718684255
TCAATCTTCAGAAATG-1,3.2817726970289507,-1.4321558849017202
TCAATCTTCCAGTATG-1,4.934577548560933,-1.733990468184191
TCAATCTTCCGTTGTC-1,6.141037547645405,0.9717801435788096
TCAATCTTCCTTAATC-1,5.3587079883192335,-2.198432363669115
TCAATCTTCTCTAAGG-1,1.074589335975484,2.2321718557675303
TCAATCTTCTTGACGA-1,3.838331782874898,-3.6319231168429433
TCACAAGAGAGGGCTT-1,5.229244792518452,0.8289954884846629
TCACAAGAGGTGGGTT-1,-11.677741920890972,0.9838969333966197
TCACAAGAGTTGAGTA-1,-0.19179967636124706,-6.757195629278856
TCACAAGCAAACAACA-1,-1.0602300673152647,-1.501641787687975
TCACAAGCAATCAGAA-1,-1.6492297410394392,3.6495514734585703
TCACAAGCACAGCGTC-1,0.38945671325667286,2.0916208847363413
TCACAAGCACGAAAGC-1,-10.238405144157573,0.2600858881075801
TCACAAGCACGGATAG-1,2.178142869529561,0.0092783792813243
TCACAAGCAGTTAACC-1,-2.012729442062541,3.4876535757382334
TCACAAGCATCATCCC-1,4.645463550147847,-1.9423703328768789
TCACAAGCATGTCGAT-1,-0.6676354765321455,3.424150310357374
TCACAAGCATTCTTAC-1,4.026461684760884,0.37175398310021773
TCACAAGCATTGGTAC-1,4.7264591098402295,1.6893899067242564
TCACAAGCATTTGCCC-1,-1.9805256485368452,3.4560802801449717
TCACAAGGTACTCTCC-1,-0.5566823243524275,0.7890481575329722
TCACAAGGTAGAGTGC-1,-3.1884668230439863,0.9460011943180979
TCACAAGGTCACCTAA-1,-10.894399559440776,1.51778729995088
TCACAAGGTCGCATAT-1,2.535543286857442,1.671502195199293
TCACAAGGTGCTTCTC-1,5.705936515388325,-1.0935140029589712
TCACAAGGTTCGAATC-1,-0.6359349846269331,-6.763971962134081
TCACAAGGTTGTGGAG-1,0.1513032556150713,1.9923234804470957
TCACAAGTCAAACCAC-1,3.4986096263502398,-1.0807028190295278
TCACAAGTCAAACCGT-1,4.257106387672261,0.8776964171727122
TCACAAGTCAGCGATT-1,4.487673366126851,-2.8524781839053213
TCACAAGTCCAGATCA-1,0.25790735488875294,-0.6932446734110891
TCACAAGTCCTCAACC-1,-3.0628487228776655,1.1353205068905772
TCACAAGTCTCGCTTG-1,-1.8002733945275984,3.6446271761258067
TCACGAAAGAAACGAG-1,0.005964601096943856,1.4876647814114512
TCACGAAAGACAATAC-1,2.3814633727644243,1.4896645172436656
TCACGAAAGCTGCAAG-1,-0.8566280662442884,3.104025922616285
TCACGAAAGCTTATCG-1,3.4941373706434526,-3.590892709891039
TCACGAAAGGCTAGGT-1,3.849820697364644,-1.7245115415255605
TCACGAAAGGGTCTCC-1,-10.07561198467271,-0.12211354831858262
TCACGAAAGTGGGATC-1,0.2935626149748125,3.4154208525021494
TCACGAACAAGCGATG-1,3.4061036944959917,-2.0694076196353017
TCACGAACAAGTCATC-1,0.9012454391096392,-1.742049492994982
TCACGAACACAGAGGT-1,3.1741386294935503,0.05529421557979003
TCACGAACACCAGTTA-1,4.528844440040425,-2.001464523474413
TCACGAACAGGTTTCA-1,0.3471897483442583,0.8364964946110667
TCACGAACAGTAACGG-1,2.6863366008375444,2.266475759347242
TCACGAACATCAGTAC-1,-1.9435297011758528,0.5431051476796092
TCACGAACATCCCATC-1,-12.34061614269273,1.4012298210461558
TCACGAACATCGATTG-1,2.8626976848219194,-3.477461256186205
TCACGAACATGGGAAC-1,0.42670997386916065,1.2722981794674815
TCACGAACATTGGTAC-1,2.053893888053731,-3.1703354493777334
TCACGAAGTATGGTTC-1,-11.307954704704448,-1.2153231279055654
TCACGAAGTCGGGTCT-1,-11.032627022209331,2.5250116213162364
TCACGAAGTCTCAACA-1,5.304003799018696,-0.8888769523303091
TCACGAAGTGGGTATG-1,-3.1811749100114546,-0.7416088358561574
TCACGAAGTTAGGGTG-1,2.407212340888814,-1.49451795975371
TCACGAATCAAGCCTA-1,5.38841446643813,-0.611978508631426
TCACGAATCACTTACT-1,3.4465466380689898,-2.042139448324877
TCACGAATCATTGCGA-1,-0.671265339794322,-0.5092928187052785
TCACGAATCCACTCCA-1,5.134806716499165,0.02080973972873107
TCACGAATCCGAACGC-1,-0.4963674902345381,1.975215278466505
TCACGAATCCTTGACC-1,5.776381576118306,-0.10583243529005631
TCACGAATCGGATGGA-1,5.251854026374653,-2.8178249971072256
TCACGAATCTCAACTT-1,0.9981914401624956,-3.5129682199160635
TCACGAATCTCGCTTG-1,0.6194772363279619,2.3536721094448985
TCAGATGAGAAACCTA-1,3.3405509830091753,-2.7698623315493642
TCAGATGAGAGAGCTC-1,-12.056520378532573,2.0730205400784434
TCAGATGAGCTCAACT-1,-2.865603721084758,1.3539331777890147
TCAGATGAGGTGACCA-1,-1.7105201839830122,-0.8306601421038686
TCAGATGCAATCCGAT-1,-10.292263901176616,-0.12411399940653428
TCAGATGCACGTGAGA-1,2.438332879600362,1.3150760753949107
TCAGATGCAGCTGTTA-1,3.4603968501661577,-1.7206306831042348
TCAGATGCAGTGACAG-1,-0.8174322306539259,1.4890771730740489
TCAGATGGTCATATGC-1,1.6017897964094439,-2.791285194555956
TCAGATGGTCCTCTTG-1,1.9612539649580278,0.14829007526235
TCAGATGGTGCCTGTG-1,2.355368220863179,-1.2757807151476919
TCAGATGGTTAAAGTG-1,0.9398730636213579,3.4139204843838633
TCAGATGTCAATCTCT-1,1.3073325992201128,2.408182464440626
TCAGATGTCACCTTAT-1,1.7681947589491167,-0.08141338090105638
TCAGATGTCCGTAGTA-1,2.049342238960103,-2.8111819402377187
TCAGATGTCCGTCAAA-1,-0.5225938319589338,1.329306207497877
TCAGATGTCCTTCAAT-1,1.3394502044294634,0.20982258011893645
TCAGATGTCTACCTGC-1,4.830226504859761,-1.1207260266940176
TCAGATGTCTAGAGTC-1,-9.38713256114976,3.204686723550123
TCAGATGTCTCGATGA-1,1.0644033790205278,1.4520202501614512
TCAGCAAAGCATCATC-1,-11.713553345146343,2.664464555581373
TCAGCAAAGCGTAATA-1,-11.223841583671733,-1.9603678361575185
TCAGCAAAGCTGGAAC-1,-10.644389069023296,2.4139426573117198
TCAGCAAAGGTGATAT-1,-12.770197784843608,0.8607088549931468
TCAGCAAAGTTGTAGA-1,-0.814217901172801,1.0190134867031992
TCAGCAACAAATTGCC-1,3.5150767207716265,-1.3465012685458242
TCAGCAACAATGGATA-1,5.781135642585591,0.5579339190323771
TCAGCAACACACTGCG-1,-0.800933992805644,1.5462798698742808
TCAGCAACACTAAGTC-1,-3.3313585876847944,-0.27417308847113236
TCAGCAACAGCATACT-1,5.411283099708394,0.1122926547129573
TCAGCAACAGCGTTCG-1,6.56593378787978,0.6026841624577464
TCAGCAACATAGACTC-1,4.1847368121717725,-3.3533679620425283
TCAGCAACATCACGAT-1,-0.6343810319329939,1.2145840748150767
TCAGCAACATGCCACG-1,4.580411040839985,0.4519627614815654
TCAGCAACATTACCTT-1,-0.8230337261583052,0.17032071193055526
TCAGCAAGTAAACCTC-1,3.2755819202039995,-1.9780582563082754
TCAGCAAGTAGATTAG-1,-0.8388532161142073,0.2492727561791362
TCAGCAAGTCGCATCG-1,3.8104821086500444,-1.3303939477603017
TCAGCAAGTGAAAGAG-1,3.822840774116353,1.5491412504513682
TCAGCAAGTTACCAGT-1,0.016799652633503914,1.4614183529217661
TCAGCAAGTTATCACG-1,2.1804571986769,-0.15961302081747636
TCAGCAATCAACCATG-1,2.8923703075025835,0.8851267321904124
TCAGCAATCAGCTCGG-1,0.9345742107008257,1.5130617245037974
TCAGCAATCCGTTGTC-1,-12.447646057548686,0.3629538937409343
TCAGCAATCGCAAGCC-1,-12.346415436210796,1.8284161909420908
TCAGCAATCTAACTGG-1,5.357361400184468,-2.318288721243578
TCAGCAATCTCTAAGG-1,1.1599877715681353,0.4344269855816783
TCAGCAATCTGTCTAT-1,5.288573348579243,-2.195842184225756
TCAGCTCAGAATAGGG-1,0.16703256374342823,1.1966644152005137
TCAGCTCAGACGCAAC-1,5.583969676551655,-0.9615828172366201
TCAGCTCAGACTACAA-1,0.3800034165952959,1.071134112675947
TCAGCTCAGAGTAATC-1,-2.461723482551738,1.8733139856656016
TCAGCTCAGATGGGTC-1,6.142717921790913,0.5156627221901835
TCAGCTCAGATGTGTA-1,5.303193652686909,-0.4816691056887685
TCAGCTCAGATGTTAG-1,2.5527523398969927,-1.555074371496874
TCAGCTCAGGCAGTCA-1,-11.427928841056987,0.4836769922573985
TCAGCTCAGGCCCTTG-1,3.7897168040846148,1.292959771951002
TCAGCTCAGGGATCTG-1,3.8260961413954058,-2.058220304648119
TCAGCTCAGTACGTTC-1,4.820852363166646,0.9029953702290476
TCAGCTCAGTCCCACG-1,4.15699824100478,1.6636690719922007
TCAGCTCAGTTCCACA-1,4.131282413062886,1.0764052494366587
TCAGCTCCAAACAACA-1,3.764680945930318,-3.0015620366732656
TCAGCTCCAAATACAG-1,4.408030116615132,0.020794279773992452
TCAGCTCCACGACTCG-1,1.3750742316816607,2.6886592729885996
TCAGCTCCACTTGGAT-1,4.681174361762837,-2.8274940625826894
TCAGCTCCATGGGACA-1,-0.535239195766612,-7.120312370459276
TCAGCTCCATGTTCCC-1,1.505558574256734,2.932051978905958
TCAGCTCCATTGTGCA-1,3.3177753329847612,0.10401650508241073
TCAGCTCGTAATTGGA-1,-12.293255722465679,-0.6165190116564809
TCAGCTCGTATATGGA-1,2.2987299800489702,-0.43980316082640275
TCAGCTCGTCCGAGTC-1,1.6115435004804888,-3.36866609017058
TCAGCTCGTCGACTGC-1,-0.8228810190583906,3.505645833810133
TCAGCTCTCACATGCA-1,-0.26883701080338573,3.3808651789029063
TCAGCTCTCCGATATG-1,-12.415843880119487,0.946581803162855
TCAGCTCTCCTTCAAT-1,2.464503610191182,0.10057120003578529
TCAGCTCTCGAATGCT-1,0.21037110095961475,-0.8476637975375234
TCAGCTCTCGTGGTCG-1,4.164658153114155,-3.843894876639086
TCAGCTCTCTGCAGTA-1,-2.556654608192607,1.3478707893689097
TCAGCTCTCTGCTTGC-1,1.6449216247175493,0.6272285207112254
TCAGGATAGACGCAAC-1,3.894190871772603,-0.7940584794680654
TCAGGATAGCAGACTG-1,4.790920341071919,-1.83956030766173
TCAGGATAGCTACCTA-1,3.210764014777974,0.47310986359910384
TCAGGATAGGACTGGT-1,3.2111469150160112,-2.095829166571337
TCAGGATAGGCATTGG-1,4.58638867145522,-2.6541282312075674
TCAGGATAGTACGCGA-1,2.455695712623433,-0.4567305819193898
TCAGGATCACACTGCG-1,-3.56756845706956,0.37787052234010116
TCAGGATCACAGAGGT-1,-12.608687317314311,0.16961260875062362
TCAGGATCAGTGACAG-1,4.150941455421284,-1.8323734180132925
TCAGGATCATACTACG-1,2.438988053855733,0.6117424591381968
TCAGGATCATTGGCGC-1,0.6627510428999224,-2.691816486517626
TCAGGATGTACTTAGC-1,5.656407439765767,-2.103346027533251
TCAGGATGTATCTGCA-1,-11.470988190117046,1.727014981110853
TCAGGATGTATGGTTC-1,2.3204751849745073,-3.51995102326079
TCAGGATGTCCTCCAT-1,2.512911403236226,-2.7444225923220693
TCAGGATGTCCTCTTG-1,-12.561627304496929,0.23790725310639754
TCAGGATGTGGCAAAC-1,-3.3624421715165815,1.0302034838993968
TCAGGATGTTAAGTAG-1,-11.525954163017436,-0.8012301103274404
TCAGGATGTTTGCATG-1,-0.7054263710405073,1.423928223450941
TCAGGATTCACCTTAT-1,1.0506525874708452,1.6579111440976084
TCAGGATTCAGCTCTC-1,-3.6729363560106,0.09966340325148121
TCAGGATTCGAATGCT-1,3.610475623664693,-2.018187679449755
TCAGGATTCGCCAGCA-1,3.9152446628187456,-2.398091472784716
TCAGGATTCGGCTACG-1,-0.2663789152528486,-0.6480247751872121
TCAGGATTCTCAAACG-1,3.872016513404683,-0.3564326838652669
TCAGGATTCTGGCGTG-1,3.4096036792372026,-1.6516229287783681
TCAGGATTCTGGTATG-1,1.6078649402235308,1.630079232056898
TCAGGTAAGACCGGAT-1,4.948351943549946,-1.7782506124178945
TCAGGTAAGATAGGAG-1,-1.531777104678317,-1.0365250484149038
TCAGGTAAGCCACGTC-1,3.1282215953443804,0.10602845055357829
TCAGGTAAGCGGATCA-1,1.8962984920118608,2.1997960432370127
TCAGGTAAGCGTGAGT-1,5.169305408058003,-0.9971986190478384
TCAGGTAAGCGTTGCC-1,1.0579112411115923,-2.8930083886782705
TCAGGTAAGCTACCGC-1,-1.9616776465799055,3.3563691004116953
TCAGGTAAGGAGCGTT-1,-1.5177871643926344,-7.067348159949022
TCAGGTAAGGCGATAC-1,4.3039642215345655,-1.258728779951769
TCAGGTAAGTAACCCT-1,3.547571742591695,-1.8907789365450918
TCAGGTAAGTCACGCC-1,2.164090478477315,-1.6665031091372549
TCAGGTACAGATGGCA-1,3.850421035346822,-1.5738977567355215
TCAGGTACATGTCTCC-1,-1.2721193380083284,-0.8941063062350332
TCAGGTACATTACCTT-1,3.301614844856099,-0.9599676505724966
TCAGGTAGTCCAAGTT-1,-3.8301421760942183,-0.18624807159109696
TCAGGTAGTCGGCATC-1,-11.463688766899272,2.899069867928785
TCAGGTAGTGCCTGGT-1,-11.21802798503892,-1.0845784322421133
TCAGGTATCAACACAC-1,4.007299983558491,-2.6130072251956045
TCAGGTATCAACCAAC-1,0.4912293792341509,2.650370441277784
TCAGGTATCCGCATAA-1,3.957447135505513,-0.6542452351252614
TCAGGTATCCTCAACC-1,-12.26537028545396,1.8686112984021128
TCAGGTATCTTCGAGA-1,-0.7800681352044783,1.511836610635084
TCATTACAGAAACGAG-1,-11.120964920463726,1.0657345875103892
TCATTACAGAATTCCC-1,3.962843501624898,1.9515450819333018
TCATTACAGCACACAG-1,-0.2164081692125044,0.3807468338807048
TCATTACAGCCGTCGT-1,2.7076149821852007,2.570106588204664
TCATTACAGCGGCTTC-1,3.3880883098219194,0.25423241396741286
TCATTACAGCTGCCCA-1,2.4878838897321978,0.7431930526097239
TCATTACAGGGAAACA-1,4.313222968635396,-1.9384180680911123
TCATTACCAATGCCAT-1,-0.1514008402253828,3.143045745690626
TCATTACCAATGGAAT-1,3.006880843696431,-0.241800136963564
TCATTACCACTTGGAT-1,2.309255206641988,-3.8099602834384023
TCATTACCATACGCTA-1,5.274005019721821,-1.3145023957888662
TCATTACCATCCCATC-1,4.1357160449598585,1.3863038643200816
TCATTACCATGTAAGA-1,2.6924684882734575,-1.5535711423556386
TCATTACGTACTTGAC-1,-1.1695590078260145,2.5937422140438975
TCATTACGTCGACTGC-1,-0.5511200785066328,0.8734804614384593
TCATTACGTGCCTTGG-1,1.050804460105733,-2.7390090600649892
TCATTACGTTCCCGAG-1,4.294941985664204,2.0428988560040415
TCATTACGTTGGAGGT-1,5.064818942603901,-2.2234779969851552
TCATTACTCAAACCAC-1,3.309213244972066,-0.11724481741591081
TCATTACTCAGGTAAA-1,3.8750015140150347,-1.303304351965624
TCATTACTCCAAATGC-1,-0.1969691872026167,1.1227488144238413
TCATTACTCCGCGTTT-1,2.558687293586568,1.4520140512783946
TCATTACTCGCTGATA-1,3.750235164222554,-2.7072250024478017
TCATTACTCGGAATCT-1,3.116438472328023,2.6513150556881846
TCATTACTCTACCAGA-1,-0.7009206771280012,0.3082358314593257
TCATTACTCTGATACG-1,1.2374270797346392,-2.6337970868746816
TCATTACTCTGCGGCA-1,0.9252265334699907,1.2647530659039439
TCATTACTCTTTACGT-1,6.089572513160542,0.8698244913418711
TCATTTGAGAAGGCCT-1,-11.904560959282085,-0.8761078492800771
TCATTTGAGACAAGCC-1,4.95793875461562,-0.2600019053618489
TCATTTGAGACGCAAC-1,3.8026929736707964,2.2460223062832774
TCATTTGAGGCGCTCT-1,-1.1071230977203093,3.0454581602414073
TCATTTGAGTACGTAA-1,-11.336036598625347,1.142268501122755
TCATTTGAGTAGCCGA-1,4.344237887916401,1.385471545060438
TCATTTGCACAACTGT-1,0.936856830177144,0.07860160609082595
TCATTTGCACAGATTC-1,2.1608358264539995,-1.078151501814562
TCATTTGCACCAGCAC-1,3.0935588718031206,1.907387696107191
TCATTTGCAGTCGATT-1,5.553827369270161,-1.6141381637255727
TCATTTGCAGTTTACG-1,2.3249357581709185,-3.1956726686160146
TCATTTGCATCGACGC-1,-10.21172038311021,-0.04353735605879411
TCATTTGGTAAGTGGC-1,-3.3155805229570112,-0.6155347601573049
TCATTTGGTAGGGACT-1,4.498522841987446,-2.220301307837206
TCATTTGGTAGGGTAC-1,2.860830390510396,-2.5296186582247793
TCATTTGGTCGAGATG-1,-0.2330479978944502,0.7008049710591258
TCATTTGGTGTTTGGT-1,0.4127645135496416,1.9945847614605845
TCATTTGGTTCAGGCC-1,3.577536189613179,0.5741753800709666
TCATTTGGTTGCCTCT-1,2.4020870566938677,2.3298467024167002
TCATTTGTCATACGGT-1,1.05098565822585,0.11758762588099853
TCATTTGTCATCATTC-1,4.34428604846938,-1.7258245126406728
TCATTTGTCGAATCCA-1,0.8652070403669634,3.283145032723707
TCATTTGTCGAATGCT-1,3.8498431087110796,-1.5768126622836172
TCATTTGTCGCATGAT-1,-12.803068077507183,0.0022334306438387963
TCATTTGTCGTATCAG-1,1.1230893970106401,3.114901386102003
TCCACACAGAGCCCAA-1,-12.008979713859722,2.1782530172665537
TCCACACAGATACACA-1,-11.438246643486186,2.5245560034115733
TCCACACAGCATCATC-1,1.8752835631941118,-2.7608248368899404
TCCACACAGCTAAACA-1,1.4429841876600542,0.2823414280016841
TCCACACAGCTAGGCA-1,-12.28702727550523,-0.986500300566393
TCCACACAGCTAGTCT-1,2.7282305598829546,1.775859318574232
TCCACACAGCTCCTCT-1,1.8853550792310991,-1.8458313123385488
TCCACACAGGAGTAGA-1,-10.054147636833354,3.1616860254605235
TCCACACAGGATATAC-1,-11.444215691032573,1.2725020273526133
TCCACACAGTACACCT-1,4.1255374789808545,-1.5651190654437124
TCCACACAGTGGCACA-1,5.014853084144429,-2.01796070496245
TCCACACCAAGGGTCA-1,5.545518481788472,-1.6602970735232412
TCCACACCACCCTATC-1,-12.451816475334331,1.7531069143612803
TCCACACCAGCTGTAT-1,-10.829314148368999,2.3944385870297373
TCCACACCAGGAATCG-1,-11.759350693168804,0.3544787093003215
TCCACACCAGGCTGAA-1,-1.632517164888545,3.533701024850172
TCCACACCAGGGTATG-1,-12.756534492912456,1.1841597183545054
TCCACACCAGTTAACC-1,-3.567460215034648,0.20362114896373168
TCCACACCATCACGTA-1,-0.0783710836793623,1.115600906213087
TCCACACCATTGCGGC-1,1.7202344775770464,1.0559730752308787
TCCACACGTAGCGTCC-1,1.712003314552144,-0.8912195340792715
TCCACACTCACAGGCC-1,5.481824958381489,-0.3924344555537282
TCCACACTCACCTCGT-1,-0.538728570881053,1.6301563604672373
TCCACACTCAGCGACC-1,6.507581794318989,0.18376009156302825
TCCACACTCATGTGGT-1,-1.851574337425395,3.704601608117384
TCCACACTCCGTCAAA-1,2.5835698485945024,2.751578174432081
TCCACACTCCTGCCAT-1,3.7049189448927202,-2.339345134894091
TCCACACTCGACCAGC-1,0.5615552306745806,2.9037466867764414
TCCACACTCGGATGGA-1,4.528905952033833,-1.145568288962084
TCCACACTCGTCTGAA-1,2.932619178352193,-3.053290762106615
TCCACACTCTAACGGT-1,1.823540055808858,1.4416428430874766
TCCCGATAGAAAGTGG-1,4.523507201728657,-1.759204305807787
TCCCGATAGGCGACAT-1,0.9069040656660357,2.4311517103512705
TCCCGATAGTCGTTTG-1,3.1866231799696245,-1.6361146346728384
TCCCGATAGTGTGGCA-1,5.424383246955708,-0.14360243837042436
TCCCGATAGTTCGCGC-1,0.44975515609724903,3.3866024835904063
TCCCGATCAACCGCCA-1,-1.8961911558534346,3.5339680536587657
TCCCGATCACAGATTC-1,1.2236722350691118,-0.45212648073835954
TCCCGATCACGAGGTA-1,0.26065584426863575,1.1074896677334727
TCCCGATCACGGCGTT-1,1.4602781177137651,-0.027712546388345805
TCCCGATCACTTAAGC-1,5.061811530647114,0.046932119776767645
TCCCGATCAGCCACCA-1,1.8754778743360796,1.029118858178419
TCCCGATGTAAGTGGC-1,-1.0630128144647322,-6.6363097802798325
TCCCGATGTACAAGTA-1,-0.16760829681412792,1.6875673158963145
TCCCGATGTACCTACA-1,4.513774478492573,-2.1597322599093496
TCCCGATGTCTAGGTT-1,4.277677142677144,-1.7002306358019887
TCCCGATGTCTTCTCG-1,3.2892919421766558,2.304711423714918
TCCCGATGTTCCTCCA-1,-11.15475074047105,-2.0988213197390615
TCCCGATGTTGTGGCC-1,-2.796206390800639,1.3208837135632456
TCCCGATTCAAACGGG-1,2.1484874129865923,2.559448800881666
TCCCGATTCACTTCAT-1,0.3716209769819536,3.2443223818142832
TCCCGATTCCTTGCCA-1,4.984026515540913,-1.130314506689745
TCCCGATTCGTCCGTT-1,-0.1896936058427534,1.1357000692685069
TCCCGATTCGTCTGCT-1,5.071386420783833,1.1472317798932017
TCGAGGCAGACTTTCG-1,-12.452117836418315,1.956267557938856
TCGAGGCAGCCCAACC-1,2.0955768466566362,-0.32026166478796586
TCGAGGCAGCTCAACT-1,0.21998628383620167,3.2099009378750742
TCGAGGCAGGATGGAA-1,-0.8329336702253065,0.7389103992779673
TCGAGGCAGGGATACC-1,-3.4141220211412153,0.679503641923231
TCGAGGCAGTGCAAGC-1,-0.22904089683549023,1.7702459915478648
TCGAGGCAGTGGTAAT-1,-1.7640020012284956,2.9441760404904307
TCGAGGCCACTTCGAA-1,1.400721633491353,2.617465339501661
TCGAGGCCAGGATTGG-1,4.981125438270405,-1.236494459311205
TCGAGGCCAGTCAGAG-1,-3.518108999672099,0.6435156687100352
TCGAGGCCATGACATC-1,-10.665576851310894,2.974619232018751
TCGAGGCCATGCAATC-1,3.9608393550489702,-1.062599219481188
TCGAGGCCATTTGCTT-1,1.9976879001234331,2.0938878877957285
TCGAGGCGTCAGAAGC-1,-0.14549461597458935,1.6818087919552744
TCGAGGCGTCCAGTAT-1,-11.508272087516948,0.9966480954487742
TCGAGGCGTCCGACGT-1,1.4495406985853472,2.1295021398861826
TCGAGGCGTGAGTATA-1,3.1772356868360796,1.7813320978482188
TCGAGGCGTGTTCTTT-1,6.043421351966694,1.045178554852766
TCGAGGCTCATGTCTT-1,-12.263760483207866,2.4635732992489756
TCGAGGCTCCAAACAC-1,-0.10085884326951122,3.4109514578183115
TCGAGGCTCCGTCATC-1,4.972010695991353,-2.646085180441576
TCGAGGCTCGCAAGCC-1,1.8283308387373247,-0.0885154382388173
TCGAGGCTCGTACGGC-1,3.516960227546529,2.0023344381649912
TCGAGGCTCGTTTATC-1,-12.380535042228862,0.6132003887494029
TCGAGGCTCTACTCAT-1,4.512686812934712,-2.406732715765673
TCGAGGCTCTGACCTC-1,-11.096929466667339,-2.141875662008959
TCGAGGCTCTGAGTGT-1,6.251367652473286,0.9537960513432444
TCGCGAGAGAAGATTC-1,5.5310808063123975,-1.2015912906329214
TCGCGAGAGAGGACGG-1,2.609116637763814,-1.4586227313677846
TCGCGAGAGAGGTACC-1,1.565624320564107,0.6184407695134104
TCGCGAGAGAGTACAT-1,5.293798053321675,-0.03712006668253526
TCGCGAGAGATCGATA-1,1.559025847968892,2.0778579338391245
TCGCGAGAGCAGCCTC-1,2.0975914836500444,-0.07147090892000779
TCGCGAGAGCTGGAAC-1,4.650513732490376,-0.7741780058543264
TCGCGAGAGGCTCTTA-1,3.1591883540724077,1.0150279029210032
TCGCGAGAGGTGCACA-1,-12.223420059623882,2.1227453573544444
TCGCGAGAGGTTACCT-1,5.0151201129530225,0.5568410380680979
TCGCGAGAGTGTACGG-1,2.425320947227315,-1.5157283918063222
TCGCGAGCAAGACACG-1,2.123023593482808,0.5851661785443247
TCGCGAGCAAGGCTCC-1,4.397337043342427,0.1809368430574359
TCGCGAGCAATCACAC-1,-12.035832321586772,1.68415852626161
TCGCGAGCAATGAAAC-1,1.1403404117201128,-3.4050892964999258
TCGCGAGCACATTAGC-1,-10.702802574577495,0.45266672213868514
TCGCGAGCAGGTGCCT-1,1.1297925353620806,0.1070700580191733
TCGCGAGCATCCGCGA-1,3.553872668800191,0.8428217991192759
TCGCGAGCATTCTCAT-1,3.7281432986830034,1.8548887594540537
TCGCGAGGTACCGGCT-1,3.507248961982564,-0.9540279285113393
TCGCGAGGTCCATGAT-1,-11.348984634819194,2.024882160027784
TCGCGAGGTCGTCTTC-1,0.7461083770368853,2.2140491827328623
TCGCGAGGTTATGTGC-1,1.8116017222975054,-3.512121833960253
TCGCGAGTCATCACCC-1,3.9894209743116655,0.08301173513130561
TCGCGAGTCCGAACGC-1,4.525446975288228,2.028851590951246
TCGCGAGTCCGGCACA-1,4.942865455207661,1.5343534572918833
TCGCGAGTCGGCGCTA-1,1.6266377807234087,0.44929205616311446
TCGCGAGTCTCTAGGA-1,-10.195767319145366,-0.10554524521036729
TCGCGTTAGGTTACCT-1,-0.2230936645890913,-0.8007026092211782
TCGCGTTAGTACACCT-1,-0.3526754140283308,0.617547117074293
TCGCGTTCAAGACACG-1,-10.150972282829448,0.6980914100010813
TCGCGTTCAAGCGCTC-1,-12.00035849803941,2.0895142181714
TCGCGTTCAGCCTTGG-1,4.656637275276021,-2.314842380682665
TCGCGTTCATAGGATA-1,5.567384326515034,-0.2215061859290181
TCGCGTTCATCCGTGG-1,1.2806776404951372,2.4441870077450694
TCGCGTTCATCGATTG-1,2.8588052630995073,2.465459428628248
TCGCGTTCATTCACTT-1,2.7051425815199175,1.3944931848843516
TCGCGTTGTAAACCTC-1,-0.11004594558732128,-0.7509682552020132
TCGCGTTGTCCAACTA-1,1.3647454619978228,1.9525088890393199
TCGCGTTGTCCGTTAA-1,2.185222947654561,0.47073548277215377
TCGCGTTGTCGAGATG-1,1.9347189307783403,1.465378008683485
TCGCGTTGTCTCTCTG-1,2.2772222400282183,0.0884750093270959
TCGCGTTGTGACGCCT-1,3.281223857459859,-2.1652106420199453
TCGCGTTGTTCGCGAC-1,4.962421977577046,-0.8572946564356863
TCGCGTTTCCACGTTC-1,5.212735736427144,0.5056482477982462
TCGCGTTTCCGTACAA-1,3.2746215701673784,2.010361991723341
TCGCGTTTCGTAGGTT-1,-11.059747612419292,-2.1091357843081533
TCGCGTTTCGTCACGG-1,1.2211788535688677,-1.6328001395861684
TCGCGTTTCGTTTATC-1,-11.954147255363628,2.25452145179109
TCGCGTTTCTACTATC-1,3.881856525001363,0.591144494612974
TCGGGACAGCTGCAAG-1,4.869814479408101,-3.5426038877169668
TCGGGACAGGCATGGT-1,6.715513312873677,0.16945239146546737
TCGGGACAGTACGCGA-1,4.264006698188618,1.3916270359356822
TCGGGACAGTATCGAA-1,3.446153247413472,1.5796705110867442
TCGGGACAGTCAAGGC-1,4.450691783485249,2.0234167202313365
TCGGGACCAACGATGG-1,2.1987403274153032,-1.2856196538607656
TCGGGACCAAGTTAAG-1,0.7202626109693804,1.3802418335278452
TCGGGACCACAACGTT-1,-1.9969867824937544,-6.913511432806688
TCGGGACCAGCTGCTG-1,0.8134430289839067,-2.828028597037035
TCGGGACCATGCCTTC-1,3.498849952277974,1.5925000532467783
TCGGGACGTACGAAAT-1,0.019476258811787606,3.5447116716702403
TCGGGACGTCCCGACA-1,2.1626506686781206,-1.5857411996523916
TCGGGACGTCCGAGTC-1,-3.75814405673997,0.06433228393391982
TCGGGACGTGGTAACG-1,3.2472620845411577,1.5118701084454478
TCGGGACGTGTTGGGA-1,3.977487170753316,2.399552665551466
TCGGGACGTTAAGATG-1,0.6299833894346514,1.8361976965268076
TCGGGACGTTGTTTGG-1,4.775556647834614,-1.204142131010729
TCGGGACTCAAAGACA-1,3.6754113078687944,1.1453444584210337
TCGGGACTCATCGATG-1,5.454637134132222,-2.1922704354922353
TCGGGACTCCTCAACC-1,2.8211828113172808,-2.692488111654955
TCGGGACTCGAACTGT-1,-0.325867390575572,-6.987220443884569
TCGGGACTCGGTCCGA-1,2.3920298457716265,-1.47169081131621
TCGGGACTCTCGATGA-1,4.117585742530659,-2.0547112600009023
TCGGGACTCTGCGGCA-1,1.5748401523206987,-3.342000879446703
TCGGGACTCTGGAGCC-1,-1.9094705938722334,3.6058886869748057
TCGGGACTCTTCAACT-1,0.12391062980635548,2.140571676095289
TCGGGACTCTTGAGAC-1,2.3478542209242144,1.641483507951063
TCGGGACTCTTTCCTC-1,4.125853145179585,-1.9087652341525136
TCGGTAAAGAACAATC-1,2.864443385658101,-0.23899141709013566
TCGGTAAAGCAGGTCA-1,4.133140170631245,-2.7631065026919424
TCGGTAAAGCGAAGGG-1,-0.7564290522958479,1.9844176395733775
TCGGTAAAGCTAGTCT-1,5.638971412238911,0.24224913855389968
TCGGTAAAGGACAGCT-1,-0.5498534798051558,3.3767038210232676
TCGGTAAAGGTAGCTG-1,2.8614512324903765,-3.299194015661913
TCGGTAAAGTTAAGTG-1,2.701063716468648,-2.9466342107455312
TCGGTAAAGTTTGCGT-1,-12.655303871574565,0.5125072522957743
TCGGTAACAAACTGCT-1,4.6749711871717725,0.14748488356665984
TCGGTAACACCGTTGG-1,-3.4822358250047407,0.8641664608319224
TCGGTAACACGAGGTA-1,-2.427802956047221,-0.48593435446425065
TCGGTAACACGCGAAA-1,3.6131792903517046,-0.6985789314906179
TCGGTAACACTTACGA-1,-3.7245031952287397,0.5113554819424571
TCGGTAACATAGGATA-1,4.539105975684956,0.8216801508267344
TCGGTAACATGTAAGA-1,-0.5751834868814192,1.8412212951977671
TCGGTAACATGTCCTC-1,-0.7598062514688215,1.0104451998074473
TCGGTAACATTGCGGC-1,4.021068179664448,-1.619730509916979
TCGGTAAGTAGGACAC-1,3.800503814277486,-1.6088354961077749
TCGGTAAGTAGGAGTC-1,3.9412690044019976,-2.868581928412157
TCGGTAAGTCTAAAGA-1,1.514528834876851,0.4265408142407359
TCGGTAAGTGGCAAAC-1,1.2152315021131792,-1.3939464465777456
TCGGTAAGTGGCGAAT-1,4.639363849220112,-3.4670976773898183
TCGGTAAGTGGTTTCA-1,1.5634892821882524,-2.9479030744235097
TCGGTAAGTTCAGACT-1,-3.726858293953105,0.0731710604329528
TCGGTAATCAGCTGGC-1,3.2806855083082476,2.115856490929884
TCGGTAATCCCTGACT-1,2.8419781566236773,0.8013548477490366
TCGGTAATCGTTTGCC-1,4.223681056556538,-1.6708869115511953
TCGGTAATCTCCAGGG-1,3.0230017543409624,-0.3889738396803914
TCGGTAATCTCCTATA-1,-10.574102318229839,3.02436050017671
TCGGTAATCTGTACGA-1,3.0854788661573687,0.40449979146317855
TCGGTAATCTGTCTAT-1,5.472984397468403,0.25684847672776595
TCGGTAATCTGTTTGT-1,2.6964712977979937,0.6574565990765513
TCGGTAATCTTGTCAT-1,-0.9874304592038832,-6.62094561020537
TCGTACCAGAAACCAT-1,-0.3103683947946272,0.6899766548474253
TCGTACCAGAGACTAT-1,4.08306607013686,-1.6349620000521718
TCGTACCAGATATGGT-1,-1.2000255718256674,1.5063565595944346
TCGTACCAGATGTAAC-1,0.2588432670210161,1.4786376579602183
TCGTACCAGCAGGCTA-1,3.7304230571363726,-2.0124076978365957
TCGTACCAGCCGTCGT-1,1.4442110896681108,0.7133353575070323
TCGTACCAGTCTTGCA-1,2.096714580116109,1.5415063722927989
TCGTACCAGTGGAGAA-1,3.4067421794508257,0.47945942719773665
TCGTACCAGTTAAGTG-1,5.381445014533833,-0.19898048798246964
TCGTACCCAATAGCGG-1,-1.292097186985179,-0.531456686655718
TCGTACCCACATCTTT-1,1.2736733794782915,1.000035844643873
TCGTACCCACGACTCG-1,-11.791126167717144,1.909234367211622
TCGTACCCACTGCCAG-1,-10.945109283867046,3.2049437387783946
TCGTACCCAGATGGCA-1,-0.947551047744914,-1.203183092276293
TCGTACCCAGCAGTTT-1,-0.34759602540986156,1.6904991491635264
TCGTACCCATTACCTT-1,3.1709671855543413,1.0287782176335276
TCGTACCCATTTGCTT-1,1.0797947288130083,2.1061492784817637
TCGTACCGTAAAGGAG-1,-1.2490506603743277,2.6751252039273203
TCGTACCGTACGCACC-1,2.023533904609517,-0.21130300323172196
TCGTACCGTACTCAAC-1,3.0024100185011187,-2.95089641968413
TCGTACCGTAGCTTGT-1,-12.197956001701519,-0.07745637754603013
TCGTACCGTCAAAGCG-1,2.5309391856764116,0.23969540735082046
TCGTACCGTCACCTAA-1,5.868809783515767,-0.23857776085539445
TCGTACCGTCATGCAT-1,6.889046752509907,0.14117433493332282
TCGTACCGTCTGCGGT-1,4.266703212318257,-0.1385204569499074
TCGTACCGTCTTCAAG-1,4.261868560371235,0.8112060650189341
TCGTACCGTCTTGCGG-1,0.7489784598921099,3.1505115850766123
TCGTACCGTGAGGCTA-1,1.524702870902852,1.4152346475918711
TCGTACCGTGTCAATC-1,5.550550544318989,-1.9740335122744619
TCGTACCGTTCAGACT-1,4.514412486610249,-0.8793846146266042
TCGTACCTCAACACAC-1,2.009147727546529,1.1541065796215952
TCGTACCTCACGATGT-1,2.321640813407735,0.7403915747006358
TCGTACCTCATACGGT-1,3.0324879527662554,2.4868887289364756
TCGTACCTCCTACAGA-1,4.430020415839985,1.4665341003735484
TCGTACCTCGTAGGTT-1,-1.7817322968866072,3.010974965890211
TCGTACCTCGTTTGCC-1,-12.311748421135112,1.4068753345807017
TCGTACCTCTGCGGCA-1,4.25433071857436,-1.5495863334338247
TCGTACCTCTTGTACT-1,4.897658908424214,-2.135689891974169
TCGTAGAAGAACTGTA-1,4.072809779701069,1.363568149407667
TCGTAGAAGATAGGAG-1,-3.1710555910493574,1.01806326945619
TCGTAGAAGCAATCTC-1,-12.175957596244976,-0.14364952603979692
TCGTAGAAGCGCCTCA-1,-12.322389519157573,2.4372642858822764
TCGTAGAAGGATATAC-1,4.7774210811231885,-0.05406213561697587
TCGTAGAAGGGATCTG-1,-3.2187197565461836,-0.6012333408991872
TCGTAGAAGGGTCGAT-1,1.5109549403761187,-3.8551570550601064
TCGTAGAAGTCGCCGT-1,-11.910611069145366,2.283640228112501
TCGTAGAAGTGAACGC-1,-1.94843981260316,3.6305020674069346
TCGTAGAAGTGGGATC-1,-11.536090767326519,2.423427425225538
TCGTAGACAGCCTTTC-1,-12.355530655327007,0.9300507529576243
TCGTAGACAGTCAGCC-1,3.2471047282789507,1.4547255857785166
TCGTAGACATCCGCGA-1,3.493997180518941,1.7914578541119517
TCGTAGACATGGGAAC-1,3.9078803897474566,-0.7644843236605703
TCGTAGAGTACCTACA-1,-10.705196297111675,1.0299692376454295
TCGTAGAGTCAGGACA-1,3.391871058997945,1.768686376412672
TCGTAGAGTCGTGGCT-1,1.0116878390882769,3.5324066503842295
TCGTAGAGTGCATCTA-1,-11.676520264091655,1.0411343201001109
TCGTAGAGTGGTCCGT-1,-2.760984933319255,1.5897171123822154
TCGTAGAGTGTCCTCT-1,1.8023835063551226,-0.6932664291064321
TCGTAGAGTTCCACAA-1,3.9592362285230913,-0.9034393207232534
TCGTAGAGTTCGCGAC-1,1.6513143420789995,0.0741192809243621
TCGTAGATCAATACCG-1,-10.245238220634624,-0.3207127825419484
TCGTAGATCACCTTAT-1,4.071007335243062,1.3671499117215098
TCGTAGATCCGATATG-1,2.4578886867140093,1.119501314957899
TCGTAGATCCTTCAAT-1,-12.176202690544292,0.2013463004429759
TCGTAGATCGGATGGA-1,2.7510791659925737,1.5058300121624888
TCGTAGATCGGCCGAT-1,-9.406416809501811,3.09953983863191
TCGTAGATCGGGAGTA-1,-1.7733630000974379,3.410370193322462
TCGTAGATCTGCAGTA-1,-1.0158612489129744,-1.3560985700289785
TCTATTGAGCCCAGCT-1,1.0095723510359087,-2.794975914160448
TCTATTGAGCTTATCG-1,1.5741470695112505,0.2265235482652606
TCTATTGAGGATTCGG-1,4.042694175300435,0.6137914284069956
TCTATTGAGTACGACG-1,4.8795328975294385,-2.4586581365267812
TCTATTGAGTCCATAC-1,1.8155413508985796,2.4902740343411387
TCTATTGAGTGTACGG-1,-10.95328418010728,3.120540462334913
TCTATTGCAATACGCT-1,-12.632012283744976,1.6005253418286265
TCTATTGCACAACGCC-1,4.482104384956196,-1.194329775969225
TCTATTGCACTGTCGG-1,1.9302018523786821,1.2211383207638682
TCTATTGCACTTAACG-1,-11.702418243827983,-1.4807660953204214
TCTATTGCAGACAAAT-1,4.600087726173237,-0.8786112443606435
TCTATTGCATATACGC-1,-2.7760937570955,1.6340202911694468
TCTATTGGTAACGCGA-1,1.2064989448164263,-3.463629402319628
TCTATTGGTACCGAGA-1,4.886323058662251,0.08269246098892108
TCTATTGGTATGCTTG-1,4.493889892158345,-1.2343244926135122
TCTATTGGTCCAAGTT-1,1.5530503631208696,3.166184745629591
TCTATTGGTCGGATCC-1,6.566930854377583,0.6890612467129649
TCTATTGGTTCCACGG-1,0.1586957812879839,2.0633668526013316
TCTATTGGTTCCACTC-1,-12.547472870292827,2.3432253225644053
TCTATTGGTTCCTCCA-1,-12.48241416210191,1.2817973717053355
TCTATTGGTTGGTAAA-1,-0.8367483078862867,0.8045932873089732
TCTATTGTCACGGTTA-1,5.826897704658345,-1.4003459588687002
TCTATTGTCGCATGGC-1,3.558544719276265,2.199925742944044
TCTATTGTCGTTACAG-1,3.0875039935682573,2.0869327410061778
TCTATTGTCTAACGGT-1,-10.596901810112163,-0.48171470324202165
TCTATTGTCTTCCTTC-1,-0.37891170972840404,-0.7936060206095754
TCTCATAAGCACCGTC-1,4.8189249873731885,0.9782337768872202
TCTCATAAGCGATAGC-1,3.524890983161763,-0.2203530744711934
TCTCATAAGCGGATCA-1,-12.142215645256206,-0.1745084003607808
TCTCATAAGGAGTACC-1,5.737594211158589,-0.09223183254404649
TCTCATAAGGCTCTTA-1,-12.07758609050767,1.95056100924806
TCTCATAAGTGAAGTT-1,3.680593097266988,-1.426037587324816
TCTCATACAAAGGCGT-1,-11.676349556389019,2.9076112135250987
TCTCATACAAGGACAC-1,0.5169903874967852,2.4453864916165293
TCTCATACAGGGAGAG-1,-10.719598686638042,1.9465520008404673
TCTCATACAGTCAGAG-1,5.6623650432203565,-0.6517329589526235
TCTCATACATGCAACT-1,1.4358700156782427,1.3698320015271128
TCTCATACATTAGCCA-1,5.066617572364644,-1.4726713077227651
TCTCATAGTAGCTCCG-1,2.167172992286519,1.6311993225415171
TCTCATAGTCCAGTTA-1,4.69509752994521,0.35803195079163924
TCTCATAGTCTTCGTC-1,5.6788679004286085,0.13519714390234366
TCTCATAGTGTGAAAT-1,4.623967254218892,-2.1800774709384023
TCTCATAGTTAAGATG-1,3.545930945930318,-0.45720837275190934
TCTCATAGTTGAGGTG-1,-12.340631401481792,0.5418252571423472
TCTCATAGTTGTACAC-1,1.6458671928022661,0.24243912835912124
TCTCATAGTTGTGGCC-1,2.8393183589552202,2.3434766157467783
TCTCATATCAATACCG-1,2.1468869090650835,2.31446322043733
TCTCATATCCAATGGT-1,5.356353843269185,-1.0001830236117422
TCTCATATCCCTCTTT-1,-3.9515606521989546,0.32055709501103774
TCTCATATCTGCAAGT-1,0.6719298005674639,-1.0966530219714223
TCTCTAAAGAAACCAT-1,-11.552656090202495,-0.0523533300559102
TCTCTAAAGACACGAC-1,3.2039428592298784,-2.3028084413210927
TCTCTAAAGACCTAGG-1,3.5762034297560015,-1.6231552735964834
TCTCTAAAGATCTGAA-1,4.699819648322896,-0.39385680119200334
TCTCTAAAGCCACGCT-1,3.582995498237447,1.5088405235608042
TCTCTAAAGCCCAACC-1,-0.38153669828431225,-7.082614101568895
TCTCTAAAGGCAAAGA-1,4.148589217719868,-2.6364282743136465
TCTCTAAAGGTGATTA-1,6.258651816901997,-0.801212169329363
TCTCTAACAAACCCAT-1,1.7456661105726519,-0.8756192700068532
TCTCTAACAAAGCGGT-1,1.3543432593916216,2.6462565286953867
TCTCTAACAAATACAG-1,-11.72609797710435,0.9548843725521983
TCTCTAACAAGGTTTC-1,0.16720374828322315,3.1298888548214854
TCTCTAACAATAGAGT-1,2.109606826362447,2.676798663934034
TCTCTAACAATCTGCA-1,4.248608195838765,-0.3331729547183095
TCTCTAACAGGTTTCA-1,1.329740130958394,1.2733654602368296
TCTCTAACATTCGACA-1,3.262192809638814,0.3119536264737071
TCTCTAAGTAAGAGAG-1,1.71333655124648,0.4348634107907237
TCTCTAAGTAGAGCTG-1,2.04555090671523,2.0799686535199107
TCTCTAAGTAGAGTGC-1,3.0566645503614702,-1.6522459165255605
TCTCTAAGTGTCTGAT-1,4.161495292243794,-1.3401078359286367
TCTCTAAGTTTGACTG-1,3.89511784320815,-2.856252588431078
TCTCTAATCAAGATCC-1,1.5635100246046343,-1.1540173665682851
TCTCTAATCAATAAGG-1,3.3278017879102983,-3.203817524115282
TCTCTAATCATAAAGG-1,-0.1545068382646284,-0.11070362488432511
TCTCTAATCGAACGGA-1,0.41820236450179005,3.447538696130079
TCTCTAATCGTCACGG-1,4.337107265052632,-2.0377718583743154
TCTCTAATCTTCTGGC-1,2.034916961250142,-2.0015095845858633
TCTGAGAAGAAGAAGC-1,3.466693008003072,-1.2899015323321401
TCTGAGAAGAGTACAT-1,3.639212215003804,0.4665712638695659
TCTGAGAAGCCCAACC-1,-0.8738856672670088,1.1699126585324229
TCTGAGAAGGACATTA-1,2.618065202293233,-1.8146818057696401
TCTGAGAAGTATGACA-1,4.407928073463276,1.2828667982418955
TCTGAGAAGTGACTCT-1,-3.580496227684184,-0.33821962038679704
TCTGAGAAGTGTCCCG-1,1.0110503078077593,-0.5518579856555044
TCTGAGAAGTTAAGTG-1,4.155149543342427,-0.04018979529543504
TCTGAGAAGTTCGCGC-1,5.740535819587544,-0.6974144355456411
TCTGAGACAACGCACC-1,1.1254819274519243,3.057725272973341
TCTGAGACAAGGTGTG-1,3.945960605201558,1.180875621636671
TCTGAGACAAGGTTTC-1,-11.397720253410503,0.9391668661435069
TCTGAGACAATCTACG-1,-0.48422638172165966,-7.143180526892381
TCTGAGACAATGGTCT-1,-0.5938821195985517,1.7362678869564951
TCTGAGACACGAAACG-1,-12.510128891410991,1.1058204992611826
TCTGAGACACGAAATA-1,-0.27193084949509716,1.8812973125775279
TCTGAGACAGATGGGT-1,4.507286155280903,-1.4030986205737173
TCTGAGACAGGATCGA-1,-3.989656603279277,-0.22303075353308305
TCTGAGACAGTATAAG-1,4.184145057258442,-2.4836320058505117
TCTGAGACATGCCACG-1,-3.1765210985566816,0.9436567052205027
TCTGAGAGTAAAGGAG-1,0.5352903247450151,0.13771409903959647
TCTGAGAGTACAGCAG-1,3.8000565410230913,0.2687702848513545
TCTGAGAGTATGCTTG-1,1.7544360995863237,-2.530995525519091
TCTGAGAGTGAACCTT-1,1.9332667232130327,1.5977745874722422
TCTGAGATCAAAGTAG-1,2.7854739070509233,0.3627049251397075
TCTGAGATCAATCACG-1,2.4880293250654497,1.8863492830594004
TCTGAGATCACAATGC-1,-11.457686340751811,-1.3854713813464223
TCTGAGATCACAGGCC-1,5.442113959846333,-0.2879502252738057
TCTGAGATCACCCGAG-1,-12.846735870781108,1.5574973448117198
TCTGAGATCACTTACT-1,-3.215035474243327,0.7740604503949107
TCTGAGATCATTATCC-1,-3.6601738094712934,-0.4198789374033986
TCTGAGATCCAAATGC-1,-0.34438130849854565,0.8112182839711131
TCTGAGATCCACGCAG-1,0.27046021228773975,0.7903844340641917
TCTGAGATCCACGTGG-1,-0.6295532345201216,-1.4032588378588735
TCTGAGATCGTGTAGT-1,0.8693393111799517,2.9739700182278574
TCTGAGATCTGAGTGT-1,-0.6622097253228865,2.952643953164381
TCTGAGATCTTGTATC-1,-0.051216518821879387,0.43907599886254683
TCTGGAAAGACAGGCT-1,2.164484822807149,2.8311289175351084
TCTGGAAAGAGTAAGG-1,-3.2940531134034834,0.7901405318577708
TCTGGAAAGATCCCGC-1,-10.525264656486675,3.2155068739254893
TCTGGAAAGCCAGTTT-1,-10.990828430595561,2.2108798845608653
TCTGGAAAGCCCAGCT-1,2.972674453315572,1.2511077745755137
TCTGGAAAGCTAAACA-1,-10.491392052116558,-0.03335351506872758
TCTGGAAAGCTCCCAG-1,-0.6221670269395552,-6.9003101960818345
TCTGGAAAGGCATGTG-1,-0.6654915570642195,0.9538731797535838
TCTGGAAAGGTGCTAG-1,1.9038499236677446,-3.9999376908938467
TCTGGAAAGTACGATA-1,6.424100959358052,-0.040833942691522684
TCTGGAAAGTGCGTGA-1,-10.423479950370952,-0.3945075050990163
TCTGGAACAACCGCCA-1,4.85779865985854,-2.2692336217562734
TCTGGAACAAGCCATT-1,-0.5397342800523481,1.4762938841183604
TCTGGAACAAGTCTAC-1,2.417494857368306,1.743600092728895
TCTGGAACAATAGCAA-1,3.271838748512105,0.3494021221001567
TCTGGAACAATGACCT-1,1.421177709159688,-2.258925117651659
TCTGGAACACGACTCG-1,4.606807315406636,1.3874992950756968
TCTGGAACACTAAGTC-1,1.3398550391767778,-0.3044357971350728
TCTGGAACAGCTGGCT-1,5.529176318702534,-0.965795077482897
TCTGGAACATCAGTAC-1,2.270033443031148,-0.5205992833773672
TCTGGAACATTACGAC-1,6.181939208564595,0.13316311304764167
TCTGGAAGTAAACGCG-1,0.03482099777205372,1.7914014681179942
TCTGGAAGTCAAAGCG-1,3.9771533847425737,0.27693412442998305
TCTGGAAGTGACCAAG-1,-10.32458487743394,3.0344818456967295
TCTGGAAGTTAAGGGC-1,2.445305430946187,0.699327312310499
TCTGGAATCAACCATG-1,5.362480247077778,0.77616634209947
TCTGGAATCAGGCGAA-1,3.7074967265699663,-2.0777126924197256
TCTGGAATCCGCAGTG-1,2.3948305488203325,-3.203404344717699
TCTGGAATCGACAGCC-1,-11.586925423088237,1.362104616959852
TCTGGAATCGATAGAA-1,2.5961173415754595,-2.2349294797579824
TCTGGAATCGTCCGTT-1,-0.31406424039857006,1.8608150108654917
TCTGGAATCTATCGCC-1,1.0772949100111284,2.5234838350613535
TCTGGAATCTCTAGGA-1,4.330503070411519,-2.1453835145632802
TCTGGAATCTGTCCGT-1,-12.57276431316392,-0.3175309971968709
TCTGGAATCTTGCAAG-1,3.0542732120130816,-3.478679098288256
TCTTCGGAGACAATAC-1,4.96491535907729,-1.1500361339251577
TCTTCGGAGACAGGCT-1,4.946210944709614,-3.366983093420702
TCTTCGGAGACTCGGA-1,-12.681745445671245,0.8098629339535655
TCTTCGGAGCTAGTGG-1,3.260099017677144,2.221746049721998
TCTTCGGAGGCCCTCA-1,2.0543273330305376,0.24323200424508468
TCTTCGGAGTGTGGCA-1,0.7853985667799273,1.5996070726712168
TCTTCGGCAATCAGAA-1,-11.865093147697612,-0.651146628061968
TCTTCGGCACCTGGTG-1,-1.838451778831645,3.7577460630734385
TCTTCGGCACTGTTAG-1,5.307310664710835,-0.5375121013323843
TCTTCGGCATTTGCCC-1,-1.4402515500213346,-0.9542848245303213
TCTTCGGGTAGCTGCC-1,2.994126880225972,-0.6772352234522878
TCTTCGGGTAGGAGTC-1,3.700641715583638,1.4180005415280283
TCTTCGGGTATTAGCC-1,5.345672214088276,-2.484470762411791
TCTTCGGGTCCAGTAT-1,5.403429591712788,-0.9476000444094717
TCTTCGGGTGGTGTAG-1,4.8479071498487745,-2.5250934735934316
TCTTCGGGTGTTGGGA-1,1.4573942065809526,1.3493327720959605
TCTTCGGGTTCACGGC-1,0.17891069656355763,-6.341826118628221
TCTTCGGGTTGCTCCT-1,0.6745156884763994,3.3070014341671885
TCTTCGGGTTTGACTG-1,3.1246958613966265,1.875286899407667
TCTTCGGTCACAGGCC-1,-12.370945846977397,-0.29768327633543595
TCTTCGGTCAGTGCAT-1,2.5231915355299273,1.2988607509930552
TCTTCGGTCGGAAACG-1,-3.3366965412522993,0.8370748980839671
TCTTCGGTCGTAGATC-1,4.888606631812886,-2.1562298909823476
TCTTCGGTCGTGACAT-1,0.7997821212385454,2.135914407571119
TCTTCGGTCTCCAACC-1,0.01543780570967579,1.885434947808546
TCTTTCCAGAGATGAG-1,-10.849899208488628,0.9901706798870982
TCTTTCCAGCACACAG-1,2.037605130729512,-0.04372801641626939
TCTTTCCAGGCCATAG-1,1.3594885707472124,-0.4879668132464467
TCTTTCCCAAGAAAGG-1,2.475613915977315,-3.5594374314944326
TCTTTCCCAAGTCTAC-1,-3.7495969890977583,0.12029253495232478
TCTTTCCCACGAAAGC-1,-0.14419714206711864,1.0455706342060984
TCTTTCCCAGATGGCA-1,-12.561263954582378,1.141774378617567
TCTTTCCCAGCCTATA-1,1.2113560081098833,2.7551852091153086
TCTTTCCCATCTGGTA-1,3.7634683490370073,2.267949663003248
TCTTTCCCATTACCTT-1,0.8185749888990679,2.136282764275831
TCTTTCCGTAAATGAC-1,4.542047584113911,0.40455036600427047
TCTTTCCGTACCGGCT-1,-3.611060297432109,0.20932420333222762
TCTTTCCGTAGAGTGC-1,0.3429259896848955,3.2626314981778086
TCTTTCCGTATATGGA-1,3.4699979663465776,2.3007877691586436
TCTTTCCGTCTAACGT-1,5.077927196082905,-0.03287941972418412
TCTTTCCGTCTTCTCG-1,-11.20862857097642,2.0228137596447886
TCTTTCCGTTACGTCA-1,-2.13354883188264,3.6112545355160655
TCTTTCCGTTCACGGC-1,-1.5885777532483778,3.3156751020749033
TCTTTCCTCACTTCAT-1,3.6607256770704546,-3.8310295716921865
TCTTTCCTCATCTGCC-1,0.15691157585127735,-0.527198292414385
TCTTTCCTCCGCATCT-1,-10.60020915264146,2.2187262399990977
TCTTTCCTCGCAAGCC-1,2.479623401222066,2.03384753306703
TCTTTCCTCTTACCTA-1,2.1899495959852495,-1.9766055719058095
TGAAAGAAGAATGTTG-1,3.243114554939107,-1.2113111392657339
TGAAAGAAGACCACGA-1,3.9527293086622515,-0.9252324477831899
TGAAAGAAGAGTAATC-1,-11.474528229179546,2.7698546274502696
TGAAAGAAGAGTCGGT-1,2.535829627570943,2.309247098763746
TGAAAGAAGAGTTGGC-1,-0.2277616619493208,2.3822861536343516
TGAAAGAAGCTGCCCA-1,5.28166397815688,-1.0829099790255605
TGAAAGAAGGAACTGC-1,-12.83368197673814,0.07484262799219504
TGAAAGAAGGATTCGG-1,-10.77905265087144,3.1776564939816416
TGAAAGAAGGTGCTTT-1,3.0220557094190874,0.8691624625523509
TGAAAGACAAACGCGA-1,3.8769384265516558,-0.7806741372744619
TGAAAGACAAAGGCGT-1,-9.416045105400249,3.2216103895504893
TGAAAGACAAGGCTCC-1,-10.603683388176128,2.8772104605038584
TGAAAGACAATCTACG-1,1.1349194884870806,0.8006144388516367
TGAAAGACAGCTGTGC-1,3.9463835597608843,-1.1963256971041738
TGAAAGACATACCATG-1,4.146086776313618,1.8012052400906504
TGAAAGACATGACGGA-1,4.375304305610493,-0.8696658388773977
TGAAAGAGTAAATACG-1,6.065858447608784,0.95213469107942
TGAAAGAGTCAGATAA-1,-3.509957945289775,-0.901998199621874
TGAAAGAGTCGCATCG-1,1.9951511264417925,0.7471425159771861
TGAAAGAGTGCGATAG-1,3.950429999885396,1.8460087402661265
TGAAAGAGTTCACGGC-1,1.5163050532911577,-1.755996026198107
TGAAAGAGTTCTGAAC-1,3.511422717628316,-0.5876905695597707
TGAAAGATCAATCTCT-1,3.1084977031324663,-2.1414312497775136
TGAAAGATCAGCAACT-1,5.937184417304829,0.7088511808712901
TGAAAGATCCAAGTAC-1,2.058095538673238,-0.055650077859598246
TGAAAGATCTCGTATT-1,-3.260168111267253,0.18689246465758697
TGAAAGATCTGCAGTA-1,2.909391009864644,-3.649514116446215
TGACAACAGAGCCTAG-1,1.8833199382398882,0.18099009235696212
TGACAACAGAGCTATA-1,6.267396533546284,-0.7861017958323537
TGACAACAGATCGATA-1,2.0493689418409624,-3.007513441244799
TGACAACAGCGCCTCA-1,2.6571193576429644,2.3304205759365977
TGACAACAGGATGTAT-1,-0.6103443860437117,0.5976164861519755
TGACAACAGGGCTTGA-1,-0.14838269943253612,-1.4055576697985708
TGACAACAGGTGACCA-1,0.08801254039748097,0.7876861317952097
TGACAACAGGTTACCT-1,-1.8202441691781721,3.5472455843289317
TGACAACAGTACGTTC-1,-11.83740226024644,-0.17813155810042008
TGACAACAGTCAAGCG-1,-12.555644905510112,1.289928160508436
TGACAACCAAACGTGG-1,0.7249751926039019,-0.5808308498065053
TGACAACCAACTGCTA-1,5.456119620857075,-2.3780080453555166
TGACAACCAACTTGAC-1,-0.21274641746537304,3.3466180189450205
TGACAACCACAGACAG-1,-0.2580323576356611,1.7808123453457774
TGACAACCACAGCCCA-1,3.5586987376783648,1.987475119431776
TGACAACCATAACCTG-1,2.1635936141584673,-0.8775293604533254
TGACAACCATGAACCT-1,3.9855900645826616,-0.34048954407377824
TGACAACCATTTCAGG-1,3.772817218360738,-2.002307094732958
TGACAACGTCGACTGC-1,5.113902652320698,-0.27554178992910966
TGACAACGTGCGAAAC-1,-12.683536446037456,0.2702579422791423
TGACAACGTGGTCCGT-1,2.6172004581068316,-3.5413498059908926
TGACAACGTGTCTGAT-1,5.222041213569478,-1.6246471778552114
TGACAACGTTGGTTTG-1,3.6543970943067827,-2.019756235281664
TGACAACTCCCTCAGT-1,-1.6558205842401228,3.6726485117276133
TGACAACTCGAGAACG-1,-1.9603348135377607,3.5675340517361582
TGACAACTCGGTCTAA-1,-0.3832103967096052,-7.207254089514452
TGACAACTCGTCCGTT-1,2.957310760078267,-0.19356358806295976
TGACAACTCGTTACGA-1,-3.730356609764262,0.17266694446401015
TGACAACTCGTTGCCT-1,2.256587350425557,-3.20425597588225
TGACAACTCGTTTATC-1,4.799519622382954,-0.0652692840497075
TGACGGCAGATCCTGT-1,4.7813764453504835,-0.5616699234644948
TGACGGCAGCCAGTAG-1,2.849684798774556,2.346738420327467
TGACGGCAGCTCCTTC-1,-0.34735647434250927,2.102961860497755
TGACGGCAGCTGTCTA-1,3.098528945503072,-1.0271898881594717
TGACGGCAGGGTCGAT-1,1.619894111213521,-2.4897374288241445
TGACGGCAGTCAATAG-1,-12.856202995720073,-0.030441574851709452
TGACGGCAGTCGCCGT-1,4.9583879352186475,-1.5213928596179067
TGACGGCCACCCATGG-1,2.9734812617872515,2.279126249154371
TGACGGCCACGCCAGT-1,4.136420810279683,-3.2244032994906484
TGACGGCCAGACAAAT-1,-0.3192681431199751,-7.180408157507616
TGACGGCCATTTGCTT-1,1.0361863017652788,-0.6258682982127248
TGACGGCGTAACGCGA-1,0.7803922534559526,3.1440637930233897
TGACGGCGTACCGTTA-1,3.3833270907972612,2.2288032396634043
TGACGGCGTAGCTAAA-1,1.0931709647749224,0.15155855928854362
TGACGGCGTGATGTGG-1,-0.1175634025956831,2.9467230661709727
TGACGGCGTGTCAATC-1,6.05644425159438,1.039964817364973
TGACGGCTCAAACGGG-1,2.8474551082227983,1.49796410640077
TGACGGCTCACCTCGT-1,4.175122821388081,-2.3125588075320302
TGACGGCTCAGTGCAT-1,0.04698427921278858,1.1143073662121714
TGACGGCTCCGTCATC-1,6.402254664954976,0.16939047714070693
TGACGGCTCCTAGTGA-1,3.5467511058424273,-3.4404942170779287
TGACGGCTCCTCAACC-1,3.944286906776265,-0.8203288690249502
TGACGGCTCCTGCCAT-1,6.695932948646382,0.37135990699128524
TGACGGCTCGAATCCA-1,4.562069022712544,1.8207943065960825
TGACGGCTCGTCTGCT-1,2.7238665462110796,1.081453822453779
TGACGGCTCTTGCAAG-1,-0.5086604117776594,0.2909127994378032
TGACTAGAGAAGGTGA-1,-0.6643672346498213,1.372933588822645
TGACTAGAGGTGCTTT-1,-0.3845788597490034,-7.1952358857791
TGACTAGAGTTTCCTT-1,3.7880116344068804,-2.83625117699309
TGACTAGCAAGTCTGT-1,4.687159144935444,-2.6020652429263174
TGACTAGCAATACGCT-1,0.23068245655043507,1.9604167564709605
TGACTAGCAATGGATA-1,-11.613054192009136,-0.882501699129778
TGACTAGCACTTCGAA-1,-10.574506676139995,-0.018137805263238993
TGACTAGCATGAAGTA-1,1.4611125827406206,-3.1739062444369375
TGACTAGCATGGGAAC-1,-1.0016475080873213,-6.644504226843553
TGACTAGGTATGAAAC-1,-11.805855667534038,-0.9363767282168447
TGACTAGGTCAACTGT-1,1.9315479636762896,-3.166815914313036
TGACTAGGTCACTGGC-1,3.851609313545064,0.6898364051182688
TGACTAGGTCGACTAT-1,2.6384380698774614,-3.79825536171599
TGACTAGGTCGCATAT-1,1.7998033404920855,1.9916689022381724
TGACTAGGTGATAAGT-1,3.4812146068189898,1.7293820007641734
TGACTAGGTGCAGACA-1,4.911219680366353,-0.12090254584951982
TGACTAGGTGGAAAGA-1,-11.570696747245952,1.1186662538845957
TGACTAGGTGTGAAAT-1,-0.9404094576265059,-1.4400916473071157
TGACTAGGTTCCTCCA-1,-3.6971642136003218,0.4700143559773387
TGACTAGTCAAGCCTA-1,5.1450873256300245,-1.841016925970751
TGACTAGTCACATGCA-1,2.352863395271138,1.9139356239636363
TGACTAGTCAGTCCCT-1,2.49340566402419,-3.006936468283373
TGACTAGTCATCGATG-1,4.8231998324964795,-2.712115921179491
TGACTAGTCGTAGGTT-1,2.316495263633565,1.5401291473706187
TGACTTTAGACTGTAA-1,3.9178567767713823,-2.9328085557620107
TGACTTTAGATCACGG-1,4.259759986457661,-0.722317852179247
TGACTTTAGATGAGAG-1,4.831271255073384,-2.561630882422167
TGACTTTAGCCTTGAT-1,4.3491278529737745,0.13913755108909026
TGACTTTAGGACCACA-1,-0.3385898827935896,1.8505714758236826
TGACTTTAGGGAAACA-1,5.620711886939839,-1.8910620586077749
TGACTTTAGTATTGGA-1,-0.14929727310196972,-0.10689585665865525
TGACTTTCACACAGAG-1,6.635719859657124,0.24285574992494002
TGACTTTCACGAAATA-1,4.306639754829243,1.9071527345974864
TGACTTTCAGACTCGC-1,1.8869892001722612,1.8999564274151743
TGACTTTCAGGGTTAG-1,2.9338479877088823,-1.5988092796008169
TGACTTTCATCGGACC-1,-0.4603996037866316,-7.083255447546678
TGACTTTGTAAGAGGA-1,-0.6851277112390242,0.33640369017915145
TGACTTTGTACAGACG-1,2.8743911624525347,-0.956418193976122
TGACTTTGTACTTCTT-1,-11.173394119682476,2.0091925485928477
TGACTTTGTCGCATCG-1,-12.592353737297222,1.4438132866223277
TGACTTTGTCTCCCTA-1,3.4988208652113237,1.824739180405897
TGACTTTGTTGGTAAA-1,4.0154157519911085,-3.5878161565463125
TGACTTTTCAACACCA-1,1.9846828818891802,0.3329596443970622
TGACTTTTCACGATGT-1,2.433312022743062,-4.0391723291079575
TGACTTTTCAGGCGAA-1,5.035585963783101,-0.6727889553706228
TGACTTTTCATGCAAC-1,4.340819442329243,0.8522697313626231
TGACTTTTCCGCTGTT-1,4.606267058906392,-3.0092238561312734
TGACTTTTCCGTAGTA-1,0.6933898568723955,0.18279693265752212
TGACTTTTCGGAAATA-1,1.1840051055525103,-3.672693647543627
TGACTTTTCGGATGTT-1,-10.303004181327983,2.809380613168043
TGACTTTTCGTAGATC-1,0.44647713905318165,3.3706501348813
TGACTTTTCGTGTAGT-1,0.6118337751005449,-0.1483974532286702
TGACTTTTCTCGTATT-1,5.0296088100050245,-2.6482369081179677
TGACTTTTCTTTACGT-1,4.765928351936177,0.19156050672130004
TGAGAGGAGAAGGACA-1,3.023521506843404,-3.453739799658495
TGAGAGGAGCACCGTC-1,-3.1801418423082075,-0.2676804439227162
TGAGAGGAGCAGACTG-1,0.8771885276411333,1.4293491466839732
TGAGAGGAGTGATCGG-1,1.1577745318983355,2.0475273950894297
TGAGAGGAGTGGGATC-1,2.002281987724141,-1.9740132466952383
TGAGAGGCACGACGAA-1,-0.11037877792374706,-1.6195524112383901
TGAGAGGCACTTAAGC-1,3.99401339298232,1.6749871595700205
TGAGAGGCAGGCAGTA-1,-10.195392525139019,2.891212306817335
TGAGAGGCAGTCAGAG-1,-1.6595348476793013,3.5706292017300547
TGAGAGGGTAAACGCG-1,-12.67365542644517,0.8172629698117198
TGAGAGGGTCAGAGGT-1,5.070794665870503,-1.256164230505663
TGAGAGGGTCTCTCTG-1,3.312954986152486,-0.5509634391467153
TGAGAGGGTGATAAAC-1,2.0014289260481157,-1.3576299325625478
TGAGAGGGTGCACTTA-1,-2.8121691107179365,0.5951973720391215
TGAGAGGGTGGGTATG-1,0.6116488814924517,-1.7526057140032827
TGAGAGGGTTAGATGA-1,-11.500950729789897,0.22130060185984984
TGAGAGGGTTCCACTC-1,-10.434409058036968,3.2917569502194346
TGAGAGGTCAGGCAAG-1,-3.280576145591899,0.6850287540753306
TGAGAGGTCAGTGCAT-1,4.760393226203755,1.1320515497525157
TGAGAGGTCATGTAGC-1,-11.687514221611186,2.449743114312452
TGAGAGGTCCTGCAGG-1,1.9082928538893023,-0.3217334226767598
TGAGAGGTCCTTTACA-1,4.25679072147353,-1.1034318582217275
TGAGAGGTCGGCCGAT-1,2.8068252444837847,-3.1264745370547353
TGAGAGGTCGTTACAG-1,-0.31802014106766796,2.102821193536085
TGAGAGGTCTAACCGA-1,4.229320132789448,-0.2632677630583821
TGAGAGGTCTCAACTT-1,2.8599940181349077,1.9011799915631236
TGAGAGGTCTTGCAAG-1,1.336172187385396,-3.166653789679247
TGAGCATAGACTCGGA-1,5.457226836738423,-1.1010538713137685
TGAGCATAGAGGTTAT-1,2.9508424640272417,-1.712697900931078
TGAGCATAGATATGCA-1,2.895993793067769,0.4884259029229106
TGAGCATAGCGTTCCG-1,-1.8470396160508833,-6.954811252752977
TGAGCATAGCGTTTAC-1,1.756150567588643,-0.7158664242426931
TGAGCATAGGTTACCT-1,4.283578956184224,-2.4249762670199453
TGAGCATCACAACGCC-1,-11.56752864116685,1.781377158959669
TGAGCATCACGGCGTT-1,-3.0784319996263227,-0.1363744960228978
TGAGCATCACGTCTCT-1,-1.9835971950914106,3.651882015069288
TGAGCATCACTTAACG-1,-3.6489621757890425,0.8236356004078806
TGAGCATCAGGACCCT-1,2.4615090728376665,1.0218025072415293
TGAGCATCATACGCTA-1,-10.549050247612163,-0.5086594001452505
TGAGCATCATTGAGCT-1,-0.5062497615243635,-0.10681205252810105
TGAGCATCATTGGCGC-1,2.1835664153669634,-0.3627391235034047
TGAGCATGTACCGAGA-1,2.820298755225972,1.2473852260907115
TGAGCATGTAGAAAGG-1,-11.81391421550767,1.4011981113751353
TGAGCATGTCACCTAA-1,-0.6506413578416548,1.1398304327328623
TGAGCATGTCATATGC-1,-0.4158141374017439,1.8119728191693247
TGAGCATGTCGATTGT-1,2.81135901218398,0.8430219515164317
TGAGCATGTCGCTTCT-1,1.0934503913496294,-0.5294666067759572
TGAGCATGTGACGGTA-1,-12.357478058281108,-0.5805855766932546
TGAGCATGTGTGCGTC-1,1.3987761378858843,-3.212603725592333
TGAGCATGTTAAGACA-1,-1.8979154586221418,3.5726102217038096
TGAGCATGTTAGATGA-1,-3.0992533325578413,0.10210196966612056
TGAGCATGTTCATGGT-1,1.4311209560011187,1.040198348363203
TGAGCATGTTTGACAC-1,6.0810638309095655,0.8890991433461131
TGAGCATTCACGCATA-1,-3.950091993751689,-0.1381670610110341
TGAGCATTCAGCACAT-1,-1.1580242275621138,2.8454089983303965
TGAGCATTCCGGCACA-1,-0.7088541149522505,1.305781684716505
TGAGCATTCCTCGCAT-1,-1.6156868993665419,-7.098389305273729
TGAGCATTCGTTGACA-1,-3.0905658363725386,1.2725078686078013
TGAGCATTCTCTTATG-1,1.9866670013044634,-2.0888065473239004
TGAGCATTCTGGCGAC-1,1.3173001647566118,2.013635001977247
TGAGCATTCTTTAGTC-1,4.995247924384907,-1.9897591249148427
TGAGCCGAGATCCTGT-1,2.1011038661573687,-0.05544441203280076
TGAGCCGAGGCCCGTT-1,-11.45968238109605,1.548119388421339
TGAGCCGAGGTAGCCA-1,0.9453247428510942,-0.4236216918627797
TGAGCCGCAATGTAAG-1,-10.885119354667827,2.653030000527662
TGAGCCGCACCACCAG-1,-0.003171360435648918,0.2024776413042964
TGAGCCGCAGATCTGT-1,0.8918023944471636,0.9662404878933848
TGAGCCGCATACAGCT-1,1.0104754806135454,2.773419462044996
TGAGCCGCATTCACTT-1,-12.567872917595073,-0.07311645905180558
TGAGCCGGTAAATGAC-1,-12.850469505729839,1.2752594574292124
TGAGCCGGTAGCCTCG-1,4.433505141792134,0.11256372639284745
TGAGCCGGTATATCCG-1,0.033567750511006356,2.468199096520704
TGAGCCGGTCAGCTAT-1,3.1655588985060015,-1.2316940204302846
TGAGCCGGTGAAAGAG-1,3.5981970668409624,0.8346377833683909
TGAGCCGGTGAGGCTA-1,4.244511687812642,-0.7814509646098196
TGAGCCGGTTCCACAA-1,-3.5530988335038862,0.30275296409921065
TGAGCCGTCAAACGGG-1,-11.734165108146831,2.8409398420651377
TGAGCCGTCGTTGACA-1,-12.446557915153667,1.3408271892865122
TGAGCCGTCTCACATT-1,-10.955462372245952,2.808333717187208
TGAGCCGTCTTGCCGT-1,5.416984641609028,-0.1517173127333699
TGAGGGAAGAATGTGT-1,-2.0346653222467146,3.0185545309384287
TGAGGGAAGAATTCCC-1,2.1016851306532183,2.7103594168026865
TGAGGGAAGACGACGT-1,4.534581744727925,-1.5609974042574941
TGAGGGAAGCGATTCT-1,-3.74221388095872,0.00995448966817275
TGAGGGAAGGCTAGGT-1,0.30020054584486866,1.9670207126934947
TGAGGGAAGGGTTCCC-1,4.416235530433491,0.5759840532143534
TGAGGGAAGGTCATCT-1,4.469327533302144,0.3403775914509715
TGAGGGAAGGTGTGGT-1,-12.218811905327007,0.5853369458516062
TGAGGGAAGGTTACCT-1,1.0405383945081987,2.0464295967419566
TGAGGGAAGTCTTGCA-1,3.6853156924818316,-0.22837356487913713
TGAGGGAAGTGGCACA-1,1.3426996112440386,-0.34774059812231645
TGAGGGACACAGCGTC-1,4.232702815589741,-3.6753121987978994
TGAGGGACACCCATTC-1,-11.657572662773296,0.4893056078751506
TGAGGGACACCGAATT-1,0.2819577098463335,-6.324459232489305
TGAGGGACACCTATCC-1,5.60305651432021,-0.394807972113329
TGAGGGACAGGGATTG-1,1.216592395362691,2.844609580834669
TGAGGGACAGGGTACA-1,3.7471271396253862,0.3353967889149608
TGAGGGACAGGTCCAC-1,-10.982711708488628,3.0752371176083506
TGAGGGACATCTCGCT-1,1.6590557933424273,-3.8445564881960927
TGAGGGACATGATCCA-1,5.4070783496473585,0.15378163745002166
TGAGGGACATTGGGCC-1,5.183318698463276,-0.6570262090365468
TGAGGGAGTAAATACG-1,1.1264432311628618,2.6144469602902354
TGAGGGAGTATAGTAG-1,2.3478031993482866,-0.7979618088404714
TGAGGGAGTGTGCGTC-1,4.760767066535786,-3.362862743536669
TGAGGGAGTTCAGACT-1,0.726369941291646,2.2474213465054453
TGAGGGAGTTCGTCTC-1,3.5501814723585405,-0.32587737600012406
TGAGGGATCAGTCAGT-1,-3.63373056644456,-0.1751427129904805
TGAGGGATCAGTTAGC-1,3.430532062110738,-3.515545047918993
TGAGGGATCCGGCACA-1,5.412109935340718,-0.32106847325964555
TGAGGGATCGCCATAA-1,-12.609850799980327,1.5809580906231822
TGAGGGATCGGCTTGG-1,4.718103492317036,1.2134267910321177
TGAGGGATCGTATCAG-1,-0.27329674953477,3.200618587334913
TGAGGGATCGTCCAGG-1,-1.5178039281989775,3.231849752267164
TGAGGGATCTCTAGGA-1,5.650874698219136,-0.8626170531909048
TGAGGGATCTGCGTAA-1,5.767621123847798,-1.789730109373766
TGAGGGATCTTTACAC-1,4.302351081428364,-2.120865739981371
TGAGGGATCTTTAGTC-1,-11.661224281730815,-0.910513676802355
TGATTTCAGAAGGTTT-1,-0.8491399943258009,-1.5746225492159902
TGATTTCAGAATAGGG-1,1.2915709853742876,-3.5792733804385244
TGATTTCAGACTACAA-1,4.480289065894917,1.9594704731305064
TGATTTCAGAGGTAGA-1,3.706031405982808,-2.1040491239230215
TGATTTCAGAGGTTGC-1,2.2579446673963823,1.2741995676358164
TGATTTCAGCCCAGCT-1,2.089470231590108,-1.8490195647875844
TGATTTCAGCTAAGAT-1,3.5712571979139605,-2.0441476480166494
TGATTTCAGTACGATA-1,1.9211526752088823,0.7323962672551096
TGATTTCAGTCAATAG-1,-3.808870470466777,0.09998136713941858
TGATTTCCAAGTTAAG-1,1.4120581985090532,-1.9947122708956777
TGATTTCCAATAACGA-1,4.689642512855366,-1.3769544736544668
TGATTTCCACTCGACG-1,4.63752278095229,-1.5462681428591787
TGATTTCCAGACACTT-1,4.491973960456685,-1.5173304454485952
TGATTTCCAGTATGCT-1,1.9025207400892534,-3.6605073587100088
TGATTTCCAGTGACAG-1,5.4710150600050245,-1.2634561435381948
TGATTTCCATATACGC-1,-3.7201387047197065,0.8361787422497691
TGATTTCCATGCGCAC-1,-3.267411863746806,-0.13494756082697495
TGATTTCCATGGTAGG-1,1.729806506690816,-3.2805837766329824
TGATTTCCATTAACCG-1,-0.6564901828195295,-1.276597775618273
TGATTTCGTATAGGGC-1,4.835933291969136,1.6642216070492686
TGATTTCGTCTCTTAT-1,-1.9047432302858076,3.235389791329664
TGATTTCGTGCCTGTG-1,-10.420394813957378,-0.4131337777773915
TGATTTCGTTGATTCG-1,3.5338507533644,-3.0525895730654775
TGATTTCTCATCATTC-1,3.3332558513258257,1.442317567666334
TGATTTCTCATGTGGT-1,4.609726035651997,-3.675649561087328
TGATTTCTCCACGTGG-1,1.3905247092817583,1.0536512358982981
TGATTTCTCGAGAACG-1,-0.19264010185258007,1.5729777439434947
TGATTTCTCGCTTGTC-1,-12.328656113090679,0.5404890402157725
TGATTTCTCGGCGGTT-1,-3.7254950165178022,-0.13811298469706162
TGATTTCTCGGGAGTA-1,-0.33474937671677685,2.1144729479153574
TGATTTCTCTACTTAC-1,-12.664602196159526,0.7705109341938914
TGATTTCTCTCGGACG-1,3.992297732887105,-2.274923481146532
TGATTTCTCTGAAAGA-1,-11.851491844597026,1.002571724255842
TGCACCTAGACTAAGT-1,-0.8031849026109419,1.2884809597332896
TGCACCTAGATAGTCA-1,-3.2448717712785444,0.19690816094474212
TGCACCTAGCTAGTGG-1,0.015516126212910653,2.700496278603834
TGCACCTAGGCAATTA-1,4.1378947139356885,-2.1198689119021474
TGCACCTAGGGCTTCC-1,2.477078998145894,0.8999816997845591
TGCACCTAGTCTTGCA-1,-12.132869636955425,0.6542462929089488
TGCACCTAGTGCGATG-1,1.609086358604268,-3.663060106436449
TGCACCTCAAGTAGTA-1,0.8432227016065874,1.3845431431134165
TGCACCTCAATGAAAC-1,-12.544326698723003,1.6171711309750498
TGCACCTCAGTCAGCC-1,-0.3252324222947798,-0.1628555134932576
TGCACCTCAGTGAGTG-1,1.4500361323927202,-3.8040703908602773
TGCACCTCATTCACTT-1,3.450979793128804,-0.4885331169764577
TGCACCTGTCAGATAA-1,0.3326440692518511,3.4442971571286143
TGCACCTGTCAGGACA-1,-10.388315117302104,3.3240538462002696
TGCACCTGTCTGCCAG-1,6.250545108375386,-0.9033874646822988
TGCACCTGTGACAAAT-1,-2.686091816368266,0.237548150022787
TGCACCTGTGAGGGTT-1,0.07049878841383839,2.2080939634640635
TGCACCTGTTAAGAAC-1,3.1241117358778276,-0.30642733732863053
TGCACCTGTTATTCTC-1,2.3458703399275103,-3.475686706701952
TGCACCTTCAATACCG-1,2.721480453071431,-2.339924968878466
TGCACCTTCAGGCAAG-1,-11.39646044963853,1.9022247417767466
TGCACCTTCATAGCAC-1,3.866975867805318,0.32606890042619124
TGCACCTTCCAACCAA-1,-0.11863819355027294,1.1308418138821543
TGCACCTTCCCACTTG-1,1.9876762271498003,2.376725517113966
TGCACCTTCCCTGACT-1,4.714190566596821,1.8977580889065684
TGCACCTTCCGTAGGC-1,2.8325491786573687,1.4938401802380503
TGCACCTTCGCTGATA-1,4.34105643039687,1.790195427735609
TGCACCTTCGTTACGA-1,2.522631967124776,-0.1414871440331517
TGCACCTTCTGCTGTC-1,4.281255805549458,-0.8389245049159109
TGCCAAAAGAATTGTG-1,-3.5117642044450483,0.3876077159245433
TGCCAAAAGAGCTGGT-1,0.6758321166609087,3.1221826895077647
TGCCAAAAGAGTCTGG-1,4.114834868964985,-1.9920424596468984
TGCCAAAAGATACACA-1,-0.7028257607843122,1.4310427530606211
TGCCAAAAGATATGCA-1,3.681752765235738,-1.7608455793063222
TGCCAAAAGCGTAGTG-1,-1.0433899521257124,-1.2222084180514394
TGCCAAAAGGGTCGAT-1,-2.8822666763688765,0.4658108874161662
TGCCAAAAGTTAACGA-1,4.040537440833882,0.4562181754906596
TGCCAAACACCTCGTT-1,-11.543220436515972,1.4091102703411997
TGCCAAACACTTAAGC-1,5.494745338020161,-1.7241306678454458
TGCCAAACAGATCCAT-1,5.643652522620991,-1.1336431876818716
TGCCAAACAGTAAGAT-1,4.292624557075337,-0.4806595222155629
TGCCAAACATCCCATC-1,-0.38727835411088085,1.794517241318983
TGCCAAAGTACAAGTA-1,5.291659915504292,-1.3588807956378042
TGCCAAAGTCGAACAG-1,2.250150525626973,1.6395841463406504
TGCCAAAGTGTGAATA-1,-1.8022765874292097,3.7475436552365244
TGCCAAAGTGTGCCTG-1,-0.3372807859803877,0.5574104710419596
TGCCAAAGTTAAGAAC-1,-11.759725487175151,-1.2929826156298696
TGCCAAAGTTCAGACT-1,3.974701011237935,0.29808721681432143
TGCCAAAGTTCAGCGC-1,-0.019482529106303215,3.523717008431715
TGCCAAAGTTCCCTTG-1,1.3416086078260698,1.9236940964062632
TGCCAAATCAGAGGTG-1,-12.192805206718608,0.7807981594403208
TGCCAAATCCATGAGT-1,-10.354016220512554,2.9172917230923594
TGCCAAATCGTCTGCT-1,3.9405980945204058,1.678222976525587
TGCCAAATCTATGTGG-1,0.10541995769484425,1.0584197862942637
TGCCCATAGAAACGAG-1,-2.277330672683879,-6.679631389776903
TGCCCATAGATCGATA-1,2.723637187537984,0.4728416426976146
TGCCCATAGCACAGGT-1,2.284837329444722,-3.2433406488101064
TGCCCATAGCTTTGGT-1,0.8812893272016802,-0.5197052137057363
TGCCCATAGGCGACAT-1,2.323730313834981,-1.116932191054064
TGCCCATAGGCGTACA-1,0.15604408985121632,3.31639512618379
TGCCCATCAGACGCTC-1,0.92659338718398,-0.5611406342188894
TGCCCATCATAAAGGT-1,0.1452479005430498,3.5772581919033946
TGCCCATCATGGATGG-1,1.5029376388166704,1.4746809824307383
TGCCCATGTAGGAGTC-1,2.864931666908101,2.4216891153653086
TGCCCATGTATGGTTC-1,3.937105739173726,1.7595500572522105
TGCCCATGTCACAAGG-1,0.19142433410628223,1.9505080803234995
TGCCCATGTCACTGGC-1,2.164339625892476,1.1436341627438487
TGCCCATGTCCGACGT-1,3.819972121772603,-1.4159095660845815
TGCCCATGTGACTACT-1,-11.828628456535503,-1.2990644351641714
TGCCCATTCAACGGGA-1,3.4419232249830523,0.9963543637593211
TGCCCATTCACAGGCC-1,2.3892320037458696,1.333650074799818
TGCCCATTCAGAGCTT-1,1.5040384173963823,-3.3426057473818838
TGCCCATTCTGAAAGA-1,0.7215610385511675,1.8058402164776743
TGCCCTAAGAAACCAT-1,3.7561612964247026,1.3444414957364024
TGCCCTAAGACAGAGA-1,1.7213807941053667,-2.1586240903536855
TGCCCTAAGACTAAGT-1,1.646615827140645,-2.248300232092577
TGCCCTAAGAGCCTAG-1,0.874206388053731,-0.24091500798864945
TGCCCTAAGCCGGTAA-1,-11.51884642833726,1.8098138197262705
TGCCCTAAGGACAGCT-1,5.414194190559224,-1.8344507590930044
TGCCCTAAGGCAATTA-1,4.338883960304097,0.9473279341061533
TGCCCTAAGGCTACGA-1,4.9517303348158155,-2.465456165472704
TGCCCTAAGGGCATGT-1,-0.4896957039262495,1.8041226490338267
TGCCCTAAGTGTCCCG-1,3.4734393001173296,2.000372134049696
TGCCCTAAGTTATCGC-1,2.0443216205213823,0.9417437537510813
TGCCCTACAAGCTGTT-1,5.3270026088331495,-1.9510735646884023
TGCCCTACACGGTTTA-1,5.17336901432021,0.9944707377751292
TGCCCTACAGACACTT-1,2.208036267814473,0.5125638469059886
TGCCCTACAGCTCGAC-1,1.4104343295667925,-1.6963304654757558
TGCCCTACAGTGAGTG-1,-1.519902756753131,3.786940656503004
TGCCCTACATATGCTG-1,3.3473735690687456,1.823527775605482
TGCCCTACATCGATGT-1,5.207037055549458,0.42389734824494735
TGCCCTAGTACCGCTG-1,2.8284941554640093,-1.7988449708621084
TGCCCTAGTCATCGGC-1,2.6075092197035112,-1.11464575688048
TGCCCTAGTCATTAGC-1,-11.637511169853374,1.5957830770810069
TGCCCTAGTGCAACTT-1,2.5827017665479937,-3.2838546411196767
TGCCCTAGTGGCCCTA-1,-3.744091904106303,-0.030557341973024454
TGCCCTAGTGTGAATA-1,5.121280753669575,-0.1949716285864888
TGCCCTAGTGTTCGAT-1,-0.49080345624940014,-6.8294130937258775
TGCCCTAGTTGATTGC-1,1.9475177169416704,-3.1312920228640615
TGCCCTATCAACACCA-1,2.1124328017805376,-2.0541807786624013
TGCCCTATCCACTGGG-1,0.2677639365766802,1.0660967453320445
TGCCCTATCCAGTATG-1,2.96490486865981,1.7815179451306284
TGCCCTATCCGCGGTA-1,-3.372791206779643,-0.6626868025462209
TGCCCTATCGATAGAA-1,-11.239362633171245,1.5041246040661753
TGCCCTATCGGAAATA-1,3.6674843669508257,-0.9103238956133901
TGCCCTATCGGACAAG-1,6.290422523078755,0.5455142482121409
TGCCCTATCGGTGTCG-1,-3.7878142952348433,0.14224430163697616
TGCCCTATCTACCAGA-1,2.7677040935133257,2.536621175607008
TGCCCTATCTGTCCGT-1,0.9019935966108599,2.5524242742855967
TGCGCAGAGACGACGT-1,-10.549212372245952,-0.0267781392733632
TGCGCAGAGAGCTGCA-1,2.54538902050002,-2.612588085333544
TGCGCAGAGCACACAG-1,4.8308220744703565,-0.48519317070646867
TGCGCAGAGCTCCCAG-1,3.1638708949659624,2.2693544252713145
TGCGCAGAGTACGTAA-1,-12.589390671196147,-0.27265084544821366
TGCGCAGAGTCTTGCA-1,1.7882183433149614,-1.8443588391940176
TGCGCAGCAAACCCAT-1,2.5224502921675005,-1.5314950124423086
TGCGCAGCAAGCCATT-1,2.697080218849019,-2.8612767831484853
TGCGCAGCAGCTGTGC-1,6.517621600684956,-0.12902724007769212
TGCGCAGCAGGATTGG-1,4.696572387275532,0.04281370331839934
TGCGCAGCATACGCTA-1,4.741702163276509,0.28247084458665267
TGCGCAGCATCTCGCT-1,1.822406613883809,-3.3200272695223867
TGCGCAGGTAGAGCTG-1,3.9586029887769976,-2.0378970281283437
TGCGCAGGTTGCCTCT-1,4.094420039710835,0.7824110611279429
TGCGCAGTCCAATGGT-1,0.9883595347975054,2.4433518274624766
TGCGCAGTCCGTCAAA-1,4.9623199344251905,0.45346208651856795
TGCGCAGTCCTGCTTG-1,1.503155076560811,1.9565254076321543
TGCGCAGTCGGCGCTA-1,4.96906574970229,-0.9002166167895376
TGCGCAGTCGTTTATC-1,-0.3329800128366194,1.7052852733929575
TGCGCAGTCTCTGAGA-1,0.9933145881269732,3.027548156579298
TGCGCAGTCTCTGCTG-1,5.10563334232314,-1.4985241071383535
TGCGCAGTCTGTCAAG-1,4.264040076789692,-0.0462132320801793
TGCGGGTAGAAGGGTA-1,-11.873817360344097,0.3545022233326854
TGCGGGTAGAATAGGG-1,4.1050153613661085,1.1124677284558238
TGCGGGTAGATGCCTT-1,2.5905040145490923,0.2566632701952876
TGCGGGTAGCGTTGCC-1,2.622631156501607,-0.9176277295748769
TGCGGGTAGGTCATCT-1,3.842803561744527,-2.1035446302096426
TGCGGGTAGTAGGCCA-1,5.037435615119771,0.5552124305565775
TGCGGGTAGTCATGCT-1,1.6300953269575396,-1.191621936957079
TGCGGGTCAAACAACA-1,0.7365964294050493,-1.7128278390566885
TGCGGGTCAAGCGTAG-1,1.4751952529524126,0.11576414005206243
TGCGGGTCACACAGAG-1,3.82895573383315,-3.5834445134799062
TGCGGGTCACATGGGA-1,0.37248309856398487,2.5360072477658213
TGCGGGTCAGGAATCG-1,3.1543851733778276,-3.2164851800601064
TGCGGGTCAGGCAGTA-1,0.5911349893186846,1.6665566786129893
TGCGGGTCAGGTGCCT-1,-2.0563460945512495,3.487389646371168
TGCGGGTCATCCGCGA-1,-3.8076204418565474,0.7606377228100718
TGCGGGTCATGAAGTA-1,-3.5404867290879927,0.44674148400620833
TGCGGGTCATGGATGG-1,3.3764654040907183,-1.7649683133761465
TGCGGGTGTAACGTTC-1,0.0387699246977129,3.4511235578854502
TGCGGGTGTACAGACG-1,4.766019904670552,-1.4436511174838125
TGCGGGTGTAGGGTAC-1,-0.7532101630593977,1.6315182073910655
TGCGGGTGTATAGGGC-1,-2.074001824798747,3.667504630883497
TGCGGGTGTCATATCG-1,-1.7508315205003462,3.4281814916928233
TGCGGGTGTCCCTACT-1,-12.298718368950054,1.5031211002667368
TGCGGGTGTGAAAGAG-1,3.100754821357564,-1.3352158443133413
TGCGGGTGTGATGTCT-1,3.411761367378072,-1.4765673057238637
TGCGGGTGTGTCTGAT-1,-11.173840439262554,0.7374659999211253
TGCGGGTGTTAAAGAC-1,-11.719584381523296,0.647780738671583
TGCGGGTGTTAGTGGG-1,-2.6938076376344404,-0.12478249530001267
TGCGGGTGTTCAGACT-1,0.5153284907911577,3.5621188505490244
TGCGGGTTCACGAAGG-1,3.652369105872945,1.7897423132260264
TGCGGGTTCACGGTTA-1,2.1746772170637407,-1.0296806470553457
TGCGGGTTCATTGCGA-1,3.3388605952833452,-1.0460808650652944
TGCGGGTTCGCAAGCC-1,-2.535571730079814,1.0266655906041087
TGCGGGTTCTGTCCGT-1,4.613033855018452,-2.863853372732836
TGCGGGTTCTTGCATT-1,-0.49998286956803417,0.5608210190136851
TGCGTGGAGATAGGAG-1,5.519911849555806,-1.4826237336794912
TGCGTGGAGATCCGAG-1,-2.370682632866069,-0.5879671947161733
TGCGTGGAGCACCGTC-1,4.364433848914937,0.20331818600491897
TGCGTGGAGCAGATCG-1,2.552522981223897,0.11637194724128858
TGCGTGGAGCAGCCTC-1,3.163156592902974,-2.0686658994357168
TGCGTGGAGTACCGGA-1,2.9130779147718706,-3.691655077139574
TGCGTGGAGTGCAAGC-1,-0.46502623552338695,1.6699980123837412
TGCGTGGAGTTGTCGT-1,3.5217901111219683,-1.2596238032977163
TGCGTGGCAAGCCATT-1,1.4697409511183062,-0.20304922024412736
TGCGTGGCAATTCCTT-1,-12.500455772819683,1.274179540475172
TGCGTGGCACACCGAC-1,-9.365805542411968,3.017742715676588
TGCGTGGCACAGACAG-1,2.7060705066297808,-0.9275615588824331
TGCGTGGCACCGAAAG-1,3.6569081187818804,1.0122966988881053
TGCGTGGCACGAGAGT-1,4.6113067508314405,-3.551046051184374
TGCGTGGCACTATCTT-1,4.246245467719868,0.8054418190319956
TGCGTGGCAGATGGCA-1,3.721346461829976,-0.6113757268588125
TGCGTGGCAGCCACCA-1,3.726275527534322,-0.9858590737978994
TGCGTGGGTAACGCGA-1,2.493752801475362,-0.42881927649183854
TGCGTGGGTAAGGGAA-1,5.453231418189839,-1.8042676822344839
TGCGTGGGTAAGGGCT-1,2.787961089668111,-1.3710551635424673
TGCGTGGGTACCCAAT-1,-1.845892226638957,3.5324085577328623
TGCGTGGGTACCGTAT-1,1.4110520721052446,-0.7602750436465322
TGCGTGGGTAGCGCTC-1,4.91175898319228,-2.6696883813540517
TGCGTGGGTCAATGTC-1,1.4042530894850054,1.8081888779004038
TGCGTGGGTGAGGGAG-1,3.148970687446431,-0.8587239758174001
TGCGTGGGTTCCAACA-1,2.547996842918233,0.6051071508725108
TGCGTGGTCAAAGTAG-1,1.6436928153608599,-3.701737083594042
TGCGTGGTCATAAAGG-1,4.165211284217671,-1.791096247832018
TGCGTGGTCATGGTCA-1,-2.027904069366618,3.4230531080563487
TGCGTGGTCGAATGGG-1,-11.521390831413433,-1.4576729909579336
TGCGTGGTCGAGCCCA-1,2.9778362155531206,1.8306400402386607
TGCGTGGTCGTACGGC-1,6.086334312019185,0.843853793938917
TGCGTGGTCTCTTGAT-1,2.974593246040181,0.15439787124590293
TGCGTGGTCTTGTCAT-1,3.042696559486226,0.9014671071370066
TGCTACCAGAGGTACC-1,4.728212440070942,-2.3834118024508535
TGCTACCAGAGGTTGC-1,-3.347376978340312,1.0267904027302683
TGCTACCAGATATGCA-1,-11.248940384330913,-1.5678730384509145
TGCTACCAGCAACGGT-1,2.7544632793043413,-3.541546024481493
TGCTACCAGCCTTGAT-1,2.580069148597554,-1.0228851215045034
TGCTACCAGCGTAGTG-1,3.9444542766187944,0.7168768270810069
TGCTACCAGGTAAACT-1,4.118393027839497,-3.793719209830004
TGCTACCCAAACTGCT-1,-3.0503218531038008,-0.06531589488192185
TGCTACCCAAAGAATC-1,3.0629678607557573,-1.4035622255007802
TGCTACCCAGCTGTTA-1,4.850890243110493,1.416681729157728
TGCTACCCATGTCTCC-1,-1.588019466343089,3.067683301766676
TGCTACCGTACCGTAT-1,-0.13293210262314892,1.9179745539029063
TGCTACCGTATAGGTA-1,-0.823625689687892,-1.590644039313036
TGCTACCGTCAAGCGA-1,5.524568641242817,-2.5092760698000967
TGCTACCGTCCGCTGA-1,2.5800507903669634,2.2107680662472666
TGCTACCGTCTCACCT-1,0.9044838786695757,0.22102711339787856
TGCTACCGTGCCTGTG-1,-0.21233907932297802,-0.45596072832747087
TGCTACCTCACCTCGT-1,-3.7148994564439497,0.8698327763874949
TGCTACCTCATCGGAT-1,5.178998076972798,-1.8504121677081167
TGCTACCTCATGTCTT-1,3.5350333095167437,1.1628017052014292
TGCTACCTCATTGCGA-1,-0.576294636669322,1.0688729508717478
TGCTACCTCGAACTGT-1,-10.028605377617046,3.093259893258375
TGCTACCTCGGATGGA-1,2.8607025981519976,-3.26130262772246
TGCTACCTCTCCAACC-1,-11.493671333732769,-1.3270395175616323
TGCTGCTAGAAACGCC-1,-11.63207999462144,2.4487086160977305
TGCTGCTAGAAGGCCT-1,-1.1583237558032713,2.07881709178285
TGCTGCTAGAGACTAT-1,-11.762840187492534,-0.7518914119402944
TGCTGCTAGGAGTTGC-1,-1.6011172890092573,2.851447425683302
TGCTGCTAGGCAAAGA-1,-9.980183517875835,-0.20635849992437943
TGCTGCTAGGCTACGA-1,2.2228756785963335,0.7425444944699229
TGCTGCTAGGGTCGAT-1,2.131671989021138,0.1570248826344432
TGCTGCTAGTACGTAA-1,6.646535003242329,-0.37637237469359025
TGCTGCTAGTGGACGT-1,5.431005084571675,-0.30658421675367936
TGCTGCTAGTGGGATC-1,2.4337569118116655,1.4576955660183848
TGCTGCTCAATAAGCA-1,5.5955339313123975,-2.3114020005862295
TGCTGCTCAATCAGAA-1,-11.775822555961772,-1.3137276546160757
TGCTGCTCAGTGACAG-1,0.9252434611891069,0.7547026499112071
TGCTGCTCATGCCTAA-1,-0.04985157245652294,2.5238381250698985
TGCTGCTCATTGGTAC-1,1.912198627052144,1.404379449685377
TGCTGCTGTAAAGGAG-1,2.8769961238477983,-1.059498109022814
TGCTGCTGTAAGTAGT-1,-10.656514084282085,-0.16978112618132218
TGCTGCTGTGCGGTAA-1,4.446844661292866,-2.7676276342074453
TGCTGCTGTGTATGGG-1,1.429934108314351,0.28199642141656295
TGCTGCTGTTCAGGCC-1,4.871823871192769,-1.669086970488268
TGCTGCTGTTGGACCC-1,3.4340926051710405,1.904103718598646
TGCTGCTTCACCACCT-1,4.149013125953511,-2.212321676413256
TGCTGCTTCAGCACAT-1,3.5591846347425737,2.433321557839674
TGCTGCTTCAGTTGAC-1,3.4908295512769976,-0.9678541795413076
TGCTGCTTCTTATCTG-1,-10.1044549106981,-0.16466898481054887
TGGACGCAGAAGGTGA-1,1.41585119968398,2.135304056008619
TGGACGCAGACATAAC-1,-3.8091467975999556,-0.0713338033358632
TGGACGCAGACCACGA-1,1.0629018188093462,3.3449369295437754
TGGACGCAGATGAGAG-1,-0.386020994129344,0.3844523354371013
TGGACGCAGATGTAAC-1,-1.8892438768769941,3.684221111138624
TGGACGCAGCATGGCA-1,-11.173276817741558,1.0988982542355479
TGGACGCAGGACATTA-1,2.7424512744520464,-1.1117204801241933
TGGACGCAGTCGCCGT-1,-11.698918259086772,1.1690693720181407
TGGACGCCAAACCCAT-1,-0.7786969303514204,3.4502127989132823
TGGACGCCACAGACAG-1,-11.925561821403667,1.738200865586561
TGGACGCCAGCATGAG-1,1.409050309715108,0.7682548387844981
TGGACGCCAGGTTTCA-1,-0.3489079832460127,-7.109816707770067
TGGACGCCATCTGGTA-1,0.8698056579206743,1.5072543247540415
TGGACGCGTACCAGTT-1,-11.50457755321519,2.6541438921292246
TGGACGCGTATATCCG-1,-0.3549009918595991,1.6218072994549693
TGGACGCGTCATGCCG-1,-11.396424210014507,2.61142047484712
TGGACGCGTCCAACTA-1,0.19407829051955128,1.764783821900648
TGGACGCGTCTTGTCC-1,0.8095036388014116,3.443691335519117
TGGACGCGTGAAAGAG-1,1.1486595512007036,2.387226186593336
TGGACGCGTGGTCTCG-1,3.0043207049940386,1.8047935589154185
TGGACGCGTTCGTGAT-1,1.0567592025373735,-2.1598376409213125
TGGACGCTCCGTACAA-1,0.5318048835371294,-0.7754994408289968
TGGACGCTCCTTAATC-1,5.010912501869038,-3.0906874314944326
TGGACGCTCGAGAGCA-1,1.6748677135084429,3.1797309740384043
TGGACGCTCGGCATCG-1,4.150208556709126,0.2490816636879863
TGGACGCTCTAAGCCA-1,0.17262443309767628,1.337554179032606
TGGACGCTCTGCGACG-1,4.432947242317036,-1.9244796411196767
TGGCCAGAGACATAAC-1,4.032917583045796,-0.6322994009654104
TGGCCAGAGAGAACAG-1,-0.8968197762395582,0.4173974021275462
TGGCCAGAGAGGTACC-1,5.208839023170308,0.09589694337294713
TGGCCAGAGCGGATCA-1,5.209630572852925,-1.945279039541918
TGGCCAGAGTACATGA-1,3.9449683070753374,-1.6920633689562856
TGGCCAGAGTGCCAGA-1,2.8093248248670855,-3.2842392102877676
TGGCCAGAGTTTAGGA-1,4.869323337135151,-2.2218190805117666
TGGCCAGCAAACCTAC-1,2.4613583922956743,1.1720952614148081
TGGCCAGCAAGGACAC-1,-0.8925771176244459,0.5211655422051371
TGGCCAGCACAGACAG-1,2.080575549659566,-1.087770618597704
TGGCCAGCACCCAGTG-1,-12.634196197929546,1.0958662851651133
TGGCCAGCACCGAATT-1,2.078530871925191,-3.1273788587252676
TGGCCAGCACCGGAAA-1,4.582856738624409,-2.4775354043643056
TGGCCAGCACTGAAGG-1,4.285468661842183,-0.536744989554125
TGGCCAGCAGCCAATT-1,5.6118303180311475,-2.0413526670138418
TGGCCAGCAGCTTAAC-1,-2.9408262133027754,1.178652845223707
TGGCCAGCAGTGGAGT-1,5.208051288184956,-0.18471766273184403
TGGCCAGCATCACAAC-1,3.0939265132520952,0.9835165961583079
TGGCCAGCATGCGCAC-1,4.9887429118727,0.12780090225235835
TGGCCAGCATGGTAGG-1,4.2618876338575635,-1.9173101560275136
TGGCCAGCATTAGCCA-1,2.02477511173232,0.15452551459268943
TGGCCAGCATTGGCGC-1,-3.893263256492778,0.4186370297272624
TGGCCAGGTCACACGC-1,1.0787192226026812,-3.388262905279833
TGGCCAGGTCATATGC-1,4.6340065837477,1.5830686910946787
TGGCCAGGTCGACTAT-1,-11.397112762870952,-1.8483531848589956
TGGCCAGGTCTAGGTT-1,3.9678779483412066,-1.3625873700778066
TGGCCAGGTGTGACCC-1,4.230847442207173,0.3235491885741176
TGGCCAGGTTATGTGC-1,1.6231232524488726,-2.3467392102877676
TGGCCAGTCAACACTG-1,2.8045173526380816,0.1993331610162677
TGGCCAGTCAACCAAC-1,3.5554095149610796,-0.42127839485808
TGGCCAGTCGGTCCGA-1,2.1579995990370073,-3.5297488347689687
TGGCCAGTCTCGCTTG-1,3.8650332332227983,1.6746085508664073
TGGCCAGTCTCGTATT-1,5.576886737403706,-0.8255149499575674
TGGCCAGTCTGCGACG-1,1.3330620170210161,-3.7019614354769765
TGGCGCAAGAACAACT-1,2.522878253516988,-1.138206400076586
TGGCGCAAGACACTAA-1,4.730725371894673,1.223487935860914
TGGCGCAAGCGTCTAT-1,-0.47856513256089306,1.596404515107435
TGGCGCAAGCGTGTCC-1,-0.607921993675395,-0.2566769496600209
TGGCGCAAGCGTTGCC-1,5.078463161048726,-2.737059988180834
TGGCGCAAGGTGCAAC-1,4.733795726356343,0.43105974038438216
TGGCGCAAGGTGCTAG-1,-12.074889099540874,-0.23939455310507401
TGGCGCAAGTATTGGA-1,0.5770798564527788,-0.4853577391306935
TGGCGCACAAGACACG-1,3.485182845649556,-1.1700588838259756
TGGCGCACAATGAATG-1,3.819328868446187,1.3977158888180674
TGGCGCACAATGACCT-1,-0.552259004059001,1.1924974544842661
TGGCGCACACCAGGCT-1,-0.39624760145203686,1.9971307142575205
TGGCGCACACCATCCT-1,-12.226751244011089,2.2068963869412364
TGGCGCACACGTGAGA-1,-9.365719711723491,3.093391500314039
TGGCGCACAGTATGCT-1,4.0138893962477,-0.6298635975520193
TGGCGCACATAAAGGT-1,-11.602967178764507,-0.3220167533556996
TGGCGCACATGCCACG-1,-11.45407763713853,-0.3394886628787099
TGGCGCACATGGTTGT-1,1.6587043643568316,-0.16101545850439652
TGGCGCACATTCACTT-1,1.1209026218031206,-0.9361633435885488
TGGCGCACATTCCTGC-1,1.5271788478468218,2.727306686242384
TGGCGCACATTTGCTT-1,4.653223598060444,-1.9197541848818838
TGGCGCAGTAAAGGAG-1,4.342137420234517,-0.407780863444048
TGGCGCAGTAAATGTG-1,0.761366450843648,2.067506037553114
TGGCGCAGTAGAGGAA-1,-2.951311623993083,1.7049182279904307
TGGCGCAGTATAGGGC-1,-0.8112749218370161,0.8028491957982005
TGGCGCAGTCAATGTC-1,1.8191297889326372,2.4675072058041514
TGGCGCAGTCCTGCTT-1,3.7816735149000444,1.3093406780560435
TGGCGCATCCAGATCA-1,2.1501313090894976,2.465491853555006
TGGCGCATCCTAGGGC-1,2.6032729983900347,2.166408382256788
TGGCGCATCGAACTGT-1,4.989167296943501,-0.7999986783663808
TGGCGCATCTTAACCT-1,-11.325545227470561,2.0102747305233897
TGGCTGGAGCAGCCTC-1,4.8700347781751905,-1.2947893516223012
TGGCTGGAGCGCCTTG-1,3.2138043284986773,1.9487425907452525
TGGCTGGAGCTGCGAA-1,-0.8797829508210859,0.1908366753657283
TGGCTGGAGTCACGCC-1,-1.6186194180871687,-1.015477933088976
TGGCTGGAGTCGAGTG-1,5.93631371265395,-1.3706033603350698
TGGCTGGCAAGCCATT-1,4.3320451617811475,-0.36990389982863053
TGGCTGGCAGGCAGTA-1,-11.700755989494487,-0.9185204879443227
TGGCTGGCAGTAAGCG-1,0.47059639698012257,-1.279832877318102
TGGCTGGCATCACGTA-1,3.9981275439832964,1.3496464117367686
TGGCTGGCATCCGGGT-1,-12.142422592582866,1.2198270185788096
TGGCTGGCATCGGAAG-1,2.6854000926588335,-0.09174845377607926
TGGCTGGCATGGGACA-1,4.132869327125386,-0.38839117447538957
TGGCTGGCATTGGCGC-1,4.941269004401997,-2.39999309937163
TGGCTGGGTCACACGC-1,0.48826082950575733,2.5041080339749278
TGGCTGGGTCAGAAGC-1,-12.440558350029155,2.2520879133542002
TGGCTGGGTGATGATA-1,2.2143543601606646,-2.331243909994799
TGGCTGGGTTCCACGG-1,-0.04055420154587841,3.519573770364088
TGGCTGGGTTGTGGAG-1,-11.98181143993394,-0.22625637809439286
TGGCTGGTCAAACCAC-1,3.313075149116353,-3.351073898474413
TGGCTGGTCCAATGGT-1,-10.88641635173814,0.11973329809800998
TGGCTGGTCCGAGCCA-1,2.1546245456312456,0.5380325539906443
TGGCTGGTCCTCAATT-1,-11.724992668571636,-0.8494178430239736
TGGCTGGTCTCTAAGG-1,2.508331382331685,-3.717425026098925
TGGCTGGTCTGTTTGT-1,-1.8002400457288465,3.5897661074002207
TGGGAAGAGATGTAAC-1,4.763447368202046,-2.282878317038256
TGGGAAGAGTACTTGC-1,-1.0370362162019453,3.3145860060055674
TGGGAAGAGTATTGGA-1,1.8052521586988726,-2.676513590017992
TGGGAAGAGTGTTAGA-1,4.344899261054829,1.9265197141964854
TGGGAAGCAAACCTAC-1,-0.7087586283113203,0.10881584220872537
TGGGAAGCAACGATCT-1,-1.44119884664075,-7.1066371575991685
TGGGAAGCACATGGGA-1,-0.3304429411317549,0.6850978358586253
TGGGAAGCATGCTGGC-1,0.9040230155561724,0.15614752461509124
TGGGAAGCATTACCTT-1,-9.410540497245952,3.0485196932156504
TGGGAAGCATTTCACT-1,1.8083597064588823,0.7906533106167735
TGGGAAGGTAAGGATT-1,2.4021764636610308,2.877124629815382
TGGGAAGGTAGCTAAA-1,0.9420534015272417,0.6810268386204661
TGGGAAGGTCAGGACA-1,-1.8992464303399763,3.706980548699659
TGGGAAGGTCATGCAT-1,-1.8687395810510359,-6.947595276037889
TGGGAAGGTCGCGAAA-1,-12.667028343620464,0.4974937959511699
TGGGAAGGTCGCGTGT-1,2.2940150142286577,-2.218930401007372
TGGGAAGGTCGGATCC-1,-0.887380218448802,-1.029346980253893
TGGGAAGGTGCCTTGG-1,4.015161597785786,-2.0918206350009023
TGGGAAGGTGGTGTAG-1,-1.646073108854457,3.5089758261044444
TGGGAAGTCACAGTAC-1,0.7635470271681108,-2.200436987082201
TGGGAAGTCAGCAACT-1,0.5644805074308672,2.8525877817471446
TGGGAAGTCCAAACAC-1,2.9734125972364702,0.1325903366257371
TGGGAAGTCCGTACAA-1,2.459132278022603,-1.1161017791430532
TGGGAAGTCGCACTCT-1,-0.132152950706645,0.5569206698735178
TGGGAAGTCGTAGGTT-1,3.8070288539503374,-2.322189726034838
TGGGAAGTCTCTTATG-1,0.3939449430082598,3.177732311089796
TGGGAAGTCTGACCTC-1,-3.8087119221116743,-0.17291260520620927
TGGGAAGTCTTGCAAG-1,5.275630080756978,-1.898908771673876
TGGGCGTAGAGTAAGG-1,-3.103875076713725,0.44649197896317855
TGGGCGTAGATGGCGT-1,-11.90815821880357,0.15412647639707938
TGGGCGTAGCGTCTAT-1,1.5507701278303423,1.2476302011807383
TGGGCGTAGCGTGAGT-1,-0.6498927831079206,1.0960853322346629
TGGGCGTAGGGATACC-1,-11.080943977775737,0.50115003426865945
TGGGCGTAGGGTGTTG-1,3.495166385230855,1.4177386387188853
TGGGCGTAGGGTTCCC-1,-0.2646384596254072,2.7670873030026377
TGGGCGTAGGTGCAAC-1,2.3520027042005816,-3.5327786580721914
TGGGCGTAGTGGGTTG-1,1.573267781791524,1.4885624273617686
TGGGCGTCAAAGGCGT-1,0.8048432708357134,-0.6285687462489187
TGGGCGTCAATGGACG-1,2.3657351375196733,0.4485696478684367
TGGGCGTCAGTCAGAG-1,1.1542666793440142,-0.5047916547457754
TGGGCGTCATCATCCC-1,2.404193246421651,0.410974703629774
TGGGCGTGTAAAGTCA-1,0.8125067592237749,3.123154960473341
TGGGCGTGTAAGGGCT-1,0.774294221458272,-2.0253705159823476
TGGGCGTGTAATAGCA-1,2.214550340232686,1.893069110711378
TGGGCGTGTAGGGTAC-1,-9.840291893425151,0.5966170652707041
TGGGCGTGTATTAGCC-1,1.5520649791334429,0.5861029251416148
TGGGCGTGTCGCGTGT-1,2.276874387321309,-0.7428251282374441
TGGGCGTGTTTAAGCC-1,3.015373313484029,-0.05670069913073167
TGGGCGTTCAACCAAC-1,-3.402801430168315,0.1084047084611775
TGGGCGTTCATCTGTT-1,0.7275496364210405,1.157789192994398
TGGGCGTTCCTTTCGG-1,2.7917328715894976,-1.1712825671832143
TGGGCGTTCGCGTTTC-1,-11.927419578972026,-0.5236619488398611
TGGGCGTTCGGCTACG-1,-1.9185828327562056,3.651607356866163
TGGGCGTTCTCGAGTA-1,1.9900272727583208,2.2534466608365
TGGGCGTTCTCTGAGA-1,3.1310387492750444,-0.7005866543452322
TGGGCGTTCTGATTCT-1,1.5895908713911333,2.604981265862745
TGGGCGTTCTTCCTTC-1,-10.419727241935894,2.5227800234158457
TGGGCGTTCTTGTATC-1,1.5493856311414995,1.2418443783123911
TGGTTAGAGAAACCGC-1,3.2444463611219683,0.4522102697689952
TGGTTAGAGAGACTAT-1,-10.595976746025249,2.9587539060910166
TGGTTAGAGTACACCT-1,0.9899874568556108,2.265376649697584
TGGTTAGAGTACGTTC-1,4.517449939308003,0.4944190009434642
TGGTTAGAGTAGTGCG-1,6.001813018379048,0.3583311959107341
TGGTTAGAGTGGAGTC-1,3.7725702167127886,1.971549712022108
TGGTTAGAGTGGGATC-1,-11.181458389702007,1.8659351690609873
TGGTTAGCAATGACCT-1,0.3629874826048174,-1.0741979257266103
TGGTTAGCAATTGCTG-1,1.6099463344190874,1.5202378853161753
TGGTTAGCACAGGAGT-1,0.38434025054915333,0.3012105300028743
TGGTTAGCACCCAGTG-1,1.3946352840040483,-3.226954139868456
TGGTTAGCAGCTGCAC-1,-0.991620576324626,1.7473306282360972
TGGTTAGGTAAAGGAG-1,3.1801296115492144,0.9683805330594004
TGGTTAGGTAAGTGGC-1,2.150975310859517,-3.0231961385409414
TGGTTAGGTAGCTCCG-1,3.393479430732564,1.0287493093808115
TGGTTAGGTCAAACTC-1,1.8385940433119097,2.366084895928663
TGGTTAGGTCACTGGC-1,3.7058087230299273,-3.2123374120394765
TGGTTAGGTCATGCAT-1,2.670506322440938,1.0417892559369029
TGGTTAGGTCGGCTCA-1,-0.7156798600579939,0.8444922192891062
TGGTTAGGTTAAGGGC-1,0.8683408141706743,-0.018953032890993204
TGGTTAGGTTACGCGC-1,-12.352556145134136,-0.642426826159197
TGGTTAGGTTATCACG-1,0.3840279222105303,1.0327666624386729
TGGTTAGGTTCCATGA-1,0.15865715747816944,-2.407068409125048
TGGTTAGTCACATAGC-1,-11.473233139457866,-1.368124999205309
TGGTTAGTCCCACTTG-1,1.2613545299146929,2.3982370718319834
TGGTTAGTCCGCGCAA-1,-1.8969965338136396,3.5908807142575205
TGGTTAGTCTCAAACG-1,-11.15992537731187,-0.014016687969404307
TGGTTAGTCTCGTATT-1,-0.3143335341836653,1.508858881791395
TGGTTAGTCTGTCTAT-1,-12.567512428703472,-0.4662637488047658
TGGTTCCAGACAGGCT-1,1.8514562488172808,-2.673677362601
TGGTTCCAGACTGGGT-1,2.85795267826064,-0.29119641343756303
TGGTTCCAGCCAGGAT-1,-12.663081085624858,0.2727225943406047
TGGTTCCAGCGATGAC-1,-2.8031484245683393,0.0235388054449977
TGGTTCCAGCGCCTTG-1,-0.33833227151887035,2.9499510153134287
TGGTTCCAGGCAGGTT-1,4.810410106239155,-2.464770950476366
TGGTTCCAGGGTATCG-1,3.307788932380513,0.18968710293368712
TGGTTCCAGTGTTAGA-1,1.2652953506086626,-2.95893446365996
TGGTTCCAGTGTTGAA-1,3.001739108619527,-3.3566013948123037
TGGTTCCCACCAGGTC-1,2.3207550883863726,0.38918557008103744
TGGTTCCCACCTATCC-1,-10.734613335075542,-0.5044824854533254
TGGTTCCCATACTCTT-1,3.9517064929579058,0.6290849669773997
TGGTTCCCATGCAACT-1,2.9615331531141558,0.6529034002621592
TGGTTCCCATTCCTGC-1,-10.379676735344097,2.621679149468702
TGGTTCCGTAATCACC-1,2.749692046699361,1.805574141343397
TGGTTCCGTAATTGGA-1,3.9069348216627398,-2.7698094026248037
TGGTTCCGTAGAAGGA-1,-11.055318748893901,1.2918098791439951
TGGTTCCGTAGGAGTC-1,1.6000967860792437,-0.16198340813322648
TGGTTCCGTCATGCAT-1,-11.265361702385112,-1.2128795758883535
TGGTTCCGTCCGTGAC-1,4.3582526088331495,2.1395490988095225
TGGTTCCGTCGAATCT-1,1.5908170581434526,1.5643671377499522
TGGTTCCGTCTTTCAT-1,-1.4875853269721708,-6.810631431738573
TGGTTCCGTGAAAGAG-1,-0.6125998854066572,2.684521280129713
TGGTTCCGTGCCTGCA-1,-0.8140830754663191,-1.3097930328051626
TGGTTCCGTGTATGGG-1,3.520183646735982,-3.3464011327426015
TGGTTCCGTTCGCTAA-1,6.306202971992329,0.8582623823483408
TGGTTCCGTTTGGCGC-1,3.2944231868360796,0.8667369707425059
TGGTTCCTCAGAAATG-1,2.5248897910688677,-3.0099896566073476
TGGTTCCTCAGCATGT-1,-10.316896355095073,0.490694843133253
TGGTTCCTCATGTGGT-1,-0.3874155640031538,-6.963449634710985
TGGTTCCTCCAGATCA-1,3.736750686225728,-2.1972853318850576
TGGTTCCTCCGTAGTA-1,1.4877737403486528,2.668772064050001
TGGTTCCTCGCCTGTT-1,-10.828107750358745,2.897226177056593
TGGTTCCTCTCACATT-1,-11.305998718681499,2.9108150823910655
TGGTTCCTCTGATTCT-1,-10.382625496330425,2.521243415673536
TGGTTCCTCTGCCAGG-1,-0.5401266574289045,-0.7683040277163564
TGTATTCAGAAACCGC-1,1.8130739570234575,3.2169745786984385
TGTATTCAGACCGGAT-1,0.061872565803364754,1.359991513093275
TGTATTCAGACTAGAT-1,3.798616492805318,-0.6506088153521596
TGTATTCAGAGAACAG-1,-11.383254921379253,-0.7009238974253713
TGTATTCAGCGATAGC-1,4.6372114062879835,-3.524404443899828
TGTATTCAGGTGTGGT-1,2.255312049445943,1.9584351404507578
TGTATTCAGTCTTGCA-1,6.578237617072896,-0.14212573329611405
TGTATTCCAATGTAAG-1,2.1652329803083696,-3.258691944281298
TGTATTCCACGTCTCT-1,4.568191611823872,0.6717204078038157
TGTATTCCACTGTTAG-1,1.8847506881330767,-0.16465479890509233
TGTATTCCAGATGAGC-1,1.8068111777876177,-0.057390771905618754
TGTATTCCAGCGTAAG-1,-11.468006050529644,-0.4509675876299916
TGTATTCCAGGTCCAC-1,0.45251723533614063,3.4200459345181407
TGTATTCGTAAACGCG-1,-0.3486960887338362,2.289166532357496
TGTATTCGTACCGTTA-1,2.9814535022352495,1.832389794190687
TGTATTCGTAGTGAAT-1,2.4254449248884478,0.7301007731755198
TGTATTCGTATATGAG-1,-0.7454743146325788,0.3299391939242305
TGTATTCGTCACACGC-1,1.9768186450575151,1.5630508287747324
TGTATTCGTCACCTAA-1,-10.355613624992534,2.7089675291378916
TGTATTCGTCAGAATA-1,1.8185020328138628,-0.736262001196581
TGTATTCGTGACAAAT-1,3.825453841743306,2.0742029770214976
TGTATTCTCACGGTTA-1,1.7371886611555376,-3.761969007651049
TGTATTCTCAGATAAG-1,2.97959574466689,1.770354710419935
TGTATTCTCAGGCAAG-1,2.70031222110732,0.48207210739449874
TGTATTCTCCAAGCCG-1,3.3053789973829546,1.2024652584393443
TGTATTCTCCGGGTGT-1,2.0729328036878862,0.8083988650639475
TGTATTCTCGAGCCCA-1,3.2922583461378374,-2.591371931235033
TGTATTCTCGCGTTTC-1,2.7994728923414507,1.7133096083004893
TGTATTCTCGGAGGTA-1,1.497797811088399,1.9250864609082163
TGTATTCTCTCGCATC-1,-11.176091110649272,1.1686741932232798
TGTCCCAAGCCACCTG-1,1.596456372794942,1.5645185335476817
TGTCCCAAGCGCTTAT-1,1.4583803058241167,-3.7583395616213857
TGTCCCAAGGTGTTAA-1,-12.670476829948589,0.7103504165013255
TGTCCCAAGTGTCCCG-1,-1.0515885114099226,-1.3669518605868398
TGTCCCAAGTTAGGTA-1,2.2539916873548784,-1.376329459349352
TGTCCCACAGTTAACC-1,0.520667398032979,0.07914900769786254
TGTCCCACATCGGAAG-1,-9.9524191975023,0.6722610219319285
TGTCCCACATGGTTGT-1,0.48104747539503956,1.3104350193341197
TGTCCCAGTAAATGTG-1,0.4539686084364214,1.8798217399914683
TGTCCCAGTAGTGAAT-1,2.8002310634229937,2.3757060392697276
TGTCCCAGTCCATCCT-1,3.110903346595601,1.2457086666424693
TGTCCCAGTCGGATCC-1,-0.06252816909806347,2.518879018624586
TGTCCCAGTTAAGTAG-1,3.888824546394185,-1.6674793140093862
TGTCCCAGTTCGTGAT-1,2.1819556594465532,0.7113818748791636
TGTCCCATCACCTTAT-1,3.8588739276502886,-1.7402816192309438
TGTCCCATCACTTATC-1,-11.722426330986186,2.762261710961622
TGTCCCATCCCTCAGT-1,1.3409856200788774,2.538910470803541
TGTCCCATCCGAACGC-1,-12.467416679802104,-0.3582394198576985
TGTCCCATCGGGAGTA-1,-2.8824441790010176,1.3512447698910655
TGTCCCATCTTGTATC-1,0.8011368156050005,0.5071270390351237
TGTGGTAAGAATCTCC-1,1.6698644996259966,-2.674379505316454
TGTGGTAAGAGGGCTT-1,-11.799493706169292,0.07840616991118804
TGTGGTAAGGTGATTA-1,5.152466857490376,0.4857493861515941
TGTGGTAAGGTTACCT-1,-12.909814751091167,0.8463862760861338
TGTGGTAAGTAGTGCG-1,-10.756958877983257,1.478030048211378
TGTGGTACAATAGCGG-1,-10.461178696098491,2.044506870110792
TGTGGTACAGAAGCAC-1,-11.384116089286968,1.4139527901013316
TGTGGTACAGCCTGTG-1,-2.039740657749339,3.6151719911892832
TGTGGTACAGCCTTGG-1,1.3468035102461138,-2.17679277817412
TGTGGTACATGGATGG-1,-0.45539114469544506,1.8290652855236949
TGTGGTACATTACGAC-1,4.003872478065327,2.217454276879591
TGTGGTAGTAACGTTC-1,2.9012995601270952,-0.5390956775347768
TGTGGTAGTCACAAGG-1,-0.9271429240133009,1.3695364816983164
TGTGGTAGTGCACTTA-1,4.249727809486226,-1.5321241990725576
TGTGGTAGTTCACCTC-1,4.230259978828267,-2.727453626791674
TGTGGTAGTTCACGGC-1,2.545260274467305,0.5204282327492655
TGTGGTAGTTGTACAC-1,-1.3825197502400122,3.3727601393063487
TGTGGTAGTTTGTGTG-1,1.9803892016981401,-0.873393155733782
TGTGGTATCACAGTAC-1,1.7827764392469683,0.41000016768769637
TGTGGTATCACCATAG-1,-11.423236763420269,0.6486588939030589
TGTGGTATCACTATTC-1,2.0766394973371782,2.4555099829037608
TGTGGTATCCAAGCCG-1,1.9460194945905962,1.4688528402646006
TGTGGTATCCTCAATT-1,3.3715062976454058,1.2571349962552012
TGTGGTATCGTACGGC-1,1.5158329845045366,-2.50257722298308
TGTGGTATCTAACTGG-1,4.794801318702534,-2.595785059134203
TGTGGTATCTTGTCAT-1,0.7289641738508501,1.9101066215832652
TGTGTTTAGAACTCGG-1,3.4489785075758257,1.763024411996168
TGTGTTTAGACAGGCT-1,-12.331823265495464,0.05647153024868384
TGTGTTTAGACCTAGG-1,1.2941099048231401,0.3518551661570491
TGTGTTTAGACGCAAC-1,1.8144896865461626,0.5990012510617198
TGTGTTTAGATGTCGG-1,-11.923951065483257,0.01498039801911727
TGTGTTTAGCACGCCT-1,2.8805056453321733,0.8952244146664561
TGTGTTTAGCCCGAAA-1,6.071267211494282,0.6370505317051829
TGTGTTTAGTCATGCT-1,-3.935209190788432,-0.04191856841250047
TGTGTTTCAAACGTGG-1,0.41164323097212696,1.238421641190809
TGTGTTTCAACACGCC-1,1.773646199760274,-3.297970451513964
TGTGTTTCAAGTTGTC-1,2.2178421855543413,-1.3498709575335561
TGTGTTTCAATGACCT-1,3.580291354713277,1.9367223604519785
TGTGTTTCAATGCCAT-1,0.048263156471089363,-0.5003356115023672
TGTGTTTCAATGGATA-1,-3.565244591179057,0.12689851773278132
TGTGTTTCACACATGT-1,0.24593087440474415,1.194296441872877
TGTGTTTCACCAGCAC-1,-3.0106602072145185,1.0245375855763377
TGTGTTTCAGAAGCAC-1,2.7554989696119585,-1.4955368415515005
TGTGTTTCAGCTCGCA-1,2.802365386543111,1.2155060394604624
TGTGTTTCAGGTCCAC-1,1.4033935905073442,0.41534631689385787
TGTGTTTCATCCGGGT-1,1.5730288863752642,2.000640950997633
TGTGTTTGTCGGCTCA-1,-10.240439331474468,-0.41805646578474626
TGTGTTTGTCTGGAGA-1,0.0529533267591753,1.2332146986325205
TGTGTTTGTCTGGTCG-1,-10.107240593376323,0.501298509438795
TGTGTTTGTTCAGCGC-1,0.12357207542403126,-0.6858446971575796
TGTGTTTGTTCCTCCA-1,3.8145805240248003,1.8369786365826548
TGTGTTTGTTGTTTGG-1,3.633791053352193,-3.009830631415087
TGTGTTTTCACGCGGT-1,5.619709575233296,0.8732510431607188
TGTGTTTTCAGGTTCA-1,-12.731500542106792,-0.03980282704039201
TGTGTTTTCAGTGTTG-1,0.9456036925886431,2.036696992715162
TGTGTTTTCCAACCAA-1,4.954862678108052,0.5761839671929301
TGTGTTTTCCCATTTA-1,0.7858844638441362,0.8560585602124156
TGTGTTTTCCCTTGTG-1,3.965554797706441,2.359966836770338
TGTGTTTTCCGTAGTA-1,3.2094531894300737,-3.4854044095675527
TGTGTTTTCCTATGTT-1,4.902303302345112,1.529267750581068
TGTGTTTTCGTGGTCG-1,3.3506995082472124,1.9031331165631236
TGTGTTTTCTAACTTC-1,1.0804952025984087,1.2756510599453867
TGTGTTTTCTCTAAGG-1,-11.370187675895854,2.517740093072218
TGTTCCGAGAAGCCCA-1,1.4832893252943316,1.39756127436952
TGTTCCGAGAATAGGG-1,-0.3701377272035322,-7.15082613388701
TGTTCCGAGACAGGCT-1,2.7851758838270464,1.3654385431607188
TGTTCCGAGATCGATA-1,1.0288291812513628,2.7501734121640147
TGTTCCGAGCAATATG-1,1.269385659751729,2.3950641973813
TGTTCCGAGCGGATCA-1,2.9105873942945757,-2.2416640893618642
TGTTCCGAGCGGCTTC-1,1.2275291324232378,1.6312160118420542
TGTTCCGAGGAATTAC-1,3.3777261615370073,-1.2727793828646718
TGTTCCGAGGAGTTTA-1,-0.5688780903245649,1.4051665886242808
TGTTCCGAGGCACATG-1,0.9332729220960894,2.6751514299710215
TGTTCCGAGGGATACC-1,4.8094974399183545,1.8996771200497569
TGTTCCGAGTACGACG-1,3.3401871562574663,2.1029184683163584
TGTTCCGAGTGGGTTG-1,6.597447478828267,0.2637983187039317
TGTTCCGCACGGCGTT-1,2.1491003871534624,0.5958919151623667
TGTTCCGCATATGGTC-1,3.999180877265767,0.039752855797571096
TGTTCCGCATGGTAGG-1,2.189718806800679,-3.1721622125308095
TGTTCCGGTAAAGTCA-1,2.856558406410054,-2.699929632345873
TGTTCCGGTCACACGC-1,-1.217318823876544,-6.662540115515428
TGTTCCGGTCATATGC-1,-3.5143796562577925,-0.35483766357107743
TGTTCCGGTCTAGTGT-1,4.910889232215718,1.2072760685284556
TGTTCCGGTGAAATCA-1,1.1776536346052446,-2.4310006276766836
TGTTCCGTCCAGAGGA-1,2.794687354621724,1.105017386277479
TGTTCCGTCCGCGGTA-1,-0.9926061689283094,2.653285823663038
TGTTCCGTCCGTTGTC-1,5.154681289253071,-3.043557085196215
TGTTCCGTCTCAACTT-1,-0.08252433532731152,1.081221900780958
TGTTCCGTCTGCGGCA-1,1.4246388316725054,2.062773428757948
TGTTCCGTCTTGTTTG-1,3.669700706062154,0.8098468406994761
TTAACTCAGATGCCTT-1,-12.029045975151226,1.350610934098524
TTAACTCAGATGTGGC-1,2.2687064052198687,-0.32423163215323075
TTAACTCAGCCTTGAT-1,-11.081585800590679,1.751835070451063
TTAACTCAGCTGTCTA-1,3.2885380626295366,-1.0002081767718374
TTAACTCAGGTGCACA-1,-1.7904184817697248,3.459869466622633
TTAACTCAGTAGGCCA-1,4.595573508796528,-1.3801600114504873
TTAACTCCAAGAAAGG-1,-0.6023062824632368,3.3994887693722666
TTAACTCCACCGAATT-1,3.417754733619527,0.5934062822659434
TTAACTCCACGGTGTC-1,-11.825684463920757,-0.737180449167925
TTAACTCCAGTCAGAG-1,1.2229185939405718,2.556194625695509
TTAACTCCATATACGC-1,-1.1439832657005033,-1.3407198564211904
TTAACTCCATCTACGA-1,2.5369926333998003,1.1422612293560923
TTAACTCGTACAAGTA-1,-12.719399368705913,1.6857499702771128
TTAACTCGTACAGCAG-1,3.547246062812642,-0.5403908864657461
TTAACTCGTGGTAACG-1,-10.28715697521226,3.2133015020688
TTAACTCGTGTGTGCC-1,5.206472003516987,-1.450313367048937
TTAACTCGTTCCCGAG-1,-3.477515852394267,0.67558851083115945
TTAACTCTCACATGCA-1,-1.128231397214099,-1.3842251674334585
TTAACTCTCACGCATA-1,1.5296634078596392,-3.52493468681975
TTAACTCTCAGTGTTG-1,0.8270002246473589,-2.122611917654711
TTAACTCTCAGTTGAC-1,4.665864074287251,-1.5988345519702016
TTAACTCTCATCGGAT-1,-0.43797800535218334,-0.8546616212527334
TTAACTCTCCCTCTTT-1,1.2242520690534868,1.46512719233827
TTAACTCTCCGCAGTG-1,4.692794883308247,-1.7516924516360342
TTAACTCTCCGCATAA-1,4.962536895332173,-1.039037503401476
TTAACTCTCCTAAGTG-1,-11.688759720268413,-1.357424773375231
TTAACTCTCCTCTAGC-1,5.58458670383437,-0.8324054257075368
TTAACTCTCCTGTACC-1,1.3787451625440874,-3.9532362596194326
TTAACTCTCGCGTTTC-1,1.9546330810163774,0.737763546307844
TTAGGACAGAAGGCCT-1,-0.34902313941971874,1.900300942261976
TTAGGACAGACAATAC-1,-0.16778770679490185,0.9149378164608897
TTAGGACAGAGACGAA-1,-1.4919519185449324,-7.094123520056444
TTAGGACAGCTGAAAT-1,-10.78446379894273,1.8279890640576304
TTAGGACAGCTGATAA-1,6.441845500526265,-0.5118554011981069
TTAGGACAGGAGTAGA-1,5.253819549140767,-1.4855673686663686
TTAGGACAGGCTCAGA-1,-10.379754936638042,-0.3515444771449147
TTAGGACAGGTGGGTT-1,0.24749811893446827,2.045987330277723
TTAGGACAGTAGTGCG-1,2.8624306560133257,1.8024571760495127
TTAGGACAGTGTCCCG-1,3.1409641147230425,1.078162990411085
TTAGGACCAACTGCTA-1,-1.0939609467412672,2.556272826989454
TTAGGACCAAGCCCAC-1,5.013008201179341,0.6958002074559153
TTAGGACCAGATGGCA-1,-3.527482187690898,0.057112973084014806
TTAGGACCAGTACACT-1,1.2034712672804155,-1.459428586165148
TTAGGACCATGTCCTC-1,3.6974688411329546,-2.016815103689867
TTAGGACGTAAGTTCC-1,2.5981591582868853,2.150020204385084
TTAGGACGTCATCGGC-1,-0.08101681465165234,-0.7162267343203603
TTAGGACGTCTAACGT-1,4.226740920600728,-2.17673436562224
TTAGGACGTCTAGGTT-1,1.3337562919233599,2.573500476678175
TTAGGACGTGCTGTAT-1,5.086295211372212,0.19610785682992354
TTAGGACGTGGCTCCA-1,1.582817399558858,0.7570069058735789
TTAGGACGTGTGGTTT-1,0.7513049483869829,1.5641511305172862
TTAGGACGTTCACGGC-1,-11.47801390880601,0.8453805669148386
TTAGGACTCATTCACT-1,-0.19305959934250927,2.2924190386135996
TTAGGACTCCGATATG-1,4.13433560138686,-1.9029721395175039
TTAGGACTCGCCATAA-1,2.29845675235732,-0.08234841386480912
TTAGGACTCTCCAGGG-1,-11.528070366325542,1.6354469879467906
TTAGGCAAGAACTCGG-1,4.507110202369526,0.9641400798161448
TTAGGCAAGACCCACC-1,-10.495975410881206,-0.07466199258967027
TTAGGCAAGAGACGAA-1,3.124356830177144,-2.249309219519335
TTAGGCAAGATATGCA-1,-12.378494179191753,-0.11555608371897325
TTAGGCAAGGGCATGT-1,3.8996168017957964,-0.4588344470660268
TTAGGCAAGGGTTCCC-1,-1.3577800601150236,-0.7930505053202688
TTAGGCACAAGCCGCT-1,-11.150243675651714,-2.079676069418627
TTAGGCACAAGCCTAT-1,0.4246424079511919,0.8087904079754771
TTAGGCACAAGGTTCT-1,5.167576873359517,-2.2203354016940176
TTAGGCACACATGGGA-1,-10.936869537773296,0.7146347983677805
TTAGGCACACTGTGTA-1,4.537363612708882,-1.092998184363085
TTAGGCACAGATCTGT-1,1.812861287650899,0.13180284005896464
TTAGGCACATAAGACA-1,3.53734835391982,-2.251942791144091
TTAGGCACATGATCCA-1,-11.322134888115093,2.8373990877469004
TTAGGCACATTCCTCG-1,-10.913582718315288,2.948076330025953
TTAGGCAGTACTTGAC-1,2.2835100532148638,-3.276467241446215
TTAGGCAGTCAACTGT-1,1.828087413368062,-2.837890304724413
TTAGGCAGTGACGCCT-1,5.016714179572896,-2.1891187802950918
TTAGGCAGTGAGGGTT-1,-10.941299354973003,2.4199214800198496
TTAGGCAGTGCACGAA-1,-0.6612053274537764,0.8897735102971018
TTAGGCAGTTACCGAT-1,-1.8374396919633589,-6.973110832373338
TTAGGCAGTTCGAATC-1,4.8917399287794385,0.8531859143574656
TTAGGCAGTTGCGCAC-1,-1.929034864845439,3.651848874886793
TTAGGCATCAAGAAGT-1,3.1566520572279253,-3.64592496315642
TTAGGCATCACGGTTA-1,-0.9393639325525007,1.6518438680966319
TTAGGCATCATGCTCC-1,-0.23200634712235546,2.133077941735548
TTAGGCATCCTTCAAT-1,1.9475322604749956,-0.37370500723524674
TTAGGCATCCTTTACA-1,3.7445312381361284,0.13203050931291
TTAGGCATCGGCGCAT-1,1.7981437087629595,1.5221097095807017
TTAGGCATCGGCGCTA-1,3.848221862373189,1.359441123803419
TTAGGCATCGTCTGCT-1,0.4835561156843462,-0.057559706370073405
TTAGGCATCGTTACGA-1,-11.11974326366441,2.093282185395521
TTAGGCATCTACTTAC-1,2.8777833819959917,-0.8302001730601369
TTAGGCATCTGAGGGA-1,-0.8796209453965864,0.3068688436348857
TTAGGCATCTGCGTAA-1,6.122185790595845,-0.06312301019831285
TTAGGCATCTTGACGA-1,0.979278409538106,2.2829373701413096
TTAGTTCAGAAGGTTT-1,1.3368166328047075,-3.2429744378726064
TTAGTTCAGAGTCGGT-1,3.5747595668409624,0.027791924675268087
TTAGTTCAGCAGATCG-1,6.440957152900532,-0.3881668523947774
TTAGTTCAGTGTGGCA-1,3.40319308048232,-1.8652426377932607
TTAGTTCAGTTGAGTA-1,-0.7103184818650923,1.2974251135189951
TTAGTTCCAAATACAG-1,-1.1282572805310926,-1.2954818383853017
TTAGTTCCAACGATCT-1,-0.21745363468186474,2.401783071358961
TTAGTTCCAAGGTGTG-1,4.539705836829976,-2.461741842428881
TTAGTTCCACAGCGTC-1,5.198747241554097,-1.878712214628893
TTAGTTCCACATGACT-1,4.465723598060444,-2.236595548788744
TTAGTTCCACTTAACG-1,1.8753269553755083,-0.8052741066615163
TTAGTTCCAGCCAATT-1,5.441293799934224,0.11023722206549064
TTAGTTCCAGGCGATA-1,1.2582600951765337,2.065684758027357
TTAGTTCCAGGGCATA-1,2.303232038078145,1.6881913765271128
TTAGTTCCATCTATGG-1,4.596126639900044,1.5048561914761485
TTAGTTCCATGCCCGA-1,-10.220126068535015,-0.061037816206651774
TTAGTTCCATGCGCAC-1,-12.713147079887554,0.9334209187825144
TTAGTTCGTAGCGCAA-1,2.5533557773206987,-1.0967452899615346
TTAGTTCGTCATACTG-1,-2.9892902731324873,0.7214604838688792
TTAGTTCGTCCATGAT-1,-0.8476551234151564,1.3356005771954478
TTAGTTCGTCTCAACA-1,3.3105030894850054,-1.7430858985583364
TTAGTTCGTGAAGGCT-1,0.990295255241231,0.6688366754849375
TTAGTTCGTGAGGGAG-1,2.130213582572774,-1.1792450324694692
TTAGTTCGTGCTCTTC-1,2.0287457347486773,-0.552629508177477
TTAGTTCTCATGTCTT-1,3.2962399364088335,-0.48904547850294694
TTAGTTCTCCACGTTC-1,5.006346309242085,-2.0401991979281484
TTAGTTCTCCTGTAGA-1,-0.9259949087526045,2.325271211465162
TTAGTTCTCGCAAACT-1,5.371805274543599,-2.4582785741488515
TTAGTTCTCGGATGTT-1,1.7367759585951128,-0.11898536245031938
TTAGTTCTCGGTCCGA-1,0.018468821105793953,1.763154707749647
TTAGTTCTCTCAAACG-1,2.096606338081197,-2.0121847764651357
TTAGTTCTCTCGATGA-1,-3.4478215336229048,0.0518947279949607
TTAGTTCTCTTGCCGT-1,2.427919709739522,-0.9564730302493154
TTATGCTAGACAAAGG-1,-10.770350372734233,3.2477296217282237
TTATGCTAGAGGTAGA-1,0.714268529472188,3.2651623113949717
TTATGCTAGGGTCGAT-1,1.1435678840254107,-3.849894918600756
TTATGCTAGGTGATTA-1,-0.8624858021165571,1.8857810123761118
TTATGCTCAAACTGCT-1,4.289751613197163,0.7215774281819285
TTATGCTCAAATCCGT-1,-1.5829844235803328,3.3863283022244395
TTATGCTCACAACGCC-1,5.475506866035298,-1.5170326606432973
TTATGCTCACGGTAAG-1,1.895383441505269,-1.1980525628726064
TTATGCTCAGCCAGAA-1,0.41435762649519825,2.9594038351376475
TTATGCTCATTCACTT-1,3.3834610820387163,-0.2210261301199971
TTATGCTGTCGGCACT-1,2.3906491637800493,0.02349199344710723
TTATGCTGTCTGGAGA-1,-0.6689146518136702,-7.047700084845262
TTATGCTGTCTTCAAG-1,2.6808346152876177,-2.46635953346892
TTATGCTGTGATGATA-1,-9.936281120720073,0.5554678364594401
TTATGCTGTGTAACGG-1,-12.408512031974956,0.973942540486616
TTATGCTGTGTGACGA-1,2.018568837699727,-1.577596582571703
TTATGCTGTTACGCGC-1,-12.585810577812358,1.6699554546673716
TTATGCTGTTCAGCGC-1,-12.034303581657573,0.44243072708444015
TTATGCTGTTGATTCG-1,3.162952506599263,1.8021003826458872
TTATGCTGTTGCGTTA-1,-11.792353546562358,2.335919462044996
TTATGCTTCAACCAAC-1,-11.475172913017436,1.7420240267117442
TTATGCTTCGCGATCG-1,4.647053802070454,-3.150744356314379
TTATGCTTCGTTTAGG-1,1.0650418639753618,1.1633566244442881
TTATGCTTCTAACTCT-1,-0.5354873895074568,-0.20533788959189042
TTATGCTTCTATCGCC-1,3.0616565585706987,-0.13705474893255815
TTATGCTTCTCTGTCG-1,1.344008052406148,1.676423989136976
TTATGCTTCTTCATGT-1,-12.035831367912456,1.4595964773495615
TTCCCAGAGAGTAATC-1,1.6571055293653765,3.1948769911129893
TTCCCAGAGCTAGGCA-1,-3.9372145294572554,-0.15755770365400895
TTCCCAGAGGACATTA-1,6.077569091377095,0.6052227242787303
TTCCCAGAGTTAAGTG-1,-1.3291554863925419,-1.1075466052691518
TTCCCAGCAACTGCTA-1,2.1925769687269487,0.311800874670309
TTCCCAGCAAGGTTTC-1,1.640460813102559,0.6382253988583506
TTCCCAGCACAACGCC-1,-1.5412913172866545,3.471278272469801
TTCCCAGCACGAAGCA-1,-11.46359912151353,2.449671827157301
TTCCCAGCAGCATACT-1,1.657663190421895,-2.0921026841799795
TTCCCAGCATTTGCCC-1,5.381832206306294,-1.1069180146853506
TTCCCAGGTAAGTAGT-1,3.85105046039565,0.7291558607418955
TTCCCAGGTACGAAAT-1,1.1982177138899126,3.29453929503755
TTCCCAGGTCGCTTCT-1,-10.156000053825542,1.0108597501118601
TTCCCAGTCAAACCGT-1,-11.618779098930522,1.5629413946469248
TTCCCAGTCAAGCCTA-1,-12.331332123222515,1.9928041323025645
TTCCCAGTCAGTACGT-1,-0.18124667400376415,-1.5921451226870595
TTCCCAGTCGGCCGAT-1,1.6460550666425982,-2.8963228837649404
TTCCCAGTCGGCGCAT-1,-11.393381035270854,2.3365994318325938
TTCCCAGTCTCGTTTA-1,2.7470456004713335,-1.5067974702517568
TTCCCAGTCTGCGTAA-1,4.462382876930073,1.5273037775357188
TTCCCAGTCTTCCTTC-1,2.7636214137647905,-3.1426920072238027
TTCGAAGAGAAAGTGG-1,4.660234057960347,-2.4270476476351797
TTCGAAGAGCAGATCG-1,4.355249011573628,1.2070896251995982
TTCGAAGAGCTCCTTC-1,1.0790344119642534,-2.929243244330126
TTCGAAGAGCTTCGCG-1,1.2593856692884722,1.641350828011793
TTCGAAGAGGACTGGT-1,1.338902556953267,-1.984074272314745
TTCGAAGAGGCGATAC-1,0.41096683746321583,0.6307677849133433
TTCGAAGAGGCTAGAC-1,4.071456039008931,-2.078084863821703
TTCGAAGAGGTACTCT-1,4.011430347022847,-1.6683533565203725
TTCGAAGAGGTGTGGT-1,-2.024281835498973,3.6563127859433115
TTCGAAGAGTATCTCG-1,3.0756398082350054,1.4239869936306895
TTCGAAGAGTGGTAGC-1,-1.7482019125844679,3.2760992868740977
TTCGAAGCAAAGCGGT-1,1.8385721088026323,0.09252273747072831
TTCGAAGCAAGTTGTC-1,1.3316548705671587,1.096594534714979
TTCGAAGCACAGGCCT-1,4.701230609474019,0.9879800303776682
TTCGAAGCAGTGAGTG-1,-1.9641805648233137,-6.884509720007616
TTCGAAGCATCCCACT-1,1.113018357810811,0.8598105533917368
TTCGAAGCATCGGGTC-1,-1.787918513956233,3.6911359651883067
TTCGAAGCATGTTGAC-1,2.8765111804579058,0.5490527077515543
TTCGAAGCATTCTTAC-1,-0.018931662979289055,0.4015959127743663
TTCGAAGGTATAAACG-1,5.3672319293592725,-1.154715575377184
TTCGAAGGTCCAAGTT-1,1.372014129218892,0.8518423660595835
TTCGAAGTCAAACAAG-1,-3.744288837852641,0.7675703390438975
TTCGAAGTCACAGGCC-1,4.917423331794575,1.265631399949354
TTCGAAGTCACATACG-1,4.425161445197896,-2.1772419587771474
TTCGAAGTCCTTTACA-1,-12.598167335930034,1.470353685220045
TTCGAAGTCGTCACGG-1,-11.61850920909898,0.6409449203808726
TTCGAAGTCTAACTCT-1,4.022110068855122,1.4088463409741343
TTCGAAGTCTCGATGA-1,0.24817200904829884,2.96590741713838
TTCGGTCAGACAAGCC-1,-0.30091670745865917,0.5979270263512553
TTCGGTCAGATCCTGT-1,4.099892699775532,0.18282316615180388
TTCGGTCAGCAGGCTA-1,2.515157783088521,-2.3273481504122793
TTCGGTCAGGATGGTC-1,1.728562676963643,2.157158695061964
TTCGGTCAGGTGCTTT-1,-0.8364659010793409,1.234522305329603
TTCGGTCAGGTTACCT-1,4.574235522804097,-1.7849098817507802
TTCGGTCCAATGAATG-1,4.227529609260396,-1.1082977430026113
TTCGGTCCACGGTAAG-1,-10.477191841545269,0.3238649739821376
TTCGGTCCAGACACTT-1,3.2085743785475054,2.02192708094911
TTCGGTCCAGGTGCCT-1,4.4312296748731885,-2.426536478201586
TTCGGTCCAGTATCTG-1,2.513350331840352,1.2517995460827769
TTCGGTCCAGTCTTCC-1,4.070218646583394,2.3025484903653086
TTCGGTCCATCGGGTC-1,1.3958164096449175,1.5288883074124278
TTCGGTCCATCGGTTA-1,-1.0740664958383284,-6.779962696234422
TTCGGTCCATCTATGG-1,-3.937984144630595,0.19182547171906844
TTCGGTCCATGTCCTC-1,-10.979244148674175,1.9288788660366953
TTCGGTCGTCTCGTTC-1,4.87589701419814,-2.144859947363573
TTCGGTCGTGCCTGGT-1,4.693975532111958,-0.8044823781649648
TTCGGTCGTTCAGTAC-1,-11.653288757743999,-1.5641379729907094
TTCGGTCGTTGGTGGA-1,3.4394122005079546,1.1440357788403452
TTCGGTCGTTTCCACC-1,-10.674578583183452,2.500568471749586
TTCGGTCTCAATCTCT-1,2.407904946861104,-1.6628957168261587
TTCGGTCTCAGAGACG-1,3.055060946998433,-0.20507300655050859
TTCGGTCTCCAAGCCG-1,4.492053115424946,-2.3380417005221426
TTCGGTCTCGTACGGC-1,5.293227756080464,-2.146348156134325
TTCGGTCTCTAACTTC-1,-12.3498801350023,1.3474964721997202
TTCTACAAGAACTGTA-1,-0.452570533695384,0.8768617137272776
TTCTACAAGAATGTGT-1,4.435601794776753,-0.07373095313711747
TTCTACAAGAATTGTG-1,2.9428978801344194,-2.0653342382113515
TTCTACAAGCTCCTTC-1,5.589444720802144,-1.5259544030825674
TTCTACAAGTACACCT-1,2.2972379565809526,-0.2238887325923024
TTCTACACAAAGAATC-1,1.7737859130476274,2.516900621255201
TTCTACACAAGACACG-1,-10.883012688102886,2.6259575708706797
TTCTACACATAACCTG-1,2.089545095023946,-3.2971955911318838
TTCTACACATCCAACA-1,-10.059955513420269,3.3871572836239756
TTCTACACATCCCATC-1,0.8063743949507036,2.159917674859327
TTCTACACATGGTTGT-1,-3.8516713737870893,0.5023222490151347
TTCTACAGTACCGAGA-1,-3.352595245781108,0.30309324701623336
TTCTACAGTATAATGG-1,5.817014300880269,-1.0456778184573232
TTCTACAGTCAGATAA-1,4.312416160163716,-0.6462723986308156
TTCTACAGTCAGTGGA-1,-0.9358156382466993,1.9417408331234873
TTCTACAGTCGACTAT-1,4.200043761787251,0.8156256898243845
TTCTACAGTCGGCATC-1,0.7443524242018023,0.40085270245866195
TTCTACAGTCTGGTCG-1,-10.245076096000835,3.0248144491513194
TTCTACAGTGAAATCA-1,-11.044870293083354,2.292910657723707
TTCTACAGTGGCCCTA-1,3.232091033515767,0.008256360789102468
TTCTACATCACTCTTA-1,2.719813430366353,2.2177275045712412
TTCTACATCTAACTGG-1,4.333196723518208,-2.3035701886813222
TTCTACATCTTGTACT-1,-10.962952530327007,2.148132406075758
TTCTCAAAGAGACTAT-1,5.401203239021138,-2.331429876486498
TTCTCAAAGCTGCGAA-1,-0.6650418996240339,1.244850002129835
TTCTCAAAGCTGTTCA-1,-12.621070778312847,-0.22760943333311662
TTCTCAAAGGCTCATT-1,2.9415651202772417,0.013533480366033468
TTCTCAAAGGTGTTAA-1,5.3783684611891065,-2.1143783704440176
TTCTCAAAGTAACCCT-1,-12.496789848747417,0.10397659581461266
TTCTCAAAGTGGGATC-1,2.0331872344587603,0.6802106126149119
TTCTCAAAGTTGAGTA-1,-0.40942898983018017,2.3397298677761973
TTCTCAACAAGCCCAC-1,1.2080202937696733,0.02130768438176528
TTCTCAACAAGTACCT-1,4.369166934547261,-1.123629845778185
TTCTCAACACAGCGTC-1,2.5182317138288774,1.7681684120495738
TTCTCAACACCCATGG-1,0.5242129207227983,1.8878221138318003
TTCTCAACACCGAATT-1,1.455507600364522,1.723554573853773
TTCTCAACACTACAGT-1,5.573975169715718,-0.04638154069586381
TTCTCAACAGTCTTCC-1,1.5625458598707476,-1.1177367345492422
TTCTCAACATGCTAGT-1,3.5270624995802202,2.147376380761427
TTCTCAACATGTTGAC-1,-10.517354881706401,0.13831409802035705
TTCTCAACATTTGCCC-1,0.83738120800002,3.1755247934658946
TTCTCAAGTAAGAGAG-1,-10.679501450004741,3.003443799813551
TTCTCAAGTCATTAGC-1,3.9006214976881304,-3.556675113836962
TTCTCAAGTGCCTTGG-1,3.1646571994398394,-2.03962556282683
TTCTCAAGTGCTCTTC-1,2.389470422324971,0.5386916621525706
TTCTCAAGTTATCCGA-1,3.9749079585645952,-1.4485944883029043
TTCTCAAGTTGTCGCG-1,-12.539402878227397,-0.33540640036268815
TTCTCAATCAACGCTA-1,-10.721124565544292,1.7365343197186411
TTCTCAATCAATCACG-1,-12.1825799106981,2.4139486177761973
TTCTCAATCACGGTTA-1,2.1299126983259478,-3.01038710037871
TTCTCAATCATAGCAC-1,3.726245486793355,-2.915259040991503
TTCTCAATCCAATGGT-1,1.6842306495283403,2.821629606087965
TTCTCAATCCACGCAG-1,0.034080112037495613,1.1188790424664439
TTCTCAATCCCACTTG-1,4.7970648646925245,1.274899445374769
TTCTCAATCCGAATGT-1,-1.0002090691949568,-6.549431480566698
TTCTCAATCGAGAACG-1,-11.78985587352769,1.0705697758992136
TTCTCAATCGCATGAT-1,2.6029344440077105,2.0622462852795542
TTCTCAATCGCGTTTC-1,-12.553655540886089,2.1957202776272715
TTCTCAATCTGCTGTC-1,5.425374114570454,0.40535428365067855
TTCTCCTAGAAGGTTT-1,3.1101785541151323,-1.1445268766085683
TTCTCCTAGAATGTGT-1,1.4345169902418413,2.7199529035885752
TTCTCCTAGAGCTGCA-1,0.015455210265950203,0.8276884182293833
TTCTCCTAGGATTCGG-1,0.9656179786299028,2.369147620995802
TTCTCCTAGTTGTAGA-1,-12.411340629997417,0.0726147106786193
TTCTCCTCAACACCCG-1,0.7035034537885942,-2.0310606137911855
TTCTCCTCAACACGCC-1,-2.2525576710130415,-6.479382671515184
TTCTCCTCAAGCTGGA-1,-1.9527993559266767,3.6069846971829356
TTCTCCTCACACCGAC-1,-3.2711552738572798,-0.2734866217772542
TTCTCCTCACCAGATT-1,-12.599128639640972,1.276820741494459
TTCTCCTCAGCTATTG-1,-3.6398755669023237,0.7057860716183604
TTCTCCTGTAAGGGAA-1,-11.662753975334331,-1.4110349790255605
TTCTCCTGTATAGGTA-1,-12.423404610099956,0.5435984059174479
TTCTCCTGTCTAGCGC-1,5.009450042304829,1.1888588293393076
TTCTCCTGTGACTACT-1,0.5044339538191118,3.1271453722317637
TTCTCCTTCACAGTAC-1,-11.784890091362163,1.5854795797665537
TTCTCCTTCAGCATGT-1,4.313693606910542,-3.9039241449038564
TTCTCCTTCATAAAGG-1,0.10698529487593555,-0.5329960362116872
TTCTCCTTCATTTGGG-1,-11.141571915092632,-2.083087124029833
TTCTCCTTCCGCGCAA-1,-1.8118582724954329,2.877866588433546
TTCTCCTTCTATCCCG-1,-2.0732770323182783,3.6676233633358897
TTCTCCTTCTCGCTTG-1,1.0639570594404497,0.2192506863673152
TTCTTAGAGAGCTATA-1,6.613346183357075,0.34004322429494277
TTCTTAGAGCGTGTCC-1,1.0770655513380327,-1.923038877646166
TTCTTAGAGGACATTA-1,2.8484197497938433,-0.6782982722918569
TTCTTAGAGTAAGTAC-1,4.63505228763564,-2.493903555075365
TTCTTAGAGTGACTCT-1,6.399157607612446,0.6284587009747447
TTCTTAGAGTGCAAGC-1,-0.8697961925889692,3.293471656640333
TTCTTAGAGTTGAGTA-1,4.986403548774556,-2.4325117246310293
TTCTTAGCACATTCGA-1,-3.330404913368388,0.12842161198453322
TTCTTAGCACGACTCG-1,3.9802046657179155,-0.8650892750422536
TTCTTAGCACGGATAG-1,-9.881911194267436,0.6455965264637888
TTCTTAGCACTAAGTC-1,1.692014300880269,2.2817607744534434
TTCTTAGCAGACTCGC-1,5.070785605964497,-2.4484519139926015
TTCTTAGCAGCCAGAA-1,3.2755499721144,-0.12482435266180619
TTCTTAGCAGCCTTTC-1,-10.379716789665386,-0.3782783822218953
TTCTTAGCATAAAGGT-1,-11.627647316398784,-1.5131701604525625
TTCTTAGCATGCTAGT-1,-10.858708298149272,2.8444188459713877
TTCTTAGCATTAGGCT-1,6.11043652301772,-0.9557100907961904
TTCTTAGGTACAGACG-1,-10.429442322197124,3.174131475289625
TTCTTAGGTATATGAG-1,-1.9961182236100874,3.600692115624708
TTCTTAGGTCGTCTTC-1,2.0121312976454058,1.6116164549191416
TTCTTAGGTGAACCTT-1,-9.892212784233257,0.8890492542584361
TTCTTAGGTGGTTTCA-1,5.198680484351948,0.7195803149540843
TTCTTAGTCACATACG-1,3.85015352970107,-2.3659509793917715
TTCTTAGTCCACGTGG-1,1.4213472247694292,-1.0756847039858877
TTCTTAGTCGATGAGG-1,3.08959969287856,-3.420926489035326
TTCTTAGTCTCCAACC-1,-10.836217796745464,2.0374004467328013
TTCTTAGTCTGAAAGA-1,2.5062285304640093,0.10794964283080116
TTCTTAGTCTGCAAGT-1,2.9881411433790483,-0.5423917547862112
TTCTTAGTCTTCTGGC-1,0.15790768867476368,0.4724623485405864
TTGAACGAGAAACCAT-1,1.5668891311262407,2.776102624734205
TTGAACGAGGTGCAAC-1,1.5476516128156939,1.3016377313931407
TTGAACGAGTACGTTC-1,4.0030570865248,0.9382202847798289
TTGAACGAGTCGTACT-1,-11.239062225761577,1.8969972952206553
TTGAACGAGTGAACGC-1,-0.42123452419297314,2.3435092790921153
TTGAACGCAAAGAATC-1,-3.6654464363481245,0.42030330737428084
TTGAACGCACCGTTGG-1,-9.39188281291978,3.223132930596632
TTGAACGCACGGTAGA-1,3.550799453315572,0.4361533745129527
TTGAACGCAGATCGGA-1,3.900686347541646,0.918422303994459
TTGAACGCATAGTAAG-1,-3.6859542488481245,0.3748605473835887
TTGAACGCATGACATC-1,-0.3502882480050764,2.2388938291867198
TTGAACGGTAAGAGAG-1,0.571095192489461,3.2239492758114756
TTGAACGGTAGCCTAT-1,1.0821662784193316,0.6608199103672923
TTGAACGGTCCGACGT-1,-11.736655151786968,-0.953046955267626
TTGAACGGTGCCTGGT-1,2.1364408374403276,-0.27293161312742814
TTGAACGGTGTGCCTG-1,1.9162863135908403,1.9626568182309092
TTGAACGGTTAGGGTG-1,3.411264503059224,0.4958952589829387
TTGAACGGTTATCCGA-1,3.3100992084120073,1.099380396207136
TTGAACGGTTCGGCAC-1,3.8908120036695757,-2.487647213141161
TTGAACGTCCACGTTC-1,5.560890281257466,-1.1008454934756338
TTGAACGTCCGGCACA-1,-1.7904970406915388,3.7276457174618662
TTGAACGTCCGGGTGT-1,3.1419850230787554,1.9063709600766123
TTGAACGTCCTTAATC-1,-1.5055250137473783,-1.1395265237490713
TTGAACGTCGTGACAT-1,0.9054942966078081,2.342138133843702
TTGAACGTCTACGAGT-1,2.537329995689229,-1.0332247392336904
TTGAACGTCTCATTCA-1,1.5468557715986528,-2.764612354437548
TTGAACGTCTCGTTTA-1,5.789638136186603e-4,2.1932626589138926
TTGACTTAGGACTGGT-1,5.54581078296645,-1.9238092080752431
TTGACTTCAAGACACG-1,4.978734576759175,1.4081384762127818
TTGACTTCAATGGATA-1,0.08708056217177296,0.05031860982374564
TTGACTTCACAGACTT-1,3.6472831607435503,0.9107374175389231
TTGACTTCACGTCAGC-1,3.199863994178609,-1.381903804938036
TTGACTTCAGCGATCC-1,-0.9451941310788832,-1.4072709457079946
TTGACTTCATACTACG-1,-3.9826196789170942,-0.25964070121451005
TTGACTTCATTGGTAC-1,5.3425994754408155,0.18328907330827132
TTGACTTGTAATCGTC-1,-0.3947819828416548,0.5722279175122202
TTGACTTGTACAGACG-1,0.774806106147603,2.6921332701046885
TTGACTTGTAGTAGTA-1,5.206824863014058,-2.074743904272753
TTGACTTGTCCGTCAG-1,-0.7983836888696394,0.9897120221455515
TTGACTTGTCGGCATC-1,6.50022562747939,0.14880382632212058
TTGACTTGTCTTCTCG-1,-11.524370109977886,0.8806976898510874
TTGACTTGTGTTTGGT-1,-0.5243987202073774,3.4031627996762217
TTGACTTGTTCCACGG-1,2.523686254081563,-2.3964568750063955
TTGACTTGTTGATTCG-1,5.0604434848402295,-1.9059266225497304
TTGACTTGTTTGACAC-1,4.078614318427876,-1.683730639616686
TTGACTTTCAACCATG-1,4.365608775672749,-2.7356766835848867
TTGACTTTCACCATAG-1,-0.7234119533921919,0.9042508824665965
TTGACTTTCAGAAATG-1,3.598738277015523,-2.6257328168551504
TTGACTTTCAGCTCGG-1,0.06634422546370411,1.292173467477125
TTGACTTTCAGTGTTG-1,2.4843269229505816,0.9397971256573618
TTGACTTTCATGCAAC-1,-0.4137684463884077,1.0032444222767771
TTGACTTTCCCTAATT-1,4.874923789558247,-0.578521169821459
TTGACTTTCCCTCTTT-1,3.927158916053609,1.2387765272458018
TTGACTTTCCGCATAA-1,3.945812785682515,-1.3906801120440542
TTGACTTTCCTGCTTG-1,4.443034255561665,-3.2106420175234853
TTGACTTTCGGTTCGG-1,3.0000129581068316,-2.79637924591704
TTGACTTTCTAACCGA-1,1.7795937896345415,-3.2129971162478506
TTGACTTTCTGCGGCA-1,-10.620789444389507,2.725574575265211
TTGCCGTAGCTTTGGT-1,4.44338854557021,-2.9241522924105703
TTGCCGTAGGCGCTCT-1,-1.2726200803543768,-1.2213652507464468
TTGCCGTAGTAAGTAC-1,2.876011455116109,1.467729173501295
TTGCCGTAGTATCGAA-1,4.820193374214009,-2.21414367119475
TTGCCGTCAAGACGTG-1,-11.392372047844097,2.2484684809048594
TTGCCGTCAATCACAC-1,3.3996802211378374,-0.36385238925619706
TTGCCGTCACCTGGTG-1,1.9916494727705278,-0.018395967880922404
TTGCCGTCATAGGATA-1,1.1099046111677446,2.471736274560255
TTGCCGTGTACAGACG-1,-0.7913292407418928,0.08599213687078372
TTGCCGTGTGACAAAT-1,1.8740459323499956,-1.2943615094821035
TTGCCGTGTGTGAATA-1,2.9090424419019976,-3.4870967046420156
TTGCCGTGTTAGGGTG-1,-11.043808853569194,2.046802602608961
TTGCCGTGTTCACCTC-1,1.5123494506452837,2.9200404508908213
TTGCCGTGTTGGAGGT-1,2.374563777503804,-2.7733444348971426
TTGCCGTGTTGGGACA-1,3.407445037422017,-0.9563854114214956
TTGCCGTTCAACACGT-1,0.41090449100478077,-1.849196948210436
TTGCCGTTCAGATAAG-1,3.74157198673232,-0.34952784339590653
TTGCCGTTCCGTAGGC-1,-12.070274269523784,-0.6487847940127431
TTGCCGTTCGGCGCAT-1,3.9186087489698687,1.3582139833767832
TTGCCGTTCTTCAACT-1,0.3560902715299883,-1.5572861806551992
TTGCGTCAGAAACCAT-1,0.6935046554182329,1.2386269195874156
TTGCGTCAGAAGGACA-1,0.02706369167311573,-0.539951183001238
TTGCGTCAGAAGGCCT-1,0.942873323020772,-0.4738909975688039
TTGCGTCAGATAGTCA-1,1.7772479892347612,2.747345290978712
TTGCGTCAGCATCATC-1,5.267751777229146,-1.3086089269320547
TTGCGTCAGCGATATA-1,-0.3229709624673567,0.44475390752152816
TTGCGTCAGGAATTAC-1,5.080626571235493,-1.4601890222231924
TTGCGTCAGGGAACGG-1,-12.24730674022691,0.9256575926144541
TTGCGTCAGGTCATCT-1,-1.0726171641971312,-1.2918899432818471
TTGCGTCAGTACACCT-1,4.263372981605366,-1.2405072824160635
TTGCGTCAGTACGATA-1,2.4553609729383745,-2.2740952150027334
TTGCGTCAGTCATGCT-1,-0.28914765113846874,-0.7681690231959402
TTGCGTCAGTGGTAGC-1,0.372593724784688,1.3250964506466807
TTGCGTCCAAATCCGT-1,3.0848699451063433,-3.629525818030077
TTGCGTCCACGGTTTA-1,1.039606893119649,1.7093300445874156
TTGCGTCCAGACAGGT-1,-12.578891670646831,0.5877070351441325
TTGCGTCCATCCGTGG-1,1.7867117763136187,1.6338944061596812
TTGCGTCCATGTAAGA-1,0.37638887172682667,3.126040302117628
TTGCGTCGTACCGAGA-1,1.5589800716017046,-0.15804473320646867
TTGCGTCGTACTTCTT-1,3.1989823222730913,2.6217571123440684
TTGCGTCGTCAGCTAT-1,-0.29832950824753857,2.5632127149899424
TTGCGTCGTCTCGTTC-1,1.8466742873762407,0.9739999993641795
TTGCGTCGTTCCACGG-1,-9.546575462761089,3.213189206918043
TTGCGTCGTTCCCTTG-1,-12.355708038749858,1.494860850175184
TTGCGTCTCGAACGGA-1,-0.7118683814431868,-0.9110808746020376
TTGCGTCTCGCGATCG-1,4.275850856361226,1.3886586054165782
TTGCGTCTCTCGCTTG-1,3.4553485751722612,-2.0037848130862295
TTGCGTCTCTTGTACT-1,3.636160457191304,-1.6023313180605947
TTGGAACAGAATCTCC-1,0.9829414725874224,2.8440314157803477
TTGGAACAGAGACTTA-1,3.3197875857923784,-0.417546488444048
TTGGAACAGATATACG-1,-11.622576630058452,-1.1599522010485708
TTGGAACAGATGGGTC-1,-12.537753975334331,2.0702681167920054
TTGGAACAGGAGTTGC-1,0.14326473480208302,2.6768742426236094
TTGGAACAGGGCTTCC-1,-0.35270223611847973,2.0593157633145274
TTGGAACAGTCGTACT-1,5.523368918952778,-1.910169758002001
TTGGAACAGTGAAGAG-1,0.17244693046553516,2.7732380255063
TTGGAACAGTGAATTG-1,4.772899234351948,1.0975030287106455
TTGGAACCACCGAAAG-1,5.791293704566792,-1.8832751886050283
TTGGAACCACTCGACG-1,1.3481148124311724,1.3668307884533824
TTGGAACCACTGCCAG-1,-11.104036247673198,2.614619336922926
TTGGAACCAGTAAGCG-1,1.7550857902143755,1.4234833343823374
TTGGAACCAGTGAGTG-1,1.4303665996168413,-0.08206353346510514
TTGGAACGTCAATACC-1,-12.881532585563823,0.6711675151188792
TTGGAACGTCGGATCC-1,3.5765691638563433,-0.7694551722209035
TTGGAACGTCTTCTCG-1,3.682187640724019,1.0728609784443797
TTGGAACGTGCATCTA-1,3.5872856021498003,-1.480504788557726
TTGGAACGTGTATGGG-1,-1.9666909336473188,3.5086968763668955
TTGGAACGTTCAGACT-1,-0.33116230958954906,-7.040711559454637
TTGGAACTCAACACCA-1,-1.2982722831319413,3.3349786623318614
TTGGAACTCAGCTCGG-1,5.669901454505757,-1.0999912397067129
TTGGAACTCATTGCCC-1,2.983457171974019,1.2884342296917857
TTGGAACTCCGCAGTG-1,4.052090728339985,1.559563718636793
TTGGAACTCGGTCCGA-1,3.0649920344923296,-0.701714791456896
TTGGAACTCTACTTAC-1,2.2495904803846636,1.4218871219952525
TTGGAACTCTTTACAC-1,-10.422866737785503,3.0857628210385264
TTGGCAAAGAACTGTA-1,-1.7976087390805922,3.4660054071743907
TTGGCAAAGAGACGAA-1,-1.765006190481349,3.4962592943509043
TTGGCAAAGCTGCGAA-1,0.5934961677168169,3.12826093276338
TTGGCAAAGGAGCGAG-1,-0.05011812442795849,0.28373716016606704
TTGGCAACAACACGCC-1,3.8727808833692827,-1.6339779273669301
TTGGCAACACCATGTA-1,2.4118119121168413,0.29179745157555953
TTGGCAACACTGCCAG-1,1.5985406280134478,2.875970445473951
TTGGCAACAGATCGGA-1,3.1428862453077593,0.22204148759440795
TTGGCAACAGGCTCAC-1,4.61277970081313,-3.5436662809054433
TTGGCAACAGGGTTAG-1,5.045066440162495,-0.2210685090224324
TTGGCAAGTAGAGGAA-1,2.5291076541517534,-3.8168367520968496
TTGGCAAGTCAGATAA-1,3.856588923988179,1.4952022655804575
TTGGCAAGTCCGAACC-1,-9.511529838981792,2.7226127012570323
TTGGCAAGTCTAAAGA-1,3.1663075328443804,-2.076377548376757
TTGGCAAGTTAAGTAG-1,-12.029929077568218,1.0550462826092661
TTGGCAAGTTCCAACA-1,-10.846874153556987,0.6309516056378306
TTGGCAATCAAACCAC-1,3.0230189204786577,-3.643894590536791
TTGGCAATCAGTGCAT-1,-10.804262077751323,2.149086318810743
TTGGCAATCATCGATG-1,-12.317231094780132,0.4080254360039653
TTGGCAATCATGCATG-1,4.1774636149977,1.7586657627423228
TTGGCAATCCCTTGCA-1,2.6777053714369097,-2.725344099203783
TTGGCAATCCGTCATC-1,-12.540013229789897,-0.15901983539267167
TTGGCAATCCTTCAAT-1,1.320995652732686,1.5865311249096812
TTGGCAATCGCCTGAG-1,-0.712938821258708,3.544319234689039
TTGGCAATCGGTCCGA-1,-3.046310222091838,0.640678368409437
TTGGCAATCTAACTTC-1,2.0305581927870073,1.164661489327711
TTGGCAATCTCCTATA-1,1.8713310599897661,-1.0700092689196645
TTGGCAATCTGTACGA-1,5.335745418128804,-2.2668046132723867
TTGTAGGAGATGAGAG-1,2.7317963481519976,-0.5112079755465566
TTGTAGGAGCCACCTG-1,0.7870841861341753,0.07673818980650321
TTGTAGGAGCGATATA-1,1.7393689990614214,-3.166010059515673
TTGTAGGAGGATGGAA-1,-9.691261208000347,3.238218627770704
TTGTAGGAGGCAGTCA-1,2.075605714378194,1.2150219305355967
TTGTAGGAGGTCGGAT-1,3.605038726386861,-0.016333535412984934
TTGTAGGAGTACGCCC-1,3.264436805305318,2.385404668649
TTGTAGGCAGACAGGT-1,4.060299480018452,-2.450701870123583
TTGTAGGCATGGTCTA-1,-1.2246482058788977,-1.0580418483416616
TTGTAGGGTAAACACA-1,2.3454008937452593,-3.3500937596957265
TTGTAGGGTCAGGACA-1,-11.623605644645854,-0.03220557431383714
TTGTAGGGTCAGTGGA-1,-1.5358950852777205,2.3366170748074473
TTGTAGGGTCGACTGC-1,0.12575646644575977,1.5811123474438609
TTGTAGGGTCGATTGT-1,2.1561997771833696,-0.035331450502115336
TTGTAGGGTCTCCACT-1,4.071940982398823,-0.41098467270537004
TTGTAGGGTCTTGTCC-1,0.054064834174946785,-6.659889377752977
TTGTAGGGTGTATGGG-1,2.657355868873433,-2.7317577974001943
TTGTAGGGTGTTTGTG-1,2.086040818748311,0.8176786526043833
TTGTAGGGTTGCTCCT-1,-1.7269424855138502,3.605598054726881
TTGTAGGTCAAACCGT-1,3.9777203441236773,-0.13768199841185197
TTGTAGGTCCACGAAT-1,4.905640208778218,0.8284198864300669
TTGTAGGTCCGATATG-1,3.062894427833394,-3.096761383215624
TTGTAGGTCCTATTCA-1,4.233917796668843,-1.8109338657061635
TTGTAGGTCTAACTGG-1,2.377678000984029,-1.5222226754824697
TTGTAGGTCTGGAGCC-1,0.9542911887739458,0.26958494623498336
TTGTAGGTCTGGTGTA-1,-11.063172256889507,0.19620852907494918
TTTACTGAGAAGGTTT-1,4.499256217536763,0.08657337156431094
TTTACTGAGACAAAGG-1,5.069344604072407,-1.911662973562914
TTTACTGAGAGGTTGC-1,-11.563212311210796,0.4449899121125163
TTTACTGAGCTAACAA-1,5.449671351966694,-1.6975257770220815
TTTACTGAGGTGATAT-1,4.797548377570942,-2.950563587347704
TTTACTGAGTGTACTC-1,2.4475179553602495,-0.5329706446330129
TTTACTGCAAAGCGGT-1,1.7881933093641558,-3.845226444403368
TTTACTGCAAGCGATG-1,6.739472472724751,0.13951295231775657
TTTACTGCAAGCTGGA-1,5.5683380008314405,-1.7485851422946035
TTTACTGCAAGTCTAC-1,-0.11249438518540478,1.380350433190626
TTTACTGCACGCATCG-1,4.656757915077046,-1.118404425780016
TTTACTGCACTTGGAT-1,2.851046168861226,1.1430862768490733
TTTACTGCAGACAAGC-1,-12.161044037285015,1.7071503027279795
TTTACTGCAGCCAGAA-1,4.1091118693922315,-1.4614423886935293
TTTACTGCATACGCTA-1,1.0674935222242632,1.2446478231747569
TTTACTGCATTGAGCT-1,0.7876349330518999,-2.7885488645236074
TTTACTGGTACAGCAG-1,-2.6369278787996016,0.9521798714001597
TTTACTGGTACCTACA-1,2.8451033473585405,1.7710499389965952
TTTACTGGTAGCTGCC-1,-9.82463542217271,3.2473531587918223
TTTACTGGTATCTGCA-1,1.4216948390577593,1.0607291086514414
TTTACTGGTCGCGTGT-1,-0.37742969984070873,-7.1627003328005845
TTTACTGGTCTGATTG-1,-2.046490168514415,3.6808231695492686
TTTACTGGTGTCGCTG-1,3.693119609412984,1.6316622122128428
TTTACTGGTGTCTGAT-1,-1.805751776638194,-6.829456485907274
TTTACTGGTGTGGTTT-1,-0.8511442899133406,0.3724199457962932
TTTACTGGTTGTCGCG-1,1.6638892531965532,1.8321874960263194
TTTACTGTCAAACGGG-1,6.477715098914937,-0.5634662882487356
TTTACTGTCACGGTTA-1,2.870699012336568,-2.2757593766848623
TTTACTGTCAGCTCTC-1,-11.829819595756694,-0.845388092199999
TTTACTGTCAGGCCCA-1,5.354880893287495,-0.3148376123110829
TTTACTGTCTGTCTCG-1,4.690279567298726,-0.9918263332049428
TTTACTGTCTTACCTA-1,-0.9005888163472853,0.7372768147786082
TTTACTGTCTTGTTTG-1,3.0484987140272417,-0.6344708577792226
TTTATGCAGCGTTTAC-1,4.679268920478657,0.9241447075207652
TTTATGCCAAGCGCTC-1,3.7629767299269,0.08169529204563514
TTTATGCCATATGCTG-1,-11.567392265739604,-0.33645776669188127
TTTATGCGTCGTTGTA-1,0.2608735204313555,3.395496211846632
TTTATGCGTGCGGTAA-1,-10.50298300975816,2.9584201200802744
TTTATGCGTGTGACGA-1,0.12914546733839893,2.304460130532545
TTTATGCGTGTGCGTC-1,4.151850783881978,1.9495209081967295
TTTATGCGTTCGCGAC-1,-1.9679926990892134,3.5555694921811045
TTTATGCGTTCTGGTA-1,-12.570631897392436,-0.26951942602797135
TTTATGCGTTGGTGGA-1,1.4477647185896196,-3.795810617605883
TTTATGCTCAGCATGT-1,5.628846252021626,-1.9847129956881582
TTTATGCTCCAAACAC-1,5.154415214118794,0.3429795726139964
TTTATGCTCCAGTATG-1,2.6243880630110064,-3.1697413102786123
TTTATGCTCGGGAGTA-1,3.52171000247939,-1.4019236938159048
TTTATGCTCGGTCCGA-1,-11.686864769401714,-0.06699993471308335
TTTATGCTCTCCTATA-1,2.0915189624403276,1.6230047567685069
TTTATGCTCTGCAAGT-1,0.1560351491545,2.892707429726881
TTTCCTCAGAAGCCCA-1,2.2254086375807085,-2.643842615286547
TTTCCTCAGACAAAGG-1,6.598258101997212,-0.25156757990522965
TTTCCTCAGCTCCCAG-1,3.1028171420667925,2.2060755117733897
TTTCCTCAGGGTCGAT-1,2.3295133948896685,0.4729169829686107
TTTCCTCAGTCAAGCG-1,4.433935248908833,0.9617810471852244
TTTCCTCAGTGACATA-1,-0.8516230940248213,0.4313163383801402
TTTCCTCAGTTAGGTA-1,-1.715653425398036,3.388411842187208
TTTCCTCAGTTATCGC-1,-10.672932541313335,2.897698245843214
TTTCCTCCAAACCCAT-1,5.28937824970229,-0.21256301561995133
TTTCCTCCAACGATGG-1,3.6401492000196733,-0.1852537171046315
TTTCCTCCAAGCTGTT-1,-10.728143608513042,1.8196168764431895
TTTCCTCCACTTCGAA-1,-0.18342498535172558,2.081473193963331
TTTCCTCCAGCCAGAA-1,4.814200484809712,0.913412652810377
TTTCCTCCAGGGATTG-1,3.2651310802076616,-0.969879902998644
TTTCCTCCAGGGTACA-1,-10.349568283500835,-0.4064897672335683
TTTCCTCCAGTAACGG-1,-11.917985832634136,-0.3236037270228444
TTTCCTCCATACTACG-1,-11.598311340751811,2.7810948713620127
TTTCCTCCATATGCTG-1,6.442174518165425,0.38017439087228194
TTTCCTCCATCGATTG-1,-10.49548617595689,2.25007113059358
TTTCCTCGTAGCTAAA-1,-0.18790439361588573,0.8997382744152964
TTTCCTCGTCATCCCT-1,5.803403937873677,0.8442256077130259
TTTCCTCGTGAACCTT-1,4.111501300391987,0.5661391540368022
TTTCCTCGTGAGCGAT-1,-11.715370094719097,0.7963891847927989
TTTCCTCGTGGACGAT-1,-11.210396683159038,-1.9283103124301015
TTTCCTCGTTGATTCG-1,-1.0680688529636106,0.5592596753437937
TTTCCTCGTTTGGGCC-1,2.9226857066725054,2.267884097893995
TTTCCTCTCCACGTGG-1,-3.4533046841050825,0.7246272190411509
TTTCCTCTCGCAAGCC-1,2.3211730361555376,0.8240429981549204
TTTCCTCTCTCAAACG-1,-1.455451717915698,-1.019560374418932
TTTCCTCTCTCGAGTA-1,-11.151374733390972,2.22890528281526
TTTGCGCAGACTTTCG-1,0.803746068534688,-0.3915738538901387
TTTGCGCAGAGACTAT-1,1.8726812244032183,1.9042675121624888
TTTGCGCAGCAGGCTA-1,-0.5136859774018965,1.595192037423414
TTTGCGCAGCGTCAAG-1,-0.9214547037507734,-1.3892826215426504
TTTGCGCAGCTTTGGT-1,-0.6670036672975264,0.4348441286881389
TTTGCGCAGGATGGTC-1,1.5484543681715288,1.18691571791963
TTTGCGCAGTACTTGC-1,3.3939338565443316,-2.324697651068407
TTTGCGCAGTGCCAGA-1,5.122102820930317,-0.9326494113604604
TTTGCGCCAAAGAATC-1,-9.82774821514146,0.5398920400937022
TTTGCGCCACATCCAA-1,3.7158003688429155,-1.1830524579684316
TTTGCGCCACTCAGGC-1,1.4325149894331255,2.691108308633131
TTTGCGCCACTTAACG-1,-3.5960404037858686,-0.11649819473429307
TTTGCGCCAGGGATTG-1,-10.997108375969097,2.7477897032101573
TTTGCGCCATAGAAAC-1,3.466437900123433,-1.8758474961916982
TTTGCGCCATCCCACT-1,0.8159879088972368,0.2010176776845874
TTTGCGCCATGTCTCC-1,-0.35217074150101757,3.6144729479153574
TTTGCGCCATTCACTT-1,-9.520079529228374,3.2103429659207285
TTTGCGCGTCCTGCTT-1,-0.5022122024919233,-7.185850776831346
TTTGCGCGTCTCCATC-1,2.127488219795064,1.7084111793835581
TTTGCGCGTGCTTCTC-1,4.190961921272114,-0.4630390183131276
TTTGCGCGTGTAAGTA-1,3.9833761096571245,1.7216277941067637
TTTGCGCGTTCCGTCT-1,1.935142839011983,-3.2861096040408193
TTTGCGCGTTCCTCCA-1,2.7333265185926714,-0.8363862411181509
TTTGCGCGTTGAGGTG-1,0.18250283008559132,1.3199696167309702
TTTGCGCGTTTGACAC-1,-0.545422530117198,0.22460612644748107
TTTGCGCTCAAACAAG-1,0.21393927341444874,3.35055621703462
TTTGCGCTCATGGTCA-1,-12.500984108390972,-0.3766888157527028
TTTGCGCTCCAGTAGT-1,-0.9781206011201582,3.412980876763624
TTTGCGCTCCGCGTTT-1,-0.8733274101640425,0.5408986731369914
TTTGCGCTCGAGAACG-1,-2.7088729500199995,0.55656384666757
TTTGCGCTCTAACTGG-1,2.3794713855360308,0.28646675487355605
TTTGCGCTCTACTTAC-1,2.5027857661817827,-3.1349872724215566
TTTGCGCTCTGCAGTA-1,3.1174722552870073,1.3092568739254893
TTTGGTTAGACTGGGT-1,0.09768267875655079,1.9818552358944834
TTTGGTTAGGTGTTAA-1,3.13970955615981,-3.624048628012377
TTTGGTTAGTACGTAA-1,-0.22239986652390575,-7.043696560064989
TTTGGTTAGTTGTCGT-1,4.636070334968403,-1.3378880397479116
TTTGGTTCAATCTGCA-1,5.28077229267104,-1.2263356820742666
TTTGGTTCACCAGCAC-1,0.9404266715620317,0.8176701887448252
TTTGGTTCAGACACTT-1,2.9505344272230425,1.476257882912916
TTTGGTTCAGGTTTCA-1,-12.393250381889507,-0.5598076955477773
TTTGGTTCAGTAGAGC-1,-3.2888666748429976,-0.5417492763201772
TTTGGTTCATCACCCT-1,0.7215326667402544,2.2518301828701914
TTTGGTTCATGTTCCC-1,0.1607578635786333,2.692658029397291
TTTGGTTGTATATGAG-1,-11.018283760490581,-0.01720400164528474
TTTGGTTGTCAAACTC-1,3.8476739764784136,-2.9871293679873525
TTTGGTTGTGAAGGCT-1,-10.75322142833726,-1.02117172638579
TTTGGTTGTGTTCTTT-1,4.118802630958394,1.8040477855999888
TTTGGTTTCACAGGCC-1,-12.005904114189311,1.225266180833143
TTTGGTTTCACCCTCA-1,3.782960975227193,1.278887472947401
TTTGGTTTCATGGTCA-1,2.8769994617079058,1.705955229600233
TTTGGTTTCCACGACG-1,2.613248670158223,-1.0713981763522207
TTTGGTTTCCGATATG-1,-10.933574593010112,0.15291797732309714
TTTGGTTTCCGCAAGC-1,2.5217395663831987,1.8529476745922984
TTTGGTTTCCGCGTTT-1,-1.2994181777711353,3.742486081918043
TTTGGTTTCTCATTCA-1,5.0288835406873975,0.15781125788883582
TTTGGTTTCTTCGGTC-1,-0.6366337894822798,-6.891158260504442
TTTGGTTTCTTTCCTC-1,3.8637896419142046,-2.194926895300585
TTTGTCAAGAAGGCCT-1,0.8915758967970171,3.306387267907423
TTTGTCAAGACGCAAC-1,3.8225742221449175,1.68542166789369
TTTGTCAAGAGACTTA-1,4.128800952491597,-0.6708802954356252
TTTGTCAAGATGGGTC-1,-11.850559151115581,0.9298471434910716
TTTGTCAAGCAGGTCA-1,-2.0335959553147993,3.5795191152890147
TTTGTCAAGCCCTAAT-1,0.45676203971846485,2.8958667143185557
TTTGTCAAGTCCAGGA-1,4.163404071388081,-0.4128629938761769
TTTGTCACAAAGTCAA-1,5.594407641944722,-0.44246468702955827
TTTGTCACAATCTACG-1,-11.621294891777202,3.046502195199293
TTTGTCACATTAACCG-1,2.3292952418897905,-3.5153042451541006
TTTGTCACATTTCACT-1,6.421795928535298,0.4336049183209361
TTTGTCAGTAGCAAAT-1,3.850041472968892,-2.3601848260562
TTTGTCAGTATAAACG-1,-10.456860458793804,3.2614227159817637
TTTGTCAGTCAACATC-1,3.1130267024610796,-3.1232442037264883
TTTGTCAGTGCAACGA-1,0.861457192954854,-1.6801256314913808
TTTGTCAGTGGCCCTA-1,3.254772269782857,-0.3612599448363362
TTTGTCAGTGGTGTAG-1,3.92760714298232,-1.6852631942431509
TTTGTCAGTTTAGGAA-1,0.9978900790785112,2.4924312456448496
TTTGTCATCAGAGACG-1,-3.9974519371415815,0.5459120794136942
TTTGTCATCCTAGAAC-1,1.68430241352065,-2.917768634955126
TTTGTCATCCTTTCGG-1,-0.5638943075563154,0.3104205056031169
TTTGTCATCGAACGGA-1,-0.472010767402812,-7.106556095282274
TTTGTCATCGTTGACA-1,-2.0260801076318464,3.7740233763058604
TTTGTCATCTATCGCC-1,-9.555551445427104,2.594137988885206
TTTGTCATCTCCAGGG-1,-12.381524002494976,2.2627609594662608
