"clone_subgroup_id","gex_annotation","N","mean_SHM","median_SHM","sd_SHM"
"1000_1","IgD+ve Memory",4,0.0357142857142857,0.0335276967930029,0.0126802607878522
"1001_1","IgD+ve Memory",1,0.0029585798816568,0.0029585798816568,NA
"1002_1","IgD+ve Memory",1,0,0,NA
"1003_1","IgD+ve Memory",1,0.033033033033033,0.033033033033033,NA
"1004_1","Cell-Cycling",1,0.0445103857566766,0.0445103857566766,NA
"1005_1","IgD+ve Memory",1,0.0335365853658537,0.0335365853658537,NA
"1006_1","IgD+ve Memory",1,0.0269461077844311,0.0269461077844311,NA
"1007_1","ASC 2",1,0.0120481927710843,0.0120481927710843,NA
"1008_1","Cell-Cycling",1,0,0,NA
"1009_1","NAIVE 2",1,0,0,NA
"100_1","ASC 2",1,0.0350877192982456,0.0350877192982456,NA
"1010_1","Early-Activation",1,0.126506024096386,0.126506024096386,NA
"1011_1","ASC 2",1,0.0429799426934097,0.0429799426934097,NA
"1012_1","IgD-ve Memory",1,0.0267857142857143,0.0267857142857143,NA
"1013_1","DN2",1,0,0,NA
"1014_1","IgD+ve Memory",2,0.105740181268882,0.105740181268882,0.0170901941072277
"1014_2","IgD+ve Memory",1,0.0513595166163142,0.0513595166163142,NA
"1015_1","Cell-Cycling",1,0.0060790273556231,0.0060790273556231,NA
"1016_1","ASC 2",1,0.0950920245398773,0.0950920245398773,NA
"1016_2","NAIVE 2",1,0.104294478527607,0.104294478527607,NA
"1017_1","IgD+ve Memory",1,0.117469879518072,0.117469879518072,NA
"1018_1","IgD+ve Memory",2,0.0244648318042813,0.0244648318042813,0
"1018_1","IgD-ve Memory",1,0.0214067278287462,0.0214067278287462,NA
"1018_1","NAIVE 1",1,0.018348623853211,0.018348623853211,NA
"1018_2","IgD+ve Memory",1,0.0428134556574924,0.0428134556574924,NA
"1019_1","NAIVE 2",1,0,0,NA
"101_1","IgD-ve Memory",1,0.0147058823529412,0.0147058823529412,NA
"1020_1","IgD-ve Memory",1,0.0479041916167665,0.0479041916167665,NA
"1021_1","IgD+ve Memory",1,0.00900900900900901,0.00900900900900901,NA
"1022_1","NAIVE 1",1,0.00307692307692308,0.00307692307692308,NA
"1023_1","NAIVE 1",1,0.0382352941176471,0.0382352941176471,NA
"1024_1","NAIVE 2",1,0,0,NA
"1025_1","DN2",1,0.0395136778115502,0.0395136778115502,NA
"1026_1","NAIVE 1",1,0.0670731707317073,0.0670731707317073,NA
"1027_1","IgD+ve Memory",1,0.0572289156626506,0.0572289156626506,NA
"1028_1","Cell-Cycling",1,0,0,NA
"1029_1","ASC 1",1,0.0597014925373134,0.0597014925373134,NA
"1029_1","IgD+ve Memory",4,0.0731343283582089,0.0716417910447761,0.0125467862815109
"1029_1","IgD-ve Memory",1,0.0925373134328358,0.0925373134328358,NA
"1029_2","IgD+ve Memory",1,0.0835820895522388,0.0835820895522388,NA
"1029_3","IgD+ve Memory",1,0.0656716417910448,0.0656716417910448,NA
"1029_4","IgD+ve Memory",1,0.0686567164179104,0.0686567164179104,NA
"102_1","ASC 2",1,0.159763313609467,0.159763313609467,NA
"102_1","NAIVE 1",1,0.121301775147929,0.121301775147929,NA
"1030_1","IgD-ve Memory",1,0.0835820895522388,0.0835820895522388,NA
"1031_1","IgD+ve Memory",1,0.0917159763313609,0.0917159763313609,NA
"1032_1","IgD+ve Memory",1,0.0530973451327434,0.0530973451327434,NA
"1033_1","ASC 2",1,0.0835820895522388,0.0835820895522388,NA
"1034_1","NAIVE 1",1,0.0202312138728324,0.0202312138728324,NA
"1035_1","NAIVE 1",1,0.00301204819277108,0.00301204819277108,NA
"1036_1","NAIVE 1",1,0.00304878048780488,0.00304878048780488,NA
"1037_1","ASC 2",1,0.102409638554217,0.102409638554217,NA
"1038_1","NAIVE 2",1,0,0,NA
"1039_1","IgD+ve Memory",1,0.042042042042042,0.042042042042042,NA
"103_1","Cell-Cycling",1,0.0737463126843658,0.0737463126843658,NA
"1040_1","NAIVE 1",1,0.0359281437125748,0.0359281437125748,NA
"1041_1","Cell-Cycling",1,0.0119760479041916,0.0119760479041916,NA
"1042_1","ASC 2",1,0.0207715133531157,0.0207715133531157,NA
"1042_1","IgD+ve Memory",9,0.0431915595120343,0.0356083086053412,0.023275858804649
"1042_1","NAIVE 2",1,0.0118694362017804,0.0118694362017804,NA
"1042_2","IgD+ve Memory",1,0.0237388724035608,0.0237388724035608,NA
"1042_3","IgD-ve Memory",1,0.0148367952522255,0.0148367952522255,NA
"1042_4","IgD+ve Memory",1,0.0801186943620178,0.0801186943620178,NA
"1043_1","IgD+ve Memory",1,0.0609756097560976,0.0609756097560976,NA
"1044_1","IgD-ve Memory",1,0.027355623100304,0.027355623100304,NA
"1045_1","NAIVE 1",1,0.00294117647058824,0.00294117647058824,NA
"1046_1","IgD+ve Memory",1,0.0029585798816568,0.0029585798816568,NA
"1047_1","IgD+ve Memory",1,0.0479041916167665,0.0479041916167665,NA
"1048_1","IgD+ve Memory",1,0.0328358208955224,0.0328358208955224,NA
"1049_1","IgD+ve Memory",1,0.0648148148148148,0.0648148148148148,NA
"104_1","IgD-ve Memory",1,0.0764525993883792,0.0764525993883792,NA
"1050_1","ASC 2",1,0.0242424242424242,0.0242424242424242,NA
"1051_1","NAIVE 2",1,0,0,NA
"1052_1","NAIVE 2",1,0,0,NA
"1053_1","ASC 2",1,0.0233918128654971,0.0233918128654971,NA
"1054_1","NAIVE 2",1,0,0,NA
"1055_1","IgD+ve Memory",1,0,0,NA
"1056_1","IgD-ve Memory",1,0.0325443786982249,0.0325443786982249,NA
"1057_1","NAIVE 2",1,0,0,NA
"1058_1","IgD+ve Memory",1,0.0527859237536657,0.0527859237536657,NA
"1059_1","IgD-ve Memory",1,0.00298507462686567,0.00298507462686567,NA
"105_1","ASC 2",2,0.0203488372093023,0.0203488372093023,0
"1060_1","NAIVE 1",1,0.0678466076696165,0.0678466076696165,NA
"1060_2","IgD+ve Memory",1,0.0678466076696165,0.0678466076696165,NA
"1061_1","ASC 2",10,0.0648967551622419,0.0648967551622419,0
"1062_1","IgD+ve Memory",1,0.0358208955223881,0.0358208955223881,NA
"1063_1","IgD+ve Memory",1,0.0412979351032448,0.0412979351032448,NA
"1064_1","NAIVE 1",1,0,0,NA
"1065_1","NAIVE 2",1,0,0,NA
"1066_1","NAIVE 2",1,0,0,NA
"1067_1","ASC 3",1,0.0332326283987915,0.0332326283987915,NA
"1068_1","ASC 2",2,0.0748502994011976,0.0748502994011976,0
"1069_1","ASC 2",1,0.0116618075801749,0.0116618075801749,NA
"106_1","NAIVE 2",1,0,0,NA
"1070_1","NAIVE 2",1,0,0,NA
"1071_1","NAIVE 1",1,0.0718562874251497,0.0718562874251497,NA
"1071_2","NAIVE 1",1,0.0718562874251497,0.0718562874251497,NA
"1071_3","IgD-ve Memory",1,0.0600600600600601,0.0600600600600601,NA
"1071_4","NAIVE 1",1,0.0868263473053892,0.0868263473053892,NA
"1071_5","NAIVE 2",1,0.0748502994011976,0.0748502994011976,NA
"1072_1","NAIVE 1",1,0,0,NA
"1073_1","ASC 2",1,0.0383480825958702,0.0383480825958702,NA
"1074_1","NAIVE 2",1,0.00879765395894428,0.00879765395894428,NA
"1075_1","IgD+ve Memory",1,0.104477611940299,0.104477611940299,NA
"1076_1","NAIVE 1",1,0.116766467065868,0.116766467065868,NA
"1077_1","NAIVE 1",1,0.0967741935483871,0.0967741935483871,NA
"1078_1","ASC 3",1,0.0650887573964497,0.0650887573964497,NA
"1079_1","IgD+ve Memory",1,0.0833333333333333,0.0833333333333333,NA
"107_1","DN2",1,0.00302114803625378,0.00302114803625378,NA
"1080_1","NAIVE 2",1,0,0,NA
"1081_1","ASC 1",1,0.128279883381924,0.128279883381924,NA
"1081_1","ASC 2",7,0.0958323895258067,0.0962099125364431,0.0180783191291934
"1081_1","NAIVE 1",1,0.0962099125364431,0.0962099125364431,NA
"1081_2","Cell-Cycling",1,0.075801749271137,0.075801749271137,NA
"1082_1","ASC 1",1,0.0749279538904899,0.0749279538904899,NA
"1082_1","ASC 2",2,0.0749279538904899,0.0749279538904899,0
"1083_1","IgD+ve Memory",1,0.0414201183431953,0.0414201183431953,NA
"1084_1","Cell-Cycling",1,0.00297619047619048,0.00297619047619048,NA
"1085_1","ASC 2",1,0.0664739884393064,0.0664739884393064,NA
"1086_1","IgD-ve Memory",1,0.0766961651917404,0.0766961651917404,NA
"1087_1","ASC 2",1,0.0175438596491228,0.0175438596491228,NA
"1088_1","NAIVE 1",1,0,0,NA
"1089_1","ASC 3",1,0.107033639143731,0.107033639143731,NA
"108_1","IgD-ve Memory",1,0.0516717325227964,0.0516717325227964,NA
"1090_1","DN2",1,0.0114942528735632,0.0114942528735632,NA
"1091_1","IgD+ve Memory",1,0.0461095100864553,0.0461095100864553,NA
"1092_1","IgD+ve Memory",1,0.0903790087463557,0.0903790087463557,NA
"1093_1","IgD-ve Memory",1,0,0,NA
"1094_1","ASC 2",1,0.0486322188449848,0.0486322188449848,NA
"1095_1","ASC 1",1,0.029673590504451,0.029673590504451,NA
"1095_1","ASC 2",2,0.0356083086053412,0.0356083086053412,0
"1096_1","IgD+ve Memory",1,0,0,NA
"1097_1","IgD+ve Memory",1,0.0508982035928144,0.0508982035928144,NA
"1098_1","ASC 2",1,0.0576368876080692,0.0576368876080692,NA
"1099_1","NAIVE 2",1,0,0,NA
"109_1","ASC 1",1,0.0425531914893617,0.0425531914893617,NA
"109_1","Cell-Cycling",1,0.0425531914893617,0.0425531914893617,NA
"10_1","Cell-Cycling",1,0.00282485875706215,0.00282485875706215,NA
"1100_1","IgD+ve Memory",1,0.0414201183431953,0.0414201183431953,NA
"1101_1","IgD+ve Memory",1,0.0670553935860058,0.0670553935860058,NA
"1102_1","NAIVE 2",1,0.0028169014084507,0.0028169014084507,NA
"1103_1","NAIVE 2",1,0,0,NA
"1104_1","Cell-Cycling",1,0.00290697674418605,0.00290697674418605,NA
"1105_1","NAIVE 1",1,0.0489913544668588,0.0489913544668588,NA
"1106_1","NAIVE 1",1,0.00573065902578797,0.00573065902578797,NA
"1107_1","IgD-ve Memory",1,0.0327380952380952,0.0327380952380952,NA
"1108_1","NAIVE 1",1,0.0701754385964912,0.0701754385964912,NA
"1108_2","Early-Activation",1,0.0818713450292398,0.0818713450292398,NA
"1109_1","ASC 2",1,0.0238805970149254,0.0238805970149254,NA
"110_1","ASC 2",1,0.00595238095238095,0.00595238095238095,NA
"1110_1","HSP+",1,0.0372492836676218,0.0372492836676218,NA
"1111_1","Cell-Cycling",1,0.0410557184750733,0.0410557184750733,NA
"1112_1","NAIVE 1",1,0.0634441087613293,0.0634441087613293,NA
"1113_1","ASC 2",3,0.0291545189504373,0.0291545189504373,0
"1114_1","IgD-ve Memory",1,0.0650887573964497,0.0650887573964497,NA
"1114_2","Early-Activation",1,0.0787172011661808,0.0787172011661808,NA
"1115_1","NAIVE 1",1,0.00289017341040462,0.00289017341040462,NA
"1116_1","IgD-ve Memory",1,0.0263157894736842,0.0263157894736842,NA
"1117_1","ASC 2",1,0.0523255813953488,0.0523255813953488,NA
"1118_1","ASC 1",4,0.043731778425656,0.043731778425656,0
"1119_1","IgD-ve Memory",1,0.0345821325648415,0.0345821325648415,NA
"111_1","ASC 2",3,0.0455927051671733,0.0486322188449848,0.00526459212027014
"1120_1","IgD+ve Memory",1,0,0,NA
"1121_1","ASC 2",1,0.0263157894736842,0.0263157894736842,NA
"1122_1","ASC 2",1,0.0398860398860399,0.0398860398860399,NA
"1123_1","NAIVE 1",1,0.0116279069767442,0.0116279069767442,NA
"1124_1","IgD+ve Memory",1,0.048048048048048,0.048048048048048,NA
"1125_1","ASC 2",1,0.0647058823529412,0.0647058823529412,NA
"1126_1","NAIVE 1",1,0.121301775147929,0.121301775147929,NA
"1126_2","ASC 2",1,0.13905325443787,0.13905325443787,NA
"1127_1","ASC 2",1,0.0173913043478261,0.0173913043478261,NA
"1128_1","NAIVE 1",1,0.0240963855421687,0.0240963855421687,NA
"1129_1","IgD+ve Memory",2,0.0305810397553517,0.0305810397553517,0.00432481211734891
"1129_2","NAIVE 1",1,0.055045871559633,0.055045871559633,NA
"112_1","ASC 2",1,0.0239520958083832,0.0239520958083832,NA
"1130_1","NAIVE 1",1,0.0204081632653061,0.0204081632653061,NA
"1131_1","ASC 2",1,0.0552325581395349,0.0552325581395349,NA
"1132_1","ASC 2",1,0.0176470588235294,0.0176470588235294,NA
"1133_1","IgD-ve Memory",1,0.0236686390532544,0.0236686390532544,NA
"1134_1","ASC 3",1,0.00291545189504373,0.00291545189504373,NA
"1135_1","IgD+ve Memory",1,0.045045045045045,0.045045045045045,NA
"1136_1","IgD-ve Memory",1,0.0504451038575668,0.0504451038575668,NA
"1137_1","IgD-ve Memory",1,0.017910447761194,0.017910447761194,NA
"1138_1","Early-Activation",1,0.0680473372781065,0.0680473372781065,NA
"1139_1","IgD+ve Memory",1,0.0589970501474926,0.0589970501474926,NA
"113_1","IgD+ve Memory",1,0.0353982300884956,0.0353982300884956,NA
"1140_1","IgD-ve Memory",1,0.0540540540540541,0.0540540540540541,NA
"1141_1","NAIVE 1",1,0.0087719298245614,0.0087719298245614,NA
"1142_1","IgD-ve Memory",1,0.0207100591715976,0.0207100591715976,NA
"1143_1","ASC 3",1,0.0741839762611276,0.0741839762611276,NA
"1144_1","IgD-ve Memory",1,0.0557184750733138,0.0557184750733138,NA
"1145_1","ASC 3",1,0.0733137829912024,0.0733137829912024,NA
"1146_1","NAIVE 1",1,0.190615835777126,0.190615835777126,NA
"1147_1","NAIVE 1",1,0.0917159763313609,0.0917159763313609,NA
"1148_1","Cell-Cycling",1,0.00588235294117647,0.00588235294117647,NA
"1149_1","NAIVE 1",1,0.163265306122449,0.163265306122449,NA
"114_1","Cell-Cycling",1,0.0176991150442478,0.0176991150442478,NA
"1150_1","NAIVE 1",1,0.0087719298245614,0.0087719298245614,NA
"1151_1","ASC 2",1,0.0993975903614458,0.0993975903614458,NA
"1152_1","IgD-ve Memory",1,0,0,NA
"1153_1","ASC 2",1,0.00879765395894428,0.00879765395894428,NA
"1154_1","IgD-ve Memory",1,0,0,NA
"1155_1","NAIVE 1",1,0.121301775147929,0.121301775147929,NA
"1156_1","ASC 2",1,0.0917159763313609,0.0917159763313609,NA
"1157_1","IgD+ve Memory",1,0.12012012012012,0.12012012012012,NA
"1158_1","NAIVE 2",1,0,0,NA
"1159_1","NAIVE 1",1,0.0470588235294118,0.0470588235294118,NA
"115_1","ASC 2",1,0.110778443113772,0.110778443113772,NA
"1160_1","ASC 2",1,0.123893805309735,0.123893805309735,NA
"1161_1","ASC 2",1,0.0389221556886228,0.0389221556886228,NA
"1161_1","NAIVE 1",1,0.0419161676646707,0.0419161676646707,NA
"1162_1","IgD-ve Memory",1,0.0988372093023256,0.0988372093023256,NA
"1163_1","IgD-ve Memory",2,0.0583090379008746,0.0583090379008746,0
"1164_1","NAIVE 1",1,0.0207100591715976,0.0207100591715976,NA
"1165_1","ASC 2",3,0.0728862973760933,0.075801749271137,0.00504971080923871
"1166_1","NAIVE 2",1,0,0,NA
"1167_1","ASC 3",1,0,0,NA
"1168_1","NAIVE 2",1,0,0,NA
"1169_1","NAIVE 1",1,0,0,NA
"116_1","ASC 1",1,0.0417910447761194,0.0417910447761194,NA
"116_1","IgD+ve Memory",1,0.0477611940298507,0.0477611940298507,NA
"1170_1","ASC 2",2,0.00289017341040462,0.00289017341040462,0
"1171_1","NAIVE 2",1,0,0,NA
"1172_1","ASC 2",1,0.0174418604651163,0.0174418604651163,NA
"1173_1","IgD+ve Memory",1,0.0292397660818713,0.0292397660818713,NA
"1174_1","NAIVE 1",1,0.0614035087719298,0.0614035087719298,NA
"1175_1","ASC 2",2,0.0939882697947214,0.0939882697947214,0.00850187038963298
"1176_1","Early-Activation",1,0,0,NA
"1177_1","ASC 2",1,0.0695652173913043,0.0695652173913043,NA
"1178_1","IgD-ve Memory",1,0.00882352941176471,0.00882352941176471,NA
"1179_1","IgD-ve Memory",1,0.0382352941176471,0.0382352941176471,NA
"1179_2","ASC 2",1,0.00882352941176471,0.00882352941176471,NA
"1179_3","IgD+ve Memory",1,0.0382352941176471,0.0382352941176471,NA
"117_1","IgD+ve Memory",2,0.0297619047619048,0.0297619047619048,0
"1180_1","HSP+",1,0.0502958579881657,0.0502958579881657,NA
"1181_1","NAIVE 1",1,0.0148809523809524,0.0148809523809524,NA
"1182_1","IgD-ve Memory",1,0.0985074626865672,0.0985074626865672,NA
"1183_1","IgD+ve Memory",1,0.0504451038575668,0.0504451038575668,NA
"1184_1","ASC 2",1,0.023121387283237,0.023121387283237,NA
"1185_1","ASC 2",1,0.023121387283237,0.023121387283237,NA
"1186_1","NAIVE 2",1,0,0,NA
"1187_1","NAIVE 1",1,0.0289017341040462,0.0289017341040462,NA
"1188_1","NAIVE 1",1,0,0,NA
"1189_1","ASC 3",1,0.0117647058823529,0.0117647058823529,NA
"118_1","ASC 2",9,0.0706771860618014,0.0739644970414201,0.00652305550065235
"1190_1","ASC 2",2,0.0464788732394366,0.0464788732394366,0.013942950614946
"1191_1","ASC 2",1,0.0793201133144476,0.0793201133144476,NA
"1192_1","ASC 1",1,0.0342857142857143,0.0342857142857143,NA
"1193_1","NAIVE 1",1,0.0617647058823529,0.0617647058823529,NA
"1194_1","ASC 3",1,0.0116279069767442,0.0116279069767442,NA
"1195_1","ASC 2",1,0.075801749271137,0.075801749271137,NA
"1196_1","ASC 1",1,0.0263157894736842,0.0263157894736842,NA
"1197_1","ASC 2",1,0.00576368876080692,0.00576368876080692,NA
"1198_1","IgD+ve Memory",1,0.0351906158357771,0.0351906158357771,NA
"1199_1","IgD+ve Memory",1,0.00292397660818713,0.00292397660818713,NA
"119_1","ASC 2",1,0.00579710144927536,0.00579710144927536,NA
"11_1","ASC 2",1,0.0621468926553672,0.0621468926553672,NA
"1200_1","ASC 2",1,0.0408163265306122,0.0408163265306122,NA
"1201_1","Cell-Cycling",1,0.0207100591715976,0.0207100591715976,NA
"1202_1","NAIVE 2",1,0.00292397660818713,0.00292397660818713,NA
"1203_1","IgD-ve Memory",1,0.0626865671641791,0.0626865671641791,NA
"1204_1","NAIVE 2",1,0.00898203592814371,0.00898203592814371,NA
"1205_1","ASC 2",1,0.0471976401179941,0.0471976401179941,NA
"1205_1","IgD+ve Memory",1,0.0294985250737463,0.0294985250737463,NA
"1206_1","IgD+ve Memory",1,0.0327380952380952,0.0327380952380952,NA
"1207_1","IgD+ve Memory",1,0.0326409495548961,0.0326409495548961,NA
"1208_1","IgD-ve Memory",1,0.0321637426900585,0.0321637426900585,NA
"1209_1","NAIVE 2",1,0,0,NA
"120_1","ASC 2",1,0.0805970149253731,0.0805970149253731,NA
"1210_1","IgD-ve Memory",1,0.0237388724035608,0.0237388724035608,NA
"1211_1","IgD-ve Memory",1,0.0376811594202899,0.0376811594202899,NA
"1212_1","NAIVE 1",1,0.0210843373493976,0.0210843373493976,NA
"1213_1","ASC 2",2,0.0370919881305638,0.0370919881305638,0.00209823970678501
"1213_2","NAIVE 1",1,0.0385756676557863,0.0385756676557863,NA
"1214_1","IgD-ve Memory",1,0.0567164179104478,0.0567164179104478,NA
"1215_1","IgD-ve Memory",1,0.026865671641791,0.026865671641791,NA
"1216_1","ASC 1",1,0.0117302052785924,0.0117302052785924,NA
"1217_1","ASC 2",1,0.00598802395209581,0.00598802395209581,NA
"1218_1","IgD+ve Memory",1,0.0382352941176471,0.0382352941176471,NA
"1218_2","IgD+ve Memory",1,0.0266272189349112,0.0266272189349112,NA
"1219_1","IgD+ve Memory",1,0.0029585798816568,0.0029585798816568,NA
"121_1","ASC 2",1,0.0207100591715976,0.0207100591715976,NA
"1220_1","IgD+ve Memory",1,0.036036036036036,0.036036036036036,NA
"1221_1","IgD-ve Memory",1,0.0567164179104478,0.0567164179104478,NA
"1222_1","DN2",1,0.0380116959064327,0.0380116959064327,NA
"1222_1","HSP+",1,0.0350877192982456,0.0350877192982456,NA
"1222_1","IgD+ve Memory",18,0.0399610136452242,0.043859649122807,0.00665259016367861
"1222_1","NAIVE 2",1,0.043859649122807,0.043859649122807,NA
"1222_2","NAIVE 1",1,0.043859649122807,0.043859649122807,NA
"1222_3","IgD+ve Memory",1,0.0292397660818713,0.0292397660818713,NA
"1222_4","IgD+ve Memory",1,0.0175438596491228,0.0175438596491228,NA
"1222_5","IgD+ve Memory",1,0.0497076023391813,0.0497076023391813,NA
"1222_6","IgD+ve Memory",1,0.0204678362573099,0.0204678362573099,NA
"1223_1","ASC 2",1,0.00303030303030303,0.00303030303030303,NA
"1224_1","NAIVE 1",1,0.0887573964497041,0.0887573964497041,NA
"1225_1","ASC 2",1,0.0727272727272727,0.0727272727272727,NA
"1226_1","NAIVE 1",1,0.129909365558912,0.129909365558912,NA
"1227_1","IgD-ve Memory",1,0.0469208211143695,0.0469208211143695,NA
"1228_1","ASC 2",1,0.0680473372781065,0.0680473372781065,NA
"1229_1","ASC 3",2,0.0510204081632653,0.0510204081632653,0.00618460741562578
"122_1","ASC 2",1,0.0584795321637427,0.0584795321637427,NA
"1230_1","IgD-ve Memory",1,0.00597014925373134,0.00597014925373134,NA
"1231_1","NAIVE 2",1,0,0,NA
"1232_1","Cell-Cycling",1,0.00578034682080925,0.00578034682080925,NA
"1233_1","IgD-ve Memory",1,0.0260869565217391,0.0260869565217391,NA
"1234_1","ASC 3",1,0.00869565217391304,0.00869565217391304,NA
"1235_1","ASC 3",1,0.0235294117647059,0.0235294117647059,NA
"1236_1","ASC 2",1,0.128358208955224,0.128358208955224,NA
"1237_1","ASC 3",1,0.149253731343284,0.149253731343284,NA
"1238_1","ASC 2",2,0.0532544378698225,0.0532544378698225,0
"1239_1","ASC 2",1,0.0502958579881657,0.0502958579881657,NA
"123_1","ASC 2",1,0.0142857142857143,0.0142857142857143,NA
"1240_1","ASC 2",2,0.0398860398860399,0.0398860398860399,0
"1241_1","NAIVE 2",1,0,0,NA
"1242_1","Cell-Cycling",1,0.00882352941176471,0.00882352941176471,NA
"1243_1","ASC 2",1,0.0150602409638554,0.0150602409638554,NA
"1244_1","ASC 2",1,0.00854700854700855,0.00854700854700855,NA
"1244_1","Cell-Cycling",1,0.00854700854700855,0.00854700854700855,NA
"1245_1","Cell-Cycling",1,0.0230547550432277,0.0230547550432277,NA
"1246_1","ASC 2",2,0.0964391691394659,0.0964391691394659,0.00629471912035502
"1247_1","ASC 2",2,0.0256410256410256,0.0256410256410256,0
"1248_1","IgD-ve Memory",1,0.0512820512820513,0.0512820512820513,NA
"1249_1","ASC 2",1,0.0056657223796034,0.0056657223796034,NA
"124_1","NAIVE 2",1,0,0,NA
"1250_1","NAIVE 2",1,0,0,NA
"1251_1","NAIVE 1",1,0.00854700854700855,0.00854700854700855,NA
"1252_1","IgD+ve Memory",1,0.0291545189504373,0.0291545189504373,NA
"1252_1","IgD-ve Memory",1,0.032069970845481,0.032069970845481,NA
"1252_1","NAIVE 1",2,0.032069970845481,0.032069970845481,0.00824614322083437
"1252_2","ASC 2",1,0.0379008746355685,0.0379008746355685,NA
"1252_2","IgD+ve Memory",1,0.032069970845481,0.032069970845481,NA
"1252_2","NAIVE 1",1,0.0379008746355685,0.0379008746355685,NA
"1252_3","IgD+ve Memory",1,0.0291545189504373,0.0291545189504373,NA
"1252_4","DN2",1,0.0262390670553936,0.0262390670553936,NA
"1253_1","ASC 2",1,0.00294117647058824,0.00294117647058824,NA
"1254_1","ASC 2",4,0.0362858189142177,0.0362537764350453,0.00498597651651751
"1254_2","ASC 2",1,0.027190332326284,0.027190332326284,NA
"1255_1","ASC 2",1,0,0,NA
"1256_1","Cell-Cycling",1,0,0,NA
"1257_1","IgD-ve Memory",1,0.0692771084337349,0.0692771084337349,NA
"1258_1","IgD+ve Memory",1,0,0,NA
"1259_1","IgD-ve Memory",1,0.0483383685800604,0.0483383685800604,NA
"125_1","IgD-ve Memory",1,0.00882352941176471,0.00882352941176471,NA
"1260_1","IgD-ve Memory",1,0.027027027027027,0.027027027027027,NA
"1261_1","ASC 2",1,0.0235294117647059,0.0235294117647059,NA
"1262_1","IgD-ve Memory",1,0.0205882352941176,0.0205882352941176,NA
"1262_1","NAIVE 1",1,0.0205882352941176,0.0205882352941176,NA
"1263_1","ASC 2",1,0.0495626822157434,0.0495626822157434,NA
"1264_1","NAIVE 2",1,0,0,NA
"1265_1","IgD-ve Memory",1,0.0840840840840841,0.0840840840840841,NA
"1265_2","Early-Activation",1,0.0840840840840841,0.0840840840840841,NA
"1266_1","ASC 2",1,0.0725075528700906,0.0725075528700906,NA
"1267_1","IgD+ve Memory",1,0.0941176470588235,0.0941176470588235,NA
"1268_1","IgD+ve Memory",1,0.0900900900900901,0.0900900900900901,NA
"1269_1","ASC 2",1,0.00597014925373134,0.00597014925373134,NA
"126_1","ASC 2",1,0.0214723926380368,0.0214723926380368,NA
"1270_1","IgD+ve Memory",1,0.0771513353115727,0.0771513353115727,NA
"1271_1","IgD+ve Memory",1,0.103550295857988,0.103550295857988,NA
"1271_1","IgD-ve Memory",1,0.0739644970414201,0.0739644970414201,NA
"1272_1","IgD-ve Memory",1,0.00884955752212389,0.00884955752212389,NA
"1273_1","IgD-ve Memory",1,0.042042042042042,0.042042042042042,NA
"1274_1","IgD+ve Memory",1,0.0177514792899408,0.0177514792899408,NA
"1275_1","ASC 2",1,0.0548780487804878,0.0548780487804878,NA
"1276_1","IgD+ve Memory",1,0.0588235294117647,0.0588235294117647,NA
"1277_1","IgD+ve Memory",1,0.0121951219512195,0.0121951219512195,NA
"1278_1","ASC 3",1,0.0507462686567164,0.0507462686567164,NA
"1278_2","IgD+ve Memory",1,0.062874251497006,0.062874251497006,NA
"1279_1","IgD-ve Memory",1,0.029673590504451,0.029673590504451,NA
"127_1","NAIVE 2",1,0,0,NA
"1280_1","NAIVE 1",1,0.0177514792899408,0.0177514792899408,NA
"1281_1","ASC 2",1,0,0,NA
"1282_1","ASC 2",2,0.0209580838323353,0.0209580838323353,0.0127025170273032
"1283_1","ASC 2",2,0.0825825825825826,0.0825825825825826,0.00212344378734699
"1284_1","ASC 2",2,0.075801749271137,0.075801749271137,0
"1285_1","ASC 2",1,0.104477611940299,0.104477611940299,NA
"1286_1","ASC 2",3,0.0365853658536585,0.0365853658536585,0.00914634146341463
"1287_1","IgD+ve Memory",2,0.029940119760479,0.029940119760479,0
"1288_1","IgD+ve Memory",1,0.0678466076696165,0.0678466076696165,NA
"1289_1","IgD-ve Memory",1,0.0416666666666667,0.0416666666666667,NA
"128_1","HSP+",1,0.047887323943662,0.047887323943662,NA
"1290_1","IgD+ve Memory",1,0.0117994100294985,0.0117994100294985,NA
"1291_1","HSP+",1,0.00593471810089021,0.00593471810089021,NA
"1291_1","IgD-ve Memory",1,0,0,NA
"1292_1","ASC 2",2,0.0979228486646884,0.0979228486646884,0
"1293_1","ASC 2",1,0,0,NA
"1294_1","NAIVE 1",1,0.0375722543352601,0.0375722543352601,NA
"1295_1","ASC 1",2,0.06158357771261,0.06158357771261,0.0082945076972029
"1296_1","IgD+ve Memory",1,0.0237388724035608,0.0237388724035608,NA
"1297_1","ASC 2",2,0.0291545189504373,0.0291545189504373,0
"1298_1","NAIVE 2",1,0,0,NA
"1299_1","IgD-ve Memory",1,0.0341880341880342,0.0341880341880342,NA
"129_1","NAIVE 1",1,0.117302052785924,0.117302052785924,NA
"12_1","IgD+ve Memory",1,0.0459770114942529,0.0459770114942529,NA
"12_1","IgD-ve Memory",1,0.014367816091954,0.014367816091954,NA
"1300_1","IgD+ve Memory",1,0.0344827586206897,0.0344827586206897,NA
"1301_1","IgD+ve Memory",1,0.0994152046783626,0.0994152046783626,NA
"1302_1","IgD+ve Memory",1,0.0202312138728324,0.0202312138728324,NA
"1303_1","ASC 2",1,0.0380116959064327,0.0380116959064327,NA
"1304_1","ASC 2",1,0.0806916426512968,0.0806916426512968,NA
"1305_1","Cell-Cycling",1,0.00282485875706215,0.00282485875706215,NA
"1305_1","NAIVE 1",1,0,0,NA
"1306_1","ASC 2",1,0.0261627906976744,0.0261627906976744,NA
"1307_1","IgD+ve Memory",1,0.0402298850574713,0.0402298850574713,NA
"1308_1","ASC 2",1,0.115942028985507,0.115942028985507,NA
"1309_1","NAIVE 1",1,0,0,NA
"130_1","ASC 2",1,0.0621301775147929,0.0621301775147929,NA
"1310_1","ASC 3",1,0.0498533724340176,0.0498533724340176,NA
"1311_1","NAIVE 2",1,0,0,NA
"1312_1","ASC 2",1,0.0237388724035608,0.0237388724035608,NA
"1313_1","ASC 2",1,0.00879765395894428,0.00879765395894428,NA
"1314_1","IgD-ve Memory",1,0.00578034682080925,0.00578034682080925,NA
"1315_1","ASC 3",1,0.0457142857142857,0.0457142857142857,NA
"1316_1","ASC 3",2,0.0100864553314121,0.0100864553314121,0.00203777170370763
"1317_1","ASC 3",1,0.0402298850574713,0.0402298850574713,NA
"1318_1","ASC 3",1,0.0318840579710145,0.0318840579710145,NA
"1319_1","ASC 2",2,0.075801749271137,0.075801749271137,0.0123692148312516
"1319_1","ASC 3",1,0.0699708454810496,0.0699708454810496,NA
"131_1","ASC 2",1,0.0454545454545455,0.0454545454545455,NA
"1320_1","IgD+ve Memory",1,0.00574712643678161,0.00574712643678161,NA
"1321_1","NAIVE 1",1,0.0446428571428571,0.0446428571428571,NA
"1322_1","IgD+ve Memory",1,0.0172910662824208,0.0172910662824208,NA
"1323_1","ASC 3",1,0.0492753623188406,0.0492753623188406,NA
"1324_1","ASC 2",1,0.0237388724035608,0.0237388724035608,NA
"1325_1","Early-Activation",1,0.0838323353293413,0.0838323353293413,NA
"1326_1","ASC 3",2,0.0779411764705882,0.0779411764705882,0.00207972582701925
"1327_1","ASC 2",3,0.0301263362487852,0.032069970845481,0.00336647387282581
"1328_1","NAIVE 1",1,0,0,NA
"1329_1","ASC 2",1,0.0843373493975904,0.0843373493975904,NA
"132_1","IgD-ve Memory",1,0.0561797752808989,0.0561797752808989,NA
"1330_1","NAIVE 1",1,0.0205882352941176,0.0205882352941176,NA
"1331_1","ASC 3",1,0.0976331360946746,0.0976331360946746,NA
"1332_1","NAIVE 1",1,0.0348837209302326,0.0348837209302326,NA
"1333_1","NAIVE 1",1,0.0144927536231884,0.0144927536231884,NA
"1334_1","NAIVE 2",1,0.0176470588235294,0.0176470588235294,NA
"1335_1","IgD+ve Memory",2,0.0703592814371257,0.0703592814371257,0.0359904649106925
"1336_1","ASC 2",2,0.0220588235294118,0.0220588235294118,0.00623917748105777
"1337_1","ASC 2",1,0.0261627906976744,0.0261627906976744,NA
"1338_1","ASC 2",1,0.0718562874251497,0.0718562874251497,NA
"1339_1","IgD+ve Memory",1,0,0,NA
"133_1","ASC 2",5,0.0450704225352113,0.0450704225352113,0
"1340_1","NAIVE 1",1,0,0,NA
"1341_1","NAIVE 2",1,0,0,NA
"1342_1","IgD-ve Memory",1,0.046242774566474,0.046242774566474,NA
"1343_1","ASC 2",1,0.0441176470588235,0.0441176470588235,NA
"1344_1","NAIVE 2",1,0,0,NA
"1345_1","ASC 3",1,0.00869565217391304,0.00869565217391304,NA
"1346_1","ASC 2",1,0.063953488372093,0.063953488372093,NA
"1346_1","ASC 3",2,0.0625,0.0625,0.00205554296856555
"1347_1","IgD-ve Memory",1,0.0943952802359882,0.0943952802359882,NA
"1348_1","ASC 3",1,0.0830860534124629,0.0830860534124629,NA
"1349_1","ASC 3",1,0.0174927113702624,0.0174927113702624,NA
"134_1","ASC 2",1,0.0625,0.0625,NA
"1350_1","IgD+ve Memory",1,0,0,NA
"1351_1","ASC 3",1,0.00867052023121387,0.00867052023121387,NA
"1352_1","NAIVE 2",1,0,0,NA
"1353_1","IgD+ve Memory",1,0.0116959064327485,0.0116959064327485,NA
"1354_1","ASC 1",1,0.00872093023255814,0.00872093023255814,NA
"1354_1","ASC 3",2,0.00872093023255814,0.00872093023255814,0
"1355_1","IgD+ve Memory",1,0.0114613180515759,0.0114613180515759,NA
"1356_1","NAIVE 1",1,0.0535211267605634,0.0535211267605634,NA
"1357_1","ASC 2",1,0.0344827586206897,0.0344827586206897,NA
"1358_1","ASC 3",1,0.0318840579710145,0.0318840579710145,NA
"1359_1","IgD+ve Memory",1,0.042042042042042,0.042042042042042,NA
"135_1","ASC 2",1,0.0549132947976879,0.0549132947976879,NA
"1360_1","ASC 2",3,0.0315186246418338,0.0315186246418338,0
"1360_1","IgD-ve Memory",1,0.0515759312320917,0.0515759312320917,NA
"1361_1","IgD+ve Memory",1,0.104166666666667,0.104166666666667,NA
"1362_1","ASC 2",2,0.0376811594202899,0.0376811594202899,0
"1363_1","ASC 3",1,0.0293255131964809,0.0293255131964809,NA
"1364_1","IgD+ve Memory",1,0.0263929618768328,0.0263929618768328,NA
"1365_1","NAIVE 1",1,0.0680473372781065,0.0680473372781065,NA
"1366_1","IgD-ve Memory",1,0.0402298850574713,0.0402298850574713,NA
"1367_1","NAIVE 2",1,0,0,NA
"1368_1","ASC 3",1,0.0532212885154062,0.0532212885154062,NA
"1369_1","ASC 2",1,0.0991253644314869,0.0991253644314869,NA
"136_1","ASC 3",1,0.0769230769230769,0.0769230769230769,NA
"1370_1","Early-Activation",1,0.0338983050847458,0.0338983050847458,NA
"1371_1","Cell-Cycling",1,0.00583090379008746,0.00583090379008746,NA
"1372_1","Cell-Cycling",1,0.0450704225352113,0.0450704225352113,NA
"1373_1","NAIVE 2",1,0,0,NA
"1374_1","ASC 2",1,0.0373563218390805,0.0373563218390805,NA
"1375_1","ASC 3",1,0.0530973451327434,0.0530973451327434,NA
"1376_1","ASC 2",1,0.047752808988764,0.047752808988764,NA
"1377_1","ASC 3",1,0.0115942028985507,0.0115942028985507,NA
"1378_1","ASC 3",1,0.0198863636363636,0.0198863636363636,NA
"1379_1","NAIVE 2",1,0,0,NA
"137_1","ASC 1",1,0.0535211267605634,0.0535211267605634,NA
"1380_1","ASC 1",1,0.0255681818181818,0.0255681818181818,NA
"1381_1","ASC 2",1,0.0596590909090909,0.0596590909090909,NA
"1382_1","Cell-Cycling",1,0.0415512465373961,0.0415512465373961,NA
"1383_1","IgD-ve Memory",1,0.0367231638418079,0.0367231638418079,NA
"1384_1","ASC 2",1,0.0258620689655172,0.0258620689655172,NA
"1385_1","NAIVE 2",1,0,0,NA
"1386_1","ASC 2",5,0.0372492836676218,0.0487106017191977,0.0258674356522461
"1386_1","ASC 3",1,0.0343839541547278,0.0343839541547278,NA
"1386_1","IgD+ve Memory",11,0.0296952331336286,0.0200573065902579,0.0243897523829479
"1386_2","IgD+ve Memory",1,0.0114613180515759,0.0114613180515759,NA
"1386_3","NAIVE 1",1,0.00859598853868195,0.00859598853868195,NA
"1387_1","NAIVE 2",1,0.00563380281690141,0.00563380281690141,NA
"1388_1","ASC 2",1,0.0294117647058824,0.0294117647058824,NA
"1389_1","ASC 2",1,0.00288184438040346,0.00288184438040346,NA
"138_1","Cell-Cycling",1,0.00842696629213483,0.00842696629213483,NA
"1390_1","ASC 2",1,0.0291545189504373,0.0291545189504373,NA
"1391_1","IgD-ve Memory",1,0.0087463556851312,0.0087463556851312,NA
"1392_1","HSP+",1,0.00288184438040346,0.00288184438040346,NA
"1393_1","ASC 2",1,0.0261627906976744,0.0261627906976744,NA
"1394_1","NAIVE 1",1,0,0,NA
"1395_1","IgD+ve Memory",1,0.0347826086956522,0.0347826086956522,NA
"1396_1","IgD-ve Memory",1,0.0357142857142857,0.0357142857142857,NA
"1397_1","NAIVE 2",1,0,0,NA
"1398_1","ASC 2",1,0.0028169014084507,0.0028169014084507,NA
"1399_1","NAIVE 1",1,0.0347826086956522,0.0347826086956522,NA
"139_1","IgD+ve Memory",1,0.0744985673352436,0.0744985673352436,NA
"13_1","ASC 2",1,0.0901162790697674,0.0901162790697674,NA
"1400_1","NAIVE 1",1,0.0114613180515759,0.0114613180515759,NA
"1401_1","IgD-ve Memory",1,0,0,NA
"1402_1","ASC 2",1,0.0498533724340176,0.0498533724340176,NA
"1402_1","NAIVE 1",1,0.0263929618768328,0.0263929618768328,NA
"1403_1","ASC 2",1,0.0146198830409357,0.0146198830409357,NA
"1404_1","NAIVE 1",1,0,0,NA
"1405_1","ASC 2",3,0.0679309722876775,0.0737463126843658,0.021377222452935
"1406_1","ASC 2",1,0.0497076023391813,0.0497076023391813,NA
"1407_1","IgD-ve Memory",1,0.029585798816568,0.029585798816568,NA
"1408_1","ASC 2",1,0,0,NA
"1409_1","ASC 2",1,0.0794117647058823,0.0794117647058823,NA
"140_1","ASC 1",1,0.0349854227405248,0.0349854227405248,NA
"140_1","ASC 2",1,0.0349854227405248,0.0349854227405248,NA
"1410_1","NAIVE 1",1,0.0820668693009119,0.0820668693009119,NA
"1411_1","IgD+ve Memory",1,0.0564971751412429,0.0564971751412429,NA
"1412_1","IgD-ve Memory",1,0.0731707317073171,0.0731707317073171,NA
"1413_1","NAIVE 2",1,0.00898203592814371,0.00898203592814371,NA
"1414_1","IgD-ve Memory",1,0,0,NA
"1415_1","IgD+ve Memory",1,0.0501474926253687,0.0501474926253687,NA
"1416_1","IgD-ve Memory",1,0.0267857142857143,0.0267857142857143,NA
"1417_1","ASC 2",1,0.0238805970149254,0.0238805970149254,NA
"1418_1","ASC 2",1,0.0324483775811209,0.0324483775811209,NA
"1419_1","IgD-ve Memory",1,0.0148367952522255,0.0148367952522255,NA
"141_1","NAIVE 1",1,0.04,0.04,NA
"1420_1","ASC 2",4,0.0465465465465465,0.048048048048048,0.003003003003003
"1421_1","IgD-ve Memory",1,0.0238805970149254,0.0238805970149254,NA
"1422_1","IgD+ve Memory",6,0.0480859010270775,0.0476190476190476,0.00857283206807696
"1423_1","ASC 2",1,0.0207715133531157,0.0207715133531157,NA
"1424_1","IgD-ve Memory",1,0.0146198830409357,0.0146198830409357,NA
"1425_1","NAIVE 1",1,0.0175953079178886,0.0175953079178886,NA
"1426_1","ASC 2",5,0.014792899408284,0.014792899408284,0
"1427_1","NAIVE 1",1,0.0149700598802395,0.0149700598802395,NA
"1428_1","ASC 2",2,0,0,0
"1429_1","IgD+ve Memory",1,0.0445103857566766,0.0445103857566766,NA
"142_1","ASC 2",1,0.0267062314540059,0.0267062314540059,NA
"1430_1","IgD+ve Memory",3,0.0546049514333096,0.0505952380952381,0.0152201871640539
"1430_1","IgD-ve Memory",1,0.0416666666666667,0.0416666666666667,NA
"1430_2","IgD+ve Memory",1,0.0416666666666667,0.0416666666666667,NA
"1431_1","ASC 2",1,0.00303951367781155,0.00303951367781155,NA
"1432_1","IgD-ve Memory",1,0.0175953079178886,0.0175953079178886,NA
"1433_1","NAIVE 2",1,0.0028328611898017,0.0028328611898017,NA
"1434_1","IgD-ve Memory",1,0.0087719298245614,0.0087719298245614,NA
"1435_1","Early-Activation",1,0.0596590909090909,0.0596590909090909,NA
"1436_1","NAIVE 1",1,0.0118694362017804,0.0118694362017804,NA
"1437_1","IgD-ve Memory",1,0.0789473684210526,0.0789473684210526,NA
"1438_1","IgD-ve Memory",1,0.0293255131964809,0.0293255131964809,NA
"1439_1","IgD+ve Memory",1,0.0411764705882353,0.0411764705882353,NA
"143_1","Cell-Cycling",1,0.0117647058823529,0.0117647058823529,NA
"1440_1","NAIVE 1",1,0.0498533724340176,0.0498533724340176,NA
"1441_1","IgD-ve Memory",1,0.0323529411764706,0.0323529411764706,NA
"1442_1","IgD-ve Memory",1,0,0,NA
"1443_1","IgD-ve Memory",1,0.0534124629080119,0.0534124629080119,NA
"1444_1","ASC 3",1,0.00833333333333333,0.00833333333333333,NA
"1445_1","NAIVE 1",1,0.00869565217391304,0.00869565217391304,NA
"1446_1","IgD+ve Memory",12,0.0590379008746356,0.0728862973760933,0.0224844051874172
"1446_1","IgD-ve Memory",1,0.0728862973760933,0.0728862973760933,NA
"1446_1","NAIVE 2",1,0.0728862973760933,0.0728862973760933,NA
"1447_1","IgD+ve Memory",1,0.0647058823529412,0.0647058823529412,NA
"1447_2","IgD-ve Memory",1,0.0647058823529412,0.0647058823529412,NA
"1448_1","IgD+ve Memory",1,0.0532544378698225,0.0532544378698225,NA
"1449_1","DN2",1,0.0326409495548961,0.0326409495548961,NA
"144_1","NAIVE 1",1,0.0234604105571848,0.0234604105571848,NA
"1450_1","NAIVE 2",1,0,0,NA
"1451_1","NAIVE 2",1,0,0,NA
"1452_1","ASC 2",1,0.0174927113702624,0.0174927113702624,NA
"1453_1","IgD+ve Memory",1,0.0527859237536657,0.0527859237536657,NA
"1454_1","ASC 2",1,0,0,NA
"1455_1","ASC 3",1,0.0175953079178886,0.0175953079178886,NA
"1456_1","ASC 2",1,0,0,NA
"1457_1","ASC 2",1,0,0,NA
"1458_1","NAIVE 1",1,0,0,NA
"1459_1","NAIVE 1",1,0,0,NA
"145_1","ASC 2",1,0.0606060606060606,0.0606060606060606,NA
"1460_1","IgD-ve Memory",1,0.0263929618768328,0.0263929618768328,NA
"1461_1","NAIVE 1",1,0.00284090909090909,0.00284090909090909,NA
"1462_1","Cell-Cycling",1,0.0175953079178886,0.0175953079178886,NA
"1463_1","ASC 2",1,0.0446428571428571,0.0446428571428571,NA
"1464_1","Cell-Cycling",1,0.0144092219020173,0.0144092219020173,NA
"1465_1","NAIVE 1",1,0,0,NA
"1466_1","ASC 2",1,0.0112359550561798,0.0112359550561798,NA
"1467_1","ASC 2",1,0.176638176638177,0.176638176638177,NA
"1468_1","IgD+ve Memory",1,0.0289855072463768,0.0289855072463768,NA
"1469_1","ASC 2",1,0.00571428571428571,0.00571428571428571,NA
"146_1","IgD-ve Memory",1,0.0352941176470588,0.0352941176470588,NA
"1470_1","IgD+ve Memory",1,0,0,NA
"1471_1","ASC 2",1,0.0257879656160458,0.0257879656160458,NA
"1472_1","IgD-ve Memory",1,0.00290697674418605,0.00290697674418605,NA
"1473_1","ASC 2",3,0.0132200188857413,0.0113314447592068,0.00327110634101771
"1474_1","NAIVE 2",1,0,0,NA
"1475_1","NAIVE 1",1,0.0028328611898017,0.0028328611898017,NA
"1476_1","ASC 2",1,0.0111731843575419,0.0111731843575419,NA
"1477_1","NAIVE 2",1,0,0,NA
"1478_1","IgD+ve Memory",1,0.0225352112676056,0.0225352112676056,NA
"1479_1","IgD-ve Memory",2,0.00282485875706215,0.00282485875706215,0.00399495356602569
"147_1","NAIVE 1",1,0.0674486803519062,0.0674486803519062,NA
"1480_1","IgD+ve Memory",1,0.0515759312320917,0.0515759312320917,NA
"1481_1","NAIVE 1",1,0.0342857142857143,0.0342857142857143,NA
"1482_1","DN2",1,0,0,NA
"1483_1","NAIVE 1",1,0.00578034682080925,0.00578034682080925,NA
"1484_1","NAIVE 1",1,0.0116959064327485,0.0116959064327485,NA
"1485_1","ASC 2",1,0.0231884057971014,0.0231884057971014,NA
"1486_1","ASC 2",1,0.0305555555555556,0.0305555555555556,NA
"1487_1","ASC 2",2,0.0803324099722992,0.0803324099722992,0
"1488_1","NAIVE 1",1,0,0,NA
"1489_1","ASC 2",1,0.0847457627118644,0.0847457627118644,NA
"148_1","Early-Activation",1,0.0411764705882353,0.0411764705882353,NA
"1490_1","ASC 2",4,0.0144927536231884,0.0144927536231884,0
"1491_1","ASC 2",1,0.0371428571428571,0.0371428571428571,NA
"1492_1","IgD-ve Memory",1,0.031700288184438,0.031700288184438,NA
"1493_1","IgD-ve Memory",1,0.028169014084507,0.028169014084507,NA
"1494_1","ASC 2",3,0.0234604105571848,0.0234604105571848,0
"1495_1","ASC 2",1,0.0174927113702624,0.0174927113702624,NA
"1496_1","ASC 2",3,0.0118343195266272,0.0118343195266272,0.0029585798816568
"1497_1","Early-Activation",1,0,0,NA
"1498_1","ASC 2",3,0.0336300692383778,0.0326409495548961,0.0104210225052945
"1499_1","IgD+ve Memory",1,0.023598820058997,0.023598820058997,NA
"149_1","ASC 2",1,0.0148809523809524,0.0148809523809524,NA
"14_1","IgD-ve Memory",1,0.00882352941176471,0.00882352941176471,NA
"1500_1","ASC 3",4,0.0845375722543353,0.0953757225433526,0.0236423722385511
"1500_1","IgD+ve Memory",2,0.0274566473988439,0.0274566473988439,0.00613098365190648
"1501_1","ASC 2",1,0.0497076023391813,0.0497076023391813,NA
"1502_1","ASC 2",1,0.102941176470588,0.102941176470588,NA
"1503_1","IgD-ve Memory",1,0.0411764705882353,0.0411764705882353,NA
"1504_1","NAIVE 1",1,0.00294117647058824,0.00294117647058824,NA
"1505_1","NAIVE 1",1,0.0293255131964809,0.0293255131964809,NA
"1505_2","IgD+ve Memory",1,0.0263929618768328,0.0263929618768328,NA
"1505_3","NAIVE 2",1,0.0263929618768328,0.0263929618768328,NA
"1505_4","Early-Activation",1,0.0263929618768328,0.0263929618768328,NA
"1506_1","ASC 2",1,0.104651162790698,0.104651162790698,NA
"1507_1","DN2",1,0,0,NA
"1508_1","ASC 2",2,0.0445103857566766,0.0445103857566766,0.00419647941357002
"1509_1","IgD+ve Memory",1,0.0269461077844311,0.0269461077844311,NA
"150_1","IgD+ve Memory",1,0.0293255131964809,0.0293255131964809,NA
"1510_1","ASC 2",1,0.0121580547112462,0.0121580547112462,NA
"1511_1","Cell-Cycling",1,0.0144508670520231,0.0144508670520231,NA
"1512_1","ASC 2",1,0.0147058823529412,0.0147058823529412,NA
"1513_1","ASC 2",1,0.0116618075801749,0.0116618075801749,NA
"1514_1","HSP+",1,0.015015015015015,0.015015015015015,NA
"1515_1","IgD+ve Memory",1,0.024024024024024,0.024024024024024,NA
"1516_1","NAIVE 1",1,0.0680473372781065,0.0680473372781065,NA
"1517_1","ASC 2",2,0.0103550295857988,0.0103550295857988,0.00627609569100486
"1518_1","ASC 1",1,0.0267062314540059,0.0267062314540059,NA
"1518_1","DN2",1,0.0237388724035608,0.0237388724035608,NA
"1518_1","NAIVE 1",1,0.0207715133531157,0.0207715133531157,NA
"1519_1","ASC 2",1,0.0383480825958702,0.0383480825958702,NA
"151_1","NAIVE 1",1,0.045045045045045,0.045045045045045,NA
"1520_1","ASC 2",1,0.0180722891566265,0.0180722891566265,NA
"1521_1","ASC 2",1,0.0294985250737463,0.0294985250737463,NA
"1522_1","ASC 3",1,0.00852272727272727,0.00852272727272727,NA
"1523_1","HSP+",1,0,0,NA
"1524_1","ASC 2",1,0.027190332326284,0.027190332326284,NA
"1525_1","NAIVE 1",1,0.0087463556851312,0.0087463556851312,NA
"1526_1","ASC 2",1,0.0718562874251497,0.0718562874251497,NA
"1527_1","IgD-ve Memory",1,0.0202898550724638,0.0202898550724638,NA
"1528_1","ASC 2",1,0.0087719298245614,0.0087719298245614,NA
"1529_1","IgD-ve Memory",1,0.0148809523809524,0.0148809523809524,NA
"1529_2","Early-Activation",1,0.0148809523809524,0.0148809523809524,NA
"1529_3","NAIVE 2",1,0.0178571428571429,0.0178571428571429,NA
"1529_4","IgD+ve Memory",1,0.0148809523809524,0.0148809523809524,NA
"1529_5","NAIVE 2",1,0.0148809523809524,0.0148809523809524,NA
"152_1","NAIVE 1",1,0.0656716417910448,0.0656716417910448,NA
"152_2","IgD-ve Memory",1,0.0298507462686567,0.0298507462686567,NA
"1530_1","ASC 2",1,0.0710059171597633,0.0710059171597633,NA
"1531_1","ASC 2",1,0.00289017341040462,0.00289017341040462,NA
"1532_1","IgD-ve Memory",1,0.0463768115942029,0.0463768115942029,NA
"1533_1","ASC 3",1,0.0542857142857143,0.0542857142857143,NA
"1534_1","NAIVE 2",1,0,0,NA
"1535_1","IgD-ve Memory",1,0.0207715133531157,0.0207715133531157,NA
"1536_1","ASC 2",7,0.0977443609022556,0.10233918128655,0.0109218965018315
"1537_1","ASC 2",2,0.0380116959064327,0.0380116959064327,0.00413512737535993
"1538_1","ASC 2",2,0.0677966101694915,0.0677966101694915,0
"1539_1","NAIVE 1",1,0.0347826086956522,0.0347826086956522,NA
"153_1","NAIVE 1",1,0.0118343195266272,0.0118343195266272,NA
"1540_1","ASC 2",3,0.0227920227920228,0.0256410256410256,0.00493461768538142
"1540_1","HSP+",2,0.047008547008547,0.047008547008547,0.0020145492341497
"1540_1","NAIVE 1",1,0.0484330484330484,0.0484330484330484,NA
"1541_1","IgD-ve Memory",1,0,0,NA
"1542_1","NAIVE 2",1,0,0,NA
"1543_1","NAIVE 2",1,0,0,NA
"1544_1","IgD+ve Memory",1,0.0371428571428571,0.0371428571428571,NA
"1545_1","ASC 2",1,0.0198863636363636,0.0198863636363636,NA
"1546_1","ASC 2",1,0.014792899408284,0.014792899408284,NA
"1547_1","IgD+ve Memory",1,0.0600600600600601,0.0600600600600601,NA
"1548_1","ASC 2",1,0.0325443786982249,0.0325443786982249,NA
"1549_1","ASC 1",1,0.0382352941176471,0.0382352941176471,NA
"154_1","NAIVE 2",1,0.00588235294117647,0.00588235294117647,NA
"1550_1","IgD+ve Memory",1,0.0405797101449275,0.0405797101449275,NA
"1551_1","IgD+ve Memory",1,0.0358208955223881,0.0358208955223881,NA
"1552_1","NAIVE 2",1,0.024024024024024,0.024024024024024,NA
"1553_1","ASC 2",1,0.032258064516129,0.032258064516129,NA
"1554_1","IgD+ve Memory",1,0.0602409638554217,0.0602409638554217,NA
"1555_1","ASC 3",3,0.0770712909441233,0.0780346820809249,0.00166864239650181
"1556_1","IgD+ve Memory",1,0.161194029850746,0.161194029850746,NA
"1556_1","IgD-ve Memory",1,0.0686567164179104,0.0686567164179104,NA
"1557_1","ASC 1",1,0.0507462686567164,0.0507462686567164,NA
"1557_1","ASC 2",6,0.0567164179104478,0.0492537313432836,0.0256785828866944
"1557_1","NAIVE 1",2,0.0522388059701493,0.0522388059701493,0.0147753655770323
"1558_1","NAIVE 2",1,0,0,NA
"1559_1","NAIVE 1",1,0.0397553516819572,0.0397553516819572,NA
"155_1","HSP+",1,0.115727002967359,0.115727002967359,NA
"155_1","IgD+ve Memory",1,0.0958083832335329,0.0958083832335329,NA
"1560_1","NAIVE 1",2,0.144171779141104,0.144171779141104,0
"1561_1","ASC 2",1,0.0417910447761194,0.0417910447761194,NA
"1562_1","IgD+ve Memory",1,0.068452380952381,0.068452380952381,NA
"1563_1","Early-Activation",1,0.0442477876106195,0.0442477876106195,NA
"1564_1","ASC 2",1,0.0863095238095238,0.0863095238095238,NA
"1565_1","NAIVE 1",1,0.0568862275449102,0.0568862275449102,NA
"1566_1","NAIVE 1",1,0.0175438596491228,0.0175438596491228,NA
"1567_1","IgD+ve Memory",1,0.0461095100864553,0.0461095100864553,NA
"1567_2","IgD+ve Memory",1,0.0461095100864553,0.0461095100864553,NA
"1567_3","IgD+ve Memory",1,0.0576368876080692,0.0576368876080692,NA
"1568_1","ASC 2",1,0.182634730538922,0.182634730538922,NA
"1569_1","IgD-ve Memory",1,0.0439882697947214,0.0439882697947214,NA
"156_1","IgD-ve Memory",1,0.0668604651162791,0.0668604651162791,NA
"1570_1","ASC 2",1,0.0567164179104478,0.0567164179104478,NA
"1571_1","DN2",1,0,0,NA
"1572_1","Cell-Cycling",1,0.0538922155688623,0.0538922155688623,NA
"1573_1","NAIVE 2",1,0,0,NA
"1574_1","IgD+ve Memory",1,0.0266272189349112,0.0266272189349112,NA
"1575_1","NAIVE 2",1,0,0,NA
"1576_1","IgD+ve Memory",1,0.0443786982248521,0.0443786982248521,NA
"1577_1","IgD-ve Memory",1,0.0753012048192771,0.0753012048192771,NA
"1578_1","ASC 3",1,0.0337078651685393,0.0337078651685393,NA
"1578_2","ASC 3",1,0.0365168539325843,0.0365168539325843,NA
"1579_1","ASC 2",1,0.018018018018018,0.018018018018018,NA
"157_1","IgD-ve Memory",2,0.0576368876080692,0.0576368876080692,0.0244532604444916
"157_2","IgD-ve Memory",1,0.0662824207492795,0.0662824207492795,NA
"1580_1","ASC 1",1,0.0507462686567164,0.0507462686567164,NA
"1581_1","IgD-ve Memory",1,0.0469208211143695,0.0469208211143695,NA
"1582_1","HSP+",1,0.0301204819277108,0.0301204819277108,NA
"1583_1","IgD-ve Memory",1,0,0,NA
"1584_1","ASC 2",1,0.0149253731343284,0.0149253731343284,NA
"1585_1","IgD-ve Memory",1,0.0497076023391813,0.0497076023391813,NA
"1586_1","ASC 2",2,0.111275964391691,0.111275964391691,0.014687677947495
"1586_1","NAIVE 1",2,0.127596439169139,0.127596439169139,0.00839295882714004
"1587_1","ASC 2",2,0.0380116959064327,0.0380116959064327,0
"1588_1","IgD+ve Memory",1,0.0376811594202899,0.0376811594202899,NA
"1589_1","ASC 2",1,0.0660919540229885,0.0660919540229885,NA
"158_1","ASC 3",1,0,0,NA
"1590_1","NAIVE 2",1,0.012012012012012,0.012012012012012,NA
"1591_1","Cell-Cycling",1,0.0175953079178886,0.0175953079178886,NA
"1592_1","ASC 2",4,0.0962099125364431,0.0962099125364431,0
"1593_1","ASC 2",1,0.063953488372093,0.063953488372093,NA
"1594_1","NAIVE 1",1,0.00579710144927536,0.00579710144927536,NA
"1595_1","ASC 2",1,0.0959302325581395,0.0959302325581395,NA
"1596_1","IgD+ve Memory",1,0.0231884057971014,0.0231884057971014,NA
"1597_1","ASC 2",1,0.0583090379008746,0.0583090379008746,NA
"1598_1","ASC 2",2,0.093942452000207,0.093942452000207,0.0118747684363212
"1599_1","IgD-ve Memory",1,0.0882352941176471,0.0882352941176471,NA
"159_1","NAIVE 1",1,0.045045045045045,0.045045045045045,NA
"15_1","IgD+ve Memory",1,0.0562130177514793,0.0562130177514793,NA
"1600_1","ASC 3",1,0.0501474926253687,0.0501474926253687,NA
"1601_1","IgD+ve Memory",1,0.0346820809248555,0.0346820809248555,NA
"1602_1","IgD-ve Memory",1,0.0578034682080925,0.0578034682080925,NA
"1603_1","ASC 2",3,0.0710854947166186,0.0749279538904899,0.00665533451515418
"1604_1","ASC 2",1,0,0,NA
"1605_1","ASC 2",1,0.0542168674698795,0.0542168674698795,NA
"1606_1","NAIVE 2",1,0,0,NA
"1607_1","HSP+",1,0.0502958579881657,0.0502958579881657,NA
"1608_1","ASC 1",1,0.111111111111111,0.111111111111111,NA
"1608_1","ASC 2",1,0.0349854227405248,0.0349854227405248,NA
"1609_1","ASC 2",1,0.12316715542522,0.12316715542522,NA
"160_1","IgD+ve Memory",1,0.0591715976331361,0.0591715976331361,NA
"160_1","IgD-ve Memory",1,0.0236686390532544,0.0236686390532544,NA
"1610_1","NAIVE 1",1,0.141176470588235,0.141176470588235,NA
"1611_1","ASC 2",1,0.00288184438040346,0.00288184438040346,NA
"1612_1","NAIVE 2",1,0,0,NA
"1613_1","Cell-Cycling",1,0.121387283236994,0.121387283236994,NA
"1614_1","IgD-ve Memory",1,0.0408163265306122,0.0408163265306122,NA
"1615_1","ASC 2",1,0.00294985250737463,0.00294985250737463,NA
"1616_1","NAIVE 1",1,0.0652818991097923,0.0652818991097923,NA
"1617_1","Early-Activation",1,0.0204081632653061,0.0204081632653061,NA
"1618_1","IgD-ve Memory",1,0.0855457227138643,0.0855457227138643,NA
"1619_1","IgD-ve Memory",2,0.0451895043731778,0.0451895043731778,0.010307679026043
"161_1","Cell-Cycling",1,0.00289855072463768,0.00289855072463768,NA
"1620_1","ASC 2",1,0.0533707865168539,0.0533707865168539,NA
"1621_1","NAIVE 1",1,0.0441176470588235,0.0441176470588235,NA
"1622_1","IgD+ve Memory",2,0.0661764705882353,0.0661764705882353,0.0103986291350963
"1622_1","IgD-ve Memory",1,0.0558823529411765,0.0558823529411765,NA
"1623_1","NAIVE 1",1,0.0349854227405248,0.0349854227405248,NA
"1624_1","ASC 2",1,0.104166666666667,0.104166666666667,NA
"1625_1","ASC 1",1,0.00900900900900901,0.00900900900900901,NA
"1626_1","IgD-ve Memory",1,0.00584795321637427,0.00584795321637427,NA
"1627_1","ASC 1",1,0.00900900900900901,0.00900900900900901,NA
"1628_1","NAIVE 2",1,0,0,NA
"1629_1","ASC 2",1,0.00595238095238095,0.00595238095238095,NA
"162_1","ASC 2",1,0,0,NA
"1630_1","NAIVE 1",1,0,0,NA
"1631_1","HSP+",1,0.0318840579710145,0.0318840579710145,NA
"1632_1","NAIVE 1",1,0.0267062314540059,0.0267062314540059,NA
"1633_1","IgD-ve Memory",1,0.0514285714285714,0.0514285714285714,NA
"1634_1","NAIVE 1",1,0,0,NA
"1635_1","ASC 2",1,0.0532544378698225,0.0532544378698225,NA
"1636_1","NAIVE 1",1,0,0,NA
"1637_1","ASC 1",1,0.101744186046512,0.101744186046512,NA
"1638_1","IgD-ve Memory",1,0.0567164179104478,0.0567164179104478,NA
"1639_1","Cell-Cycling",1,0.00862068965517241,0.00862068965517241,NA
"163_1","IgD+ve Memory",1,0.0542168674698795,0.0542168674698795,NA
"1640_1","NAIVE 1",1,0.0874635568513119,0.0874635568513119,NA
"1641_1","NAIVE 1",1,0.0116279069767442,0.0116279069767442,NA
"1642_1","IgD+ve Memory",1,0.106508875739645,0.106508875739645,NA
"1643_1","NAIVE 2",1,0.0029585798816568,0.0029585798816568,NA
"1644_1","ASC 3",1,0.173020527859238,0.173020527859238,NA
"1645_1","IgD+ve Memory",1,0.063953488372093,0.063953488372093,NA
"1646_1","ASC 2",4,0.0988538681948424,0.0988538681948424,0.00165429876558632
"1647_1","NAIVE 2",1,0,0,NA
"1648_1","NAIVE 2",1,0,0,NA
"1649_1","ASC 2",1,0.0116618075801749,0.0116618075801749,NA
"164_1","IgD-ve Memory",1,0.00593471810089021,0.00593471810089021,NA
"1650_1","IgD+ve Memory",1,0.0579710144927536,0.0579710144927536,NA
"1650_2","IgD+ve Memory",1,0.0579710144927536,0.0579710144927536,NA
"1651_1","IgD+ve Memory",1,0.0206489675516224,0.0206489675516224,NA
"1652_1","ASC 2",1,0.101190476190476,0.101190476190476,NA
"1653_1","IgD+ve Memory",1,0.029673590504451,0.029673590504451,NA
"1654_1","IgD-ve Memory",1,0.105882352941176,0.105882352941176,NA
"1655_1","IgD+ve Memory",1,0.00867052023121387,0.00867052023121387,NA
"1656_1","IgD-ve Memory",1,0.00911854103343465,0.00911854103343465,NA
"1657_1","ASC 2",1,0.0421686746987952,0.0421686746987952,NA
"1657_1","IgD+ve Memory",2,0.0240963855421687,0.0240963855421687,0
"1657_2","NAIVE 1",1,0.0331325301204819,0.0331325301204819,NA
"1658_1","IgD+ve Memory",1,0.003003003003003,0.003003003003003,NA
"1659_1","ASC 1",1,0.0825688073394495,0.0825688073394495,NA
"1659_1","ASC 2",6,0.0805300713557594,0.0764525993883792,0.00900281433876437
"1659_1","ASC 3",1,0.0795107033639144,0.0795107033639144,NA
"165_1","ASC 1",1,0.0486322188449848,0.0486322188449848,NA
"1660_1","NAIVE 2",1,0,0,NA
"1661_1","NAIVE 1",1,0.0623145400593472,0.0623145400593472,NA
"1662_1","ASC 1",1,0.0577507598784195,0.0577507598784195,NA
"1663_1","ASC 2",1,0.145454545454545,0.145454545454545,NA
"1664_1","NAIVE 2",1,0,0,NA
"1665_1","ASC 2",1,0,0,NA
"1666_1","IgD+ve Memory",1,0.0426829268292683,0.0426829268292683,NA
"1667_1","ASC 2",4,0.0572289156626506,0.0572289156626506,0
"1667_1","Cell-Cycling",1,0.0572289156626506,0.0572289156626506,NA
"1668_1","HSP+",1,0.0508982035928144,0.0508982035928144,NA
"1669_1","ASC 2",1,0.0391566265060241,0.0391566265060241,NA
"166_1","IgD+ve Memory",1,0.0289855072463768,0.0289855072463768,NA
"1670_1","IgD-ve Memory",1,0.0234604105571848,0.0234604105571848,NA
"1671_1","NAIVE 1",1,0.0236686390532544,0.0236686390532544,NA
"1672_1","NAIVE 2",1,0,0,NA
"1673_1","NAIVE 1",1,0.116417910447761,0.116417910447761,NA
"1674_1","ASC 2",1,0.0654761904761905,0.0654761904761905,NA
"1675_1","IgD-ve Memory",1,0.029673590504451,0.029673590504451,NA
"1676_1","IgD-ve Memory",1,0.0914454277286136,0.0914454277286136,NA
"1677_1","IgD-ve Memory",1,0.0265486725663717,0.0265486725663717,NA
"1678_1","IgD+ve Memory",1,0.0173410404624277,0.0173410404624277,NA
"1679_1","IgD+ve Memory",2,0.0639880952380952,0.0639880952380952,0.00631345340345132
"1679_2","NAIVE 1",1,0.0625,0.0625,NA
"167_1","NAIVE 1",1,0.0328358208955224,0.0328358208955224,NA
"1680_1","NAIVE 1",1,0.0352941176470588,0.0352941176470588,NA
"1681_1","NAIVE 2",1,0.00293255131964809,0.00293255131964809,NA
"1682_1","NAIVE 2",1,0.00882352941176471,0.00882352941176471,NA
"1683_1","IgD+ve Memory",1,0.0479041916167665,0.0479041916167665,NA
"1684_1","ASC 1",1,0.00606060606060606,0.00606060606060606,NA
"1684_1","ASC 2",4,0.0234848484848485,0.0151515151515152,0.0231277841249602
"1685_1","ASC 2",2,0.0435435435435435,0.0435435435435435,0.00212344378734699
"1686_1","ASC 2",1,0.0873493975903614,0.0873493975903614,NA
"1687_1","Cell-Cycling",1,0.0208333333333333,0.0208333333333333,NA
"1688_1","IgD-ve Memory",1,0,0,NA
"1689_1","Early-Activation",1,0.0375722543352601,0.0375722543352601,NA
"1689_1","IgD+ve Memory",1,0.0346820809248555,0.0346820809248555,NA
"168_1","ASC 2",1,0,0,NA
"1690_1","ASC 2",1,0.0835820895522388,0.0835820895522388,NA
"1691_1","NAIVE 2",1,0,0,NA
"1692_1","NAIVE 1",1,0.0146198830409357,0.0146198830409357,NA
"1693_1","ASC 2",1,0.0384615384615385,0.0384615384615385,NA
"1694_1","NAIVE 2",1,0.00593471810089021,0.00593471810089021,NA
"1695_1","NAIVE 1",1,0.0120481927710843,0.0120481927710843,NA
"1696_1","IgD-ve Memory",1,0.0446428571428571,0.0446428571428571,NA
"1697_1","ASC 2",1,0.0205882352941176,0.0205882352941176,NA
"1698_1","NAIVE 1",1,0,0,NA
"1699_1","NAIVE 2",1,0.0178571428571429,0.0178571428571429,NA
"169_1","IgD+ve Memory",1,0.0380116959064327,0.0380116959064327,NA
"16_1","NAIVE 1",1,0.0175438596491228,0.0175438596491228,NA
"1700_1","ASC 3",1,0.150887573964497,0.150887573964497,NA
"1701_1","ASC 2",1,0.0936555891238671,0.0936555891238671,NA
"1702_1","NAIVE 2",1,0.0180722891566265,0.0180722891566265,NA
"1703_1","IgD+ve Memory",1,0.0087463556851312,0.0087463556851312,NA
"1703_1","IgD-ve Memory",1,0.0087463556851312,0.0087463556851312,NA
"1704_1","ASC 1",1,0.0206489675516224,0.0206489675516224,NA
"1705_1","IgD-ve Memory",1,0.0524781341107872,0.0524781341107872,NA
"1706_1","IgD-ve Memory",1,0.056547619047619,0.056547619047619,NA
"1707_1","ASC 2",6,0.0600198412698413,0.0625,0.00607512336999796
"1708_1","ASC 2",3,0.0762463343108504,0.0762463343108504,0.00293255131964809
"1709_1","NAIVE 2",1,0,0,NA
"170_1","ASC 2",1,0.0117994100294985,0.0117994100294985,NA
"1710_1","ASC 2",1,0.0612244897959184,0.0612244897959184,NA
"1711_1","IgD+ve Memory",1,0.0294117647058824,0.0294117647058824,NA
"1712_1","NAIVE 2",1,0,0,NA
"1713_1","NAIVE 2",1,0,0,NA
"1714_1","NAIVE 1",1,0.0589970501474926,0.0589970501474926,NA
"1715_1","NAIVE 1",1,0,0,NA
"1716_1","ASC 2",1,0,0,NA
"1717_1","NAIVE 2",1,0.0884955752212389,0.0884955752212389,NA
"1718_1","ASC 2",1,0.0895522388059701,0.0895522388059701,NA
"1719_1","ASC 1",1,0.00293255131964809,0.00293255131964809,NA
"171_1","IgD+ve Memory",1,0.100294985250737,0.100294985250737,NA
"1720_1","NAIVE 2",1,0,0,NA
"1721_1","Early-Activation",1,0.00593471810089021,0.00593471810089021,NA
"1722_1","ASC 3",1,0.0985507246376812,0.0985507246376812,NA
"1723_1","ASC 2",1,0.0737463126843658,0.0737463126843658,NA
"1724_1","ASC 2",1,0.0720720720720721,0.0720720720720721,NA
"1725_1","ASC 2",1,0.015015015015015,0.015015015015015,NA
"1726_1","ASC 1",1,0.0428134556574924,0.0428134556574924,NA
"1727_1","ASC 2",1,0.103343465045593,0.103343465045593,NA
"1728_1","Early-Activation",1,0.015015015015015,0.015015015015015,NA
"1729_1","NAIVE 1",1,0.00914634146341463,0.00914634146341463,NA
"172_1","ASC 1",1,0.00882352941176471,0.00882352941176471,NA
"1730_1","NAIVE 1",1,0.026865671641791,0.026865671641791,NA
"1731_1","NAIVE 2",1,0.0272727272727273,0.0272727272727273,NA
"1732_1","ASC 2",3,0.0581854043392505,0.0591715976331361,0.00170813689109356
"1733_1","ASC 3",1,0.00289017341040462,0.00289017341040462,NA
"1734_1","NAIVE 1",1,0,0,NA
"1735_1","ASC 2",4,0.100610265066498,0.103550295857988,0.00803020299494338
"1736_1","ASC 2",1,0.0613496932515337,0.0613496932515337,NA
"1737_1","ASC 2",1,0.0926517571884984,0.0926517571884984,NA
"1738_1","ASC 2",1,0.0120481927710843,0.0120481927710843,NA
"1739_1","ASC 2",3,0.0149253731343284,0.0149253731343284,0
"173_1","ASC 2",1,0.0586510263929619,0.0586510263929619,NA
"1740_1","IgD-ve Memory",1,0.0600600600600601,0.0600600600600601,NA
"1741_1","Cell-Cycling",1,0.0502958579881657,0.0502958579881657,NA
"1742_1","IgD-ve Memory",1,0.0116959064327485,0.0116959064327485,NA
"1743_1","NAIVE 2",1,0,0,NA
"1744_1","ASC 3",2,0.120234604105572,0.120234604105572,0
"1745_1","NAIVE 1",1,0.0355029585798817,0.0355029585798817,NA
"1746_1","ASC 2",1,0,0,NA
"1747_1","IgD-ve Memory",1,0.0148367952522255,0.0148367952522255,NA
"1748_1","NAIVE 2",1,0,0,NA
"1749_1","ASC 2",1,0.0297619047619048,0.0297619047619048,NA
"1749_1","NAIVE 1",1,0.0297619047619048,0.0297619047619048,NA
"174_1","ASC 2",1,0.0494186046511628,0.0494186046511628,NA
"1750_1","ASC 2",1,0.149560117302053,0.149560117302053,NA
"1751_1","NAIVE 2",1,0,0,NA
"1752_1","ASC 2",1,0.0325443786982249,0.0325443786982249,NA
"1753_1","Early-Activation",1,0,0,NA
"1754_1","Cell-Cycling",1,0.00294985250737463,0.00294985250737463,NA
"1755_1","ASC 3",1,0.0520231213872832,0.0520231213872832,NA
"1756_1","ASC 2",1,0.129411764705882,0.129411764705882,NA
"1756_1","IgD+ve Memory",1,0.129411764705882,0.129411764705882,NA
"1756_1","IgD-ve Memory",1,0.129411764705882,0.129411764705882,NA
"1757_1","ASC 2",1,0.0857988165680473,0.0857988165680473,NA
"1757_2","ASC 2",1,0.0857988165680473,0.0857988165680473,NA
"1758_1","NAIVE 1",1,0.0241691842900302,0.0241691842900302,NA
"1759_1","IgD+ve Memory",6,0.0735867446393762,0.0730994152046784,0.00536505222008689
"1759_2","IgD+ve Memory",1,0.0964912280701754,0.0964912280701754,NA
"175_1","ASC 2",2,0.072463768115942,0.072463768115942,0.0204958487300449
"1760_1","DN2",1,0,0,NA
"1761_1","NAIVE 1",1,0.00895522388059702,0.00895522388059702,NA
"1762_1","NAIVE 1",1,0.0584795321637427,0.0584795321637427,NA
"1763_1","ASC 2",2,0.0567164179104478,0.0567164179104478,0.00422153302200924
"1764_1","ASC 2",2,0.113432835820896,0.113432835820896,0.00422153302200923
"1765_1","ASC 2",1,0.114803625377644,0.114803625377644,NA
"1766_1","IgD+ve Memory",1,0.0436046511627907,0.0436046511627907,NA
"1766_2","IgD+ve Memory",1,0.0542168674698795,0.0542168674698795,NA
"1767_1","ASC 2",1,0.0145348837209302,0.0145348837209302,NA
"1768_1","NAIVE 1",1,0,0,NA
"1769_1","ASC 2",1,0.0707964601769911,0.0707964601769911,NA
"176_1","ASC 2",1,0.0204678362573099,0.0204678362573099,NA
"1770_1","NAIVE 1",1,0.0208955223880597,0.0208955223880597,NA
"1771_1","ASC 2",1,0.131578947368421,0.131578947368421,NA
"1772_1","ASC 2",1,0.0733137829912024,0.0733137829912024,NA
"1773_1","ASC 2",3,0.0706214689265537,0.0706214689265537,0
"1774_1","ASC 2",1,0.0355029585798817,0.0355029585798817,NA
"1775_1","NAIVE 1",1,0.0321637426900585,0.0321637426900585,NA
"1776_1","ASC 2",1,0.0697674418604651,0.0697674418604651,NA
"1777_1","ASC 3",1,0.00581395348837209,0.00581395348837209,NA
"1778_1","ASC 2",1,0.0459770114942529,0.0459770114942529,NA
"1779_1","Cell-Cycling",3,0.0194931773879142,0.0204678362573099,0.00446644804576593
"177_1","ASC 2",4,0.0757295649664526,0.0718562874251497,0.00774655508260588
"177_1","IgD+ve Memory",1,0.0718562874251497,0.0718562874251497,NA
"1780_1","ASC 2",1,0.0285714285714286,0.0285714285714286,NA
"1780_1","Cell-Cycling",1,0.0285714285714286,0.0285714285714286,NA
"1781_1","NAIVE 2",1,0.00282485875706215,0.00282485875706215,NA
"1782_1","Cell-Cycling",2,0.00293255131964809,0.00293255131964809,0
"1783_1","ASC 2",1,0.0730994152046784,0.0730994152046784,NA
"1784_1","IgD-ve Memory",1,0,0,NA
"1785_1","IgD+ve Memory",1,0,0,NA
"1786_1","ASC 2",3,0.0803571428571429,0.0803571428571429,0
"1787_1","ASC 2",1,0.0227920227920228,0.0227920227920228,NA
"1788_1","Cell-Cycling",1,0.0208955223880597,0.0208955223880597,NA
"1789_1","DN2",1,0,0,NA
"178_1","ASC 2",1,0.132132132132132,0.132132132132132,NA
"1790_1","ASC 2",3,0.051207729468599,0.0550724637681159,0.0066939161645174
"1790_1","IgD+ve Memory",1,0.0550724637681159,0.0550724637681159,NA
"1791_1","NAIVE 1",1,0.0583090379008746,0.0583090379008746,NA
"1792_1","IgD+ve Memory",1,0.0744047619047619,0.0744047619047619,NA
"1793_1","ASC 2",1,0.124293785310734,0.124293785310734,NA
"1794_1","NAIVE 2",1,0,0,NA
"1795_1","NAIVE 2",1,0,0,NA
"1796_1","ASC 2",5,0.0957507082152975,0.0991501416430595,0.018511398586634
"1797_1","ASC 2",1,0.157593123209169,0.157593123209169,NA
"1798_1","ASC 2",1,0.0364145658263305,0.0364145658263305,NA
"1799_1","ASC 2",1,0.0142857142857143,0.0142857142857143,NA
"1799_1","Cell-Cycling",1,0.0828571428571429,0.0828571428571429,NA
"179_1","NAIVE 1",1,0.00568181818181818,0.00568181818181818,NA
"17_1","ASC 2",4,0.0392011834319527,0.0428994082840237,0.00849787373748229
"17_1","IgD+ve Memory",1,0.0502958579881657,0.0502958579881657,NA
"1800_1","IgD+ve Memory",2,0.0659824046920821,0.0659824046920821,0.0145153884701051
"1800_1","IgD-ve Memory",1,0.0410557184750733,0.0410557184750733,NA
"1800_1","NAIVE 1",1,0.0205278592375367,0.0205278592375367,NA
"1801_1","ASC 2",1,0.019774011299435,0.019774011299435,NA
"1801_2","ASC 2",1,0.0254237288135593,0.0254237288135593,NA
"1802_1","ASC 2",1,0.0819209039548023,0.0819209039548023,NA
"1803_1","ASC 2",3,0.0649717514124294,0.0649717514124294,0
"1804_1","ASC 2",1,0.0782608695652174,0.0782608695652174,NA
"1805_1","ASC 2",1,0.107784431137725,0.107784431137725,NA
"1806_1","ASC 2",3,0.163809523809524,0.168571428571429,0.00824786098842323
"1807_1","ASC 2",1,0.101694915254237,0.101694915254237,NA
"1808_1","ASC 2",1,0.0514285714285714,0.0514285714285714,NA
"1809_1","ASC 2",1,0.116477272727273,0.116477272727273,NA
"180_1","IgD-ve Memory",1,0.0144927536231884,0.0144927536231884,NA
"1810_1","ASC 2",1,0.109195402298851,0.109195402298851,NA
"1811_1","IgD+ve Memory",1,0.0726744186046512,0.0726744186046512,NA
"1811_2","IgD+ve Memory",1,0.0726744186046512,0.0726744186046512,NA
"1811_3","NAIVE 2",1,0.0872093023255814,0.0872093023255814,NA
"1812_1","ASC 2",1,0.155367231638418,0.155367231638418,NA
"1813_1","NAIVE 2",1,0,0,NA
"1814_1","IgD-ve Memory",1,0.0238095238095238,0.0238095238095238,NA
"1815_1","DN2",1,0,0,NA
"1816_1","ASC 2",1,0.0497076023391813,0.0497076023391813,NA
"1816_1","IgD+ve Memory",3,0.0263157894736842,0.0263157894736842,0.00292397660818713
"1816_1","IgD-ve Memory",1,0.0321637426900585,0.0321637426900585,NA
"1816_2","IgD-ve Memory",1,0.0467836257309941,0.0467836257309941,NA
"1817_1","ASC 2",1,0.155223880597015,0.155223880597015,NA
"1818_1","NAIVE 1",1,0.0203488372093023,0.0203488372093023,NA
"1819_1","IgD-ve Memory",1,0.00597014925373134,0.00597014925373134,NA
"181_1","NAIVE 2",1,0.00280898876404494,0.00280898876404494,NA
"1820_1","NAIVE 2",1,0.0029585798816568,0.0029585798816568,NA
"1821_1","NAIVE 1",1,0,0,NA
"1822_1","ASC 3",1,0.00576368876080692,0.00576368876080692,NA
"1823_1","ASC 2",1,0.003003003003003,0.003003003003003,NA
"1824_1","IgD-ve Memory",1,0.00914634146341463,0.00914634146341463,NA
"1825_1","IgD-ve Memory",1,0.00892857142857143,0.00892857142857143,NA
"1826_1","NAIVE 2",2,0,0,0
"1827_1","IgD+ve Memory",1,0.0237388724035608,0.0237388724035608,NA
"1827_2","IgD+ve Memory",1,0.00890207715133531,0.00890207715133531,NA
"1828_1","IgD+ve Memory",1,0.036697247706422,0.036697247706422,NA
"1829_1","IgD+ve Memory",1,0.0600600600600601,0.0600600600600601,NA
"1829_2","IgD+ve Memory",1,0.124620060790274,0.124620060790274,NA
"1829_3","IgD+ve Memory",1,0.039039039039039,0.039039039039039,NA
"1829_4","ASC 1",1,0.124620060790274,0.124620060790274,NA
"182_1","ASC 2",1,0.0222841225626741,0.0222841225626741,NA
"1830_1","IgD-ve Memory",1,0.0118343195266272,0.0118343195266272,NA
"1831_1","IgD+ve Memory",1,0,0,NA
"1832_1","IgD+ve Memory",1,0.0029585798816568,0.0029585798816568,NA
"1833_1","IgD+ve Memory",2,0.0478260869565217,0.0478260869565217,0.0266446033490583
"1833_2","IgD+ve Memory",1,0.063768115942029,0.063768115942029,NA
"1834_1","IgD+ve Memory",1,0.0150602409638554,0.0150602409638554,NA
"1835_1","NAIVE 1",1,0.0451807228915663,0.0451807228915663,NA
"1836_1","NAIVE 1",1,0.0178571428571429,0.0178571428571429,NA
"1837_1","ASC 2",1,0.00884955752212389,0.00884955752212389,NA
"1838_1","NAIVE 1",1,0.0557184750733138,0.0557184750733138,NA
"1839_1","ASC 2",1,0.00882352941176471,0.00882352941176471,NA
"183_1","IgD-ve Memory",1,0.0388059701492537,0.0388059701492537,NA
"1840_1","IgD+ve Memory",1,0.00293255131964809,0.00293255131964809,NA
"1841_1","IgD+ve Memory",1,0.0233918128654971,0.0233918128654971,NA
"1842_1","IgD-ve Memory",1,0.0262390670553936,0.0262390670553936,NA
"1843_1","ASC 2",1,0.00302114803625378,0.00302114803625378,NA
"1844_1","ASC 2",1,0.0323529411764706,0.0323529411764706,NA
"1844_1","Cell-Cycling",1,0.0323529411764706,0.0323529411764706,NA
"1844_1","IgD+ve Memory",28,0.0431611140031234,0.0501474926253687,0.0130676797064892
"1844_1","IgD-ve Memory",1,0.0530973451327434,0.0530973451327434,NA
"1844_2","IgD+ve Memory",1,0.0205882352941176,0.0205882352941176,NA
"1844_3","IgD+ve Memory",1,0.0352941176470588,0.0352941176470588,NA
"1844_4","HSP+",1,0.0588235294117647,0.0588235294117647,NA
"1844_5","IgD+ve Memory",1,0.0235294117647059,0.0235294117647059,NA
"1844_6","IgD+ve Memory",1,0.0588235294117647,0.0588235294117647,NA
"1845_1","ASC 1",1,0.0674486803519062,0.0674486803519062,NA
"1845_1","NAIVE 1",1,0.0498533724340176,0.0498533724340176,NA
"1846_1","ASC 2",1,0.00289855072463768,0.00289855072463768,NA
"1847_1","IgD-ve Memory",1,0.00906344410876133,0.00906344410876133,NA
"1848_1","NAIVE 2",1,0,0,NA
"1849_1","ASC 2",1,0.0583090379008746,0.0583090379008746,NA
"184_1","IgD+ve Memory",1,0.0151057401812689,0.0151057401812689,NA
"1850_1","HSP+",1,0,0,NA
"1851_1","ASC 2",1,0.0570570570570571,0.0570570570570571,NA
"1852_1","NAIVE 2",1,0.0029673590504451,0.0029673590504451,NA
"1853_1","NAIVE 2",1,0,0,NA
"1854_1","NAIVE 2",1,0,0,NA
"1855_1","IgD+ve Memory",1,0.0174927113702624,0.0174927113702624,NA
"1856_1","IgD+ve Memory",1,0.028328611898017,0.028328611898017,NA
"1857_1","ASC 2",2,0.028169014084507,0.028169014084507,0
"1858_1","IgD+ve Memory",4,0.0384615384615385,0.0413105413105413,0.0177920170894541
"1858_2","NAIVE 1",1,0.0284900284900285,0.0284900284900285,NA
"1859_1","ASC 1",1,0.0406976744186047,0.0406976744186047,NA
"1859_1","ASC 2",1,0.0377906976744186,0.0377906976744186,NA
"185_1","IgD+ve Memory",1,0.00840336134453781,0.00840336134453781,NA
"1860_1","NAIVE 1",1,0,0,NA
"1861_1","NAIVE 2",1,0.0028169014084507,0.0028169014084507,NA
"1862_1","ASC 2",1,0.0142450142450142,0.0142450142450142,NA
"1863_1","ASC 2",3,0.00284090909090909,0.00284090909090909,0
"1864_1","ASC 1",1,0.00852272727272727,0.00852272727272727,NA
"1865_1","NAIVE 2",1,0,0,NA
"1866_1","ASC 3",1,0.109792284866469,0.109792284866469,NA
"1867_1","NAIVE 1",1,0,0,NA
"1868_1","ASC 2",1,0.0115606936416185,0.0115606936416185,NA
"1869_1","IgD+ve Memory",1,0,0,NA
"186_1","NAIVE 2",1,0,0,NA
"1870_1","ASC 2",1,0.0617647058823529,0.0617647058823529,NA
"1871_1","ASC 2",1,0.0204678362573099,0.0204678362573099,NA
"1872_1","NAIVE 1",1,0.023598820058997,0.023598820058997,NA
"1873_1","NAIVE 1",1,0.0117302052785924,0.0117302052785924,NA
"1874_1","NAIVE 2",1,0,0,NA
"1875_1","NAIVE 2",1,0.0117994100294985,0.0117994100294985,NA
"1876_1","ASC 2",1,0.0223463687150838,0.0223463687150838,NA
"1877_1","ASC 3",1,0.116766467065868,0.116766467065868,NA
"1878_1","IgD-ve Memory",1,0.0383480825958702,0.0383480825958702,NA
"1879_1","NAIVE 1",1,0.00574712643678161,0.00574712643678161,NA
"187_1","ASC 1",1,0.00293255131964809,0.00293255131964809,NA
"1880_1","NAIVE 2",1,0.00581395348837209,0.00581395348837209,NA
"1881_1","Cell-Cycling",1,0.00581395348837209,0.00581395348837209,NA
"1882_1","ASC 2",1,0.00867052023121387,0.00867052023121387,NA
"1883_1","NAIVE 1",1,0,0,NA
"1884_1","IgD+ve Memory",1,0.0257879656160458,0.0257879656160458,NA
"1885_1","NAIVE 1",1,0.0028328611898017,0.0028328611898017,NA
"1886_1","NAIVE 2",1,0,0,NA
"1887_1","ASC 2",1,0.0028328611898017,0.0028328611898017,NA
"1888_1","NAIVE 1",1,0.0741839762611276,0.0741839762611276,NA
"1889_1","NAIVE 1",1,0.0112359550561798,0.0112359550561798,NA
"188_1","DN2",1,0.0119402985074627,0.0119402985074627,NA
"1890_1","NAIVE 1",1,0.0225352112676056,0.0225352112676056,NA
"1891_1","NAIVE 2",1,0,0,NA
"1892_1","ASC 2",3,0.0522875816993464,0.0560224089635854,0.00646891057915547
"1893_1","IgD-ve Memory",1,0.0557184750733138,0.0557184750733138,NA
"1894_1","ASC 2",1,0.0797720797720798,0.0797720797720798,NA
"1894_1","NAIVE 2",1,0.0769230769230769,0.0769230769230769,NA
"1895_1","IgD-ve Memory",1,0.0406976744186047,0.0406976744186047,NA
"1896_1","NAIVE 2",1,0,0,NA
"1897_1","ASC 2",1,0.00279329608938547,0.00279329608938547,NA
"1898_1","ASC 1",1,0.0914454277286136,0.0914454277286136,NA
"1898_1","ASC 2",1,0.0766961651917404,0.0766961651917404,NA
"189_1","ASC 1",1,0.00898203592814371,0.00898203592814371,NA
"18_1","Cell-Cycling",1,0.0173410404624277,0.0173410404624277,NA
"190_1","ASC 2",1,0.0737463126843658,0.0737463126843658,NA
"191_1","ASC 3",1,0.0384615384615385,0.0384615384615385,NA
"192_1","ASC 2",2,0.0411764705882353,0.0411764705882353,0
"193_1","ASC 2",1,0.0173410404624277,0.0173410404624277,NA
"194_1","ASC 2",1,0.0115606936416185,0.0115606936416185,NA
"195_1","NAIVE 1",1,0,0,NA
"196_1","NAIVE 2",1,0,0,NA
"197_1","IgD+ve Memory",1,0.0294117647058824,0.0294117647058824,NA
"198_1","ASC 2",1,0.0331325301204819,0.0331325301204819,NA
"199_1","ASC 2",1,0.0583090379008746,0.0583090379008746,NA
"19_1","IgD-ve Memory",1,0.0521739130434783,0.0521739130434783,NA
"1_1","ASC 2",1,0.0203488372093023,0.0203488372093023,NA
"200_1","ASC 2",1,0.0173913043478261,0.0173913043478261,NA
"201_1","ASC 2",1,0.0087463556851312,0.0087463556851312,NA
"202_1","Early-Activation",1,0,0,NA
"203_1","NAIVE 1",1,0,0,NA
"204_1","IgD+ve Memory",1,0.0353982300884956,0.0353982300884956,NA
"205_1","ASC 2",1,0.0116279069767442,0.0116279069767442,NA
"206_1","NAIVE 2",1,0,0,NA
"207_1","ASC 2",3,0.131578947368421,0.131578947368421,0
"208_1","ASC 2",1,0.0688622754491018,0.0688622754491018,NA
"209_1","IgD-ve Memory",1,0.0434782608695652,0.0434782608695652,NA
"20_1","Early-Activation",1,0.00573065902578797,0.00573065902578797,NA
"210_1","ASC 2",1,0.0267062314540059,0.0267062314540059,NA
"210_1","Cell-Cycling",5,0.0225519287833828,0.0207715133531157,0.0068313735508732
"210_2","Cell-Cycling",1,0.0178041543026706,0.0178041543026706,NA
"211_1","NAIVE 1",1,0,0,NA
"212_1","IgD-ve Memory",1,0.0555555555555556,0.0555555555555556,NA
"213_1","NAIVE 2",1,0,0,NA
"214_1","ASC 2",1,0.00579710144927536,0.00579710144927536,NA
"215_1","NAIVE 2",1,0.00303030303030303,0.00303030303030303,NA
"216_1","NAIVE 1",1,0.0398773006134969,0.0398773006134969,NA
"217_1","ASC 2",1,0.0641399416909621,0.0641399416909621,NA
"218_1","NAIVE 1",1,0.0681114551083591,0.0681114551083591,NA
"219_1","IgD+ve Memory",1,0.003003003003003,0.003003003003003,NA
"21_1","IgD+ve Memory",1,0.0461095100864553,0.0461095100864553,NA
"220_1","IgD-ve Memory",1,0.0453172205438066,0.0453172205438066,NA
"221_1","ASC 2",1,0.0323529411764706,0.0323529411764706,NA
"222_1","IgD-ve Memory",1,0.00892857142857143,0.00892857142857143,NA
"223_1","NAIVE 1",1,0.00293255131964809,0.00293255131964809,NA
"224_1","IgD-ve Memory",1,0.00879765395894428,0.00879765395894428,NA
"225_1","IgD-ve Memory",1,0.0292397660818713,0.0292397660818713,NA
"226_1","IgD+ve Memory",1,0.0562130177514793,0.0562130177514793,NA
"227_1","Cell-Cycling",1,0.0733137829912024,0.0733137829912024,NA
"228_1","NAIVE 2",1,0.0263929618768328,0.0263929618768328,NA
"229_1","ASC 2",2,0.0236686390532544,0.0236686390532544,0.0209203189700162
"22_1","ASC 2",1,0.0172910662824208,0.0172910662824208,NA
"230_1","IgD-ve Memory",1,0.0358208955223881,0.0358208955223881,NA
"231_1","IgD-ve Memory",1,0.0208955223880597,0.0208955223880597,NA
"232_1","NAIVE 1",1,0.0029585798816568,0.0029585798816568,NA
"233_1","IgD-ve Memory",1,0.0148367952522255,0.0148367952522255,NA
"234_1","IgD-ve Memory",1,0.0593471810089021,0.0593471810089021,NA
"235_1","Cell-Cycling",2,0.0148367952522255,0.0148367952522255,0
"236_1","ASC 2",1,0.0718562874251497,0.0718562874251497,NA
"237_1","ASC 2",1,0.0855457227138643,0.0855457227138643,NA
"238_1","IgD+ve Memory",1,0.0562130177514793,0.0562130177514793,NA
"239_1","NAIVE 2",1,0,0,NA
"23_1","IgD+ve Memory",1,0.0552325581395349,0.0552325581395349,NA
"240_1","IgD-ve Memory",1,0.0538922155688623,0.0538922155688623,NA
"241_1","ASC 2",1,0.0178041543026706,0.0178041543026706,NA
"242_1","NAIVE 1",1,0.0148367952522255,0.0148367952522255,NA
"243_1","Early-Activation",1,0.0204678362573099,0.0204678362573099,NA
"244_1","ASC 2",1,0.0146198830409357,0.0146198830409357,NA
"245_1","NAIVE 2",1,0,0,NA
"246_1","ASC 1",1,0,0,NA
"247_1","ASC 3",1,0.0323529411764706,0.0323529411764706,NA
"248_1","Cell-Cycling",1,0.0439882697947214,0.0439882697947214,NA
"249_1","NAIVE 2",1,0,0,NA
"24_1","IgD+ve Memory",1,0.0463768115942029,0.0463768115942029,NA
"250_1","ASC 2",1,0.017910447761194,0.017910447761194,NA
"251_1","ASC 2",1,0.0412979351032448,0.0412979351032448,NA
"252_1","Cell-Cycling",1,0.0357142857142857,0.0357142857142857,NA
"253_1","NAIVE 2",1,0,0,NA
"254_1","ASC 2",2,0.0029940119760479,0.0029940119760479,0
"255_1","ASC 1",1,0.0310734463276836,0.0310734463276836,NA
"255_1","ASC 2",5,0.0559322033898305,0.0677966101694915,0.017573255384176
"256_1","Cell-Cycling",1,0.00560224089635854,0.00560224089635854,NA
"257_1","NAIVE 1",1,0,0,NA
"258_1","ASC 2",1,0.0960960960960961,0.0960960960960961,NA
"258_1","ASC 3",2,0.118618618618619,0.118618618618619,0.00212344378734699
"259_1","NAIVE 2",1,0,0,NA
"25_1","ASC 3",1,0.0408163265306122,0.0408163265306122,NA
"25_1","DN2",1,0.0699708454810496,0.0699708454810496,NA
"260_1","NAIVE 1",1,0.0720461095100865,0.0720461095100865,NA
"261_1","ASC 2",1,0.0028735632183908,0.0028735632183908,NA
"262_1","ASC 2",2,0.0261627906976744,0.0261627906976744,0.0328886874970487
"263_1","Cell-Cycling",1,0.0373563218390805,0.0373563218390805,NA
"264_1","ASC 2",1,0.0144927536231884,0.0144927536231884,NA
"265_1","Early-Activation",1,0,0,NA
"266_1","NAIVE 2",1,0,0,NA
"267_1","ASC 2",2,0.0424929178470255,0.0424929178470255,0
"268_1","ASC 2",1,0.0465116279069767,0.0465116279069767,NA
"269_1","IgD-ve Memory",1,0.0555555555555556,0.0555555555555556,NA
"26_1","NAIVE 1",1,0.0806916426512968,0.0806916426512968,NA
"270_1","ASC 2",9,0.0683250414593698,0.0746268656716418,0.0240407152802977
"271_1","IgD+ve Memory",1,0.0442477876106195,0.0442477876106195,NA
"272_1","ASC 2",1,0.0626865671641791,0.0626865671641791,NA
"273_1","NAIVE 2",1,0,0,NA
"274_1","IgD-ve Memory",1,0.0515151515151515,0.0515151515151515,NA
"275_1","ASC 2",3,0.0175953079178886,0.00293255131964809,0.0253966394071683
"276_1","ASC 2",1,0.0884955752212389,0.0884955752212389,NA
"277_1","NAIVE 1",1,0.0495626822157434,0.0495626822157434,NA
"278_1","IgD-ve Memory",1,0.0527859237536657,0.0527859237536657,NA
"279_1","ASC 2",2,0.149462836509242,0.149462836509242,0.00264807962994855
"27_1","NAIVE 1",1,0.0346820809248555,0.0346820809248555,NA
"280_1","IgD-ve Memory",1,0.0297619047619048,0.0297619047619048,NA
"281_1","ASC 2",1,0.138972809667674,0.138972809667674,NA
"282_1","ASC 1",1,0.063953488372093,0.063953488372093,NA
"283_1","IgD+ve Memory",1,0.0352941176470588,0.0352941176470588,NA
"284_1","ASC 2",1,0.0460122699386503,0.0460122699386503,NA
"285_1","IgD+ve Memory",1,0.0305810397553517,0.0305810397553517,NA
"286_1","IgD-ve Memory",1,0.0486322188449848,0.0486322188449848,NA
"287_1","NAIVE 1",1,0.00291545189504373,0.00291545189504373,NA
"288_1","ASC 2",1,0.0529595015576324,0.0529595015576324,NA
"289_1","NAIVE 2",1,0,0,NA
"28_1","IgD+ve Memory",1,0.0117302052785924,0.0117302052785924,NA
"290_1","NAIVE 1",1,0.198813056379822,0.198813056379822,NA
"291_1","IgD+ve Memory",1,0.0237388724035608,0.0237388724035608,NA
"292_1","IgD+ve Memory",1,0.003003003003003,0.003003003003003,NA
"293_1","IgD-ve Memory",1,0.0476190476190476,0.0476190476190476,NA
"294_1","Early-Activation",1,0.0421686746987952,0.0421686746987952,NA
"295_1","ASC 2",1,0.0823170731707317,0.0823170731707317,NA
"296_1","ASC 2",1,0.0117994100294985,0.0117994100294985,NA
"297_1","IgD+ve Memory",2,0.110942249240122,0.110942249240122,0.00644778219926943
"298_1","IgD-ve Memory",1,0.0386904761904762,0.0386904761904762,NA
"299_1","NAIVE 1",1,0.064327485380117,0.064327485380117,NA
"29_1","IgD-ve Memory",1,0.0202312138728324,0.0202312138728324,NA
"2_1","ASC 2",1,0.00879765395894428,0.00879765395894428,NA
"300_1","ASC 2",1,0.029673590504451,0.029673590504451,NA
"301_1","NAIVE 2",1,0,0,NA
"302_1","ASC 3",1,0.023598820058997,0.023598820058997,NA
"303_1","ASC 2",1,0.0356083086053412,0.0356083086053412,NA
"304_1","ASC 2",1,0.0206489675516224,0.0206489675516224,NA
"305_1","ASC 2",1,0.0267857142857143,0.0267857142857143,NA
"306_1","Early-Activation",1,0.0351906158357771,0.0351906158357771,NA
"307_1","ASC 1",1,0.0238095238095238,0.0238095238095238,NA
"308_1","Cell-Cycling",1,0.0233918128654971,0.0233918128654971,NA
"309_1","ASC 2",1,0.0212121212121212,0.0212121212121212,NA
"30_1","IgD+ve Memory",1,0.0705882352941176,0.0705882352941176,NA
"310_1","ASC 2",1,0.018018018018018,0.018018018018018,NA
"311_1","IgD-ve Memory",1,0.110091743119266,0.110091743119266,NA
"312_1","ASC 2",1,0.00602409638554217,0.00602409638554217,NA
"313_1","ASC 3",1,0.056047197640118,0.056047197640118,NA
"314_1","IgD-ve Memory",1,0.0467836257309941,0.0467836257309941,NA
"315_1","ASC 2",1,0.0917431192660551,0.0917431192660551,NA
"315_1","Early-Activation",1,0.0917431192660551,0.0917431192660551,NA
"315_1","HSP+",1,0.0795107033639144,0.0795107033639144,NA
"315_1","IgD-ve Memory",1,0.0917431192660551,0.0917431192660551,NA
"316_1","ASC 2",1,0.0658682634730539,0.0658682634730539,NA
"317_1","ASC 2",3,0.0612244897959184,0.0612244897959184,0
"317_1","NAIVE 2",1,0.0612244897959184,0.0612244897959184,NA
"318_1","ASC 2",3,0.0621963070942663,0.0583090379008746,0.00673294774565162
"319_1","IgD-ve Memory",1,0.0613496932515337,0.0613496932515337,NA
"31_1","ASC 2",1,0.0381231671554252,0.0381231671554252,NA
"31_1","IgD-ve Memory",1,0.0381231671554252,0.0381231671554252,NA
"320_1","IgD+ve Memory",1,0.0604229607250755,0.0604229607250755,NA
"321_1","ASC 2",1,0,0,NA
"322_1","NAIVE 1",1,0.0558823529411765,0.0558823529411765,NA
"323_1","Cell-Cycling",1,0.0446428571428571,0.0446428571428571,NA
"323_1","Early-Activation",1,0.0623145400593472,0.0623145400593472,NA
"323_1","NAIVE 1",1,0.0919881305637982,0.0919881305637982,NA
"324_1","ASC 3",2,0.0204678362573099,0.0204678362573099,0
"325_1","NAIVE 1",1,0.0176470588235294,0.0176470588235294,NA
"326_1","NAIVE 2",1,0,0,NA
"327_1","NAIVE 1",1,0.0355029585798817,0.0355029585798817,NA
"328_1","NAIVE 2",1,0,0,NA
"329_1","ASC 2",1,0.0213414634146341,0.0213414634146341,NA
"32_1","IgD+ve Memory",3,0.0557184750733138,0.0586510263929619,0.00775880149872314
"32_1","IgD-ve Memory",1,0.0762463343108504,0.0762463343108504,NA
"32_2","IgD+ve Memory",1,0.0293255131964809,0.0293255131964809,NA
"330_1","ASC 2",1,0.105105105105105,0.105105105105105,NA
"331_1","ASC 2",1,0.0771513353115727,0.0771513353115727,NA
"332_1","ASC 2",1,0.106824925816024,0.106824925816024,NA
"333_1","ASC 2",2,0.0309734513274336,0.0309734513274336,0.00208586071146474
"334_1","NAIVE 1",1,0.0595238095238095,0.0595238095238095,NA
"335_1","ASC 2",1,0.0527859237536657,0.0527859237536657,NA
"336_1","Cell-Cycling",1,0,0,NA
"337_1","ASC 2",2,0.0652818991097923,0.0652818991097923,0.0377683147221301
"338_1","Early-Activation",1,0,0,NA
"339_1","Cell-Cycling",1,0.0357142857142857,0.0357142857142857,NA
"33_1","NAIVE 2",1,0.0028735632183908,0.0028735632183908,NA
"340_1","NAIVE 1",1,0,0,NA
"341_1","ASC 2",1,0.0237388724035608,0.0237388724035608,NA
"342_1","NAIVE 2",1,0,0,NA
"343_1","ASC 1",1,0.0325443786982249,0.0325443786982249,NA
"343_1","ASC 2",4,0.0303254437869822,0.0281065088757396,0.0128678386101577
"343_1","NAIVE 1",1,0.0355029585798817,0.0355029585798817,NA
"344_1","ASC 2",1,0,0,NA
"345_1","ASC 2",1,0.0557184750733138,0.0557184750733138,NA
"346_1","IgD-ve Memory",1,0.0328358208955224,0.0328358208955224,NA
"347_1","ASC 2",1,0.0869565217391304,0.0869565217391304,NA
"348_1","IgD-ve Memory",1,0.0208955223880597,0.0208955223880597,NA
"349_1","ASC 2",1,0.0384615384615385,0.0384615384615385,NA
"34_1","IgD-ve Memory",1,0.014792899408284,0.014792899408284,NA
"350_1","IgD-ve Memory",1,0.0379008746355685,0.0379008746355685,NA
"351_1","ASC 2",1,0.0498533724340176,0.0498533724340176,NA
"352_1","ASC 2",1,0.0741839762611276,0.0741839762611276,NA
"353_1","IgD-ve Memory",1,0.0207100591715976,0.0207100591715976,NA
"354_1","IgD-ve Memory",1,0.0682492581602374,0.0682492581602374,NA
"355_1","ASC 1",1,0.00879765395894428,0.00879765395894428,NA
"356_1","ASC 2",2,0.0175953079178886,0.0175953079178886,0
"357_1","ASC 2",1,0.0406976744186047,0.0406976744186047,NA
"358_1","ASC 2",1,0.0233918128654971,0.0233918128654971,NA
"359_1","ASC 2",1,0.00298507462686567,0.00298507462686567,NA
"35_1","NAIVE 2",1,0.00291545189504373,0.00291545189504373,NA
"360_1","NAIVE 2",1,0.024024024024024,0.024024024024024,NA
"361_1","Early-Activation",1,0.00591715976331361,0.00591715976331361,NA
"362_1","ASC 2",1,0.0263929618768328,0.0263929618768328,NA
"363_1","ASC 2",1,0.0203488372093023,0.0203488372093023,NA
"364_1","NAIVE 1",1,0.0712166172106825,0.0712166172106825,NA
"365_1","ASC 2",7,0.00294117647058824,0.00294117647058824,0
"366_1","IgD+ve Memory",1,0.0313390313390313,0.0313390313390313,NA
"367_1","ASC 2",2,0.0487106017191977,0.0487106017191977,0
"368_1","IgD-ve Memory",2,0.0292397660818713,0.0292397660818713,0
"369_1","IgD+ve Memory",1,0.0267062314540059,0.0267062314540059,NA
"36_1","NAIVE 1",1,0.0443786982248521,0.0443786982248521,NA
"370_1","HSP+",1,0.0141643059490085,0.0141643059490085,NA
"370_1","IgD+ve Memory",1,0.0028328611898017,0.0028328611898017,NA
"370_1","IgD-ve Memory",1,0.0453257790368272,0.0453257790368272,NA
"371_1","NAIVE 2",1,0,0,NA
"372_1","ASC 2",2,0.0428571428571429,0.0428571428571429,0
"373_1","ASC 2",1,0.127906976744186,0.127906976744186,NA
"374_1","ASC 2",1,0.0427350427350427,0.0427350427350427,NA
"375_1","IgD+ve Memory",1,0.0431034482758621,0.0431034482758621,NA
"376_1","ASC 2",1,0.00282485875706215,0.00282485875706215,NA
"377_1","ASC 2",1,0.00563380281690141,0.00563380281690141,NA
"378_1","Early-Activation",1,0.0481586402266289,0.0481586402266289,NA
"379_1","NAIVE 1",1,0.0591549295774648,0.0591549295774648,NA
"37_1","NAIVE 2",1,0.0494186046511628,0.0494186046511628,NA
"37_2","ASC 2",1,0.0145348837209302,0.0145348837209302,NA
"380_1","ASC 3",1,0.00294117647058824,0.00294117647058824,NA
"381_1","ASC 2",2,0.0959885386819484,0.0959885386819484,0.0182348453601115
"382_1","IgD-ve Memory",1,0.00561797752808989,0.00561797752808989,NA
"383_1","ASC 2",1,0.0114285714285714,0.0114285714285714,NA
"384_1","ASC 2",1,0.0201149425287356,0.0201149425287356,NA
"385_1","ASC 1",1,0.0198863636363636,0.0198863636363636,NA
"385_1","ASC 2",1,0.0198863636363636,0.0198863636363636,NA
"386_1","IgD+ve Memory",1,0.00291545189504373,0.00291545189504373,NA
"387_1","NAIVE 2",1,0,0,NA
"388_1","ASC 1",1,0.0893371757925072,0.0893371757925072,NA
"388_1","ASC 2",1,0.0893371757925072,0.0893371757925072,NA
"389_1","IgD+ve Memory",1,0.0173410404624277,0.0173410404624277,NA
"38_1","NAIVE 2",1,0.00288184438040346,0.00288184438040346,NA
"390_1","NAIVE 1",1,0.0495626822157434,0.0495626822157434,NA
"391_1","Early-Activation",1,0.0414201183431953,0.0414201183431953,NA
"392_1","NAIVE 2",1,0,0,NA
"393_1","IgD+ve Memory",1,0.0385756676557863,0.0385756676557863,NA
"393_2","DN2",1,0.0385756676557863,0.0385756676557863,NA
"394_1","ASC 2",3,0.0117647058823529,0.0117647058823529,0
"395_1","IgD+ve Memory",1,0.0558823529411765,0.0558823529411765,NA
"396_1","Cell-Cycling",1,0.0176991150442478,0.0176991150442478,NA
"397_1","IgD-ve Memory",1,0.0674846625766871,0.0674846625766871,NA
"398_1","IgD-ve Memory",1,0.0591715976331361,0.0591715976331361,NA
"399_1","IgD+ve Memory",1,0.0798816568047337,0.0798816568047337,NA
"399_1","IgD-ve Memory",1,0.0857988165680473,0.0857988165680473,NA
"39_1","ASC 2",1,0,0,NA
"3_1","ASC 3",1,0.0532544378698225,0.0532544378698225,NA
"400_1","ASC 2",1,0.0634005763688761,0.0634005763688761,NA
"401_1","Cell-Cycling",1,0,0,NA
"402_1","ASC 3",1,0.0697674418604651,0.0697674418604651,NA
"403_1","IgD+ve Memory",1,0.0930232558139535,0.0930232558139535,NA
"404_1","ASC 2",1,0.0949554896142433,0.0949554896142433,NA
"404_1","IgD+ve Memory",4,0.0756676557863502,0.0727002967359051,0.0194582745528249
"404_1","IgD-ve Memory",3,0.0781404549950544,0.0801186943620178,0.0238006120979544
"404_2","IgD+ve Memory",1,0.0623145400593472,0.0623145400593472,NA
"405_1","ASC 2",1,0.0340909090909091,0.0340909090909091,NA
"405_2","ASC 2",1,0.0596590909090909,0.0596590909090909,NA
"406_1","Cell-Cycling",1,0.0803571428571429,0.0803571428571429,NA
"407_1","ASC 2",1,0.0434782608695652,0.0434782608695652,NA
"408_1","NAIVE 2",1,0.00292397660818713,0.00292397660818713,NA
"409_1","ASC 2",1,0.133720930232558,0.133720930232558,NA
"40_1","ASC 2",1,0.0148809523809524,0.0148809523809524,NA
"410_1","NAIVE 1",1,0,0,NA
"411_1","IgD+ve Memory",1,0.0753623188405797,0.0753623188405797,NA
"412_1","IgD-ve Memory",1,0.00583090379008746,0.00583090379008746,NA
"413_1","ASC 3",1,0.00588235294117647,0.00588235294117647,NA
"413_1","Cell-Cycling",1,0.00588235294117647,0.00588235294117647,NA
"414_1","IgD+ve Memory",1,0.100303951367781,0.100303951367781,NA
"415_1","ASC 2",1,0.0699708454810496,0.0699708454810496,NA
"416_1","ASC 2",1,0,0,NA
"417_1","Early-Activation",1,0.0887573964497041,0.0887573964497041,NA
"417_2","IgD-ve Memory",1,0.0680473372781065,0.0680473372781065,NA
"418_1","ASC 2",1,0.0060790273556231,0.0060790273556231,NA
"419_1","NAIVE 1",1,0.103550295857988,0.103550295857988,NA
"41_1","IgD-ve Memory",1,0.0172910662824208,0.0172910662824208,NA
"420_1","IgD-ve Memory",1,0.0521472392638037,0.0521472392638037,NA
"421_1","ASC 2",1,0.0558823529411765,0.0558823529411765,NA
"421_2","NAIVE 1",1,0.0529411764705882,0.0529411764705882,NA
"422_1","NAIVE 2",1,0,0,NA
"423_1","IgD-ve Memory",1,0.0507462686567164,0.0507462686567164,NA
"424_1","ASC 2",1,0.131578947368421,0.131578947368421,NA
"425_1","ASC 2",2,0.0583832335329341,0.0583832335329341,0.00635125851365162
"426_1","NAIVE 2",1,0.00303951367781155,0.00303951367781155,NA
"427_1","ASC 1",1,0.0512048192771084,0.0512048192771084,NA
"428_1","ASC 2",1,0.00298507462686567,0.00298507462686567,NA
"429_1","IgD+ve Memory",1,0,0,NA
"42_1","Early-Activation",1,0.0266272189349112,0.0266272189349112,NA
"430_1","Cell-Cycling",1,0.0117647058823529,0.0117647058823529,NA
"431_1","NAIVE 1",1,0,0,NA
"432_1","IgD-ve Memory",1,0.092814371257485,0.092814371257485,NA
"433_1","ASC 2",1,0.0236686390532544,0.0236686390532544,NA
"434_1","NAIVE 2",1,0,0,NA
"435_1","ASC 1",1,0.0376811594202899,0.0376811594202899,NA
"436_1","IgD+ve Memory",1,0.0385756676557863,0.0385756676557863,NA
"437_1","ASC 2",1,0.0029673590504451,0.0029673590504451,NA
"438_1","ASC 2",2,0.032258064516129,0.032258064516129,0.0082945076972029
"438_1","IgD-ve Memory",1,0.0381231671554252,0.0381231671554252,NA
"439_1","IgD-ve Memory",1,0.0652818991097923,0.0652818991097923,NA
"43_1","Early-Activation",1,0.0204678362573099,0.0204678362573099,NA
"440_1","ASC 2",1,0.0146627565982405,0.0146627565982405,NA
"441_1","ASC 2",1,0.0333333333333333,0.0333333333333333,NA
"442_1","ASC 2",1,0.0208333333333333,0.0208333333333333,NA
"443_1","NAIVE 1",1,0.0479041916167665,0.0479041916167665,NA
"444_1","IgD+ve Memory",1,0.06158357771261,0.06158357771261,NA
"444_1","IgD-ve Memory",1,0.0850439882697947,0.0850439882697947,NA
"444_2","IgD+ve Memory",1,0.0879765395894428,0.0879765395894428,NA
"445_1","NAIVE 1",1,0.0417910447761194,0.0417910447761194,NA
"446_1","ASC 2",1,0.0176470588235294,0.0176470588235294,NA
"447_1","ASC 2",1,0.0906432748538012,0.0906432748538012,NA
"448_1","IgD+ve Memory",1,0.0477611940298507,0.0477611940298507,NA
"449_1","Cell-Cycling",1,0.0176470588235294,0.0176470588235294,NA
"44_1","NAIVE 2",1,0.00297619047619048,0.00297619047619048,NA
"450_1","NAIVE 1",1,0.0357142857142857,0.0357142857142857,NA
"451_1","ASC 1",1,0.0148367952522255,0.0148367952522255,NA
"452_1","NAIVE 1",1,0.00595238095238095,0.00595238095238095,NA
"453_1","ASC 2",1,0.0785498489425982,0.0785498489425982,NA
"454_1","IgD+ve Memory",1,0.0787878787878788,0.0787878787878788,NA
"455_1","NAIVE 1",1,0,0,NA
"456_1","ASC 2",1,0.0794117647058823,0.0794117647058823,NA
"457_1","NAIVE 1",1,0.0593471810089021,0.0593471810089021,NA
"458_1","ASC 3",1,0.0176470588235294,0.0176470588235294,NA
"459_1","ASC 2",1,0.0868263473053892,0.0868263473053892,NA
"45_1","IgD+ve Memory",1,0,0,NA
"460_1","ASC 2",1,0.0117647058823529,0.0117647058823529,NA
"461_1","ASC 1",1,0.0396341463414634,0.0396341463414634,NA
"462_1","NAIVE 2",1,0.00903614457831325,0.00903614457831325,NA
"463_1","IgD-ve Memory",1,0.0386904761904762,0.0386904761904762,NA
"464_1","IgD+ve Memory",1,0.0600600600600601,0.0600600600600601,NA
"464_2","Cell-Cycling",1,0.0600600600600601,0.0600600600600601,NA
"465_1","NAIVE 1",1,0.0029585798816568,0.0029585798816568,NA
"466_1","NAIVE 1",1,0,0,NA
"467_1","IgD+ve Memory",1,0.0936555891238671,0.0936555891238671,NA
"468_1","IgD-ve Memory",1,0.0868263473053892,0.0868263473053892,NA
"469_1","ASC 3",2,0.0324483775811209,0.0324483775811209,0
"46_1","ASC 2",1,0.0147058823529412,0.0147058823529412,NA
"46_1","NAIVE 1",1,0.0147058823529412,0.0147058823529412,NA
"470_1","ASC 2",1,0.00887573964497041,0.00887573964497041,NA
"471_1","ASC 1",1,0.00595238095238095,0.00595238095238095,NA
"471_1","ASC 2",3,0.00595238095238095,0.00595238095238095,0
"471_2","NAIVE 1",1,0.0327380952380952,0.0327380952380952,NA
"472_1","DN2",1,0.0178571428571429,0.0178571428571429,NA
"473_1","NAIVE 2",1,0,0,NA
"474_1","NAIVE 2",1,0,0,NA
"475_1","IgD-ve Memory",1,0,0,NA
"476_1","NAIVE 2",1,0,0,NA
"477_1","ASC 2",1,0.102639296187683,0.102639296187683,NA
"478_1","IgD-ve Memory",1,0.0326409495548961,0.0326409495548961,NA
"479_1","IgD+ve Memory",1,0,0,NA
"47_1","IgD+ve Memory",1,0.0269461077844311,0.0269461077844311,NA
"480_1","ASC 3",1,0.00882352941176471,0.00882352941176471,NA
"481_1","DN2",1,0.0825958702064897,0.0825958702064897,NA
"481_1","IgD+ve Memory",6,0.0825958702064897,0.0825958702064897,0
"481_2","NAIVE 1",1,0.0825958702064897,0.0825958702064897,NA
"481_3","IgD+ve Memory",1,0.0825958702064897,0.0825958702064897,NA
"482_1","IgD+ve Memory",1,0.079646017699115,0.079646017699115,NA
"483_1","ASC 2",1,0.0262390670553936,0.0262390670553936,NA
"484_1","NAIVE 1",1,0.0919881305637982,0.0919881305637982,NA
"485_1","DN2",1,0.0263157894736842,0.0263157894736842,NA
"486_1","ASC 2",1,0.0707964601769911,0.0707964601769911,NA
"487_1","ASC 2",3,0.0678642714570858,0.0658682634730539,0.00914685767456256
"488_1","NAIVE 1",1,0.0178041543026706,0.0178041543026706,NA
"489_1","ASC 2",1,0.0386904761904762,0.0386904761904762,NA
"48_1","NAIVE 1",1,0.00289017341040462,0.00289017341040462,NA
"490_1","IgD+ve Memory",1,0,0,NA
"491_1","IgD+ve Memory",1,0.00589970501474926,0.00589970501474926,NA
"492_1","NAIVE 2",1,0,0,NA
"493_1","IgD-ve Memory",1,0.0238095238095238,0.0238095238095238,NA
"494_1","IgD+ve Memory",1,0.0207715133531157,0.0207715133531157,NA
"495_1","ASC 2",1,0.0769230769230769,0.0769230769230769,NA
"496_1","ASC 2",2,0.112759643916914,0.112759643916914,0.00419647941357001
"497_1","ASC 2",1,0.0439882697947214,0.0439882697947214,NA
"498_1","ASC 2",1,0.0204678362573099,0.0204678362573099,NA
"499_1","NAIVE 2",1,0,0,NA
"49_1","IgD-ve Memory",1,0.0028735632183908,0.0028735632183908,NA
"4_1","ASC 1",1,0.00857142857142857,0.00857142857142857,NA
"500_1","IgD+ve Memory",1,0.048048048048048,0.048048048048048,NA
"500_2","IgD+ve Memory",1,0.024024024024024,0.024024024024024,NA
"501_1","ASC 1",1,0.0586510263929619,0.0586510263929619,NA
"501_1","ASC 2",7,0.0950984499371596,0.102639296187683,0.0114653809664047
"501_1","NAIVE 1",1,0.06158357771261,0.06158357771261,NA
"502_1","ASC 1",1,0.0515151515151515,0.0515151515151515,NA
"502_1","ASC 3",1,0.0363636363636364,0.0363636363636364,NA
"502_1","Cell-Cycling",2,0.0393939393939394,0.0393939393939394,0.0171419825742193
"502_1","IgD+ve Memory",9,0.0397306397306397,0.0363636363636364,0.00793749174015238
"502_2","IgD+ve Memory",1,0.0424242424242424,0.0424242424242424,NA
"503_1","ASC 2",1,0.0267857142857143,0.0267857142857143,NA
"504_1","ASC 2",1,0.0735294117647059,0.0735294117647059,NA
"505_1","IgD-ve Memory",1,0.0455927051671733,0.0455927051671733,NA
"506_1","Early-Activation",1,0.0412979351032448,0.0412979351032448,NA
"507_1","IgD+ve Memory",1,0,0,NA
"508_1","NAIVE 1",1,0,0,NA
"509_1","IgD-ve Memory",1,0.0029673590504451,0.0029673590504451,NA
"50_1","NAIVE 1",1,0,0,NA
"510_1","ASC 2",1,0.0816326530612245,0.0816326530612245,NA
"511_1","IgD-ve Memory",1,0.0591715976331361,0.0591715976331361,NA
"512_1","ASC 2",1,0.023598820058997,0.023598820058997,NA
"512_1","NAIVE 2",1,0.023598820058997,0.023598820058997,NA
"512_2","NAIVE 2",1,0.023598820058997,0.023598820058997,NA
"512_3","NAIVE 2",1,0.023598820058997,0.023598820058997,NA
"513_1","IgD+ve Memory",1,0.0672514619883041,0.0672514619883041,NA
"514_1","HSP+",1,0.045045045045045,0.045045045045045,NA
"514_1","IgD+ve Memory",11,0.064508502008502,0.0714285714285714,0.0238423539320383
"514_1","IgD-ve Memory",1,0.0960960960960961,0.0960960960960961,NA
"514_2","IgD-ve Memory",1,0.0810810810810811,0.0810810810810811,NA
"515_1","IgD+ve Memory",1,0.0121580547112462,0.0121580547112462,NA
"516_1","IgD+ve Memory",3,0.0527363184079602,0.0567164179104478,0.00959567239899796
"516_2","IgD+ve Memory",1,0.0477611940298507,0.0477611940298507,NA
"516_3","Cell-Cycling",1,0.0567164179104478,0.0567164179104478,NA
"517_1","ASC 2",1,0.03003003003003,0.03003003003003,NA
"518_1","Early-Activation",1,0.0240963855421687,0.0240963855421687,NA
"519_1","IgD+ve Memory",1,0.0976331360946746,0.0976331360946746,NA
"51_1","ASC 1",1,0.015015015015015,0.015015015015015,NA
"51_1","ASC 2",2,0.015015015015015,0.015015015015015,0
"520_1","ASC 2",1,0.0728862973760933,0.0728862973760933,NA
"520_1","NAIVE 1",2,0.0641399416909621,0.0641399416909621,0.0206153580520859
"521_1","NAIVE 2",1,0.00584795321637427,0.00584795321637427,NA
"522_1","ASC 2",1,0.0412979351032448,0.0412979351032448,NA
"523_1","ASC 2",1,0.0606060606060606,0.0606060606060606,NA
"524_1","IgD+ve Memory",1,0.0555555555555556,0.0555555555555556,NA
"525_1","ASC 2",1,0.0203488372093023,0.0203488372093023,NA
"526_1","ASC 1",3,0.0847953216374269,0.0847953216374269,0
"526_1","ASC 2",3,0.0721247563352826,0.0789473684210526,0.0171329394066734
"527_1","NAIVE 1",1,0,0,NA
"528_1","IgD-ve Memory",1,0.0739644970414201,0.0739644970414201,NA
"529_1","IgD-ve Memory",1,0.0652818991097923,0.0652818991097923,NA
"52_1","Cell-Cycling",1,0.0146198830409357,0.0146198830409357,NA
"530_1","ASC 2",1,0.0409356725146199,0.0409356725146199,NA
"531_1","ASC 2",2,0.0568513119533528,0.0568513119533528,0.00618460741562578
"532_1","ASC 2",1,0.0292397660818713,0.0292397660818713,NA
"533_1","ASC 1",1,0.0356083086053412,0.0356083086053412,NA
"534_1","ASC 2",1,0.054380664652568,0.054380664652568,NA
"535_1","ASC 3",1,0.0173913043478261,0.0173913043478261,NA
"536_1","ASC 1",1,0.0236686390532544,0.0236686390532544,NA
"537_1","ASC 2",1,0.0241691842900302,0.0241691842900302,NA
"538_1","ASC 2",1,0.0151057401812689,0.0151057401812689,NA
"539_1","ASC 2",1,0.0467836257309941,0.0467836257309941,NA
"53_1","ASC 2",3,0.0497076023391813,0.0497076023391813,0
"540_1","ASC 1",1,0.0385756676557863,0.0385756676557863,NA
"540_1","ASC 2",1,0.0474777448071217,0.0474777448071217,NA
"541_1","IgD+ve Memory",1,0,0,NA
"542_1","DN2",1,0.0150602409638554,0.0150602409638554,NA
"543_1","IgD-ve Memory",1,0.0119402985074627,0.0119402985074627,NA
"544_1","ASC 2",1,0.056047197640118,0.056047197640118,NA
"545_1","ASC 2",1,0.0208955223880597,0.0208955223880597,NA
"545_1","HSP+",1,0.0208955223880597,0.0208955223880597,NA
"546_1","IgD+ve Memory",1,0.0588235294117647,0.0588235294117647,NA
"547_1","ASC 2",1,0.0595238095238095,0.0595238095238095,NA
"548_1","ASC 2",1,0.0537313432835821,0.0537313432835821,NA
"549_1","Early-Activation",1,0.0294985250737463,0.0294985250737463,NA
"54_1","IgD-ve Memory",1,0.0697674418604651,0.0697674418604651,NA
"550_1","IgD-ve Memory",1,0.0087719298245614,0.0087719298245614,NA
"551_1","ASC 2",1,0.003003003003003,0.003003003003003,NA
"552_1","ASC 1",1,0.0593471810089021,0.0593471810089021,NA
"553_1","IgD-ve Memory",1,0.0355029585798817,0.0355029585798817,NA
"554_1","NAIVE 1",1,0.00292397660818713,0.00292397660818713,NA
"555_1","ASC 2",3,0.048180924287119,0.0471976401179941,0.00170309813920244
"556_1","NAIVE 2",1,0.00591715976331361,0.00591715976331361,NA
"557_1","NAIVE 1",1,0.00586510263929619,0.00586510263929619,NA
"558_1","IgD+ve Memory",14,0.0271512113617377,0.0263157894736842,0.00212360537778527
"558_1","NAIVE 1",1,0.0263157894736842,0.0263157894736842,NA
"558_2","DN2",1,0.0321637426900585,0.0321637426900585,NA
"558_3","IgD+ve Memory",1,0.0263157894736842,0.0263157894736842,NA
"559_1","ASC 2",1,0.0383480825958702,0.0383480825958702,NA
"55_1","NAIVE 1",1,0.00884955752212389,0.00884955752212389,NA
"560_1","NAIVE 1",1,0,0,NA
"561_1","ASC 1",1,0.056379821958457,0.056379821958457,NA
"561_1","ASC 2",10,0.0807121661721068,0.0830860534124629,0.0110852033441123
"562_1","NAIVE 1",1,0.0979228486646884,0.0979228486646884,NA
"563_1","NAIVE 1",1,0,0,NA
"564_1","ASC 2",1,0.00909090909090909,0.00909090909090909,NA
"565_1","ASC 2",2,0.056379821958457,0.056379821958457,0
"566_1","ASC 2",1,0.0409356725146199,0.0409356725146199,NA
"567_1","NAIVE 2",1,0,0,NA
"568_1","ASC 2",1,0.0508982035928144,0.0508982035928144,NA
"568_2","IgD+ve Memory",1,0.0538922155688623,0.0538922155688623,NA
"568_3","IgD+ve Memory",1,0.0538922155688623,0.0538922155688623,NA
"569_1","IgD-ve Memory",1,0.0174927113702624,0.0174927113702624,NA
"56_1","NAIVE 2",1,0,0,NA
"570_1","ASC 2",4,0.0426646706586826,0.0434131736526946,0.0115635032198168
"570_1","IgD+ve Memory",1,0.0359281437125748,0.0359281437125748,NA
"570_2","IgD+ve Memory",1,0.0179640718562874,0.0179640718562874,NA
"571_1","ASC 2",1,0.0269461077844311,0.0269461077844311,NA
"572_1","ASC 2",1,0.0393939393939394,0.0393939393939394,NA
"572_1","Cell-Cycling",1,0.0454545454545455,0.0454545454545455,NA
"573_1","ASC 2",1,0.0395136778115502,0.0395136778115502,NA
"573_2","ASC 2",1,0.0212765957446809,0.0212765957446809,NA
"574_1","NAIVE 1",1,0.00294985250737463,0.00294985250737463,NA
"575_1","IgD-ve Memory",1,0.0177514792899408,0.0177514792899408,NA
"576_1","IgD+ve Memory",1,0.00583090379008746,0.00583090379008746,NA
"577_1","IgD+ve Memory",1,0.0116618075801749,0.0116618075801749,NA
"578_1","IgD+ve Memory",1,0.0358208955223881,0.0358208955223881,NA
"579_1","NAIVE 1",1,0.00890207715133531,0.00890207715133531,NA
"57_1","IgD-ve Memory",1,0.0375722543352601,0.0375722543352601,NA
"580_1","NAIVE 1",1,0.11046511627907,0.11046511627907,NA
"581_1","ASC 2",7,0.0497076023391813,0.0497076023391813,0
"581_1","IgD+ve Memory",1,0.0497076023391813,0.0497076023391813,NA
"581_1","NAIVE 1",1,0.0497076023391813,0.0497076023391813,NA
"581_1","Transitional",1,0.0467836257309941,0.0467836257309941,NA
"582_1","NAIVE 1",1,0.00872093023255814,0.00872093023255814,NA
"583_1","ASC 2",2,0.0204081632653061,0.0204081632653061,0
"584_1","ASC 2",1,0.0614035087719298,0.0614035087719298,NA
"585_1","NAIVE 2",1,0,0,NA
"586_1","ASC 2",1,0.0199430199430199,0.0199430199430199,NA
"587_1","NAIVE 2",1,0,0,NA
"588_1","NAIVE 1",1,0,0,NA
"589_1","IgD-ve Memory",1,0.0535714285714286,0.0535714285714286,NA
"58_1","NAIVE 2",1,0,0,NA
"590_1","NAIVE 2",1,0.0176470588235294,0.0176470588235294,NA
"591_1","IgD+ve Memory",1,0.0233918128654971,0.0233918128654971,NA
"592_1","NAIVE 1",1,0.0116618075801749,0.0116618075801749,NA
"593_1","IgD+ve Memory",1,0,0,NA
"594_1","ASC 2",2,0.108340377571147,0.108340377571147,0.0151423261116308
"595_1","ASC 2",1,0.0375722543352601,0.0375722543352601,NA
"596_1","ASC 2",1,0.0405797101449275,0.0405797101449275,NA
"597_1","Early-Activation",1,0.0530973451327434,0.0530973451327434,NA
"597_1","IgD+ve Memory",1,0.0383480825958702,0.0383480825958702,NA
"598_1","ASC 2",2,0.0666666666666667,0.0666666666666667,0
"599_1","NAIVE 1",1,0.037463976945245,0.037463976945245,NA
"59_1","NAIVE 2",1,0,0,NA
"5_1","ASC 2",1,0.0558659217877095,0.0558659217877095,NA
"600_1","ASC 2",1,0,0,NA
"601_1","NAIVE 1",1,0.0174418604651163,0.0174418604651163,NA
"602_1","IgD+ve Memory",1,0.0555555555555556,0.0555555555555556,NA
"603_1","Cell-Cycling",1,0.02,0.02,NA
"604_1","ASC 2",1,0.0313390313390313,0.0313390313390313,NA
"605_1","Early-Activation",1,0.0628571428571429,0.0628571428571429,NA
"606_1","ASC 2",1,0.047752808988764,0.047752808988764,NA
"607_1","ASC 2",2,0.023876404494382,0.023876404494382,0.001986255003333
"607_1","NAIVE 1",2,0.0252808988764045,0.0252808988764045,0
"607_2","Early-Activation",1,0.0252808988764045,0.0252808988764045,NA
"608_1","NAIVE 1",1,0,0,NA
"609_1","ASC 2",1,0.0517241379310345,0.0517241379310345,NA
"60_1","IgD-ve Memory",1,0.0231884057971014,0.0231884057971014,NA
"610_1","IgD-ve Memory",1,0.0703812316715543,0.0703812316715543,NA
"611_1","DN2",1,0.0495626822157434,0.0495626822157434,NA
"612_1","IgD-ve Memory",1,0.0530973451327434,0.0530973451327434,NA
"613_1","ASC 3",1,0.0549132947976879,0.0549132947976879,NA
"614_1","NAIVE 2",1,0.0112994350282486,0.0112994350282486,NA
"615_1","NAIVE 1",1,0.0657142857142857,0.0657142857142857,NA
"616_1","ASC 2",5,0.0760806916426513,0.0778097982708934,0.00751493072645839
"617_1","IgD+ve Memory",2,0.109826589595376,0.109826589595376,0.0163492897384173
"618_1","ASC 2",1,0,0,NA
"619_1","ASC 2",2,0.0705882352941176,0.0705882352941176,0.00415945165403852
"61_1","Cell-Cycling",1,0,0,NA
"620_1","ASC 2",9,0.0750077808901338,0.0756302521008403,0.00123517801637002
"620_1","IgD-ve Memory",1,0.0364145658263305,0.0364145658263305,NA
"620_2","IgD-ve Memory",1,0.0364145658263305,0.0364145658263305,NA
"621_1","ASC 2",1,0.0252808988764045,0.0252808988764045,NA
"622_1","Cell-Cycling",1,0.117994100294985,0.117994100294985,NA
"623_1","NAIVE 1",1,0.0147058823529412,0.0147058823529412,NA
"624_1","ASC 2",1,0.0087463556851312,0.0087463556851312,NA
"625_1","Early-Activation",1,0.00293255131964809,0.00293255131964809,NA
"626_1","ASC 2",1,0.0117994100294985,0.0117994100294985,NA
"627_1","ASC 2",1,0.0112359550561798,0.0112359550561798,NA
"628_1","ASC 2",1,0.0223463687150838,0.0223463687150838,NA
"629_1","ASC 2",1,0,0,NA
"62_1","ASC 2",2,0.0258620689655172,0.0258620689655172,0
"630_1","NAIVE 2",1,0,0,NA
"631_1","IgD+ve Memory",1,0.0115606936416185,0.0115606936416185,NA
"632_1","NAIVE 2",1,0,0,NA
"633_1","Cell-Cycling",1,0.0173410404624277,0.0173410404624277,NA
"634_1","ASC 2",1,0.0703812316715543,0.0703812316715543,NA
"635_1","ASC 3",1,0.0697674418604651,0.0697674418604651,NA
"636_1","NAIVE 1",1,0.0028169014084507,0.0028169014084507,NA
"637_1","ASC 2",1,0.0550724637681159,0.0550724637681159,NA
"638_1","ASC 2",1,0.0553935860058309,0.0553935860058309,NA
"639_1","NAIVE 2",1,0,0,NA
"63_1","IgD+ve Memory",1,0.00294117647058824,0.00294117647058824,NA
"640_1","NAIVE 1",1,0.0202898550724638,0.0202898550724638,NA
"641_1","NAIVE 1",1,0.0473372781065089,0.0473372781065089,NA
"642_1","NAIVE 2",1,0,0,NA
"643_1","IgD+ve Memory",2,0.064742124614926,0.064742124614926,0.00597277913155685
"643_1","IgD-ve Memory",1,0.0689655172413793,0.0689655172413793,NA
"644_1","IgD+ve Memory",1,0.0892857142857143,0.0892857142857143,NA
"645_1","ASC 2",1,0.0112994350282486,0.0112994350282486,NA
"646_1","ASC 3",1,0.0290697674418605,0.0290697674418605,NA
"647_1","IgD+ve Memory",1,0.0687679083094556,0.0687679083094556,NA
"648_1","ASC 2",4,0.0977941176470588,0.0911764705882353,0.0132352941176471
"649_1","IgD+ve Memory",1,0.0171919770773639,0.0171919770773639,NA
"64_1","IgD+ve Memory",1,0.0321637426900585,0.0321637426900585,NA
"650_1","NAIVE 1",1,0,0,NA
"651_1","ASC 2",1,0,0,NA
"652_1","ASC 2",1,0.00867052023121387,0.00867052023121387,NA
"653_1","IgD+ve Memory",3,0.021780303030303,0.0198863636363636,0.00328039925675924
"654_1","ASC 2",1,0.0142450142450142,0.0142450142450142,NA
"655_1","NAIVE 1",1,0.00280898876404494,0.00280898876404494,NA
"656_1","ASC 2",1,0.0392156862745098,0.0392156862745098,NA
"657_1","NAIVE 1",1,0,0,NA
"658_1","ASC 2",1,0.0753623188405797,0.0753623188405797,NA
"659_1","Cell-Cycling",1,0.0171428571428571,0.0171428571428571,NA
"65_1","Cell-Cycling",1,0.0201729106628242,0.0201729106628242,NA
"660_1","ASC 2",1,0.0862068965517241,0.0862068965517241,NA
"661_1","IgD+ve Memory",1,0,0,NA
"662_1","ASC 1",1,0.0168539325842697,0.0168539325842697,NA
"663_1","NAIVE 1",1,0.0056657223796034,0.0056657223796034,NA
"664_1","IgD+ve Memory",1,0.0169014084507042,0.0169014084507042,NA
"665_1","ASC 2",1,0,0,NA
"666_1","ASC 2",1,0.00867052023121387,0.00867052023121387,NA
"667_1","ASC 2",1,0.00857142857142857,0.00857142857142857,NA
"668_1","IgD+ve Memory",1,0.0439882697947214,0.0439882697947214,NA
"669_1","IgD+ve Memory",1,0.0203488372093023,0.0203488372093023,NA
"66_1","Cell-Cycling",1,0.0617647058823529,0.0617647058823529,NA
"670_1","IgD+ve Memory",1,0.0386904761904762,0.0386904761904762,NA
"671_1","NAIVE 1",1,0,0,NA
"672_1","IgD+ve Memory",1,0,0,NA
"673_1","ASC 2",1,0,0,NA
"674_1","NAIVE 2",1,0,0,NA
"675_1","Cell-Cycling",1,0,0,NA
"676_1","ASC 1",1,0.0828402366863905,0.0828402366863905,NA
"677_1","ASC 2",1,0.0198300283286119,0.0198300283286119,NA
"678_1","Cell-Cycling",1,0.00573065902578797,0.00573065902578797,NA
"679_1","ASC 2",1,0.0689655172413793,0.0689655172413793,NA
"67_1","ASC 2",1,0.0324483775811209,0.0324483775811209,NA
"680_1","ASC 3",1,0.0230547550432277,0.0230547550432277,NA
"681_1","ASC 2",1,0.106508875739645,0.106508875739645,NA
"682_1","ASC 2",1,0.0726744186046512,0.0726744186046512,NA
"683_1","IgD-ve Memory",1,0.0654761904761905,0.0654761904761905,NA
"684_1","NAIVE 1",1,0,0,NA
"685_1","NAIVE 2",1,0,0,NA
"686_1","NAIVE 2",1,0.0029940119760479,0.0029940119760479,NA
"687_1","Cell-Cycling",1,0,0,NA
"688_1","ASC 2",1,0.0558823529411765,0.0558823529411765,NA
"689_1","NAIVE 1",1,0,0,NA
"68_1","NAIVE 2",1,0,0,NA
"690_1","ASC 2",3,0.0508474576271186,0.0508474576271186,0.00847457627118644
"691_1","ASC 3",1,0.0434782608695652,0.0434782608695652,NA
"692_1","ASC 2",2,0.0514285714285714,0.0514285714285714,0.00404061017820884
"693_1","ASC 2",2,0.0811594202898551,0.0811594202898551,0
"694_1","Cell-Cycling",1,0.00852272727272727,0.00852272727272727,NA
"695_1","ASC 2",1,0.0823863636363636,0.0823863636363636,NA
"696_1","IgD+ve Memory",1,0.0617647058823529,0.0617647058823529,NA
"697_1","ASC 2",1,0,0,NA
"698_1","ASC 2",1,0.0142045454545455,0.0142045454545455,NA
"699_1","ASC 2",1,0.0315186246418338,0.0315186246418338,NA
"69_1","NAIVE 2",1,0.00882352941176471,0.00882352941176471,NA
"6_1","NAIVE 2",1,0,0,NA
"700_1","IgD-ve Memory",1,0.0373563218390805,0.0373563218390805,NA
"701_1","IgD-ve Memory",1,0.0342857142857143,0.0342857142857143,NA
"702_1","IgD+ve Memory",7,0.0504623088173322,0.05,0.00708775692901975
"702_1","IgD-ve Memory",1,0.0558823529411765,0.0558823529411765,NA
"702_2","IgD+ve Memory",1,0.0647058823529412,0.0647058823529412,NA
"702_3","ASC 3",1,0.0735294117647059,0.0735294117647059,NA
"702_4","IgD+ve Memory",1,0.0411764705882353,0.0411764705882353,NA
"703_1","Cell-Cycling",2,0.0014367816091954,0.0014367816091954,0.00203191603789238
"704_1","ASC 2",1,0.0087463556851312,0.0087463556851312,NA
"705_1","ASC 2",1,0.0890207715133531,0.0890207715133531,NA
"706_1","ASC 2",1,0.037463976945245,0.037463976945245,NA
"707_1","NAIVE 2",1,0,0,NA
"708_1","ASC 1",1,0.00837988826815642,0.00837988826815642,NA
"709_1","ASC 2",1,0.0658682634730539,0.0658682634730539,NA
"70_1","ASC 2",1,0.0703812316715543,0.0703812316715543,NA
"70_1","Early-Activation",1,0.0674486803519062,0.0674486803519062,NA
"710_1","ASC 2",1,0.0150602409638554,0.0150602409638554,NA
"711_1","ASC 2",1,0.0118694362017804,0.0118694362017804,NA
"712_1","IgD+ve Memory",1,0.023121387283237,0.023121387283237,NA
"713_1","IgD-ve Memory",1,0.06158357771261,0.06158357771261,NA
"714_1","ASC 2",4,0.0747126436781609,0.0747126436781609,0
"715_1","IgD+ve Memory",1,0.00882352941176471,0.00882352941176471,NA
"716_1","IgD+ve Memory",1,0.109090909090909,0.109090909090909,NA
"717_1","ASC 2",1,0.0930930930930931,0.0930930930930931,NA
"718_1","ASC 2",1,0.0453172205438066,0.0453172205438066,NA
"719_1","IgD-ve Memory",1,0.0328358208955224,0.0328358208955224,NA
"71_1","IgD-ve Memory",1,0.00879765395894428,0.00879765395894428,NA
"720_1","Cell-Cycling",1,0.0149253731343284,0.0149253731343284,NA
"721_1","IgD+ve Memory",1,0.0808383233532934,0.0808383233532934,NA
"722_1","IgD+ve Memory",2,0.0445103857566766,0.0445103857566766,0
"723_1","IgD+ve Memory",1,0.0630630630630631,0.0630630630630631,NA
"724_1","ASC 3",1,0.00867052023121387,0.00867052023121387,NA
"725_1","IgD-ve Memory",1,0.0699088145896656,0.0699088145896656,NA
"726_1","ASC 2",1,0.0686567164179104,0.0686567164179104,NA
"727_1","ASC 1",1,0.0579268292682927,0.0579268292682927,NA
"728_1","IgD+ve Memory",1,0.0595238095238095,0.0595238095238095,NA
"729_1","IgD-ve Memory",3,0.0711615229687519,0.0690690690690691,0.0182439153153569
"72_1","ASC 2",1,0.0520231213872832,0.0520231213872832,NA
"730_1","NAIVE 2",2,0,0,0
"731_1","NAIVE 1",1,0.0593471810089021,0.0593471810089021,NA
"732_1","IgD-ve Memory",1,0.106508875739645,0.106508875739645,NA
"733_1","IgD+ve Memory",1,0.0785498489425982,0.0785498489425982,NA
"734_1","NAIVE 2",1,0,0,NA
"735_1","IgD+ve Memory",4,0.0172672672672673,0.0165165165165165,0.00750750750750751
"736_1","IgD+ve Memory",3,0.0449101796407186,0.0449101796407186,0.0149700598802395
"736_2","IgD+ve Memory",1,0.0538922155688623,0.0538922155688623,NA
"736_3","NAIVE 1",1,0.0419161676646707,0.0419161676646707,NA
"737_1","IgD+ve Memory",1,0.0710059171597633,0.0710059171597633,NA
"738_1","NAIVE 2",1,0,0,NA
"739_1","IgD+ve Memory",1,0.0567164179104478,0.0567164179104478,NA
"73_1","IgD-ve Memory",1,0.0318840579710145,0.0318840579710145,NA
"740_1","DN2",1,0.0121580547112462,0.0121580547112462,NA
"741_1","IgD+ve Memory",1,0.0682492581602374,0.0682492581602374,NA
"741_1","IgD-ve Memory",1,0.0682492581602374,0.0682492581602374,NA
"742_1","IgD+ve Memory",1,0.0441176470588235,0.0441176470588235,NA
"742_1","IgD-ve Memory",1,0.00588235294117647,0.00588235294117647,NA
"743_1","IgD+ve Memory",2,0.0582089552238806,0.0582089552238806,0.0189968985990416
"744_1","IgD+ve Memory",1,0,0,NA
"745_1","IgD+ve Memory",1,0.0507462686567164,0.0507462686567164,NA
"746_1","ASC 3",1,0.0087463556851312,0.0087463556851312,NA
"747_1","IgD+ve Memory",1,0.0267062314540059,0.0267062314540059,NA
"747_2","IgD+ve Memory",1,0.0474777448071217,0.0474777448071217,NA
"748_1","NAIVE 1",1,0.029673590504451,0.029673590504451,NA
"749_1","IgD+ve Memory",1,0.0263157894736842,0.0263157894736842,NA
"74_1","NAIVE 1",1,0.0289017341040462,0.0289017341040462,NA
"750_1","ASC 2",1,0.0688622754491018,0.0688622754491018,NA
"751_1","IgD+ve Memory",3,0.0393939393939394,0.0393939393939394,0.00303030303030303
"752_1","ASC 2",1,0.0396341463414634,0.0396341463414634,NA
"753_1","NAIVE 1",1,0.0321637426900585,0.0321637426900585,NA
"754_1","ASC 2",1,0.0823529411764706,0.0823529411764706,NA
"755_1","IgD+ve Memory",1,0.0662650602409639,0.0662650602409639,NA
"756_1","IgD-ve Memory",1,0.0447761194029851,0.0447761194029851,NA
"757_1","ASC 3",1,0.0879765395894428,0.0879765395894428,NA
"758_1","IgD-ve Memory",1,0.05,0.05,NA
"759_1","IgD-ve Memory",1,0.0504451038575668,0.0504451038575668,NA
"75_1","ASC 2",1,0.0545977011494253,0.0545977011494253,NA
"75_1","NAIVE 1",2,0.0574712643678161,0.0574712643678161,0.00406383207578476
"760_1","IgD+ve Memory",1,0.0118694362017804,0.0118694362017804,NA
"761_1","IgD+ve Memory",1,0.0293255131964809,0.0293255131964809,NA
"762_1","ASC 2",1,0.0146627565982405,0.0146627565982405,NA
"763_1","ASC 2",1,0.0741839762611276,0.0741839762611276,NA
"764_1","NAIVE 1",1,0.0396341463414634,0.0396341463414634,NA
"765_1","HSP+",1,0.00574712643678161,0.00574712643678161,NA
"766_1","ASC 3",1,0.0851063829787234,0.0851063829787234,NA
"767_1","NAIVE 1",1,0.0935672514619883,0.0935672514619883,NA
"768_1","NAIVE 1",1,0,0,NA
"769_1","IgD+ve Memory",1,0.0674486803519062,0.0674486803519062,NA
"76_1","IgD-ve Memory",1,0.0317919075144509,0.0317919075144509,NA
"770_1","ASC 2",1,0.141975308641975,0.141975308641975,NA
"771_1","IgD+ve Memory",1,0.0384615384615385,0.0384615384615385,NA
"772_1","ASC 2",2,0.0535714285714286,0.0535714285714286,0.00420896893563421
"773_1","NAIVE 2",1,0,0,NA
"774_1","NAIVE 1",1,0.0501474926253687,0.0501474926253687,NA
"775_1","ASC 1",1,0.127659574468085,0.127659574468085,NA
"776_1","NAIVE 2",1,0,0,NA
"777_1","ASC 2",7,0.0599533210152679,0.0502958579881657,0.012460124209024
"777_1","Cell-Cycling",1,0.0828402366863905,0.0828402366863905,NA
"778_1","ASC 2",1,0.00291545189504373,0.00291545189504373,NA
"779_1","NAIVE 1",1,0.00292397660818713,0.00292397660818713,NA
"77_1","NAIVE 2",1,0,0,NA
"780_1","IgD+ve Memory",1,0.0346820809248555,0.0346820809248555,NA
"781_1","Cell-Cycling",1,0.0257879656160458,0.0257879656160458,NA
"782_1","ASC 2",1,0.00289017341040462,0.00289017341040462,NA
"783_1","ASC 2",1,0.0286532951289398,0.0286532951289398,NA
"784_1","NAIVE 2",1,0,0,NA
"785_1","ASC 2",1,0.0223463687150838,0.0223463687150838,NA
"786_1","ASC 2",1,0.0145348837209302,0.0145348837209302,NA
"787_1","ASC 2",1,0.0778097982708934,0.0778097982708934,NA
"788_1","IgD-ve Memory",1,0.0204678362573099,0.0204678362573099,NA
"789_1","IgD+ve Memory",1,0.029585798816568,0.029585798816568,NA
"78_1","IgD+ve Memory",1,0,0,NA
"790_1","IgD-ve Memory",1,0.0532544378698225,0.0532544378698225,NA
"791_1","ASC 3",3,0.0417881438289602,0.0349854227405248,0.0143815826889686
"792_1","Early-Activation",1,0.0266272189349112,0.0266272189349112,NA
"793_1","ASC 2",1,0.003003003003003,0.003003003003003,NA
"794_1","Early-Activation",1,0.0245398773006135,0.0245398773006135,NA
"795_1","IgD-ve Memory",1,0.0303951367781155,0.0303951367781155,NA
"796_1","IgD-ve Memory",1,0.0275229357798165,0.0275229357798165,NA
"797_1","NAIVE 2",1,0,0,NA
"798_1","NAIVE 2",1,0.0383480825958702,0.0383480825958702,NA
"799_1","ASC 2",1,0.0656716417910448,0.0656716417910448,NA
"79_1","IgD-ve Memory",1,0,0,NA
"7_1","ASC 2",1,0.111111111111111,0.111111111111111,NA
"800_1","ASC 1",1,0.00293255131964809,0.00293255131964809,NA
"801_1","ASC 2",1,0.0119760479041916,0.0119760479041916,NA
"802_1","IgD-ve Memory",1,0.0532544378698225,0.0532544378698225,NA
"803_1","NAIVE 1",1,0.00609756097560976,0.00609756097560976,NA
"804_1","Early-Activation",1,0.079646017699115,0.079646017699115,NA
"805_1","ASC 2",1,0.0443786982248521,0.0443786982248521,NA
"806_1","ASC 2",1,0.073394495412844,0.073394495412844,NA
"807_1","ASC 2",2,0.0979827089337176,0.0979827089337176,0
"808_1","ASC 1",1,0.023598820058997,0.023598820058997,NA
"809_1","IgD-ve Memory",1,0.0451807228915663,0.0451807228915663,NA
"80_1","NAIVE 1",2,0.0412979351032448,0.0412979351032448,0
"810_1","Transitional",160,0.0267671130952381,0.0267857142857143,0.000408385135200311
"811_1","NAIVE 2",1,0,0,NA
"812_1","ASC 2",1,0.00903614457831325,0.00903614457831325,NA
"813_1","NAIVE 1",1,0.0297619047619048,0.0297619047619048,NA
"814_1","NAIVE 1",1,0.0384615384615385,0.0384615384615385,NA
"815_1","ASC 2",3,0.0808383233532934,0.0808383233532934,0
"816_1","ASC 1",2,0.00882352941176471,0.00882352941176471,0
"817_1","NAIVE 1",1,0.0234604105571848,0.0234604105571848,NA
"818_1","HSP+",1,0.056547619047619,0.056547619047619,NA
"818_2","IgD+ve Memory",1,0.0595238095238095,0.0595238095238095,NA
"819_1","ASC 2",1,0.0529411764705882,0.0529411764705882,NA
"81_1","ASC 2",1,0.0114942528735632,0.0114942528735632,NA
"820_1","ASC 2",3,0.0148367952522255,0.0148367952522255,0
"821_1","NAIVE 1",1,0.00602409638554217,0.00602409638554217,NA
"822_1","NAIVE 2",1,0,0,NA
"823_1","IgD+ve Memory",1,0,0,NA
"824_1","IgD+ve Memory",1,0.0769230769230769,0.0769230769230769,NA
"824_2","IgD+ve Memory",1,0.0153846153846154,0.0153846153846154,NA
"824_3","IgD+ve Memory",1,0.0769230769230769,0.0769230769230769,NA
"824_4","IgD+ve Memory",1,0.0769230769230769,0.0769230769230769,NA
"825_1","IgD+ve Memory",1,0.00584795321637427,0.00584795321637427,NA
"826_1","NAIVE 1",1,0.0301204819277108,0.0301204819277108,NA
"827_1","ASC 2",1,0.0171919770773639,0.0171919770773639,NA
"828_1","Cell-Cycling",1,0.0338983050847458,0.0338983050847458,NA
"829_1","ASC 2",1,0.0117302052785924,0.0117302052785924,NA
"82_1","ASC 2",1,0.0289855072463768,0.0289855072463768,NA
"830_1","IgD-ve Memory",1,0.0204678362573099,0.0204678362573099,NA
"831_1","IgD+ve Memory",1,0.0145772594752187,0.0145772594752187,NA
"832_1","Cell-Cycling",1,0.0173410404624277,0.0173410404624277,NA
"833_1","ASC 2",1,0.0232558139534884,0.0232558139534884,NA
"834_1","NAIVE 2",1,0,0,NA
"835_1","IgD+ve Memory",1,0.0464396284829721,0.0464396284829721,NA
"836_1","ASC 2",1,0.0197183098591549,0.0197183098591549,NA
"837_1","ASC 2",1,0.0144508670520231,0.0144508670520231,NA
"838_1","NAIVE 1",1,0.0233236151603499,0.0233236151603499,NA
"839_1","ASC 2",1,0.00560224089635854,0.00560224089635854,NA
"83_1","NAIVE 1",1,0.00286532951289398,0.00286532951289398,NA
"840_1","IgD+ve Memory",1,0.0196629213483146,0.0196629213483146,NA
"841_1","NAIVE 2",1,0,0,NA
"842_1","NAIVE 2",1,0,0,NA
"843_1","NAIVE 2",1,0,0,NA
"844_1","ASC 2",1,0.16012084592145,0.16012084592145,NA
"845_1","NAIVE 1",1,0.0230547550432277,0.0230547550432277,NA
"846_1","NAIVE 1",1,0.0181818181818182,0.0181818181818182,NA
"847_1","IgD+ve Memory",1,0.0087463556851312,0.0087463556851312,NA
"848_1","IgD+ve Memory",1,0.0527859237536657,0.0527859237536657,NA
"848_1","IgD-ve Memory",1,0.0381231671554252,0.0381231671554252,NA
"849_1","NAIVE 2",1,0,0,NA
"84_1","NAIVE 1",1,0.00862068965517241,0.00862068965517241,NA
"850_1","IgD-ve Memory",1,0,0,NA
"851_1","IgD-ve Memory",2,0.0235294117647059,0.0235294117647059,0
"852_1","ASC 2",4,0.0648967551622419,0.0619469026548673,0.00589970501474926
"853_1","ASC 2",1,0.0087719298245614,0.0087719298245614,NA
"854_1","ASC 2",2,0.0581395348837209,0.0581395348837209,0.0205554296856555
"855_1","ASC 2",1,0.0595238095238095,0.0595238095238095,NA
"856_1","IgD-ve Memory",1,0.0517241379310345,0.0517241379310345,NA
"857_1","NAIVE 1",1,0,0,NA
"858_1","NAIVE 1",1,0.0264705882352941,0.0264705882352941,NA
"859_1","ASC 2",1,0.0865671641791045,0.0865671641791045,NA
"85_1","IgD+ve Memory",1,0.0502958579881657,0.0502958579881657,NA
"860_1","NAIVE 1",1,0.0372492836676218,0.0372492836676218,NA
"861_1","ASC 2",3,0.0443213296398892,0.0443213296398892,0
"862_1","ASC 2",2,0.0387931034482759,0.0387931034482759,0.00609574811367714
"863_1","ASC 2",1,0.00826446280991736,0.00826446280991736,NA
"864_1","NAIVE 1",1,0,0,NA
"865_1","NAIVE 2",1,0.003003003003003,0.003003003003003,NA
"866_1","ASC 1",1,0.0670731707317073,0.0670731707317073,NA
"866_1","ASC 2",1,0.0365853658536585,0.0365853658536585,NA
"867_1","ASC 2",1,0.0572289156626506,0.0572289156626506,NA
"868_1","NAIVE 1",1,0,0,NA
"869_1","ASC 2",1,0.0147492625368732,0.0147492625368732,NA
"86_1","IgD+ve Memory",1,0.0409356725146199,0.0409356725146199,NA
"870_1","NAIVE 1",1,0.00297619047619048,0.00297619047619048,NA
"871_1","ASC 2",1,0.0753623188405797,0.0753623188405797,NA
"872_1","NAIVE 2",1,0.00291545189504373,0.00291545189504373,NA
"873_1","IgD+ve Memory",1,0.00284900284900285,0.00284900284900285,NA
"874_1","IgD+ve Memory",5,0.0449704142011834,0.0473372781065089,0.00529246858579832
"874_1","IgD-ve Memory",1,0.0473372781065089,0.0473372781065089,NA
"874_1","NAIVE 1",1,0.0118343195266272,0.0118343195266272,NA
"875_1","NAIVE 1",1,0.00584795321637427,0.00584795321637427,NA
"876_1","NAIVE 1",1,0.0290697674418605,0.0290697674418605,NA
"877_1","NAIVE 2",1,0,0,NA
"878_1","NAIVE 2",1,0.043859649122807,0.043859649122807,NA
"879_1","ASC 2",4,0.110778443113772,0.110778443113772,0
"87_1","ASC 2",1,0.0206489675516224,0.0206489675516224,NA
"880_1","DN2",1,0.0311614730878187,0.0311614730878187,NA
"881_1","Cell-Cycling",2,0.00142450142450142,0.00142450142450142,0.00201454923414971
"882_1","ASC 2",1,0.072463768115942,0.072463768115942,NA
"883_1","IgD-ve Memory",1,0.0628571428571429,0.0628571428571429,NA
"884_1","ASC 2",3,0.00194363459669582,0.00291545189504373,0.0016832369364129
"885_1","ASC 2",1,0.00280112044817927,0.00280112044817927,NA
"886_1","NAIVE 1",1,0.00558659217877095,0.00558659217877095,NA
"887_1","NAIVE 1",1,0.0395480225988701,0.0395480225988701,NA
"888_1","ASC 2",1,0.112426035502959,0.112426035502959,NA
"889_1","IgD+ve Memory",2,0.03,0.03,0.0101015254455221
"88_1","NAIVE 1",1,0.113702623906706,0.113702623906706,NA
"890_1","IgD+ve Memory",1,0.0288184438040346,0.0288184438040346,NA
"891_1","NAIVE 2",1,0,0,NA
"892_1","NAIVE 2",1,0,0,NA
"893_1","NAIVE 1",1,0.00284090909090909,0.00284090909090909,NA
"894_1","ASC 2",2,0.0303468208092486,0.0303468208092486,0.00613098365190648
"894_1","Cell-Cycling",1,0.0260115606936416,0.0260115606936416,NA
"895_1","ASC 2",1,0.0117994100294985,0.0117994100294985,NA
"896_1","ASC 2",2,0.0967741935483871,0.0967741935483871,0
"897_1","ASC 2",1,0.0329341317365269,0.0329341317365269,NA
"898_1","ASC 1",1,0.048048048048048,0.048048048048048,NA
"898_1","ASC 2",14,0.0461175461175461,0.0405405405405405,0.0178480915676838
"898_1","NAIVE 1",1,0.036036036036036,0.036036036036036,NA
"899_1","Early-Activation",1,0.00903614457831325,0.00903614457831325,NA
"89_1","IgD-ve Memory",1,0.0365168539325843,0.0365168539325843,NA
"8_1","ASC 2",1,0.0279329608938547,0.0279329608938547,NA
"900_1","IgD-ve Memory",1,0.0118343195266272,0.0118343195266272,NA
"901_1","IgD-ve Memory",1,0.0292397660818713,0.0292397660818713,NA
"902_1","ASC 2",1,0.103550295857988,0.103550295857988,NA
"903_1","ASC 2",1,0.0239520958083832,0.0239520958083832,NA
"904_1","NAIVE 2",1,0,0,NA
"905_1","ASC 2",1,0.0451977401129944,0.0451977401129944,NA
"906_1","NAIVE 1",1,0.0029585798816568,0.0029585798816568,NA
"907_1","ASC 2",1,0.0170940170940171,0.0170940170940171,NA
"908_1","NAIVE 1",1,0,0,NA
"909_1","ASC 2",1,0.0419161676646707,0.0419161676646707,NA
"90_1","ASC 2",1,0.0207715133531157,0.0207715133531157,NA
"910_1","NAIVE 2",1,0,0,NA
"911_1","ASC 2",1,0.0526315789473684,0.0526315789473684,NA
"911_1","NAIVE 1",1,0.0526315789473684,0.0526315789473684,NA
"912_1","IgD+ve Memory",1,0.0535714285714286,0.0535714285714286,NA
"913_1","NAIVE 1",1,0.00872093023255814,0.00872093023255814,NA
"914_1","ASC 2",1,0.0744047619047619,0.0744047619047619,NA
"915_1","NAIVE 1",1,0.0634441087613293,0.0634441087613293,NA
"916_1","ASC 2",1,0.00305810397553517,0.00305810397553517,NA
"917_1","ASC 2",1,0,0,NA
"918_1","NAIVE 1",1,0.00884955752212389,0.00884955752212389,NA
"919_1","NAIVE 2",1,0,0,NA
"91_1","IgD-ve Memory",1,0.0419161676646707,0.0419161676646707,NA
"920_1","IgD+ve Memory",1,0.056379821958457,0.056379821958457,NA
"921_1","ASC 2",2,0.00884955752212389,0.00884955752212389,0
"922_1","Early-Activation",1,0.0178041543026706,0.0178041543026706,NA
"923_1","IgD-ve Memory",1,0.0555555555555556,0.0555555555555556,NA
"924_1","IgD-ve Memory",1,0.0483383685800604,0.0483383685800604,NA
"925_1","IgD-ve Memory",1,0.0591715976331361,0.0591715976331361,NA
"926_1","NAIVE 1",1,0.00298507462686567,0.00298507462686567,NA
"927_1","ASC 2",1,0.0446428571428571,0.0446428571428571,NA
"928_1","ASC 2",1,0.0895522388059701,0.0895522388059701,NA
"929_1","IgD-ve Memory",1,0.0703363914373089,0.0703363914373089,NA
"92_1","ASC 2",2,0.0914454277286136,0.0914454277286136,0
"930_1","IgD+ve Memory",1,0.0204678362573099,0.0204678362573099,NA
"931_1","Cell-Cycling",1,0.00301204819277108,0.00301204819277108,NA
"932_1","ASC 2",1,0.0316091954022989,0.0316091954022989,NA
"933_1","IgD-ve Memory",1,0.0557184750733138,0.0557184750733138,NA
"934_1","ASC 2",1,0.0401146131805158,0.0401146131805158,NA
"935_1","NAIVE 2",1,0.00294117647058824,0.00294117647058824,NA
"936_1","NAIVE 1",1,0,0,NA
"937_1","NAIVE 1",1,0,0,NA
"938_1","IgD-ve Memory",1,0.0542168674698795,0.0542168674698795,NA
"939_1","ASC 2",2,0.0650887573964497,0.0650887573964497,0
"93_1","IgD-ve Memory",1,0.0847953216374269,0.0847953216374269,NA
"940_1","ASC 2",1,0.0174418604651163,0.0174418604651163,NA
"941_1","IgD-ve Memory",1,0,0,NA
"942_1","IgD-ve Memory",1,0.00581395348837209,0.00581395348837209,NA
"943_1","ASC 2",3,0.0247279920870425,0.0207715133531157,0.0152273039746198
"943_2","ASC 2",1,0.0118694362017804,0.0118694362017804,NA
"944_1","ASC 2",2,0.00598802395209581,0.00598802395209581,0
"945_1","ASC 2",1,0.0149700598802395,0.0149700598802395,NA
"946_1","NAIVE 2",1,0,0,NA
"947_1","IgD-ve Memory",1,0.0654761904761905,0.0654761904761905,NA
"948_1","IgD+ve Memory",1,0.0029673590504451,0.0029673590504451,NA
"949_1","NAIVE 2",1,0,0,NA
"94_1","ASC 2",1,0.121875,0.121875,NA
"950_1","IgD+ve Memory",1,0.00289855072463768,0.00289855072463768,NA
"951_1","ASC 1",1,0.0530973451327434,0.0530973451327434,NA
"951_1","ASC 2",3,0.0530973451327434,0.0530973451327434,0
"952_1","IgD+ve Memory",1,0.0328358208955224,0.0328358208955224,NA
"953_1","ASC 2",1,0.0179640718562874,0.0179640718562874,NA
"954_1","ASC 2",1,0.0949554896142433,0.0949554896142433,NA
"955_1","ASC 2",1,0.0236686390532544,0.0236686390532544,NA
"956_1","IgD+ve Memory",1,0,0,NA
"957_1","NAIVE 1",1,0,0,NA
"958_1","ASC 2",1,0.0145348837209302,0.0145348837209302,NA
"959_1","NAIVE 1",1,0.0416666666666667,0.0416666666666667,NA
"95_1","IgD+ve Memory",1,0.0668604651162791,0.0668604651162791,NA
"95_1","IgD-ve Memory",1,0.0991253644314869,0.0991253644314869,NA
"960_1","IgD-ve Memory",1,0.023598820058997,0.023598820058997,NA
"961_1","DN2",1,0.0290697674418605,0.0290697674418605,NA
"962_1","IgD+ve Memory",1,0.00583090379008746,0.00583090379008746,NA
"963_1","ASC 2",1,0.0116279069767442,0.0116279069767442,NA
"964_1","ASC 2",1,0.0264705882352941,0.0264705882352941,NA
"965_1","IgD-ve Memory",1,0.0119760479041916,0.0119760479041916,NA
"966_1","Early-Activation",1,0.00579710144927536,0.00579710144927536,NA
"967_1","ASC 2",1,0.00292397660818713,0.00292397660818713,NA
"968_1","IgD+ve Memory",1,0.0555555555555556,0.0555555555555556,NA
"969_1","ASC 1",1,0.00291545189504373,0.00291545189504373,NA
"96_1","IgD+ve Memory",3,0.0319767441860465,0.0290697674418605,0.00769113753216451
"970_1","NAIVE 1",1,0.0149700598802395,0.0149700598802395,NA
"971_1","DN2",1,0,0,NA
"972_1","IgD+ve Memory",1,0,0,NA
"973_1","ASC 2",1,0.0614035087719298,0.0614035087719298,NA
"974_1","IgD-ve Memory",1,0.0695652173913043,0.0695652173913043,NA
"975_1","NAIVE 1",1,0.0029940119760479,0.0029940119760479,NA
"976_1","IgD+ve Memory",1,0.0656716417910448,0.0656716417910448,NA
"976_1","IgD-ve Memory",1,0.0656716417910448,0.0656716417910448,NA
"977_1","ASC 2",1,0.0144927536231884,0.0144927536231884,NA
"978_1","IgD+ve Memory",1,0.0405797101449275,0.0405797101449275,NA
"979_1","NAIVE 1",1,0,0,NA
"97_1","ASC 2",9,0.0243664717348928,0.0263157894736842,0.00584795321637427
"980_1","ASC 2",5,0.0203488372093023,0.0203488372093023,0
"981_1","IgD-ve Memory",1,0.0144092219020173,0.0144092219020173,NA
"982_1","IgD-ve Memory",1,0,0,NA
"983_1","IgD+ve Memory",1,0.0497076023391813,0.0497076023391813,NA
"983_2","ASC 2",1,0.0497076023391813,0.0497076023391813,NA
"984_1","NAIVE 1",1,0.0813953488372093,0.0813953488372093,NA
"985_1","ASC 2",7,0.126099706744868,0.126099706744868,0
"986_1","ASC 2",1,0.00563380281690141,0.00563380281690141,NA
"987_1","ASC 2",1,0.058659217877095,0.058659217877095,NA
"988_1","ASC 2",1,0.0280898876404494,0.0280898876404494,NA
"989_1","ASC 2",3,0,0,0
"98_1","NAIVE 1",1,0.0415430267062315,0.0415430267062315,NA
"990_1","IgD+ve Memory",1,0.0303030303030303,0.0303030303030303,NA
"991_1","NAIVE 2",1,0,0,NA
"992_1","ASC 2",1,0.00845070422535211,0.00845070422535211,NA
"993_1","ASC 2",1,0.0418994413407821,0.0418994413407821,NA
"994_1","IgD+ve Memory",1,0.00291545189504373,0.00291545189504373,NA
"995_1","ASC 2",1,0.00279329608938547,0.00279329608938547,NA
"996_1","IgD+ve Memory",1,0.0201149425287356,0.0201149425287356,NA
"997_1","ASC 2",1,0.0421348314606742,0.0421348314606742,NA
"998_1","ASC 2",1,0.0474860335195531,0.0474860335195531,NA
"999_1","ASC 2",1,0.0202898550724638,0.0202898550724638,NA
"99_1","IgD-ve Memory",1,0.0294117647058824,0.0294117647058824,NA
"9_1","DN2",1,0,0,NA
