SCORPIUS_dim1,SCORPIUS_dim2,Comp3
0.4603220322587735,0.30949739005969173,-0.008740073958998446
0.4603220322587735,0.30949739005969173,-0.008740073958998446
0.4603220322587735,0.30949739005969173,-0.008740073958998446
0.4603220322587735,0.30949739005969173,-0.008740073958998446
0.4603220322587735,0.30949739005969173,-0.008740073958998446
0.4603220322587735,0.30949739005969173,-0.008740073958998446
0.4603220322587735,0.30949739005969173,-0.008740073958998446
0.4603220322587735,0.30949739005969173,-0.008740073958998446
0.4603220322587735,0.30949739005969173,-0.008740073958998446
0.4603220322587735,0.30949739005969173,-0.008740073958998446
0.4603220322587735,0.30949739005969173,-0.008740073958998446
0.4603220322587735,0.30949739005969173,-0.008740073958998446
0.4603220322587735,0.30949739005969173,-0.008740073958998446
0.4603220322587735,0.30949739005969173,-0.008740073958998446
0.4603220322587735,0.30949739005969173,-0.008740073958998446
0.4603220322587735,0.30949739005969173,-0.008740073958998446
0.4603220322587735,0.30949739005969173,-0.008740073958998446
0.4603220322587735,0.30949739005969173,-0.008740073958998446
0.4603220322587735,0.30949739005969173,-0.008740073958998446
0.4603220322587735,0.30949739005969173,-0.008740073958998446
0.4603220322587735,0.30949739005969173,-0.008740073958998446
0.4603220322587735,0.30949739005969173,-0.008740073958998446
0.4603220322587735,0.30949739005969173,-0.008740073958998446
0.4603220322587735,0.30949739005969173,-0.008740073958998446
0.4603220322587735,0.30949739005969173,-0.008740073958998446
0.4603220322587735,0.30949739005969173,-0.008740073958998446
0.4603220322587735,0.30949739005969173,-0.008740073958998446
0.4603220322587735,0.30949739005969173,-0.008740073958998446
0.4603220322587735,0.30949739005969173,-0.008740073958998446
0.4603220322587735,0.30949739005969173,-0.008740073958998446
0.4603220322587735,0.30949739005969173,-0.008740073958998446
0.4603220322587735,0.30949739005969173,-0.008740073958998446
0.4603220322587735,0.30949739005969173,-0.008740073958998446
0.4603220322587735,0.30949739005969173,-0.008740073958998446
0.4603220322587735,0.30949739005969173,-0.008740073958998446
0.4603220322587735,0.30949739005969173,-0.008740073958998446
0.4603220322587735,0.30949739005969173,-0.008740073958998446
0.4603220322587735,0.30949739005969173,-0.008740073958998446
0.4603220322587735,0.30949739005969173,-0.008740073958998446
0.4603220322587735,0.30949739005969173,-0.008740073958998446
0.4603220322587735,0.30949739005969173,-0.008740073958998446
0.4603220322587735,0.30949739005969173,-0.008740073958998446
0.4603220322587735,0.30949739005969173,-0.008740073958998446
0.4603220322587735,0.30949739005969173,-0.008740073958998446
0.4603220322587735,0.30949739005969173,-0.008740073958998446
0.4603220322587735,0.30949739005969173,-0.008740073958998446
0.4603220322587735,0.30949739005969173,-0.008740073958998446
0.4603220322587735,0.30949739005969173,-0.008740073958998446
0.4603220322587735,0.30949739005969173,-0.008740073958998446
0.4603220322587735,0.30949739005969173,-0.008740073958998446
0.4603220322587735,0.30949739005969173,-0.008740073958998446
0.4603220322587735,0.30949739005969173,-0.008740073958998446
0.4603220322587735,0.30949739005969173,-0.008740073958998446
0.4603220322587735,0.30949739005969173,-0.008740073958998446
0.4603220322587735,0.30949739005969173,-0.008740073958998446
0.4603220322587735,0.30949739005969173,-0.008740073958998446
0.4603220322587735,0.30949739005969173,-0.008740073958998446
0.4603220322587735,0.30949739005969173,-0.008740073958998446
0.4603220322587735,0.30949739005969173,-0.008740073958998446
0.4603220322587735,0.30949739005969173,-0.008740073958998446
0.4603220322587735,0.30949739005969173,-0.008740073958998446
0.4603220322587735,0.30949739005969173,-0.008740073958998446
0.4603220322587735,0.30949739005969173,-0.008740073958998446
0.4603220322587735,0.30949739005969173,-0.008740073958998446
0.4603220322587735,0.30949739005969173,-0.008740073958998446
0.4603220322587735,0.30949739005969173,-0.008740073958998446
0.4603220322587735,0.30949739005969173,-0.008740073958998446
0.4603220322587735,0.30949739005969173,-0.008740073958998446
0.4603220322587735,0.30949739005969173,-0.008740073958998446
0.4603220322587735,0.30949739005969173,-0.008740073958998446
0.4603220322587735,0.30949739005969173,-0.008740073958998446
0.4603220322587735,0.30949739005969173,-0.008740073958998446
0.4603220322587735,0.30949739005969173,-0.008740073958998446
0.4603220322587735,0.30949739005969173,-0.008740073958998446
0.4603220322587735,0.30949739005969173,-0.008740073958998446
0.4603220322587735,0.30949739005969173,-0.008740073958998446
0.4603220322587735,0.30949739005969173,-0.008740073958998446
0.4603220322587735,0.30949739005969173,-0.008740073958998446
0.4603220322587735,0.30949739005969173,-0.008740073958998446
0.4603220322587735,0.30949739005969173,-0.008740073958998446
0.4603220322587735,0.30949739005969173,-0.008740073958998446
0.4603220322587735,0.30949739005969173,-0.008740073958998446
0.4603220322587735,0.30949739005969173,-0.008740073958998446
0.4603220322587735,0.30949739005969173,-0.008740073958998446
0.4603220322587735,0.30949739005969173,-0.008740073958998446
0.4603220322587735,0.30949739005969173,-0.008740073958998446
0.4603220322587735,0.30949739005969173,-0.008740073958998446
0.4603220322587735,0.30949739005969173,-0.008740073958998446
0.4603220322587735,0.30949739005969173,-0.008740073958998446
0.4603220322587735,0.30949739005969173,-0.008740073958998446
0.4603220322587735,0.30949739005969173,-0.008740073958998446
0.4603220322587735,0.30949739005969173,-0.008740073958998446
0.4603220322587735,0.30949739005969173,-0.008740073958998446
0.4603220322587735,0.30949739005969173,-0.008740073958998446
0.4603220322587735,0.30949739005969173,-0.008740073958998446
0.4603220322587735,0.30949739005969173,-0.008740073958998446
0.4603220322587735,0.30949739005969173,-0.008740073958998446
0.4603220322587735,0.30949739005969173,-0.008740073958998446
0.4603220322587735,0.30949739005969173,-0.008740073958998446
0.4603220322587735,0.30949739005969173,-0.008740073958998446
0.4603220322587735,0.30949739005969173,-0.008740073958998446
0.4603220322587735,0.30949739005969173,-0.008740073958998446
0.4603220322587735,0.30949739005969173,-0.008740073958998446
0.4603220322587735,0.30949739005969173,-0.008740073958998446
0.4603220322587735,0.30949739005969173,-0.008740073958998446
0.4603220322587735,0.30949739005969173,-0.008740073958998446
0.4603220322587735,0.30949739005969173,-0.008740073958998446
0.4603220322587735,0.30949739005969173,-0.008740073958998446
0.4603220322587735,0.30949739005969173,-0.008740073958998446
0.4603220322587735,0.30949739005969173,-0.008740073958998446
0.4603220322587735,0.30949739005969173,-0.008740073958998446
0.4603220322587735,0.30949739005969173,-0.008740073958998446
0.4603220322587735,0.30949739005969173,-0.008740073958998446
0.4603220322587735,0.30949739005969173,-0.008740073958998446
0.4603220322587735,0.30949739005969173,-0.008740073958998446
0.4603220322587735,0.30949739005969173,-0.008740073958998446
0.4603220322587735,0.30949739005969173,-0.008740073958998446
0.4603220322587735,0.30949739005969173,-0.008740073958998446
0.4603220322587735,0.30949739005969173,-0.008740073958998446
0.4603220322587735,0.30949739005969173,-0.008740073958998446
0.4603220322587735,0.30949739005969173,-0.008740073958998446
0.4603220322587735,0.30949739005969173,-0.008740073958998446
0.4603220322587735,0.30949739005969173,-0.008740073958998446
0.4603220322587735,0.30949739005969173,-0.008740073958998446
0.4603220322587735,0.30949739005969173,-0.008740073958998446
0.4603220322587735,0.30949739005969173,-0.008740073958998446
0.4603220322587735,0.30949739005969173,-0.008740073958998446
0.4603220322587735,0.30949739005969173,-0.008740073958998446
0.4603220322587735,0.30949739005969173,-0.008740073958998446
0.4603220322587735,0.30949739005969173,-0.008740073958998446
0.4603220322587735,0.30949739005969173,-0.008740073958998446
0.4603220322587735,0.30949739005969173,-0.008740073958998446
0.4603220322587735,0.30949739005969173,-0.008740073958998446
0.4603220322587735,0.30949739005969173,-0.008740073958998446
0.4603220322587735,0.30949739005969173,-0.008740073958998446
0.4603220322587735,0.30949739005969173,-0.008740073958998446
0.4603220322587735,0.30949739005969173,-0.008740073958998446
0.4603220322587735,0.30949739005969173,-0.008740073958998446
0.4603220322587735,0.30949739005969173,-0.008740073958998446
0.4603220322587735,0.30949739005969173,-0.008740073958998446
0.4603220322587735,0.30949739005969173,-0.008740073958998446
0.4603220322587735,0.30949739005969173,-0.008740073958998446
0.4603220322587735,0.30949739005969173,-0.008740073958998446
0.4603220322587735,0.30949739005969173,-0.008740073958998446
0.4603220322587735,0.30949739005969173,-0.008740073958998446
0.4603220322587735,0.30949739005969173,-0.008740073958998446
0.4603220322587735,0.30949739005969173,-0.008740073958998446
0.4603220322587735,0.30949739005969173,-0.008740073958998446
0.4603220322587735,0.30949739005969173,-0.008740073958998446
0.4603220322587735,0.30949739005969173,-0.008740073958998446
0.4603220322587735,0.30949739005969173,-0.008740073958998446
0.4603220322587735,0.30949739005969173,-0.008740073958998446
0.4603220322587735,0.30949739005969173,-0.008740073958998446
0.4603220322587735,0.30949739005969173,-0.008740073958998446
0.4603220322587735,0.30949739005969173,-0.008740073958998446
0.4603220322587735,0.30949739005969173,-0.008740073958998446
0.4603220322587735,0.30949739005969173,-0.008740073958998446
0.4603220322587735,0.30949739005969173,-0.008740073958998446
0.4603220322587735,0.30949739005969173,-0.008740073958998446
0.4603220322587735,0.30949739005969173,-0.008740073958998446
0.4603220322587735,0.30949739005969173,-0.008740073958998446
0.4603220322587735,0.30949739005969173,-0.008740073958998446
0.4603220322587735,0.30949739005969173,-0.008740073958998446
0.4603220322587735,0.30949739005969173,-0.008740073958998446
0.4603220322587735,0.30949739005969173,-0.008740073958998446
0.4603220322587735,0.30949739005969173,-0.008740073958998446
0.4603220322587735,0.30949739005969173,-0.008740073958998446
0.4603220322587735,0.30949739005969173,-0.008740073958998446
0.4603220322587735,0.30949739005969173,-0.008740073958998446
0.4603220322587735,0.30949739005969173,-0.008740073958998446
0.4603220322587735,0.30949739005969173,-0.008740073958998446
0.4603220322587735,0.30949739005969173,-0.008740073958998446
0.4603220322587735,0.30949739005969173,-0.008740073958998446
0.4603220322587735,0.30949739005969173,-0.008740073958998446
0.4603220322587735,0.30949739005969173,-0.008740073958998446
0.4603220322587735,0.30949739005969173,-0.008740073958998446
0.4603220322587735,0.30949739005969173,-0.008740073958998446
0.4603220322587735,0.30949739005969173,-0.008740073958998446
0.4603220322587735,0.30949739005969173,-0.008740073958998446
0.4603220322587735,0.30949739005969173,-0.008740073958998446
0.4603220322587735,0.30949739005969173,-0.008740073958998446
0.4603220322587735,0.30949739005969173,-0.008740073958998446
0.4603220322587735,0.30949739005969173,-0.008740073958998446
0.4603220322587735,0.30949739005969173,-0.008740073958998446
0.4603220322587735,0.30949739005969173,-0.008740073958998446
0.4603220322587735,0.30949739005969173,-0.008740073958998446
0.4603220322587735,0.30949739005969173,-0.008740073958998446
0.4603220322587735,0.30949739005969173,-0.008740073958998446
0.4603220322587735,0.30949739005969173,-0.008740073958998446
0.4603220322587735,0.30949739005969173,-0.008740073958998446
0.4603220322587735,0.30949739005969173,-0.008740073958998446
0.4603220322587735,0.30949739005969173,-0.008740073958998446
0.4603220322587735,0.30949739005969173,-0.008740073958998446
0.4603220322587735,0.30949739005969173,-0.008740073958998446
0.4603220322587735,0.30949739005969173,-0.008740073958998446
0.4603220322587735,0.30949739005969173,-0.008740073958998446
0.4603220322587735,0.30949739005969173,-0.008740073958998446
0.4603220322587735,0.30949739005969173,-0.008740073958998446
0.4603220322587735,0.30949739005969173,-0.008740073958998446
0.4603220322587735,0.30949739005969173,-0.008740073958998446
0.4603220322587735,0.30949739005969173,-0.008740073958998446
0.4603220322587735,0.30949739005969173,-0.008740073958998446
0.4603220322587735,0.30949739005969173,-0.008740073958998446
0.4603220322587735,0.30949739005969173,-0.008740073958998446
0.4603220322587735,0.30949739005969173,-0.008740073958998446
0.4603220322587735,0.30949739005969173,-0.008740073958998446
0.4603220322587735,0.30949739005969173,-0.008740073958998446
0.4603220322587735,0.30949739005969173,-0.008740073958998446
0.4603220322587735,0.30949739005969173,-0.008740073958998446
0.4603220322587735,0.30949739005969173,-0.008740073958998446
0.4603220322587735,0.30949739005969173,-0.008740073958998446
0.4603220322587735,0.30949739005969173,-0.008740073958998446
0.4603220322587735,0.30949739005969173,-0.008740073958998446
0.4603220322587735,0.30949739005969173,-0.008740073958998446
0.4603220322587735,0.30949739005969173,-0.008740073958998446
0.4603220322587735,0.30949739005969173,-0.008740073958998446
0.4603220322587735,0.30949739005969173,-0.008740073958998446
0.4603220322587735,0.30949739005969173,-0.008740073958998446
0.4603220322587735,0.30949739005969173,-0.008740073958998446
0.4603220322587735,0.30949739005969173,-0.008740073958998446
0.4603220322587735,0.30949739005969173,-0.008740073958998446
0.4603220322587735,0.30949739005969173,-0.008740073958998446
0.4603220322587735,0.30949739005969173,-0.008740073958998446
0.4603220322587735,0.30949739005969173,-0.008740073958998446
0.4603220322587735,0.30949739005969173,-0.008740073958998446
0.4603220322587735,0.30949739005969173,-0.008740073958998446
0.4603220322587735,0.30949739005969173,-0.008740073958998446
0.4603220322587735,0.30949739005969173,-0.008740073958998446
0.4603220322587735,0.30949739005969173,-0.008740073958998446
0.4603220322587735,0.30949739005969173,-0.008740073958998446
0.4603220322587735,0.30949739005969173,-0.008740073958998446
0.4603220322587735,0.30949739005969173,-0.008740073958998446
0.4603220322587735,0.30949739005969173,-0.008740073958998446
0.4603220322587735,0.30949739005969173,-0.008740073958998446
0.4603220322587735,0.30949739005969173,-0.008740073958998446
0.4603220322587735,0.30949739005969173,-0.008740073958998446
0.4603220322587735,0.30949739005969173,-0.008740073958998446
0.4603220322587735,0.30949739005969173,-0.008740073958998446
0.4603220322587735,0.30949739005969173,-0.008740073958998446
0.4603220322587735,0.30949739005969173,-0.008740073958998446
0.4603220322587735,0.30949739005969173,-0.008740073958998446
0.4603220322587735,0.30949739005969173,-0.008740073958998446
0.4603220322587735,0.30949739005969173,-0.008740073958998446
0.4603220322587735,0.30949739005969173,-0.008740073958998446
0.4603220322587735,0.30949739005969173,-0.008740073958998446
0.4603220322587735,0.30949739005969173,-0.008740073958998446
0.4603220322587735,0.30949739005969173,-0.008740073958998446
0.4603220322587735,0.30949739005969173,-0.008740073958998446
0.4603220322587735,0.30949739005969173,-0.008740073958998446
0.4603220322587735,0.30949739005969173,-0.008740073958998446
0.4603220322587735,0.30949739005969173,-0.008740073958998446
0.4603220322587735,0.30949739005969173,-0.008740073958998446
0.4603220322587735,0.30949739005969173,-0.008740073958998446
0.4603220322587735,0.30949739005969173,-0.008740073958998446
0.4603220322587735,0.30949739005969173,-0.008740073958998446
0.4603220322587735,0.30949739005969173,-0.008740073958998446
0.4603220322587735,0.30949739005969173,-0.008740073958998446
0.4603220322587735,0.30949739005969173,-0.008740073958998446
0.4603220322587735,0.30949739005969173,-0.008740073958998446
0.4603220322587735,0.30949739005969173,-0.008740073958998446
0.4603220322587735,0.30949739005969173,-0.008740073958998446
0.4603220322587735,0.30949739005969173,-0.008740073958998446
0.4603220322587735,0.30949739005969173,-0.008740073958998446
0.4603220322587735,0.30949739005969173,-0.008740073958998446
0.4603220322587735,0.30949739005969173,-0.008740073958998446
0.4603220322587735,0.30949739005969173,-0.008740073958998446
0.4603220322587735,0.30949739005969173,-0.008740073958998446
0.4603220322587735,0.30949739005969173,-0.008740073958998446
0.4603220322587735,0.30949739005969173,-0.008740073958998446
0.4603220322587735,0.30949739005969173,-0.008740073958998446
0.4603220322587735,0.30949739005969173,-0.008740073958998446
0.4603220322587735,0.30949739005969173,-0.008740073958998446
0.4603220322587735,0.30949739005969173,-0.008740073958998446
0.4603220322587735,0.30949739005969173,-0.008740073958998446
0.4603220322587735,0.30949739005969173,-0.008740073958998446
0.4603220322587735,0.30949739005969173,-0.008740073958998446
0.4603220322587735,0.30949739005969173,-0.008740073958998446
0.4603220322587735,0.30949739005969173,-0.008740073958998446
0.4603220322587735,0.30949739005969173,-0.008740073958998446
0.4603220322587735,0.30949739005969173,-0.008740073958998446
0.4603220322587735,0.30949739005969173,-0.008740073958998446
0.4603220322587735,0.30949739005969173,-0.008740073958998446
0.4603220322587735,0.30949739005969173,-0.008740073958998446
0.4603220322587735,0.30949739005969173,-0.008740073958998446
0.4603220322587735,0.30949739005969173,-0.008740073958998446
0.4603220322587735,0.30949739005969173,-0.008740073958998446
0.4603220322587735,0.30949739005969173,-0.008740073958998446
0.4603220322587735,0.30949739005969173,-0.008740073958998446
0.4603220322587735,0.30949739005969173,-0.008740073958998446
0.4603220322587735,0.30949739005969173,-0.008740073958998446
0.4603220322587735,0.30949739005969173,-0.008740073958998446
0.4603220322587735,0.30949739005969173,-0.008740073958998446
0.4603220322587735,0.30949739005969173,-0.008740073958998446
0.4603220322587735,0.30949739005969173,-0.008740073958998446
0.4603220322587735,0.30949739005969173,-0.008740073958998446
0.4603220322587735,0.30949739005969173,-0.008740073958998446
0.4603220322587735,0.30949739005969173,-0.008740073958998446
0.4603220322587735,0.30949739005969173,-0.008740073958998446
0.4603220322587735,0.30949739005969173,-0.008740073958998446
0.4603220322587735,0.30949739005969173,-0.008740073958998446
0.4603220322587735,0.30949739005969173,-0.008740073958998446
0.4603220322587735,0.30949739005969173,-0.008740073958998446
0.4603220322587735,0.30949739005969173,-0.008740073958998446
0.4603220322587735,0.30949739005969173,-0.008740073958998446
0.4603220322587735,0.30949739005969173,-0.008740073958998446
0.4603220322587735,0.30949739005969173,-0.008740073958998446
0.4603220322587735,0.30949739005969173,-0.008740073958998446
0.4603220322587735,0.30949739005969173,-0.008740073958998446
0.4603220322587735,0.30949739005969173,-0.008740073958998446
0.4603220322587735,0.30949739005969173,-0.008740073958998446
0.4603220322587735,0.30949739005969173,-0.008740073958998446
0.4603220322587735,0.30949739005969173,-0.008740073958998446
0.4603220322587735,0.30949739005969173,-0.008740073958998446
0.4603220322587735,0.30949739005969173,-0.008740073958998446
0.4603220322587735,0.30949739005969173,-0.008740073958998446
0.4603220322587735,0.30949739005969173,-0.008740073958998446
0.4603220322587735,0.30949739005969173,-0.008740073958998446
0.4603220322587735,0.30949739005969173,-0.008740073958998446
0.4603220322587735,0.30949739005969173,-0.008740073958998446
0.4603220322587735,0.30949739005969173,-0.008740073958998446
0.4603220322587735,0.30949739005969173,-0.008740073958998446
0.4603220322587735,0.30949739005969173,-0.008740073958998446
0.4603220322587735,0.30949739005969173,-0.008740073958998446
0.4603220322587735,0.30949739005969173,-0.008740073958998446
0.4603220322587735,0.30949739005969173,-0.008740073958998446
0.4603220322587735,0.30949739005969173,-0.008740073958998446
0.4603220322587735,0.30949739005969173,-0.008740073958998446
0.4603220322587735,0.30949739005969173,-0.008740073958998446
0.4603220322587735,0.30949739005969173,-0.008740073958998446
0.4603220322587735,0.30949739005969173,-0.008740073958998446
0.4603220322587735,0.30949739005969173,-0.008740073958998446
0.4603220322587735,0.30949739005969173,-0.008740073958998446
0.4603220322587735,0.30949739005969173,-0.008740073958998446
0.4603220322587735,0.30949739005969173,-0.008740073958998446
0.4603220322587735,0.30949739005969173,-0.008740073958998446
0.4603220322587735,0.30949739005969173,-0.008740073958998446
0.4603220322587735,0.30949739005969173,-0.008740073958998446
0.4603220322587735,0.30949739005969173,-0.008740073958998446
0.4603220322587735,0.30949739005969173,-0.008740073958998446
0.4603220322587735,0.30949739005969173,-0.008740073958998446
0.4603220322587735,0.30949739005969173,-0.008740073958998446
0.4603220322587735,0.30949739005969173,-0.008740073958998446
0.4603220322587735,0.30949739005969173,-0.008740073958998446
0.4603220322587735,0.30949739005969173,-0.008740073958998446
0.4603220322587735,0.30949739005969173,-0.008740073958998446
0.4603220322587735,0.30949739005969173,-0.008740073958998446
0.4603220322587735,0.30949739005969173,-0.008740073958998446
0.4603220322587735,0.30949739005969173,-0.008740073958998446
0.4603220322587735,0.30949739005969173,-0.008740073958998446
0.4603220322587735,0.30949739005969173,-0.008740073958998446
0.4603220322587735,0.30949739005969173,-0.008740073958998446
0.4603220322587735,0.30949739005969173,-0.008740073958998446
0.4603220322587735,0.30949739005969173,-0.008740073958998446
0.4603220322587735,0.30949739005969173,-0.008740073958998446
0.4603220322587735,0.30949739005969173,-0.008740073958998446
0.4603220322587735,0.30949739005969173,-0.008740073958998446
0.4603220322587735,0.30949739005969173,-0.008740073958998446
0.4603220322587735,0.30949739005969173,-0.008740073958998446
0.4603220322587735,0.30949739005969173,-0.008740073958998446
0.4603220322587735,0.30949739005969173,-0.008740073958998446
0.4603220322587735,0.30949739005969173,-0.008740073958998446
0.4603220322587735,0.30949739005969173,-0.008740073958998446
0.4603220322587735,0.30949739005969173,-0.008740073958998446
0.4603220322587735,0.30949739005969173,-0.008740073958998446
0.4603220322587735,0.30949739005969173,-0.008740073958998446
0.4603220322587735,0.30949739005969173,-0.008740073958998446
0.4603220322587735,0.30949739005969173,-0.008740073958998446
0.4603220322587735,0.30949739005969173,-0.008740073958998446
0.4603220322587735,0.30949739005969173,-0.008740073958998446
0.4603220322587735,0.30949739005969173,-0.008740073958998446
0.4603220322587735,0.30949739005969173,-0.008740073958998446
0.4603220322587735,0.30949739005969173,-0.008740073958998446
0.4603220322587735,0.30949739005969173,-0.008740073958998446
0.4603220322587735,0.30949739005969173,-0.008740073958998446
0.4603220322587735,0.30949739005969173,-0.008740073958998446
0.4603220322587735,0.30949739005969173,-0.008740073958998446
0.4603220322587735,0.30949739005969173,-0.008740073958998446
0.4603220322587735,0.30949739005969173,-0.008740073958998446
0.4603220322587735,0.30949739005969173,-0.008740073958998446
0.4603220322587735,0.30949739005969173,-0.008740073958998446
0.4603220322587735,0.30949739005969173,-0.008740073958998446
0.4603220322587735,0.30949739005969173,-0.008740073958998446
0.4603220322587735,0.30949739005969173,-0.008740073958998446
0.4603220322587735,0.30949739005969173,-0.008740073958998446
0.4603220322587735,0.30949739005969173,-0.008740073958998446
0.4603220322587735,0.30949739005969173,-0.008740073958998446
0.4603220322587735,0.30949739005969173,-0.008740073958998446
0.4603220322587735,0.30949739005969173,-0.008740073958998446
0.4603220322587735,0.30949739005969173,-0.008740073958998446
0.4603220322587735,0.30949739005969173,-0.008740073958998446
0.4603220322587735,0.30949739005969173,-0.008740073958998446
0.4603220322587735,0.30949739005969173,-0.008740073958998446
0.4603220322587735,0.30949739005969173,-0.008740073958998446
0.4603220322587735,0.30949739005969173,-0.008740073958998446
0.4603220322587735,0.30949739005969173,-0.008740073958998446
0.4603220322587735,0.30949739005969173,-0.008740073958998446
0.4603220322587735,0.30949739005969173,-0.008740073958998446
0.4603220322587735,0.30949739005969173,-0.008740073958998446
0.4603220322587735,0.30949739005969173,-0.008740073958998446
0.4603220322587735,0.30949739005969173,-0.008740073958998446
0.4603220322587735,0.30949739005969173,-0.008740073958998446
0.4603220322587735,0.30949739005969173,-0.008740073958998446
0.4603220322587735,0.30949739005969173,-0.008740073958998446
0.4603220322587735,0.30949739005969173,-0.008740073958998446
0.4603220322587735,0.30949739005969173,-0.008740073958998446
0.4603220322587735,0.30949739005969173,-0.008740073958998446
0.4603220322587735,0.30949739005969173,-0.008740073958998446
0.4603220322587735,0.30949739005969173,-0.008740073958998446
0.4603220322587735,0.30949739005969173,-0.008740073958998446
0.4603220322587735,0.30949739005969173,-0.008740073958998446
0.4603220322587735,0.30949739005969173,-0.008740073958998446
0.4603220322587735,0.30949739005969173,-0.008740073958998446
0.4603220322587735,0.30949739005969173,-0.008740073958998446
0.4603220322587735,0.30949739005969173,-0.008740073958998446
0.4603220322587735,0.30949739005969173,-0.008740073958998446
0.4603220322587735,0.30949739005969173,-0.008740073958998446
0.4603220322587735,0.30949739005969173,-0.008740073958998446
0.4603220322587735,0.30949739005969173,-0.008740073958998446
0.4603220322587735,0.30949739005969173,-0.008740073958998446
0.4603220322587735,0.30949739005969173,-0.008740073958998446
0.4603220322587735,0.30949739005969173,-0.008740073958998446
0.4603220322587735,0.30949739005969173,-0.008740073958998446
0.4603220322587735,0.30949739005969173,-0.008740073958998446
0.4603220322587735,0.30949739005969173,-0.008740073958998446
0.4603220322587735,0.30949739005969173,-0.008740073958998446
0.4603220322587735,0.30949739005969173,-0.008740073958998446
0.4603220322587735,0.30949739005969173,-0.008740073958998446
0.4603220322587735,0.30949739005969173,-0.008740073958998446
0.4603220322587735,0.30949739005969173,-0.008740073958998446
0.4603220322587735,0.30949739005969173,-0.008740073958998446
0.4603220322587735,0.30949739005969173,-0.008740073958998446
0.4603220322587735,0.30949739005969173,-0.008740073958998446
0.4603220322587735,0.30949739005969173,-0.008740073958998446
0.4603220322587735,0.30949739005969173,-0.008740073958998446
0.4603220322587735,0.30949739005969173,-0.008740073958998446
0.4603220322587735,0.30949739005969173,-0.008740073958998446
0.4603220322587735,0.30949739005969173,-0.008740073958998446
0.4603220322587735,0.30949739005969173,-0.008740073958998446
0.4603220322587735,0.30949739005969173,-0.008740073958998446
0.4603220322587735,0.30949739005969173,-0.008740073958998446
0.4603220322587735,0.30949739005969173,-0.008740073958998446
0.4603220322587735,0.30949739005969173,-0.008740073958998446
0.4603220322587735,0.30949739005969173,-0.008740073958998446
0.4603220322587735,0.30949739005969173,-0.008740073958998446
0.4603220322587735,0.30949739005969173,-0.008740073958998446
0.4603220322587735,0.30949739005969173,-0.008740073958998446
0.4603220322587735,0.30949739005969173,-0.008740073958998446
0.4603220322587735,0.30949739005969173,-0.008740073958998446
0.4603220322587735,0.30949739005969173,-0.008740073958998446
0.4603220322587735,0.30949739005969173,-0.008740073958998446
0.4603220322587735,0.30949739005969173,-0.008740073958998446
0.4603220322587735,0.30949739005969173,-0.008740073958998446
0.4603220322587735,0.30949739005969173,-0.008740073958998446
0.4603220322587735,0.30949739005969173,-0.008740073958998446
0.4603220322587735,0.30949739005969173,-0.008740073958998446
0.4603220322587735,0.30949739005969173,-0.008740073958998446
0.4603220322587735,0.30949739005969173,-0.008740073958998446
0.4603220322587735,0.30949739005969173,-0.008740073958998446
0.4603220322587735,0.30949739005969173,-0.008740073958998446
0.4603220322587735,0.30949739005969173,-0.008740073958998446
0.4603220322587735,0.30949739005969173,-0.008740073958998446
0.4603220322587735,0.30949739005969173,-0.008740073958998446
0.4603220322587735,0.30949739005969173,-0.008740073958998446
0.4603220322587735,0.30949739005969173,-0.008740073958998446
0.4603220322587735,0.30949739005969173,-0.008740073958998446
0.4603220322587735,0.30949739005969173,-0.008740073958998446
0.4603220322587735,0.30949739005969173,-0.008740073958998446
0.4603220322587735,0.30949739005969173,-0.008740073958998446
0.4603220322587735,0.30949739005969173,-0.008740073958998446
0.4603220322587735,0.30949739005969173,-0.008740073958998446
0.4603220322587735,0.30949739005969173,-0.008740073958998446
0.4603220322587735,0.30949739005969173,-0.008740073958998446
0.4603220322587735,0.30949739005969173,-0.008740073958998446
0.4603220322587735,0.30949739005969173,-0.008740073958998446
0.4603220322587735,0.30949739005969173,-0.008740073958998446
0.4603220322587735,0.30949739005969173,-0.008740073958998446
0.4603220322587735,0.30949739005969173,-0.008740073958998446
0.4603220322587735,0.30949739005969173,-0.008740073958998446
0.4603220322587735,0.30949739005969173,-0.008740073958998446
0.4603220322587735,0.30949739005969173,-0.008740073958998446
0.4603220322587735,0.30949739005969173,-0.008740073958998446
0.4603220322587735,0.30949739005969173,-0.008740073958998446
0.4603220322587735,0.30949739005969173,-0.008740073958998446
0.4603220322587735,0.30949739005969173,-0.008740073958998446
0.4603220322587735,0.30949739005969173,-0.008740073958998446
0.4603220322587735,0.30949739005969173,-0.008740073958998446
0.4603220322587735,0.30949739005969173,-0.008740073958998446
0.4603220322587735,0.30949739005969173,-0.008740073958998446
0.4603220322587735,0.30949739005969173,-0.008740073958998446
0.4603220322587735,0.30949739005969173,-0.008740073958998446
0.4603220322587735,0.30949739005969173,-0.008740073958998446
0.4603220322587735,0.30949739005969173,-0.008740073958998446
0.4603220322587735,0.30949739005969173,-0.008740073958998446
0.4603220322587735,0.30949739005969173,-0.008740073958998446
0.4603220322587735,0.30949739005969173,-0.008740073958998446
0.4603220322587735,0.30949739005969173,-0.008740073958998446
0.4603220322587735,0.30949739005969173,-0.008740073958998446
0.4603220322587735,0.30949739005969173,-0.008740073958998446
0.4603220322587735,0.30949739005969173,-0.008740073958998446
0.4603220322587735,0.30949739005969173,-0.008740073958998446
0.4603220322587735,0.30949739005969173,-0.008740073958998446
0.4603220322587735,0.30949739005969173,-0.008740073958998446
0.4603220322587735,0.30949739005969173,-0.008740073958998446
0.4603220322587735,0.30949739005969173,-0.008740073958998446
0.4603220322587735,0.30949739005969173,-0.008740073958998446
0.4603220322587735,0.30949739005969173,-0.008740073958998446
0.4603220322587735,0.30949739005969173,-0.008740073958998446
0.4603220322587735,0.30949739005969173,-0.008740073958998446
0.4603220322587735,0.30949739005969173,-0.008740073958998446
0.4603220322587735,0.30949739005969173,-0.008740073958998446
0.4603220322587735,0.30949739005969173,-0.008740073958998446
0.4603220322587735,0.30949739005969173,-0.008740073958998446
0.4603220322587735,0.30949739005969173,-0.008740073958998446
0.4603220322587735,0.30949739005969173,-0.008740073958998446
0.4603220322587735,0.30949739005969173,-0.008740073958998446
0.4603220322587735,0.30949739005969173,-0.008740073958998446
0.4603220322587735,0.30949739005969173,-0.008740073958998446
0.4603220322587735,0.30949739005969173,-0.008740073958998446
0.4603220322587735,0.30949739005969173,-0.008740073958998446
0.4603220322587735,0.30949739005969173,-0.008740073958998446
0.4603220322587735,0.30949739005969173,-0.008740073958998446
0.4603220322587735,0.30949739005969173,-0.008740073958998446
0.4603220322587735,0.30949739005969173,-0.008740073958998446
0.4603220322587735,0.30949739005969173,-0.008740073958998446
0.4603220322587735,0.30949739005969173,-0.008740073958998446
0.4603220322587735,0.30949739005969173,-0.008740073958998446
0.4603220322587735,0.30949739005969173,-0.008740073958998446
0.4603220322587735,0.30949739005969173,-0.008740073958998446
0.4603220322587735,0.30949739005969173,-0.008740073958998446
0.4603220322587735,0.30949739005969173,-0.008740073958998446
0.4603220322587735,0.30949739005969173,-0.008740073958998446
0.4603220322587735,0.30949739005969173,-0.008740073958998446
0.4603220322587735,0.30949739005969173,-0.008740073958998446
0.4603220322587735,0.30949739005969173,-0.008740073958998446
0.4603220322587735,0.30949739005969173,-0.008740073958998446
0.4603220322587735,0.30949739005969173,-0.008740073958998446
0.4603220322587735,0.30949739005969173,-0.008740073958998446
0.4603220322587735,0.30949739005969173,-0.008740073958998446
0.4603220322587735,0.30949739005969173,-0.008740073958998446
0.4603220322587735,0.30949739005969173,-0.008740073958998446
0.4603220322587735,0.30949739005969173,-0.008740073958998446
0.4603220322587735,0.30949739005969173,-0.008740073958998446
0.4603220322587735,0.30949739005969173,-0.008740073958998446
0.4603220322587735,0.30949739005969173,-0.008740073958998446
0.4603220322587735,0.30949739005969173,-0.008740073958998446
0.4603220322587735,0.30949739005969173,-0.008740073958998446
0.4603220322587735,0.30949739005969173,-0.008740073958998446
0.4603220322587735,0.30949739005969173,-0.008740073958998446
0.4603220322587735,0.30949739005969173,-0.008740073958998446
0.46031801076434126,0.30949089449106665,-0.008737771582446222
0.4602846054596319,0.30943693782076964,-0.008718646455810249
0.46017492720259384,0.30925978411403826,-0.008655853717551558
0.46013795006516817,0.3092000581744018,-0.008634683653633402
0.4600442245038447,0.309048671463377,-0.008581024115277579
0.46003528155822754,0.30903422670460745,-0.008575904121045674
0.4599911788314515,0.30896299142300904,-0.008550654531439418
0.4599646146594794,0.3089200846367581,-0.008535446074059176
0.45994886473040214,0.30889464515228643,-0.008526428961635515
0.4599378147342774,0.3088767970589111,-0.008520102643793154
0.4599242761044849,0.3088549292929875,-0.00851235153924516
0.45986783343074017,0.3087637623731099,-0.008480037112167382
0.4598427339849931,0.3087232214311668,-0.008465667236407171
0.4597909291565568,0.30863954561763807,-0.008436008057638422
0.4597826729702558,0.30862621012119434,-0.008431281245238101
0.45975095336542304,0.30857497621463953,-0.008413121211538411
0.45973835376371497,0.30855462517874416,-0.008405907717145058
0.4597356982423458,0.3085503359470718,-0.008404387384284392
0.45970773648764474,0.3085051717675363,-0.00838837878612085
0.4595361332325868,0.30822799602147993,-0.008290132893359685
0.4593954751343392,0.3080008032837461,-0.008209603649134358
0.4593142032529106,0.30786953191385996,-0.008163074062357943
0.4592970648355925,0.30784184972563594,-0.008153262015906014
0.4592584183015525,0.30777942735549263,-0.008131136192957026
0.45924964744294416,0.30776526055383435,-0.008126114721575452
0.45923438976390746,0.30774061615784853,-0.008117379430989495
0.45921070236839884,0.3077023559772942,-0.008103817978917124
0.4591750041757744,0.30764469580546233,-0.008083380133474352
0.4591647073879612,0.30762806430366985,-0.008077485040686437
0.4590973967492016,0.3075193433093656,-0.00803894851178997
0.45904206606948494,0.307429972496294,-0.00800727072092285
0.45902916408371736,0.30740913304584455,-0.007999884106317542
0.4590235897967491,0.30740012938709327,-0.007996692728627686
0.4589880661919006,0.3073427512116433,-0.007976354837768547
0.4589452698219348,0.3072736259740726,-0.007951853160496705
0.4588991847139802,0.30719918872534396,-0.007925468622671588
0.45888754833295997,0.30718039349567544,-0.00791880658912533
0.45873402481763115,0.30693242037369645,-0.007830911666513141
0.45866477360121616,0.306820564933841,-0.007791264122652809
0.4586416203074748,0.3067831674412103,-0.007778008453270456
0.4585861904115372,0.30669363637284486,-0.007746273859365405
0.45858439287053593,0.3066907329619048,-0.007745244735410963
0.45856116323716833,0.30665321216454516,-0.0077319453602450105
0.4585235694710325,0.30659249023842405,-0.0077104222655051975
0.4585042577775532,0.3065612977470816,-0.007699365980087061
0.4584981430001184,0.3065514210812987,-0.0076958651620640094
0.45846634195031205,0.3065000556237934,-0.007677658499679259
0.458420662535507,0.30642627365576647,-0.007651506228343765
0.4584002668554341,0.3063933302955801,-0.007639829341465622
0.45827403619376433,0.30618944093572087,-0.0075675600593625835
0.45825966836900295,0.30616623384360536,-0.007559334226057482
0.4582547203803126,0.3061582417897469,-0.007556501415187505
0.45823499720245936,0.30612638466364384,-0.0075452095477015054
0.4581999560554443,0.306069785760183,-0.0075251478724686375
0.45816771746876517,0.3060177135875919,-0.007506690712500579
0.45807024155741466,0.30586026926381155,-0.007450884032550911
0.4580471772073886,0.3058230154341937,-0.0074376792850156335
0.45797802068267296,0.30571131294156767,-0.007398085953824744
0.45792550507293106,0.30562648906509227,-0.007368019840211418
0.4578846517495587,0.3055605022609329,-0.007344630591414114
0.4578723736677359,0.3055406705480191,-0.007337601172830698
0.45785963868372315,0.30552010084091447,-0.007330310169678058
0.45785017456690236,0.3055048142798309,-0.0073248917957320385
0.45780476100472256,0.30543146172032376,-0.007298891729717497
0.45779755480590056,0.3054198221769244,-0.007294766053683897
0.4577596528076812,0.305358602390447,-0.007273066490635189
0.4577511450189357,0.3053448605025555,-0.007268195631393956
0.4577262374646727,0.30530462950616233,-0.007253935616895741
0.4577148938465754,0.3052863071508664,-0.007247441195290854
0.4577112353030102,0.3052803978250684,-0.0072453466145170915
0.45763169514051066,0.3051519235494795,-0.007199808467396867
0.4576148200942876,0.3051246667615763,-0.007190147205546033
0.45756399863198643,0.30504257929345546,-0.007161051021248586
0.45749241859201795,0.30492696230836785,-0.007120070184794114
0.4574522728653651,0.30486211842337146,-0.007097086047609623
0.4573845480388955,0.30475272842784423,-0.007058312388937734
0.45737438100222527,0.30473630650173733,-0.007052491580969574
0.45736853286610396,0.3047268605183735,-0.007049143419805419
0.45736457579430995,0.3047204690060078,-0.0070468779263508415
0.45735218773147707,0.30470045965037673,-0.007039785541697696
0.4573170121074553,0.3046436435379555,-0.007019646876004668
0.45729287625285775,0.3046046590006136,-0.007005828673187425
0.4572723589480623,0.3045715191906384,-0.006994082154008611
0.4572126049157711,0.30447500372259206,-0.006959871915708957
0.457185430114927,0.30443111064087086,-0.006944313862520342
0.4571468181849276,0.3043687441636111,-0.006922207850995401
0.45712935314406294,0.30434053440890724,-0.006912208806797334
0.4571286037457052,0.30433932397120994,-0.006911779763008697
0.4570843928126593,0.304267913913477,-0.006886468223402817
0.45708384423329296,0.3042670278411523,-0.006886154152031738
0.45704508913568886,0.30420443011776843,-0.006863966174525885
0.45694294169838334,0.3040394402862331,-0.006805484963502452
0.4568272577478457,0.3038525861074695,-0.006739253859699274
0.4568068122490168,0.3038195622793988,-0.006727548450703873
0.45676276978759156,0.3037484243391565,-0.00670233336407477
0.4567301308348658,0.3036957054902675,-0.006683646987477478
0.4566825002176231,0.3036187719154066,-0.006656377618302666
0.4566711082512836,0.30360037146741903,-0.006649855516475699
0.4566266391862112,0.30352854447157496,-0.006624396191727944
0.45661560101333853,0.30351071547526576,-0.006618076642906102
0.4566011678462599,0.3034874028414138,-0.006609813399970925
0.4565286594719154,0.30337028639891106,-0.006568301075698677
0.4565261896612192,0.30336629712946445,-0.006566887065476563
0.45651810760175077,0.303353242884881,-0.00656225994376166
0.4564687207078182,0.3032734725497172,-0.006533985075179065
0.45642910559686267,0.3032094857219004,-0.006511304724848058
0.456386396924017,0.3031405021338263,-0.006486853255725557
0.45630645624955746,0.3030113809462586,-0.00644108580843818
0.4562869829830092,0.30297992748005337,-0.006429937019585868
0.4562848727995982,0.30297651908514234,-0.006428728902332884
0.45625660978461874,0.30293086830619825,-0.006412547827341965
0.4562180821037303,0.3028686379091673,-0.0063904900499203235
0.4562047740271816,0.30284714253575656,-0.0063828709411742745
0.4559962732094184,0.3025103693801577,-0.006263500542427053
0.4559600319642166,0.30245183206294063,-0.006242751789797503
0.45595685237756534,0.30244669635440224,-0.006240931420311739
0.455953329262524,0.3024410057744672,-0.0062389143747585045
0.4559268612552787,0.30239825431469813,-0.0062237609733818994
0.45584764315378706,0.302270300236119,-0.006178407211873906
0.4558348657092549,0.3022496619462468,-0.00617109189932436
0.4558055180819221,0.3022022592877238,-0.006154289864614939
0.4558028178946267,0.30219789791108304,-0.00615274395972305
0.4557799934392973,0.3021610315624108,-0.006139676556136415
0.45577485890729663,0.3021527382014402,-0.006136736945928291
0.45576528805488337,0.30213727923967887,-0.006131257463971427
0.4557503869994704,0.3021132108666768,-0.006122726346705418
0.45566046503985264,0.30196796778119167,-0.006071244437469496
0.4556589488562231,0.30196551882223377,-0.006070376395577019
0.45565306079770584,0.30195600835571146,-0.006067005378136464
0.45563907742183246,0.301933422230298,-0.006058999648606251
0.45562797782591563,0.3019154940227117,-0.006052644934007348
0.45558415441678346,0.3018447098985012,-0.006027555258682871
0.4555622010593667,0.3018092505581852,-0.006014986574028319
0.45539568466611186,0.30154029117559394,-0.005919652999445666
0.4553860890209378,0.3015247921682522,-0.005914159323195608
0.455359727162605,0.30148221216154797,-0.005899066693945212
0.4553367518124828,0.30144510208569963,-0.005885912900426009
0.45531415928773616,0.3014086103542355,-0.005872978281192161
0.45530910520358475,0.30140044693364754,-0.005870084728797846
0.45530358124680437,0.30139152456885165,-0.005866922166028977
0.4552492844882315,0.30130382375827675,-0.005835836313268054
0.4552349541857656,0.30128067727264707,-0.0058276319621394755
0.4552320317725202,0.3012759569538437,-0.005825958828968359
0.45521630761537046,0.3012505590965151,-0.00581695647142816
0.45516422694442277,0.3011664377386762,-0.005787139367952283
0.45516195252594693,0.30116276406921305,-0.005785837223225535
0.4551528370246596,0.3011480405963445,-0.005780618437826381
0.45513023970907324,0.30111154112665556,-0.00576768107575225
0.45502165023468577,0.30093614603541985,-0.0057055116847808205
0.4549444107135652,0.30081138778485866,-0.005661290695462322
0.4549297902664545,0.3007877726539324,-0.005652920231402841
0.45490287097368803,0.30074429227208677,-0.005637508461098992
0.4548465386253438,0.30065330355119013,-0.005605257197260533
0.4548168802285245,0.30060539893386545,-0.005588277241534218
0.45481505766799674,0.30060245511107,-0.005587233793459157
0.45474243447036117,0.30048515320453656,-0.005545655730825865
0.4546831040939154,0.30038932203076535,-0.0055116880429763315
0.4546397062591629,0.3003192252996707,-0.00548684201649669
0.454620178781078,0.3002876842703065,-0.0054756621905827
0.4545424216823169,0.3001620900217999,-0.0054311448789284185
0.4545343914389869,0.3001491194712981,-0.005426547422867455
0.45450455190811717,0.3001009222839662,-0.005409463764699784
0.4544957104932046,0.30008664151887365,-0.0054044018985885175
0.45449277626888407,0.3000819021226725,-0.005402722003368403
0.4544410137021823,0.2999982945708314,-0.005373087020188688
0.4543943609997732,0.29992294053636737,-0.005346377524518853
0.4543741310117123,0.29989026480401254,-0.005334795499242472
0.4543554456453031,0.29986008396406827,-0.005324097797128232
0.45435252768549717,0.2998553708385166,-0.00532242721362982
0.4543271166369148,0.2998143265917363,-0.005307878939745779
0.4543012559815356,0.29977255613437626,-0.005293073258033852
0.45429197166746776,0.29975755999297143,-0.005287757824337897
0.4542798416378592,0.29973796741586506,-0.00528081316826067
0.4542349999830167,0.2996655525328409,-0.005255138085313706
0.4542183956865867,0.2996387466804289,-0.005245629442495001
0.4541822371700499,0.2995803726408058,-0.0052249228488702275
0.45412109444705334,0.2994816642844705,-0.005189908759812806
0.45410640616593906,0.299457951632905,-0.0051814973453740846
0.4540736057892282,0.29940499894919,-0.005162713829446313
0.45405631978493705,0.2993770925526876,-0.005152814798718991
0.4540550949326171,0.2993751151602305,-0.005152113372840133
0.45404799117263595,0.2993636469030582,-0.005148045322343984
0.45399631042621263,0.2992802138911867,-0.005118449743849336
0.45399260415769044,0.29927423051890567,-0.0051163273062190305
0.45398454140025774,0.2992612140633946,-0.005111710074716078
0.45395952470546913,0.29922082729776656,-0.005097383974465373
0.45394413054578897,0.2991959750811049,-0.005088568330483716
0.45393906605802364,0.29918779900979997,-0.005085668092860087
0.4538970682354189,0.2991199980379786,-0.005061617552929426
0.4538427332671303,0.29903228007010857,-0.0050305020035173184
0.45384102902389434,0.2990295287525294,-0.0050295260488735834
0.4538379228489425,0.2990245141668361,-0.0050277472617822954
0.4537684358860577,0.2989123349318113,-0.004987954747030958
0.4537218017882338,0.29883704919182813,-0.004961249190354789
0.45371800391633543,0.29883091793573935,-0.004959074294989317
0.453664178262318,0.29874402220103297,-0.004928250410298288
0.45365269015267584,0.29872547588244264,-0.004921671611147766
0.4536386740910531,0.2987028484570145,-0.004913645150992867
0.4536339408679181,0.29869520717686004,-0.004910934615899649
0.4535636250668752,0.2985816898716897,-0.004870667457369612
0.45355726414656483,0.2985714208493459,-0.004867024802621534
0.4535395917380185,0.2985428906446935,-0.00485690449301846
0.45349032034717696,0.29846334727851737,-0.004828688659925675
0.4534405401091377,0.2983829824332174,-0.004800181429586847
0.4533989499636195,0.2983158396122463,-0.0047763643506653275
0.453387657741991,0.2982976095338053,-0.004769897729056438
0.45338036497307566,0.29828583614201815,-0.004765721440403203
0.45331557453870974,0.298181238947633,-0.004728618447147814
0.45320137379889275,0.2979968741243614,-0.004663220069738302
0.45319202265729924,0.2979817777110628,-0.00465786503011138
0.4531652767226202,0.29793859927344285,-0.004642548660592974
0.4531513439822676,0.2979161063612523,-0.004634569915329261
0.45314966670615986,0.297913398579204,-0.004633609403724078
0.45310347810747487,0.2978388320497106,-0.004607158967293808
0.4530482324652705,0.29774964389665787,-0.00457552190990781
0.4529854080978388,0.2976482207060791,-0.004539544807671908
0.45292957290689384,0.29755808078993307,-0.004507570138365862
0.4529016914747381,0.2975130692136492,-0.004491603513055379
0.4528892626705317,0.2974930042447649,-0.004484486014258597
0.452883515112195,0.2974837254294202,-0.004481194608354481
0.4528767100277368,0.2974727393517862,-0.004477297597858619
0.45282301629804794,0.2973860565947328,-0.0044465492611635805
0.4528226625838281,0.2973854855611323,-0.004446346702615508
0.452787091304772,0.2973280595533216,-0.00442597639734098
0.4527621600741195,0.2972878107603579,-0.004411699239118464
0.4527259778738873,0.2972293984859533,-0.004390979082750946
0.4526583682776255,0.2971202500576135,-0.004352261663757687
0.4526468450589115,0.2971016470591992,-0.004345662758990194
0.4526317640453538,0.29707730038330393,-0.004337026441765396
0.452601593525716,0.2970285933212484,-0.004319748943974408
0.4525750918464128,0.296985809207687,-0.004304572450128292
0.4525621480017376,0.2969649127613083,-0.004297160007436987
0.452537695969291,0.2969254375823569,-0.004283157267621667
0.45250987153212735,0.29688051801836346,-0.004267223281154037
0.4524383615714156,0.29676507287072323,-0.00422627227324758
0.45242811848343883,0.29674853650583094,-0.004220406450185348
0.4524051271948743,0.29671141954091645,-0.004207240222286249
0.4523936345420101,0.29669286588778226,-0.00420065882140693
0.452370866934315,0.2966561100315965,-0.004187620686950517
0.45231687276051313,0.29656894223980607,-0.004156700297451575
0.45220504105774184,0.2963884019722855,-0.004092658576566842
0.45220031362327706,0.2963807700373171,-0.004089951356422728
0.4521784460563664,0.2963454672002661,-0.004077428640754311
0.4521758662184471,0.29634130232915556,-0.004075951266665723
0.4520907654904506,0.29620391634809706,-0.00402721734833682
0.45205968371016625,0.2961537381536451,-0.004009418006573761
0.4520276518854584,0.29610202621455617,-0.003991074610859208
0.45199548754239466,0.296050100338821,-0.003972655326972038
0.45194783235568275,0.29597316616054686,-0.003945365031908255
0.45190624433337184,0.29590602676726574,-0.003921549168866017
0.45189579277802916,0.29588915385421144,-0.003915563964550239
0.45189416929878473,0.29588653292141837,-0.003914634260342433
0.45182050730788187,0.2957676135522758,-0.0038724508674018642
0.45180915103521696,0.295749280070319,-0.0038659475662245106
0.4517988541019464,0.2957326567779856,-0.003860050908030643
0.45177783989650233,0.2956987316013265,-0.0038480168796977674
0.45168256181755123,0.29554491538073424,-0.0037934547833743523
0.4515621554519941,0.2953505322415155,-0.003724502682452442
0.451498150201835,0.2952472026426622,-0.003687849334034525
0.4514911418703144,0.29523588844448545,-0.0036838359317524685
0.4513921115225609,0.2950760145891027,-0.0036271250552051076
0.45136641017247875,0.2950345225210711,-0.0036124068791643683
0.45134795857066007,0.2950047343926068,-0.0036018403555018712
0.45129000162836475,0.2949111691368933,-0.0035686506406908567
0.4512770002316947,0.29489017977900306,-0.0035612052401826086
0.45120652506034187,0.29477640518759207,-0.0035208468163972504
0.45118967594380327,0.2947492040994214,-0.0035111979745055637
0.4511875143040312,0.29474571436428315,-0.0035099600864335213
0.4511781689742958,0.294730627333605,-0.0035046083750345336
0.4511718382546004,0.29472040706690883,-0.003500983015018646
0.4511448364143202,0.2946768154971936,-0.0034855200981914517
0.451095396318972,0.2945969997757192,-0.0034572076545074134
0.4510761676495944,0.29456595715517897,-0.003446196134099972
0.45099205718496815,0.29443016984792536,-0.0033980293015686515
0.4509454262104095,0.2943548891501184,-0.0033713255334665492
0.4509063184094401,0.294291753807687,-0.00334892999792491
0.45086587245337695,0.2942264581576449,-0.0033257681523576462
0.4508377058638496,0.2941809862254254,-0.003309638228372893
0.45083274187243977,0.2941729723946878,-0.003306795541152145
0.45082853321113187,0.2941661779632377,-0.003304385402469639
0.4507967527432495,0.2941148718127345,-0.0032861859491547687
0.45073064492062076,0.2940081478365558,-0.0032483285382402406
0.45072469489163997,0.29399854215411225,-0.003244921185174867
0.4506802640905732,0.2939268133999936,-0.0032194773719261
0.4506013892141788,0.2937994783873629,-0.003174308759683856
0.45056660858918773,0.29374332880558235,-0.0031543912316244864
0.4504444428284372,0.2935461053118754,-0.003084431592651142
0.4504357153822863,0.2935320157878512,-0.0030794337194489595
0.450419030707181,0.29350508017270494,-0.0030698790468501663
0.4503736302303308,0.2934317859812281,-0.003043879937524066
0.4503556293685737,0.2934027255241602,-0.0030335715353826094
0.4503473414128847,0.29338934551026236,-0.003028825341487782
0.45033259487369026,0.29336553880728655,-0.003020380564884188
0.45027608696258553,0.2932743128567281,-0.002988020654580841
0.4502694769527747,0.29326364170615105,-0.0029842353558430087
0.450268055629674,0.2932613471327298,-0.00298342141869417
0.4502515717623258,0.2932347357001299,-0.0029739817409851163
0.45024847647697236,0.29322973869452323,-0.002972209189948609
0.45020783616303717,0.293164129274581,-0.002948936043093049
0.4501791300029808,0.29311778626372065,-0.0029324971277904528
0.4501580487115715,0.29308375278397925,-0.0029204246819019603
0.45015033151280665,0.2930712941958062,-0.002916005338575668
0.45014238227731823,0.29305846100927596,-0.0029114531167299946
0.4501402997241124,0.2930550989509008,-0.002910260518496836
0.45012754939710486,0.29303451491800253,-0.0029029588959410555
0.450125860858249,0.2930317889534576,-0.0029019919345926225
0.45010680629440497,0.29300102740759326,-0.0028910801177371194
0.45006905267104774,0.29294007823940676,-0.0028694600677019576
0.450041652694975,0.29289584392223517,-0.0028537691537981833
0.4500317066505919,0.29287978710230667,-0.0028480734361930127
0.4499690340446432,0.29277860891433505,-0.0028121832419294966
0.4499244856745614,0.2927066903576747,-0.002786672101421473
0.4499171649290918,0.29269487180074694,-0.002782479791670175
0.4499081465788989,0.2926803126434054,-0.0027773153288963423
0.4497918568714247,0.29249257540631607,-0.002710720679943728
0.44979041910491896,0.29249025428678427,-0.0027098973262884153
0.44978485964889175,0.29248127914240624,-0.00270671363935223
0.44975475217518895,0.29243267386123845,-0.002689472245546732
0.4497519652167012,0.2924281746162258,-0.0026878762614637895
0.44970436520230106,0.2923513295077205,-0.0026606175614638673
0.4496893340867056,0.29232706338672365,-0.002652009818885543
0.44968272646665713,0.29231639609416116,-0.0026482258886728325
0.4496526292187817,0.2922678073214929,-0.0026309903508059214
0.4496305357602086,0.2922321398066255,-0.002618338275658596
0.4496294612372172,0.29223040510471615,-0.0026177229376122767
0.4496216350060124,0.29221777049538455,-0.0026132411555953748
0.4496175607268837,0.29221119300952303,-0.0026109079724254856
0.4495643614027165,0.29212530841705914,-0.0025804427627832915
0.44954971317550585,0.2921016604282172,-0.002572054285676773
0.4495092211459767,0.292036290397515,-0.0025488660556051528
0.44950377498095756,0.29202749814929607,-0.0025457472460779567
0.4494915957599244,0.2920078361056266,-0.0025387726739783613
0.4494716886045812,0.29197569814239993,-0.0025273726107180594
0.44944108119015713,0.2919262857606576,-0.00250984492006349
0.4493485741812559,0.2917769431349023,-0.0024568697091248933
0.44929250246683683,0.2916864213770224,-0.0024247595919097446
0.44920543254613493,0.2915458563459359,-0.0023748979925522834
0.44913339944658554,0.29142956664685493,-0.0023336474031265177
0.4491318878560599,0.2914271263463756,-0.0023327817732904594
0.44912016527034637,0.29140820149136304,-0.002326068698699731
0.4491151731785571,0.29140014229558237,-0.002323209919470977
0.4490398846355207,0.29127859703279746,-0.0022800950625970267
0.448987821358874,0.29119454646698417,-0.002250280423735889
0.4489753555911607,0.29117442182448977,-0.0022431417573584083
0.44897517209271276,0.29117412558596295,-0.002243036674845185
0.44896554447297743,0.2911585828284128,-0.002237523306805585
0.4489561064733913,0.2911433461922182,-0.002232118526942374
0.44889359606488427,0.2910424298545876,-0.0021963212169239183
0.44888046893663247,0.2910212375165688,-0.0021888038147679476
0.44883116940632456,0.2909416487222478,-0.002160571867283586
0.44877459889296684,0.2908503217070787,-0.00212817610707441
0.44877192198337795,0.29084600012418826,-0.002126643143769042
0.4487550083101461,0.29081869481617306,-0.0021169573327386396
0.4487509618014469,0.29081216216268596,-0.002114640052627111
0.44872432209049584,0.29076915521186086,-0.002099384513357838
0.4487087441140358,0.29074400624275964,-0.002090463604566487
0.4487082997902645,0.2907432889297747,-0.0020902091574085003
0.4487064036655674,0.2907402278401947,-0.002089123319621864
0.44860111746132686,0.2905702545767215,-0.0020288299543426737
0.4485918013982566,0.2905552147939294,-0.0020234950028386986
0.44856672041100415,0.29051472423502683,-0.0020091320847633208
0.4484508519917638,0.2903276671225226,-0.0019427786914011768
0.4484275059004757,0.2902899773667354,-0.0019294092816097342
0.44831490289194303,0.2901081919089419,-0.001864925863540192
0.44831378026505286,0.29010637954845686,-0.0018642829782386581
0.4482967125696585,0.2900788255882104,-0.0018545089646315664
0.4482752306947241,0.2900441454094114,-0.0018422071199440753
0.44825739996167885,0.290015359606868,-0.0018319961439814993
0.44819955972333453,0.28992198275714326,-0.0017988732610407948
0.4481777102301681,0.2898867266860559,-0.0017863586328098224
0.4481590137931761,0.28985657222996647,-0.0017756481792453867
0.44808555040348974,0.2897380871646345,-0.0017335638920490573
0.4480606116526642,0.28969786482349996,-0.0017192774623520197
0.44801855396753576,0.28963003229369944,-0.0016951842683500327
0.4479847004948687,0.28957543188745904,-0.0016757909450580367
0.4479783943344786,0.28956526102781033,-0.0016721783937437445
0.4479760913494102,0.2895615466697137,-0.001670859104156889
0.447875612934307,0.2893994905540242,-0.0016132989711942153
0.4478029916892478,0.28928236373749605,-0.001571697115539661
0.4477833979693139,0.2892507621030441,-0.0015604726438611229
0.44775804781856565,0.2892098762375756,-0.0015459505393256067
0.4476924775145976,0.2891041214965725,-0.0015083878905624176
0.44763573147509905,0.2890125989269494,-0.001475880315922755
0.44755358006913526,0.28888010143746123,-0.0014288190058345004
0.4475286285887129,0.2888398585654594,-0.0014145252838520268
0.44751188496336525,0.28881285369198867,-0.001404933519289467
0.4475063704239741,0.2888039595943596,-0.0014017744565170932
0.44747053957431876,0.28874616998540686,-0.0013812483717036501
0.4474422370093052,0.28870052233316795,-0.0013650349451314492
0.44735289317793764,0.2885564245758797,-0.0013138533773526335
0.4473515008675575,0.2885541789949576,-0.0013130557774848075
0.4473361964082953,0.288529495273402,-0.0013042884545811963
0.4473121288198379,0.2884906779821916,-0.0012905010795486904
0.44729123443253704,0.2884569785727989,-0.0012785315066809653
0.44723851813127347,0.28837195534659144,-0.0012483324106172596
0.44720596647621375,0.28831945457045133,-0.001229684847441949
0.4471862467603044,0.28828764972401255,-0.001218388197623539
0.44717986857847464,0.28827736270494053,-0.0012147343880585288
0.44714625362201654,0.2882231469883901,-0.001195477701323612
0.4471406114751529,0.288214047079679,-0.0011922455372480466
0.44712775242488945,0.2881933074239529,-0.0011848790930005363
0.44710938759347896,0.2881636877962883,-0.0011743586032342385
0.4470675003551131,0.2880961301707072,-0.0011503630514801571
0.4470360235842455,0.2880453630162292,-0.0011323312471915093
0.44703419405723577,0.2880424122726247,-0.0011312831831089662
0.4470123444112521,0.2880071721789821,-0.0011187663801049135
0.44700292036158645,0.2879919726470099,-0.0011133677126274933
0.4469900079245174,0.28797114688663783,-0.0011059706851783038
0.44697312000798595,0.28794390929384384,-0.0010962962618704503
0.44695348550683645,0.2879122418856097,-0.0010850484282371206
0.446939735209596,0.2878900647865972,-0.0010771714236424168
0.44692803525079405,0.28787119456581173,-0.0010704689773149436
0.4469086936486076,0.2878399995582239,-0.0010593889339800566
0.4468907033520678,0.28781098399727645,-0.001049083000513615
0.4468423413303727,0.28773298354937177,-0.001021378299994068
0.4468392778670472,0.28772804265767293,-0.0010196233623175122
0.44679074831928434,0.2876497720161771,-9.918226927012634e-4
0.44675743265305884,0.2875960390084006,-9.727374575718191e-4
0.4465130234407466,0.28720184481708727,-8.327250305889264e-4
0.4465015860018831,0.2871833980002883,-8.261729716112779e-4
0.4464982161577988,0.2871779629638954,-8.242425204456388e-4
0.4464928203430065,0.2871692603506495,-8.211514703274186e-4
0.4464706039672556,0.2871334287787123,-8.08424582260345e-4
0.4464572767414441,0.28711193402836516,-8.007899386511361e-4
0.4464553676846301,0.28710885501550865,-7.996963150710649e-4
0.4464067590925558,0.2870304568877853,-7.71850364076977e-4
0.4463933603788989,0.2870088468386195,-7.64174767892157e-4
0.44637287832529066,0.28697581245958714,-7.524414047830213e-4
0.44636062059015524,0.28695604263199626,-7.454194303272057e-4
0.4463502715325046,0.28693935120546266,-7.394908621486973e-4
0.4463378433870513,0.2869193065324319,-7.323712663226765e-4
0.4463213546704167,0.2868927127872205,-7.229255289382442e-4
0.4462970309755904,0.2868534824361176,-7.089914406377229e-4
0.44626593859387925,0.2868033352417925,-6.911798377816825e-4
0.4462378321935915,0.28675800397286305,-6.750787862672416e-4
0.44622641169568394,0.28673958447920134,-6.685364320971237e-4
0.4462244988364207,0.28673649933358325,-6.67440630243351e-4
0.44618783482183694,0.28667736595868953,-6.464372580044836e-4
0.44609136558240886,0.2865217760221924,-5.911738241357576e-4
0.44606844773121956,0.2864848130790581,-5.780450883737524e-4
0.44605028176281786,0.28645551418661547,-5.676385194054543e-4
0.4459869172400125,0.28635331702886957,-5.313394759338141e-4
0.44590362726245564,0.2862189831998092,-4.836259229512325e-4
0.44585296851842415,0.28613727849462434,-4.546055205177585e-4
0.44584050940189635,0.28611718387004903,-4.474681825810177e-4
0.44583789559452514,0.28611296820373594,-4.4597083511916107e-4
0.44583666608095224,0.28611098518884065,-4.452664951406645e-4
0.44582073090245966,0.28608528421488844,-4.36137857991328e-4
0.44581679803724084,0.28607894111263865,-4.338848741570571e-4
0.4458039654069967,0.28605824406831015,-4.265335648996789e-4
0.4457919477091625,0.2860388613836954,-4.1964909837490503e-4
0.44577743379330004,0.28601545268615874,-4.113346466989541e-4
0.4457592706154554,0.28598615829445223,-4.0092967633105427e-4
0.4457048031254266,0.2858983106720912,-3.697273930846482e-4
0.4456793989289475,0.28585733763923243,-3.5517432787509707e-4
0.4456723882110103,0.2858460304374227,-3.511581632469683e-4
0.44565861454614264,0.28582381565004805,-3.432677722575131e-4
0.4456504169277045,0.28581059416162563,-3.385716790041428e-4
0.44563710109016624,0.2857891177787987,-3.3094355928882293e-4
0.4456294718775216,0.2857768130408538,-3.2657308336347577e-4
0.4456158734560723,0.28575488089396117,-3.1878308243740044e-4
0.445581893880815,0.2857000771037807,-2.9931751993008933e-4
0.445563549421078,0.2856704903324692,-2.888087002945014e-4
0.4455299432235338,0.2856162887426898,-2.6955703119693297e-4
0.4455257567001756,0.2856095365291623,-2.671587365890482e-4
0.44551538149727643,0.28559280293439376,-2.612151908257551e-4
0.4454933049574791,0.285557196896184,-2.485684092778395e-4
0.4454901893236968,0.2855521718616216,-2.467835851980879e-4
0.44547211734451864,0.28552302455923406,-2.3643085896006316e-4
0.4453884562962931,0.28538809225067785,-1.885047341827835e-4
0.4452803116849561,0.2852136717482443,-1.2655293885080856e-4
0.4452710783846441,0.2851987798654253,-1.2126354417736867e-4
0.4452206263855877,0.2851174086078526,-9.236157781039112e-5
0.4450930982852915,0.2849117255409568,-1.9305743858533857e-5
0.44506258934377485,0.28486251934526885,-1.8283709476952462e-6
0.44503258619312136,0.28481412891187713,1.5359254266539843e-5
0.44501724055404274,0.2847893787736579,2.4150167467705628e-5
0.44492442282865874,0.2846396781635575,7.732179252677683e-5
0.4449137616074154,0.28462248326551476,8.342918695252084e-5
0.4449034935447692,0.2846059224713742,8.931135627790747e-5
0.44489548193347644,0.2845930009836577,9.390089335196711e-5
0.4448772037856779,0.2845635211632288,1.0437172548555251e-4
0.44480737778085855,0.28445090263612005,1.4437229792220408e-4
0.444724534797748,0.2843172897398454,1.9182978536335868e-4
0.44470332010042135,0.2842830737200091,2.039828512495124e-4
0.4445987657119113,0.2841144436907354,2.6387794910000435e-4
0.4445206537468187,0.2839884611935117,3.08625222353566e-4
0.4444967622322087,0.2839499278821367,3.2231173160254074e-4
0.4444817232608039,0.283925672351361,3.3092696695225443e-4
0.4444737748391166,0.28391285277868783,3.354803051860869e-4
0.4444640182547418,0.2838971169197518,3.410694687223446e-4
0.44443476010125704,0.2838499280513653,3.578303143536737e-4
0.4444235037743942,0.28383177334016246,3.642786213878726e-4
0.444358891011403,0.28372756296439605,4.0129273257820224e-4
0.44433032509330106,0.28368149056442876,4.1765702377907906e-4
0.44432573354479443,0.28367408510809056,4.2028734136792317e-4
0.4442881229898639,0.28361342511027204,4.4183294935124743e-4
0.4442708577900938,0.2835855790180693,4.517235033908995e-4
0.4442337666592515,0.28352575677082686,4.7297155373906717e-4
0.44412889449264786,0.2833566142147239,5.330486941635963e-4
0.44409738224301776,0.28330578983849897,5.511008228401815e-4
0.44409290622949243,0.2832985707221848,5.536649549813771e-4
0.4439968935126643,0.28314371708590896,6.086668650041251e-4
0.44399050173160437,0.2831334081333857,6.123284650333492e-4
0.4439513221207448,0.2830702174914592,6.347729234594205e-4
0.44394880102418194,0.28306615135331564,6.362171605447864e-4
0.4439331516567056,0.2830409113482499,6.451820678016647e-4
0.4439179456588094,0.2830163864296221,6.538929860604743e-4
0.44390574300751545,0.282996705443733,6.608834051495182e-4
0.44389549780273824,0.2829801815157935,6.667524801006112e-4
0.4438700193514808,0.2829390887214822,6.81348082952761e-4
0.4438265429507823,0.28286896802327927,7.062540033176e-4
0.44382251443385007,0.2828624706496358,7.085617822572094e-4
0.44379377439062756,0.28281611741282764,7.250258228926223e-4
0.44376059124384704,0.28276259813838367,7.440351428430218e-4
0.4437382226360846,0.28272652103979845,7.568492386433503e-4
0.44369845512577133,0.2826623822071408,7.796304815488567e-4
0.4436861778179774,0.28264258081188426,7.86663668411086e-4
0.4436422026308217,0.28257165564840664,8.118553239237643e-4
0.44356175131276615,0.2824419001373071,8.579427205008812e-4
0.4435561452502148,0.28243285842700094,8.611542132928463e-4
0.44352086224070975,0.2823759523993297,8.81366462026547e-4
0.44348743485438746,0.28232203920434673,9.005156972063497e-4
0.4434851645842949,0.2823183776104373,9.018162456699854e-4
0.4434720585397226,0.28229723959115965,9.093241832446469e-4
0.4434611358552317,0.28227962299340903,9.155813596835732e-4
0.4433864294956428,0.2821591332102068,9.583776954605666e-4
0.4433789043913131,0.28214699638284374,9.626885318260534e-4
0.4433736034749207,0.2821384468260134,9.65725218382626e-4
0.44336980406938964,0.28213231897356206,9.679017484097432e-4
0.44336857774094834,0.28213034109579044,9.686042637516244e-4
0.44333145599151136,0.2820704694654988,9.898698542886828e-4
0.4433149036163496,0.28204377304894607,9.993520591401604e-4
0.4433099252499876,0.2820357437153396,0.0010022039694677714
0.4432899928706797,0.2820035958757886,0.001013622445784732
0.44328708175783466,0.28199890070181,0.001015290107861798
0.4432784613598502,0.28198499733548377,0.001020228394892578
0.4432678931954778,0.28196795252375584,0.001026282480696175
0.4432607449170078,0.2819564234581199,0.0010303774483443736
0.44319005930360966,0.2818424185155592,0.001070870456733943
0.4431721020508901,0.28181345624917387,0.0010811574606951774
0.4431119558153513,0.28171644969015563,0.0011156128739425036
0.4430382600774238,0.2815975898831102,0.0011578302643097016
0.4429694031997114,0.28148653440787086,0.001197275661935145
0.44293439823064723,0.28143007681635196,0.0012173286322334589
0.44293235026110683,0.2814267737587905,0.0012185018334521318
0.44291770126588675,0.2814031471991788,0.0012268936667804331
0.44291474040109524,0.281398371783019,0.0012285898297912548
0.44287497789450236,0.2813342410205871,0.0012513682062621138
0.44284507513511595,0.28128601250275487,0.0012684983212670527
0.44282451232740183,0.2812528478798615,0.001280277945228044
0.4428221289027329,0.28124900378515233,0.0012816433154989341
0.4428196176549578,0.2812449535315775,0.0012830819106010613
0.44281444420736776,0.2812366095621756,0.0012860455752931686
0.44277445671195564,0.28117211592763747,0.0013089528390114588
0.4427254420702903,0.2810930629048361,0.00133703139984941
0.4426649798501798,0.2809955467116616,0.0013716678282326006
0.4426409285666563,0.28095675571778345,0.0013854458628095837
0.4426271905708341,0.28093459845905255,0.0013933158204055048
0.4426045199740703,0.2808980342989975,0.0014063029138298038
0.4424945095643719,0.2807206045528892,0.0014693235516753628
0.4424944005371956,0.28072042870894615,0.0014693860090574983
0.4424871669240109,0.2807087620116371,0.001473529861608129
0.4424529325529333,0.2806535472752758,0.0014931413866217328
0.442451117496907,0.28065061987112566,0.0014941811608468634
0.4424037878418564,0.2805742844706663,0.0015212944591108959
0.4423470279974218,0.2804827396358203,0.0015538099420555618
0.4423444348106154,0.2804785572272834,0.0015552954768066835
0.4423202801028774,0.2804395994261714,0.0015691327590493182
0.44226731748027487,0.28035417892180853,0.0015994729629221845
0.4422514028202826,0.2803285110410182,0.0016085898458295341
0.4421726490840291,0.28020149346634643,0.00165370476454518
0.44215069211872016,0.2801660802832599,0.0016662830465706247
0.4421362105124736,0.2801427300744031,0.0016745796162879955
0.4420874860793717,0.28006424808367075,0.0017025020495049171
0.44207385833578733,0.28004229744458475,0.0017103116787998366
0.4420098653466694,0.27993922190610937,0.0017469840390766417
0.44199555691594805,0.2799161748626493,0.0017551837486642278
0.4419890077403943,0.279905625897738,0.0017589368742602486
0.4419868136088704,0.27990209174045877,0.0017601942617154662
0.44196606030850677,0.27986866374092934,0.0017720873224766002
0.4419595026421094,0.2798581010995468,0.0017758453139068218
0.44194900756324773,0.27984119634294896,0.001781859712022196
0.4419082240898314,0.2797755051079991,0.0018052314321290366
0.441882718664813,0.27973442271047316,0.0018198477853917949
0.44188245990171027,0.27973400591253145,0.0018199960743506345
0.44176953749379594,0.27955211820636006,0.0018847083386695726
0.4417588251055323,0.27953486342261197,0.0018908472699375387
0.441758310674022,0.27953403481145206,0.0018911420743832346
0.4417393529152622,0.27950349894776777,0.001902006166979372
0.44170947903254126,0.2794553801367816,0.0019191259453349044
0.44170630274321654,0.2794502639867625,0.0019209461763956054
0.44168892622512756,0.27942227507760947,0.0019309041099208188
0.4416504396558867,0.27936028353911035,0.0019529595468128062
0.4416459516808957,0.2793530546153606,0.0019555314634875794
0.4416304387124119,0.2793280673846989,0.001964421455610808
0.4416005675638333,0.27927995297768243,0.0019815396671158062
0.44156771971459036,0.27922704390443637,0.0020003637317260008
0.4415435109857398,0.2791880501365803,0.0020142369893826366
0.44152749406795094,0.2791622511787795,0.0020234157789308814
0.4415071652541027,0.2791295069131521,0.0020350655798812276
0.44147053129244535,0.2790704994284827,0.0020560593458981632
0.441469086392903,0.27906817208293405,0.0020568873721758993
0.4414315589856186,0.2790077254970386,0.0020783931436542686
0.4414198390840439,0.2789888478796256,0.002085109448969546
0.44140035084211887,0.2789574575498714,0.002096277544707678
0.44137713183441263,0.2789200579572727,0.00210958362444562
0.4413664078567514,0.278902784506114,0.0021157291972312316
0.4413544970255241,0.27888359935225,0.002122554918298248
0.44130766852137077,0.27880817119444495,0.002149390854534479
0.4412708749159342,0.27874890656647405,0.0021704761073574773
0.4412643110510212,0.27873833394094566,0.0021742376509611716
0.44122366971837806,0.2786728716566502,0.00219752791468167
0.4412071269444071,0.27864622568560815,0.0022070080557940385
0.44120602167953427,0.2786444454004004,0.0022076414481730596
0.4411997902286105,0.27863440820463403,0.0022112124958217757
0.4411400756874366,0.27853822409804435,0.0022454330127546227
0.4411155132767248,0.27849866064358997,0.002259508954311716
0.4410269835404585,0.27835606298777615,0.0023102425491682587
0.4410105185414533,0.27832954229133966,0.002319678119904979
0.44100889481706884,0.27832692690694255,0.00232060862504996
0.4409609563938205,0.27824971096722645,0.0023480806208528867
0.44093243505599633,0.2782037707432302,0.002364425298460257
0.44090525245909,0.2781599868717171,0.0023800027859436227
0.4408917379288399,0.2781382185889416,0.0023877475362535277
0.4408823748558949,0.2781231371901994,0.0023931132175425505
0.4408460612698172,0.2780646457446438,0.002413923386436665
0.44082873841500086,0.2780367432726272,0.0024238505672357323
0.44081400016910083,0.27801300391221806,0.0024322965903226996
0.44078979642013477,0.27797401816562006,0.002446166994164861
0.44078875665267553,0.27797234337917504,0.0024467628520454584
0.44076278629358967,0.27793051209759134,0.00246164564433321
0.4406109409201266,0.27768592993553826,0.0025486634304807054
0.4405888153575136,0.2776502915896532,0.002561342891381875
0.4405748663147357,0.2776278234237593,0.0025693366470935317
0.44055065878216026,0.27758883158278164,0.002583209219202679
0.4404887169981189,0.2774890599854208,0.002618706098655623
0.44047775588188115,0.2774714045676309,0.0026249875680673237
0.44047717404011827,0.277470467376638,0.0026253210031989696
0.4404689903793133,0.27745728569446,0.0026300108006527155
0.4404634578168797,0.27744837422056484,0.002633181337388328
0.4404451607677002,0.2774189025827701,0.002643666798198374
0.44044272703692644,0.2774149824953751,0.002645061492413813
0.4404210249801187,0.2773800263037311,0.002657498255518173
0.4404147988826452,0.27736999773093696,0.0026610662352736934
0.44041139008340696,0.27736450706982113,0.002663019710419945
0.44040580764966863,0.2773555152666328,0.00266621882682463
0.44039907403396295,0.27734466921811535,0.0026700776492445304
0.4403686077820937,0.2772955962593423,0.00268753689564375
0.4403648959179715,0.2772896174419997,0.0026896640477000015
0.44034918085285474,0.2772643046878775,0.002698669855018572
0.44026137681055816,0.2771228759303716,0.002748987577588547
0.4402397911296476,0.27708810718907856,0.002761357649343003
0.4401792365883972,0.2769905700677071,0.002796059543780827
0.4401654937442654,0.2769684340325165,0.0028039351335630352
0.44015801841909996,0.27695639328903304,0.0028082190062408306
0.44014737326128095,0.2769392467954957,0.0028143194098650764
0.44012661849509555,0.27690581643492057,0.0028262133106423896
0.44012315080397596,0.27690023091478233,0.002828200534865235
0.44011640105669264,0.2768893588826209,0.002832068601782599
0.4401146795978199,0.27688658607418176,0.002833055115475011
0.44009708248475393,0.27685824184569846,0.002843139465012071
0.44005373440145934,0.2767884197122264,0.0028679808820141596
0.4400268692865386,0.2767451472190233,0.0028833764306020375
0.44001075320279953,0.27671918853147925,0.0028926120490233255
0.4399753916830373,0.2766622306093531,0.0029128766187915367
0.4398712930570658,0.27649455564879155,0.002972532252456528
0.43983668146251254,0.27643880565499934,0.0029923670637804966
0.43982136621712203,0.2764141369031991,0.003001143747045798
0.439781968904702,0.27635067840175775,0.0030237211020798203
0.439729875811913,0.2762667704039584,0.003053574007734404
0.4397144981025288,0.27624200103942115,0.0030623864871410066
0.439706332069245,0.27622884775045087,0.0030670661828193103
0.43968811777858374,0.276199509414428,0.003077504217337174
0.4396651408080898,0.2761624996788485,0.0030906715931956546
0.4396524101979749,0.2761419940811135,0.0030979671036431462
0.4396517315151179,0.2761409009050967,0.0030983560353463144
0.43964650639657615,0.27613248464083545,0.003101350385700802
0.4396261194958685,0.2760996468128601,0.0031130334743951077
0.43961096464206234,0.2760752364088749,0.0031217182423108267
0.43959915457521576,0.27605621355939686,0.0031284862184947767
0.43952131447402715,0.2759308340380526,0.0031730939212153255
0.43947238338288924,0.27585201917666313,0.0032011347836235268
0.43946667940010997,0.27584283159057704,0.0032044035559433857
0.4394634110816221,0.2758375672062642,0.003206276526009923
0.4394623316130849,0.2758358284720329,0.003206895135323998
0.43929898009648427,0.2755727130000653,0.0033005067285799402
0.4392811128128108,0.2755439335992103,0.0033107459043564304
0.4392808909323786,0.27554357620935643,0.0033108730570220652
0.43927340764359796,0.27553152263862524,0.0033151614933961517
0.43924931643387294,0.27549271816255444,0.003328967404554801
0.43921364768673604,0.2754352653795456,0.0033494080366249135
0.4392103491275872,0.27542995228564043,0.0033512983366588253
0.4392051659035312,0.27542160350215683,0.0033542686786071797
0.4391777691429406,0.2753774746704007,0.0033699688965317586
0.4391734975788517,0.2753705943265589,0.0033724167949558256
0.4391503665957883,0.27533333651804603,0.003385672430551976
0.43913019094677463,0.27530083895987845,0.003397234457574746
0.43908847443321486,0.27523364484755836,0.0034211408735094068
0.4390800769174295,0.27522011870237645,0.0034259532244959087
0.43905537395765776,0.2751803288610906,0.003440109710278814
0.43898711804677026,0.2750703868992315,0.0034792250163394973
0.43896527140466113,0.27503519781945385,0.003491744636712117
0.43895219470262603,0.2750141347604793,0.003499238481504682
0.4389274407839694,0.27497426283810034,0.0035134241702145267
0.4389215389061293,0.2749647564961593,0.0035168063499414776
0.43889725406647273,0.2749256401342126,0.003530723224296386
0.43888898087977846,0.27491231424984347,0.0035354643262088268
0.4388481918434818,0.27484661405458577,0.0035588392342266245
0.43884449729436237,0.2748406631270677,0.003560956463601816
0.43884346621629705,0.27483900233690517,0.0035615473418653077
0.43881413750033255,0.2747917616433152,0.003578354702376671
0.43879921026533575,0.27476771787217,0.003586909029144103
0.4387491981149988,0.27468716171441976,0.003615569412424455
0.4387310227089124,0.2746578860110156,0.0036259851634209807
0.4387247517097411,0.27464778511363186,0.003629578874920865
0.43871963506281486,0.27463954356804404,0.0036325110636196024
0.4387121501067775,0.27462748731180964,0.0036368004554458116
0.4386978842997185,0.27460450892363525,0.0036449757387591415
0.4386512396377854,0.2745293768863288,0.0036717063208272717
0.43864815532381707,0.27452440888393514,0.00367347384371708
0.4386425039149443,0.2745153059803088,0.003676712487592126
0.43860528127248416,0.27445535028878787,0.003698043607978412
0.43854027233558224,0.27435063833097434,0.0037352981758324863
0.4385253104580872,0.27432653876005786,0.0037438723551211717
0.4384997450815619,0.2742853597967372,0.0037585230646984095
0.43845294120121664,0.27420997130128133,0.0037853448898081984
0.43843730638781425,0.27418478781114236,0.0037943047074047247
0.4384322250211052,0.27417660309252007,0.003797216678125623
0.4384210110190996,0.27415854034359827,0.0038036430683812262
0.4383860814400983,0.274102278162164,0.0038236601065459977
0.43837595681294894,0.27408597010389585,0.003829462210489077
0.4383698935138067,0.2740762037555406,0.0038329368956643546
0.4383693688555878,0.27407535867189664,0.0038332375607136194
0.4383497851955831,0.27404381464921346,0.0038444603375385297
0.4383207232675717,0.27399700367944635,0.0038611148103028466
0.43830022589644274,0.2739639879132574,0.003872861206105444
0.4382806323569148,0.27393242797731254,0.003884089644572994
0.4382549916331445,0.27389112764979306,0.0038987835332758565
0.4382413924152339,0.2738692229579151,0.003906576815408378
0.4382317004756228,0.2738536118431968,0.0039121309597935534
0.43816927616115636,0.2737530630187665,0.003947904362188112
0.43816719764089823,0.27374971508022217,0.003949095496479507
0.43814734131239325,0.27371773186173204,0.003960474531007301
0.43809497233380384,0.2736333794859185,0.0039904855380977705
0.4380589312971642,0.2735753270443925,0.004011139517519813
0.43805130983940677,0.2735630509205054,0.004015507134169212
0.4380411681373694,0.27354671535917324,0.004021319023191165
0.4380377629527876,0.2735412305202994,0.004023270426891964
0.43801092183806656,0.2734979966849795,0.004038652221723709
0.43801081681935916,0.2734978275280146,0.004038712404626955
0.43800930422678813,0.27349539114715626,0.004039579223640757
0.4379822752802468,0.2734518547651623,0.004055068658954359
0.43797249769627106,0.2734361057003479,0.004060671883419067
0.4379626845899783,0.27342029941861007,0.004066295464601375
0.43795182447794595,0.2734028066914994,0.004072519051694043
0.43794542779780643,0.27339250335579146,0.004076184786986065
0.4379436863178083,0.2733896982986903,0.004077182774152889
0.43791286059629003,0.27334004633074527,0.004094848021250938
0.43787766818362656,0.27328336079479,0.004115015681083559
0.43784763782104763,0.2732349899367303,0.004132225133101951
0.437829868602722,0.27320636849284324,0.004142408110725857
0.43781535606044064,0.2731829926804158,0.004150724790199791
0.4378055839306844,0.2731672524008858,0.004156324889023623
0.43778747446165456,0.2731380829043912,0.0041667028535762735
0.4377872081536216,0.2731376539535909,0.0041668554662962504
0.4377579191117183,0.27309047716427026,0.004183640090856637
0.4377555951013151,0.2730867338069583,0.004184971907794181
0.4377278570533453,0.2730420552527893,0.004200867706733172
0.437715964382336,0.2730228993501647,0.004207683020753022
0.43770292841533776,0.27300190190440676,0.004215153521582976
0.4376609591217962,0.2729343006313477,0.004239204797738889
0.43765020998860416,0.2729169866613772,0.004245364786364444
0.4376460457880272,0.2729102792513513,0.004247751158151881
0.43753047013129753,0.2727241178731088,0.004313983915540441
0.43752031527300445,0.27270776112057804,0.004319803343996866
0.4374806464308882,0.2726438652576377,0.0043425363041211164
0.43744231843799064,0.27258212914308744,0.004364500865920767
0.43744194914183493,0.2725815343060493,0.004364712497880114
0.4373923239159678,0.27250160137982216,0.0043931511469712525
0.4373850520200791,0.2724898883063309,0.00439731844075766
0.4372804513606143,0.272321404704489,0.004457261773956487
0.43725737231737255,0.2722842305570953,0.004470487644481837
0.43724079626411944,0.2722575309820573,0.004479986856899381
0.4372370240951121,0.2722514550297223,0.004482148567780033
0.43723005585320074,0.2722402310613291,0.004486141847065682
0.4372063326129692,0.27220201928539944,0.004499736886533211
0.4372045072067658,0.27219907904569596,0.004500782969156708
0.4372002875811654,0.27219228236082593,0.00450320110327396
0.4371845765762815,0.27216697614664964,0.0045122045838013655
0.43713587894335826,0.27208853732381566,0.004540111658682582
0.4371162458420052,0.27205691366438356,0.004551362768782213
0.43709552120092604,0.27202353182727307,0.004563239405812925
0.43706801717836263,0.2719792302252533,0.004579001092185269
0.437058371771,0.27196369406150434,0.004584528570408987
0.43704420904938307,0.2719408817163231,0.00459264477871232
0.4370303662175628,0.27191858462778934,0.004600577668279795
0.43702498672126205,0.27190991970237227,0.004603660487650592
0.4370192222659827,0.2719006347113111,0.0046069639148496955
0.43701203585710735,0.2718890593344653,0.0046110822187296245
0.43695343157388716,0.2717946635555971,0.004644666481906567
0.43694498286076616,0.2717810549452419,0.0046495081724686
0.4369330903956399,0.2717618993742397,0.004656323368503374
0.43691256629449443,0.27172884055316493,0.004668085082433881
0.43690524917497775,0.27171705463654083,0.0046722782924527055
0.436904466822619,0.27171579447676764,0.004672726633871943
0.43687709965618743,0.2716717133132626,0.004688409892318985
0.4368642603652734,0.2716510326599154,0.004695767684298793
0.4368397636490667,0.2716115750216851,0.004709805978410633
0.4367868744647095,0.27152638473393187,0.004740115098991312
0.43677028000283247,0.27149965550753913,0.004749624860809616
0.4367390029653118,0.271449276590586,0.004767548742849806
0.43668078769848717,0.2713555074127722,0.004800910073020951
0.43666245193633285,0.2713259734187603,0.004811417719013755
0.43658351635066794,0.2711988293658033,0.004856653209277073
0.4365748043342014,0.27118479664439327,0.004861645790667628
0.4365634874242137,0.27116656813831863,0.004868131154236554
0.43651630847097594,0.2710905755010515,0.004895167921770995
0.43649288518749846,0.27105284687498504,0.004908591065499575
0.4364465720780741,0.2709782488798267,0.0049351316452999755
0.43644487710325647,0.2709755187300956,0.004936102981817127
0.4363763122844608,0.2708650792004651,0.004975395313240425
0.4363715489343425,0.27085740672125835,0.004978125038700493
0.4363693350440011,0.2708538407378247,0.004979393749309773
0.43633978148839336,0.27080623788788566,0.004996329958317138
0.43631294851788643,0.27076301717070994,0.005011707085957062
0.4362903842334706,0.2707266721616936,0.005024637964462528
0.4362898606843446,0.27072582886450086,0.005024937993925681
0.4362896310100151,0.27072545892076927,0.005025069613027618
0.4362875897150875,0.27072217094224615,0.005026239414658204
0.4362695519159911,0.2706931168867879,0.005036576307436342
0.43621603016087596,0.2706069076972394,0.0050672479343330315
0.4361586365934828,0.27051446205677765,0.005100138374520653
0.4361071853527466,0.27043158791044986,0.005129623455042357
0.43610607686327185,0.2704298053015502,0.005130258694570697
0.43609151016183606,0.27040637997166733,0.00513860640085056
0.4360904636998414,0.27040469711178694,0.0051392060944327545
0.43608923143959843,0.27040271546186984,0.005139912262992181
0.43606971401599753,0.2703713286658728,0.005151097068301581
0.4360654213938796,0.27036442551833334,0.005153557031442093
0.4360561163397535,0.2703494616664659,0.005158889457530825
0.4360544940865147,0.2703468528522851,0.005159819118484545
0.4359973593214959,0.2702549720154158,0.005192561207614849
0.43599126037068386,0.27024516403415505,0.005196056319409308
0.4359833854129793,0.27023249998094745,0.005200569203412149
0.43596447207931227,0.27020208464757306,0.005211407824284629
0.4359275306364312,0.27014267754778076,0.00523257777247675
0.4359263122926525,0.2701407182775196,0.005233275965959808
0.43589984913403507,0.2700981617506979,0.005248441147751258
0.4358811516646047,0.27006809355775035,0.005259156063799277
0.4358804271621246,0.2700669284546093,0.0052595712527787305
0.4358581833112987,0.2700311571754518,0.005272318485503053
0.43584360626554786,0.27000771521043754,0.005280672119775869
0.4358292108077409,0.2699845652646911,0.00528892169186096
0.43580518642581806,0.26994593063802175,0.0053026892894691875
0.435769520168524,0.26988857421821155,0.0053231284699730855
0.43575812915194206,0.2698702558417205,0.005329656293796095
0.43573089018997335,0.26982645171265274,0.0053452660634399005
0.43572107042686953,0.269810660135466,0.005350893452625434
0.4356537821442274,0.2697024509966234,0.005389454194880533
0.4355845599162676,0.26959113179835914,0.005429123218756152
0.43557111463687637,0.26956950987478945,0.005436828274269469
0.4355653742249635,0.26956027847512665,0.005440117918996875
0.4355498094276382,0.2695352480649468,0.005449037601805647
0.4354725566512218,0.26941101460139294,0.005493308673720585
0.435415599185858,0.26931941888761224,0.005525949158143111
0.4353938353021848,0.26928441946397297,0.005538421337188849
0.43536382971789095,0.269236166212301,0.005555616568761641
0.4353599708127523,0.2692299605434159,0.005557827982704677
0.4353322579668586,0.2691853943415262,0.005573709319925691
0.4352638580968442,0.2690753976119236,0.0056129070770141775
0.4352357125223227,0.2690301355207895,0.0056290363970403455
0.4352153980013245,0.2689974668786887,0.005640677993132384
0.4352139156151737,0.2689950829906994,0.005641527500773832
0.4351304443035061,0.26886084923708065,0.005689362214464267
0.4351056439260492,0.26882096669910804,0.005703574510058588
0.43506778779663985,0.2687600886531473,0.005725268635567702
0.4350131862552339,0.2686722816005221,0.005756559016035344
0.43500090333142194,0.2686525289102174,0.005763597963094977
0.4349633206089935,0.26859209054160915,0.005785135407890753
0.4349439612341732,0.2685609579105539,0.005796229640546926
0.4349292242958048,0.2685372588154454,0.005804674904116456
0.4349273375080819,0.2685342245921504,0.0058057561612420185
0.4348935665639482,0.26847991610575245,0.005825109198967402
0.4348872372209162,0.26846973762099946,0.005828736341104439
0.43488065134124604,0.2684591465888071,0.00583251049610607
0.43481562433137155,0.2683545738985297,0.005869775375947424
0.43470536972042095,0.2681772687863179,0.0059329587337084546
0.43468045209162687,0.26813719769150124,0.0059472382222584205
0.4346760201366658,0.26813007047691206,0.005949778032552725
0.4346722494058865,0.26812400660495084,0.005951938916617291
0.43461873281040225,0.2680379442998398,0.0059826075496067135
0.4346126968685828,0.2680282376460103,0.005986066552981851
0.4345955250923708,0.2680006229849826,0.00599590714350627
0.4345485514977791,0.2679250827568846,0.006022826193937076
0.43454637666950907,0.2679215853233792,0.00602407251780027
0.43452351811155715,0.2678848255076425,0.006037172019331552
0.4344882851057718,0.26782816581794366,0.006057362917384137
0.43446966616224614,0.26779822390583113,0.006068032832771543
0.434451883067129,0.26776962615696576,0.006078223750422944
0.4344345603797242,0.2677417688092537,0.006088150823279483
0.4344343102152693,0.2677413665091923,0.006088294184451595
0.4344079679775866,0.26769900444045,0.00610339007035953
0.4343758024649297,0.2676472777164445,0.006121823087139902
0.43436715204258125,0.2676333666056806,0.0061267803648928296
0.4343609779017858,0.2676234377082212,0.006130318565639127
0.43432440931076116,0.26756463020730004,0.006151274844470492
0.4342862520581291,0.26750326791232393,0.006173141533976207
0.43427613437581847,0.2674869972386356,0.006178939651040279
0.43426285364431283,0.26746563993149397,0.0061865504094730725
0.43425998711200314,0.2674610301394096,0.00618819312658844
0.43424246449360204,0.2674328512741896,0.006198234773443875
0.43423405901140466,0.26741933406206264,0.006203051683904574
0.4342329422346412,0.26741753812602287,0.006203691672610498
0.4342252586955247,0.26740518190115853,0.006208094860800848
0.43422508549115707,0.2674049033638749,0.00620819411863173
0.43418783355198765,0.26734499694184327,0.006229542002221724
0.43416024167862455,0.2673006252810066,0.0062453540139912715
0.43414588141780797,0.267277531937032,0.0062535834158175575
0.4341351123435666,0.26726021373237535,0.006259754824565732
0.43411980935566935,0.2672356043490316,0.006268524472844298
0.4341187599803198,0.26723391680406183,0.006269125835976073
0.4340772603227467,0.26716717944605645,0.006292907949837765
0.43407457917875686,0.26716286778478565,0.0062944444268926095
0.4340370697752249,0.26710254732340183,0.006315939854996064
0.43403320747451096,0.2670963361939482,0.006318153214833657
0.43400826412784826,0.267056223741137,0.006332447441463825
0.4340050006030609,0.26705097552862567,0.00633431766215049
0.4339948350562383,0.26703462788198723,0.006340143208820975
0.43399272791991195,0.26703123930676514,0.006341350740616811
0.43399053021151757,0.26702770507876217,0.006342610176340539
0.43398768661865894,0.2670231321765812,0.006344239747597142
0.43397266664299705,0.26699897791720656,0.0063528472107011805
0.43396801168726595,0.26699149208562883,0.006355514815536784
0.4339511337356563,0.26696434993639573,0.006365187024668288
0.4339345262990613,0.26693764281382165,0.006374704210378939
0.4339332916914872,0.26693565738906183,0.0063754117241180625
0.43391087130780687,0.26689960221994014,0.006388260122121554
0.43389814383362724,0.2668791346293502,0.006395553826643768
0.43388888829899097,0.26686425041187284,0.006400857874711717
0.4338813052533105,0.2668520557947616,0.006405203473358509
0.43387298740421276,0.2668386795091359,0.006409970164119197
0.4338500925973134,0.2668018613999307,0.006423090438751897
0.4338298413733418,0.2667692945484607,0.006434695761361662
0.4338190091309735,0.2667518747604622,0.006440903369723886
0.4337881328002202,0.26670222122450854,0.006458597597978917
0.43377482662306205,0.2666808229971347,0.006466222938493634
0.43376668764225795,0.26666773435719193,0.006470887125610361
0.43371552959851767,0.2665854649390905,0.0065002041487455175
0.43370835603861385,0.2665739288334099,0.006504315084314692
0.433695591550561,0.2665534017192418,0.006511630000292621
0.4336945397742769,0.2665517103132275,0.006512232739322466
0.43367126510528275,0.26651428133169,0.006525570700657116
0.4336691730255487,0.26651091696961193,0.006526769604006037
0.4336379939791689,0.2664607766238309,0.0065446373088128935
0.4336266532584704,0.2664425391302813,0.0065511363096890235
0.4336214379534033,0.2664341521771901,0.006554125032637167
0.4335794857181584,0.26636668700985155,0.006578166504150207
0.4335181883716991,0.2662681121493668,0.006613294034307454
0.4335011519496921,0.2662407151571722,0.006623057057707155
0.4334975139141146,0.26623486467798835,0.006625141898435849
0.43348559970692985,0.26621570493651725,0.006631969545901151
0.4334531032805898,0.26616344605619446,0.006650592198629193
0.43344429681111446,0.26614928399943283,0.00665563890195229
0.43344203683550414,0.2661456496368812,0.0066569340210070535
0.4334079658913318,0.2660908587077077,0.006676458979068578
0.43339800470190587,0.26607483969685913,0.00668216741511308
0.4333574069179878,0.2660095526800979,0.00670543269430169
0.4333527933118892,0.2660021333446165,0.006708076602997978
0.43334449236358363,0.26598878423787087,0.006712833608460356
0.43333489269175585,0.265973346598792,0.006718334870441661
0.433314712960745,0.26594089471818194,0.006729899222743913
0.43330523787630004,0.2659256574333533,0.006735329087718618
0.4333029880509721,0.26592203939390097,0.006736618389974245
0.43326612620390975,0.265862760295518,0.006757742724372526
0.43324464917447236,0.26582822217433155,0.006770050516517342
0.43317515995726813,0.26571647361934886,0.006809872543308737
0.43307537606646196,0.26555600691592696,0.0068670554694215975
0.43306637645358104,0.26554153425706983,0.006872212856994445
0.4330166731630873,0.26546160428931337,0.00690069620801342
0.4330141733404337,0.2654575842185672,0.0069021287756648115
0.4329894769977085,0.2654178689832554,0.0069162814523133455
0.4329816497491988,0.26540528165322586,0.006920766995716997
0.43295234377720115,0.2653581534777354,0.0069375613020711295
0.43293320315297745,0.26532737262878464,0.006948530175823168
0.4329045410616496,0.26528127990508554,0.006964955494954325
0.4328411510010587,0.2651793396623212,0.007001282292013226
0.4327777881944505,0.2650774432478416,0.007037593470694545
0.4327337286082001,0.26500658916004627,0.007062842597029143
0.4327325221418252,0.26500464899034154,0.0070635339839555614
0.4327070711032101,0.26496372009658686,0.007078119152451861
0.4327011350389446,0.2649541740600844,0.00708152091922558
0.43268843813876373,0.2649337556368376,0.007088797102776247
0.43268059953175797,0.2649211500407291,0.007093289155367268
0.4326747526942333,0.26491174749352986,0.007096639789176667
0.432655534829794,0.2648808424313153,0.007107652926802362
0.43264591187781154,0.2648653673544332,0.007113167529888664
0.43264379296607314,0.264861959842672,0.007114381809792923
0.43262266244205183,0.2648279789515293,0.007126491030871368
0.4325977988764901,0.2647879947980876,0.007140739537528418
0.4325507391381696,0.26471231603860873,0.007167707954148882
0.432517159075168,0.26465831451624844,0.007186951604060429
0.4325031020749895,0.2646357088585573,0.0071950072170064066
0.43250001213489986,0.26463073979495444,0.007196777961907331
0.43248937463262377,0.2646136331767509,0.007202873971010252
0.43248268087919217,0.2646028686681914,0.00720670994498164
0.4324792502296028,0.26459735169520354,0.007208675939496397
0.43246306795443756,0.26457132829274194,0.007217949478918809
0.43244529967655215,0.2645427543720948,0.007228131905293118
0.43240400183286415,0.2644763415595505,0.007251798366133178
0.432402616388361,0.26447411356753303,0.0072525923196462725
0.43238668568388067,0.26444849472655074,0.007261721692031601
0.4323775176686487,0.2644337512527364,0.007266975585554652
0.4323674549493729,0.2644175689674336,0.007272742205078031
0.4323479469255316,0.2643861972875883,0.007283921623688747
0.43233350314868846,0.26436296963795214,0.007292198885853379
0.43231980541416054,0.26434094173057865,0.007300048615254554
0.43216737285842477,0.26409580847795167,0.007387402791378694
0.43213244601690315,0.26403964114397976,0.0074074182365768525
0.4321305198442131,0.2640365435840501,0.007408522063955451
0.43210576697808417,0.26399673745105745,0.007422707132341697
0.43209268245114785,0.26397569566879836,0.007430205452270676
0.4320648004320628,0.2639308574123306,0.007446183737185563
0.4320591188848503,0.26392172067548697,0.007449439648453752
0.4320558141108294,0.263916406128335,0.007451333507744386
0.4320357423074478,0.2638841278107193,0.007462836010206927
0.43201548462601075,0.2638515505747254,0.007474445033381671
0.4320138163690998,0.26384886778009,0.007475401057554551
0.43201319927758647,0.26384787540907645,0.007475754692776909
0.43198382204557667,0.2638006326373406,0.007492589835943243
0.43194766700718257,0.2637424901879299,0.007513309121114401
0.4319362005623488,0.26372405051207065,0.007519880170433153
0.43192247055372385,0.26370197070335405,0.007527748395077296
0.43189563216425847,0.2636588107519042,0.0075431286095527066
0.43186552767140124,0.2636103984411799,0.007560380522429748
0.431854837193572,0.26359320663074437,0.007566506890111752
0.43185300692655565,0.2635902633007928,0.007567555757045244
0.43184987997596525,0.2635852347190352,0.007569347711469218
0.4318455809437714,0.263578321263181,0.007571811348017288
0.43183943044420753,0.263568430384188,0.0075753360007370495
0.4318226287015744,0.26354141078983967,0.007584964536964646
0.4318164061719696,0.26353140407628545,0.007588530467775222
0.4318039876358639,0.26351143330210425,0.007595647129861913
0.4317560993929908,0.2634344221893442,0.007623090335691659
0.431743411414286,0.263414018113101,0.007630361406632454
0.4316631110929442,0.26328488376340453,0.007676378928148509
0.4315818276121921,0.2631541683533962,0.0077229598665794815
0.4315807240333113,0.26315239364143084,0.007723592292004975
0.43154559642905055,0.26309590345239037,0.007743722787846904
0.4315070550943108,0.2630339234987005,0.0077658095824077
0.431463539401583,0.26296394406912776,0.007790747020925125
0.43143957330637495,0.26292540317579455,0.007804481216298986
0.4314246092863953,0.2629013389011239,0.007813056613008146
0.4313929391902915,0.262850408877472,0.007831205722557395
0.4313789093653344,0.26282784692140615,0.00783924576226136
0.4313721110641513,0.26281691428517684,0.007843141649173649
0.4313629665069155,0.2628022085351603,0.00784838209967645
0.4313527445999377,0.2627857702533679,0.00785423994453219
0.4313302596004003,0.2627496111727481,0.007867125371797158
0.4313035536682661,0.26270666423154587,0.007882429679252657
0.4313006991022115,0.26270207368290344,0.00788406553889357
0.43129357295829335,0.2626906138288787,0.00788814930189229
0.43127223661977615,0.26265630195872325,0.007900376468613194
0.4312689704779437,0.26265104953763074,0.007902248189043915
0.43126623765013006,0.2626466547614126,0.007903814284429496
0.4312515760594931,0.262623076836184,0.007912216368646882
0.431220218049965,0.2625726486921801,0.007930186631455885
0.43121303569915315,0.2625610984494677,0.007934302604810643
0.43120756897814766,0.2625523071837515,0.007937435406115639
0.43115515941569565,0.26246802514537315,0.00796746963421689
0.4311502294952224,0.2624600971313413,0.00797029481246845
0.4311430191285096,0.2624485018350713,0.007974426840831488
0.43113224635841757,0.26243117768696056,0.007980600367552361
0.43107004253845244,0.2623311450880168,0.008016247368408594
0.431068334694344,0.2623283986315315,0.008017226078726203
0.43105422666963883,0.2623057109191368,0.008025310932180979
0.4310427733362999,0.26228729232842807,0.008031874467725377
0.431027183392821,0.26226222147965284,0.008040808560982908
0.43102656838388553,0.26226123245772104,0.008041161002747108
0.43101900762766865,0.26224907368524086,0.008045493828021943
0.43099803950586313,0.26221535395998363,0.008057509981633959
0.43099483819796264,0.2622102058010846,0.008059344547831571
0.43095427762574695,0.26214497862603886,0.008082588502195022
0.43094407041002536,0.2621285639698782,0.008088437927966144
0.4309373029304175,0.2621176808991302,0.008092316152028795
0.4309255010221619,0.2620987017503261,0.008099079444603544
0.4309048852940452,0.2620655487242935,0.008110893652770188
0.43087807638916703,0.26202243618825793,0.008126256970580599
0.43084617631089506,0.26197113632053526,0.008144537875485044
0.4308120743903249,0.2619162955769039,0.008164080585119988
0.43068490100071055,0.26171178265974326,0.00823695954867902
0.4306506239189381,0.2616566602319595,0.008256602637543593
0.43063385109473085,0.26162968714255724,0.008266214601555025
0.4306113351782715,0.2615934783431251,0.008279117746309725
0.4306006390427071,0.261576277434246,0.00828524735625705
0.4305736058773616,0.26153280425544917,0.008300739190500653
0.4305672103098604,0.2615225192723207,0.008304404283742847
0.4305585093350564,0.26150852686601067,0.008309390531475887
0.43053088484533136,0.26146410275342025,0.008325221234629358
0.43050673657859506,0.2614252689023324,0.00833905982662432
0.430506245642697,0.26142447940750996,0.008339341166136736
0.43050048164843824,0.26141521008407737,0.008342644325145174
0.43049222287201133,0.2614019287957169,0.008347377163265519
0.43048969269034787,0.2613978599033605,0.00834882712868522
0.43046526724775924,0.26135858031403847,0.008362824561212023
0.43044773165166716,0.26133038057884383,0.0083728736451631
0.43041850692338035,0.2612833830548076,0.00838962139336968
0.43038824642066464,0.26123471985801855,0.008406962710459554
0.43037828299843567,0.2612186972565047,0.008412672426051409
0.43037552232554577,0.26121425770143936,0.008414254478551157
0.43036934152505396,0.26120431809424005,0.008417796495754401
0.43036731371908743,0.2612010570935314,0.008418958565882336
0.4303465450108484,0.26116765805368114,0.008430860442017837
0.4303244821997032,0.26113217791210636,0.008443503926746334
0.43032386525485533,0.26113118577695177,0.00844385747791944
0.43031600555146704,0.26111854625485653,0.008448361620166154
0.43028726099938736,0.26107232092252786,0.008464834194891791
0.4302674317479162,0.26104043266291804,0.008476197698685716
0.4302475544806202,0.2610084671870255,0.008487588718798605
0.43024638391088726,0.2610065847442319,0.00848825953451852
0.4302267517744529,0.26097501347366603,0.008499510078049093
0.43022597342427393,0.26097376177575854,0.00849995612540617
0.4301659606840278,0.26087725274496393,0.008534347489218524
0.4301464663232971,0.26084590303734584,0.008545519077941663
0.43011587783550226,0.26079671239385177,0.008563048352690773
0.4300608853460192,0.2607083861248738,0.008594544316654688
0.43005176426683245,0.2606937464607999,0.008599766536935909
0.43001406367064904,0.2606332356317405,0.008621351791703612
0.4300038565034212,0.2606168527568305,0.008627195845309505
0.42999697667280085,0.2606058103782803,0.008631134851896467
0.4299262765154498,0.2604923340524648,0.008671613811462954
0.4298764583861216,0.26041237414166735,0.00870013688861451
0.4298684199261213,0.2603994721207918,0.008704739261643384
0.4298654268717605,0.26039466815960477,0.008706452917326633
0.429856737122807,0.2603807207962544,0.008711428182017854
0.42984741803327964,0.26036576331837696,0.008716763771955805
0.42983714631327025,0.26034927683390313,0.008722644784877349
0.429824619678461,0.2603291711291035,0.008729816836014818
0.4297831841488041,0.2602626655958791,0.008753540504991504
0.4297813090352834,0.26025965597043005,0.008754614090217197
0.4297800393203003,0.26025761803166847,0.008755341058068297
0.42973907761628094,0.2601918730058381,0.008778793440961026
0.42971245620792964,0.26014914467649736,0.008794035371850998
0.42965623619930093,0.26005890951641386,0.008826223807370444
0.42964329319182826,0.2600381355183348,0.008833634250229195
0.42961144968078446,0.2599870255241043,0.008851866065323963
0.4296085245980086,0.259982330659785,0.008853540804275764
0.4295915988388651,0.25995516420031445,0.008863231548195873
0.4295668079222261,0.25991537387679625,0.008877425441814264
0.4295636277536329,0.2599102695904558,0.00887924622865157
0.4295366627008564,0.259866989699305,0.008894684911137499
0.4294988380247193,0.2598062797174038,0.008916341207153445
0.42948566695713714,0.25978513967454836,0.008923882224487494
0.42948052082199056,0.25977687994033466,0.00892682861392038
0.4294784463478845,0.25977355033389,0.008928016341877534
0.4294523802286229,0.2597317132637491,0.008942940345262764
0.42942950318736256,0.2596949947798727,0.008956038460781522
0.42938618891897035,0.2596254738025979,0.008980837790579232
0.4293591097768518,0.25958201079390064,0.0089963417942474
0.4293543495747067,0.259574370496201,0.008999067220008546
0.4293344164572378,0.25954237711715966,0.009010479809262771
0.4293157893142162,0.2595124798746396,0.009021144670522787
0.4293129900129428,0.2595079868942099,0.00902274739401458
0.4293069967011678,0.259498367410673,0.00902617882944698
0.4292772345015547,0.259450597997042,0.009043219001914567
0.42924517200053586,0.25939913651593094,0.009061576198432482
0.42922322185634676,0.2593639057355901,0.009074143624480733
0.429211273065253,0.2593447274909855,0.009080984834595051
0.42917712787843737,0.25928992322336736,0.009100534460625363
0.42915667578698075,0.2592570968721866,0.009112244185386103
0.4291207165011898,0.2591993809096855,0.009132832463122773
0.42910183072093683,0.2591690685449954,0.009143645405609553
0.42906240058896905,0.25910578174805227,0.009166220895925642
0.42904516863751313,0.2590781238387758,0.009176086948454665
0.42903390323320845,0.259060042454841,0.009182536889479311
0.4289747393860847,0.25896508232682636,0.009216410802427303
0.4289690332699084,0.25895592380267834,0.009219677805707607
0.42890131653421204,0.25884723597720605,0.009258448624740089
0.42885079312939706,0.25876614407358245,0.009287375503226511
0.4288457504808445,0.2587580504391187,0.009290262642018217
0.42881813188825907,0.2587137215927878,0.009306075504880685
0.4288026290629168,0.2586888389938586,0.00931495155641592
0.4287801492085275,0.25865275800936655,0.009327822264926044
0.4287728803562409,0.25864109123688284,0.009331984003581621
0.4287547306320064,0.2586119602688927,0.009342375521520993
0.4287355730573482,0.2585812116642899,0.009353344078297044
0.42871136116768294,0.25854235070013926,0.009367206453424742
0.42868497112800497,0.25849999372594024,0.009382315915540633
0.42868167736057006,0.2584947071093243,0.009384201742727069
0.42865745883445927,0.25845583549343704,0.009398067917512668
0.42863441883322484,0.2584188554528711,0.009411259334806797
0.42860684478548033,0.25837459810263114,0.009427046693782422
0.4286063469181279,0.25837379900740953,0.009427331744808979
0.42857781734542116,0.25832800800482714,0.00944366618398581
0.42847753304458575,0.25816704805194796,0.009501083371029857
0.4284762581081432,0.258165001732554,0.009501813328396842
0.4284286654366837,0.2580886137626355,0.00952906223272537
0.4284260019635474,0.25808433879130954,0.009530587188615562
0.4284183017076487,0.2580719796003267,0.009534995924873753
0.4284037155377114,0.2580485682666858,0.00954334715074433
0.4283957206003745,0.2580357361012691,0.009547924605128042
0.4283696827617674,0.257993944422608,0.009562832416590774
0.4283495620533804,0.2579616499533153,0.009574352409922653
0.42831743990910137,0.2579100927426008,0.009592743754838644
0.42829422814891305,0.2578728370226623,0.009606033511712377
0.42824786488900435,0.2577984223030296,0.009632578523683068
0.42824390927642925,0.25779207340087446,0.009634843286414705
0.4282208088394836,0.2577549963587923,0.009648069305820102
0.4281949012495298,0.25771341373396034,0.009662902544181881
0.4281863242155467,0.25769964728223993,0.009667813274579258
0.42816386664075706,0.25766360205731637,0.009680671227035517
0.42813371099753156,0.25761520115236725,0.00969793666333104
0.4281168862790466,0.2575881968668312,0.009707569557015946
0.4281028284709147,0.2575656335731188,0.009715618272440135
0.4281024256016843,0.25756498695334085,0.009715848932850216
0.42809538128159036,0.25755368056319855,0.009719882116918547
0.42802586947859994,0.2574421115893844,0.009759680691180125
0.4280110740137211,0.25741836432974474,0.009768151747639349
0.4280080439292369,0.2574135009338619,0.009769886604702115
0.4280076393562608,0.25741285157951005,0.009770118240581795
0.4279595988960532,0.25733574489235267,0.009797623523726262
0.42794319232309785,0.2573094117456109,0.009807017010645742
0.42792993720710143,0.25728813680199136,0.009814606149405443
0.42792566117501646,0.25728127361486075,0.009817054366444212
0.4279134502931798,0.2572616747050745,0.009824045635073003
0.42787216723858007,0.2571954138998665,0.009847682005351853
0.42787014942539703,0.2571921752362656,0.00984883729243052
0.4278008659049976,0.2570809726643187,0.009888505164836322
0.42779203560572837,0.25706679971259605,0.009893560900784734
0.4277846714136056,0.2570549799162052,0.009897777225703185
0.4277515262720903,0.2570017807576925,0.00991675428167439
0.42774268691688405,0.25698759327086124,0.00992181520254633
0.42773064586558374,0.2569682669452673,0.00992870923569963
0.42771734655527505,0.2569469210681681,0.009936323677653057
0.4276428761861836,0.2568273934152852,0.009978961249792915
0.4276107892926812,0.2567758927833502,0.009997332412083925
0.4276058133311255,0.25676790618394374,0.01000018136962749
0.42759277639486515,0.2567469814267418,0.010007645590861572
0.42757352118373415,0.2567160761120464,0.010018670048826294
0.42756437937687775,0.2567014031793084,0.01002390413661293
0.4274989883288157,0.25659644816713695,0.01006134339685913
0.4274846176139117,0.2565733826466665,0.010069571265216628
0.42742484619299254,0.2564774473405964,0.01010379304097033
0.42741552359486507,0.2564624842312881,0.010109130639736657
0.4273807970163215,0.2564067468087856,0.010129013138183842
0.427366297004784,0.25638347376251247,0.010137315034568915
0.4273601301153672,0.2563735756805428,0.01014084585085995
0.4273470404424467,0.25635256627908176,0.010148340266158878
0.42731132817139844,0.25629524678423315,0.0101687871170564
0.4272347353644521,0.25617231254134304,0.010212639878515893
0.4272231359078934,0.256153694991382,0.010219281079195272
0.42720881834585045,0.25613071478318805,0.010227478515194599
0.42720061668700215,0.2561175508222216,0.010232174326764695
0.42718634526022103,0.25609464466280213,0.010240345348290996
0.4271421662198011,0.2560237356949477,0.0102656397982307
0.4271228916450817,0.2559927993009883,0.010276675342704121
0.42711702398430834,0.25598338149188227,0.010280034837394014
0.42705308842633694,0.25588076259428166,0.010316640765343145
0.42701341487168254,0.25581708509506673,0.010339355625887777
0.4270097445632199,0.2558111941163963,0.010341457039426629
0.4269985540884402,0.2557932329970761,0.010347864079992176
0.4269779286624476,0.2557601284376564,0.01035967304642274
0.42695291193406393,0.2557199756780691,0.010373996227228387
0.42695076117678693,0.2557165236343586,0.010375227630666721
0.42690331474422166,0.25564037038318804,0.010402392806775818
0.4268912167223367,0.2556209526177321,0.010409319458102542
0.4268643526128554,0.25557783474424406,0.010424700346098112
0.4268557533731495,0.25556403265153044,0.010429623790251528
0.4268021685712194,0.2554780270941116,0.010460303453663526
0.4267679115334617,0.2554230433016603,0.010479917119293374
0.42674238715556156,0.2553820757461222,0.010494530951846083
0.42674006860696384,0.25537835439123485,0.010495858423218955
0.4267340811667338,0.2553687443317413,0.01049928649693279
0.4267187229613066,0.2553440938530395,0.010508079747185593
0.42668585117336116,0.2552913334369557,0.010526900296176927
0.4266690671842475,0.25526439452354305,0.010536509870499686
0.4266624826770613,0.25525382614985354,0.010540279791390111
0.42663226108737856,0.2552053193984403,0.01055758298494213
0.4266035564764869,0.2551592474532002,0.010574017641203009
0.4265986175967232,0.25515132037141947,0.010576845367784533
0.426536294451805,0.2550512894554562,0.010612528118116606
0.4264271776765216,0.25487615305961325,0.010675002286494895
0.4263963457109896,0.2548266666327462,0.010692654947152049
0.4263578531431349,0.25476488466032904,0.010714693640645525
0.4263281231582816,0.2547171669525601,0.010731715368741698
0.4263278310451655,0.2547166981003767,0.010731882616389505
0.42631977640731383,0.2547037701134609,0.010736494251952071
0.4262409224631577,0.2545772066630507,0.01078164161423167
0.426234037804511,0.2545661565353425,0.010785583385076746
0.4261870470920471,0.2544907347315213,0.010812487641320244
0.42617407781147937,0.2544699185641685,0.010819913126685125
0.42616636730051904,0.2544575429134384,0.0108243277344186
0.4260841707901971,0.254325614522673,0.010871388863311234
0.42608391617128005,0.2543252058500438,0.010871534643875724
0.42607611613755836,0.25431268651202343,0.010876000507340052
0.4260387557018214,0.25425272165286134,0.010897391005243368
0.4260370700891582,0.2542500161831857,0.01089835609286689
0.4260333208466509,0.2542439985125008,0.010900502699629052
0.42601792211147815,0.2542192829820822,0.010909319154949476
0.4260158030809703,0.2542158818609909,0.010910532393412605
0.4259932131072133,0.2541796241309057,0.01092346615011951
0.42595062539058876,0.25411126929566225,0.010947849496972792
0.4259402548534516,0.2540946242061017,0.010953787087060074
0.4259241449567205,0.2540687672354978,0.010963010713751041
0.42592092561854,0.2540636000805441,0.010964853926905334
0.4259152583824846,0.2540545039604054,0.01096809866960089
0.42588450828819613,0.2540051489398641,0.010985704455358729
0.42588125995280646,0.2539999352433343,0.010987564270694711
0.42585822957862013,0.2539629706545309,0.011000750176079046
0.4258505902122541,0.2539507091934641,0.011005124050393207
0.42583455079078836,0.2539249653382263,0.011014307326885173
0.42581284408795683,0.25389012529012484,0.011026735372014918
0.42579555154128923,0.25386237012332813,0.01103663611797625
0.4257935182992325,0.2538591066958234,0.011037800238765879
0.4257323405233201,0.25376091413880225,0.011072827214805379
0.425706345900512,0.25371919182307134,0.011087710283316399
0.4256649317550763,0.2536527206123003,0.011111421708882924
0.42566170496149197,0.2536475414911522,0.011113269190584842
0.42563290063460046,0.2536013094981029,0.011129760938655392
0.4256299742003392,0.25359661246460047,0.011131436451392177
0.42559094132267167,0.2535339632752681,0.01115378449609342
0.4255867924466174,0.25352730417819475,0.011156159910694182
0.4255787584635041,0.2535144093428858,0.011160759720507677
0.42555927107456115,0.25348313137435163,0.01117191711051408
0.4255585869740392,0.2534820333681148,0.011172308788247265
0.42555383669714136,0.2534744090007984,0.011175028531366402
0.4255524426261214,0.2534721714660714,0.011175826698535535
0.42554190018570504,0.25345525046549094,0.011181862710835017
0.42554022798566377,0.2534525665235618,0.011182820119140655
0.42552874368202354,0.2534341337982261,0.011189395389693348
0.4255252478924502,0.25342852292872503,0.011191396883467809
0.4255123757033186,0.253407862596661,0.011198766779701582
0.4254848355514416,0.2533636596505221,0.011214534731797475
0.42548442335606645,0.25336299806194224,0.011214770731836958
0.42546867750907186,0.2533377254044158,0.0112237859239909
0.42545724831265064,0.25331938112817237,0.011230329643229231
0.425426340602768,0.2532697731288658,0.011248025670869154
0.42541483045614836,0.25325129892460746,0.011254615737667855
0.4254022729239563,0.25323114362838395,0.011261805478920214
0.42538788890513607,0.25320805675464364,0.011270040964356801
0.42538207682725926,0.25319872815810973,0.011273368635385927
0.425345968692146,0.25314077328702855,0.011294042135927265
0.42534573439291257,0.25314039722823106,0.011294176282576344
0.42534246724076996,0.253135153330128,0.011296046871333612
0.4253398301299852,0.25313092067133586,0.011297556733614343
0.4253315229360061,0.25311758732264317,0.011302312968703368
0.4253276649559786,0.2531113951242805,0.011304521832493662
0.4253183894010337,0.25309650752099244,0.01130983249696229
0.4253155668159543,0.2530919771692066,0.011311448551460377
0.4252884428796215,0.25304844226416506,0.011326978201792674
0.42525737098837435,0.25299857074779275,0.011344768230507899
0.4252194920114698,0.2529377736111834,0.011366455616109095
0.4252185696722596,0.25293629322318073,0.011366983696003039
0.4252163441216174,0.2529327211333968,0.011368257921943053
0.4251848946499967,0.25288224358678213,0.01138626413208202
0.42517291540471336,0.2528630164620949,0.01139312277856357
0.42516014885635856,0.25284252568732263,0.01140043219079148
0.42514188481758813,0.2528132112403415,0.011410889158846572
0.42513051508665683,0.25279496240837374,0.011417398831468157
0.42512292790715245,0.2527827847091194,0.011421742826501362
0.42511411356462764,0.2527686373685523,0.011426789426509548
0.4250929843591031,0.25273472422464766,0.011438886828950303
0.4250926520502912,0.2527341908569095,0.011439077090407503
0.4250790347730902,0.2527123346313752,0.011446873582436306
0.4250746027942168,0.2527052211439731,0.011449411085892276
0.42507305422958397,0.25270273564137447,0.011450297707471448
0.4250611101818553,0.2526835650100435,0.011457136201799958
0.42504728111141626,0.2526613688486535,0.011465053954802448
0.42503272963894523,0.2526380132057089,0.011473385314842608
0.42501910054091047,0.2526161380073061,0.011481188574820354
0.4250104126458356,0.2526021936194985,0.011486162778084223
0.42499266640904454,0.25257371026354064,0.01149632328165929
0.4249892413047302,0.252568212846453,0.011498284305004146
0.4249780858737025,0.2525503079736304,0.011504671281475415
0.42495841374156046,0.25251873348553766,0.011515934445114638
0.4249469687961539,0.25250036393159947,0.011522487181341997
0.4249305195111383,0.2524739622304463,0.011531905122800563
0.42491670624465666,0.25245179143498314,0.011539813827340139
0.424912086497065,0.25244437657195407,0.01154245883667216
0.42490539487561557,0.2524336362759733,0.011546290085204497
0.4248914877334929,0.25241131480668955,0.011554252537690605
0.42488609283117496,0.2524026557921115,0.011557341357305354
0.42487423155681164,0.2523836180150447,0.011564132460229998
0.42487032351751797,0.2523773454697378,0.011566369985158961
0.42486106715845173,0.25236248867653366,0.011571669659140077
0.42485223053877325,0.2523483055803241,0.011576729013801659
0.42484594726277014,0.25233822069364725,0.011580326466548656
0.42484334390136763,0.2523340422038419,0.011581817005818966
0.42477211565339096,0.2522197182733515,0.011622598320569402
0.42476192171691857,0.2522033566342856,0.011628434798984006
0.4246699808345844,0.25205578817177565,0.011681075010801777
0.42463876228423675,0.252005681262209,0.011698949008323054
0.424633855164447,0.2519978051563425,0.011701758550918132
0.42462469350573817,0.2519831003606588,0.01170700400476621
0.42461743149515785,0.25197144456936266,0.01171116182624308
0.42458721825231605,0.2519229512149329,0.011728460240860375
0.4245623668799797,0.25188306385782006,0.01174268874803297
0.4245375346149071,0.25184320716856096,0.011756906315454008
0.4245068563259947,0.25179396739826176,0.01177447098946579
0.4244915089843238,0.2517693343562841,0.011783258019738816
0.42447795632464747,0.25174758184422874,0.01179101751538367
0.42447010925570244,0.251734987012963,0.011795510308588683
0.42443981613196136,0.2516863654467825,0.011812854458545375
0.42443714021213935,0.251682070498073,0.011814386540712334
0.4243376578335717,0.2515223976596212,0.011871344591875065
0.424329489953779,0.25150928791526833,0.011876021063445432
0.4243188659042766,0.2514922359291344,0.0118821038005475
0.42430009452262973,0.251462107178371,0.011892851244784664
0.42429397871866115,0.25145229109040507,0.011896352812402563
0.42429278455839303,0.251450374419711,0.01189703652184564
0.4242821641113231,0.2514333282156124,0.011903117196396163
0.42424015764727935,0.2513659063119168,0.011927167750500511
0.42422782869082076,0.2513461178880649,0.011934226622060102
0.42422678660836616,0.25134444530779665,0.011934823260244877
0.4242148536048861,0.25132529240288676,0.011941655431253747
0.4241795676083814,0.2512686570941956,0.011961858221166695
0.42414913336762133,0.2512198090300635,0.0119792831668432
0.4241360709927535,0.2511988434429706,0.011986761952802488
0.4241342076320123,0.2511958526811605,0.011987828809043345
0.4241138049973248,0.25116310570989425,0.01199951021762161
0.4241073862732236,0.2511528034240901,0.012003185220381109
0.42409997608555144,0.2511409369302538,0.012007417451276984
0.4240785401867346,0.2511066100046156,0.012019660281994343
0.42407099084357186,0.25109452067057014,0.012023971989712208
0.42404592003016045,0.2510543728813398,0.012038290853929866
0.4240260241903311,0.25102251216860894,0.012049654100280851
0.4240204329913083,0.25101355855883867,0.012052847439815021
0.4240122951558768,0.2510005268276245,0.01205749525712585
0.42399205409471064,0.25096811328586344,0.012069055672087402
0.4239383344749764,0.25088208799680606,0.012099736923954885
0.4238797917196047,0.2507883390559538,0.01213317284609029
0.42387351289267,0.25077828429561355,0.012136758915231673
0.4238733733491642,0.2507780608340462,0.012136838613663447
0.42387112253199366,0.2507744564303168,0.012138124138186117
0.42385537000172313,0.2507492307124764,0.01214712098796227
0.42384673093705477,0.2507353963249852,0.012152055075736934
0.4238230612739323,0.2506974923036598,0.012165573691458181
0.42379425689536454,0.25065136567423335,0.012182024932142618
0.4237924020047985,0.2506483952977135,0.01218308432841023
0.42372563534687896,0.25054147679986594,0.012221217223954091
0.42372204384186585,0.25053572545131897,0.012223268464644815
0.42369408605971504,0.2504909545407499,0.012239236182958343
0.42367616191584917,0.250462251253854,0.012249473321180445
0.42366675947605936,0.2504471944160587,0.01225484340058137
0.42365606104233855,0.2504300622051858,0.012260953669812634
0.4236456321563884,0.2504133616415399,0.012266909990391902
0.4236404780016907,0.2504051079038941,0.012269853717827565
0.423602486710866,0.25034426957720773,0.012291551942206871
0.42360057580463234,0.2503412094985638,0.012292643331083762
0.4235936073080709,0.25033005031810124,0.01229662329593081
0.42357032093668423,0.2502927600908147,0.012309922999635518
0.4235387571881724,0.25024221467364877,0.012327950218047789
0.4235332248725516,0.25023335535832236,0.012331109927104062
0.4234724564711631,0.25013604232221254,0.012365816997589863
0.423449031740499,0.2500985305297531,0.012379195723369912
0.423446022369172,0.2500937113958953,0.012380914486088336
0.4234363732505945,0.2500782595327049,0.012386425452823372
0.4234236546462003,0.2500578922697787,0.012393689515874341
0.4234233097123784,0.25005733990116774,0.012393886520274582
0.4234184971083553,0.2500496331144434,0.012396635175549911
0.42338499056508255,0.24999597655312344,0.01241577199555063
0.42336566203507203,0.24996502431650242,0.012426811230385384
0.42336010732782475,0.24995612914377144,0.0124299837281236
0.42335718421852814,0.24995144814782555,0.012431653223421785
0.4233180989260467,0.24988885791356408,0.012453976272409639
0.4233174483525349,0.24988781610100683,0.012454347838885242
0.4233101880417711,0.24987618961639674,0.012458494469562853
0.42327432472010357,0.24981875896762681,0.01247897733244109
0.4232671817847166,0.24980732044508294,0.012483056925721237
0.4232162832931832,0.24972581284193143,0.012512126927447577
0.4232150960948205,0.2497239116914239,0.012512804980124853
0.4231861989352063,0.2496776364846922,0.012529309211479525
0.4231544939332716,0.24962686486773936,0.012547417104920158
0.42312288919301794,0.24957625380739756,0.012565467735224826
0.4230744661769793,0.24949871037033744,0.012593123901791448
0.42303415333026906,0.24943415436066846,0.012616148052176961
0.42302543327499725,0.24942019027679996,0.012621128396665925
0.42299325640898566,0.2493686630282211,0.012639505789046816
0.4229923442411205,0.24936720230484552,0.012640026761685049
0.42298009918150287,0.24934759336497697,0.012647020365886254
0.42293207738933414,0.24927069243803807,0.012674447378734558
0.42291140793767473,0.2492375928821876,0.012686252463272813
0.4229072837710959,0.2492309885423985,0.012688607926587239
0.42288079318701466,0.2491885671670395,0.012703737674086111
0.4228768053278849,0.24918218110667545,0.01270601528719985
0.42287124589249114,0.24917327836240605,0.012709190485356509
0.42287017666053545,0.24917156612042607,0.01270980116307723
0.42286367507183176,0.24916115463482105,0.012713514459663181
0.4228302394927931,0.24910761171389506,0.012732610749378124
0.4228262106680559,0.24910116005220634,0.012734911759457894
0.4228077172601993,0.24907154515983745,0.012745474025295703
0.42279856826368206,0.24905689417991853,0.012750699353916197
0.4227712208814019,0.2490131007488173,0.012766318450399116
0.42276713258359006,0.24900655384839696,0.012768653427740652
0.42273496628744145,0.24895504352613892,0.012787024783283788
0.42270396853820935,0.2489054044864173,0.012804728738677005
0.42267050928354766,0.24885182365192596,0.012823838550411578
0.4226611753803644,0.24883687656698106,0.012829169486034162
0.4226343052185996,0.2487938473451759,0.012844516024317638
0.422609010384787,0.24875334081513797,0.012858962834831034
0.422597584270169,0.2487350433138214,0.012865488709403398
0.422592174128216,0.24872637964442734,0.012868578640581642
0.42255626587444506,0.24866887704248278,0.012889087165837747
0.42249190414464033,0.24856580973787262,0.012925846518426942
0.4224862511512239,0.2485567571720672,0.012929075151013554
0.42247572440443365,0.24853989989645833,0.012935087363520163
0.42246523524066276,0.24852310280538012,0.012941078110981271
0.42246007154534404,0.24851483378961647,0.01294402728741672
0.42241616147452976,0.24844451727298783,0.012969105944876269
0.42238095158381916,0.24838813301261803,0.01298921560928686
0.4223727769938853,0.24837504242364025,0.012993884418446606
0.42234299341034054,0.2483273477192421,0.013010894919131002
0.4223400992000089,0.24832271300139408,0.013012547909166691
0.422319499981623,0.24828972591539508,0.013024312880897681
0.42231035781493986,0.24827508587260597,0.013029534308748555
0.422277344568172,0.2482222192642796,0.0130483893889606
0.422255746592295,0.24818763279238967,0.013060724787851901
0.4222422290651118,0.24816598615399144,0.013068445145110314
0.4222266095768258,0.24814097348634076,0.013077366009712776
0.4222183674198696,0.24812777469718114,0.013082073408885612
0.42217648431744004,0.24806070411829484,0.013105994390102385
0.4221719020657029,0.24805336621210383,0.013108611482709611
0.42215668885758506,0.2480290041516072,0.013117300305755704
0.42213514889126924,0.24799451057481395,0.013129602573251695
0.4221351134016746,0.24799445374264253,0.01312962284266531
0.4221069593671905,0.24794936855837266,0.01314570264790902
0.42210132850813575,0.2479403514379942,0.01314891863874709
0.4220921421354581,0.24792564060480335,0.013154165314268386
0.422026672885621,0.24782079974462098,0.013191557212307971
0.42198597085187206,0.24775562050031882,0.013214803641734479
0.4219680261835303,0.24772688434602777,0.01322505250224013
0.42195490101684663,0.24770586602416558,0.013232548767977236
0.42192363770891944,0.24765580172522536,0.013250404393714565
0.4218716797824115,0.24757259756874064,0.013280079477745111
0.4218681870129161,0.247567004332844,0.013282074326947944
0.4218533681461388,0.24754327376095367,0.013290537927141615
0.42183147262860454,0.24750821081310959,0.01330304326302376
0.42182846506750804,0.24750339457811082,0.013304760991852916
0.42179826591559677,0.2474550343926645,0.013322008838925507
0.4217800793560822,0.24742591087974794,0.01333239585238225
0.4217774963942776,0.24742177458770112,0.013333871076929312
0.42176883075356025,0.24740789764197318,0.01333882034326362
0.42173821491565483,0.24735887018573688,0.013356306175042751
0.4217317020941046,0.24734844071212542,0.01336002588712073
0.4217098669206913,0.24731347439788506,0.013372496758254573
0.42164905346094655,0.24721608920642232,0.013407229563225905
0.4215943194109385,0.24712843943346197,0.013438490193556737
0.42158871696526257,0.24711946781357547,0.013441689956468465
0.4215484674325947,0.24705501319347004,0.013464677945874231
0.4215198121144798,0.24700912526581792,0.013481044052648168
0.42143275396564545,0.24686971246923942,0.013530766165439015
0.42142326329900504,0.24685451434711703,0.013536186634441318
0.42142264653244943,0.2468535266721951,0.013536538892520024
0.42137930004192725,0.24678411265930295,0.013561295668533365
0.42137009904960304,0.24676937841456664,0.01356655069387284
0.4213587699138814,0.2467512362128897,0.013573021180228429
0.421352211568765,0.24674073383894954,0.013576766892490433
0.4213422266281805,0.24672474419858623,0.013582469659532923
0.4213409267190961,0.24672266255587758,0.013583212085451424
0.42132004777445964,0.24668922752308226,0.013595136819138827
0.4212921481665385,0.24664454977130584,0.013611071312008834
0.4212894544274886,0.2466402360832798,0.013612609805517595
0.4212689443896653,0.24660739180885907,0.013624323842947171
0.42126888037500154,0.24660728929733763,0.013624360404077543
0.4212547666481345,0.24658468791930435,0.013632421272917273
0.42124036412803867,0.24656162407483695,0.013640647082198365
0.4211823479434478,0.2464687183715924,0.013673782260381509
0.42116759597372777,0.24644509492701835,0.013682207653203736
0.4211664415551816,0.24644324626930977,0.013682866984121371
0.42112599760941627,0.24637848032081083,0.01370596601000209
0.42111587840352604,0.24636227567126112,0.013711745460902017
0.4210976094715566,0.24633302024910403,0.013722179520299282
0.4210974759442544,0.2463328064217385,0.013722255782655741
0.4210518719687365,0.24625977732742427,0.01374830189143213
0.4210261539175294,0.24621859306737126,0.01376299041697513
0.4210198075006711,0.2462084300701755,0.013766615089209401
0.4210188945477052,0.24620696808955883,0.013767136510247526
0.4210045913930145,0.24618406336642804,0.013775305568288845
0.4209987188538717,0.24617465922545015,0.013778659591519712
0.4209958780725619,0.24617011006753475,0.013780282066274706
0.4209790784034698,0.24614320748712074,0.013789876975569552
0.4209586456904526,0.2461104870387589,0.013801546849956573
0.4209269226624376,0.24605968655528054,0.013819665038755105
0.420905680463539,0.24602566981596802,0.013831797240320411
0.42087569284159526,0.24597764836945346,0.013848924274843622
0.4208749159827641,0.2459764043266654,0.013849367967512752
0.4208586654552262,0.24595038112814505,0.013858649241856022
0.4208524661615233,0.2459404537303826,0.013862189886641714
0.42083257846881444,0.24590860606425197,0.013873548479872285
0.4208213126886982,0.24589056531869655,0.013879982781509958
0.42082125710656676,0.24589047631082664,0.013880014526510812
0.4208052234404596,0.24586480038891326,0.013889171943309837
0.42079559166507885,0.24584937629869508,0.013894673004706972
0.4207808017049076,0.24582569201713877,0.013903120095274077
0.4207041098780241,0.2457028795957435,0.013946921620088159
0.42063911787397196,0.24559880298532322,0.013984040945495945
0.4206329264884865,0.24558888825158742,0.01398757707360757
0.4206087401976971,0.2455501569153145,0.014001390754402779
0.4206034027113046,0.2455416095947633,0.014004439189316487
0.42059037777569785,0.2455207517805035,0.014011878209396762
0.42058108229045016,0.2455058662171038,0.01401718720312245
0.42054480773616065,0.24544777703044118,0.014037904936085654
0.420541738831266,0.24544286256098002,0.014039657700615545
0.4205002284946315,0.2453763889201478,0.014063365781567909
0.4204961483141908,0.24536985501868772,0.014065696122780018
0.4204789510748034,0.24534231577889762,0.014075518099102301
0.420472914550964,0.24533264903682553,0.014078965780028482
0.42044701192284584,0.24529116919980817,0.014093759724238339
0.42042183148030393,0.24525084585316162,0.014108141201687118
0.4204216231589899,0.24525051225248934,0.01410826018165639
0.42037378729658487,0.24517390906894007,0.01413558100317388
0.42032844369656,0.2451012969335909,0.014161478401923664
0.42032002067274116,0.2450878085086479,0.014166289100818217
0.42031927807854347,0.24508661933640835,0.014166713223694121
0.42030135878257135,0.24505792381281136,0.01417694759310568
0.4202608459877926,0.24499304761118135,0.01420008594119177
0.42026061137553716,0.24499267190883658,0.014200219936885278
0.42025593422330626,0.2449851820313092,0.014202891230657062
0.42023500901085376,0.2449516729063615,0.014214842389597008
0.4202258954473471,0.24493707866800174,0.0142200474811211
0.4202206813471793,0.24492872893514195,0.014223025445620893
0.420194968598249,0.24488755316602567,0.014237710942838483
0.42017234467956527,0.2448513237743433,0.014250632295424365
0.42016677051512324,0.24484239744333514,0.014253815905882582
0.42016443319014957,0.24483865450811934,0.014255150838195368
0.42015279589322674,0.24482001882460958,0.014261797326754146
0.42013044720556303,0.24478423018117101,0.014274561484775196
0.42010119648904864,0.24473738879704104,0.014291267645487483
0.4200946760934879,0.2447269471945938,0.014294991683361626
0.42008411076201857,0.24471002813042073,0.014301025932998503
0.4200503097787853,0.24465590006012816,0.01432033091849689
0.41999072836250656,0.2445604878330277,0.014354360058102044
0.41998195145600553,0.2445464327089871,0.0143593728724203
0.419966788704648,0.2445221514487159,0.014368032877753666
0.41996425822534794,0.244518099200872,0.014369478127610883
0.41992394175330683,0.24445353738568662,0.014392504348556266
0.41989887359158,0.24441339384279934,0.014406821698299276
0.4198961175402063,0.24440898036933745,0.014408395780669459
0.41988132972824604,0.24438529952787394,0.014416841644314176
0.4198719209598761,0.2443702325556447,0.014422215338200135
0.41985928814689755,0.24435000267699958,0.014429430402616208
0.41984769089554363,0.24433143112148728,0.014436054019676802
0.41981951481704277,0.24428631063646652,0.014452146415069773
0.41978669233547344,0.24423374951487717,0.01447089254225622
0.4197639978395031,0.24419740710244905,0.014483854204127948
0.41971192887900344,0.24411402513883765,0.014513592703757532
0.4197015066023633,0.2440973351591795,0.014519545249516642
0.41968047850963397,0.24406366128426535,0.014531555167168957
0.4195384680005611,0.24383624911804716,0.01461266259529766
0.41949805910232085,0.24377153929380027,0.014635741604246945
0.41949561678842906,0.24376762823189124,0.01463713649959475
0.4194783975704861,0.24374005379617833,0.014646971028678958
0.41947801093739656,0.243739434651377,0.014647191849065608
0.41946563584248037,0.2437196174761522,0.014654259721211541
0.4194249125907904,0.24365440425395674,0.01467751826898504
0.4194218533848571,0.24364950531617574,0.014679265494081162
0.41940438549533116,0.2436215326638538,0.014689242048658256
0.419383993461062,0.24358887735744703,0.014700888689915197
0.4193362761169919,0.24351246396626922,0.014728141821249777
0.41931747837440875,0.2434823617196906,0.01473887790385032
0.4193154647235499,0.24347913710830943,0.014740027973963944
0.4192923474492256,0.243442117668935,0.014753231100113074
0.4192666947207352,0.24340103801508747,0.014767882317448536
0.41926397748734423,0.24339668670379655,0.014769434229440152
0.4192490984266952,0.24337285973890802,0.014777932208569239
0.41921161966622295,0.2433128421658297,0.014799337708001655
0.4192071994284981,0.2433057637049273,0.014801862268443836
0.4191992952844406,0.24329310620138087,0.014806376616010421
0.4191955193265843,0.2432870594745487,0.014808533204508343
0.4191868091890184,0.24327311127265264,0.01481350788463045
0.41918106029509344,0.24326390513411145,0.014816791289526898
0.4191578509687553,0.24322673828488675,0.014830046989968926
0.41913918053872223,0.2431968399135214,0.014840710359686602
0.41911684252252845,0.24316106835911452,0.01485346842283843
0.4191044398583183,0.2431412070350948,0.014860552040822731
0.41908508837097525,0.24311021803516114,0.014871604387435042
0.41907457969142153,0.24309338969198427,0.014877606281077937
0.41905158888329924,0.24305657277250176,0.014890737177724789
0.41905122501469055,0.24305599008218504,0.014890944996478608
0.4190491672355963,0.2430526948049237,0.014892120269851542
0.4190241553612042,0.24301264139920162,0.014906405471826166
0.41900714517426896,0.24298540170064706,0.014916120615608939
0.41899049881018063,0.2429587446191276,0.014925627966774078
0.4189817463613531,0.24294472866100883,0.014930626812414907
0.4189684255914327,0.24292339710489322,0.014938234794359288
0.4189075213125903,0.2428258664779422,0.014973019469459694
0.41890106193367166,0.24281552258605765,0.014976708658483953
0.41887898631202464,0.2427801712238794,0.014989316858453228
0.41885228084701825,0.24273740574344685,0.015004569332356688
0.4188405602064468,0.2427186365954505,0.015011263421540504
0.4188361180272678,0.24271152299803841,0.015013800513554682
0.4187734324891113,0.24261113990585892,0.015049602531404836
0.41873953873064623,0.24255686326757245,0.015068960504252526
0.41873313953897906,0.24254661575808478,0.015072615318122389
0.4187296542479589,0.24254103449803596,0.015074605896092795
0.41872706772236196,0.24253689249901897,0.015076083156052838
0.41871733786856213,0.24252131134841223,0.015081640233644653
0.4186974503408149,0.2424894639464471,0.01509299873265959
0.41868665009713874,0.24247216869959443,0.015099167149303249
0.4186797193060419,0.24246106989974348,0.015103125579171785
0.41862203191138586,0.24236869071268283,0.01513607297332272
0.4186173122837993,0.2423611328161566,0.015138768526333364
0.4185315783146577,0.24222384052864726,0.015187734351368007
0.41852639166616123,0.24221553475622454,0.015190696637207991
0.41851997464419977,0.24220525869373835,0.015194361634615142
0.41847763414941025,0.24213745565788064,0.01521854384944203
0.41847725236582256,0.2421368442789534,0.015218761900099676
0.41846311215510273,0.2421142004903241,0.015226837894842426
0.4184091337217573,0.24202776074346105,0.015257666964688362
0.4183869916287114,0.24199230293560553,0.015270313128919896
0.41838429689623,0.24198798765672253,0.015271852189813945
0.4183686710587601,0.2419629648216435,0.015280776680669024
0.41836836990326787,0.2419624825585821,0.015280948681654027
0.4183363604937763,0.24191122347079086,0.01529923043345346
0.41832775543602335,0.24189744354114479,0.015304145098627155
0.418290865351559,0.24183836865947028,0.015325214383526495
0.418284356895004,0.24182794617585568,0.015328931602595072
0.41826439464232107,0.24179597911120068,0.0153403327797709
0.41825262643235095,0.24177713378672938,0.015347054037588962
0.4182342582055035,0.241747719356176,0.015357544807945406
0.4182135110777919,0.24171449541178977,0.015369394256135753
0.41820352537516414,0.24169850455110897,0.015375097458409197
0.4181901324654033,0.2416770574720121,0.015382746642071388
0.41818930885311406,0.2416757385593764,0.015383217037361082
0.41818901510273865,0.2416752681546885,0.015383384809011337
0.41818343572517,0.24166633347550653,0.015386571396878011
0.4181781299461296,0.2416578369303358,0.015389601722556007
0.4181697632730901,0.24164443874415664,0.01539438023744662
0.4181654392544094,0.24163751436608513,0.015396849843651557
0.41816347854847685,0.24163437453941775,0.015397969674969272
0.41816270322927207,0.2416331329621498,0.015398412488301122
0.41816170269851466,0.24163153073659344,0.0153989839282391
0.4181348048614913,0.24158848000321564,0.015414331188705348
0.41811680437483945,0.24155972674561094,0.015424564122279676
0.4180685925674084,0.24148271513223277,0.015451971615892564
0.41802090419556054,0.2414065396339248,0.015479081546353069
0.41799409477354615,0.24136371533520873,0.015494322191783691
0.41799385567375097,0.24136333340675664,0.015494458115460037
0.41798846164412445,0.2413547171995186,0.015497524518493103
0.4179709906816199,0.24132680978261306,0.01550745642768236
0.4179700306847662,0.24132527632202563,0.015508002167596275
0.41796143732654045,0.2413115496352125,0.015512887327959163
0.4179549126224533,0.2413011273338025,0.015516596497872582
0.41789010283884565,0.2411976027769715,0.015553439624586333
0.417884277595547,0.24118829776625625,0.015556751164373113
0.4178614019343147,0.24115175709971695,0.015569755541776151
0.41781252857935464,0.24107368875676866,0.015597539112550298
0.41779839201559765,0.24105110757509218,0.015605575479604837
0.41779185389799123,0.24104066384746284,0.015609292274848306
0.4177621104001909,0.24099315277340924,0.015626200886440053
0.41774878254336045,0.24097186338784005,0.015633777519020713
0.4177331283720333,0.2409468580405145,0.01564267661705347
0.41768758755486274,0.2408741129601753,0.015668565703612074
0.4176749206477032,0.24085387934918145,0.015675766598902456
0.41767356071237993,0.24085170704287495,0.01567653969621348
0.4176470642898141,0.24080938271696228,0.015691602407423344
0.41764577850237555,0.24080732885152192,0.015692333353075166
0.41764548752201186,0.24080686405112417,0.01569249876986588
0.41759070852094016,0.24071936226522214,0.015723639587893534
0.41758539938346745,0.24071088166131605,0.015726657731355204
0.41755451994876064,0.24066155608706985,0.015744212101427492
0.4175198437958094,0.24060616578691685,0.015763924833456684
0.417509574575695,0.24058976214533428,0.015769762689361533
0.41750233214565186,0.24057819337718134,0.015773879872801173
0.41749941379104016,0.24057353171421886,0.015775538901774404
0.41749879061395817,0.24057253627606665,0.01577589316606783
0.41744432524490843,0.24048553547341556,0.01580685569026878
0.4174048784746968,0.24042252478001017,0.015829280427283064
0.41740198277365503,0.24041789930295435,0.015830926578133602
0.4173729940010476,0.24037159379674516,0.015847406142838187
0.4173418032965391,0.24032177101256438,0.01586513746385993
0.41733128266660857,0.24030496577899443,0.01587111824145343
0.417274604539711,0.2402144304054372,0.015903338676315965
0.41726828292996127,0.2402043325188008,0.015906932390969516
0.41726805894366403,0.24020397473204602,0.015907059722910327
0.4172666377537767,0.2402017045801481,0.01590786764227356
0.4172458790204355,0.24016854540957394,0.015919668586518908
0.41723228610468505,0.24014683262948466,0.015927395900043592
0.4172236937111884,0.2401331074836912,0.01593228051197638
0.41719690999736603,0.24009032425021312,0.01594750654278982
0.41717450703586084,0.24005453865531645,0.01596024219940758
0.417116521519563,0.2399619149102089,0.015993205860225474
0.4170990747406319,0.23993404612317656,0.01600312402151417
0.4170934384393647,0.23992504292090716,0.016006328151357323
0.4170741205128428,0.23989418523753364,0.016017310024387495
0.4170548974947055,0.23986347915701853,0.016028237943810014
0.4170137631327241,0.23979777277200068,0.01605162204458011
0.4170048260998373,0.2397834971130263,0.016056702577437392
0.41699832895595157,0.23977311883517996,0.016060396079901614
0.41697926225132226,0.23974266244361223,0.01607123513807411
0.41697115102373133,0.23972970589299647,0.016075846216360483
0.41696797903669136,0.23972463908773492,0.016077649430534968
0.416965938796735,0.23972138009001026,0.016078809268063425
0.41695966100935195,0.2397113522034701,0.016082378070536776
0.4169592493793093,0.23971069468209952,0.0160826120743704
0.4169484075119898,0.2396933763167696,0.01608877546929676
0.41689642363907464,0.23961033935681797,0.01611832731024225
0.4168636704476576,0.23955802071852758,0.016136946875290673
0.4168620928285398,0.2395555006928319,0.01613784372168992
0.41686010343008506,0.239552322907289,0.01613897465679372
0.4168475886073694,0.23953233222990458,0.016146089094976446
0.4168410890369865,0.23952195007606875,0.01614978397685805
0.4168359001913322,0.2395136616215033,0.01615273373671371
0.41683350848928535,0.23950984121228902,0.01615409337374176
0.41682705052535207,0.23949952551893214,0.016157764603149768
0.41682376287827816,0.23949427396295708,0.016159633567849115
0.416792080935642,0.23944366649463397,0.0161776441483835
0.41678390186706865,0.23943060157754564,0.016182293792975318
0.4166774988525351,0.23926063765679326,0.016242781878708142
0.41667510864908175,0.23925681964137233,0.016244140663814344
0.41665950596277446,0.23923189653415883,0.016253010493594598
0.41665652471892645,0.23922713441444488,0.016254705273900043
0.4166547855665872,0.23922435636204048,0.016255693948856845
0.41665103652553326,0.23921836779377126,0.016257825207239694
0.4166300087524893,0.23918477886993372,0.016269779095428226
0.4166108094073638,0.2391541106037412,0.016280693557194692
0.41659826602852706,0.23913407431195077,0.016287824228987988
0.41659312864049397,0.23912586805373187,0.016290744736166766
0.416582878313538,0.23910949459132516,0.016296571851671136
0.41656722081640224,0.23908448393148593,0.016305472840362694
0.41656674459881027,0.2390837232405467,0.01630574356098708
0.41655135232278273,0.23905913623430058,0.016314493776533674
0.4165356166936417,0.23903400076952036,0.016323439181781037
0.4165055637283474,0.23898599536446632,0.0163405237197447
0.4163922159823597,0.2388049382073833,0.01640495975294339
0.41634984524263297,0.23873725688199318,0.016429046710896497
0.4163388911438031,0.23871975924253633,0.016435273907297376
0.41631426099886837,0.23868041603388607,0.01644927567524499
0.4163141536330124,0.23868024453196088,0.016449336710687733
0.41630521033791024,0.23866595886997405,0.016454420803495105
0.41630122343361514,0.2386595903484746,0.01645668728259694
0.41628556810109896,0.23863458314631214,0.016465587040743513
0.4162790544821543,0.23862417855186555,0.016469289908964693
0.4162727650867551,0.23861413212314456,0.016472865310373962
0.4162417571299505,0.23856460125283852,0.01649049274280922
0.41623113389080035,0.23854763211540417,0.01649653185178833
0.41622808088403257,0.2385427553644718,0.016498267427945836
0.41622419633001617,0.23853655033321491,0.016500475722865015
0.41614946672840564,0.23841718025576306,0.01654295807704277
0.4161247782566925,0.23837774387824923,0.016556993002652207
0.4161154303797751,0.23836281195344847,0.01656230709251026
0.4161046154915779,0.2383455366834897,0.016568455150319808
0.41607598292180836,0.23829980016145055,0.016584732220500224
0.4160718489682717,0.23829319674937263,0.01658708229429312
0.41606812735835624,0.23828725199850712,0.01658919795859659
0.4159875284131457,0.23815850646628178,0.016635016922741983
0.4159776645034231,0.2381427502513123,0.016640624367414245
0.4159607800836868,0.2381157797543711,0.01665022283821919
0.4159452919302257,0.2380910395973464,0.016659027558259355
0.4159445742614226,0.23808989322189725,0.016659435539295234
0.4159405964164183,0.2380835391713467,0.0166616968683629
0.415919084879378,0.2380491775022454,0.016673925767162836
0.41590637918713197,0.23802888193750532,0.01668114871103563
0.41589503132527667,0.2380107553167367,0.016687599754211413
0.4158704583653161,0.23797150345307766,0.016701569013591114
0.4158595944953968,0.23795414994167455,0.016707744916576117
0.41585612639054753,0.2379486101296651,0.016709716468081216
0.41583681512053733,0.23791776307913715,0.01672069455701138
0.41583464022864935,0.2379142889938011,0.016721930941596526
0.415791602447299,0.23784554216279405,0.016746397099998887
0.4157862992638377,0.23783707106958762,0.016749411858718578
0.4157485806903306,0.23777682092849386,0.016770854148845576
0.41570721059257937,0.2377107379885834,0.016794372260907756
0.4156720331475296,0.23765454694447696,0.016814369967940397
0.41566329547436853,0.23764058973475674,0.016819337168593396
0.41566164292719215,0.2376379500219765,0.016820276610165795
0.41565889698900654,0.23763356377011868,0.016821837623687056
0.41564928101902626,0.23761820360417935,0.016827304119341517
0.4156339599920551,0.23759373040832688,0.01683601383115758
0.4156023109053296,0.23754317542272163,0.016854005733732982
0.41559853996621254,0.23753715187536192,0.01685614944074737
0.41559704256937624,0.237534759993531,0.016857000682308595
0.4155793387197329,0.23750648057202228,0.016867064983397448
0.4155652632079562,0.23748399691233796,0.016875066643564803
0.4155042995277375,0.2373866159672689,0.016909723333808274
0.41547907421969105,0.23734632206886241,0.016924063440641134
0.4154678078143197,0.23732832556342415,0.016930468177358327
0.41546228970453736,0.2373195111555067,0.016933605117595018
0.41546056675634474,0.23731675898695817,0.016934584580803318
0.4154453518539497,0.23729245531026005,0.016943233962820582
0.41543780140036035,0.2372803945176112,0.016947526251775313
0.4154263297573831,0.23726207017382794,0.016954047662159664
0.4154084341693561,0.237233484477092,0.01696422096286514
0.4154016334997031,0.237222621359322,0.01696808701394286
0.4153928336436433,0.23720856482112584,0.016973089564388574
0.41538221265820713,0.23719159928368408,0.016979127392174248
0.4153596791690179,0.2371556051890842,0.016991937251292555
0.41535173554882093,0.23714291636781756,0.016996453047970032
0.41533210202796367,0.23711155456667216,0.017007614330364688
0.4153308212869042,0.23710950876211584,0.017008342407246226
0.4153231304947023,0.23709722379817894,0.01701271447602735
0.4153142831586561,0.237083091417351,0.017017744017940394
0.41526153679279487,0.23699883648165662,0.01704772932159269
0.4152460464519041,0.2369740928305192,0.017056535285144944
0.4152362718946504,0.2369584793436106,0.0170620919346417
0.41522687267952,0.23694346541320127,0.01706743520929532
0.4151406251216786,0.23680569701302662,0.017116465302059413
0.41513909004557153,0.23680324494383523,0.017117337963567892
0.4150990932684755,0.23673935569142537,0.017140075369012926
0.4150684472405211,0.23669040295179247,0.01715749705179515
0.4150621919314407,0.23668041097119422,0.017161053075781845
0.4150581150059972,0.2366738986535119,0.017163370730190752
0.4150440564756247,0.23665144211924352,0.01717136273675353
0.4150345838601317,0.23663631094202991,0.017176747738114305
0.41503218649377194,0.23663248148486865,0.017178110595196305
0.4150180488388333,0.2366098985601823,0.01718614758256679
0.41501616056354856,0.23660688230474758,0.017187221031075856
0.41499328615297637,0.23657034363596274,0.017200224697502455
0.41498745003418985,0.23656102125317804,0.017203542419796804
0.41498433938930673,0.23655605243342495,0.017205310762124316
0.41492857781594383,0.23646698112583436,0.017237010153771812
0.4149156140669895,0.23644627335162716,0.01724437979796475
0.4149132647739988,0.23644252068494337,0.0172457153262527
0.41490231020076085,0.23642502228768594,0.017251942792345553
0.4148210790890317,0.23629526695794195,0.0172981211311077
0.41477582345990066,0.2362229774255735,0.01732384809370148
0.414771689953326,0.2362163747274547,0.017326197913405034
0.41475968019609094,0.2361971908214733,0.017333025231488518
0.41475787776512724,0.23619431169032445,0.017334049879137246
0.4147402828328519,0.23616620624906418,0.017344052262778343
0.4146955361446178,0.23609472967853373,0.0173694899021726
0.41469517504355724,0.23609415287013874,0.017369695181242973
0.4146734252415278,0.2360594106060711,0.01738205952914794
0.4146595593400963,0.2360372617695706,0.017389942029829224
0.41454950552291536,0.23586146620265144,0.01745250552728319
0.4145414810807113,0.23584864827954247,0.017457067269731227
0.4145347728668256,0.23583793284691815,0.017460880761467446
0.41451492609988794,0.2358062304150108,0.017472163270194366
0.4145020971376357,0.23578573794369195,0.017479456290716164
0.4144916721975039,0.23576908556118023,0.01748538267048292
0.4144595336036942,0.23571774865653228,0.017503652848505743
0.41445456221659066,0.23570980756156054,0.017506478987320006
0.41444117261970265,0.23568841955489211,0.017514090717946643
0.414440965942656,0.23568808941724206,0.01751420820990841
0.4144217062617861,0.23565732477314394,0.01752515697139561
0.41439281983204634,0.23561118274533926,0.017541578356130558
0.4143325567243958,0.23551492086687734,0.017575836784221845
0.4143215264855853,0.23549730160446003,0.017582107264750475
0.41431281305762196,0.23548338312304917,0.017587060682470672
0.4142767403320293,0.23542576199360254,0.017607567339427994
0.41426647466386085,0.23540936402575635,0.0176134031761193
0.414266294119955,0.23540907563214047,0.017613505811888606
0.41422639883734275,0.23534534850296057,0.017636185519654096
0.4142183727107057,0.2353325278892058,0.01764074821967015
0.41420970201062335,0.23531867765960346,0.01764567734740443
0.41420828286128286,0.2353164107671935,0.017646484106755664
0.4141888763721511,0.23528541161744831,0.01765751632594154
0.4141850020011082,0.23527922285206615,0.017659718832034366
0.4141773538972629,0.23526700607680306,0.01766406663329843
0.4141768393445789,0.23526618415092068,0.017664359146691976
0.4141761018900615,0.23526500617056267,0.01766477837552931
0.4141508625243753,0.23522468981704447,0.017679126473862466
0.4141501133689095,0.23522349314605945,0.017679552354465923
0.41414918286248065,0.23522200679229752,0.017680081329635375
0.4140978898683872,0.23514007341455,0.0177092404191388
0.4140915661772807,0.23512997220323753,0.017712835317004003
0.4140774815171788,0.2351074739303843,0.017720842177819884
0.4140559508030256,0.23507308162852972,0.017733081978442988
0.41405511657030497,0.23507174905853964,0.017733556223844288
0.4140498774334441,0.2350633802708118,0.017736534573292342
0.4140282349599307,0.23502880944902407,0.017748837906981597
0.4140254697887196,0.23502439247510046,0.017750409854111252
0.41402449819544423,0.23502284049085279,0.017750962186369845
0.4140223330668996,0.23501938200109115,0.01775219302068034
0.41399283490687744,0.2349722628197941,0.017768962162421357
0.4139844452372357,0.2349588614969804,0.01777373152970649
0.41397650613066267,0.23494617988559607,0.01777824476047481
0.41395879044376693,0.2349178815557338,0.017788315790816012
0.41393716206385145,0.23488333324649574,0.017800611112563498
0.4139250964833721,0.23486406017069608,0.01780747016509738
0.41390611078092665,0.23483373316877781,0.01781826317507227
0.4138961285266651,0.23481778791497382,0.017823937896359335
0.41388641768608925,0.23480227620653868,0.017829458324139145
0.413861863898887,0.23476305496867705,0.01784341668417121
0.4138526886192623,0.23474839874389003,0.017848632655758076
0.41385024571100554,0.23474449653992363,0.017850021402540463
0.4138067722956654,0.23467505384460063,0.017874735210562903
0.41380308608688326,0.23466916564208984,0.017876830749996846
0.4137756706782428,0.2346253733645685,0.017892415887274336
0.4137692271241413,0.23461508068890072,0.017896078924967612
0.41375167170401894,0.23458703836277367,0.017906058846702842
0.4137386121723123,0.2345661775890279,0.017913482941564866
0.41372467442508604,0.23454391398892765,0.01792140628521111
0.413724264191488,0.2345432586981819,0.01792163949519257
0.4136848309259144,0.23448026957654527,0.017944056555077553
0.41368298744617593,0.234477324875725,0.017945104538172347
0.41367400734015997,0.23446298041345637,0.017950209557282614
0.4136564751009867,0.23443497511565042,0.017960176301090126
0.4136255167510791,0.23438552348541813,0.017977775532949904
0.41357599029453657,0.23430641190411713,0.018005930379525643
0.4135756871916306,0.23430592773965514,0.018006102687750568
0.4135692282077929,0.2342956104171437,0.0180097744969548
0.41356710558437354,0.23429221982336948,0.018010981167911742
0.41355352997461364,0.23427053468717746,0.018018698643310665
0.41353769749524955,0.23424524451772366,0.01802769910606386
0.4135371038869241,0.2342442963115208,0.018028036561082764
0.4135234935540036,0.23422255570994047,0.018035773775936674
0.4135088801009547,0.23419921276437825,0.018044081245464173
0.4134991965864646,0.23418374470553968,0.018049586138885118
0.41349431055798586,0.234175939959022,0.018052363752948112
0.41349157357970023,0.23417156801935016,0.018053919672937013
0.4134808659344369,0.23415446405496565,0.01806000676518271
0.4134448026461513,0.23409685800029598,0.018080508057210832
0.4134423528906004,0.23409294485873564,0.01808190069654946
0.41343201716757694,0.23407643498806538,0.01808777635809056
0.41341811611576357,0.23405423000375042,0.018095678841093976
0.4134143247235329,0.23404817378540488,0.01809783417531361
0.41338623912901395,0.23400331097975946,0.01811380030048937
0.4133525647567786,0.2339495208840645,0.0181329435392754
0.4133097030211172,0.23388105526140146,0.018157309619059047
0.41330679428788125,0.2338764089672399,0.018158963178463536
0.4132561241700881,0.2337954705471879,0.018187768174662212
0.41325570786371046,0.23379480555602686,0.01818800483690313
0.41324119477119764,0.23377162292237177,0.01819625525337878
0.41322979993310616,0.23375342126364196,0.018202733001649443
0.41321258274744616,0.23372591921972038,0.018212520643539513
0.4131743932263153,0.23366491680572377,0.01823423065841445
0.41313203554023287,0.2335972563317031,0.01825831019561957
0.41312421625670553,0.23358476612086082,0.018262755309270188
0.4130974569236705,0.2335420218322775,0.018277967480070736
0.4130953078433748,0.23353858897734697,0.0182791891912576
0.4130326950863324,0.2334385738629003,0.0183147833502441
0.41293804228373504,0.23328737926084722,0.018368591664448913
0.4129373744087664,0.23328631242407816,0.018368971338638962
0.41292357992819506,0.23326427767240382,0.018376813237922524
0.41289845200944675,0.233224139339768,0.018391097980795603
0.412844988744087,0.2331387392574808,0.018421490828148798
0.41283539012445475,0.23312340680629354,0.01842694746046114
0.41282928263267255,0.23311365094313669,0.018430419453131206
0.4128078460166999,0.2330794089499531,0.01844260576073215
0.41277359033608263,0.2330246902954932,0.018462079462253658
0.41274954548494447,0.23298628201174987,0.018475748501833537
0.41274878789154595,0.23298507186234846,0.01847617917924095
0.4126923944825912,0.23289499128584826,0.01850823775737968
0.41267739027627587,0.23287102416664293,0.018516767362691467
0.4126740533822533,0.23286569394556134,0.018518664323342468
0.4126728497063853,0.23286377124186036,0.018519348590131494
0.4126421308811944,0.23281470221883274,0.018536811656755175
0.4125645471780807,0.2326907731137647,0.01858091651323862
0.4125336989340758,0.23264149736229855,0.018598453151991358
0.4125334401245838,0.23264108395036487,0.018598600280254687
0.4124989492727343,0.2325859896427822,0.018618207672139366
0.41247801022673874,0.23255254244798407,0.018630111120691965
0.4124611847977573,0.23252566618051582,0.01863967605637714
0.41244835788278594,0.23250517697944154,0.018646967913058796
0.41244184319027277,0.23249477067011945,0.018650671391583235
0.4124289494164137,0.2324741746713314,0.018658001256268222
0.4124232214439049,0.23246502503708635,0.01866125749946495
0.4124034817669321,0.23243349366640664,0.018672479129588
0.41238011605219155,0.23239617020798875,0.01868576209307009
0.41237595999541593,0.23238953148908073,0.01868812473213306
0.41233845225584614,0.23232961812568795,0.01870944716718517
0.41232962536255874,0.2323155183993055,0.018714465087779464
0.41232691146059947,0.23231118332083467,0.018716007889316644
0.41224059646918904,0.2321733072049733,0.01876507631677944
0.4122388901799423,0.2321705816467588,0.018766046309694525
0.4122371021624425,0.23216772553910084,0.01876706276356374
0.4122002148899521,0.2321088032850105,0.01878803247490725
0.41219391664911237,0.23209874272693642,0.0187916129047809
0.41219391664911237,0.23209874272693642,0.0187916129047809
0.41216735180060105,0.23205642049195443,0.018806601927292842
0.4121642874292736,0.23205153843725956,0.018808330976520918
0.41216137932276264,0.23204690533848407,0.0188099718544631
0.4121329281643749,0.23200157789721207,0.01882602521359983
0.41213139912219443,0.23199914187795778,0.018826887964526327
0.4121267574118066,0.23199174685902255,0.018829507015843995
0.41212406075017854,0.23198745062721682,0.01883102858754927
0.4121225171695616,0.23198499144580811,0.018831899541682757
0.41210636650515015,0.2319592607432955,0.01884101243658006
0.4120903070880642,0.2319336754129935,0.018850073845837756
0.41208605129359704,0.23192689522249485,0.018852475146904746
0.4120801569385309,0.23191750453163243,0.0188558009938691
0.4120801440799546,0.23191748404577542,0.018855808249227238
0.4120740110209146,0.23190771305966434,0.01885926878317222
0.41207174231295407,0.2319040986294382,0.018860548885134006
0.41199930293330955,0.23178869061399396,0.018901422278098445
0.4119969831466172,0.23178499480682765,0.018902731200863023
0.4119944572348849,0.23178097060808875,0.018904156428181846
0.4119762944406879,0.23175203424718277,0.018914404652672304
0.4119711072911324,0.2317437702526683,0.01891733146407224
0.4119704088500669,0.23174265751954348,0.01891772555436224
0.41196738483537887,0.23173783975970716,0.01891943183265011
0.41193918133529617,0.23169290687942715,0.01893534545238995
0.41192287438059655,0.23166692718041462,0.01894454653294532
0.41190520952457793,0.23163878411808822,0.018954513799441162
0.4118905313855519,0.23161539939414771,0.018962795832602436
0.4118605661166488,0.2315676597222548,0.01897970351758221
0.41185856888288525,0.23156447779570932,0.018980830442203316
0.4118452493777511,0.23154325760219335,0.018988345876075233
0.4118326242294672,0.23152314363496612,0.01899546952414585
0.4118322839302759,0.23152260148158874,0.018995661535488862
0.41181338400626427,0.2314924907499269,0.019006325680114556
0.4118051064334837,0.23147930319569904,0.019010996240336225
0.4118012564594067,0.2314731695447771,0.019013168560200442
0.41178402917611334,0.23144572360879398,0.01902288892946939
0.41177453669956604,0.23143060051020656,0.019028244990302985
0.41177010756179505,0.23142354415490937,0.019030744099068072
0.41175427118408986,0.23139831416354623,0.019039679659977823
0.41174142034521743,0.23137784063356387,0.019046930652321097
0.41173138060529957,0.23136184565313767,0.019052595502530172
0.4116944205605529,0.2313029621365218,0.019073449938892366
0.4116849565368144,0.23128788436800504,0.019078789945435586
0.4116839371921028,0.2312862603818417,0.01907936510327335
0.41167190265378717,0.23126708735481405,0.019086155503966078
0.41163955929960266,0.23121555899637755,0.019104405006265215
0.4116310607903991,0.23120201945357313,0.019109200228256278
0.411623831423628,0.23119050186637044,0.01911327934586285
0.41155588025785195,0.23108224432430122,0.01915162029680398
0.4115514288467721,0.23107515248390761,0.019154131973121546
0.41151136757422885,0.23101132819409348,0.01917673625470639
0.4115098629209578,0.23100893103044035,0.01917758524436813
0.41149811826407234,0.23099021983288628,0.0191842120815728
0.4114844113419446,0.23096838241947412,0.019191946112664893
0.41146686626860285,0.2309404301909331,0.01920184579265671
0.41146545072071383,0.2309381749870173,0.01920264450525489
0.4114580369792852,0.23092636366022934,0.019206827654920683
0.41145267926898516,0.23091782793399745,0.01920985070397988
0.41144527410538123,0.23090603027311524,0.019214029013670454
0.4114433966108084,0.23090303911107432,0.019215088376324317
0.4114124931397653,0.23085380472667008,0.019232525435036153
0.4114039800104347,0.23084024189156463,0.019237328906327497
0.4113995985571686,0.23083326150563804,0.019239801109457604
0.41139356744193645,0.23082365293301804,0.019243204122350702
0.4113875124539375,0.23081400632709836,0.01924662060527878
0.4113776449435695,0.2307982857370749,0.019252188276217313
0.4113322874817089,0.23072602373421675,0.019277780894094414
0.4113313979549666,0.23072460656973356,0.019278282803087417
0.4112517318187163,0.2305976851255154,0.019323233840891633
0.41118222820504,0.23048695427497604,0.01936245074926634
0.41116472885329003,0.23045907488855752,0.019372324631182644
0.41112859300232396,0.23040150445011856,0.019392714022200185
0.41112467779477146,0.23039526687138856,0.019394923149578348
0.41111797352287155,0.2303845858479071,0.019398705986223966
0.41109064036963033,0.23034103957532884,0.019414128519090308
0.4110869084318747,0.23033509397595656,0.01941623423781892
0.4110721763091885,0.23031162324704038,0.01942454673086769
0.41106478068868657,0.23029984078991145,0.019428719655932417
0.41103130886502076,0.2302465145913503,0.019447605888926717
0.4110077013753744,0.2302089039223596,0.019460926243214025
0.41100269042617316,0.23020092064440156,0.019463753634845943
0.41099846502298926,0.23019418887228676,0.01946613778785244
0.4109944483031367,0.23018778956752942,0.01946840419280741
0.4109918662084487,0.2301836758599701,0.019469861120950276
0.41097351916133906,0.23015444595343898,0.019480213308806223
0.41095534375946363,0.23012548950639822,0.0194904686470875
0.4109461395118101,0.2301108256045183,0.01949566207686465
0.41091176676773017,0.23005606408945423,0.01951505664764837
0.41090820503290126,0.23005038965173596,0.01951706633061379
0.4108969564552031,0.23003246879107855,0.019523413258746042
0.4108669880604228,0.22998472413914187,0.019540322707479282
0.410861469788589,0.22997593261160332,0.01954343635221581
0.4108554538080212,0.22996634815102823,0.01954683082548467
0.4108516711350649,0.2299603217220182,0.019548965171181126
0.41085137554103335,0.22995985079141767,0.01954913195796296
0.4108325528352015,0.22992986308119698,0.0195597525327925
0.41081735911599643,0.22990565695202692,0.01956832547831892
0.4108149876522733,0.22990187881473026,0.019569663559472168
0.41077310654818333,0.2298351552296947,0.019593294667767876
0.4107728126761746,0.2298346870425638,0.01959346048291086
0.41071863515717044,0.2297483732173951,0.019624029753864906
0.4107079356863728,0.22973132717562733,0.019630066852423283
0.41066765530157806,0.2296671538034463,0.019652794766501967
0.4106658386665467,0.22966425960080697,0.01965381978960232
0.41065983782493765,0.22965469925911858,0.01965720572082382
0.41064250651326806,0.22962708758857905,0.019666984787347255
0.4106225207284401,0.22959524689950347,0.019678261621038872
0.41062032238033863,0.22959174456426967,0.019679502022962037
0.41060581132940743,0.22956862603953632,0.019687689777881375
0.4105995109289816,0.22955858845068325,0.0196912447329859
0.41059731349309636,0.22955508756876195,0.019692484620197723
0.41050964869364986,0.22941542291980888,0.01974194884551974
0.41049758754714766,0.2293962075015014,0.0197487542596882
0.4104631964500921,0.2293414167470857,0.019768159186004892
0.41045757432997915,0.2293324597719154,0.019771331426377433
0.4104041611769528,0.22924736370925392,0.019801469409389285
0.4103982000498301,0.22923786663936715,0.019804832932000773
0.41038718390200324,0.22922031607826662,0.01981104871326906
0.410361594562805,0.2291795479923458,0.019825487311747988
0.4103499008320306,0.22916091792858168,0.019832085414264983
0.4103485928946807,0.22915883416620517,0.019832823408399376
0.4103350619653154,0.2291372771386212,0.01984045813685557
0.41030139490105116,0.22908363988921854,0.019859454532937134
0.4102934661970201,0.2290710081411036,0.019863928246504972
0.410199856621673,0.2289218724724881,0.019916746768380362
0.4101881996164075,0.22890330091858585,0.019923324148796145
0.41016766036869984,0.22887057847081924,0.019934913269891198
0.4101475533020329,0.22883854455954308,0.019946258535978114
0.41012900407224545,0.22880899254227988,0.019956724803939153
0.4101284668909357,0.22880813672284583,0.019957027904585152
0.4100694925653551,0.22871418078464179,0.019990303738752952
0.4100491816166349,0.228681822055245,0.020001764043805187
0.410046281768221,0.22867720211299566,0.020003400262176188
0.40995279908191506,0.2285282685997892,0.02005614718783323
0.4099256112162521,0.22848495379455858,0.020071487743240534
0.4098955974652487,0.22843713688259248,0.020088422783892716
0.40986182906971425,0.22838333819557327,0.0201074763554063
0.4098152621043867,0.22830914925193393,0.02013375142681547
0.4098019808971808,0.22828799007340622,0.02014124525135997
0.4097968561599809,0.22827982551218534,0.020144136847042287
0.4097930036087815,0.22827368775547754,0.020146310621029055
0.4097480652946916,0.22820209352493645,0.020171666737825875
0.40974745231409426,0.22820111694459314,0.020172012607668453
0.40970873956427867,0.22813944107643236,0.020193855995114772
0.4096866471721835,0.22810424421057524,0.02020632146663126
0.40968551137628995,0.2281024346982538,0.020206962331201214
0.4096516668346018,0.22804851469770973,0.020226058867628065
0.4096507944542198,0.22804712485023876,0.020226551101911995
0.4096336601786355,0.22801982709105081,0.020236218992257762
0.4095886062388627,0.22794804864950924,0.020261640350004984
0.40958370119994064,0.22794023410429293,0.020264407982532366
0.40957104404032674,0.2279200691376772,0.02027154969276304
0.40955416795078525,0.22789318271192371,0.020281071903512454
0.4095346012739314,0.22786200973176257,0.02029211225857874
0.409518705848572,0.22783668566763648,0.020301081136697798
0.40950946555241036,0.22782196433446988,0.020306294906583387
0.4095077160381948,0.2278191770664867,0.020307282057251703
0.4094955989621282,0.22779987254305348,0.020314119029269974
0.40949342119918797,0.22779640300341528,0.02031534781616569
0.40948489674010125,0.22778282211811837,0.020320157680189507
0.40947702475312503,0.22777028072973282,0.020324599391571763
0.4094594482920378,0.22774227849527745,0.020334516781870617
0.40944968616224603,0.2277267257940906,0.02034002499258564
0.4094393250501865,0.2277102188142344,0.020345871174687644
0.40942949498316367,0.2276945578777057,0.020351417718491072
0.4094277184855401,0.22769172762065237,0.020352420094351065
0.4093792366980898,0.22761448804595857,0.020379775590212545
0.40937900156028123,0.22761411343220597,0.020379908265010405
0.4093577089886428,0.22758019081375527,0.020391922443652864
0.4093521600177136,0.2275713503774367,0.02039505341013067
0.40934853632019164,0.22756557722281237,0.02039709805509485
0.40932688252257254,0.227531079111118,0.02040931605286899
0.40932437082897605,0.22752707756424118,0.020410733257708123
0.40931539454100446,0.22751277684016066,0.020415798062893176
0.40925171802373667,0.22741132952622264,0.02045172707451178
0.4092169593262122,0.22735595312294027,0.020471339416718734
0.40919742780200796,0.22732483614681376,0.02048235993715822
0.4091942849370972,0.2273198290387472,0.020484133275819605
0.40913661353771397,0.22722794887931774,0.02051667394335937
0.40913283419720137,0.22722192775944633,0.02051880640874874
0.4091250602854618,0.22720954262127283,0.0205231927818922
0.40911059431916563,0.2271864959238837,0.020531355098134207
0.40909926003025493,0.2271684385109672,0.020537750388194574
0.40908005312665463,0.22713783870961315,0.020548587743819867
0.4090724087239971,0.22712565990101072,0.020552901042406015
0.4090703503638936,0.2271223805900092,0.02055406245711973
0.40905645142723657,0.22710023726542194,0.020561904831013004
0.4090412128567349,0.22707595968065464,0.020570503083557266
0.40903760288456736,0.22707020839280945,0.020572539984090067
0.4090240181816856,0.22704856569504378,0.020580205053861714
0.40901230480053496,0.22702990432495238,0.020586814243960548
0.4089657987221315,0.22695581238433982,0.020613054960365723
0.4089507843079162,0.2269318919179284,0.020621526734356143
0.4089342314205976,0.2269055204072296,0.02063086658060259
0.40890032940946325,0.22685150884827113,0.020649995543746393
0.40889315938785736,0.22684008580781598,0.020654041176275256
0.40884802801965175,0.2267681840098651,0.02067950622245237
0.4088452193200538,0.22676370928288409,0.020681091010767108
0.40884411852003133,0.22676195552482303,0.02068171212917139
0.4088390718976955,0.22675391541361095,0.020684559649109965
0.40880106325597987,0.22669336130710624,0.0207060057486833
0.40877079709231523,0.22664514225966567,0.020723083211343266
0.40873059731314265,0.2265810973056866,0.020745765644286072
0.40870682110250706,0.22654321783601553,0.020759181198164115
0.4086516711684746,0.2264553547914975,0.020790299147223495
0.40862825235652206,0.22641804471754648,0.020803513041494727
0.408613152854342,0.22639398869181368,0.020812032825750216
0.4086088161296481,0.22638707956596385,0.020814479791108856
0.40860187779338863,0.22637602563891307,0.020818394696866548
0.40856523419234647,0.22631764626990475,0.020839070582170605
0.40851488503328814,0.22623743166074162,0.02086747972887669
0.4085057533159301,0.22622288331172122,0.020872632233962282
0.4084537005171764,0.2261399545203378,0.02090200264697245
0.4084443146480049,0.2261250012650834,0.020907298555369786
0.4084019345901871,0.2260574827635285,0.020931211194676516
0.4083817924685583,0.22602539300385052,0.02094257624027066
0.40836365015306975,0.22599648926894317,0.02095281290979886
0.4083193081845035,0.22592584511629815,0.020977832542972388
0.4083141699443791,0.225917659042666,0.020980731757581656
0.4082768731440436,0.22585823901822272,0.02100177620583492
0.4082586566440204,0.22582921709497691,0.021012054733447083
0.4082539607129378,0.22582173569343028,0.021014704378397333
0.4082510139161966,0.2258170409546641,0.021016367087020458
0.40824279316092654,0.2258039439202082,0.021021005588375188
0.4082370849420611,0.22579484977536302,0.021024226409342445
0.40823141405137836,0.2257858151005396,0.02102742616815418
0.40821516805566327,0.22575993251935805,0.02103659285304601
0.40818551596245345,0.22571269178858552,0.021053323830919252
0.4081570445258,0.2256673320406536,0.02106938863191989
0.40815322795879655,0.22566125161277256,0.021071542102085866
0.40814472492920445,0.22564770486823527,0.021076339874673243
0.40813721570233613,0.2256357414172139,0.021080576901303712
0.4081212089965644,0.22561024006482822,0.021089608568585855
0.4081069012617189,0.2255874454565347,0.021097681603882975
0.4081057802361955,0.22558565947587672,0.02109831413437905
0.40809865943902157,0.22557431485815288,0.021102331992380277
0.4080506178450354,0.2254977765850764,0.02112943911228207
0.4080486203628433,0.22549459426274285,0.021130566177077162
0.4080475461095733,0.2254928827980867,0.02113117231666951
0.4080303727427307,0.22546552276000342,0.021140862263973395
0.4080250137507397,0.22545698499182404,0.02114388603621739
0.40798856502441516,0.2253989160907481,0.021164451964879746
0.40798803180234977,0.22539806657905076,0.02116475283155092
0.40798281510811873,0.22538975551493978,0.02116769631331909
0.4079753460998104,0.22537785613879338,0.021171910646919673
0.4079610759764346,0.2253551214518451,0.021179962460218634
0.40794968155753897,0.22533696824183233,0.021186391678185527
0.407925616398194,0.2252986284286675,0.021199970269270722
0.4078918182523623,0.22524478234446205,0.021219040627173103
0.4078639490483482,0.22520038205358345,0.021234765622788275
0.407820026905154,0.22513040675278753,0.021259548372549876
0.40780543493673665,0.2251071593130008,0.0212677817845721
0.40776416967990736,0.22504141687538148,0.021291065405531284
0.4077452642349448,0.2250112973479238,0.021301732665313385
0.4077336176100266,0.22499274233164637,0.02130830418869372
0.4077303525505982,0.22498754054732978,0.02131014647472272
0.4077298357778329,0.22498671724211136,0.021310438059996002
0.40772799521775877,0.22498378492288798,0.021311476582627675
0.40772557828138967,0.22497993434008096,0.0213128403213906
0.40771685802355156,0.2249660415147117,0.021317760663435457
0.4077012796216292,0.2249412225218038,0.02132655066338652
0.4076969178986299,0.22493427356948337,0.021329011733857144
0.407686280528822,0.22491732646495133,0.021335013792383853
0.4076777791809563,0.22490378239968467,0.02133981061606936
0.40765118741641493,0.22486141728297693,0.021354814825755443
0.40763624465438736,0.22483761097045296,0.0213632461705202
0.407618943547312,0.22481004742087046,0.021373008194321093
0.40760244209607,0.2247837578564218,0.021382319018135525
0.4075768073567874,0.22474291744059344,0.021396783233281737
0.407539714974907,0.22468382308884818,0.021417712339908912
0.4075088009125811,0.22463457183076377,0.021435155374674986
0.4074945245396925,0.22461182718729913,0.021443210714216076
0.40747936627582737,0.22458767754439996,0.021451763654324867
0.40744480967909036,0.22453262312138453,0.021471261962632816
0.40743416971472035,0.22451567188328223,0.021477265485122323
0.40742384163915624,0.22449921753607405,0.021483093026622144
0.4074064731220801,0.22447154659111562,0.021492893086025554
0.407399544399919,0.22446050798092734,0.02149680256709817
0.4073787512685274,0.22442738105410182,0.02150853494021482
0.40737246442935393,0.2244173650705858,0.02151208224348141
0.4073620861149612,0.22440083068454333,0.02151793813187476
0.40735686143422384,0.22439250689659554,0.021520886119971022
0.40730642894883357,0.2243121595346859,0.021549342282953705
0.4072474567374947,0.2242182069648216,0.02158261692417599
0.4071978577752776,0.22413918754436754,0.02161060277777211
0.4071879035350306,0.22412332877917934,0.021616219385413905
0.40718764246045447,0.2241229128438295,0.021616366694844152
0.40718137652861847,0.22411293016918965,0.021619902201297676
0.4071455368810858,0.22405583163223008,0.021640124461682796
0.40710837107424735,0.22399662030227865,0.02166109499780835
0.40710816161927726,0.22399628660557191,0.02166121318125144
0.4070613271538125,0.22392167148959213,0.02168763918766694
0.407058793974258,0.22391763571200016,0.021689068515801546
0.40703644350596513,0.2238820276877103,0.021701679604935045
0.40699712744419286,0.22381939064296352,0.021723863406763806
0.4069866112441294,0.2238026365820467,0.021729797096143776
0.40696340534518394,0.22376566571403217,0.021742890855799696
0.40695368943443755,0.22375018664749444,0.02174837298775461
0.40692869835417705,0.22371037168785746,0.0217624740229803
0.4069261943184419,0.22370638234123116,0.021763886906926874
0.4069134467628475,0.22368607335873947,0.021771079622431907
0.4069114401723818,0.2236828765254066,0.021772211826504156
0.40690654233669443,0.22367507345614482,0.021774975394658745
0.406900013793787,0.22366467239826177,0.02177865907749883
0.4068958228460116,0.22365799551936028,0.02178102378929173
0.40689481391960786,0.22365638813129926,0.02178159306867507
0.40689186264100907,0.22365168625218626,0.02178325830615374
0.4068761735729989,0.22362669094974016,0.021792110748639744
0.40687584296180296,0.22362616423095552,0.02179229729360184
0.40686450219193393,0.22360809649279131,0.021798696240495793
0.4068539836040791,0.22359133862772457,0.02180463127716965
0.40685012352140815,0.2235851888721263,0.021806809300734437
0.4068463792191902,0.2235792235741031,0.021808921996020938
0.40683809183664443,0.2235660203912828,0.021813598091331283
0.40683102915774333,0.2235547683656623,0.02181758315651989
0.40678014425496256,0.22347370022738144,0.021846294592723813
0.40677262125331815,0.22346171483084398,0.02185053939167148
0.4067689992200853,0.22345594432770982,0.021852583097572646
0.4067412925524664,0.22341180298442168,0.021868216383209266
0.4067401135796502,0.2234099246840601,0.021868881610043717
0.40673699791041745,0.22340496090324513,0.021870639603741627
0.4067294234069322,0.22339289345568408,0.02187491346222833
0.40672077517922517,0.22337911538632915,0.021879793161795717
0.40671775497856166,0.22337430370287006,0.02188149728804801
0.4067168432596576,0.2233728511825714,0.021882011718806802
0.40671468872668,0.22336941865213866,0.02188322739836511
0.4066959507293022,0.22333956589661563,0.02189380017706568
0.40668598550760465,0.22332368963614482,0.021899422980911073
0.40668327093432327,0.2233193648680875,0.02190095465913643
0.40664837935424375,0.22326377676072864,0.021920641979358363
0.4066398266745439,0.2232501509152875,0.02192546776665784
0.406633600431208,0.2232402314710488,0.021928980879163906
0.40663198204529327,0.22323765311232235,0.021929894041642466
0.4066125947122523,0.22320676585677174,0.02194083320326702
0.4065905893569569,0.22317170765505528,0.021953249564902452
0.40659022068189604,0.22317112029418437,0.021953457587123405
0.40656777642767994,0.22313536285327423,0.021966121594281816
0.4065531459676041,0.22311205408985477,0.021974376724942294
0.4065483350101199,0.22310438943206282,0.021977091272702802
0.4065450976197765,0.22309923172921406,0.02197891794665192
0.40653850111173784,0.22308872239153973,0.02198263997832281
0.40653273978235105,0.22307954363277474,0.021985890766515328
0.406510633158855,0.223044324093922,0.02199836426799625
0.4064993527826182,0.22302635257288822,0.022004729138222594
0.40646773422756777,0.22297597894037666,0.022022569677883266
0.40644574802097105,0.22294095124573152,0.022034975235004736
0.406433621355991,0.22292163144555965,0.022041817617497662
0.4064308880822597,0.2229172768845661,0.022043359847315855
0.40642238389235535,0.22290372829145785,0.022048158274600976
0.40640484123249954,0.22287577990800247,0.022058056592800933
0.4063971376794919,0.22286350686302564,0.02206240326654173
0.40638973587176513,0.22285171454861535,0.022066579682703088
0.4063851129512016,0.2228443494650046,0.02206918813199909
0.4063818420730889,0.22283913841055333,0.02207103370117837
0.4063656511010766,0.22281334349130882,0.022080169339346204
0.4063574933771481,0.2228003468762943,0.02208477227572503
0.40632219375904643,0.22274410869630104,0.022104689828432455
0.4063218674489436,0.2227435888298752,0.022104873946534053
0.4063168736664876,0.22273563290140594,0.02210769165195485
0.4063107524514497,0.22272588078476585,0.022111145503007842
0.4063024788856881,0.22271269961438747,0.022115813802298254
0.4063020111742422,0.22271195447203487,0.022116077705078965
0.40627221208612013,0.22266447955384683,0.022132891623762047
0.4062556665836219,0.222638160480568,0.022142171218593482
0.40624344861187983,0.22261874716039,0.022148993488477615
0.40621497260566064,0.22257350120322178,0.022164893918086643
0.40621357823509424,0.22257128566672982,0.022165672506589157
0.406197788739803,0.22254619749874177,0.022174489043448573
0.4061788300922353,0.2225160738167475,0.022185075171250738
0.4061739109823453,0.22250825776860936,0.0221878219033572
0.4061615148611414,0.22248856138405582,0.02219474364832066
0.4061396714065808,0.2224538539885788,0.022206940594373604
0.4061380008922604,0.22245119968309762,0.02220787337599887
0.4061211637860294,0.2224244469502355,0.022217274877753865
0.40611591149893467,0.22241610151179525,0.022220207649315794
0.40611166380732483,0.2224093522903222,0.022222579474947626
0.4060568994084829,0.2223223363083312,0.02225315881469644
0.40605531532060335,0.22231981932712963,0.02225404333753401
0.4060476188837986,0.22230759034223146,0.022258340873175478
0.4060284309524274,0.22227710234773237,0.022269055028445763
0.4060276224631817,0.22227581772693614,0.02226950647259289
0.4060040266882833,0.222238326043159,0.022282681879107244
0.40596113642436915,0.22217017705382905,0.022306630940539137
0.40593080035845225,0.22212197561966152,0.02232356999010295
0.4059040285182668,0.222079437437691,0.022338518847646236
0.4059034249961283,0.22207847849223292,0.02233885584227979
0.4059018104862126,0.22207591317299782,0.022339757352170947
0.4059005600171563,0.2220739262837927,0.022340455588962138
0.4058885541846893,0.2220548500349188,0.022347159404538314
0.40587327304028337,0.22203056959334466,0.02235569208847933
0.4058499810087548,0.221993560532004,0.02236869789080009
0.40583296729106394,0.2219665271785208,0.022378198008845048
0.40581820292100884,0.2219430678475323,0.02238644213637385
0.40580637690684146,0.2219242773146756,0.022393045545025213
0.4057902714929396,0.2218986871788268,0.022402038484487984
0.40578476787354745,0.22188994239469623,0.022405111594953907
0.4057787635697425,0.2218804020655261,0.022408464277533985
0.40574890890552157,0.22183296553779758,0.0224251345220652
0.4057350752097836,0.22181098496931403,0.022432858979758503
0.4057257334018087,0.2217961416292666,0.022438075257595422
0.40572297269509533,0.2217917551005959,0.022439616780744052
0.4057166061486284,0.22178163919857888,0.022443171732346806
0.4057117413199645,0.22177390939870226,0.022445888154907463
0.4057035374271177,0.2217608741092202,0.022450469043804825
0.40569947240692733,0.22175441513712968,0.022452738869387038
0.4056617370194122,0.22169445680891142,0.022473809551431936
0.4056419765687906,0.22166305912991216,0.02248484338994613
0.40563424236460444,0.22165077013585022,0.02248916201413439
0.40556684910330837,0.2215436879632114,0.022526793056883564
0.40554166544420545,0.22150367326619455,0.022540855106027026
0.4055289450313586,0.22148346160974244,0.022547957928926842
0.4055103552096824,0.22145392396078803,0.02255833811176327
0.4054810673883132,0.2214073880982439,0.02257469184263755
0.40547987192003193,0.22140548860060252,0.02257535936810124
0.4054686900708342,0.22138772159121337,0.022581603087978904
0.4054619426072185,0.22137700044417474,0.022585370736062507
0.40545669325310485,0.22136865966599256,0.02258830186990674
0.4054303799656194,0.22132685008534578,0.02260299468083756
0.40542974409288235,0.22132583973753206,0.02260334973939523
0.4054277834277998,0.2213227244071144,0.022604444535375138
0.4054227280496754,0.2213146918403168,0.022607267356925143
0.40541859160387356,0.22130811937899136,0.02260957706513343
0.4054174595563186,0.22130632065150163,0.022610209177738098
0.40538773577940224,0.22125909209259195,0.022626806337428775
0.40538456344348367,0.22125405152004862,0.022628577706053307
0.4053828789863865,0.22125137506067832,0.022629518273044966
0.4053710897692424,0.2212326429951689,0.022636101134977958
0.4053396505029599,0.22118268866924726,0.02265365618945564
0.40533778598804077,0.22117972611327927,0.02265469729711652
0.40532293001332104,0.2211561212302529,0.022662992574849168
0.40531330215777045,0.22114082338488403,0.022668368575903874
0.405293597343744,0.22110951410771268,0.022679371348061424
0.40526472990602846,0.2210636461991171,0.022695490345151614
0.4052197566769926,0.22099218755498662,0.022720602492447513
0.4052094369467989,0.2209757903795282,0.022726364822398763
0.4051928996790552,0.22094951406457547,0.02273559890036814
0.4051637153870998,0.2209031427014835,0.022751894822498304
0.405154337891216,0.2208882426563776,0.022757131027746354
0.40515110503235224,0.2208831059180107,0.022758936191167242
0.40514558314493654,0.22087433210754115,0.02276201950213037
0.405119329608256,0.22083261746585225,0.022776678949412557
0.4050107254859507,0.22066005473257108,0.0228373213087614
0.40498229330475555,0.2206148784096467,0.022853197267357718
0.40497651707870713,0.22060570047667508,0.022856422595902072
0.40497554174455225,0.220604150753478,0.022856967202893524
0.4049746470827835,0.22060272921185606,0.022857466764045736
0.4049731198990023,0.22060030264643737,0.022858319512778363
0.404969069932723,0.22059386759373395,0.022860580932559153
0.404966861291912,0.22059035825092907,0.022861814193202424
0.40493649027660605,0.22054210128514848,0.022878772757802715
0.4049208080035727,0.2205171834842285,0.022887529423908076
0.40490770736805476,0.22049636768622088,0.02289484455550636
0.4049034844029389,0.2204896577530482,0.022897202574360877
0.4048313007212631,0.2203749640089815,0.022937508491580123
0.4048258562888476,0.22036631326793368,0.022940548553227726
0.4048100786319942,0.2203412439102187,0.022949358479741347
0.40480734982487787,0.2203369080673004,0.02295088219079606
0.4048054248786569,0.22033384949112245,0.022951957042081462
0.40480044026842277,0.22032592936849651,0.022954740348263714
0.4047965941846851,0.2203198182678485,0.022956887924130576
0.4047963337259084,0.22031940442095704,0.022957033359077218
0.40478565705116637,0.22030244009090463,0.022962994999690973
0.40477960891832804,0.22029283012112008,0.022966372155522517
0.40474453983433584,0.2202371083229147,0.02298595402726319
0.4047329990549697,0.2202187710039498,0.022992398166533708
0.40471708876443624,0.22019349090257365,0.02300128215302881
0.404715290074928,0.22019063293759703,0.023002286505103116
0.40470800533675966,0.22017905810689184,0.023006354156499677
0.4047018860433169,0.22016933506894618,0.023009771046982645
0.4046814226792763,0.22013682052017935,0.023021197378223997
0.40465726658225476,0.22009843853210226,0.02303468565735145
0.40462489306032945,0.22004699975325306,0.02305276238140493
0.4046224488276952,0.2200431160750355,0.023054127191787732
0.40458754151702603,0.21998765132091094,0.023073618732555888
0.4045831157030725,0.2199806190781507,0.023076090018124832
0.4045766792497511,0.21997039210007474,0.023079684004310274
0.4045648991005192,0.21995167444270805,0.02308626180290338
0.40456355537867233,0.21994953938273293,0.023087012110178776
0.40455854552436876,0.21994157914942306,0.0230898095121421
0.40455758911007744,0.21994005948828352,0.023090343554661944
0.4045354080283686,0.21990481563192193,0.023102729024929356
0.4045141334277253,0.21987101209704174,0.023114608334386777
0.4045139409977413,0.2198707063421284,0.023114715783422703
0.4045101840822897,0.2198647369223194,0.023116813569510578
0.40448881236639056,0.21983077907953974,0.02312874710617518
0.40448236669285564,0.21982053745132693,0.02313234624074258
0.4044801783872332,0.21981706041941096,0.0231335681466252
0.4044672529512185,0.21979652299854513,0.02314078545034172
0.40443460124478553,0.21974464220812234,0.023159017507033784
0.4044235208567161,0.2197270364118553,0.023165204573056375
0.40438235070359885,0.21966162053259833,0.02318819315918729
0.40437099539290255,0.2196435779076094,0.02319453373647979
0.4043298714974015,0.2195782355277789,0.02321749649328739
0.40432872201173703,0.21957640909261306,0.023218138342981986
0.40432322546801797,0.21956767555112658,0.023221207502534227
0.40430242565687063,0.21953462641646082,0.023232821699078636
0.4042392655066146,0.2194342702980071,0.023268089057693137
0.4042388704429089,0.21943364257530726,0.023268309653327032
0.40418570641879803,0.21934916945294258,0.023297995375987732
0.4041591315757334,0.21930694428267827,0.02331283423429767
0.4041590601604521,0.2193068308098572,0.02331287411115556
0.4041257945687595,0.21925397460785637,0.023331448949039733
0.4040430725811864,0.21912253639008825,0.023377639244490593
0.40402506566173735,0.21909392492330276,0.0233876939464376
0.40399707244576005,0.21904944607885532,0.02340332479567784
0.40399258676319283,0.21904231870994886,0.02340582951067754
0.4039781224692731,0.2190193361744724,0.023413906081722804
0.40397020075846746,0.21900674924830546,0.023418329405839197
0.40396648541067515,0.21900084587597923,0.023420403981381496
0.4039662725034409,0.2190005075844531,0.02342052286450244
0.40396589733772925,0.21899991147797696,0.02342073234949639
0.40396406027168436,0.21899699253594057,0.02342175813025752
0.4039398765836764,0.21895856670812774,0.023435261815637293
0.4039170322131643,0.21892226894214986,0.023448017653042833
0.4039117231593149,0.21891383330615433,0.023450982122019712
0.4039103456635162,0.21891164458223608,0.023451751287991075
0.4038983073407691,0.21889251670906457,0.023458473245486708
0.4038846537507116,0.218870822313222,0.023466097135787508
0.40387320465389703,0.2188526306700506,0.023472490081363703
0.4038541854640483,0.2188224107915098,0.023483110014758956
0.4038458220640015,0.2188091220586241,0.023487779969271275
0.40383258645584763,0.21878809180055303,0.023495170466876956
0.4038320651360544,0.21878726346764515,0.02349546156137288
0.40382710413793665,0.2187793808626682,0.02349823168302388
0.40379365770887143,0.2187262373254297,0.02351690749686275
0.4037895102862208,0.21871964742282304,0.023519223334322832
0.40378462195948206,0.2187118802864999,0.023521952877736195
0.40377972159186143,0.21870409401823718,0.023524689144536075
0.4037688115911542,0.21868675895302805,0.023530781069679818
0.40376233230826347,0.2186764639224013,0.023534398971036055
0.4037549493882288,0.2186647330890431,0.023538521445213668
0.40374175825025127,0.218643773490308,0.023545887111566605
0.40374048886011304,0.21864175653710957,0.023546595913509667
0.40372601836420186,0.218618764147195,0.023554675947622335
0.4037190904673471,0.21860775630705265,0.02355854434600057
0.40369979256088884,0.21857709357147354,0.023569319909149403
0.4036951262164403,0.21856967914617023,0.02357192550211295
0.40367214986015554,0.21853317166600103,0.02358475503772151
0.4035759663187542,0.21838034418166097,0.023638461994301918
0.4035681453917395,0.21836791739238448,0.023642829042774826
0.40356760448414786,0.2183670579361273,0.02364313107470376
0.4035238180025695,0.21829748493298945,0.02366758056606866
0.4035235500382907,0.21829705916049216,0.023667730191936836
0.4035210779263067,0.21829313118435384,0.023669110569588273
0.403479507482671,0.2182270792774352,0.023692322669900283
0.4034748672503115,0.21821970634202523,0.023694913682398094
0.4034563433189628,0.21819027338720923,0.02370525707339979
0.4034442450153864,0.2181710502095904,0.023712012522985118
0.40343013241678066,0.2181486264881201,0.023719892714434827
0.40342053045311,0.21813336978275102,0.023725254257984114
0.4033924764141411,0.21808879429573177,0.023740919069560586
0.40338420112942414,0.21807564557062697,0.023745539822243526
0.40338373896599966,0.21807491123216857,0.023745797885011948
0.4033658482556922,0.21804648441184662,0.02375578769810966
0.4033404968324119,0.21800620315178987,0.0237699434233983
0.40333845174133254,0.21800295367562839,0.02377108536115817
0.4033274386525219,0.21798545481217194,0.023777234848627135
0.40330209464267575,0.21794518533143287,0.023791386434403136
0.40328996987196525,0.2179259200997842,0.023798156662704243
0.40328695418863897,0.217921128434915,0.02379984055966943
0.4032814761946184,0.21791242436732514,0.023802899361442822
0.4032744975651802,0.2179013359174132,0.02380679608787613
0.40324723468669427,0.21785801751725686,0.023822019131338353
0.40322056568055487,0.2178156427298582,0.023836910568416903
0.4032204369283764,0.21781543815357354,0.02383698246104593
0.40321893122173025,0.21781304571349985,0.023837823217377915
0.40321387516372015,0.2178050120664215,0.02384064641856245
0.4032133594229335,0.2178041925980817,0.023840934397853186
0.40318478959757675,0.21775879757026612,0.023856887214183213
0.40317385823857427,0.21774142856853854,0.02386299106536978
0.40317111488077556,0.2177370696058209,0.023864522901233087
0.4031657302058578,0.21772851381436542,0.023867529595494888
0.40310401900426784,0.21763045995237212,0.023901987890292818
0.40309872035319566,0.21762204084550668,0.023904946550567966
0.40306206874214506,0.21756380454611213,0.02392541207361504
0.4030602797320917,0.21756096196096783,0.02392641102087626
0.4030483746436376,0.21754204578578043,0.02393305858302023
0.4030448292437825,0.21753641244630323,0.023935038263049713
0.40302246158302163,0.2175008721316626,0.02394752791531024
0.40301905457240755,0.21749545868094453,0.02394943032156865
0.4030054196544601,0.21747379395350008,0.023957043785738458
0.4029978788977105,0.2174618123309972,0.023961254392765745
0.40298285942808415,0.21743794766843982,0.023969640962768584
0.4029711307116066,0.21741931173335483,0.02397619004234525
0.40295166224558354,0.21738837799310243,0.023987060842527427
0.40294347572446015,0.21737537030581464,0.023991632031403524
0.40292514737312735,0.2173462481110453,0.0240018662144548
0.40292439610192526,0.21734505440486443,0.02400228570919623
0.40291748190747245,0.2173340683366757,0.024006146456428637
0.40290958595266974,0.2173215223346115,0.024010555398910605
0.4028625058166152,0.21724671599403836,0.024036844000744562
0.40285471564543485,0.21723433807317238,0.024041193875777682
0.40284648665886097,0.2172212629118877,0.02404578877650794
0.40282992203007273,0.21719494312255735,0.024055038132334707
0.4028214371766649,0.2171814614105885,0.02405977590396307
0.40279400774927443,0.21713787837835768,0.024075091944986523
0.40278578879952726,0.21712481916473883,0.024079681241354456
0.40276827470684873,0.2170969907578663,0.024089460758736816
0.4027340112715323,0.21704254906703263,0.024108592772447524
0.4027298717441351,0.21703597170931366,0.024110904201356736
0.4027237453467074,0.21702623738373883,0.024114325058562133
0.40271240346348797,0.21700821609387097,0.024120658138221434
0.4027123243644283,0.21700809041217817,0.024120702305546745
0.40267371964915566,0.2169467507959317,0.024142258402741132
0.40267191575145367,0.21694388455557723,0.024143265662966165
0.40266029389364555,0.216925418409849,0.0241497550748093
0.4026560722604635,0.21691871059300616,0.024152112349938734
0.40263231219185536,0.21688095786046765,0.02416537949475887
0.40260922223721746,0.21684426988215638,0.02417827246140486
0.40259189312850446,0.21681673539910576,0.024187948687458372
0.4025848039338971,0.21680547127052352,0.024191907151260184
0.40257219492826746,0.21678543663068459,0.02419894776660879
0.40254152144869265,0.2167366990748504,0.02421607522117839
0.4025319858782115,0.2167215478626247,0.02422139969210494
0.40252742154817117,0.2167142955295583,0.02422394832227305
0.4025187417950058,0.21670050413841555,0.024228794922009255
0.4025173626407898,0.216698312779413,0.024229565014007495
0.40248742517355,0.21665074468471496,0.02424628149408038
0.4024827214874525,0.21664327092670052,0.024248907937870302
0.4024686981793516,0.21662098908026436,0.024256738271296548
0.4024659066059752,0.21661655350708572,0.024258297029769504
0.4024535975596946,0.2165969954771954,0.024265170153845668
0.40238755457012937,0.21649205877174138,0.02430204723199589
0.40236726672992523,0.21645982311545423,0.024313375554254356
0.40235714011135365,0.21644373277797427,0.024319030054556663
0.40234310302947374,0.21642142904617223,0.02432686807898431
0.4023358069777198,0.21640983623913979,0.024330942047659673
0.4023154328115278,0.21637746341818428,0.02434231857261492
0.40229531971413224,0.21634550541338976,0.024353549322000782
0.40227937030982225,0.21632016316354216,0.02436245514884268
0.40226153594843445,0.21629182587687132,0.024372413497836056
0.4022495624550822,0.2162728010121063,0.02437909925590042
0.40218400808782556,0.21616864068603198,0.02441570349717306
0.4021583190267399,0.21612782294815727,0.024430047752626936
0.4021078963057466,0.21604770552379637,0.02445820278671695
0.40210088272637606,0.21603656154140807,0.024462119028490128
0.4020995741531365,0.21603448232958702,0.02446284970948953
0.4020930729538437,0.2160241524756574,0.024466479848524247
0.4020927345392546,0.216023614763596,0.02446666881242992
0.40207740554288207,0.21599925828930802,0.024475228215947453
0.4020698162369495,0.21598719952627357,0.02447946593186289
0.4020520480220492,0.21595896734075765,0.024489387345986935
0.4020445955871668,0.21594712605420602,0.024493548635858526
0.40200890916599147,0.21589042335960912,0.02451347521627603
0.40200432107277506,0.21588313326887254,0.024516037115324147
0.40199504048976714,0.21586838721010146,0.024521219206369946
0.4019219851980074,0.21575230855158362,0.024562011813143853
0.4018911510872264,0.21570331576639523,0.024579228960950928
0.40189014229702164,0.2157017128843743,0.024579792249128266
0.40186486565432683,0.2156615504443214,0.02459390621844079
0.40183703891690853,0.21561733612017533,0.02460944410939933
0.40182466021432467,0.21559766741233075,0.024616356128155405
0.40182434283309687,0.21559716312049546,0.02461653334745479
0.40180557584465987,0.215567343968594,0.024627012456650055
0.4017811586846709,0.21552854717361766,0.024640646508092112
0.40178065099408394,0.2155277404963619,0.024640929992313147
0.40176886896715813,0.21550901985549895,0.024647508839372792
0.4017653783776656,0.21550347360503622,0.0246494579143973
0.4017632409839677,0.21550007746784747,0.024650651392084413
0.4017453346337538,0.2154716257970415,0.024660649938191576
0.40171913560383804,0.21542999776197602,0.024675278949991674
0.40171399610970804,0.21542183154198433,0.02467814874022877
0.401703291305716,0.21540482251694099,0.02468412608765043
0.40167981510202005,0.2153675208216567,0.02469723472800828
0.40164427074695935,0.21531104385805905,0.024717081981562375
0.40162379250907004,0.21527850567600895,0.02472851661806193
0.401611912597088,0.215259629504099,0.024735150122169848
0.4015992731576309,0.2152395465074911,0.024742207731156093
0.4015934108826434,0.21523023185005807,0.024745481107698787
0.4015877218854159,0.2152211925162799,0.02474865772942253
0.40157731731224183,0.21520466053252613,0.024754467433988996
0.40154065851088344,0.2151464128083427,0.024774936971959444
0.40153617379708434,0.2151392869787266,0.024777441146018472
0.4015224855286106,0.21511753748182375,0.02478508440004998
0.4014852850247486,0.21505842903833564,0.024805856413812166
0.40148185106534173,0.21505297276827284,0.024807773867734927
0.40146179674386046,0.21502110815341802,0.024818971797831404
0.40145438715645604,0.21500933494787247,0.024823109162532372
0.40145135254129605,0.2150045132019263,0.024824803630653026
0.4014499712261502,0.21500231840938958,0.024825574929271073
0.40143501811625415,0.21497855918681175,0.02483392444533412
0.401430656426223,0.21497162883152204,0.024836359925393472
0.40142157562385244,0.21495720020722872,0.0248414304629462
0.40141406979448824,0.214945274081377,0.0248456215672234
0.4014132067867825,0.21494390283537468,0.024846103453382985
0.40136838350436455,0.21487268244369445,0.024871131873500787
0.4013658076701615,0.21486858966175276,0.02487257016755493
0.4013437658807089,0.21483356712896484,0.024884877859825717
0.40132411876464796,0.21480234952896396,0.02489584841459885
0.40132335127852053,0.2148011300586428,0.02489627696342875
0.40130143921035893,0.214766313641977,0.024908512221937577
0.401288339148748,0.21474549875585897,0.024915827033077702
0.40124882678933277,0.21468271697010022,0.024937889940520992
0.40122574430605434,0.21464604086314504,0.024950778735310007
0.40120504609718977,0.2146131531658838,0.02496233619918154
0.40118424075573816,0.21458009524403399,0.0249739534837367
0.40114229370597726,0.21451344494194438,0.0249973758733406
0.4011083961007665,0.2144595845241012,0.02501630361487216
0.4011062369914683,0.2144561538826666,0.025017509218114062
0.40110195699259926,0.2144493533277005,0.025019899083470177
0.40105397691043376,0.21437311704913398,0.025046690197126888
0.40104146471286406,0.21435323622908634,0.025053676756800314
0.40102946360554337,0.21433416748806897,0.02506037793394973
0.40102340459162017,0.21432454022916406,0.025063761165560375
0.40101509785359796,0.21431134152742656,0.025068399481136882
0.4010040136902209,0.21429372973251604,0.025074588655215405
0.40098587892761944,0.2142649151338113,0.025084714742209507
0.40095269613504175,0.214212190492577,0.025103243346731894
0.40094994249922944,0.21420781519896795,0.025104780921631476
0.4009406442295479,0.21419304103757356,0.025109972888560372
0.4008982705028742,0.21412571278208095,0.025133633525977726
0.4008954511335811,0.2141212330435497,0.025135207805131947
0.40088083752409653,0.2140980132583129,0.025143367750987917
0.4008744509117161,0.21408786547326217,0.025146933906993567
0.4008616343958431,0.21406750111725759,0.025154090391891874
0.40085598487665236,0.21405852451072938,0.025157244969873264
0.4008496366976074,0.214048437792987,0.02516078966547673
0.400847785600722,0.21404549655713573,0.025161823280777273
0.400809681019073,0.2139849516107717,0.02518310011340707
0.4008063112157244,0.2139795972792407,0.025184981743876178
0.40080353429961907,0.21397518499522186,0.025186532318023515
0.40075317475684075,0.2138951679556827,0.025214652074667943
0.40073494502039364,0.21386620245159743,0.025224831193148854
0.40072735671039744,0.2138541452710215,0.025229068352953386
0.4007271974359605,0.21385389219745857,0.02522915728859815
0.4007220224270695,0.21384566954752568,0.025232046909564092
0.4007140108117912,0.21383293977078172,0.02523652043453127
0.4007136212672142,0.21383232081750886,0.025236737948394653
0.40070810520848316,0.21382355626832453,0.02523981800473742
0.40069186845706706,0.213797757448312,0.02524888428042874
0.4006684990718494,0.21376062547852434,0.02526193327549493
0.4006486251630243,0.21372904752406877,0.02527303046678985
0.4006322143035904,0.2137029720611923,0.025282193960899355
0.40063153568771576,0.21370189379816054,0.02528257288636606
0.4006221536239164,0.21368698649502446,0.025287811642246374
0.4005847033500041,0.21362748118812397,0.025308723122585194
0.4005653103724507,0.2135966673926432,0.025319551771522973
0.4005646273546368,0.2135955821353036,0.025319933154944088
0.4005603937556121,0.21358885530575225,0.025322297111559602
0.40053997705002153,0.2135564148933027,0.02533369738966011
0.40050781145061676,0.21350530648569255,0.02535165801395662
0.40049524136565096,0.21348533368748535,0.025358676896788692
0.4004847995796638,0.21346874257572987,0.025364507380242114
0.4004601412439047,0.21342956257292298,0.025378276099387472
0.4004562575480371,0.2134233917097925,0.025380444677111848
0.40043983478123496,0.21339729732711846,0.025389614820056482
0.4004304265453914,0.2133823484388253,0.025394868189880328
0.40042351568764917,0.2133713676723866,0.02539872707396057
0.4004152739948989,0.21335827232206592,0.025403329069564398
0.4003553876489433,0.21326311800080294,0.025436768401649053
0.40035130363780164,0.2132566288537025,0.02543904883139683
0.4003468902242172,0.21324963385503792,0.02544148001963958
0.40033728400964497,0.21323440857491863,0.025446771732160693
0.4003020947869512,0.2131786357448759,0.02546615618885134
0.40025782873425175,0.21310847667784122,0.025490540739453265
0.40025134200320406,0.2130981955940161,0.025494114042511194
0.4002388932082251,0.21307846499261462,0.02550097162868809
0.40022906697583976,0.21306289099731623,0.025506384540981232
0.40021397634172773,0.21303897323764043,0.02551469741978293
0.40016277239997333,0.21295781802810826,0.025542903799900117
0.4001608876536949,0.21295483081708705,0.02554394203774142
0.4001563610019117,0.21294765634259624,0.02554643560476928
0.4001384152953543,0.21291921346249817,0.025556321238634293
0.40010363045944747,0.21286408156151873,0.025575482933423502
0.40008699718259616,0.21283771880463279,0.02558464559772994
0.4000866819809263,0.2128372192286883,0.02558481923080991
0.4000595321055532,0.21279418828713997,0.02559977510488269
0.4000528003492743,0.2127835188528619,0.025603483383385296
0.4000377511498048,0.21275966676463592,0.025611773437356804
0.4000010934269688,0.21270156644900026,0.025631966837105204
0.39998998326601765,0.21268395750310598,0.02563808701872041
0.3999887677982461,0.2126820310588069,0.025638756575493016
0.3999853475940862,0.21267661023814885,0.025640640640963483
0.39994928362857196,0.21261945099263788,0.025660506961503935
0.3999274750458167,0.21258488568296716,0.02567252051268643
0.3998886571602362,0.21252336163755298,0.025693903867141467
0.3998845391898716,0.21251683489886192,0.025696172306512235
0.3998715841820064,0.2124963019800715,0.025703308746867166
0.3998651281595125,0.21248606956748206,0.02570686513370514
0.3998613776035747,0.2124801251588572,0.025708931177896403
0.39986052373564246,0.2124787718288482,0.02570940154253323
0.39985194526451073,0.21246517546110172,0.025714127108754807
0.3998388673457339,0.21244444773580917,0.025721331256238825
0.39981330316977054,0.21240393003373906,0.025735413626460684
0.39980700028546745,0.21239394033609574,0.025738885655066216
0.3997915887713373,0.2123695140006304,0.02574737529494241
0.39978022988921014,0.21235151084642986,0.025753632487963234
0.39976935270549474,0.21233427115563072,0.02575962433093409
0.3997628799895926,0.21232401228497966,0.025763189913560577
0.39974595600866286,0.21229718877937814,0.0257725127161192
0.3997251868362033,0.21226427087335345,0.025783953694158025
0.39969691682426733,0.2122194645818155,0.02579952661052466
0.3996898470944446,0.2122082594795238,0.025803421066300375
0.39968603270230857,0.21220221389431235,0.025805522275520187
0.3996796592101361,0.21219211228738546,0.025809033199420413
0.3996669648443061,0.21217199247075583,0.02581602606160406
0.3996660365823753,0.21217052123067337,0.025816537407175693
0.39966170040167254,0.21216364864154355,0.025818926050646673
0.39964101925085155,0.21213087024459332,0.025830318540781813
0.3996249141746547,0.2121053446544042,0.025839190238652353
0.39961246551198426,0.21208561426270395,0.02584604775194529
0.399590085700844,0.21205014358993635,0.025858375971967922
0.3995856173104844,0.21204306145634516,0.025860837444906817
0.39954068172123863,0.21197184121361104,0.02588559081872197
0.399535765870003,0.21196404988108106,0.02588829878150374
0.39952857363658795,0.21195265061786409,0.025892260720031257
0.3995216578196403,0.21194168945834696,0.025896070390829314
0.3995194923003122,0.2119382572387015,0.025897263296282017
0.39950674793037705,0.21191805816853226,0.025904283703899612
0.39950658613620926,0.21191780173437622,0.02590437283039342
0.39949004487002276,0.21189158480893458,0.025913484809387422
0.3994299623266901,0.21179635754270623,0.025946582086620044
0.3993915348051253,0.21173545220109502,0.02596775040380579
0.3993864962378789,0.21172746637096923,0.025970525966352888
0.3993786945271224,0.211715101122329,0.025974823643672682
0.3993709460123789,0.21170282018621303,0.025979092017253125
0.3993660450469119,0.21169505244674308,0.025981791780009
0.3993643259047107,0.21169232770835825,0.025982738792616644
0.399361505083571,0.21168785687422315,0.025984292679887496
0.3993592348101248,0.21168425862551593,0.02598554329055534
0.3993375330612956,0.21164986264127908,0.025997497990832525
0.39931121696976185,0.21160815319764423,0.026011994563861208
0.3993075314548562,0.21160231187519615,0.026014024779324973
0.39928090392315063,0.21156010881736803,0.026028692913361837
0.3992703271831241,0.2115433453119891,0.02603451925288508
0.39923260109963526,0.211483551708109,0.026055301173470848
0.3992265410738286,0.21147394692677265,0.026058639420206666
0.3992082682926965,0.21144498565288047,0.026068705227500988
0.39920802593018095,0.21144460152267372,0.02606883873615297
0.39919839453047906,0.21142933632561828,0.026074144322241546
0.39918479430435116,0.21140778077416503,0.02608163618975604
0.39917442580219675,0.21139134731345785,0.02608734781864616
0.39915760091633257,0.21136468086765542,0.026096616033354905
0.39915318469598693,0.21135768142044084,0.02609904876773983
0.39914386756462794,0.21134291432006203,0.02610418123488414
0.39914098160990674,0.211338340253065,0.026105771001864515
0.39913852888490453,0.21133445282946714,0.02610712211842635
0.3990969986274351,0.2112686298355456,0.026129999619423572
0.3990814719866876,0.21124402103122275,0.02613855267834562
0.3990730440920011,0.2112306633182077,0.02614319529750674
0.3990724905791767,0.21122978603322323,0.02614350020749201
0.3990380443447047,0.21117519079542735,0.026162475379125926
0.39903639286840115,0.21117257330347536,0.026163385117063596
0.3990180846337626,0.211143555837879,0.02617347045439889
0.3990096730174662,0.21113022392514635,0.02617810410638986
0.39895045287423403,0.2110363635119075,0.026210726318925976
0.3989495341815235,0.21103490743847125,0.026211232393163943
0.39894131893692336,0.21102188676322553,0.026215757871164442
0.3989411100116044,0.2110215556289915,0.026215872960486847
0.3989217168150553,0.2109908185631423,0.02622655596368562
0.3989130168144932,0.21097702957845957,0.02623134847602874
0.39890292989109355,0.21096104240337138,0.02623690499347398
0.3988801986295785,0.2109250147026129,0.026249426814663274
0.3988662165939996,0.21090285400583428,0.026257129007049972
0.39885576942305995,0.2108862958597701,0.026262883971698757
0.3988377451854748,0.2108577285126527,0.026272812865436795
0.39882245464072025,0.2108334939064701,0.02628123586770513
0.3988004775193037,0.2107986614730213,0.026293342260676415
0.39879742924389705,0.210793830137369,0.026295021444189933
0.3987907699686573,0.21078327558123724,0.02629868979553714
0.39878897313853817,0.21078042771211206,0.02629967960357944
0.3987818214052289,0.21076909263915963,0.026303619232078888
0.39876787565449306,0.21074698945170436,0.026311301436471663
0.3987460136150824,0.21071233941640666,0.026323344434971894
0.3987006160047241,0.21064038689762293,0.02634835231933202
0.39869356224767555,0.21062920711123048,0.026352237976290244
0.3986827966610985,0.21061214429527414,0.026358168344476202
0.3986824602435073,0.21061161109335313,0.02635835366463186
0.39867078494126207,0.21059310643203996,0.02636478516193127
0.3986275921626692,0.21052464844078228,0.026388578485053767
0.39861185088568135,0.2104996994507538,0.026397249779236107
0.398607420131918,0.2104926769689345,0.026399690519549678
0.3986062655164103,0.21049084697186307,0.026400326555034128
0.3986011559576215,0.2104827486243547,0.02640314122422738
0.3985748428983618,0.21044104398669428,0.02641763612688712
0.398553964152223,0.21040795241288945,0.026429137465061155
0.3985516496830916,0.21040428411664355,0.026430412421516704
0.3985028047113747,0.2103268677346531,0.02645731933125556
0.3984929414219635,0.21031123500616739,0.026462752656909932
0.3984910662336481,0.21030826294395047,0.02646378562961871
0.3984770015225568,0.21028597121139003,0.026471533364923628
0.39847440733494194,0.21028185957794476,0.02647296240806859
0.39847096138423854,0.21027639795054284,0.026474860656368913
0.39842374859265234,0.21020156847721536,0.026500868457726475
0.3984118456401172,0.21018270300370023,0.026507425359250433
0.39841077572070727,0.21018100724491826,0.026508014738750123
0.3984070209529519,0.21017505616081242,0.02651008310307777
0.3983687961236063,0.2101144720743421,0.02653113976452791
0.3983597977089053,0.21010021012095537,0.026536096662313755
0.39835733872169893,0.2100963127721355,0.02653745122849498
0.3983518852863478,0.2100876694006796,0.026540455326718428
0.39835144382862187,0.21008696971637758,0.026540698509645303
0.3983388751311239,0.21006704907659784,0.026547622145737713
0.3983283570032593,0.2100503784680178,0.026553416197963125
0.3983207118475309,0.21003826134980802,0.026557627634839702
0.3983179934633193,0.21003395287212603,0.026559125093350688
0.3983140635616126,0.21002772421109875,0.026561289932571352
0.3983044809510583,0.21001253634194741,0.026566568642501644
0.398292213548732,0.20999309323713766,0.026573326306095685
0.39824581226422273,0.2099195499543768,0.026598887077863467
0.3982454394049111,0.20991895899449126,0.026599092472431016
0.3982322920263894,0.20989812117962448,0.02660633488274986
0.39822343935918464,0.2098840902273715,0.02661121149356678
0.39821747571124666,0.2098746381992385,0.026614496649257153
0.3982041992919447,0.2098535958623916,0.026621810143425656
0.39819528982837477,0.20983947489126972,0.026626718041284383
0.3981947624039874,0.20983863895491012,0.02662700858010313
0.39819300414817393,0.2098358522237706,0.026627977138970256
0.3981665788517192,0.20979396969681555,0.026642533868998706
0.39816072599592883,0.20978469326766275,0.026645757993344177
0.39811966698094303,0.20971961716511706,0.02666837590408004
0.3981167604607983,0.2097150105031439,0.026669976999800636
0.39808048683049135,0.20965751895137677,0.026689958817012603
0.3980574551505108,0.20962101510517556,0.0267026461277549
0.3980513880900418,0.20961139917431687,0.02670598824962907
0.39804290392810876,0.2095979522810545,0.02671066186435991
0.39803098804961323,0.20957906632065906,0.02671722588632304
0.3980269377597881,0.20957264685160726,0.02671945704295821
0.3980209633894475,0.20956317782910228,0.026722748105228306
0.3980031617862794,0.20953496334432603,0.026732554357802817
0.3979793144643316,0.2094971667540022,0.026745690975894906
0.3979605606409544,0.20946744305669387,0.02675602177178096
0.3979438443015734,0.2094409486506268,0.02676523019219926
0.397943328606956,0.2094401313052566,0.02676551426951643
0.3979426094866129,0.20943899154218124,0.026765910406631135
0.3979037890995257,0.20937746353202732,0.026787295139074806
0.39787943846177337,0.2093388692160173,0.026800709015448447
0.39787543933264685,0.20933253083363718,0.026802911989524572
0.3978675822973399,0.20932007789886709,0.026807240143117226
0.3978339045856452,0.20926670072407352,0.026825791963640988
0.3978246621080676,0.20925205194550875,0.02683088330674555
0.3978159855120063,0.2092383000555711,0.02683566292640456
0.39781169332317207,0.20923149719094264,0.02683802733636298
0.3977964335842388,0.20920731141015894,0.026846433368830264
0.3977902435982599,0.20919750064966067,0.026849843205875204
0.39778728850966966,0.2091928170095832,0.026851471056177346
0.39778331045256043,0.2091865120251002,0.026853662422449277
0.397783141865497,0.20918624482460765,0.026853755290901022
0.39778156770180895,0.20918374986856395,0.02685462244014443
0.39774401933579306,0.20912423793633367,0.026875306462669564
0.3977435862635427,0.20912355154251297,0.02687554502634438
0.39769604556974675,0.2090482023636388,0.026901733457045194
0.3976840907057422,0.20902925461352465,0.02690831895470044
0.3976731189523492,0.20901186503539776,0.026914362892650347
0.3976591333481849,0.20898969868262307,0.0269220670508403
0.3976528713445042,0.20897977377834054,0.026925516559805084
0.39764026211063336,0.20895978889081496,0.026932462525903807
0.39763934619824304,0.20895833722402132,0.02693296706856498
0.3976187624681324,0.20892571323311654,0.026944305893191325
0.39759157004220597,0.20888261485146598,0.026959285206808768
0.3975832621224814,0.20886944729164686,0.02696386173614822
0.39757376968787633,0.20885440234602454,0.02696909077144383
0.39755196918780994,0.2088198498469361,0.026981099870168418
0.39754801358049174,0.2088135804440398,0.026983278869670987
0.3975189270793662,0.2087674800655822,0.026999301560091196
0.39750632280540626,0.20874750303922113,0.027006244793956274
0.3974944785317072,0.20872873056817942,0.02701276937145405
0.3974775980529124,0.2087019760108806,0.027022068210276452
0.3974454421859864,0.2086510108697478,0.027039781702137358
0.39742136280891177,0.20861284648581682,0.027053046150917675
0.3974204595895556,0.2086114149367291,0.027053543701450255
0.3974064784235185,0.20858925561812272,0.02706124541483813
0.397400221201078,0.20857933829182218,0.027064692289992438
0.3973655937684878,0.2085244558657602,0.027083767277047255
0.3972776800238228,0.20838511779676425,0.027132195745922533
0.3972584700959483,0.20835467120089013,0.027142777793106563
0.3972371190313469,0.2083208310303468,0.0271545393142594
0.3972359001090919,0.20831889911089652,0.027155210773980656
0.39719486016999966,0.20825385324251022,0.02717781817650395
0.39719017814316443,0.20824643250778105,0.027180397333969337
0.3971382123160306,0.20816406975512836,0.02720902340889678
0.39711496606929114,0.2081272258333455,0.02722182891662457
0.39710006113829227,0.2081036024020855,0.027230039498368285
0.39708815682798654,0.2080847347765845,0.02723659714783844
0.39704766736416375,0.20802056137883823,0.027258901313654514
0.39704427669721837,0.20801518737291255,0.02726076910815305
0.3970326856949518,0.2079968163220637,0.027267154167675188
0.39701885920155805,0.20797490215041953,0.027274770677556834
0.39701792340402736,0.20797341896685828,0.027275286174215072
0.3970001195779622,0.207945200958922,0.027285093651302352
0.39698329640206237,0.20791853722331166,0.02729436092405422
0.3969286181672026,0.2078318754653522,0.0273244811652651
0.39689515505909556,0.20777883842451167,0.027342914768515744
0.3968708322973745,0.20774028829035715,0.02735631328900258
0.3968697151249293,0.2077385176383181,0.027356928698472366
0.3968623240429473,0.2077268032119211,0.027361000175407903
0.3968547072546256,0.20771473105436786,0.02736519598571687
0.39681675430001556,0.20765457787322175,0.027386102881311693
0.3968150451511043,0.2076518689736085,0.027387044388981156
0.3968148348836513,0.20765153571217168,0.027387160217636135
0.3967956618330546,0.20762114756459477,0.02739772195047562
0.3967891183263821,0.2076107764947731,0.027401326529150213
0.3967851311144891,0.207604457000501,0.02740352293845794
0.39677125191798407,0.2075824592975526,0.027411168480557392
0.3967659079824112,0.20757398947674802,0.027414112259355028
0.39676380428862795,0.20757065524692275,0.027415271107374663
0.39675490921114226,0.20755655707689086,0.027420171080465346
0.3967437243604838,0.20753882975224214,0.027426332405910567
0.39672471190280256,0.2075086961349078,0.027436805673982177
0.3966751330152055,0.20743011653979362,0.027464116871156363
0.3966436871812663,0.20738027675881562,0.027481439231795024
0.3966267673617579,0.20735345984882,0.027490759741978725
0.3965915882089533,0.20729770297895406,0.027510138651535482
0.396571940690774,0.2072665628284111,0.027520961751225377
0.39656428185030107,0.20725442402069322,0.02752518072652756
0.39655214707660336,0.20723519112439032,0.027531865329857425
0.3965431686571919,0.20722096086235112,0.02753681121296904
0.39653618429732146,0.2072098910663684,0.027540658641558143
0.39653473477721235,0.20720759366300165,0.027541457129209374
0.3965152634841542,0.20717673281881951,0.027552183152920684
0.39651402295606475,0.20717476665540355,0.0275528665145065
0.39650642041111933,0.20716271707275652,0.027557054478660067
0.3964974695320953,0.20714853046059734,0.02756198519077878
0.3964858062227763,0.20713004480736064,0.02756841008161345
0.39647818221624437,0.20711796120937237,0.027572609868170648
0.3964748155155397,0.20711262518851623,0.027574464460543086
0.3964733775440359,0.2071103460890037,0.027575256586489728
0.39647257056924307,0.20710906708183832,0.02757570111940988
0.3964525455400144,0.20707732859868144,0.027586732176139647
0.39644335615395343,0.20706276396702034,0.027591794273068092
0.3964405435176734,0.20705830610540216,0.027593343651598906
0.3964396555702738,0.20705689876145947,0.02759383278936876
0.39643117981961606,0.2070434651995695,0.027598501770635404
0.3964076199149702,0.20700612414861558,0.02761148006104034
0.3964042974253329,0.207000858199678,0.027613310299151567
0.39638746312978707,0.20697417684008845,0.02762258369731004
0.39638545494961486,0.20697099399366944,0.027623689930372182
0.39632898545586936,0.20688149319665916,0.027654796910636492
0.39632441514126787,0.206874249519192,0.027657314529915183
0.39631767289169084,0.2068635634536589,0.02766102858879227
0.3963144284897587,0.20685842126910067,0.027662815811240683
0.3962741662481109,0.2067946080050197,0.027684994808665032
0.39624885587405256,0.20675449256390985,0.027698937368693353
0.39624346790235776,0.20674595294846496,0.027701905405381096
0.3962384039067125,0.20673792681583572,0.02770469497550378
0.3962325651181936,0.20672867268247355,0.027707911350703513
0.3962295531899751,0.2067238989549578,0.027709570511879507
0.3962078739394588,0.20668953862921194,0.027721512818658395
0.3962048878004605,0.20668480577608,0.027723157773495523
0.3961793713771041,0.2066443637590585,0.027737213838551482
0.3961779642872561,0.20664213360513814,0.027737988952922576
0.39617152950048923,0.20663193484991602,0.027741533641774667
0.3961418670204487,0.2065849215790534,0.02775787361792835
0.3961418144363922,0.20658483823644383,0.02775790258456326
0.3961277849826833,0.20656260238474272,0.027765630897864726
0.39612692577499,0.20656124059152928,0.02776610420398076
0.39611737840261185,0.2065461085727963,0.0277713635024877
0.3961172711337986,0.20654593855809197,0.027771422592956486
0.39610332896455797,0.2065238410470941,0.02777910282443445
0.39608890162552185,0.20650097457075747,0.027787050318220857
0.39608169118982856,0.2064895464580096,0.02779102228371817
0.39602818092445724,0.20640473586238864,0.027820499133224687
0.39599951296295416,0.2063592988443989,0.027836291265463615
0.3959929525471861,0.20634890097466393,0.027839905158741
0.3959853942811315,0.20633692157143166,0.027844068731271897
0.3959769716715634,0.20632357223501568,0.027848708439054445
0.3959740728346801,0.20631897775055602,0.027850305302347125
0.3959648848310019,0.20630441530988955,0.027855366637771432
0.3959595924944146,0.2062960272704156,0.02785828199257373
0.39593683269113594,0.20625995433265523,0.02787081953637748
0.39593656714588205,0.2062595334591838,0.027870965815552717
0.3959241349583399,0.20623982917958422,0.027877814253299656
0.39591836967868965,0.2062306915534173,0.027880990135150233
0.3959044156668605,0.20620857527261927,0.027888676890277398
0.3958978947519229,0.20619824000935685,0.027892269023990956
0.3958840518882703,0.20617629989182376,0.027899894551649894
0.395867347358537,0.20614982420334757,0.02790909646656488
0.39582541214874517,0.20608335938402259,0.02793219704099637
0.39582368928366995,0.20608062874510333,0.027933146104399238
0.3957928573423763,0.20603176194754363,0.027950130294015954
0.3957607936779448,0.20598094294189392,0.02796779299489241
0.3957483131749261,0.20596116208513082,0.027974668047869543
0.3957003147558423,0.20588508743883419,0.02800110862270255
0.39569733144402103,0.20588035906661015,0.028002752020151154
0.39569504587519605,0.20587673657563516,0.02800401105648414
0.3956867987457941,0.20586366536487047,0.028008554098656616
0.3956824706653328,0.2058568056141428,0.0280109382800006
0.3956547750175688,0.20581290965573795,0.02802619480013668
0.39564725959240254,0.20580099815277167,0.028030334773187955
0.3956407748799823,0.2057907202683513,0.028033906964257796
0.39563675786373753,0.2057843535359501,0.02803611979169362
0.3956287389350476,0.20577164400977377,0.02804053712643411
0.3956216352251795,0.20576038505112637,0.028044450300574907
0.3956040547014761,0.20573252096418404,0.028054134768552313
0.395527698548199,0.20561150099177664,0.02809619658273741
0.395526156840169,0.20560905747602512,0.028097045853345017
0.3954762302326712,0.20552992676549997,0.028124548596704088
0.39545736561118144,0.2055000274597573,0.028134940427220943
0.3954251786061641,0.20544901296659734,0.028152671071918305
0.3954238726318936,0.20544694307486766,0.02815339048541333
0.39541540820473065,0.205433527460045,0.02815805322898057
0.3954082698017938,0.205422213514942,0.028161985514265027
0.39539706499577015,0.2054044545622235,0.028168157832391592
0.3953969021323228,0.20540419643332283,0.02816824754791243
0.3953822117895007,0.20538091311159062,0.028176339920872283
0.3953788754638762,0.20537562523343417,0.02817817778072323
0.39537370904772495,0.20536743677038002,0.0281810237705594
0.3953563744082009,0.20533996239527255,0.02819057278992896
0.3953483250532563,0.20532720464528798,0.028195006885381107
0.39534639976078084,0.2053241531709503,0.028196067458640457
0.39531768731922334,0.2052786456547134,0.02821188409331575
0.3953051592055808,0.20525878933793645,0.028218785373245483
0.39529159791111634,0.20523729549085984,0.028226255794729437
0.39524810908664565,0.20516836828445154,0.028250212198706156
0.3952342867548025,0.20514646070861808,0.028257826416141697
0.39522709439991255,0.2051350612528707,0.028261788421585252
0.39521694659384893,0.20511897758237255,0.028267378477064946
0.3952085455628862,0.2051056624467657,0.028272006297982464
0.3951797720836414,0.2050600581894161,0.028287856556088866
0.39517912745963946,0.2050590364986213,0.028288211655891907
0.39516572479891793,0.20503779407661482,0.028295594691844606
0.39515782266968,0.20502526967063978,0.02829994768603574
0.39512115443550655,0.20496715269515786,0.028320146876095804
0.39511142087070883,0.20495172557248736,0.028325508741201773
0.3950945851136943,0.20492504189655672,0.028334782944429912
0.39509310362644867,0.20492269382717535,0.028335599041608324
0.39509171392678194,0.20492049123566045,0.028336364576364133
0.3950717026420879,0.2048887745367754,0.028347388061732127
0.39505497115147326,0.20486225611690195,0.028356604828411305
0.3950404083889696,0.20483917500240453,0.028364626922036534
0.3950090519262263,0.2047894768694694,0.028381900051349662
0.39500533081168804,0.20478357912371578,0.02838394987734999
0.3949794319109615,0.2047425309027567,0.028398216635210395
0.3949726640710843,0.20473180427811613,0.02840194479084859
0.39496774180283134,0.20472400277499442,0.02840465628853069
0.3949620831411711,0.20471503413201547,0.028407773438427257
0.3949278515002582,0.20466077901227805,0.028426630398312384
0.3949135187847445,0.20463806250861005,0.028434525767458575
0.39490248180125287,0.20462056954464716,0.02844060563828582
0.3949002323078475,0.20461700423107176,0.02844184480198862
0.3948877371990595,0.20459720022503092,0.028448727900750245
0.3948567395944683,0.20454807086097423,0.028465803348222903
0.39483145322654134,0.20450799346815818,0.028479732684150837
0.3948309621892292,0.20450721520315374,0.02848000317865973
0.3948237417238641,0.20449577119397114,0.028483980669136686
0.39471494382990996,0.20432333298749764,0.028543913452584058
0.3947049415962409,0.2043074800406074,0.02854942331755195
0.3947048475307567,0.2043073309523962,0.02854947513478932
0.3946892890426686,0.20428267167192815,0.02855804573724735
0.39466095367088266,0.20423776178890612,0.028573654657966553
0.39464838351983517,0.2042178388453366,0.02858057909476629
0.39464650159179393,0.20421485610105403,0.02858161578014375
0.39464194911783385,0.204207640699945,0.028584123571665114
0.39463894223010954,0.2042028749613135,0.028585779956217063
0.39462092497741974,0.20417431868484073,0.02859570500223155
0.3946035537522592,0.20414678632367023,0.02860527417529112
0.3946011999333205,0.20414305566031452,0.028606570808117363
0.39456166439775253,0.20408039418225152,0.02862834948972189
0.39456141513757786,0.20407999911966437,0.028628486798042176
0.39456034071763557,0.20407829622780577,0.028629078656720614
0.39454055767227325,0.20404694127471906,0.028639976413382437
0.39453769748795525,0.20404240805228194,0.028641551984389575
0.39452642372093855,0.20402453980048127,0.02864776229060682
0.39452352276343783,0.2040199419549688,0.02864936032207013
0.39451983112225114,0.2040140909227287,0.02865139391227825
0.3945002356883817,0.2039830333227265,0.02866218832062542
0.3944941765122732,0.20397342988811135,0.028665526099293563
0.39447073517995157,0.2039362767672559,0.02867843907253865
0.39444898070989465,0.2039017972230013,0.02869042281501333
0.3944338105599598,0.2038778090592238,0.028698637775243042
0.39442577037149285,0.20386509531818794,0.02870299170903928
0.39441144971300646,0.20384245043315727,0.028710746651504186
0.3943593097551551,0.2037600028730698,0.02873898155240939
0.39433950274076907,0.2037286825560607,0.02874970747378455
0.3943361423309771,0.20372336882740302,0.0287515272074665
0.3943292695212338,0.20371250103199956,0.028755248980748205
0.3943014539542824,0.20366851699898336,0.028770311704403164
0.39429443203386244,0.20365741341874263,0.028774114224301352
0.3942540170857307,0.20359350631175913,0.028795999781992848
0.39424407029249225,0.20357777770615598,0.02880138618299866
0.39424127524038294,0.20357335796290668,0.0288028997634192
0.394230965301902,0.20355705512517092,0.028808482815330685
0.3942199607653405,0.20353965393754472,0.02881444200693971
0.39421981853410076,0.20353942903098238,0.028814519028194117
0.3942126496600436,0.2035280930767748,0.02881840112662586
0.39419597412239316,0.20350172448253182,0.028827431286459215
0.3941649453446633,0.20345265948283203,0.02884423403238605
0.39416473179980643,0.20345232180990055,0.028844349671487423
0.3941583314402473,0.20344220108769293,0.02884781560290271
0.3941538685362195,0.20343514401355697,0.028850232360763076
0.3941431817591693,0.20341824529078673,0.028856019478809218
0.39411974696827323,0.20338118846507833,0.0288687099186552
0.3941178763138496,0.2033782304478617,0.028869722917983474
0.39411573815386985,0.20337484943106254,0.02887088077728437
0.3941091781484147,0.20336447626494908,0.02887443316036249
0.39410318448027964,0.20335499863331932,0.028877678859684557
0.3940998349972659,0.20334970218289208,0.028879492676282696
0.39407236716521454,0.20330626801403484,0.0288943670940615
0.39405752845718944,0.2032828039507341,0.028902402571417376
0.3940274093906222,0.20323517745364986,0.02891871268931787
0.3940065766910335,0.2032022352472902,0.028929994041139283
0.39400518375040267,0.20320003262647704,0.028930748348244606
0.39398558122470767,0.2031690356621198,0.028941363534625623
0.3939653647438248,0.20313706786638253,0.028952311190855135
0.39395699442145765,0.2031238320931913,0.028956843899210147
0.39392965682759723,0.20308060386660012,0.02897164779022662
0.39390285017670684,0.20303821520632673,0.028986164164283696
0.39388969549658787,0.20301741405258145,0.028993287704556912
0.3938830167937109,0.20300685319332018,0.02899690436482436
0.3938417085617142,0.20294153355977992,0.02901927365480961
0.3938066240385059,0.20288605531517526,0.029038272673545217
0.39379074119980706,0.20286094019518003,0.02904687356996392
0.3937817452825787,0.20284671518509584,0.02905174505129917
0.3937694611774769,0.20282729064899643,0.02905839715660482
0.3937595079518879,0.20281155187208466,0.029063787040865815
0.39375291939233004,0.2028011335541108,0.02906735488660047
0.3937332995322829,0.2027701091793932,0.0290779794599034
0.39371063724138805,0.20273427388785725,0.029090251574497853
0.39370471741515545,0.20272491302050846,0.02909345728685246
0.39370311396839175,0.2027223775318191,0.029094325587525213
0.39369396834188825,0.20270791579034939,0.02909927813963083
0.3936918168295977,0.20270451365988817,0.02910044322949324
0.39369069044702437,0.20270273254040283,0.02910105318971664
0.39367108347916185,0.20267172855176155,0.029111670781626256
0.3936610940820932,0.2026559325778292,0.029117080253516114
0.3936453139365172,0.2026309798437998,0.029125625539415254
0.3936267778879254,0.20260166927196516,0.029135663205664537
0.3936213834848363,0.202593139242576,0.02913858439016371
0.3936160005182995,0.2025846272975096,0.02914149938152555
0.3936111511134426,0.202576959059659,0.029144125437840607
0.39359111582867323,0.2025452777846261,0.02915497497250428
0.3935725972508405,0.2025159948388487,0.02916500317796434
0.39356746234809326,0.20250787515060492,0.02916778383748538
0.3935658945977602,0.20250539610775348,0.029168632807778455
0.3935653248286797,0.20250449514671628,0.02916894134990605
0.3935634236436185,0.20250148885219618,0.02916997088222667
0.3935347777256438,0.2024561918066901,0.029185483258697315
0.39353071046618165,0.20244976035502202,0.029187685766574233
0.3935238712545541,0.20243894568744555,0.029191389345758625
0.39351251293695144,0.20242098507505474,0.02919754011735833
0.3935036697775007,0.20240700161687367,0.029202328877094043
0.39349754711011675,0.20239732000208466,0.02920564443226487
0.39346290093483244,0.20234253490565826,0.029224406076236387
0.3934587556474991,0.2023359800705456,0.029226650837872258
0.3934433725914026,0.20231165524378875,0.029234981091336248
0.39344251679253317,0.20231030199128114,0.02923544452470421
0.3934361812906817,0.20230028382688078,0.029238875334285427
0.3934031670333953,0.20224807923996638,0.029256753259802704
0.3933532080741851,0.20216908043634,0.029283807103356763
0.3933380656703196,0.20214513614670074,0.029292007038497263
0.39332584491889216,0.20212581179011993,0.029298624836434972
0.39331572804780196,0.20210981424483063,0.02930410333823042
0.3932968719535026,0.20207999759303757,0.029314314316066622
0.3932789429084341,0.2020516468600966,0.02932402327694222
0.3932781573366627,0.20205040465587376,0.029324448680836515
0.3932746644638664,0.20204488146691038,0.029326340146064788
0.3932505755153313,0.2020067902387308,0.029339384826245336
0.3932473398997761,0.202001673843956,0.029341136981182427
0.39324483278591776,0.2019977094099787,0.0293424946368896
0.3931765175270058,0.2018896842667653,0.029379488808829485
0.3931717671676997,0.20188217264706962,0.029382061229863168
0.3931600320952833,0.20186361628208474,0.029388416022242132
0.39310043309840953,0.20176937393747246,0.02942069015210575
0.39309753018223076,0.20176478363157385,0.02942226214322392
0.3930960189594548,0.20176239397427906,0.029423080502637398
0.3930825217707862,0.20174105122066702,0.029430389518606347
0.39307075518089674,0.2017224450179213,0.029436761378370174
0.39305957253489127,0.20170476219046096,0.029442817020047585
0.3930566252275995,0.20170010169004926,0.029444413049901627
0.393055012931907,0.20169755220877875,0.02944528614245836
0.3930001666786934,0.20161082525417914,0.02947498656010967
0.3929780189672789,0.2015758036538002,0.029486980018923876
0.392974047417715,0.20156952354570642,0.02948913069784649
0.39295235788665484,0.20153522645401234,0.02950087604221195
0.3929511323601726,0.20153328856084088,0.029501539690979763
0.3929345498534329,0.20150706707395896,0.02951051947258776
0.3929281270553464,0.20149691087029126,0.02951399755494492
0.3929214491932763,0.20148635134057608,0.029517613759897466
0.3929205337136472,0.20148490371643443,0.02951810951167161
0.39291891577324217,0.20148234530932674,0.02951898566096073
0.3929060674600446,0.20146202860563084,0.02952594329700194
0.3929052788616805,0.20146078161553552,0.02952637033986087
0.3928870754225178,0.2014319969903457,0.02953622789099962
0.39286596947397506,0.20139862270251757,0.02954765721296632
0.3928546567742633,0.20138073422451197,0.029553783281503668
0.3928490209798414,0.20137182248928268,0.02955683518456576
0.39284626295470493,0.20136746129582306,0.029558328714089616
0.3928335871275603,0.20134741733983932,0.02956519294524877
0.3928225826449877,0.20133001623758454,0.029571152107621606
0.39281859554895826,0.2013237115462689,0.029573311205287386
0.39281630552795793,0.2013200903955851,0.029574551300574764
0.3927958112909559,0.20128768339131622,0.029585649367675784
0.3927859546842424,0.20127209739532076,0.029590986930751923
0.39278226683609085,0.2012662658968962,0.02959298397929978
0.3927768694147605,0.20125773109484052,0.02959590679824108
0.39277568878894575,0.20125586420192743,0.029596546132338357
0.3927749618701907,0.2012547147441947,0.029596939774371476
0.39276457743912074,0.20123829411326413,0.029602563165611114
0.3927561114187095,0.20122490701524326,0.029607147696501128
0.39274959477608073,0.20121460241764016,0.02961067659768247
0.39274675461684116,0.20121011134765826,0.029612214604577556
0.392742080853418,0.20120272084704138,0.029614745547304498
0.39272300769103574,0.20117256095113098,0.02962507407214426
0.39264449985586725,0.20104841855201658,0.029667587741844248
0.3926242873211529,0.20101645699625292,0.029678533261139242
0.3925803785806118,0.20094702524614588,0.029702310782049105
0.39256121151871104,0.20091671686936763,0.029712690155483848
0.3925210324389039,0.2008531827348349,0.029734447985439345
0.39251723069882793,0.2008471711420706,0.029736506708897055
0.39250802077647134,0.20083260773123965,0.02974149407858049
0.3924989307478565,0.2008182339052662,0.029746416523241774
0.392492577774012,0.20080818811285736,0.02974985679428044
0.3924908382584049,0.20080543746204277,0.02975079877913836
0.3924906257324085,0.2008051014002088,0.02975091386650505
0.3924753124518136,0.20078088690763898,0.02975920633504449
0.39246916298461393,0.20077116291499786,0.02976253640288802
0.3924376366303202,0.20072131111041108,0.029779608597152587
0.39242764982314593,0.20070551923181137,0.02978501666655933
0.39241622526625414,0.2006874538769544,0.029791203308148995
0.39240547110613333,0.20067044860308605,0.029797026915567206
0.39240163620654633,0.20066438457604882,0.02979910359560845
0.3923961572858627,0.2006557209011842,0.029802070548190406
0.39237700669051534,0.20062543856253887,0.029812441004634736
0.3923761248958512,0.20062404420355676,0.029812918515280826
0.3923643872101267,0.2006054837062157,0.02981927472282196
0.39232743229613637,0.20054704786128413,0.029839286598118256
0.3923204775963569,0.20053605057529486,0.029843052716603796
0.3923075908208405,0.20051567305213397,0.02985003118081221
0.39229060217721634,0.2004888093515533,0.029859230894218373
0.39227555622479926,0.20046501757808252,0.029867378598839273
0.392229476258499,0.20039215252511872,0.029892331884875903
0.3922235413649305,0.20038276783218323,0.029895545756514773
0.3921904881478012,0.200330501639082,0.029913444779619148
0.3921845553526023,0.20032112026424384,0.029916657514946047
0.3921744166549329,0.20030508820515225,0.02992214783630034
0.3921608456520091,0.200283628730977,0.02992949682426521
0.3921532799624426,0.2002716653027189,0.02993359380677137
0.3921529314830937,0.20027111426138244,0.029933782515782444
0.3921518715511175,0.2002694382184991,0.02993435649158808
0.39213601888754546,0.20024437081364746,0.029942941047531105
0.39213195643137433,0.20023794695729863,0.02994514095432333
0.3921277844368931,0.20023134989086727,0.029947400178450233
0.39204193318776104,0.20009559554212808,0.029993890463669525
0.39202186357708263,0.20006385998842743,0.03000475858654616
0.3919843970308491,0.20000461511272832,0.03002504752163084
0.39197546507226383,0.199990491238784,0.030029884367994666
0.3919536402913392,0.1999559802799948,0.0300417029530507
0.3919384510766887,0.19993196196967794,0.030049928237231183
0.39193733818875814,0.19993020218892046,0.030050530889817257
0.39191038889359625,0.1998875879689683,0.03006512450879428
0.39190459479285067,0.19987842590806412,0.030068262138112145
0.3918984800541717,0.19986875683073024,0.030071573399719855
0.3918833211463848,0.19984478644386905,0.03007978227208632
0.3918824172859375,0.19984335719283752,0.030080271731825356
0.39187420142472495,0.19983036566505533,0.03008472079616574
0.39187105978420456,0.19982539787056045,0.03008642206161413
0.3918545627775926,0.19979931158280817,0.030095355543076626
0.3918529000462616,0.1997966823489734,0.030096255947608945
0.39184298417853164,0.19978100264507315,0.03010162560179128
0.39183607213126914,0.1997700728044003,0.03010536862302781
0.3918129288692217,0.19973347696568258,0.030117901193775092
0.39180431480077427,0.1997198557631503,0.03012256589583906
0.3917694597540471,0.19966474038374046,0.030141440648158446
0.3917672380804599,0.1996612273090445,0.03014264373186168
0.39174856972457106,0.19963170752312018,0.030152753045338418
0.3917384899573076,0.1996157686491477,0.030158211454619124
0.391735243496143,0.19961063510449276,0.030159969482685345
0.3917284649539265,0.19959991637187893,0.030163640208087764
0.3917016976731493,0.19955758996654216,0.0301781352623876
0.39166713175892337,0.19950293178484124,0.03019685344328157
0.39165235248905583,0.1994795617095542,0.03020485673360547
0.3916180153335987,0.1994252652581482,0.030223451036739794
0.3915848447992923,0.19937281355444417,0.03024141358960153
0.39157552732711826,0.19935808007788242,0.030246459199808413
0.39157518425570886,0.19935753758798017,0.030246644980304715
0.3915710025731817,0.1993509252020936,0.030248909450715435
0.3915629946426417,0.1993382624696791,0.030253245916155205
0.39154631981513793,0.19931189499837262,0.030262275691428957
0.39154627813896675,0.19931182909692644,0.03026229825996586
0.39153759924272247,0.19929810538388404,0.030266998067666567
0.39151829694065343,0.19926758315534296,0.030277450676541216
0.3915120356278988,0.19925768230423305,0.030280841311141785
0.391503693569558,0.1992444912242121,0.030285358713922773
0.3914929878846528,0.1992275626029421,0.0302911560709763
0.39147325449942544,0.19919635871380773,0.030301842120589312
0.3914696105457857,0.19919059662463373,0.030303815399321418
0.3914631049416267,0.19918030948187596,0.030307338322935588
0.3914624804901195,0.1991793220529388,0.030307676476765265
0.39143271789789963,0.19913225923947425,0.030323793556192264
0.39143048040943446,0.19912872115712288,0.030325005203989716
0.39140229995072173,0.19908416013024913,0.03034026552432763
0.3913916563327992,0.19906732965388552,0.030346029270784284
0.39138863474067837,0.19906255168880452,0.030347665527460016
0.39138593752636697,0.199058286653922,0.030349126126623133
0.3913536893832332,0.19900729350340374,0.030366589184962267
0.3913445921836099,0.19899290833810096,0.030371515512877832
0.3913438136104378,0.19899167720058117,0.03037193712688115
0.391331647360846,0.1989724390263365,0.030378525410910642
0.39132493893355813,0.1989618311646369,0.030382158167581507
0.39127211252258587,0.1988782981340721,0.03041076479751459
0.39124213910050515,0.19883090194082867,0.030426996045814624
0.39123784933178085,0.198824118641048,0.03042931904720987
0.391234185010121,0.19881832434445335,0.030431303355659897
0.39123265897188403,0.19881591125985512,0.030432129737961982
0.3912155189077879,0.19878880812201796,0.030441411448788112
0.39119819160166996,0.19876140890323862,0.030450794555168623
0.39118301675228306,0.19873741330833977,0.030459012060252
0.391164538662839,0.19870819438579895,0.030469018340384745
0.39115907681129497,0.19869955770192113,0.030471976049663
0.39115830183336525,0.19869833224946476,0.030472395716765733
0.39113285231676154,0.19865808959036318,0.03048617717361769
0.39112949798714314,0.198652785476126,0.030487993614755765
0.3911107884826233,0.19862320062294098,0.030498125211095156
0.391093098479646,0.19859522788104547,0.03050770472557234
0.3910782771958418,0.19857179137021239,0.03051573076734039
0.3910518786350378,0.19853004801218518,0.03053002615189874
0.3910505793867086,0.19852799354457332,0.03053072972262142
0.3910437479932543,0.198517191239671,0.030534429068098008
0.3910358777867757,0.19850474628673492,0.030538690953016697
0.39103424569180223,0.19850216549737612,0.030539574767306964
0.3910247033689444,0.19848707647027267,0.030544742138961987
0.3910121964700862,0.1984672996361974,0.030551514891845655
0.3910040712517696,0.1984544514396704,0.03055591487112176
0.3909972750678676,0.19844370481071785,0.030559595149873713
0.3909858774923799,0.19842568212085393,0.0305657671804567
0.3909721008444192,0.19840389746552722,0.030573227529601673
0.39097180617168215,0.19840343150718753,0.030573387101183094
0.39093600037812,0.19834681273652002,0.030592776703221955
0.3909334609838543,0.19834279725837367,0.030594151839459204
0.3909307873078275,0.19833856944396872,0.030595599692138445
0.3908977949301262,0.1982863994546736,0.030613465769393004
0.3908906541937871,0.19827510799390824,0.03061733263064938
0.39088609558653764,0.19826789958675559,0.03061980121384849
0.3908847527811449,0.19826577624349123,0.030620528371651506
0.3908482497703165,0.1982080549812834,0.030640295531732788
0.39081955690133857,0.1981626836933762,0.030655833333174606
0.3908158380992933,0.1981568032483641,0.030657847143917085
0.39081338461886894,0.19815292362354187,0.03065917575597412
0.3908087286595305,0.1981455612760613,0.030661697057408902
0.3908058838216356,0.19814106280784344,0.030663237597895753
0.3907959281265822,0.19812532012603176,0.030668628819424483
0.3907820168030245,0.19810332251168405,0.03067616209828197
0.3907781520871194,0.19809721133687805,0.030678254924496343
0.39075984242613493,0.1980682587458824,0.030688169997020544
0.3907573352575746,0.19806429422540628,0.03068952768235
0.39074822959270616,0.19804989567423145,0.030694458594376597
0.3907385896964177,0.1980346523567983,0.030699678804128532
0.3907239068395464,0.19801143473687607,0.030707629884755578
0.3906800507168652,0.19794208619002324,0.030731378911970357
0.39067551426717584,0.19793491282004444,0.03073383549637737
0.39067079846608943,0.19792745584636331,0.030736389203396917
0.39066543227659245,0.19791897043039391,0.030739295109633327
0.3906401943393206,0.19787906233619038,0.030752961991757633
0.39062699408514717,0.19785818911737732,0.030760110211354844
0.390626589672248,0.19785754962977165,0.030760329209578163
0.39060838172615814,0.19782875787789503,0.03077018920131425
0.3906060825956706,0.19782512232261593,0.03077143422958352
0.3905991134143212,0.19781410213729653,0.030775208190148513
0.39059907822234596,0.1978140464891409,0.030775227247354795
0.3905979977574083,0.1978123379780192,0.030775812342197693
0.3905581372936357,0.19774930766274024,0.030797397634764714
0.39052475228242506,0.1976965168122824,0.030815476331451392
0.3904985552301075,0.19765509209438709,0.030829662594860023
0.3904938799242986,0.19764769915483568,0.030832194372821805
0.3904936345599226,0.19764731116652554,0.030832327242872506
0.3904895175238907,0.1976408010044616,0.030834556705825165
0.390475846717767,0.19761918371408052,0.030841959739354614
0.39047265835905276,0.19761414204532005,0.030843686303702888
0.39046941539879554,0.19760901403655892,0.03084544243595298
0.39045358689061216,0.1975839848279956,0.030854013911237037
0.3904332350613853,0.1975518030094399,0.030865034861485965
0.39042638245438255,0.19754096716010483,0.030868745694552155
0.39041409232819557,0.19752153310301998,0.030875401060404033
0.39040583118225597,0.19750846996767593,0.030879874647391437
0.39039764092214263,0.19749551892224643,0.030884309848189767
0.3903870332122125,0.19747874522625788,0.03089005414970152
0.39038623780330767,0.19747748746683155,0.030890484880613717
0.39037339327772475,0.19745717675239227,0.030897440465580676
0.3903651988228798,0.19744421907394272,0.030901877937915774
0.3903459854409698,0.19741383745253785,0.030912282394624933
0.39032263453644217,0.1973769132741634,0.03092492740821057
0.39031608879417706,0.19736656266206162,0.030928472067466604
0.39028637144641465,0.1973195713924817,0.030944564646053416
0.39023536492418626,0.19723891610468366,0.030972185767358183
0.39021805035315427,0.19721153702356473,0.030981561977417624
0.3901922504777906,0.19717074035126292,0.03099553316102186
0.39018734179604997,0.1971629783804168,0.030998191317035656
0.39017401489776055,0.19714190490255495,0.03100540811712684
0.3901519633696882,0.19710703539439486,0.03101734949060677
0.3901318589425312,0.19707524478630162,0.031028236467350243
0.39009581123321513,0.19701824348054053,0.03104775707193725
0.39009057395489016,0.19700996190845674,0.031050593170020412
0.3900743805286169,0.19698435566440317,0.031059362256244914
0.39002617584415117,0.1969081308498316,0.031085466122552922
0.3900255116729775,0.1969070806132184,0.03108582578543039
0.3899977728895767,0.19686321799603504,0.031100846929152545
0.3899721111401821,0.19682263973873781,0.031114743314594122
0.38997091749536955,0.19682075225922185,0.031115389698756823
0.3899694285404214,0.1968183978134644,0.03111619599966587
0.38994487839036707,0.19677957729931034,0.031129490430320535
0.389942989565917,0.19677659055030325,0.031130513269106236
0.3899300622362984,0.19675614889999476,0.03113751369422721
0.38986353962990045,0.19665095843160568,0.031173537106539057
0.38982763470108317,0.19659418290093614,0.031192980392436107
0.38980905641687286,0.19656480554301578,0.03120304093017498
0.3897974946971345,0.19654652329611483,0.031209301848375896
0.3897898659558876,0.19653446016587334,0.031213432974713812
0.38977675339488643,0.19651372561399424,0.03122053370658507
0.3897644884532461,0.19649433138057845,0.031227175434466962
0.38975926225115115,0.19648606732304924,0.03123000553453499
0.3897475776411034,0.1964675907528963,0.031236333000463426
0.3897287603161213,0.19643783540601684,0.03124652298388622
0.3897264845193649,0.19643423674776028,0.031247755376441658
0.38970255502019624,0.19639639765271927,0.0312607137113844
0.38970169015760964,0.19639503006799133,0.03126118205294881
0.38969904695865826,0.19639085044619356,0.0312626134016407
0.3896959510487163,0.19638595496427363,0.03126428990300406
0.38969246166563865,0.1963804372935118,0.0312661794784751
0.38969239413016415,0.19638033050142145,0.031266216050377105
0.38968573411943974,0.19636979919957517,0.03126982258844466
0.38967951979922144,0.19635997265654148,0.03127318777558304
0.38965924704113614,0.1963279158711267,0.031284165907119806
0.38965824044568786,0.19632632416790852,0.0312847110000563
0.3896554498701042,0.19632191150327294,0.03128622215634258
0.3896312964052045,0.19628371825704294,0.03129930177351266
0.3895981861212666,0.19623136182568054,0.03131723169951288
0.38958936624609025,0.19621741518631733,0.03132200785031665
0.3895884471547561,0.1962159618510804,0.03132250555790622
0.3895858624934084,0.1962118747932738,0.03132390520723533
0.3895762089340069,0.19619660987071513,0.031329132815854824
0.3895160796568491,0.1961015290076731,0.03136169410381925
0.38951253897650145,0.19609593022187152,0.03136361145785774
0.3894934522038895,0.19606574880445865,0.0313739473529276
0.38948467587685376,0.19605187102663826,0.03137869992148303
0.38948054057465603,0.196045331980761,0.031380939275954686
0.3894750843818575,0.19603670424491038,0.03138389392090136
0.38947049823759433,0.1960294522941937,0.0313863774159816
0.3894669375962214,0.19602382194454168,0.03138830557934165
0.38946425799874795,0.19601958476670717,0.0313897566386107
0.3894641485127831,0.19601941163939676,0.03138981592759934
0.38946164954775797,0.19601546009095758,0.03139116917053927
0.3894429469274122,0.19598588612353815,0.03140129703895132
0.3894389448880837,0.19597955780277215,0.03140346422873274
0.3894289468985909,0.1959637482418628,0.03140887835360383
0.38940960792682305,0.19593316802848004,0.0314193508199037
0.38940108797643447,0.19591969565238784,0.03142396455502838
0.38939792540733387,0.19591469476407306,0.03142567715375
0.3893975994205136,0.19591417928958743,0.03142585368257638
0.3893861579452948,0.19589608718221985,0.031432049485801465
0.38937849121633006,0.19588396398298752,0.03143620118330004
0.38935912276457957,0.19585333715367453,0.03144668961364019
0.38934943943259187,0.19583802515249923,0.03145193334475105
0.3893401511786521,0.19582333787797193,0.031456963132659936
0.38933991556520253,0.19582296530854834,0.03145709072237569
0.38933215001623933,0.19581068584782105,0.031461295933014256
0.38932809978921384,0.19580428132910233,0.0314634892174629
0.38932710037663387,0.1958027009839672,0.03146403042072276
0.38931267948250803,0.19577989759892517,0.03147183964292753
0.38930634948023624,0.19576988813086726,0.031475267474368865
0.38928057811482564,0.1957291365406131,0.03148922321922456
0.38927567341715674,0.19572138086967603,0.03149187921777842
0.3892668645199875,0.19570745158955014,0.03149664942375684
0.3892600598048334,0.19569669147035051,0.03150033432236399
0.3892491235179556,0.19567939820417524,0.03150625655531144
0.38923303320428543,0.1956539550094007,0.03151496980385886
0.3892321573564315,0.19565257005395503,0.03151544409418019
0.3892027738502185,0.1956061066793397,0.03153135589043703
0.38919786218211605,0.19559833998623716,0.03153401566362957
0.38918709817063557,0.19558131913466978,0.031539844605769474
0.3891832971559433,0.19557530868893586,0.03154190293641643
0.38917747172904443,0.19556609709279973,0.031545057529515426
0.3891525216147416,0.1955266441255758,0.031558568549354
0.38914681918128086,0.19551762701576636,0.031561656538879115
0.38912172131912465,0.19547794041870217,0.03157524756733627
0.38909639282734676,0.19543788913301197,0.03158896348665988
0.38909376740903495,0.19543373762727742,0.03159038520675564
0.38909222256951276,0.1954312948126957,0.031591221770355234
0.3890837218281828,0.1954178528113886,0.03159582510336437
0.3890513127514121,0.19536660518069335,0.031613375310705516
0.38904899394371856,0.19536293851035982,0.031614630994602155
0.3890242504235163,0.19532381222501707,0.031628030139322375
0.3889991102705684,0.1952840587546232,0.031641644069146595
0.38898122529393975,0.19525577770596073,0.03165132916602069
0.38897934811887336,0.19525280937782127,0.031652345696416284
0.38897875689972694,0.19525187449835252,0.03165266585421272
0.38897482413582035,0.19524565572101052,0.03165479552987342
0.38894631476447183,0.1952005745931352,0.0316702339634293
0.38894317211254353,0.19519560519932722,0.03167193577657668
0.38893043413786943,0.19517546297107055,0.03167883366195054
0.388930273992066,0.19517520973667415,0.03167892038432389
0.3889228039630415,0.1951633975739447,0.031682965564603184
0.38891745762393654,0.19515494354688417,0.03168586072142833
0.38891120917099287,0.1951450630306591,0.031689244392166575
0.38889378786212897,0.19511751516778103,0.03169867840304194
0.3888801670556807,0.19509597694058708,0.03170605436067912
0.38887268954899307,0.1950841529536232,0.031710103590272765
0.38886484250984754,0.1950717446345888,0.031714352929585715
0.3888633481704201,0.19506938167449428,0.0317151621463053
0.38886150019091376,0.19506645951253504,0.031716162866681497
0.3888400486037315,0.1950325386753103,0.03172777935935449
0.38883359695063135,0.19502233684395945,0.03173127306731792
0.3888084617402461,0.19498259118911146,0.03174488432063888
0.38878573157342783,0.1949466485671422,0.03175719319149568
0.3887779645362776,0.19493436675318343,0.03176139920801931
0.38877640611498054,0.1949319024620941,0.03176224312644013
0.38877229160110083,0.1949253962882438,0.03176447122359352
0.3887657201089202,0.19491500495846995,0.03176802982697884
0.38872008268526115,0.1948428396866818,0.03179274346672237
0.38871830485782344,0.19484002845436524,0.03179370619825494
0.38870597077000285,0.19482052488189192,0.03180038537027043
0.38869300524684436,0.1948000228371315,0.0318074064780091
0.3886848449186876,0.19478711912232685,0.031811825470013606
0.3886830739374351,0.19478431871570506,0.031812784494190637
0.38863959603891,0.19471556824487915,0.031836328704945883
0.3886253429098022,0.19469303014229955,0.03184404707880984
0.388621276947195,0.19468660074131447,0.03184624888441211
0.3885978157307797,0.1946495021296194,0.031858953634241204
0.38858267791246526,0.19462556509099285,0.03186715108620785
0.38858046688412706,0.19462206884935246,0.031868348405281355
0.3885794690749678,0.1946204910396648,0.031868888740254654
0.38855439377461365,0.1945808401189917,0.031882467551014086
0.38854863697309805,0.19457175730610685,0.03188551838089408
0.3885308925240312,0.19454376094212192,0.03189492209149115
0.3885303740271927,0.1945429428819972,0.0318951968700541
0.3885272719815688,0.19453804861911766,0.031896840806092716
0.38850925760667904,0.194509626378761,0.03190638756448526
0.3885074962501989,0.1945068473926714,0.03190732099930394
0.3884972988088744,0.19449075834544538,0.031912725156214364
0.3884841076568527,0.19446994596113362,0.03191971583682589
0.388451696986614,0.19441880991754154,0.031936891944240306
0.3884372778242659,0.19439606003582166,0.03194453341167965
0.38843235485202343,0.194388292799867,0.031947142351865465
0.3884300793114578,0.19438470255811316,0.03194834827969397
0.38842039650917315,0.19436942548435712,0.03195347970249048
0.38837425825067395,0.19429663069237965,0.03197793077610482
0.38836393417441484,0.19428034184646112,0.03198340204348298
0.3883393646524235,0.19424157720079568,0.03199642271679011
0.3883363156851741,0.19423676668249948,0.03199803852382504
0.3882832214729903,0.19415299711128356,0.032026175920701935
0.38827950096054403,0.19414712706030227,0.03202814761462075
0.3882705942508298,0.19413307446920028,0.0320328677454182
0.38825689882289327,0.19411146646187377,0.03204012566818228
0.3882486898589445,0.19409851474149162,0.032044476027045785
0.3882367979982341,0.19407975231840066,0.03205077814531164
0.3882257731251237,0.1940623577879014,0.032056620801553526
0.3882254893027529,0.19406190998620468,0.03205677121385575
0.38822367250854045,0.19405904353304712,0.03205773402802506
0.38821154848808936,0.19403991481914729,0.032064159179866374
0.38818948347871823,0.19400510167666207,0.03207585258109095
0.3881689661655511,0.1939727304170497,0.03208672577723958
0.38815882019286607,0.19395672257464222,0.032092102658229
0.3881534146549259,0.1939481939690407,0.032094967335189066
0.3881313135342734,0.19391332385186025,0.032106679873668234
0.38806948184639034,0.1938157686990766,0.032139447715396646
0.38806911808097044,0.1938151947669662,0.03213964049369713
0.3880674979876262,0.19381263865926265,0.032140499065799986
0.3880601848709939,0.19380110036498652,0.03214437466836805
0.38805976808851905,0.1938004427850399,0.03214459554317579
0.3880396903960317,0.19376876513842856,0.03215523576135873
0.38802145935400933,0.1937400010507772,0.03216489734298438
0.3880209382486656,0.19373917887507475,0.03216517350393049
0.3880125056368754,0.19372587429356114,0.032169642385469405
0.3880014321550606,0.19370840307051562,0.03217551080200325
0.3879966261524147,0.1937008203837339,0.032178057753888926
0.3879743471319019,0.19366566958445267,0.03218986457079822
0.3879396455466712,0.1936109190420541,0.03220825475375287
0.38789180519646693,0.19353543876918455,0.03223360785468535
0.38789005723682934,0.19353268092000814,0.032234534189817275
0.3878664393920441,0.19349541778624407,0.03224705051965372
0.38783545241488937,0.19344652797918666,0.03226347213772389
0.3878112399153005,0.1934083266268132,0.03227630360620778
0.38780525612607913,0.19339888568331481,0.03227947472873176
0.38780147774725543,0.19339292433346267,0.0322814770890671
0.387768638248622,0.19334111170443366,0.03229888045505148
0.38775524374174875,0.19331997847632332,0.03230597890402286
0.3877474690989146,0.19330771200753538,0.032310099093437156
0.3877454388613893,0.1933045087934755,0.03231117502236906
0.3877435688177229,0.19330155832581344,0.03231216605620599
0.3877340160900153,0.19328648647765725,0.03231722854568855
0.38772414632736846,0.1932709144265632,0.032322459048548496
0.3877027595431727,0.1932371713561214,0.03233379302281963
0.3876951782483895,0.19322520994286893,0.032337810747000484
0.38767834921838923,0.19319865788438423,0.032346729329209255
0.3876473272468183,0.19314971286476937,0.0323631694926488
0.38763076066325003,0.19312357488202245,0.03237194899078203
0.3876302742112368,0.19312280738072823,0.03237220678711792
0.3876184669893691,0.19310417849685504,0.03237846405083916
0.3875839915678786,0.19304978478505563,0.03239673437781223
0.38756131186620696,0.1930140018097331,0.03240875353660069
0.38755798613153314,0.19300875462070546,0.032410516017153196
0.3875536471022832,0.19300190870276426,0.0324128154954399
0.38753861074053114,0.19297818503261627,0.03242078404908822
0.387536497997503,0.19297485164522293,0.03242190370199643
0.38753458120403045,0.1929718274178975,0.03242291951099803
0.3875299502843339,0.192964520968826,0.03242537367728182
0.3875003329974252,0.19291779219514474,0.032441069424932856
0.3874530336104154,0.1928431654287682,0.03246613584120666
0.38744506050022925,0.19283058582745052,0.03247036120883945
0.3874358213863805,0.1928160087846112,0.032475257497953845
0.38742810488765056,0.19280383405287854,0.03247934687376965
0.3873822572252017,0.19273149774979348,0.032503643945355064
0.3873801176287729,0.19272812199435715,0.03250477782928323
0.38735512852308396,0.1926886953491065,0.032518020861912376
0.3873511717648264,0.19268245256050476,0.03252011775482894
0.38734198908988327,0.1926679645643379,0.032524984134018664
0.38734109688017204,0.19266655687747586,0.032525456962557014
0.38734033357715486,0.19266535257358225,0.03252586147670365
0.38733703390653557,0.19266014650720403,0.03252761014455195
0.38733076218739926,0.1926502512813173,0.032530933856180416
0.3872660031295811,0.19254807746080757,0.032565253064174224
0.38726559836443325,0.19254743884123904,0.03256546757037251
0.38724640283723344,0.19251715303386654,0.032575640283082
0.3872446695201819,0.19251441828707938,0.03257655885834258
0.3872430661036714,0.19251188849130604,0.032577408592520014
0.3872318185726919,0.19249414266160766,0.0325833692467992
0.3872289457919494,0.19248961012216312,0.03258489168339951
0.3872253878409072,0.19248399655298204,0.03258677722753745
0.3872173944683074,0.1924713849825732,0.032591013333281856
0.3872025359249164,0.19244794186594036,0.03259888765169074
0.3872020028780279,0.19244710084942554,0.03259917014108533
0.3871806984432767,0.19241348770609593,0.03261046047408354
0.3871765888597038,0.19240700379684075,0.03261263835711886
0.3871589941238121,0.19237924364331968,0.03262196272688282
0.3871492573109709,0.19236388135422694,0.03262712277269499
0.387129653370517,0.1923329511714741,0.032637511924924846
0.38712828217764533,0.19233078776732532,0.0326382385916638
0.387083017098786,0.19225937063745108,0.03266222692176879
0.3870578905480228,0.19221972713777394,0.03267554279372341
0.3870513435962766,0.1922093976627145,0.03267901236549105
0.38702686664123964,0.19217077906487154,0.032691983982733014
0.3870249367134021,0.19216773411475777,0.0326930067523208
0.38702444857319873,0.1921669639499159,0.03269326544331685
0.3870230819363919,0.19216480773411376,0.03269398969555899
0.3870065337612271,0.19213869879528708,0.03270275943811751
0.3869929919228822,0.19211733311445356,0.03270993596573287
0.3869555351786489,0.19205823561070473,0.032729786251382884
0.3869124573275164,0.19199026938670694,0.03275261545524642
0.3869033979386272,0.19197597590552495,0.032757416498715226
0.38690147149528364,0.1919729364530832,0.032758437421687624
0.38689948551819836,0.19196980307108097,0.032759489894700004
0.38689452941033053,0.19196198355528235,0.032762116395184816
0.3868913570225131,0.1919569783097713,0.032763797609226694
0.3868763750148734,0.19193334039700616,0.032771737357791236
0.3868499291138691,0.1918916152880644,0.03278575242236642
0.3868444355271473,0.1918829477632026,0.032788663760975854
0.38683108262684,0.19186188017999112,0.03279574016045426
0.3868307015072064,0.19186127886721185,0.03279594213565924
0.3868229821694716,0.1918490996562297,0.032800033016012066
0.38681761442219575,0.1918406306749755,0.032802877665724775
0.38680787271680883,0.19182526066665245,0.03280804030435249
0.38680631982391,0.1918228105846769,0.03280886326342852
0.38680403363277044,0.19181920353894436,0.03281007483555258
0.3867885061039253,0.19179470492826903,0.03281830368430397
0.38678237855285935,0.19178503716403855,0.03282155099374003
0.3867690512679303,0.19176400999557597,0.03282861381829126
0.38675154184706234,0.19173638444811952,0.032837892975166975
0.38673832936674796,0.19171553841302247,0.03284489495875507
0.3867111995135563,0.1916727341962248,0.03285927248532657
0.386695939541181,0.19164865772366652,0.032867359541926426
0.38668008130673404,0.19162363734111965,0.032875763648853494
0.386678481222597,0.19162111280300984,0.03287661161703209
0.3866644939759956,0.19159904437780684,0.03288402418975238
0.38662740466144657,0.19154052658747392,0.03290367975521675
0.386615635923396,0.1915219584215722,0.03290991662435275
0.3865889374347684,0.19147983479166128,0.032924065548305625
0.38657859944053113,0.1914635239866061,0.032929544191547526
0.386570508578131,0.19145075860133812,0.03293383196223035
0.38653580309740027,0.19139600191280134,0.03295222420961398
0.3865323762363845,0.1913905951713487,0.032954040282298314
0.38652360319770196,0.19137675348016486,0.03295868957383263
0.3865148497293565,0.19136294266614604,0.032963328494022864
0.38650994392869703,0.1913552025227139,0.032965928334089754
0.38650441468680186,0.1913464787427828,0.032968858568238335
0.3865034859711619,0.19134501345856933,0.03296935074317552
0.38648632819058115,0.19131794271275446,0.03297844354749206
0.3864661547231876,0.1912861139569639,0.03298913452180143
0.38646346809167476,0.19128187511509034,0.03299055830819981
0.3864537565689957,0.1912665527276358,0.03299570495143377
0.38643681938647156,0.19123983003114403,0.03300468084931526
0.3864308610481545,0.19123042924289518,0.0330078384840754
0.38641722619041446,0.19120891680039925,0.03301506430752791
0.3864169930226459,0.191208548919171,0.03301518787531001
0.3864067142696844,0.1911923315822372,0.033020635123504914
0.3864060565149716,0.19119129380753458,0.03302098370209082
0.38637462550651785,0.1911417034286071,0.03303764063554416
0.3863467628710705,0.19109774306214963,0.033052406501716244
0.3863385562889094,0.1910847950996409,0.033056755598346046
0.3863341768602959,0.19107788544146853,0.0330590764863661
0.3863314914121334,0.19107364846663,0.03306049964564528
0.3863206222040118,0.19105649953708842,0.033066259806877114
0.38629042900733673,0.19100886211984325,0.033082260759201
0.3862891263667443,0.19100680687428273,0.03308295109650578
0.3862515591149662,0.19094753501688494,0.03310285994587704
0.3862045876984969,0.19087342570712784,0.033127752553427016
0.3861742288228898,0.1908255268893924,0.03314384130767268
0.38616277184619413,0.19080745060601315,0.03314991295817916
0.3861557914829386,0.19079643731449242,0.03315361221734859
0.38613598688561485,0.19076519054469057,0.033164107708136874
0.3861249371896997,0.19074775684992787,0.03316996351927986
0.38612096425184306,0.19074148853390946,0.03317206898661125
0.38610314381684335,0.19071337228286434,0.033181512966123906
0.3861013902000117,0.190710605508031,0.03318244229929852
0.386069895502485,0.19066091464345516,0.03319913298491899
0.3860469669795296,0.19062473908951832,0.03321128400710507
0.38602546914328256,0.1905908208063305,0.03322267683365994
0.38597237252022637,0.1905070474313526,0.03325081550818406
0.38597074932679815,0.1905044864324812,0.03325167572318338
0.3859653590810177,0.19049598195413592,0.03325453229602909
0.38595716457727924,0.19048305304839908,0.03325887499167168
0.3859229599064083,0.19042908651429696,0.03327700183374645
0.385903885608998,0.19039899197763127,0.033287110300456946
0.3858999021382538,0.1903927070433142,0.033289221349715736
0.3858919761187581,0.19038020173949105,0.03329342176153152
0.38581975716097716,0.19026625803681357,0.03333169436024873
0.385817608303635,0.19026286766994016,0.033332833152018716
0.38579838522718857,0.19023253839665155,0.03334302046451325
0.38577978164972293,0.19020318653995608,0.03335287947213291
0.38575076668020164,0.19015740807455153,0.03336825602033301
0.3857281008333812,0.19012164695876696,0.03338026783671199
0.385716769522182,0.190103768944546,0.03338627289050663
0.38571544737039964,0.19010168291514035,0.033386973567810244
0.3856923382136278,0.19006522236559423,0.03339922031729264
0.3856681980803956,0.19002713518948253,0.03341201343506344
0.385657642578448,0.19001048121090838,0.033417607347004476
0.3856498872375123,0.18999824519575548,0.03342171730733436
0.38564907544712645,0.1899969643907535,0.0334221475174708
0.3856394974675017,0.18998185270130039,0.03342722338926352
0.3856116636321826,0.18993793777434176,0.03344197399274303
0.38560522858950824,0.1899277848641955,0.03344538425804693
0.385566815771568,0.18986717891195143,0.033465741217103086
0.3855616568997855,0.1898590394847069,0.033468475172779434
0.38553729398716446,0.18982060081766788,0.03348138635298719
0.3855247219804926,0.18980076529200682,0.03348804891613137
0.38552126019978955,0.1897953034559005,0.033489883494582345
0.38550803368062564,0.18977443527096158,0.03349689291809024
0.38549051990485944,0.1897468028525498,0.033506174382854054
0.38547779377725633,0.18972672416207295,0.033512918622731556
0.38545104312407724,0.18968451822936605,0.03352709519140555
0.38544146292397136,0.18966940303654137,0.033532172239947235
0.3854279033864992,0.18964800943085047,0.033539358147254804
0.38542216580897637,0.18963895694868457,0.03354239878933672
0.3854182511135385,0.18963278052483762,0.03354447339096758
0.38541288617471253,0.18962431597462454,0.03354731655233601
0.38541212963859567,0.18962312234723072,0.03354771748034859
0.38541207386084353,0.18962303434369535,0.033547747039893494
0.3853970955074324,0.18959940219640162,0.0335556848518914
0.3853936562148331,0.18959397584097643,0.0335575075127213
0.38538666094695456,0.1895829390336367,0.03356121467062916
0.3853866319805484,0.18958289333179235,0.033561230021441096
0.3853808549460183,0.189573778596201,0.03356429157385254
0.38537373283012855,0.18956254165398645,0.033568065955148566
0.3853730781669368,0.18956150875694158,0.03356841289537593
0.3853702501816217,0.18955704689363284,0.033569911592538956
0.38533457676850735,0.18950076304653385,0.033588816797861076
0.3853099872600534,0.18946196686715994,0.03360184806303894
0.3853059134765884,0.18945553944164495,0.03360400697372676
0.3852962271531676,0.18944025681240448,0.0336091402625573
0.38527311563613614,0.1894037925389509,0.03362138826286455
0.3852693500651972,0.18939785139678186,0.03362338383563263
0.38523853898678706,0.18934923911455825,0.03363971223576843
0.38523828384870146,0.18934883656958862,0.03363984744676936
0.38523434747832025,0.1893426259480271,0.03364193353508511
0.3852267298059949,0.18933060713998554,0.03364597053762605
0.38521842941498424,0.18931751117025006,0.03365036934846615
0.38520716493050955,0.18929973859211766,0.033656338987288204
0.38518784854405846,0.18926926209865644,0.03366657574962908
0.38516457254366576,0.18923253831102843,0.03367891091826267
0.38515828314721795,0.1892226151947042,0.033682243998022034
0.3851502584363651,0.18920995418026168,0.03368649671154393
0.3851416466144579,0.18919636684938543,0.03369106056588642
0.38512741023769304,0.18917390535823214,0.033698605165695804
0.38511909968215474,0.18916079335137911,0.033703009363250123
0.3851152497888783,0.18915471916935944,0.033705049622830184
0.38510368846651444,0.18913647825425264,0.033711176571557595
0.38509516453525316,0.18912302959313756,0.03371569384805508
0.38508909936794466,0.18911346025508946,0.03371890809707893
0.3850718427643453,0.18908623359092583,0.03372805327287589
0.38506748454297945,0.18907935739255943,0.03373036292206749
0.3850309441568941,0.1890217056759498,0.03374972758166087
0.3850243827389347,0.18901135337677405,0.033753204819830636
0.3850085841882233,0.18898642716044106,0.033761577297228104
0.38500159356212044,0.18897539767667848,0.03376528199521653
0.38500156521020146,0.18897535294434326,0.033765297020379614
0.38499218555620707,0.18896055416381813,0.03377026778905953
0.3849915287152424,0.18895951783078477,0.033770615883402536
0.3849634013865304,0.1889151398436419,0.033785522024364134
0.3849414537877252,0.1888805119460706,0.03379715320359584
0.3849057731892421,0.1888242167622319,0.033816062216820285
0.3848792861658653,0.18878242677232912,0.033830099074289036
0.3848756268862342,0.18877665333162727,0.033832038317740024
0.3848254355405789,0.1886974637678055,0.03385863733398685
0.38482043214593437,0.18868956964513645,0.033861288894205074
0.3848065887534147,0.18866772818619307,0.03386862523113196
0.3847995143675217,0.18865656655014082,0.03387237431780913
0.3847902997864661,0.18864202821399811,0.033877257605714736
0.3847888441976818,0.18863973165391532,0.03387802899825697
0.38478803483508006,0.18863845467935791,0.03387845792178375
0.3847772515679392,0.18862144134348674,0.03388417253840001
0.38477653165768655,0.18862030550267295,0.03388455405645367
0.3847668896582417,0.18860509280573406,0.03388966385569371
0.3847592586160287,0.18859305290330744,0.03389370794363662
0.38472430387432505,0.1885379029424352,0.03391223228743215
0.38469472014609346,0.18849122711606925,0.033927910250586946
0.3846598086895998,0.1884361454485822,0.03394641165528829
0.38465856638748974,0.18843418540226456,0.033947070016078926
0.3846522565242593,0.18842422999440547,0.03395041394225566
0.3846235586153577,0.1883789517724562,0.03396562246346896
0.38462153655097897,0.18837576145360582,0.03396669406102347
0.38461884203011454,0.18837151016428139,0.0339681220284014
0.3846170149805424,0.18836862753069572,0.033969090277421586
0.38459633968102236,0.18833600700758557,0.03398004719879243
0.38457657664067607,0.18830482580444424,0.033990520666367256
0.38453746042392734,0.18824311006237265,0.034011250393200215
0.3845008207316096,0.18818530166502215,0.03403066768035423
0.3844920648451859,0.18817148703587216,0.0340353078820105
0.3844793861716357,0.18815148321618627,0.0340420269735062
0.3844756696648618,0.18814561948516803,0.03404399654460995
0.38446718626286513,0.18813223476923607,0.034048492342532696
0.384465026289095,0.1881288268633812,0.03404963702547861
0.38445724516992885,0.1881165501765387,0.0340537606470396
0.3844238927954178,0.18806392835587488,0.03407143581274609
0.3843677434342402,0.18797533851309484,0.034101192292687224
0.3843665686942467,0.187973485063133,0.0341018148487826
0.3843433954655531,0.1879369234238976,0.034114095553323696
0.3843059416696839,0.18787783057194027,0.03413394427648148
0.3843044247233495,0.18787543720477723,0.034134748185595025
0.38427094517768606,0.18782261473940148,0.034152490745939075
0.38425830777110725,0.18780267602881814,0.03415918796791066
0.3842320520483592,0.18776125097425744,0.03417310224709226
0.38423105779268246,0.1877596822840313,0.03417362915511899
0.3842309028688989,0.18775943785251253,0.03417371125732572
0.38416436329166725,0.18765445481153087,0.03420897405557773
0.3841474798190315,0.1876278168559956,0.034217921489783316
0.3841385306955979,0.18761369734650563,0.03422266409782655
0.38412621292498633,0.18759426294264084,0.03422919192800011
0.38411538208135027,0.1875771745427949,0.03423493175788675
0.3841033273398678,0.18755815513402005,0.03424132019518319
0.3841023180367678,0.18755656270267135,0.034241855077625664
0.38408362886316616,0.18752707579638545,0.03425175944710966
0.3840732356450211,0.18751067786162465,0.03425726735638542
0.3840723389460932,0.18750926309188598,0.0342577425639942
0.3840650187488481,0.1874977136261491,0.034261621918948965
0.38405789408908625,0.18748647267033192,0.03426539764837568
0.384053834381217,0.1874800674526353,0.034267549099669954
0.38401832262338886,0.18742403865770582,0.03428636863541046
0.38400785956169137,0.18740753052704612,0.03429191355843353
0.38399817090795324,0.1873922442211397,0.03429704808222095
0.3839945210598209,0.1873864856610166,0.03429898232742803
0.38397932412377733,0.187362508644242,0.03430703597778243
0.38397913993292576,0.18736221803650868,0.03430713359013748
0.38394333660309565,0.18730572921287594,0.03432610764511463
0.383933516193087,0.1872902350280721,0.034331311993433256
0.38390129742523543,0.18723940175911447,0.03434838640174704
0.3838822195292687,0.18720930154481427,0.03435849677552061
0.3838767352277852,0.1872006486697683,0.03436140319339718
0.38386366731685617,0.18718003072950348,0.034368328562115136
0.38386047996055106,0.18717500186741085,0.034370017708740645
0.38385360314941136,0.1871641519555878,0.03437366209023398
0.3838508997012952,0.18715988658126212,0.034375094788628976
0.38383362665291854,0.18713263397129598,0.03438424867937258
0.38382349150329925,0.18711664320501664,0.03438961982465405
0.3838065837892347,0.18708996700248579,0.03439858010565924
0.3838064203233285,0.18708970909360448,0.03439866673478299
0.38377788040056504,0.1870446801348141,0.03441379153088793
0.3837748661837358,0.18703992444410975,0.03441538892185973
0.383746036522125,0.18699443834888207,0.03443066726571686
0.38374496632238503,0.18699274983765554,0.034431234420470344
0.38371202078844785,0.18694076991107064,0.03444869398010186
0.38366328593349686,0.18686387833033902,0.03447452112583192
0.3836629413160921,0.18686333460907367,0.034474703756598814
0.3836523375541505,0.18684660448813234,0.03448032324403192
0.3836449258354206,0.18683491062406615,0.03448425110100288
0.38364085630934164,0.18682848991565626,0.03448640775547941
0.3836296196308949,0.18681076120857773,0.034492362658434535
0.3836038002649643,0.18677002461744827,0.03450604568934163
0.3836022888404291,0.18676763996232226,0.03450684667216536
0.38359982289142264,0.18676374930301287,0.03450815350737428
0.3835957345955211,0.18675729898045243,0.03451032010896042
0.3835799710945023,0.18673242806388937,0.034518674011694665
0.383572796008551,0.1867211075479827,0.03452247646459366
0.38356018820724,0.1867012155472099,0.03452915799718713
0.38354641165494385,0.1866794795456531,0.03453645891198761
0.38353722246540833,0.18666498127106623,0.034541328743600205
0.38351040237591716,0.1866226657849852,0.0345555421102036
0.3835060844025347,0.18661585308800951,0.03455783042988608
0.3835052312858654,0.18661450708032537,0.03455828254097915
0.3834533305306623,0.18653262048986055,0.03458578746265131
0.3834285653868033,0.1864935472011378,0.03459891180620613
0.38339097676424927,0.18643424162592653,0.03461883198106809
0.3833772660488749,0.18641260949879382,0.034626098005444125
0.3833663071842912,0.1863953191134687,0.03463190568031921
0.3833411078568742,0.18635556079018212,0.034645260120424806
0.3833051304491564,0.18629879731457863,0.03466432642836914
0.3833011850027927,0.1862925723733554,0.03466641732652215
0.3832890683439108,0.186273455274196,0.03467283857708336
0.383260458389987,0.18622831582350774,0.03468800048635883
0.38325752568979504,0.18622368874595105,0.03468955467740581
0.3832122053126506,0.18615218436902223,0.03471357231296104
0.3831893587156848,0.18611613807409005,0.034725679918285096
0.38318519724898376,0.18610957230605552,0.0347278852969006
0.3831786213904317,0.1860991972231863,0.03473137018789484
0.3831482263239719,0.18605124130521158,0.03474747812156413
0.3831298669540251,0.18602227474774746,0.03475720771086123
0.3831209251824326,0.1860081668376495,0.034761946422779744
0.38311692118425383,0.18600184951610368,0.034764068350598566
0.38310922482835,0.18598970656478248,0.03476814705167848
0.38309745826124547,0.18597114182409813,0.03477438277031676
0.38308768007132116,0.18595571425217386,0.03477956474400696
0.38307794903324716,0.18594036107423945,0.03478472172946829
0.3830239909669615,0.18585522855431919,0.03481331692776473
0.3830237714037432,0.18585488213771564,0.03481343328578491
0.3829977995386447,0.18581390494051298,0.034827197133968195
0.3829681619109014,0.1857671440740117,0.03484290366129018
0.3829671585359536,0.18576556099582506,0.034843435402095085
0.38292903898990943,0.18570541775429794,0.03486363694105187
0.38289782951480117,0.18565617690034875,0.03488017647241171
0.38285619487703765,0.18559048771108072,0.03490224084211215
0.382854577077933,0.18558793522312142,0.034903098198377586
0.38283967624281556,0.18556442538057533,0.03491099492938183
0.3828380525209238,0.18556186354791876,0.03491185542444159
0.3828319315626425,0.18555220618547638,0.034915099240016644
0.3828317614132872,0.18555193773176074,0.03491518941104928
0.3828247663514962,0.18554090124957637,0.03491889645974058
0.38281574478021146,0.1855266674352465,0.03492367746168505
0.382811331478681,0.1855197043339658,0.03492601630073348
0.38280674427289524,0.18551246685466352,0.03492844730073217
0.382804147705322,0.1855083701114725,0.03492982335754367
0.382798610985945,0.18549963453391938,0.03493275755440051
0.38278140404039435,0.18547248621790854,0.03494187641380315
0.38271477601268533,0.1853673636238898,0.034977186086584094
0.3827021434330746,0.18534743252907152,0.03498388075049312
0.38270014342137126,0.1853442770039035,0.034984940661182864
0.38268078708924835,0.18531373748602473,0.03499519859282214
0.3826725449768233,0.185300733465523,0.03499956651879503
0.38267211853438843,0.18530006064454221,0.034999792512920215
0.38267120139604466,0.18529861362644653,0.03500027855244334
0.3826624533550596,0.18528481137546374,0.03500491459639176
0.3826624533550596,0.18528481137546374,0.03500491459639176
0.3826624533550596,0.18528481137546374,0.03500491459639176
0.3826624533550596,0.18528481137546374,0.03500491459639176
0.38265497893843053,0.18527304156960878,0.03500877354863363
0.38265072763308094,0.18526634712894832,0.03501096844692789
0.38262593805020034,0.18522731149684354,0.03502376701318121
0.38260450458010953,0.18519356066459985,0.03503483285839198
0.3825859477708322,0.18516433964932597,0.03504441351790246
0.3825793587201894,0.18515396401057269,0.035047815366235496
0.3825742700007768,0.1851459509116904,0.03505044261143199
0.382565304775409,0.18513183356083052,0.0350550712504615
0.3825648360398372,0.1851310954528348,0.03505531325305185
0.38256293180978124,0.18512809690202153,0.03505629638433929
0.3825565752241189,0.18511808732095866,0.03505957821377291
0.38253565871864964,0.18508515054197586,0.0350703771563096
0.38252018915260205,0.18506079094335073,0.035078363908927594
0.3825135111434751,0.18505027522355313,0.035081811685465966
0.3825033039272226,0.1850342021359031,0.0350870815495899
0.3824783658205687,0.18499493262655237,0.0350999567968976
0.38246669652691545,0.18497655723652806,0.03510598151416171
0.38243132609146785,0.18492086015956763,0.03512424284851595
0.38242982404404174,0.18491849491723936,0.03512501833770394
0.38242680032857396,0.18491373353641424,0.035126579445969947
0.38240424422798946,0.1848782149216648,0.03513822489192754
0.38238384330102393,0.1848460900132523,0.03514875764742632
0.3823735006756842,0.18482980369977525,0.035154097421648475
0.3823675517629395,0.1848204360726376,0.035157168774412426
0.3823544913493868,0.1847998701155162,0.0351639117103043
0.3823312945707257,0.18476334263854352,0.03517588793071869
0.3823300396068221,0.18476136647341485,0.03517653585362818
0.38231773430062993,0.18474198956789087,0.035182888936587546
0.3822818371749138,0.18468546312289902,0.03520142219485147
0.38225524426526203,0.18464358783025037,0.03521515179722867
0.38224810588288,0.18463234717042032,0.035218837258992934
0.3822351075384258,0.18461187895219622,0.03522554814934884
0.38223220523188317,0.18460730875143896,0.03522704657563347
0.38217502989318086,0.18451727595428385,0.03525656552171507
0.3821746897506581,0.18451674033904392,0.035256741133246505
0.3821662148856191,0.1845033951482275,0.03526111660508129
0.3821535107105841,0.18448339015236903,0.03526767561927132
0.3821469236245578,0.1844730176072559,0.03527107645329624
0.38213887079398556,0.18446033698519243,0.0352752340337647
0.382123941350586,0.1844368279062829,0.0352829419274955
0.38212258862160725,0.18443469779255697,0.0352836403253484
0.3821026152984618,0.18440324622284038,0.035293952314090084
0.3820848559581782,0.18437528096513214,0.035303121249861624
0.38208397870716787,0.18437389957651146,0.0353035741641051
0.38207668696499814,0.1843624174242659,0.03530733880370031
0.3820733685900051,0.18435719204931555,0.03530905204116809
0.38206588517954204,0.18434540808106034,0.035312915636819285
0.3820639683220739,0.18434238964612804,0.035313905287489185
0.3820624736864313,0.18434003607497856,0.03531467695006167
0.3820400666187056,0.1843047521391213,0.035326245452130124
0.3820349550542053,0.18429670306656235,0.03532888449197318
0.382032704464977,0.1842931591112824,0.03533004644437419
0.38203075896616534,0.18429009557543205,0.03533105088222843
0.3820222543705854,0.18427670356856132,0.03533544170358724
0.3820143157400573,0.18426420277489308,0.03533954032393371
0.3819912228273034,0.18422783885336888,0.035351462919617806
0.3819816990263124,0.18421284192528364,0.03535637994458566
0.3819814079473464,0.18421238356938935,0.035356530225187366
0.3819696117074138,0.18419380827974255,0.03536262048330286
0.38196443477189707,0.18418565626882594,0.03536529327342277
0.3819531093815396,0.18416782241605134,0.03537114043751313
0.38194337336315015,0.18415249131371506,0.03537616702779508
0.381933155629899,0.18413640166516965,0.035381442321720094
0.3818697310528383,0.18403652832448184,0.03541418767510142
0.38183207196815877,0.1839772273599584,0.035433630611783014
0.38182401492362983,0.18396454010226646,0.03543779036786709
0.381812085109151,0.18394575447560557,0.03544394958892912
0.38181000928696907,0.183942485722299,0.03544502131118657
0.38180735891085815,0.1839383122310667,0.03544638966879125
0.38180727307969975,0.18393817707455604,0.03544643398239559
0.3818024994883689,0.18393066020120216,0.035448898530718496
0.3817894754141993,0.18391015146693904,0.03545562270501992
0.38175686927503544,0.1838588072688988,0.035472456866141686
0.38175651805537986,0.18385825421073201,0.035472638196664796
0.38174957040232993,0.1838473138883492,0.035476225187147575
0.38172371911827024,0.1838066064178423,0.035489571897068646
0.38172283730225137,0.18380521784079917,0.03549002716817164
0.38172271980329575,0.18380503281767774,0.035490087831482324
0.3817041253010271,0.18377575244804725,0.035499687951435085
0.38167662218782017,0.18373244387710225,0.03551388748106198
0.38162246542069916,0.18364716436080286,0.035541847974604905
0.3816146225807811,0.1836348144065833,0.03554589713940082
0.38160723038282335,0.18362317406873194,0.03554971364312239
0.38160007144677777,0.18361190104348243,0.03555340971649822
0.3815962502223973,0.18360588384223203,0.035555382569112885
0.3815800073497528,0.18358030653405666,0.035563768570712286
0.38157985577324266,0.18358006784973058,0.03556384682785829
0.38152270021602014,0.1834900662020535,0.035593355560997596
0.3815161356288593,0.18347972908542806,0.0355967447791264
0.3815118268985625,0.1834729442189173,0.0355989693252366
0.38148841831227565,0.1834360832129541,0.035611054899404276
0.38148791726584413,0.18343529422573057,0.03561131358370651
0.38146854398159585,0.18340478752458042,0.03562131577951553
0.3814532035374218,0.18338063125143994,0.0356292358680488
0.3814233699878809,0.1833336529916658,0.03564463857418589
0.3814164276545768,0.1833227210461742,0.035648222818147314
0.38140924820588623,0.18331141572009638,0.0356519294819573
0.3813934769533653,0.18328658106215945,0.035660071991706635
0.3813867471765842,0.18327598382493124,0.03566354649526798
0.38137059150547403,0.18325054383116857,0.03567188747575426
0.38133444852332105,0.18319363024124297,0.03569054766676699
0.3813065091407272,0.1831496346861172,0.03570497243707986
0.3813054301805119,0.18314793567027554,0.035705529491382365
0.3813042616280779,0.18314609557546124,0.03570613280107977
0.38130378080004623,0.1831453384257246,0.03570638104686306
0.3812908135782839,0.1831249192157454,0.03571307586894403
0.38128708036975156,0.1831190406111904,0.03571500328002507
0.38125552459809275,0.18306935040465527,0.03573129514891999
0.3812554860153652,0.1830692896492498,0.03573131506872249
0.3812219209842959,0.18301643550439728,0.035748644294309066
0.381195530942887,0.18297487966408202,0.035762269158229804
0.3811805018578502,0.18295121368159276,0.03577002849575061
0.38117141543298266,0.18293690548044286,0.035774719708637624
0.3811632289220609,0.18292401435475908,0.03577894630667762
0.38115777123548433,0.18291542025108365,0.03578176404522436
0.38113345130838067,0.18287712417600216,0.03579432013379639
0.38111908469914135,0.18285450138014633,0.03580173744295689
0.38111759681195134,0.18285215843564248,0.035802505621383714
0.3811098198294372,0.18283991218568468,0.0358065207847867
0.38107850114503333,0.1827905953154378,0.035822690248357
0.38106584018619544,0.18277065837121126,0.03582922695053944
0.3810620227156354,0.1827646470810225,0.03583119786510135
0.3810572894687499,0.18275719373721383,0.03583364158406786
0.38104281977942306,0.18273440862332332,0.03584111211224925
0.3810354210608468,0.18272275801759186,0.03584493198248846
0.3810241894766406,0.18270507187938048,0.03585073071558073
0.38102237935145755,0.18270222151352122,0.03585166526164362
0.38101953247329856,0.18269773859466792,0.03585313507091425
0.38100439476885034,0.18267390157148775,0.03586095048734288
0.380994490679041,0.1826583058106397,0.035866063850896183
0.3809923591154612,0.18265494928253231,0.03586716435177313
0.38095646502516034,0.1825984276173446,0.035885696042888354
0.38092619763877533,0.18255076620386337,0.035901322733818575
0.3809093229424811,0.18252419397634367,0.03591003493843964
0.38089872976687256,0.18250751312665503,0.035915504068780066
0.38086244030832067,0.18245036888344057,0.03593423988381217
0.3808542021861273,0.18243739648657847,0.0359384931281367
0.3808433127067015,0.18242024905353268,0.03594411523660728
0.38083704076170455,0.1824103727543363,0.03594735336707392
0.38083239031135685,0.1824030497884853,0.03594975433917457
0.380822044739753,0.1823867588355884,0.03595509563451779
0.3808217785029061,0.1823863395980539,0.03595523308942941
0.3807977344879694,0.1823484779960289,0.03596764672783735
0.38077870410382847,0.18231851125242876,0.0359774718884069
0.3807741578548618,0.18231135237028961,0.03597981906257618
0.3807570363274177,0.18228439146297631,0.03598865870317871
0.38071384124509866,0.1822163730800022,0.0360109598094757
0.38071324054984745,0.182215427177889,0.03601126994127611
0.38067714068404424,0.18215858148236783,0.036029907871831225
0.3806678730845219,0.1821439879893191,0.03603469262303368
0.3806216650978931,0.18207122524962188,0.036058549255924596
0.38060980120502674,0.18205254342833058,0.036064674442443614
0.3805858875397125,0.18201488708510047,0.036077020782894695
0.38058205193806194,0.18200884724426677,0.036079001058322596
0.38056789089051835,0.18198654814206755,0.03608631223842902
0.3805528261406405,0.1819628259989071,0.036094089989282284
0.38055234763322565,0.18196207250339666,0.03609433703695877
0.3805451154093122,0.18195068407329096,0.03609807094798749
0.38054002273980747,0.18194266475428206,0.0361007002325695
0.38053018457869514,0.18192717280995938,0.03610577955792216
0.38051880851483233,0.18190925916268713,0.036111652884139527
0.38048247166589,0.1818520402948267,0.036130413166265515
0.380482148096828,0.1818515307774652,0.036130580221116614
0.38048096535861453,0.18184966834460378,0.03613119085476295
0.38047433789349805,0.1818392322153909,0.036134612536030994
0.3804715928706589,0.1818349096859565,0.03613602975861367
0.3804705056230533,0.18183319762013656,0.03613659109159704
0.380458097598999,0.1818136589669667,0.03614299720656461
0.38045204172743663,0.18180412291403988,0.036146123780891666
0.38042123618762963,0.18175561408174185,0.036162028314021086
0.3804091458381476,0.18173657566400514,0.03616827041739237
0.3803964165980524,0.1817165311987262,0.03617484237237433
0.38038321412966203,0.18169574155085494,0.03618165864948622
0.38037530783424084,0.1816832916745961,0.036185740575602254
0.3803744084996748,0.18168187551146708,0.036186204891322404
0.380371834338698,0.1816778220345952,0.03618753389996153
0.3803614790384312,0.18166151576217845,0.0361928802180975
0.3803532551524653,0.18164856578280272,0.03619712611242744
0.38033438792190905,0.1816188559537033,0.036206867038745316
0.3803317567976493,0.18161471277795402,0.03620822545684865
0.3803041754417602,0.1815712809999114,0.03622246538224005
0.38030100816162365,0.1815662935508374,0.03622410061123385
0.38029148034456794,0.18155129029873998,0.03622901970964805
0.380283410339967,0.18153858263309652,0.036233186156862905
0.3802715595546561,0.1815199214519957,0.03623930457610723
0.3802470129817323,0.18148126848253265,0.03625197767921551
0.38024357794875285,0.1814758594087173,0.0362537511458116
0.3802341585190172,0.1814610268318414,0.036258614285144
0.3802237861434791,0.18144469367135588,0.03626396941903908
0.3801902034558894,0.18139181172315386,0.036281307760476764
0.38018913906969726,0.1813901356567184,0.036281857290384766
0.3801448549663422,0.18132040241534106,0.03630472064526606
0.38014421408701515,0.1813193932362131,0.036305051523626015
0.3801318815247605,0.18129997341114384,0.03631141867856564
0.38012552866819554,0.18128996970221173,0.03631469858271072
0.38009918683955474,0.1812484897815232,0.03632829855495378
0.38009845185515756,0.1812473324171307,0.036328678018640106
0.3800931025045685,0.18123890890784458,0.036331439824607396
0.3800869858793018,0.18122927718734388,0.036334597765348066
0.3800860241423533,0.1812277627605025,0.03633509429867468
0.3800646574208164,0.18119411703579552,0.03634612568240245
0.3800503818462709,0.18117163759034757,0.03635349599143527
0.38004962035148826,0.18117043848061154,0.0363538891421177
0.3800396554485473,0.1811547469586106,0.036359033902766263
0.38001314545055476,0.18111300222519908,0.03637272069884174
0.38000095351203833,0.18109380383735754,0.03637901525142097
0.3799976885089611,0.1810886625060347,0.0363807009336046
0.37995586901350414,0.18102281023061204,0.03640229184079593
0.3799401049134072,0.18099798683544602,0.03641043065783396
0.37993226931622226,0.18098564828620517,0.036414476083293075
0.379914077451557,0.18095700194149683,0.03642386832624898
0.3799082708310292,0.18094785837890498,0.0364268662152369
0.37990423164405773,0.18094149795657033,0.03642895159934008
0.3798985179217736,0.1809325006788788,0.03643190152607177
0.379897075562644,0.1809302294264493,0.0364326461989035
0.3798522924054627,0.18085971033556178,0.03645576720932868
0.3798333200042455,0.1808298348964459,0.036465562434005595
0.3798192065057232,0.18080761066868534,0.03647284906511892
0.37981152029731347,0.18079550735879066,0.036476817362933484
0.3797982738024552,0.18077464838337115,0.03648365637038613
0.3797896801382852,0.1807611161220746,0.036488093176796646
0.37978398450039536,0.18075214732149658,0.03649103376677102
0.3797729118299057,0.1807347114213552,0.03649675045460503
0.379760738815191,0.18071554283242425,0.03650303523705089
0.37974353150152845,0.18068844683936625,0.03651191916805582
0.3797324167824802,0.18067094472624862,0.036517657565059564
0.37970277582746004,0.18062426974099477,0.03653296083694053
0.37970188611028377,0.18062286872216607,0.036533420187316944
0.379691663300868,0.18060677108029158,0.03653869810200525
0.37966244235840096,0.18056075747992595,0.03655378452640983
0.37965355321756683,0.1805467599377729,0.036558373883901187
0.37963293448893026,0.18051429206167335,0.03656901908780743
0.3796232710725308,0.1804990752841559,0.03657400819454706
0.3796157592505962,0.18048724657695708,0.03657788645870245
0.3796036672137378,0.18046820550214449,0.03658412943324606
0.3795895107996151,0.18044591369609525,0.03659143822117248
0.3795414023323665,0.18037015830974257,0.03661627604956165
0.379529944626422,0.18035211610241023,0.03662219152661296
0.3795226287016108,0.1803405958702703,0.036625968651417824
0.37951695169408906,0.18033165640653906,0.03662889962275515
0.3795084172103756,0.1803182173354563,0.03663330587500115
0.3794834499235625,0.18027890187672574,0.036646196187677345
0.37948249500047165,0.18027739817952185,0.03664668920309048
0.3794742620119909,0.1802644338666085,0.03665093979694035
0.3794619478432047,0.18024504300534508,0.03665729745555141
0.37944952654917535,0.180225483456226,0.03666371042164899
0.37942614210442666,0.1801886604654326,0.03667578353182817
0.37939849534422426,0.18014512569660057,0.036690057224687156
0.379396308663038,0.18014168237596342,0.03669118618212758
0.37939441042449734,0.1801386932598627,0.03669216622006705
0.3793890343441688,0.1801302276598209,0.03669494182628033
0.3793730655709243,0.1801050819701762,0.036703186313625624
0.3793543372347159,0.18007559085507,0.03671285553044676
0.3793438737162142,0.18005911417368645,0.03671825772036791
0.37934065699407143,0.18005404886933046,0.036719918475680374
0.379332368748227,0.18004099754381467,0.03672419759824868
0.3793231913613903,0.1800265461067749,0.03672893577371649
0.3793014585269698,0.17999232387184985,0.036740156177163516
0.37926753728820034,0.17993890881426214,0.03675766930854119
0.37926283355196816,0.17993150194025537,0.036760097791509044
0.37923142256967196,0.1798820397304687,0.03677631490738132
0.37921831263682354,0.17986139579635918,0.036783083409495515
0.37920983394044094,0.179848044572407,0.03678746085940733
0.3792078480295457,0.1798449174005029,0.0367884861615388
0.3791999261338663,0.17983244295884723,0.03679257614188227
0.37919944461156635,0.179831684715861,0.03679282474610801
0.37917985346926497,0.17980083495824006,0.03680293941943392
0.37917768044852906,0.17979741314842537,0.03680406132414657
0.37917074506141474,0.17978649214095205,0.03680764198187296
0.37915195249509814,0.17975689988405238,0.036817344359933585
0.3791407423478997,0.17973924750224396,0.036823132025354186
0.37911415612754107,0.17969738274308386,0.036836858174129024
0.37909121778757576,0.1796612622240621,0.036848700965724256
0.37908835789038614,0.1796567588044165,0.03685017749656525
0.3790820598367139,0.17964684139244108,0.03685342910662983
0.37906105117221367,0.1796137594925804,0.03686427562977608
0.3790455902784468,0.17958941355001246,0.036872257904998866
0.37903734250480203,0.17957642595521384,0.036876516132252755
0.37903697162952665,0.17957584194575804,0.03687670761073817
0.3790343616416171,0.1795717320529726,0.03687805511639575
0.3790004871335002,0.1795183905811556,0.036895544121294345
0.37898588527631677,0.17949539734533537,0.03690308288616521
0.3789747484547138,0.179477860427792,0.03690883269445461
0.37893704259452066,0.17941848580685618,0.036928299780776504
0.37892819205664374,0.1794045490519637,0.03693286920802105
0.37892222719949237,0.17939515631750586,0.0369359487926922
0.3789204368194658,0.1793923370439271,0.03693687314456608
0.3789192069721913,0.17939040042942314,0.036937508100059295
0.3789170093505385,0.17938693988106474,0.036938642705932175
0.37891241856296676,0.17937971086492574,0.03694101287485255
0.37887502081269103,0.17932082141816338,0.03696032088769545
0.3788736068834578,0.1793185949336905,0.036961050882510484
0.3788553971805869,0.17928992049953696,0.036970452335119364
0.3788553564650311,0.17928985638561193,0.036970473356075687
0.37884197384718465,0.17926878306020066,0.03697738264220509
0.3788278662293231,0.17924656809259218,0.036984666237203354
0.3788107520079624,0.17921961869001402,0.03699350210576207
0.37880582652927947,0.17921186264285774,0.03699604507171501
0.37877327596873545,0.17916060596329517,0.03701285053825763
0.3787627277821826,0.17914399595692143,0.03701829644128469
0.3787453534191613,0.17911663691476967,0.03702726661788301
0.3786893366391013,0.1790284284754164,0.03705618741394276
0.37868895935181957,0.17902783436910977,0.03705638220287064
0.3786815875857399,0.17901622620490487,0.03706018815785703
0.37865659223826004,0.17897686655963552,0.03707309295792111
0.3786442118104582,0.178957371361701,0.03707948482527239
0.3785906873635426,0.17887308754666176,0.037107118859427836
0.3785718162800509,0.17884337165042624,0.037116861774970394
0.3785579562443905,0.1788215465452761,0.037124017546228315
0.3785273762954707,0.178773392946179,0.0371398056094708
0.3784984344760086,0.17872781887490857,0.03715474792599388
0.37849201173149194,0.1787177051148964,0.03715806391245566
0.3784668996316597,0.17867816162216593,0.037171028990368074
0.37846322552651845,0.17867237608647146,0.03717292588707255
0.3784566035661455,0.17866194862546192,0.03717634472630708
0.3784508964887884,0.17865296181139648,0.03717929122234215
0.37844714449496647,0.17864705362604313,0.03718122833204435
0.37844245920396596,0.1786396757973527,0.03718364729195888
0.3784359652344701,0.1786294498808716,0.037187000051028686
0.3784334965864244,0.17862556255298176,0.03718827458459875
0.37839195983638885,0.17856015551079688,0.037209719513698156
0.3783907727815891,0.17855828628069842,0.03721033237594652
0.3783742290118817,0.17853223515627914,0.03721887372711406
0.3783691706305413,0.1785242698301177,0.037221485309125404
0.378322616905263,0.17845096266307806,0.03724552044276133
0.3783119422834456,0.17843415356176606,0.03725103162280891
0.37827030663875094,0.1783685907922522,0.037272527610042384
0.37826475790422154,0.17835985331729023,0.03727539235556225
0.37824305881145165,0.17832568421462916,0.0372865953385971
0.3782039180650564,0.17826405010872462,0.03730680323956734
0.3781916520570738,0.17824473508526054,0.037313136033329364
0.3781863807503602,0.1782364344700153,0.037315857546173684
0.3781787499309169,0.17822441837995512,0.03731979724732489
0.37817446702015123,0.17821767417091414,0.03732200846311886
0.37816256476039145,0.17819893193408679,0.037328153458007794
0.3781511676325152,0.1781809851177579,0.037334037659324304
0.3781423821891315,0.17816715086578777,0.037338573479057655
0.3781393295589537,0.17816234395358008,0.03734014951564389
0.37813499838678655,0.17815552374833044,0.03734238564822437
0.37812347476288444,0.17813737774138377,0.037348335157931734
0.3781094219402302,0.17811524905862988,0.03735559046281738
0.37810480294212045,0.1781079756199532,0.03735797519650232
0.37809585227619846,0.17809388119554487,0.03736259631866344
0.37808476765868576,0.1780764264826789,0.037368319174603065
0.37807582051769434,0.17806233760890428,0.03737293847688452
0.3780725248666619,0.17805714801689423,0.03737463998224223
0.3780526239149819,0.17802581040899434,0.03738491460645867
0.3780209743471711,0.17797597250364153,0.037401254901189215
0.3779834848846345,0.17791693863952082,0.037420610263979574
0.37796559909325833,0.17788877426195032,0.03742984448494344
0.3779634359090752,0.17788536794154736,0.037430961311161096
0.3779378442549632,0.17784506930483046,0.037444173977233874
0.3779323924805815,0.1778364845109634,0.03744698866338482
0.37790560488102215,0.17779430264423302,0.03746081878184143
0.377905338364643,0.17779388296652507,0.0374609563810722
0.3779016522488206,0.17778807851786477,0.03746285947874828
0.3778988900588624,0.17778372895573094,0.037464285564509966
0.3778981582118466,0.17778257653170657,0.037464663408403674
0.37789637979736196,0.17777977610001364,0.03746558158261086
0.3778900563296178,0.17776981866903643,0.03746884631365793
0.3778858555576803,0.1777632038022717,0.03747101512215367
0.3778810932513844,0.17775570469922378,0.0374734738441475
0.37786639105418285,0.1777325534600982,0.037481064413374114
0.3778634599714862,0.17772793794613956,0.03748257769644416
0.3778547522606203,0.177714226097922,0.037487073383804796
0.37781870193851014,0.17765745841780697,0.037505685735541534
0.3778181720632384,0.17765662403441823,0.03750595930383044
0.377805165128678,0.17763614228953545,0.03751267462915584
0.37780137906492944,0.1776301804549888,0.037514629328755225
0.3777667093855601,0.17757558684381072,0.03753252887109632
0.3777517910308133,0.17755209522596824,0.03754023103988785
0.37773785501306595,0.17753015047343199,0.03754742603979189
0.3777210074605502,0.17750362098864644,0.03755612423040357
0.3776824159635094,0.17744285177408908,0.03757604856047686
0.37766037234871475,0.1774081401598789,0.037587429416127825
0.3776482958258048,0.17738912351455297,0.037593664381004706
0.37762742760357415,0.17735626276616528,0.03760443839548063
0.3776019574521611,0.1773161554571798,0.03761758833115775
0.3775899696440932,0.17729727850924024,0.037623777493618775
0.37758600495881073,0.1772910354031402,0.0376258244133877
0.3775790335712307,0.17728005770649466,0.037629423657725536
0.3775561107087966,0.17724396155961408,0.03764125845845582
0.3775526934610105,0.17723858049176672,0.037643022742768505
0.37754239820355895,0.17722236876750175,0.03764833806151444
0.37751178318861156,0.17717415995067237,0.0376641442289291
0.37750909498736046,0.1771699268969914,0.037665532115202974
0.37750763982157587,0.177167635478193,0.03766628339995806
0.3774929598472479,0.1771445192329566,0.03767386249577984
0.3774868945378959,0.17713496831854209,0.03767699394272519
0.37746041720157375,0.17709327501677236,0.03769066387596945
0.37745893482214365,0.17709094074522164,0.037691429210805455
0.3774582199407007,0.17708981503652613,0.03769179829557607
0.37742363268230883,0.1770353512119188,0.03770965528494865
0.37742151312887234,0.17703201359593015,0.03771074958513172
0.3774160015371599,0.17702333460897687,0.03771359515425778
0.37740380770911175,0.17700413324572975,0.0377198906823797
0.37739566300548455,0.1769913079531088,0.03772409569581171
0.377395467353899,0.1769909998646932,0.03772419670839397
0.3773694467462367,0.17695002576388877,0.037737630838073445
0.37731353409775215,0.17686198129832595,0.037766497872241615
0.3773014901103332,0.17684301588594997,0.03777271603943215
0.3772858886909382,0.17681844866064614,0.03778077086636226
0.3772739566298631,0.17679965949631762,0.03778693124731517
0.3772725927544534,0.1767975118305426,0.03778763539993752
0.37726586483058405,0.1767869175110553,0.037791108946862634
0.37725408242936426,0.17676836401293705,0.037797192060215576
0.37724770948331093,0.17675832866951244,0.03780048233632408
0.3772425015003494,0.17675012776884078,0.037803171155869814
0.3772264789684308,0.17672489742654848,0.037811443398177956
0.3771970190297254,0.17667850748385874,0.037826653213492566
0.37719444408796265,0.17667445277749982,0.037827982625242146
0.37716757631400116,0.17663214466183333,0.03784185413678723
0.3771410489162313,0.17659037252936027,0.03785554991616041
0.37713922439030556,0.1765874994869559,0.03785649189715516
0.3771178649276987,0.17655386519273264,0.037867519533183826
0.3771130720274499,0.17654631791403386,0.037869994050470986
0.37709225780409694,0.17651354219653725,0.037880740185969826
0.3770717644238005,0.17648127170381914,0.037891320674021664
0.3770707473073823,0.17647967007209747,0.03789184579910861
0.3770567040041011,0.17645755637929902,0.03789909618925542
0.37702766333493,0.17641182665148156,0.03791408954070538
0.3770028680619566,0.17637278205930793,0.03792689104468582
0.3770024125813184,0.17637206482357587,0.03792712620391193
0.3770015812288466,0.1763707557104135,0.03792755542128688
0.37699985416096166,0.1763680361331257,0.03792844708585645
0.37699592226652334,0.17636184466207486,0.037930477076103246
0.3769880981386334,0.17634952417329028,0.03793451658010204
0.37698167855442283,0.17633941538974537,0.037937830934935406
0.3769483991835849,0.17628701106802028,0.037955012677548396
0.3769322406228869,0.17626156652408465,0.03796335514989447
0.376903496835115,0.17621630428913027,0.037978195225015644
0.37686996460456135,0.17616350179455634,0.03799550751608683
0.37686564948356976,0.17615670686475352,0.03799773536163663
0.37686426105923393,0.17615452054230346,0.037998452188577024
0.3768380470746992,0.17611324193502606,0.03801198615643149
0.37682811574518715,0.17609760328039392,0.038017113583518745
0.3768210395347632,0.17608646052143206,0.038020766946641846
0.3768191538328833,0.17608349114654584,0.03802174051205281
0.37676861285252694,0.17600390533322632,0.03804783421797413
0.37676861285252694,0.17600390533322632,0.03804783421797413
0.37676861285252694,0.17600390533322632,0.03804783421797413
0.37676861285252694,0.17600390533322632,0.03804783421797413
0.37675179765392697,0.17597746960752703,0.03805625344663995
0.37674837549057144,0.1759720895121789,0.0380579668950807
0.37671498382096663,0.17591959337226915,0.038074685823511145
0.3767110795704282,0.17591345537183567,0.038076640648954115
0.37670881696167074,0.1759098982503351,0.038077773518149616
0.3766814497293321,0.17586687332601125,0.03809147606145531
0.3766794808543137,0.17586377799296402,0.03809246186063549
0.3766627294313033,0.1758374425309626,0.03810084915739942
0.3766564736096694,0.17582760754841667,0.03810398139473311
0.37664797303532194,0.17581424351644276,0.0381082375608912
0.37661002331444404,0.17575458151450277,0.038127238667299515
0.37658990247337387,0.17572294887976414,0.038137313003377755
0.3765818218278503,0.17571024503167912,0.03814135891470171
0.37656900953962746,0.17569010241278424,0.038147773919772254
0.376555439444067,0.17566876842009801,0.038154568352609976
0.37654125504985786,0.17564646866834102,0.038161670359620065
0.37653546835389023,0.1756373712136546,0.038164567709674045
0.37653250278649814,0.17563270894780902,0.038166052544351986
0.37652904416223054,0.17562727153106417,0.03816778424846509
0.37652022240363375,0.17561340255478866,0.03817220122887835
0.3765183079423167,0.1756103927673076,0.03817315978357539
0.37645219299000493,0.17550645128047074,0.03820626298473201
0.37643365868233614,0.17547731288697238,0.038215542956865474
0.3764226416014604,0.17545999257247794,0.03822105911669977
0.37641041562110045,0.17544077170742073,0.038227180562349194
0.37640926661074947,0.17543896531053024,0.0382277558621785
0.37640629324442026,0.17543429078371947,0.03822924460171877
0.3764040056644145,0.17543069440409972,0.038230389973808496
0.3763873743268614,0.17540454773238776,0.03823871714479284
0.37638128783657915,0.17539497896121817,0.03824176459934144
0.376370021440997,0.17537726669088974,0.03824740558895459
0.3763567485920067,0.1753564000092939,0.03825405119293198
0.37633148799291166,0.17531668699224526,0.03826669896267151
0.37632982280179966,0.17531406909063607,0.038267532709871155
0.3763260021514871,0.175308062520862,0.03826944567738339
0.3763159558949915,0.17529226847124407,0.03827447575360695
0.37630117984883665,0.17526903856404152,0.03828187399577548
0.37625588682354777,0.17519783191218366,0.0383045518330075
0.37624509360545144,0.17518086353971332,0.03830995590662892
0.37624411769903743,0.17517932928520444,0.03831044453477133
0.3762426801153177,0.17517706921264817,0.0383111643208619
0.3762379887554456,0.1751696937717934,0.03831351324533532
0.37622083223083136,0.1751427214362626,0.03832210337306883
0.3762019100965248,0.17511297332777612,0.038331577526741496
0.37618672529337693,0.17508910080028683,0.03833918043010225
0.3761824586814891,0.175082393119681,0.03834131668682848
0.3761774757617298,0.17507455930795668,0.03834381159288789
0.3761521547209123,0.17503475126849216,0.038356489625290036
0.37610407615378777,0.17495916537487546,0.0383805621599164
0.37610321881068365,0.17495781751763817,0.03838099142440563
0.37609100392570255,0.17493861409599018,0.038387107314692116
0.37607940883991053,0.17492038508099308,0.038392912876731876
0.37607252513604084,0.17490956298417326,0.03839635948942585
0.3760529719855581,0.17487882283444228,0.03840614958759644
0.37602980441678674,0.1748424003390719,0.03841774939463753
0.37601134496933186,0.17481337963577323,0.03842699188489083
0.37600206843114764,0.1747987956855796,0.03843163656962269
0.37599478810777764,0.1747873500502238,0.03843528176636826
0.3759549036352527,0.17472464636170873,0.03845525158667143
0.37589139401043486,0.17462480079574835,0.03848705032224052
0.37588610029666564,0.17461647837455888,0.03848970084024954
0.37586677568952714,0.17458609752532156,0.03849937650868779
0.3758643305815134,0.17458225349074946,0.03850060075372762
0.37585829202252563,0.17457276007394132,0.03850362420947977
0.3758527900012302,0.17456411016565196,0.038506379025317054
0.3758492764183214,0.17455858634662316,0.038508138246760075
0.3758326772669983,0.17453249027593987,0.038516449302369485
0.3758309800400209,0.1745298220096951,0.03851729908965778
0.37580467640427084,0.17448846920048205,0.0385304690990874
0.3757882015816583,0.17446256859104592,0.03853871790435598
0.3757828271832098,0.1744541193228236,0.03854140882050604
0.3757816712230677,0.17445230199993828,0.03854198760003739
0.3757601441557341,0.1744184585907298,0.03855276602179128
0.3757430700324356,0.17439161580101234,0.038561314891878314
0.37573950442123333,0.17438601018659552,0.03856310016345074
0.3756948176824825,0.1743157566977062,0.03858547443810691
0.37568481734918063,0.17430003484544868,0.03859048152097318
0.37568116609577973,0.17429429459012008,0.03859230967287494
0.37566570040995556,0.17426998047775516,0.03860005321183185
0.37566359463904975,0.1742666699261895,0.03860110755363273
0.3755995835118691,0.17416603593190208,0.038633157387221506
0.37559316515825686,0.1741559454274976,0.03863637100295126
0.3755920674378674,0.17415421966523925,0.03863692062232775
0.3755719623810251,0.17412261184540337,0.03864698705537571
0.375566573826068,0.1741141403212692,0.03864968505957068
0.3755223717324683,0.17404464875893114,0.038671816676471404
0.3755197241864057,0.17404048646485712,0.03867314228054152
0.375511182593487,0.17402705794624088,0.03867741898435361
0.37550711293527417,0.17402065990297277,0.03867945662802947
0.3754828315271485,0.1739824863041903,0.038691614125077316
0.3754815562655491,0.17398048142356776,0.03869225263784602
0.37547200074834164,0.17396545888129394,0.03869703700503094
0.37546606839637453,0.17395613243602942,0.038700007283820115
0.37545876205243606,0.1739446458928837,0.03870366550884574
0.37543394207596337,0.17390562559312367,0.038716092662540155
0.3754011913431971,0.1738541370910574,0.03873249067928037
0.37539431632971815,0.17384332865668603,0.03873593294076874
0.3753706065159869,0.17380605368021437,0.03874780424530556
0.3753700622112164,0.17380519796081706,0.038748076774131196
0.3753592065296293,0.17378813138744245,0.038753512122697654
0.37535467733127786,0.17378101088603753,0.038755779854260056
0.3753460567135019,0.17376745812984917,0.03876009612515422
0.3753361970314625,0.17375195740005836,0.03876503278511508
0.3753176779362761,0.17372284292260298,0.03877430514048641
0.3752733965077046,0.17365322663515148,0.03879647647974098
0.37526098579809114,0.17363371535117078,0.038802690417775655
0.37525389949005267,0.17362257473368642,0.038806238472674774
0.37525085177409107,0.17361778331937805,0.03880776443845131
0.37524590284126424,0.17361000293962603,0.03881024232753914
0.3752428058780417,0.17360513410208211,0.03881179295100548
0.37523465931356925,0.17359232662065363,0.03881587186739333
0.37523302378678025,0.17358975535530038,0.03881669076191568
0.37521495868040694,0.17356135460856079,0.0388257358089025
0.3751987970146113,0.17353594632323613,0.038833827819183896
0.37519102984903907,0.17352373530727294,0.03883771677372993
0.37516937795846417,0.17348969565934932,0.03884855769343203
0.37515737287984985,0.1734708220811778,0.03885456853543334
0.3751404542687414,0.1734442237772792,0.03886303954187336
0.3751238327840377,0.17341809259555513,0.038871361779618814
0.37512262527757156,0.17341619423500176,0.03887196636796153
0.3751167071907054,0.17340689021637073,0.03887492950433451
0.37508442782217555,0.1733561427614936,0.03889109151296174
0.375074067523504,0.17333985499586205,0.03889627882746436
0.37506002018726053,0.17331777071743204,0.03890331221070251
0.37505348290280066,0.173307493237938,0.03890658537410846
0.37503476989396006,0.17327807390246136,0.03891595482041729
0.3750173696935723,0.173250718476248,0.03892466695456337
0.37500390170111564,0.17322954500320287,0.038931410265234855
0.37500036858385316,0.17322399047357553,0.038933179267364615
0.374997944863844,0.17322018006378748,0.03893439280361026
0.37499127278330835,0.1732096906669578,0.03893773345827888
0.3749834469520933,0.17319738742081167,0.03894165178621942
0.37498230679092515,0.17319559493601205,0.038942222655337214
0.37497171692303255,0.1731789462570722,0.03894752491322007
0.3749658137574703,0.1731696656967128,0.03895048057862157
0.3749452828837708,0.17313738843621784,0.038960760214592396
0.37492609953058004,0.17310722965694866,0.038970365158365744
0.3748902960552859,0.17305094183814407,0.03898829165764201
0.3748773445077866,0.1730305802851694,0.038994776388662264
0.3748769371183696,0.1730299398148939,0.038994980365120654
0.37486494632596845,0.17301108869654697,0.03900098405413508
0.3748644179884067,0.1730102580797228,0.0390012485883134
0.37484133680714166,0.1729739713969869,0.039012805141855865
0.3748367123460825,0.17296670112995194,0.03901512057065571
0.37482504962029256,0.17294836577589373,0.03902095999947415
0.3747854562645949,0.17288611976169924,0.03904078406002768
0.374782030321501,0.17288073372410032,0.0390424994009517
0.3747635929631498,0.17285174774780668,0.03905173083137635
0.3747600087167113,0.17284611283632317,0.03905352543345503
0.37474432173183775,0.17282145081245823,0.039061379774986735
0.37473988254306584,0.17281447181806792,0.03906360243950891
0.37473794516789544,0.1728114260069657,0.03906457246697984
0.3747259662572024,0.17279259356824223,0.03907057020692281
0.3747186896319909,0.17278115374688272,0.03907421355203153
0.3747144608215285,0.17277450549513865,0.03907633088190164
0.3746893667616387,0.1727350542998415,0.03908889526686027
0.3746785661323437,0.1727180742759824,0.03909430305120661
0.3746471433784384,0.172668673533076,0.03911003616008819
0.3746428939051712,0.1726619927966583,0.03911216383565104
0.37462203990160964,0.17262920753309993,0.03912260526002906
0.37460674393655097,0.17260516024432165,0.03913026382122463
0.374601744582689,0.17259730059600512,0.03913276695570115
0.37459540934878155,0.1725873407668171,0.03913593895409304
0.3745858680832453,0.17257234063006333,0.03914071618558595
0.3745563244060164,0.172525894045283,0.03915550845656273
0.37454401322786246,0.1725065392379771,0.039161672560031835
0.3745193549413033,0.1724677731362378,0.039174018756945
0.37450981781548054,0.17245277950766358,0.039178793915718116
0.3745039104846064,0.17244349239888065,0.03918175166665626
0.37450105994013244,0.1724390109643404,0.039183178910325474
0.3744795132820814,0.17240513675592192,0.039193967140987
0.3744765592337709,0.17240049259960252,0.0391954462081576
0.3744632117670393,0.17237950860900617,0.03920212917261116
0.37444786062512603,0.17235537457488362,0.03920981536039422
0.3744459340488186,0.17235234574102834,0.039210779980965206
0.3744413977022588,0.17234521400169037,0.03921305129157549
0.3744138894908609,0.17230196743955972,0.039226824421911693
0.3744111016453442,0.1722975845761083,0.03922822027273978
0.3744083919419786,0.17229332456249782,0.03922957699844931
0.3744047188295262,0.1722875499418368,0.03923141609499452
0.37440465048708005,0.17228744249843378,0.03923145031348312
0.3743970536805426,0.1722754993095014,0.039235253970691726
0.3743910792871689,0.17226610676956156,0.03923824529925997
0.3743774849503051,0.17224473466632648,0.03924505186951464
0.37437245962965077,0.1722368341947633,0.03924756800534594
0.3743494402910809,0.17220064473695854,0.03925909359477049
0.37430991872606484,0.17213851158725113,0.03927888171033293
0.374303275223663,0.1721280671190438,0.039282208056170026
0.37429353008750643,0.1721127464705955,0.039287087363969714
0.3742612110697764,0.17206193668190922,0.039303269224618353
0.3742550670153216,0.17205227741221435,0.039306345501064516
0.3742473645383225,0.1720401680952806,0.03931020206658543
0.37423946896556487,0.17202775520616603,0.039314155313530406
0.37422592485800965,0.17200646207007594,0.03932093673439224
0.3742037212867972,0.17197155510691234,0.03933205387595464
0.3741996303162717,0.17196512355785787,0.0393341021905264
0.3741964994059695,0.17196020135099563,0.03933566981101033
0.3741933994548048,0.17195532781600975,0.039337221930514206
0.37418797247597246,0.17194679588444003,0.03933993917322068
0.37418021734374474,0.17193460378649267,0.03934382210277224
0.37417765520549284,0.17193057576484147,0.0393451049438691
0.37417572275918465,0.17192753770256533,0.03934607250350014
0.3741635661229712,0.1719084258557171,0.03935215922911802
0.3741493317258659,0.17188604749276568,0.039359286272158116
0.37414864469344244,0.17188496738654005,0.03935963026352043
0.3741454394202968,0.17187992827141063,0.039361235116855284
0.37414102883924616,0.17187299425215793,0.03936344345773178
0.3741336026933914,0.171861319364487,0.03936716166657036
0.37412189670869556,0.17184291600168283,0.03937302275475954
0.3741007145136504,0.17180961477751983,0.03938362850185607
0.37409840634864694,0.1718059860355494,0.03938478418068123
0.37408385072035605,0.1717831026545063,0.0393920720614771
0.3740752597161815,0.17176959645483278,0.03939637350508986
0.37404999439398984,0.17172987601244893,0.03940902363964418
0.37404245702227024,0.17171802626294475,0.03941279753833882
0.3740417209294573,0.17171686902727037,0.03941316609382595
0.3740380670207856,0.17171112459750335,0.03941499557519951
0.37402718927255624,0.17169402333243602,0.03942044197234836
0.3740241752640648,0.17168928491074797,0.03942195106107778
0.37400833556217666,0.1716643827954513,0.039429881866735635
0.37395163244705776,0.1715752379668209,0.039458272640083496
0.37393809224271735,0.17155395096710294,0.03946505210663847
0.37393147054618203,0.17154354078061415,0.039468367534461396
0.37391940652237277,0.17152457453276668,0.03947440788982659
0.37391325971754125,0.1715149109391143,0.039477485543363264
0.373879922762374,0.17146250081756786,0.03949417707673451
0.37387704955430506,0.17145798375284604,0.0394956156678753
0.37381872680745887,0.17136629264801068,0.039524817377221654
0.3738093274154077,0.17135151555522002,0.03952952357385253
0.3738002894436249,0.17133730666309743,0.03953404881039147
0.3737995474158882,0.17133614009693454,0.03953442033744509
0.37378170812217554,0.17130809435769137,0.039543352321929875
0.37377681537367946,0.17130040230716995,0.03954580207999537
0.373762734477551,0.17127826526814305,0.039552852266386
0.37376229114557663,0.1712775682913932,0.03955307423898091
0.37375713894336515,0.17126946834516898,0.03955565390334187
0.3737373520081178,0.1712383606547353,0.039565561055579936
0.3737371128979579,0.1712379847418038,0.03956568077602812
0.3737230622167568,0.171215895204656,0.03957271583405849
0.3736833228639544,0.17115341966362058,0.03959261299413578
0.37366454433176366,0.17112389731673425,0.03960201524743554
0.3736584553352657,0.17111432460546075,0.039605063956825254
0.373656312054354,0.17111095508318355,0.03960613707957093
0.3736414208712875,0.17108754416546268,0.039613592969823794
0.3736196867922569,0.1710533753063698,0.03962447504059519
0.37359605311667243,0.17101622002917802,0.039636308223401605
0.3735841433667782,0.17099749632041664,0.03964227133511366
0.373584002987974,0.17099727562629044,0.03964234162160153
0.373570142522109,0.17097548513291666,0.03964928144041119
0.3735306801311857,0.17091344501274286,0.03966903992800256
0.37351590844993526,0.17089022196774986,0.0396764359847001
0.3734814770451448,0.17083609122602403,0.03969367549980266
0.3734211536382751,0.17074125481789165,0.03972387892281416
0.37341286585694516,0.17072822532480586,0.03972802854529613
0.37339222084092977,0.1706957686174291,0.03973836533136559
0.37335344990505576,0.17063481555643628,0.039757777613223015
0.37334695399059875,0.1706246031160817,0.039761030063016116
0.37334641295220894,0.17062375253186882,0.039761300956392354
0.3733451835470558,0.17062181974367086,0.039761916509223644
0.37334284026002523,0.1706181357852087,0.03976308977335268
0.37333145026645115,0.17060022920241982,0.03976879264744201
0.37333114589265576,0.17059975068638458,0.03976894504484418
0.37332896387883946,0.17059632027083665,0.03977003756082976
0.37332453358966883,0.17058935526780156,0.03977225576939636
0.3733239534315672,0.17058844318220565,0.03977254624968361
0.3733101024298554,0.17056666756773772,0.039779481329871295
0.3732934649681271,0.1705405112680088,0.03978781156717874
0.3732765624762462,0.17051393830567704,0.03979627450285693
0.3732695089441021,0.1705028492162521,0.03979980614714111
0.373267078158791,0.17049902769887093,0.03980102322092408
0.3732625637859266,0.17049193050510075,0.03980328352948972
0.3732594621729814,0.17048705435757522,0.03980483648103312
0.3732568717412035,0.17048298185474298,0.03980613348846075
0.37325229169640306,0.17047578141596637,0.03980842667841302
0.37325169755809084,0.17047484735162244,0.03980872415847427
0.373236820994608,0.1704514594178289,0.039816172728824435
0.37323216108196655,0.17044413341619769,0.039818505907933684
0.3732233093086349,0.1704302172527723,0.03982293791647251
0.3731945695476045,0.17038503453103718,0.039837327673362836
0.37319175139029925,0.17038060401342803,0.039838738701048766
0.3731724128967023,0.17035020133283352,0.039848421322320096
0.37316564364255816,0.17033955916618418,0.03985181063099805
0.3731625281156122,0.17033466114400128,0.03985337054916474
0.37315386426796565,0.1703210404247143,0.03985770846489191
0.37315017743716206,0.17031524423698308,0.039859554430100294
0.3731497035718287,0.17031449925773728,0.03985979169049151
0.37313850625649936,0.17029689559074185,0.03986539809220249
0.37313158795928936,0.17028601910859614,0.039868862025491336
0.37311611597826777,0.1702616950993446,0.03987660871640073
0.3731103236863235,0.17025258884703973,0.03987950886831318
0.3730687529682297,0.1701872341565127,0.039900322977605644
0.37305358305847947,0.1701633850434227,0.03990791842396735
0.3729800670997685,0.17004780819147833,0.03994472724684833
0.3729756624689414,0.17004088352676752,0.039946932608497854
0.3729486639162321,0.16999843821579128,0.03996045055701063
0.37293889263333896,0.1699830764612002,0.03996534295626161
0.37292404247746275,0.1699597300436719,0.03997277830454501
0.37292353122315997,0.16995892628399994,0.03997303428527909
0.3729172012563057,0.16994897473531906,0.03997620364650172
0.3729016444695956,0.16992451740026085,0.03998399279890684
0.3729015042301517,0.16992429692522762,0.03998406301561815
0.3728846762595147,0.16989784112018963,0.03999248863913562
0.37286945078061173,0.16987390464501054,0.04000011190850521
0.37284844709495035,0.16984088406130948,0.04001062827745307
0.37284782211327994,0.16983990150710965,0.04001094120052464
0.3728274577615094,0.1698078860412054,0.0400211374603647
0.37281962865870705,0.1697955776516896,0.04002505742636149
0.3728179781830922,0.16979298288479655,0.04002588380563534
0.3728151560031107,0.169788546043006,0.04002729684744148
0.3728115929807649,0.16978294449861533,0.04002908082279526
0.3727974898252828,0.169760772464928,0.04003614215425721
0.3727813408167822,0.1697353840785524,0.0400442278271373
0.372781319104434,0.16973534994385708,0.04004423869832762
0.37278004956799016,0.1697333540639395,0.04004487434455904
0.3727606897014614,0.16970291778225746,0.04005456766707772
0.3727532101035541,0.16969115886086006,0.04005831263890993
0.37273706971056186,0.16966578401920798,0.040066393998077376
0.3727361450013653,0.16966433025352534,0.04006685699220312
0.37267532316380675,0.16956871024614528,0.04009730997527299
0.3726712298282729,0.16956227497898355,0.04009935947398457
0.37266828663014434,0.16955764788059147,0.04010083310856019
0.37265990654793657,0.16954447327826574,0.04010502894531622
0.3726517660765997,0.16953167537605576,0.04010910481092227
0.3726458221551968,0.1695223307421015,0.04011208088243074
0.372633837194221,0.16950348879152974,0.04011808165169951
0.37261546921747335,0.1694746118923326,0.040127278343338166
0.37260305770848157,0.16945509935162303,0.04013349268161485
0.37258162017237506,0.1694213966973956,0.04014422627583554
0.3725761949863151,0.1694128675843021,0.04014694262091596
0.37256919141164435,0.1694018570346609,0.040150449251912974
0.37255994616366894,0.1693873222768318,0.04015507826990014
0.3725486555173425,0.16936957188111215,0.04016073140165723
0.3725073311555101,0.16930460449535062,0.04018142216243939
0.37250458168292633,0.16930028195924673,0.04018279880026235
0.37250405762538485,0.16929945807118293,0.040183061191470484
0.3725033841115734,0.169298399218011,0.04018339841417735
0.3724896963638256,0.16927688026045898,0.04019025175447681
0.3724891224640715,0.16927597801381655,0.04019053910126206
0.3724762982313175,0.16925581661653216,0.040196960086858996
0.3724742996207141,0.16925267453519566,0.040197960774396746
0.37242766131794847,0.16917935292845615,0.040221312180759
0.37239102392657825,0.16912175408281407,0.040239656214808385
0.3723750810545261,0.16909668977031578,0.04024763867690059
0.3723680317346065,0.1690856073030672,0.04025116821215938
0.3722877538727683,0.16895939984124844,0.04029136266312591
0.3722803477571457,0.168947756443763,0.04029507084299554
0.3722730035744598,0.16893621041308035,0.04029874801356409
0.3722706330952934,0.16893248370496883,0.0402999348925671
0.3722517605592378,0.16890281357152082,0.040309384212812195
0.37223824771155317,0.16888156958009937,0.04031614998211947
0.3722337003616135,0.1688744205419867,0.040318426802029614
0.37221020569991947,0.16883748381309532,0.04033019038174902
0.3721924807113495,0.1688096177767192,0.0403390651346092
0.3721538179681989,0.16874883480905842,0.040358423245279
0.3721446068019629,0.16873435363225045,0.04036303519882563
0.3721204697710986,0.16869640701369998,0.04037512040739169
0.3721082302148577,0.16867716480555464,0.04038124865037066
0.3721048470697102,0.16867184605201221,0.04038294256272246
0.3720835406924371,0.16863834959689222,0.04039361048681721
0.37208288618976826,0.16863732063176162,0.040393938190804696
0.3720584836107997,0.16859895653631943,0.04040615635707557
0.3720335384471798,0.16855973942573582,0.04041864619092284
0.3720327646469126,0.1685585229089348,0.04041903362621552
0.3719773940265038,0.1684714729389791,0.04044675723065698
0.37197470213734524,0.1684672409316682,0.040448105036942725
0.37196937811724723,0.16845887086490433,0.04045077072907597
0.3719605053943927,0.16844492176604628,0.040455213226864906
0.37194475400479354,0.1684201584893981,0.04046309981530161
0.3719369594586899,0.16840790442760264,0.040467002479049705
0.3719347234021596,0.16840438904973004,0.04046812205376814
0.3719338974489582,0.16840309054158914,0.04046853560159682
0.37190918784171945,0.16836424375692477,0.04048090749434308
0.37182444680454263,0.16823101959064668,0.04052333661970424
0.3717914661392781,0.16817916960415197,0.04053984976171458
0.3717847161313914,0.16816855769517575,0.040543229433953124
0.3717752623347571,0.16815369507115405,0.040547962870501685
0.37177507562278045,0.16815340153512642,0.040548056355619755
0.3717407578437958,0.16809944942825986,0.04056523897923597
0.37172679571495904,0.16807749910719103,0.04057222969984144
0.37170889627192416,0.16804935880522384,0.040581191800586544
0.3717058549466456,0.16804457743791804,0.04058271456660177
0.3716959229180082,0.16802896296966566,0.04058768744989642
0.37165302209071943,0.1679615171708108,0.04060916753368785
0.3716530217102467,0.16796151657265715,0.040609167724187344
0.3716262014130577,0.1679193515030359,0.040622596421658705
0.37162258545147475,0.1679136667311328,0.04062440690324372
0.37160523136509077,0.1678863838022586,0.040633095948495526
0.37158446496349595,0.16785373626062783,0.040643493511304765
0.37157145628647575,0.167833284892458,0.04065000684659616
0.3715427097334877,0.16778809149286325,0.040664400004162625
0.371498703591809,0.16771890799297254,0.04068643350958281
0.3714725630952263,0.16767781166019985,0.040699521836601915
0.3714681270103777,0.16767083754558915,0.040701742947015805
0.3714661649579449,0.16766775293855268,0.04070272533018469
0.3714542286701594,0.1676489875087013,0.04070870172919594
0.3714475885159081,0.1676385483042313,0.0407120263986422
0.3714396452352841,0.16762606041201403,0.04071600353251503
0.3714372088288968,0.16762223005755442,0.04071722342072364
0.37139731123137826,0.1675595057348061,0.04073719981260082
0.3713824800455796,0.16753618914075954,0.040744625662725735
0.3713735937405928,0.16752221868898548,0.04074907496097419
0.3713694309246314,0.16751567418936283,0.04075115924795209
0.3713621343877991,0.1675042030642906,0.04075481256264207
0.37136203973331094,0.16750405425486262,0.04075485995534905
0.3713488642245182,0.16748334060498668,0.040761456821907315
0.3713428710178996,0.16747391848812698,0.040764457570109214
0.37133472627633546,0.16746111387255253,0.040768535573782176
0.3713209488507875,0.167439453929587,0.04077543381500278
0.37131500092220376,0.16743010299581218,0.04077841189287303
0.3713061189428051,0.16741613934443728,0.04078285902533584
0.37130416090305807,0.16741306104587586,0.04078383939938666
0.3712569415422508,0.16733882593871516,0.040807481736628584
0.3712506927935648,0.16732900207578272,0.040810610432596706
0.371221005292866,0.16728232938140417,0.040825474714776544
0.37121948713998637,0.16727994264342677,0.0408262348411686
0.3712135370500379,0.1672705883116995,0.04082921400121602
0.3712102622229342,0.16726543984850942,0.04083085367963332
0.37120825148243436,0.16726227869736446,0.04083186044050833
0.3711596789527307,0.16718591622896228,0.040856180298047995
0.37115633694166206,0.1671806621436555,0.0408578536149121
0.37115511461836476,0.16717874048907547,0.0408584656219177
0.37114782999874735,0.16716728809944806,0.04086211296975827
0.37114704842105517,0.16716605935550194,0.0408625042991423
0.371141384015075,0.16715715415691912,0.040865340419626986
0.37113200375482647,0.16714240714186343,0.040870037037125
0.37112774273884575,0.1671357082587669,0.040872170492027536
0.3710949234816171,0.16708411202714382,0.04088860281839038
0.3710709971216484,0.1670464966112238,0.040900582545808986
0.37106977056186763,0.16704456829632908,0.040901196673986256
0.37106318911843666,0.167034221393067,0.04090449194741803
0.37105623914960684,0.167023295118928,0.04090797173842086
0.3710539452644982,0.16701968882684906,0.040909120267422626
0.3710400405166161,0.16699782871626254,0.04091608225786623
0.3710373104854199,0.1669935367446022,0.04091744916154977
0.3710112352204454,0.16695254296458206,0.040930504827650704
0.3709948333254058,0.16692675700697723,0.04093871711869623
0.3709815165618215,0.16690582128580667,0.040945384710341856
0.3709250313509461,0.16681701903159055,0.04097366638086569
0.3708685598743809,0.16672823836953424,0.04100194117473584
0.3708685598743809,0.16672823836953424,0.04100194117473584
0.3708685598743809,0.16672823836953424,0.04100194117473584
0.3708685598743809,0.16672823836953424,0.04100194117473584
0.37084530375593167,0.16669172163003187,0.04101317816716314
0.370840426561781,0.16668406346348572,0.04101553475103835
0.3707922307481472,0.1666083864335716,0.04103882221381994
0.3707883923909148,0.16660235944796445,0.041040676847956224
0.3707723173007351,0.16657711835358957,0.04104844407992196
0.3707498435054803,0.1665418300173721,0.04105930306602674
0.37073858070527316,0.16652414517705239,0.04106474507480022
0.3707338164578046,0.1665166643593006,0.04106704708460648
0.3707140510393584,0.1664856287142882,0.04107659742542917
0.3707119686439394,0.16648235893858498,0.04107760360630174
0.37071102189050076,0.16648087234705566,0.0410780610627446
0.37068787732649,0.16644453077024776,0.0410892441538133
0.37067953698648937,0.16643143477472172,0.04109327407555768
0.3706445093233406,0.16637643436468463,0.041110198894134246
0.37062714060816676,0.16634916202132785,0.04111859118544917
0.3706151154956855,0.16633028019885499,0.04112440153158174
0.37058680122759663,0.16628582115663537,0.04113808254274417
0.3705554585156691,0.16623660685420336,0.04115322685056792
0.37053460700545815,0.16620386582872798,0.04116330197393169
0.37052693808818604,0.1661918241006596,0.04116700747472284
0.3705198364930801,0.16618067318142518,0.04117043885432305
0.37051720818164097,0.16617654620880226,0.04117170881327184
0.3705090161494637,0.1661636830861077,0.041175667074997285
0.3705038762465721,0.1661556124144963,0.04117815059562417
0.37046926874339675,0.16610127173932995,0.04119487239947798
0.3704297396365526,0.16603920316582577,0.04121397224519107
0.3704218879580612,0.1660268744662298,0.0412177660533428
0.37041086006380586,0.166009558475057,0.041223094559237124
0.3704056069837295,0.1660013100927161,0.04122563276530824
0.3703738479600505,0.16595144209788862,0.04124097822845412
0.3703419234712476,0.1659013142898493,0.04125640364175804
0.37033855534431986,0.16589602565950892,0.04125803106797121
0.37033850549578445,0.1658959473873765,0.0412580551540033
0.37031986532393024,0.16586667860370718,0.04126706179328519
0.37031436513001187,0.1658580422033995,0.04126971940089691
0.3703084203573996,0.16584870772596483,0.04127259182197491
0.3703000676049212,0.16583559224037556,0.04127662774123428
0.3702839388109568,0.1658102668203589,0.04128442092202817
0.3702807367371764,0.16580523892654414,0.04128596811395965
0.3702789705289555,0.1658024656277389,0.041286821518127105
0.3702692807724457,0.16578725077943646,0.041291503456807474
0.37022017504729404,0.16571014500714898,0.04131523057459246
0.370209916823742,0.16569403755232906,0.04132018718764995
0.3702058158232379,0.16568759816445644,0.0413221687269042
0.37019172792114496,0.16566547735130419,0.04132897578069009
0.37016793126307235,0.16562811185689624,0.04134047395340284
0.37013915349710413,0.1655829250306589,0.041354378919485874
0.37013236840172464,0.1655722710790542,0.04135765737137217
0.3701270026752372,0.1655638458194043,0.04136025000642596
0.37012175537912884,0.16555560651904558,0.04136278541777426
0.37012095973926623,0.16555435720593847,0.041363169858502406
0.37011603040966473,0.16554661717634703,0.041365551633411435
0.37011436705447487,0.1655440053772929,0.041366355340604156
0.370109752329401,0.1655367593394915,0.041368585103529656
0.37009846128616586,0.16551903015199063,0.04137404075889223
0.37008653454924006,0.16550030279874028,0.04137980357149613
0.370075395571384,0.16548281238418205,0.04138518575124765
0.3700670698360249,0.165469739320853,0.04138920861625785
0.37006452492039327,0.16546574329626362,0.04139043827965775
0.37004345891606616,0.1654326654722902,0.04140061704322116
0.37004086360911803,0.1654285903232941,0.04140187105491644
0.3700262525028752,0.16540564797538349,0.04140893091275833
0.37000262593941124,0.16536854956340077,0.0414203468984185
0.37000230154765495,0.16536804020371176,0.04142050363943772
0.3699977161217978,0.1653608401715182,0.04142271924544029
0.36998918263956276,0.16534744090420256,0.041426842490489245
0.3699865874887682,0.16534336600039862,0.04142809642673358
0.369981840298711,0.16533591196618108,0.041430390194665684
0.36992960861463126,0.16525389781556205,0.04145562772687686
0.36992931391983513,0.16525343508601728,0.04145577011878976
0.36992457320742766,0.16524599122300043,0.041458060756822894
0.3699164387431337,0.16523321849335243,0.04146199120264819
0.3699027097168261,0.1652116611866854,0.04146862485327176
0.3698907633830371,0.16519290306245535,0.04147439713477324
0.36987792613807624,0.16517274603018062,0.041480599890608365
0.3698678403163464,0.1651569092805709,0.041485473201803805
0.36985335026784577,0.1651341570174351,0.04149247456643944
0.36985229170066725,0.16513249485605644,0.04149298604953129
0.36985166431046607,0.16513150972843965,0.04149328919465653
0.36983118041623764,0.16509934593330053,0.0415031866917315
0.3698178126033911,0.16507835580373525,0.04150964580966447
0.36981757982937896,0.16507799030215844,0.041509758282423724
0.36977669379834904,0.16501379108732978,0.04152951377266464
0.36977162697824395,0.1650058351702541,0.041531961980833
0.3697679529743328,0.16500006625210692,0.04153373720201695
0.36974327776453186,0.16496132125644342,0.04154565987717361
0.3697419279186512,0.16495920172946812,0.04154631210157522
0.36973782124242094,0.1649527534295746,0.04154829638325151
0.3697324317761297,0.16494429089370288,0.041550900489006906
0.3697214639573772,0.16492706923303893,0.041556199967358584
0.3696961677613944,0.16488734916534484,0.0415684226933186
0.36968847784883846,0.16487527447049774,0.041572138338702276
0.3696790680082782,0.16486049914600642,0.0415766850263771
0.3696762739899427,0.16485611198054087,0.041578035052304535
0.36965942630266124,0.16482965775478445,0.04158617559109705
0.36964827107142695,0.16481214181918408,0.04159156562422654
0.36964566876771104,0.1648080556838685,0.0415928230166505
0.3696359844577576,0.16479284938774463,0.041597502323640116
0.36962703181909345,0.16477879196132283,0.04160182809851492
0.36960999231907427,0.16475203655135146,0.04161006131822005
0.3696019361363367,0.16473938673934377,0.04161395393962257
0.36955900682127657,0.1646719791614848,0.04163469671272518
0.3695453025459552,0.16465046071879752,0.04164131840405961
0.3695430126165814,0.16464686507343626,0.04164242486209081
0.3695418163289816,0.16464498666355687,0.041643002889534604
0.36954112593337013,0.1646439026048928,0.04164333647788791
0.36950978123143363,0.16459468517775025,0.04165848174725285
0.36949233848281304,0.16456729658713165,0.041666909810370474
0.36948309134573376,0.16455277673952237,0.041671377882269954
0.3694774476884947,0.16454391507321772,0.04167410480911271
0.3694574111965188,0.16451245378875515,0.041683786128422065
0.36942756155910356,0.16446558391078683,0.041698209006011254
0.3694146189800621,0.16444526148301902,0.04170446265762538
0.3694119587784267,0.16444108443643418,0.041705748025417856
0.3693961797164046,0.16441630816524727,0.0417133722212113
0.3693935822022405,0.16441222955048232,0.04171462729939878
0.3693754789809202,0.16438380388613297,0.04172337449258711
0.36936362759943375,0.16436519485593606,0.04172910089462222
0.36935861152030763,0.16435731861230704,0.04173152458554373
0.369341409239388,0.16433030760388967,0.041739836458432066
0.36931062061463593,0.1642819633287191,0.0417547130400053
0.36929931937734745,0.16426421813452355,0.041760173620974846
0.36929020335597906,0.16424990416470373,0.04176457833981508
0.3692818108425846,0.16423672624655442,0.04176863347092672
0.3692449333588844,0.16417882124969424,0.04178645209384016
0.3692291222267146,0.16415399462198588,0.041794091785426986
0.3692215122048719,0.16414204537147598,0.04179776882886847
0.3692034389384576,0.16411366674229716,0.041806501548315105
0.3692020814574426,0.16411153522663988,0.04180715746189408
0.36915646318102385,0.16403990544370056,0.04182919949903726
0.3691242800538165,0.16398937152183524,0.04184474988236998
0.36910902192985845,0.1639654132272004,0.041852122369044634
0.3691059810061581,0.16396063837111874,0.04185359169577978
0.36910535574319725,0.1639596565836932,0.04185389381305576
0.3690891433936897,0.16393419996482614,0.04186172736658031
0.36905510207950837,0.16388074831918759,0.041878175596774266
0.3690195224906454,0.1638248812758138,0.04189536709721715
0.3690104549753087,0.16381064347012808,0.04189974837870208
0.3690096018465145,0.16380930388794424,0.04190016059718217
0.3690039064072338,0.1638003609135171,0.04190291254429697
0.3690025714593542,0.16379826477937187,0.04190355757021762
0.3689821622051854,0.16376621818399759,0.041913419002384045
0.3689800231870924,0.16376285949941458,0.041914452542446475
0.3689785049221708,0.1637604755209894,0.04191518614429252
0.3689712571934865,0.16374909514292132,0.04191868813335052
0.36896812737455004,0.16374418070360755,0.041920200412872345
0.3689673130561659,0.16374290206150013,0.041920593878769744
0.36892613669840824,0.16367824697586428,0.041940489650341306
0.3689252335862309,0.16367682890981022,0.04194092602000978
0.36891898963600284,0.16366702466391078,0.04194394299902897
0.3689110530941244,0.16365456271188913,0.04194777781184098
0.36890644451822124,0.1636473263295109,0.041950004603583446
0.36890283899551235,0.1636416649404954,0.04195174673572235
0.36889810224124486,0.16363422729254695,0.041954035461244196
0.3688948700232787,0.16362915206635464,0.041955597218374406
0.36887348108044143,0.16359556716457815,0.041965932020771264
0.3688677929451999,0.16358663565894785,0.04196868043868863
0.3688566056447511,0.16356906936829124,0.04197408596716062
0.3688498922601791,0.16355852801694198,0.041977329769507146
0.3688468282907823,0.16355371697452528,0.0419788102315621
0.3688214514465773,0.16351387027305406,0.04199107192548076
0.3687849108982579,0.16345649433187256,0.042008727746491954
0.3687617064595489,0.16342005873985901,0.04201993976807768
0.3687410227933564,0.1633875812629338,0.04202993379183884
0.3687363891269884,0.16338030548352675,0.04203217270690118
0.3687286096242932,0.16336809011431122,0.042035931640837854
0.3687224650941356,0.1633584419777307,0.04203890058163515
0.3687033619563266,0.16332844624527118,0.04204813091882003
0.36868263053525124,0.16329589378366532,0.04205814801699309
0.36865596759654423,0.16325402765758512,0.04207103113164503
0.3686427747625067,0.1632333122796127,0.04207740570255626
0.3686376822696987,0.16322531605127846,0.04207986631537283
0.3686061123599249,0.1631757450029611,0.042095120401639756
0.368570584429725,0.1631199590739808,0.0421122869414252
0.3685475696601484,0.16308382130029464,0.04212340731785489
0.3685376961043625,0.16306831785050857,0.042128178065468654
0.36852600156826937,0.16304995509882905,0.04213382868226465
0.36852532226595086,0.16304888845884513,0.04213415691051245
0.3685249370437196,0.1630482835831906,0.04213434304386504
0.36850958032470066,0.16302417047466608,0.042141763170129916
0.36849274083955924,0.1629977291279037,0.042149899745776744
0.36848839030345626,0.16299089791942342,0.04215200185672664
0.3684761737823974,0.16297171554734763,0.042157904688487936
0.36846496586969374,0.16295411689134412,0.04216332017647884
0.36845999635514853,0.16294631376338467,0.042165721368123674
0.3684544831490434,0.1629376569313513,0.04216838526302035
0.3684521835576659,0.16293404611471923,0.042169496389580494
0.36844679115774415,0.1629255789724631,0.04217210191282024
0.36844120858483503,0.16291681322072676,0.042174799324670886
0.36844094155194596,0.16291639392588747,0.04217492835078325
0.36843836874541513,0.16291235410702945,0.04217617149062908
0.3684379708820519,0.162911729382279,0.04217636373197882
0.36843063661343944,0.1629002131192816,0.04217990753577555
0.36841863577645195,0.1628813694141707,0.042185706152369454
0.368408598921273,0.16286560955180182,0.04219055580369396
0.36840572204749084,0.16286109228677695,0.04219194586407636
0.3683608295061094,0.16279060205244125,0.042213637237408806
0.36832738822327316,0.16273809257556443,0.042229795541848573
0.3683236602282908,0.16273223888067828,0.04223159685067307
0.3683186730703402,0.1627244080490572,0.042234006567335204
0.3683166760776123,0.1627212723725946,0.04223497148296417
0.36828880159207467,0.16267750387660232,0.04224843999808141
0.36827830310840437,0.16266101916552747,0.04225351270106746
0.3682651978713842,0.1626404413323251,0.04225984494647098
0.3682529076169032,0.162621143184086,0.04226578340506775
0.36815240933055815,0.1624633408512975,0.04231434260401927
0.36814916712485546,0.16245824994236888,0.042315909187067444
0.3681252542811938,0.16242070201343742,0.04232746349883826
0.3681060785288813,0.16239059226173974,0.042336728922214656
0.3680777803428505,0.1623461584715553,0.04235040216277838
0.3680709181398747,0.16233538344566156,0.042353717871848315
0.368046603316232,0.16229720432806968,0.04236546641405411
0.36803162690222885,0.16227368837419165,0.04237270278288794
0.36801873407203317,0.16225344406202358,0.04237893239663848
0.368007485185486,0.1622357810689221,0.04238436768254926
0.3679886042757577,0.16220613427882596,0.04239349064260386
0.3679628852118134,0.16216575022418042,0.04240591769174407
0.3679567423136349,0.1621561046501323,0.04240888584399459
0.36792416032352104,0.16210494443403464,0.042424628951640654
0.3679212107968688,0.16210031308952838,0.04242605411675271
0.3678930200103608,0.16205604793799305,0.042439675463548036
0.3678768784579923,0.16203070248473994,0.04244747480900311
0.36785733882373245,0.16200002136588532,0.04245691605444093
0.36785560737859757,0.16199730265205134,0.04245775266162933
0.3678468375654003,0.16198353229803858,0.042461990098100144
0.36783942574244954,0.1619718942592781,0.04246557137493927
0.3678194669432775,0.16194055496799714,0.04247521515430185
0.3678081479767527,0.16192278193536813,0.042480684301760906
0.3678075730333178,0.16192187915962386,0.042480962105429586
0.36779276748637807,0.16189863150107894,0.042488115913972786
0.36778904107522137,0.16189278029311469,0.0424899164575175
0.3677682010708795,0.16186005733414624,0.04249998602142541
0.3677596687442402,0.16184665988134622,0.04250410870810858
0.36773534603325114,0.16180846837904897,0.042515861061356706
0.36771868373409333,0.16178230524958329,0.0425239120235096
0.367713380787971,0.16177397856761494,0.04252647432407361
0.3677125109917027,0.161772612814176,0.0425268945960163
0.3676893605140964,0.16173626195184485,0.04253808054444181
0.3676705092928094,0.16170666177851667,0.042547189159506255
0.3676704865979712,0.16170662614309894,0.042547200125296863
0.3676691460429813,0.1617045212046733,0.042547847860485474
0.3676666487679012,0.1617005999852418,0.04254905450471653
0.367661629672074,0.161692719004791,0.042551479653260796
0.36765270980244963,0.16167871303229048,0.0425557895946485
0.36762985227964345,0.16164282216736373,0.04256683399189995
0.36762966221599924,0.16164252372957413,0.04256692582767793
0.3676190792703649,0.16162590639638763,0.04257203934136298
0.3676067684305163,0.16160657592501995,0.04257798774648718
0.36760594121160983,0.16160527702652208,0.04257838744571508
0.36760514349405704,0.1616040244510274,0.04257877289035061
0.36759098723745476,0.16158179630767655,0.042585612971965524
0.3675663563402352,0.16154312089159456,0.04259751423597646
0.36756528012743883,0.16154143102308016,0.04259803424515467
0.36755743403392777,0.16152911109301613,0.04260182535473129
0.3675550601636813,0.16152538364376048,0.0426029723716783
0.3675386788674534,0.16149966174488173,0.042610887557613726
0.3675057002083308,0.16144787867940816,0.042626822329516124
0.3674706110261437,0.16139278167222382,0.04264377687312913
0.3674684773714554,0.16138943140925488,0.042644807821678336
0.3674548659254158,0.1613680587270353,0.042651384659356764
0.36743973512539313,0.1613443003563469,0.04265869562509875
0.36743464413942095,0.16133630649404515,0.04266115550983583
0.36743449477543777,0.16133607196283234,0.04266122768017464
0.3674208827927308,0.16131469843793791,0.042667804777162394
0.3674182921251457,0.16131063057366613,0.042669056547190075
0.3674060534161428,0.16129141336209746,0.04267497009981864
0.3673934783339277,0.16127166797756684,0.04268104618271838
0.36739034848649627,0.1612667534935103,0.042682558476008534
0.36737707452677304,0.16124591073204794,0.0426889722455813
0.36737471851143977,0.16124221131856345,0.042690110635313715
0.36736522216293205,0.1612273001593587,0.04269469912227474
0.3673543303110527,0.16121019778182122,0.04269996189462235
0.36732214659872736,0.16115966294120412,0.042715512560674906
0.36731559315108075,0.16114937272269345,0.04271867908400245
0.3673132512219834,0.16114569542740587,0.042719810667486154
0.3673089756960589,0.1611389819998508,0.04272187653469186
0.36726627972077347,0.16107194081192852,0.042742506561667615
0.3672449442356354,0.1610384398493907,0.04275281553414093
0.3672291208496221,0.16101359398070655,0.042760461146593154
0.36720667985787514,0.1609783571525322,0.04277130428255637
0.36716301422474973,0.1609097934086071,0.04279240283302319
0.3671514326211998,0.16089160798352098,0.04279799888258196
0.36714961335259266,0.16088875136933758,0.042798877924697554
0.36714805564227565,0.16088630545378244,0.04279963058594129
0.36714787100561885,0.16088601553744436,0.042799719799483896
0.3671472737071801,0.16088507765989013,0.042800008404740505
0.3671414234360234,0.1608758915685691,0.04280283516419432
0.3671322256403224,0.16086144919675438,0.04280727939511215
0.3670996944372253,0.16081036872639187,0.042822997963266614
0.36709823493898863,0.16080807702337058,0.042823703169970355
0.36709262529258313,0.1607992687608509,0.04282641366331068
0.3670809301874815,0.16078090511571466,0.04283206455504268
0.36705964219911474,0.16074747873257095,0.042842350577819543
0.36705405190855,0.16073870086257774,0.042845051718720564
0.36705055628107486,0.16073321203097474,0.0428467407512026
0.367037036707958,0.16071198360754851,0.042853273197322794
0.3670082959141614,0.1606668548349869,0.0428671602990312
0.3670056704428347,0.1606627323219064,0.0428684288856821
0.3670025821547532,0.16065788309430948,0.04286992109814486
0.36698854464660646,0.16063584140969325,0.042876703802364705
0.36696624329415,0.16060082384302668,0.0428874794668084
0.36696184469742354,0.16059391716979196,0.0428896047998993
0.36691728073061913,0.16052394286300725,0.04291113741113901
0.36688079719609096,0.16046665644483737,0.042928765683978666
0.36687915596475373,0.16046407938463983,0.04292955870127208
0.3668750281019147,0.16045759781754926,0.04293155321998614
0.3668652380991066,0.16044222556258542,0.04293628359610879
0.3668579637378474,0.16043080336606852,0.042939798453610116
0.3668489006065303,0.16041657244416704,0.0429441776168054
0.3668419290222269,0.16040562566779587,0.042947546177220776
0.366826947300747,0.160382101380122,0.04295478511054428
0.3668178771049552,0.16036785936558778,0.04295916768718314
0.3667870877781135,0.1603195139879966,0.042974044607995095
0.3667310600047944,0.16023153922094086,0.04300111635110994
0.3667146532138404,0.16020577729026253,0.04300904385569798
0.3667027773831865,0.16018712987000155,0.043014782071188105
0.3666967209991652,0.16017762014041734,0.04301770842115198
0.3666868623072103,0.16016214002980744,0.043022471986795235
0.3666842285896287,0.16015800456846369,0.04302374455790746
0.36668418610309045,0.16015793785613366,0.043023765086737734
0.36666548400821014,0.16012857184097584,0.04303280164625661
0.3666602742026496,0.16012039140824688,0.04303531894275899
0.36663740324234195,0.16008447944376544,0.04304636983280084
0.36662338857225935,0.1600624736194601,0.04305314150202558
0.36661385385220285,0.16004750220927877,0.04305774852951835
0.36659755477050654,0.1600219094035949,0.043065623990678974
0.3665964945443164,0.16002024463723746,0.04306613627537926
0.36658688201084705,0.1600051510444944,0.0430707809010952
0.3665749846122643,0.15998646975828784,0.04307652953787099
0.366544586419078,0.15993873853846502,0.0430912174690227
0.3665008297224482,0.15987003180669448,0.043112360019949524
0.36647379973756194,0.15982758934498287,0.04312542048557021
0.36647037551762157,0.15982221263743662,0.04312707501504913
0.366467764209635,0.1598181123636221,0.04312833675819574
0.36646658015306255,0.15981625315889253,0.04312890887579856
0.36644261880282003,0.15977862906496465,0.04314048662519003
0.36641743515087466,0.15973908571383263,0.04315265497163268
0.36641387683486104,0.15973349844873413,0.043154374294235326
0.3664068662449101,0.1597224904257248,0.04315776170156909
0.36638787876245615,0.15969267629521597,0.04316693615589662
0.3663672717555263,0.15966031918860668,0.04317689313910194
0.36635298594466015,0.15963788761924919,0.04318379581930936
0.36634862556240766,0.15963104095035247,0.04318590268776457
0.36634251480683266,0.15962144584659593,0.04318885530921218
0.3663361498191423,0.1596114515477652,0.043191930771638666
0.3663326910079402,0.1596060205250461,0.043193602015073836
0.36631638285589274,0.15958041347710383,0.043201481858886136
0.3663076723749949,0.1595667362866225,0.04320569062691855
0.3662988724188939,0.15955291860224524,0.04320994262796865
0.36629408615958,0.15954540322151045,0.043212255273554094
0.36629374076744,0.15954486088703487,0.043212422161630036
0.3662667588163621,0.1595024938479726,0.043225459418066346
0.36623894793613115,0.1594588252249846,0.043238897200094925
0.36621590115702907,0.15942263718996588,0.043250033043026305
0.3661930639806369,0.15938677827296296,0.043261067609208954
0.3661454368046319,0.15931199411742109,0.0432840803151887
0.3661422096620671,0.1593069268606202,0.04328563961996439
0.3661350897285282,0.1592957471463922,0.04328907986040841
0.36613334836941003,0.1592930128656291,0.04328992125787838
0.3661163775409192,0.15926636528363944,0.04329812129657583
0.3661110195400326,0.1592579521547221,0.04330071019874021
0.3661088173727693,0.15925449431336008,0.043301774251493265
0.36608637878552214,0.15921926126072947,0.04331261622563982
0.3660860647098293,0.1592187680993154,0.04331276798209867
0.3660827689164458,0.15921359304705116,0.043314360457875435
0.3660802778641602,0.1592096815986468,0.043315564095349604
0.36605698752901644,0.1591731111321167,0.043326817620748144
0.36605099825037285,0.15916370677134545,0.043329711546443876
0.36605036261981944,0.1591627087047339,0.043330018673178324
0.36604425397517126,0.1591531169155531,0.04333297027465913
0.36604338739168096,0.15915175620681563,0.04333338899423779
0.36603201600703983,0.15913390086730025,0.04333888346931019
0.3659631400214139,0.15902575184705164,0.043372163267510026
0.36596089855436287,0.1590222322971928,0.043373246309305384
0.3659349327136072,0.1589814607537857,0.043385792597138276
0.36591368732091817,0.15894810125434278,0.043396058038350366
0.36590411054607613,0.15893306380976907,0.0434006853860573
0.36589835919378877,0.15892403304078145,0.04340346434946174
0.3658653016197335,0.15887212606314072,0.043419437251824386
0.3658534381179313,0.15885349800163323,0.04342516951020637
0.36582606954970215,0.15881052389661401,0.043438393573998806
0.36582174807874335,0.15880373832620107,0.043440481641125954
0.3658191197259862,0.15879961128870068,0.04344175162003894
0.3657904280233002,0.1587545595989636,0.04345561500169109
0.36578461917219157,0.15874543854537054,0.04345842174762598
0.36577819908281173,0.1587353577259089,0.04346152383432636
0.3657708580520198,0.15872383084494243,0.043465070905502376
0.36573694739612267,0.15867058435884224,0.04348145600365852
0.3657190132430204,0.15864242416528035,0.043490121505730145
0.36567934586553374,0.15858013847931837,0.04350928816165349
0.36567519745439414,0.15857362464730193,0.043511292608984745
0.36566736888225443,0.1585613322292819,0.04351507525250897
0.365656883934849,0.1585448687728399,0.043520141414983685
0.3656503154754968,0.15853455498296043,0.04352331519173243
0.3656249051940909,0.15849465577842178,0.0435355930419832
0.36562427991683,0.15849367396854228,0.04353589516616875
0.3656148367102315,0.15847884625272302,0.04354045797579102
0.36561034770034684,0.15847179761281602,0.04354262699510482
0.365595389095737,0.158448309623234,0.04354985475871851
0.3655824687216766,0.15842802206171044,0.04355609768123338
0.3655716040662656,0.15841096238804686,0.043561347312673165
0.36556776369535426,0.15840493224056254,0.0435632029197876
0.3655543773065499,0.15838391294304244,0.04356967101333264
0.36554959469355036,0.1583764032877478,0.04357198189707603
0.3655380023150325,0.1583582009438152,0.043577583152930664
0.36553250082976985,0.1583495625158398,0.0435802413844997
0.3655307519224915,0.15834681638296144,0.0435810864291225
0.36551794365849444,0.15832670485657413,0.04358727518180949
0.3655162233643226,0.15832400365197374,0.04358810640102711
0.36550528701602764,0.15830683140619828,0.043593390673346284
0.36549932916309713,0.1582974763900579,0.04359626941462931
0.36547852635203065,0.15826481183194213,0.043606321007328724
0.3654779159454847,0.15826385337204787,0.04360661594621758
0.36546748384793165,0.1582474729004039,0.04361165657247085
0.3654610799911713,0.15823741756938894,0.04361475081582359
0.3654580253612751,0.15823262119184903,0.04361622676517802
0.3654577758651005,0.15823222943314544,0.04361634731782443
0.3654336033656992,0.15819427379296908,0.04362802709118448
0.3654200906047564,0.15817305606601334,0.0436345562457688
0.36540678430616075,0.1581521625260781,0.04364098564097854
0.3653858568479397,0.15811930224709514,0.043651097461232025
0.3653845149807874,0.15811719524831305,0.043651745830436975
0.3653842144333288,0.15811672332892215,0.04365189105026476
0.36536653975230765,0.15808897055822457,0.04366043117948811
0.36533433606680926,0.15803840435574645,0.043675991496265235
0.3653314194435464,0.15803382467611723,0.043677400762974536
0.36530332946358945,0.1579897178109516,0.04369097340162225
0.3653015565755466,0.15798693402349506,0.04369183003337511
0.3652885563245314,0.15796652103923786,0.04369811155118428
0.36528516819334744,0.15796120099822958,0.04369974864314094
0.3652783309460534,0.15795046515772823,0.04370305229401609
0.365275650494696,0.1579462563150454,0.04370434744615725
0.3652461334503669,0.157899908674488,0.043718609619973
0.3652406559803252,0.1578913079551942,0.043721256247763185
0.3651920770502899,0.15781502935619784,0.04374472882639339
0.3651682121664311,0.15777755673371233,0.043756259964738135
0.36516136852860454,0.1577668108588018,0.04375956670341854
0.36515387812653227,0.15775504943516447,0.04376318594845925
0.36515017936994243,0.15774924165038004,0.04376497312975012
0.36514869341063577,0.15774690839820682,0.04376569112202869
0.36511684135207606,0.15769689432008033,0.04378108153817277
0.36511674215185874,0.1576967385559746,0.04378112947016507
0.36509955351393397,0.15766974896977728,0.043789434750971856
0.3650822096647741,0.15764251567101673,0.04379781502741803
0.36507871129476926,0.15763702253309567,0.0437995053850475
0.3650625724058434,0.15761168126197814,0.043807303443568785
0.3650446743763818,0.15758357778972926,0.043815951491262675
0.3650387660607544,0.1575743005570245,0.04381880629689621
0.3650051626107761,0.15752153644542455,0.043835042957960764
0.36495829122140944,0.1574479390254874,0.04385769047966652
0.36495829122140944,0.1574479390254874,0.04385769047966652
0.36495829122140944,0.1574479390254874,0.04385769047966652
0.36495829122140944,0.1574479390254874,0.04385769047966652
0.36495829122140944,0.1574479390254874,0.04385769047966652
0.36495829122140944,0.1574479390254874,0.04385769047966652
0.3649489772999627,0.15743332809732055,0.04386201248736078
0.3648655909936841,0.15730251839078635,0.0439007068503519
0.3648602944598378,0.15729420961601265,0.043903164640034506
0.36484477449724945,0.15726986315144062,0.043910366482792666
0.36482726013274025,0.1572423880301188,0.0439184938025904
0.3648100066006783,0.15721532208168645,0.043926500086383005
0.36480332184224135,0.15720483557222925,0.04392960206416583
0.36477041983915764,0.15715322156556744,0.04394486982343319
0.3647662861951147,0.1571467370384513,0.04394678798877966
0.36475291699378126,0.1571257645145314,0.04395299179792272
0.36474454600864226,0.15711263278873247,0.043956876247924374
0.36473321523541335,0.1570948579862856,0.04396213415023298
0.36470916059361175,0.15705712300586397,0.043973296403161936
0.3647032623846673,0.15704787037176218,0.04397603339257995
0.36470043183496575,0.15704343003386598,0.043977346873443963
0.3646966426749421,0.15703748590547334,0.043979105185329104
0.3646733733666907,0.15700098289293496,0.043989903014135946
0.36466837596883844,0.15699314337856304,0.04399222199353601
0.3646616812491222,0.15698264124265493,0.043995328593724764
0.3646605495485313,0.15698086592211627,0.04399585374510052
0.36466037275153235,0.15698058857725497,0.043995935785516485
0.36464231697269395,0.15695226412883528,0.04400431434180036
0.3645982557357941,0.15688314441691104,0.04402476040267688
0.36459178416744065,0.1568729923428486,0.04402776345229218
0.36458491177930796,0.15686221149506982,0.044030952497267184
0.36458050713693396,0.15685530184764632,0.044032996415968854
0.3645504806989156,0.15680819879534993,0.044046929805560776
0.36453876652500117,0.15678982254485477,0.044052365620118536
0.3645144832572489,0.1567517289144959,0.044063633964034364
0.364503981849564,0.15673525515377,0.04406850700972987
0.36448017996803467,0.1566979166832612,0.04407955197244464
0.3644758199234983,0.15669107699732565,0.044081575196082606
0.3644562942034415,0.1566604466237728,0.044090635860036455
0.3644463255782357,0.15664480864919503,0.044095261674746915
0.36443676676420445,0.15662981355330885,0.04409969732175416
0.36440665632067215,0.15658257871994286,0.044113669693044595
0.3644066539293956,0.15658257496870118,0.044113670802686314
0.3644019693071746,0.1565752261114931,0.044115844642502275
0.3643968665051846,0.15656722124761796,0.04411821253336211
0.36439622434703284,0.15656621388174302,0.044118510518747614
0.3643936843366175,0.15656222931842737,0.04411968917852281
0.36438508935172564,0.15654874619989692,0.04412367757278262
0.3643787109913846,0.15653874034304083,0.044126637370396155
0.36435307720456783,0.15649852812738443,0.044138532405638656
0.3643413099872812,0.15648006866672862,0.044143992834303786
0.36426110033023457,0.15635424223109745,0.04418121311331204
0.3642396537249068,0.15632059852778116,0.044191165139831914
0.3642324760960438,0.15630933884298304,0.04419449582791529
0.36423006366995436,0.1563055544236595,0.044195615283794336
0.3642266356613061,0.15630017684039324,0.04419720600794191
0.36422554568772003,0.1562984669778117,0.0441977117964277
0.36420376383294073,0.15626429736221642,0.0442078193912243
0.36419334827234456,0.1562479582714738,0.04421265260066181
0.3641894464680404,0.15624183743582637,0.044214463183703596
0.3641773234571517,0.15622281983488642,0.04422008871389923
0.36416054867851744,0.15619650491618745,0.04422787283820619
0.36415946930494103,0.15619481168204546,0.04422837370789128
0.36415541806855967,0.1561884564294171,0.04423025363300249
0.36413853730047285,0.15616197524302025,0.04423808694037717
0.3641320483211798,0.1561517958560811,0.04424109806931925
0.3641244041493605,0.15613980429635138,0.04424464525077318
0.3641177426606496,0.15612935429056218,0.0442477364305333
0.36410009014419203,0.1561016624476151,0.04425592785799902
0.3640993952813063,0.1561005724028077,0.04425625030035114
0.364094365687087,0.15609268238137397,0.044258584220068974
0.36408095171441074,0.15607163962378534,0.04426480880478858
0.3640410235240047,0.15600900350159033,0.04428333697760376
0.3640124476819344,0.15596417602712837,0.044296597236454294
0.36399261538177613,0.15593306471545879,0.04430580016503481
0.36397365288353745,0.15590331787883233,0.04431459947301247
0.36391965420635825,0.15581860911272571,0.04433965687762794
0.3638920026433921,0.15577523157271658,0.04435248823642574
0.3638606539934617,0.15572605434109846,0.04436703518176754
0.36384140821945155,0.15569586312430705,0.044375965940291674
0.36382896373887047,0.155676341227662,0.04438174064444072
0.36381639198988913,0.1556566196826235,0.04438757440588461
0.36380289902260093,0.15563545300466383,0.0443938356470569
0.3637776506056254,0.15559584532610818,0.04440555185628841
0.36376834733833013,0.1555812511113143,0.044409868920058125
0.36376479349024365,0.1555756761212949,0.044411518038408725
0.3637397343330071,0.15553636533814108,0.04442314642404707
0.36371626389782863,0.155499546813914,0.04443403758326596
0.3637003788840389,0.15547462768648337,0.044441408823426724
0.36369338888714603,0.1554636623435747,0.044444652443262525
0.3636822405343702,0.15544617370761002,0.04444982569566226
0.3636575307828781,0.15540741104398495,0.044461291943974794
0.36365603305367344,0.15540506152730202,0.04446198694630904
0.3636327212115356,0.15536849179103585,0.044472804512429055
0.36360824414288784,0.1553300941414753,0.04448416278720442
0.3636001076432034,0.15531733025753028,0.0444879384271904
0.3635954537741094,0.15531002964334556,0.044490097996405915
0.3635537475428913,0.15524460427424408,0.044509451246618884
0.36351180436009983,0.15517880719464042,0.044528914451218864
0.36348508461237183,0.15513689141116285,0.04454131341291605
0.36347632168230093,0.15512314483379167,0.04454537974001653
0.3634428616095849,0.15507065537253686,0.04456090646445323
0.3634348892879638,0.15505814903788556,0.04456460591968103
0.3634287836432566,0.15504857099530284,0.04456743916704669
0.3633832862844905,0.15497719841131535,0.044588551642149615
0.3633791981680048,0.15497078530415623,0.044590448681007755
0.3633721733302767,0.15495976530575756,0.0445937084682934
0.36336156901633127,0.1549431301139964,0.04459862926634033
0.36332893944089395,0.15489194346983642,0.044613770608996774
0.3633268105121893,0.15488860377832697,0.04461475851149246
0.36331517316204814,0.1548703480427663,0.04462015867694784
0.36331271845499885,0.15486649729648583,0.04462129775277265
0.3632746234277263,0.15480673689264587,0.04463897526937249
0.3632624647566945,0.15478766335095182,0.04464461734720746
0.3632509802359867,0.1547696473618701,0.0446499465940932
0.3632333919950072,0.15474205634910487,0.044658108195334556
0.3632247826241445,0.15472855066302452,0.04466210326522259
0.36322434129672526,0.15472785834419223,0.044662308057641376
0.3632036075854567,0.15469533297153287,0.04467192927467066
0.363201280324508,0.15469168215240775,0.04467300921074104
0.3631974981687753,0.1546857490117814,0.04467476427237336
0.36318865427074665,0.15467187541841368,0.04467886817163271
0.36317791836373875,0.15465503379407805,0.0446838500337794
0.3631516247893952,0.1546137865570063,0.04469605123509635
0.3631455942137482,0.15460432627670576,0.04469884964761211
0.3631431873427468,0.15460055057175598,0.04469996652572264
0.3631210696260653,0.1545658540831185,0.044710229972996
0.36310950570633016,0.15454771353925176,0.044715596063998206
0.36310464819529265,0.15454009346802344,0.044717850130687437
0.36309808140899774,0.15452979202374026,0.04472089736498669
0.36308950256686856,0.15451633422867292,0.04472487826840122
0.3630811070103957,0.15450316395734875,0.044728774120420235
0.36308068250147923,0.15450249802202604,0.044728971108425095
0.36302098124575843,0.15440884351100276,0.04475667472263925
0.363008483966372,0.1543892387878536,0.04476247392740756
0.36299503118840865,0.15436813515566278,0.04476871651923088
0.3629863915405381,0.1543545819734565,0.04477272563878224
0.36297967731201336,0.15434404923370434,0.044775841291787355
0.36297056540687056,0.1543297552124089,0.04478006955636544
0.36296559193502026,0.15432195323121764,0.04478237743320626
0.36294587393614713,0.15429102122617813,0.044791527321718004
0.36294498824555954,0.15428963182627525,0.04479193831525668
0.36293559518460394,0.15427489675043496,0.04479629704664117
0.36293279409745466,0.1542705026310126,0.044797596855779644
0.36289229521671595,0.15420697125588853,0.0448163898502409
0.36288734903608455,0.1541992120869586,0.04481868506293603
0.36288033283490134,0.1541882056368745,0.04482194084254201
0.36285939547176976,0.1541553607916106,0.04483165656164804
0.36281881754659684,0.15409170541795847,0.044850486235681344
0.3628079224901276,0.15407461413279402,0.044855541949126915
0.36280698837701475,0.15407314877154213,0.044855975412527276
0.3628013214222516,0.15406425891033354,0.044858605091361206
0.36279160952068,0.15404902366307097,0.04486311177670939
0.3627820462294251,0.15403402154367776,0.044867549501315745
0.36277589013711425,0.15402436436296638,0.04487040615825519
0.3627642168797115,0.15400605229899217,0.044875822986022086
0.3627536057589476,0.1539894064292436,0.04488074694268722
0.36273139773341045,0.15395456827136295,0.04489105229664521
0.3627305467345653,0.15395323329306537,0.044891447191918656
0.362709723601389,0.15392056764253498,0.044901109904055644
0.36268615417788685,0.15388359383341588,0.044912046997556763
0.3626696290088462,0.15385767048209942,0.0449197152936822
0.36266312157514624,0.1538474621453764,0.04492273498615886
0.3626562058593096,0.15383661332859289,0.04492594413680806
0.36264375089448003,0.1538170749851052,0.044931723706040254
0.3625972599340236,0.15374414371898715,0.04495329724946714
0.362586405490436,0.15372711614403337,0.04495833411701754
0.36256962227091033,0.15370078798394524,0.04496612215821365
0.36255287372393125,0.1536745142153496,0.04497389411005208
0.3625451468288819,0.15366239288609387,0.04497747967817682
0.3625410013929301,0.15365588986078302,0.04497940331540976
0.3625378735328868,0.15365098312642086,0.04498085475938545
0.36253615118261356,0.1536482812423365,0.044981653994291555
0.362525107677838,0.1536309570834516,0.04498677859330007
0.3625227495071221,0.1536272577755787,0.04498787287265778
0.36251335023101317,0.15361251294990744,0.044992234488105756
0.36249424996249535,0.1535825499903876,0.04500109772664261
0.36249267131198076,0.15358007353088543,0.0450018302794894
0.36246986240696816,0.15354429276178524,0.045012414463984164
0.3624694802524546,0.15354369326863113,0.045012591797962895
0.3624424245251759,0.15350125042755383,0.045025146666730145
0.36244239956199115,0.15350121126732463,0.04502515825058094
0.36242361841861054,0.15347174892556087,0.04503387340312566
0.3624162929230204,0.15346025727937668,0.04503727270689751
0.36241339226740177,0.15345570696497657,0.045038618719527516
0.3623736006333193,0.1533932850613194,0.04505708352510426
0.36236944604500976,0.15338676767852852,0.04505901140937328
0.3623561442123562,0.15336590083715565,0.045065183956930745
0.3623520816408774,0.15335952780294143,0.045067069141950834
0.36233987041425575,0.15334037181628016,0.04507273560754396
0.3622911292082418,0.15326391054656635,0.04509535334902092
0.36225784818276646,0.15321170196017037,0.045110796988845396
0.36224323225333144,0.1531887736698378,0.04511757932642875
0.3622328620923785,0.15317250579839087,0.04512239146873484
0.3622085070355562,0.15313429955113367,0.045133693125462525
0.36220431322119995,0.1531277206336869,0.045135639212083446
0.3621976652956286,0.15311729190465617,0.04513872409803987
0.36219706955983144,0.15311635736242407,0.04513900054171762
0.36218681054488094,0.15310026384785438,0.045143761108124056
0.362178877803769,0.15308781960391105,0.04514744219651612
0.36216461073213585,0.15306543857353902,0.045154062651039537
0.36215673517383956,0.1530530840333812,0.04515771720446773
0.3621535827817854,0.15304813881518065,0.045159180032213406
0.36215305441881224,0.15304730996199659,0.045159425212382524
0.362112021618057,0.1529829410162475,0.0451784659656887
0.3620983108232516,0.1529614326280614,0.045184828286971096
0.36208792736347145,0.15294514389448788,0.045189646600430074
0.36208338393523265,0.15293801653100214,0.04519175492096066
0.3620727179913133,0.1529212846591125,0.04519670431761916
0.3620477490289416,0.15288211536638244,0.04520829084946881
0.3620332925741483,0.15285943724699538,0.045214999184857434
0.36202849887746963,0.15285191728258227,0.04521722363929886
0.3620262826865807,0.15284844070120177,0.04521825203470979
0.3620064878689917,0.15281738818916135,0.04522743756997711
0.36199028898399727,0.15279197668591973,0.04523495445810898
0.3619840737576589,0.15278222674051928,0.04523783855544751
0.36193855990427953,0.1527108282811139,0.04525895868466755
0.36192457069366607,0.1526888831366812,0.04526545020129173
0.36189615787237744,0.15264431139606285,0.04527863481240606
0.36186902852682257,0.15260175306857632,0.04529122384280518
0.36186747360320476,0.15259931382991462,0.045291945385484984
0.3618403010976098,0.1525566877964409,0.045304554443755994
0.36182042436383854,0.15252550678090593,0.04531377799119378
0.3617996054338482,0.15249284772399443,0.04532343875289537
0.3617983323194099,0.15249085056482656,0.0453240295255822
0.36179115411191026,0.15247958997230998,0.04532736048217461
0.3617886233247142,0.15247561987763622,0.04532853486203131
0.361773298207827,0.15245157907127263,0.04533564628910105
0.3617685275546549,0.15244409525565272,0.045337860050494054
0.36176226647755866,0.15243427338328422,0.045340765424298095
0.36173303068209617,0.15238841062721054,0.04535433192619086
0.36171070415541706,0.1523533865743035,0.04536469226910815
0.3617007644995215,0.15233779404444123,0.04536930464097586
0.3616771096475027,0.1523006862219608,0.04538028137650192
0.36167466710624047,0.15229685456038508,0.04538141480694678
0.36166607127311423,0.15228337011121304,0.04538540359481905
0.3616514545580043,0.15226044058837698,0.04539218629698496
0.3616447229416133,0.15224988057194377,0.04539531001860994
0.3616243259134506,0.15221788336056452,0.04540477500209333
0.36162266970683044,0.15221528523730404,0.045405543543872065
0.36161724662627925,0.15220677794627427,0.045408060055955914
0.3616139973538417,0.1522016807499482,0.04540956783982076
0.36161275680072374,0.15219973467035142,0.04541014350283784
0.3616077484236447,0.1521918779326548,0.045412467577009515
0.3615917983296722,0.15216685671268657,0.045419869016807696
0.3615835221631249,0.1521538737306407,0.04542370946743861
0.3615697983466763,0.15213234491515187,0.04543007783125018
0.3614999856202128,0.15202282834500266,0.04546247354584332
0.36149675308986806,0.15201775741232046,0.04546397356075129
0.36146495156810604,0.15196786975192766,0.04547873065555076
0.3614548458857092,0.15195201677309153,0.045483420069920906
0.36144619085103297,0.15193843945330646,0.045487436329525253
0.361426687360313,0.15190784395134302,0.04549648667823588
0.361413172327761,0.1518866426591785,0.04550275815851536
0.36140493432393944,0.15187371954373646,0.04550658090021503
0.36139401799410764,0.151856594886638,0.045511646485296015
0.36139033166179735,0.1518508120660621,0.045513357081278565
0.36136355664065584,0.151808809574115,0.045525781691905666
0.36136079878705485,0.15180448327599347,0.04552706143906172
0.36133243747591404,0.1517599923403372,0.04554022214754208
0.36131177949141113,0.15172758576171524,0.045549808224521544
0.3612995316219519,0.1517083722927281,0.04555549169376098
0.361280627521478,0.15167871706580127,0.04556426390299295
0.3612779046282003,0.15167444561061316,0.045565527427252187
0.36126760920526985,0.15165829498214325,0.04557030488832222
0.36125387366953526,0.15163674778238445,0.04557667869032055
0.36125101308449536,0.15163226032747387,0.04557800610870422
0.3612339202066823,0.15160544640045953,0.04558593784292028
0.3612159560697181,0.151577265712415,0.04559427387394906
0.3612124996221969,0.15157184351654046,0.04559587779479666
0.36121181551751086,0.1515707703483283,0.045596195244942
0.36121082643652697,0.15156921875791715,0.04559665421548917
0.3612067513278481,0.15156282605635538,0.04559854521823872
0.3611911646054865,0.15153837486443977,0.04560577804002707
0.36117510201559283,0.15151317716995083,0.04561323168213764
0.36116154028874764,0.15149190262754827,0.04561952483031453
0.3611425634685219,0.15146213332374456,0.045628330784229516
0.3611406118269614,0.1514590717459965,0.045629236418863586
0.3611182971369133,0.1514240662614408,0.045639591269141626
0.36110630182009723,0.1514052489766548,0.04564515754451452
0.36110316981343576,0.1514003357374129,0.045646610912675994
0.36109501165952346,0.15138753788406314,0.0456503966010331
0.36108911230899626,0.15137828345913845,0.0456531341201882
0.361080658164525,0.15136502127969148,0.04565705715922843
0.36107861061013746,0.15136180924164236,0.0456580073009993
0.36106824457801706,0.1513455478471747,0.04566281752737275
0.36101798529999257,0.15126670514862606,0.04568613971100628
0.36098639893812506,0.1512171550137086,0.04570079696357227
0.3609858988853618,0.15121637057129683,0.04570102900674576
0.3609769442851844,0.15120232331733371,0.04570518427594006
0.36097365720971053,0.15119716681865564,0.045706709601826795
0.3609616359979823,0.1511783089120217,0.045712287893406825
0.3609609700424902,0.15117726421480016,0.04571259692164775
0.36095544859657946,0.1511686026161341,0.04571515907893521
0.36095369355564244,0.151165849449575,0.04571597348353129
0.36091708530652944,0.15110842138330233,0.04573296107949116
0.3609040595375715,0.15108798760837192,0.04573900552317493
0.3608955331792686,0.1510746121456949,0.04574296207213227
0.36087877098449,0.15104831696753301,0.045750740357059824
0.36087322584440124,0.15103961819935305,0.04575331350933154
0.36085324028464194,0.1510082664663922,0.04576258755609557
0.36084552357924793,0.15099616112184527,0.045766168395839364
0.3608427772705478,0.15099185293443237,0.045767442785729875
0.36083289337056035,0.1509763478699383,0.045772029284772114
0.3607909586556308,0.150910564074033,0.045791488559967626
0.36078351611527076,0.15089888881746127,0.04579494217688773
0.36077729469530545,0.1508891291559988,0.04579782914830067
0.3607689708848715,0.15087607143406928,0.04580169170747586
0.3607290261247562,0.15081340931865192,0.04582022756925548
0.36071978657657205,0.15079891506125617,0.04582451506497593
0.3607180451993222,0.15079618332918668,0.0458253231291104
0.36071112988555687,0.15078533514314021,0.045828532093183466
0.3606959164333278,0.15076146950727906,0.04583559170367792
0.3606879133652312,0.1507489149400388,0.04583930542641962
0.36068627182286456,0.1507463398208756,0.045840067163436596
0.3606837584619185,0.1507423970630963,0.045841233456861905
0.3606789286329797,0.15073482041731007,0.04584347467802259
0.3606769236458734,0.15073167515537578,0.04584440506698387
0.3606726654849262,0.15072499529619107,0.04584638101282819
0.36066978016731727,0.15072046904282255,0.04584771990804837
0.3606555995586998,0.15069822364865038,0.04585430024050063
0.3606495423117984,0.15068872152863882,0.04585711102947535
0.3606449494366155,0.1506815165967785,0.04585924229523625
0.3605994856398568,0.15061019666215908,0.04588033919631326
0.3605939721878773,0.15060154760372715,0.04588289764411782
0.3605658020394048,0.15055735654863478,0.04589596964597464
0.3605652841156489,0.15055654407165217,0.04589620998195673
0.3605455269022099,0.150525550549967,0.045905378067492834
0.36053414342562073,0.15050769307074255,0.04591066042613062
0.36052894420911036,0.15049953695955018,0.04591307305693177
0.3605070805418702,0.15046523900317,0.04592321861576827
0.36050114094228425,0.15045592143877073,0.045925974811991094
0.36049363299011455,0.150444143569432,0.045929458782435865
0.3604861741961063,0.15043244281544896,0.045932919941656276
0.36048380467472807,0.15042872570157326,0.04593401948814557
0.36046483421554953,0.15039896637646688,0.045942822490296915
0.36045898409047156,0.15038978917245352,0.0459455371670036
0.36045789281291296,0.1503880772643051,0.0459460435605814
0.36045737897711516,0.15038727120018117,0.04594628199959813
0.3604572412386376,0.15038705512717554,0.04594634591540021
0.3604528923897288,0.1503802330040367,0.04594836394384854
0.3604416879419037,0.15036265637068655,0.04595356322644792
0.3604416095359301,0.15036253337372393,0.04595359960975038
0.3604324247985625,0.15034812509911316,0.04595786167120313
0.36043028645879444,0.15034477064428697,0.045958853940784035
0.36042130148538054,0.15033067574324213,0.04596302330429538
0.36039530659198804,0.1502898970527375,0.04597508590648673
0.36038452456743125,0.15027298308291362,0.04598008916889994
0.3603839276106799,0.15027204662534713,0.045980366179146075
0.3603748535753733,0.1502578120111939,0.045984576870704647
0.36036507984656274,0.15024247977434935,0.045989112246202744
0.3603595744965974,0.15023384342570323,0.045991666934369894
0.3603413493486638,0.15020525328471807,0.04600012408424475
0.3603228728025962,0.15017626877063253,0.04600869789225077
0.360253374754551,0.15006724584258582,0.04604094758429553
0.360250255339014,0.15006235235528365,0.04604239510970461
0.36024886858541855,0.15006017692817877,0.04604303861520804
0.36023363540528097,0.15003628034476704,0.04605010738018947
0.3602321522340594,0.1500339536654729,0.04605079562707541
0.3602201201937223,0.15001507877179138,0.046056378943534725
0.36020600365723543,0.149992933888806,0.04606292954412344
0.3601726715673711,0.1499406451967183,0.04607839687973315
0.360164645571587,0.1499280546623726,0.046082121241778844
0.360146461544865,0.149899529029025,0.046090559309874456
0.360103860853374,0.14983270050284614,0.0461103276230879
0.3600862835996443,0.1498051267259915,0.046118484125834656
0.36008170914205123,0.1497979506861595,0.04612060684514544
0.3600434851944099,0.14973798804245106,0.04613834418561531
0.3600396645841413,0.1497319945774528,0.04614011709158967
0.3600232211476556,0.14970619944157137,0.04614774746075451
0.36001185459684787,0.14968836851414674,0.046153021965197015
0.35997158831248166,0.14962520201743712,0.046171707026247275
0.35996205510424895,0.1496102470898609,0.04617613079120687
0.3599450253428483,0.14958353217477968,0.04618403323704837
0.35994206693344705,0.14957889126090718,0.04618540604959226
0.3599416476346151,0.1495782334987445,0.04618560061992316
0.3599304010067402,0.14956059069673688,0.046190819475642284
0.3599244371240179,0.14955123503891343,0.04619358694014804
0.3598879413965627,0.149493983487535,0.046210522321852764
0.35986956449702456,0.14946515529088167,0.04621904989014444
0.35986881278882327,0.14946397607173165,0.04621939871084777
0.3598236434880621,0.14939311811866218,0.04624035895477402
0.35981193256350946,0.14937474696550357,0.04624579326150644
0.3597772303621378,0.1493203089530756,0.046261896380068605
0.3597680017773694,0.14930583189420163,0.04626617878835432
0.359752828253964,0.14928202889545594,0.04627321987038214
0.35975189004946756,0.14928055711597174,0.0462736552323374
0.35973734124622253,0.14925773412778773,0.04628040642085951
0.3597340525481845,0.14925257508376202,0.04628193249967665
0.35964198012298043,0.1491081392949815,0.04632465754652567
0.35963471544821396,0.14909674305959614,0.04632802862716195
0.35962358409694845,0.14907928109422847,0.04633319399022541
0.35961092983785936,0.14905943011399297,0.04633906603944342
0.35958970245639743,0.14902613031138212,0.046348916337895243
0.35955039964692354,0.1489644752363141,0.04636715431058194
0.3595209406969971,0.14891826241352987,0.046380824364487226
0.3595004121927911,0.1488860589531463,0.04639035035776912
0.3594948653829589,0.14887735756560758,0.04639292428486422
0.3594736489562554,0.14884407494793755,0.04640276949989863
0.3594611539084358,0.14882447372549037,0.0464085676691365
0.35945221057865884,0.14881044415162187,0.046412717708443685
0.3594456274858801,0.14880011712704305,0.04641577250956096
0.3594208586157695,0.14876126172290113,0.04642726619112228
0.3594203979172512,0.14876053901625222,0.0464274799724551
0.3594196281584022,0.14875933148070317,0.04642783716933367
0.35941179384987887,0.14874704164985955,0.04643147258132534
0.35940321741878467,0.14873358763702924,0.04643545236592953
0.35939061987642706,0.14871382562942403,0.046441298096464134
0.35936269112140756,0.14867001325289586,0.0464542580827358
0.3593579823799373,0.14866262655935644,0.046456443114784966
0.35934937807676226,0.14864912882305548,0.04646043583307649
0.35926956061947934,0.14852391763875614,0.04649747411673443
0.3592534200307187,0.14849859758594053,0.046504963953234786
0.3592385379453617,0.1484752517716811,0.04651186979711451
0.3592277409005057,0.14845831423922415,0.04651688002950802
0.3592224843401768,0.148450068171678,0.046519319269984385
0.35920727651022183,0.1484262113555866,0.04652637627153352
0.3591888769501088,0.14839734761085246,0.04653491435517896
0.3591860095620975,0.14839284948398954,0.04653624493039563
0.35917435731411,0.14837457037789004,0.04654165200900858
0.3591019282957305,0.14826094958016423,0.046575261780844535
0.3590978160807199,0.14825449866918433,0.046577170002319014
0.3590963381316408,0.14825218018196584,0.04657785582593562
0.35905824228282124,0.14819241848934916,0.04659553372376401
0.35905214243206085,0.1481828495358425,0.04659836428252179
0.359033882382959,0.1481542046447218,0.04660683762784326
0.359033882382959,0.1481542046447218,0.04660683762784326
0.359033882382959,0.1481542046447218,0.04660683762784326
0.3590262567467019,0.14814225275227827,0.0466102196735915
0.35902165698060395,0.14813504339848602,0.04661225971574013
0.35893704933729287,0.14800243525686205,0.046649784049537533
0.3589230185540244,0.1479804443820198,0.046656006841878726
0.3588731453388801,0.14790227656977156,0.0466781261102969
0.3588695986864569,0.14789671779318328,0.0466796990860256
0.35886117172970244,0.1478835099666676,0.04668343652540786
0.358819866286645,0.14781877068510335,0.04670175590143915
0.35881445668418716,0.1478102920500678,0.04670415511409174
0.35880873305649974,0.14780132123370562,0.046706693600066185
0.3587783506250923,0.14775370192167558,0.046720168511470074
0.3587334727500578,0.14768336345844152,0.04674007229671937
0.3587225049572393,0.1476661733020152,0.0467449366222417
0.35870754608251587,0.14764272780110976,0.046751571032401205
0.35870157190091617,0.14763336428395393,0.04675422064153508
0.3586943216945681,0.1476220008142651,0.04675743618037364
0.3586876776438439,0.1476115873907857,0.0467603828831464
0.3586816148953412,0.14760208506001973,0.04676307177258523
0.3586430909130659,0.1475417052468307,0.04678015754301368
0.35862867730526804,0.14751911435941947,0.046786550121852476
0.35862829768260374,0.14751851936523147,0.046786718488290954
0.35862290875476516,0.14751007313415762,0.04678910853154368
0.3586191746889197,0.14750422061879268,0.04679076462699468
0.3586074263669228,0.1474858071151629,0.046795975124993686
0.35860260510218545,0.14747825059979303,0.046798113403998365
0.3585871763246493,0.14745406860586752,0.04680495622074276
0.3585723564383409,0.14743084094574693,0.046811528988153744
0.3585588411910601,0.14740965808619236,0.046817523135141814
0.3585546242899199,0.14740304880833374,0.046819393372862436
0.3584945860262206,0.14730894900524358,0.04684602094171442
0.3584931447284302,0.1473066900152276,0.04684666017166189
0.35845009945960005,0.14723922385162957,0.0468657511777787
0.3584307999380697,0.14720897512250522,0.046874310708096445
0.35842371352204083,0.14719786836638263,0.046877453604294565
0.3584220746744732,0.14719529975057144,0.04687818044953888
0.3583997716880298,0.14716034359922178,0.04688807204650611
0.35838796514373616,0.14714183884200943,0.04689330836667447
0.3583647299017989,0.14710542153817144,0.04690361342825277
0.3583611137775323,0.14709975387624266,0.04690521721543704
0.3583467074946494,0.14707717446939422,0.04691160654560299
0.3583432062489062,0.14707168686008126,0.04691315938301619
0.35831366465585096,0.1470253854196634,0.04692626137422324
0.35831216964376156,0.14702304224158724,0.04692692442699813
0.35828808191889033,0.14698528881522863,0.04693760757326145
0.3582777481292383,0.1469690923513152,0.04694219071205506
0.3582555402829429,0.14693428531602315,0.046952040113417616
0.3582526879404554,0.1469298147525878,0.04695330515576386
0.3581979696273277,0.14684405307039575,0.046977573273469075
0.35816905807898497,0.14679873911828506,0.046990395833561224
0.35814343412218563,0.146758577908739,0.047001760314009086
0.35808514090205196,0.1466672131656887,0.047027613938632334
0.35805603880200043,0.1466216005560691,0.047040521010308145
0.35804296648547423,0.14660111191540467,0.04704631871308817
0.35803370621469327,0.1465865980103822,0.047050425735553736
0.3580210725447976,0.14656679687396948,0.04705602889417749
0.3580155809024055,0.146558189655241,0.04705846449235931
0.3580124669523519,0.14655330906628292,0.04705984556027074
0.3579711655744989,0.14648857615623764,0.047078163133343315
0.357936581822006,0.1464343719854442,0.04709350137255816
0.3579292106062017,0.1464228188539414,0.04709677058029765
0.35790081926414163,0.1463783202370144,0.047109362423714225
0.3578935570293911,0.1463669379148433,0.04711258329726925
0.35788638102354653,0.14635569074186824,0.04711576592744433
0.35787117531303364,0.14633185836769638,0.04712250981173874
0.357835972452812,0.14627668385046427,0.04713812263140708
0.35783531515320366,0.146275653644727,0.047138414150340174
0.35780112349610776,0.14622206401701626,0.04715357849133515
0.3577769759468054,0.1461842168260008,0.04716428817033046
0.35774229434182025,0.14612985928800973,0.04717966980810174
0.35773579344233475,0.14611967022983577,0.047182553021872166
0.3577316794065284,0.1461132221759543,0.04718437763779113
0.357728884495825,0.14610884162710702,0.047185617208568224
0.3577216045701918,0.14609743157747554,0.0471888459282062
0.35771906861241154,0.14609345689344794,0.04718997065077876
0.35771272637964685,0.1460835165184681,0.047192783494275754
0.3576771436932044,0.14602774668800766,0.047208564770661904
0.3576745347489121,0.14602365760999214,0.04720972186348063
0.3576079873010441,0.1459193557638913,0.04723923632044265
0.3575960169163606,0.14590059421463542,0.04724454530545829
0.3575857096833152,0.14588443937370207,0.04724911666613195
0.3575472034950154,0.145824087449554,0.047266194544754746
0.357541349875299,0.14581491289271745,0.047268790683490734
0.35754033780165057,0.14581332663879934,0.047269239548249575
0.3575386779991204,0.14581072517963595,0.047269975687228766
0.3575337915707512,0.14580306653131697,0.04727214286695423
0.3575122249903715,0.14576926457166628,0.04728170786048634
0.3574944096294602,0.14574134201277733,0.04728960915076456
0.35746171834662044,0.14569010396743026,0.047304108060810236
0.35743783465878315,0.1456526703345422,0.047314700714613675
0.3574334949299196,0.14564586854504397,0.04731662542765487
0.35743256882207436,0.14564441702795286,0.04731703616572248
0.3574306887963283,0.14564147040622183,0.047317869975894725
0.35742384581627235,0.14563074519472943,0.04732090490581049
0.35742246149848844,0.1456285755112167,0.04732151886455668
0.3574131934190958,0.1456140493675187,0.04732562935021946
0.35740366132897483,0.14559910943174853,0.047329856927273824
0.35739672676081896,0.14558824067143178,0.04733293247742554
0.35738777239082103,0.14557420621404274,0.04733690382984239
0.3573753700042368,0.14555476757502295,0.04734240441201036
0.3573669028805667,0.1455414967936745,0.04734615966582036
0.35735694716807076,0.14552589290162687,0.04735057512362381
0.3573307576175281,0.1454848452197447,0.04736219045053884
0.35731684762087135,0.1454630436574454,0.04736835967281287
0.3572792795716788,0.1454041621073526,0.04738502147738333
0.35727726694963646,0.14540100766339945,0.04738591409533569
0.3572684525335351,0.145387192560024,0.04738982337680331
0.35722842935579735,0.14532446301203056,0.04740757405537432
0.35721498222451614,0.14530338691276118,0.04741353799223707
0.35716196382784704,0.14522028956151692,0.04743705218003566
0.3571580959717433,0.14521422735259684,0.0474387676128008
0.3571551404291416,0.14520959504047276,0.04744007842542716
0.3571528179873906,0.1452059550066345,0.04744110845151084
0.35714415559745644,0.14519237817851066,0.04744495030785684
0.357134657355414,0.1451774912938671,0.047449162872950715
0.3571133951647783,0.14514416641355232,0.04745859286659496
0.35704439046188124,0.14503601323664786,0.04748919714067431
0.3570338134505773,0.14501943556401614,0.04749388815069676
0.3570286354839282,0.1450113199788532,0.04749618463055755
0.35700846809389286,0.14497971101293317,0.047505129069214544
0.3570053049935604,0.14497475338924298,0.047506531935764915
0.3569873083071423,0.14494654663335302,0.047514513645714206
0.3569749339438925,0.14492715191616068,0.047520001799253794
0.3569742487336042,0.14492607796516285,0.04752030569685187
0.3569738336989293,0.14492542746864986,0.047520489768870286
0.3569708406070373,0.14492073630437702,0.047521817234981466
0.3569661082786746,0.14491331918170136,0.04752391606981687
0.35695967673287565,0.14490323882367706,0.04752676852453547
0.3569579063799397,0.14490046409548857,0.04752755369372243
0.35694559790715186,0.14488117265042827,0.047533012624184856
0.35694172882029046,0.14487510851250415,0.04753472860280329
0.35694088073306,0.1448737792795039,0.04753510473794994
0.35693591891082405,0.14486600246407647,0.04753730535560739
0.3569339040662886,0.14486284453674214,0.04753819895925759
0.35693315243088486,0.14486166647563353,0.04753853231705698
0.3569132556077253,0.14483048157743578,0.04754735675660557
0.3569000340171421,0.14480975897498602,0.04755322066391889
0.356891209186879,0.14479592754917697,0.04755713456417114
0.3568827351147736,0.1447826458773337,0.04756089289968156
0.35684867864882563,0.14472926813883513,0.04757599728205386
0.356846758954389,0.1447262593431547,0.04757684868568609
0.35683750397364994,0.14471175372937628,0.04758095336196532
0.35681567078078114,0.14467753389983437,0.04759063660079588
0.35681176990640456,0.14467141994036753,0.0475923666774944
0.35677065734976465,0.14460698297557253,0.04761060050647539
0.35675057069894395,0.1445755005546878,0.0476195091364853
0.35668334685986613,0.14447013857999996,0.04764932357969611
0.35667080333538,0.14445047873123895,0.04765488675793148
0.3566513455787665,0.14441998199543934,0.04766351646708705
0.35664837022544926,0.14441531863337617,0.047664836065963355
0.356637561308365,0.14439837748773704,0.04766962992851273
0.3566325427760627,0.1443905117888919,0.047671855697650284
0.356608339000326,0.14435257647246988,0.0476825903136301
0.35660492274976363,0.14434722207869796,0.04768410545483274
0.3565848208367831,0.1443157157369644,0.04769302085376276
0.3565806237643805,0.14430913753729124,0.04769488229724049
0.35657912527385577,0.1443067889073573,0.04769554689273613
0.3565647290347486,0.1442842252424251,0.04770193176838735
0.3565389438494481,0.14424381133452843,0.047713367755283786
0.35653266361891983,0.14423396813754602,0.04771615310017044
0.3565317132180646,0.14423247854527896,0.0477165746124303
0.3565087052401726,0.1441964174393152,0.047726778880137516
0.3564990024354751,0.14418120993737898,0.0477310821708095
0.356489971036816,0.14416705475061836,0.04773508768620595
0.3564649320367585,0.14412781036162692,0.04774619273250368
0.35645198861263144,0.14410752373795352,0.04775193327021894
0.3564511534499839,0.14410621476204657,0.04775230367318412
0.3564499006977653,0.14410425128525978,0.047752859281289695
0.3564486342972335,0.14410226641705517,0.047753420942558314
0.3564403446417324,0.1440892737869844,0.04775709748746507
0.3564402091052798,0.14408906135656563,0.04775715759923381
0.3563990585871923,0.14402456489363513,0.047775408264495514
0.3563889182910811,0.14400867169805373,0.04777990558697361
0.35635727796888667,0.14395908085540185,0.04779393838548941
0.3563525368040031,0.14395164988297737,0.047796041139409946
0.35631450889307653,0.14389204757755367,0.04781290689724672
0.35631285093640885,0.14388944901146683,0.047813642217567495
0.3563112122733795,0.14388688068488817,0.04781436898096723
0.35630465732577943,0.14387660691545473,0.04781727616561559
0.3563042065793027,0.1438759004467447,0.04781747607617439
0.35629373438004946,0.14385948704923904,0.047822120601006796
0.3562597614994206,0.14380624031656222,0.04783718791245628
0.35625613191925554,0.14380055156479304,0.047838797667465766
0.35623282258648997,0.1437640181361385,0.047849135589065506
0.35621849209689355,0.14374155752242115,0.04785549130415285
0.35620162236860886,0.14371511708240903,0.04786297319692818
0.3561918039967114,0.14369972844847317,0.04786732774280616
0.3561864611557804,0.14369135445081616,0.047869697346055645
0.35615438810554684,0.1436410853803015,0.0478839220637734
0.35611427791663924,0.14357821945704596,0.04790171133266619
0.35609747594391583,0.14355188521239298,0.04790916317517419
0.3560521492319839,0.1434808432733909,0.04792926602406479
0.35603860226109596,0.1434596106924587,0.04793527424078907
0.3560176316332562,0.14342674278741271,0.047944574923424854
0.3559756015526252,0.1433608677592631,0.047963215683448544
0.3559742584304039,0.14335876264281303,0.04796381137155176
0.3559435239979543,0.14331059162880633,0.04797744239892919
0.3559323014412567,0.14329300217317686,0.04798241971477323
0.35588819911711156,0.1432238792545218,0.04800197953546674
0.3558803588603681,0.1432115909808397,0.04800545676754159
0.3558736267668,0.14320103956512398,0.04800844251819387
0.3558612036779162,0.1431815684787582,0.048013952282038225
0.3558526807952374,0.14316821030461363,0.04801773226552481
0.35584076745485826,0.14314953816263704,0.048023015950822416
0.3558209867084463,0.14311853519506845,0.04803178890917556
0.355788101432968,0.14306699309913823,0.04804637385689157
0.3557674520460885,0.14303462868485362,0.048055532065957016
0.355761601415801,0.14302545881344025,0.04805812687885146
0.35572807931504413,0.14297291860181474,0.048072994264931064
0.3557060359538006,0.14293836936896473,0.0480827707155323
0.35568692304201327,0.1429084131189859,0.04809124748256755
0.3556756028024744,0.14289067056205795,0.04809626812172613
0.3556425357025353,0.1428388434871009,0.04811093371040428
0.3556300866737163,0.1428193317442831,0.04811645497886863
0.3556291925673707,0.14281793038411908,0.04811685152395192
0.3556256423676192,0.14281236604769484,0.048118426072956126
0.3556231549855155,0.1428084674978078,0.04811952925173155
0.3556171083311639,0.14279899039189597,0.04812221100325384
0.3556166956757358,0.14279834362444907,0.048122394020052583
0.3555870177063522,0.14275182843724948,0.04813555649552166
0.3555839817487013,0.14274707008816453,0.04813690297302448
0.35557754214243154,0.14273697709671823,0.04813975900264233
0.3555740335227644,0.14273147793002933,0.04814131511046433
0.3555466925312782,0.14268862555961395,0.04815344111292379
0.3555063077169231,0.14262532920751292,0.04817135218094201
0.3554880710636841,0.1425967463443007,0.048179440318570105
0.3554848067533,0.14259163009100756,0.048180888072788
0.35541394714617563,0.14248056966609512,0.04821231501539544
0.35541252796212514,0.14247834533561862,0.04821294443767868
0.355388792026077,0.14244114327861918,0.048223471562089754
0.35533452070960464,0.14235608218792767,0.04824754143231937
0.3553201524979205,0.14233356245123086,0.04825391387752893
0.3553195768733354,0.14233266025725036,0.048254169172774454
0.35528148277311156,0.14227295421132086,0.04827106428622483
0.3552787348377941,0.14226864728842958,0.04827228302294969
0.3552142919308084,0.14216764395348502,0.04830086409503694
0.35519255040454917,0.14213356779581796,0.04831050667881175
0.35519143166719175,0.1421318143646134,0.04831100284998952
0.3551821892226331,0.1421173283991731,0.0483151019663477
0.355178468922165,0.14211149745870422,0.04831675195671653
0.35517829569375564,0.14211122595253126,0.04831682878524408
0.3551644141734613,0.1420894690221038,0.048322985377967344
0.3551583387358814,0.1420799468033598,0.048325679895138494
0.35514021480995184,0.1420515406211002,0.04833371803708035
0.35512035022881827,0.14202040625681386,0.04834252817696877
0.355109510198423,0.14200341634633284,0.04834733583858193
0.3551049768377626,0.14199631107180963,0.04834934642925657
0.3550983780954005,0.14198596866150898,0.04835227303731878
0.3550938409601708,0.14197885747098815,0.04835428530205255
0.35508669318908853,0.14196765455121774,0.04835745540982891
0.3550816024820014,0.14195967573062948,0.04835971318920351
0.35508079437363815,0.14195840915772792,0.04836007159332376
0.35507670276330244,0.14195199625197105,0.048361886263322794
0.3550720031134831,0.14194463034737376,0.048363970604898235
0.3550686780095545,0.1419394188105029,0.048365445321659546
0.3550430314538438,0.14189922218099332,0.04837681982495004
0.3550312361536544,0.14188073504700874,0.048382051158246016
0.35502116612097534,0.141864951977449,0.04838651731819106
0.3550097601065092,0.14184707498285967,0.04839157599938551
0.35500088931509605,0.1418331715207374,0.04839551028386629
0.3549902309298818,0.14181646630829248,0.048400237384029696
0.35497159782840976,0.1417872620796649,0.048408501350403824
0.3549213958349215,0.1417085789630838,0.04843076643529719
0.3549099148544462,0.1416905844719802,0.04843585836466455
0.35489428047745936,0.14166608023576074,0.048442792366816215
0.354891081222238,0.14166106594540967,0.04844421126842049
0.35488136542695514,0.14164583808293246,0.04844852032054669
0.3548758384979887,0.14163717555847907,0.04845097156867623
0.3548720287395401,0.14163120440778704,0.04845266123455178
0.3548719685588359,0.14163111008473261,0.048452687925294405
0.3548437252609088,0.1415868435018936,0.04846521410966122
0.3548246802884596,0.14155699373531305,0.048473660744922265
0.3548177763842599,0.1415461730355506,0.04847672269530356
0.35481541447377973,0.14154247114116852,0.04847777022616233
0.35479798505636706,0.14151515348330415,0.04848550034664899
0.35472172100330635,0.14139562250532967,0.048519324214940304
0.35469593547556943,0.14135520806072197,0.0485307603537107
0.35468636402027814,0.14134020642671888,0.048535005389610794
0.35468515422300617,0.14133831027453095,0.04853554194676905
0.3546828041847549,0.1413346269878556,0.04853658421217587
0.3546812782120316,0.141332235284233,0.04853726099630073
0.35466276817189824,0.14130322393339734,0.0485454703837436
0.35464905091494886,0.1412817244579239,0.048551554124034765
0.354631905466954,0.14125485187399492,0.048559158301251945
0.3546181345932681,0.1412332683633739,0.048565265821100614
0.35461763391108503,0.14123248362890736,0.04856548787864327
0.35461363658172307,0.1412262184925981,0.04856726073408997
0.3546007719110905,0.14120605530168032,0.0485729663438448
0.3545965422463482,0.14119942601903837,0.04857484224235033
0.3545871008200694,0.14118462818347516,0.048579029609086284
0.3545764259588295,0.1411678971476524,0.04858376401653142
0.3545230230296467,0.14108419710686335,0.04860744874833567
0.35448084403593305,0.1410180886826945,0.048626155552796944
0.3544660144174601,0.14099484576905538,0.04863273263651999
0.354432304410638,0.14094201104651885,0.04864768336081394
0.35443174656483467,0.14094113671776554,0.048647930770992436
0.3544305360158592,0.14093923938740982,0.048648467661538665
0.3544277870726597,0.14093493088483433,0.04864968684526924
0.3544157812334191,0.140916113766569,0.048655011554734624
0.3544149070917006,0.14091474369757442,0.04865539924530663
0.3543992731726664,0.14089024017911803,0.04866233304435176
0.3543957947453474,0.14088478833381776,0.04866387576156621
0.3543853057114997,0.14086834855093833,0.04866852775270921
0.3543643421395222,0.14083549170476067,0.048677825305999685
0.35435508503388014,0.14082098276055688,0.04868193092469462
0.35435133451268336,0.1408151044542176,0.04868359431825807
0.3543378286418941,0.14079393629072448,0.048689584306678586
0.35430738969381664,0.1407462283983926,0.0487030842837894
0.35429812250760084,0.14073170365459797,0.04870719437331933
0.354295220010897,0.14072715448292858,0.04870848165956083
0.3542333924414218,0.1406302502462855,0.04873590280337332
0.3542325439809758,0.14062892042833305,0.04873627910404481
0.3542048938850216,0.14058558358905093,0.048748542197419246
0.3541807360295029,0.14054772024478812,0.0487592564473243
0.3541732681802815,0.1405360156567813,0.04876256851294825
0.3541529163528015,0.14050411761642526,0.04877159475145175
0.3541492732414596,0.14049840765682972,0.048773210507673116
0.35414802947339563,0.1404964582611827,0.04877376213121648
0.3541194742979585,0.14045170286320352,0.04878642663637008
0.35411595654582,0.14044618938291353,0.04878798679453423
0.3540993598180222,0.1404201768248967,0.048795347608870325
0.3540866915825097,0.14040032151273782,0.04880096609768991
0.3540849801290405,0.14039763909948116,0.04880172514437583
0.35408009551240766,0.14038998329075186,0.048803891520578145
0.3540637289554067,0.1403643314864498,0.048811150251869814
0.35406336330708044,0.14036375839466825,0.04881131242054999
0.35400207567143144,0.14026770041279,0.04883849409832454
0.35397607958641,0.14022695595532383,0.04885002362135103
0.3539722192200022,0.14022090548523294,0.04885173573236127
0.35396980163131403,0.14021711632469605,0.04885280795706073
0.35396816303783146,0.1402145481071202,0.048853534689615764
0.3539550185943276,0.14019394641964245,0.048859364381429835
0.3539418267424105,0.14017327042751165,0.04886521509934812
0.35393534871753163,0.1401631172214068,0.04886808816800231
0.3539341698806726,0.14016126959441907,0.048868610993908566
0.3539242414897886,0.14014570852436772,0.04887301433430457
0.35390474527718896,0.14011515151532725,0.04888166109907363
0.353896375008273,0.14010203253739098,0.048885373396834034
0.3538716929130258,0.1400633475362016,0.048896320152288154
0.3538645856880767,0.14005220816562336,0.048899472277449944
0.35382485592933344,0.13998993850217525,0.04891709282176994
0.35380757154376913,0.13996284815715326,0.04892475861918512
0.35380706868457995,0.13996206001059858,0.0489249816422517
0.3537991627777016,0.13994966884145646,0.04892848799081624
0.35379873260287215,0.13994899461531707,0.04892867877764425
0.3537845602206071,0.13992678180804577,0.04893496437055294
0.35376665166548754,0.13989871318302985,0.048942906993392175
0.3537656259262103,0.13989710551055462,0.04894336191899372
0.3537612716011729,0.13989028084402758,0.048945293105583626
0.3537533025609459,0.1398777907240612,0.04894882745441808
0.3537364214718256,0.13985133247786471,0.048956314385837314
0.3536901738841956,0.13977884722227546,0.048976825652286046
0.35368035520050545,0.13976345809965735,0.048981180336447216
0.35365289960827495,0.1397204261119977,0.04899335716547997
0.3536379446955888,0.13969698682091425,0.04899998981843641
0.35360448796042393,0.13964454905877602,0.04901482821422393
0.35359825109073123,0.13963477382255468,0.049017594328147444
0.35355258712851484,0.13956320330088867,0.04903784675090339
0.35354965534236377,0.13955860822297475,0.0490391470273069
0.3535317870596732,0.13953060271816597,0.049047071788922134
0.3535149137460218,0.1395041566586991,0.04905455527184338
0.35351055173940926,0.139497319952605,0.04905648986528846
0.35349352833447606,0.1394706386504913,0.04906403991519039
0.353491001984715,0.13946667902540552,0.04906516037651058
0.3534646279280073,0.13942534216137972,0.04907685753375029
0.3534642933141595,0.13942481771088355,0.049077005938329664
0.353463476344179,0.13942353724889883,0.04907736827266556
0.35346312758856246,0.1394229906335768,0.04907752294926046
0.35346159892518214,0.13942059471280532,0.04907820092671855
0.3534259840972697,0.13936477450603796,0.049093996458167276
0.35342163372222324,0.1393579560304523,0.04909592589289679
0.3534134542263801,0.13934513605697552,0.049099553580896384
0.35339193723064544,0.13931141181285245,0.04910909658314376
0.35337895395302055,0.13929106272557562,0.049114854796282845
0.353350101457783,0.13924584132919898,0.049127651165733775
0.3533317274045185,0.13921704311473332,0.04913580024164378
0.3533295863140765,0.13921368731833658,0.04913674983661288
0.35328451072798434,0.13914303897652758,0.04915674130868849
0.3532840401806211,0.1391423014732838,0.04915695000113797
0.3532331042792702,0.1390624680805104,0.049179540581489385
0.35322912749105023,0.13905623513895995,0.04918130432673469
0.3532104400272433,0.1390269457065857,0.049189592403346645
0.3531947734750202,0.13900239104113646,0.04919654067553655
0.3531898104104915,0.13899461227862575,0.04919874184416321
0.353171728015248,0.1389662711886779,0.04920676156683153
0.3531686548414681,0.13896145450961805,0.049208124550058824
0.353159418915815,0.13894697876145734,0.049212220775217384
0.3531391201739444,0.13891516392379705,0.049221223469723574
0.3531379510356015,0.13891333149758966,0.04922174199424118
0.35313097226104007,0.13890239345122427,0.049224837150374734
0.3531181193680913,0.1388822487198297,0.049230537536609324
0.35309294302969596,0.13884278907626973,0.04924170349382988
0.3530911280289419,0.13883994437019326,0.04924250846476954
0.3530911280289419,0.13883994437019326,0.04924250846476954
0.3530911280289419,0.13883994437019326,0.04924250846476954
0.3530911280289419,0.13883994437019326,0.04924250846476954
0.3530911280289419,0.13883994437019326,0.04924250846476954
0.3530911280289419,0.13883994437019326,0.04924250846476954
0.3530911280289419,0.13883994437019326,0.04924250846476954
0.3530911280289419,0.13883994437019326,0.04924250846476954
0.35306633088690664,0.1388011209355965,0.049252964063271336
0.353055542879531,0.13878423078357083,0.04925751277592514
0.35303811768580035,0.1387569491771592,0.04926486002704001
0.3529797106701481,0.1386655047296925,0.04928948707093401
0.3529621061586773,0.1386379423759856,0.04929690993053201
0.3529620011445956,0.1386377779615815,0.04929695420922644
0.35295450903381054,0.13862604800203046,0.049300113222559026
0.35294994345635633,0.1386188999445068,0.04930203827685449
0.35294439044920384,0.13861020592607137,0.04930437967624566
0.35292971108343985,0.13858722330187015,0.04931056916189168
0.35291514942409324,0.1385644249637205,0.04931670901717951
0.35290683977371073,0.13855141503024965,0.04932021274224452
0.3528652912580361,0.13848636494993818,0.04933773147878368
0.35286052899660314,0.1384789089558155,0.04933973946395523
0.3528469871006293,0.13845770720152015,0.049345449340805335
0.35283926223657264,0.1384456128337884,0.049348706493461965
0.3528372316979632,0.13844243373827858,0.04934956266053205
0.35281838392773485,0.13841292488706844,0.04935750973434731
0.35281045088255336,0.1384005045823285,0.04936085466559772
0.3528020712538034,0.13838738508782156,0.04936438789671278
0.352793371342296,0.1383737641453385,0.04936805617354862
0.35276912155068973,0.1383357976652872,0.04937828098431217
0.3527636973996053,0.1383273053892592,0.049380568052147286
0.3527604641924807,0.13832224334601398,0.04938193131874955
0.3527600911538284,0.1383216593012197,0.04938208860874564
0.3527130080764744,0.13824794408147095,0.04940194096722886
0.35269753049640684,0.13822371173983203,0.049408467016187854
0.352683068103392,0.13820106881717073,0.049414565016293016
0.35267832508891456,0.13819364295688025,0.049416564886076146
0.3526782651371644,0.13819354909393233,0.0494165901644501
0.3526751779989307,0.13818871574220437,0.04941789184179035
0.3526572265366484,0.13816061018790923,0.049425460991568894
0.3526393732450611,0.13813265833372823,0.049432988748134815
0.35262779781134423,0.13811453535434623,0.049437869475407986
0.3526251164306375,0.1381103372734404,0.0494390000669923
0.3526110282129659,0.1380882801752241,0.04944494029782092
0.3526038280754008,0.13807700734106243,0.04944797620201631
0.35259219030695066,0.13805878676783528,0.04945288321243705
0.352588868745926,0.1380535863940576,0.04945428373304641
0.3525581227165754,0.1380054491346143,0.04946724765195115
0.35253277052198717,0.13796575668670713,0.049477937285755606
0.3525141728661879,0.1379366394250264,0.04948577889999627
0.35250036611711383,0.1379150230057265,0.04949160045091246
0.352483630634527,0.13788882123970314,0.04949865688856213
0.35248198037759426,0.13788623752896734,0.049499352711648854
0.3524333389840082,0.13781008254465904,0.04951986212685408
0.35243123961151174,0.13780679567995932,0.0495207473174094
0.3524287943464796,0.1378029672715519,0.04952177835192823
0.3524269168584335,0.13780002779835543,0.049522569985946924
0.35242458321340364,0.13779637414685547,0.04952355395641594
0.3524188496407136,0.13778739742752147,0.04952597149041813
0.35241686616853657,0.13778429202117135,0.049526807812148015
0.35237979050065277,0.1377262448169745,0.04954244059341885
0.35237810850287177,0.13772361141144945,0.04954314979988521
0.3523616146217136,0.13769778790664872,0.049550104367426955
0.3523553965201135,0.13768805258874617,0.04955272620076895
0.35230595330445613,0.13761064223852923,0.0495735737004855
0.35226863963921823,0.13755222241579848,0.049589306832223144
0.3522596647687374,0.13753817098613647,0.04959309104421903
0.3522111067603474,0.13746214655315145,0.04961356530044787
0.3522026917456748,0.1374489716569756,0.049617113451871066
0.35218956142004204,0.13742841427428554,0.04962264979201941
0.35216420943496557,0.13738872215439873,0.04963333933748421
0.35215243359982534,0.13737028541823212,0.04963830456307653
0.35214437599155524,0.13735767009235156,0.049641702015768355
0.35214356176122646,0.13735639529956012,0.04964204533216317
0.3521318061893913,0.13733799028846488,0.04964700201382803
0.3521034844672187,0.13729364862494275,0.04965894373499476
0.3520791489802251,0.13725554797663683,0.04966920467881599
0.35207813278700933,0.13725395698236853,0.04966963315191377
0.35206654824417244,0.1372358197413702,0.04967451772000463
0.35201385494221477,0.13715332092117016,0.049696735603348606
0.3520105059639361,0.13714807762180198,0.04969814768431434
0.35200903227226776,0.13714577034897102,0.049698769059486454
0.351994677915173,0.1371232965718296,0.04970482150675317
0.3519937420734453,0.1371218313791853,0.04970521610002333
0.3519852559804391,0.13710854519982077,0.049708794221292124
0.3519845378027527,0.13710742079103205,0.04970909703754135
0.3519817649866309,0.13710307955504616,0.04971026618243905
0.35198125694737953,0.1371022841477117,0.04971048039480385
0.35196762094238493,0.13708093505242813,0.04971622995228067
0.3519574528339915,0.13706501543997346,0.04972051728743942
0.35194101850530113,0.13703928517298766,0.04972744674496274
0.3519030524764476,0.1369798439827086,0.04974345494275569
0.35190294816367834,0.13697968066630828,0.04974349892574504
0.3519008320332672,0.13697636756472192,0.049744391182196396
0.35189540616384823,0.13696787259839804,0.049746678974559214
0.35188695188711194,0.13695463623190599,0.0497502436806472
0.3518821228877589,0.13694707575012605,0.04975227980554939
0.3518682640425653,0.13692537776697972,0.049758123322549704
0.3518641454835324,0.13691892958004662,0.049759859893626864
0.3518611406191702,0.13691422503970593,0.04976112688057557
0.35185577783438277,0.13690582884129912,0.049763388073599694
0.35185575904352245,0.1369057994215484,0.04976339599667772
0.3518551709830042,0.1369048787295978,0.04976364394963395
0.3518504127283388,0.13689742900863666,0.049765650245370774
0.35182666017053893,0.13686024101846672,0.04977566539983467
0.35181405027619317,0.13684049844459636,0.049780982302574585
0.3517776615733432,0.1367835267813641,0.04979632542826459
0.3517616085992186,0.13675839357891179,0.04980309408942596
0.3517477804228357,0.13673674361212804,0.049808924675066285
0.35172331279146035,0.13669843607309437,0.04981924133694558
0.35170719309289383,0.13667319840408693,0.04982603813215456
0.35169945726233054,0.13666108686673717,0.04982929990878724
0.3516452015824183,0.13657614192277626,0.04985217656145947
0.3516433517707659,0.13657324578089017,0.04985295652585674
0.35163625607452836,0.13656213646440507,0.04985594839285676
0.35154253102174177,0.13641539663238064,0.04989546712126922
0.3515361235889195,0.13640536488965985,0.04989816878523201
0.35151771689457073,0.1363765466051504,0.04990592988147378
0.3514957194878448,0.1363421065523367,0.049915204984728824
0.35147663251656697,0.13631222319803715,0.04992325291654342
0.35147550985082776,0.13631046550596776,0.049923726283280755
0.35145375036284904,0.13627639794861776,0.04993290106921322
0.35142629303904366,0.13623340962305006,0.04994447832086725
0.35138787504493285,0.13617326081720865,0.049960677087688685
0.35138549838445726,0.13616953981894192,0.049961679195418385
0.35136931539809696,0.1361442030639382,0.04996850267562843
0.35136257086694783,0.13613364354608806,0.04997134647551787
0.35136248587517593,0.13613351047944294,0.04997138231189942
0.3513449736773801,0.1361060926558565,0.04997876624786981
0.3513353008987113,0.13609094855217369,0.049982844729576065
0.35132352985950005,0.13607251932471262,0.04998780793298741
0.35131880339148003,0.13606511937024254,0.04998980082603447
0.3513143503250425,0.13605814746463554,0.049991678440588064
0.35130023941994776,0.13603605484604797,0.04999762823746214
0.3512969323831938,0.1360308772120713,0.049999022633980934
0.3512711480750705,0.13599050822928185,0.05000989446642843
0.35126591200305424,0.1359823104176478,0.05001210223160762
0.3512618810815858,0.1359759994397225,0.05001380185071721
0.351258152341116,0.1359701615689086,0.05001537405662762
0.3512475382575407,0.1359535437192021,0.05001984943512772
0.35120827525723236,0.13589207193659197,0.050036404494844526
0.3511916864580614,0.13586609982421158,0.05004339908412065
0.35116780141606757,0.13582870441128975,0.05005347009992285
0.3511175492236237,0.13575002749344517,0.05007465870090279
0.3510570467018789,0.13565530223468117,0.050100169305101055
0.35105048976586123,0.13564503642355355,0.050102934006384194
0.3510500186860047,0.13564429888138144,0.05010313263499369
0.35104002026950204,0.13562864494559268,0.05010734842036353
0.3510250579071614,0.1356052192502073,0.05011365723018726
0.3510139042072522,0.13558775655477576,0.05011836013538068
0.35099846150462194,0.13556357881869988,0.05012487147843204
0.3509907023266847,0.13555143072773274,0.0501281430993753
0.35097778148407216,0.13553120132035218,0.05013359111199183
0.3509761240577904,0.13552860638498587,0.05013428995800095
0.3509690839543824,0.13551758410694167,0.050137258384545434
0.3509560533760596,0.1354971828927795,0.05014275266670889
0.3509100993064078,0.1354252352943407,0.050162128984395815
0.3508787255923196,0.13537611530562463,0.050175357563622826
0.3508620091777105,0.13534994339321849,0.05018240596134922
0.3508400431086701,0.1353155524039857,0.050191667851216315
0.3508258981516564,0.1352934064723007,0.050197632005922144
0.3508007415211517,0.13525402020763824,0.05020823918104905
0.3507917301711636,0.13523991166414584,0.05021203877445787
0.3507676318649643,0.13520218235593393,0.050222199712110914
0.35076173685944795,0.13519295289066785,0.050224685313506316
0.35074456576971574,0.13516606912002105,0.05023192542286338
0.3507355590665118,0.13515196785172673,0.05023572305697749
0.35072786278860474,0.13513991823965696,0.050238968156418394
0.3507263297716938,0.13513751808476443,0.05023961454580045
0.3507098745926087,0.13511175517353538,0.0502465527947948
0.35069855484918294,0.13509403251348373,0.050251325711457344
0.3506881282616945,0.1350777082154316,0.05025572203311279
0.3506763898365409,0.13505933004989254,0.050260671484959905
0.35066270466596616,0.13503790397893647,0.05026644177287271
0.3506455402369448,0.13501103063657488,0.050273679073772344
0.3505933458349254,0.1349293129148215,0.05029568659829997
0.3505892081856962,0.13492283483948503,0.05029743121866873
0.35058919313344833,0.13492281127306108,0.050297437565378376
0.3505888537999706,0.13492227999848672,0.0502975806437459
0.35055417031951513,0.1348679781021982,0.05031220477042032
0.3504999820307697,0.1347831386686446,0.0503350530079235
0.3504541453928433,0.13471137492618826,0.05035437981107482
0.3504312948603134,0.1346755991842129,0.050364014630819215
0.3504256250820879,0.13466672234413998,0.05036640526618497
0.35041269887959553,0.1346464845451091,0.050371855538769675
0.3504032167819816,0.1346316389795988,0.05037585362070447
0.35039857966945237,0.13462437892379314,0.05037780883742841
0.3503869590254413,0.13460618516129844,0.05038270862740983
0.35038487981915584,0.1346029298696555,0.05038358531497698
0.35033106760734617,0.13451867923775884,0.05040627498140612
0.3503249935202841,0.13450916939499338,0.050408836091694366
0.35028187873468913,0.13444166709749789,0.050427015238590875
0.35026288882116335,0.13441193570084267,0.05043502224646005
0.3502449642416637,0.1343838722353477,0.05044258006123949
0.3502443877008484,0.13438296957912216,0.05044282315696705
0.35024153562678034,0.13437850425360645,0.05044402572060566
0.3502141065633875,0.1343355601737133,0.05045559105638946
0.3502081479116929,0.13432623106134944,0.05045810349389705
0.3501887676071971,0.13429588845239113,0.050466275108285635
0.35018396162453086,0.1342883640064913,0.05046830152830989
0.3501802770982316,0.13428259535921747,0.05046985509152293
0.3501764056745306,0.13427653409761575,0.050471487459147805
0.3501759803293972,0.13427586815962395,0.05047166680392607
0.3501693079203213,0.13426542155908452,0.05047448019388199
0.35016285109611894,0.13425531248716951,0.05047720268348825
0.350161500865779,0.13425319851051773,0.050477772001770956
0.3500879374229411,0.13413802453169096,0.050508789682019356
0.35007523351137787,0.13411813476056345,0.05051414622667755
0.3500715045264734,0.13411229650705245,0.0505157185356527
0.35005128241729583,0.13408063593375139,0.050524245093032556
0.3500279627627015,0.13404412571480448,0.0505340777158926
0.35001113500564435,0.13401777948004126,0.050541173060639384
0.34996938790268123,0.13395241848323006,0.05055877553057624
0.3499658159052238,0.13394682601578073,0.05056028164653151
0.3499613654628523,0.13393985821852045,0.05056215815465997
0.3499567886604673,0.13393269258677934,0.05056408794189479
0.3499431520060125,0.13391134247467398,0.05056983777321344
0.34992735858715845,0.13388661564272425,0.05057649699411372
0.3499148024513519,0.13386695723545375,0.050581791229818006
0.3499101239037007,0.13385963230710168,0.05058376391746657
0.3499092580996781,0.13385827676839496,0.050584128979667235
0.34986049169671984,0.13378192606422593,0.05060469110448725
0.34984873903584457,0.13376352561065033,0.05060964655875955
0.34984404363137206,0.13375617429055928,0.050611626354007656
0.3498252958699089,0.13372682201722202,0.05061953125959669
0.34982197708365387,0.13372162598773893,0.05062093061023743
0.349796445834997,0.13368165320535155,0.05063169574134917
0.34979419407816104,0.1336781277614062,0.05063264518404573
0.34979018528166356,0.1336718514232536,0.05063433547426519
0.34975617248683993,0.13361859958022218,0.050648676809492234
0.34974992367669905,0.13360881618375386,0.05065131159094624
0.3497456072697668,0.1336020582379394,0.05065313158366113
0.34973857851775114,0.13359105373210614,0.05065609522394433
0.3497157548912031,0.13355532011525267,0.05066571869890777
0.3497099925478934,0.13354629835144258,0.050668148363906665
0.34968529615787924,0.13350763265839094,0.050678561480791876
0.3496691672074462,0.1334823805042773,0.050685362177006935
0.3496671299454325,0.13347919088232674,0.050686221178968864
0.3496434742996708,0.1334421546216655,0.0506961954709269
0.3496342733430944,0.1334277492222301,0.050700075011063384
0.3496050714731468,0.13338202956282733,0.0507123878424066
0.34958791793044885,0.1333551732645455,0.05071962055313907
0.34957672217485525,0.13333764472498918,0.05072434119091435
0.3495697871940582,0.13332678703126694,0.05072726529300358
0.3495174923377339,0.13324491203408514,0.05074931517361718
0.34950987715982196,0.13323298939553324,0.05075252607762594
0.34946818288960363,0.13316771111585965,0.05077010627088406
0.34946302578299526,0.13315963693574512,0.050772280740669785
0.34944185341623385,0.13312648859973727,0.05078120796969783
0.34940943808141167,0.1330757378063752,0.05079487574341628
0.34939989846043434,0.1330608021798999,0.05079889807980718
0.3493233108200235,0.13294089339185555,0.050831190898761765
0.34931748104198773,0.13293176604943985,0.050833648997296275
0.3492603399593193,0.13284230359918608,0.050857742266491944
0.3492131454527901,0.13276841392129654,0.050877641608563666
0.34919790666904627,0.1327445554490915,0.05088406697017408
0.34919304619251235,0.132736945685331,0.05088611636728176
0.3491903625682258,0.13273274409178357,0.05088724790486097
0.3491842136765474,0.1327231171318065,0.050889840556164447
0.3491691546255983,0.13269954005672333,0.05089619013428593
0.3491359468104518,0.13264754852327934,0.050910192053611955
0.3491167897787005,0.1326175554793952,0.0509182695260962
0.3491155320265883,0.13261558629049441,0.050918799851368414
0.34910501914494435,0.13259912688673137,0.050923232558549344
0.3490990895212335,0.1325898432217834,0.05092573275654391
0.34909858930122656,0.13258906005658258,0.05092594367196099
0.3490946730216203,0.13258292856671405,0.050927594952867715
0.34908982702626284,0.1325753414752844,0.05092963824405534
0.3490474670611046,0.13250902095598818,0.05094749912445899
0.3490273481940729,0.13247752202287488,0.05095598215027286
0.3490240904817099,0.1324724216132116,0.05095735574939381
0.3490227561696038,0.1324703325588073,0.05095791835582795
0.3489589064929349,0.13237036685539444,0.05098484027218312
0.34893255287492597,0.13232910653742302,0.050995952151470625
0.3489129891716772,0.13229847679176648,0.05100420109508221
0.34891255850648584,0.1322978025244712,0.051004382683037926
0.3489054104847919,0.13228661128508012,0.05100739661282096
0.3488872941009443,0.13225824752273865,0.051015035301003056
0.3488675859048933,0.13222739155315483,0.051023345169326224
0.34883967476560923,0.13218369271524127,0.05103511377014592
0.3488370440064802,0.1321795738895782,0.051036223017379694
0.34883166773778873,0.1321711565802116,0.05103848989582867
0.34882548429934895,0.13216147553239133,0.051041097113611864
0.3488157418683435,0.13214622237811996,0.051045204963898784
0.3487880358569806,0.13210284469699216,0.05105688707349372
0.3487727458903369,0.1320789060907151,0.05106333401613353
0.3487509095282565,0.1320447181760814,0.051072541215669995
0.3487327240528456,0.1320162462411213,0.051080209035985334
0.3487302203821463,0.13201232639037763,0.051081264696979475
0.3487271763568196,0.13200756053800586,0.05108254819596497
0.3487202762372135,0.1319967574244109,0.05108545759899671
0.3486915471850376,0.13195177802813238,0.05109757106894664
0.34866517280081866,0.13191048519772075,0.051108691704209105
0.348657920010849,0.13189912992876954,0.05111174980904365
0.3486505097402923,0.13188752810167623,0.051114874314828224
0.34864970175572585,0.13188626308750945,0.0511152149977267
0.3486089131247448,0.13182240271420778,0.05113241333245293
0.34858712505749606,0.13178829041196674,0.051141600168700375
0.34856672885429124,0.13175635726983206,0.05115020013200936
0.348563359487569,0.1317510820494705,0.051151620809666606
0.3485622208208414,0.13174929930558954,0.0511521009231456
0.3485496350046291,0.1317295944294442,0.05115740767345358
0.34854785816625933,0.13172681253755764,0.05115815686900888
0.3485346430905611,0.13170612246664815,0.051163728943624386
0.3485311558573871,0.13170066270967848,0.05116519931911757
0.3485311037701987,0.13170058115981484,0.05116522128143597
0.34851320128887003,0.1316725522921334,0.051172769778625386
0.3484989108832473,0.1316501786400703,0.05117879526105424
0.3484954899991019,0.13164482276189315,0.051180237660791064
0.3484508519119712,0.13157493552029983,0.05119905910062726
0.34840522191972784,0.1315034953109001,0.051218298772596677
0.3483958773616825,0.13148886508304589,0.051222238861618224
0.34838614223248937,0.13147362336079485,0.05122634363313028
0.34837913573107876,0.1314626536914322,0.05122929789155035
0.3483786609774195,0.13146191039740196,0.05122949806920154
0.34837676459233774,0.13145894133822222,0.05123029767106659
0.34835579010669293,0.13142610281310213,0.051239141464451
0.34833829899143165,0.13139871799720657,0.05124651651106971
0.34831819263884056,0.13136723865722089,0.05125499426022844
0.3482617405358265,0.13127885490210503,0.05127879702438804
0.34824521540666653,0.13125298247413603,0.051285764767502996
0.3482203450570052,0.13121404442264198,0.05129625123365656
0.3481886685470758,0.13116445036419158,0.0513096074853282
0.3481640880729319,0.13112596615383673,0.051319971726831004
0.3481535213371918,0.13110942243386597,0.05132442714133868
0.3481433950782455,0.13109356834264227,0.05132869683087459
0.34809823096851844,0.1310228575382433,0.051347740065668564
0.348079155258895,0.13099299181565724,0.051355783249059456
0.3480682433981614,0.13097590775367463,0.051360384183900105
0.34803847947284705,0.13092930811706563,0.05137293400324952
0.3480262237789413,0.13091012009410277,0.05137810155903707
0.3480157059508396,0.13089365294596017,0.05138253635186869
0.3479970794563481,0.13086449053322607,0.05139039012580853
0.3479650757398123,0.13081438418653432,0.05140388434260934
0.34793819670148757,0.13077230124871272,0.05141521776290584
0.3479259967535348,0.13075320050392714,0.051420361813674084
0.347915147137868,0.13073621389540416,0.05142493650317459
0.3479037413773613,0.1307183565634411,0.051429745688535394
0.3478976813936935,0.1307088688015349,0.05143230085219369
0.34789742437743926,0.13070846640622172,0.05143240922189043
0.3478765535370716,0.1306757901524485,0.051441209313730425
0.3478719093968807,0.13066851909384408,0.05144316749363492
0.3478309264049714,0.13060435442100765,0.05146044777973389
0.3478184189458021,0.13058477222390041,0.051465721491162644
0.34781202584128634,0.13057476291417086,0.051468417113662276
0.3478079919844066,0.13056844734044384,0.05147011797047426
0.3477977973688501,0.1305524862272747,0.05147441648225385
0.3477915292465422,0.13054267259487629,0.051477059406592404
0.3477885531715962,0.13053801312844027,0.05147831425461895
0.34776932859362325,0.1305079143313885,0.05148642020765038
0.34775346810055124,0.13048308248525972,0.05149310771007972
0.3477422454991315,0.1304655119147639,0.05149783966727155
0.3477314145993527,0.13044855460861185,0.05150240646530576
0.34772957499813506,0.13044567445260616,0.05150318212452115
0.34770871793844615,0.13041301977443553,0.05151197640580264
0.34770824371730114,0.1304122773141318,0.05151217635892168
0.34769705943614454,0.1303947667394301,0.051516892158554504
0.34767809599372496,0.1303650767870373,0.051524888005006035
0.34767736523706627,0.13036393268408766,0.05152519612511983
0.34766406901221175,0.13034311556269154,0.051530802415896054
0.34766229477925564,0.13034033774994874,0.051531550512890906
0.34761821996467573,0.13027133239123537,0.05155013445150101
0.34755149461609713,0.1301668644165468,0.051578268881413876
0.34753856226420976,0.13014661698976804,0.05158372174686208
0.3475362064650267,0.13014292865280658,0.05158471505852574
0.3474951472290382,0.13007864460907576,0.051602027492582705
0.3474528589441805,0.1300124363154326,0.051619858149324224
0.34744945020058743,0.13000709944500796,0.05162129543005417
0.34742636903486973,0.1299709626141432,0.0516310274951992
0.3474240325889004,0.1299673045773763,0.05163201264667115
0.3474221084484568,0.12996429206325022,0.05163282395145422
0.3473847014536757,0.12990572611991372,0.0516485964351555
0.3473816748760141,0.12990098758433036,0.051649872577414956
0.3473307997548636,0.12982133538345247,0.05167132383335904
0.3473118403792845,0.12979165179827382,0.05167931796504639
0.34728857432386817,0.12975522549642432,0.051689127988064694
0.3472748695952626,0.12973376880460366,0.051694906522529345
0.34724294958171303,0.12968379350678066,0.05170836544635903
0.34723989223476837,0.12967900679753097,0.05170965456234219
0.3472369886881015,0.12967446088437856,0.051710878829160395
0.3471914838137887,0.12960321656480314,0.05173006574574186
0.34712540752433957,0.12949976478402217,0.051757926502920514
0.34712540752433957,0.12949976478402217,0.051757926502920514
0.34712540752433957,0.12949976478402217,0.051757926502920514
0.34712540752433957,0.12949976478402217,0.051757926502920514
0.34712540752433957,0.12949976478402217,0.051757926502920514
0.34712540752433957,0.12949976478402217,0.051757926502920514
0.34712540752433957,0.12949976478402217,0.051757926502920514
0.34712540752433957,0.12949976478402217,0.051757926502920514
0.34712540752433957,0.12949976478402217,0.051757926502920514
0.34712540752433957,0.12949976478402217,0.051757926502920514
0.34712540752433957,0.12949976478402217,0.051757926502920514
0.34708939436064323,0.12944346944288349,0.051772284608579223
0.3470778264895712,0.1294253866869852,0.05177689660869391
0.347036966970872,0.1293615155824266,0.05179318690997359
0.3470318373254024,0.12935349698278156,0.05179523205080779
0.34700893478004613,0.1293176960013781,0.05180436307769703
0.346950634474792,0.12922656167059718,0.05182760685460682
0.34694769152980237,0.12922196129464741,0.05182878017876865
0.34694109008504714,0.12921164199619212,0.05183141211197215
0.3469399694188835,0.12920989018442358,0.05183185891090716
0.3468779811275281,0.12911299083845443,0.05185657305278006
0.3468775094003534,0.12911225344025057,0.051856761125915585
0.3468741564937276,0.12910701221723841,0.0518580978978805
0.34685512731061957,0.12907726602877,0.05186568465210091
0.3468530812780328,0.129074067695421,0.051866500385822877
0.3468415719363911,0.12905607643201897,0.05187108905081069
0.3468099154646922,0.12900659141902313,0.051883710184828985
0.34679174098924354,0.12897818129921174,0.05189095617523916
0.3467556986524555,0.12892184035504958,0.051905325911931914
0.346733661755671,0.12888739254500492,0.05191411181297324
0.34663481677547436,0.1287328792696111,0.05195352036595301
0.3466278782663304,0.12872203307618735,0.05195628668352073
0.346623563127241,0.12871528770304694,0.05195800708841212
0.3466222048062388,0.12871316439211428,0.05195854863806971
0.3466168524331014,0.12870479762727768,0.05196068257830553
0.34661259208975653,0.12869813791018112,0.05196238113665504
0.34658479102892453,0.12865467962873858,0.05197346515504941
0.3465815066140837,0.12864954547125484,0.05197477461999142
0.34657333424635095,0.12863677052503497,0.051978032865236924
0.3465641779886294,0.12862245757390586,0.05198168337805811
0.34656173263476653,0.12861863502637647,0.051982658317372844
0.3465317764448007,0.12857180787318434,0.051994601565244325
0.3465291073655479,0.1285676356008361,0.05199566570174304
0.34650907156214666,0.128536315875722,0.052003653785895186
0.34650376396798294,0.1285280191088344,0.052005769873180355
0.3465007333210902,0.1285232816383324,0.052006978163256355
0.34647115769660686,0.12847704938049143,0.052018769683291485
0.34646964739788544,0.1284746884998295,0.052019371825019485
0.34643232940724694,0.12841635346902477,0.05203425015276307
0.3464197436292447,0.12839667953334655,0.05203926798268429
0.34640003001541575,0.12836586345106799,0.05204712761291999
0.3463962622198478,0.12835997367868845,0.05204862979715799
0.346395544771706,0.12835885217244605,0.05204891583690478
0.3463863354017304,0.1283444561968851,0.0520525875250762
0.3463750501664258,0.12832681525379375,0.052057086841000064
0.34636826978225094,0.1283162162394058,0.05205979011564734
0.346361103043727,0.12830501328058058,0.05206264742609701
0.34635123134401513,0.12828958195920087,0.05206658317883145
0.3462985247067821,0.12820719158249513,0.05208759681353148
0.3462966902325813,0.12820432395465184,0.05208832820093817
0.34629197283765206,0.12819694978005644,0.052090208981404984
0.34628593748239206,0.12818751538584106,0.05209261522011374
0.3462336569210583,0.12810579104581854,0.05211345898240733
0.3462311316528816,0.128101843577202,0.052114465782798526
0.34620014988354175,0.12805341325075886,0.052126817919406834
0.34617783221380843,0.12801852653984253,0.05213571576195099
0.34616786609884914,0.12800294762969197,0.05213968915714613
0.3461593891203122,0.12798969651955389,0.052143068847820516
0.3461456176788362,0.12796816916909953,0.052148559390485745
0.3461071684936147,0.12790806586862868,0.05216388871474495
0.3460801228280214,0.12786578841187046,0.052174671564246135
0.34604211542044455,0.1278063756928609,0.052189824755962455
0.34602279690284093,0.12777617722021464,0.05219752686509292
0.3460203017793882,0.12777227687346537,0.05219852164706952
0.34599814670804757,0.12773764433438634,0.05220735466318184
0.3459952956675703,0.1277331876224568,0.05220849134588915
0.34596908854208946,0.12769222096144225,0.05221893987742718
0.34596656445726964,0.12768827534263483,0.05221994620602524
0.3459268193453451,0.12762614626524377,0.05223579220392872
0.34592138044328175,0.12761764423943853,0.052237960642423906
0.34591977777041166,0.12761513896062673,0.05223859961284591
0.3459181008527228,0.1276125176232137,0.052239268183970664
0.3458655353354015,0.1275303478434442,0.05226022555550478
0.3457983967678882,0.1274253976481881,0.05228699306347097
0.3457963035705609,0.1274221255874882,0.052287827601326164
0.3457901114384037,0.12741244612152663,0.05229029634549193
0.3457408588419406,0.12733545505950186,0.05230993288700616
0.34572832149665056,0.12731585683325242,0.05231493140726594
0.3457009101700677,0.12727300777966596,0.05232586004232394
0.34567950897919747,0.12723955369740392,0.05233439249346675
0.34567471803003325,0.12723206454371963,0.05233630259930709
0.34564120848154356,0.12717968282353714,0.05234966253740769
0.34557786786911626,0.12708066954565372,0.052374915836823056
0.3455636160661316,0.12705839129990928,0.0523805978950506
0.3455476323430623,0.1270334057376732,0.052386970453334666
0.3455454590745806,0.12703000851071491,0.05238783691479715
0.34550976180105847,0.12697420696526904,0.05240206907804947
0.34548805145294736,0.12694026961215404,0.05241072478724221
0.34541097990843256,0.12681979230760146,0.05244145247861512
0.3453758974447337,0.12676495182542205,0.05245543952304152
0.34536170826502616,0.12674277147162563,0.05246109661396441
0.34535954949184205,0.12673939690354089,0.052461957296289684
0.3453519173582104,0.12672746644472224,0.05246500015534001
0.3453483744340095,0.12672192818853903,0.05246641268550388
0.345339488838273,0.1267080383329455,0.05246995528796728
0.3452812351000423,0.12661697679517145,0.052493180499047956
0.3452409142961823,0.12655394780312224,0.05250925601984771
0.34522469728605854,0.12652859756938922,0.0525157215874604
0.3452222280491733,0.1265247376882086,0.05251670604870889
0.3451944519842411,0.12648131848005364,0.05252778010147589
0.3451764831960809,0.1264532298881195,0.052534944086321485
0.34516239597444826,0.12643120891395035,0.052540560527530165
0.34515078530004045,0.1264130592483962,0.05254518959292751
0.34514263555218866,0.12640031966130016,0.05254843881984174
0.34513805644660495,0.12639316165893422,0.05255026446566245
0.34509417775776596,0.1263245710241948,0.05256775848134592
0.345088773386371,0.12631612297631192,0.05256991315279224
0.34508726894131553,0.1263137712460297,0.05257051296071932
0.34508678723094605,0.12631301824221677,0.05257070501405959
0.3450844860692178,0.12630942109408505,0.05257162246534242
0.3450792119569338,0.12630117666566623,0.05257372520372075
0.34502932420218607,0.12622319273190674,0.05259361497679881
0.34498684069361596,0.12615678302605893,0.05261055274738586
0.3449867170435561,0.12615658973778351,0.052610602045488064
0.3449624731895357,0.1261186920389282,0.05262026783937758
0.3449413727180454,0.12608570803755723,0.052628680396565305
0.3449251764308557,0.12606039019766366,0.052635137702141385
0.3449030198771912,0.12602575534143393,0.052643971309242116
0.34489446221687214,0.12601237811051155,0.05264738316697526
0.3448801943165766,0.12599007470164583,0.05265307164304745
0.3448783469177973,0.12598718687025792,0.05265380818336063
0.3448664012787396,0.12596851359202152,0.052658570795976335
0.3448597212128873,0.12595807139401988,0.052661234074663055
0.3448405804570746,0.12592815079645134,0.05266886531185909
0.34482719515081706,0.1259072270478919,0.052674201906087244
0.3448244433634088,0.12590292548715717,0.05267529901754047
0.3447921787562937,0.12585248984424713,0.0526881626093621
0.34478164849979975,0.12583602907488503,0.052692360922418635
0.3447622874901376,0.1258057641791677,0.05270007997272848
0.3447367711880154,0.12576587740485712,0.05271025307956738
0.34472511034798103,0.12574764932100332,0.05271490214552266
0.34472427397364996,0.12574634191078288,0.05271523560000938
0.3447142186471911,0.12573062354629716,0.052719244562980445
0.344712954593595,0.1257286475930316,0.052719748529120265
0.3447109044865711,0.12572544289057186,0.05272056588728154
0.34468581966361167,0.12568623059926048,0.05273056696748429
0.3446723138976888,0.12566511854961177,0.05273595158783469
0.34466401035619143,0.12565213855415241,0.05273926213081187
0.34465659521622466,0.12564054729720148,0.05274221847655297
0.34462963320705997,0.12559840061115887,0.05275296797303214
0.3445893062904287,0.1255353620636997,0.05276904593093563
0.3445856615877573,0.1255296647086446,0.05277049903920714
0.3445690128847663,0.12550363965785222,0.05277713671865791
0.3445666826891364,0.12549999712427723,0.052778065745481044
0.3445419535284304,0.12546134079989105,0.052787925026527883
0.3445361308934962,0.12545223892751153,0.052790246455667024
0.344528516948041,0.12544033690022988,0.052793282063264495
0.3444745654845275,0.12535600062616542,0.05281479199835657
0.3444485179332929,0.12531528340967915,0.052825176909161144
0.34444838939332684,0.1253150824775617,0.05282522815682239
0.34444487357505776,0.1253095865930427,0.05282662988010919
0.34443223797733635,0.125289834779783,0.05283166757267836
0.34443002163981057,0.12528637022781688,0.05283255120535885
0.34442455992673543,0.12527783254411431,0.05283472873838739
0.344417016754195,0.12526604114819556,0.052837736129497215
0.34439770892869254,0.12523585938931228,0.05284543397578869
0.34438310580633763,0.12521303196538502,0.052851256101705935
0.344371040167612,0.12519417110512177,0.0528560665570473
0.34436899475213495,0.1251909737364312,0.05285688204473349
0.34435895051409343,0.12517527270522513,0.05286088658685807
0.34435537639013025,0.1251696856779515,0.05286231155607027
0.34434785831489567,0.12515793351383722,0.05286530894112307
0.34431624349795686,0.1251085136150576,0.05287791346778492
0.34431007751687787,0.12509887502814465,0.05288037178576466
0.3442674682953228,0.12503226880928195,0.0528973596769225
0.34425818856699675,0.1250177628504,0.05290105941629872
0.3442542512170039,0.1250116080325979,0.0529026292002724
0.34425123882131564,0.1250068990921575,0.05290383021376687
0.34425004614859267,0.1250050347206079,0.052904305721031865
0.34423320355860665,0.12497870658801406,0.052911020701382504
0.34421422157063897,0.12494903417441718,0.052918588639349576
0.3441860072944295,0.12490492995970316,0.05292983740278274
0.344164567640547,0.12487141575252636,0.052938385188762524
0.3441521377410449,0.12485198548423095,0.052943340871409075
0.34411847005477875,0.12479935656499226,0.05295676385753631
0.3441166082782263,0.1247964462584436,0.0529575061301308
0.3440742348051991,0.12473020855882332,0.05297440003059399
0.3440685749898995,0.12472136120412376,0.052976656545094244
0.34404367189357843,0.12468243298569158,0.05298658517261562
0.3440374315926747,0.12467267822292916,0.05298907312120222
0.34402831719005245,0.12465843069918421,0.052992706946793595
0.34401161732047136,0.1246323256653981,0.05299936502587694
0.3440023192165937,0.12461779098207647,0.053003072091410725
0.34396370098607443,0.12455742343204437,0.05301846881242149
0.3439534139942268,0.1245413429310299,0.05302257013817848
0.3439300068099352,0.12450475310415705,0.05303190235980904
0.34391858435601225,0.12448689766258424,0.053036456383490214
0.3438914906020262,0.12444454503463312,0.053047258405375976
0.34385120139824565,0.12438156543944531,0.05306332132752475
0.3438491188911439,0.1243783100895764,0.05306415160328875
0.34382780577852223,0.12434499369016534,0.053072648938472015
0.3438064397167796,0.12431159452132996,0.053081167383965934
0.34377870529133264,0.12426824040351381,0.053092224835466426
0.34377310526117427,0.12425948650422271,0.05309445751419978
0.34375101718250056,0.12422495868726897,0.05310326382097328
0.3437432275721444,0.12421278206274264,0.053106369464495096
0.34373436428577125,0.12419892708087554,0.05310990317242764
0.34373210088021267,0.12419538895273079,0.05311080557068492
0.34371971525352557,0.12417602789116328,0.05311574360218146
0.3437163155197422,0.12417071346850575,0.053117099043688484
0.34370520645317726,0.12415334791025387,0.05312152812281226
0.3436566294914121,0.1240774129922026,0.053140895295201884
0.3436250251501095,0.12402800946881055,0.053153495645327266
0.34361186217660084,0.12400743326811019,0.053158743597604224
0.34358533865221386,0.12396597201615925,0.05316931827437521
0.3435615548859501,0.12392879352091038,0.053178800635654444
0.3435459599755253,0.12390441574588924,0.053185018178037134
0.3435434517530842,0.12390049492296007,0.053186018182455753
0.3435427741639549,0.1238994357238431,0.053186288330793564
0.3435357552284394,0.12388846380888974,0.053189086713590294
0.34352425830849626,0.12387049196293642,0.05319367042616509
0.34350801919831114,0.12384510718265537,0.05320014480486191
0.3435059359384673,0.12384185065610911,0.05320097538073703
0.3434961306298865,0.12382652311654109,0.053204884663959305
0.34347099138999965,0.12378722576134818,0.05321490743967315
0.34341866819676237,0.12370543477965065,0.05323576819890098
0.3433785200927235,0.1236426757498694,0.05325177486592548
0.3433681838759266,0.12362651830101057,0.05325589581720134
0.34335237447209116,0.12360180523248877,0.0532621988760657
0.34332819228528266,0.12356400393107186,0.053271840083824684
0.34329336250300085,0.123509558437422,0.05328572638657467
0.34328312554869117,0.12349355615448059,0.05328980776284144
0.34324085134777443,0.12342747363582046,0.053306662084458896
0.3432356247797953,0.12341930352808292,0.05330874586737531
0.3432236954970107,0.12340065581777457,0.053313501958900555
0.3432089500620331,0.1233776059324798,0.05331938082350621
0.3431989642340129,0.12336199620711137,0.053323362078111114
0.34319495631255387,0.12335573107284831,0.05332495999825683
0.3431798225962816,0.12333207423093828,0.05333099366691972
0.3431463079698201,0.12327968457293173,0.05334435562955937
0.3431431317022662,0.12327471946997653,0.05334562197720724
0.34314264979019754,0.12327396615086994,0.05334581411096305
0.34314253169402936,0.12327378154437074,0.053345861194781484
0.3431381742434764,0.12326697003046316,0.053347598468850746
0.3431315232330908,0.12325657325161499,0.05335025016339941
0.3431292972500134,0.12325309362183938,0.05335113764166956
0.34311374274614387,0.12322877900985577,0.0533573390743432
0.3431094537725624,0.12322207453832032,0.053359049047295576
0.34300980053458624,0.12306629780415884,0.0533987798449605
0.34299640540580967,0.12304535870115663,0.053404120355333526
0.34299166665654335,0.12303795114572023,0.05340600964957133
0.3429279222893034,0.12293830672320583,0.05343142392218829
0.34290130201947167,0.12289669423994784,0.05344203717044745
0.3428817270381959,0.12286609486639671,0.05344984152920345
0.3428596923288505,0.12283165047573029,0.05345862655813364
0.34285322496487075,0.12282154077071859,0.0534612050346079
0.342852527129739,0.12282044992329591,0.05346148325483422
0.3428349214388406,0.12279292892060183,0.053468502476256854
0.3428105159485978,0.12275477855396207,0.05347823271297009
0.3428000060969814,0.12273834968125737,0.05348242289079611
0.34279483735919336,0.12273026997297384,0.053484483617365665
0.3427932185560357,0.12272773947949187,0.053485129018779845
0.34276961000078027,0.12269083487196829,0.0534945415250974
0.34276602705367887,0.12268523405247202,0.05349597001201082
0.3427613635791764,0.12267794416563448,0.05349782929491659
0.34275992362002417,0.12267569323893482,0.05349840339292772
0.34275628736432096,0.12267000908807807,0.053499853133473385
0.34274453278702843,0.12265163447527805,0.05350453957158149
0.3427319808829816,0.12263201349095657,0.05350954389627901
0.3427250529275559,0.12262118379497725,0.05351230600617971
0.34268326229693624,0.12255585718754644,0.05352896753292143
0.3426586731714334,0.12251741976449307,0.05353877098326538
0.34265328865846734,0.1225090027590657,0.05354091773734505
0.3426341098198734,0.12247902263095499,0.05354856415778356
0.34262807187278,0.12246958418521703,0.053550971429831624
0.3426252880087162,0.12246523248264304,0.053552081329942165
0.34262150027723937,0.12245931154669222,0.053553591462437336
0.34259799453729745,0.12242256765882102,0.053562962977267786
0.34258758408928003,0.12240629417261782,0.05356711352382483
0.34254124396885716,0.12233385585785017,0.05358558888885745
0.3425358376933966,0.12232540483355517,0.05358774431943656
0.34253275279208606,0.12232058255320452,0.05358897424023267
0.34252890024103955,0.12231456029208777,0.05359051021567344
0.3425265983831467,0.12231096205572003,0.05359142794451046
0.3425251105269344,0.12230863625691653,0.053592021138623616
0.34252377417592084,0.12230654728920394,0.0535925539290558
0.3425193694691855,0.12229966190500458,0.053594310043715294
0.34247147650116294,0.12222479619768413,0.05361340451430875
0.34245449059945693,0.12219824404194608,0.05362017663167836
0.3424395808225985,0.12217493725941443,0.053626121017827995
0.34243027486689537,0.1221603903022144,0.05362983121380987
0.3424225473854087,0.12214831079678404,0.05363291208714265
0.3424053919902734,0.1221214936909709,0.05363975177992961
0.3423893378781746,0.12209639809745682,0.053646152401649896
0.34238190342318303,0.1220847766474931,0.05364911644810758
0.3423381741890767,0.12201641963858084,0.0536665508776114
0.3423350511079211,0.12201153767595907,0.05366779602034839
0.3423262719256614,0.12199781416462319,0.053671296196771225
0.3423221066734651,0.12199130309285793,0.053672956843184697
0.3423220683275247,0.1219912431509486,0.053672972131346204
0.342318123751535,0.12198507703755568,0.05367454479625609
0.3422949225186769,0.1219488091514683,0.05368379490700998
0.3422917851191925,0.12194390480660845,0.05368504575832841
0.3422760228135841,0.1219192653614645,0.05369133003957785
0.3422684422827897,0.12190741556757569,0.05369435232506806
0.342212676791472,0.12182024362722735,0.053716585495783065
0.34215268023969847,0.12172645774443977,0.053740505550038384
0.34213540929422714,0.12169946001174138,0.053747391311644736
0.3421284410036003,0.12168856726426446,0.053750169502806276
0.3421258497524387,0.12168451665184535,0.05375120260998565
0.34212269172256815,0.12167958005781584,0.05375246168644271
0.34210030140603703,0.12164457978630543,0.05376138849257383
0.34210026135190147,0.12164451717416601,0.05376140446177652
0.3420948094864366,0.12163599488412853,0.053763578068656545
0.3420843544360706,0.12161965167607444,0.05376774639774553
0.34207588163519365,0.12160640709640379,0.053771124422826645
0.34204290665459847,0.12155486100627691,0.05378427123379475
0.342042551413128,0.12155430569711452,0.053784412865188494
0.3420332149176715,0.12153971100054207,0.053788135237079406
0.3420165190982497,0.1215136122979158,0.053794791701402805
0.3420159202466105,0.12151267618028933,0.05379503045785259
0.34200314586041997,0.12149270741457642,0.053800123484063656
0.3420017927363849,0.12149059222747996,0.05380066296173986
0.34199679894556295,0.12148278599417398,0.05380265393861888
0.3419830399921389,0.1214612781648911,0.05380813950241665
0.3419714683898035,0.12144318957632706,0.05381275299015055
0.341971283287807,0.12144290022712892,0.0538128267885551
0.3419449733644495,0.12140177287371914,0.0538233163046283
0.34193442372370647,0.12138528180313375,0.05382752234600048
0.3419013541887614,0.12133358790679279,0.053840706854888086
0.3418789141395533,0.12129850989376431,0.05384965348896424
0.34183263620279053,0.1212261687837407,0.05386810406196332
0.3418325792498982,0.12122607975566951,0.05386812676853951
0.3418219060391309,0.12120939552191934,0.05387238207610447
0.34182012603184453,0.1212066130360967,0.0538730917480707
0.3417861946620749,0.12115357193000029,0.05388661986230152
0.34178289171104115,0.12114840879696437,0.053887936717447266
0.34177011166195226,0.12112843117907743,0.053893032001402
0.3417503245546116,0.12109750021263178,0.05390092093280146
0.34173486179445745,0.12107332901331248,0.05390708578812881
0.3417035157470249,0.12102432925176862,0.05391958315894615
0.34167403996432566,0.12097825306539474,0.05393133487301209
0.34167160333650753,0.12097444415831275,0.053932306333335824
0.34163027809066626,0.1209098450347287,0.053948782315595085
0.3416104911792473,0.12087891437454558,0.053956671168882406
0.3415749388266177,0.12082333936768305,0.05397084555355395
0.3415720361918112,0.12081880200412315,0.05397200280642936
0.3415435853162631,0.1207743279401898,0.053983345899767304
0.3415012330732221,0.12070812342702665,0.05400023133603703
0.34147370576774094,0.1206650930766315,0.05401120621077814
0.3414733329889968,0.12066451035341537,0.05401135483411601
0.3414561666843092,0.12063767619392235,0.054018198876437634
0.34145201944184916,0.12063119327475862,0.054019852342540635
0.3414497518471268,0.1206276485981638,0.05402075641097765
0.3414087484572127,0.12056355259586533,0.05403710407234158
0.34140281134910416,0.12055427178040673,0.05403947114084598
0.34134073071899734,0.12045722809162014,0.05406422209730037
0.34124293718997406,0.12030435843196068,0.05410321144670309
0.34124148162337486,0.12030208310788919,0.054103791767254765
0.34123179702702294,0.1202869442642147,0.05410765292366011
0.34119987901538984,0.12023705041516261,0.054120378331161324
0.34113175867684753,0.12013056552732948,0.054147537261894106
0.34113175867684753,0.12013056552732948,0.054147537261894106
0.34113175867684753,0.12013056552732948,0.054147537261894106
0.34113175867684753,0.12013056552732948,0.054147537261894106
0.3410832285130284,0.12005488501324234,0.054165739974336914
0.3410739888895312,0.12004047625379849,0.05416920557585901
0.3410611627775856,0.12002047453384959,0.05417401639884275
0.34103276764191515,0.11997619365169303,0.05418466685721149
0.34100157939584114,0.1199275570448776,0.05419636495650076
0.3409977349272882,0.11992156177650053,0.054197806941238866
0.34098818511289647,0.11990666928890673,0.05420138888928055
0.3409862468578763,0.11990364667111991,0.054202115890716274
0.34095563440058063,0.119855907979896,0.05421359802292991
0.34095318261243457,0.11985208453128744,0.054214517640567304
0.34092124218719305,0.11980227493634252,0.054226497867506974
0.3409090220895532,0.11978321826727732,0.05423108138641267
0.3408939739353901,0.11975975137671897,0.05423672565384284
0.34087559456218675,0.11973108960632359,0.05424361939618725
0.3408593033008792,0.1197056841484835,0.054249729928721534
0.3408382120705612,0.11967279336412211,0.05425764083547171
0.3408358278070154,0.11966907521696021,0.05425853512595617
0.3408177199241721,0.11964083682304678,0.05426532703759226
0.3408021950822826,0.11961662656033885,0.05427115010123754
0.34079527275726273,0.11960583151917364,0.054273746529558735
0.34079317523401165,0.1196025605300514,0.054274533269383564
0.34078735467989835,0.11959348364893463,0.054276716445050895
0.3407663727390267,0.11956076329633844,0.05428458635947364
0.3407613589238304,0.11955294448672121,0.05428646694319885
0.3407573173541464,0.11954664184837556,0.05428798285670473
0.3407558797512899,0.11954439997415407,0.054288522073335045
0.34074881275505386,0.1195333793250133,0.054291172764991444
0.34074485704077206,0.1195272105741402,0.05429265647582016
0.3407125624757349,0.11947684871479552,0.05430476953365009
0.34067326347820376,0.11941556377153112,0.054319509816704074
0.34067269561413943,0.11941467821415948,0.054319722811374926
0.3406597650498482,0.11939451360567703,0.0543245728123845
0.3406419570671547,0.11936674289197992,0.05433125223735746
0.34061471517141606,0.11932426043340232,0.05434147013805064
0.34059808767515815,0.11929833063292869,0.054347706785718986
0.34059300614289273,0.1192904062217186,0.05434961276878841
0.3405894493795664,0.11928485961614715,0.05435094684093986
0.34058513878171986,0.11927813744100133,0.05435256366163202
0.3405665064324214,0.119249081166252,0.0543595522903471
0.34053627190118324,0.11920193183298747,0.05437089266991027
0.34052276514018603,0.11918086867276961,0.05437595879100111
0.34050371761519316,0.11915116495099934,0.05438310314397475
0.34046768203278316,0.11909496915054035,0.05439661938403451
0.3404660045703611,0.11909235322657735,0.054397248567282605
0.34045036781792487,0.11906796844462118,0.05440311360637864
0.3404375792067584,0.11904802520537831,0.054407910363555766
0.34041477884729865,0.11901246911428996,0.05441646233111938
0.34037582138633016,0.11895171678127464,0.05443107451050857
0.34035505563276247,0.11891933356263838,0.0544388633373145
0.3403504441806621,0.11891214221939582,0.054440593002535474
0.3403147517533464,0.11885648155321014,0.05445398053185096
0.3403070095530858,0.11884440795506458,0.05445688447929165
0.3402965223334357,0.11882805362794097,0.05446081802965686
0.34028788978245933,0.11881459156961752,0.05446405593018523
0.3402814136401459,0.11880449232945409,0.0544664850041259
0.3402774422242656,0.1187982990926747,0.0544679746043162
0.3402429961024264,0.11874458198141966,0.054480894668895934
0.3401430660005025,0.11858874567485833,0.05451837648982038
0.34013506949998995,0.11857627550739837,0.054521375820296994
0.3400971571830547,0.11851715302747866,0.054535595986661675
0.34009456841434305,0.11851311596410333,0.05453656698302211
0.3400891133645767,0.11850460906987105,0.05453861306517892
0.34007114851426057,0.11847659372847444,0.05454535132811992
0.3400667938780217,0.11846980287752143,0.05454698466674916
0.3400584610401652,0.11845680820775,0.05455011015076565
0.3400391163156256,0.11842664101722727,0.054557365977459166
0.3400369310689373,0.11842323322751949,0.054558185620624436
0.3400200118475956,0.1183968484954616,0.054564531688649
0.33992692353162685,0.11825168163317196,0.05459944728987549
0.33988734009626026,0.11818995312244529,0.05461429425998177
0.33983706678277725,0.11811155424822263,0.05463315079366852
0.3397859310167657,0.11803181041973652,0.05465233081638017
0.33976204732396686,0.11799456492112144,0.054661289121027766
0.33974901927053697,0.11797424828290021,0.054666175688300817
0.33973426510812055,0.11795123985868057,0.05467170968519399
0.3397307371062618,0.11794573810526862,0.05467303296948317
0.33970122789289914,0.11789971987120876,0.05468410129653963
0.3396959572711231,0.11789150058377645,0.054686078203375156
0.3396461000527819,0.11781375059040977,0.05470477866793667
0.33962732082671804,0.11778446526823433,0.054711822387245194
0.33960573358297247,0.117750800974199,0.05471991933890186
0.33959406580588947,0.11773260562313467,0.05472429569320144
0.33959313487245507,0.11773115387611072,0.054724644868070764
0.3395900605533897,0.11772635961973439,0.05472579798484392
0.33958766408327595,0.11772262243700246,0.05472669685377255
0.33949317590690686,0.11757527255808128,0.054762137515174454
0.33949117077168206,0.11757214564375246,0.05476288960206297
0.3394419880046709,0.11749544742559882,0.05478133709316112
0.3394098633656003,0.11744535055782832,0.054793386415094396
0.3393892959699612,0.11741327666907728,0.05480110084173248
0.339344330847119,0.11734315566916946,0.054817966377239465
0.33933268563767616,0.11732499551128141,0.05482233426685992
0.33930879745192555,0.1172877430061188,0.05483129425672559
0.3392792578607854,0.1172416773993398,0.05484237397789048
0.3392717411089503,0.11722995537743887,0.05484519336404932
0.33924680283918063,0.11719106531550438,0.05485454721983129
0.339210720269126,0.11713479624001777,0.05486808108403477
0.33920609064034,0.11712757655108645,0.05486981756697398
0.33920269642472406,0.11712228343104475,0.054871090670667935
0.3391506595025752,0.11704113429183284,0.05489060869936888
0.33913298248771506,0.11701356781632843,0.05489723900087675
0.33909968609695174,0.11696164365675614,0.05490972782388396
0.3390663049801483,0.11690958737089843,0.054922248425966776
0.3390155375744701,0.11683041798307366,0.05494129028394343
0.3389684265004471,0.11675695047295878,0.05495896072364168
0.33896160260028846,0.11674630892074783,0.05496152023472822
0.3389445354963315,0.11671969357268813,0.05496792177062078
0.33893879228675733,0.11671073730675208,0.05497007593586876
0.338932442239764,0.11670083470632553,0.05497245771392846
0.3389059823908232,0.116659571813046,0.05498238228420901
0.3388846330019717,0.11662627844256096,0.05499039002116086
0.3388674570846889,0.11659949340522369,0.05499683237079737
0.33885970083451994,0.11658739789690514,0.05499974158808306
0.3388340879987188,0.11654745588088627,0.055009348460350604
0.33882536824880194,0.11653385783990543,0.05501261906749097
0.3388194116819475,0.11652456885329872,0.05501485325886937
0.33881750313319675,0.1165215925610456,0.05501556911806619
0.338810622698144,0.11651086284531915,0.05501814983428248
0.3387424394859246,0.11640453432411096,0.05504372401965063
0.33874212586139807,0.11640404524137297,0.05504384165405821
0.3387330475587573,0.11638988805423778,0.055047246747291646
0.3387293625931593,0.11638414152323708,0.05504862890560031
0.338719580713071,0.11636888714007497,0.055052297896932376
0.33868563735791946,0.11631595406988617,0.05506502938359025
0.3386780781914236,0.11630416590431118,0.055067864678656334
0.338672856989209,0.11629602368436681,0.05506982304918382
0.33865146000029067,0.11626265608381038,0.055077848639986965
0.3386437430118667,0.11625062180234148,0.0550807431309623
0.3386390385083823,0.11624328534983017,0.055082507697932076
0.33863437617910797,0.11623601466602124,0.05508425644618297
0.33863417898254367,0.11623570714722901,0.05508433041074588
0.33863151493853216,0.11623155269555449,0.055085329641394634
0.3385940525833277,0.11617313190984777,0.05509938103594089
0.3385879614546641,0.11616363308041153,0.055101665698814244
0.33858681999611834,0.11616185302935146,0.05510209383752301
0.3385788629426153,0.1161494443776524,0.0551050783722002
0.33853486935369836,0.11608083843932952,0.055121579504390214
0.33852110264756324,0.11605936990686228,0.05512674312580299
0.33850439281827766,0.11603331171189396,0.05513301065497491
0.33846775991819505,0.11597618442254279,0.0551467509371762
0.33844107335696066,0.11593456798207571,0.05515676054279071
0.33844045695376285,0.11593360673020214,0.05515699174353836
0.3384374367684636,0.11592889689289483,0.05515812455579778
0.3384373310866069,0.11592873208699649,0.05515816419498909
0.33842098337542,0.1159032385982173,0.05516429590076579
0.3383916478155832,0.11585749116868549,0.05517529909379122
0.3383713497937287,0.11582583735571615,0.05518291248360694
0.33836004292383404,0.11580820482248316,0.0551871534687
0.33832114245552963,0.11574754136685418,0.05520174427125889
0.3382928819787893,0.11570347047898276,0.055212344221704505
0.3382894378719981,0.11569809955599347,0.05521363603859959
0.33826706214834934,0.11566320566453411,0.0552220287336005
0.3382661364349812,0.11566176205795865,0.055222375950525364
0.33825383824965616,0.11564258361481122,0.05522698875858995
0.3382511760818819,0.11563843208904065,0.05522798728549892
0.3382056689751581,0.11556746589069211,0.055245056108527923
0.3381821665097392,0.11553081489829396,0.055253871422263755
0.3381708055147959,0.11551309795958639,0.055258132708600805
0.3381643321441014,0.11550300304163263,0.055260560742961595
0.3381559027787894,0.11548985784182206,0.0552637224325331
0.33813599400372335,0.11545881104096109,0.05527118982351422
0.3381194136573417,0.11543295476850793,0.05527740878618889
0.33811691074432876,0.11542905159306752,0.05527834757976096
0.338115134723622,0.11542628197208256,0.05527901373028825
0.3381082444343502,0.1154155368891638,0.05528159814262878
0.33806795118493177,0.11535270145671822,0.05529671135006166
0.33805164873140103,0.11532727854513099,0.05530282608057932
0.3380198162826152,0.11527763733440383,0.05531476580766863
0.3380056288559368,0.11525551270798404,0.055320087233103984
0.33800443897438087,0.11525365714351093,0.05532053353433397
0.337986723944671,0.11522603138563159,0.05532717809446623
0.33798333959407556,0.1152207536496266,0.05532844749798452
0.33798091271765246,0.1152169690496815,0.055329357771723306
0.33796262966745955,0.11518845749050277,0.05533621538519602
0.33793961505269315,0.11515256727831373,0.055344847715722165
0.33793125839863825,0.11513953546829794,0.05534798213272749
0.3378807867503383,0.11506082730023154,0.05536691305791337
0.3378696666314751,0.11504348599647228,0.05537108399635797
0.3378434946380165,0.11500267200031485,0.055380900597693954
0.33780942888048476,0.11494954804935557,0.055393677995083504
0.3377384446536662,0.11483885147726633,0.055420302786080886
0.3376510422147361,0.11470255147351284,0.05545308572636881
0.337646822607133,0.11469597119338369,0.05545466841840557
0.3376109210113547,0.114639984338792,0.05546813440270817
0.33758090701252724,0.11459317891547748,0.055479392064890234
0.3375799083035192,0.11459162147562559,0.05547976666104768
0.3375653148465295,0.1145688636639808,0.05548524038048781
0.33750492041832536,0.11447468138609838,0.05550789314576274
0.33750281218975536,0.1144713937025335,0.05550868390094267
0.3374549891986785,0.11439681599116672,0.05552662136676233
0.3374491561036294,0.1143877195530488,0.05552880924628867
0.3374481488552623,0.11438614879646694,0.0555291870453922
0.33743573559467466,0.11436679089884533,0.055533843015930374
0.3374117391171084,0.11432936951767582,0.055542843623931755
0.33740686451845814,0.11432176780973195,0.05554467199026152
0.33740483228986784,0.11431859864457053,0.05554543423933994
0.33737704766340953,0.11427526982289328,0.05555585570767944
0.3373723155943723,0.11426789038319535,0.055557630613947334
0.3373625828243643,0.11425271258489982,0.05556128118505168
0.33736152412701065,0.11425106159603676,0.055561678281660795
0.33734065495826854,0.11421851710628683,0.05556950589746998
0.3373351238979646,0.1142098916771865,0.055571580489688376
0.33732096097183334,0.11418780525822057,0.055576892725449155
0.33731069199771746,0.11417179127477034,0.05558074441619577
0.33725506742892297,0.11408504736889906,0.055601608100775426
0.33723920313802686,0.11406030775138773,0.055607558485084196
0.3372341478499926,0.11405242426682513,0.05560945462445734
0.3372151180919439,0.11402274825177088,0.055616592313398765
0.3371788207204399,0.11396614420349951,0.05563020674541221
0.3371749865522749,0.1139601649980943,0.05563164486667685
0.33715923965614,0.11393560845220643,0.05563755121851361
0.33714842920967614,0.11391875006802826,0.05564160600491599
0.33711160599020396,0.11386132598451629,0.05565541767218686
0.33709291583694945,0.11383217956720885,0.05566242798203193
0.33708597124654255,0.113821349804217,0.055665032761663014
0.33705813228739506,0.11377793625325955,0.055675474609128396
0.3370410418630296,0.11375128453811663,0.05568188489204872
0.33702597108189897,0.11372778236186368,0.055687537646410566
0.3370256159958631,0.11372722862184674,0.05568767083221695
0.33702141539660246,0.11372067798433591,0.055689246394597366
0.3370184553609936,0.1137160619476493,0.05569035664588788
0.33700212088280407,0.11369058909510882,0.055696483388226845
0.33697656372429635,0.11365073390521742,0.05570606937703384
0.3369529887375247,0.11361396981917139,0.05571491189210644
0.3369528309114545,0.11361372369681795,0.055714971089569354
0.336944001973325,0.11359995538194123,0.055718282651066334
0.33694070710116236,0.11359481718335504,0.055719518492979764
0.3369308837394712,0.11357949811157898,0.055723203043247335
0.33691469287353365,0.11355424921560907,0.055729275919447804
0.3369051163364397,0.11353931505521458,0.055732867890650885
0.3369003717343744,0.11353191607084731,0.055734647497811735
0.33688562801042227,0.11350892392492307,0.05574017757944173
0.33687813611484707,0.11349724066519351,0.055742987642505085
0.33673734801522376,0.11327768822773299,0.05579579449686404
0.33672869760387725,0.11326419831700013,0.05579903909646687
0.33672433651028116,0.11325739739610148,0.05580067485712412
0.33671752098253793,0.11324676890027964,0.05580323122788188
0.33670485334239303,0.11322701430967064,0.05580798261120186
0.336691765201658,0.11320660396811554,0.055812891716044345
0.3366905136772135,0.11320465227444913,0.05581336113831261
0.3366855158949035,0.1131968584673661,0.05581523570841666
0.3366739213429449,0.11317877730744857,0.05581958459740851
0.33665218797278285,0.11314488513612107,0.05582773635821746
0.3366502864442156,0.1131419197915148,0.05582844958428117
0.336646069163438,0.11313534313996071,0.05583003140357137
0.3366195780500378,0.11309403149122327,0.05583996770053733
0.3366156468038135,0.1130879008971382,0.055841442233877644
0.3366080308593462,0.1130760241889801,0.05584429882524699
0.3365912456157852,0.1130498483889867,0.05585059464083423
0.33657503408527834,0.11302456726759036,0.055856675267909245
0.33656090724450566,0.11300253712204845,0.05586197396875991
0.33655636291346003,0.11299545045094235,0.055863678458189944
0.336523091143324,0.11294356468608338,0.05587615804648285
0.3365079194647899,0.11291990516506255,0.05588184864548144
0.3365023880473831,0.11291127917907702,0.055883923371642115
0.33648631809563595,0.11288621884311535,0.05588995089530171
0.3364861692408524,0.1128859867110627,0.05589000672781096
0.3364826427598634,0.11288048732937582,0.055891329441651726
0.33644892979398117,0.11282791354044576,0.05590397451381417
0.3363964947635594,0.11274614357005609,0.0559236418651187
0.3363384900610781,0.11265568795734442,0.05594539829115371
0.336309453714406,0.11261040713670789,0.05595628925519067
0.3363065837044178,0.1126059314907539,0.055957365739636875
0.3362965247197801,0.11259024497604499,0.05596113866744954
0.3362955657519703,0.11258874951072753,0.05596149835746315
0.3362794881401458,0.11256367722923462,0.05596752875426747
0.3362558855577061,0.11252687010903856,0.05597638161993386
0.33625385864379476,0.11252370923186969,0.055977141875580456
0.33624625384226514,0.11251184990060024,0.05597999428745246
0.33624393940680103,0.11250824064705639,0.05598086238679328
0.33623131498884934,0.11248855345943023,0.05598559755831648
0.33622691096215485,0.11248168558637843,0.05598724942233674
0.3362244486977085,0.11247784580047102,0.05598817296942885
0.3362094960402349,0.11245452783252051,0.055993781417924125
0.33619396049981837,0.11243030088596143,0.055999608494377046
0.33619227356984904,0.11242767019780259,0.05600024122871639
0.3361667298336641,0.1123878359393939,0.056009822183073425
0.3361603939156824,0.11237795537249842,0.056012198661617996
0.33612132561991304,0.11231703019781002,0.056026852412966774
0.336112536026194,0.11230332323869584,0.05603014921714722
0.33606833697236216,0.11223439688747583,0.05604672741519626
0.3360562716319395,0.11221558155503177,0.056051252887705606
0.3360451009308611,0.11219816137068042,0.0560554427985469
0.33601311964979,0.11214828806298581,0.056067438349706754
0.3360011851533028,0.11212967677552155,0.056071914745222676
0.3359828334145549,0.11210105809976334,0.0560787981224249
0.33598265147760603,0.11210077437762554,0.056078866363405436
0.33596758530670917,0.11207727939081594,0.05608451738855902
0.33595794309408716,0.1120622428125161,0.05608813399336433
0.33595408026277346,0.11205621890827491,0.05608958286561378
0.33590503870426414,0.11197974089815622,0.05610797739217296
0.3358886321745324,0.11195415568461543,0.05611413115963197
0.3358455956691618,0.11188704227318942,0.05613027330855866
0.33583873750346505,0.11187634728547917,0.05613284567197634
0.33581168611855,0.11183416191959475,0.056142992115796805
0.3357753404280923,0.11177748252018158,0.05615662467130192
0.3357591006077774,0.11175215728215654,0.05616271590932898
0.33574631382468173,0.11173221689370427,0.05616751198083263
0.33574258014166614,0.11172639439017615,0.05616891241208892
0.3357412589991284,0.11172433413035891,0.05616940794673826
0.3357167320590241,0.11168608551774353,0.0561786075208317
0.3356951475006818,0.11165242541146872,0.056186703465246256
0.335624575639025,0.11154237190350644,0.05621317358616077
0.33561262998449687,0.11152374321560084,0.05621765416683894
0.3355972770162273,0.11149980098174124,0.056223412764060975
0.33557062407758725,0.11145823697413283,0.05623340975849993
0.33556401502796274,0.11144793047125195,0.056235888683365785
0.3355526471566778,0.11143020280921223,0.056240152548883676
0.33555172254503607,0.11142876092072741,0.05624049935257258
0.3355431849706863,0.11141544697399819,0.05624370162923143
0.3355255459900592,0.11138793981109615,0.0562503176648446
0.3355211076256246,0.11138101838994935,0.05625198240827757
0.3355143833523607,0.11137053220120763,0.05625450455127024
0.3354909768291477,0.11133403082617922,0.056263283878966716
0.33547329652712593,0.11130645922450047,0.05626991541342442
0.3354073372548768,0.11120359883335829,0.05629465544253628
0.33539042322539286,0.11117722219775907,0.05630099956319683
0.3353890165653558,0.11117502857741303,0.056301527173782576
0.3353818370090381,0.1111638323961047,0.05630422008451755
0.33535423186866153,0.11112078347455284,0.056314574231148724
0.3353467869313293,0.1111091734440005,0.05631736668109632
0.33532785057020925,0.11107964307707555,0.056324469338681946
0.3352963631092553,0.11103053985869009,0.05633627966760304
0.3352943317340219,0.11102737202429866,0.05633704159660404
0.33526044260763715,0.11097452352132801,0.05634975274311528
0.33524506215626115,0.11095053842885304,0.05635552164871142
0.3351975747627183,0.11087648406609878,0.05637333323847941
0.3351822598622429,0.11085260119717857,0.05637907755721862
0.33517789055512726,0.11084578746768131,0.056380716398605965
0.33517168076632176,0.11083610359331972,0.05638304556857082
0.33511119445267157,0.11074177802439428,0.05640573279827405
0.33510492190054114,0.11073199627357148,0.056408085509530866
0.33510492190054114,0.11073199627357148,0.056408085509530866
0.33510492190054114,0.11073199627357148,0.056408085509530866
0.33510492190054114,0.11073199627357148,0.056408085509530866
0.33510492190054114,0.11073199627357148,0.056408085509530866
0.33510492190054114,0.11073199627357148,0.056408085509530866
0.33510492190054114,0.11073199627357148,0.056408085509530866
0.3350440285696453,0.11063735902002342,0.05642946790350817
0.33499591991810584,0.11056259105140324,0.05644636102014017
0.3349939815534432,0.11055957854567644,0.05644704166736834
0.3349831665591598,0.11054277044303097,0.056450839299477286
0.3349557549377699,0.11050016872416503,0.05646046475565601
0.33490921108372984,0.11042783268258058,0.05647680840133389
0.3348912304391049,0.11039988809818531,0.05648312221635567
0.33487352237318246,0.11037236714145827,0.056489340316705244
0.3348712047500546,0.11036876521191444,0.05649015413868018
0.33485362487554565,0.11034144348362702,0.05649632722524472
0.3348461869539186,0.11032988385198048,0.0564989390148818
0.33483414707540876,0.11031117209786119,0.05650316675906905
0.33481456233680956,0.11028073451388909,0.056510043843809026
0.3348042184176432,0.11026465853173423,0.056513676060205
0.33473046703566817,0.11015003796273579,0.056539573495647616
0.3347052872045786,0.11011090477648919,0.05654841526962711
0.3346991788928759,0.11010141155555919,0.05655056017327159
0.3346684073123066,0.11005358796257181,0.05656136546260881
0.3346531235330673,0.11002983470634871,0.056566732286600044
0.33462570167238764,0.10998721707411016,0.05657636133825507
0.334623081507073,0.10998314494920626,0.05657728139643254
0.3346161510802192,0.10997237403958922,0.05657971498177331
0.33458965165744997,0.10993119001246184,0.056589020123888015
0.33443695181925653,0.10969387185148653,0.05664263992186076
0.3344332082108915,0.10968805372971827,0.05664395447154594
0.33443063909082915,0.10968406093669543,0.05664485660543384
0.33435493569501645,0.10956640664913095,0.056671439480945385
0.33434153319134646,0.10954557717372967,0.05667614570426308
0.33433981557603937,0.10954290774519092,0.056676748836439576
0.33432037851231183,0.10951269966983766,0.0566835740658739
0.33430636281542647,0.1094909172013755,0.056688495608976576
0.33428981454100587,0.10946519873238905,0.05669430645423829
0.3342830733520617,0.10945472192650674,0.05669667358961681
0.33423965201861655,0.10938723874432255,0.05671192077752862
0.3342108197035459,0.1093424290570944,0.05672204510331355
0.33420457169895235,0.10933271873272571,0.056724239059430345
0.33417978584924335,0.10929419785188696,0.05673294248878366
0.33415584203199167,0.10925698561417843,0.056741350242576476
0.33412663202346815,0.10921158893539425,0.056751607193561766
0.3341254616232782,0.10920976996018134,0.05675201817383834
0.33411793479620766,0.10919807215631008,0.056754661182185126
0.3340755762082346,0.10913224063796524,0.05676953519224564
0.33403117016787787,0.10906322707542103,0.05678512815515161
0.3340281785769679,0.10905857770013984,0.056786178637602054
0.3340242573876577,0.10905248359128582,0.05678755554396368
0.33402151661481094,0.10904822402441701,0.0567885179528835
0.3340133572066759,0.10903554309589628,0.05679138308896324
0.3339965063609281,0.10900935438626141,0.05679730018065997
0.33397197364005615,0.10897122690511976,0.05680591472506576
0.33395407933154037,0.10894341649982311,0.056812198223586984
0.3339436993864026,0.1089272845279739,0.05681584309032581
0.3339362478178095,0.1089157036869211,0.056818459672028
0.3339286038910314,0.1089038238927637,0.05682114379936178
0.3339159522149741,0.10888416131465825,0.056825586373252066
0.33391485010394784,0.10888244847091821,0.05682597337412432
0.33388830000775904,0.10884118568979292,0.056835296309961335
0.33388731522261694,0.10883965518785102,0.056835642112425776
0.3338676832891262,0.10880914425602864,0.056842535769420055
0.3338662617752712,0.10880693501299427,0.05684303492702641
0.33383461644036605,0.1087577534763798,0.05685414703090594
0.33382941426894536,0.108749668531633,0.05685597374784223
0.3338191893777761,0.1087337775366119,0.05685956416814178
0.3338085663458505,0.10871726777189701,0.056863294393611895
0.33380020862765813,0.10870427864018073,0.05686622916529395
0.33376102036179583,0.10864337427187044,0.05687998993232094
0.33375991034554675,0.10864164914224357,0.05688037970907334
0.33373440916017383,0.10860201652385314,0.05688933432503064
0.3336902337952377,0.1085333614650719,0.05690484628739596
0.3336743702504277,0.10850870716729788,0.056910416693218974
0.3336374304205995,0.10845129720154233,0.05692338793297907
0.3335891918784073,0.10837632736361305,0.056940326660075626
0.33357503817208867,0.10835433040805457,0.056945296664512764
0.3335596825451099,0.10833046548980502,0.05695068871748469
0.33355623287806435,0.10832510419637524,0.05695190005111965
0.33354906091736974,0.10831395790740225,0.05695441844988198
0.3335467437205639,0.10831035664042592,0.05695523212215604
0.33354147970174225,0.10830217557565941,0.05695708055650333
0.3335238827924527,0.10827482737280042,0.05696325962474737
0.3335200822192084,0.10826892071917425,0.056964594177370015
0.33350670724592835,0.10824813403007569,0.05696929073352655
0.3334962632473861,0.10823190250975062,0.05697295809230366
0.3334957465016573,0.10823109941036621,0.05697313954502758
0.33349419120943974,0.108228682255946,0.05697368567824869
0.3334516071068081,0.10816250025442664,0.05698863887667361
0.33344141933044186,0.10814666694130545,0.05699221626429244
0.333405436943442,0.1080907449834872,0.05700485130270725
0.33338821051573647,0.10806397256387223,0.057010900278163225
0.3333613094829771,0.10802216437534815,0.05702034644365286
0.33333204426457647,0.10797668189223911,0.05703062278131527
0.33333165800080233,0.10797608158113459,0.05703075841594186
0.33327961580159754,0.10789520029694652,0.05704903277851115
0.3332321640211316,0.10782145320324682,0.05706569523809286
0.33321295771685616,0.1077916037622539,0.05707243943747929
0.33320305520572907,0.1077762137935577,0.057075916655610875
0.33318905516172936,0.10775445565199777,0.05708083270227966
0.33317572699709563,0.1077337417104673,0.05708551282181
0.3331716993739455,0.10772748218766487,0.05708692710189161
0.33316742984152453,0.10772084670203273,0.05708842632722516
0.33316002223795965,0.10770933418914437,0.05709102747082368
0.33315433802829525,0.1077005000855846,0.057093023453121027
0.3331219936997843,0.10765023220939689,0.057104381005171095
0.33308707368861334,0.1075959613409377,0.05711664299553301
0.3330690341488611,0.10756792522479308,0.05712297749128942
0.33305594250152776,0.10754757886617196,0.0571275745589317
0.33304889890746103,0.10753663207794774,0.05713004788238331
0.3330483729563161,0.1075358146719835,0.05713023256754387
0.33304272185727823,0.10752703202724058,0.05713221692320737
0.3330230947140205,0.10749652854014952,0.057139108898134894
0.3330010411917348,0.10746225410074092,0.05714685288413733
0.3329916016520167,0.10744758365817297,0.05715016753213322
0.33297799450658055,0.10742643613916288,0.05715494561440171
0.3329646114523912,0.10740563689113468,0.05715964500812983
0.3329547446156308,0.10739030236568714,0.05716310969938281
0.3329502612921793,0.10738333461713445,0.0571646839963864
0.3329026181349439,0.1073092900955951,0.057181413656980484
0.33289687212016156,0.10730035993772974,0.05718343134184134
0.3328779069003408,0.10727088517768017,0.057190090885605956
0.332862249417519,0.10724655113075038,0.05719558893377417
0.33286168798479665,0.10724567858116059,0.05719578607811632
0.3328597647551856,0.1072426895975452,0.05719646141074549
0.3328573791202045,0.10723898196750994,0.05719729911474855
0.3328300243453906,0.10719646859664103,0.057206904609531435
0.3328206292330963,0.1071818672008687,0.057210203657055717
0.33282040362554816,0.10718151657332997,0.057210282878037845
0.3327521052268766,0.10707537074788538,0.05723426552518377
0.3327481847390272,0.10706927772920531,0.05723564218523088
0.3327372323705652,0.10705225612674343,0.05723948805560771
0.3327306744959067,0.10704206421840698,0.05724179082107544
0.33272747186246404,0.10703708685177794,0.05724291541007439
0.33266057942589833,0.10693312609964652,0.05726640436053429
0.3326346670680749,0.1068928544583799,0.057275503357677504
0.33262948665827086,0.10688480333440797,0.05727732243312901
0.33261327089543863,0.10685960163766955,0.05728301651858009
0.33260379423035663,0.10684487349678837,0.05728634420296513
0.3325960789911848,0.10683288287261092,0.057289053371295605
0.33258138832020445,0.1068100513944522,0.05729421192823562
0.33254641969120863,0.10675570496669363,0.05730649099050788
0.33254537273764767,0.10675407784582269,0.057306858623107165
0.3325002845334259,0.10668400409961455,0.057322691124502896
0.3324818125025603,0.10665529582823478,0.05732917748738892
0.3324734147989679,0.10664224455328562,0.057332126299747765
0.3324398250532028,0.10659004111425832,0.057343921173947966
0.3324128209115954,0.10654807267931556,0.057353403545603025
0.3324096665786831,0.10654317037886318,0.05735451117410806
0.33240584050809974,0.10653722409859634,0.05735585467999605
0.3323894862735182,0.10651180719625403,0.05736159738912158
0.3323723842101492,0.10648522805723437,0.05736760269465179
0.33231219056680794,0.10639167822175874,0.057388739396781845
0.33229757469614607,0.10636896299437174,0.0573938716879575
0.3322909429055828,0.10635865620977344,0.05739620040863205
0.33225040524255944,0.1062956546784506,0.0574104350098426
0.3322445036921292,0.10628648279515605,0.05741250731028207
0.33223593665483164,0.10627316835055334,0.05741551558333957
0.33220190978234404,0.10622028555186776,0.057427463952440784
0.33219219765325575,0.10620519146505242,0.05743087431885478
0.3321529625306484,0.10614421427442153,0.05744465153939761
0.3321184868812716,0.10609063400999347,0.05745675749429862
0.3321144442772467,0.10608435120469317,0.05745817703484082
0.3321054026158565,0.10607029912396637,0.057461351969816596
0.3321014752343695,0.1060641953915526,0.057462731050530694
0.332100955403058,0.10606338749671576,0.05746291358674181
0.33208883872654715,0.10604455638713046,0.057467168298169787
0.33208517778813035,0.10603886674670382,0.0574684538187088
0.33205676006656565,0.10599470139917867,0.057478432562020995
0.3320540362212935,0.10599046814026745,0.057479389026906164
0.332011108108308,0.10592375149571574,0.057494463022876724
0.3320012802323809,0.10590847752117263,0.057497914033224504
0.33195318336249857,0.10583372786299233,0.05751480301278548
0.3319499385665112,0.10582868496952517,0.05751594240695487
0.3319338436031931,0.10580367101312015,0.05752159407425006
0.33185366606604355,0.10567906324736888,0.05754974802251074
0.3318460239208092,0.10566718622199428,0.05755243152426419
0.33184214737252027,0.10566116149189798,0.05755379275515051
0.33181603252507086,0.10562057515176708,0.057562962855531065
0.33178425540890316,0.10557118880755591,0.0575741212337535
0.3317532010227079,0.10552292569274666,0.05758502582889689
0.33174188996028814,0.10550534662675755,0.05758899765289473
0.3317319808048965,0.10548994633189028,0.057592477204127177
0.3317240276563864,0.10547758596137048,0.05759526991315297
0.33170934039465366,0.10545475978168745,0.05760042727295242
0.331677465962716,0.10540522219435881,0.05761161982312937
0.331669659938878,0.10539309047736622,0.05761436087004939
0.3316689181768421,0.10539193766931929,0.05761462133614404
0.33166409103391475,0.10538443557438697,0.05761631636366739
0.33161963864558813,0.10531534998023404,0.0576319256014353
0.3316183520444668,0.10531335041156638,0.05763237738509801
0.3316050146824215,0.10529262217589623,0.05763706073425425
0.33155823641086707,0.10521992181478103,0.057653486694490594
0.331531207684331,0.10517791517121848,0.05766297769902257
0.3315072639052358,0.10514070299281084,0.05767138543941692
0.3314766216737444,0.10509308042744504,0.05768214530846092
0.3314635997021072,0.10507284235517345,0.05768671790982485
0.33144562002393285,0.10504489927278553,0.05769303138548225
0.3314271047764228,0.10501612383634054,0.057699532923680664
0.3314225617096391,0.10500906323780251,0.05770112819926185
0.33141174700618614,0.1049922555871507,0.0577049257292471
0.3314078046346092,0.10498612855791756,0.057706310073657584
0.33140424541048114,0.10498059699655787,0.05770755987772383
0.3313959361224233,0.10496768313244229,0.057710477643402106
0.3313949549061235,0.1049661581770098,0.057710822192685106
0.331375383429173,0.10493574120360358,0.057717694620662306
0.33137110075308585,0.10492908529076785,0.05771919846132966
0.33136350425900274,0.10491727921404247,0.05772186593290564
0.33134252598587144,0.10488467587104705,0.057729232350450195
0.33133306156274156,0.10486996675597236,0.05773255573613388
0.33131006125530754,0.10483422087223934,0.05774063218108965
0.3312913828199753,0.10480519181775313,0.05774719102189009
0.3312848328280691,0.10479501216038113,0.057749491019368056
0.33126887609771705,0.10477021303847552,0.05775509414683633
0.33125647115426776,0.10475093391938006,0.0577594500817835
0.3312259621708547,0.10470351844125983,0.05777016316141946
0.3311542768284414,0.10459210880368798,0.057795335117220355
0.33113522453377336,0.10456249871643136,0.05780202523688979
0.33110925876382497,0.10452214406481307,0.05781114298943828
0.3310801288265683,0.10447687182863483,0.0578213718237916
0.3310798107226089,0.10447637744797575,0.057821483524434114
0.3310755819294113,0.10446980527712947,0.05782296844438955
0.33105237068965954,0.10443373157333903,0.057831118957192375
0.33103021410453065,0.10439929695901011,0.05783889913320587
0.33102596919644817,0.10439269974324639,0.05784038971182396
0.3310151655640764,0.10437590929869416,0.05784418335425344
0.3310077735977137,0.10436442108833362,0.05784677900692524
0.3309482412242663,0.10427189896419663,0.057867683507380856
0.33093467315299696,0.104250812172228,0.057872447868947643
0.33092492234500254,0.10423565797266475,0.05787587181726951
0.3308986308423454,0.10419479708418122,0.05788510394925835
0.3308811017685302,0.10416755430769478,0.05789125919740884
0.3308670386525369,0.10414569814291687,0.05789619739149831
0.33085418760680413,0.10412572571481218,0.057900709973070646
0.33084313311065133,0.10410854539079534,0.05790459170508434
0.3308236235174394,0.10407822459388279,0.05791144240289079
0.33078566129022885,0.10401922567119418,0.05792477265246871
0.3307557527529733,0.10397274337531939,0.0579352748883864
0.33074773161963594,0.10396027734631053,0.057938091469950284
0.330715367095631,0.10390997808333444,0.05794945611354887
0.3307041996393291,0.10389262220251831,0.05795337751096395
0.3306996862152362,0.10388560767311146,0.05795496237765988
0.33065635303504687,0.10381826149414088,0.05797017861098901
0.3306513193011877,0.10381043832630761,0.05797194618190311
0.33058735888336105,0.10371103436548212,0.05799440556838768
0.3305831636177454,0.10370451430146323,0.057995878715297405
0.3305384917434118,0.10363508759355308,0.05801156502449834
0.33052970319242103,0.10362142888386852,0.05801465108100091
0.3305071888705872,0.103586438293725,0.05802255687450079
0.3304993630628693,0.10357427582965345,0.05802530486843301
0.33049385937418735,0.10356572228243269,0.05802723746167427
0.3304764079216229,0.10353860014086441,0.0580333654535039
0.3304658990674801,0.10352226782533194,0.058037055586006525
0.33043741399512133,0.10347799780469923,0.05804705797921916
0.3304323334027843,0.10347010181185237,0.05804884200425754
0.33043214865715564,0.10346981468978754,0.058048906876777405
0.330397765116879,0.10341637757654099,0.058060980488020435
0.3303965715611241,0.10341452261415125,0.058061399599259864
0.3303906480708348,0.10340531663306674,0.05806347960377306
0.33038804598784305,0.10340127261077034,0.05806439331243168
0.3303596434143791,0.10335713080563697,0.05807436673656271
0.3303382472261977,0.10332387796076715,0.0580818799029239
0.3303366784793256,0.10332143989582139,0.05808243076068084
0.33032643265019185,0.10330551636010282,0.058086028533243766
0.33021888471269156,0.10313837093908461,0.0581237934631178
0.3302053980709619,0.10311741070067902,0.0581285292311018
0.3301954601285691,0.10310196566654911,0.05813201889074826
0.3301757050305705,0.10307126331884277,0.058138955796354384
0.3301590732667436,0.10304541509495549,0.05814479595851093
0.33013840616438744,0.1030132953574241,0.05815205310996657
0.3301011818671782,0.10295544328723324,0.05816512423904995
0.3300888686214298,0.10293630667994397,0.058169447974799955
0.33008366497599984,0.10292821944436846,0.058171275209327376
0.3300719252309803,0.10290997414213818,0.05817539756311403
0.33006399201297904,0.10289764474658054,0.05817818327363956
0.3300098081861848,0.10281343505597747,0.058197209658215135
0.33000666254495414,0.10280854626368548,0.058198314234678854
0.33000020251216744,0.10279850641610656,0.058200582643454006
0.3299872779613403,0.10277841975020034,0.05820512103597909
0.32998298128150116,0.10277174207346017,0.05820662979399518
0.32996086714663486,0.10273737343312551,0.058214395063807524
0.3299605444891415,0.10273687197560041,0.058214508363401106
0.32995510500311376,0.10272841820881172,0.05821641841219575
0.32995073481305853,0.1027216262863101,0.05821795298296306
0.32994162750656925,0.10270747218337824,0.05822115096889289
0.3299076081290083,0.10265460103291854,0.05823309670618743
0.32988636713177333,0.10262158937776084,0.05824055537801022
0.3298525775559671,0.10256907537325798,0.0582524204215476
0.3298309278061042,0.10253542845598662,0.058260022624847516
0.3298280335647066,0.1025309303762635,0.05826103892349499
0.3298263670677695,0.10252834039324156,0.058261624105707
0.3298020359193169,0.10249052618548922,0.05827016786894807
0.3297919216391709,0.10247480709637802,0.05827371944873022
0.3297877605448738,0.10246834013964823,0.05827518059654936
0.32978340156690855,0.10246156564239478,0.05827671123024635
0.3297582557520233,0.10242248532236693,0.05828554105960282
0.3297479453837395,0.1024064614832521,0.05828916149477118
0.32973545964035067,0.10238705678908532,0.058293545802220174
0.32971533681666515,0.10235578294120715,0.05830061183289464
0.3297141981932879,0.1023540133518669,0.05830101165489953
0.32969961342215076,0.1023313464577466,0.05830613302562988
0.3296915874177702,0.10231887285841539,0.05830895131763663
0.3296515521207838,0.1022566520783063,0.05832300951548144
0.3296472227443274,0.1022499235861811,0.05832452975475403
0.32964640153097025,0.10224864729901548,0.05832481811978979
0.32963641118246084,0.10223312081801975,0.05832832618158665
0.3296170038573612,0.10220295896089808,0.058335140968447885
0.3296141563169068,0.10219853346135638,0.05833614086828859
0.32960370859579,0.10218229615559923,0.05833980953422945
0.32960166120397283,0.10217911420552904,0.058340528465807305
0.32958019613252754,0.10214575430586663,0.058348065820188186
0.3295636735342962,0.10212007574148058,0.05835386764938218
0.3295636695100582,0.10212006948721881,0.05835386906247358
0.329557646532344,0.10211070888794344,0.058355984001507266
0.32955270259953806,0.10210302528424502,0.0583577200392227
0.32952711950048186,0.1020632653598607,0.058366703418767436
0.32951745911402336,0.10204825168875425,0.058370095616011204
0.32950767479155296,0.10203304540273239,0.05837353133277665
0.3294888175948535,0.10200373852660989,0.058380152944752926
0.32945976765143165,0.10195859061269669,0.05839035368966418
0.3294318537535838,0.10191520828183585,0.05840015551775347
0.32941562776142314,0.10188999068720625,0.05840585319518296
0.32939481199367665,0.10185763990164329,0.05841316254976003
0.3293724115314852,0.10182282626624488,0.05842102836200586
0.3293622112005717,0.10180697344149815,0.058424610158092284
0.3293558945179002,0.10179715638122618,0.058426828230178744
0.3293465682923987,0.10178266204573092,0.058430103088444166
0.3292866589060747,0.10168955398775396,0.05845113997511918
0.3292413996388495,0.10161921438430675,0.05846703254444815
0.3292375152865359,0.10161317752560046,0.05846839651567939
0.32917537129293184,0.10151659655700052,0.05849021807372222
0.32917406521981196,0.10151456672596348,0.05849067669488159
0.3291601390172588,0.10149292334494633,0.05849556681248918
0.32914594900773175,0.10147086996882604,0.0585005495646196
0.32914118271994414,0.10146346245179254,0.05850222322315961
0.32913696959849037,0.10145691463715693,0.05850370264005919
0.32909714683725805,0.10139502416908294,0.05851768620701812
0.3290793793486187,0.10136741086065429,0.05852392517336278
0.32907657797645656,0.10136305711347553,0.05852490886143448
0.3290688775847342,0.1013510895644332,0.05852761281615603
0.32905792409367207,0.10133406621728444,0.05853145908072839
0.32905126044444144,0.10132370991959933,0.058533798988417464
0.32903990799143495,0.10130606652650914,0.058537785346516484
0.32903990799143495,0.10130606652650914,0.058537785346516484
0.32903990799143495,0.10130606652650914,0.058537785346516484
0.32903990799143495,0.10130606652650914,0.058537785346516484
0.32903990799143495,0.10130606652650914,0.058537785346516484
0.32903990799143495,0.10130606652650914,0.058537785346516484
0.32903990799143495,0.10130606652650914,0.058537785346516484
0.32903990799143495,0.10130606652650914,0.058537785346516484
0.32900335699146394,0.10124953067314792,0.05854973660773507
0.3289588788079488,0.1011807333197791,0.05856427985935991
0.32891895879354927,0.10111898638858542,0.0585773327038872
0.32884310611225476,0.1010016600207672,0.05860213463020932
0.3288312908809085,0.10098338461961948,0.058605997914833244
0.3288040571142859,0.10094126034839648,0.05861490267418678
0.32876659826171756,0.1008833202592727,0.05862715078045878
0.32872204047127074,0.10081439977258828,0.058641720061555755
0.3287197916088885,0.10081092130814208,0.05864245538321033
0.3287149532304603,0.10080343746765784,0.05864403741173255
0.3287106142976916,0.10079672615286622,0.05864545613403752
0.3287007277573296,0.10078143398585034,0.05864868878503224
0.3286691220183655,0.10073254729533936,0.05865902306980328
0.3286637940987775,0.10072430624910839,0.058660765166019486
0.32864205525671913,0.10069068134177807,0.05866787322271384
0.328574070098346,0.10058552419292928,0.05869010266615858
0.32849030122370326,0.10045595332436769,0.05871749298936824
0.32842750042279395,0.10035881516470056,0.05873802727781449
0.3284029572534655,0.10032085261857943,0.058746052279264764
0.3284005433597378,0.10031711888921689,0.05874684156203452
0.32832370295391083,0.10019826474242216,0.05877196644953166
0.3282771855520947,0.10012631319499768,0.05878717647444907
0.3282591487808043,0.10009841452580696,0.0587930740467563
0.3282506976132463,0.10008534254500838,0.05879583736680685
0.3281988865279545,0.10000520290661631,0.058812778293589496
0.32815319418117367,0.09993452752647951,0.05882771854618178
0.32814216036845234,0.09991746079729223,0.05883132632649352
0.32808112328418076,0.09982305069500465,0.058851283923788515
0.32799970680343665,0.09969711842994516,0.0588779050731317
0.3279831433765299,0.0996714986801298,0.058883320898739606
0.3278932264437037,0.099532418202633,0.058912721482937906
0.32788483851549716,0.09951944403832921,0.05891546412530498
0.3278661861295352,0.0994905931571381,0.05892156298818582
0.3278458990996457,0.0994592138638799,0.05892819633867559
0.3278295412594785,0.09943391210869587,0.058933544942570554
0.32781230630850466,0.09940725366811372,0.05893918033972361
0.3277755204060419,0.0993503544755049,0.0589512084081716
0.3277685998083671,0.09933964992855332,0.05895347127021823
0.327746817853622,0.09930595833597398,0.05896059342368097
0.3277340037773973,0.09928613795527377,0.05896478330555445
0.3277216166172982,0.09926697791403055,0.0589688335965511
0.3277063898478907,0.09924342566093021,0.05897381236864621
0.327680214094629,0.09920293788907181,0.05898237118413886
0.32766672420512394,0.09918207218319444,0.05898678204002278
0.3276658712634218,0.09918075288175161,0.05898706093058924
0.3276633223365256,0.09917681028764086,0.05898789436582184
0.3276255752063023,0.09911842430036813,0.059000236731664324
0.3276109134013401,0.09909574591520726,0.05900503077454082
0.32760751765177437,0.09909049348436681,0.05900614109956954
0.32759996611974834,0.09907881302945136,0.059008610261341174
0.3275786244023547,0.09904580238115168,0.05901558846821998
0.32756459814770117,0.09902410704376206,0.059020174702069
0.32754756096650184,0.09899775450679345,0.05902574543346085
0.3275276609581178,0.09896697384534013,0.059032252237615
0.3274801420304354,0.09889347317150174,0.0590477897363978
0.327476348881774,0.09888760605715012,0.05904903000097411
0.32747370234587553,0.09888351248472825,0.059049895351904934
0.32746917114541974,0.09887650377676618,0.0590513769409264
0.32745221959338466,0.0988502836880994,0.05905691967372693
0.3274299311416439,0.0988158086630587,0.05906420743901715
0.3274298026731504,0.09881560995232802,0.059064249444995796
0.3274229431844882,0.09880499992673505,0.05906649232592637
0.32739566117291524,0.09876280103185091,0.059075412860169894
0.3273902554142426,0.09875443958675045,0.05907718040781655
0.3273893138423124,0.09875298319506166,0.059077488278246985
0.3273731839556001,0.0987280340305895,0.05908276234707349
0.3273346011245973,0.09866835540955128,0.0590953779661327
0.32732897741031086,0.09865965683806226,0.05909721677980426
0.32732723616114534,0.09865696353261051,0.05909778612465503
0.3273122721667131,0.09863381773097471,0.059102678975916964
0.3272703107404322,0.09856891321276937,0.059116399310982615
0.3272661800117482,0.09856252394103007,0.059117749955768406
0.32726368904601516,0.09855867099929055,0.059118564439152865
0.32724471803059046,0.09852932727279841,0.05912476748588488
0.3271729885810032,0.0984183785806486,0.05914822121874482
0.3270995756781009,0.09830482597971842,0.05917222539866044
0.3270506690446677,0.09822917884945212,0.059188216642455285
0.32701796166960134,0.09817858818539231,0.05919891113463067
0.3270124022898037,0.09816998912431964,0.05920072891253626
0.3270058591622548,0.09815986843542125,0.059202868351309106
0.32699492586532586,0.09814295718066987,0.0592064432654751
0.32699472690377546,0.09814264943365755,0.05920650832091717
0.32697248736198187,0.09810825006087266,0.05921378009388009
0.3269428737432397,0.09806244471469804,0.05922346300525039
0.32691024204357877,0.09801197110280169,0.05923413275346422
0.32690110967573405,0.09799784546438631,0.059237118808941315
0.3268134542989576,0.09786226308547225,0.05926577992097381
0.3267945545965605,0.09783302966356473,0.05927195965013254
0.32678217915012175,0.09781388774061606,0.059276006111055726
0.32674682756964757,0.0977592071088588,0.05928756519214986
0.3267212922932745,0.09771971000503912,0.05929591458774685
0.32672024105596925,0.0977180839866488,0.0592962583160073
0.3267178344992732,0.09771436160595938,0.0592970451997515
0.32668868793927963,0.09766927869049633,0.05930657539461301
0.32667545391209096,0.0976488087438161,0.059310902589929985
0.32665596655797646,0.09761866636206204,0.059317274466476916
0.3266463659627913,0.09760381648539655,0.05932041362056306
0.3266378707209657,0.09759067633200808,0.05932319135179487
0.3266187121506981,0.09756104250201389,0.05932945572426139
0.3266147193840871,0.0975548666253538,0.05933076125890587
0.32659797540290614,0.09752896760027972,0.059336236121237736
0.3265813267987581,0.0975032161011818,0.059341679797669446
0.32654354299750565,0.09744477339239868,0.05935403415401967
0.32651285666006846,0.09739730880114478,0.05936406781752669
0.3264857387500859,0.09735536373306311,0.05937293469466167
0.3264033974202369,0.09722800094261677,0.05939985824649039
0.32639520754970375,0.09721533312723889,0.05940253612896052
0.32636453616441186,0.0971678916634588,0.059412564903490644
0.3263539147611955,0.09715146283537734,0.05941603783622701
0.3263471105731545,0.09714093834691924,0.05941826263523997
0.3263354619341627,0.09712292062520371,0.059422071448337915
0.3263179309630683,0.09709580431068818,0.0594278036366537
0.3263073770069898,0.09707947980756353,0.059431254515865874
0.32630382637646127,0.09707398781207616,0.059432415483088946
0.32628136421000475,0.09703924409097496,0.05943976004873887
0.326268834126859,0.097019862981186,0.05944385707199089
0.32626673232765524,0.09701661198910176,0.0594445443076707
0.32626228621135195,0.09700973488643563,0.05944599807630606
0.3262374788411624,0.09697136368333789,0.05945410946481845
0.32618896467254743,0.09689632360440883,0.05946997238245081
0.3261526559253697,0.09684016245949356,0.05948184443307555
0.32614403184731416,0.09682682302657217,0.05948466429052659
0.32613924542169825,0.09681941954494486,0.05948622933178084
0.326105785942106,0.09676766555098375,0.05949716974329249
0.3260939014246294,0.09674928298038765,0.059501055682745094
0.326090632979827,0.09674422746025918,0.0595021243823058
0.3260725801736564,0.0967163039888568,0.05950802719761712
0.3260606674818204,0.09669787783911221,0.059511922349379374
0.32601474872645364,0.09662685225781478,0.059526936631906675
0.3259640076971877,0.09654836774597506,0.059543527677178715
0.3259481340849322,0.09652381497818471,0.05954871795067873
0.32592688180634694,0.09649094267081584,0.059555666913308034
0.3258813990981017,0.09642059155249176,0.059570538619351604
0.32585547833443085,0.096380498189927985,0.05957901405963672
0.32581789841761594,0.09632237084271282,0.05959130175088413
0.3258176459032378,0.09632198026199373,0.059591384316759116
0.32579836912016197,0.09629216358441667,0.05959768734185218
0.32568398764815404,0.09611524218325632,0.059635087217412834
0.3256035284554132,0.09599079061897708,0.05966139535756346
0.32559637378770795,0.0959797240204011,0.05966373475464548
0.3255763942123875,0.0959488202874955,0.059670267575194315
0.3255761951908718,0.09594851244773088,0.05967033265024354
0.32556136832200117,0.09592557874728651,0.05967518066488247
0.32555889816256056,0.095921757988018,0.059675988345130604
0.3255414755170501,0.09589480922786026,0.05968168511369451
0.32553125623819723,0.09587900239217477,0.0596850265618391
0.3255175717919508,0.09585783575249505,0.059689501032902895
0.3255093818703596,0.09584516785814233,0.05969217893206772
0.3254821320040845,0.09580301868452014,0.05970108895560425
0.32545508381585975,0.0957611814597007,0.059709933035471285
0.3254120227565957,0.0956945760663035,0.05972401292297153
0.32540204072019935,0.09567913618924406,0.05972727679877688
0.3253639311357195,0.09562018956995814,0.05973973767808009
0.32525481951558044,0.09545141939784017,0.05977541444411384
0.32521065284109896,0.09538310387613301,0.05978985584008941
0.32519982290365085,0.09536635249433871,0.059793396958294824
0.3251961100315864,0.09536060954911828,0.05979461097443525
0.32516968255535333,0.09531973242066205,0.0598032520970327
0.3251345706273883,0.09526542247531897,0.05981473281776076
0.3251225643559455,0.0952468515797964,0.05981865856770982
0.3251165923553197,0.09523761429075037,0.059820611262288166
0.32510202822070117,0.09521508697878132,0.059825373369409365
0.3250176036122245,0.09508450184325282,0.05985297810115355
0.3250079077278817,0.09506950457653375,0.05985614841240682
0.3249955586384947,0.09505040342178342,0.059860186255234434
0.32494497762995633,0.09497216642460524,0.059876724977737834
0.32490069871733607,0.09490367729673245,0.05989120307277269
0.3248912839042043,0.09488911478147807,0.059894281480782074
0.32489124086515986,0.09488904821013638,0.0598942955534713
0.32489000538432833,0.09488713721007684,0.059894699524748685
0.3248869303310984,0.09488238082150684,0.05989570499011053
0.3248737547693169,0.0948620013071455,0.0599000130687042
0.3248221587171039,0.09478219427466353,0.05991688368505765
0.3247953004999649,0.09474065089070909,0.05992566564913929
0.32479451772790613,0.09473944012530283,0.05992592159599043
0.3247910236210976,0.09473403555879813,0.059927064081373264
0.324767115767273,0.09469705569726003,0.05993488135057136
0.3247558117720589,0.09467957105891009,0.05993857747378891
0.3247510769660414,0.09467224742073568,0.059940125636727806
0.32474692383479387,0.09466582349746716,0.05994148360659057
0.32473881040277314,0.09465327391460095,0.05994413649558227
0.32470157932018534,0.09459568613239708,0.05995631012677733
0.32469421378135854,0.09458429336548593,0.059958718473432815
0.3246782590035519,0.09455961505356007,0.059963935286034456
0.32466710137193966,0.09454235680549057,0.05996758355202128
0.32460039321462825,0.09443917487879225,0.05998939544811365
0.32459639722585976,0.09443299401820772,0.059990702036322896
0.3245440273003003,0.09435198998454739,0.06000782568987152
0.32452138926585195,0.094316974236771,0.06001522775994846
0.32451461041329305,0.09430648893638165,0.060017444274893555
0.32451405513942727,0.09430563005750352,0.060017625835535465
0.324513046594171,0.09430407007373393,0.06001795560456554
0.32449163140297504,0.09427094577863622,0.060024957835536824
0.3244568752865052,0.09421718619050715,0.06003632221482069
0.3244342677398079,0.09418221760015531,0.060043714316166896
0.3244314170602317,0.09417780826518148,0.06004464641696559
0.32441377451697956,0.09415051937461727,0.060050415086581564
0.324388307960617,0.09411112856459097,0.06005874201245687
0.3243811979257459,0.09410013100257665,0.0600610668157204
0.3243297270689988,0.09402051761821674,0.06007789649629321
0.32430255350865195,0.0939784864720295,0.060086781569703006
0.3242903542897593,0.09395961713190233,0.06009077040863396
0.3242897542921335,0.09395868907582147,0.060090966592824854
0.32428703156071154,0.09395447764673508,0.060091856857782795
0.324251871052126,0.09390009255852749,0.06010335346315659
0.32424728724592045,0.09389300248176677,0.06010485225294023
0.32420206446545496,0.09382305341096127,0.06011963896911222
0.32415279037523614,0.09374683791093864,0.06013575036206945
0.324120454270538,0.09369682151535598,0.060146323458136496
0.3240917021792645,0.09365234875079803,0.0601557246716098
0.32406849252598097,0.09361644884229643,0.060163313646724136
0.3240512900176975,0.09358984058297304,0.06016893843593027
0.32404196201435453,0.09357541234217057,0.060171988459313715
0.32403125066184335,0.09355884438355515,0.060175490803215846
0.3240080918456662,0.09352302310817413,0.06018306315587012
0.3239864629985193,0.09348956833726123,0.06019013524698429
0.32397037469243406,0.0934646834882998,0.060195395719987554
0.3239497000338088,0.09343270462399354,0.060202155815362
0.3239411936363131,0.09341954721539097,0.060204937194218426
0.3239343802032461,0.09340900842703864,0.06020716501612325
0.32393173993976826,0.09340492455658538,0.060208028316129675
0.3238855343101748,0.09333345524791443,0.060223136399341584
0.32384772360434255,0.0932749709240351,0.06023549955281533
0.32377331095296874,0.09315987194590516,0.06025983062543281
0.323766387046698,0.09314916228132912,0.060262094569307395
0.3237574863038502,0.09313539491264294,0.06026500488921377
0.32375178917283853,0.09312658278264072,0.060266867708315054
0.3237349217109751,0.09310049276181384,0.06027238294573631
0.3237010639888161,0.093048122779689,0.060283453572589456
0.3236590553794775,0.09298314528032205,0.060297189335332846
0.3236363047711394,0.09294795540705181,0.06030462821425123
0.3236076069285281,0.0929035665524939,0.060314011689771185
0.32360106493753993,0.09289344762158944,0.06031615075691712
0.3235844507745587,0.0928677493949261,0.0603215831719502
0.3235065793387439,0.09274730048573764,0.060347045180421305
0.3234718925533413,0.09269364813656392,0.06035838689018323
0.32344111377758933,0.092646040564844,0.060368450778703175
0.32344066513043856,0.0926453466125706,0.060368597475080776
0.32343211953617446,0.09263212857572936,0.060371391670298404
0.3233614519114706,0.09252282227847856,0.06039449821302508
0.32335375181166665,0.09251091202393752,0.0603970159527378
0.32335131707688414,0.09250714605833481,0.060397812050010276
0.32332914727116396,0.09247285455095501,0.060405061021024414
0.32327229263174195,0.09238491371322642,0.06042365106364321
0.3232636391755915,0.09237152883925911,0.06042648052699524
0.32320717779254937,0.09228419627722874,0.060444941984630705
0.3231957215359785,0.09226647612615008,0.060448687893497076
0.3231947210539441,0.09226492861429998,0.06044901502605562
0.32318406849480774,0.0922484515952928,0.06045249814599723
0.3231818157618511,0.0922449671439728,0.060453234733232636
0.3231787473376039,0.09224022100888951,0.060454238031083234
0.3231437753793296,0.09218612756394079,0.06046567298522931
0.3231278878018936,0.09216155319528062,0.06047086782499344
0.32310955944027414,0.09213320350400839,0.060476860740032605
0.32310230054040057,0.0921219756826316,0.06047923421842219
0.32306111915039354,0.09205827769821272,0.06049269950116982
0.32302066615165953,0.09199570636483567,0.06050592661822076
0.3230097328736143,0.09197879513929294,0.06050950152621227
0.322998182628964,0.09196092961062471,0.06051327816682575
0.3229786813065942,0.0919307656232447,0.060519654610642196
0.32296455795683543,0.09190892010242274,0.060524272592157945
0.322936917540244,0.09186616683875021,0.06053331031586281
0.3229313184008761,0.09185750627891584,0.060535141094151736
0.3229313184008761,0.09185750627891584,0.060535141094151736
0.3229313184008761,0.09185750627891584,0.060535141094151736
0.3229313184008761,0.09185750627891584,0.060535141094151736
0.32289321629475437,0.09179894888904534,0.060546670129982404
0.32283892767954825,0.09171551519128601,0.060563096922451806
0.32282557916473886,0.09169500046741776,0.060567135951292685
0.3228141197016436,0.0916773889410094,0.06057060338588026
0.3227995051043091,0.09165492843262753,0.060575025509313055
0.3227637650304364,0.09160000114243842,0.060585839835191856
0.32275022121080166,0.0915791862634878,0.06058993795988224
0.32274301810594597,0.09156811614001568,0.060592117494360165
0.32269474372388346,0.09149392544299337,0.060606724484291996
0.3225980770290622,0.0913453628066378,0.06063597414793701
0.32259720804834535,0.09134402730978984,0.06063623708641576
0.3225776118126587,0.09131391074853126,0.06064216656712886
0.3225765737165056,0.0913123153458791,0.06064248067700264
0.3225750309667475,0.09130994436410785,0.060642947486296145
0.32256691130210824,0.09129746562168929,0.060645404355852375
0.3225610168623292,0.09128840672591307,0.06064718791099753
0.3225183307184805,0.0912228043374407,0.060660103997061954
0.3223935999522148,0.09103111130908853,0.06069784536151227
0.3223828576192917,0.09101460190734872,0.06070109580495967
0.32234186166949713,0.09095159710106417,0.060713500467646404
0.32233625451848913,0.09094297972630305,0.06071519709419699
0.3223070603502687,0.09089811254009117,0.060724030742667356
0.32229602476539737,0.09088115245280114,0.060727369919063204
0.32228844641886545,0.09086950563750365,0.06072966299515786
0.32228158738453555,0.09085896430033695,0.060731738419867995
0.32227807595656693,0.09085356774677364,0.06073280091701022
0.3222728559758113,0.0908455453963228,0.06073438039256401
0.3222410386304729,0.09079664676878568,0.06074400776888991
0.3222384938298597,0.09079273578073763,0.06074477778137577
0.32222905053696105,0.09077822281438973,0.060747635157864105
0.32222874830695497,0.09077775833087173,0.06074772660741699
0.32220273630545115,0.09073778167161549,0.060755597387483776
0.3221906460660976,0.09071920073393207,0.06075925568401634
0.3221597457942474,0.09067171151483078,0.06076860556982581
0.3221322517904045,0.09062945723374233,0.060776924778071686
0.32213050415058275,0.090626771365773,0.060777453583541384
0.32208256772782884,0.0905531000630049,0.060791958312853674
0.322046971773748,0.09049839426395369,0.060802729030585485
0.3220286109517604,0.0904701763536881,0.060808284696561
0.3220018675658422,0.09042907566306836,0.06081637678085418
0.32199549265641503,0.09041927835539397,0.06081830571777353
0.32198975056709783,0.09041045360009717,0.06082004317431383
0.3219664798376324,0.09037468987686555,0.06082708449305238
0.32191054991023493,0.09028873372122469,0.06084400791809646
0.32190660554824585,0.09028267181110226,0.060845201413557204
0.3218971604358464,0.09026815604844653,0.060848059340594896
0.32189016559759204,0.0902574060004195,0.0608501758572149
0.32188425016529437,0.09024831484219847,0.06085196576433174
0.3218746932708202,0.09023362728676809,0.06085485751468462
0.32187251284045776,0.09023027628274725,0.06085551727505834
0.32184165622248984,0.09018285415330743,0.0608648539519609
0.3218148247235028,0.0901416180457292,0.06087297269773899
0.32179410924204466,0.09010978136666942,0.06087924084279159
0.32178565122922104,0.09009678263235117,0.06088180009063442
0.32174830611025973,0.09003938862153738,0.060893100075292236
0.3217422294745672,0.09003004971716785,0.060894938759757745
0.3217129533658814,0.08998505660039033,0.06090379720199038
0.3216711918785371,0.08992087527434552,0.06091643350304934
0.32166676708600533,0.08991407501242422,0.060917772368451674
0.3216600026172054,0.08990367900870937,0.06091981917927417
0.321651711591269,0.08989093690892536,0.06092232789978396
0.3216470943770626,0.0898838409229047,0.06092372498864443
0.3216231603720718,0.08984705784175598,0.06093096700304199
0.32161555774763434,0.08983537371485237,0.060933267425209374
0.321595622080851,0.0898047354974155,0.060939299611879556
0.32156643811342883,0.08975988398834543,0.06094813017376546
0.32154760135072535,0.0897309346264912,0.060953829851138897
0.3215378986806507,0.08971602303518617,0.06095676571065771
0.32152599673737403,0.0896977314811592,0.06096036703206636
0.3214922692557122,0.08964589725218737,0.0609705723824823
0.3214824138694309,0.08963075095830653,0.06097355445127397
0.32143681110318995,0.08956066614584458,0.060987353056639514
0.32137954379546246,0.08947265463134413,0.06100468114975349
0.3213473324751213,0.0894231505215861,0.06101442773607552
0.3213365324566785,0.08940655246560085,0.06101769563415972
0.32131765724715017,0.08937754401657426,0.061023406944874896
0.32130860767327285,0.08936363613904118,0.06102614518882262
0.3212834791145872,0.08932501720277715,0.06103374865442986
0.3212677621333559,0.08930086249084047,0.06103850434009163
0.32124603172162247,0.08926746601171007,0.06104507958542555
0.32110869042765683,0.08905639243823425,0.06108663667662944
0.3210975404064791,0.0890392564790019,0.06109001047946491
0.3210811977712129,0.08901414022790191,0.06109495547717578
0.3210627468758664,0.08898578388799734,0.06110053839778596
0.3210184199724873,0.08891765989100286,0.06111395094919945
0.32101132242243935,0.08890675198990268,0.061116098544625054
0.32098762388016966,0.08887033078067566,0.06112326931209101
0.3209590932939384,0.08882648342337107,0.061131902172171744
0.3209556294713465,0.08882116003234093,0.06113295026475345
0.32095455269583595,0.08881950518514767,0.06113327607832928
0.3209413903236619,0.08879927653540973,0.06113725878364027
0.32090898830242864,0.08874947934614447,0.061147063072741537
0.32089529315982823,0.08872843190582648,0.06115120698513426
0.3208745505112236,0.08869655347481775,0.06115748335049375
0.32085072532710973,0.08865993763551391,0.06116469243758314
0.32083011298169795,0.08862825946154193,0.06117092937545863
0.32081646055498797,0.08860727766932863,0.06117506036276448
0.32080289865202977,0.08858643499894255,0.06117916395915461
0.3207895117536266,0.08856586128507886,0.0611832146022046
0.32076368348050743,0.0885261669896012,0.061191029789251825
0.3206859099216376,0.08840664035257466,0.061214562717957256
0.32066614028361706,0.08837625729717426,0.06122054466720621
0.32064789567117946,0.08834821798406825,0.06122606517018937
0.32064501974080295,0.08834379809778277,0.06122693537679294
0.32062303424868815,0.08831000959724297,0.06123358780502189
0.32061888616785966,0.08830363460092355,0.06123484294226673
0.32061049249193696,0.08829073474305528,0.06123738272288028
0.3205357549501744,0.0881758740223126,0.061259997005516646
0.320523174228712,0.08815653928503663,0.0612638037134202
0.32046931708479787,0.08807376869583572,0.06128009995016732
0.32041957706925844,0.08799732553353906,0.06129515041534476
0.3204167277514956,0.08799294654696624,0.061296012569433456
0.3203485876071388,0.0878882250655293,0.0613166305941507
0.32034434919502136,0.08788171124317001,0.061317913064075344
0.3203254542822425,0.08785267251311593,0.061323630336652064
0.3203056919363859,0.08782230066470988,0.061329610079418805
0.32028602631619885,0.08779207746957574,0.06133556055467717
0.32026696901884344,0.08776278917806883,0.061341326962007635
0.3202424579958851,0.08772511930431137,0.061348743572024696
0.3201992502426248,0.08765871527811381,0.06136181748804154
0.3201934285411499,0.08764976817052123,0.06136357903383864
0.32018723220352374,0.08764024530170693,0.06136545393803115
0.320117757955016,0.08753347349642063,0.0613864756395034
0.3200948261139316,0.0874982305952923,0.0613934144165012
0.3200773272125992,0.08747133733158788,0.06139870928025004
0.3200708147606755,0.08746132864112104,0.06140067983514099
0.3200003624410962,0.0873530536829938,0.06142199748393944
0.31998830908346726,0.0873345294271516,0.06142564462070243
0.3199864443584689,0.08733166361631216,0.061426208854113866
0.31994908390828064,0.08727424604363458,0.061437513477734795
0.3199268224286303,0.08724003339043339,0.06144424941500064
0.31988912997885577,0.08718210558272714,0.0614556544959326
0.3198412457675462,0.0871085145213475,0.06147014342696828
0.3198285253055411,0.0870889650232021,0.06147399241793403
0.319823600651516,0.0870813965469398,0.06147548253274626
0.31979503655002295,0.08703749768155727,0.06148412553396337
0.3197883606759972,0.08702723783511193,0.06148614553754527
0.3197856489336433,0.08702307028191321,0.06148696606370364
0.3197842731686854,0.08702095593146886,0.061487382346295555
0.319777448698142,0.08701046771380987,0.06148944731260396
0.31977360174350566,0.08700455550460716,0.06149061133429084
0.31976185953981756,0.08698650944707148,0.061494164321273206
0.31975808636260356,0.08698071062302581,0.061495306019192904
0.3197544460064338,0.0869751159255879,0.0614964075277705
0.31973413205930373,0.08694389634633143,0.06150255417550637
0.31971972590040415,0.0869217561774776,0.06150691322908743
0.31967335765091176,0.08685049492870403,0.06152094345639548
0.3196138971855245,0.0867591128501796,0.0615389351609424
0.3195581806384829,0.0866734846290799,0.06155579402079525
0.3195336871478798,0.08663584169999998,0.06156320532582598
0.3194958958766937,0.08657776201817151,0.06157464030840146
0.3194474908680366,0.08650337056709097,0.06158928682367305
0.31943858626520283,0.08648968548894562,0.06159198120189982
0.31938606859422675,0.08640897347463823,0.06160787213739017
0.31937458692674425,0.08639132782331942,0.06161134629063983
0.31933210849426297,0.08632604465697824,0.06162419952685052
0.3193101716166795,0.0862923308698954,0.06163083724516626
0.31930190510968043,0.0862796264521484,0.06163333854667128
0.31929834419444847,0.08627415384386612,0.06163441601780026
0.3192971347623404,0.08627229512279572,0.06163478197095949
0.31928912043452756,0.08625997826774347,0.06163720696742079
0.31928836412993666,0.08625881593769671,0.061637435812059965
0.3192706221419543,0.08623154908520195,0.061642804229608925
0.3192543443718781,0.08620653252245529,0.06164772960023941
0.31923018658123753,0.08616940551534363,0.061655039328289495
0.3192237279229692,0.08615947949789338,0.06165699360615422
0.3192035171605696,0.08612841849854504,0.06166310903198203
0.3191299059468291,0.08601528877999168,0.06168538250731281
0.31912364932619225,0.08600567326496651,0.06168727565209779
0.319121245519369,0.08600197896384643,0.06168800300231058
0.319110497058592,0.08598546014448737,0.06169125529994018
0.31910161740382426,0.08597181340788727,0.06169394212931529
0.319099472808593,0.08596851747724585,0.061694591046600446
0.3190921025236585,0.08595719042233214,0.06169682116686784
0.31908953257333855,0.08595324078284626,0.06169759878921835
0.31908665040804923,0.0859488113144075,0.0616984708823983
0.31899917030308184,0.08581436712919308,0.06172494084343977
0.31898094171801744,0.08578635244782633,0.06173045649681804
0.31888790014795504,0.08564336110044768,0.06175860926064597
0.31885038318738657,0.0855857029941019,0.06176996124159081
0.3188293556582759,0.08555338674323085,0.06177632380684567
0.31877932020867705,0.08547648954179672,0.061791463665240534
0.3187282540405712,0.08539800827607845,0.06180691540116154
0.3185794289016133,0.08516928570476837,0.061851947304491735
0.31851646005919315,0.0850725117615246,0.06187100058302072
0.31850874212880725,0.08506065042616542,0.061873335894766304
0.31847054903023286,0.08500195319414267,0.061884892463333445
0.3184621598567173,0.08498906025581865,0.06188743088159678
0.3184514504708923,0.08497260148897189,0.06189067135582428
0.31845055112330195,0.08497121932266044,0.061890943482791755
0.31837877280812016,0.08486090650234232,0.0619126623548392
0.318366065769601,0.08484137763414044,0.06191650728409116
0.3183620904906983,0.08483526820922291,0.061917710134473246
0.3183420476022677,0.0848044652077245,0.06192377476455243
0.3183150559172249,0.08476298291749985,0.06193194197985004
0.31829369375236055,0.08473015238019455,0.06193840580007444
0.3182913871475887,0.08472660746447595,0.06193910373863397
0.31826801450659387,0.08469068711806077,0.06194617589403206
0.31825659122610783,0.0846731311990551,0.061949632380390224
0.31819905743736665,0.08458471014203318,0.061967041106032635
0.31819582993950646,0.08457974994770949,0.06196801769085329
0.31817567002517183,0.08454876709443414,0.0619741177309394
0.3181486965296787,0.08450731275889917,0.06198227944239506
0.31809777816727375,0.08442905864902422,0.061997686454877014
0.31807720741356826,0.08439744439544956,0.062003910807824233
0.31797635888056835,0.08424245488264208,0.062034425823102195
0.31797597221130286,0.08424186062827574,0.06203454282250905
0.3179511494833317,0.08420371170929436,0.06204205374905155
0.31792597587347843,0.0841650235359447,0.06204967084635998
0.31787182971176675,0.08408180876846669,0.06206605453487507
0.31786843666694653,0.08407659415256717,0.06206708121133182
0.3178595781871094,0.0840629799587527,0.06206976163354053
0.31785933838563696,0.08406261141880192,0.06206983419330296
0.3178490058084057,0.08404673175190468,0.06207296065179167
0.3178420635609034,0.08403606252820686,0.062075061255363134
0.31782981537169913,0.08401723884459869,0.062078767344778386
0.3178161016901832,0.08399616291266661,0.062082916866725096
0.3177805246130208,0.08394148612469074,0.06209368187262911
0.31773033366710446,0.08386434994805521,0.062108868781510104
0.31772322344640513,0.08385342257400859,0.06211102021085484
0.3177167498302161,0.08384347356841178,0.06211297901472672
0.3177103855577062,0.08383369260813066,0.06211490473309956
0.31770641513325015,0.08382759064379097,0.06211610611461034
0.31764993973719396,0.08374079618223576,0.06213319458900079
0.3176266158044977,0.08370495069338414,0.06214025200611334
0.31761545925111495,0.08368780469510369,0.06214362778548064
0.31759405523592993,0.08365490983994851,0.06215010426888551
0.3175884880842272,0.08364635393829609,0.06215178879234075
0.3175748988523324,0.08362546926731335,0.06215590065799262
0.31753987152280083,0.08357163736140895,0.0621664993198076
0.31751896296936577,0.08353950395882975,0.06217282588508853
0.3174776843230475,0.08347606468914573,0.0621853160868355
0.3174414756411158,0.08342041721659399,0.06219627220537757
0.31739129107988134,0.08334329085228492,0.06221145718236468
0.3173376882984074,0.0832609111811223,0.06222767645345332
0.31731869880637065,0.08323172709651847,0.06223342234407151
0.3172805815170449,0.083173146372273965,0.062244955974076116
0.31724031450708706,0.08311126184039297,0.062257140072223216
0.31718634644263144,0.08302832078246855,0.062273469871600526
0.3171114881494356,0.08291327448435307,0.062296120691524244
0.3171054796190602,0.08290404024794062,0.06229793876850314
0.3170940682202932,0.0828865025894071,0.06230139165965943
0.317079293849036,0.08286379653176733,0.06230586212790744
0.3170578382376676,0.08283082238079006,0.062312354223421657
0.31704208459962907,0.08280661133267753,0.06231712100079689
0.31695161309566466,0.08266756980271886,0.06234449610724187
0.31692232720210384,0.0826225616480129,0.062353357510207826
0.31686777198561156,0.08253871822289091,0.062369864971598014
0.31680875248524804,0.0824480138434084,0.06238772324778426
0.31677346487732216,0.08239378192750557,0.06239840066532271
0.31677346487732216,0.08239378192750557,0.06239840066532271
0.31677346487732216,0.08239378192750557,0.06239840066532271
0.31677346487732216,0.08239378192750557,0.06239840066532271
0.31677346487732216,0.08239378192750557,0.06239840066532271
0.31677346487732216,0.08239378192750557,0.06239840066532271
0.3167582708858897,0.08237062983525864,0.06240262477687113
0.3167404802861229,0.08234352111871379,0.0624075707766278
0.316657358568477,0.08221686304580299,0.0624306796094182
0.3166468494572683,0.08220084961620368,0.062433601268168465
0.31664435117079676,0.08219704281144766,0.062434295821721594
0.3166159700975262,0.08215379668817936,0.06244218609992079
0.3165427743347128,0.08204226345082886,0.06246253539841611
0.31653222561073546,0.08202618966062729,0.06246546806999038
0.31649595356366955,0.08197091953734294,0.06247555213338981
0.3164701182418363,0.08193155254434636,0.06248273466220706
0.3164417993180332,0.08188840112234276,0.06249060766211013
0.31642313620389395,0.08185996289779282,0.062495796231309686
0.31642255028104643,0.081859070088298,0.06249595912487703
0.316383943287809,0.08180024205270367,0.06250669233127039
0.31637607266644596,0.08178824906503834,0.06250888045825075
0.3163388192404832,0.08173148354965436,0.06251923735673437
0.31632445397753733,0.08170959424595488,0.06252323107184045
0.3163101931809436,0.08168786412456312,0.06252719574404977
0.31629897627082826,0.08167077217483618,0.06253031417937115
0.3162944848464373,0.08166392829366896,0.06253156284913136
0.31629432313700373,0.08166368188628223,0.06253160780629018
0.3162660082394536,0.08162053659934716,0.06253947968684671
0.31626429929873767,0.08161793257305983,0.0625399547928283
0.31620567636928,0.08152860492820631,0.06255625266915818
0.3161981869363259,0.08151719278259587,0.06255833482119658
0.3161472631665649,0.08143959685789717,0.0625724922389424
0.3160712161133793,0.08132371892033985,0.06259363423030204
0.31603680449958516,0.08127128366259556,0.06260320107097542
0.3160298808808233,0.08126073368558853,0.06260512591989341
0.31598585493428083,0.08119364843151702,0.06261736566019115
0.315982546534687,0.08118860720367857,0.06261828543489244
0.31594417417495907,0.08113013669472109,0.06262895341036069
0.31592541334655766,0.08110154957647052,0.06263416914529514
0.3158711696002152,0.08101889478330979,0.06264924955628341
0.3157521186397739,0.0808374889407127,0.06268234714878136
0.3157216954527247,0.08079113111326897,0.06269080515906293
0.31571039179380234,0.08077390697863253,0.06269394771159137
0.31569250205553345,0.08074664719817819,0.06269892127303871
0.31568973482659285,0.0807424305879487,0.0626996905958185
0.3156271399388113,0.0806470506068197,0.06271709272412195
0.31557353290929985,0.08056536602131441,0.06273199612020729
0.3155656849705013,0.08055340759657668,0.06273417794116311
0.3155051189795052,0.08046111918001406,0.06275101601186657
0.3154882287750679,0.08043538245553727,0.06275571169094046
0.31547601883748455,0.08041677736401048,0.06275910619978828
0.315406412898182,0.08031071417878179,0.06277845748436367
0.3153614950001484,0.08024226979907859,0.06279094519785602
0.3153539878888816,0.0802308307158509,0.06279303226467703
0.31531611357416867,0.08017311911110776,0.06280356177766759
0.3153075146740079,0.08016001639674668,0.06280595237487402
0.3153004060166753,0.08014918446419975,0.06280792866673028
0.31525812432871947,0.08008475705259699,0.0628196834822555
0.3152280942190855,0.08003899818327549,0.062828032212309
0.3152200570567945,0.08002675142615498,0.06283026663966146
0.3152048130495826,0.08000352312154839,0.06283450465619544
0.3151901892912682,0.07998123993131522,0.06283857023610916
0.3151719325993579,0.07995342099926506,0.06284364581506263
0.31515601282941336,0.07992916299017354,0.06284807170172774
0.31514511319208205,0.0799125544900257,0.06285110193141619
0.3151298204835737,0.07988925197602446,0.0628553534874937
0.3151218614116758,0.07987712421041403,0.06285756620478185
0.31507616105315395,0.07980748754378059,0.06287027145165898
0.3150691409482749,0.07979679054447888,0.06287222312487287
0.3150311189786063,0.07973885394808894,0.0628827936877091
0.31502702860503157,0.07973262117464372,0.0628839308605403
0.3150049869079626,0.07969903477925262,0.06289005871624888
0.3149825750347721,0.0796648843219592,0.06289628948535166
0.3149701522284944,0.07964595486828761,0.06289974317424536
0.3149681634681379,0.0796429244622593,0.06290029607343754
0.3149256177800605,0.07957809477616577,0.06291212428415763
0.3149076325823061,0.0795506895377635,0.06291712438448496
0.31489371095839447,0.07952947623627774,0.06292099476262747
0.3148451770620347,0.07945552192015107,0.06293448776695182
0.31484313225943983,0.07945240611884803,0.0629350562465573
0.314835680920385,0.07944105201943802,0.06293712780803556
0.3148218320441433,0.07941994956840079,0.06294097796145476
0.314792237817345,0.07937485488265898,0.06294920551086076
0.31478702309419837,0.07936690886321641,0.06295065526633571
0.31478536990453515,0.07936438978850491,0.06295111487285708
0.31473196245182217,0.07928300931140125,0.06296596278420274
0.31470852795994325,0.07924730062220317,0.06297247785354557
0.31465720105144046,0.07916909040827187,0.06298674734868871
0.3146521854918562,0.07916144786755558,0.06298814173430857
0.3146225956850998,0.07911635991692481,0.06299636805488998
0.3146167792559686,0.07910749703817489,0.06299798509183337
0.31460296084705885,0.0790864410122316,0.06300182677496947
0.31459393393078056,0.07907268610133088,0.06300433636578155
0.31457901540008504,0.0790499537468745,0.06300848389594675
0.3145606683842962,0.07902199718234128,0.06301358458602
0.3145177844307591,0.07895665205873667,0.06302550683858822
0.31448683010238365,0.07890948489603454,0.0630341125125183
0.31446246263564603,0.07887235457117944,0.06304088696004312
0.31433957757913367,0.07868510646216312,0.06307505047715761
0.31432370944701354,0.07866092713704871,0.06307946200788922
0.31430856634675497,0.07863785259105807,0.06308367197108192
0.3142823950402124,0.07859797363588103,0.06309094790767138
0.31424648070526806,0.07854324858227592,0.06310093252281784
0.314226223642953,0.07851238155319708,0.06310656422869593
0.3142109548886257,0.07848911553976991,0.0631108091252243
0.31420772355173066,0.0784841917374756,0.06311170747557257
0.31417281174094863,0.07843099429641315,0.06312141337699786
0.3141519467589027,0.0783992009397297,0.06312721409184026
0.3141075688035618,0.07833157930651057,0.06313955169479886
0.3140797665654105,0.07828921519269555,0.06314728104990404
0.3140013883506366,0.07816978510964877,0.06316907113209813
0.3139939830075434,0.0781585010973353,0.06317112990614833
0.3139382410851232,0.07807356343394196,0.06318662682802512
0.3139178667076572,0.07804251764398858,0.06319229114891989
0.31391010755737714,0.07803069451220396,0.06319444828560443
0.31390226207830996,0.0780187398355219,0.0631966294227255
0.3138970677463628,0.07801082488750204,0.06319807350920283
0.3138896468336889,0.07799951715078621,0.06320013661178286
0.31384302107481227,0.07792847039026964,0.0632130991310392
0.313839526685113,0.07792314575697465,0.06321407061321682
0.3138386101832324,0.07792174922228672,0.06321432541171365
0.31382678381408563,0.07790372859942085,0.06321761328394332
0.31378246831744616,0.07783620213866664,0.06322993352263505
0.3137355363931128,0.07776468885354204,0.06324298115955435
0.31372864595407446,0.07775418943467988,0.06324489678411191
0.31371838992052936,0.07773856163629794,0.06324774808424138
0.3137110937813419,0.0777274440252169,0.0632497764982982
0.3137095731363395,0.07772512691759412,0.06325019925581678
0.3136930196163253,0.07769990322149793,0.06325480133258968
0.3136374385678752,0.07761521069244023,0.0632702535295765
0.3135989110634594,0.07755650377923433,0.06328096463712567
0.3135539554931291,0.07748800199575466,0.06329346282396758
0.3135493939315368,0.07748105124188308,0.06329473099270956
0.3135377528954932,0.07746331302335577,0.0632979673401174
0.3135301881432858,0.07745178610880481,0.06330007043181007
0.313530062093863,0.07745159403894104,0.0633001054750589
0.3135103120679174,0.07742149961479952,0.06330559621875512
0.3134727901497282,0.07736432498000662,0.06331602776129258
0.3134623449319968,0.07734840890913541,0.06331893165689109
0.3134168581706487,0.07727909771467899,0.06333157752119636
0.31332881227732884,0.07714493634877581,0.06335605533378531
0.31326135791612825,0.07704215166577046,0.06337480845388574
0.31324749559481024,0.07702102872757895,0.06337866234519715
0.3132455860703257,0.07701811905850288,0.06337919321586814
0.3132418379628871,0.07701240781866472,0.06338023523461526
0.313219209130567,0.07697792676635903,0.06338652632095391
0.3131976373973079,0.076945056485988,0.06339252352109609
0.31316860214533904,0.07690081354725903,0.06340059566880643
0.3131646015242387,0.07689471753561047,0.06340170788937506
0.3131539672344635,0.0768785133631289,0.06340466434926569
0.3131535330892647,0.0768778518273017,0.06340478504682932
0.3131074087913432,0.07680756917609387,0.06341760815393574
0.31308850937062144,0.07677877087553488,0.06342286241919473
0.3130781577276151,0.07676299739067709,0.06342574029989924
0.3130668615674641,0.07674578468241582,0.06342888076767944
0.31300682485749354,0.07665430276644812,0.06344557169192026
0.31300539590538723,0.07665212537737111,0.06344596895771584
0.3129899176753022,0.07662854017184167,0.06345027209101309
0.31297090275350525,0.07659956587463557,0.06345555846695397
0.31290466143094603,0.07649862957904376,0.06347397434778737
0.31290405863868764,0.07649771106450898,0.06347414193125293
0.3128890890509718,0.07647490091108505,0.06347830365588117
0.3128792840992659,0.07645996045601249,0.06348102954985815
0.3128731013208091,0.07645053934650277,0.06348274843630065
0.31284015633829465,0.07640033889209043,0.0634919075359171
0.3128385620733928,0.07639790960494505,0.06349235076064927
0.31282199347480283,0.0763726629326232,0.06349695702944676
0.31280984334315837,0.07635414897137117,0.06350033491152746
0.3127395242535324,0.07624699911170629,0.06351988446043189
0.3127258595742806,0.07622617733383652,0.06352368340488236
0.3126861760823783,0.07616570896584487,0.06353471589079435
0.31260693995205313,0.07604497161998486,0.06355674448378423
0.31258686199817715,0.07601437751031116,0.06356232639537165
0.3125828243047702,0.07600822500913085,0.0635634489224854
0.31257431883898146,0.07599526466691801,0.06356581354381763
0.3125533998341657,0.07596338899215792,0.0635716292776369
0.31254581607150167,0.07595183311011362,0.06357373765446414
0.3125451412364342,0.07595080481917356,0.06357392526669325
0.3124260770645305,0.07576937884539521,0.06360702653213594
0.3124100099704579,0.07574489634876087,0.06361149337667267
0.31238331627048604,0.07570422138807614,0.06361891454489052
0.312355433056597,0.07566173388616014,0.06362666641222037
0.3123274641350436,0.07561911578579265,0.06363444210730718
0.312292547684043,0.07556591127412152,0.06364414929876878
0.3121685305171152,0.07537693809339585,0.06367862755613446
0.3121180077447094,0.07529995319495711,0.06369267349181407
0.31201139722203014,0.07513750367229344,0.06372231249365454
0.31200107197983645,0.07512177041610447,0.06372518303461702
0.3119596995350402,0.07505872847859518,0.06373668506965675
0.3119443079085879,0.0750352752367635,0.06374096412610714
0.31189000511323667,0.07495253046671253,0.0637560609534269
0.311862219736428,0.0749101920456434,0.06376378562087691
0.31182161896834104,0.07484832596310527,0.06377507312055156
0.31176759001112614,0.07476599845838057,0.06379009381759053
0.3117668320693729,0.07476484353227267,0.06379030453447339
0.31176480550825847,0.074761755526723,0.06379086794272888
0.3117529746339589,0.07474372803905709,0.06379415706744497
0.31174292892760375,0.07472842073016112,0.06379694989409722
0.3117077689871427,0.07467484519745342,0.06380672477854435
0.31162645055553023,0.07455093491104632,0.0638293322762252
0.31161220908694687,0.0745292342410256,0.06383329157501623
0.3115586972995896,0.07444769478230612,0.06384816849264227
0.311501004416194,0.07435978431030794,0.06386420780503069
0.31150067779983226,0.07435928662329984,0.06386429860829011
0.3114960774645972,0.07435227678745773,0.06386557755656905
0.3114863840923297,0.07433750635337412,0.06386827243012615
0.31148400241962654,0.07433387724074945,0.06386893456365537
0.31148258491298775,0.07433171729189025,0.06386932864747392
0.31146918683460706,0.07431130175144589,0.06387305347368999
0.3114243399592685,0.07424296559373256,0.06388552144202271
0.3113447749580158,0.07412172712543316,0.06390764146506829
0.3112480631737925,0.07397436096693213,0.06393452849909227
0.3112357516242662,0.07395560104255006,0.0639379512572769
0.3112151568976388,0.07392421949196822,0.06394367683787697
0.3111803733877288,0.07387121755145205,0.06395334707012357
0.31115084937726645,0.07382622985899735,0.06396155509854742
0.3110523989897891,0.07367621447543282,0.063988925485093745
0.31102397291792083,0.07363289978481735,0.06399682827344191
0.3110166806510471,0.07362178807423755,0.06399885561094912
0.3110081970639283,0.07360886107000483,0.06400121414974913
0.31098098908873695,0.07356740247406704,0.06400877829263583
0.3108990794676913,0.07344259135311926,0.06403155014805792
0.3108662709085369,0.07339259877602673,0.06404067132034677
0.3108129298443016,0.07331131945944866,0.06405550077490071
0.3107983173021056,0.07328905335995882,0.0640595632365992
0.31078898555492906,0.07327483395800537,0.06406215757405098
0.31076048692547503,0.07323140870658523,0.06407008053427678
0.3107482139779429,0.07321270760262137,0.06407349256064482
0.3107401473944393,0.07320041601444832,0.06407573516744668
0.31068453919255984,0.07311568210990982,0.06409119491341199
0.3106824421376496,0.0731124866882891,0.0640917779197868
0.3106094518698761,0.07300126657735709,0.06411207008820048
0.31057705567888033,0.07295190235297176,0.06412107661720358
0.31055975306522626,0.07292553721322476,0.06412588695097787
0.31055975306522626,0.07292553721322476,0.06412588695097787
0.31055975306522626,0.07292553721322476,0.06412588695097787
0.3105246134888195,0.07287258736752446,0.0641347881546209
0.3104696281639647,0.07278973308285289,0.0641487164834159
0.31046766735232817,0.07278677844639406,0.06414921317647446
0.3104592222301779,0.07277405296815828,0.06415135240977596
0.31044835590307457,0.07275767911274268,0.06415410495833485
0.3103985277801597,0.07268259592479133,0.06416672691666697
0.3103762498513482,0.0726490265704134,0.06417237013725678
0.31034623855238963,0.07260380423674813,0.06417997229729791
0.3103327121299049,0.07258342203364032,0.0641833986744319
0.3103099334162966,0.07254909807489797,0.06418916874878358
0.3102903259225566,0.07251955264850792,0.06419413552165212
0.3102815207168048,0.07250628458060297,0.06419636596770555
0.3102467402172223,0.07245387580751605,0.0642051762136233
0.3102323766066088,0.07243223209283715,0.06420881465882367
0.31019066883114593,0.07236938499844714,0.06421937965251041
0.31005404973828365,0.0721635213931766,0.06425398662537245
0.31005259369590615,0.07216132736504356,0.0642543554553653
0.3100021226734724,0.07208527542806879,0.06426714026652962
0.30998014037764415,0.07205215154635866,0.0642727086003491
0.3099457641297124,0.07200035191728311,0.06428141644530948
0.3099201990484404,0.0719618293382686,0.06428789233425926
0.3098843748800648,0.0719078479195436,0.06429696695184606
0.3098788442715707,0.07189951415754829,0.06429836790989704
0.3098630524430128,0.0718757183418052,0.06430236813688504
0.3097999578073438,0.0717806445940594,0.06431835063463548
0.3097944654294356,0.07177236843957757,0.06431974190849944
0.30979003126354016,0.07176568684509117,0.06432086512675243
0.3097704410233097,0.07173616741704153,0.06432582752913567
0.30976910482067244,0.0717341539686536,0.06432616600253231
0.3097420241304189,0.07169334760395006,0.06433302581028724
0.3097144778353037,0.07165183964554213,0.06434000356037714
0.30970485757168464,0.07163734341290887,0.06434244046868194
0.30969190755483306,0.07161782976293851,0.0643457208365453
0.3096832304540913,0.07160475472924763,0.06434791883232759
0.3096309716078095,0.0715260088213555,0.06436115651702584
0.3096269748701441,0.07151998636279659,0.06436216893036446
0.3096218335571685,0.07151223920826048,0.0643634712759949
0.30959893021179286,0.07147772744893753,0.06436927292081085
0.30958619855380537,0.07145854283162337,0.06437249797620559
0.30957466917043275,0.07144116985411411,0.0643754184835017
0.30950070026298476,0.07132971027956903,0.06439415554227626
0.30944926342402496,0.0712522030081464,0.06440718500435727
0.3094419587770264,0.07124119604759027,0.06440903534397781
0.3094406733400706,0.07123925909514445,0.06440936095792321
0.30936837197298866,0.07113031224312225,0.06442767561216423
0.3093356776736081,0.07108104704745109,0.06443595740285468
0.3093336253286242,0.07107795448455387,0.06443647728221907
0.30932345278139467,0.07106262604689859,0.06443905408944664
0.30930166416390303,0.07102979400814978,0.06444457336262022
0.30925344391011683,0.07095713362749938,0.06445678803173577
0.3092419885493818,0.07093987219052753,0.06445968978836272
0.3092384588809061,0.07093455353218643,0.06446058388843753
0.30918737699239324,0.0708575811155719,0.06447352343804565
0.30914974729102623,0.07080087904102021,0.06448305541506827
0.30913678285542534,0.07078134366424978,0.064486339435344
0.30913534257493785,0.07077917338681979,0.06448670427269358
0.3091266124890425,0.07076601851278946,0.06448891569014142
0.3090929300999145,0.07071526442040942,0.06449744777377674
0.30906106480159967,0.07066724839968577,0.06450551957026521
0.3090495726693119,0.07064993155373517,0.06450843064149162
0.3090458955415548,0.07064439069732009,0.06450936209446669
0.3090341875460596,0.07062674857927763,0.06451232784598708
0.3090246943662047,0.07061244384200072,0.06451473256271247
0.3090205193810013,0.07060615279228039,0.0645157901279225
0.3088881107224437,0.07040663365298144,0.06454933055596514
0.3088873055267131,0.07040542034895066,0.06454953452003936
0.3088841665988317,0.07040069047557203,0.06455032964164155
0.3088734092949191,0.0703844809010532,0.06455305457354363
0.30886341385407057,0.0703694193350141,0.0645555865179662
0.3088487841961001,0.07034737472857905,0.06455929235560394
0.3088426568848528,0.07033814182886078,0.06456084446438766
0.3088036608739477,0.0702793809395305,0.06457072254118384
0.30877846230741124,0.07024141064089826,0.06457710558831159
0.30875121144364776,0.07020034785133092,0.06458400850270643
0.3087438452188949,0.07018924810273007,0.0645858744405836
0.30872952073325977,0.07016766334327428,0.06458950297503843
0.30870313467011246,0.0701279036729778,0.06459618682684966
0.30868557537061136,0.07010144455496158,0.06460063477177873
0.308670186896806,0.07007825653174449,0.06460453282500257
0.30861357091754943,0.06999294510592922,0.06461887421475007
0.30855838630907023,0.06990979053200434,0.06463285302406603
0.30854744183153904,0.0698932989161169,0.06463562536890434
0.30849673875206546,0.06981689730547767,0.0646484689624212
0.3084655815212587,0.06976994823174468,0.06465636139837869
0.30845642905021853,0.06975615688936354,0.06465867981017803
0.3084561757161869,0.06975577515460016,0.06465874398220386
0.3084187274411462,0.06969934646114652,0.06466823000213645
0.30836624000358903,0.0696202561019548,0.06468152559127471
0.308356730129236,0.06960592620868017,0.06468393453688226
0.3083355037227732,0.06957394133402016,0.06468931139641942
0.308331841227712,0.06956842252678921,0.06469023914278732
0.30833067456876767,0.06956666455422934,0.06469053466908296
0.30827131115250445,0.06947721317055315,0.06470557201190655
0.308269245268603,0.06947410020662467,0.0647060953208132
0.3082561672164922,0.06945439362754376,0.06470940812127912
0.3082545233398841,0.06945191656260308,0.06470982453154779
0.3082472459306189,0.06944095064505101,0.06471166797158001
0.3082335306588854,0.06942028387566204,0.06471514218610398
0.3082240920622212,0.06940606138671641,0.06471753307636516
0.30817458862492847,0.06933146744921583,0.06473007278860504
0.3080524840899274,0.06914747501251788,0.06476100307982995
0.3080491962595643,0.06914252076638804,0.06476183591990937
0.30804348145258903,0.06913390944609088,0.06476328353726475
0.3080290144651751,0.06911210995874222,0.06476694816883521
0.30799700711272604,0.06906387988465608,0.06477505594904648
0.30797286711571226,0.06902750468473079,0.06478117085000244
0.30793477303542444,0.06897010286377583,0.06479082045881701
0.3079243103485963,0.06895433723112424,0.06479347076128603
0.30787084365360085,0.06887377128413205,0.06480701440605752
0.307831972120643,0.06881519796359951,0.06481686095135358
0.3078216164294531,0.0687995935566403,0.06481948415076494
0.30778768519643396,0.06874846449543627,0.06482807926902892
0.30778241494948244,0.0687405230575642,0.06482941427491577
0.3077778401438217,0.06873362954094804,0.06483057311861787
0.30776674576973756,0.06871691205439964,0.06483338343374152
0.30766629784543226,0.06856555274285547,0.06485882789042507
0.30765711835838094,0.06855172069157094,0.06486115314564832
0.3076179884790344,0.06849275808343676,0.06487106513265006
0.30757425711372255,0.06842686175564039,0.06488214272173999
0.30756242231126957,0.0684090285593456,0.06488514059472199
0.3075164425909841,0.06833974431225397,0.0648967877144531
0.30751012211862844,0.06833022034895661,0.06489838875286365
0.3074655741822967,0.06826309357634755,0.06490967318750156
0.30742949525392116,0.06820872827414805,0.06491881233832611
0.3073578555569589,0.06810077845550881,0.06493695938495536
0.30735661817487686,0.06809891391424179,0.06493727282612405
0.3073028159365344,0.06801784235590579,0.06495090146735731
0.30727872258620315,0.06798153744523537,0.06495700455224537
0.30721302087201013,0.0678825352379095,0.06497364744887446
0.3072027581271209,0.06786707088648831,0.0649762471040649
0.30719245463725436,0.06785154513875895,0.06497885708036268
0.30717551742396637,0.0678260234073695,0.06498314744467659
0.30715697345939985,0.06779808055310446,0.06498784481504455
0.3071306869544993,0.06775847090151467,0.06499450344776324
0.3070957471553856,0.06770582208894922,0.06500335404583411
0.30708801149304177,0.0676941656556799,0.06500531356592165
0.30700884388221206,0.06757487244823283,0.06502536750788639
0.3070016154326205,0.0675639803052515,0.06502719854594709
0.3069726149520386,0.06752028111678463,0.06503454465565589
0.3069643964293941,0.06750789708856314,0.06503662648905242
0.3069220554924236,0.06744409591880962,0.06504735186883641
0.3069091859604055,0.06742470354689534,0.06505061184909221
0.30687308731838026,0.06737030853930895,0.06505975599357999
0.30684759382679994,0.0673318938347628,0.06506621374815
0.3068247719290426,0.067297504804262,0.06507199476147545
0.30681547009739474,0.06728348839880556,0.06507435100779987
0.30679886732369255,0.06725847061556449,0.06507855665524569
0.30679055921423454,0.06724595159402676,0.0650806611818717
0.3067714447995195,0.06721714916060822,0.06508550305292687
0.30670728503386757,0.06712047042856789,0.06510175535867883
0.3066983589622735,0.06710702023474238,0.06510401642125031
0.30668574501682533,0.0670880129918144,0.06510721165888995
0.306553062780892,0.06688808161419851,0.06514082138679853
0.3065438586251602,0.06687421239107075,0.0651431528908435
0.3065141615122345,0.06682946348661727,0.06515067546444261
0.30649180997567,0.06679578321686806,0.06515633733060719
0.30637423029277033,0.06661860902458526,0.06518612143186261
0.3063660424222912,0.06660627118438286,0.06518819550076128
0.30634734878178144,0.06657810279188117,0.06519293078553196
0.3063337820365504,0.06655765982870135,0.06519636737681798
0.30631291269999505,0.06652621300254496,0.06520165378700186
0.3062823701827519,0.06648019020600908,0.06520939050990954
0.3062301940203769,0.06640156888983238,0.06522260724995316
0.3061984995824116,0.06635381032893244,0.06523063576581842
0.30618782107129694,0.06633771948283679,0.06523334073872233
0.3061792157916791,0.06632475267234657,0.06523552054150075
0.30617668127976705,0.06632093355930102,0.06523616255853601
0.306159183663592,0.06629456738840965,0.06524059487846606
0.30613214770579505,0.06625382842852193,0.06524744335504554
0.30606585828824223,0.06615394064415149,0.06526423512277163
0.3060095310397229,0.06606906429039873,0.06527850337415628
0.30600758103968484,0.06606612594532779,0.06527899732852958
0.30598841546837363,0.06603724642691985,0.06528385215805858
0.30598537169906276,0.06603265994262383,0.06528462317504993
0.30574696300021365,0.06567341532135852,0.06534501446588846
0.30573180203540357,0.06565057011861418,0.06534885488882462
0.3056981461758024,0.06559985600208174,0.06535738025226735
0.30567015472091436,0.06555767725752058,0.06536447076574818
0.3056582919436547,0.06553980190756746,0.0653674757250265
0.3056571535048863,0.06553808645839904,0.06536776410287133
0.30564541420297375,0.06552039716648203,0.06537073778461812
0.30562938456317174,0.06549624300638844,0.06537479825155576
0.30557750652565413,0.06541807091774424,0.06538793947361259
0.3055346584413793,0.06535350555632256,0.06539879331884478
0.3055273220117107,0.06534245070425353,0.06540065170933125
0.30550090148825104,0.06530263910765614,0.06540734429028178
0.30547929080725833,0.06527007519138137,0.06541281849037325
0.30546067008528616,0.06524201667571111,0.06541753530415427
0.3054010299315641,0.06515214829196708,0.06543264274732422
0.30539718730506826,0.06514635805483718,0.06543361612277325
0.30537281556626633,0.06510963365628236,0.06543978972622536
0.3053612872655667,0.06509226231019193,0.06544270995926965
0.3053434347372329,0.06506536134218677,0.06544723218197382
0.3053403456916021,0.06506070663355801,0.0654480146679066
0.3053180666222755,0.06502713556060208,0.06545365817740022
0.3052984862214725,0.06499763095903065,0.06545861808735878
0.3052454659363122,0.06491773768184006,0.06547204865208615
0.3052406305771719,0.06491045155188169,0.06547327349657193
0.30521139361136324,0.06486639601716514,0.065480679510337
0.30518753973529594,0.06483045195675591,0.065486721934016
0.30517216127406666,0.06480727902092501,0.0654906174509549
0.3051668944459463,0.06479934273469683,0.06549195159081786
0.3050917767426278,0.0646861521044503,0.06551097965099406
0.30505616666458063,0.0646324932863659,0.06552000003737472
0.30497804092163494,0.06451477001086844,0.0655397900638586
0.3049463211104364,0.06446697321647454,0.0655478250070158
0.30491939257572614,0.06442639612637703,0.06555464627226071
0.3048758958694304,0.0643608533930165,0.06556566441989166
0.3048615029066798,0.0643391654492578,0.06556931030027982
0.30481117322904094,0.06426332649678225,0.06558205930740402
0.30473187651434913,0.06414383875000725,0.06560214595265904
0.30472786963887966,0.06413780101536318,0.06560316093400409
0.3047208686438262,0.06412725161079613,0.06560493435557165
0.30470199911834595,0.06409881818715288,0.0656097141937519
0.3046584190181301,0.06403314979219787,0.06562075346589093
0.3045487384263892,0.06386787829484751,0.06564853664891716
0.3045152762901085,0.06381745608906006,0.06565701294031911
0.30449297868666875,0.06378385708809449,0.06566266114468763
0.3044810953822562,0.06376595080693247,0.06566567130369762
0.3044704767638029,0.06374995020971004,0.06566836110519568
0.3044424621626744,0.06370773658738463,0.06567545748184907
0.30439464827286983,0.06363568853369785,0.06568756921493285
0.30437806326869715,0.06361069752635855,0.06569177036118037
0.30434496515523624,0.06356082384602618,0.0657001544419873
0.30428250658460415,0.06346670854880833,0.0657159758181477
0.30428250658460415,0.06346670854880833,0.0657159758181477
0.30428250658460415,0.06346670854880833,0.0657159758181477
0.30428250658460415,0.06346670854880833,0.0657159758181477
0.30420910317810645,0.06335766346927732,0.0657327523517664
0.3041620305515579,0.06328773431270765,0.06574351091924294
0.3040772382908655,0.06316177042013138,0.06576289040420123
0.3040639367883378,0.06314201025544394,0.0657659304961395
0.30405329782344614,0.06312620544708294,0.0657683620583883
0.30404959972094,0.06312071169820749,0.0657692072690397
0.3039659121220204,0.06299638884569479,0.06578833428076478
0.3039394148530176,0.06295702559344772,0.06579439029839991
0.30392965093313573,0.06294252071593785,0.06579662186690557
0.3039114224164965,0.06291544118187399,0.06580078804034095
0.30385302308053225,0.06282868553198497,0.06581413535581118
0.3038082902587496,0.06276223229307311,0.06582435915500937
0.3038039443942071,0.06275577625557731,0.0658253524133073
0.30376254730246655,0.06269427843992292,0.06583481382299437
0.3036988834981101,0.06259970211246715,0.06584936434598833
0.3036745966921205,0.06256362263309345,0.06585491515672882
0.30366276776716716,0.06254605006904165,0.06585761868734982
0.3035918540072331,0.06244070350597587,0.06587382620596954
0.30356637889708304,0.06240285873085011,0.06587964860662182
0.30353328812431485,0.06235370044078675,0.06588721158616599
0.3035310230496223,0.062350335539050235,0.06588772927469765
0.3034535396658962,0.06223522941327382,0.06590543829739827
0.3033604731848554,0.062096973679500886,0.06592670887627808
0.303332271756826,0.062055078798744216,0.06593315438375526
0.3032083515188098,0.06187098799349806,0.06596147666657982
0.3032012582143734,0.0618604504723759,0.06596309785919231
0.30316156240914327,0.06180148001793928,0.06597217043555817
0.30311949890673184,0.06173899221002064,0.06598178415508421
0.3031038415579822,0.06171573229714853,0.06598536268161603
0.30303350561074116,0.061611244108837684,0.06600143813968799
0.30302124729444,0.0615930336586726,0.06600423980878412
0.303007960923886,0.06157329597342244,0.06600727644227165
0.3029925276462541,0.06155036893138053,0.06601080375678459
0.30296167531239265,0.061504535974026636,0.06601785513547309
0.3029111120874317,0.06142942132812278,0.06602941148801722
0.302837118534665,0.06131949955158398,0.06604632290105357
0.3028048485381041,0.06127156057287241,0.06605369829012624
0.3027715886191118,0.061222151006140396,0.06606129992846636
0.3027683016840945,0.061217268070763484,0.06606205116575153
0.3027659830805382,0.06121382364875004,0.06606258108843997
0.30274804709237263,0.06118717868294669,0.06606668040375517
0.3027263185412564,0.06115489964171942,0.06607164651889451
0.3027242733123269,0.061151861333799955,0.06607211396112275
0.30270342582012133,0.061120891157427415,0.06607687870802674
0.3026892828716073,0.06109988097521521,0.06608011111456662
0.3026891777378294,0.061099724792801825,0.06608013514315664
0.30263913290321953,0.06102538024626747,0.06609157301627906
0.30255707357271155,0.060903476282290286,0.06611032788315349
0.3025488388415315,0.060891243104577,0.06611220995172598
0.30252475320552225,0.060855462475046286,0.06611771478456027
0.3024959889269963,0.06081273144675798,0.06612428893293748
0.3024575082729031,0.06075556617083676,0.06613308378344737
0.3024054333874576,0.060678205864334506,0.06614498562980642
0.3022348723116257,0.06042482735008847,0.06618396779370402
0.3022144468631531,0.060394484144515016,0.06618863608144879
0.30219609232471667,0.0603672173976561,0.06619283105748364
0.30213427767743756,0.06027538810184622,0.06620695895096551
0.3021149508616426,0.060246676979760785,0.06621137614344194
0.3021116911010642,0.06024183441361175,0.06621212116994062
0.3020624700144916,0.06016871359325753,0.06622337077337229
0.3020441559711543,0.0601415070042512,0.06622755649415013
0.3020380676539466,0.06013246245079235,0.06622894799439774
0.3020158036851406,0.060099388015082064,0.06623403648059996
0.30201239702359056,0.06009432721889585,0.06623481508168605
0.3020080242681988,0.06008783123346114,0.06623581448595538
0.3019371462795808,0.05998253781079024,0.06625201382895061
0.30187226230890224,0.05988614885446636,0.06626684322403377
0.30185865003252826,0.05986592701694384,0.06626995434411811
0.30184314972751713,0.059842900401786026,0.06627349697790758
0.30180807421318456,0.05979079366134338,0.06628151357514017
0.3017502820691293,0.059704940030763265,0.06629472211536876
0.30174070330028907,0.059690710206020424,0.06629691136713704
0.3017187328156758,0.059658071758347454,0.0663019327767871
0.30170265021204384,0.05963418010432506,0.06630560849639441
0.30169144133062786,0.05961752865143233,0.06630817031450172
0.3016692792400759,0.05958460556186312,0.06631323551617212
0.30164020491827087,0.05954141394604025,0.06631988052572242
0.30160454969375566,0.05948844601201007,0.06632802961717885
0.30159010138432646,0.059466982198190396,0.06633133181472577
0.30158536777714806,0.05945995014619361,0.06633241369258068
0.30158362960177465,0.05945736798439922,0.06633281095694454
0.3015794714538112,0.059451190810927215,0.06633376131214505
0.30152418000112213,0.059369052104516394,0.06634639831305719
0.3015113890647005,0.05935005041582211,0.06634932171382468
0.3015095887063734,0.059347375877591146,0.06634973319025937
0.3015001941873217,0.0593334197667507,0.06635188033127397
0.30145595708406536,0.05926770294687859,0.06636199083275318
0.30142874950755966,0.05922728449104019,0.06636820919295892
0.30130818690108674,0.05904818164502021,0.06639576408062907
0.3012394220389307,0.058946027396048414,0.06641148046324385
0.30118505641662763,0.0588652640651534,0.06642390586328709
0.30110482702827884,0.05874607858793053,0.0664422424922674
0.3010780407247465,0.05870628595788248,0.06644836456947299
0.3010552223754389,0.05867238795731644,0.06645357976073653
0.3009566462845791,0.05852594737396275,0.06647610957483123
0.3009170928498991,0.05846718841935568,0.0664851496120489
0.30087113566249574,0.05839891631327058,0.06649565324309656
0.30083029556738883,0.058338245948890095,0.06650498734979872
0.30080901404308913,0.05830663099230256,0.0665098512958321
0.30078577177284127,0.058272103232235445,0.06651516337529535
0.3007709685331907,0.05825011214868726,0.06651854669303921
0.3006705051711711,0.058100867912975654,0.06654150784771562
0.30051176121004247,0.05786504441796004,0.06657778918025464
0.3004541519778953,0.0577794625137823,0.06659095591550547
0.30044619769814257,0.05776764596316653,0.06659277388619718
0.3004269154630703,0.0577390010683679,0.06659718088963704
0.3004239662075436,0.05773461977574377,0.0665978549494233
0.30035868108594027,0.05763763488611684,0.06661277602856168
0.30033200312704605,0.057598003208403935,0.06661887334332704
0.3002539469283993,0.05748204613235744,0.06663671328432197
0.3002507096662398,0.05747723698893361,0.06663745316875026
0.3002410969829588,0.05746295678229342,0.0666396501717495
0.3002311459923765,0.057448174000250526,0.06664192449573539
0.3001678033236846,0.057354074738720645,0.06665640162236357
0.30013905215650294,0.05731136318810569,0.06666297277410999
0.30004020620906696,0.0571645217169294,0.0666855642646055
0.3000143982430174,0.057126182464779074,0.06669146274031283
0.29998973239724486,0.057089539899504584,0.06669710018155132
0.2999877732869754,0.057086629525921945,0.06669754794114269
0.2999788099822815,0.05707331400938335,0.06669959652702864
0.29991837929819026,0.05698354067232382,0.06671340811223468
0.29991451713950906,0.05697780320834701,0.0667142908183385
0.2998716694309653,0.056914150416074734,0.06672408377015322
0.29986395421654066,0.056902689011070914,0.06672584710186147
0.2998615148958274,0.05689906525661762,0.06672640461476047
0.2998456906457506,0.05687555740200336,0.06673002128701139
0.2997622918295453,0.05675166355320513,0.06674908229671905
0.29974209475292973,0.056721659607463115,0.06675369838950013
0.299717314412068,0.05668484695299649,0.06675936199887993
0.2996667330694626,0.056609705392265716,0.06677092249225737
0.299666257730861,0.05660899924880325,0.0667710311320932
0.29963616532896425,0.05656429521509864,0.06677790882641524
0.29960961376886563,0.05652485131023413,0.0667839772524172
0.2995728113584916,0.05647017916410841,0.06679238853609391
0.2995222566994629,0.056395077243400996,0.06680394293087262
0.29950040721408144,0.05636261854720666,0.06680893668584319
0.2994704360578972,0.05631809463114226,0.06681578666915194
0.29946907834009834,0.056316077661461704,0.06681609697897793
0.29945877564721085,0.0563007724049497,0.06681845168541238
0.29939205850379763,0.05620166016266159,0.0668337000567458
0.2993874303592958,0.056194784781676374,0.06683475783084011
0.29937047897145347,0.056169602497588685,0.06683863211326908
0.29929978714376076,0.05606458562792628,0.0668547889087155
0.2992707520100851,0.05602145222837547,0.06686142496172005
0.2992617402976524,0.05600806479929255,0.06686348461131675
0.29914679229044305,0.0558373027708509,0.06688975626816977
0.2991329388171825,0.05581672262116091,0.06689292251441065
0.2991311584328433,0.055814077755464285,0.06689332942574006
0.2991082960246679,0.055780114302857516,0.06689855468676893
0.29904098492363296,0.05568011970157288,0.06691393880861428
0.2990159135258287,0.055642874664891845,0.06691966893979209
0.2989730392102665,0.05557918234632813,0.06692946797270796
0.29896705153231135,0.05557028729840074,0.06693083647160067
0.2989519883753098,0.055547910092333716,0.0669342791941104
0.29893193267818136,0.055518116174138765,0.06693886297425325
0.29886306682558383,0.05541581189792374,0.06695460243848804
0.2988622212584925,0.05541455575825496,0.0669547956949786
0.2987875699527395,0.055303656850951746,0.06697185743911828
0.29876832944816656,0.055275073949265334,0.06697625490494732
0.29874849425618777,0.05524560760444508,0.0669807882880823
0.298722407084746,0.05520685357625575,0.06698675057688591
0.29872117184742436,0.055205018558531056,0.06698703289349003
0.2986152007540881,0.055047592263864444,0.06701125285404488
0.2986133184344888,0.0550447959673408,0.06701168306293499
0.2986007519048887,0.05502612764818438,0.06701455517495765
0.2985335691548626,0.05492632371987574,0.06702990996185633
0.2984929736801552,0.054866016753492515,0.06703918815994946
0.2984561522111214,0.05481131629460621,0.06704760379953091
0.29834511524992446,0.05464636435514853,0.0670729815769573
0.29833994498422256,0.05463868362122128,0.06707416325421868
0.2982835103148368,0.05455484659913887,0.06708706154018909
0.29824473050670236,0.054497236912286674,0.06709592476310934
0.29819533409128074,0.054423855630610446,0.06710721443839152
0.29818539079493733,0.05440908427881227,0.06710948700383969
0.298171351408067,0.054388227943515444,0.06711269574110482
0.29813715720369083,0.05433743044087073,0.06712051091272495
0.29810193883995445,0.05428511148923318,0.06712856015854894
0.2980694870632377,0.05423690246540386,0.06713597709393453
0.29805543736815354,0.05421603081664891,0.06713918818716791
0.29800320117830614,0.05413843088296619,0.06715112690005469
0.29798304581559043,0.05410848890567689,0.06715573345901878
0.29793319454483147,0.05403443190963267,0.06716712709263507
0.29793319454483147,0.05403443190963267,0.06716712709263507
0.29793319454483147,0.05403443190963267,0.06716712709263507
0.29791161141157446,0.054002925771388134,0.06717152739797817
0.29777014332488877,0.05379641668657499,0.06720036949288205
0.29769280324047415,0.05368351892690344,0.06721613736044017
0.297655961955991,0.053629739589667734,0.0672236484525058
0.2976331059367679,0.0535963753467292,0.06722830827007314
0.2976233942966016,0.05358219870823948,0.06723028825053312
0.29759258625138324,0.05353722643659874,0.06723656930363003
0.29751122460560037,0.05341845817300554,0.06725315707521995
0.2974599509305579,0.053343611047013406,0.0672636106003668
0.29734393507353096,0.05317425604250499,0.06728726357000199
0.2973325817722851,0.053157682977124594,0.06728957824746513
0.2973285093980591,0.053151738298758355,0.06729040851107201
0.2973266913625342,0.05314908440796788,0.06729077916677519
0.2973211320500217,0.05314096916045133,0.06729191258296002
0.29728496027712337,0.05308816714769846,0.06729928717698483
0.2972694362919244,0.0530655058956013,0.06730245216115112
0.2972185120963069,0.05299116892478193,0.06731283443546693
0.2971895543340717,0.052948897617397156,0.0673187382583443
0.2971876471027151,0.052946113522332326,0.0673191270990297
0.29711675633654466,0.052842630202620124,0.06733358009866798
0.2970841620097894,0.052795050393307445,0.06734022533355896
0.29707896010794427,0.05278745687865345,0.06734128588191451
0.297068518710609,0.05277221497174432,0.06734341464310672
0.29690478895188155,0.052533209246682026,0.06737679538183332
0.29681782977179766,0.05240626994103412,0.0673945243621532
0.29667097939527187,0.052191904018858426,0.06742446378238327
0.2966393094671774,0.05214567360732102,0.06743092055361061
0.29663739005098205,0.05214287172534777,0.06743131187850489
0.2965801132245596,0.05205926145477288,0.06744298930839153
0.2965082662425944,0.05195438229198905,0.06745763725847657
0.2964771963738425,0.05190902782151072,0.06746397169138074
0.2964603320719957,0.05188441003228353,0.06746740993533915
0.29645717778455843,0.05187980553789072,0.06746805302212819
0.296443791207172,0.05186026438264073,0.06747078223791432
0.29635719386559484,0.05173385327342643,0.06748843744767016
0.29627248753925844,0.05161020258768222,0.06750570712283428
0.29615514756384115,0.0514389146915699,0.06752963004980879
0.29604971153027404,0.051285003662528784,0.0675511260363431
0.29604519841022975,0.05127841560219779,0.06755204615790324
0.29599420015772027,0.05120397052628325,0.06756244353071904
0.29596609717618,0.05116294699133359,0.06756817308343765
0.29591991659724265,0.05109553455001259,0.06757758824322127
0.2958600227525492,0.05100810406768014,0.06758979922304913
0.29577326894109973,0.05088146455041369,0.06760748633341952
0.2957366904589042,0.05082806884075913,0.06761494384613238
0.2957264108386829,0.05081306308918747,0.06761703962468531
0.29570629862590714,0.050783704137983714,0.0676211400431132
0.29566909029227767,0.050729388998044654,0.06762872596807266
0.2956472097576386,0.05069744872593527,0.06763318690672952
0.2956422425677729,0.050690197833827444,0.06763419960270123
0.29563624241257747,0.05068143906294719,0.06763542289658779
0.29556114590334587,0.050571816378726306,0.06765073335067641
0.2955090992634385,0.05049584091156134,0.06766134446561269
0.2955050894133875,0.05048998750332159,0.06766216198197578
0.29548244854266287,0.05045693732499342,0.06766677793570389
0.29543200414866516,0.050383300748133714,0.06767706238948522
0.29541096104052805,0.050352582915548116,0.06768135259610482
0.29540961025466433,0.05035061109590292,0.06768162799032969
0.2953656028910239,0.05028637102166895,0.06769060008140919
0.2953452800460091,0.050256704598497945,0.06769474344291472
0.2953022050094746,0.05019382549564565,0.06770352545390265
0.29527685100667356,0.050156814802722195,0.06770869455297024
0.29525013933821137,0.05011782224731835,0.06771414044889544
0.2952409074992529,0.05010434600218691,0.06771602260890493
0.2952311147205958,0.050090050921185805,0.0677180191316403
0.2952199194159669,0.05007370849253434,0.0677203015972207
0.29504073267341757,0.049812139321130114,0.06775683366007108
0.29501841713613053,0.04977956405069114,0.06776138328578063
0.29497371162322134,0.0497143048479037,0.06777049771346719
0.2949730299071524,0.04971330970783504,0.0677706366997221
0.294970269505804,0.04970928019157081,0.067771199482180855
0.2949596503238112,0.04969377876219417,0.06777336448958299
0.29495551687772276,0.0496877449337255,0.06777420720434048
0.294909749934615,0.04962093630036299,0.06778353803327511
0.2948628220519627,0.04955243297692245,0.06779310555112882
0.29476628317865416,0.049411509643307816,0.06781278761095665
0.2947632934862765,0.0494071454177694,0.067813397140592
0.29465455788556383,0.04924841782120785,0.0678355658331124
0.2946042229282955,0.04917494099542251,0.06784582797525715
0.29459709578200183,0.04916453709095949,0.06784728103675401
0.29458207446296003,0.04914260960949935,0.06785034353883157
0.29443465336151714,0.04892741056740898,0.06788039931676894
0.2944289143154385,0.04891903295249122,0.0678815693765014
0.29431991601510626,0.04875992187821899,0.0679037916274429
0.29429844112671133,0.04872857375121171,0.06790816986414382
0.2942749858188761,0.048694334692293624,0.06791295186290008
0.2942525050159574,0.04866151817412771,0.06791753518247759
0.29424074897774105,0.04864435721047884,0.06791993196876256
0.29424065353737566,0.04864421789070032,0.06791995142686184
0.2941920834415654,0.04857331733446845,0.06792985375427484
0.29418833272878603,0.048567842203775684,0.06793061843849778
0.29416133749419954,0.048528435710626774,0.06793612214704531
0.29415730871944606,0.04852255467691275,0.06793694352172075
0.2941553589666406,0.04851970851084864,0.06793734103155334
0.29414718733025247,0.04850777990425284,0.06793900704059996
0.29405924769285,0.04837940936878977,0.06795693591365674
0.2940110916685414,0.04830911325649196,0.06796675382139722
0.29397330294211876,0.048253950883884705,0.06797445807512195
0.2939530123869722,0.04822433159608745,0.06797859485346468
0.2939494185659673,0.0482190854893217,0.0679793275510569
0.293947647796895,0.0482165005960846,0.0679796885702156
0.2939425394632698,0.048209043668331,0.06798073004215933
0.29392432814210545,0.048182459557702256,0.0679844429124303
0.29383897217362964,0.048057860552044945,0.0680018450347115
0.29375557414134257,0.04793611965820587,0.06801884797875615
0.29375430381774853,0.047934265293953345,0.06801910696857157
0.29373340882232757,0.04790376366999949,0.06802336697840888
0.29372429979361786,0.04789046669803605,0.06802522410022825
0.2937167956280618,0.0478795124369191,0.0680267540272967
0.29359309347692714,0.04769893730779482,0.06805197405583052
0.2933842963445928,0.04739414415111786,0.06809454299733197
0.29334320734387376,0.04733416417872151,0.0681029201012146
0.29333627863702894,0.0473240499477102,0.06810433270546382
0.2933105700941812,0.04728652171233403,0.06810957408710702
0.29328250354778546,0.047245551363855845,0.06811529621153618
0.29327265329155533,0.047231172379542725,0.06811730445262909
0.29325149243292015,0.04720028265979751,0.06812161866587182
0.29324879669390547,0.04719634753485265,0.06812216826516533
0.2931883294943919,0.047108080093585074,0.06813449613887736
0.2931662648274358,0.047075871032965434,0.06813899461788615
0.2931481891349209,0.04704948490725984,0.0681426798365894
0.29314593547228984,0.04704619510658239,0.06814313930665795
0.29314218728760355,0.04704072366629218,0.06814390347546076
0.2931300037660271,0.04702293868064982,0.06814638741578825
0.2931181084486754,0.047005574403254015,0.06814881259789121
0.29311575496653564,0.04700213889031114,0.06814929241886582
0.2930933258007176,0.046969397749784585,0.06815386521082402
0.293086915893826,0.04696004084083831,0.06815517204367391
0.2930496893488765,0.04690569911679026,0.06816276168150341
0.2930312676173544,0.04687880785808709,0.06816651744961552
0.29302554284942595,0.04687045108580463,0.06816768459836096
0.2929539243270477,0.046765905418590964,0.06818228597078142
0.29278804402964376,0.04652376042880587,0.06821610515496984
0.29274203574214397,0.04645659949118386,0.06822548518848498
0.2927074679914382,0.04640613896167834,0.06823253275921154
0.2926606291954452,0.04633776568314693,0.06824208211434077
0.2926060631673111,0.046258112520402836,0.06825320687469374
0.29258632288432357,0.04622929649645563,0.06825723146517697
0.2925828251869938,0.04622419070693481,0.06825794456535875
0.2925300147478059,0.0461471002781266,0.06826871140143222
0.292513739445626,0.046123342285515165,0.0682720295618814
0.2924129778198302,0.045976254757756393,0.06829257254399104
0.2922914893960709,0.04579891113352492,0.0683173412443381
0.29221642776252876,0.04568933935934939,0.06833264458807435
0.29221162625940084,0.045682330329681296,0.06833362350432423
0.29217867897116045,0.04563423528223277,0.06834034069995837
0.2921305158269769,0.04556392877664492,0.0683501600592779
0.29212460919034755,0.04555530652018253,0.06835136428687591
0.29209246388928817,0.04550838217944718,0.06835791797573669
0.2920394791033442,0.045431037246673626,0.06836872035711089
0.29203845586248767,0.04542954356327278,0.06836892897242892
0.29191334928314905,0.04524691830970077,0.06839443533162921
0.29187731887824275,0.04519432265991879,0.06840178110396614
0.29183616770268894,0.045134251927348004,0.0684101708838701
0.29183456554130677,0.045131913160432365,0.06841049752779184
0.29182194969160424,0.045113497080613615,0.0684130696098984
0.29177346022675227,0.04504271422601895,0.06842295549851019
0.29176070607489274,0.04502409625860464,0.06842555577725128
0.2917060341983294,0.044944288582833926,0.0684367021176688
0.2916417411025205,0.04485043626118067,0.06844981000379652
0.29162021024068274,0.04481900642652661,0.06845419965219735
0.2916201839850615,0.044818968099689487,0.06845420500511572
0.2916092478016377,0.044803003925131805,0.06845643464183156
0.2915928645741308,0.04477908838772683,0.06845977480577706
0.2914784634380948,0.044612847550539333,0.0684824914065299
0.29143392756161834,0.044549188659057985,0.0684904864024896
0.2913064236136153,0.044366936492231245,0.06851337566907151
0.2912773413521219,0.04432536675845903,0.06851859646141993
0.2912225033451173,0.04424698216129488,0.06852844087628558
0.2912158741422528,0.044237506481480206,0.0685296309381932
0.29119119557871626,0.04420223132530539,0.06853406118704819
0.2911395351053493,0.044128388645467725,0.06854333517711018
0.2911181778842589,0.04409786096470111,0.06854716918487734
0.29108314592459245,0.04404778682458705,0.06855345805574174
0.29106911062087104,0.04402772497901001,0.06855597764680907
0.2910436217681514,0.04399129160803732,0.06856055335723925
0.2910095106650826,0.04394253372606966,0.06856667691767618
0.2910085652410767,0.043941182351650704,0.06856684663839811
0.291000061788832,0.043929027648824774,0.0685683731619948
0.29096460000078783,0.04387833911869046,0.0685747391948332
0.29094354199230704,0.043848239127789894,0.06857851948852096
0.29092505540285774,0.04382181468339312,0.068581838165948
0.2908959796426065,0.04378025424239563,0.06858705779120577
0.2907835836272788,0.0436195971203458,0.06860723491040775
0.29066510312512506,0.04345024292714283,0.068628504305128707
0.2906499910933303,0.04342864202314817,0.06863121718837477
0.2905333319299045,0.043261891223290265,0.06865215961982647
0.2905162242265121,0.04323743773724902,0.06865523076224744
0.29050341992258283,0.04321913546369312,0.06865752936657007
0.29049825039398874,0.043211746219654,0.068658457390525
0.29048684347548553,0.04319544134716502,0.06866050513886994
0.2904627327123831,0.043160977796129256,0.0686648334572694
0.29039187763359114,0.04305969864483417,0.06867755322644167
0.2903780972945,0.0430400012417474,0.06868002704674282
0.29032192081384733,0.042959703451098584,0.06869011174185564
0.2902656970386453,0.04287933805835399,0.06870020492719615
0.2902529126112372,0.04286106419598924,0.06870249996332346
0.2902415183420083,0.04284477740417693,0.06870454544089472
0.29023858008695474,0.04284057750794956,0.0687050729108614
0.2902334354582648,0.04283322385544738,0.06870599646483282
0.2901800301087701,0.042756887076720214,0.06871558369174328
0.29015232429212295,0.04271728481187489,0.06872055738732712
0.29009011436170384,0.042628362901654816,0.06873172519588291
0.2900168249442296,0.04252360414438215,0.06874488197291198
0.2899926781276233,0.04248908905902685,0.06874921676356797
0.28995258401925705,0.04243177916203013,0.0687564143817526
0.28994386269987943,0.04241931304330154,0.0687579800164432
0.28991736020167497,0.04238143078318545,0.06876273769458563
0.28989141587235295,0.042344346361017624,0.0687673951713104
0.28989045973884014,0.04234297967859553,0.06876756681458268
0.2898816750757667,0.04233042301737012,0.06876914382061322
0.28986384237677154,0.04230493323385255,0.06877234511286784
0.28983448574009774,0.0422629713124505,0.06877761516052754
0.2898099523881855,0.04222790371952066,0.06878201934126751
0.28979385150930576,0.042204889372830914,0.0687849097404642
0.2897793292123393,0.0421841314266583,0.06878751675563395
0.28964401946272067,0.04199072176800055,0.06881180730489662
0.28964035720392467,0.04198548699204651,0.06881246474664009
0.28960631037995777,0.04193682098963075,0.06881857676781473
0.28959819775129136,0.04192522492396949,0.0688200331315049
0.2895846035510295,0.041905793584839916,0.06882247353651695
0.2895683241912975,0.041882524120386705,0.06882539597625724
0.2895552857472471,0.041863887170570956,0.06882773661296973
0.2895054957272953,0.041792718087850886,0.06883667482278712
0.2894929970260531,0.04177485263803868,0.06883891856589579
0.2894776305079022,0.04175288797519138,0.06884167713404916
0.2893863347932823,0.04162239129589577,0.06885806636734312
0.2893506348611212,0.04157136236625219,0.0688644751513611
0.28929472569063847,0.04149144666461662,0.06887451185945992
0.28920721261936494,0.04136635683708533,0.06889022203980455
0.2891471371982437,0.041280485961368456,0.06890100666530519
0.28913493645286914,0.041263046405054765,0.0689031969199424
0.28909449108439694,0.0412052344223075,0.06891045759567412
0.2890488181710914,0.04113995026800794,0.06891865671032583
0.28903752757989054,0.04112381167196177,0.0689206835758144
0.2890354203969182,0.04112079969728475,0.0689210618532995
0.28893985519407667,0.040984200277706835,0.06893821753701011
0.2888876004478213,0.04090950815341433,0.06894759820981235
0.28884535577596016,0.040849124274293984,0.06895518189307111
0.28880575832713995,0.04079252429475358,0.06896229035187731
0.28871546028524836,0.04066345367339087,0.06897850048485792
0.28870937936675634,0.04065476170275911,0.06897959211979635
0.28864391900042424,0.04056119366983039,0.0689913434404338
0.2886247670912725,0.040533818227764154,0.06899478155479019
0.28860830468459253,0.040510287118840874,0.06899773685477092
0.28851974506538486,0.04038370137191506,0.06901363490941305
0.2885182063127673,0.04038150190277589,0.06901391114336045
0.28850018238302394,0.04035573877699108,0.06901714676499579
0.28847798773109223,0.04032401408556088,0.06902113110675707
0.288439168330014,0.04026852623540227,0.06902809989191037
0.2884335314026982,0.04026046889887551,0.0690291118223961
0.288377106545334,0.04017981608240532,0.06903924110562444
0.28836967776184913,0.04016919749444618,0.06904057470672643
0.2883682224704452,0.040167117323472,0.06904083595787529
0.28833942456372375,0.040125954042002976,0.06904600570339511
0.28831443424287834,0.04009023326476354,0.06905049191833007
0.2882972085848798,0.04006561117623668,0.0690535842357379
0.2882211375866163,0.039956876470501466,0.06906724035686729
0.28815951115164534,0.03986878859963018,0.06907830341742845
0.2881250935388449,0.03981959259740333,0.06908448200191027
0.2880985274812356,0.039781619486459155,0.06908925109011635
0.28807223787833625,0.03974404153559204,0.06909397054969796
0.2880199769436734,0.039669340565685815,0.06910335233343134
0.28791319998863313,0.039516715241309286,0.06912252072960261
0.28789639027446484,0.03949268769644589,0.06912553837756401
0.28785300259301283,0.03943067001713424,0.06913332725173364
0.28783834859033575,0.039409723812860495,0.06913595791046241
0.2877904111147296,0.03934120272831161,0.06914456355503734
0.2877624715452307,0.039301266340763405,0.06914957921348917
0.28773473721283893,0.03926162331595471,0.06915455802816534
0.2877257797923422,0.03924881971794631,0.06915616604728042
0.2877078048830398,0.039223126661219965,0.06915939286885929
0.28762370534072634,0.03910291607907081,0.06917449025896821
0.2876226686793759,0.0391014342914058,0.06917467635844496
0.2876129654014234,0.03908756457631178,0.06917641827247391
0.28759459949038524,0.03906131262776526,0.06917971528594177
0.2875701872773283,0.03902641818883737,0.06918409772006452
0.287553108316503,0.03900200578697594,0.06918716370267444
0.28750014914025135,0.038926306761366235,0.0691966708334117
0.2874662452277621,0.03887784503440135,0.06920275719938931
0.28742526554195574,0.03881926930673912,0.06921011379475404
0.28741272037277693,0.038801337436378515,0.06921236587969845
0.28740435929798425,0.03878938624567559,0.06921386684396534
0.287388510731684,0.038766732550675864,0.06921671194848697
0.2873588975380747,0.038724403910767174,0.06922202805276045
0.28735310264739394,0.038716120783855196,0.06922306834052944
0.28733871034339914,0.03869554864762123,0.0692256520196078
0.2872995317317691,0.038639547347467974,0.06923268528955713
0.2872944002800932,0.03863221252998546,0.069233606478016
0.28729298787105234,0.03863019365439637,0.06923386003100448
0.287163947725902,0.03844574567117994,0.06925702507278064
0.28703892054890395,0.0382670337624351,0.06927946971413577
0.2870014576038924,0.03821348480955169,0.06928619499087224
0.28693994794639177,0.038125563858586314,0.06929723708776371
0.2868825424098811,0.038043509274545736,0.06930754242064986
0.2868093204251983,0.03793884690465992,0.06932068709227228
0.28680356929202994,0.03793062632405787,0.06932171952477574
0.2867314539507897,0.03782754577315461,0.06933466553386916
0.2867065036429347,0.03779188218986338,0.06933914456574808
0.28662009449723613,0.03766837029643691,0.06935465657147015
0.2866182435894625,0.037665724637556235,0.06935498884291832
0.2866178018076765,0.03766509316151944,0.06935506815074548
0.28657922047679213,0.037609945605205614,0.06936199419798973
0.28653218502843775,0.037542713864428104,0.0693704379123456
0.28645840146037477,0.037437248775963786,0.06938368339834983
0.2864468566746794,0.037420746838247455,0.06938575589635126
0.2864035551184116,0.03735885226493914,0.0693935293094914
0.2863838106634159,0.03733062984702858,0.06939707379655231
0.2862901044847448,0.037196687687783024,0.06941389575177462
0.28620743254061093,0.03707851769234239,0.06942873686216973
0.28619946380884637,0.03706712731068207,0.06943016739376139
0.28615709772678727,0.037006569889706825,0.06943777287234827
0.28614103550107384,0.03698361079325383,0.06944065633260195
0.2861323136565376,0.03697114392387175,0.06944222206156801
0.28612932495300136,0.03696687191736521,0.0694427585879505
0.28605475720747103,0.036860285937784634,0.06945614484800432
0.2859922508006993,0.036770940248861905,0.06946736587943184
0.2859201841822177,0.03666792934151466,0.06948030314190816
0.28586683804598734,0.03659167720130966,0.06948987973896587
0.2857871341749136,0.03647774972349278,0.06950418802652238
0.28571691366658325,0.03637737761737911,0.06951679387881059
0.2857149904422849,0.03637462859037903,0.06951713913238393
0.28571450466623877,0.0363739342296288,0.0695172263379771
0.2856717790049167,0.03631286283162886,0.06952489636755035
0.2856193330927943,0.036237897457809365,0.06953431135808597
0.2856169945103558,0.036234554724322326,0.06953473117596373
0.2856094913066673,0.03622382976127772,0.06953607813683933
0.28560341898707653,0.036215150081782214,0.06953716822811934
0.2855402924719266,0.03612491801955595,0.06954850058022517
0.28553570206259016,0.03611835655960676,0.06954932464179085
0.2855287678596633,0.03610844491743072,0.0695505694567304
0.2855265457606026,0.036105268683478284,0.06955096836373342
0.2855132586553552,0.03608627630120217,0.06955335363963172
0.28545559774686424,0.03600385669241142,0.06956370481641076
0.2853208881083393,0.035811304823248666,0.06958788763486967
0.2852222182005938,0.035670267586607254,0.06960560066930799
0.2851782610000837,0.03560743584558221,0.06961349178245725
0.2849849082771503,0.035331060460597,0.0696482020960505
0.2849849082771503,0.035331060460597,0.0696482020960505
0.2849849082771503,0.035331060460597,0.0696482020960505
0.28485797903762133,0.03515407147775872,0.06966796111444673
0.28475589778132543,0.03501173029785631,0.06968385205831867
0.28474154833224524,0.0349917215559272,0.06968608583068983
0.28472894763859496,0.03497415126274255,0.06968804737507918
0.2846207606530633,0.03482329630925315,0.069704888795112
0.28461836766686405,0.03481995955095435,0.06970526131021182
0.2844686104393425,0.03461113942826174,0.0697285739513696
0.28442256048899034,0.03454692779426131,0.06973574252670757
0.2842430080875838,0.03429656155076169,0.06976369336936328
0.28423704283304785,0.034288243653824754,0.06976462197788998
0.2842101561233846,0.03425075306920594,0.06976880742005304
0.2841938316877302,0.03422799042387213,0.06977134863770786
0.284178202425131,0.03420619712155491,0.06977378163808164
0.2841579660778634,0.034177979742072186,0.06977693182128147
0.28411778782373065,0.03412195554813883,0.06978318635227437
0.2840655074714586,0.034049056298089006,0.06979132481151465
0.28403548585738714,0.03400719443113546,0.06979599826285592
0.2839805710890698,0.033930621775194666,0.06980454682047302
0.28389302804286026,0.03380855254385995,0.06981817460763173
0.2838925292541468,0.03380785703739214,0.06981825225384942
0.28383416596143995,0.033726475790253056,0.06982733764172806
0.28376537835093013,0.03363055896871379,0.06983804577853359
0.28359236037233737,0.03338930426524658,0.06986497941048933
0.28355967616225686,0.033343729698515616,0.06987006734696988
0.2835528147461632,0.033334162202013205,0.06987113546056863
0.2835180600858563,0.03328570061822499,0.0698765457031172
0.2834974108984322,0.03325690757816437,0.06987976015296102
0.2834923062509341,0.03324978970389203,0.06988055479117203
0.2834694339253668,0.033217896740124785,0.06988411531594414
0.28346397382234123,0.03321028322188208,0.06988496528775937
0.2833161211552964,0.03300411880108118,0.06990798144683283
0.2831145825516805,0.03272309519620483,0.06993935487183071
0.2831118912792131,0.032719342510233375,0.06993977382102154
0.283089303403061,0.03268784618015631,0.06994329006567941
0.28308329372072405,0.032679466333495714,0.06994422559026217
0.2830347004778267,0.032611708355388076,0.06995179007882214
0.2830323470717317,0.032608426787228494,0.0699521564325047
0.2830215066577735,0.032593311012115295,0.06995384395493545
0.28301745164593767,0.032587656740310944,0.06995447519682864
0.2830139158484533,0.03258272645629913,0.06995502561285412
0.28300643572524936,0.03257229624020167,0.06995619004031418
0.28293867979868886,0.032477817989424236,0.0699667375753371
0.28288648387663123,0.03240503646810121,0.06997486289136336
0.28283895876174187,0.03233876787802097,0.06998226110491026
0.2828185294938627,0.03231028149178341,0.06998544131997611
0.28278132891868496,0.032258409346435785,0.06999123231700734
0.28271949865691337,0.032172193789010296,0.07000085740642191
0.2826748888271371,0.03210999024610721,0.07000780179882884
0.28266957604167914,0.032102582146147515,0.07000862883778369
0.282661868754674,0.03209183517490158,0.07000982862773189
0.2826549551883086,0.03208219496053222,0.0700109048595403
0.2826469786516999,0.03207107255007595,0.07001214656345481
0.282573863396145,0.03196912129945279,0.07002352838284423
0.2825529092652868,0.03193990304902745,0.07002679030309714
0.28248716700080834,0.03184823263043275,0.07003702437223723
0.28246613643949653,0.03181890780607459,0.07004029819038494
0.28234540844233824,0.031650565779474185,0.07005909186413296
0.2822958331789127,0.03158143848082979,0.07006680922339281
0.2822390694528512,0.031502287654944304,0.07007564560744152
0.28222254305768113,0.03147924339908969,0.07007821826404452
0.28220154995950425,0.03144997081298788,0.07008148625032264
0.2821899541958608,0.03143380178510978,0.07008329135770372
0.282136707624846,0.03135955524838968,0.07009158022778696
0.28201713293381775,0.031192821381419156,0.07011019436688146
0.28191325420318913,0.03104797381957507,0.0701263651227852
0.28188768770619427,0.031012324127552494,0.07013034504802798
0.28184075994716173,0.030946888485072682,0.07013765027145373
0.2818177093819824,0.03091474698560358,0.07014123854270715
0.2817494027000162,0.030819500766472933,0.0701518718135797
0.28169163168320377,0.03073894538348075,0.07016086500213264
0.28162653517843245,0.030648175406377237,0.07017099854614568
0.2816236689638223,0.030644178782665253,0.07017144472850224
0.28160876260870144,0.03062339349599326,0.07017376519418964
0.28159537800138496,0.030604730120687238,0.07017584877007156
0.2814995352381887,0.030471087839102073,0.07019076857049084
0.2814542770829714,0.030407980277071645,0.07019781388743149
0.28145083450277164,0.030403179974397877,0.07019834979236364
0.28142056494714346,0.030360972379981626,0.07020306184065703
0.281328668524961,0.03023283284059012,0.07021736731592176
0.28129699975601596,0.030188674195788273,0.07022229717913132
0.28123799978468284,0.03010640516973492,0.0702314816784892
0.2811907585571289,0.03004053242958588,0.07023883569942058
0.281110689916068,0.029928885441144158,0.07025129994924634
0.28105777412612837,0.02985510014256158,0.07025953732678637
0.2810293924164708,0.029815524943480998,0.07026395549493519
0.2809883228941158,0.029758257973204964,0.07027034876925677
0.2809242899244753,0.029668970979862472,0.0702803167532279
0.2809192982832309,0.029662010680487672,0.07028109379980552
0.2808965055476248,0.029630228696241934,0.0702846419348437
0.2808611369250563,0.02958091100903274,0.07029014775262511
0.28078989031292423,0.029481565377886418,0.07030123868112206
0.2807667934858695,0.02944935937127695,0.0703048341539411
0.28075188339155643,0.029428568870709076,0.07030715520170691
0.28064975833208683,0.029286166612057733,0.07032305296439946
0.2805788078405406,0.02918723388877625,0.0703340977959362
0.2805701037731065,0.029175097015921435,0.07033545275425149
0.2803228226148056,0.02883029040678106,0.07037394690244023
0.2803150981423314,0.028819519472272574,0.07037514936764278
0.2802632394142282,0.028747208131147936,0.07038322219283577
0.2801739609057438,0.028622718986923833,0.07039712013863675
0.2801711679268242,0.028618824482395958,0.07039755492042585
0.2801477599202308,0.02858618456985392,0.07040119883442562
0.2801466698301483,0.028584664558108645,0.07040136852826506
0.28006160025303517,0.02846604430969616,0.07041461127158706
0.28000160050424766,0.028382381203008778,0.07042395140585764
0.2799669823940982,0.028334110023524192,0.07042934039170382
0.2799488352762758,0.028308805846671427,0.07043216534548297
0.27992800242793453,0.028279756711490106,0.07043540838574026
0.27989720704701365,0.02823681591104462,0.07044020228902365
0.2798823580344268,0.02821611058228307,0.07044251382822421
0.27986363363115935,0.028190001443830343,0.07044542864777244
0.2797554326441561,0.02803912696681566,0.07046227224740813
0.279754508162385,0.02803783787780094,0.07046241616107524
0.27974921749303444,0.028030460616341235,0.07046323975722545
0.27974679167445554,0.028027078076869483,0.07046361738332724
0.2797298618873296,0.028003471334922477,0.07046625283577701
0.27970782416657275,0.02797274213654937,0.07046968343798862
0.2796437222729843,0.027883359036277602,0.07047966215132016
0.27955832663114744,0.027764284126165384,0.07049295565299302
0.27948560028592195,0.02766287516858571,0.07050427693088404
0.279480451036128,0.0276556951012758,0.07050507851231463
0.2794500751983008,0.02761333930792314,0.07050980710551077
0.27926026114046054,0.02734866430356457,0.0705393553756702
0.2792547743155956,0.027341013524630857,0.07054020950726231
0.27919550781246166,0.027258372849046718,0.07054943549750733
0.2791416773206175,0.027183312098406888,0.07055781526628697
0.279074290157158,0.027089348047560004,0.07056830539612159
0.2790697891131543,0.027083071832537442,0.07056900607164444
0.279055590183293,0.02706327297324495,0.07057121641275557
0.2789940622659863,0.026977479002204915,0.07058079443634145
0.2788324965090164,0.026752193172921525,0.07060594530603875
0.278774199948468,0.026670904976500223,0.0706150203057519
0.2787356166473605,0.026617104770630375,0.07062102655111506
0.2787347096752865,0.02661584009697887,0.07062116773905537
0.2787191336051674,0.02659412096577453,0.07062359245897938
0.2786416201896525,0.026486036960708167,0.07063565893797823
0.278636866521138,0.026479408488354228,0.07063639893944657
0.27862108077379,0.026457396985119508,0.07063885629973175
0.2785406389000433,0.026345229564398623,0.07065137865052411
0.2785199039193127,0.02631631689492777,0.0706546064557739
0.27836972863010295,0.026106913830800698,0.07067798417640918
0.27836972863010295,0.026106913830800698,0.07067798417640918
0.27818221097852874,0.025852887980592733,0.07070282425326296
0.2781165142825292,0.0257638901773618,0.0707115269591894
0.2780053293851146,0.025613270553774766,0.07072625539341186
0.27796304872531197,0.025555993916276703,0.07073185622528079
0.27790472436672947,0.025476983249001505,0.07073958233286307
0.27784890184440664,0.025401361761772084,0.07074697702735198
0.27778384524831634,0.02531323108716765,0.07075559494056263
0.27777151945863204,0.025296533623340913,0.0707572277125202
0.2777610765029424,0.025282386791426845,0.0707586110693388
0.2776799660580497,0.025172508337043244,0.07076935560281533
0.2776654681892894,0.025152868407643972,0.07077127610561172
0.277634806290526,0.025111331438526768,0.0707753378241506
0.27746698745831677,0.02488399112589501,0.0707975684389999
0.27742193387657854,0.024822958074820198,0.070803536594123
0.2773818776603048,0.02476869483981473,0.07080884275854196
0.2773466720540258,0.024721002614618626,0.07081350637265142
0.2773198850778402,0.02468471491400536,0.07081705478818215
0.2773146446883881,0.024677615878928822,0.07081774897177308
0.2772915860597356,0.024646378884976936,0.07082080350078976
0.2772224610286479,0.02455273679504419,0.07082996035119996
0.27708239246782107,0.024362989136875807,0.07084851494478904
0.27707486482403726,0.024352791610956555,0.07084951211624756
0.27703096118334186,0.024293316358566994,0.07085532794105061
0.27694873184017305,0.024181922158420306,0.07086622069267585
0.2769385077828274,0.024168071863058804,0.07086757505248194
0.2768975511185266,0.024112588811818818,0.07087300049739534
0.27686970418655654,0.024074865213480262,0.0708766893230844
0.2767288524469124,0.02388405660097898,0.07089534766275737
0.2766857157839415,0.023825620355674485,0.0709010618876019
0.2766140717304609,0.02372856580403639,0.07091055242771711
0.2765904219206911,0.02369652795062053,0.07091368526927803
0.27647558810014466,0.023540965214781787,0.0709288970688278
0.276423635698186,0.023470586490607886,0.0709357790964479
0.27640948954654154,0.023451423024296855,0.07093765300800281
0.276352039460091,0.02337359671337308,0.07094526330255752
0.27634160249159806,0.02335945799217664,0.07094664586626451
0.27633659665459404,0.02335267669990751,0.07094730897917602
0.27631809183923633,0.023327608652101203,0.07094976027393037
0.2761635271888832,0.02311822347482098,0.07097023513462437
0.27613525629813035,0.023079925549269194,0.07097398012125966
0.27611896294539257,0.023057853319016712,0.07097613846811829
0.2761048165945435,0.023038689582847844,0.07097801240606143
0.2760683243318578,0.022989254353807154,0.07098284646089344
0.27605395494909307,0.022969788481431264,0.07098474994341479
0.2760130698003589,0.022914402310684732,0.07099016591480847
0.27600716382520396,0.022906401621963165,0.07099094826716577
0.27598470849347606,0.022875981900481,0.07099392287868216
0.27587626214849853,0.022729072130901466,0.07100828854250708
0.27587246684231964,0.022723930716902353,0.07100879129889495
0.2758426718164521,0.022683568080561572,0.07101273818456783
0.2757844389520206,0.022604681358308558,0.07102045217210848
0.27577110920155695,0.02258662385190236,0.07102221793668145
0.2757461499359066,0.022552812108718918,0.07102552423916425
0.27573235512273286,0.022534124592554418,0.07102735160963601
0.27566962210373425,0.022449141614400283,0.07103566172337791
0.2756168529235073,0.02237765641948988,0.07104265194793195
0.2756021565448584,0.02235774757330974,0.07104459874692418
0.27556537707779377,0.022307923275101716,0.07104947084712838
0.27545457186340644,0.02215781799938011,0.0710641489855227
0.275408764183647,0.022095763389058116,0.07107021703445657
0.27535002840932304,0.022016195386339414,0.07107799764143423
0.2752745096140411,0.021913891811091237,0.0710880014606105
0.2752206322871758,0.021840905435414164,0.07109513847906597
0.2752169971206128,0.02183598095886985,0.07109562002208895
0.27513458839962157,0.02172434375971231,0.07110653653552468
0.27510678259760657,0.021686675879178004,0.07111021991281334
0.27499703882248827,0.021538008510824054,0.07112475744453517
0.27495529117348483,0.021481453930797773,0.07113028766956202
0.27485374745374075,0.021343894988881024,0.07114373895684771
0.27482745837589295,0.021308281779695622,0.07114722141681172
0.27463700261242524,0.021050275736873885,0.07117245069929297
0.27462586267157124,0.02103518471518633,0.07117392638429988
0.27462247526176875,0.021030595869027807,0.07117437510749539
0.2745648296397475,0.020952504670563137,0.07118201130424417
0.2745641211844632,0.020951544942482008,0.07118210515185565
0.27456268889098745,0.02094960464744909,0.07118229488482061
0.2745292229040958,0.02090426904463083,0.07118672805513496
0.27440149889151005,0.020731244262074653,0.0712036473918591
0.2743816637957611,0.020704374114015076,0.07120627490611534
0.2743807959181106,0.020703198420120694,0.07120638987207911
0.2743680066442958,0.020685873085001145,0.07120808404082428
0.27434698703071053,0.020657398297869327,0.07121086846571714
0.2742738739208826,0.020558353649381703,0.07122055360869914
0.27416306028592025,0.02040823696650083,0.07123523286254967
0.2740650439213601,0.020275456451532486,0.07124821688836357
0.27403346873409234,0.020232682271481457,0.07125239958834845
0.2740080167186364,0.020198203011468237,0.0712557711643825
0.27377227399633025,0.019878847766981015,0.07128699951697035
0.27369577768462194,0.0197752199727102,0.07129713282573309
0.27361621684949333,0.019667440739037374,0.07130767208559773
0.2735701965264585,0.019605098065760326,0.07131376830294806
0.27355716997175294,0.019587451291674968,0.0713154939038038
0.273540107805792,0.01956433756782957,0.07131775409376569
0.2734647474102579,0.019462248573077066,0.07132773693005381
0.27343367385950385,0.019420153948475034,0.07133185317928352
0.27330954757701725,0.019252002928146557,0.07134829593211589
0.2733072531521645,0.01924889472356378,0.07134859986984762
0.273276327571522,0.019207000550668943,0.07135269651778162
0.27325084510422715,0.01917248003824987,0.071356072127708
0.2731836326278704,0.019081428842227646,0.07136497562593454
0.2731683715435665,0.019060755002283308,0.0713669972303211
0.2731603635989954,0.019049906823933132,0.07136805802623507
0.27308185969671345,0.018943559392881115,0.07137845727638371
0.27302967657684574,0.018872868120461635,0.07138536986672975
0.2729626472962252,0.018782065095490304,0.07139424909739465
0.27293073139463303,0.018738829357579537,0.07139847693110392
0.2728543727666363,0.018635388080266525,0.07140859200118913
0.2728262962588967,0.018597353480912508,0.07141231123830726
0.2727750668227712,0.018527954141926508,0.07141909749613339
0.2727594777230621,0.01850683594705617,0.07142116255204467
0.27270174512980605,0.01842862693065981,0.07142881026969371
0.2726658730123297,0.018380031798072582,0.07143356217516789
0.27262794620279174,0.018328653221401668,0.071438586261465
0.27256542719468774,0.018243960158884916,0.07144686802562474
0.27246155559958846,0.018103247697759013,0.07146062768176127
0.2723086355157415,0.017896090376904275,0.07148088469011946
0.2722631604475049,0.01783448634776308,0.07148690867869037
0.27223301141639306,0.017793644148658985,0.0714909024587084
0.27212411984099893,0.017646131235673164,0.07150532710128904
0.2720655736774087,0.017566820094254858,0.07151308259092358
0.2720195033063832,0.017504409622115802,0.0715191854380281
0.27197336073955763,0.017441901347986753,0.07152529784876147
0.27196306238452306,0.017427950403254677,0.07152666205062928
0.27193120366218215,0.017384792124760684,0.07153088230992097
0.27192809909663984,0.01738058644121679,0.07153129356532024
0.2718076483263542,0.01721741455274043,0.07154724943062613
0.27176006525936053,0.017152954866161144,0.07155355266144807
0.27166242336947255,0.017020681643419258,0.07156648708137389
0.2716497676958215,0.017003537293369158,0.0715681635523807
0.2716497676958215,0.017003537293369158,0.0715681635523807
0.2716497676958215,0.017003537293369158,0.0715681635523807
0.27162340734490337,0.016968996476095767,0.07157106470808552
0.27160608955075194,0.016946304412351232,0.071572970662124355
0.27159909376779484,0.016937137612502696,0.07157374060087436
0.2714415888968888,0.016730753904541845,0.07159107520147152
0.2713693678514763,0.016636120341406373,0.07159902367296789
0.27134002834841203,0.016597675845072386,0.0716022527068664
0.2713034539588033,0.016549751243754116,0.07160627799467056
0.27127186402570064,0.016508357936420484,0.07160975470539116
0.2712498796112022,0.01647955104965297,0.07161217425624378
0.27116061168015626,0.01636258040293406,0.07162199886625054
0.2711584876068607,0.016359797161246317,0.07162223263655876
0.2710685436842617,0.016241940741011665,0.07163213164454134
0.27092269123774837,0.016050825580233328,0.07164818380782927
0.27090943196079786,0.016033451522363372,0.07164964309139822
0.2708854263207976,0.016001996158686454,0.07165228509338262
0.2708832041986906,0.015999084440481582,0.07165252965470303
0.2708315057952032,0.01593134235640504,0.0716582194544585
0.2707693691777147,0.015849922744150185,0.07166505805849928
0.2706799447594875,0.01573274704723483,0.0716748998911022
0.2706426737904856,0.01568390969549049,0.07167900184272948
0.2705687981686696,0.015587108087574499,0.07168713241285522
0.27046558393550363,0.015451863151766564,0.07169849191873959
0.27045726339873916,0.015440960484313813,0.0716994076566513
0.27042351423331623,0.015396737865289457,0.07170312200719631
0.27038239146804544,0.015342853380769267,0.07170764787809364
0.27035124465133975,0.01530204070313003,0.07171107582050812
0.2702734361535123,0.015200085721038925,0.07171963923334193
0.27024113243343806,0.015157757115634553,0.07172319450170961
0.2701515838263072,0.01504041868999686,0.07173305000223931
0.2700692434838032,0.014932525485786788,0.0717421121788065
0.27003276648440105,0.014884728497994644,0.07174612674808287
0.2699498490992009,0.01477607917614458,0.07175525243255686
0.2699396796042429,0.01476275375918803,0.07175637166228199
0.26989295543139097,0.014701529569808261,0.07176151401038819
0.269795317556712,0.014573591516224638,0.07177225979590568
0.2697870619665414,0.014562773950386783,0.07177316838595421
0.26971327887041163,0.01446609358185918,0.07178128877292939
0.26967668282426777,0.014418140603285015,0.07178531644419879
0.2696305298443518,0.014357664866416075,0.07179039592820845
0.26956853124169,0.014276426099436188,0.0717972193426752
0.2695146858681464,0.01420587077130869,0.07180314543270032
0.269467213225215,0.014143665837464252,0.07180837015559158
0.26945788882829264,0.014131447779697104,0.0718093963758953
0.26939082770589023,0.014043575429960821,0.07181677695889413
0.2692471156836137,0.013855264936035411,0.07183259355232927
0.26924621344336125,0.013854082701557842,0.07183269285068321
0.2691730799443368,0.01375825352105073,0.07184074174459086
0.26913447470379853,0.013707667830315103,0.07184499054287778
0.26909118191204373,0.013650939890163541,0.07184975524157877
0.26905284545203484,0.013600706391217092,0.07185397445853849
0.2690307443573239,0.013571746614606995,0.07185640685092971
0.26902008519191706,0.013557779566681558,0.07185757997258597
0.26901029922281833,0.013544956696017548,0.07185865699239373
0.26894707429612885,0.013462111037145792,0.07186561537308152
0.26889637385266485,0.013395676612247286,0.07187119533979933
0.26886264270722265,0.013351477605384268,0.07187490770710937
0.2688002472019714,0.013269718764151206,0.07188177480370371
0.26878978990705804,0.013256016233638729,0.07188292570798753
0.2687736731427842,0.013234897918046135,0.07188469947961756
0.268717500627215,0.013161293260730043,0.07189088168919831
0.2685954157999787,0.01300132157740468,0.07190431804648009
0.26856302476407673,0.012958878559257439,0.07190788292461409
0.2685297915497382,0.012915332007565554,0.07191154049084555
0.26851983229521625,0.012902282075427297,0.07191263658202286
0.2684754117700168,0.012844076429801912,0.07191752539630664
0.2684541279476688,0.012816187551505737,0.07191986784170187
0.2683706496824033,0.012706803290431633,0.07192905525526311
0.2683620187803463,0.012695493941334495,0.07193000515121928
0.2683401601685816,0.0126668518979429,0.07193241085653093
0.26830128499846695,0.01261591250978486,0.07193668936260637
0.2682660510561711,0.012569744339776706,0.07194056712406004
0.268264792262392,0.012568094901723307,0.07194070566382244
0.26818830712900604,0.012467873966705383,0.07194912343040477
0.2681421052420169,0.012407334145322399,0.07195420829700722
0.26813063572825435,0.012392305271832913,0.07195547060362016
0.2681225102616082,0.012381658211042392,0.07195636487259208
0.2680745770835955,0.012318849823240108,0.07196164028084723
0.26800737093240173,0.012230787437604952,0.07196903682535988
0.2678089438664682,0.011970782058777218,0.07199087522258428
0.2678047891830506,0.011965338043210014,0.07199133247687259
0.2678039796165427,0.011964277242126311,0.07199142157578102
0.26775964910086086,0.01190618953887242,0.07199630048383758
0.2677280819267099,0.011864826053326605,0.07199977468976367
0.26767442433534144,0.011794516782234421,0.07200568011294217
0.2675774285362434,0.011667420060975472,0.0720163552331927
0.26756454425739856,0.011650537375207734,0.07201777324538797
0.26748227122744656,0.011542732372803703,0.07202682801370042
0.2673711961550013,0.01139718712597177,0.07203905266431639
0.2671207517975118,0.011069021813754977,0.07206661595733659
0.26691965049177796,0.010805512292339156,0.07208874867484819
0.2668767605915943,0.010749312273996543,0.07209346903228893
0.2667731867207996,0.010613596093414276,0.07210486811901051
0.26670978843596255,0.010530523277775278,0.07211184557907173
0.2666057241072409,0.010394164434366358,0.07212329864439233
0.26658011978216084,0.010360614262111602,0.07212611659374381
0.26656676755151015,0.010343118404012863,0.0721275861075695
0.2665019070486225,0.010258129596941955,0.07213472449577059
0.266409973587409,0.010137666220147529,0.07214484246750368
0.2663797815110448,0.010098104569544434,0.0721481653335329
0.2663566157469632,0.01006774972234888,0.07215071490082928
0.26631564546535724,0.010014065042088571,0.07215522398974765
0.26624527573078216,0.009921857311202029,0.07216296871050434
0.26620770787354614,0.009872630937237118,0.07216710333692404
0.26619501541605434,0.009855999601169698,0.07216850023773067
0.26616700626039014,0.009819298301904675,0.07217158285685038
0.266104857044984,0.009737862182192344,0.07217842284738715
0.26609271727977396,0.009721955056632342,0.07217975892023397
0.26606888317583066,0.009690724462178675,0.07218238204337976
0.2659480885074224,0.009532443315541204,0.0721956764089386
0.265844323921461,0.009396477234730248,0.07220709648530464
0.26571769533420303,0.009230551716225367,0.07222103291769351
0.26570069436093846,0.009208274793098423,0.07222290400320096
0.2657000672267673,0.009207453038984487,0.07222297302405292
0.2656727701391246,0.009171684785394499,0.07222597727470897
0.26562494660686986,0.009109020069962242,0.07223124061562035
0.2655520431651725,0.00901349234098443,0.07223926418998165
0.2655278378156502,0.008981775291485191,0.07224192817150724
0.2654689153782374,0.008904567322960863,0.07224841303075563
0.26538210010297697,0.008790810470154838,0.07225796770746953
0.2653286794955444,0.008720811726750745,0.07226384704877609
0.2652564566386254,0.008626175789939891,0.07227179571964243
0.2652213532416242,0.00858017867763821,0.07227565911360045
0.26517971409428326,0.008525617561051019,0.07228024181624457
0.26514672773147346,0.008482394466872042,0.07228387221460096
0.26511775363536183,0.008444428775043358,0.07228706103270462
0.26490426294590397,0.008164685044884663,0.07231055729546573
0.26488377945166364,0.008137844862298594,0.07231281165870826
0.2648173071137309,0.008050744015826604,0.07232012744152942
0.2648173071137309,0.008050744015826604,0.07232012744152942
0.2648173071137309,0.008050744015826604,0.07232012744152942
0.2648077484309622,0.008038685024714672,0.07232097386448673
0.26471451833797355,0.007921068310161247,0.07232922940480828
0.26459163804139124,0.007766045652733227,0.07234011047561534
0.26455682541157416,0.007722126924211223,0.07234319313980607
0.26450460824405697,0.007656251073509205,0.07234781697872004
0.2644217558551961,0.007551726606587312,0.072355153571606
0.2643894380296242,0.007510955259660346,0.0723580153204637
0.2643539009839968,0.0074661226265732815,0.07236116213179554
0.26419631678969624,0.007267318414274203,0.0723751162385478
0.26412378617061794,0.0071758156296362376,0.07238153883699378
0.2640720924494085,0.007110600145485302,0.07238611632464968
0.26392658148835074,0.006927027217233404,0.07239900134457973
0.2638995612886594,0.006892939220403174,0.07240139398777999
0.2638830230579488,0.006872075009091683,0.07240285845087449
0.2638765635000158,0.006863925795064478,0.07240343044580944
0.26376555821282627,0.0067238843475151125,0.07241325998254936
0.26371691513691686,0.00666251747989935,0.0724175673350539
0.26367686975393295,0.006611997243046494,0.07242111336041243
0.2636080585397665,0.0065251867650640465,0.07242720660493161
0.26358735668576794,0.006499069832489816,0.07242903975756439
0.2635862730031715,0.006497702686083277,0.07242913571783949
0.2635497502844085,0.006451626552833247,0.07243236981069227
0.26345590301899646,0.006333231229244614,0.0724406800017351
0.2633235533315174,0.006166262229059721,0.07245239958868929
0.26326931677191745,0.0060978387646574645,0.07245720224510982
0.2632539720667743,0.006078480274851535,0.07245856102131577
0.2632196698117461,0.006035205422184803,0.07246159849173361
0.26315041234452907,0.005947831962701559,0.07246773125203503
0.2630193149207514,0.005782442786558408,0.07247933995082909
0.2629631617033057,0.0057116013153569005,0.07248431232762231
0.262938249750598,0.005680173029310389,0.07248651828519968
0.262930458927517,0.005670344325025355,0.07248720816388607
0.2628449077954897,0.005562415192351401,0.07249478373093061
0.26276024722536917,0.005455609569932789,0.07250228043856943
0.2627418957230893,0.005432457781319468,0.07250390546716455
0.26269830837931085,0.005377469096797222,0.07250776513374362
0.26269829014807006,0.005377446096727443,0.07250776674812304
0.2626928788266674,0.005370619311251109,0.07250824592153798
0.26257236294150765,0.005218579535148845,0.07251891762331826
0.2625468714460682,0.005186420112729229,0.07252117489950143
0.26243927433555186,0.00505067833420377,0.0725307026416271
0.26239790637594496,0.004998489568315331,0.07253436578136672
0.2623947449658725,0.004994501213759824,0.07253464572475721
0.26231159201080073,0.004889597560149443,0.07254200893283137
0.2623082637707855,0.0048853987371804755,0.07254230364904118
0.26227029693750714,0.0048375007457804025,0.07254566561847577
0.262250825939993,0.004812936630447261,0.07254738977856105
0.26224606524215976,0.00480693065512133,0.07254781133915014
0.26223637367655556,0.004794704022403253,0.07254866952890475
0.26210512929906615,0.004629129453194209,0.07256029124047456
0.2620769890694952,0.004593628455149383,0.07256278306250791
0.26203679461928786,0.004542920158878076,0.07256634228779399
0.26191905161272805,0.004394378575905522,0.07257676845071065
0.26187812613194844,0.0043427480300538045,0.07258039240887612
0.2617958807156801,0.004238989304319806,0.07258767525423752
0.2617659187034297,0.004201189991572887,0.07259032839543172
0.26174345168241703,0.004172846169180325,0.07259231785389872
0.261716409557796,0.004138730512416412,0.07259471243855517
0.2616926982827231,0.0041088169707417885,0.07259681207592722
0.2616650156439511,0.004073893257612701,0.07259926337821883
0.26164955099234577,0.004054383446400236,0.07260063277570405
0.26154597928790346,0.00392372001781511,0.07260980406744887
0.26129534713339786,0.003607528865050969,0.07263199758663422
0.2612492664619916,0.0035493946617966062,0.0726360780377916
0.2611422381674278,0.0034143704870124685,0.07264555541116959
0.2610528186630803,0.003301561114188672,0.07265347352322984
0.2610467469422657,0.0032939011856076674,0.07265401117512313
0.2610095703501757,0.0032470001423955917,0.07265730316856836
0.26098250397872175,0.0032128538964438643,0.07265969990028591
0.2609332351561203,0.003150697602713701,0.07266406266276465
0.26081257024235893,0.0029984698159172896,0.07267474756105254
0.2608110988657724,0.002996613564631591,0.07267487785169527
0.26078027894389755,0.002957731934918356,0.07267760696093016
0.2607441084816732,0.0029121001995598087,0.07268080986140757
0.2607017599866353,0.0028586744151057946,0.07268455982772354
0.2606471344385773,0.0027897602127565525,0.07268939692913706
0.26055317862221966,0.002671227944055347,0.07269771673238427
0.26054529756416606,0.0026612854016234404,0.07269841460139258
0.26053515648369824,0.0026484916723841503,0.07269931259576351
0.2604207026482977,0.0025040996241054193,0.07270944750202409
0.2603336055831451,0.0023942201815123996,0.07271715996170534
0.2602785434128465,0.002324755147647283,0.07272203572609129
0.2602711591241056,0.0023154393167478726,0.07272268960609389
0.2601620187528197,0.002177750599679328,0.07273235400421875
0.2601575315248974,0.002172089627038901,0.07273275134900149
0.2601188217750745,0.002123254391017972,0.07273617910382031
0.2601060315356111,0.002107118550155754,0.07273731168166322
0.2600769489839809,0.0020704287425633607,0.07273988694647247
0.2600685920428394,0.0020598858381290115,0.07274062695500777
0.2599524793038733,0.0019134009592964704,0.07275090875745643
0.25988786187143403,0.0018318812496968002,0.0727566306419025
0.259882914310671,0.0018256395328504083,0.07275706874923527
0.2598688283448364,0.0018078690365474276,0.07275831606386499
0.25978568872656294,0.0017029822083025883,0.07276567809096345
0.2597829241072282,0.0016994944348517737,0.07276592289846777
0.2597012800532442,0.001596494372483711,0.07277315249309833
0.25966174055156355,0.0015466123426188718,0.07277665372258288
0.25963967295136203,0.0015187724193647008,0.07277860781227027
0.2596281038544126,0.0015041771408455086,0.07277963225773941
0.25955960581937376,0.0014177617616865689,0.07278569777019449
0.2594011635021988,0.0012178749633904723,0.07279972786387073
0.25926025492947496,0.001040108291225866,0.07281220534154433
0.25921025111379253,9.770247489149656e-4,0.07281663318778328
0.25906088024915735,7.885822644638019e-4,0.07282986000282046
0.25904150878273563,7.641437150258668e-4,0.07283157534941087
0.2589763088132285,6.818890914748127e-4,0.0728373488176117
0.2589751576586472,6.804368241279009e-4,0.07283745075254233
0.25878744991122377,4.436295032250277e-4,0.07285407230496006
0.2587817488803444,4.3643722763992386e-4,0.0728545771321976
0.25871302433333754,3.497360867422278e-4,0.0728606627023253
0.25871170360213414,3.4806988584106316e-4,0.07286077965329418
0.2586797635092005,3.0777507680510626e-4,0.07286360795386361
0.25862246741233,2.354917779837512e-4,0.07286868153282099
0.25861036830732176,2.2022785477515336e-4,0.07286975291059235
0.25859561017148003,2.0160936588391534e-4,0.07287105974598859
0.25852329295776205,1.1037580802183283e-4,0.07287746344735424
0.258437443731749,2.0706075557017783e-6,0.07288506541067107
0.25826909782246643,-2.1031031070351675e-4,0.07289997246908425
0.25824977812719946,-2.3468354696909964e-4,0.07290168323133026
0.2581467963462099,-3.6460274312740196e-4,0.07291080228525469
0.2580027262770457,-5.463578788070297e-4,0.07292355971396666
0.2579939111495888,-5.574788194455307e-4,0.0729243402949768
0.2579575794323326,-6.033139900516737e-4,0.07292755747461424
0.2578653169342848,-7.197100114327663e-4,0.07293572733424199
0.2578653169342848,-7.197100114327663e-4,0.07293572733424199
0.2578653169342848,-7.197100114327663e-4,0.07293572733424199
0.25775668920379297,-8.509941993380668e-4,0.07294311692196144
0.25764890116603256,-9.812635600179949e-4,0.07295044938814232
0.25752380692774884,-0.001132448670950111,0.0729589591383029
0.2573998483150947,-0.0012822612991112304,0.07296739163558183
0.2573501513697406,-0.0013423235233945524,0.0729707723555455
0.2572953017962698,-0.0014086130580967784,0.07297450359187624
0.25699099116881063,-0.0017763936737466368,0.07299520484435927
0.2569557443376063,-0.0018189919273411774,0.07299760257051849
0.25682146244146664,-0.001981280963531684,0.0730067373268663
0.256551670754208,-0.0023073430326274683,0.07302509036922436
0.25650834660487953,-0.0023597032884803944,0.07302803756880574
0.2564652954628019,-0.0024117335960313806,0.07303096619660056
0.25644856994043536,-0.0024319475562351494,0.07303210397895246
0.25638262780634485,-0.0025116432240320833,0.07303658980574883
0.2562170423587812,-0.002711764785201658,0.07304785403988404
0.25620389969523,-0.002727648610661435,0.07304874809211857
0.2560895929085831,-0.0028657963339827415,0.07305652400737549
0.25599087370182855,-0.002985105379939449,0.07306323955076946
0.25595289887767625,-0.003031000603259576,0.0730658228533289
0.2557785047395376,-0.003241768081299557,0.07307768631375192
0.25575326400979503,-0.0032722732634605715,0.07307940335769356
0.25567518964212704,-0.0033666315816276325,0.0730847145004921
0.2556328128834964,-0.0034178468497520435,0.073087597252196
0.2556050218039539,-0.003451434307505493,0.07308948778805796
0.2555182689105268,-0.003556281229285393,0.07309538930245942
0.2554472693440359,-0.003642089156839335,0.07310021916977094
0.2554213044755583,-0.0036734695111624695,0.07310198547449231
0.2552857476215555,-0.003837299422844987,0.07311120696203598
0.2552281277626189,-0.003906937040730001,0.07311512665178799
0.2551909984453969,-0.00395181040995995,0.073117652437288
0.25518024557217095,-0.003964806007149751,0.07311838391993594
0.2551696271650094,-0.0039776390927231935,0.07311910625529916
0.25515915999644123,-0.003990289395909312,0.07311981830239762
0.255143158597246,-0.004009628202760731,0.07312090682502854
0.25508813528423724,-0.004076127713811134,0.07312464988028941
0.2550827266372137,-0.0040826644409334804,0.07312501781278181
0.2550381403595387,-0.004136550066913019,0.07312805087080919
0.25499086061756804,-0.00419369093233372,0.07313126715636595
0.25479634347913344,-0.004428778459592348,0.07314449951840546
0.25460808993732853,-0.004656295993506176,0.07315730578853893
0.2544903140675996,-0.0047986363456629655,0.07316531769412378
0.25446477093858044,-0.004829506998438789,0.07316705530929499
0.25443342349192627,-0.004867392573864744,0.07316918777313072
0.2544085311326311,-0.004897476726044988,0.07317088111857505
0.25436924783292714,-0.004944953333321263,0.07317355343242858
0.25436410323709985,-0.004951170936158286,0.07317390340238537
0.2542959985471376,-0.0050334802035411335,0.07317853634075483
0.2542905199587933,-0.00504010145962727,0.07317890903112556
0.2542642996933397,-0.005071790479007082,0.07318069270966436
0.2542469587685562,-0.0050927481959493134,0.07318187235582141
0.25413317005035846,-0.005230269797420112,0.07318961302858332
0.25408150963243664,-0.005292705015232421,0.07319312731713679
0.25397913686586143,-0.005416429643028587,0.07320009140020531
0.2539737640560298,-0.005422923058405306,0.07320045689481125
0.2539584210849273,-0.005441466108988506,0.07320150062674163
0.2538877875992743,-0.005526831602319605,0.07320630559077614
0.25375111917868237,-0.0056920049197448225,0.07321560269454393
0.2536697208606113,-0.00579038046378349,0.07322113995477093
0.25365625441725675,-0.005806655599715823,0.07322205603268205
0.2535048045073258,-0.005989693377855772,0.07323235867262003
0.2534392885127165,-0.00606887402637105,0.07323681551054713
0.2533523615908369,-0.006173931273672504,0.07324272886353263
0.2532033832619238,-0.0063539819737864316,0.07325286336993184
0.25320136617528594,-0.006356419763658186,0.07325300058571071
0.25320079773067394,-0.006357106768614671,0.07325303925513063
0.25310942104454015,-0.006467541866340002,0.07325925531096315
0.25290592140751283,-0.00671348536957987,0.07327309872287907
0.2528401640132982,-0.006792957766353204,0.07327757198242846
0.25281896009841565,-0.006818584176231858,0.07327901441511403
0.2527881066481281,-0.006855872722597786,0.07328111327399946
0.25277618658718193,-0.0068702789475462295,0.0732819241565944
0.2527547614439715,-0.006896172727287335,0.07328338163871649
0.25273439226592015,-0.006920790299491622,0.07328476728699711
0.25265630156197877,-0.007015168361184328,0.07329007954109867
0.25259993058665803,-0.007083296616123544,0.07329391427340023
0.25245018472136127,-0.007264274937484471,0.07330410099277866
0.2523380894737522,-0.007399749861647639,0.0733117264642986
0.25233381404087635,-0.007404917020443179,0.07331201730795456
0.2522406383028001,-0.007517526397905407,0.07331835574738178
0.2520656736357273,-0.0077289833999505415,0.0733302580190143
0.252058862528169,-0.007737215098435618,0.07333072135629053
0.25205302824662645,-0.007744266234557651,0.07333111824330127
0.25204927636396324,-0.007748800646409204,0.07333137347155586
0.2520260978611075,-0.007776813483559549,0.07333295022897574
0.2520171279746966,-0.0077876542168394125,0.07333356042088683
0.2520012761423558,-0.00780681226171661,0.0733346387689759
0.25185027758749984,-0.007989304545771347,0.07334491070471061
0.25182969288196794,-0.008014182597966596,0.07334631101461783
0.25176431557512896,-0.008093195632639492,0.07335075841807144
0.2517630128085493,-0.008094770116904841,0.07335084704100295
0.2517360999471325,-0.008127296186807215,0.0733526778345703
0.25173148086635877,-0.00813287866805302,0.07335299205546404
0.2517250443438627,-0.00814065765436717,0.0733534299109488
0.2516676312682264,-0.008210045360212918,0.07335733553391209
0.25163998451012826,-0.008243458395435983,0.0733592162520602
0.2515967172451003,-0.008295749902644712,0.07336215958198947
0.25154152359059834,-0.008362455283269038,0.07336591422502263
0.251472204584811,-0.008446232136011776,0.07337062976930926
0.25141871765108004,-0.008510874825559085,0.07337426830973406
0.2513873717912853,-0.008548758483154768,0.07337640066562097
0.2509516630257308,-0.00907534291228757,0.0734060405018637
0.25078733210994625,-0.009273948284312097,0.07341721939432246
0.25078733210994625,-0.009273948284312097,0.07341721939432246
0.25078733210994625,-0.009273948284312097,0.07341721939432246
0.25078733210994625,-0.009273948284312097,0.07341721939432246
0.25078733210994625,-0.009273948284312097,0.07341721939432246
0.25078733210994625,-0.009273948284312097,0.07341721939432246
0.25060708739021287,-0.009481512561249034,0.07342597266028424
0.25052086138217405,-0.009580807780760611,0.07343016007383123
0.25052010925169177,-0.009581673911096896,0.07343019659971758
0.25048740188417695,-0.009619338709814799,0.07343178497516176
0.25042262864993486,-0.009693929574669078,0.07343493057269918
0.25037785861939804,-0.00974548536521076,0.07343710475003422
0.25025332028644093,-0.009888899880040438,0.07344315273386655
0.2501071302007216,-0.010057247887585687,0.07345025219676993
0.25009226152606723,-0.010074370196123868,0.0734509742676519
0.25004088821912585,-0.010133530116730242,0.07345346912142436
0.24992782890990853,-0.010263725740787301,0.07345895964677511
0.24992666898423724,-0.01026506147552406,0.07345901597651343
0.2498999388699263,-0.010295843053245695,0.0734603140772295
0.24989604097468082,-0.010300331749554813,0.07346050337161673
0.24988626323641475,-0.010311591492288358,0.07346097821017886
0.24983966781733002,-0.010365249344153307,0.07346324103427962
0.2497631688451182,-0.010453343208301167,0.07346695607153876
0.24975512452925747,-0.010462606795093381,0.07346734672950818
0.24969211268952649,-0.010535169292189395,0.07347040678803707
0.24960746098723066,-0.01063265158961538,0.0734745177482106
0.24956433121066418,-0.01068231851412064,0.07347661226951317
0.2495317027774072,-0.01071989241457437,0.07347819681165474
0.24950457383183938,-0.010751133274107847,0.07347951428090527
0.24949578184873866,-0.010761257851503744,0.07347994124801158
0.2494858222210014,-0.01077272705255943,0.0734804249197141
0.2494657184574785,-0.010795877928465878,0.07348140122342613
0.2493340758666389,-0.010947473488225659,0.07348779421297512
0.24930539120141673,-0.0109805058666766,0.07348918723299859
0.24926332742434623,-0.011028945218940503,0.07349122998592139
0.2492555710847246,-0.01103787718115065,0.0734916066588342
0.24904108681809284,-0.011284870667470935,0.07350202270782148
0.24903480979809814,-0.011292099090686021,0.07350232754019351
0.24889717308642015,-0.011450597295691273,0.07350901162361745
0.24885919155706893,-0.011494335657005864,0.07351085612940124
0.24864524791791232,-0.011740706573349365,0.07352124592377157
0.24861985349643723,-0.011769950008272223,0.0735224791589279
0.24849574010428152,-0.011912875174341402,0.07352850650626193
0.2484488797406478,-0.011966838128202225,0.07353078219692603
0.24844683480326418,-0.011969193015213864,0.07353088150569258
0.24840482936190025,-0.012017565189871812,0.07353292142564499
0.24836457195318917,-0.01206392438387667,0.07353487645548387
0.24824681690898626,-0.012199527471954966,0.07354059502089746
0.2482403633807896,-0.012206959156587992,0.07354090842507807
0.24816685256019685,-0.012291611957213431,0.07354447834803986
0.24814900384234329,-0.012312165991867028,0.07354534513944812
0.24810631989798665,-0.012361319509708256,0.07354741800969809
0.24803085005314454,-0.01244822826242157,0.07355108306920705
0.24801970722611189,-0.012461059999403883,0.07355162420089027
0.24797883978613844,-0.012508121686652737,0.07355360885581828
0.24788324676014756,-0.012618203676013403,0.0735582511620219
0.247825604372224,-0.012684582877512165,0.07356105046262229
0.2477914125201194,-0.012723957163037572,0.07356271092943453
0.24772685229505215,-0.012798302733075844,0.07356584618255818
0.24770532993175243,-0.012823087224865064,0.07356689137805887
0.24769020331008654,-0.01284050657725009,0.07356762597568114
0.24762983226054686,-0.012910028021562929,0.07357055778890594
0.2476197841552051,-0.012921599110707359,0.07357104575736681
0.24756779427481893,-0.01298146905833386,0.0735735705539379
0.2474003794836037,-0.013174258784094148,0.07358170075711729
0.24733889848200244,-0.013245058415071377,0.07358468647320045
0.24730647772102457,-0.013282393166514158,0.07358626093010516
0.24727117505476054,-0.013323046631469337,0.07358797534164202
0.24698696943111142,-0.013650329088683043,0.0736017772849961
0.2469658956741518,-0.013674596979205072,0.07360280069472347
0.2468550273007226,-0.01380226958897722,0.07360818482115342
0.24674985663780374,-0.013923380890523343,0.07361329224835166
0.2464630845468302,-0.014253618812592083,0.07362721882765129
0.24637928485520466,-0.014350119960728432,0.07363128841143382
0.24624331795720986,-0.014506695259640906,0.07363789140331012
0.24609795290284595,-0.014674093186446021,0.0736449508000252
0.24609218149231898,-0.014680739365344964,0.07364523107836785
0.24609070984564724,-0.014682434068400776,0.07364530254628512
0.2460830873802195,-0.014691211865205746,0.07364567271783451
0.24589058367378525,-0.014912893214278307,0.07365502131979933
0.2458626135217585,-0.014945102781303812,0.07365637964075343
0.24579624377351708,-0.015021532142588789,0.073659602770169
0.24567391510181447,-0.015162402079462225,0.07366554344571138
0.2456159498698554,-0.01522915305822519,0.07366835842466125
0.24554781900052366,-0.015307610472405444,0.07367166707980716
0.24550615939236284,-0.015355584396180675,0.07367369020498184
0.24549754802724333,-0.015365500979463218,0.0736741084006954
0.24544963411581985,-0.015420677166563422,0.07367643525504419
0.24539174159395147,-0.015487344414621724,0.07367924670295713
0.24536719976766044,-0.015515606027146852,0.07368043853333657
0.24535245597564478,-0.015532584524678247,0.07368115453951411
0.24535205037336844,-0.015533051603787908,0.07368117423687115
0.24533524060036124,-0.015552409221502726,0.07368199057376083
0.2451004609199474,-0.015822774282274917,0.07369339223361597
0.24508490119048612,-0.015840692388279568,0.07369414786435217
0.24494019629293703,-0.016007330098795784,0.07370117520171934
0.24491107556386596,-0.016040864634966682,0.07370258939841225
0.2448342744373985,-0.016129306450664453,0.0737063191092583
0.24458085703212545,-0.016421134142296914,0.07371862587725117
0.24457634029368513,-0.016426335479400492,0.07371884522466345
0.2445257658680856,-0.016484575432818255,0.07372130128217676
0.2444673304409347,-0.016551867873906244,0.07372413909532434
0.24446314662497284,-0.016556685827720588,0.07372434227494537
0.2444023944408921,-0.016626646174851507,0.07372729259729492
0.24438604387666688,-0.01664547498185312,0.07372808663352245
0.24437829979476475,-0.016654392828450416,0.07372846271116078
0.24414765074022654,-0.016920001187475955,0.07373966377447733
0.24409068914827986,-0.016985596405261403,0.07374243001342543
0.24398467661959441,-0.017107677173537998,0.07374757832434536
0.24393341250452918,-0.017166711352137314,0.07375006787540751
0.24388158330308157,-0.017226396266838865,0.0737525848688902
0.24371273535786972,-0.01742083636867387,0.07376078467065819
0.243683953849053,-0.017453980269230465,0.07376218239371951
0.24357773778884245,-0.017576295418153025,0.07376734058878792
0.24357773778884245,-0.017576295418153025,0.07376734058878792
0.2435214966521692,-0.017637649773266807,0.07376904209666076
0.24328043018708512,-0.017900633033913222,0.07377633527230545
0.2430965343717494,-0.018101247918772236,0.07378189881877842
0.24303956882425973,-0.018163392545226666,0.07378362224282826
0.24299871143824994,-0.018207964520804427,0.0737848583338476
0.24298741388414757,-0.01822028920318665,0.07378520012774413
0.24293569987733493,-0.0182767048399611,0.07378676467275393
0.2428562462976307,-0.018363382020270526,0.07378916844514168
0.2425704252493347,-0.01867518877122628,0.07379781561681463
0.24254598520752188,-0.01870185080355843,0.07379855502085261
0.24235280931687891,-0.01891258947092901,0.07380439932483031
0.24221565369308423,-0.019062214733608907,0.0738085488030858
0.24211574608721695,-0.019171205538054428,0.07381157138740742
0.24209320378182897,-0.01919579729938196,0.07381225337771483
0.24197104382882265,-0.019329063545065743,0.07381594918000617
0.24191291458736242,-0.01939247766387643,0.07381770781021596
0.24186286170333599,-0.019447081155247296,0.07381922209995592
0.24185165296191602,-0.01945930895045448,0.07381956120693169
0.24183606545823128,-0.01947631360741878,0.07382003278808752
0.2418136370573007,-0.019500781108552755,0.07382071133235273
0.2417757790853017,-0.01954208097543502,0.07382185667971261
0.24173277589104963,-0.019588993847528945,0.07382315768957665
0.24168472393199208,-0.01964141449786286,0.0738246114437409
0.24163169874137885,-0.019699260526006995,0.07382621565703784
0.24149246205019437,-0.019851156058372076,0.0738304280954815
0.24146314580820374,-0.01988313761543313,0.07383131502308467
0.2414432745310778,-0.01990481550932834,0.07383191620464806
0.24114146032148526,-0.020234069455622276,0.07384104723015945
0.2410675405644866,-0.020314709700273968,0.07384328358340427
0.24102278068228805,-0.020363538971332543,0.07384463773974698
0.24085654088435626,-0.020544892624542063,0.07384966712467214
0.24071274797214,-0.020701758611270184,0.07385401740609719
0.24066401417317645,-0.020754923091657995,0.07385549178850682
0.24040051679210567,-0.021042376597153307,0.073863463584506725
0.24029686863444685,-0.021155448029347757,0.07386659933471898
0.2402507990643596,-0.021205706059861863,0.07386799311409184
0.2402461529066543,-0.021210774627579854,0.073868133677999
0.24022114947561415,-0.021238051270226897,0.07386889012669971
0.24004030600611218,-0.021435336302218604,0.07387436132812465
0.23989351216189814,-0.021595476053638443,0.07387880239913401
0.23988949696107018,-0.021599856300411956,0.07387892387420056
0.23986123571489032,-0.021630686945677043,0.07387977888417573
0.23979047218069832,-0.021707884016410967,0.07388191974969978
0.2396957837226778,-0.021811181169032887,0.07388478443498742
0.2396952243844118,-0.021811791360089313,0.07388480135709317
0.2396441298649522,-0.021867531188206654,0.073886347160259
0.23964276388934583,-0.021869021352833255,0.07388638848620627
0.23955504817059858,-0.021964711832710024,0.07388904221966272
0.2395521535803054,-0.02196786958753616,0.07388912979200682
0.23947694690371812,-0.022049913753340828,0.07389140507945426
0.2394523771050947,-0.022076717339452073,0.0738921484091283
0.23944773334891373,-0.02208178328730878,0.07389228890038024
0.23939477855599747,-0.022139552517479857,0.07389389098387962
0.23923165982808614,-0.02231750134550807,0.07389882594458924
0.23921929601064434,-0.02233098923161347,0.07389919999699927
0.23915804847476999,-0.022397805147652126,0.07390105296745197
0.23896639381938134,-0.02260688427516406,0.07390685124828869
0.23886158165792543,-0.022721225537709472,0.07391002221403431
0.23884904412188163,-0.022734902936215006,0.07391040152209148
0.23876379098591882,-0.022827906945163363,0.07391298075307087
0.23871621633647652,-0.022879806890807333,0.07391442006680743
0.23855272934663,-0.02305815746166797,0.07391936616883849
0.23843149597656707,-0.02319041288320567,0.07392303393847853
0.23839480630802437,-0.023230438229170026,0.07392414394022405
0.23836651492850483,-0.023261301747377092,0.07392499986184713
0.2382034068322776,-0.02343923897713116,0.07392993450090796
0.23804161260170156,-0.02361574288984178,0.07393482939054545
0.23799251572868552,-0.023669303453517865,0.0739363147573234
0.2379857591140522,-0.023676674352438126,0.07393651917056382
0.2377165782527731,-0.023970328057353496,0.07394466291341421
0.23770634488867767,-0.023981491797844128,0.07394497251152343
0.23763717445188978,-0.024056950933151366,0.07394706517980368
0.23756932399800745,-0.024130970078004584,0.07394911791359046
0.23756733336233532,-0.024133141694283232,0.07394917813787588
0.2373382092431882,-0.024383096858826902,0.07395611001222346
0.2372018344217792,-0.02453187033170168,0.0739602358682429
0.2371398116503585,-0.024599531964591408,0.07396211229251362
0.23707694801942705,-0.024668110904564063,0.073964014155976407
0.23700296460141654,-0.024748820598031317,0.07396625243520848
0.23696360718018153,-0.0247917562380566,0.07396744314659959
0.23686637278124303,-0.02489783079832744,0.07397038485626425
0.23683736889623824,-0.024929471600159056,0.0739712623338829
0.23678531011067214,-0.024986263361587546,0.07397283730975875
0.23669254337198226,-0.025087464079869493,0.07397564385574189
0.23656104627076227,-0.025230916369810865,0.07397962214221003
0.23651683134532578,-0.025279151138825593,0.07398095981154207
0.23649569573430948,-0.025302208314774484,0.07398159924400499
0.23645788783628194,-0.025343453555160773,0.07398274307643717
0.23639488385485083,-0.025412185605737287,0.07398464918603533
0.23623217617942197,-0.025589686010040958,0.07398957171084702
0.23623217617942197,-0.025589686010040958,0.07398957171084702
0.23623217617942197,-0.025589686010040958,0.07398957171084702
0.23618638089459154,-0.025636718631683875,0.0739901791542671
0.23604449920857576,-0.025782433800421268,0.07399206111868589
0.23604238282702952,-0.025784607364203738,0.07399208919105293
0.23579545426908802,-0.026038207652563178,0.07399536453104276
0.23574215767118376,-0.02609294426427698,0.07399607147429749
0.23570839037343344,-0.026127623916229702,0.07399651937461972
0.23569492172517836,-0.026141456472130772,0.07399669802711178
0.23558785205301316,-0.02625141904576745,0.07399811823375724
0.23550644857584457,-0.026335021952841105,0.07399919799571876
0.23540780652131235,-0.026436329204146004,0.0740005064157273
0.23521035416746475,-0.02663911649732275,0.07400312548739738
0.23521031266775538,-0.026639159118307342,0.0740031260378629
0.23515287622646772,-0.026698147427291617,0.07400388789333474
0.23504913736643707,-0.026804689194016226,0.07400526391901435
0.23499961379396306,-0.02685555083741907,0.07400592081564354
0.23494621657123854,-0.02691039079272198,0.07400662909361833
0.23461110154065531,-0.0272545602524959,0.07401107416740813
0.23454290266662248,-0.027324601782988338,0.07401197877925716
0.23441403875194883,-0.027456947454921932,0.07401368807176062
0.23439354822158942,-0.027477991616241725,0.0740139598647604
0.23438286925962107,-0.027488959111687097,0.07401410151395432
0.23419249053809477,-0.02768448165099581,0.07401662675868512
0.23409356304480267,-0.02778608205329311,0.07401793896484536
0.2338639502723071,-0.028021898703263905,0.0740209846226753
0.23384093658195856,-0.02804553419750262,0.07402128988368253
0.23383171225898441,-0.028055007751253,0.07402141223807591
0.2336130588370765,-0.028279568941375687,0.0740243125275469
0.2336025118958458,-0.028290400849032345,0.07402445242557519
0.23358577844235281,-0.028307586421517143,0.07402467438349634
0.2335815881583351,-0.028311889922270798,0.07402472996477429
0.23351445920538816,-0.028380832623619442,0.07402562038484516
0.2333082993424498,-0.02859256269293646,0.07402835495572269
0.23330407400681638,-0.02859690219236083,0.07402841100193656
0.23314436216665294,-0.02876092926584925,0.07403052947126752
0.2330816715406819,-0.028825313721645783,0.07403136101993868
0.2329691929123203,-0.02894083139535905,0.07403285297272269
0.2329377697940302,-0.028973103530773255,0.07403326977909293
0.23288475631559616,-0.0290275493734489,0.07403397296695974
0.23274353327428665,-0.029172588101644793,0.07403584619490283
0.23269511718646763,-0.029222312337409566,0.07403648840149857
0.23267779389747717,-0.029240103682080014,0.07403671818318788
0.23265684730299838,-0.029261616229855993,0.07403699602556918
0.2325487569075833,-0.029372627105530576,0.07403842977141684
0.23240614738765264,-0.02951908977343219,0.0740403213900593
0.23225409081445197,-0.02967525474330081,0.07404233831746158
0.23221899879222352,-0.02971129491228911,0.07404280378935632
0.23218682619199804,-0.02974433677979311,0.07404323053709652
0.2321566137546531,-0.029775365523031987,0.07404363128460444
0.23210492745607803,-0.029828448326949628,0.07404431686832978
0.23207534400114246,-0.02985883109338565,0.07404470927281226
0.23198452482330514,-0.029952104102713182,0.0740459139276626
0.23194711215977598,-0.02999052761410605,0.0740464101812916
0.23184121106051056,-0.03009929004132459,0.07404781488760942
0.23164381085598448,-0.030302023776164113,0.0740504332675541
0.2314925466371392,-0.030457374983158612,0.0740524396849128
0.23148179526858756,-0.030468416841531277,0.07405258229453097
0.23140224043521251,-0.030550121156546452,0.07405363753548531
0.23138605033516338,-0.030566748694791753,0.07405385228619123
0.2313241172132409,-0.0306303551796369,0.07405467378708452
0.23126716909198383,-0.030688841974735488,0.07405542916532207
0.23121308529119333,-0.030744387058667395,0.07405614655028964
0.23112192366815643,-0.03083801176567658,0.0740573557474435
0.23102425119875988,-0.03093832323475179,0.07405865130656224
0.23093186484961725,-0.031033205758581192,0.07405987674887796
0.23076371316762806,-0.031205900708878055,0.07406210716699146
0.23062612965756624,-0.03134720156980739,0.07406393211901889
0.2305346053194334,-0.03144119879206425,0.0740651461273427
0.23033408821171933,-0.031647133645291446,0.07406780585089599
0.23025060596537558,-0.03173287148753277,0.07406891318632196
0.23024450576652356,-0.03173913650685988,0.07406899410132592
0.2302033109090599,-0.03178144440279057,0.07406954052319446
0.23019152098018264,-0.0317935528822145,0.07406969690861157
0.23014795246648143,-0.03183829856789027,0.07407027481542158
0.2301438638313511,-0.03184249767331853,0.07407032904839593
0.23012617858729106,-0.031860660752675254,0.07407056363117397
0.22984884152422574,-0.032145491149582116,0.07407424231937791
0.2295262898409497,-0.032476757814610784,0.07407852074887925
0.22952140566172538,-0.0324817739588349,0.07407858553420689
0.22911269696567643,-0.032901525501698406,0.0740840067780983
0.2287621659307067,-0.03326152748886552,0.07408865633473961
0.22874802372926611,-0.033276051796597546,0.07408884392145826
0.22874802372926611,-0.033276051796597546,0.07408884392145826
0.22874802372926611,-0.033276051796597546,0.07408884392145826
0.22874802372926611,-0.033276051796597546,0.07408884392145826
0.22851570256448148,-0.033499127422723485,0.07408831049446936
0.22850251452016093,-0.033511790630773884,0.07408828021372081
0.22825695275415622,-0.033747579930276043,0.07408771638530876
0.22823575306208796,-0.033767935951588994,0.07408766770921023
0.228054793825699,-0.03394169366754296,0.07408725221309875
0.22784598568017617,-0.03414219200718358,0.07408677277378281
0.2278029736506973,-0.03418349231409209,0.07408667401490567
0.22776132335435095,-0.034223485079901465,0.07408657838267092
0.2276572508966664,-0.03432341583172066,0.07408633942442627
0.22760775564713598,-0.03437094135006721,0.07408622577958489
0.22759570788972233,-0.03438250965048853,0.07408619811702145
0.22743529202270896,-0.03453654154856256,0.07408582979004188
0.2272068333828441,-0.03475590836423334,0.07408530523170273
0.2271984586894131,-0.034763949775279385,0.07408528600277237
0.22710688386598746,-0.034851880253296684,0.07408507574004247
0.22699346938694448,-0.03496078124795084,0.07408481533180929
0.22681584823784778,-0.035131333720364144,0.07408440750019904
0.22681106087026215,-0.03513593056810571,0.0740843965080405
0.22679391983945382,-0.03515238944813739,0.0740843571509356
0.2267843211863101,-0.03516160610974457,0.07408433511170104
0.22668018897066988,-0.035261594241369834,0.0740840960162476
0.2264796318661238,-0.03545416990150006,0.07408363552194662
0.22637199488637078,-0.03555752332035438,0.07408338837928936
0.22623125270062466,-0.03569266447822844,0.07408306522457195
0.2261375032893769,-0.03578268300336977,0.07408284996882374
0.2261146157382439,-0.035804659713086336,0.07408279741727297
0.22608314703039592,-0.03583487608064403,0.0740827251627365
0.22603237508342455,-0.03588362748850979,0.0740826085865011
0.22588174157262236,-0.03602826633262414,0.07408226272055227
0.2256899954144485,-0.036212381690049825,0.07408182245685144
0.22565321383467343,-0.03624769949652619,0.07408173800355866
0.22555375585225598,-0.03634319941243597,0.07408150964049871
0.22541496241529724,-0.036476469374647325,0.0740811909602561
0.22538782307513888,-0.03650252866762685,0.07408112864627574
0.2252643663121275,-0.036621072299817106,0.07408084518019802
0.22520648239708707,-0.036676652645250704,0.07408071227434532
0.22519547338529078,-0.03668722353835794,0.07408068699682048
0.22502488119560027,-0.03685102677842297,0.07408029530423335
0.224921921391345,-0.036949889156378674,0.07408005890072525
0.22488578142222992,-0.03698459088596923,0.07407997592061916
0.2247843889486145,-0.03708194830735262,0.0740797431158209
0.22476210308244032,-0.03710334727698662,0.07407969194578437
0.22473013174813955,-0.037134046268289624,0.07407961853717951
0.2246465299626571,-0.03721432100631891,0.07407942658114855
0.22457215116049395,-0.037285739802270706,0.0740792558017858
0.22454351100307537,-0.037313240185433895,0.07407919004181535
0.224529181376253,-0.03732699954514835,0.07407915713990693
0.2241398108050483,-0.037700874581660944,0.07407826311558693
0.22407767480723362,-0.03776053779241626,0.07407812044663016
0.2240024884925156,-0.03783273196485583,0.07407794781315742
0.22387155447504087,-0.03795845528393629,0.07407764717873717
0.22385989111141252,-0.03796965448804901,0.07407762039877097
0.22377363851785895,-0.03805247454161488,0.07407742235628395
0.22377265671161511,-0.03805341727553575,0.07407742010198246
0.2237399727560877,-0.03808480052832852,0.07407734505714528
0.22369069237463224,-0.03813211972956915,0.07407723190565728
0.22352918566740101,-0.038287199056381865,0.07407686107402596
0.22344882207701694,-0.038364364467717814,0.0740766765531362
0.22338219255503783,-0.03842834237669456,0.07407652356670763
0.22325615746565466,-0.038549361727230495,0.07407623418059729
0.22312101437737566,-0.0386791266113829,0.0740759238818317
0.2227765515216487,-0.039009881096406476,0.0740751329690275
0.22273925793833352,-0.03904569053054146,0.07407504734013581
0.22223265133382414,-0.03953213603198866,0.07407388413300464
0.22216974885037732,-0.03959253522503155,0.0740737397041388
0.22162489304352964,-0.04011570774947018,0.0740724886739423
0.2214311705293537,-0.04030172081110642,0.07407204387237841
0.2213477100713239,-0.04038185984600242,0.074071852240846
0.2212980798298681,-0.04042951498408594,0.07407173828605293
0.22115852564140673,-0.040563515422652845,0.07407141785906726
0.22112422129788298,-0.04059645457788433,0.07407133909369654
0.22112422129788298,-0.04059645457788433,0.07407133909369654
0.22112422129788298,-0.04059645457788433,0.07407133909369654
0.22092698257687104,-0.040772131761596796,0.07406811869487923
0.22090826181376677,-0.040788806027796824,0.07406781303317624
0.2206938821095829,-0.040979750394516054,0.07406431276638144
0.2203631406858806,-0.041274336171360365,0.07405891261328644
0.2203086530157021,-0.041322867415098406,0.07405802297038214
0.2200147103328569,-0.04158467717755375,0.07405322364566874
0.2199401039816182,-0.041651127789307046,0.07405200551667226
0.21980157305239087,-0.041774514938538544,0.07404974366444389
0.2197867299529723,-0.04178773543545742,0.0740495013149723
0.21974724662191145,-0.041822902568811195,0.07404885665416737
0.2193301449748106,-0.04219440793200039,0.07404204646170552
0.2193178587743827,-0.042205351042352283,0.07404184585978961
0.21920833436818082,-0.042302902573464495,0.07404005760915408
0.21912244846023063,-0.04237939969508377,0.07403865531413327
0.21908997087199944,-0.04240832693211388,0.07403812503901187
0.21893154786681784,-0.04254943161603588,0.07403553840056734
0.2188084442887646,-0.04265907788521858,0.0740335284371325
0.21850515092915637,-0.04292921613688288,0.07402857644002175
0.21847631333721484,-0.042954901290950705,0.07402810559663711
0.21835860568288276,-0.04305974150238776,0.07402618373469817
0.2181401463635362,-0.04325431951314367,0.074022616858326007
0.21780918372747077,-0.04354910232008816,0.07401721309340455
0.21775194154445252,-0.043600086961697086,0.0740162784764209
0.21745829831566296,-0.04386163000550371,0.07401148404101869
0.21727455097331683,-0.04402529064704715,0.07400848392156477
0.21704092067577668,-0.04423338119078617,0.07400466934230758
0.21698178577843907,-0.04428605164093964,0.07400370382218825
0.21691172458823188,-0.04434845395484636,0.07400255990393059
0.21682405406372618,-0.04442654060416519,0.07400112847073137
0.21681671762928637,-0.04443307504189765,0.07400100868570805
0.21666538663618323,-0.04456786299093914,0.07399853784150104
0.21641188576846898,-0.044793651914535,0.07399439882716154
0.21636163068106606,-0.044838413268577834,0.07399357829140059
0.21622380408250483,-0.04496117308243021,0.0739913279390726
0.21616179380122302,-0.04501640458829739,0.07399031547136099
0.21609886555921598,-0.04507245370621427,0.07398928801572198
0.21600186038046348,-0.04515885457375861,0.0739877041717317
0.2158445268100033,-0.04529898891665064,0.07398513532094199
0.21582175629852773,-0.0453192702250428,0.07398476353730919
0.2156141654851218,-0.04550416784188312,0.07398137411556407
0.21533687311895297,-0.04575114744965778,0.07397684664751178
0.21533631461538114,-0.045751644899317226,0.07397683752859115
0.21521303857999582,-0.04586144477332076,0.07397482474937356
0.21517905656531108,-0.04589171197747856,0.07397426991085433
0.21517015534084585,-0.045899640147148396,0.07397412457685199
0.21515147365877418,-0.0459162796045355,0.07397381955324131
0.21510002384692226,-0.04596210507938298,0.07397297951071624
0.2148875042774199,-0.04615139265568856,0.07396950961511578
0.21469723282515255,-0.04632086421129244,0.0739664029737996
0.21468240614652292,-0.04633407008249307,0.07396616089243707
0.21463088049471704,-0.04637996310670134,0.07396531961164148
0.21455281939052645,-0.04644949080831757,0.07396404507545343
0.21442239065029303,-0.04656566147522222,0.07396191551104217
0.21427215834397187,-0.04669947084258033,0.07395946260555222
0.21426304795485318,-0.04670758531165965,0.07395931385643141
0.21412155863287044,-0.04683360745114518,0.0739570037012913
0.21409147244503285,-0.04686040470840196,0.07395651247156099
0.21408843699694308,-0.046863108330535475,0.07395646291053469
0.21406793152705067,-0.04688137220480377,0.07395612810918001
0.21390726601925064,-0.04702447424777602,0.07395350485646043
0.21377329252996496,-0.04714380216254391,0.07395131741545376
0.2133610023055139,-0.04751102207317882,0.07394458578109515
0.2133610023055139,-0.04751102207317882,0.07394458578109515
0.2133610023055139,-0.04751102207317882,0.07394458578109515
0.2133610023055139,-0.04751102207317882,0.07394458578109515
0.2133610023055139,-0.04751102207317882,0.07394458578109515
0.21323796564576025,-0.047611758832723644,0.07394104841580815
0.21310461973518677,-0.047720936332800626,0.07393721465442214
0.2128839526202911,-0.047901608419780244,0.07393087036489268
0.2126181034217754,-0.048119273519269166,0.07392322706794127
0.2124571016110021,-0.04825109439875844,0.07391859818564135
0.21210776272031584,-0.04853711701918051,0.0739085545184304
0.2120600804677654,-0.048576157055047434,0.07390718362990566
0.2118050068910523,-0.048784999570888096,0.07389985013745143
0.21175402003256089,-0.048826745266147366,0.07389838423985894
0.21123397754260584,-0.049252532144372,0.07388343275909363
0.21115283012475808,-0.04931897191879192,0.07388109973038821
0.21097222877794658,-0.049466839997165044,0.07387590735165918
0.21094784833099833,-0.04948680158606659,0.07387520640165866
0.210607952708912,-0.04976509249237861,0.0738654342331263
0.21054791206649778,-0.04981425100960352,0.0738637080347338
0.21050828753859704,-0.049846693751036904,0.07386256880980856
0.21044364733258838,-0.04989961817943622,0.073860710371670385
0.21028350132325682,-0.0500307383680564,0.07385610609408844
0.2102615155152141,-0.05004873933673219,0.0738554739911499
0.21008185339894966,-0.050195838416321,0.07385030861576718
0.2092111688403416,-0.050908714897164226,0.07382527600077489
0.2090068705169853,-0.051075984970299845,0.07381940232216008
0.2087506716111586,-0.05128574885387394,0.073812036475932985
0.20865869528653921,-0.05136105483922458,0.07380939211076097
0.20852510857851456,-0.05147042949318225,0.07380555142632823
0.20846900554705713,-0.05151636407561465,0.07380393843621316
0.20846427675656953,-0.05152023579182707,0.07380380248112992
0.2083365160350066,-0.0516248403959599,0.07380012929671151
0.20832471912982825,-0.05163449915947562,0.07379979012980828
0.20827688321000726,-0.05167366501103776,0.07379841482327293
0.2080926090343303,-0.05182454023280221,0.07379311684888355
0.2080552048264912,-0.05185516507826368,0.07379204145926664
0.20785661893957383,-0.052017758071111864,0.07378633201604641
0.20762343698386043,-0.05220867673429668,0.07377962791860629
0.20755823372344367,-0.05226206216575501,0.07377775329237327
0.20755496561261844,-0.05226473794462473,0.07377765933255827
0.2075466237006914,-0.052271567918533476,0.07377741949843292
0.20750606828160065,-0.05230477283086908,0.07377625350992202
0.20715728876904854,-0.052590337458196176,0.0737662259251112
0.20698242355188054,-0.05273350905737545,0.07376119846296819
0.2069387517906566,-0.05276926548735431,0.07375994287806785
0.20660139891159912,-0.053045474512594504,0.0737502438146648
0.20656398796637623,-0.05307610487431604,0.07374916823134475
0.20646539898716976,-0.05315682499718003,0.07374633374905773
0.20640687950739958,-0.05320473805637801,0.07374465128484937
0.20633006483298807,-0.053267630379700164,0.0737424428246771
0.20613111553096616,-0.053430520920125436,0.07373672293309148
0.2061093943018522,-0.05344830526374017,0.07373609843692902
0.20592322020298717,-0.05360073605524892,0.0737307458388011
0.20591174866085757,-0.05361012842646115,0.07373041602624768
0.20563872088390034,-0.05383367101589318,0.0737225663415884
0.20551134025869355,-0.05393796441460716,0.07371890408512967
0.20546009907473814,-0.05397991833986199,0.07371743087555334
0.20546009907473814,-0.05397991833986199,0.07371743087555334
0.20546009907473814,-0.05397991833986199,0.07371743087555334
0.20546009907473814,-0.05397991833986199,0.07371743087555334
0.2052584791170752,-0.05413004231020875,0.0737094579714684
0.20510437900860704,-0.054244783531178495,0.0737033642027833
0.20508757711872214,-0.05425729403087349,0.07370269978514304
0.20489168507421734,-0.054403153061007646,0.07369495338691966
0.20484252944486528,-0.05443975379403411,0.0736930095658684
0.20477754410760704,-0.05448814115090401,0.07369043977135553
0.20469238828181682,-0.05455154722842713,0.07368707235059437
0.20454617140001075,-0.054660418686803054,0.0736812903179635
0.20442020356202764,-0.05475421293313275,0.07367630901798869
0.204182020964468,-0.05493156103709842,0.07366689027280564
0.20417790304135933,-0.05493462719668809,0.07366672743274578
0.20407865070001555,-0.05500852938237177,0.07366280257626374
0.2038528807653807,-0.055176635156052055,0.07365387468016173
0.20383688604192612,-0.05518854464863123,0.07365324218128887
0.20353716696497626,-0.055411712128388385,0.07364139002398933
0.2034987625107327,-0.05544030765641484,0.07363987134977835
0.20349113527525134,-0.05544598681083241,0.07363956973669585
0.2032759044239381,-0.05560624530069025,0.07363105860042972
0.2031999060252287,-0.05566283286020816,0.07362805330298523
0.20315086836682208,-0.055699345753385206,0.07362611414700307
0.20306281079928543,-0.05576491243542858,0.07362263197912614
0.20264838178034095,-0.05607349165780335,0.07360624370657434
0.2026124309291104,-0.056100260260409124,0.07360482205818221
0.2025640693500064,-0.05613626975248268,0.07360290963722914
0.20242820206342543,-0.05623743501775805,0.07359753687127507
0.202388191454446,-0.05626722647067574,0.0735959546829269
0.20227928064066877,-0.0563483202471424,0.07359164788968021
0.20227868497042448,-0.05634876377655849,0.07359162433436467
0.2022706189844832,-0.05635476961967194,0.07359130537123718
0.20205412169528136,-0.056515971085047835,0.07358274415467178
0.201596574277016,-0.05685665578634485,0.07356465079862495
0.20131848406674324,-0.057063718653357784,0.0735536539380008
0.20113042901822523,-0.057203742343743015,0.07354621744767562
0.2010488252758224,-0.057264503579618015,0.07354299049128354
0.20096328550174486,-0.05732819554075094,0.07353960788758661
0.200925703395161,-0.05735617875788759,0.07353812173247291
0.20079708470455837,-0.05745194679949362,0.07353303560659731
0.2007608196411815,-0.05747894936095687,0.07353160153293076
0.20072117512143225,-0.05750846822791942,0.07353003382129586
0.20071905263310266,-0.057510048609042144,0.07352994988914911
0.20051952449640456,-0.05765861503284374,0.07352205970449388
0.2004755405929693,-0.0576913649564703,0.0735203203953132
0.20043335752284994,-0.05772277399970758,0.07351865229868244
0.20041883622923798,-0.057733586392869796,0.07351807806544433
0.20027522936351957,-0.05784051446239524,0.07351239924386543
0.2001659496045068,-0.05792188295136677,0.07350807786096697
0.20009152745036018,-0.05797729685677453,0.07350513489488522
0.19999144065368546,-0.0580518203685849,0.07350117704051749
0.19985219051798636,-0.05815550446556017,0.07349567050243161
0.19981243319512532,-0.058185107324460854,0.07349409833008558
0.19976532236180028,-0.05822018552518603,0.07349223536889951
0.19947958251247808,-0.058432944228063305,0.07348093600926121
0.19936908506514572,-0.05851521939416787,0.0734765664738272
0.1992798107692076,-0.058581692038599996,0.07347303619137394
0.19926148597602975,-0.05859533647509095,0.07347231155170991
0.19922963808645328,-0.05861905005823918,0.07347105215173858
0.19912812193912416,-0.05869463784859491,0.07346703777481324
0.19892253101193544,-0.05884771855853357,0.07345890784183334
0.19864334645692755,-0.05905559626242311,0.07344786770619956
0.19847629217004584,-0.05917998302006771,0.07344126167462547
0.198136602805571,-0.05943291192983759,0.07342782892345825
0.19811310457673068,-0.059450408448786,0.07342689970431307
0.19809138103010515,-0.05946658355916316,0.07342604066359291
0.1980636183681882,-0.05948725532738827,0.07342494281076538
0.19783613394440272,-0.059656637690556,0.07341594711652616
0.19779814587915,-0.059684923179986867,0.0734144449080933
0.19775835913261552,-0.05971454794742642,0.07341287157221105
0.1976650341500319,-0.05978403668792811,0.07340918110851145
0.19747150713288356,-0.059928134745086944,0.07340152823345159
0.19742459277483748,-0.0599630666525121,0.0733996730417273
0.19742459277483748,-0.0599630666525121,0.0733996730417273
0.19742459277483748,-0.0599630666525121,0.0733996730417273
0.19742459277483748,-0.0599630666525121,0.0733996730417273
0.19742459277483748,-0.0599630666525121,0.0733996730417273
0.19720059092125433,-0.06011278592912534,0.07338875300606128
0.19717948292012996,-0.06012689418139443,0.07338772399616056
0.19712833010882483,-0.06016108390698299,0.0733852303090998
0.19693496890114665,-0.060290323463154306,0.0733758039974399
0.19693092313334928,-0.06029302759000984,0.07337560676724766
0.19689932634182983,-0.06031414638297482,0.0733740664313763
0.19689006433379788,-0.06032033696184882,0.07337361491074632
0.19677250079755312,-0.06039891455985127,0.07336788371706073
0.19674887513936368,-0.06041470557406411,0.07336673197199284
0.19647108307897318,-0.06060037736947685,0.07335318967687932
0.19646619249733147,-0.06060364615647082,0.07335295126221845
0.19608197686844264,-0.06086044977260421,0.07333422084412684
0.19595204031758973,-0.06094729729680157,0.07332788646900032
0.19570936797310168,-0.061109495632617146,0.07331605625146159
0.19547971094693223,-0.06126299473665233,0.07330486052751287
0.1953755600435886,-0.061332607544125985,0.07329978319640615
0.1953306826212726,-0.0613626028995123,0.07329759543302629
0.1951531427446516,-0.06148126772961305,0.07328894040739221
0.19502595322370223,-0.061566279182709155,0.07328273994930272
0.19489086124614377,-0.06165657251212928,0.07327615424838314
0.1947541193634225,-0.06174796861192166,0.07326948811498973
0.19475344484452217,-0.061748419449627695,0.07326945523235805
0.1946749576806838,-0.06180087902174881,0.07326562900228571
0.19423084065126156,-0.06209771978138133,0.07324397840554467
0.1941043351506511,-0.06218227404616095,0.07323781129327966
0.19408386141135975,-0.062195958367907554,0.07323681320348843
0.193721867382795,-0.06243790941977645,0.07321916608298662
0.19349025730706151,-0.06259271391108073,0.07320787514834853
0.19346169527737223,-0.0626118043175005,0.07320648275637538
0.19322305882359153,-0.0627713051281504,0.07319484928752316
0.19291165530335344,-0.0629794422887992,0.07317966844194922
0.19263369701715538,-0.06316522518689822,0.07316611804336816
0.19258126037548895,-0.0632002730042834,0.07316356176989076
0.19250808615020118,-0.06324918149276942,0.07315999454427546
0.1923982544641672,-0.0633225912450513,0.07315464027639972
0.19238013233110607,-0.06333470379059143,0.073153756826838
0.19197404882800884,-0.06360612354607895,0.07313396035521837
0.19190009810145078,-0.06365555103566525,0.07313035527535575
0.19188216491595686,-0.06366753729165632,0.07312948103694179
0.19171351534215986,-0.0637802599847328,0.07312125941139959
0.19167282365432023,-0.06380745766176124,0.07311927570155338
0.19153425700847226,-0.06390007340420811,0.07311252061140312
0.19141268690057348,-0.06398132893098722,0.07310659409832772
0.19127365848815206,-0.06407425331086829,0.07309981649716975
0.19113102188334302,-0.06416958934915983,0.07309286299751393
0.19111431058429507,-0.06418075891568217,0.07309204832576587
0.19109771900584308,-0.0641918484628621,0.07309123949036761
0.19000899406159416,-0.06491953490150683,0.07303816441517737
0.18997816711822682,-0.06494013914020988,0.07303666160921544
0.18989644466581918,-0.06499476112775959,0.07303267765961534
0.18988754603239177,-0.0650007088328267,0.0730322438534086
0.18940966610295157,-0.06532011617789678,0.07300894732353581
0.18925917561617037,-0.06542070162599752,0.07300161094905158
0.18925917561617037,-0.06542070162599752,0.07300161094905158
0.18925917561617037,-0.06542070162599752,0.07300161094905158
0.18925917561617037,-0.06542070162599752,0.07300161094905158
0.18925917561617037,-0.06542070162599752,0.07300161094905158
0.18925917561617037,-0.06542070162599752,0.07300161094905158
0.18925917561617037,-0.06542070162599752,0.07300161094905158
0.18925917561617037,-0.06542070162599752,0.07300161094905158
0.18925917561617037,-0.06542070162599752,0.07300161094905158
0.18877859794517388,-0.06570446427417174,0.07297451715361768
0.1886948251547551,-0.06575392888788316,0.07296979424828204
0.18867091965096816,-0.06576804416928285,0.07296844651436006
0.18853621608582227,-0.06584758144841828,0.07296085225632741
0.1885255763240728,-0.0658538638188907,0.07296025241254417
0.18826122293567654,-0.06600995433676601,0.07294534881410478
0.18818005662703033,-0.0660578799231467,0.07294077285584599
0.18723366861798502,-0.06661668567683515,0.07288741781114529
0.18679252042604283,-0.06687716673273443,0.0728625469534466
0.18670453464150422,-0.06692911895758623,0.07285758652979138
0.1866632876730197,-0.06695347370753135,0.07285526112644071
0.186605993714372,-0.06698730358855047,0.07285203103297429
0.18659454788762445,-0.06699406190943062,0.07285138574521502
0.18650255906059843,-0.0670483777770514,0.0728461996398005
0.18647895897066802,-0.06706231272330455,0.07284486912436589
0.18640576635884118,-0.06710553014810855,0.07284074270366057
0.18629143786946462,-0.06717303672792942,0.0728342971426402
0.1861712550958082,-0.06724400003766237,0.07282752153136934
0.1859310214730919,-0.06738584876072334,0.0728139777464142
0.1858556004961484,-0.06743038194950216,0.07280972569592567
0.18571823008809304,-0.06751149389690025,0.07280198108780268
0.18565846742144956,-0.06754678145512896,0.07279861181460848
0.1855726985632488,-0.06759742467016529,0.07279377637584605
0.1853556228517475,-0.0677255995365135,0.07278153817736943
0.18529830177911283,-0.06775944542730006,0.07277830655528263
0.1851511623775772,-0.0678463255899675,0.07277001119516487
0.18482600220992035,-0.06803832017445113,0.07275167945901181
0.18482499290711896,-0.06803891612897216,0.07275162255698478
0.1846906817073456,-0.06811822173143205,0.07274405041955359
0.1845189531566938,-0.0682196208417965,0.07273436878325977
0.18428271800232382,-0.06835910862294305,0.072721050422185
0.18423534191925373,-0.06838708237953524,0.07271837947432241
0.18413494985484352,-0.06844636003593081,0.07271271961490638
0.1840769168418582,-0.06848062630013758,0.0727094478553613
0.18394069187290313,-0.0685610619097613,0.07270176782429742
0.18379240019277737,-0.06864862244865907,0.07269340750152682
0.18373549760230956,-0.06868222124180656,0.07269019947244257
0.18371973055951546,-0.0686915310747163,0.07268931056507578
0.18341766956312122,-0.06886988648617196,0.07267228110378621
0.18332949326739392,-0.06892195120056015,0.07266730993957544
0.18331537464515307,-0.06893028770447497,0.0726665139661337
0.18280433279350808,-0.06923203828071367,0.07263770267459382
0.1826580486103753,-0.06931841346977663,0.07262945552960101
0.18215753435673435,-0.0696139479039246,0.07260123775832632
0.18197506153850523,-0.06972169109143712,0.07259095038646592
0.18176838050386568,-0.06984372830052156,0.0725792982144851
0.18142438518856885,-0.07004684431593225,0.07255990459870693
0.18114322113360673,-0.07021286088645251,0.07254405325594121
0.18113408180525892,-0.0702182573086565,0.07254353800292884
0.18103873213162702,-0.07027455762705505,0.07253816242119047
0.1809938371909428,-0.07030106636440808,0.0725356313540762
0.18098357285718972,-0.07030712705907473,0.07253505267600655
0.18097068383131446,-0.07031473753358382,0.07253432602420501
0.18097068383131446,-0.07031473753358382,0.07253432602420501
0.18097068383131446,-0.07031473753358382,0.07253432602420501
0.18097068383131446,-0.07031473753358382,0.07253432602420501
0.18097068383131446,-0.07031473753358382,0.07253432602420501
0.18097068383131446,-0.07031473753358382,0.07253432602420501
0.18097068383131446,-0.07031473753358382,0.07253432602420501
0.18097068383131446,-0.07031473753358382,0.07253432602420501
0.18097068383131446,-0.07031473753358382,0.07253432602420501
0.18097068383131446,-0.07031473753358382,0.07253432602420501
0.18097068383131446,-0.07031473753358382,0.07253432602420501
0.18097068383131446,-0.07031473753358382,0.07253432602420501
0.18097068383131446,-0.07031473753358382,0.07253432602420501
0.1809375963493028,-0.0703316440427809,0.07253225997642039
0.18090021088430797,-0.0703507466661703,0.072529925554082
0.18080889071256612,-0.07039740797823052,0.07252422334203543
0.1807601546123063,-0.07042231036660153,0.07252118016359298
0.18070688871628146,-0.07044952731713035,0.0725178541357484
0.18038070328665895,-0.0706161962997965,0.07249748647271477
0.18032077502708946,-0.07064681747765524,0.07249374443372021
0.1802650385159491,-0.07067529682334482,0.07249026413578388
0.1802272243807487,-0.07069461848173876,0.07248790294643045
0.18016013307741086,-0.07072889971645242,0.072483713632823
0.17969447145228018,-0.07096683600139628,0.07245463680042329
0.179459938825793,-0.07108667370936465,0.07243999211959799
0.1791586652727633,-0.07124061362214917,0.07242118000338497
0.17908917522456366,-0.07127612052891771,0.07241684090740647
0.1790386065652722,-0.07130195928881772,0.07241368330035546
0.17894973447393425,-0.07134736972014155,0.0724081339512887
0.17887599756042188,-0.0713850466218176,0.07240352967264481
0.17859700768076506,-0.07152760038171536,0.07238610899304787
0.17844200362723048,-0.07160680185905186,0.07237643023353094
0.1780887643572908,-0.07178729437776035,0.0723543732752275
0.1779144967927138,-0.07187633881402891,0.0723434916640007
0.17786362864935865,-0.07190233059947725,0.07234031535657273
0.17761411323154375,-0.07202982397309254,0.07232473512063874
0.17735404669311944,-0.07216270858855452,0.07230849605187628
0.17611850282332892,-0.07279402691584981,0.07223134625020583
0.17571085552192164,-0.07300231997507929,0.07220589194686297
0.17564278983315937,-0.07303709908557975,0.07220164179070343
0.17550678472046377,-0.07310659278980988,0.07219314936260987
0.17549330877462066,-0.07311347851179549,0.07219230789791198
0.1754150555473088,-0.07315346308683156,0.07218742161170653
0.1751386284619027,-0.07329470735135718,0.07217016095804878
0.17504823936250322,-0.07334089291905238,0.07216451688399982
0.17503816635905742,-0.07334603986028347,0.0721638879057522
0.17487781788826387,-0.07342797214196191,0.07215387543025671
0.17487447917477345,-0.07342967810406299,0.07215366695438635
0.17467591715693426,-0.07353113612917372,0.07214126834947225
0.1746643527911175,-0.07353704510275384,0.07214054624761004
0.17435916939498627,-0.07369298280425896,0.07212148999306472
0.1741283189872847,-0.07381093903131733,0.07210707523725947
0.17359410170554443,-0.07408390478264892,0.07207371765413927
0.17352185963192585,-0.07412081787508729,0.07206920671625336
0.17350498769853895,-0.07412943882414826,0.07206815319938001
0.17334548163903252,-0.07421094066406118,0.07205819332571058
0.17330880927426437,-0.074229678918970185,0.07205590343075999
0.17283223829656186,-0.07447318948936511,0.07202614539681995
0.17266014721170986,-0.07456112182304227,0.07201539968928967
0.1725678283052051,-0.0746082934525225,0.07200963511427019
0.1725678283052051,-0.0746082934525225,0.07200963511427019
0.1725678283052051,-0.0746082934525225,0.07200963511427019
0.1725678283052051,-0.0746082934525225,0.07200963511427019
0.1725678283052051,-0.0746082934525225,0.07200963511427019
0.1725678283052051,-0.0746082934525225,0.07200963511427019
0.1725678283052051,-0.0746082934525225,0.07200963511427019
0.1725678283052051,-0.0746082934525225,0.07200963511427019
0.1725678283052051,-0.0746082934525225,0.07200963511427019
0.1725678283052051,-0.0746082934525225,0.07200963511427019
0.1725678283052051,-0.0746082934525225,0.07200963511427019
0.17207130625438027,-0.07482183241564726,0.07197642736645256
0.17198276473605487,-0.07485991141734576,0.07197050564674835
0.1718112867139565,-0.07493365887524162,0.07195903707469874
0.17172128752732127,-0.07497236477554198,0.07195301786510148
0.17149235682691527,-0.07507082087494565,0.07193770681707418
0.17145660167449042,-0.07508619807352623,0.07193531548705583
0.1713611573927898,-0.07512724574284259,0.0719289321056288
0.17132416881227713,-0.07514315340115708,0.07192645828306289
0.17110929404671193,-0.07523556447245643,0.0719120873059524
0.1710424269533042,-0.07526432196624695,0.07190761518719857
0.17080139371146896,-0.07536798299893341,0.0718914947125948
0.1704672179033654,-0.07551170180345633,0.07186914479692878
0.17040754430549934,-0.07553736559460734,0.0718651537842718
0.1701165347646693,-0.07566251990649546,0.07184569085925498
0.1699524282199375,-0.07573309711720706,0.07183471529685322
0.16989196304460885,-0.07575910134163857,0.07183067134293268
0.1698035978394544,-0.07579710451642939,0.07182476141517873
0.16951745540999102,-0.07592016563243037,0.07180562400603091
0.16943440073831711,-0.0759558849090314,0.07180006925053226
0.16925306143865437,-0.07603387340110224,0.07178794114922714
0.16913638687713198,-0.07608405156509142,0.07178013787158956
0.16875598752304943,-0.07624764970440703,0.07175469649230061
0.16873575038063243,-0.07625635308102678,0.07175334301782586
0.16844833573491044,-0.0763799613383688,0.07173412052195006
0.1683113539412352,-0.07643887302243156,0.07172495908218637
0.1682100957132646,-0.07648242109239697,0.07171818685989871
0.16816845915258402,-0.07650032770496543,0.07171540217711418
0.16795779015282838,-0.07659093000489474,0.07170131248461159
0.16790665311140374,-0.07661292248394969,0.07169789240291945
0.1676300096127016,-0.07673189840006445,0.0716793902890153
0.16748050703917375,-0.07679619488897685,0.071669391450592
0.1674435794926786,-0.07681207629842526,0.07166692171002459
0.16728165697913303,-0.07688171422405543,0.07165609221718154
0.1670662278466538,-0.07697436371162615,0.07164168416361764
0.166934221583491,-0.07703113557203986,0.07163285549087255
0.16669214000526597,-0.07713524746217627,0.07161666490278559
0.16656770503300783,-0.07718876314170817,0.07160834260335987
0.16639897120429797,-0.07726133040587482,0.07159705756491537
0.16608214578489622,-0.07739758733834788,0.07157586805558293
0.16590550495991654,-0.07747355516001662,0.07156405419160554
0.16580873700212032,-0.07751517210197759,0.07155758228178001
0.165721144556214,-0.07755284293662697,0.07155172403671405
0.16556522113900932,-0.07761990083421973,0.07154129576770002
0.1654511248050082,-0.0776689701813282,0.07153366492375234
0.1652422113528151,-0.07775881747389057,0.07151969264351904
0.16499494916040133,-0.07786515738789898,0.0715031555722714
0.16498104698620664,-0.07787113628824749,0.07150222578497593
0.16490908113695063,-0.07790208660113893,0.07149741265780545
0.16480574259510045,-0.0779465293505412,0.07149050130264628
0.16459920572718045,-0.07803535454682281,0.07147668797005907
0.1645370000404584,-0.07806210731202434,0.07147252760949893
0.16449103266580306,-0.0780818764753579,0.07146945327879628
0.16439401473546184,-0.07812360092287268,0.0714629646506292
0.1642067687744194,-0.07820412968952842,0.071450441507611
0.16413028569353305,-0.07823702272572275,0.07144532626477704
0.1640611377206977,-0.07826676115606418,0.07144070159918524
0.1640611377206977,-0.07826676115606418,0.07144070159918524
0.1640611377206977,-0.07826676115606418,0.07144070159918524
0.1640611377206977,-0.07826676115606418,0.07144070159918524
0.1640611377206977,-0.07826676115606418,0.07144070159918524
0.1640611377206977,-0.07826676115606418,0.07144070159918524
0.1640611377206977,-0.07826676115606418,0.07144070159918524
0.1640611377206977,-0.07826676115606418,0.07144070159918524
0.1640611377206977,-0.07826676115606418,0.07144070159918524
0.16398024453731017,-0.07829489726730147,0.07143506720517644
0.16387461907053985,-0.07833163571370808,0.07142771015143931
0.16354561030348427,-0.07844607090936079,0.07140479394331999
0.16318134831242626,-0.07857276781348473,0.07137942226805506
0.16313674262011055,-0.07858828247947085,0.07137631538024304
0.16300844444236737,-0.07863290690453806,0.07136737912067523
0.16290852870723518,-0.0786676594030838,0.07136041976271898
0.16278484653104744,-0.0787106782993809,0.07135180501814686
0.16253408374003253,-0.07879789813035691,0.07133433882003029
0.16230671109250958,-0.07887698244667536,0.07131850179854934
0.1622073758092402,-0.0789115330535722,0.0713115828703841
0.16211085149311302,-0.07894510595529183,0.07130485973246671
0.1620936528765863,-0.07895108794496587,0.07130366180975109
0.16189584029161258,-0.07901989073726415,0.0712898837137859
0.1614801812972955,-0.079164464448065755,0.07126093212047219
0.16109181764077363,-0.07929954434704906,0.07123388170944975
0.1608052429318153,-0.07939922021034672,0.07121392112988527
0.16065912460710782,-0.07945004280460763,0.07120374365659478
0.16063826242098683,-0.07945729905000153,0.07120229055793345
0.16051768972823927,-0.07949923641175764,0.07119389239594756
0.16037933063323648,-0.07954736020568774,0.07118425537063464
0.16026831521541265,-0.07958597337448817,0.07117652289456092
0.1601705358098168,-0.07961998281900938,0.07116971233681052
0.16006438994827613,-0.07965690226812266,0.07116231903639533
0.1600233648968058,-0.07967117152250663,0.071159461548353245
0.1592543211375971,-0.07993865884157761,0.0711058959032897
0.1589157071570901,-0.08005643490407238,0.07108231067023084
0.15879561701455666,-0.08009820442614247,0.07107394611896369
0.15850178031299753,-0.08020040614171921,0.07105347972511562
0.15796816629860402,-0.08038600674041037,0.07101631229666479
0.15794926977148463,-0.0803925792940764,0.07101499611061883
0.157492492098474,-0.0805514548245024,0.07098318050791422
0.15690506735402984,-0.0807557717676748,0.07094226503985968
0.1566923148319092,-0.08082977094013567,0.0709274463433293
0.15650406189649407,-0.08089524871353734,0.07091433409867498
0.15575394497932546,-0.081156152934865,0.07086208675116049
0.1554627623437837,-0.08125743151831158,0.07084180521904046
0.1554627623437837,-0.08125743151831158,0.07084180521904046
0.1554627623437837,-0.08125743151831158,0.07084180521904046
0.1554627623437837,-0.08125743151831158,0.07084180521904046
0.1554627623437837,-0.08125743151831158,0.07084180521904046
0.1554627623437837,-0.08125743151831158,0.07084180521904046
0.1554627623437837,-0.08125743151831158,0.07084180521904046
0.1554627623437837,-0.08125743151831158,0.07084180521904046
0.1554627623437837,-0.08125743151831158,0.07084180521904046
0.1554627623437837,-0.08125743151831158,0.07084180521904046
0.1554627623437837,-0.08125743151831158,0.07084180521904046
0.1554627623437837,-0.08125743151831158,0.07084180521904046
0.1554627623437837,-0.08125743151831158,0.07084180521904046
0.1554536187550434,-0.08125984894430903,0.07084115769591919
0.1552490885620625,-0.08131392362109288,0.07082667344550984
0.1549213131244029,-0.08140058246881997,0.07080346131507619
0.1548297487921941,-0.08142479068765045,0.07079697698776516
0.15475490706281297,-0.08144457770426274,0.07079167690794015
0.15421645857137856,-0.08158693530787477,0.07075354550705111
0.15383169204055608,-0.08168866173509917,0.07072629742841616
0.1536203629380929,-0.08174453394029375,0.07071133169844618
0.15317205164388395,-0.08186306063789073,0.07067958355920073
0.1530068813957434,-0.081906729143026,0.07066788666888163
0.15277198884064724,-0.08196883116723395,0.07065125224176984
0.15253565030399546,-0.0820313154870048,0.0706345154143296
0.15215168996368025,-0.08213282876970286,0.07060732442782863
0.15208197426550973,-0.08215126054151312,0.07060238735905143
0.1520459514371795,-0.08216078443023786,0.07059983632412409
0.15192208840500535,-0.08219353193481245,0.07059106469413479
0.1518106023168361,-0.08222300716336323,0.07058316956435141
0.15178960224203816,-0.08222855926420752,0.07058168239838558
0.1508332064658555,-0.0824814157824593,0.07051395315161388
0.15075679808453227,-0.08250161699805203,0.07050854212592458
0.1503711302089778,-0.08260358172713468,0.07048123021660227
0.15035046657447615,-0.08260904487827422,0.07047976687638767
0.14984255679248315,-0.08274332851090734,0.07044379814062049
0.14972624808547524,-0.08277407876663699,0.07043556148659628
0.14903498449288924,-0.08295683836216047,0.070386608151991
0.14888261217336868,-0.08299712328933329,0.0703758175748189
0.14880818113218497,-0.08301680172622339,0.0703705465787717
0.148551739327218,-0.08308460104482449,0.07035238609466699
0.14852355891541716,-0.08309205151772316,0.07035039043752114
0.14830296382633432,-0.08315037350905563,0.07033476851655789
0.1482202968537731,-0.08317222940112122,0.07032891427511946
0.1481683789628804,-0.08318595570298602,0.07032523759676966
0.14808853059133348,-0.08320706639975009,0.07031958296069168
0.14802386621520003,-0.08322416267872916,0.07031500361226968
0.14753964836616534,-0.08335218252410213,0.07028071267225797
0.1474765604956976,-0.0833688619989259,0.07027624496751311
0.1472043054524677,-0.08344084209756494,0.07025696463455164
0.14718513037116251,-0.0834459116978463,0.07025560670946882
0.1470766403605377,-0.08347459480899636,0.07024792375343235
0.14700286286220388,-0.08349410045908243,0.07024269903944334
0.14678653103188125,-0.08355129530954564,0.07022737903042053
0.14678653103188125,-0.08355129530954564,0.07022737903042053
0.14678653103188125,-0.08355129530954564,0.07022737903042053
0.14678653103188125,-0.08355129530954564,0.07022737903042053
0.14678653103188125,-0.08355129530954564,0.07022737903042053
0.14678653103188125,-0.08355129530954564,0.07022737903042053
0.14678653103188125,-0.08355129530954564,0.07022737903042053
0.14678653103188125,-0.08355129530954564,0.07022737903042053
0.14678653103188125,-0.08355129530954564,0.07022737903042053
0.14678653103188125,-0.08355129530954564,0.07022737903042053
0.14678653103188125,-0.08355129530954564,0.07022737903042053
0.14678653103188125,-0.08355129530954564,0.07022737903042053
0.14678653103188125,-0.08355129530954564,0.07022737903042053
0.14678653103188125,-0.08355129530954564,0.07022737903042053
0.14678653103188125,-0.08355129530954564,0.07022737903042053
0.14678653103188125,-0.08355129530954564,0.07022737903042053
0.1458835025211661,-0.08371368904546116,0.07016379319777373
0.14529876837285224,-0.0838188431593516,0.07012261973840188
0.14526526069162357,-0.08382486892428817,0.07012026032916319
0.14526467485079922,-0.08382497427741821,0.07012021907777835
0.14463281134513678,-0.08393860377422328,0.07007572705272053
0.1445847864797392,-0.08394724019845155,0.07007234543074754
0.1440715131666458,-0.08403954334267118,0.07003620381328901
0.14384048102646363,-0.08408109039452563,0.07001993592049566
0.1436736234572226,-0.08411109678271085,0.07000818681473905
0.14358215039741715,-0.08412754659768476,0.0700017458324185
0.14296305975742177,-0.08423887912008714,0.06995815319568462
0.14258286817828356,-0.08430724986383141,0.0699313823929492
0.14202941760370885,-0.08440677817925368,0.06989241173455292
0.14185308141365097,-0.08443848913006069,0.06987999520136759
0.14172695826245055,-0.08446117015227189,0.06987111436816026
0.14128549315943334,-0.08454055985758531,0.06984002905266162
0.14122491909280233,-0.08455145303411638,0.06983576379146796
0.14091532460562628,-0.08460712813716662,0.06981396401104423
0.1407699649075277,-0.08463326851274244,0.06980372865598378
0.14048449538145066,-0.0846846051674323,0.0697836276101192
0.14015200794689728,-0.08474439716292459,0.06976021584612747
0.1400583465292053,-0.08476124051543192,0.06975362077281566
0.1398703411507909,-0.08479504996376125,0.06974038256561986
0.1397520103185984,-0.08481632967496162,0.06973205042061728
0.13939194388199022,-0.08488108126710381,0.0697066967092912
0.1391241453239738,-0.0849292401101448,0.06968783994664081
0.1385315100446238,-0.08503581510296841,0.0696461101371761
0.13823916191462068,-0.08508838875314201,0.06962552474142347
0.13811136370226068,-0.08511137100553184,0.06961652596049102
0.13804744650780829,-0.08512286538458322,0.06961202529635752
0.13804744650780829,-0.08512286538458322,0.06961202529635752
0.13804744650780829,-0.08512286538458322,0.06961202529635752
0.13804744650780829,-0.08512286538458322,0.06961202529635752
0.13804744650780829,-0.08512286538458322,0.06961202529635752
0.13804744650780829,-0.08512286538458322,0.06961202529635752
0.13804744650780829,-0.08512286538458322,0.06961202529635752
0.13804744650780829,-0.08512286538458322,0.06961202529635752
0.13804744650780829,-0.08512286538458322,0.06961202529635752
0.13804744650780829,-0.08512286538458322,0.06961202529635752
0.13804744650780829,-0.08512286538458322,0.06961202529635752
0.13804744650780829,-0.08512286538458322,0.06961202529635752
0.13804744650780829,-0.08512286538458322,0.06961202529635752
0.13804744650780829,-0.08512286538458322,0.06961202529635752
0.13804744650780829,-0.08512286538458322,0.06961202529635752
0.13800138516643012,-0.08512721339949665,0.06960887706223341
0.1376202543506464,-0.08516319069458654,0.06958282725551707
0.1373296280551631,-0.08519062470821251,0.06956296331770227
0.13712945622078673,-0.08520952016577144,0.06954928182730681
0.1367618176762719,-0.08524422384192322,0.06952415420017859
0.1360807036884773,-0.0853085184040891,0.06947760092503244
0.1356830947926916,-0.08534605116707136,0.06945042486249701
0.13563366226592286,-0.08535071740902543,0.06944704621213735
0.13557286266906646,-0.0853564566590332,0.06944289063698847
0.13549172968058915,-0.08536411530364311,0.06943734530037274
0.13544109153322922,-0.08536889535158183,0.0694338842473784
0.1352311410834879,-0.08538871387312821,0.06941953440105457
0.1350342293952839,-0.08540730158532514,0.06940607573750526
0.1348307768049873,-0.08542650673372766,0.06939217001161357
0.13477410264006406,-0.08543185655869845,0.06938829640449255
0.13453269062230852,-0.08545464493224725,0.06937179619999294
0.13436710011105046,-0.08547027604482303,0.06936047829906838
0.1343380263933256,-0.08547302049286719,0.06935849114742414
0.13431817588543762,-0.08547489430508702,0.06935713439044651
0.13429532970479371,-0.08547705089738726,0.0693555728830445
0.13401466059565542,-0.08550354499060646,0.06933638950625753
0.13321122022807977,-0.08557938669637868,0.06928147537857038
0.1329341201966363,-0.08560554388227865,0.06926253594370639
0.1328139529112475,-0.08561688721561078,0.06925432266252216
0.13270757250763848,-0.08562692911989646,0.06924705169717991
0.1327064418182619,-0.08562703585266031,0.0692469744159985
0.13188884017803956,-0.08570421432854862,0.06919109238332957
0.13171198428599312,-0.08572090885009617,0.06917900450795014
0.13168075606387167,-0.08572385667513648,0.06917687009866946
0.1311927789230593,-0.08576991985571668,0.0691435174814742
0.13116158639302883,-0.08577286431155974,0.06914138551170255
0.13059579785311987,-0.08582627259138337,0.06910271458430288
0.13056548231367338,-0.0858291342626608,0.06910064255572272
0.13044742957967972,-0.08584027799040773,0.06909257380143806
0.12926158459280898,-0.08595221723346207,0.06901152280418398
0.12926158459280898,-0.08595221723346207,0.06901152280418398
0.12926158459280898,-0.08595221723346207,0.06901152280418398
0.12926158459280898,-0.08595221723346207,0.06901152280418398
0.12926158459280898,-0.08595221723346207,0.06901152280418398
0.12926158459280898,-0.08595221723346207,0.06901152280418398
0.12926158459280898,-0.08595221723346207,0.06901152280418398
0.12926158459280898,-0.08595221723346207,0.06901152280418398
0.12926158459280898,-0.08595221723346207,0.06901152280418398
0.12926158459280898,-0.08595221723346207,0.06901152280418398
0.12926158459280898,-0.08595221723346207,0.06901152280418398
0.12926158459280898,-0.08595221723346207,0.06901152280418398
0.12926158459280898,-0.08595221723346207,0.06901152280418398
0.12926158459280898,-0.08595221723346207,0.06901152280418398
0.12926158459280898,-0.08595221723346207,0.06901152280418398
0.12926158459280898,-0.08595221723346207,0.06901152280418398
0.12926158459280898,-0.08595221723346207,0.06901152280418398
0.12926158459280898,-0.08595221723346207,0.06901152280418398
0.12926158459280898,-0.08595221723346207,0.06901152280418398
0.12926158459280898,-0.08595221723346207,0.06901152280418398
0.12926158459280898,-0.08595221723346207,0.06901152280418398
0.12896749976996866,-0.08595469801532063,0.0689925057714212
0.12859427226591016,-0.08595784641316123,0.06896837096703348
0.1285840318436838,-0.08595793279726442,0.06896770876881766
0.12848257039818722,-0.08595878868540886,0.06896114775144
0.12790684362173532,-0.08596364528606142,0.06892391830564797
0.1270964698898546,-0.08597048127451293,0.06887151538440767
0.1270369614326826,-0.08597098326403949,0.06886766726239725
0.12696650682939328,-0.08597157759087351,0.06886311130644515
0.1268512261980153,-0.08597255005213894,0.0688556566696412
0.12673302226170272,-0.08597354717323476,0.06884801299694897
0.12665313169758713,-0.0859742210980576,0.0688428468633806
0.12639604580159175,-0.08597638977177804,0.06882622237096453
0.126305719081827,-0.08597715173183287,0.06882038138205347
0.12628591203311082,-0.0859773188161681,0.0688191005567095
0.126047348803892,-0.08597933124008529,0.06880367383491465
0.12588872022637937,-0.08598066936727439,0.06879341609761785
0.1258207580244967,-0.08598124266920772,0.06878902131312217
0.12378865466626324,-0.08599838467979207,0.06865761508900074
0.12375476201173818,-0.08599867058466017,0.06865542341615175
0.12372408830619959,-0.085998929335763,0.06865343989705155
0.12361817185000984,-0.08599982280459455,0.06864659079583639
0.12268730447549867,-0.08600767522918792,0.06858639613775133
0.12201371956474688,-0.08601335732189389,0.06854283868316201
0.12184657964878234,-0.08601476724732751,0.0685320305590733
0.121660230687958,-0.08601633921257519,0.06851998027963664
0.12151027331872002,-0.08601760419292191,0.06851028326713435
0.12064185464932262,-0.08602492982523395,0.06845412686256973
0.12050618741436564,-0.08602607425972747,0.06844535392343233
0.12044425581881249,-0.08602659668987955,0.06844134910886791
0.12044425581881249,-0.08602659668987955,0.06844134910886791
0.12044425581881249,-0.08602659668987955,0.06844134910886791
0.12044425581881249,-0.08602659668987955,0.06844134910886791
0.12044425581881249,-0.08602659668987955,0.06844134910886791
0.12044425581881249,-0.08602659668987955,0.06844134910886791
0.12044425581881249,-0.08602659668987955,0.06844134910886791
0.12044425581881249,-0.08602659668987955,0.06844134910886791
0.12044425581881249,-0.08602659668987955,0.06844134910886791
0.12044425581881249,-0.08602659668987955,0.06844134910886791
0.12044425581881249,-0.08602659668987955,0.06844134910886791
0.12044425581881249,-0.08602659668987955,0.06844134910886791
0.12044425581881249,-0.08602659668987955,0.06844134910886791
0.12044425581881249,-0.08602659668987955,0.06844134910886791
0.12044425581881249,-0.08602659668987955,0.06844134910886791
0.12044425581881249,-0.08602659668987955,0.06844134910886791
0.12044425581881249,-0.08602659668987955,0.06844134910886791
0.12044425581881249,-0.08602659668987955,0.06844134910886791
0.12044425581881249,-0.08602659668987955,0.06844134910886791
0.12044425581881249,-0.08602659668987955,0.06844134910886791
0.12044425581881249,-0.08602659668987955,0.06844134910886791
0.12044425581881249,-0.08602659668987955,0.06844134910886791
0.12044425581881249,-0.08602659668987955,0.06844134910886791
0.12044425581881249,-0.08602659668987955,0.06844134910886791
0.12044425581881249,-0.08602659668987955,0.06844134910886791
0.12028599668536748,-0.08601434125186079,0.06843196767156892
0.12017617276912376,-0.0860058365913764,0.06842545742371313
0.11970309823399514,-0.08596920214559547,0.06839741405589952
0.11968854688734039,-0.08596807530303584,0.06839655146716113
0.11894312942817091,-0.08591035087809998,0.06835236389325909
0.11859327333561354,-0.08588325835228809,0.06833162478693042
0.11843998546402665,-0.08587138788409857,0.06832253804087865
0.11776421408359379,-0.0858190567858076,0.06828247901429368
0.11771045125725459,-0.08581489344324676,0.06827929200970609
0.11746256096809177,-0.08579569705307226,0.06826459733045323
0.1172862139706746,-0.08578204090792854,0.06825414366333701
0.11681600665027822,-0.08574562849655204,0.06822627026103913
0.11649876972789827,-0.08572106196851122,0.06820746478528902
0.11605169808152738,-0.08568644116190892,0.0681809628417532
0.11583365853053572,-0.08566955638474219,0.06816803768330072
0.11569728392500386,-0.08565899566392281,0.06815995353811982
0.11566003130227784,-0.0856561108559568,0.06815774524127957
0.1150876578142653,-0.08561178679292658,0.06812381553452264
0.1149872942543243,-0.08560401473351097,0.06811786608677707
0.11495284185910999,-0.0856013467725222,0.06811582378451958
0.11490800064940945,-0.08559787431153869,0.06811316564411365
0.11483000301172534,-0.08559183424804637,0.06810854202504361
0.11377434234805744,-0.08551008488198573,0.06804596355573425
0.1136389954804913,-0.08549960374822502,0.0680379403337941
0.1135345822836421,-0.08549151808874697,0.0680317508277725
0.11335146938008651,-0.08547733799821373,0.06802089608475737
0.11310983588924428,-0.08545862612859956,0.06800657230201998
0.11261123417140528,-0.08542001488186762,0.06797701570928973
0.11161093347884048,-0.08534255253975187,0.06791771892165314
0.11161093347884048,-0.08534255253975187,0.06791771892165314
0.11161093347884048,-0.08534255253975187,0.06791771892165314
0.11161093347884048,-0.08534255253975187,0.06791771892165314
0.11161093347884048,-0.08534255253975187,0.06791771892165314
0.11161093347884048,-0.08534255253975187,0.06791771892165314
0.11161093347884048,-0.08534255253975187,0.06791771892165314
0.11161093347884048,-0.08534255253975187,0.06791771892165314
0.11161093347884048,-0.08534255253975187,0.06791771892165314
0.11161093347884048,-0.08534255253975187,0.06791771892165314
0.11161093347884048,-0.08534255253975187,0.06791771892165314
0.11161093347884048,-0.08534255253975187,0.06791771892165314
0.11161093347884048,-0.08534255253975187,0.06791771892165314
0.11161093347884048,-0.08534255253975187,0.06791771892165314
0.11161093347884048,-0.08534255253975187,0.06791771892165314
0.11161093347884048,-0.08534255253975187,0.06791771892165314
0.11161093347884048,-0.08534255253975187,0.06791771892165314
0.11161093347884048,-0.08534255253975187,0.06791771892165314
0.11161093347884048,-0.08534255253975187,0.06791771892165314
0.11161093347884048,-0.08534255253975187,0.06791771892165314
0.11161093347884048,-0.08534255253975187,0.06791771892165314
0.11161093347884048,-0.08534255253975187,0.06791771892165314
0.11161093347884048,-0.08534255253975187,0.06791771892165314
0.1111487264549785,-0.08526717820146242,0.06789371265005462
0.1110143003545711,-0.0852452566861155,0.06788673077978932
0.11024223509268027,-0.08511935226401249,0.06784663098162123
0.10938256292374698,-0.08497916135921446,0.06780198102498346
0.10863653812397993,-0.08485750348140869,0.06776323372553135
0.10750552450974322,-0.08467306361276031,0.06770449074110386
0.10705438691389121,-0.0845994944197162,0.06768105939736564
0.10678162209975021,-0.08455501334021477,0.06766689244214268
0.10650679457415989,-0.08451019588436563,0.06765261835308417
0.10648977214249679,-0.0845074199539785,0.06765173423601828
0.10645382258585967,-0.08450155748563978,0.06764986707525282
0.10589216623411221,-0.08440996546372434,0.06762069556934962
0.10576369932118043,-0.0843890157419451,0.06761402320946747
0.10516832477089942,-0.08429192513006548,0.06758310043586382
0.10489586499371184,-0.08424749379441762,0.06756894932375786
0.10437564668462014,-0.08416265927484191,0.0675419300415448
0.10359441776042068,-0.0840352604899379,0.06750135429784827
0.10357981749608036,-0.08403287955410896,0.067500595984164
0.10292760892026087,-0.08392652074238353,0.06746672134487533
0.10277781938152922,-0.08390209383672934,0.06745894152292592
0.10277781938152922,-0.08390209383672934,0.06745894152292592
0.10277781938152922,-0.08390209383672934,0.06745894152292592
0.10277781938152922,-0.08390209383672934,0.06745894152292592
0.10277781938152922,-0.08390209383672934,0.06745894152292592
0.10277781938152922,-0.08390209383672934,0.06745894152292592
0.10277781938152922,-0.08390209383672934,0.06745894152292592
0.10277781938152922,-0.08390209383672934,0.06745894152292592
0.10277781938152922,-0.08390209383672934,0.06745894152292592
0.10277781938152922,-0.08390209383672934,0.06745894152292592
0.10277781938152922,-0.08390209383672934,0.06745894152292592
0.10277781938152922,-0.08390209383672934,0.06745894152292592
0.10277781938152922,-0.08390209383672934,0.06745894152292592
0.10277781938152922,-0.08390209383672934,0.06745894152292592
0.10277781938152922,-0.08390209383672934,0.06745894152292592
0.10277781938152922,-0.08390209383672934,0.06745894152292592
0.10277781938152922,-0.08390209383672934,0.06745894152292592
0.10277781938152922,-0.08390209383672934,0.06745894152292592
0.10277781938152922,-0.08390209383672934,0.06745894152292592
0.10277781938152922,-0.08390209383672934,0.06745894152292592
0.10277781938152922,-0.08390209383672934,0.06745894152292592
0.10277781938152922,-0.08390209383672934,0.06745894152292592
0.10277781938152922,-0.08390209383672934,0.06745894152292592
0.10277781938152922,-0.08390209383672934,0.06745894152292592
0.10277781938152922,-0.08390209383672934,0.06745894152292592
0.10277781938152922,-0.08390209383672934,0.06745894152292592
0.10277781938152922,-0.08390209383672934,0.06745894152292592
0.10277781938152922,-0.08390209383672934,0.06745894152292592
0.10277781938152922,-0.08390209383672934,0.06745894152292592
0.10277781938152922,-0.08390209383672934,0.06745894152292592
0.10277781938152922,-0.08390209383672934,0.06745894152292592
0.10277781938152922,-0.08390209383672934,0.06745894152292592
0.10277781938152922,-0.08390209383672934,0.06745894152292592
0.10277781938152922,-0.08390209383672934,0.06745894152292592
0.10277781938152922,-0.08390209383672934,0.06745894152292592
0.10277781938152922,-0.08390209383672934,0.06745894152292592
0.10277781938152922,-0.08390209383672934,0.06745894152292592
0.10277781938152922,-0.08390209383672934,0.06745894152292592
0.10277781938152922,-0.08390209383672934,0.06745894152292592
0.10277781938152922,-0.08390209383672934,0.06745894152292592
0.102663975958821,-0.08387409005779722,0.06745398079011712
0.10244515041434024,-0.08382026224740151,0.06744444545612867
0.10205787035417294,-0.08372499714616209,0.06742756970823771
0.10112429498481486,-0.08349535157123088,0.06738688911506778
0.10087384887250068,-0.08343374557417975,0.0673759759132627
0.10000554337658973,-0.08322015541170415,0.06733813945807574
0.09845743871718758,-0.0828393448245455,0.06727068072051615
0.09780308607452834,-0.08267838386331687,0.06724216727155487
0.097558630378122,-0.08261825141896474,0.06723151510242105
0.09702811207067832,-0.0824877518516848,0.06720839774077818
0.09652756342010603,-0.0823646243716606,0.06718658630842463
0.09580295344825117,-0.08218638115847265,0.06715501139284799
0.09475907442153624,-0.08192960253393222,0.06710952431232056
0.09397718376800457,-0.08173726912994891,0.06707545338818985
0.09395229349524602,-0.081731146495199275,0.06707436879331598
0.09395229349524602,-0.081731146495199275,0.06707436879331598
0.09395229349524602,-0.081731146495199275,0.06707436879331598
0.09395229349524602,-0.081731146495199275,0.06707436879331598
0.09395229349524602,-0.081731146495199275,0.06707436879331598
0.09395229349524602,-0.081731146495199275,0.06707436879331598
0.09395229349524602,-0.081731146495199275,0.06707436879331598
0.09395229349524602,-0.081731146495199275,0.06707436879331598
0.09395229349524602,-0.081731146495199275,0.06707436879331598
0.09395229349524602,-0.081731146495199275,0.06707436879331598
0.09395229349524602,-0.081731146495199275,0.06707436879331598
0.09395229349524602,-0.081731146495199275,0.06707436879331598
0.09395229349524602,-0.081731146495199275,0.06707436879331598
0.09395229349524602,-0.081731146495199275,0.06707436879331598
0.09395229349524602,-0.081731146495199275,0.06707436879331598
0.09395229349524602,-0.081731146495199275,0.06707436879331598
0.09395229349524602,-0.081731146495199275,0.06707436879331598
0.09395229349524602,-0.081731146495199275,0.06707436879331598
0.09395229349524602,-0.081731146495199275,0.06707436879331598
0.09395229349524602,-0.081731146495199275,0.06707436879331598
0.09395229349524602,-0.081731146495199275,0.06707436879331598
0.09345673401988124,-0.08157055886020081,0.06705690748738147
0.09330107537871934,-0.08152011717904263,0.06705142277103603
0.0929929816355653,-0.08142027841491747,0.0670405669214899
0.09266117212172191,-0.08131275447935177,0.06702887543394657
0.09252081224954062,-0.08126727041327536,0.06702392977799422
0.09190332082207076,-0.08106717033871576,0.06700217213383042
0.09190000846106562,-0.08106609695752436,0.06700205542100027
0.09156614885423109,-0.08095790868275954,0.06699029169732246
0.09154502725754311,-0.08095106416171186,0.06698954746644821
0.09114310576948532,-0.08082082021637159,0.06697538554560216
0.0911399368989119,-0.0808197933337141,0.06697527388873492
0.09060621606530986,-0.08064683938836885,0.06695646794671901
0.09059038860276544,-0.0806417104484446,0.06695591025752247
0.08947242449479734,-0.08027943059902873,0.066916518187986
0.08852945517426834,-0.07997385837089528,0.06688329215435908
0.08762053829250158,-0.07967932094459411,0.06685126597681523
0.08757907774848854,-0.07966588552253119,0.06684980509214002
0.08708806989796095,-0.07950677285613758,0.06683250416516652
0.08646807716843403,-0.07930586222663609,0.06681065838627294
0.0860304972974881,-0.07916406306812658,0.06679524002303462
0.08566193699722315,-0.07904462992252825,0.06678225360167016
0.08540744307636937,-0.07896216035247047,0.06677328637083024
0.08539867021936683,-0.07895931748006411,0.06677297725447257
0.08519602473894475,-0.07889364956317049,0.06676583693145222
0.08517450994457033,-0.0788866776251533,0.06676507884604499
0.08513123173528314,-0.07887265318283732,0.06676355391495149
0.08513123173528314,-0.07887265318283732,0.06676355391495149
0.08513123173528314,-0.07887265318283732,0.06676355391495149
0.08513123173528314,-0.07887265318283732,0.06676355391495149
0.08513123173528314,-0.07887265318283732,0.06676355391495149
0.08513123173528314,-0.07887265318283732,0.06676355391495149
0.08513123173528314,-0.07887265318283732,0.06676355391495149
0.08513123173528314,-0.07887265318283732,0.06676355391495149
0.08513123173528314,-0.07887265318283732,0.06676355391495149
0.08513123173528314,-0.07887265318283732,0.06676355391495149
0.08513123173528314,-0.07887265318283732,0.06676355391495149
0.08513123173528314,-0.07887265318283732,0.06676355391495149
0.08513123173528314,-0.07887265318283732,0.06676355391495149
0.08513123173528314,-0.07887265318283732,0.06676355391495149
0.08513123173528314,-0.07887265318283732,0.06676355391495149
0.08513123173528314,-0.07887265318283732,0.06676355391495149
0.08513123173528314,-0.07887265318283732,0.06676355391495149
0.08513123173528314,-0.07887265318283732,0.06676355391495149
0.08513123173528314,-0.07887265318283732,0.06676355391495149
0.08513123173528314,-0.07887265318283732,0.06676355391495149
0.08513123173528314,-0.07887265318283732,0.06676355391495149
0.08513123173528314,-0.07887265318283732,0.06676355391495149
0.08513123173528314,-0.07887265318283732,0.06676355391495149
0.08513123173528314,-0.07887265318283732,0.06676355391495149
0.08513123173528314,-0.07887265318283732,0.06676355391495149
0.08513123173528314,-0.07887265318283732,0.06676355391495149
0.08513123173528314,-0.07887265318283732,0.06676355391495149
0.08513123173528314,-0.07887265318283732,0.06676355391495149
0.08513123173528314,-0.07887265318283732,0.06676355391495149
0.08454796195831198,-0.07864178190130475,0.06674773847992821
0.08272289643080168,-0.07791937996337946,0.06669825159340813
0.08207958065581936,-0.07766474112683362,0.0666808080034256
0.08034172664494989,-0.07697685946649896,0.06663368586839646
0.08029807314559265,-0.07695958043072872,0.06663250219814663
0.07998058693312554,-0.07683391225515165,0.06662389351866022
0.0798574179742272,-0.07678515921409139,0.06662055377649759
0.07921204798541429,-0.07652970727356119,0.06660305448624283
0.07899511203547453,-0.07644383915086649,0.0665971722400577
0.0785585639015993,-0.07627104359193697,0.06658533518125845
0.07823833741602682,-0.0761442907547015,0.06657665219891432
0.07760692998447233,-0.07589436550801865,0.0665595315051955
0.07754971078786103,-0.0758717168645067,0.0665579799993198
0.07745550439872809,-0.07583442785923607,0.06655542558096154
0.07739198724892105,-0.07580928634435868,0.0665537033052749
0.07738971772571049,-0.07580838801608457,0.06655364176686113
0.07631078220739154,-0.07538132109844173,0.06652438629150821
0.07631078220739154,-0.07538132109844173,0.06652438629150821
0.07631078220739154,-0.07538132109844173,0.06652438629150821
0.07631078220739154,-0.07538132109844173,0.06652438629150821
0.07631078220739154,-0.07538132109844173,0.06652438629150821
0.07631078220739154,-0.07538132109844173,0.06652438629150821
0.07631078220739154,-0.07538132109844173,0.06652438629150821
0.07631078220739154,-0.07538132109844173,0.06652438629150821
0.07631078220739154,-0.07538132109844173,0.06652438629150821
0.07631078220739154,-0.07538132109844173,0.06652438629150821
0.07631078220739154,-0.07538132109844173,0.06652438629150821
0.07631078220739154,-0.07538132109844173,0.06652438629150821
0.07631078220739154,-0.07538132109844173,0.06652438629150821
0.07631078220739154,-0.07538132109844173,0.06652438629150821
0.07631078220739154,-0.07538132109844173,0.06652438629150821
0.07631078220739154,-0.07538132109844173,0.06652438629150821
0.07631078220739154,-0.07538132109844173,0.06652438629150821
0.07631078220739154,-0.07538132109844173,0.06652438629150821
0.07512754749120026,-0.07483882673719512,0.06650121385784465
0.07393364266247274,-0.07429144029848868,0.06647783246101295
0.07311943727147364,-0.07391814003314877,0.06646188708673237
0.07230337774059037,-0.073543989674063,0.06644590540103118
0.07168807096743322,-0.0732618812721484,0.06643385525139592
0.07112405606374314,-0.07300328937932783,0.06642280960021431
0.07076977313821749,-0.07284085627391466,0.06641587133388596
0.07076125382619708,-0.07283695030439777,0.06641570449193149
0.07076000062918786,-0.07283637573343418,0.06641567994935835
0.07056046896822926,-0.07274489362977461,0.06641177232721536
0.07048613596799645,-0.07271081312746258,0.06641031659193872
0.070054893977846,-0.07251309551084088,0.0664018711615664
0.06984956855106574,-0.07241895705739236,0.06639785007448502
0.06974729491787064,-0.07237206621777,0.06639584715067937
0.06912699489172758,-0.07208766848851225,0.06638369921332542
0.06904473397623334,-0.07204995316272275,0.06638208821799092
0.06875654645368928,-0.07191782375186077,0.06637644436207844
0.06872680168838383,-0.07190418624846943,0.06637586184147501
0.06748738296450091,-0.07133593241030091,0.0663515891018676
0.06748738296450091,-0.07133593241030091,0.0663515891018676
0.06748738296450091,-0.07133593241030091,0.0663515891018676
0.06748738296450091,-0.07133593241030091,0.0663515891018676
0.06748738296450091,-0.07133593241030091,0.0663515891018676
0.06564637808249903,-0.07038048881942871,0.06632954383013744
0.06093642517996215,-0.06793612033456875,0.06627314409291359
0.05865361188511881,-0.06675138728304951,0.06624580834824172
0.05865361188511881,-0.06675138728304951,0.06624580834824172
0.056192384216709586,-0.06535151147231803,0.06623201064220904
0.05410279952412771,-0.06416301554275992,0.06622029637632106
0.049798032450146294,-0.06171458731523444,0.06619616374064972
0.049798032450146294,-0.06171458731523444,0.06619616374064972
0.049798032450146294,-0.06171458731523444,0.06619616374064972
0.049798032450146294,-0.06171458731523444,0.06619616374064972
0.049798032450146294,-0.06171458731523444,0.06619616374064972
0.0428018659613847,-0.05743900852598084,0.06619549482799515
0.04090797941103403,-0.05628159450832711,0.06619531375101795
0.03799847067645209,-0.05440571084255538,0.06620807728482478
0.03773024315216064,-0.05423277318282328,0.06620925395462939
0.03664955940456658,-0.05353601054180376,0.06621399473556706
0.03653456278935251,-0.05346186734727229,0.0662144992067063
0.035987667193923926,-0.05310926056450063,0.06621689834726845
0.03556624619895667,-0.05283755257769304,0.06621874705150234
0.03165843706405066,-0.050310159788490995,0.0662369806076034
0.03118321788658836,-0.049991823175226074,0.06624072193210663
0.02970056407483437,-0.04899863305272617,0.06625239462819885
0.029459096648887313,-0.04883688048415294,0.06625429566258523
0.02648786246987311,-0.04684653019817486,0.06627768771359235
0.026338186844195012,-0.04674626650086132,0.06627886608583076
0.026153615995351497,-0.04662262742711426,0.06628031918257456
0.025115938170345364,-0.0459275148135271,0.06628848865396222
0.023758111029961816,-0.04501794273864345,0.06629917860965506
0.022645573573467793,-0.044267126721566075,0.06630876653192044
0.022544707594483793,-0.04419786227660522,0.06630981382891538
0.021914137427670757,-0.04376485113594991,0.0663163610735607
0.021534193390775162,-0.04350394440508942,0.06632030605334568
0.020753426188286826,-0.04296779329181297,0.06632841280205466
0.020742933978830945,-0.04296058831475633,0.06632852174324122
0.01899852560012281,-0.041762706934400685,0.06634663403116388
0.018338340260129284,-0.04130935911974064,0.0663534887717775
0.01752448118823993,-0.040750483892844636,0.06636193911518243
0.012957764918584714,-0.03760638316483367,0.06641081724978591
0.012661310322307847,-0.03740027017102297,0.06641435076515977
0.012009096390016627,-0.036946811975812406,0.06642212466371199
0.011650453995362225,-0.036697462299342495,0.0664263994107766
0.011519295253857788,-0.03660627288546451,0.06642796272413164
0.010728154614166067,-0.03605622452116161,0.06643739252433829
0.009517529976719397,-0.035214525753327106,0.06645182225766715
0.008609060150721864,-0.034582903110350255,0.06646265053335308
0.008570293032819972,-0.034555949887723515,0.06646311260818284
0.007989134714840508,-0.03415189381201719,0.0664700395773613
0.007917851416409823,-0.03410233339287454,0.06647088922055817
0.00747855472438489,-0.03379690801744932,0.06647612530606485
0.005098779411720869,-0.032142345664731196,0.06650449043434835
0.001775421717668691,-0.029829715071786198,0.06654600064924455
0.0014717618626313056,-0.02961838562481438,0.06654981323754919
0.0012125495897739903,-0.02943798908782565,0.06655306776613937
-6.811422542237671e-4,-0.028120090644918803,0.0665768439329827
-8.740183223404996e-4,-0.02798586021526853,0.06657926558019535
-0.0021676228598270465,-0.027085587337664703,0.06659550737656263
-0.0023817205778255716,-0.026936587884520045,0.06659819547129148
-0.0037754055784351825,-0.025966664875120313,0.0666156938236272
-0.0038852407594040083,-0.025890226031897744,0.06661707285453777
-0.005685501256432444,-0.02464485240099904,0.06663965284739916
-0.006712645648991922,-0.02393644437365987,0.0666525293331007
-0.007872474728344653,-0.023136525456605283,0.06666706918033613
-0.008330001468639554,-0.022820975259481013,0.06667280482624158
-0.009963245730788014,-0.021694548094719355,0.06669327950004697
-0.01079033977700962,-0.021124112169690547,0.06670364811495366
-0.011127583373686054,-0.020891519680470014,0.06670787586752866
-0.011841269864916418,-0.02039929945996987,0.06671682278284678
-0.012037382971684076,-0.020264042820195546,0.06671928129562597
-0.01234980868883961,-0.020048566897254788,0.06672319792634401
-0.012371029219790493,-0.020033931375142318,0.06672346395112626
-0.013722827257480773,-0.019101613983178677,0.06674041035927471
-0.013836852014969328,-0.019022972602175746,0.06674183979623612
-0.014664610185728535,-0.018462545974204832,0.06675172540955987
-0.015053852720679573,-0.018199012627109767,0.06675637399090356
-0.01573080332136393,-0.01774068898157395,0.06676445856453152
-0.01665053986686983,-0.01711798917741892,0.06677544264197077
-0.016666641445527892,-0.017107087740560772,0.06677563493724026
-0.019549376576274785,-0.015155356443029754,0.0668100623893924
-0.019996341733013765,-0.014852742485885759,0.06681540033091299
-0.020883273215545242,-0.014252253070552699,0.06682599262947396
-0.020919954338024835,-0.014227418428615465,0.06682643069871438
-0.021263886458837637,-0.013994562111967793,0.06683053815434101
-0.021418256807253715,-0.013890046980764473,0.0668323817429965
-0.021587093509725968,-0.013775737527609251,0.06683439809803164
-0.023302097449320807,-0.012614608699436609,0.06685487976332284
-0.023302097449320807,-0.012614608699436609,0.06685487976332284
-0.023302097449320807,-0.012614608699436609,0.06685487976332284
-0.023302097449320807,-0.012614608699436609,0.06685487976332284
-0.024373858912071267,-0.01190924562298138,0.06686644572154499
-0.024594446495095342,-0.0117640693485981,0.06686882620158485
-0.024793788972478695,-0.011632875208855023,0.06687097741418714
-0.02487342215462502,-0.011580465873103669,0.06687183677897102
-0.02516600493474288,-0.01138790708360201,0.06687499419816267
-0.025213225553734557,-0.011356829570329036,0.0668755037814286
-0.026189338297049242,-0.010714416205488813,0.06688603754253278
-0.02640503865513656,-0.010572456381907819,0.0668883652818823
-0.027147258070367553,-0.01008397625985847,0.06689637497344762
-0.027234069475204712,-0.010026842688895584,0.06689731180231902
-0.027633625185640782,-0.009763881335158178,0.06690162362431946
-0.02899196884110287,-0.008869908662133209,0.0669162822461457
-0.029187100567274714,-0.008741485762569935,0.06691838801825187
-0.029199536995266243,-0.00873330092162062,0.0669185222264797
-0.03012766436918993,-0.00812246837859089,0.06692853815148235
-0.030183292031659342,-0.008085857900887443,0.06692913845970622
-0.03196737358844494,-0.006911692473897909,0.06694839144973044
-0.032220198641426515,-0.00674529961189074,0.06695111982176277
-0.03238197469806986,-0.006638829225543851,0.06695286563477948
-0.032864291632189166,-0.006321399864346472,0.06695807057795362
-0.032891978957561685,-0.006303177883353185,0.06695836936687231
-0.032891978957561685,-0.006303177883353185,0.06695836936687231
-0.032891978957561685,-0.006303177883353185,0.06695836936687231
-0.032891978957561685,-0.006303177883353185,0.06695836936687231
-0.032891978957561685,-0.006303177883353185,0.06695836936687231
-0.032891978957561685,-0.006303177883353185,0.06695836936687231
-0.03510123209810151,-0.004903148448198939,0.06697853864547004
-0.03543253524014038,-0.004693197790077357,0.06698156326281672
-0.036976054769209524,-0.0037150514949433407,0.06699565475592431
-0.038410007556455954,-0.002806338919671893,0.06700874596432015
-0.039954924794330354,-0.001827306880195943,0.0670228502177483
-0.040408786483847436,-0.001539689443718066,0.06702699372792045
-0.04047453911565738,-0.0014980212354518616,0.06702759401365738
-0.04204816506067304,-5.007961540354272e-4,0.06704196036195456
-0.04261462164138328,-1.4182602418540136e-4,0.06704713180219389
-0.04261462164138328,-1.41826024185401e-4,0.06704713180219389
-0.04274112667231396,-6.528588072476784e-5,0.06704802107235909
-0.0429596647435131,6.693759843756078e-5,0.06704955729099993
-0.04309523856418754,1.4896468943612775e-4,0.06705051031044129
-0.04332339572279501,2.87008066232388e-4,0.067052114146689
-0.04412500365487311,7.720100117602265e-4,0.06705774906897578
-0.044318553470687305,8.891146878368289e-4,0.06705910963207289
-0.044558276718939506,0.0010341559694134216,0.06706079477242663
-0.04505732667134606,0.0013360993361728874,0.06706430285610007
-0.045081150658188573,0.0013505137144574127,0.06706447032739003
-0.04562011368365921,0.0016766059416677597,0.06706825898097295
-0.04581714934250694,0.0017958196795255814,0.0670696440478877
-0.046088091491533534,0.0019597495311959963,0.0670715486422572
-0.046381814834652216,0.002137462833620785,0.06707361337757986
-0.0467744241358585,0.002375005736201269,0.06707637323412921
-0.047237087879413636,0.002654934123595986,0.0670796255400702
-0.04725445539860082,0.0026654421041906115,0.06707974762546509
-0.04801167831110534,0.0031235894990284748,0.06708507054218656
-0.0487519209094534,0.003571463186394151,0.06709027409538025
-0.049581037301973385,0.004073108750702313,0.06709610238905298
-0.04978697598353721,0.004197709141019009,0.06709755003998058
-0.05016116533192656,0.004424107302392181,0.06710018041302747
-0.050377966040136134,0.004555279613774961,0.06710170441883329
-0.05057209238695357,0.004672733112071304,0.06710306903466898
-0.05116961358482361,0.0050342551627698484,0.06710726932433674
-0.05142917683248173,0.0051913003653732675,0.06710909393044469
-0.05247472760024719,0.005823896596300993,0.06711644365477683
-0.05247472760024719,0.005823896596300993,0.06711644365477683
-0.05247472760024719,0.005823896596300993,0.06711644365477683
-0.05247472760024719,0.005823896596300993,0.06711644365477683
-0.05247472760024719,0.005823896596300993,0.06711644365477683
-0.05247472760024719,0.005823896596300993,0.06711644365477683
-0.05289842998063505,0.006066541578855468,0.06711836131342089
-0.0534633897253149,0.006390081529861487,0.06712091829678485
-0.05367020206900535,0.006508518385186402,0.06712185432050559
-0.054261868726685515,0.006847352794611826,0.06712453217820245
-0.05428944594820623,0.006863145659472932,0.06712465699151404
-0.05497443318755913,0.007255422702124129,0.06712775721412646
-0.05566506271846098,0.0076509309603592646,0.06713088297350633
-0.05603244294858891,0.007861321493092759,0.06713254572053483
-0.05632468170995206,0.008028680168509663,0.06713386838052636
-0.057028419164407866,0.008431695044666475,0.06713705346580119
-0.05706417659182414,0.00845217253252876,0.0671372153023708
-0.05746622205472344,0.008682415077406615,0.06713903494274318
-0.05770539046067456,0.008819381533994534,0.06714011740860197
-0.05784210330718222,0.008897673957618537,0.067140736165031
-0.058252517608145024,0.00913270915096832,0.06714259368240241
-0.05845983266346227,0.00925143389812382,0.06714353198137422
-0.05874324164138968,0.009413735951848483,0.06714481467814791
-0.05904757979601123,0.009588023682191676,0.0671461920994699
-0.05946869959949829,0.009829189680071891,0.06714809806948263
-0.0598577979361936,0.010052017692114168,0.06714985911172192
-0.05991520028553732,0.010084890748060522,0.0671501189122718
-0.06023842963842286,0.010269997049847662,0.06715158183433989
-0.060623117892042264,0.010490299504846723,0.06715332291673395
-0.06098321005033183,0.010696516320022963,0.0671549526782646
-0.061330925155594504,0.01089564507066428,0.06715652642178868
-0.06184113038858018,0.011187828323785695,0.06715883558860145
-0.062475818544250813,0.011551300193637488,0.06716170815973707
-0.062475818544250813,0.011551300193637488,0.06716170815973707
-0.062475818544250813,0.011551300193637488,0.06716170815973707
-0.062475818544250813,0.011551300193637488,0.06716170815973707
-0.062475818544250813,0.011551300193637488,0.06716170815973707
-0.062475818544250813,0.011551300193637488,0.06716170815973707
-0.062475818544250813,0.011551300193637488,0.06716170815973707
-0.062475818544250813,0.011551300193637488,0.06716170815973707
-0.0628073131791872,0.011729681880865197,0.06716226829101264
-0.06311018674016257,0.01189266218621409,0.0671627800608459
-0.06336596776142771,0.012030301367442044,0.06716321225773421
-0.06380172363360297,0.012264787417911375,0.06716394856072919
-0.06406060640374521,0.012404095691606415,0.06716438599868739
-0.06463235064493586,0.012711758898360539,0.06716535208319487
-0.06490873932838574,0.012860487337642508,0.06716581910114779
-0.0649495102906118,0.012882426736550663,0.06716588799243191
-0.06517900207478532,0.013005919328440195,0.06716627576801636
-0.06530413543099832,0.013073255257463681,0.06716648720765683
-0.06536130734728322,0.013104020228640057,0.06716658381187006
-0.06559368425434936,0.013229065343663323,0.06716697646248836
-0.06602061413993579,0.013458802012956492,0.06716769785208623
-0.06635217579601872,0.01363721976515763,0.06716825809660841
-0.06643857208422244,0.013683710760895612,0.06716840408166523
-0.0664904371219204,0.013711620029878102,0.067168491718769
-0.06672680001632043,0.013838810057883214,0.0671688911045677
-0.06696095619845356,0.013964812624566447,0.06716928676165279
-0.06697429090402042,0.013971988207598603,0.06716930929349751
-0.06817023410023888,0.014615541202689729,0.06717133009600051
-0.06830972430981178,0.014690602746114516,0.06717156579462362
-0.06839108720845719,0.01473438520775493,0.06717170327468935
-0.06851471160519264,0.014800909145544779,0.0671719121646192
-0.06863961554612899,0.014868121623146095,0.06717212321661337
-0.0689065306228567,0.015011752188214936,0.0671725742268761
-0.06892165328032882,0.01501988989202954,0.06717259977984899
-0.06944200678167492,0.015299899055806136,0.06717347902868062
-0.06984904674575075,0.015518932692881099,0.06717416680999067
-0.06989462524066292,0.015543459089289571,0.06717424382463225
-0.06990202589116455,0.015547441478094497,0.06717425632961835
-0.0701345650826834,0.015672573920547633,0.06717464925445103
-0.07036680133845769,0.0157975433492336,0.06717504166740881
-0.07060465996807241,0.015925538252320005,0.06717544358057292
-0.07069141592999949,0.015972222793288776,0.06717559017337563
-0.0708625335918454,0.016064303490885556,0.06717587931336193
-0.07109925216462681,0.016191684914174616,0.06717627930015553
-0.07128906097834277,0.01629382357004711,0.06717660002285127
-0.07175388276928552,0.01654395037932257,0.06717738543894926
-0.0718219222594035,0.016580563337018517,0.06717750040625906
-0.0726171210762467,0.01700847043318371,0.06717884406519248
-0.0726171210762467,0.01700847043318371,0.06717884406519248
-0.0726171210762467,0.01700847043318371,0.06717884406519248
-0.0726171210762467,0.01700847043318371,0.06717884406519248
-0.0726171210762467,0.01700847043318371,0.06717884406519248
-0.0726171210762467,0.01700847043318371,0.06717884406519248
-0.0726171210762467,0.01700847043318371,0.06717884406519248
-0.07277641234122927,0.0170884036992442,0.06717861191301762
-0.07405551828196147,0.017730266361903592,0.06717674773530483
-0.0740852002574588,0.01774516094664361,0.0671767044765915
-0.0743675363082731,0.01788683878861867,0.06717629299810746
-0.07438959030927249,0.017897905612212384,0.06717626085645614
-0.07494219784786578,0.018175207229562472,0.06717545548246438
-0.07632271249526264,0.018867957360103813,0.0671734435110116
-0.07648637829966953,0.01895008579501888,0.06717320498335316
-0.07698344307742515,0.01919951573792243,0.06717248055775948
-0.07730786165566735,0.019362310832383104,0.06717200774791324
-0.07750957148343346,0.01946352997538889,0.06717171377463596
-0.0781169026784345,0.01976829223590684,0.06717082864601452
-0.07833811363558539,0.019879297156957416,0.06717050625165842
-0.07834583032043088,0.01988316943346251,0.06717049500530935
-0.07847424773209175,0.019947610023687036,0.06717030784889867
-0.07847761663442225,0.01994930055810739,0.06717030293903746
-0.07894052773496518,0.020181591990824057,0.06716962828924564
-0.07938974018374309,0.020407009361888162,0.06716897360396223
-0.08010781802833122,0.020767344923350896,0.06716792707241914
-0.08017617610586295,0.020801647396868975,0.06716782744689122
-0.08075073591203623,0.021089964787402198,0.06716699007951513
-0.08149306478795007,0.021462469654817844,0.06716590820435375
-0.08244580546032643,0.02194056036280512,0.06716451967360665
-0.08289693331691791,0.022166938896443923,0.06716386219679485
-0.08289693331691791,0.022166938896443923,0.06716386219679485
-0.08289693331691791,0.022166938896443923,0.06716386219679485
-0.08289693331691791,0.022166938896443923,0.06716386219679485
-0.08289693331691791,0.022166938896443923,0.06716386219679485
-0.08289693331691791,0.022166938896443923,0.06716386219679485
-0.08289693331691791,0.022166938896443923,0.06716386219679485
-0.08289693331691791,0.022166938896443923,0.06716386219679485
-0.08289693331691791,0.022166938896443923,0.06716386219679485
-0.08289693331691791,0.022166938896443923,0.06716386219679485
-0.08289693331691791,0.022166938896443923,0.06716386219679485
-0.08306166892557874,0.022243480487279078,0.06716306285746255
-0.08312894931238549,0.022274741171475147,0.0671627363958074
-0.08374262231095479,0.022559873863459087,0.06715975869736739
-0.08379248970004664,0.022583043895262868,0.06715951672803347
-0.08392857360497867,0.022646272960643647,0.06715885641410019
-0.08461109716389398,0.022963395891177803,0.06715554463512116
-0.08463670063346573,0.022975292106621765,0.06715542040053438
-0.08465324059348299,0.022982977116938374,0.06715534014441547
-0.08485546047708545,0.02307693513679369,0.0671543589217882
-0.08503058106071411,0.023158301929121612,0.06715350919189964
-0.08507026062068118,0.023176738359886085,0.0671533166565199
-0.08513285679732871,0.023205822605725516,0.06715301292385122
-0.08522441452839279,0.023248363343856587,0.06715256866230868
-0.08543772595093227,0.0233474748581018,0.06715153362069594
-0.0854790479058829,0.023366674399682708,0.06715133311599542
-0.08669055137109355,0.023929578821400354,0.06714545459113472
-0.08722195768695884,0.0241764877024057,0.06714287607169284
-0.0874120799673784,0.024264824777278704,0.06714195354973222
-0.0875087092460444,0.02430972192350272,0.0671414846797428
-0.08779521453836985,0.02444284172094999,0.06714009448274211
-0.08868346986393125,0.024855554407897048,0.06713578444058053
-0.0888500538236283,0.024932954803515726,0.06713497613257598
-0.08893683482339458,0.024973276114921162,0.06713455504895614
-0.08908376969396037,0.02504154689640969,0.06713384208336065
-0.08916448928611925,0.025079051878153655,0.06713345041124176
-0.08936919176265314,0.025174163392471485,0.06713245714243825
-0.08939336700067171,0.025185396004484165,0.06713233983799646
-0.0895290899429142,0.025248457354707824,0.06713168127554654
-0.08971740353734727,0.02533595405448613,0.0671307675297932
-0.08998954492155328,0.025462399907016396,0.06712944703015072
-0.09020457041239519,0.025562307833863197,0.0671284036714399
-0.09047069980424591,0.02568596031668606,0.06712711234352292
-0.0909755846983478,0.025920546471418178,0.06712466251280678
-0.09128985883050313,0.02606656858666731,0.06712313757428866
-0.09158951072027584,0.02620579672639019,0.06712168358663269
-0.0926910166681838,0.026717592677809834,0.06711633879787646
-0.09331110109778194,0.027005704331868018,0.06711332998953227
-0.09331110109778194,0.027005704331868018,0.06711332998953227
-0.09331110109778194,0.027005704331868018,0.06711332998953227
-0.09331110109778194,0.027005704331868018,0.06711332998953227
-0.09331110109778194,0.027005704331868018,0.06711332998953227
-0.09331110109778194,0.027005704331868018,0.06711332998953227
-0.09331110109778194,0.027005704331868018,0.06711332998953227
-0.09338739454383563,0.027038289932431427,0.0671126847043566
-0.09363395480792586,0.027143597985691985,0.06711059931312634
-0.09398402914651327,0.02729311780888469,0.0671076384063544
-0.09420376356064411,0.027386968306132704,0.0671057799064785
-0.09483652285856572,0.02765722535705092,0.06710042806807247
-0.09507400134417193,0.02775865450299515,0.0670984194899543
-0.09512277251709227,0.027779485099094753,0.06709800698643646
-0.09516978688707321,0.027799565349236572,0.06709760934184755
-0.0958591014430721,0.02809397764735872,0.06709177916262025
-0.09587638614436662,0.02810136009501805,0.06709163296970214
-0.09604523836572014,0.028173478361053623,0.06709020482821745
-0.09635619301125112,0.02830628981992362,0.06708757479335277
-0.0963671359725736,0.02831096365476894,0.0670874822384731
-0.09723403407520766,0.028681223444603752,0.06708015006876018
-0.09729860222807017,0.028708801069512905,0.067079603955378
-0.09762343488169557,0.028847539947470274,0.06707685654119237
-0.09801749706271004,0.02901584736431769,0.06707352358801152
-0.09806517773354619,0.029036212197403995,0.06707312030789182
-0.09832109745488372,0.029145517757018333,0.06707095575495992
-0.09887376304078156,0.029381566080416092,0.06706628134414049
-0.09920375968574496,0.029522510544406827,0.0670634902532404
-0.09920915714913388,0.0295248158484027,0.06706344460183401
-0.09928459034308576,0.029557034027741576,0.0670628065926166
-0.09985020453237073,0.029798612813317308,0.06705802266332286
-0.100945666743848,0.03026649434052463,0.06704875731273065
-0.10105294723515562,0.030312314780140594,0.06704784994107213
-0.10152824236017452,0.03051531750048833,0.06704382992475214
-0.10173921043022655,0.030605423815223565,0.06704204557006394
-0.101850584134513,0.030652992502035698,0.06704110357826709
-0.10226558857804267,0.030830244543048266,0.06703759349674501
-0.10260864776289665,0.030976768132497803,0.06703469192370283
-0.10328997694444758,0.03126776980709238,0.06702892928427115
-0.10334196474012095,0.03128997425100742,0.06702848957476006
-0.10349751751200952,0.03135641220542523,0.06702717391918377
-0.10369272914699551,0.03143978880842345,0.06702552283143388
-0.1038542230273139,0.03150876426240657,0.06702415692633559
-0.1038542230273139,0.03150876426240657,0.06702415692633559
-0.1038542230273139,0.03150876426240657,0.06702415692633559
-0.1038542230273139,0.03150876426240657,0.06702415692633559
-0.10390406679305687,0.031528192474696536,0.0670235472351833
-0.10424459869912106,0.03166092574763254,0.06701938183381155
-0.10456160538477716,0.031784489308580625,0.06701550419397878
-0.10464006668435262,0.031815072125949584,0.06701454445188396
-0.10464156480273479,0.03181565606581709,0.06701452612683349
-0.10466210973834311,0.03182366411586172,0.06701427482027031
-0.10510532294614698,0.031996420731710766,0.06700885341666352
-0.10597106109631683,0.03233387004594902,0.06699826366922995
-0.10615544134658743,0.03240573818413917,0.06699600832183453
-0.10701659874234183,0.03274140200187843,0.06698547460639204
-0.1074149273215481,0.032896663388786565,0.06698060223355212
-0.10748727456904704,0.03292486305753254,0.06697971727881336
-0.10766905673348633,0.03299571850813126,0.066977493711319
-0.1080871767515508,0.03315869424546877,0.06697237924872156
-0.10837520275461902,0.033270961652419814,0.066968856101883
-0.10871329004803258,0.03340274205887723,0.06696472060312156
-0.10875316546756969,0.03341828478732823,0.06696423284522199
-0.1088038913770308,0.03343805684353068,0.06696361236364863
-0.10891344735895694,0.03348075981435901,0.06696227227002077
-0.10898174696219401,0.033507381783450446,0.06696143682624606
-0.10900602419440045,0.03351684461624585,0.06696113986606543
-0.10912989465244093,0.03356512711495743,0.06695962467713114
-0.10916472499921569,0.03357870336388618,0.06695919863078527
-0.10936029914451029,0.03365493468302055,0.06695680635916965
-0.10960791864748005,0.033751452355775036,0.06695377746643162
-0.1103550321716755,0.03404266390322552,0.06694463874068195
-0.11055382854446098,0.03412015118925578,0.06694220705463681
-0.11110105310939146,0.034333449579922626,0.06693551337949852
-0.1112600491682024,0.03439542341231272,0.06693356853265839
-0.11127983420568445,0.034403135267599666,0.06693332652120278
-0.1115491337330167,0.03450810342778197,0.06693003243744562
-0.11227637233386728,0.03479156808403683,0.06692113682263941
-0.1132061538269373,0.03515398035288088,0.06690976369419625
-0.11350306506941046,0.035269711067927395,0.06690613186271538
-0.11365433963511758,0.03532867519980669,0.06690428146552121
-0.11365789007475383,0.03533005909795218,0.06690423803638618
-0.11393436555706772,0.03543782431759996,0.06690085617602955
-0.11451951247544126,0.035665904166333716,0.06689369863298274
-0.11451951247544126,0.035665904166333716,0.06689369863298274
-0.11451951247544126,0.035665904166333716,0.06689369863298274
-0.11451951247544126,0.035665904166333716,0.06689369863298274
-0.11457051887910388,0.035683895031771044,0.06689287734667641
-0.11457352132930064,0.03568495404933734,0.0668928290023303
-0.11549223130493247,0.036008999391895724,0.06687803627301996
-0.11554138791426949,0.0360263378019861,0.06687724477141985
-0.11600995343718763,0.03619160919275405,0.06686970010212427
-0.11645868616824745,0.036349885205217536,0.06686247477313108
-0.11647981798927538,0.036357338774206126,0.06686213451633995
-0.11727471195486563,0.03663771200864297,0.0668493354267738
-0.11732322632573862,0.03665482388980844,0.06684855426626067
-0.1183299958249545,0.03700992939198433,0.06683234363496805
-0.11855143641353216,0.03708803542466633,0.06682877808025324
-0.11892175488810029,0.037218653334703276,0.0668228153487077
-0.11900213376478946,0.037247004393603324,0.06682152111766997
-0.11935293984810673,0.03737073993632662,0.06681587256745436
-0.11971929032692541,0.03749995826371398,0.06680997372711342
-0.11976448254630516,0.037515898362981775,0.06680924605865879
-0.12029752061446349,0.03770391036674197,0.06680066327621
-0.12042169416261106,0.03774770858491033,0.06679866387951901
-0.12099182459024589,0.03794880372333944,0.06678948384957344
-0.12099221753584828,0.03794894232223976,0.06678947752250822
-0.12204995024944727,0.03832202345622622,0.06677244630032712
-0.12222247521313602,0.03838287607831726,0.06676966836696968
-0.12275337566169167,0.03857013410563791,0.06676112000368362
-0.12296569603226831,0.03864502327527854,0.06675770129935654
-0.12312401651995818,0.038700865726137075,0.06675515208123461
-0.12317252949994435,0.038717977116712037,0.06675437094311702
-0.12414296661671205,0.039060267541628876,0.06673874532245128
-0.12512503401526837,0.03940666017371251,0.0667229324352761
-0.1251421841448824,0.03941270932934716,0.06672265629021211
-0.12530030414224386,0.039468481063702265,0.06672011030031152
-0.12530030414224386,0.039468481063702265,0.06672011030031152
-0.12530030414224386,0.039468481063702265,0.06672011030031152
-0.12530030414224386,0.039468481063702265,0.06672011030031152
-0.12530030414224386,0.039468481063702265,0.06672011030031152
-0.12530030414224386,0.039468481063702265,0.06672011030031152
-0.1257272259081513,0.03960343843625996,0.0667115818961113
-0.12626020624504156,0.039771922762044415,0.06670093481248437
-0.12667947938367008,0.03990446227090045,0.06669255920111465
-0.12673745432107034,0.03992278915383438,0.06669140106456806
-0.12730685134583422,0.040102785426081054,0.06668002650284416
-0.12731573233533575,0.04010559286084909,0.06667984909172527
-0.12745577820971682,0.04014986378998253,0.06667705146480934
-0.12747235141877725,0.040155102868727775,0.06667672039003864
-0.1278921740434895,0.04028781607966236,0.06666833380185816
-0.12803695620753555,0.04033358423208096,0.06666544156043462
-0.12881000450209104,0.04057795820179801,0.06664999875838341
-0.1290234981613348,0.04064544724923044,0.06664573390152763
-0.12931325212422384,0.04073704350091503,0.06663994563044034
-0.1294356430644269,0.040775733399237644,0.06663750068738086
-0.13049884677489598,0.0411118305269011,0.06661626159461456
-0.13060639341867314,0.0411458278857397,0.06661411318869631
-0.13100215990190786,0.04127093653324617,0.06660620715811304
-0.13142076853900705,0.041403265981647064,0.06659784482116052
-0.13160736518930885,0.04146225241818836,0.0665941172725011
-0.13182509483286609,0.04153108053370959,0.06658976779548936
-0.1321604421576897,0.041637089637640505,0.06658306872844255
-0.13218576983074962,0.04164509615424876,0.06658256277009009
-0.13257871008115937,0.0417693113805555,0.06657471319775707
-0.13265466726490255,0.04179332276335082,0.06657319583880139
-0.13403312546334903,0.04222907730083037,0.06654565906361619
-0.1346825999987649,0.04243438746265018,0.06653268483321123
-0.1346921802220153,0.04243741593733017,0.06653249345384683
-0.13492180385381666,0.04251000394876407,0.06652790637653593
-0.13498303376257326,0.042529359784581375,0.06652668321704226
-0.1352216244242506,0.042604782429637514,0.06652191700982663
-0.13526523292541878,0.04261856783298027,0.06652104586444536
-0.13608517984787163,0.04287776727214636,0.0665046661917844
-0.13618957433640824,0.04291076818005851,0.0665025807549067
-0.13618957433640824,0.04291076818005851,0.0665025807549067
-0.13618957433640824,0.04291076818005851,0.0665025807549067
-0.13618957433640824,0.04291076818005851,0.0665025807549067
-0.13704288955292315,0.04314985021297421,0.06648228053907083
-0.1378510935359719,0.04337629297121664,0.06646305351138192
-0.13809708406352095,0.04344521464783297,0.06645720144088536
-0.13834391828373738,0.043514372710434415,0.0664513292990917
-0.1384860337331821,0.04355419064629725,0.06644794839805829
-0.1388164183770011,0.0436467578837725,0.06644008860668392
-0.1397355231648631,0.04390427285232312,0.06641822326875454
-0.13998250468092502,0.04397347218430486,0.06641234762281914
-0.14034944876159144,0.044076282652317396,0.06640361808900437
-0.1403741399728887,0.044083200640978384,0.06640303068951954
-0.1411073643302151,0.04428863559226035,0.06638558741366817
-0.14137362269672377,0.04436323591616609,0.06637925317492072
-0.14153344220129052,0.04440801417783528,0.06637545109759373
-0.1417581958432889,0.04447098569948895,0.06637010424879254
-0.14266199761943268,0.04472421306706808,0.06634860296676513
-0.14330185963468312,0.04490348973813977,0.06633338076427377
-0.1434151189194287,0.04493522274784063,0.06633068634621904
-0.1434365370998839,0.04494122369804693,0.06633017681155044
-0.1435277066831189,0.04496676761063403,0.06632800790352968
-0.1439044253889574,0.04507231673513821,0.06631904583313655
-0.14524081462487295,0.04544674654619241,0.06628725337308806
-0.1455105290125322,0.04552231517881512,0.06628083691621778
-0.14561524455482389,0.04555165440099754,0.06627834575226248
-0.14604170253899523,0.04567113948673787,0.06626820039336573
-0.14608565962819434,0.04568345539303297,0.06626715466210371
-0.147180103558951,0.04599009691871235,0.06624111803743721
-0.147180103558951,0.04599009691871235,0.06624111803743721
-0.147180103558951,0.04599009691871235,0.06624111803743721
-0.14721099835339949,0.04599766407261682,0.06624026843795233
-0.14743806225685188,0.046053279509917715,0.06623402423471844
-0.14745669931808816,0.046057844340764445,0.0662335117199758
-0.147586521128599,0.04608964198298311,0.06622994165112427
-0.14799210550673755,0.04618898297117905,0.06621878817737926
-0.14805566533162048,0.0462045508681538,0.06621704029734178
-0.14809282586429023,0.04621365270795898,0.06621601839154899
-0.14825181782759816,0.0462525950824723,0.066211646150447
-0.1483203621484004,0.046269383846859524,0.06620976119795957
-0.14840521197257825,0.0462901663666912,0.06620742784801503
-0.1487176989538945,0.04636670473255429,0.06619883453049685
-0.14924678645252182,0.0464962957074261,0.06618428475037014
-0.14945704624968315,0.04654779526498732,0.0661785026560547
-0.14949543501322485,0.046557197939033484,0.06617744697420563
-0.14973826691490483,0.04661667547904403,0.06617076915477811
-0.15129180797031108,0.04699718891093534,0.06612804714597499
-0.15129405178517955,0.04699773849518557,0.06612798544160083
-0.1517685744076352,0.04711396473262701,0.06611493618256561
-0.15210388516750054,0.04719609339446214,0.0661057152165764
-0.15245221571828504,0.047281411032415996,0.06609613620943963
-0.15245465947220202,0.04728200958833212,0.06609606900678928
-0.1527983392642687,0.04736618810211899,0.06608661789440894
-0.15310048308826288,0.047440193087692234,0.06607830901125225
-0.15310715662331315,0.04744182765648332,0.06607812549062872
-0.1534961072809937,0.047537094498048514,0.06606742944023238
-0.15391671218146977,0.04764011450746088,0.06605586290570262
-0.1543907141397738,0.047756213217082885,0.0660428279648075
-0.155012409187755,0.04790848683448999,0.06602573149914263
-0.15519464345576567,0.047953122015831115,0.06602072010020014
-0.1554652210444314,0.048019395389487886,0.06601327928099252
-0.15568460650853216,0.048073130123797964,0.06600724623301095
-0.15584102641792866,0.04811144251749588,0.0660029447227786
-0.15592121182656057,0.04813108256815303,0.06600073964315001
-0.15614935714388636,0.04818696287937072,0.06599446570129229
-0.1565167464476686,0.048276948634388826,0.06598436258298992
-0.1572227602873827,0.04844987470427123,0.06596494737064622
-0.1572702663206413,0.04846151049830955,0.06596364096605264
-0.15763250612430188,0.04855023497094505,0.06595367945777647
-0.15826494339684274,0.04870513971336757,0.06593628758349616
-0.15826494339684274,0.04870513971336757,0.06593628758349616
-0.15826494339684274,0.04870513971336757,0.06593628758349616
-0.15860825987646116,0.048777398034917534,0.06592561889762899
-0.15905957348250482,0.04887238666960709,0.06591159416133956
-0.1596508886964294,0.0489968416474533,0.06589321882359622
-0.15967050302773828,0.049000969904448945,0.06589260930103714
-0.1598434438589252,0.04903736901410693,0.0658872351011048
-0.15985106856765827,0.04903897379770476,0.06588699816047673
-0.16062529624914385,0.049201926630099674,0.0658629387505334
-0.16067412285005309,0.049212203236199716,0.06586142144595297
-0.16093772683459537,0.04926768435233512,0.0658532298551865
-0.16120446597624863,0.0493238253295727,0.06584494083825979
-0.1613216887326824,0.04934849737455225,0.06584129809799207
-0.16154661727783545,0.04939583841439833,0.06583430836072846
-0.1618471180093738,0.04945908524283381,0.06582497018997942
-0.16226578197168903,0.049547202059259235,0.06581196005337656
-0.1623020172935446,0.04955482856044268,0.06581083402742346
-0.16233964078965116,0.04956274723269087,0.06580966486344499
-0.16243304995378569,0.0495824071960729,0.06580676213931601
-0.16327096816383607,0.04975876506715934,0.06578072352277377
-0.16387521738500013,0.04988594228442463,0.06576194625599865
-0.16417399695068963,0.04994882685656678,0.06575266157111136
-0.16481482932788352,0.05008370378418287,0.06573274746930828
-0.16483447684527616,0.050087839025902095,0.06573213691547945
-0.16488519905388843,0.05009851460332764,0.06573056070419249
-0.16515588888384986,0.050155487087711136,0.06572214891817363
-0.1656261830975989,0.05025447059866272,0.06570753435251918
-0.16575421302008897,0.05028141724368712,0.06570355577559166
-0.16588715192786857,0.05030939709002458,0.06569942465014088
-0.16591226810714035,0.050314683329007175,0.06569864415563291
-0.16601365076256763,0.050336021484762454,0.06569549365232956
-0.16688256731629397,0.05051890362257603,0.06566849175085719
-0.16691479818047225,0.0505256872996958,0.06566749016489916
-0.16701443001340208,0.05054665695727955,0.06566439406904882
-0.16735227753089268,0.050617764218372364,0.06565389533319112
-0.16756980124067844,0.050663546751689464,0.06564713570390986
-0.1677637989728248,0.05070437773808714,0.06564110715303599
-0.16787518626338993,0.05072782158403121,0.06563764575201628
-0.1685343276205383,0.05086655202943437,0.06561716269192754
-0.16894908459914876,0.05095384653728566,0.06560427396628019
-0.16895546132999084,0.05095518865715167,0.06560407580702407
-0.16933091749892662,0.051034211466115094,0.0655924083684912
-0.16943728897817717,0.05105659962691639,0.06558910283565278
-0.16943728897817717,0.05105659962691639,0.06558910283565278
-0.16943728897817717,0.05105659962691639,0.06558910283565278
-0.16943728897817717,0.05105659962691639,0.06558910283565278
-0.16943728897817717,0.05105659962691639,0.06558910283565278
-0.16943728897817717,0.05105659962691639,0.06558910283565278
-0.16943728897817717,0.05105659962691639,0.06558910283565278
-0.16943728897817717,0.05105659962691639,0.06558910283565278
-0.16943728897817717,0.05105659962691639,0.06558910283565278
-0.16943728897817717,0.05105659962691639,0.06558910283565278
-0.1696291251352791,0.05109055470867057,0.065582492985727
-0.16968621099612233,0.051100658930425334,0.06558052605217936
-0.16981447350983822,0.05112336145014327,0.06557610667691886
-0.16983969864125895,0.051127826309180224,0.06557523752724673
-0.17006678286674506,0.05116802031409541,0.06556741318029542
-0.17013318315315296,0.05117977319315399,0.06556512531165369
-0.17051878960066008,0.05124802569908324,0.06555183896987675
-0.17091671453098634,0.05131845858173359,0.06553812818609692
-0.1709304882591807,0.05132089653750775,0.06553765360258952
-0.17144924278770807,0.051412716310654784,0.06551977954988915
-0.17205487400239447,0.051519913294363305,0.06549891209976967
-0.17218718226995897,0.05154333191424068,0.06549435332521042
-0.17241170811229178,0.05158307308424486,0.06548661712915282
-0.17252895077825625,0.051603825086203425,0.06548257745050919
-0.17265274956111396,0.051625737523652675,0.06547831187623974
-0.1727739964768977,0.05164719827953976,0.06547413422834793
-0.17295142878596984,0.05167860387403973,0.06546802067315236
-0.17330762767552674,0.051741651229649695,0.0654557475894998
-0.1742601908634654,0.051910255320823676,0.06542292635385683
-0.174878951859738,0.05201977628148163,0.06540160650786395
-0.17524947274159627,0.0520853586358469,0.06538883994987799
-0.17532482954600317,0.05209869682241728,0.06538624347809946
-0.17542906724181104,0.05211714693910275,0.0653826518948635
-0.1755148066014469,0.052132322842383796,0.06537969768483091
-0.17557707201433354,0.05214334384706281,0.06537755228616904
-0.17562506198619382,0.05215183809258208,0.06537589875788359
-0.17583969162268898,0.05218982762992561,0.06536850354256919
-0.17615266156404713,0.05224522344323817,0.06535771994277807
-0.17615416696036437,0.052245489899029385,0.06535766807328754
-0.17618728049053778,0.05225135100801527,0.06535652712327965
-0.17654647186059114,0.05231492803395141,0.06534415093160365
-0.1771216062310538,0.05241672706320491,0.06532433427173441
-0.17715379184793323,0.05242242393114138,0.0653232252936327
-0.17754165196953892,0.052491075338348785,0.06530986129992718
-0.17763842239480443,0.052508203744958445,0.06530652700675783
-0.1786405065016039,0.05268557305992477,0.06527199949297209
-0.17883123976884086,0.052719332929701726,0.06526542764389352
-0.17902665969121995,0.05275392233944085,0.06525869431281066
-0.17921827424544856,0.052787838197391794,0.06525209209836799
-0.1797082652531369,0.05287456681506334,0.06523520911303966
-0.17988691133672755,0.05290618724817159,0.06522905373638804
-0.1800660266071576,0.052937890727550826,0.06522288219357338
-0.18015373914731797,0.052953415884627604,0.06521985999621588
-0.18018277189261184,0.05295855469294661,0.0652188596525256
-0.18018889263160798,0.052959638066363536,0.06521864875815192
-0.18067921253131897,0.053046424898063584,0.06520175444061727
-0.18069044294496672,0.05304841268607656,0.06520136748880413
-0.18069044294496672,0.05304841268607656,0.06520136748880413
-0.18069044294496672,0.05304841268607656,0.06520136748880413
-0.18069044294496672,0.05304841268607656,0.06520136748880413
-0.18069044294496672,0.05304841268607656,0.06520136748880413
-0.18069044294496672,0.05304841268607656,0.06520136748880413
-0.18069044294496672,0.05304841268607656,0.06520136748880413
-0.18069044294496672,0.05304841268607656,0.06520136748880413
-0.18079465754941665,0.05306348359450191,0.06519745047355287
-0.18082631071882044,0.05306806109129302,0.06519626075597
-0.1811862678506263,0.053120115992802565,0.06518273138950043
-0.18125853979332457,0.05313056753974147,0.06518001497270566
-0.18153961274125924,0.05317121467054933,0.06516945055105297
-0.18193111609787577,0.05322783160314652,0.06515473548662526
-0.18227658955717888,0.0532777919603923,0.06514175050418312
-0.18240574505410975,0.053296469675259125,0.06513689605931973
-0.18249463497366608,0.05330932441711264,0.065133555038429
-0.18267517064576502,0.05333543243331702,0.06512676941577332
-0.1828752469100853,0.053364366296028226,0.0651192493394568
-0.18307056448657763,0.05339261198505343,0.06511190812341516
-0.1830837632565654,0.05339452071420769,0.06511141203379689
-0.18331963162949486,0.053428630622963935,0.06510254667352486
-0.18335287419400853,0.05343343796880816,0.06510129721685919
-0.18355346301912054,0.053462445955072345,0.06509375787540753
-0.1839534900057809,0.0535202955253456,0.06507872244140156
-0.18408678807018125,0.05353957231416477,0.0650737122937934
-0.1841860023300272,0.05355392010191025,0.065069983221740485
-0.18528588188481018,0.05371297826977972,0.06502864309466924
-0.1853955962014484,0.053728844514513194,0.06502451936696503
-0.18561551327943393,0.05376064764000586,0.06501625355284973
-0.18584371159982774,0.0537936483504881,0.06500767647954975
-0.18587161385869228,0.053797683412468406,0.06500662774387499
-0.18632374239748875,0.05386306760541002,0.06498963401836651
-0.18636376674956007,0.05386885569382656,0.06498812966109996
-0.18653866335636984,0.053894148221289934,0.06498155598862972
-0.18679755519999391,0.053931587650129315,0.06497182526705518
-0.18741398566057463,0.054020732228962996,0.0649486560814292
-0.1874580516941664,0.05402710480179418,0.06494699981332212
-0.18761936298219534,0.05405043269967078,0.06494093675931213
-0.187728321859797,0.05406618969721571,0.06493684142557672
-0.18798738336656698,0.05410365366174997,0.06492710432703482
-0.18830492411402275,0.05414957455308264,0.06491516922487474
-0.18839508633580143,0.05416261328786482,0.06491178038317008
-0.1886040810499898,0.05419283688479291,0.06490392509755795
-0.1890390536296068,0.05425574008295354,0.06488757619677543
-0.18908119890647485,0.05426183488714717,0.0648859921223251
-0.18921176861443562,0.05428071711696695,0.06488108452285633
-0.1895451457274995,0.054328928171152806,0.0648685541942792
-0.18977978223304726,0.054362859934431275,0.064859735135035193
-0.18987983074648834,0.05437732836706719,0.06485597470668561
-0.1898953286781989,0.0543795695875835,0.06485539220066168
-0.19060302748524194,0.05448191286250135,0.06482879259847424
-0.19120978945557993,0.05456965924065261,0.06480598681319831
-0.19145253164827605,0.05460476320114262,0.06479686309319826
-0.19201814783498913,0.054686559315985074,0.06477560381537045
-0.19204353174280106,0.05468943629737218,0.06477457677373548
-0.19252616634583414,0.054744137519106464,0.06475504921180672
-0.19253307990998572,0.054744921094099334,0.06475476948662484
-0.19261666093048377,0.05475439406579741,0.06475138776980721
-0.1926384246251912,0.05475686073661311,0.06475050720323879
-0.1934403636138246,0.05484775153093022,0.06471806047611807
-0.19357982253479697,0.054863557636234295,0.06471241792024104
-0.193616449902831,0.054867708937794066,0.06471093596434091
-0.19388314548905342,0.054897935892732286,0.06470014536925436
-0.19407592361291137,0.054919785131954675,0.06469234550010182
-0.19441836179944935,0.054958596661534985,0.06467849033337245
-0.19442851720165472,0.054959747662529,0.06467807944230862
-0.19452932844611928,0.05497117348695624,0.06467400058470697
-0.19472245592773807,0.05499306232196438,0.06466618658041935
-0.19491618447612125,0.05501501928115208,0.06465834825676385
-0.19499847903526582,0.05502434644687746,0.06465501859061476
-0.1950523635608371,0.05503045365378471,0.06465283840418909
-0.1950546926960663,0.05503071763515243,0.06465274416657715
-0.19533604700163956,0.05506260599159919,0.0646413604746672
-0.19549917818914753,0.05508109508293987,0.06463476013074956
-0.19551346084269092,0.05508271386160497,0.064634182249678
-0.19558091290256663,0.05509035879642835,0.06463145311615096
-0.19589424710432757,0.055125871715601044,0.06461877550664921
-0.19600313073032455,0.05513821245398048,0.06461437003771614
-0.19631125357150597,0.05517313472385284,0.06460190328165469
-0.19644833254196833,0.05518867108844677,0.06459635701939331
-0.1964910022137122,0.05519350721739551,0.06459463058980823
-0.19684126594389875,0.05523320568462103,0.06458045879889306
-0.19781222136720505,0.05534325259706908,0.06454117360873154
-0.1978614756240008,0.05534883501491771,0.06453918076457203
-0.19835579068097087,0.05540486008516337,0.0645191806074622
-0.1984502869765863,0.05541557018093156,0.06451535725486156
-0.1986699280574188,0.055440464035182935,0.06450647050123655
-0.1991718688153784,0.055497353393148714,0.0644861618056436
-0.19923832833640456,0.05550488583482024,0.06448347283057956
-0.19946098479454952,0.055530121448286444,0.06447446407375206
-0.19959659878808542,0.05554549177416871,0.06446897708496067
-0.19985371549177344,0.055574633070154617,0.0644585740547539
-0.20016593634587476,0.05561001980385115,0.06444594149168113
-0.20024907816993986,0.055619442997557104,0.06444257754490215
-0.20057348433713632,0.05565621079989092,0.06442945195987325
-0.20083968106372121,0.055686381214681634,0.0644186815488191
-0.20121068470693346,0.05572843031854622,0.06440367061389424
-0.20151446971272127,0.05576286094340552,0.06439137936814378
-0.20220058148646577,0.055840624021382596,0.06436361904994933
-0.20237869510766898,0.05586081120362378,0.06435641251161466
-0.20341463535172455,0.05597822341699893,0.0643144980132692
-0.20341463535172455,0.05597822341699893,0.0643144980132692
-0.20341463535172455,0.05597822341699893,0.0643144980132692
-0.20383049752219412,0.05601290539484709,0.06429659393405719
-0.2038569678606956,0.05601511296206222,0.0642954543087896
-0.20388854529132622,0.0560177464493746,0.06429409480831212
-0.20393436095337722,0.05602156737344317,0.06429212231044923
-0.2045265530772116,0.0560709548762725,0.06426662671251616
-0.20463584353589573,0.056080069456862544,0.06426192143954751
-0.20468405943323797,0.056084090555203046,0.06425984560455555
-0.2047429084970413,0.05608899843591965,0.06425731198073807
-0.20516207026374653,0.056123955592737376,0.06423926584428555
-0.20552741918948278,0.05615442487859458,0.06422353650757041
-0.20558281913416268,0.056159045110466134,0.06422115137838982
-0.2061893974663908,0.0562096323910013,0.06419503641223111
-0.20654074559868274,0.05623893404190016,0.06417990985050408
-0.20697005656487436,0.05627473761932731,0.06416142676141569
-0.20697611720395168,0.0562752430631141,0.06416116583322885
-0.20703881729238804,0.0562804721106992,0.06415846641157023
-0.20717128095824272,0.056291519285102364,0.06415276346445317
-0.2073420443465143,0.05630576057096548,0.06414541160259309
-0.2073907338055897,0.05630982116329872,0.06414331537938747
-0.2074218857759714,0.05631241916817491,0.06414197419621447
-0.20743098941178675,0.05631317839110526,0.0641415822581438
-0.20752746858412086,0.05632122453897661,0.0641374285484139
-0.208034829532727,0.05636353731092389,0.06411558517996645
-0.20823162693557457,0.05637994977555953,0.06410711247785622
-0.2082332352407827,0.05638008390462816,0.06410704323562673
-0.20826899233813367,0.056383065966826414,0.06410550378830782
-0.20863693062422328,0.05641375119956408,0.06408966297207816
-0.20873805254059116,0.0564221845419368,0.06408530937867803
-0.20899046807973262,0.05644323543513815,0.06407444215360192
-0.20923314464996493,0.056463474120045605,0.06406399421953897
-0.20949220920306894,0.05648507952618738,0.06405284073502135
-0.20970980262130307,0.05650322633214133,0.06404347270380159
-0.21002112105577053,0.056529189595488256,0.06403006953730397
-0.21022933709677116,0.056546554349087896,0.06402110522952123
-0.21025014715689275,0.05654828986170579,0.0640202092957449
-0.21045727005480258,0.05656556344960883,0.06401129205096014
-0.21049045382385848,0.05656833090196454,0.0640098633929289
-0.21063011502690446,0.056579978334922475,0.06400385057084566
-0.21079600447292923,0.05659381314486871,0.06399670854641312
-0.21098963827324213,0.05660996177210625,0.06398837204661799
-0.21116057642178365,0.056624217632586245,0.06398101266081864
-0.2112217247036845,0.05662931726296604,0.06397838004895688
-0.2114618648209317,0.056649344413349595,0.06396804131659198
-0.2115963563981032,0.056660560711035333,0.06396225106197875
-0.21160734474120824,0.05666147711435167,0.06396177798176292
-0.21182995815861427,0.05668004257704442,0.06395219382493905
-0.21198869927632388,0.05669328123234644,0.06394535955688706
-0.21208801144749245,0.056701563646004385,0.06394108387829549
-0.21220866665252752,0.05671162602110229,0.06393588931985356
-0.21222263104180691,0.05671279062003444,0.06393528811217092
-0.21227644610951726,0.056717278676700233,0.06393297121656583
-0.21264348953053497,0.05674788927968601,0.06391716892688719
-0.21274987816686947,0.05675676185476174,0.06391258858583324
-0.21303731266756418,0.056780733251281496,0.06390021369233692
-0.2130530717203368,0.05678204752114776,0.06389953521915714
-0.21316603599733977,0.056791468489994786,0.06389467177759596
-0.2135090943929334,0.05682007879533506,0.06387990211320903
-0.21366942824451501,0.056833450281090984,0.06387299927331898
-0.21375777674999685,0.05684081834947426,0.06386919561250841
-0.21383310563753527,0.056847100610748436,0.06386595248421925
-0.21405508204901927,0.056865612948567505,0.06385639575235802
-0.2141262184844688,0.056871545568684574,0.06385333312135769
-0.21432857620625312,0.056888421751522755,0.06384462103130174
-0.21446234520318988,0.05689957778762792,0.06383886188587488
-0.21487441300899857,0.05693394332392294,0.06382112116512698
-0.21487441300899857,0.05693394332392294,0.06382112116512698
-0.21487441300899857,0.05693394332392294,0.06382112116512698
-0.21487441300899857,0.05693394332392294,0.06382112116512698
-0.21499556759884564,0.05694060895860034,0.06381563095717885
-0.21506643884308072,0.05694450812431747,0.0638124193754395
-0.21508905542392748,0.0569457524343,0.06381139448870528
-0.21553622200627146,0.05697035446614718,0.06379113081130255
-0.21595224646341393,0.0569932431330287,0.06377227836184851
-0.21609769354430602,0.05700124528224439,0.06376568732208228
-0.21621425336571765,0.05700765812379314,0.06376040532939216
-0.21634630639099373,0.05701492336422396,0.06375442125095271
-0.21644090284077622,0.05702012783379317,0.06375013454434823
-0.21651869651054773,0.057024407854744635,0.06374660926788424
-0.21657353953818748,0.05702742518646365,0.06374412401638344
-0.21676256990052276,0.0570378251831939,0.06373555796866671
-0.21712106838439207,0.05705754890912861,0.06371931235033716
-0.21714995425969286,0.057059138140641306,0.06371800336598614
-0.21723367302899654,0.05706374414634464,0.0637142095893474
-0.2173686274215092,0.057071169013035494,0.06370809403335119
-0.21750913188001855,0.057078899231033445,0.0637017269720964
-0.2175669775633338,0.05708208176165924,0.06369910565307992
-0.21759022362590838,0.05708336070421524,0.06369805224092548
-0.2177344044160917,0.05709129318515612,0.06369151858403943
-0.2178387866017936,0.05709703604242299,0.06368678842972744
-0.21786296849777503,0.05709836647228638,0.06368569260960469
-0.21792776562114397,0.0571019314544556,0.0636827562810497
-0.2179334907971771,0.057102246439896504,0.06368249684055305
-0.21828365773978461,0.05712151178443254,0.06366662877204736
-0.21893451213077114,0.05715732023051764,0.06363713483413733
-0.21900056940773777,0.05716095454331255,0.06363414140080978
-0.21900747379367458,0.05716133440605142,0.06363382852356267
-0.2190375470303511,0.057162988963336506,0.06363246573307131
-0.2190639101293504,0.05716443939775352,0.06363127107015473
-0.21912663149034667,0.05716789017646028,0.06362842880627441
-0.2194079474848362,0.05718336750712143,0.06361568076832694
-0.21961991327302138,0.05719502935592083,0.06360607538518386
-0.2196377631892357,0.057196011415458624,0.06360526650330825
-0.21975547946722995,0.05720248788247225,0.0635999321049509
-0.22065147122976528,0.05725178319823836,0.06355932958958327
-0.22071376354977615,0.057255210372140104,0.0635565067680058
-0.2207969973439916,0.057259789695678354,0.06355273496836428
-0.22111713516270107,0.05727740290990847,0.06353822769134743
-0.2213171361649557,0.05728840648490986,0.06352916450114063
-0.22136990665766337,0.05729130979073244,0.06352677316806067
-0.2215435148394725,0.0573008612961142,0.0635189059876193
-0.22156368619833094,0.05730197107585318,0.06351799190788969
-0.2217512648862059,0.057312291204939664,0.06350949164385207
-0.22186389153164013,0.05731848765258852,0.06350438788587878
-0.2218646933648465,0.05731853176752657,0.06350435155022655
-0.22193523165909415,0.0573224126151347,0.0635011550563569
-0.22211545714891612,0.05733232818891714,0.06349298800781236
-0.2221765316309474,0.05733568836029691,0.06349022037344458
-0.22220513605876824,0.05733726210724493,0.06348892414308986
-0.22226211018097639,0.05734039668667097,0.06348634231949589
-0.22245649240946475,0.05735109113022873,0.06347753374809
-0.2233492432307294,0.05740020813718666,0.06343707809832232
-0.2236162070439888,0.057414895845291816,0.06342498043985748
-0.22390602492690992,0.05743084092944397,0.06341184713268083
-0.22412899945623072,0.05744310845275196,0.06340174288046348
-0.22437205978446587,0.05745648104849621,0.06339072842572731
-0.22441957276742086,0.057459095098753916,0.06338857534050794
-0.22445112903827213,0.05746083124901897,0.06338714534524932
-0.2246015123699372,0.057469104978901724,0.063380330615705735
-0.22493946135590634,0.057487698120795176,0.06336501621275022
-0.22516149583856648,0.057499913924992666,0.06335495455942783
-0.22548494545965667,0.05751770934663913,0.06334029720568854
-0.2257750138309006,0.05753366821205745,0.06332715254745222
-0.22580513120718487,0.05753532519779779,0.0633257877567426
-0.22595367016318932,0.057543497454559486,0.06331905660641728
-0.22604694215170815,0.05754862905544961,0.0633148299187338
-0.22611596236132284,0.0575524263816857,0.06331170221796831
-0.22611952429116966,0.05755262235051475,0.06331154080653867
-0.2262439624912851,0.05755946864154615,0.06330590179941407
-0.22639252373627872,0.057567642124594524,0.0632991696390471
-0.22639252373627872,0.057567642124594524,0.0632991696390471
-0.22639252373627872,0.057567642124594524,0.0632991696390471
-0.22639252373627872,0.057567642124594524,0.0632991696390471
-0.22639252373627872,0.057567642124594524,0.0632991696390471
-0.22639252373627872,0.057567642124594524,0.0632991696390471
-0.22639252373627872,0.057567642124594524,0.0632991696390471
-0.22676759630625656,0.05757831821827395,0.06328146019997062
-0.22709946596397054,0.05758776458102803,0.06326579063105237
-0.22738581842072814,0.05759591533877035,0.06325227020382505
-0.22746035073151696,0.057598036832038096,0.06324875108373258
-0.22747546422171103,0.05759846702355315,0.06324803748467137
-0.22751678104077241,0.05759964306858055,0.06324608666835323
-0.2278609180279943,0.05760943860951908,0.06322983788479242
-0.22791462491630296,0.05761096732640405,0.06322730205854805
-0.22800643577373167,0.057613580637515434,0.06322296711401641
-0.22835825941501472,0.05762359497194996,0.06320635539713898
-0.2286205053528146,0.057631059559934,0.0631939731841214
-0.22868423025717563,0.05763287343037702,0.06319096434689424
-0.22890288044806198,0.05763909710576087,0.0631806405521289
-0.22915324514845967,0.05764622350531503,0.06316881932401601
-0.2292089179150907,0.05764780817910757,0.06316619067679467
-0.2292984179367924,0.05765035571441802,0.06316196484076043
-0.22955194812277388,0.05765757221659055,0.06314999415097379
-0.2300852886882953,0.05767275326233026,0.06312481192489772
-0.2302949649442037,0.05767872150295784,0.06311491184374805
-0.23065904034321266,0.05768908457234045,0.06309772164746585
-0.23081266859199248,0.05769345745830189,0.063090467930905475
-0.23131749397392817,0.05770782684572368,0.06306663207869646
-0.23144244611374498,0.057711383492775235,0.06306073233426115
-0.23208794337353894,0.057729756975047695,0.06303025451393687
-0.23223339832913512,0.057733897215780774,0.0630233867078623
-0.2322337683731207,0.05773390774874045,0.06302336923585304
-0.23235484192312206,0.057737353995321455,0.06301765262304489
-0.23288526602488296,0.0577524520266186,0.0629926081008198
-0.23301601102797592,0.05775617356216363,0.06298643484035726
-0.2331301424442766,0.05775942220733185,0.06298104600756736
-0.23334204952699963,0.0577654539463807,0.0629710405956238
-0.23358864978415486,0.0577724731945409,0.06295939710958966
-0.23371941581172004,0.057776195328528075,0.06295322285643493
-0.23384667336644976,0.05777981759708211,0.06294721425945157
-0.2338750606956956,0.05778062561614454,0.06294587392235933
-0.2338876256511388,0.05778098326597587,0.06294528065500062
-0.23399817477140375,0.05778412994440185,0.0629400609640208
-0.23402736568057536,0.057784960836623385,0.06293868268507176
-0.234050014989948,0.05778560552825906,0.0629376132745188
-0.2340706968678081,0.05778619421877704,0.0629366367582783
-0.23482874206203205,0.05780777127387135,0.06290084487089738
-0.23493435589492484,0.05781077747390851,0.06289585820461208
-0.23520106880718014,0.057818369210187494,0.0628832650787784
-0.23547314178273182,0.05782611351570896,0.06287041887201587
-0.23560145743165103,0.05782976590193512,0.06286436031602169
-0.23597224330622413,0.05784031997879599,0.0628468532776996
-0.2359974506746826,0.05784103748321678,0.06284566308574283
-0.2361417157800568,0.05784514385596416,0.06283885145967634
-0.23625748230557297,0.057848439043003366,0.06283338542351473
-0.2367062912796123,0.05786121397520194,0.0628121944439046
-0.2368840202212712,0.05786627286508773,0.06280380278821882
-0.2369528843289711,0.05786823301819889,0.062800551298194
-0.23715663218854593,0.0578740325125099,0.06279093113240497
-0.23738245894392204,0.05788046046216204,0.06278026848872936
-0.2373856706585391,0.05788055188064707,0.062780116844304
-0.23740553941885842,0.05788111742652657,0.06277917872024864
-0.23743440937354038,0.057881939183075506,0.06277781559549758
-0.2376519211764761,0.0578881304552996,0.062767545550896
-0.23796451661412427,0.05789702819521241,0.0627527860342005
-0.23796451661412427,0.05789702819521241,0.0627527860342005
-0.23812601956268328,0.057897663985298255,0.0627449055160545
-0.23815253467997552,0.057897768367594984,0.06274361171389899
-0.23850835261543088,0.057899169119208165,0.06272624961789983
-0.2388238138812159,0.057900410998362954,0.06271085672104214
-0.2390251423578396,0.05790120356995732,0.06270103292074934
-0.23924861215617538,0.05790208330548868,0.06269012873716272
-0.23982529072784176,0.05790435352112161,0.06266198977134829
-0.23982581859333132,0.057904355599174354,0.06266196401421131
-0.24020390879577844,0.057905844030217965,0.06264351514545816
-0.24032844805757644,0.05790633430503125,0.06263743826623555
-0.24045270586748002,0.05790682347185036,0.06263137512042635
-0.2405329002876892,0.0579071391739336,0.06262746204274383
-0.240752091027415,0.057908002064057086,0.0626167666553391
-0.24081980682225113,0.05790826864142546,0.06261346247077319
-0.24084722959488822,0.057908376596897015,0.06261212437967759
-0.24110862348397183,0.05790940562853181,0.06259936969436343
-0.24111860611600602,0.057909444927247616,0.06259888259296006
-0.24128415133130565,0.05791009663056068,0.06259080483286471
-0.24139793303786267,0.05791054455601111,0.06258525286733586
-0.2414093310474414,0.057910589426656216,0.06258469670274497
-0.24151812717322638,0.05791101772532673,0.06257938800806717
-0.24162046541544285,0.057911420601189895,0.0625743944250892
-0.24183060090129546,0.05791224784341538,0.06256414088777514
-0.24186372308734524,0.057912378235818116,0.06256252469444536
-0.2419107830450471,0.05791256349716978,0.06256022840912098
-0.24198346302333276,0.05791284961708304,0.06255668199778396
-0.2420602714581583,0.05791315198952767,0.06255293413887605
-0.24266362836767627,0.057915527230009145,0.06252349340657737
-0.24271206673852078,0.05791571791777202,0.06252112986173929
-0.24274087043458237,0.05791583130953703,0.06251972438864105
-0.2429065339691392,0.05791648347863856,0.06251164085517089
-0.24362385304224585,0.05791930735497726,0.06247663935196286
-0.24372390128034704,0.05791970121576097,0.06247175750947721
-0.24380624105469142,0.057920025363478796,0.06246773974948182
-0.2438919721008137,0.05792036286164623,0.062463556512762794
-0.24398603581066253,0.057920733163084645,0.062458966684657745
-0.2440642035695183,0.0579210408867922,0.06245515249768722
-0.24432503043343917,0.057922067686214024,0.06244242548030188
-0.24476134012126718,0.05792378531042059,0.062421135798330835
-0.24489784465800454,0.05792432268903754,0.06241447507486808
-0.24492820514963692,0.05792444220945345,0.062412993638105686
-0.24505497810767013,0.05792494127767845,0.06240680776592739
-0.24507854786722033,0.05792503406495931,0.06240565768217047
-0.24527270583666122,0.05792579840835464,0.062396183765966326
-0.24528389516843446,0.057925842457495984,0.062395637783785395
-0.24531080215245743,0.05792594838245794,0.062394324860537004
-0.24567656113417705,0.05792738826907586,0.06237647769230742
-0.24594464645240963,0.05792844364291895,0.06236339649946321
-0.24613826221466756,0.05792920585180247,0.06235394904019735
-0.24628390688604404,0.05792977921246829,0.06234684232489653
-0.24686373747736656,0.05793206183668487,0.062318549556638764
-0.2473995859620259,0.057934171316153193,0.062292402890311335
-0.24776670407114132,0.057935616553259954,0.06227448940361388
-0.24780259426867424,0.057935757842517976,0.062272738145476215
-0.24781320716007518,0.05793579962238141,0.06227222029063819
-0.2480628284488298,0.05793678230871637,0.062260040048028306
-0.24811922368839837,0.057937004320354715,0.06225728824867892
-0.24832933285608752,0.05793783145897325,0.06224703599555667
-0.24859112925514742,0.057938862075172626,0.06223426166981365
-0.24902250800097436,0.057940560287696216,0.06221321259260099
-0.24918603495528216,0.05794120404570338,0.06220523331332293
-0.24932996398458468,0.05794177065238587,0.06219821031258346
-0.24958637471581183,0.05794278006677906,0.06218569877989446
-0.24958637471581183,0.05794278006677906,0.06218569877989446
-0.24958637471581183,0.05794278006677906,0.06218569877989446
-0.24958637471581183,0.05794278006677906,0.06218569877989446
-0.24958637471581183,0.05794278006677906,0.06218569877989446
-0.24958637471581183,0.05794278006677906,0.06218569877989446
-0.2497443447123455,0.057939862776497486,0.062177785412891914
-0.2498431326401576,0.057938038423341394,0.06217283671918202
-0.24984743803625006,0.0579379589140013,0.062172621044179685
-0.24999154118679803,0.057935297707887086,0.06216540232453968
-0.2501322226584193,0.0579326996911816,0.062158355010873634
-0.25044818827657994,0.057926864637390385,0.06214252699320219
-0.2508378126003516,0.05791966930107243,0.062123009107940566
-0.2511781075333436,0.057913384948836744,0.062105962334800334
-0.25123565268058373,0.057912322241344946,0.06210307966163885
-0.25145639592572233,0.05790824569429236,0.062092021724369464
-0.2514863234563863,0.05790769301152807,0.06209052253123899
-0.25150946169205946,0.05790726570918242,0.06208936344182524
-0.25153074314625007,0.057906872696706316,0.0620882973662346
-0.25154264961651673,0.057906652815521535,0.06208770092215666
-0.25195121094197376,0.057899107762597955,0.06206723440457527
-0.2523995236711949,0.05789082860581652,0.06204477657564518
-0.25242894773293384,0.057890285220798865,0.06204330260334439
-0.25253263462357495,0.05788837039668649,0.06203810850043245
-0.2527541624486707,0.057884279360506004,0.062027011260325296
-0.2528082278751347,0.05788328091430322,0.062024302900692795
-0.25287773368112143,0.057881997324907966,0.062020821068929484
-0.25307550184854605,0.05787834506710273,0.062010914047820456
-0.2531264090755424,0.057877404944536186,0.06200836389539187
-0.25321542216346216,0.05787576110695931,0.06200390486362511
-0.25337662399005606,0.057872784133278135,0.061995829600959354
-0.2540862715463622,0.0578596788097054,0.061960280435429595
-0.25431273344210087,0.05785549665421966,0.061948936027425565
-0.25435202149564107,0.05785477110722156,0.06194696792719577
-0.25444356924667055,0.0578530804610847,0.06194238192372643
-0.2546211045685909,0.05784980185071159,0.061933488449085056
-0.2546821216876885,0.05784867502503292,0.06193043185056982
-0.25469625034131327,0.05784841410596718,0.061929724088185575
-0.25474000394977747,0.05784760609191668,0.06192753228993869
-0.25497036068700424,0.057843352008954387,0.061915992773301454
-0.25515073046794384,0.05784002105357949,0.06190695730894706
-0.25548728369327905,0.057833805800841326,0.06189009797333645
-0.25575492220238927,0.05782886322162542,0.06187669085937128
-0.2561436101965222,0.057821685176852794,0.061857219878713246
-0.25625596537545453,0.057819610272258404,0.061851591545580134
-0.25632437145507486,0.05781834699191621,0.061848164803634705
-0.2567232298476727,0.05781098112663809,0.061828184345877335
-0.2567813370465912,0.057809908039530324,0.06182527351723505
-0.25684092166998723,0.05780880766827895,0.06182228867832268
-0.25685294497848116,0.05780858562939947,0.06182168638133727
-0.2569216832092151,0.05780731621509996,0.06181824300057612
-0.2570049126578039,0.05780577918612714,0.06181407369509688
-0.2573294729974865,0.057799785410438606,0.0617978151324664
-0.2575895484608962,0.057794982500781515,0.06178478688257415
-0.2577765528791138,0.05779152902110911,0.06177541906194412
-0.2577846682870055,0.057791379150873665,0.061775012527776674
-0.25782535361437015,0.05779062779990368,0.06177297443235273
-0.25787167809491335,0.0577897723086088,0.06177065384854705
-0.25787419678566054,0.057789725795016345,0.06177052767696582
-0.2582552493165021,0.05778268875716493,0.06175143918807575
-0.25842331809432,0.05777958496895879,0.06174301993157308
-0.2586429115352294,0.05777552965576565,0.061732019592727734
-0.25867467281357615,0.05777494310850551,0.06173042853963194
-0.2587630851104343,0.057773310365959105,0.06172599960396106
-0.25882547609235573,0.05777215816864815,0.06172287418300501
-0.2589719190026644,0.0577694537533261,0.061715538255173
-0.2592521806760197,0.05776427805747297,0.061701498794980096
-0.2594888286823822,0.05775990779131949,0.06168964412279006
-0.25957768177346374,0.05775826690846333,0.06168519310592314
-0.2598198657267005,0.05775379440793389,0.06167306111537972
-0.2603372730829006,0.05774423925515184,0.06164714205233438
-0.26055547779930277,0.05774020958804718,0.06163621128041271
-0.2605576225098704,0.05774016998088485,0.06163610384303721
-0.26074248465827776,0.057736756063300414,0.0616268433375151
-0.26104200744023115,0.05773122466543957,0.061611839009153825
-0.26125452335329524,0.05772730005556765,0.06160119321279465
-0.26125452335329524,0.05772730005556765,0.06160119321279465
-0.26125452335329524,0.05772730005556765,0.06160119321279465
-0.26125452335329524,0.05772730005556765,0.06160119321279465
-0.2613088614983729,0.0577251966446203,0.06159841428428847
-0.26143433134406663,0.05772033974995417,0.061591997581429636
-0.26149747475382223,0.05771789549023306,0.061588768339410134
-0.26151508820135777,0.057717213679723815,0.06158786756314369
-0.2619587673326532,0.057700039012820024,0.06156517719372108
-0.26198732298319605,0.057698933633387677,0.06156371681793548
-0.26246021233597816,0.05768062824883495,0.061539532597056495
-0.262738101080134,0.05766987127091883,0.06152532097920359
-0.26286724436919684,0.05766487217852059,0.06151871641132876
-0.26287154185305867,0.057664705824395174,0.061518496632011824
-0.26315964915892426,0.05765355328946223,0.06150376242266473
-0.2646431419665273,0.05759612779200787,0.06142789453196179
-0.26474068287026487,0.057592352017099786,0.06142290615413758
-0.2649547413922052,0.057584065885179385,0.06141195890285104
-0.26500473690251797,0.05758213057613341,0.06140940206274194
-0.26512879595689126,0.05757732829271512,0.06140305750971838
-0.26525263947643535,0.057572534352576095,0.061396723979446524
-0.26550671299074396,0.05756269925403408,0.061383730305654985
-0.2655776600362313,0.05755995291825197,0.06138010197482309
-0.26591911307301846,0.057546735388383063,0.06136263959041355
-0.2660425984294354,0.05754195531261577,0.061356324377103415
-0.26621252417298336,0.05753537754540077,0.06134763413764082
-0.26626542895518945,0.05753332961943825,0.06134492851331052
-0.26628359630259085,0.05753262636765529,0.0613439994098326
-0.26688093749560493,0.05750950349507849,0.06131345054831356
-0.2670366758573656,0.05750347491654343,0.06130548587133787
-0.2673073980234313,0.057492995354405635,0.06129164076228128
-0.26731156345946605,0.05749283411180629,0.06129142773607435
-0.26762854379621626,0.05748056391175689,0.06127521691966843
-0.2677744747941858,0.057474914972908346,0.061267753804952016
-0.26800525838649547,0.057465981419253916,0.06125595121024603
-0.2681987073105242,0.05745849307779555,0.06124605796253388
-0.2682257262165653,0.05745744718521546,0.06124467617800487
-0.268254316250153,0.05745634047482725,0.061243214043822415
-0.2684441463613887,0.05744899221637015,0.061233505867242424
-0.2684734777529627,0.057447856808268714,0.06123200581897883
-0.26852427395581746,0.057445890504689234,0.06122940803033668
-0.26863954008911844,0.057441428592227964,0.06122351315955725
-0.26889288425892,0.05743162172636151,0.06121055678546078
-0.2689294855620286,0.057430204902479576,0.06120868494378443
-0.269100541517065,0.05742358338516574,0.06119993690373039
-0.2691326696431889,0.05742233971642971,0.061198293826562264
-0.26917012936347207,0.05742088966351355,0.06119637808423467
-0.2693433003627854,0.05741418627356163,0.061187521877867176
-0.2693567789981343,0.05741366452021308,0.061186832561661374
-0.26941466747418785,0.057411423677172106,0.06118387206427865
-0.2694447278078583,0.05741026005197229,0.06118233473689984
-0.269643255087926,0.057402575129094524,0.061172181774978795
-0.26987289115795876,0.05739368599563361,0.06116043786616211
-0.26998297858494674,0.057389424549116407,0.06115480784164451
-0.26999839727920566,0.05738882769675327,0.06115401930812091
-0.2703270818912163,0.0573761044282254,0.06113720991875821
-0.27038330405874433,0.05737392808741558,0.06113433463871692
-0.27046805946248204,0.05737064723482456,0.06113000012919028
-0.2705556399888032,0.0573672570227079,0.06112552113895549
-0.27060877367024194,0.057365200236134645,0.06112280380839926
-0.2708623810857257,0.05735538318011818,0.06110983397155155
-0.2709898278797364,0.05735044975846118,0.06110331616479921
-0.2712432994779566,0.05734063795988437,0.06109035327383572
-0.27145749476566405,0.05733234653380806,0.06107939902815715
-0.27153481230215204,0.05732935359850564,0.06107544490153272
-0.27187896440622,0.057316031588668596,0.061057844483058975
-0.27189890023790975,0.05731525987946577,0.061056824936828645
-0.2719171037470175,0.057314555227875576,0.06105589398399064
-0.2719291674354386,0.057314088246636995,0.06105527703014367
-0.2720771116205516,0.05730836137800504,0.061047710958229626
-0.27215441613566804,0.05730536894675544,0.061043757497536294
-0.2721680559449553,0.057304840954419053,0.06104305993867055
-0.27234716075857424,0.057297907868551816,0.061033900268765595
-0.2726524017775611,0.05728609209346416,0.061018289817438925
-0.2727369454277117,0.05728281943778182,0.06101396613728599
-0.2728154338056862,0.05727978117960728,0.06100995213219537
-0.2729657139604816,0.05727396388639062,0.06100226659553459
-0.2730530465213928,0.05726900694401413,0.06099772555354729
-0.27311422463040536,0.05726553451222106,0.06099454446783502
-0.27396312975430387,0.05721735118015833,0.060950403842956476
-0.27398278648080754,0.05721623547646692,0.06094938174971364
-0.274077914690599,0.057210836057860676,0.06094443535640589
-0.2742428987035224,0.057201471666887015,0.06093585666224986
-0.27426702850798496,0.05720010207404525,0.06093460198181834
-0.2743348881135999,0.057196250404619606,0.060931073477499625
-0.2746125242029402,0.057180491951161524,0.06091663719937229
-0.27473999732509086,0.057173256655248306,0.060910008963650134
-0.27486212841691754,0.05716632456968656,0.060903658498140424
-0.2751172260018876,0.057151845387856955,0.06089039415741661
-0.2753737857379815,0.05713728321522997,0.06087705378903969
-0.2759012194666399,0.05710734640159369,0.060849628752119085
-0.27595941311524974,0.057104043365935206,0.06084660284976406
-0.276191511462614,0.057090869606668794,0.06083453440324687
-0.27621113565179173,0.05708975574977596,0.06083351400185141
-0.2762548862593926,0.05708727249223088,0.060831239096088736
-0.27626583126307525,0.05708665126056197,0.06083066998737653
-0.2763135725852627,0.05708394149251451,0.06082818757593318
-0.2763676317209616,0.05708087312926274,0.06082537665635811
-0.27637986255485986,0.057080178914662626,0.06082474068817291
-0.27664936030340226,0.05706488238841651,0.060810727580360116
-0.276703486795921,0.05706181020203313,0.06080791315842414
-0.2770124523086416,0.057044273509797155,0.06079184784038863
-0.2772831561295858,0.05702890852762423,0.060777772020279765
-0.2773459442265276,0.057025344713907765,0.06077450721982572
-0.27736890485688864,0.05702404148266801,0.06077331333308478
-0.27831495033058445,0.05697034452417141,0.06072412168940535
-0.27848434966626556,0.05696072952219705,0.06071531341116498
-0.2784879993462811,0.056960522368606895,0.06071512363830114
-0.2787781386065853,0.05694405424286457,0.060700037231244466
-0.2790545122006698,0.05692836744785974,0.06068566659923933
-0.2793755511558251,0.056910145474466205,0.06066897349692204
-0.27942110620615895,0.0569075597978628,0.06066660476532707
-0.27942725483970215,0.056907210805209316,0.06066628505406711
-0.27957539637478185,0.05689880238290619,0.06065858212031775
-0.27960906770761135,0.05689689121879015,0.060656831307853855
-0.2798071299015426,0.05688564933063257,0.06064653264342267
-0.2798903214800431,0.05688092742786763,0.0606422069206107
-0.28001043082669863,0.056874110095316774,0.060635961580035085
-0.2800140146693746,0.05687390667861347,0.06063577523052355
-0.28010847829359925,0.056868544981474735,0.06063086339375383
-0.2801620029030105,0.05686550695760589,0.060628080268008346
-0.2802224045027661,0.05686207860000007,0.0606249395585441
-0.2803216041443976,0.05685644808942983,0.06061978146249064
-0.280422413259101,0.05685072622615918,0.0606145396784665
-0.28045907082355526,0.05684864556537508,0.060612633590546916
-0.28060207314804575,0.05684052884150019,0.06060519788096714
-0.2807890464069358,0.056829916354466804,0.060595475809264845
-0.2808261824210421,0.0568278085371751,0.06059354484333944
-0.2810658175462568,0.05681420699503917,0.060581084506050806
-0.28110148974622307,0.05681218226293661,0.060579229654250555
-0.28127398661674924,0.05680239144679196,0.060570260313107166
-0.2814865373330965,0.05679032719902432,0.060559208287181275
-0.2816062592328089,0.05678353185772336,0.060552983092732354
-0.2818083560978398,0.056772060964118784,0.060542474637008244
-0.2819911590047934,0.056761685183693136,0.06053296941161215
-0.282309467942133,0.056743618164429625,0.060516418262369386
-0.28285168199776645,0.05671284242853621,0.06048822469095627
-0.2829799133065433,0.05670556409841699,0.060481557031710195
-0.283087258032174,0.05669947127789484,0.060475975414715125
-0.2831451411802618,0.05669618586605477,0.0604729656574942
-0.2839799926113678,0.056648800212940456,0.06042955578422057
-0.2841629898306491,0.056638413403466745,0.060420040455142314
-0.28471700322891164,0.05660696794415194,0.06039123335184897
-0.2849130494992811,0.056592740218622734,0.06038091347424918
-0.2849186412443087,0.056592334407212334,0.060380619124735954
-0.2849603837196687,0.05658930501786862,0.06037842180042259
-0.28520395914485275,0.05657162794454993,0.06036559998764606
-0.2852701708007708,0.056566822745932985,0.060362114605427536
-0.28621964139392786,0.056497916528171065,0.060312134464068516
-0.28623207737921985,0.056497014007633004,0.06031147983368048
-0.28659239926808244,0.056470864257743655,0.06029251248590805
-0.2869498234992111,0.0564449248004492,0.06027369767086723
-0.28750325773910307,0.0564047602492501,0.06024456488703793
-0.2875811416891486,0.05639910795368595,0.060240465075141775
-0.2876936018621661,0.05639094634738941,0.06023454517052842
-0.28773957709068293,0.056387609773165134,0.06023212503404726
-0.28786229641660926,0.0563787036262483,0.06022566508752392
-0.28800062520900344,0.05636866464878006,0.06021838345853224
-0.28861343705388776,0.056324190868617716,0.06018612503699234
-0.2887427694437698,0.05631480478980168,0.06017931697871735
-0.2888907210689369,0.05630406745156765,0.06017152880371389
-0.2891817889783238,0.0562829436917669,0.06015620698610197
-0.2892912420701777,0.05627500031928506,0.06015044537427063
-0.28995633663875997,0.05622673220913474,0.06011543478964122
-0.29027015129345296,0.05620395764287751,0.06009891558313275
-0.2905152537106648,0.05618616975070254,0.06008601338948086
-0.2906903745753135,0.056173460650998874,0.060076795025443955
-0.29072727095462414,0.05617078295885577,0.060074852799674276
-0.29084273127530663,0.05616240362193144,0.06006877496725834
-0.2909601902475991,0.05615387923625671,0.060062591925802
-0.2909650492933184,0.05615352659925578,0.06006233614558757
-0.2912034417836098,0.05613622566864538,0.06004978716255475
-0.29120981524448525,0.056135763125533304,0.0600494516635116
-0.2914270121458345,0.056120000428837434,0.060038018416489085
-0.2920411831327246,0.056075428011249456,0.06000568844970064
-0.29235625576409935,0.05605256214946838,0.05998910302328726
-0.2925117039874247,0.05604128075833909,0.05998092022728304
-0.29260125496916956,0.05603478174773953,0.05997620626272353
-0.29264747067483127,0.05603142772129437,0.0599737734675231
-0.29291483763820547,0.05601202401744785,0.05995969926794232
-0.29291993393215743,0.056011654162558856,0.05995943099897858
-0.2929790518740236,0.05600736377820654,0.05995631902993749
-0.2930351430560602,0.056003293055814724,0.0599533663895636
-0.29314774839983987,0.05599512091399637,0.059947438843159895
-0.2932764995386229,0.055985777018492895,0.05994066138194847
-0.2934854242765085,0.05597061466002877,0.05992966358169202
-0.29354526288485,0.05596627197452943,0.059926513676760586
-0.293966466822065,0.055935703813251886,0.059904341497364295
-0.2939692211795265,0.05593550392043119,0.05990419650796044
-0.2940100864443435,0.05593253819315466,0.05990204536001868
-0.29532966194251636,0.05583677223970049,0.05983258289282075
-0.2954911610109825,0.05582505171874884,0.05982408158026883
-0.29650570933850157,0.0557514225948035,0.05977067574633314
-0.29650570933850157,0.0557514225948035,0.05977067574633314
-0.29672392514016876,0.0557326295816134,0.059759094817722194
-0.2967704850701462,0.05572861978318675,0.059756623836147625
-0.2972822704300195,0.05568454419862727,0.05972946288047191
-0.2973980388745223,0.055674574077820636,0.05972331893452049
-0.2978588037366702,0.055634892441267646,0.05969886568716535
-0.2980387017763212,0.05561939940086358,0.05968931832011616
-0.29821990814683796,0.055603793685396447,0.05967970151865279
-0.2983223607981073,0.05559497033707816,0.05967426425502986
-0.29904193525301825,0.055532999700125735,0.05963607572638564
-0.29973003990803965,0.05547373928103974,0.05959955733117419
-0.29980239037007794,0.05546750837027615,0.059595717620532555
-0.29993310447218313,0.0554562511110574,0.059588780493737156
-0.30014158548520414,0.055438296469836855,0.05957771619999633
-0.3004019867065091,0.0554158703964301,0.059563896449404956
-0.30070832762139393,0.05538948794011799,0.05954763863379861
-0.30125050575310136,0.05534279489267269,0.05951886470363521
-0.3015692610422776,0.05531534329518005,0.059501948044895975
-0.3018627566104945,0.05529006709591953,0.05948637194455318
-0.302133242270112,0.05526677253828398,0.05947201700283776
-0.3029379893336066,0.05519746673153947,0.05942930827954183
-0.3029618814669294,0.0551954091116364,0.05942804030037506
-0.30298141067424733,0.05519372723228617,0.05942700386601031
-0.30385436798907295,0.05511854707481558,0.059380675157153465
-0.30395450647040095,0.05510992302565849,0.05937536070882017
-0.3040647161536629,0.05510043163220579,0.059369511771830544
-0.30407186257318786,0.055099816173768,0.059369132504271956
-0.30418985574052504,0.05508965445709502,0.05936287049007742
-0.3048327479202948,0.05503428779197767,0.059328751565684366
-0.3052116738728663,0.055001654222958656,0.05930864159027452
-0.30524934360076367,0.05499841005966785,0.05930664242052494
-0.30531741965008896,0.05499254726658355,0.059303029557197316
-0.30563866460636324,0.05496488125589876,0.059285980769360605
-0.30603716951928883,0.05493056152273685,0.05926483171914314
-0.30615552687234854,0.05492036844194159,0.05925855037725179
-0.3065754778565444,0.05488420174674863,0.05923626316280209
-0.30665907731690034,0.054877002058416474,0.05923182645668411
-0.3068863968456629,0.05485742502105363,0.059219762384264234
-0.3069119303736634,0.05485522604222242,0.05921840729465706
-0.3069497561668659,0.05485196843839561,0.05921639984236725
-0.307053447292075,0.05484303843117862,0.05921089685170634
-0.3070859225497948,0.05484024162204739,0.059209173357631206
-0.3074365407484019,0.0548100459516112,0.059190565702746695
-0.3076558168145485,0.05479116162714028,0.059178928504850244
-0.30803529040099714,0.054758480895218314,0.05915878946596842
-0.30832917106076313,0.05473317153140002,0.05914319292843591
-0.30857080948949206,0.05470961846273403,0.05913030808856775
-0.30860077258691115,0.054706697888822556,0.05912871037203636
-0.3086780894965808,0.054699161626928824,0.059124587617202067
-0.3088829884266651,0.05467918964401514,0.05911366183061596
-0.3089491129381088,0.054672744331625354,0.05911013588589851
-0.3089688782153767,0.05467081776334255,0.05910908194578688
-0.30904369778036045,0.054663524923536856,0.05910509235638717
-0.30919763897932717,0.054648519911093846,0.05909688377918265
-0.30948361998766594,0.054620644666406974,0.059081634468395615
-0.30950350595513926,0.05461870633416466,0.05908057409274318
-0.3095094082211594,0.05461813102634798,0.05908025936733742
-0.30952771367042126,0.054616346750950666,0.059079283269356256
-0.3098655427891092,0.054583417748425365,0.059061269271665606
-0.30991689328765676,0.054578412493985144,0.05905853111882123
-0.31007499188708965,0.05456300224989431,0.059050100857344245
-0.31037807460522343,0.05453346006114053,0.059033939635346144
-0.31039854969569414,0.0545314643056875,0.059032847846000436
-0.3109474598886573,0.054477960732045146,0.05900357841242758
-0.31127908887750855,0.0544456360708266,0.058985895023078196
-0.3113104995281377,0.05444257440048301,0.05898422011894296
-0.3115185490553918,0.05442229532141799,0.05897312633366461
-0.3116567363363048,0.054408825880595896,0.058965757799629086
-0.31187188965265916,0.054387854378420246,0.058954285220358844
-0.311919293703487,0.054383233793565154,0.058951757503193855
-0.3122137682733484,0.05435453066136547,0.058936055291844994
-0.3124865890620843,0.054327938174382306,0.05892150772093892
-0.31275990027974865,0.054301297884132564,0.05890693399898459
-0.31278620798570317,0.05429873360986522,0.05890553119819539
-0.31300997803864655,0.05427692221401196,0.05889359915032274
-0.3130349546929511,0.05427448768049436,0.058892267324946915
-0.3132932932978498,0.05424930680619278,0.05887849198476865
-0.31337980873081284,0.05424087394249654,0.05887387873883042
-0.314075188411133,0.054173093641798245,0.05883679914070678
-0.3142433578387553,0.05415670177028534,0.0588278318743782
-0.3143353513955978,0.05414773494090916,0.05882292651948472
-0.31441035973986103,0.05414042370034098,0.05881892686384347
-0.31454992394226533,0.054126820047727314,0.05881148490848577
-0.31455705181585353,0.05412612527704473,0.058811104830241316
-0.3145931187570603,0.054122609747055225,0.058809181639611297
-0.3147897164657137,0.0541034469038111,0.058798698497472976
-0.314873563625794,0.054095274122978154,0.05879422753134099
-0.3151142142708363,0.05407181733592235,0.05878139536287404
-0.3153540711855927,0.05404843791563318,0.0587686055183358
-0.3156574078104059,0.05401887097799534,0.05875243075732024
-0.31580019285451716,0.0540049533823293,0.05874481705763423
-0.3160252442153323,0.053983017094369916,0.058732816686826214
-0.31616900905855844,0.05396900399536877,0.0587251507414988
-0.3161692142321429,0.05396898399661464,0.05872513980106687
-0.3162644848420928,0.053959697745128064,0.058720059704495293
-0.3162843072251361,0.053957765610610386,0.05871900271934329
-0.31660850342741437,0.053926165440663594,0.05870171566705532
-0.31695101526971414,0.053892780002002066,0.05868345197338626
-0.31711497340777656,0.053876798614834284,0.05867470926484801
-0.3171388932049456,0.05387446709567915,0.058673433794063735
-0.3171478309282473,0.05387359591466812,0.05867295720954804
-0.31740222500383125,0.053848799522960206,0.05865939220275443
-0.31783232767087743,0.05380687639962404,0.058636457920236085
-0.3178925161410677,0.05380100968720272,0.05863324850191471
-0.317902265184576,0.05380005942489392,0.058632728655526316
-0.3180953421721363,0.05378123975465459,0.05862243324812764
-0.31815868666832775,0.053775065416920904,0.05861905554163348
-0.31816875738205774,0.05377408380065545,0.058618518542885176
-0.31828022867225814,0.0537632184305809,0.058612574580529174
-0.31836730257973145,0.0537547311310544,0.05860793155516111
-0.3184205516826685,0.05374954081515773,0.05860509216339682
-0.318810571283536,0.053711524683002616,0.058584295222574724
-0.319489458682429,0.05364535192394808,0.05854809503922947
-0.3198168109231929,0.05361344412747203,0.05853063969810301
-0.3199447819060671,0.05360097049336199,0.058523815925780126
-0.3203785704333879,0.053556906710662835,0.05850066331552759
-0.32056199747391856,0.053537341100445966,0.058490861843129294
-0.3213869927286281,0.05344934134022679,0.05844677800361269
-0.3218428678461182,0.0534007145138299,0.058422418196202495
-0.3219332438890624,0.053391074373400904,0.05841758892845755
-0.32226368532373945,0.05335582718033881,0.058399931703045915
-0.3223435711525355,0.05334730599947282,0.05839566298266699
-0.32249015566504935,0.053331670270807194,0.05838783020049231
-0.3230170799832516,0.05327546484005987,0.05835967386026075
-0.3231756194137642,0.053258553916280905,0.058351202263882615
-0.32322323304908124,0.05325347511313975,0.05834865801669315
-0.32384598838501977,0.053187047676224244,0.05831538092069665
-0.32385269975680253,0.053186331794400375,0.05831502229677134
-0.32392035395533314,0.05317911532471218,0.05831140717678899
-0.32427311716719914,0.05314148713487576,0.05829255718131266
-0.3245366608756809,0.05311337572087517,0.05827847465358417
-0.3245786103599535,0.05310890109567431,0.05827623307180304
-0.32463347867830544,0.05310304845733362,0.05827330116870788
-0.3247210836206934,0.053093703901858726,0.058268619975453684
-0.3250012422070776,0.05306382022885041,0.058253649627332454
-0.3253152616539701,0.053030324719787844,0.05823686991517911
-0.32547285620321664,0.05301351458364902,0.058228448808781204
-0.3256093359825145,0.05299895669645583,0.058221155975697034
-0.32598969399025696,0.05295838505281582,0.05820083144500858
-0.3262092600864499,0.052934964598326,0.05818909887261788
-0.3274268007838161,0.05280509319747407,0.05812403926360652
-0.32757823762653276,0.052788939885353374,0.05811594719588479
-0.3280860927862125,0.052734768504339044,0.058088809821179664
-0.32809594094363415,0.05273371803103418,0.05808828358228455
-0.3284617901662297,0.05269469399582793,0.05806873433236571
-0.3285381915179894,0.052686544493637584,0.05806465180593831
-0.32867092160460404,0.05267238657487468,0.05805755933867387
-0.32886108090485455,0.05265210285478057,0.05804739812619782
-0.32904669927811203,0.05263230350169862,0.05803747955935601
-0.329306355715445,0.05260460673120906,0.058023604748988926
-0.33012042340638004,0.0525177725813209,0.05798010482673122
-0.3301450955266496,0.052515140880525744,0.057978786465462735
-0.330288515599088,0.0524998426931566,0.05797112277597998
-0.3304432022061455,0.0524833427384569,0.05796285705624164
-0.3310038894313426,0.052423535920061715,0.05793289658614984
-0.3314892821051122,0.05237176054479739,0.057906959500317115
-0.33209062403339945,0.052307467236929445,0.05787482630264642
-0.3321827659419737,0.05229697466481624,0.05786990120192307
-0.33314168810040096,0.052187778316987905,0.05781864560835896
-0.3336122228219768,0.052134196623551204,0.0577934949366022
-0.3336483067980843,0.05213008759512649,0.05779156620276568
-0.3337707750483271,0.05211614163972864,0.05778502012099691
-0.3340023066125333,0.05208977620328929,0.057772644468137166
-0.3347339458291033,0.052006461484075305,0.057733537433232916
-0.33611708382924166,0.05184895796115597,0.05765960697020718
-0.33618255385278534,0.051841502624557084,0.057656107515232764
-0.33634458216792384,0.051823051804433244,0.05764744689831654
-0.3365165705782748,0.051803466787949816,0.057638253901803514
-0.3365903096293284,0.05179506982371594,0.0576343124569246
-0.33673970986906065,0.051778057013656155,0.05762632682649694
-0.3376373040452013,0.051675844331422076,0.05757834929060056
-0.337755815795193,0.05166234891872344,0.05757201468873871
-0.33828600718604257,0.05160197387887062,0.05754367529309356
-0.3383856075208622,0.05159063198556968,0.05753835153012124
-0.3387805635266951,0.051545656746431856,0.057517240635631246
-0.33882989685983866,0.051540038960089005,0.05751460370702287
-0.33919614674436493,0.05149833260318469,0.05749502719076531
-0.33941778307655435,0.051473093976870284,0.05748318045048311
-0.3400461978306564,0.05140153384504275,0.057449590892725076
-0.3402994817924281,0.051372691375040476,0.057436052546899215
-0.340528914769392,0.05134656491322533,0.05742378906616293
-0.3405301746594229,0.051346421444447565,0.05742372172345863
-0.3407077665327462,0.05132619833895306,0.05741422921481301
-0.34089653844862006,0.051304702116757306,0.05740413911885338
-0.3410512040639546,0.051287089717063826,0.05739587204748762
-0.3413418065324766,0.051253997637635246,0.057380338980612074
-0.3414436312796715,0.051242402441492876,0.057374896320004934
-0.3417522501533699,0.051207258761077734,0.05735840025364805
-0.3418243194862515,0.05119905193441101,0.05735454805730223
-0.34196175944765933,0.05118340108965838,0.0573472017187705
-0.34251888514036255,0.05111995893182535,0.057317422650867686
-0.34273900418551934,0.05109489308512722,0.057305657011482755
-0.3431825715443836,0.05104438227444444,0.057281947779128026
-0.3431901503744265,0.05104351924238889,0.05728154268114488
-0.3437536436455618,0.05097935198262431,0.057251423258178585
-0.3438052864305772,0.05097347120964831,0.057248662886467495
-0.34431172748761646,0.05091400529269734,0.05722160056322781
-0.34433997772838465,0.050910635043365945,0.05722009120012516
-0.3450730869542698,0.05082317522669927,0.0571809224006504
-0.34535661754995517,0.05078935007071642,0.057165773835259
-0.34536055857657616,0.050788879906853275,0.05716556327279983
-0.3454721866318416,0.05077556269721567,0.05715959917255655
-0.34583090616576684,0.050732767512590926,0.057140433387983275
-0.34591965156042415,0.050722180200806155,0.05713569187001446
-0.34596620865823036,0.05071662594627643,0.05713320440216695
-0.34662982030163847,0.050637457180394,0.05709774874225709
-0.347285201928092,0.05055927025425469,0.0570627327983846
-0.347341962382276,0.05055249874089547,0.057059700182275665
-0.34786077028616785,0.05049060503862373,0.057031981143916916
-0.3479280941487895,0.05048257331228026,0.05702838414256734
-0.3480506295649264,0.050467954856186534,0.05702183728028031
-0.3487557659166828,0.05038383219905429,0.056984163024672685
-0.34911500497917664,0.050340975034752086,0.05696496948255713
-0.3500355329653933,0.05023115618911712,0.056915787212262425
-0.35027795864497685,0.050202234843234356,0.05690283481377136
-0.35034851762137276,0.0501938171683206,0.05689906496570506
-0.35036400793056777,0.05019196917684202,0.05689823734439948
-0.3506272565196687,0.05016056366109131,0.056884172412688845
-0.35084323012589375,0.05013479804344753,0.056872633304224
-0.3511446273908168,0.05009884139660247,0.056856530152585495
-0.35123758471132943,0.050087751602718014,0.056851563598464626
-0.35137429422346295,0.05007144217917564,0.056844259437941226
-0.35176339367488685,0.05002502267511668,0.05682347050520046
-0.3519105364234749,0.050007468568087396,0.0568156089143077
-0.3519218764454208,0.05000611570523236,0.05681500303590657
-0.3521816255617497,0.04997512767603926,0.05680112507517166
-0.3525655404494123,0.049929326689630946,0.05678061314499908
-0.3527897027866594,0.04990258415764939,0.05676863652633517
-0.3535415787721448,0.049812885469480206,0.05672846505029105
-0.35439057299728677,0.04971160059041961,0.056683104709177264
-0.35455312603499634,0.04969220803829408,0.05667441977231759
-0.3550607685311445,0.049631646367430206,0.05664729728301528
-0.35511767962711066,0.04962485688252979,0.05664425661836794
-0.35515334062189813,0.049620602531396094,0.05664235131107595
-0.3552156837259557,0.04961316500877493,0.05663902042332383
-0.3555631983171239,0.049571706572079,0.056620453300096615
-0.35560106840884304,0.049567188676024825,0.05661842996445131
-0.3560837961525112,0.049508958486123536,0.056592645439166894
-0.3562113422623204,0.049493261087442064,0.05658583597742786
-0.35623702777177535,0.049490099911590806,0.05658446467340186
-0.35636213443059866,0.04947470274185985,0.056577785449646395
-0.3563980558770593,0.049470281805249934,0.05657586766700566
-0.35662787728291223,0.049441997146167774,0.056563597907682485
-0.356823711175752,0.04941789540997333,0.05655314268170583
-0.35696030952838,0.04940108393055117,0.05654584993669599
-0.3570693612364719,0.0493876626812369,0.05654002785843003
-0.35720043758790093,0.049371530807444976,0.05653302992332026
-0.35740960639264396,0.04934578791238774,0.05652186276992743
-0.3578766077671614,0.04928831295865093,0.05649693039059724
-0.3579016830317239,0.0492852268870689,0.05649559166646924
-0.3580749846993319,0.04926389824464558,0.05648633939623808
-0.3582522694546741,0.04924207939427911,0.05647687447598122
-0.35841464779851356,0.04922209511091447,0.05646820538273113
-0.35868313972639915,0.04918905118004837,0.05645387107247336
-0.35916774939148094,0.04912940913272085,0.05642799861758095
-0.3598921543561751,0.049040254915829015,0.056389323914777155
-0.36018319700715723,0.04900443561461621,0.056373785661205524
-0.3603411807968792,0.048984992179326926,0.05636535118544528
-0.3603429515046358,0.04898477425417307,0.056365256650482684
-0.36039372339738174,0.048978525638331806,0.056362546028719394
-0.361066100082171,0.04889577466379367,0.056326649023972324
-0.36144291304298887,0.04884939940951777,0.05630653164490604
-0.36249485005170423,0.04871993505628664,0.056250370584224246
-0.3625404411622984,0.0487143240514477,0.0562479365552782
-0.36291796178559055,0.04866786170349246,0.05622778139536113
-0.36293968943027705,0.04866518763133484,0.0562266213947512
-0.3632405538763085,0.048628159538784625,0.056210558772873113
-0.36340484881880886,0.048607939375130596,0.05620178735580248
-0.3646396572831305,0.04845596860323717,0.056135863110794826
-0.3649706581514414,0.04841523155056218,0.05611819155850898
-0.36531373035414766,0.04837300885046991,0.05609987553898044
-0.3656002032857027,0.048337751955337675,0.05608458125466545
-0.3658200790596273,0.04831069132848787,0.05607284247508119
-0.3659066271104232,0.048300039657021926,0.05606822182736904
-0.36595957095856,0.04829352373354,0.05606539524874
-0.36602115100685045,0.04828594493266332,0.0560621075986239
-0.3673528026357353,0.048122055445522546,0.05599101306794649
-0.36747789649440127,0.048106659851136956,0.05598433452756883
-0.3676892252677546,0.04808065112368023,0.055973052057263314
-0.36796880998488884,0.04804600009903083,0.055958129973920974
-0.36818760717983656,0.0480185636922442,0.05594645813627427
-0.3681932580989917,0.04801785508664852,0.05594615668537609
-0.36855333779296817,0.04797270234617621,0.05592694806741838
-0.3690888464936159,0.047905551418796814,0.055898381107892886
-0.36944581380851776,0.04786078895982873,0.05587933852123764
-0.36964132685108975,0.04783627230471632,0.05586890878747775
-0.36974304805831154,0.047823516819341695,0.05586348242259129
-0.36996970994168465,0.04779509420799727,0.05585139103949992
-0.3708422217505224,0.04768568426369186,0.05580484649316774
-0.3709467584474172,0.04767257572571073,0.05579926993468137
-0.37183534617395275,0.04756114991727355,0.05575186781107799
-0.37221323021240094,0.04751376457396732,0.055731709412122715
-0.37246575110616137,0.047482099332715064,0.05571823856815198
-0.37305735808061286,0.04740791387703435,0.05568667902024228
-0.37315159588723307,0.04739609678405138,0.055681651860825014
-0.3733456450119646,0.047371763699141416,0.05567130022043998
-0.373393698216831,0.04736573799448634,0.055668736799982334
-0.3737332649906355,0.04732315750281435,0.05565062245324671
-0.37397873941686166,0.047292375864067725,0.055637527506348435
-0.3745851049707205,0.04721633973389226,0.055605180655188435
-0.3752504037455109,0.04713291358291186,0.05556968998407738
-0.3754150765159222,0.04711226419059782,0.055560905438912005
-0.3754643786975987,0.04710608186859746,0.055558275391208264
-0.3755339470279109,0.04709735824208859,0.05555456423642426
-0.3758048664614713,0.04706338588797617,0.05554011191383113
-0.37596452170716765,0.047043365675799365,0.055531595030844316
-0.37607087371613485,0.04703002950400202,0.05552592163369512
-0.3765579155134242,0.04696895615762884,0.05549994016356483
-0.3767409754265466,0.046946001081609914,0.055490174747760045
-0.37710650499193615,0.046900164946229096,0.055470675403889023
-0.3771734668431763,0.04689176816312477,0.05546710329293767
-0.37753486726871305,0.04684644980751122,0.055447824219943494
-0.37768535727433494,0.0468275788845428,0.05543979626093108
-0.37797463920953916,0.04679130393662959,0.055424364382187674
-0.37858878664626716,0.046714291985424906,0.05539160240288375
-0.37898764092598825,0.04666427704684385,0.05537032533670055
-0.3796818148038901,0.046577230058424644,0.0553332943098476
-0.3800889935768899,0.046525885660769505,0.055311580550932174
-0.38073903622465616,0.04644366080357511,0.055276922120641066
-0.3815174346858797,0.046345200029448405,0.055235420122426444
-0.38185039041275354,0.046303083966466485,0.05521766786741743
-0.3823291332863908,0.04624252707138748,0.05519214265523275
-0.3826964575901869,0.04619606367621264,0.05517255796518034
-0.3828520026101341,0.046176388556285655,0.05516426474588236
-0.38339018760620663,0.0461083127391092,0.055135570248322545
-0.3837913387367634,0.04605757053852168,0.05511418200780882
-0.3838354904232487,0.04605198572631187,0.055111827965110945
-0.3841991862881234,0.04600598129774972,0.05509243673313064
-0.38431335898914387,0.04599153942371397,0.05508634936853532
-0.3845840795815288,0.04595729557506047,0.055071915314382436
-0.3849667653318008,0.045908889087771396,0.055051511595572936
-0.38507047094964175,0.045895771210588215,0.055045982306165406
-0.38514876237388884,0.04588586801238979,0.055041808029479125
-0.385323932646317,0.04586371046521254,0.05503246844738111
-0.3859574344746696,0.045783577880761844,0.05499869192666713
-0.3863434279767528,0.04573475299104758,0.05497811184791269
-0.38635540358541565,0.04573323817857258,0.054977473342424685
-0.3869098603050556,0.045663104126984544,0.05494791128271505
-0.3869634025578637,0.045656331488133625,0.05494505656165489
-0.3871053918792808,0.045638371048588984,0.05493748609375509
-0.3873574687648463,0.0456064854700214,0.05492404606917148
-0.3880595663824137,0.04551767610260623,0.05488661221553183
-0.3886538795475016,0.04544250055020821,0.054854925123194016
-0.3890557676283175,0.04539166513169102,0.054833497590582654
-0.3891546321772691,0.04537915960848102,0.054828226413237785
-0.3895643884941046,0.04532732892513728,0.0548063793685982
-0.3899198176179161,0.04528237016889481,0.05478742889580479
-0.39081587049912014,0.045169027112944855,0.05473965389761494
-0.3917981902594605,0.045044772031696316,0.05468727939410455
-0.3917981902594605,0.045044772031696316,0.05468727939410455
-0.3917981902594605,0.045044772031696316,0.05468727939410455
-0.3917981902594605,0.045044772031696316,0.05468727939410455
-0.3917981902594605,0.045044772031696316,0.05468727939410455
-0.3917981902594605,0.045044772031696316,0.05468727939410455
-0.3917981902594605,0.045044772031696316,0.05468727939410455
-0.3917981902594605,0.045044772031696316,0.05468727939410455
-0.3917981902594605,0.045044772031696316,0.05468727939410455
-0.3917981902594605,0.045044772031696316,0.05468727939410455
-0.3917981902594605,0.045044772031696316,0.05468727939410455
-0.3917981902594605,0.045044772031696316,0.05468727939410455
-0.3917981902594605,0.045044772031696316,0.05468727939410455
-0.3917981902594605,0.045044772031696316,0.05468727939410455
-0.3917981902594605,0.045044772031696316,0.05468727939410455
-0.3917981902594605,0.045044772031696316,0.05468727939410455
-0.3917981902594605,0.045044772031696316,0.05468727939410455
-0.3917981902594605,0.045044772031696316,0.05468727939410455
-0.3917981902594605,0.045044772031696316,0.05468727939410455
-0.3917981902594605,0.045044772031696316,0.05468727939410455
-0.3917981902594605,0.045044772031696316,0.05468727939410455
-0.3917981902594605,0.045044772031696316,0.05468727939410455
-0.3917981902594605,0.045044772031696316,0.05468727939410455
-0.3917981902594605,0.045044772031696316,0.05468727939410455
-0.3917981902594605,0.045044772031696316,0.05468727939410455
-0.3917981902594605,0.045044772031696316,0.05468727939410455
-0.3917981902594605,0.045044772031696316,0.05468727939410455
-0.3917981902594605,0.045044772031696316,0.05468727939410455
-0.3917981902594605,0.045044772031696316,0.05468727939410455
-0.3917981902594605,0.045044772031696316,0.05468727939410455
-0.3917981902594605,0.045044772031696316,0.05468727939410455
-0.3917981902594605,0.045044772031696316,0.05468727939410455
-0.3917981902594605,0.045044772031696316,0.05468727939410455
-0.3917981902594605,0.045044772031696316,0.05468727939410455
-0.3917981902594605,0.045044772031696316,0.05468727939410455
-0.3917981902594605,0.045044772031696316,0.05468727939410455
-0.3917981902594605,0.045044772031696316,0.05468727939410455
-0.3917981902594605,0.045044772031696316,0.05468727939410455
-0.3917981902594605,0.045044772031696316,0.05468727939410455
-0.3917981902594605,0.045044772031696316,0.05468727939410455
-0.3917981902594605,0.045044772031696316,0.05468727939410455
-0.3917981902594605,0.045044772031696316,0.05468727939410455
-0.3917981902594605,0.045044772031696316,0.05468727939410455
-0.3917981902594605,0.045044772031696316,0.05468727939410455
-0.3917981902594605,0.045044772031696316,0.05468727939410455
-0.3917981902594605,0.045044772031696316,0.05468727939410455
-0.3917981902594605,0.045044772031696316,0.05468727939410455
-0.3917981902594605,0.045044772031696316,0.05468727939410455
-0.3917981902594605,0.045044772031696316,0.05468727939410455
-0.3917981902594605,0.045044772031696316,0.05468727939410455
-0.3917981902594605,0.045044772031696316,0.05468727939410455
-0.3917981902594605,0.045044772031696316,0.05468727939410455
-0.3917981902594605,0.045044772031696316,0.05468727939410455
-0.3917981902594605,0.045044772031696316,0.05468727939410455
-0.3917981902594605,0.045044772031696316,0.05468727939410455
-0.3917981902594605,0.045044772031696316,0.05468727939410455
-0.3917981902594605,0.045044772031696316,0.05468727939410455
-0.3917981902594605,0.045044772031696316,0.05468727939410455
-0.3917981902594605,0.045044772031696316,0.05468727939410455
-0.3917981902594605,0.045044772031696316,0.05468727939410455
-0.3917981902594605,0.045044772031696316,0.05468727939410455
-0.3917981902594605,0.045044772031696316,0.05468727939410455
-0.3917981902594605,0.045044772031696316,0.05468727939410455
-0.3917981902594605,0.045044772031696316,0.05468727939410455
-0.3917981902594605,0.045044772031696316,0.05468727939410455
-0.3917981902594605,0.045044772031696316,0.05468727939410455
-0.3917981902594605,0.045044772031696316,0.05468727939410455
-0.3917981902594605,0.045044772031696316,0.05468727939410455
-0.3917981902594605,0.045044772031696316,0.05468727939410455
-0.3917981902594605,0.045044772031696316,0.05468727939410455
-0.3917981902594605,0.045044772031696316,0.05468727939410455
-0.3917981902594605,0.045044772031696316,0.05468727939410455
-0.3917981902594605,0.045044772031696316,0.05468727939410455
-0.3917981902594605,0.045044772031696316,0.05468727939410455
-0.3917981902594605,0.045044772031696316,0.05468727939410455
-0.3917981902594605,0.045044772031696316,0.05468727939410455
-0.3917981902594605,0.045044772031696316,0.05468727939410455
-0.3917981902594605,0.045044772031696316,0.05468727939410455
-0.3917981902594605,0.045044772031696316,0.05468727939410455
-0.3917981902594605,0.045044772031696316,0.05468727939410455
-0.3917981902594605,0.045044772031696316,0.05468727939410455
-0.3917981902594605,0.045044772031696316,0.05468727939410455
-0.3917981902594605,0.045044772031696316,0.05468727939410455
-0.3917981902594605,0.045044772031696316,0.05468727939410455
-0.3917981902594605,0.045044772031696316,0.05468727939410455
-0.3917981902594605,0.045044772031696316,0.05468727939410455
-0.3917981902594605,0.045044772031696316,0.05468727939410455
-0.3917981902594605,0.045044772031696316,0.05468727939410455
-0.3917981902594605,0.045044772031696316,0.05468727939410455
-0.3917981902594605,0.045044772031696316,0.05468727939410455
-0.3917981902594605,0.045044772031696316,0.05468727939410455
-0.3917981902594605,0.045044772031696316,0.05468727939410455
-0.3917981902594605,0.045044772031696316,0.05468727939410455
-0.3917981902594605,0.045044772031696316,0.05468727939410455
-0.3917981902594605,0.045044772031696316,0.05468727939410455
-0.3917981902594605,0.045044772031696316,0.05468727939410455
-0.3917981902594605,0.045044772031696316,0.05468727939410455
-0.3917981902594605,0.045044772031696316,0.05468727939410455
-0.3917981902594605,0.045044772031696316,0.05468727939410455
-0.3917981902594605,0.045044772031696316,0.05468727939410455
-0.3917981902594605,0.045044772031696316,0.05468727939410455
-0.3917981902594605,0.045044772031696316,0.05468727939410455
-0.3917981902594605,0.045044772031696316,0.05468727939410455
-0.3917981902594605,0.045044772031696316,0.05468727939410455
-0.3917981902594605,0.045044772031696316,0.05468727939410455
-0.3917981902594605,0.045044772031696316,0.05468727939410455
-0.3917981902594605,0.045044772031696316,0.05468727939410455
-0.3917981902594605,0.045044772031696316,0.05468727939410455
-0.3917981902594605,0.045044772031696316,0.05468727939410455
-0.3917981902594605,0.045044772031696316,0.05468727939410455
-0.3917981902594605,0.045044772031696316,0.05468727939410455
-0.3917981902594605,0.045044772031696316,0.05468727939410455
-0.3917981902594605,0.045044772031696316,0.05468727939410455
-0.3917981902594605,0.045044772031696316,0.05468727939410455
-0.3917981902594605,0.045044772031696316,0.05468727939410455
-0.3917981902594605,0.045044772031696316,0.05468727939410455
-0.3917981902594605,0.045044772031696316,0.05468727939410455
-0.3917981902594605,0.045044772031696316,0.05468727939410455
-0.3917981902594605,0.045044772031696316,0.05468727939410455
-0.3917981902594605,0.045044772031696316,0.05468727939410455
-0.3917981902594605,0.045044772031696316,0.05468727939410455
-0.3917981902594605,0.045044772031696316,0.05468727939410455
-0.3917981902594605,0.045044772031696316,0.05468727939410455
-0.3917981902594605,0.045044772031696316,0.05468727939410455
-0.3917981902594605,0.045044772031696316,0.05468727939410455
-0.3917981902594605,0.045044772031696316,0.05468727939410455
-0.3917981902594605,0.045044772031696316,0.05468727939410455
-0.3917981902594605,0.045044772031696316,0.05468727939410455
-0.3917981902594605,0.045044772031696316,0.05468727939410455
-0.3917981902594605,0.045044772031696316,0.05468727939410455
-0.3917981902594605,0.045044772031696316,0.05468727939410455
-0.3917981902594605,0.045044772031696316,0.05468727939410455
-0.3917981902594605,0.045044772031696316,0.05468727939410455
-0.3917981902594605,0.045044772031696316,0.05468727939410455
-0.3917981902594605,0.045044772031696316,0.05468727939410455
-0.3917981902594605,0.045044772031696316,0.05468727939410455
-0.3917981902594605,0.045044772031696316,0.05468727939410455
-0.3917981902594605,0.045044772031696316,0.05468727939410455
-0.3917981902594605,0.045044772031696316,0.05468727939410455
-0.3917981902594605,0.045044772031696316,0.05468727939410455
-0.3917981902594605,0.045044772031696316,0.05468727939410455
-0.3917981902594605,0.045044772031696316,0.05468727939410455
