cell_id,celltype,dpt_pseudotime
AAACCTGAGAAGGTGA-1,IgD-ve Memory,0.050845254
AAACCTGAGACTAAGT-1,NAIVE 1,0.02455503
AAACCTGAGCAATCTC-1,ASC 2,0.83429086
AAACCTGAGCCAGTTT-1,NAIVE 1,0.02709449
AAACCTGAGCGTGAGT-1,IgD+ve Memory,0.05188136
AAACCTGAGGGCTCTC-1,NAIVE 2,0.057529174
AAACCTGAGGTGGGTT-1,IgD+ve Memory,0.04939906
AAACCTGAGTCAATAG-1,NAIVE 1,0.06477784
AAACCTGAGTTCGATC-1,ASC 2,0.8376136
AAACCTGCAAAGCAAT-1,HSP+,0.048385896
AAACCTGCACATCTTT-1,IgD+ve Memory,0.07961811
AAACCTGCACCTGGTG-1,Cell-Cycling,0.33709168
AAACCTGCACGTTGGC-1,IgD+ve Memory,0.041515198
AAACCTGCAGCCAATT-1,NAIVE 1,0.039185792
AAACCTGCAGCTATTG-1,NAIVE 2,0.032378323
AAACCTGCAGGCGATA-1,IgD-ve Memory,0.041697223
AAACCTGCATTACCTT-1,IgD-ve Memory,0.043231472
AAACCTGGTAACGTTC-1,DN2,0.19712375
AAACCTGGTACATCCA-1,ASC 2,0.86016023
AAACCTGGTCAAGCGA-1,IgD-ve Memory,0.034477513
AAACCTGGTCGAACAG-1,Transitional,0.12516196
AAACCTGGTCTACCTC-1,NAIVE 2,0.060262606
AAACCTGGTTCGTGAT-1,NAIVE 1,0.051064108
AAACCTGTCATCGATG-1,IgD+ve Memory,0.038705774
AAACCTGTCATGCAAC-1,IgD+ve Memory,0.075760044
AAACCTGTCATTGCCC-1,ASC 2,0.78356504
AAACCTGTCCCTTGTG-1,NAIVE 1,0.03881335
AAACCTGTCCTAGAAC-1,ASC 2,0.7629756
AAACCTGTCTCGTATT-1,ASC 2,0.73528624
AAACGGGAGACATAAC-1,IgD-ve Memory,0.037823673
AAACGGGAGAGATGAG-1,ASC 3,0.85860497
AAACGGGAGGATATAC-1,NAIVE 2,0.010325555
AAACGGGAGGGATGGG-1,ASC 1,0.62888664
AAACGGGAGGGTTTCT-1,ASC 3,0.794252
AAACGGGCAACCGCCA-1,NAIVE 2,0.012856563
AAACGGGCAATCGAAA-1,IgD+ve Memory,0.026030805
AAACGGGCACGCCAGT-1,IgD-ve Memory,0.021851048
AAACGGGCAGCTTCGG-1,ASC 1,0.8741955
AAACGGGCAGGATTGG-1,IgD-ve Memory,0.041173685
AAACGGGCATACTACG-1,IgD-ve Memory,0.025983728
AAACGGGGTATATCCG-1,IgD-ve Memory,0.04510248
AAACGGGGTATTCGTG-1,IgD+ve Memory,0.08751734
AAACGGGGTCATATCG-1,Cell-Cycling,0.63696194
AAACGGGGTCTCCACT-1,ASC 2,0.7172361
AAACGGGTCAACGGCC-1,Transitional,0.11586178
AAACGGGTCCCTCTTT-1,IgD-ve Memory,0.030338667
AAACGGGTCCTCGCAT-1,IgD+ve Memory,0.03575034
AAACGGGTCTCGAGTA-1,IgD+ve Memory,0.05071834
AAACGGGTCTGCGTAA-1,IgD-ve Memory,0.056189578
AAACGGGTCTGGCGAC-1,IgD-ve Memory,0.027912274
AAAGATGAGCCGATTT-1,ASC 2,0.6338081
AAAGATGAGGATGTAT-1,ASC 2,0.762141
AAAGATGAGGTCGGAT-1,ASC 2,0.8551603
AAAGATGAGTAGGTGC-1,IgD+ve Memory,0.043825645
AAAGATGAGTCCAGGA-1,IgD+ve Memory,0.03573753
AAAGATGAGTGAAGTT-1,HSP+,0.07352709
AAAGATGAGTGGGTTG-1,ASC 2,0.8544664
AAAGATGAGTGTCTCA-1,IgD+ve Memory,0.03596347
AAAGATGAGTGTGAAT-1,IgD+ve Memory,0.06686661
AAAGATGAGTTGTCGT-1,Transitional,0.12559023
AAAGATGCAAGGTGTG-1,ASC 2,0.71196955
AAAGATGCACACATGT-1,NAIVE 2,0.035090107
AAAGATGCAGGAACGT-1,NAIVE 1,0.062221702
AAAGATGCATAACCTG-1,ASC 2,0.7134412
AAAGATGGTGCCTGCA-1,NAIVE 1,0.045716222
AAAGATGGTGCCTGGT-1,NAIVE 2,0.09164717
AAAGATGGTTTGGGCC-1,NAIVE 2,0.021815889
AAAGATGTCAACACAC-1,NAIVE 1,0.04959333
AAAGATGTCAACCAAC-1,NAIVE 2,0.019743135
AAAGATGTCACCCGAG-1,DN2,0.19414496
AAAGATGTCTGTCAAG-1,NAIVE 2,0.061122872
AAAGCAAAGATGTCGG-1,NAIVE 1,0.061732046
AAAGCAAAGGCAGTCA-1,HSP+,0.04345476
AAAGCAAAGGGTGTGT-1,HSP+,0.1926783
AAAGCAACAACTGCGC-1,NAIVE 2,0.023995927
AAAGCAACAAGTCTGT-1,ASC 1,0.79730386
AAAGCAACACAACTGT-1,IgD-ve Memory,0.041518886
AAAGCAACACCTTGTC-1,IgD-ve Memory,0.06024257
AAAGCAACAGGAACGT-1,IgD+ve Memory,0.012970381
AAAGCAACATCCGTGG-1,IgD+ve Memory,0.041171275
AAAGCAACATTACCTT-1,DN2,0.1847317
AAAGCAAGTAAGCACG-1,ASC 2,0.8872099
AAAGCAAGTAATTGGA-1,NAIVE 1,0.045297872
AAAGCAAGTCAGAGGT-1,IgD+ve Memory,0.049611498
AAAGCAAGTCTAAAGA-1,DN2,0.06940266
AAAGCAAGTTACAGAA-1,IgD-ve Memory,0.028788459
AAAGCAAGTTCTGGTA-1,IgD+ve Memory,0.042002905
AAAGCAAGTTGAACTC-1,NAIVE 2,0.04523446
AAAGCAATCACGACTA-1,IgD+ve Memory,0.03779579
AAAGCAATCAGTTAGC-1,IgD+ve Memory,0.04499675
AAAGCAATCCCTAATT-1,IgD+ve Memory,0.036947258
AAAGCAATCGCCTGTT-1,ASC 2,0.77027684
AAAGCAATCGTCTGCT-1,IgD+ve Memory,0.03948163
AAAGCAATCTGCCAGG-1,IgD+ve Memory,0.05136972
AAAGCAATCTGGCGAC-1,Cell-Cycling,0.6196481
AAAGTAGAGACGCACA-1,IgD+ve Memory,0.03933113
AAAGTAGAGAGACTTA-1,IgD+ve Memory,0.030723244
AAAGTAGAGGAACTGC-1,NAIVE 2,0.022426073
AAAGTAGAGTACGCCC-1,NAIVE 2,0.011578282
AAAGTAGCAAGACGTG-1,NAIVE 1,0.06316772
AAAGTAGCAATACGCT-1,IgD+ve Memory,0.022193559
AAAGTAGCAATGACCT-1,IgD-ve Memory,0.023431342
AAAGTAGCACTTAAGC-1,Cell-Cycling,0.5309647
AAAGTAGCAGACGCCT-1,NAIVE 1,0.038346775
AAAGTAGCATCAGTAC-1,NAIVE 1,0.047073558
AAAGTAGGTACTCGCG-1,DN2,0.18617131
AAAGTAGGTCAAAGAT-1,NAIVE 1,0.03227997
AAAGTAGGTCATATCG-1,IgD-ve Memory,0.05561729
AAAGTAGGTGATGTCT-1,NAIVE 2,0.012152635
AAAGTAGGTTAAGACA-1,NAIVE 2,0.027558131
AAAGTAGTCACAAACC-1,IgD-ve Memory,0.046612624
AAAGTAGTCACCTTAT-1,ASC 2,0.7146161
AAAGTAGTCCTTGGTC-1,DN2,0.19802545
AAAGTAGTCGCATGAT-1,Cell-Cycling,0.5655854
AAAGTAGTCGCCATAA-1,ASC 2,0.879254
AAAGTAGTCGCCTGAG-1,ASC 2,0.70483077
AAAGTAGTCGCGTTTC-1,IgD-ve Memory,0.02581403
AAAGTAGTCGTGACAT-1,NAIVE 2,0.04703408
AAAGTAGTCTCCAGGG-1,IgD+ve Memory,0.028191226
AAAGTAGTCTCTAAGG-1,ASC 3,0.8781838
AAAGTAGTCTCTGAGA-1,IgD-ve Memory,0.059415054
AAATGCCAGAGCTATA-1,NAIVE 1,0.029348485
AAATGCCAGCCAGTAG-1,NAIVE 1,0.066421814
AAATGCCAGCCGATTT-1,ASC 2,0.8409327
AAATGCCAGCTCCCAG-1,IgD-ve Memory,0.05258125
AAATGCCAGGATCGCA-1,NAIVE 2,0.046360336
AAATGCCAGTTCGCGC-1,NAIVE 2,0.024152227
AAATGCCCACTCGACG-1,IgD-ve Memory,0.04261213
AAATGCCCAGATGGCA-1,NAIVE 1,0.053408436
AAATGCCCAGGGATTG-1,HSP+,0.054220192
AAATGCCCAGTCAGAG-1,IgD+ve Memory,0.050414
AAATGCCCAGTGGGAT-1,NAIVE 1,0.09128986
AAATGCCCATACTACG-1,IgD+ve Memory,0.04283203
AAATGCCCATGCCACG-1,NAIVE 2,0.0468416
AAATGCCGTAAGGGAA-1,NAIVE 2,0.06005701
AAATGCCGTCGCGTGT-1,NAIVE 2,0.37857905
AAATGCCGTCTGATTG-1,ASC 2,0.7394103
AAATGCCGTTGTACAC-1,NAIVE 1,0.03698084
AAATGCCTCAAACAAG-1,IgD+ve Memory,0.047143616
AAATGCCTCATTGCGA-1,NAIVE 2,0.04827806
AAATGCCTCCGTTGCT-1,IgD+ve Memory,0.057318214
AAATGCCTCGAGCCCA-1,NAIVE 1,0.039386097
AAATGCCTCGATAGAA-1,HSP+,0.043266002
AAATGCCTCTCTTATG-1,IgD+ve Memory,0.045853406
AAATGCCTCTGAGGGA-1,ASC 2,0.84025
AACACGTAGACTCGGA-1,Cell-Cycling,0.39633304
AACACGTAGCCAGTTT-1,DN2,0.1244647
AACACGTAGCTGCCCA-1,IgD+ve Memory,0.029525321
AACACGTAGGTACTCT-1,NAIVE 1,0.02900195
AACACGTAGTCAATAG-1,ASC 2,0.7774923
AACACGTAGTGCTGCC-1,NAIVE 2,0.037756193
AACACGTAGTGGTAAT-1,NAIVE 1,0.07081552
AACACGTAGTTGTCGT-1,ASC 2,0.9857504
AACACGTCAAAGTCAA-1,NAIVE 2,0.040709414
AACACGTCAACTTGAC-1,IgD-ve Memory,0.05369965
AACACGTCAAGTCTGT-1,IgD-ve Memory,0.051816903
AACACGTCACAGGTTT-1,IgD-ve Memory,0.06895741
AACACGTGTAACGCGA-1,HSP+,0.054196943
AACACGTGTACTTCTT-1,IgD-ve Memory,0.07055195
AACACGTGTAGCCTCG-1,NAIVE 2,0.19087723
AACACGTGTATCTGCA-1,NAIVE 1,0.054547805
AACACGTGTCCAGTTA-1,IgD+ve Memory,0.062373057
AACACGTGTCCCTACT-1,NAIVE 2,0.0144559555
AACACGTGTCTACCTC-1,IgD+ve Memory,0.05885921
AACACGTGTGGAAAGA-1,ASC 2,0.79042506
AACACGTGTTCAGACT-1,DN2,0.17879078
AACACGTTCAGGCCCA-1,NAIVE 1,0.040356345
AACACGTTCCGCGGTA-1,NAIVE 1,0.05354487
AACACGTTCTCCCTGA-1,IgD-ve Memory,0.042856663
AACCATGAGAACTCGG-1,Early-Activation,0.08694826
AACCATGCAACTGCTA-1,IgD-ve Memory,0.053201895
AACCATGCACAGACAG-1,NAIVE 1,0.059787273
AACCATGCACAGGAGT-1,ASC 2,0.56216305
AACCATGCAGGATCGA-1,IgD-ve Memory,0.050073944
AACCATGCATGGATGG-1,IgD-ve Memory,0.033431876
AACCATGGTAGGCATG-1,NAIVE 1,0.06802958
AACCATGGTCAAGCGA-1,ASC 2,0.8475589
AACCATGGTCAGAGGT-1,IgD-ve Memory,0.04681174
AACCATGGTCCAAGTT-1,ASC 2,0.8910468
AACCATGGTCGTGGCT-1,NAIVE 2,0.049032286
AACCATGGTCTAAACC-1,IgD+ve Memory,0.03157424
AACCATGGTCTAGGTT-1,IgD-ve Memory,0.068359025
AACCATGGTGATGATA-1,Cell-Cycling,0.2867083
AACCATGGTGCTAGCC-1,NAIVE 2,0.05160088
AACCATGGTGTTCGAT-1,IgD-ve Memory,0.027344193
AACCATGGTTACAGAA-1,NAIVE 1,0.07855316
AACCATGGTTACGACT-1,NAIVE 1,0.10194463
AACCATGGTTCCACTC-1,NAIVE 1,0.06522766
AACCATGGTTCGAATC-1,ASC 2,0.81967753
AACCATGGTTCGGCAC-1,NAIVE 1,0.05197058
AACCATGTCACATGCA-1,ASC 2,0.8515622
AACCATGTCGGTGTTA-1,IgD-ve Memory,0.027560646
AACCATGTCTCTGCTG-1,ASC 2,0.8053881
AACCATGTCTCTTATG-1,ASC 2,0.6347491
AACCATGTCTGTCTAT-1,NAIVE 2,0.039861917
AACCGCGAGAAACCGC-1,IgD+ve Memory,0.03752784
AACCGCGAGACCGGAT-1,IgD-ve Memory,0.039415274
AACCGCGAGAGCAATT-1,IgD+ve Memory,0.06419883
AACCGCGAGAGTACCG-1,ASC 2,0.6629761
AACCGCGAGCATCATC-1,DN2,0.21754844
AACCGCGAGCCACTAT-1,IgD-ve Memory,0.044725213
AACCGCGAGCGATCCC-1,DN2,0.18470402
AACCGCGAGCGATTCT-1,IgD-ve Memory,0.021766948
AACCGCGAGCTAACAA-1,IgD+ve Memory,0.030885464
AACCGCGAGGCAGGTT-1,IgD+ve Memory,0.07128036
AACCGCGCAACTGGCC-1,NAIVE 2,0.038873278
AACCGCGCAATGTAAG-1,IgD-ve Memory,0.030675212
AACCGCGCACGAGAGT-1,HSP+,0.10077626
AACCGCGCACGCGAAA-1,IgD-ve Memory,0.039204724
AACCGCGCACTTAACG-1,IgD+ve Memory,0.03474999
AACCGCGCAGCCAGAA-1,NAIVE 1,0.035823155
AACCGCGCATACCATG-1,DN2,0.1900262
AACCGCGCATGTTCCC-1,NAIVE 2,0.011683836
AACCGCGCATTCCTCG-1,DN2,0.22665508
AACCGCGCATTCCTGC-1,IgD+ve Memory,0.038192336
AACCGCGCATTCGACA-1,IgD+ve Memory,0.054603502
AACCGCGGTAGAAAGG-1,ASC 2,0.84167475
AACCGCGGTAGCGCTC-1,IgD-ve Memory,0.042849585
AACCGCGGTATGGTTC-1,NAIVE 2,0.20858563
AACCGCGGTCATCGGC-1,NAIVE 2,0.14031489
AACCGCGGTCTAGTCA-1,NAIVE 1,0.054790877
AACCGCGGTCTTGATG-1,Transitional,0.11401723
AACCGCGGTGCATCTA-1,IgD+ve Memory,0.0289177
AACCGCGGTGCTAGCC-1,NAIVE 1,0.058800854
AACCGCGGTGTAATGA-1,NAIVE 1,0.04913356
AACCGCGTCAAACCGT-1,NAIVE 2,0.047587894
AACCGCGTCACCTTAT-1,IgD+ve Memory,0.06439613
AACCGCGTCCTAGTGA-1,ASC 2,0.730879
AACCGCGTCGATAGAA-1,ASC 2,0.7137315
AACCGCGTCTGTTTGT-1,Cell-Cycling,0.32640433
AACGTTGAGCACACAG-1,IgD+ve Memory,0.040679708
AACGTTGAGGGCTTGA-1,NAIVE 1,0.016965931
AACGTTGCAACTGGCC-1,IgD-ve Memory,0.031227814
AACGTTGCATTGGCGC-1,IgD+ve Memory,0.038337152
AACGTTGGTACAGACG-1,IgD-ve Memory,0.055728428
AACGTTGGTCGCGGTT-1,NAIVE 1,0.07699106
AACGTTGGTCTGCAAT-1,ASC 3,0.7885554
AACGTTGGTGATAAGT-1,NAIVE 2,0.06399539
AACGTTGGTGCACCAC-1,NAIVE 2,0.033507064
AACGTTGGTTCGTCTC-1,NAIVE 2,0.027155507
AACGTTGGTTGATTCG-1,ASC 2,0.83482593
AACGTTGGTTGTTTGG-1,IgD-ve Memory,0.04845849
AACGTTGTCACCAGGC-1,Early-Activation,0.054921784
AACGTTGTCAGCTGGC-1,NAIVE 1,0.024585726
AACGTTGTCAGTGCAT-1,IgD+ve Memory,0.030332578
AACGTTGTCATGTAGC-1,NAIVE 2,0.03888973
AACGTTGTCTACTTAC-1,IgD+ve Memory,0.041924644
AACTCAGAGAACTCGG-1,IgD+ve Memory,0.050582737
AACTCAGAGACCCACC-1,IgD+ve Memory,0.03741461
AACTCAGAGCTAAGAT-1,NAIVE 1,0.024220247
AACTCAGAGGGAGTAA-1,Early-Activation,0.04000332
AACTCAGAGTGGTAGC-1,IgD+ve Memory,0.040919557
AACTCAGAGTGTACTC-1,ASC 2,0.7525373
AACTCAGCAAGAGGCT-1,NAIVE 1,0.022688553
AACTCAGCACACGCTG-1,IgD+ve Memory,0.06993827
AACTCAGCACATTAGC-1,IgD-ve Memory,0.03330728
AACTCAGCAGGCGATA-1,IgD-ve Memory,0.028654985
AACTCAGCAGTAAGAT-1,IgD-ve Memory,0.029336099
AACTCAGCATGCCTAA-1,NAIVE 1,0.047758378
AACTCAGCATGGTCTA-1,HSP+,0.029468741
AACTCAGCATTCCTGC-1,ASC 2,0.8049856
AACTCAGGTAAGTGGC-1,IgD-ve Memory,0.039778247
AACTCAGGTACGACCC-1,IgD+ve Memory,0.06923888
AACTCAGGTCACAAGG-1,IgD+ve Memory,0.047495946
AACTCAGGTCAGAATA-1,NAIVE 1,0.03994298
AACTCAGGTCCTCTTG-1,NAIVE 1,0.024078427
AACTCAGGTGAGGCTA-1,NAIVE 2,0.050774757
AACTCAGGTTCCCTTG-1,IgD-ve Memory,0.032386612
AACTCAGTCACATGCA-1,NAIVE 1,0.049561173
AACTCAGTCAGCTCGG-1,ASC 2,0.7926023
AACTCAGTCATAGCAC-1,IgD+ve Memory,0.03860117
AACTCAGTCCCTAACC-1,Cell-Cycling,0.56027716
AACTCAGTCCCTTGTG-1,ASC 2,0.7897131
AACTCAGTCGACAGCC-1,IgD-ve Memory,0.055226397
AACTCAGTCGAGAACG-1,IgD+ve Memory,0.05380804
AACTCAGTCGGTCTAA-1,HSP+,0.027940214
AACTCAGTCTCGCATC-1,IgD-ve Memory,0.034250937
AACTCCCAGCAATATG-1,DN2,0.10333758
AACTCCCAGCCACTAT-1,IgD-ve Memory,0.057725195
AACTCCCAGGATATAC-1,ASC 2,0.8269014
AACTCCCAGTGGTCCC-1,Early-Activation,0.082011215
AACTCCCCACCAGATT-1,ASC 2,0.7270728
AACTCCCCACGGTTTA-1,IgD-ve Memory,0.058904875
AACTCCCCAGATTGCT-1,IgD+ve Memory,0.0418178
AACTCCCCAGTATGCT-1,NAIVE 2,0.30260524
AACTCCCCAGTGAGTG-1,NAIVE 2,0.03291894
AACTCCCCATATACGC-1,NAIVE 2,0.055151056
AACTCCCCATCGGACC-1,NAIVE 2,0.038630523
AACTCCCCATCGTCGG-1,IgD-ve Memory,0.029816603
AACTCCCCATGACATC-1,IgD-ve Memory,0.06583899
AACTCCCGTAAACACA-1,IgD+ve Memory,0.035212927
AACTCCCGTAAGTGTA-1,ASC 3,0.84368646
AACTCCCGTATGGTTC-1,IgD-ve Memory,0.05665769
AACTCCCGTCACAAGG-1,NAIVE 1,0.033097085
AACTCCCGTCGGCATC-1,IgD-ve Memory,0.08764197
AACTCCCGTCGTCTTC-1,Early-Activation,0.058249515
AACTCCCGTCTCGTTC-1,ASC 2,0.6842325
AACTCCCGTCTTCTCG-1,Early-Activation,0.064192794
AACTCCCGTGCGAAAC-1,ASC 2,0.6904697
AACTCCCGTTAAAGTG-1,IgD-ve Memory,0.039650716
AACTCCCGTTACGTCA-1,IgD-ve Memory,0.053363364
AACTCCCTCAATAAGG-1,ASC 2,0.8307266
AACTCCCTCACAAACC-1,IgD-ve Memory,0.029873947
AACTCCCTCACCATAG-1,Cell-Cycling,0.5348385
AACTCCCTCACGCGGT-1,IgD-ve Memory,0.023499774
AACTCCCTCATACGGT-1,IgD-ve Memory,0.026401555
AACTCCCTCATGTCTT-1,IgD+ve Memory,0.028996171
AACTCCCTCCCATTTA-1,Cell-Cycling,0.59579295
AACTCCCTCCGCATCT-1,ASC 2,0.85672444
AACTCCCTCGGATGTT-1,IgD+ve Memory,0.043429337
AACTCCCTCGTTTAGG-1,IgD+ve Memory,0.058073536
AACTCTTAGAAGGCCT-1,ASC 3,0.8595693
AACTCTTAGAATAGGG-1,IgD+ve Memory,0.04825855
AACTCTTAGACATAAC-1,NAIVE 2,0.025870578
AACTCTTAGCAGGCTA-1,ASC 2,0.6427036
AACTCTTAGCCCAGCT-1,IgD-ve Memory,0.03237
AACTCTTAGCGTCTAT-1,NAIVE 1,0.0444764
AACTCTTAGCGTTCCG-1,NAIVE 1,0.03651046
AACTCTTAGCTGCAAG-1,ASC 2,0.8309234
AACTCTTAGGCTCATT-1,DN2,0.09809382
AACTCTTAGTCCATAC-1,ASC 2,0.7470375
AACTCTTAGTGAACGC-1,IgD+ve Memory,0.055749677
AACTCTTCACGAAATA-1,IgD-ve Memory,0.032458168
AACTCTTCAGGGTATG-1,NAIVE 2,0.034570716
AACTCTTCAGTGAGTG-1,IgD+ve Memory,0.068247214
AACTCTTCAGTGGGAT-1,DN2,0.12432067
AACTCTTCATACGCCG-1,IgD+ve Memory,0.026625795
AACTCTTGTAAGAGAG-1,IgD+ve Memory,0.03676977
AACTCTTGTCAAAGAT-1,ASC 1,0.71919054
AACTCTTGTCCAACTA-1,IgD-ve Memory,0.02807631
AACTCTTGTCTAAAGA-1,ASC 2,0.7914735
AACTCTTGTTGTTTGG-1,NAIVE 2,0.013185828
AACTCTTGTTTCGCTC-1,NAIVE 2,0.08273236
AACTCTTTCAGAAATG-1,IgD+ve Memory,0.041934557
AACTCTTTCAGTGTTG-1,Cell-Cycling,0.6728229
AACTCTTTCATCGGAT-1,IgD-ve Memory,0.047361154
AACTCTTTCCCTTGTG-1,IgD+ve Memory,0.06981792
AACTCTTTCCGGGTGT-1,IgD-ve Memory,0.031510815
AACTCTTTCGAATCCA-1,ASC 2,0.6892612
AACTCTTTCGTTACAG-1,IgD-ve Memory,0.03196388
AACTCTTTCTCGAGTA-1,ASC 2,0.68188095
AACTCTTTCTGCAGTA-1,ASC 2,0.767901
AACTCTTTCTGTTGAG-1,NAIVE 1,0.04090656
AACTGGTAGACTGTAA-1,ASC 2,0.69313484
AACTGGTAGAGCTGGT-1,NAIVE 2,0.1840464
AACTGGTAGCACAGGT-1,NAIVE 2,0.030477453
AACTGGTAGCGTCTAT-1,NAIVE 1,0.0457288
AACTGGTAGGACACCA-1,IgD-ve Memory,0.03566089
AACTGGTAGGCAAAGA-1,NAIVE 2,0.04384456
AACTGGTAGGCTATCT-1,NAIVE 1,0.04123137
AACTGGTAGTAACCCT-1,IgD+ve Memory,0.031685743
AACTGGTAGTAGGTGC-1,ASC 2,0.8180581
AACTGGTAGTGGAGTC-1,NAIVE 2,0.017873388
AACTGGTAGTGTCCCG-1,HSP+,0.029936932
AACTGGTCAAACGTGG-1,IgD-ve Memory,0.039502326
AACTGGTCACAGTCGC-1,NAIVE 1,0.05170631
AACTGGTCACATTTCT-1,IgD+ve Memory,0.053734157
AACTGGTCACCATCCT-1,IgD+ve Memory,0.065831654
AACTGGTCACCTTGTC-1,IgD-ve Memory,0.042732943
AACTGGTCAGCCTATA-1,NAIVE 1,0.027250139
AACTGGTCAGCTGCAC-1,HSP+,0.05427396
AACTGGTCAGGGTATG-1,NAIVE 1,0.032983564
AACTGGTCATCGGACC-1,DN2,0.20370397
AACTGGTCATGTTGAC-1,ASC 1,0.7486025
AACTGGTGTAGCTTGT-1,IgD-ve Memory,0.03872041
AACTGGTGTATCTGCA-1,IgD-ve Memory,0.041586265
AACTGGTGTATGGTTC-1,NAIVE 1,0.033786777
AACTGGTGTCCAACTA-1,Transitional,0.11409612
AACTGGTGTCGACTGC-1,NAIVE 2,0.041988034
AACTGGTGTGCAGTAG-1,NAIVE 2,0.013123498
AACTGGTGTGTGGCTC-1,NAIVE 1,0.01966194
AACTGGTTCAGCAACT-1,NAIVE 2,0.045991976
AACTGGTTCCAAAGTC-1,NAIVE 1,0.020318361
AACTGGTTCTTAGAGC-1,Early-Activation,0.058530327
AACTTTCAGAGGTTAT-1,NAIVE 2,0.0184521
AACTTTCAGAGTAATC-1,IgD+ve Memory,0.04135486
AACTTTCAGATCACGG-1,IgD+ve Memory,0.044859786
AACTTTCAGATCTGCT-1,DN2,0.21297832
AACTTTCAGGAGTAGA-1,NAIVE 1,0.058790166
AACTTTCAGGGTTCCC-1,NAIVE 2,0.057700735
AACTTTCAGGTTCCTA-1,ASC 2,0.63279665
AACTTTCCAAGCGAGT-1,NAIVE 2,0.052712474
AACTTTCCAAGTTAAG-1,IgD-ve Memory,0.046024814
AACTTTCCACCCAGTG-1,IgD-ve Memory,0.013912836
AACTTTCGTAGGAGTC-1,NAIVE 2,0.03557651
AACTTTCGTGCCTGGT-1,HSP+,0.03827782
AACTTTCGTTCGGGCT-1,NAIVE 1,0.039948255
AACTTTCGTTCGTTGA-1,NAIVE 2,0.030448332
AACTTTCGTTGCTCCT-1,NAIVE 1,0.043249197
AACTTTCTCAAACAAG-1,IgD-ve Memory,0.05799802
AACTTTCTCAACCAAC-1,Cell-Cycling,0.4438911
AACTTTCTCACCTTAT-1,IgD+ve Memory,0.073417716
AACTTTCTCCACGAAT-1,ASC 2,0.8345935
AACTTTCTCCTTTACA-1,IgD-ve Memory,0.029828234
AACTTTCTCGCCATAA-1,NAIVE 2,0.015909353
AACTTTCTCTACCTGC-1,IgD+ve Memory,0.06309888
AACTTTCTCTAGCACA-1,Early-Activation,0.07294551
AACTTTCTCTCGTATT-1,HSP+,0.14972842
AACTTTCTCTGGTATG-1,ASC 2,0.8323735
AACTTTCTCTTAACCT-1,IgD-ve Memory,0.037124682
AAGACCTAGAATTCCC-1,ASC 2,0.8047168
AAGACCTAGACACGAC-1,IgD+ve Memory,0.0266854
AAGACCTAGGATGTAT-1,NAIVE 1,0.037364278
AAGACCTAGGTACTCT-1,IgD+ve Memory,0.06625406
AAGACCTAGTCGCCGT-1,ASC 3,0.8717452
AAGACCTAGTTCGCGC-1,IgD+ve Memory,0.044664506
AAGACCTCATCAGTCA-1,IgD+ve Memory,0.04561237
AAGACCTCATGATCCA-1,IgD+ve Memory,0.06699469
AAGACCTCATGGTTGT-1,ASC 2,0.866223
AAGACCTGTAAAGGAG-1,IgD+ve Memory,0.048685607
AAGACCTGTAAGTAGT-1,DN2,0.16825974
AAGACCTGTACCGAGA-1,NAIVE 1,0.04221004
AAGACCTGTCATACTG-1,NAIVE 1,0.04558947
AAGACCTGTGACTACT-1,IgD-ve Memory,0.019862738
AAGACCTGTGCCTGGT-1,NAIVE 2,0.032700054
AAGACCTGTTACAGAA-1,NAIVE 1,0.038641587
AAGACCTGTTATCACG-1,IgD-ve Memory,0.04680558
AAGACCTGTTCGTTGA-1,NAIVE 1,0.04934042
AAGACCTTCAAGGTAA-1,ASC 2,0.82479554
AAGACCTTCAGCATGT-1,IgD-ve Memory,0.049668983
AAGACCTTCAGCTCGG-1,NAIVE 1,0.0391576
AAGACCTTCAGTTGAC-1,IgD-ve Memory,0.17715251
AAGACCTTCATGTCTT-1,IgD+ve Memory,0.025668921
AAGACCTTCCCTCTTT-1,NAIVE 2,0.018703816
AAGACCTTCCTGTACC-1,NAIVE 2,0.017955646
AAGACCTTCGGAAACG-1,ASC 2,0.78485835
AAGACCTTCTGTTGAG-1,DN2,0.19929932
AAGCCGCAGACAAGCC-1,ASC 2,0.82815385
AAGCCGCAGCCAGGAT-1,IgD+ve Memory,0.04471615
AAGCCGCAGCTTATCG-1,NAIVE 1,0.040817674
AAGCCGCAGTACATGA-1,Early-Activation,0.04829016
AAGCCGCAGTACGTAA-1,ASC 2,0.791326
AAGCCGCAGTCAATAG-1,IgD-ve Memory,0.035415776
AAGCCGCCAACTGCGC-1,IgD+ve Memory,0.045953367
AAGCCGCCAATCCGAT-1,HSP+,0.030488636
AAGCCGCCACCAGGCT-1,IgD+ve Memory,0.029404739
AAGCCGCCACCCTATC-1,NAIVE 1,0.032129675
AAGCCGCCACGGTAGA-1,NAIVE 2,0.02067189
AAGCCGCCACGTTGGC-1,NAIVE 2,0.038763575
AAGCCGCCACTGTGTA-1,IgD-ve Memory,0.052339803
AAGCCGCCAGGTCGTC-1,NAIVE 1,0.02058706
AAGCCGCCATATGCTG-1,IgD-ve Memory,0.028592926
AAGCCGCCATGAGCGA-1,NAIVE 1,0.046146717
AAGCCGCGTAAATACG-1,IgD+ve Memory,0.056412783
AAGCCGCGTCTGCAAT-1,IgD+ve Memory,0.04769765
AAGCCGCGTTACCAGT-1,IgD-ve Memory,0.038043268
AAGCCGCGTTGATTCG-1,ASC 3,0.80028385
AAGCCGCTCAATCTCT-1,IgD-ve Memory,0.06795218
AAGCCGCTCATCATTC-1,IgD+ve Memory,0.067510806
AAGCCGCTCCAAACAC-1,ASC 1,0.54986376
AAGCCGCTCCTAGGGC-1,IgD+ve Memory,0.0504159
AAGCCGCTCTCCTATA-1,NAIVE 2,0.08264403
AAGGAGCAGACTAGGC-1,ASC 3,0.8303627
AAGGAGCAGAGCTATA-1,IgD+ve Memory,0.06270394
AAGGAGCAGAGGTAGA-1,Cell-Cycling,0.1161881
AAGGAGCAGATCACGG-1,IgD-ve Memory,0.039843373
AAGGAGCAGATGTGTA-1,IgD+ve Memory,0.025584623
AAGGAGCAGCCAACAG-1,HSP+,0.03626968
AAGGAGCAGGCCCTTG-1,NAIVE 2,0.055660974
AAGGAGCAGGTGATAT-1,NAIVE 1,0.033687618
AAGGAGCCAACTGGCC-1,IgD-ve Memory,0.025182493
AAGGAGCCAAGAAGAG-1,NAIVE 1,0.023162097
AAGGAGCCAATACGCT-1,ASC 2,0.656389
AAGGAGCCAATGGACG-1,IgD+ve Memory,0.050431747
AAGGAGCCAATTCCTT-1,ASC 3,0.7872904
AAGGAGCCAGGTCTCG-1,ASC 1,0.75478107
AAGGAGCCAGTCGATT-1,ASC 2,0.59836763
AAGGAGCGTACGCTGC-1,IgD-ve Memory,0.054650415
AAGGAGCGTACTCGCG-1,ASC 2,0.6463984
AAGGAGCGTAGAAAGG-1,IgD+ve Memory,0.041995652
AAGGAGCGTCCTAGCG-1,NAIVE 1,0.051133387
AAGGAGCGTCGGCATC-1,ASC 2,0.48369265
AAGGAGCGTGAGGGAG-1,IgD+ve Memory,0.054401856
AAGGAGCGTTACCGAT-1,ASC 2,0.81550854
AAGGAGCGTTCCTCCA-1,NAIVE 1,0.059289716
AAGGAGCGTTGTTTGG-1,DN2,0.19919184
AAGGAGCGTTTGTGTG-1,DN2,0.18413101
AAGGAGCTCATGCAAC-1,ASC 2,0.57107407
AAGGAGCTCATGTCCC-1,NAIVE 2,0.06425738
AAGGAGCTCGCCATAA-1,NAIVE 2,0.019527495
AAGGAGCTCGGTCCGA-1,IgD-ve Memory,0.046230733
AAGGAGCTCTATGTGG-1,NAIVE 2,0.081658974
AAGGCAGAGACGCACA-1,ASC 2,0.91694987
AAGGCAGAGAGTAATC-1,IgD-ve Memory,0.04104417
AAGGCAGAGCAGGTCA-1,IgD-ve Memory,0.04818129
AAGGCAGAGCCAGTTT-1,IgD-ve Memory,0.07442991
AAGGCAGAGCTGAACG-1,NAIVE 1,0.057179365
AAGGCAGAGGGTCGAT-1,IgD+ve Memory,0.033107117
AAGGCAGAGTAATCCC-1,IgD-ve Memory,0.048677944
AAGGCAGAGTCGAGTG-1,IgD+ve Memory,0.055990167
AAGGCAGCATGCGCAC-1,IgD+ve Memory,0.053698603
AAGGCAGCATGGTCAT-1,IgD-ve Memory,0.06545805
AAGGCAGGTACAGTGG-1,IgD+ve Memory,0.07480095
AAGGCAGGTATCAGTC-1,IgD-ve Memory,0.09093562
AAGGCAGGTATGAATG-1,IgD+ve Memory,0.056927238
AAGGCAGGTCTAGTCA-1,DN2,0.20006368
AAGGCAGGTGGTTTCA-1,Early-Activation,0.050610226
AAGGCAGGTGTTTGTG-1,IgD-ve Memory,0.024281584
AAGGCAGTCATCGATG-1,IgD+ve Memory,0.07484517
AAGGCAGTCCCTTGTG-1,Early-Activation,0.058906734
AAGGCAGTCGGTGTCG-1,IgD+ve Memory,0.045373447
AAGGCAGTCTCAACTT-1,HSP+,0.03255364
AAGGCAGTCTCAAGTG-1,IgD+ve Memory,0.02982864
AAGGCAGTCTGTTGAG-1,NAIVE 2,0.029339746
AAGGTTCAGCTAAACA-1,IgD+ve Memory,0.06508194
AAGGTTCAGCTCCTCT-1,DN2,0.21522668
AAGGTTCAGGACTGGT-1,IgD-ve Memory,0.02034686
AAGGTTCCAAATACAG-1,NAIVE 2,0.056691363
AAGGTTCCAAGCGTAG-1,IgD+ve Memory,0.051395915
AAGGTTCCAATGTAAG-1,ASC 2,0.84798366
AAGGTTCCAGACGCTC-1,DN2,0.18695915
AAGGTTCCAGCTCCGA-1,Early-Activation,0.028352724
AAGGTTCCAGGCAGTA-1,IgD-ve Memory,0.043545358
AAGGTTCCAGTGAGTG-1,DN2,0.17826548
AAGGTTCCATAGACTC-1,IgD+ve Memory,0.047713842
AAGGTTCCATGGTTGT-1,HSP+,0.033501897
AAGGTTCCATGTTGAC-1,IgD+ve Memory,0.06696457
AAGGTTCCATTCACTT-1,ASC 2,0.796201
AAGGTTCCATTTCAGG-1,ASC 3,0.94847655
AAGGTTCGTGATGATA-1,IgD+ve Memory,0.062561266
AAGGTTCGTGCAACGA-1,IgD+ve Memory,0.062313598
AAGGTTCGTTGGGACA-1,NAIVE 1,0.042351022
AAGGTTCTCACCACCT-1,IgD+ve Memory,0.056279667
AAGGTTCTCCGCAGTG-1,IgD-ve Memory,0.028748512
AAGGTTCTCTACCAGA-1,NAIVE 1,0.03925575
AAGGTTCTCTCTTATG-1,IgD-ve Memory,0.03368732
AAGGTTCTCTGCGACG-1,IgD-ve Memory,0.02372098
AAGTCTGAGAATCTCC-1,Cell-Cycling,0.6764327
AAGTCTGAGAGCTTCT-1,IgD-ve Memory,0.039326992
AAGTCTGAGAGGACGG-1,Cell-Cycling,0.6670941
AAGTCTGAGATGTGGC-1,NAIVE 1,0.057759684
AAGTCTGAGCAGGTCA-1,IgD+ve Memory,0.03063549
AAGTCTGAGGCTACGA-1,ASC 2,0.74830896
AAGTCTGAGTAGCGGT-1,IgD+ve Memory,0.042994395
AAGTCTGAGTATCTCG-1,HSP+,0.03594458
AAGTCTGAGTCCTCCT-1,IgD-ve Memory,0.05821342
AAGTCTGAGTGTACCT-1,ASC 2,0.5117568
AAGTCTGCACAACTGT-1,IgD+ve Memory,0.040071312
AAGTCTGCACTTAAGC-1,ASC 2,0.67425096
AAGTCTGCATATGCTG-1,IgD-ve Memory,0.036298446
AAGTCTGCATGCAACT-1,IgD+ve Memory,0.07134051
AAGTCTGCATTGGCGC-1,ASC 2,0.6252801
AAGTCTGCATTGGGCC-1,IgD+ve Memory,0.04452528
AAGTCTGGTAAACCTC-1,IgD-ve Memory,0.1071465
AAGTCTGGTACAGACG-1,NAIVE 2,0.010890968
AAGTCTGGTCTCTTAT-1,NAIVE 1,0.03738621
AAGTCTGGTTATTCTC-1,NAIVE 2,0.03275883
AAGTCTGTCACCTTAT-1,NAIVE 1,0.055891763
AAGTCTGTCCGTACAA-1,IgD-ve Memory,0.041116558
AAGTCTGTCTCGCTTG-1,NAIVE 2,0.028744405
AAGTCTGTCTGCTGTC-1,NAIVE 2,0.18068686
AAGTCTGTCTTGAGAC-1,ASC 2,0.82206136
AATCCAGAGAGCTGCA-1,IgD+ve Memory,0.0365161
AATCCAGAGATCCTGT-1,DN2,0.16177192
AATCCAGAGCTCCTTC-1,NAIVE 1,0.03677559
AATCCAGAGTAGGTGC-1,IgD+ve Memory,0.033726707
AATCCAGAGTGTCCCG-1,NAIVE 2,0.03485103
AATCCAGAGTGTTGAA-1,IgD-ve Memory,0.04948012
AATCCAGCACATAACC-1,IgD-ve Memory,0.030544247
AATCCAGCACGTCTCT-1,NAIVE 2,0.017820435
AATCCAGCAGATCGGA-1,NAIVE 2,0.010223964
AATCCAGCATGCATGT-1,HSP+,0.03381431
AATCCAGGTATCAGTC-1,NAIVE 2,0.0
AATCCAGGTCAGAATA-1,IgD-ve Memory,0.031172883
AATCCAGGTCATATGC-1,IgD-ve Memory,0.01190036
AATCCAGGTGAAAGAG-1,Transitional,0.11372529
AATCCAGGTGATAAAC-1,NAIVE 2,0.04737956
AATCCAGGTTCAGTAC-1,DN2,0.14322147
AATCCAGGTTCTGGTA-1,NAIVE 1,0.060545284
AATCCAGGTTGCCTCT-1,NAIVE 1,0.04870499
AATCCAGTCAACCAAC-1,NAIVE 1,0.040561758
AATCCAGTCACGCGGT-1,NAIVE 2,0.056162313
AATCCAGTCACTTATC-1,IgD+ve Memory,0.026930785
AATCCAGTCAGCGACC-1,IgD-ve Memory,0.024932578
AATCCAGTCATAGCAC-1,NAIVE 1,0.060841255
AATCCAGTCGAACTGT-1,NAIVE 1,0.036574494
AATCCAGTCTGTACGA-1,IgD+ve Memory,0.04428037
AATCCAGTCTTATCTG-1,IgD-ve Memory,0.08154205
AATCGGTAGAAACCAT-1,NAIVE 1,0.046076857
AATCGGTAGACGCTTT-1,DN2,0.22657841
AATCGGTAGGACAGCT-1,ASC 3,0.6949481
AATCGGTAGGAGTTTA-1,IgD-ve Memory,0.041357856
AATCGGTAGGGCTTGA-1,NAIVE 1,0.0368953
AATCGGTAGTACATGA-1,NAIVE 2,0.044746842
AATCGGTCACGTCAGC-1,NAIVE 1,0.063420765
AATCGGTCAGTAGAGC-1,DN2,0.21882617
AATCGGTCATGGTTGT-1,IgD-ve Memory,0.19630772
AATCGGTGTAAGTGGC-1,Early-Activation,0.06196397
AATCGGTGTAGCGTAG-1,Cell-Cycling,0.68317366
AATCGGTGTATCGCAT-1,DN2,0.21826492
AATCGGTGTATGCTTG-1,IgD-ve Memory,0.06534723
AATCGGTGTCGCGTGT-1,ASC 3,0.78056896
AATCGGTGTGTCGCTG-1,ASC 2,0.7303828
AATCGGTGTTGAGTTC-1,NAIVE 1,0.04588778
AATCGGTGTTTCCACC-1,IgD-ve Memory,0.027116068
AATCGGTTCAACACCA-1,ASC 2,0.7797508
AATCGGTTCAAGCCTA-1,ASC 3,0.812413
AATCGGTTCGCCCTTA-1,NAIVE 1,0.037159525
AATCGGTTCGCCTGTT-1,ASC 2,0.84037644
AATCGGTTCGGCGCTA-1,IgD-ve Memory,0.030750208
AATCGGTTCTTGTACT-1,IgD+ve Memory,0.07507144
ACACCAAAGAATGTGT-1,IgD-ve Memory,0.04232493
ACACCAAAGACCCACC-1,IgD+ve Memory,0.076323465
ACACCAAAGACTAGGC-1,IgD+ve Memory,0.048779953
ACACCAAAGATCCTGT-1,DN2,0.2059592
ACACCAAAGATGAGAG-1,DN2,0.22221644
ACACCAAAGCCACGTC-1,DN2,0.05796544
ACACCAAAGGAATTAC-1,NAIVE 1,0.054751765
ACACCAAAGGACATTA-1,ASC 2,0.78542453
ACACCAAAGGCAAAGA-1,NAIVE 1,0.04888252
ACACCAAAGTACACCT-1,DN2,0.22817075
ACACCAAAGTACTTGC-1,IgD-ve Memory,0.04838936
ACACCAAAGTGGACGT-1,NAIVE 2,0.056569766
ACACCAAAGTTGAGAT-1,NAIVE 1,0.048947122
ACACCAAAGTTTAGGA-1,NAIVE 1,0.036406755
ACACCAACAAACCTAC-1,ASC 2,0.8620149
ACACCAACAACAACCT-1,IgD+ve Memory,0.044019733
ACACCAACAAGTACCT-1,ASC 2,0.7661438
ACACCAACAAGTTCTG-1,ASC 2,0.64367115
ACACCAACACCGGAAA-1,IgD+ve Memory,0.05915262
ACACCAACACGCATCG-1,NAIVE 1,0.06558918
ACACCAACACTCGACG-1,ASC 2,0.7185648
ACACCAACATGCAATC-1,DN2,0.22410055
ACACCAAGTAAACCTC-1,IgD-ve Memory,0.050944816
ACACCAAGTCATACTG-1,IgD+ve Memory,0.04613241
ACACCAAGTGTTAAGA-1,NAIVE 1,0.060956437
ACACCAAGTTACCAGT-1,NAIVE 1,0.05980464
ACACCAAGTTCCACGG-1,ASC 2,0.76259726
ACACCAATCAACGGGA-1,NAIVE 2,0.032599296
ACACCAATCCTTGACC-1,ASC 2,0.8201424
ACACCAATCTGTTGAG-1,NAIVE 2,0.005716277
ACACCCTAGACAGACC-1,IgD+ve Memory,0.04056016
ACACCCTAGAGGTTGC-1,IgD+ve Memory,0.040186003
ACACCCTAGATGGGTC-1,NAIVE 2,0.018654851
ACACCCTAGCAAATCA-1,ASC 2,0.5919118
ACACCCTAGCGATATA-1,IgD-ve Memory,0.04027349
ACACCCTAGGCAGGTT-1,NAIVE 2,0.010282996
ACACCCTAGGCAGTCA-1,NAIVE 2,0.17176302
ACACCCTAGTGCCATT-1,ASC 2,0.68118095
ACACCCTCAAGCGATG-1,IgD-ve Memory,0.034319904
ACACCCTCAAGCGTAG-1,IgD+ve Memory,0.04447185
ACACCCTCAAGTTAAG-1,ASC 2,0.7815392
ACACCCTCACAGTCGC-1,DN2,0.21497741
ACACCCTCACATGGGA-1,DN2,0.20265642
ACACCCTCACCGCTAG-1,NAIVE 2,0.017716555
ACACCCTCACTTGGAT-1,IgD-ve Memory,0.025471456
ACACCCTCAGCGATCC-1,IgD+ve Memory,0.04714404
ACACCCTCAGGATCGA-1,IgD-ve Memory,0.042799838
ACACCCTCATACGCCG-1,NAIVE 2,0.037196938
ACACCCTCATGAAGTA-1,IgD+ve Memory,0.03183293
ACACCCTGTAAAGTCA-1,IgD-ve Memory,0.035444565
ACACCCTGTAGCGCTC-1,NAIVE 1,0.056138918
ACACCCTGTCAGAATA-1,IgD+ve Memory,0.053118456
ACACCCTGTCGCTTCT-1,IgD+ve Memory,0.052862994
ACACCCTGTGCCTGCA-1,HSP+,0.08486178
ACACCCTGTGTCAATC-1,ASC 2,0.78431123
ACACCCTGTTACAGAA-1,IgD-ve Memory,0.07059694
ACACCCTGTTCATGGT-1,DN2,0.22672892
ACACCCTTCAAACAAG-1,ASC 2,0.75797623
ACACCCTTCACTATTC-1,IgD-ve Memory,0.033634216
ACACCCTTCCAAATGC-1,IgD-ve Memory,0.026165636
ACACCCTTCCCAAGTA-1,NAIVE 1,0.04596483
ACACCCTTCCGCTGTT-1,NAIVE 1,0.060344342
ACACCCTTCCTAGGGC-1,IgD-ve Memory,0.018835315
ACACCCTTCGAGGTAG-1,NAIVE 2,0.05913699
ACACCCTTCGCGGATC-1,NAIVE 2,0.050645966
ACACCCTTCGCTGATA-1,IgD-ve Memory,0.03095112
ACACCCTTCGTGGACC-1,NAIVE 1,0.037541393
ACACCGGAGAAGCCCA-1,IgD+ve Memory,0.041937295
ACACCGGAGCACAGGT-1,IgD+ve Memory,0.042469364
ACACCGGAGCCAGGAT-1,ASC 2,0.84229404
ACACCGGAGCTCCCAG-1,IgD+ve Memory,0.043475796
ACACCGGAGTCCAGGA-1,IgD+ve Memory,0.039412163
ACACCGGAGTGACTCT-1,ASC 2,0.77143604
ACACCGGCATAAGACA-1,IgD-ve Memory,0.039467838
ACACCGGGTAACGACG-1,DN2,0.20838608
ACACCGGGTAAGTTCC-1,NAIVE 2,0.028383112
ACACCGGGTACGAAAT-1,IgD+ve Memory,0.03082504
ACACCGGGTCAGATAA-1,IgD-ve Memory,0.04510593
ACACCGGGTCCGTCAG-1,ASC 2,0.8523292
ACACCGGGTCGCGAAA-1,IgD-ve Memory,0.019970207
ACACCGGGTCTAGGTT-1,IgD-ve Memory,0.053194642
ACACCGGGTTAAGACA-1,NAIVE 1,0.056347076
ACACCGGTCACTTATC-1,NAIVE 2,0.04005078
ACACCGGTCAGGATCT-1,ASC 2,0.7965993
ACACCGGTCCCTTGCA-1,NAIVE 1,0.042412754
ACACCGGTCGCGTTTC-1,IgD-ve Memory,0.044399664
ACACCGGTCGGAAATA-1,IgD+ve Memory,0.042087644
ACACTGAAGAAGGTTT-1,IgD-ve Memory,0.036250986
ACACTGAAGAATGTTG-1,NAIVE 2,0.015394901
ACACTGAAGACACGAC-1,Early-Activation,0.057421345
ACACTGAAGAGGTTAT-1,IgD+ve Memory,0.035492305
ACACTGAAGGGAAACA-1,NAIVE 1,0.043698102
ACACTGAAGGGATGGG-1,IgD-ve Memory,0.023031553
ACACTGAAGGGCATGT-1,IgD-ve Memory,0.033123765
ACACTGAAGGGTCTCC-1,IgD-ve Memory,0.033677943
ACACTGAAGTCTCCTC-1,IgD+ve Memory,0.071647786
ACACTGACAAAGTGCG-1,ASC 2,0.89393544
ACACTGACAAATACAG-1,IgD-ve Memory,0.066233724
ACACTGACAATGAATG-1,ASC 2,0.7965824
ACACTGACACACCGAC-1,IgD-ve Memory,0.03645528
ACACTGACACAGGAGT-1,HSP+,0.024641875
ACACTGACACATGGGA-1,NAIVE 2,0.030163402
ACACTGACACCGAATT-1,NAIVE 2,0.06579787
ACACTGACACTGCCAG-1,IgD-ve Memory,0.07878589
ACACTGACAGGTCCAC-1,ASC 2,0.71366507
ACACTGACAGGTCTCG-1,IgD-ve Memory,0.09648018
ACACTGAGTATTCGTG-1,NAIVE 1,0.042948842
ACACTGAGTCAATACC-1,IgD-ve Memory,0.07681056
ACACTGAGTCAGAGGT-1,IgD-ve Memory,0.031199591
ACACTGAGTCCGTGAC-1,IgD+ve Memory,0.049479
ACACTGAGTCTCTTAT-1,DN2,0.17947605
ACACTGAGTGTTGGGA-1,IgD-ve Memory,0.031020015
ACACTGAGTTACGACT-1,NAIVE 1,0.045812424
ACACTGAGTTCCACAA-1,ASC 2,0.79603755
ACACTGAGTTTGCATG-1,NAIVE 1,0.022531813
ACACTGATCCAAGCCG-1,HSP+,0.0457498
ACACTGATCTCAAGTG-1,Early-Activation,0.04435412
ACAGCCGAGAAAGTGG-1,IgD+ve Memory,0.061785027
ACAGCCGAGACCTTTG-1,IgD+ve Memory,0.045975152
ACAGCCGAGATCCTGT-1,IgD+ve Memory,0.03314408
ACAGCCGAGCCAGTTT-1,IgD+ve Memory,0.053598184
ACAGCCGAGCGATTCT-1,IgD+ve Memory,0.029822007
ACAGCCGAGCGTTCCG-1,IgD+ve Memory,0.058164217
ACAGCCGAGGCATGTG-1,HSP+,0.04397055
ACAGCCGAGTGTACCT-1,IgD+ve Memory,0.035887
ACAGCCGAGTTACGGG-1,IgD-ve Memory,0.0410887
ACAGCCGCAATGGATA-1,IgD-ve Memory,0.038045637
ACAGCCGCAGACACTT-1,IgD-ve Memory,0.026958829
ACAGCCGCATGGATGG-1,IgD+ve Memory,0.04027297
ACAGCCGGTACCATCA-1,NAIVE 1,0.071547106
ACAGCCGGTCATGCAT-1,IgD-ve Memory,0.0575672
ACAGCCGGTCCAGTAT-1,NAIVE 1,0.046892688
ACAGCCGGTCCGAAGA-1,HSP+,0.047885224
ACAGCCGGTGGCCCTA-1,IgD+ve Memory,0.048758954
ACAGCCGGTTCCAACA-1,IgD-ve Memory,0.05789917
ACAGCCGTCACATGCA-1,NAIVE 1,0.039075408
ACAGCCGTCACCCTCA-1,NAIVE 2,0.010086293
ACAGCCGTCATATCGG-1,ASC 2,0.85123223
ACAGCCGTCATGTGGT-1,IgD-ve Memory,0.03195018
ACAGCCGTCCACGCAG-1,ASC 1,0.7037037
ACAGCCGTCCGAATGT-1,IgD-ve Memory,0.04020489
ACAGCTAAGAATCTCC-1,IgD+ve Memory,0.16132236
ACAGCTAAGACTGGGT-1,ASC 1,0.73310244
ACAGCTAAGCCTATGT-1,IgD-ve Memory,0.050164822
ACAGCTAAGCGCCTCA-1,NAIVE 2,0.043965448
ACAGCTAAGCGGATCA-1,NAIVE 2,0.064337626
ACAGCTAAGCTAGTTC-1,NAIVE 2,0.018873766
ACAGCTAAGGATGCGT-1,IgD+ve Memory,0.05868391
ACAGCTAAGTCTTGCA-1,ASC 2,0.8207798
ACAGCTAAGTTACCCA-1,ASC 2,0.75680894
ACAGCTAAGTTGTAGA-1,IgD+ve Memory,0.043309722
ACAGCTACAACGCACC-1,IgD-ve Memory,0.036849953
ACAGCTACAAGGTTCT-1,IgD+ve Memory,0.0899845
ACAGCTACAAGTTAAG-1,ASC 2,0.6472223
ACAGCTACAATCCGAT-1,IgD+ve Memory,0.07590891
ACAGCTACAATCTACG-1,IgD-ve Memory,0.026771026
ACAGCTACACCTGGTG-1,ASC 2,0.6847467
ACAGCTACAGATCCAT-1,NAIVE 1,0.030180352
ACAGCTACAGCTGCTG-1,ASC 2,0.70364225
ACAGCTACAGTCACTA-1,IgD-ve Memory,0.06168423
ACAGCTACATCGGGTC-1,IgD+ve Memory,0.050235618
ACAGCTACATTAGCCA-1,IgD+ve Memory,0.060820617
ACAGCTACATTTGCCC-1,Early-Activation,0.05939992
ACAGCTAGTGACTCAT-1,IgD-ve Memory,0.060583342
ACAGCTAGTGTGGCTC-1,IgD-ve Memory,0.05032667
ACAGCTAGTGTGGTTT-1,IgD+ve Memory,0.04730592
ACAGCTAGTTCGTTGA-1,IgD+ve Memory,0.059038304
ACAGCTATCACAGTAC-1,NAIVE 1,0.024532229
ACAGCTATCCCTTGCA-1,IgD-ve Memory,0.049761508
ACAGCTATCCGTACAA-1,IgD+ve Memory,0.031225894
ACAGCTATCGGCGGTT-1,IgD+ve Memory,0.025728883
ACAGCTATCTTAACCT-1,ASC 2,0.82838553
ACAGCTATCTTGCCGT-1,IgD-ve Memory,0.03515182
ACATACGAGAATTGTG-1,ASC 2,0.7995465
ACATACGAGCACGCCT-1,IgD+ve Memory,0.0627172
ACATACGAGGACATTA-1,ASC 2,0.53312665
ACATACGAGGTAGCCA-1,NAIVE 1,0.040565845
ACATACGAGGTGACCA-1,ASC 2,0.81761676
ACATACGAGTTCCACA-1,NAIVE 2,0.13009594
ACATACGCAAGCCGTC-1,ASC 2,0.8331489
ACATACGCACGGTTTA-1,Early-Activation,0.06434324
ACATACGCAGCTCGCA-1,DN2,0.175231
ACATACGCAGTAAGAT-1,NAIVE 2,0.06817371
ACATACGCAGTATCTG-1,IgD-ve Memory,0.030599827
ACATACGCAGTTTACG-1,NAIVE 2,0.099823825
ACATACGCATCATCCC-1,ASC 2,0.82539064
ACATACGCATCGGTTA-1,NAIVE 1,0.082409024
ACATACGGTAAATGTG-1,IgD-ve Memory,0.047660545
ACATACGGTGCGGTAA-1,HSP+,0.033240065
ACATACGGTGGTGTAG-1,NAIVE 1,0.038418427
ACATACGGTGTTGAGG-1,NAIVE 1,0.03509173
ACATACGGTTACTGAC-1,NAIVE 1,0.03930399
ACATACGGTTCAGACT-1,IgD-ve Memory,0.046531644
ACATACGTCAAACCGT-1,NAIVE 1,0.080267586
ACATACGTCACAAACC-1,HSP+,0.026191521
ACATACGTCATGTCCC-1,NAIVE 2,0.048754577
ACATACGTCGCTGATA-1,IgD-ve Memory,0.021492897
ACATACGTCTCTAGGA-1,ASC 2,0.8208951
ACATACGTCTGACCTC-1,IgD-ve Memory,0.04271475
ACATACGTCTGCAAGT-1,IgD-ve Memory,0.034867924
ACATCAGAGAGTACAT-1,ASC 2,0.9595234
ACATCAGAGCACAGGT-1,NAIVE 1,0.038759217
ACATCAGAGCGAGAAA-1,IgD+ve Memory,0.040006846
ACATCAGAGCGATTCT-1,IgD+ve Memory,0.045686517
ACATCAGAGGACACCA-1,NAIVE 2,0.16566743
ACATCAGAGTAGGTGC-1,NAIVE 1,0.032400496
ACATCAGAGTCGAGTG-1,IgD+ve Memory,0.043055434
ACATCAGCACCGAAAG-1,IgD+ve Memory,0.03294647
ACATCAGCACCTCGGA-1,IgD+ve Memory,0.0384101
ACATCAGCAGCCTTGG-1,NAIVE 2,0.04382461
ACATCAGCAGCTCCGA-1,ASC 1,0.8416261
ACATCAGCATGACGGA-1,IgD+ve Memory,0.08327703
ACATCAGCATGCCCGA-1,ASC 3,0.8347582
ACATCAGGTCTCTCGT-1,IgD-ve Memory,0.037484497
ACATCAGGTGTAACGG-1,NAIVE 1,0.05411974
ACATCAGGTTCCAACA-1,IgD+ve Memory,0.05279793
ACATCAGGTTCCTCCA-1,NAIVE 1,0.049184166
ACATCAGGTTCGCTAA-1,NAIVE 2,0.029470138
ACATCAGGTTGAGGTG-1,NAIVE 1,0.05496987
ACATCAGGTTGGTGGA-1,NAIVE 2,0.02605006
ACATCAGGTTGGTTTG-1,NAIVE 1,0.044643607
ACATCAGGTTTGACAC-1,NAIVE 2,0.03917864
ACATCAGTCAAGATCC-1,NAIVE 1,0.028278543
ACATCAGTCACAGGCC-1,IgD+ve Memory,0.029616488
ACATCAGTCAGAGACG-1,ASC 3,0.8400807
ACATCAGTCAGCCTAA-1,IgD-ve Memory,0.0313768
ACATCAGTCCATTCTA-1,IgD+ve Memory,0.051755376
ACATCAGTCCCATTTA-1,IgD+ve Memory,0.03324514
ACATCAGTCCTATTCA-1,NAIVE 1,0.053361256
ACATCAGTCGCTGATA-1,IgD-ve Memory,0.06402219
ACATCAGTCTCACATT-1,ASC 2,0.7487042
ACATCAGTCTGGTATG-1,IgD-ve Memory,0.03698613
ACATGGTAGACCACGA-1,NAIVE 2,0.010765078
ACATGGTAGCACCGTC-1,Early-Activation,0.04334481
ACATGGTAGCTAACTC-1,ASC 2,0.7291537
ACATGGTAGCTATGCT-1,HSP+,0.04153872
ACATGGTCAAACGTGG-1,NAIVE 2,0.044199187
ACATGGTCAATAACGA-1,NAIVE 2,0.036588896
ACATGGTCACGAAGCA-1,NAIVE 1,0.050428595
ACATGGTCAGATGGGT-1,IgD-ve Memory,0.10550126
ACATGGTCAGCATGAG-1,HSP+,0.043975174
ACATGGTCAGTGACAG-1,IgD-ve Memory,0.047955975
ACATGGTCATGGTCAT-1,NAIVE 1,0.049775045
ACATGGTGTCAACATC-1,IgD-ve Memory,0.048967946
ACATGGTGTCAGAGGT-1,DN2,0.19865482
ACATGGTGTCGCATAT-1,NAIVE 1,0.0536037
ACATGGTGTCGGATCC-1,NAIVE 2,0.0370339
ACATGGTGTGGTCCGT-1,NAIVE 1,0.054914102
ACATGGTGTTCCATGA-1,ASC 2,0.75866073
ACATGGTGTTGCGTTA-1,IgD-ve Memory,0.03431247
ACATGGTTCAGCATGT-1,Cell-Cycling,0.5482171
ACATGGTTCCATGCTC-1,NAIVE 2,0.007700186
ACATGGTTCCGCAGTG-1,ASC 2,0.8615854
ACATGGTTCGCCGTGA-1,DN2,0.18129298
ACATGGTTCTAACTGG-1,ASC 2,0.670779
ACCAGTAAGAATTCCC-1,IgD-ve Memory,0.026747769
ACCAGTAAGACTAGAT-1,IgD-ve Memory,0.03736048
ACCAGTAAGACTGGGT-1,IgD-ve Memory,0.03732452
ACCAGTAAGAGAGCTC-1,IgD+ve Memory,0.03193547
ACCAGTAAGAGTAATC-1,NAIVE 2,0.09334525
ACCAGTAAGCCACTAT-1,IgD-ve Memory,0.047555007
ACCAGTAAGCGTAATA-1,IgD-ve Memory,0.018642081
ACCAGTAAGGTGCTAG-1,IgD+ve Memory,0.030988283
ACCAGTAAGTGAACAT-1,IgD+ve Memory,0.020638976
ACCAGTAAGTTTCCTT-1,IgD-ve Memory,0.05859054
ACCAGTACAAAGCAAT-1,NAIVE 1,0.03690819
ACCAGTACAAGTAGTA-1,ASC 2,0.79609954
ACCAGTACACAGAGGT-1,ASC 2,0.69119835
ACCAGTACAGCGTCCA-1,Transitional,0.12302893
ACCAGTACATACAGCT-1,NAIVE 1,0.07330934
ACCAGTACATCTCCCA-1,NAIVE 2,0.03264166
ACCAGTAGTACAGTTC-1,IgD+ve Memory,0.05275162
ACCAGTAGTATCACCA-1,NAIVE 2,0.030406874
ACCAGTAGTCATCCCT-1,IgD-ve Memory,0.024106018
ACCAGTAGTCTAGGTT-1,HSP+,0.037748292
ACCAGTAGTGCGGTAA-1,IgD+ve Memory,0.051515214
ACCAGTAGTTGTCGCG-1,NAIVE 2,0.019635294
ACCAGTAGTTTGACAC-1,IgD+ve Memory,0.036067825
ACCAGTATCCCAAGAT-1,NAIVE 1,0.04608641
ACCAGTATCCTGTACC-1,IgD+ve Memory,0.049723033
ACCAGTATCGACAGCC-1,ASC 2,0.6974633
ACCCACTAGATAGGAG-1,NAIVE 1,0.044900488
ACCCACTAGCACAGGT-1,IgD+ve Memory,0.037114125
ACCCACTAGCAGCGTA-1,NAIVE 1,0.04476544
ACCCACTAGCTAAACA-1,IgD+ve Memory,0.034045976
ACCCACTAGCTGAAAT-1,HSP+,0.06256231
ACCCACTAGGCATGTG-1,IgD-ve Memory,0.038788002
ACCCACTAGTACGACG-1,Transitional,0.11643154
ACCCACTAGTGTTGAA-1,IgD-ve Memory,0.021921825
ACCCACTCACCAGGTC-1,IgD+ve Memory,0.06745728
ACCCACTCAGCCACCA-1,DN2,0.18910843
ACCCACTCATGTCTCC-1,NAIVE 1,0.07880888
ACCCACTCATTCACTT-1,NAIVE 1,0.057170134
ACCCACTGTACATCCA-1,NAIVE 2,0.03880238
ACCCACTGTAGATTAG-1,ASC 2,0.77655125
ACCCACTGTAGCGATG-1,IgD+ve Memory,0.050096516
ACCCACTGTAGCTCCG-1,IgD+ve Memory,0.04529326
ACCCACTGTATTCTCT-1,IgD-ve Memory,0.01991441
ACCCACTGTCGAGATG-1,ASC 1,0.7658628
ACCCACTGTCTTGCGG-1,IgD-ve Memory,0.035798684
ACCCACTTCACAGTAC-1,ASC 2,0.95857203
ACCCACTTCAGTGCAT-1,NAIVE 2,0.037245646
ACCCACTTCCACGCAG-1,IgD-ve Memory,0.05567101
ACCCACTTCGAACTGT-1,IgD-ve Memory,0.032602645
ACCCACTTCGGGAGTA-1,NAIVE 1,0.039505634
ACCCACTTCGTCTGAA-1,ASC 1,0.6915269
ACCCACTTCGTGGTCG-1,ASC 2,0.8069321
ACCCACTTCTCGTTTA-1,IgD-ve Memory,0.035319597
ACCGTAAAGAACTGTA-1,IgD-ve Memory,0.04379289
ACCGTAAAGAAGGGTA-1,NAIVE 1,0.04122706
ACCGTAAAGACATAAC-1,ASC 2,0.8241911
ACCGTAAAGAGCTTCT-1,ASC 3,0.8137351
ACCGTAAAGAGGACGG-1,IgD+ve Memory,0.0463333
ACCGTAAAGATTACCC-1,NAIVE 1,0.082930766
ACCGTAAAGCCAGGAT-1,IgD+ve Memory,0.042688053
ACCGTAAAGGAGCGAG-1,ASC 2,0.7579122
ACCGTAAAGGCATGTG-1,ASC 2,0.7778934
ACCGTAAAGGCCGAAT-1,ASC 2,0.88206923
ACCGTAAAGGCTAGGT-1,NAIVE 1,0.03522537
ACCGTAAAGTCGTACT-1,NAIVE 1,0.03589003
ACCGTAAAGTGGCACA-1,ASC 2,0.80928683
ACCGTAACAAAGCGGT-1,ASC 2,0.926115
ACCGTAACACGAAACG-1,IgD+ve Memory,0.039922412
ACCGTAACAGCGTAAG-1,IgD+ve Memory,0.05351338
ACCGTAACATGAAGTA-1,IgD+ve Memory,0.04831603
ACCGTAACATGTAAGA-1,IgD-ve Memory,0.026991872
ACCGTAACATTACCTT-1,NAIVE 2,0.020106219
ACCGTAAGTAAATACG-1,IgD-ve Memory,0.02447299
ACCGTAAGTACCGGCT-1,IgD-ve Memory,0.03678252
ACCGTAAGTACCGTAT-1,IgD+ve Memory,0.05724449
ACCGTAAGTCCCTTGT-1,NAIVE 1,0.032949824
ACCGTAAGTTCGAATC-1,NAIVE 2,0.026309684
ACCGTAATCAATAAGG-1,NAIVE 2,0.018350007
ACCGTAATCACCATAG-1,NAIVE 1,0.026344618
ACCGTAATCCCTGACT-1,NAIVE 2,0.026782595
ACCGTAATCGATGAGG-1,ASC 2,0.8285058
ACCGTAATCGCGGATC-1,IgD-ve Memory,0.0366304
ACCGTAATCTTAGCCC-1,ASC 2,0.83247924
ACCGTAATCTTGTATC-1,Early-Activation,0.057952758
ACCGTAATCTTTAGGG-1,ASC 2,0.80723137
ACCTTTAAGAATAGGG-1,ASC 3,0.5678833
ACCTTTAAGATGTAAC-1,Cell-Cycling,0.4207247
ACCTTTAAGCACGCCT-1,NAIVE 2,0.1279006
ACCTTTAAGCCACCTG-1,ASC 2,0.8178628
ACCTTTAAGGTGCACA-1,IgD+ve Memory,0.040941313
ACCTTTAAGTACGTTC-1,NAIVE 1,0.027915524
ACCTTTACAAAGGAAG-1,IgD-ve Memory,0.033523906
ACCTTTACAACACGCC-1,NAIVE 2,0.033651497
ACCTTTACAAGCCATT-1,IgD-ve Memory,0.034999102
ACCTTTACACCCAGTG-1,IgD+ve Memory,0.08504768
ACCTTTACACGGCTAC-1,IgD+ve Memory,0.047916453
ACCTTTACACGGTGTC-1,IgD+ve Memory,0.024991287
ACCTTTACACGTTGGC-1,ASC 2,0.718315
ACCTTTACAGCTGCTG-1,ASC 2,0.8362167
ACCTTTACATAGGATA-1,IgD-ve Memory,0.03606988
ACCTTTACATTTCAGG-1,ASC 2,0.7423181
ACCTTTAGTACCAGTT-1,IgD+ve Memory,0.06183597
ACCTTTAGTAGTACCT-1,IgD+ve Memory,0.03391712
ACCTTTAGTCCATGAT-1,HSP+,0.0845577
ACCTTTAGTCTCACCT-1,IgD+ve Memory,0.069641106
ACCTTTAGTGCCTGGT-1,NAIVE 1,0.044816002
ACCTTTAGTTACGGAG-1,IgD+ve Memory,0.0770247
ACCTTTAGTTGTGGCC-1,IgD+ve Memory,0.036306776
ACCTTTAGTTTGGCGC-1,IgD+ve Memory,0.033478003
ACCTTTATCATGTGGT-1,Early-Activation,0.028436095
ACCTTTATCTCAAGTG-1,IgD+ve Memory,0.039741244
ACCTTTATCTCTAGGA-1,IgD-ve Memory,0.06774309
ACCTTTATCTCTTATG-1,NAIVE 2,0.019055033
ACCTTTATCTGAGGGA-1,ASC 2,0.70015895
ACCTTTATCTGTTTGT-1,IgD-ve Memory,0.057681434
ACGAGCCAGACCACGA-1,IgD+ve Memory,0.048708756
ACGAGCCAGACCTTTG-1,IgD+ve Memory,0.044380974
ACGAGCCAGATAGCAT-1,NAIVE 1,0.045998186
ACGAGCCAGTACCGGA-1,NAIVE 2,0.024980417
ACGAGCCCAATCCGAT-1,IgD-ve Memory,0.04022071
ACGAGCCCACCATCCT-1,IgD-ve Memory,0.0189939
ACGAGCCCAGCTCGCA-1,IgD+ve Memory,0.021579225
ACGAGCCCAGGGAGAG-1,IgD+ve Memory,0.033568434
ACGAGCCCAGGTCCAC-1,IgD-ve Memory,0.05241673
ACGAGCCCATCAGTAC-1,ASC 2,0.84744036
ACGAGCCGTACGACCC-1,IgD-ve Memory,0.037248433
ACGAGCCGTACTCTCC-1,NAIVE 1,0.016447915
ACGAGCCGTATAATGG-1,IgD+ve Memory,0.06950247
ACGAGCCGTCTCTCGT-1,IgD+ve Memory,0.052440662
ACGAGCCGTGATGATA-1,IgD+ve Memory,0.03907545
ACGAGCCGTGCAGTAG-1,HSP+,0.038390152
ACGAGCCGTGTGAAAT-1,IgD+ve Memory,0.083585635
ACGAGCCGTTCAACCA-1,HSP+,0.1413838
ACGAGCCGTTTAGCTG-1,NAIVE 1,0.052702516
ACGAGCCTCAAACCGT-1,IgD+ve Memory,0.038836878
ACGAGCCTCCACGTTC-1,NAIVE 2,0.041624162
ACGAGCCTCCAGAGGA-1,IgD+ve Memory,0.035100184
ACGAGCCTCCGTAGTA-1,IgD+ve Memory,0.039090373
ACGAGCCTCCTACAGA-1,NAIVE 1,0.10527452
ACGAGCCTCGGACAAG-1,NAIVE 2,0.009170952
ACGAGCCTCGTCCAGG-1,DN2,0.18458746
ACGAGCCTCTGCCAGG-1,IgD-ve Memory,0.018357668
ACGAGCCTCTGGTATG-1,NAIVE 1,0.04807009
ACGAGGAAGCAGATCG-1,IgD-ve Memory,0.026741564
ACGAGGAAGCCCGAAA-1,NAIVE 2,0.023981394
ACGAGGAAGCGATGAC-1,NAIVE 1,0.0398641
ACGAGGAAGCTGCGAA-1,IgD-ve Memory,0.02886828
ACGAGGAAGGCATGGT-1,IgD-ve Memory,0.028517017
ACGAGGAAGGCTAGAC-1,NAIVE 2,0.033783216
ACGAGGAAGTGCCATT-1,IgD+ve Memory,0.032765906
ACGAGGAAGTTGCAGG-1,HSP+,0.090123
ACGAGGACAATCCGAT-1,IgD-ve Memory,0.036981575
ACGAGGACAATGGTCT-1,ASC 3,0.82149327
ACGAGGACAGGTGCCT-1,IgD-ve Memory,0.062201023
ACGAGGACATCCCATC-1,Transitional,0.12940815
ACGAGGAGTATATGGA-1,IgD-ve Memory,0.026333168
ACGAGGAGTCTTCGTC-1,IgD-ve Memory,0.035102572
ACGAGGAGTGAGGGTT-1,ASC 2,0.7776717
ACGAGGAGTGTGGTTT-1,HSP+,0.015898958
ACGAGGATCCCAACGG-1,IgD-ve Memory,0.053330414
ACGAGGATCCGCGTTT-1,IgD+ve Memory,0.046676762
ACGAGGATCGGTTAAC-1,IgD+ve Memory,0.037429478
ACGAGGATCTGGAGCC-1,ASC 2,0.7422054
ACGATACAGAAAGTGG-1,NAIVE 2,0.007640537
ACGATACAGCGCTTAT-1,ASC 2,0.68258464
ACGATACAGGTAGCCA-1,IgD-ve Memory,0.067594215
ACGATACAGGTGCTTT-1,NAIVE 1,0.03947773
ACGATACAGTTGTAGA-1,IgD+ve Memory,0.084448196
ACGATACCAAATTGCC-1,IgD+ve Memory,0.05228083
ACGATACCAAGACACG-1,NAIVE 2,0.0149193285
ACGATACCAGCCTTGG-1,IgD-ve Memory,0.12417771
ACGATACCATATACGC-1,ASC 2,0.8525422
ACGATACCATGGAATA-1,NAIVE 1,0.058903024
ACGATACGTAAGGGCT-1,ASC 2,0.8340781
ACGATACGTAAGTTCC-1,ASC 2,0.5857197
ACGATACGTACTCAAC-1,NAIVE 2,0.0156076355
ACGATACGTAGCGTGA-1,DN2,0.19217618
ACGATACGTTGTGGCC-1,Cell-Cycling,0.578855
ACGATACTCACCTCGT-1,IgD+ve Memory,0.033854306
ACGATACTCATTCACT-1,NAIVE 2,0.030300824
ACGATACTCCAAGCCG-1,NAIVE 2,0.026543045
ACGATACTCCTCTAGC-1,IgD-ve Memory,0.07033785
ACGATACTCCTTTCGG-1,ASC 2,0.8119529
ACGATACTCTACTATC-1,NAIVE 2,0.029308543
ACGATGTAGAGGTACC-1,IgD-ve Memory,0.044742007
ACGATGTAGATCACGG-1,IgD+ve Memory,0.05884281
ACGATGTAGCAGACTG-1,NAIVE 2,0.06640821
ACGATGTAGCGATGAC-1,IgD-ve Memory,0.06280717
ACGATGTAGGATATAC-1,IgD-ve Memory,0.026655238
ACGATGTAGGCCCTTG-1,IgD+ve Memory,0.08803528
ACGATGTAGGTCATCT-1,NAIVE 1,0.06376285
ACGATGTAGGTGATAT-1,IgD+ve Memory,0.05983831
ACGATGTAGTGCGATG-1,IgD+ve Memory,0.027222093
ACGATGTCAAAGGTGC-1,NAIVE 2,0.054742835
ACGATGTCAAGCGATG-1,IgD-ve Memory,0.032559656
ACGATGTCACGAGAGT-1,ASC 3,0.75132686
ACGATGTCAGATGGGT-1,IgD-ve Memory,0.020419091
ACGATGTCAGCTGCAC-1,NAIVE 1,0.07209877
ACGATGTGTAACGACG-1,IgD-ve Memory,0.0398922
ACGATGTGTAACGCGA-1,IgD-ve Memory,0.027177496
ACGATGTGTAAGGATT-1,NAIVE 1,0.040088
ACGATGTGTACCCAAT-1,Transitional,0.116230346
ACGATGTGTACTTCTT-1,IgD-ve Memory,0.03999897
ACGATGTGTCATGCAT-1,NAIVE 1,0.02065525
ACGATGTGTGCACCAC-1,IgD+ve Memory,0.026213974
ACGATGTGTTACCAGT-1,NAIVE 2,0.007888068
ACGATGTGTTCACGGC-1,IgD-ve Memory,0.017869292
ACGATGTGTTGCTCCT-1,ASC 2,0.7679781
ACGATGTTCACCCGAG-1,DN2,0.1754442
ACGATGTTCAGTGCAT-1,IgD+ve Memory,0.03598501
ACGATGTTCATACGGT-1,IgD-ve Memory,0.03847493
ACGATGTTCCCGGATG-1,IgD-ve Memory,0.054044846
ACGATGTTCGGCGCAT-1,IgD-ve Memory,0.047036488
ACGATGTTCGTACGGC-1,IgD+ve Memory,0.06435124
ACGCAGCAGACTAGAT-1,IgD+ve Memory,0.04549022
ACGCAGCAGCTGGAAC-1,HSP+,0.043318234
ACGCAGCAGGGAACGG-1,ASC 2,0.81663036
ACGCAGCAGGTCGGAT-1,IgD-ve Memory,0.06431256
ACGCAGCAGTAATCCC-1,Transitional,0.12225137
ACGCAGCCAAGAGGCT-1,HSP+,0.025342597
ACGCAGCCAATAACGA-1,IgD-ve Memory,0.03824369
ACGCAGCCACTTGGAT-1,ASC 3,0.771046
ACGCAGCCAGTAACGG-1,NAIVE 2,0.047676172
ACGCAGCCAGTGGGAT-1,ASC 2,0.8538673
ACGCAGCCATGCTAGT-1,Cell-Cycling,0.56130874
ACGCAGCGTAGCAAAT-1,NAIVE 1,0.05975046
ACGCAGCGTAGCCTAT-1,IgD+ve Memory,0.039509974
ACGCAGCGTCATACTG-1,IgD+ve Memory,0.048888396
ACGCAGCGTCCGAACC-1,IgD+ve Memory,0.042096127
ACGCAGCGTCTCACCT-1,IgD+ve Memory,0.050527897
ACGCAGCGTGCAACTT-1,ASC 2,0.656264
ACGCAGCGTGTGCGTC-1,NAIVE 2,0.15220985
ACGCAGCTCTCGTATT-1,ASC 2,0.72154915
ACGCCAGAGACAAGCC-1,IgD-ve Memory,0.043910116
ACGCCAGAGACACGAC-1,IgD+ve Memory,0.06878517
ACGCCAGAGACGACGT-1,ASC 2,0.75713843
ACGCCAGAGCCCAGCT-1,IgD-ve Memory,0.0369145
ACGCCAGAGCCCTAAT-1,NAIVE 2,0.02663892
ACGCCAGAGCGCCTCA-1,Transitional,0.123682156
ACGCCAGAGCTGCCCA-1,NAIVE 2,0.01762287
ACGCCAGAGTGCTGCC-1,ASC 1,0.80745006
ACGCCAGCAACACCTA-1,ASC 3,0.6134459
ACGCCAGCAAGCCCAC-1,IgD-ve Memory,0.028650407
ACGCCAGCACACAGAG-1,IgD-ve Memory,0.015091786
ACGCCAGCACCTATCC-1,Transitional,0.114381745
ACGCCAGCAGTCCTTC-1,IgD+ve Memory,0.026186097
ACGCCAGCAGTTTACG-1,Early-Activation,0.05061687
ACGCCAGCATCACGAT-1,IgD-ve Memory,0.09154903
ACGCCAGGTAAGTTCC-1,NAIVE 1,0.08085194
ACGCCAGGTCGCGTGT-1,IgD+ve Memory,0.06106614
ACGCCAGGTCTGATTG-1,IgD-ve Memory,0.014648581
ACGCCAGGTGTGAAAT-1,NAIVE 2,0.0953575
ACGCCAGTCAGAGGTG-1,Cell-Cycling,0.26502252
ACGCCAGTCCAGGGCT-1,ASC 2,0.7776282
ACGCCAGTCTCGTATT-1,ASC 2,0.610702
ACGCCAGTCTGCTGTC-1,IgD+ve Memory,0.036117867
ACGCCAGTCTTGCAAG-1,NAIVE 1,0.04895951
ACGCCGAAGAAGGTTT-1,ASC 2,0.6045453
ACGCCGAAGAATCTCC-1,Cell-Cycling,0.30730802
ACGCCGAAGATACACA-1,IgD+ve Memory,0.018306673
ACGCCGAAGCAGACTG-1,IgD+ve Memory,0.044204254
ACGCCGAAGCCACTAT-1,IgD+ve Memory,0.058292054
ACGCCGAAGTAACCCT-1,IgD-ve Memory,0.032695364
ACGCCGAAGTCTCAAC-1,IgD-ve Memory,0.040757205
ACGCCGACAAGTTAAG-1,IgD+ve Memory,0.031703856
ACGCCGACAATCCGAT-1,DN2,0.19646132
ACGCCGACAGACGTAG-1,NAIVE 1,0.055253897
ACGCCGACAGTGACAG-1,ASC 2,0.7476564
ACGCCGACAGTTTACG-1,NAIVE 2,0.010419477
ACGCCGACATCTCCCA-1,ASC 2,0.76581204
ACGCCGACATTAACCG-1,ASC 2,0.7941351
ACGCCGAGTAGCGCAA-1,ASC 3,0.8346007
ACGCCGAGTCAGTGGA-1,IgD+ve Memory,0.034106333
ACGCCGAGTCGGCTCA-1,IgD-ve Memory,0.029743524
ACGCCGAGTGGAAAGA-1,IgD+ve Memory,0.030237686
ACGCCGAGTGGCTCCA-1,IgD+ve Memory,0.048362587
ACGCCGAGTTATCCGA-1,DN2,0.18865867
ACGCCGAGTTCTGAAC-1,NAIVE 1,0.05783958
ACGCCGATCAGGCGAA-1,IgD+ve Memory,0.040644236
ACGCCGATCATTTGGG-1,IgD-ve Memory,0.053018928
ACGCCGATCCGAAGAG-1,ASC 2,0.78495157
ACGCCGATCCGTCATC-1,NAIVE 2,0.054061744
ACGGAGAAGAAACGAG-1,IgD+ve Memory,0.047598504
ACGGAGAAGCAGGTCA-1,Early-Activation,0.06267549
ACGGAGAAGCTCCTTC-1,IgD-ve Memory,0.047865186
ACGGAGAAGCTTCGCG-1,DN2,0.21086901
ACGGAGAAGGGAAACA-1,IgD-ve Memory,0.030291615
ACGGAGAAGTCTCAAC-1,IgD-ve Memory,0.05324331
ACGGAGAAGTGAATTG-1,NAIVE 1,0.0373297
ACGGAGACAAGCCCAC-1,IgD-ve Memory,0.03386373
ACGGAGACACATCCGG-1,NAIVE 2,0.18410428
ACGGAGACAGTGACAG-1,IgD+ve Memory,0.06501449
ACGGAGACAGTGGAGT-1,IgD+ve Memory,0.037255075
ACGGAGACATCAGTCA-1,IgD-ve Memory,0.049709268
ACGGAGACATCCTAGA-1,IgD-ve Memory,0.03986964
ACGGAGACATTCCTCG-1,NAIVE 1,0.034375116
ACGGAGACATTTGCTT-1,NAIVE 1,0.018670116
ACGGAGAGTAATTGGA-1,HSP+,0.035280727
ACGGAGAGTACAGTTC-1,Cell-Cycling,0.2986785
ACGGAGAGTAGTACCT-1,ASC 2,0.634569
ACGGAGAGTCATGCAT-1,HSP+,0.041239325
ACGGAGAGTCCGACGT-1,Cell-Cycling,0.57065284
ACGGAGAGTGCACTTA-1,IgD-ve Memory,0.019757193
ACGGAGAGTTCCACTC-1,NAIVE 1,0.056681067
ACGGAGATCAACACAC-1,ASC 2,0.78882796
ACGGAGATCAAGAAGT-1,IgD-ve Memory,0.043867424
ACGGAGATCACAGTAC-1,IgD+ve Memory,0.07653274
ACGGAGATCACTATTC-1,DN2,0.073139675
ACGGAGATCAGGCGAA-1,IgD+ve Memory,0.037951767
ACGGAGATCCCACTTG-1,NAIVE 2,0.0994708
ACGGAGATCGCCATAA-1,HSP+,0.034851685
ACGGAGATCGCCGTGA-1,IgD-ve Memory,0.046880323
ACGGAGATCGTCTGAA-1,IgD-ve Memory,0.049734104
ACGGAGATCGTTACAG-1,HSP+,0.05595382
ACGGAGATCGTTACGA-1,HSP+,0.1251585
ACGGAGATCGTTGCCT-1,NAIVE 1,0.042610228
ACGGAGATCTCCGGTT-1,NAIVE 1,0.048004944
ACGGAGATCTCTTATG-1,NAIVE 1,0.06862548
ACGGAGATCTGATACG-1,IgD-ve Memory,0.045381982
ACGGAGATCTGGTGTA-1,IgD-ve Memory,0.044948366
ACGGCCAAGAAGGCCT-1,IgD-ve Memory,0.039458785
ACGGCCAAGAGAGCTC-1,Cell-Cycling,0.54882383
ACGGCCAAGGTGGGTT-1,NAIVE 1,0.028661558
ACGGCCAAGTGTCCCG-1,IgD-ve Memory,0.05346103
ACGGCCACAACACGCC-1,NAIVE 2,0.16288064
ACGGCCACAATGGAAT-1,IgD-ve Memory,0.0725844
ACGGCCACAATGTAAG-1,NAIVE 1,0.07260739
ACGGCCACACCCAGTG-1,IgD+ve Memory,0.03271325
ACGGCCACACTATCTT-1,NAIVE 2,0.025479361
ACGGCCACACTTCGAA-1,IgD-ve Memory,0.0493961
ACGGCCACATACGCCG-1,IgD+ve Memory,0.022189371
ACGGCCACATTCCTGC-1,ASC 2,0.70639044
ACGGCCAGTACCGAGA-1,IgD-ve Memory,0.13417993
ACGGCCAGTAGCACGA-1,IgD-ve Memory,0.053039122
ACGGCCAGTCCAGTTA-1,IgD-ve Memory,0.05665416
ACGGCCAGTCTCTTTA-1,IgD+ve Memory,0.04235047
ACGGCCAGTGAAATCA-1,Cell-Cycling,0.64153457
ACGGCCAGTGCACGAA-1,NAIVE 2,0.021316178
ACGGCCAGTGGCGAAT-1,NAIVE 2,0.012115158
ACGGCCAGTTACGCGC-1,IgD+ve Memory,0.03571706
ACGGCCAGTTGATTCG-1,NAIVE 1,0.044153523
ACGGCCATCAACGGGA-1,IgD+ve Memory,0.052363485
ACGGCCATCCAAACAC-1,ASC 2,0.6156458
ACGGCCATCCTAGTGA-1,NAIVE 1,0.050064687
ACGGCCATCGGTGTTA-1,IgD-ve Memory,0.028257504
ACGGCCATCGTCTGCT-1,DN2,0.19941676
ACGGCCATCTGAGGGA-1,IgD+ve Memory,0.030873382
ACGGCCATCTGTCTAT-1,NAIVE 1,0.043456577
ACGGCCATCTTAGAGC-1,IgD-ve Memory,0.06202884
ACGGCCATCTTTAGGG-1,IgD-ve Memory,0.03438721
ACGGGCTAGCGTCTAT-1,ASC 2,0.76121163
ACGGGCTAGGCAATTA-1,IgD+ve Memory,0.030372055
ACGGGCTAGGGTCGAT-1,IgD+ve Memory,0.04627936
ACGGGCTAGGTGTGGT-1,IgD+ve Memory,0.050822154
ACGGGCTAGTGAAGTT-1,Cell-Cycling,0.4530153
ACGGGCTAGTGCGATG-1,IgD-ve Memory,0.022794629
ACGGGCTAGTGTTTGC-1,IgD-ve Memory,0.029196918
ACGGGCTAGTTACGGG-1,NAIVE 1,0.055222582
ACGGGCTCAAGGACTG-1,NAIVE 1,0.042107627
ACGGGCTCACCATGTA-1,DN2,0.20264399
ACGGGCTCACGAGGTA-1,IgD-ve Memory,0.036335982
ACGGGCTCAGCCTGTG-1,IgD-ve Memory,0.041574575
ACGGGCTCAGCGATCC-1,IgD+ve Memory,0.04948593
ACGGGCTCAGGATTGG-1,NAIVE 1,0.0546087
ACGGGCTCATATGGTC-1,IgD-ve Memory,0.048032913
ACGGGCTCATCGGAAG-1,NAIVE 1,0.042574972
ACGGGCTCATGCCTAA-1,NAIVE 1,0.032380816
ACGGGCTGTACATGTC-1,NAIVE 2,0.08877723
ACGGGCTGTAGCTGCC-1,IgD+ve Memory,0.03957228
ACGGGCTGTATCAGTC-1,NAIVE 1,0.06103202
ACGGGCTGTCAAGCGA-1,IgD+ve Memory,0.05829605
ACGGGCTGTCGAACAG-1,IgD+ve Memory,0.032117516
ACGGGCTGTCTAGTCA-1,DN2,0.07019757
ACGGGCTGTTTGTTTC-1,IgD+ve Memory,0.05453501
ACGGGCTTCAGCTTAG-1,IgD+ve Memory,0.031567436
ACGGGCTTCCTATTCA-1,NAIVE 2,0.03390218
ACGGGCTTCGCCATAA-1,IgD-ve Memory,0.0698764
ACGGGCTTCTGAAAGA-1,IgD-ve Memory,0.029980734
ACGGGTCAGAGAGCTC-1,IgD-ve Memory,0.043510865
ACGGGTCAGAGTACAT-1,NAIVE 2,0.006883645
ACGGGTCAGATAGGAG-1,IgD+ve Memory,0.04512288
ACGGGTCAGATGGGTC-1,NAIVE 1,0.050587565
ACGGGTCAGCTGCGAA-1,IgD+ve Memory,0.033332713
ACGGGTCAGGCATTGG-1,DN2,0.05569854
ACGGGTCAGTGGGATC-1,DN2,0.15089977
ACGGGTCAGTGGTAAT-1,NAIVE 1,0.05534118
ACGGGTCAGTGTACGG-1,NAIVE 2,0.026337197
ACGGGTCCAATGGTCT-1,NAIVE 1,0.045592193
ACGGGTCCAGTACACT-1,IgD+ve Memory,0.018576834
ACGGGTCCAGTCGATT-1,IgD-ve Memory,0.03654376
ACGGGTCCATCATCCC-1,Cell-Cycling,0.3908367
ACGGGTCCATTACCTT-1,ASC 2,0.8519265
ACGGGTCCATTGCGGC-1,Early-Activation,0.12735967
ACGGGTCGTACCATCA-1,ASC 2,0.81890273
ACGGGTCGTCTAAAGA-1,IgD+ve Memory,0.06791403
ACGGGTCGTCTGCGGT-1,IgD+ve Memory,0.035753295
ACGGGTCGTGGACGAT-1,IgD+ve Memory,0.054836318
ACGGGTCGTTGGGACA-1,IgD-ve Memory,0.031200765
ACGGGTCTCAAAGTAG-1,NAIVE 2,0.010367722
ACGGGTCTCAATCTCT-1,NAIVE 2,0.028691849
ACGGGTCTCCGAAGAG-1,ASC 2,0.5479939
ACGGGTCTCCTGTAGA-1,IgD-ve Memory,0.03551668
ACGGGTCTCGCCGTGA-1,IgD-ve Memory,0.022669226
ACGGGTCTCTCCCTGA-1,NAIVE 2,0.028849464
ACGTCAAAGAAAGTGG-1,ASC 2,0.68947715
ACGTCAAAGACCACGA-1,DN2,0.18911897
ACGTCAAAGACTTGAA-1,HSP+,0.02426713
ACGTCAAAGAGTCTGG-1,ASC 2,0.88983285
ACGTCAAAGATGGGTC-1,DN2,0.20374572
ACGTCAAAGCAAATCA-1,HSP+,0.099880174
ACGTCAAAGCTAAACA-1,Early-Activation,0.14418797
ACGTCAAAGCTGTTCA-1,IgD+ve Memory,0.024805766
ACGTCAAAGTCCGGTC-1,NAIVE 2,0.024654597
ACGTCAACAATGTAAG-1,IgD-ve Memory,0.04606028
ACGTCAACACCGAAAG-1,NAIVE 2,0.02514111
ACGTCAACAGGATTGG-1,IgD+ve Memory,0.04204423
ACGTCAACAGTTAACC-1,IgD-ve Memory,0.0439774
ACGTCAACATGTAGTC-1,IgD-ve Memory,0.043133095
ACGTCAACATTAACCG-1,NAIVE 1,0.05096411
ACGTCAAGTACCGGCT-1,ASC 2,0.71121526
ACGTCAAGTCCGAAGA-1,IgD-ve Memory,0.059906688
ACGTCAAGTCGCGAAA-1,IgD+ve Memory,0.037711907
ACGTCAAGTCTTGCGG-1,DN2,0.027541678
ACGTCAAGTTCCCTTG-1,NAIVE 2,0.014391264
ACGTCAAGTTCGCTAA-1,NAIVE 1,0.038714524
ACGTCAAGTTGGTAAA-1,NAIVE 2,0.028693259
ACGTCAATCACCGGGT-1,ASC 2,0.8550555
ACGTCAATCACTGGGC-1,IgD-ve Memory,0.05666251
ACGTCAATCCAGGGCT-1,NAIVE 2,0.036214832
ACGTCAATCCTGCTTG-1,IgD+ve Memory,0.023589555
ACGTCAATCGAGAACG-1,ASC 2,0.85535944
ACGTCAATCGAGGTAG-1,IgD-ve Memory,0.05437432
ACGTCAATCGCTTGTC-1,IgD+ve Memory,0.046638396
ACGTCAATCGGAGGTA-1,IgD+ve Memory,0.026337154
ACGTCAATCGGCATCG-1,IgD-ve Memory,0.030096669
ACGTCAATCTTATCTG-1,HSP+,0.053901345
ACTATCTAGACAAAGG-1,NAIVE 2,0.018372903
ACTATCTAGACAGACC-1,ASC 2,0.66722184
ACTATCTAGACAGAGA-1,NAIVE 2,0.050195046
ACTATCTAGCCGGTAA-1,ASC 2,0.55091274
ACTATCTAGTGGGATC-1,ASC 2,0.81908596
ACTATCTCAAGGGTCA-1,NAIVE 1,0.03716669
ACTATCTCACACGCTG-1,NAIVE 1,0.040586807
ACTATCTCACAGGCCT-1,Cell-Cycling,0.3675211
ACTATCTCACCTCGTT-1,ASC 3,0.72134703
ACTATCTCACGACGAA-1,IgD-ve Memory,0.07009459
ACTATCTCAGCCAGAA-1,Transitional,0.123748794
ACTATCTCAGTGGAGT-1,NAIVE 2,0.08124968
ACTATCTGTACAGACG-1,Cell-Cycling,0.42786437
ACTATCTGTATAGGGC-1,IgD+ve Memory,0.059818096
ACTATCTGTCGCGGTT-1,IgD+ve Memory,0.052087244
ACTATCTGTCGTTGTA-1,NAIVE 1,0.03402202
ACTATCTGTGTGACGA-1,ASC 1,0.6572422
ACTATCTGTTGTCGCG-1,NAIVE 1,0.07810489
ACTATCTGTTTGACAC-1,ASC 2,0.69561946
ACTATCTTCCAAACTG-1,Cell-Cycling,0.5088867
ACTATCTTCCATGAAC-1,NAIVE 2,0.06860452
ACTATCTTCTACCAGA-1,IgD+ve Memory,0.07764759
ACTGAACAGATGCCAG-1,IgD-ve Memory,0.028698273
ACTGAACAGATGTGGC-1,HSP+,0.06041546
ACTGAACAGCCGATTT-1,ASC 2,0.6472088
ACTGAACAGCCGCCTA-1,NAIVE 2,0.01764701
ACTGAACAGGACAGCT-1,ASC 2,0.65470886
ACTGAACAGGCGTACA-1,ASC 2,0.783044
ACTGAACAGGGCTCTC-1,ASC 2,0.6838168
ACTGAACAGGGTATCG-1,NAIVE 1,0.04579615
ACTGAACAGGTGATAT-1,IgD+ve Memory,0.031585414
ACTGAACAGTCACGCC-1,IgD-ve Memory,0.039527502
ACTGAACAGTGAACAT-1,NAIVE 1,0.040309284
ACTGAACAGTGAAGAG-1,IgD+ve Memory,0.050228633
ACTGAACAGTGCAAGC-1,NAIVE 1,0.041861545
ACTGAACAGTGGGATC-1,IgD-ve Memory,0.05896884
ACTGAACAGTTACCCA-1,IgD+ve Memory,0.03670692
ACTGAACCAAGAGTCG-1,IgD-ve Memory,0.049010634
ACTGAACCACAGGTTT-1,IgD-ve Memory,0.035390086
ACTGAACCAGTCGATT-1,HSP+,0.02848268
ACTGAACCAGTGACAG-1,IgD+ve Memory,0.067096524
ACTGAACCATGACATC-1,IgD-ve Memory,0.0336648
ACTGAACCATTACGAC-1,ASC 2,0.83894396
ACTGAACGTACCGAGA-1,ASC 1,0.7237504
ACTGAACGTACTTAGC-1,DN2,0.19454946
ACTGAACGTGAGGCTA-1,IgD+ve Memory,0.06859564
ACTGAACGTGGTACAG-1,NAIVE 2,0.035492156
ACTGAACGTTATCCGA-1,Early-Activation,0.059325278
ACTGAACGTTTAGCTG-1,IgD-ve Memory,0.030098796
ACTGAACTCATCGGAT-1,IgD-ve Memory,0.038508844
ACTGAACTCGTACCGG-1,ASC 3,0.8078262
ACTGAACTCTCTTGAT-1,IgD-ve Memory,0.02821935
ACTGAACTCTGATTCT-1,IgD-ve Memory,0.046727583
ACTGAGTAGACAGAGA-1,IgD+ve Memory,0.034215376
ACTGAGTAGACATAAC-1,IgD-ve Memory,0.03745847
ACTGAGTAGACTAGAT-1,HSP+,0.03693047
ACTGAGTAGATAGTCA-1,HSP+,0.03351464
ACTGAGTAGCTTATCG-1,IgD+ve Memory,0.048619006
ACTGAGTAGGATTCGG-1,NAIVE 1,0.073321536
ACTGAGTAGGGAGTAA-1,IgD-ve Memory,0.06462556
ACTGAGTAGGGCATGT-1,DN2,0.18873371
ACTGAGTAGGGTATCG-1,Transitional,0.11983818
ACTGAGTAGTGAAGTT-1,NAIVE 1,0.029928656
ACTGAGTAGTGCAAGC-1,ASC 2,0.71514285
ACTGAGTCAAACAACA-1,ASC 2,0.7677875
ACTGAGTCAACGATCT-1,NAIVE 1,0.03164889
ACTGAGTCACAACTGT-1,IgD+ve Memory,0.027635809
ACTGAGTCACCCTATC-1,IgD+ve Memory,0.04446494
ACTGAGTCACTGTCGG-1,NAIVE 1,0.04342873
ACTGAGTCAGCTGTGC-1,NAIVE 1,0.03556451
ACTGAGTCAGGGATTG-1,NAIVE 1,0.037141968
ACTGAGTCAGTGGGAT-1,NAIVE 2,0.03711986
ACTGAGTCATTATCTC-1,IgD-ve Memory,0.06569917
ACTGAGTGTATAGGGC-1,Transitional,0.11542067
ACTGAGTGTCCAACTA-1,IgD-ve Memory,0.03291597
ACTGAGTGTCCAGTAT-1,NAIVE 1,0.038223814
ACTGAGTGTGCGATAG-1,NAIVE 2,0.018766593
ACTGAGTGTGCTTCTC-1,IgD-ve Memory,0.048158474
ACTGAGTGTGTGTGCC-1,IgD+ve Memory,0.06445029
ACTGAGTGTTAGATGA-1,ASC 2,0.738947
ACTGAGTGTTGGTTTG-1,NAIVE 1,0.027318044
ACTGAGTGTTTACTCT-1,NAIVE 1,0.054062434
ACTGAGTTCCACGCAG-1,Cell-Cycling,0.6766366
ACTGAGTTCCGATATG-1,IgD-ve Memory,0.029663533
ACTGAGTTCGCCCTTA-1,HSP+,0.11540764
ACTGAGTTCGCGTTTC-1,IgD+ve Memory,0.035952173
ACTGAGTTCGTGGTCG-1,NAIVE 2,0.015514954
ACTGAGTTCTAACCGA-1,NAIVE 1,0.045982745
ACTGAGTTCTAGAGTC-1,IgD+ve Memory,0.055265617
ACTGAGTTCTTTAGGG-1,ASC 2,0.6694795
ACTGATGAGAAACGCC-1,ASC 2,0.6671416
ACTGATGAGAAGGACA-1,ASC 2,0.8757702
ACTGATGAGCCCAACC-1,IgD-ve Memory,0.065374345
ACTGATGAGCCTATGT-1,IgD-ve Memory,0.045497656
ACTGATGAGCTCCCAG-1,DN2,0.20503262
ACTGATGAGCTGTTCA-1,IgD+ve Memory,0.030800413
ACTGATGAGGATGGTC-1,NAIVE 2,0.010365596
ACTGATGAGGGAAACA-1,ASC 2,0.76794505
ACTGATGAGGGTCTCC-1,IgD-ve Memory,0.019930411
ACTGATGCAAAGAATC-1,NAIVE 1,0.037451085
ACTGATGCAATACGCT-1,IgD+ve Memory,0.056841277
ACTGATGCACCGTTGG-1,NAIVE 2,0.06844235
ACTGATGCAGCAGTTT-1,Transitional,0.121042304
ACTGATGCAGTAACGG-1,IgD-ve Memory,0.03348148
ACTGATGCAGTGGGAT-1,NAIVE 2,0.09031755
ACTGATGCATGTAGTC-1,ASC 2,0.8775069
ACTGATGGTAAGTTCC-1,IgD+ve Memory,0.05234628
ACTGATGGTACCAGTT-1,IgD+ve Memory,0.048606794
ACTGATGGTCCGTGAC-1,ASC 2,0.7110642
ACTGATGGTCGCATAT-1,ASC 2,0.7946691
ACTGATGGTGACTACT-1,HSP+,0.045914188
ACTGATGGTGATAAGT-1,IgD+ve Memory,0.060220215
ACTGATGGTTCGTGAT-1,IgD-ve Memory,0.019815367
ACTGATGGTTGCCTCT-1,Cell-Cycling,0.38274667
ACTGATGTCAGAAATG-1,IgD+ve Memory,0.022980135
ACTGATGTCAGCATGT-1,NAIVE 1,0.06989528
ACTGATGTCAGCGACC-1,IgD-ve Memory,0.08388181
ACTGATGTCATCTGCC-1,NAIVE 1,0.035404157
ACTGATGTCATTTGGG-1,NAIVE 2,0.0054119304
ACTGATGTCCCGGATG-1,NAIVE 1,0.045398474
ACTGATGTCCTTGCCA-1,IgD-ve Memory,0.05031649
ACTGATGTCGCGTTTC-1,ASC 2,0.8206253
ACTGATGTCTCCTATA-1,IgD-ve Memory,0.04702966
ACTGCTCAGAGTGAGA-1,IgD-ve Memory,0.022251626
ACTGCTCAGCACGCCT-1,NAIVE 2,0.039914113
ACTGCTCAGCAGGCTA-1,NAIVE 2,0.022074508
ACTGCTCAGCCGATTT-1,ASC 1,0.88343585
ACTGCTCAGCGTCAAG-1,IgD-ve Memory,0.034173157
ACTGCTCAGGCAAAGA-1,IgD+ve Memory,0.042829484
ACTGCTCAGGGAGTAA-1,DN2,0.18791358
ACTGCTCAGGGTATCG-1,IgD-ve Memory,0.04465856
ACTGCTCAGTCGAGTG-1,NAIVE 2,0.03533507
ACTGCTCAGTGACATA-1,IgD-ve Memory,0.05184553
ACTGCTCAGTGTACTC-1,NAIVE 2,0.0113465525
ACTGCTCCAAGCCTAT-1,ASC 3,0.84590954
ACTGCTCCAAGCGCTC-1,IgD+ve Memory,0.061839703
ACTGCTCCAAGCTGGA-1,IgD+ve Memory,0.06403119
ACTGCTCCAAGGACAC-1,IgD-ve Memory,0.03899323
ACTGCTCCAATGGAGC-1,ASC 2,0.8413916
ACTGCTCCACAAGACG-1,ASC 1,0.8058243
ACTGCTCCAGCATGAG-1,IgD-ve Memory,0.01882555
ACTGCTCCAGGCTCAC-1,IgD+ve Memory,0.02181324
ACTGCTCCAGGCTGAA-1,IgD+ve Memory,0.070319384
ACTGCTCCAGTATCTG-1,IgD-ve Memory,0.013703635
ACTGCTCCAGTCACTA-1,Early-Activation,0.044052813
ACTGCTCCAGTCGATT-1,IgD-ve Memory,0.037191335
ACTGCTCGTAAACCTC-1,Cell-Cycling,0.33975112
ACTGCTCGTAATCACC-1,HSP+,0.06275153
ACTGCTCGTACCCAAT-1,ASC 2,0.7920858
ACTGCTCGTACGAAAT-1,DN2,0.17549272
ACTGCTCGTCAAGCGA-1,DN2,0.18227352
ACTGCTCGTCGGGTCT-1,IgD-ve Memory,0.023310458
ACTGCTCGTGTGAATA-1,IgD+ve Memory,0.02545578
ACTGCTCGTTAAAGTG-1,Transitional,0.12357108
ACTGCTCTCAGTTAGC-1,NAIVE 1,0.04951477
ACTGCTCTCCAAAGTC-1,NAIVE 1,0.055914763
ACTGCTCTCCCAGGTG-1,IgD+ve Memory,0.036372155
ACTGCTCTCGATCCCT-1,NAIVE 1,0.033842962
ACTGCTCTCGCTTAGA-1,ASC 2,0.7223766
ACTGCTCTCTCTGAGA-1,IgD-ve Memory,0.037904244
ACTGCTCTCTGCCAGG-1,IgD-ve Memory,0.037885044
ACTGCTCTCTTTACAC-1,NAIVE 1,0.072232716
ACTGTCCAGAGCCTAG-1,NAIVE 1,0.03737693
ACTGTCCAGGTAGCTG-1,ASC 1,0.8462268
ACTGTCCAGGTCGGAT-1,Early-Activation,0.051250625
ACTGTCCCAAGGACAC-1,DN2,0.21526675
ACTGTCCCACTATCTT-1,IgD+ve Memory,0.04096022
ACTGTCCCACTTACGA-1,NAIVE 2,0.030946927
ACTGTCCCAGGACGTA-1,IgD-ve Memory,0.04500126
ACTGTCCGTCTTTCAT-1,NAIVE 1,0.043619614
ACTGTCCGTTGCGTTA-1,NAIVE 1,0.0379368
ACTGTCCGTTTGGCGC-1,NAIVE 2,0.033629414
ACTGTCCTCAAGGCTT-1,IgD-ve Memory,0.037511237
ACTGTCCTCAATAAGG-1,NAIVE 2,0.05157848
ACTGTCCTCCGCAGTG-1,IgD+ve Memory,0.07098979
ACTGTCCTCCTGCTTG-1,NAIVE 2,0.023999587
ACTGTCCTCCTTTCGG-1,DN2,0.15340716
ACTGTCCTCGTTACAG-1,IgD+ve Memory,0.04436744
ACTGTCCTCTCACATT-1,ASC 2,0.85184556
ACTTACTAGAATCTCC-1,IgD+ve Memory,0.04504364
ACTTACTAGATGGGTC-1,ASC 2,0.71482426
ACTTACTAGCTGCAAG-1,NAIVE 1,0.04300553
ACTTACTAGGCTCAGA-1,NAIVE 1,0.057767738
ACTTACTAGTACGATA-1,NAIVE 2,0.04555989
ACTTACTAGTCCATAC-1,NAIVE 2,0.04441077
ACTTACTCAAGACACG-1,DN2,0.2169722
ACTTACTCAGTCGATT-1,NAIVE 2,0.020331234
ACTTACTGTACCAGTT-1,IgD+ve Memory,0.07146233
ACTTACTGTATGGTTC-1,ASC 3,0.8364999
ACTTACTGTCCAAGTT-1,IgD+ve Memory,0.039118506
ACTTACTGTCCATCCT-1,DN2,0.20996307
ACTTACTGTCGCATAT-1,NAIVE 1,0.07445986
ACTTACTGTCGTGGCT-1,IgD+ve Memory,0.0496502
ACTTACTGTCTGCGGT-1,IgD+ve Memory,0.049355883
ACTTACTTCAACACAC-1,NAIVE 2,0.06844841
ACTTACTTCAACGCTA-1,IgD+ve Memory,0.05391887
ACTTACTTCAGTCCCT-1,NAIVE 2,0.050677646
ACTTACTTCCGTAGTA-1,Transitional,0.12634332
ACTTACTTCGCCCTTA-1,IgD-ve Memory,0.041939493
ACTTACTTCTGGTATG-1,IgD+ve Memory,0.067488365
ACTTACTTCTTTCCTC-1,IgD-ve Memory,0.10794691
ACTTGTTAGAGTTGGC-1,NAIVE 2,0.025564983
ACTTGTTAGATATGGT-1,NAIVE 2,0.028614698
ACTTGTTAGCACAGGT-1,IgD-ve Memory,0.032979757
ACTTGTTAGCGTAATA-1,NAIVE 2,0.048959263
ACTTGTTAGGCTAGCA-1,Cell-Cycling,0.36100072
ACTTGTTAGGGTTTCT-1,Cell-Cycling,0.6828606
ACTTGTTAGTACGCCC-1,ASC 3,0.8513987
ACTTGTTAGTGTGGCA-1,NAIVE 1,0.058247194
ACTTGTTCAAGGCTCC-1,NAIVE 2,0.045249175
ACTTGTTCAATCGGTT-1,IgD-ve Memory,0.032965463
ACTTGTTCACCGTTGG-1,ASC 2,0.6401936
ACTTGTTCACGAAGCA-1,IgD-ve Memory,0.056201816
ACTTGTTCAGTCGATT-1,HSP+,0.029491834
ACTTGTTCAGTCTTCC-1,NAIVE 2,0.03324466
ACTTGTTCATCGATTG-1,NAIVE 1,0.058187053
ACTTGTTCATGCCTTC-1,IgD+ve Memory,0.1443714
ACTTGTTGTCTGCAAT-1,IgD-ve Memory,0.11144851
ACTTGTTGTTCGCGAC-1,IgD-ve Memory,0.03308654
ACTTGTTTCAACACAC-1,NAIVE 1,0.04200859
ACTTGTTTCGGCTTGG-1,IgD+ve Memory,0.03736962
ACTTGTTTCGTGTAGT-1,IgD-ve Memory,0.020935709
ACTTGTTTCTTCTGGC-1,NAIVE 1,0.057837542
ACTTTCAAGAAGCCCA-1,HSP+,0.0674487
ACTTTCAAGAAGGTTT-1,NAIVE 1,0.046498448
ACTTTCAAGATGTTAG-1,IgD-ve Memory,0.0319879
ACTTTCAAGCCCAGCT-1,NAIVE 1,0.033511445
ACTTTCAAGGGATCTG-1,Cell-Cycling,0.57673895
ACTTTCAAGTCGTACT-1,ASC 2,0.80557257
ACTTTCAAGTGACATA-1,IgD+ve Memory,0.03198932
ACTTTCAAGTGGGATC-1,NAIVE 1,0.035503983
ACTTTCACAAAGCAAT-1,ASC 2,0.32056865
ACTTTCACAAGGACAC-1,HSP+,0.05861434
ACTTTCACAAGTTCTG-1,IgD-ve Memory,0.070516296
ACTTTCACACAACGTT-1,IgD+ve Memory,0.06645076
ACTTTCACAGACAGGT-1,NAIVE 1,0.083521634
ACTTTCACAGCTCGAC-1,NAIVE 1,0.043172732
ACTTTCACAGGGCATA-1,ASC 3,0.79810965
ACTTTCAGTCTCGTTC-1,NAIVE 2,0.019928074
ACTTTCAGTGAGCGAT-1,HSP+,0.038805168
ACTTTCAGTGCAGACA-1,IgD-ve Memory,0.066611
ACTTTCAGTGTGACGA-1,IgD+ve Memory,0.042138603
ACTTTCATCAAACGGG-1,IgD+ve Memory,0.035101164
ACTTTCATCAAGATCC-1,NAIVE 1,0.0467271
ACTTTCATCAAGGCTT-1,NAIVE 1,0.044020638
ACTTTCATCATGCTCC-1,NAIVE 2,0.103098035
ACTTTCATCGCAAGCC-1,NAIVE 1,0.04682329
AGAATAGAGACTAGAT-1,NAIVE 2,0.042173628
AGAATAGAGATGTGGC-1,IgD+ve Memory,0.04983829
AGAATAGAGGCGCTCT-1,HSP+,0.041700345
AGAATAGAGGTCATCT-1,IgD+ve Memory,0.052692395
AGAATAGAGTAATCCC-1,IgD+ve Memory,0.0586885
AGAATAGAGTGAAGAG-1,Early-Activation,0.0584595
AGAATAGCAAACTGCT-1,IgD+ve Memory,0.043931723
AGAATAGCAACACCCG-1,IgD-ve Memory,0.021839708
AGAATAGCACCAGATT-1,NAIVE 1,0.030729514
AGAATAGCACCGCTAG-1,ASC 2,0.6885796
AGAATAGCAGGAATCG-1,IgD+ve Memory,0.034681007
AGAATAGCATCCGGGT-1,NAIVE 2,0.04734326
AGAATAGCATCTATGG-1,IgD-ve Memory,0.088656045
AGAATAGCATGGAATA-1,DN2,0.20527771
AGAATAGCATTCGACA-1,HSP+,0.10672992
AGAATAGGTAGAGCTG-1,IgD+ve Memory,0.057261184
AGAATAGGTAGAGGAA-1,IgD-ve Memory,0.05250558
AGAATAGGTAGCTCCG-1,IgD-ve Memory,0.020360783
AGAATAGGTATAATGG-1,NAIVE 2,0.07431988
AGAATAGGTCAACATC-1,IgD+ve Memory,0.05468129
AGAATAGGTCTAGCGC-1,NAIVE 1,0.017818263
AGAATAGGTGACCAAG-1,IgD-ve Memory,0.020819496
AGAATAGGTGCTCTTC-1,NAIVE 1,0.06166607
AGAATAGGTTCACCTC-1,NAIVE 2,0.044919755
AGAATAGGTTCATGGT-1,IgD-ve Memory,0.03458373
AGAATAGTCAGAGACG-1,NAIVE 1,0.046555586
AGAATAGTCCATGAGT-1,NAIVE 2,0.012646106
AGAATAGTCCGAATGT-1,IgD-ve Memory,0.049667988
AGAATAGTCCGCATAA-1,DN2,0.032901514
AGAATAGTCCGTTGCT-1,IgD+ve Memory,0.03379173
AGAATAGTCGCCGTGA-1,NAIVE 1,0.04003784
AGAATAGTCGGCTTGG-1,ASC 1,0.83648235
AGAATAGTCTAACCGA-1,IgD-ve Memory,0.04149109
AGAATAGTCTGTACGA-1,ASC 2,0.83297426
AGACGTTAGAGATGAG-1,HSP+,0.033819
AGACGTTAGCACCGCT-1,IgD+ve Memory,0.04414825
AGACGTTAGGAACTGC-1,IgD+ve Memory,0.071168445
AGACGTTAGGCCCTTG-1,Transitional,0.12617257
AGACGTTAGGTGATTA-1,NAIVE 1,0.046135817
AGACGTTAGTAAGTAC-1,ASC 2,0.85356075
AGACGTTAGTACACCT-1,DN2,0.11678126
AGACGTTAGTGTACCT-1,NAIVE 1,0.10254317
AGACGTTAGTTGAGTA-1,IgD-ve Memory,0.03694822
AGACGTTCAAAGAATC-1,NAIVE 1,0.04939161
AGACGTTCAAGGTGTG-1,NAIVE 2,0.07180185
AGACGTTCAATGTAAG-1,NAIVE 2,0.03885902
AGACGTTCATGCCCGA-1,DN2,0.10646471
AGACGTTCATTTCACT-1,Transitional,0.12001527
AGACGTTGTAGCGCAA-1,ASC 3,0.8185993
AGACGTTGTCTCTTTA-1,IgD+ve Memory,0.0406694
AGACGTTGTGGTGTAG-1,ASC 2,0.8094682
AGACGTTGTTAGAACA-1,ASC 2,0.7540089
AGACGTTGTTATCACG-1,IgD+ve Memory,0.05667958
AGACGTTGTTGATTGC-1,ASC 3,0.8337818
AGACGTTTCCTATTCA-1,NAIVE 1,0.034190748
AGACGTTTCCTTGCCA-1,IgD-ve Memory,0.027141633
AGACGTTTCGCCCTTA-1,IgD-ve Memory,0.022731943
AGACGTTTCGTCACGG-1,DN2,0.22045869
AGACGTTTCTTAGAGC-1,IgD-ve Memory,0.123943895
AGAGCGAAGACGCAAC-1,IgD-ve Memory,0.05973441
AGAGCGAAGATGTCGG-1,IgD-ve Memory,0.024482133
AGAGCGAAGGCATTGG-1,NAIVE 2,0.024086887
AGAGCGAAGTAGATGT-1,IgD+ve Memory,0.04779309
AGAGCGACACGCTTTC-1,IgD-ve Memory,0.041816983
AGAGCGACAGAGTGTG-1,IgD-ve Memory,0.03355336
AGAGCGACAGGAATCG-1,IgD+ve Memory,0.05415186
AGAGCGACAGGGTTAG-1,IgD-ve Memory,0.045075573
AGAGCGACAGTCGTGC-1,IgD+ve Memory,0.06408139
AGAGCGAGTCAACATC-1,NAIVE 1,0.048565995
AGAGCGAGTCAGGACA-1,IgD-ve Memory,0.015522911
AGAGCGAGTCCGAAGA-1,NAIVE 2,0.011916086
AGAGCGAGTCCGAGTC-1,IgD+ve Memory,0.033396643
AGAGCGAGTGCAGTAG-1,IgD+ve Memory,0.032756332
AGAGCGAGTGTTAAGA-1,IgD-ve Memory,0.022985527
AGAGCGAGTTCAACCA-1,IgD-ve Memory,0.052565135
AGAGCGATCCCGACTT-1,IgD+ve Memory,0.059669517
AGAGCGATCTGCAGTA-1,ASC 2,0.7919066
AGAGCGATCTTCCTTC-1,IgD+ve Memory,0.059075918
AGAGCTTAGATAGCAT-1,IgD-ve Memory,0.022421412
AGAGCTTAGCCGTCGT-1,NAIVE 2,0.012978887
AGAGCTTAGCTAGTTC-1,NAIVE 2,0.06381653
AGAGCTTAGCTGAACG-1,IgD-ve Memory,0.025863715
AGAGCTTAGCTTATCG-1,NAIVE 2,0.069309615
AGAGCTTAGGATCGCA-1,ASC 1,0.73764217
AGAGCTTAGGGATACC-1,IgD+ve Memory,0.033753816
AGAGCTTAGTAATCCC-1,NAIVE 1,0.06082901
AGAGCTTAGTACATGA-1,IgD+ve Memory,0.02604416
AGAGCTTAGTGGGCTA-1,NAIVE 1,0.051628184
AGAGCTTCAACTGGCC-1,ASC 3,0.74561423
AGAGCTTCAATAACGA-1,IgD+ve Memory,0.04653918
AGAGCTTCACTGTGTA-1,IgD+ve Memory,0.0485326
AGAGCTTCAGGGTACA-1,IgD-ve Memory,0.027005065
AGAGCTTCATGAGCGA-1,ASC 2,0.8421329
AGAGCTTGTACCGTTA-1,Early-Activation,0.030497331
AGAGCTTGTAGGACAC-1,Cell-Cycling,0.41256702
AGAGCTTGTCTGGTCG-1,NAIVE 2,0.04647703
AGAGCTTGTGACAAAT-1,ASC 2,0.8360531
AGAGCTTGTGCCTGTG-1,NAIVE 1,0.06318758
AGAGCTTTCAACACGT-1,Cell-Cycling,0.37749234
AGAGCTTTCAGGCAAG-1,IgD-ve Memory,0.024942735
AGAGCTTTCAGTGCAT-1,NAIVE 2,0.087986484
AGAGCTTTCATACGGT-1,IgD-ve Memory,0.051999807
AGAGCTTTCCACGAAT-1,IgD+ve Memory,0.04299103
AGAGCTTTCGGACAAG-1,DN2,0.22148924
AGAGCTTTCGGTTAAC-1,IgD-ve Memory,0.02119722
AGAGCTTTCGTCCAGG-1,NAIVE 1,0.13174787
AGAGCTTTCTCGGACG-1,IgD-ve Memory,0.040826857
AGAGTGGAGGCAGTCA-1,Early-Activation,0.055834103
AGAGTGGAGGGCTCTC-1,NAIVE 2,0.05839586
AGAGTGGAGTGGTCCC-1,ASC 2,0.9614775
AGAGTGGAGTTATCGC-1,IgD-ve Memory,0.049166925
AGAGTGGCAAGTTAAG-1,IgD+ve Memory,0.045400005
AGAGTGGCAATAACGA-1,Cell-Cycling,0.015458748
AGAGTGGCACAACGCC-1,Early-Activation,0.03959185
AGAGTGGCAGACAAGC-1,IgD+ve Memory,0.042411428
AGAGTGGCAGGTCGTC-1,IgD-ve Memory,0.027493134
AGAGTGGCAGTCAGCC-1,IgD-ve Memory,0.053465426
AGAGTGGCATGTTCCC-1,IgD+ve Memory,0.040877163
AGAGTGGGTCGGGTCT-1,IgD-ve Memory,0.032328248
AGAGTGGGTCGTTGTA-1,IgD-ve Memory,0.035962608
AGAGTGGGTCTTGCGG-1,NAIVE 2,0.028113026
AGAGTGGGTGAGGGTT-1,Cell-Cycling,0.38967964
AGAGTGGGTTCCAACA-1,ASC 2,0.76676786
AGAGTGGGTTCGGGCT-1,NAIVE 2,0.023509044
AGAGTGGTCACAATGC-1,IgD-ve Memory,0.026239384
AGAGTGGTCAGTTGAC-1,IgD-ve Memory,0.063546956
AGAGTGGTCCGATATG-1,NAIVE 2,0.025359375
AGAGTGGTCCTCCTAG-1,Cell-Cycling,0.19241256
AGAGTGGTCGAGAGCA-1,NAIVE 1,0.033576928
AGAGTGGTCGGTGTTA-1,DN2,0.19456331
AGAGTGGTCGTCTGAA-1,ASC 2,0.8026334
AGAGTGGTCTATGTGG-1,ASC 2,0.6177316
AGAGTGGTCTGGTATG-1,HSP+,0.12583654
AGAGTGGTCTGGTGTA-1,IgD+ve Memory,0.030157175
AGATCTGAGAAGATTC-1,IgD-ve Memory,0.03894942
AGATCTGAGAATTCCC-1,IgD+ve Memory,0.045615807
AGATCTGAGACTGGGT-1,IgD-ve Memory,0.06042158
AGATCTGAGATAGTCA-1,IgD-ve Memory,0.05187212
AGATCTGAGCGTCAAG-1,NAIVE 2,0.008041533
AGATCTGAGCTCCTTC-1,HSP+,0.0383872
AGATCTGAGGATGGTC-1,IgD+ve Memory,0.045279276
AGATCTGAGGCTACGA-1,NAIVE 1,0.074672155
AGATCTGAGGCTCTTA-1,IgD+ve Memory,0.039408587
AGATCTGAGTGGAGTC-1,IgD+ve Memory,0.047147643
AGATCTGAGTGTACCT-1,ASC 2,0.81205344
AGATCTGCAAGTAATG-1,NAIVE 2,0.030204384
AGATCTGCAAGTCTAC-1,ASC 2,0.84254855
AGATCTGCAATGGTCT-1,IgD-ve Memory,0.05511612
AGATCTGCACAAGCCC-1,IgD+ve Memory,0.031880878
AGATCTGCACCGCTAG-1,Early-Activation,0.05880805
AGATCTGCAGCCACCA-1,NAIVE 1,0.046501547
AGATCTGCAGCTTAAC-1,ASC 2,0.83880836
AGATCTGCATATACCG-1,IgD-ve Memory,0.04768926
AGATCTGCATCCTAGA-1,NAIVE 1,0.05409686
AGATCTGCATCGACGC-1,NAIVE 2,0.048055965
AGATCTGCATTCACTT-1,IgD-ve Memory,0.06595894
AGATCTGGTAAGGATT-1,NAIVE 2,0.044125058
AGATCTGGTTCCGTCT-1,IgD+ve Memory,0.06220205
AGATCTGGTTCTGGTA-1,IgD+ve Memory,0.065738544
AGATCTGTCAAGAAGT-1,IgD+ve Memory,0.036716715
AGATCTGTCATTGCGA-1,IgD-ve Memory,0.026542058
AGATCTGTCCGTACAA-1,NAIVE 1,0.036343098
AGATCTGTCGATCCCT-1,NAIVE 1,0.037986666
AGATCTGTCGGAAACG-1,ASC 2,0.89872736
AGATCTGTCTAACTGG-1,Cell-Cycling,0.35380772
AGATCTGTCTAGAGTC-1,Cell-Cycling,0.53639174
AGATTGCAGAAGGTGA-1,NAIVE 2,0.007918976
AGATTGCAGATAGGAG-1,Transitional,0.12561288
AGATTGCAGCGCCTCA-1,IgD-ve Memory,0.045926727
AGATTGCAGGAGCGAG-1,NAIVE 1,0.06476915
AGATTGCCAAGCGTAG-1,NAIVE 1,0.04896782
AGATTGCCAGCTCGAC-1,NAIVE 2,0.018278249
AGATTGCCATGAAGTA-1,ASC 1,0.7208291
AGATTGCGTAAGGGAA-1,IgD+ve Memory,0.04561499
AGATTGCGTAGCAAAT-1,IgD+ve Memory,0.058163103
AGATTGCGTATAATGG-1,IgD-ve Memory,0.034179337
AGATTGCGTCAAAGCG-1,NAIVE 2,0.030424897
AGATTGCGTCATATGC-1,IgD+ve Memory,0.047959693
AGATTGCGTGACTCAT-1,ASC 2,0.7851205
AGATTGCGTGCTGTAT-1,ASC 2,0.7593046
AGATTGCGTGTGGCTC-1,DN2,0.15197939
AGATTGCTCCGTCATC-1,IgD-ve Memory,0.07097136
AGATTGCTCCTCATTA-1,ASC 2,0.6436823
AGATTGCTCGCTTAGA-1,IgD-ve Memory,0.02984206
AGATTGCTCGGCTACG-1,IgD+ve Memory,0.062774405
AGATTGCTCTTGCAAG-1,IgD+ve Memory,0.048634898
AGCAGCCAGAATGTGT-1,IgD+ve Memory,0.039394297
AGCAGCCAGCGTTGCC-1,Cell-Cycling,0.43809333
AGCAGCCAGGGTCGAT-1,NAIVE 1,0.08140877
AGCAGCCAGTACATGA-1,IgD-ve Memory,0.028625177
AGCAGCCAGTCTCCTC-1,NAIVE 2,0.047539204
AGCAGCCCAAGCCTAT-1,IgD+ve Memory,0.9082866
AGCAGCCCACCATCCT-1,Early-Activation,0.039802372
AGCAGCCCACCCAGTG-1,Early-Activation,0.052940097
AGCAGCCCACCCTATC-1,IgD-ve Memory,0.045435805
AGCAGCCCACCTATCC-1,IgD-ve Memory,0.062416125
AGCAGCCCACGGCCAT-1,ASC 2,0.837343
AGCAGCCCACGGTAGA-1,Cell-Cycling,0.66294116
AGCAGCCCAGCGTCCA-1,IgD-ve Memory,0.06630963
AGCAGCCCAGGTGGAT-1,NAIVE 2,0.024921905
AGCAGCCGTACAGACG-1,IgD-ve Memory,0.06028528
AGCAGCCGTATAATGG-1,ASC 2,0.8061185
AGCAGCCGTCGCGTGT-1,IgD+ve Memory,0.056079883
AGCAGCCGTCTCATCC-1,NAIVE 1,0.048897944
AGCAGCCGTGGGTATG-1,NAIVE 2,0.06846397
AGCAGCCGTTGACGTT-1,ASC 2,0.82484704
AGCAGCCGTTTGACAC-1,NAIVE 2,0.061249133
AGCAGCCTCAATCTCT-1,IgD-ve Memory,0.049888488
AGCAGCCTCACATACG-1,NAIVE 2,0.03968808
AGCAGCCTCAGTGTTG-1,IgD-ve Memory,0.020480938
AGCAGCCTCATATCGG-1,ASC 2,0.8546908
AGCAGCCTCATCTGCC-1,IgD+ve Memory,0.06899351
AGCAGCCTCCACGTTC-1,ASC 2,0.84061867
AGCAGCCTCCCTTGTG-1,IgD-ve Memory,0.04921664
AGCAGCCTCCGCGGTA-1,NAIVE 2,0.050095614
AGCAGCCTCGTATCAG-1,IgD+ve Memory,0.052898493
AGCAGCCTCTTGTACT-1,ASC 3,0.7788374
AGCAGCCTCTTTCCTC-1,IgD-ve Memory,0.042853907
AGCATACAGACCCACC-1,IgD+ve Memory,0.038988594
AGCATACAGAGACTTA-1,IgD+ve Memory,0.056827117
AGCATACAGAGCCCAA-1,IgD-ve Memory,0.011236556
AGCATACAGATAGGAG-1,IgD-ve Memory,0.119172044
AGCATACAGCAATCTC-1,NAIVE 2,0.028007245
AGCATACAGCACAGGT-1,ASC 3,0.83373153
AGCATACAGCTACCTA-1,NAIVE 2,0.032888927
AGCATACAGGAATCGC-1,ASC 2,0.80151457
AGCATACAGGATATAC-1,IgD-ve Memory,0.045127664
AGCATACAGGCACATG-1,HSP+,0.032302286
AGCATACAGTAGCGGT-1,IgD-ve Memory,0.027135404
AGCATACCAAGCCGCT-1,IgD+ve Memory,0.048314553
AGCATACCACGAGAGT-1,IgD-ve Memory,0.02461514
AGCATACCATATGCTG-1,Early-Activation,0.05644476
AGCATACCATTCCTGC-1,ASC 2,0.7989695
AGCATACGTAAGTGTA-1,Cell-Cycling,0.5531114
AGCATACGTACGCACC-1,IgD-ve Memory,0.037029054
AGCATACGTAGAGGAA-1,ASC 2,0.93263966
AGCATACGTAGCCTCG-1,IgD-ve Memory,0.06277462
AGCATACGTATGCTTG-1,ASC 2,0.7755656
AGCATACGTCGGATCC-1,IgD-ve Memory,0.041897137
AGCATACGTTAGGGTG-1,Transitional,0.502652
AGCATACGTTTAGCTG-1,IgD-ve Memory,0.047796592
AGCATACTCCTTCAAT-1,NAIVE 1,0.047830135
AGCATACTCTCGATGA-1,ASC 2,0.81281954
AGCATACTCTGGTGTA-1,NAIVE 2,0.030143183
AGCATACTCTTTAGTC-1,IgD+ve Memory,0.054674227
AGCCTAAAGATATACG-1,Cell-Cycling,0.3817205
AGCCTAAAGGACAGAA-1,HSP+,0.05414339
AGCCTAAAGGAGTACC-1,IgD+ve Memory,0.039565973
AGCCTAAAGGCCATAG-1,NAIVE 2,0.0069018183
AGCCTAAAGGGTCGAT-1,NAIVE 1,0.15717721
AGCCTAAAGTCAATAG-1,ASC 2,0.8075753
AGCCTAAAGTGCCATT-1,IgD+ve Memory,0.080889314
AGCCTAAAGTTGTAGA-1,NAIVE 1,0.046303026
AGCCTAACAAAGAATC-1,NAIVE 2,0.06468556
AGCCTAACAACACCCG-1,IgD+ve Memory,0.041113827
AGCCTAACAACGCACC-1,HSP+,0.035222486
AGCCTAACACGCCAGT-1,DN2,0.21444985
AGCCTAACACGGTGTC-1,IgD-ve Memory,0.0249293
AGCCTAACAGTTTACG-1,IgD+ve Memory,0.071747355
AGCCTAACATTGGCGC-1,NAIVE 2,0.029448174
AGCCTAAGTAGGCATG-1,IgD-ve Memory,0.061469305
AGCCTAAGTCATCCCT-1,IgD-ve Memory,0.02455725
AGCCTAAGTTACGTCA-1,NAIVE 1,0.052776583
AGCCTAAGTTCGGCAC-1,NAIVE 2,0.018367013
AGCCTAATCACCTCGT-1,ASC 2,0.7895754
AGCCTAATCAGGCGAA-1,NAIVE 2,0.11045196
AGCCTAATCATTCACT-1,NAIVE 1,0.03778233
AGCCTAATCCCAGGTG-1,Cell-Cycling,0.29825026
AGCCTAATCCGCGCAA-1,DN2,0.18253253
AGCCTAATCCTGCAGG-1,ASC 2,0.77218384
AGCCTAATCGGCTACG-1,IgD-ve Memory,0.054004986
AGCCTAATCGTACGGC-1,IgD-ve Memory,0.02961408
AGCCTAATCGTTACAG-1,IgD-ve Memory,0.034289572
AGCCTAATCTGCCCTA-1,NAIVE 1,0.039168395
AGCCTAATCTGTCCGT-1,DN2,0.18051955
AGCCTAATCTTGTACT-1,ASC 2,0.8024244
AGCGGTCAGACTGTAA-1,NAIVE 2,0.057221774
AGCGGTCAGAGACTAT-1,ASC 2,0.80086625
AGCGGTCAGAGCTATA-1,IgD+ve Memory,0.04882575
AGCGGTCAGCCAGTAG-1,IgD-ve Memory,0.021288138
AGCGGTCAGCCTATGT-1,NAIVE 1,0.04022281
AGCGGTCAGCGCCTTG-1,NAIVE 2,0.061012108
AGCGGTCAGCTGGAAC-1,IgD+ve Memory,0.08997145
AGCGGTCAGTGAACGC-1,NAIVE 1,0.05078466
AGCGGTCAGTGCAAGC-1,IgD-ve Memory,0.04371819
AGCGGTCAGTGGTAAT-1,IgD+ve Memory,0.038636506
AGCGGTCAGTTACGGG-1,IgD+ve Memory,0.030444702
AGCGGTCCAAACCTAC-1,IgD+ve Memory,0.024006128
AGCGGTCCAAAGGTGC-1,ASC 2,0.8151341
AGCGGTCCACGACTCG-1,HSP+,0.04210971
AGCGGTCCACTGTTAG-1,IgD+ve Memory,0.032044597
AGCGGTCCAGCCACCA-1,ASC 2,0.81974345
AGCGGTCCAGTATGCT-1,NAIVE 2,0.033124406
AGCGGTCCATTCTCAT-1,IgD-ve Memory,0.021345532
AGCGGTCGTAGGCATG-1,IgD+ve Memory,0.02573421
AGCGGTCGTCATGCCG-1,NAIVE 2,0.013889443
AGCGGTCGTCGCATCG-1,NAIVE 1,0.040905565
AGCGGTCGTGTGCCTG-1,NAIVE 2,0.08994426
AGCGGTCTCAACGCTA-1,IgD-ve Memory,0.026505683
AGCGGTCTCACTCTTA-1,IgD+ve Memory,0.044095993
AGCGGTCTCCCAACGG-1,NAIVE 1,0.0416761
AGCGGTCTCCTGTACC-1,IgD+ve Memory,0.0413683
AGCGGTCTCGCAAGCC-1,IgD-ve Memory,0.04491434
AGCGGTCTCGCGCCAA-1,NAIVE 2,0.010561239
AGCGGTCTCGGCGCTA-1,IgD+ve Memory,0.070254385
AGCGGTCTCTCCCTGA-1,IgD+ve Memory,0.02293447
AGCGGTCTCTCGTATT-1,ASC 2,0.8145725
AGCGGTCTCTCTGCTG-1,NAIVE 1,0.11298229
AGCGTATAGACACGAC-1,ASC 1,0.8084448
AGCGTATAGACTACAA-1,IgD+ve Memory,0.039714027
AGCGTATAGCGATCCC-1,IgD+ve Memory,0.06262426
AGCGTATAGCGTCAAG-1,NAIVE 1,0.03972852
AGCGTATAGCTAACTC-1,NAIVE 1,0.06308919
AGCGTATAGGAGTACC-1,IgD-ve Memory,0.05753755
AGCGTATAGGAGTCTG-1,NAIVE 2,0.01822496
AGCGTATAGGCGCTCT-1,IgD-ve Memory,0.032429323
AGCGTATAGGCGTACA-1,NAIVE 2,0.036208358
AGCGTATAGTACTTGC-1,DN2,0.073731095
AGCGTATAGTGTCTCA-1,ASC 1,0.74540865
AGCGTATAGTTCGCGC-1,IgD-ve Memory,0.032305792
AGCGTATCAAGGACTG-1,IgD-ve Memory,0.036666024
AGCGTATCACATAACC-1,DN2,0.21788529
AGCGTATCACATCCGG-1,IgD-ve Memory,0.03348341
AGCGTATCATTCACTT-1,IgD-ve Memory,0.025861537
AGCGTATGTATTAGCC-1,IgD-ve Memory,0.019159568
AGCGTATGTCAGAAGC-1,IgD-ve Memory,0.055053875
AGCGTATGTCATACTG-1,IgD+ve Memory,0.023795474
AGCGTATGTCGGCACT-1,NAIVE 2,0.015554229
AGCGTATGTGGCCCTA-1,Early-Activation,0.030485852
AGCGTATGTGTCGCTG-1,Transitional,0.10754852
AGCGTATGTTCCTCCA-1,NAIVE 2,0.030348603
AGCGTATGTTCGGGCT-1,NAIVE 1,0.02499507
AGCGTATTCAAAGTAG-1,IgD-ve Memory,0.04213352
AGCGTATTCACGACTA-1,NAIVE 2,0.03132022
AGCGTATTCATAGCAC-1,IgD-ve Memory,0.06314706
AGCGTATTCATGCAAC-1,ASC 2,0.8488979
AGCGTATTCCGAAGAG-1,NAIVE 2,0.02224153
AGCGTATTCGTACCGG-1,IgD+ve Memory,0.058057833
AGCGTATTCGTGACAT-1,IgD-ve Memory,0.036866616
AGCGTATTCTCGAGTA-1,NAIVE 2,0.007906729
AGCGTATTCTGCGTAA-1,Early-Activation,0.029015638
AGCGTATTCTGTCTAT-1,NAIVE 1,0.050119143
AGCGTATTCTGTTTGT-1,NAIVE 2,0.02307302
AGCGTATTCTTTACAC-1,ASC 2,0.78168404
AGCGTCGAGCCCAACC-1,NAIVE 2,0.085166186
AGCGTCGAGGACAGAA-1,Early-Activation,0.052794736
AGCGTCGAGGGTATCG-1,NAIVE 2,0.05267077
AGCGTCGAGTATTGGA-1,NAIVE 1,0.03824773
AGCGTCGAGTTGAGAT-1,IgD-ve Memory,0.04368826
AGCGTCGCAGCTCGAC-1,DN2,0.2214568
AGCGTCGCATCTCGCT-1,NAIVE 1,0.025565213
AGCGTCGCATGCATGT-1,IgD-ve Memory,0.036221378
AGCGTCGGTACGACCC-1,ASC 2,0.70798635
AGCGTCGGTCATGCAT-1,IgD-ve Memory,0.03615955
AGCGTCGGTCATTAGC-1,IgD+ve Memory,0.022644117
AGCGTCGGTCGAGATG-1,Early-Activation,0.04882751
AGCGTCGGTGAGTATA-1,NAIVE 2,0.022798568
AGCGTCGGTGCGATAG-1,NAIVE 1,0.23613992
AGCGTCGGTTCACCTC-1,IgD-ve Memory,0.03268197
AGCGTCGGTTCAGTAC-1,ASC 2,0.7504587
AGCGTCGGTTGGTGGA-1,NAIVE 2,0.06256533
AGCGTCGTCCAGGGCT-1,IgD-ve Memory,0.048252687
AGCGTCGTCCCTCAGT-1,NAIVE 2,0.061724722
AGCGTCGTCCGCATAA-1,IgD-ve Memory,0.050211433
AGCGTCGTCCTTGCCA-1,IgD-ve Memory,0.04921898
AGCGTCGTCGAATCCA-1,IgD-ve Memory,0.028409258
AGCGTCGTCGGAAATA-1,DN2,0.06949674
AGCGTCGTCTAACTGG-1,NAIVE 2,0.05532656
AGCGTCGTCTTAACCT-1,DN2,0.18527961
AGCGTCGTCTTCGGTC-1,IgD-ve Memory,0.05593192
AGCTCCTAGACATAAC-1,HSP+,0.0399031
AGCTCCTAGAGGTTGC-1,IgD-ve Memory,0.03516167
AGCTCCTAGATCCCAT-1,IgD-ve Memory,0.022318827
AGCTCCTAGCCAGTAG-1,NAIVE 2,0.023479233
AGCTCCTAGGTCGGAT-1,NAIVE 1,0.043410815
AGCTCCTAGTCCATAC-1,IgD+ve Memory,0.03179689
AGCTCCTAGTTCCACA-1,Cell-Cycling,0.37235695
AGCTCCTAGTTTGCGT-1,IgD-ve Memory,0.029491218
AGCTCCTCACGGCTAC-1,IgD+ve Memory,0.06642601
AGCTCCTCATCACGTA-1,ASC 2,0.62219095
AGCTCCTCATCCCACT-1,IgD+ve Memory,0.055026192
AGCTCCTGTCAGCTAT-1,NAIVE 2,0.011383496
AGCTCCTGTGAACCTT-1,HSP+,0.06385759
AGCTCCTGTGACAAAT-1,ASC 1,0.603951
AGCTCCTTCAAACAAG-1,NAIVE 1,0.050764266
AGCTCCTTCATGCAAC-1,DN2,0.17730717
AGCTCCTTCCCGGATG-1,NAIVE 1,0.05959565
AGCTCCTTCCCTCTTT-1,ASC 2,0.81834376
AGCTCCTTCCGGGTGT-1,NAIVE 2,0.10095865
AGCTCCTTCCTGCAGG-1,IgD-ve Memory,0.034506354
AGCTCCTTCGATGAGG-1,HSP+,0.044794273
AGCTCCTTCGTAGGTT-1,IgD-ve Memory,0.06852265
AGCTCCTTCTTGGGTA-1,IgD-ve Memory,0.05817934
AGCTCTCAGACTAGAT-1,ASC 2,0.71669894
AGCTCTCAGGCAAAGA-1,IgD-ve Memory,0.023588223
AGCTCTCAGGTGACCA-1,IgD-ve Memory,0.059476107
AGCTCTCAGTACGCGA-1,IgD+ve Memory,0.037023418
AGCTCTCCACGAAACG-1,IgD-ve Memory,0.042430762
AGCTCTCCACGGTTTA-1,ASC 2,0.7251452
AGCTCTCCAGCGTCCA-1,IgD-ve Memory,0.04777986
AGCTCTCCAGTAAGCG-1,NAIVE 2,0.03002715
AGCTCTCCATGGTAGG-1,IgD+ve Memory,0.028434517
AGCTCTCGTCACCCAG-1,IgD+ve Memory,0.036283884
AGCTCTCGTCGAATCT-1,NAIVE 1,0.027318804
AGCTCTCGTGGCAAAC-1,IgD-ve Memory,0.069949284
AGCTCTCGTTAAAGAC-1,IgD-ve Memory,0.055100486
AGCTCTCGTTCGCTAA-1,IgD-ve Memory,0.079374194
AGCTCTCGTTCTCATT-1,IgD+ve Memory,0.05140829
AGCTCTCGTTGTGGAG-1,IgD-ve Memory,0.028706495
AGCTCTCTCCAATGGT-1,IgD-ve Memory,0.026458563
AGCTCTCTCGCCCTTA-1,DN2,0.03368944
AGCTCTCTCTGATTCT-1,IgD+ve Memory,0.04373645
AGCTTGAAGATCACGG-1,NAIVE 2,0.029795079
AGCTTGAAGCCACTAT-1,IgD-ve Memory,0.053122118
AGCTTGAAGGAATGGA-1,NAIVE 1,0.06132634
AGCTTGACAAGCGCTC-1,NAIVE 2,0.023825528
AGCTTGACACCGAATT-1,NAIVE 1,0.04561812
AGCTTGACAGATAATG-1,HSP+,0.1421536
AGCTTGACATCCTAGA-1,DN2,0.2053664
AGCTTGAGTACCTACA-1,NAIVE 1,0.032224163
AGCTTGAGTGTGTGCC-1,IgD+ve Memory,0.07776235
AGCTTGAGTGTTGAGG-1,IgD+ve Memory,0.053784285
AGCTTGAGTTAAGGGC-1,IgD+ve Memory,0.056287568
AGCTTGAGTTCGCTAA-1,NAIVE 1,0.040920585
AGCTTGAGTTGGTAAA-1,IgD+ve Memory,0.05746398
AGCTTGATCCGCGCAA-1,IgD-ve Memory,0.04118925
AGCTTGATCCTAGTGA-1,IgD+ve Memory,0.06780836
AGCTTGATCGTCCAGG-1,IgD-ve Memory,0.024666552
AGGCCACAGAACAACT-1,HSP+,0.0509339
AGGCCACAGACCGGAT-1,Cell-Cycling,0.47887096
AGGCCACAGAGACGAA-1,ASC 2,0.88829976
AGGCCACAGAGCCTAG-1,DN2,0.21233073
AGGCCACAGAGGTAGA-1,Cell-Cycling,0.03598643
AGGCCACAGAGTACAT-1,ASC 3,0.7603366
AGGCCACAGCGATTCT-1,IgD+ve Memory,0.046020925
AGGCCACAGGCTCATT-1,IgD-ve Memory,0.048319627
AGGCCACAGTACGTTC-1,NAIVE 2,0.02293822
AGGCCACAGTGTACCT-1,Early-Activation,0.04016111
AGGCCACCAATCCAAC-1,ASC 3,0.6423095
AGGCCACCACATCTTT-1,NAIVE 2,0.052085053
AGGCCACCACGAAACG-1,IgD+ve Memory,0.044737265
AGGCCACCATAGGATA-1,IgD-ve Memory,0.07606636
AGGCCACCATAGTAAG-1,IgD-ve Memory,0.041444246
AGGCCACCATCGGGTC-1,IgD+ve Memory,0.05226271
AGGCCACCATGTTGAC-1,HSP+,0.041110214
AGGCCACGTACTTAGC-1,NAIVE 2,0.03721431
AGGCCACGTATGAATG-1,Cell-Cycling,0.19525832
AGGCCACGTCAAGCGA-1,Transitional,0.12344771
AGGCCACGTGCGCTTG-1,IgD+ve Memory,0.036276672
AGGCCACGTTTGGCGC-1,IgD-ve Memory,0.0135590965
AGGCCACTCAAACCAC-1,IgD+ve Memory,0.055966783
AGGCCACTCATCTGTT-1,ASC 2,0.7559736
AGGCCACTCCCGACTT-1,NAIVE 2,0.05084181
AGGCCACTCCCTCTTT-1,IgD-ve Memory,0.032270756
AGGCCACTCCTAAGTG-1,NAIVE 2,0.063966736
AGGCCACTCCTATGTT-1,NAIVE 1,0.022609813
AGGCCACTCGCTGATA-1,ASC 2,0.7550066
AGGCCACTCGGCCGAT-1,IgD+ve Memory,0.059217956
AGGCCACTCTCCAGGG-1,NAIVE 2,0.1353538
AGGCCACTCTTGTATC-1,HSP+,0.043322697
AGGCCGTAGTACGCCC-1,IgD-ve Memory,0.034616183
AGGCCGTAGTATCGAA-1,NAIVE 1,0.051598325
AGGCCGTAGTCCAGGA-1,IgD+ve Memory,0.027815608
AGGCCGTAGTCCTCCT-1,IgD-ve Memory,0.057962585
AGGCCGTCAAATACAG-1,NAIVE 2,0.019968743
AGGCCGTCAATACGCT-1,NAIVE 2,0.036643937
AGGCCGTCACAGAGGT-1,IgD+ve Memory,0.07562081
AGGCCGTCACCGCTAG-1,NAIVE 1,0.014804005
AGGCCGTCACGTGAGA-1,IgD-ve Memory,0.036043722
AGGCCGTCACTACAGT-1,IgD-ve Memory,0.031512175
AGGCCGTGTACATCCA-1,NAIVE 2,0.00927445
AGGCCGTGTATATGAG-1,Transitional,0.114432
AGGCCGTGTATCGCAT-1,NAIVE 1,0.041801948
AGGCCGTGTCAATGTC-1,ASC 1,0.64621
AGGCCGTGTCTCATCC-1,ASC 2,0.73259073
AGGCCGTGTGTCCTCT-1,ASC 2,0.6212694
AGGCCGTGTTATCGGT-1,NAIVE 1,0.03818793
AGGCCGTTCACCTTAT-1,NAIVE 2,0.027482154
AGGCCGTTCACGATGT-1,IgD+ve Memory,0.057778146
AGGCCGTTCCTATTCA-1,IgD-ve Memory,0.017591212
AGGCCGTTCGTGGGAA-1,NAIVE 2,0.046657998
AGGCCGTTCTCCAGGG-1,IgD-ve Memory,0.032870736
AGGCCGTTCTCCGGTT-1,ASC 2,0.7811789
AGGCCGTTCTGCGTAA-1,NAIVE 2,0.00655239
AGGGAGTAGATCCGAG-1,IgD-ve Memory,0.030577727
AGGGAGTAGATGAGAG-1,Transitional,0.12927823
AGGGAGTAGGCCCGTT-1,Cell-Cycling,0.3701753
AGGGAGTAGTGTACTC-1,IgD+ve Memory,0.06910072
AGGGAGTCAAGTAGTA-1,IgD+ve Memory,0.055516157
AGGGAGTCACCAGCAC-1,IgD+ve Memory,0.076318435
AGGGAGTCACGGACAA-1,ASC 3,0.8611353
AGGGAGTCAGGGCATA-1,IgD-ve Memory,0.03895606
AGGGAGTCAGTAACGG-1,ASC 2,0.8699712
AGGGAGTCATCACGAT-1,HSP+,0.03048578
AGGGAGTCATCGGGTC-1,IgD-ve Memory,0.03489327
AGGGAGTCATGCCTAA-1,HSP+,0.15235908
AGGGAGTCATTTGCTT-1,IgD+ve Memory,0.04808725
AGGGAGTGTATCGCAT-1,NAIVE 2,0.0579961
AGGGAGTGTCCGTTAA-1,IgD-ve Memory,0.025343304
AGGGAGTGTCTAACGT-1,IgD-ve Memory,0.02290802
AGGGAGTGTGAGGGTT-1,IgD+ve Memory,0.023343533
AGGGAGTGTGAGTATA-1,Early-Activation,0.036908038
AGGGAGTGTTGACGTT-1,IgD+ve Memory,0.057394583
AGGGAGTTCACAACGT-1,IgD+ve Memory,0.0412723
AGGGAGTTCAGTGCAT-1,IgD+ve Memory,0.020800209
AGGGAGTTCATAGCAC-1,IgD-ve Memory,0.03433303
AGGGAGTTCCACGACG-1,IgD+ve Memory,0.05441747
AGGGAGTTCCCATTAT-1,IgD+ve Memory,0.045299213
AGGGAGTTCCGCATCT-1,Cell-Cycling,0.5929831
AGGGAGTTCCGCTGTT-1,NAIVE 1,0.022846254
AGGGAGTTCGTCCGTT-1,IgD+ve Memory,0.04253478
AGGGAGTTCTTGCAAG-1,ASC 2,0.89089644
AGGGAGTTCTTGTCAT-1,IgD-ve Memory,0.059345853
AGGGATGAGCACCGCT-1,Transitional,0.117766365
AGGGATGAGCCGCCTA-1,IgD-ve Memory,0.025216833
AGGGATGAGGTTCCTA-1,IgD+ve Memory,0.071843915
AGGGATGAGTTTGCGT-1,NAIVE 2,0.1195955
AGGGATGCAAAGGCGT-1,IgD-ve Memory,0.024162501
AGGGATGCAAGGGTCA-1,IgD-ve Memory,0.026736377
AGGGATGCAATGGATA-1,IgD+ve Memory,0.042163786
AGGGATGCACAGTCGC-1,IgD-ve Memory,0.029594798
AGGGATGCACGTGAGA-1,NAIVE 2,0.107661344
AGGGATGCAGACGCTC-1,NAIVE 1,0.06701063
AGGGATGCATGCTGGC-1,IgD+ve Memory,0.048227865
AGGGATGGTAATAGCA-1,NAIVE 2,0.029386919
AGGGATGGTCTAGCGC-1,IgD+ve Memory,0.05456673
AGGGATGGTCTTGATG-1,ASC 2,0.78555244
AGGGATGGTGCTTCTC-1,NAIVE 2,0.065139614
AGGGATGGTTAAAGTG-1,NAIVE 2,0.028021438
AGGGATGGTTACGACT-1,IgD+ve Memory,0.044713426
AGGGATGGTTGATTGC-1,NAIVE 1,0.046089143
AGGGATGGTTTACTCT-1,IgD+ve Memory,0.062602155
AGGGATGTCACTTACT-1,Early-Activation,0.07069473
AGGGATGTCAGTTTGG-1,HSP+,0.05225901
AGGGATGTCATGTCCC-1,IgD-ve Memory,0.039659563
AGGGATGTCGAATGGG-1,Early-Activation,0.037968896
AGGGATGTCTGTCCGT-1,ASC 2,0.8496337
AGGGATGTCTTCGAGA-1,NAIVE 1,0.17284796
AGGGATGTCTTGTACT-1,IgD+ve Memory,0.03804049
AGGGTGAAGACTAGAT-1,NAIVE 2,0.059962016
AGGGTGAAGCATCATC-1,IgD+ve Memory,0.035674494
AGGGTGAAGCCTATGT-1,IgD-ve Memory,0.045961253
AGGGTGAAGGCCCGTT-1,IgD-ve Memory,0.033314463
AGGGTGAAGTGGAGAA-1,IgD+ve Memory,0.062880054
AGGGTGACAAGCCATT-1,IgD+ve Memory,0.04165124
AGGGTGACAATGTAAG-1,ASC 3,0.8550192
AGGGTGACACCAACCG-1,ASC 2,0.84085304
AGGGTGACACGACGAA-1,IgD-ve Memory,0.027628228
AGGGTGACACGGTTTA-1,IgD-ve Memory,0.038850233
AGGGTGACACTACAGT-1,ASC 2,0.7793533
AGGGTGACACTCGACG-1,NAIVE 2,0.012554428
AGGGTGACAGACAGGT-1,IgD-ve Memory,0.029784689
AGGGTGACAGGAACGT-1,IgD-ve Memory,0.061141364
AGGGTGACAGGGCATA-1,Cell-Cycling,0.5960069
AGGGTGAGTAAGGGCT-1,IgD+ve Memory,0.06856629
AGGGTGAGTCACAAGG-1,IgD-ve Memory,0.053080067
AGGGTGAGTGCGCTTG-1,ASC 2,0.8673858
AGGGTGAGTGCTCTTC-1,ASC 2,0.7781297
AGGGTGAGTGGTTTCA-1,NAIVE 2,0.020470697
AGGGTGAGTTGCGCAC-1,ASC 2,0.7268232
AGGGTGAGTTGGTGGA-1,ASC 2,0.7759117
AGGGTGAGTTTGGGCC-1,IgD-ve Memory,0.024941836
AGGGTGATCACCGTAA-1,NAIVE 1,0.07604359
AGGGTGATCCAAAGTC-1,NAIVE 1,0.06103942
AGGGTGATCCCTTGCA-1,IgD+ve Memory,0.043863434
AGGGTGATCCTTGGTC-1,NAIVE 1,0.058714565
AGGGTGATCTAAGCCA-1,ASC 2,0.69409716
AGGGTGATCTCCAACC-1,ASC 2,0.8053724
AGGGTGATCTTATCTG-1,HSP+,0.03669738
AGGGTGATCTTTACAC-1,Early-Activation,0.04526649
AGGTCATAGAAGAAGC-1,ASC 2,0.84131587
AGGTCATAGACACGAC-1,NAIVE 2,0.07348791
AGGTCATAGAGGACGG-1,IgD+ve Memory,0.03706482
AGGTCATAGAGGTAGA-1,Cell-Cycling,0.5266582
AGGTCATAGCGTGAGT-1,Cell-Cycling,0.62128973
AGGTCATAGGACAGCT-1,Early-Activation,0.061102636
AGGTCATAGGCGACAT-1,IgD-ve Memory,0.036614962
AGGTCATAGGCTAGGT-1,IgD-ve Memory,0.030628877
AGGTCATAGTGGGTTG-1,NAIVE 1,0.06249391
AGGTCATAGTGTGGCA-1,Cell-Cycling,0.35990998
AGGTCATCAATCCAAC-1,NAIVE 1,0.042815313
AGGTCATCAATGGATA-1,IgD+ve Memory,0.1102184
AGGTCATCACACGCTG-1,NAIVE 2,0.010793362
AGGTCATCACCGAAAG-1,ASC 2,0.8701489
AGGTCATCACGTAAGG-1,NAIVE 2,0.044672575
AGGTCATCACTGTTAG-1,NAIVE 2,0.009452623
AGGTCATCAGCTGCTG-1,IgD+ve Memory,0.050858717
AGGTCATGTAAAGGAG-1,IgD-ve Memory,0.029566212
AGGTCATGTACTTGAC-1,HSP+,0.03324024
AGGTCATGTCAAAGAT-1,IgD-ve Memory,0.047105737
AGGTCATGTCAGATAA-1,IgD+ve Memory,0.030689616
AGGTCATGTGGTCCGT-1,HSP+,0.05422886
AGGTCATGTGTAACGG-1,IgD+ve Memory,0.065678
AGGTCATGTGTCAATC-1,NAIVE 2,0.11525586
AGGTCATGTTAGATGA-1,IgD-ve Memory,0.03392965
AGGTCATTCTTTAGGG-1,NAIVE 2,0.03911463
AGGTCCGAGAAACGCC-1,NAIVE 1,0.045807797
AGGTCCGAGATCGGGT-1,NAIVE 1,0.027537458
AGGTCCGAGCTAAACA-1,NAIVE 2,0.036931302
AGGTCCGAGCTTATCG-1,Cell-Cycling,0.52307844
AGGTCCGAGGGTTTCT-1,IgD-ve Memory,0.058398955
AGGTCCGAGTGAACAT-1,IgD-ve Memory,0.025998158
AGGTCCGAGTTGCAGG-1,NAIVE 2,0.04808192
AGGTCCGCAATAGAGT-1,IgD-ve Memory,0.03241205
AGGTCCGCACCCAGTG-1,IgD+ve Memory,0.060372308
AGGTCCGCATCCAACA-1,NAIVE 2,0.05935077
AGGTCCGCATTTCAGG-1,ASC 2,0.9355707
AGGTCCGGTACCGGCT-1,IgD-ve Memory,0.02512548
AGGTCCGGTCACCCAG-1,IgD-ve Memory,0.019693602
AGGTCCGGTCGAGTTT-1,IgD-ve Memory,0.030439554
AGGTCCGGTGCTCTTC-1,IgD+ve Memory,0.078511745
AGGTCCGGTTCCACTC-1,IgD-ve Memory,0.040577184
AGGTCCGGTTGAGGTG-1,ASC 3,0.8285443
AGGTCCGTCCAGTATG-1,IgD+ve Memory,0.028581053
AGGTCCGTCCTCAACC-1,NAIVE 1,0.052379012
AGGTCCGTCGTCCGTT-1,NAIVE 1,0.0672368
AGGTCCGTCTGTCTCG-1,Transitional,0.10916447
AGGTCCGTCTTTCCTC-1,ASC 2,0.78242946
AGTAGTCAGAAACCAT-1,ASC 2,0.78896487
AGTAGTCAGACGCACA-1,IgD+ve Memory,0.050911877
AGTAGTCAGAGGGCTT-1,IgD-ve Memory,0.043494582
AGTAGTCAGCGCTCCA-1,IgD-ve Memory,0.021612799
AGTAGTCAGCTATGCT-1,NAIVE 1,0.04311608
AGTAGTCAGCTTATCG-1,IgD-ve Memory,0.031510226
AGTAGTCAGGAGTTTA-1,ASC 2,0.8470385
AGTAGTCAGGCGACAT-1,NAIVE 1,0.024355914
AGTAGTCAGGCTCATT-1,IgD-ve Memory,0.028239992
AGTAGTCAGGTGATAT-1,IgD+ve Memory,0.039594654
AGTAGTCAGTACACCT-1,NAIVE 1,0.06811033
AGTAGTCAGTTAACGA-1,IgD+ve Memory,0.07450324
AGTAGTCCAACGCACC-1,NAIVE 2,0.010129192
AGTAGTCCAATCACAC-1,IgD-ve Memory,0.05966725
AGTAGTCCAGACAGGT-1,NAIVE 1,0.076007694
AGTAGTCCAGATCTGT-1,IgD+ve Memory,0.030645862
AGTAGTCCAGCCTGTG-1,IgD-ve Memory,0.024982203
AGTAGTCCATCATCCC-1,ASC 2,0.663545
AGTAGTCCATCGATTG-1,IgD+ve Memory,0.028230408
AGTAGTCCATGAGCGA-1,IgD-ve Memory,0.02655657
AGTAGTCGTAAAGTCA-1,Cell-Cycling,0.6669117
AGTAGTCGTATAATGG-1,NAIVE 1,0.073931515
AGTAGTCGTCAATACC-1,IgD-ve Memory,0.07197466
AGTAGTCGTCCAACTA-1,NAIVE 1,0.06157548
AGTAGTCGTCTGGAGA-1,NAIVE 1,0.054375175
AGTAGTCGTGATAAGT-1,Cell-Cycling,0.31054088
AGTAGTCTCCAAACAC-1,NAIVE 2,0.05415981
AGTAGTCTCCCTCTTT-1,IgD-ve Memory,0.03537428
AGTAGTCTCCGCAAGC-1,ASC 2,0.90438664
AGTAGTCTCGCAAACT-1,IgD+ve Memory,0.053237297
AGTAGTCTCTATCCTA-1,NAIVE 2,0.03864398
AGTCTTTAGACAGGCT-1,IgD-ve Memory,0.029483499
AGTCTTTAGATCTGAA-1,IgD+ve Memory,0.03607441
AGTCTTTAGCAGGCTA-1,ASC 1,0.769191
AGTCTTTAGCTATGCT-1,IgD+ve Memory,0.03316435
AGTCTTTAGGATGGTC-1,IgD-ve Memory,0.044417605
AGTCTTTAGGCACATG-1,ASC 2,0.79165703
AGTCTTTCAAAGAATC-1,IgD-ve Memory,0.034829915
AGTCTTTCAAATCCGT-1,ASC 2,0.8354581
AGTCTTTCACCTCGTT-1,IgD-ve Memory,0.06700904
AGTCTTTCACTAAGTC-1,NAIVE 1,0.021440452
AGTCTTTCATATGAGA-1,IgD+ve Memory,0.03922857
AGTCTTTCATCTGGTA-1,IgD-ve Memory,0.070384964
AGTCTTTCATTAGCCA-1,IgD-ve Memory,0.020429606
AGTCTTTGTGAACCTT-1,Transitional,0.1282252
AGTCTTTGTGCACTTA-1,ASC 2,0.7513868
AGTCTTTGTGTGGTTT-1,DN2,0.17149937
AGTCTTTGTTACCAGT-1,IgD+ve Memory,0.035195455
AGTCTTTGTTGAACTC-1,IgD+ve Memory,0.03635413
AGTCTTTGTTTAAGCC-1,NAIVE 1,0.034872524
AGTCTTTTCAACACAC-1,DN2,0.14867304
AGTCTTTTCCAGTATG-1,DN2,0.1567491
AGTCTTTTCCATGAAC-1,NAIVE 1,0.07453705
AGTCTTTTCCCTTGTG-1,Cell-Cycling,0.3115927
AGTCTTTTCCGAAGAG-1,NAIVE 1,0.036500044
AGTCTTTTCTAACTCT-1,NAIVE 1,0.038718767
AGTCTTTTCTATCCTA-1,HSP+,0.036909897
AGTCTTTTCTCGCATC-1,IgD+ve Memory,0.062187515
AGTGAGGAGACAATAC-1,NAIVE 1,0.07862898
AGTGAGGAGAGTCGGT-1,NAIVE 2,0.018996118
AGTGAGGAGATGAGAG-1,ASC 2,0.78835976
AGTGAGGAGCCAGGAT-1,DN2,0.16239841
AGTGAGGAGGGTTTCT-1,NAIVE 1,0.07346945
AGTGAGGAGTGCAAGC-1,Early-Activation,0.04677461
AGTGAGGAGTTGCAGG-1,IgD+ve Memory,0.04773444
AGTGAGGAGTTGTAGA-1,ASC 2,0.81926304
AGTGAGGCAACTGGCC-1,IgD+ve Memory,0.057502802
AGTGAGGCAAGCGATG-1,NAIVE 1,0.059605997
AGTGAGGCAAGGACTG-1,IgD-ve Memory,0.04254285
AGTGAGGCACATTTCT-1,IgD+ve Memory,0.045110866
AGTGAGGCACCAGGCT-1,IgD-ve Memory,0.11041581
AGTGAGGCACGAAGCA-1,IgD+ve Memory,0.033419378
AGTGAGGCACGGCTAC-1,Early-Activation,0.05372598
AGTGAGGCAGCTGGCT-1,NAIVE 1,0.066407725
AGTGAGGCAGGTCGTC-1,IgD+ve Memory,0.04143944
AGTGAGGCAGGTCTCG-1,NAIVE 2,0.06227443
AGTGAGGCATTAACCG-1,NAIVE 1,0.049840435
AGTGAGGGTGTGAATA-1,NAIVE 1,0.044244673
AGTGAGGGTTACCAGT-1,IgD-ve Memory,0.026032707
AGTGAGGGTTGAGTTC-1,NAIVE 1,0.070422694
AGTGAGGTCAAACCGT-1,IgD+ve Memory,0.049310718
AGTGAGGTCACGACTA-1,IgD+ve Memory,0.03828518
AGTGAGGTCATGTGGT-1,NAIVE 2,0.04407813
AGTGAGGTCCACGACG-1,IgD+ve Memory,0.05075099
AGTGAGGTCCGAATGT-1,NAIVE 2,0.025420552
AGTGAGGTCGGAAATA-1,ASC 2,0.6687252
AGTGAGGTCTAACTTC-1,HSP+,0.03591561
AGTGAGGTCTGCGTAA-1,IgD+ve Memory,0.08607664
AGTGAGGTCTGTTTGT-1,NAIVE 2,0.012405294
AGTGAGGTCTTCAACT-1,IgD+ve Memory,0.043566655
AGTGAGGTCTTGCATT-1,IgD+ve Memory,0.052287996
AGTGAGGTCTTGTTTG-1,ASC 2,0.78954685
AGTGGGAAGAGTAATC-1,IgD+ve Memory,0.04843116
AGTGGGAAGCTGAAAT-1,IgD+ve Memory,0.027343022
AGTGGGAAGTCCAGGA-1,IgD-ve Memory,0.045643203
AGTGGGAAGTCGAGTG-1,IgD+ve Memory,0.061173845
AGTGGGAAGTTACGGG-1,IgD-ve Memory,0.10039942
AGTGGGACAAAGCAAT-1,IgD-ve Memory,0.052975398
AGTGGGACAAAGCGGT-1,ASC 2,0.71103877
AGTGGGACAAGGACAC-1,IgD-ve Memory,0.032033563
AGTGGGACAAGGTGTG-1,IgD-ve Memory,0.050686687
AGTGGGACAATCAGAA-1,IgD+ve Memory,0.07885783
AGTGGGACAATGAAAC-1,IgD-ve Memory,0.04025857
AGTGGGACACAGACTT-1,IgD+ve Memory,0.04210702
AGTGGGACATGAAGTA-1,IgD+ve Memory,0.040064804
AGTGGGAGTCGATTGT-1,NAIVE 1,0.0135849165
AGTGGGAGTGCCTGGT-1,ASC 2,0.8591963
AGTGGGAGTTCGCTAA-1,HSP+,0.20107207
AGTGGGAGTTTGGGCC-1,NAIVE 1,0.03899143
AGTGGGATCCACGTTC-1,Cell-Cycling,0.3758413
AGTGGGATCCATGAGT-1,ASC 2,0.7726604
AGTGGGATCCTCAATT-1,NAIVE 1,0.07206719
AGTGGGATCTCATTCA-1,DN2,0.15666254
AGTGGGATCTGGCGAC-1,IgD-ve Memory,0.03418232
AGTGGGATCTGGTGTA-1,IgD+ve Memory,0.03978018
AGTGTCAAGAAGGACA-1,IgD+ve Memory,0.05554023
AGTGTCAAGACTAGAT-1,NAIVE 2,0.028392302
AGTGTCAAGCCAACAG-1,NAIVE 2,0.039543305
AGTGTCAAGGAGCGAG-1,ASC 2,0.8379861
AGTGTCAAGGCCCTTG-1,IgD+ve Memory,0.033591446
AGTGTCAAGTGCCATT-1,NAIVE 2,0.021014346
AGTGTCAAGTTCGCAT-1,NAIVE 1,0.050995804
AGTGTCACAAACTGTC-1,IgD-ve Memory,0.043378565
AGTGTCACAAAGGCGT-1,Early-Activation,0.061447047
AGTGTCACAAGCGTAG-1,IgD+ve Memory,0.04535168
AGTGTCACAATCACAC-1,NAIVE 1,0.04658656
AGTGTCACACAGAGGT-1,IgD-ve Memory,0.06458947
AGTGTCACACGGCGTT-1,Transitional,0.11966722
AGTGTCACACGTCTCT-1,NAIVE 1,0.049696963
AGTGTCACATCTCGCT-1,IgD+ve Memory,0.041985977
AGTGTCACATGTAGTC-1,IgD-ve Memory,0.055956576
AGTGTCAGTAATTGGA-1,NAIVE 2,0.06708572
AGTGTCAGTACAGACG-1,NAIVE 2,0.03139228
AGTGTCAGTACTCGCG-1,NAIVE 2,0.031759847
AGTGTCAGTAGCGTGA-1,Early-Activation,0.06288453
AGTGTCAGTAGCTTGT-1,IgD-ve Memory,0.03188558
AGTGTCAGTCGGCACT-1,NAIVE 2,0.11662729
AGTGTCAGTCTTTCAT-1,IgD+ve Memory,0.042116206
AGTGTCAGTGCCTGTG-1,ASC 2,0.75035244
AGTGTCAGTGTGACCC-1,NAIVE 1,0.063833
AGTGTCATCACCCGAG-1,NAIVE 2,0.07267994
AGTGTCATCAGCTCTC-1,NAIVE 1,0.03553754
AGTGTCATCAGCTTAG-1,IgD-ve Memory,0.015744753
AGTGTCATCATTGCGA-1,HSP+,0.0434542
AGTGTCATCCCAACGG-1,NAIVE 2,0.04889783
AGTGTCATCCTTGACC-1,ASC 2,0.7134776
AGTGTCATCGTTACAG-1,IgD+ve Memory,0.019510955
AGTGTCATCTCAACTT-1,NAIVE 2,0.011755237
AGTGTCATCTGGTATG-1,IgD+ve Memory,0.03344863
AGTTGGTAGCCAGTAG-1,NAIVE 2,0.1584033
AGTTGGTAGCCGCCTA-1,IgD-ve Memory,0.036549464
AGTTGGTAGCCGTCGT-1,Early-Activation,0.060887903
AGTTGGTAGGTGCAAC-1,IgD-ve Memory,0.06299678
AGTTGGTAGTCGCCGT-1,IgD+ve Memory,0.052431826
AGTTGGTAGTTCCACA-1,HSP+,0.05161866
AGTTGGTCAAAGAATC-1,NAIVE 2,0.019961808
AGTTGGTCACATCTTT-1,DN2,0.18607743
AGTTGGTCACATTCGA-1,NAIVE 1,0.048563786
AGTTGGTCACCCATGG-1,IgD+ve Memory,0.0516315
AGTTGGTCAGTACACT-1,IgD+ve Memory,0.052859124
AGTTGGTCAGTCAGAG-1,ASC 2,0.7014884
AGTTGGTCATAACCTG-1,HSP+,0.12303582
AGTTGGTGTACCGCTG-1,IgD+ve Memory,0.036980197
AGTTGGTGTCCAAGTT-1,ASC 2,0.8583918
AGTTGGTGTCCATCCT-1,ASC 2,0.758015
AGTTGGTGTCTCTTAT-1,IgD-ve Memory,0.025259774
AGTTGGTGTCTCTTTA-1,IgD-ve Memory,0.07461218
AGTTGGTGTGACAAAT-1,Early-Activation,0.03966665
AGTTGGTGTGGTTTCA-1,IgD+ve Memory,0.038490497
AGTTGGTGTTCCACTC-1,IgD+ve Memory,0.055314556
AGTTGGTGTTCCGTCT-1,IgD-ve Memory,0.022061335
AGTTGGTTCACTTCAT-1,ASC 2,0.83303076
AGTTGGTTCATCTGCC-1,IgD-ve Memory,0.02799831
AGTTGGTTCATGTCTT-1,NAIVE 2,0.06386333
AGTTGGTTCATTGCCC-1,IgD+ve Memory,0.04042281
AGTTGGTTCCAGAGGA-1,NAIVE 1,0.029016273
AGTTGGTTCCGCATCT-1,ASC 2,0.77563393
AGTTGGTTCGCAAGCC-1,NAIVE 1,0.033398587
AGTTGGTTCGCATGGC-1,NAIVE 1,0.040575072
AGTTGGTTCGCCTGAG-1,ASC 2,0.8727892
AGTTGGTTCGGACAAG-1,IgD-ve Memory,0.0710962
AGTTGGTTCGGCCGAT-1,IgD-ve Memory,0.05063036
AGTTGGTTCGTACCGG-1,NAIVE 1,0.051132303
AGTTGGTTCTGTACGA-1,ASC 2,0.73910093
ATAACGCAGAATGTTG-1,NAIVE 1,0.040458456
ATAACGCAGACTAGGC-1,IgD+ve Memory,0.03812083
ATAACGCAGGATGGAA-1,IgD+ve Memory,0.05199108
ATAACGCAGGGCATGT-1,NAIVE 2,0.009156888
ATAACGCAGTCCGGTC-1,IgD+ve Memory,0.071419336
ATAACGCAGTGTACTC-1,IgD-ve Memory,0.033984683
ATAACGCAGTGTGAAT-1,IgD-ve Memory,0.025620209
ATAACGCCAAGAGGCT-1,NAIVE 2,0.007620423
ATAACGCCAATGAAAC-1,IgD-ve Memory,0.057686508
ATAACGCCACACATGT-1,IgD-ve Memory,0.04568606
ATAACGCCATGACATC-1,IgD+ve Memory,0.037125424
ATAACGCGTACAGACG-1,NAIVE 1,0.058591798
ATAACGCGTCAACATC-1,NAIVE 1,0.047075532
ATAACGCGTCGCTTTC-1,IgD-ve Memory,0.026056333
ATAACGCGTGTTCTTT-1,IgD-ve Memory,0.046319135
ATAACGCGTTACGGAG-1,NAIVE 1,0.039010398
ATAACGCGTTGAACTC-1,ASC 2,0.9178515
ATAACGCTCCATTCTA-1,IgD+ve Memory,0.059241302
ATAACGCTCCTTGACC-1,ASC 2,0.70650333
ATAACGCTCGAATCCA-1,NAIVE 2,0.020203475
ATAACGCTCGCGCCAA-1,IgD-ve Memory,0.02158183
ATAACGCTCTACTATC-1,ASC 2,0.81849563
ATAACGCTCTTTAGGG-1,IgD+ve Memory,0.03319119
ATAAGAGAGAAGGACA-1,IgD-ve Memory,0.027489021
ATAAGAGAGACTAAGT-1,IgD-ve Memory,0.030273827
ATAAGAGAGAGCCCAA-1,IgD-ve Memory,0.018013675
ATAAGAGAGCGATGAC-1,IgD-ve Memory,0.019083526
ATAAGAGAGCTACCTA-1,IgD-ve Memory,0.045509595
ATAAGAGAGCTGCCCA-1,IgD-ve Memory,0.09821025
ATAAGAGAGGAACTGC-1,NAIVE 1,0.06250024
ATAAGAGAGGACAGCT-1,DN2,0.20694
ATAAGAGAGGAGTCTG-1,IgD+ve Memory,0.030462762
ATAAGAGAGTCCGTAT-1,NAIVE 2,0.010979141
ATAAGAGAGTCGAGTG-1,IgD-ve Memory,0.02793723
ATAAGAGCACGTAAGG-1,Transitional,0.118901335
ATAAGAGCACTACAGT-1,NAIVE 1,0.05795706
ATAAGAGCAGCTGCAC-1,NAIVE 1,0.04565964
ATAAGAGCATGGTTGT-1,NAIVE 1,0.078397304
ATAAGAGGTAAGTTCC-1,NAIVE 1,0.085475326
ATAAGAGGTATAAACG-1,IgD+ve Memory,0.03781063
ATAAGAGGTCGCGTGT-1,IgD-ve Memory,0.08159825
ATAAGAGGTGCAGGTA-1,IgD+ve Memory,0.050595578
ATAAGAGGTGGCTCCA-1,IgD+ve Memory,0.026081214
ATAAGAGGTTAGTGGG-1,HSP+,0.03639812
ATAAGAGGTTCCGTCT-1,NAIVE 1,0.03517596
ATAAGAGGTTGCGCAC-1,ASC 2,0.84718835
ATAAGAGTCCGGCACA-1,HSP+,0.105793774
ATAAGAGTCGAGGTAG-1,IgD+ve Memory,0.04284102
ATAGACCAGAACTGTA-1,Cell-Cycling,0.4716933
ATAGACCAGACACGAC-1,NAIVE 1,0.06386283
ATAGACCAGACTACAA-1,IgD+ve Memory,0.037255645
ATAGACCAGCGGATCA-1,Transitional,0.11957428
ATAGACCAGCGTCTAT-1,Cell-Cycling,0.24028988
ATAGACCAGCTAAGAT-1,IgD-ve Memory,0.040291533
ATAGACCAGGAATGGA-1,NAIVE 1,0.0634182
ATAGACCAGGCCCTCA-1,IgD+ve Memory,0.03319758
ATAGACCAGGGATCTG-1,ASC 2,0.73455346
ATAGACCAGTAGGTGC-1,HSP+,0.09707002
ATAGACCAGTGAACGC-1,IgD-ve Memory,0.046746317
ATAGACCAGTGAATTG-1,ASC 2,0.7147358
ATAGACCAGTGTTGAA-1,NAIVE 1,0.028802129
ATAGACCCAAATCCGT-1,IgD-ve Memory,0.06740309
ATAGACCCACATGGGA-1,IgD-ve Memory,0.048026603
ATAGACCCACCCTATC-1,ASC 3,0.81885356
ATAGACCCAGGAATGC-1,IgD+ve Memory,0.06919228
ATAGACCCATAGTAAG-1,ASC 2,0.8440075
ATAGACCCATATGAGA-1,ASC 2,0.7798771
ATAGACCGTAAATGAC-1,ASC 3,0.8358493
ATAGACCGTCCGAGTC-1,NAIVE 2,0.041332714
ATAGACCGTCGCGGTT-1,IgD+ve Memory,0.043876316
ATAGACCGTGCACCAC-1,Cell-Cycling,0.42568737
ATAGACCGTGCAGACA-1,NAIVE 1,0.026135486
ATAGACCGTGCATCTA-1,NAIVE 2,0.11621216
ATAGACCGTTAAGATG-1,NAIVE 2,0.06267463
ATAGACCGTTGCGTTA-1,IgD+ve Memory,0.044998113
ATAGACCTCAAAGTAG-1,NAIVE 2,0.014558196
ATAGACCTCAATCACG-1,ASC 2,0.7854656
ATAGACCTCATCACCC-1,IgD+ve Memory,0.04370363
ATAGACCTCCGTTGTC-1,NAIVE 1,0.061634637
ATAGACCTCGCCCTTA-1,IgD-ve Memory,0.07339955
ATAGACCTCTATGTGG-1,HSP+,0.060249615
ATAGACCTCTTCGAGA-1,NAIVE 1,0.041501336
ATAGACCTCTTGTCAT-1,ASC 2,0.62917346
ATCACGAAGAGGGCTT-1,HSP+,0.057992328
ATCACGAAGAGGTAGA-1,ASC 3,0.7985507
ATCACGAAGATATACG-1,IgD+ve Memory,0.05564265
ATCACGAAGCGCCTCA-1,IgD+ve Memory,0.06916075
ATCACGAAGCTCCCAG-1,DN2,0.18183865
ATCACGAAGGCAGGTT-1,ASC 2,0.8248734
ATCACGAAGGCATGTG-1,NAIVE 1,0.046554226
ATCACGAAGTGTGGCA-1,IgD+ve Memory,0.04604938
ATCACGAAGTTACGGG-1,NAIVE 1,0.031066068
ATCACGACACGTTGGC-1,IgD+ve Memory,0.033989377
ATCACGACACTTAAGC-1,IgD+ve Memory,0.051915124
ATCACGACAGCATGAG-1,IgD-ve Memory,0.029239507
ATCACGACAGGACGTA-1,IgD-ve Memory,0.025378376
ATCACGACAGTAGAGC-1,IgD-ve Memory,0.025401363
ATCACGACAGTCGTGC-1,NAIVE 2,0.056318667
ATCACGACATCATCCC-1,NAIVE 2,0.005848438
ATCACGACATGAAGTA-1,IgD+ve Memory,0.030522445
ATCACGAGTACAAGTA-1,NAIVE 1,0.03721882
ATCACGAGTATATCCG-1,ASC 2,0.78288215
ATCACGAGTATCTGCA-1,IgD+ve Memory,0.06481515
ATCACGAGTCTCCACT-1,NAIVE 1,0.056257233
ATCACGAGTGATGTGG-1,DN2,0.14745787
ATCACGAGTGTAACGG-1,IgD+ve Memory,0.04958892
ATCACGAGTTACCGAT-1,IgD-ve Memory,0.050544575
ATCACGAGTTTACTCT-1,IgD+ve Memory,0.052947603
ATCACGATCACTATTC-1,IgD-ve Memory,0.031542934
ATCACGATCATCTGCC-1,IgD-ve Memory,0.04019222
ATCACGATCGGAATCT-1,IgD+ve Memory,0.045864917
ATCACGATCTCCAGGG-1,IgD-ve Memory,0.03192672
ATCACGATCTGCGGCA-1,ASC 1,0.79326546
ATCATCTAGAACAATC-1,IgD+ve Memory,0.036231123
ATCATCTAGAAGGGTA-1,HSP+,0.03772755
ATCATCTAGATCCTGT-1,Early-Activation,0.0479489
ATCATCTAGCCGTCGT-1,NAIVE 1,0.052671835
ATCATCTAGGACAGAA-1,NAIVE 2,0.042474464
ATCATCTAGGCTATCT-1,ASC 2,0.8055098
ATCATCTAGGTGCAAC-1,NAIVE 2,0.04988346
ATCATCTAGGTGTTAA-1,NAIVE 2,0.031966172
ATCATCTAGTCGTTTG-1,NAIVE 1,0.051053178
ATCATCTAGTTGTCGT-1,IgD+ve Memory,0.04739156
ATCATCTCAACAACCT-1,NAIVE 1,0.060863536
ATCATCTCAAGACACG-1,ASC 2,0.74408525
ATCATCTCACATGTGT-1,ASC 2,0.87085295
ATCATCTCACTACAGT-1,NAIVE 2,0.021131264
ATCATCTCAGGATTGG-1,NAIVE 2,0.046285294
ATCATCTCAGGCTGAA-1,IgD-ve Memory,0.07083663
ATCATCTCAGGGTTAG-1,HSP+,0.0403156
ATCATCTCATCGTCGG-1,NAIVE 1,0.29250625
ATCATCTCATGCCCGA-1,IgD+ve Memory,0.035567664
ATCATCTGTAGCACGA-1,Transitional,0.12063833
ATCATCTGTATCACCA-1,HSP+,0.11534159
ATCATCTGTATTAGCC-1,NAIVE 1,0.05942211
ATCATCTGTCAAAGAT-1,IgD-ve Memory,0.041194655
ATCATCTGTCAGCTAT-1,IgD-ve Memory,0.04892663
ATCATCTGTCGTGGCT-1,IgD+ve Memory,0.04276813
ATCATCTGTCTCAACA-1,ASC 2,0.5474637
ATCATCTGTTCAGGCC-1,Cell-Cycling,0.6937539
ATCATCTTCAAGCCTA-1,IgD-ve Memory,0.06738694
ATCATCTTCACTTATC-1,IgD-ve Memory,0.02704419
ATCATCTTCATACGGT-1,IgD-ve Memory,0.061249264
ATCATCTTCATCGCTC-1,ASC 2,0.9868268
ATCATCTTCCAAGCCG-1,NAIVE 1,0.060402907
ATCATCTTCCGGGTGT-1,NAIVE 2,0.03254642
ATCATCTTCCGTCATC-1,IgD+ve Memory,0.040672716
ATCATCTTCGTAGGAG-1,NAIVE 2,0.017842663
ATCATCTTCGTGGTCG-1,NAIVE 2,0.045678724
ATCATCTTCGTTGACA-1,IgD+ve Memory,0.03943078
ATCATGGAGAACTCGG-1,NAIVE 1,0.058803696
ATCATGGAGATCCGAG-1,NAIVE 1,0.043981813
ATCATGGAGCGTGAAC-1,Cell-Cycling,0.20219415
ATCATGGAGCTTCGCG-1,ASC 2,0.52185297
ATCATGGAGTACGTAA-1,Cell-Cycling,0.338586
ATCATGGAGTCTCGGC-1,NAIVE 2,0.024857683
ATCATGGCAAACTGTC-1,IgD+ve Memory,0.054520726
ATCATGGCACAAGACG-1,NAIVE 2,0.029696893
ATCATGGCACAGTCGC-1,IgD-ve Memory,0.033001278
ATCATGGCACCGATAT-1,NAIVE 1,0.054422524
ATCATGGCACCTTGTC-1,NAIVE 2,0.04247593
ATCATGGCAGCCAATT-1,ASC 1,0.62360764
ATCATGGCATGGGACA-1,IgD+ve Memory,0.044429693
ATCATGGCATTGCGGC-1,IgD-ve Memory,0.04660228
ATCATGGGTACCGTTA-1,IgD-ve Memory,0.033364784
ATCATGGGTAGCTTGT-1,IgD+ve Memory,0.04148337
ATCATGGGTCCGCTGA-1,DN2,0.114320554
ATCATGGGTCGACTAT-1,ASC 2,0.6652704
ATCATGGGTCTACCTC-1,DN2,0.2136612
ATCATGGGTTACGGAG-1,ASC 2,0.765619
ATCATGGGTTATGCGT-1,IgD+ve Memory,0.03541838
ATCATGGTCATTGCCC-1,IgD-ve Memory,0.041949667
ATCATGGTCCATGAAC-1,IgD+ve Memory,0.040258918
ATCATGGTCCCTTGCA-1,NAIVE 2,0.016611392
ATCATGGTCCGTTGCT-1,ASC 2,0.7870118
ATCATGGTCGAGAACG-1,DN2,0.17606796
ATCATGGTCGGATGGA-1,NAIVE 2,0.022077754
ATCATGGTCTTGTTTG-1,Cell-Cycling,0.35465607
ATCCACCAGAAGGTTT-1,NAIVE 2,0.034618843
ATCCACCAGATAGCAT-1,IgD-ve Memory,0.05469661
ATCCACCAGATGAGAG-1,NAIVE 2,0.041949388
ATCCACCAGATGCCAG-1,IgD+ve Memory,0.039075743
ATCCACCAGCGAAGGG-1,NAIVE 2,0.042341605
ATCCACCAGCGTCTAT-1,IgD+ve Memory,0.069553874
ATCCACCAGGCGTACA-1,HSP+,0.04332026
ATCCACCAGGTAAACT-1,IgD+ve Memory,0.067946315
ATCCACCAGGTCATCT-1,Early-Activation,0.17943753
ATCCACCAGTACGCGA-1,NAIVE 1,0.043844968
ATCCACCAGTGTCCCG-1,ASC 2,0.80859035
ATCCACCCAAAGTGCG-1,IgD+ve Memory,0.059787206
ATCCACCCACATCCGG-1,IgD+ve Memory,0.021511596
ATCCACCCACCGAATT-1,NAIVE 2,0.039573483
ATCCACCCATACTACG-1,IgD+ve Memory,0.028282613
ATCCACCCATCTCGCT-1,IgD-ve Memory,0.04399647
ATCCACCCATTGTGCA-1,NAIVE 1,0.043886892
ATCCACCGTAAGCACG-1,IgD+ve Memory,0.03410829
ATCCACCGTAGGGACT-1,NAIVE 2,0.03376233
ATCCACCGTCACACGC-1,IgD-ve Memory,0.030494735
ATCCACCGTCTCTTTA-1,IgD+ve Memory,0.071906015
ATCCACCGTGGGTATG-1,IgD-ve Memory,0.03117915
ATCCACCGTGTGAAAT-1,NAIVE 2,0.027521862
ATCCACCGTGTTCTTT-1,IgD-ve Memory,0.013896349
ATCCACCTCACAATGC-1,IgD-ve Memory,0.031014983
ATCCACCTCAGTTAGC-1,ASC 2,0.70289576
ATCCACCTCCAAACTG-1,IgD-ve Memory,0.04037713
ATCCACCTCCAGTATG-1,IgD-ve Memory,0.025837252
ATCCACCTCCGCAGTG-1,NAIVE 1,0.042647626
ATCCACCTCCGTTGTC-1,IgD+ve Memory,0.042323746
ATCCACCTCGTATCAG-1,DN2,0.16673148
ATCCACCTCTCAAGTG-1,NAIVE 2,0.023588093
ATCCACCTCTGTCTCG-1,IgD-ve Memory,0.04068752
ATCCACCTCTTTACGT-1,ASC 3,0.8605055
ATCCGAAAGAGGTACC-1,IgD-ve Memory,0.04096293
ATCCGAAAGAGTCGGT-1,NAIVE 2,0.07178081
ATCCGAAAGCCCAATT-1,NAIVE 2,0.018228415
ATCCGAAAGCGTTCCG-1,NAIVE 2,0.0589075
ATCCGAAAGCTTTGGT-1,HSP+,0.047311306
ATCCGAAAGTTGTAGA-1,IgD-ve Memory,0.026658786
ATCCGAACAAGTAATG-1,IgD+ve Memory,0.0289687
ATCCGAACACACAGAG-1,Early-Activation,0.046666916
ATCCGAACACATCTTT-1,NAIVE 2,0.05315614
ATCCGAACAGACAGGT-1,NAIVE 2,0.032532502
ATCCGAACATATACGC-1,IgD-ve Memory,0.03634759
ATCCGAAGTAAGGGCT-1,IgD-ve Memory,0.03416241
ATCCGAAGTAGGCATG-1,IgD-ve Memory,0.030060755
ATCCGAAGTCTCAACA-1,IgD+ve Memory,0.038523685
ATCCGAAGTCTCATCC-1,NAIVE 1,0.04064559
ATCCGAAGTCTCCATC-1,IgD-ve Memory,0.041214548
ATCCGAAGTGATGCCC-1,NAIVE 2,0.044515096
ATCCGAAGTTAGGGTG-1,IgD+ve Memory,0.059056967
ATCCGAAGTTGTCTTT-1,DN2,0.046218984
ATCCGAATCAGGTTCA-1,ASC 2,0.7860448
ATCCGAATCATCACCC-1,NAIVE 1,0.048213746
ATCCGAATCGAGGTAG-1,IgD-ve Memory,0.0390893
ATCCGAATCTATGTGG-1,IgD-ve Memory,0.1790858
ATCCGAATCTGATTCT-1,NAIVE 2,0.117288664
ATCCGAATCTGGGCCA-1,IgD-ve Memory,0.058154315
ATCGAGTAGAAGGCCT-1,ASC 2,0.79799116
ATCGAGTAGATAGCAT-1,Cell-Cycling,0.6514791
ATCGAGTAGATATGCA-1,IgD+ve Memory,0.052777637
ATCGAGTAGATGTAAC-1,IgD-ve Memory,0.0561885
ATCGAGTAGCTCCCAG-1,DN2,0.17880565
ATCGAGTAGGTGTTAA-1,ASC 2,0.80360353
ATCGAGTAGTAGTGCG-1,NAIVE 1,0.03401439
ATCGAGTAGTCGTACT-1,IgD-ve Memory,0.07576867
ATCGAGTAGTCTCAAC-1,NAIVE 1,0.038845614
ATCGAGTAGTTCGCAT-1,ASC 2,0.76912826
ATCGAGTCAAATCCGT-1,IgD-ve Memory,0.024870642
ATCGAGTCAACCGCCA-1,ASC 2,0.82393247
ATCGAGTCAAGAGGCT-1,NAIVE 1,0.046591196
ATCGAGTCAAGCCCAC-1,NAIVE 2,0.013711192
ATCGAGTCAATAGAGT-1,IgD-ve Memory,0.05674937
ATCGAGTCAATAGCGG-1,HSP+,0.037947617
ATCGAGTCACCCTATC-1,IgD-ve Memory,0.0565359
ATCGAGTCAGCGATCC-1,IgD-ve Memory,0.043965034
ATCGAGTCAGGAATCG-1,ASC 2,0.8250549
ATCGAGTCAGTCTTCC-1,NAIVE 2,0.027074432
ATCGAGTCATCGTCGG-1,IgD+ve Memory,0.070187375
ATCGAGTGTAGCCTCG-1,NAIVE 1,0.06566642
ATCGAGTGTAGGGACT-1,NAIVE 1,0.07132283
ATCGAGTGTCCCTTGT-1,DN2,0.06870476
ATCGAGTGTCCGAGTC-1,IgD-ve Memory,0.059716806
ATCGAGTGTGAGCGAT-1,ASC 1,0.7603169
ATCGAGTGTGCGATAG-1,IgD-ve Memory,0.046261415
ATCGAGTGTGGTAACG-1,ASC 2,0.9170538
ATCGAGTGTGGTCTCG-1,IgD-ve Memory,0.027271578
ATCGAGTGTGTCAATC-1,IgD-ve Memory,0.037045453
ATCGAGTGTTACGACT-1,IgD-ve Memory,0.03306533
ATCGAGTGTTTAGGAA-1,NAIVE 1,0.05033382
ATCGAGTTCAAACGGG-1,DN2,0.18559435
ATCGAGTTCAACGCTA-1,DN2,0.11262294
ATCGAGTTCAATAAGG-1,HSP+,0.045580633
ATCGAGTTCAATACCG-1,IgD+ve Memory,0.030790623
ATCGAGTTCAATCTCT-1,IgD-ve Memory,0.04979497
ATCGAGTTCACAGTAC-1,ASC 2,0.8519933
ATCGAGTTCACTCCTG-1,NAIVE 2,0.035306536
ATCGAGTTCACTCTTA-1,ASC 2,0.8116341
ATCGAGTTCAGCGATT-1,NAIVE 2,0.081127234
ATCGAGTTCCGCTGTT-1,IgD-ve Memory,0.050232545
ATCGAGTTCGAATCCA-1,HSP+,0.79942364
ATCGAGTTCTCGAGTA-1,IgD+ve Memory,0.04106474
ATCGAGTTCTGAGGGA-1,Early-Activation,0.047223527
ATCTACTAGAAGATTC-1,NAIVE 1,0.02253793
ATCTACTAGAAGGTTT-1,NAIVE 2,0.037182506
ATCTACTAGCGTGAGT-1,IgD-ve Memory,0.03664385
ATCTACTAGCTACCTA-1,NAIVE 1,0.15537931
ATCTACTAGCTAGCCC-1,ASC 2,0.878158
ATCTACTAGGATGTAT-1,IgD-ve Memory,0.045335326
ATCTACTCACATTAGC-1,NAIVE 2,0.036801618
ATCTACTCAGCTGTAT-1,IgD+ve Memory,0.055612125
ATCTACTCAGGGAGAG-1,IgD+ve Memory,0.03022699
ATCTACTCAGTATCTG-1,IgD-ve Memory,0.034851052
ATCTACTCATCACGAT-1,IgD+ve Memory,0.06270767
ATCTACTGTAAATACG-1,NAIVE 1,0.045431793
ATCTACTGTACTCTCC-1,ASC 2,0.75557905
ATCTACTGTCTCTCGT-1,IgD+ve Memory,0.053918425
ATCTACTGTTATGCGT-1,IgD-ve Memory,0.015802685
ATCTACTGTTCCACAA-1,NAIVE 2,0.0059120324
ATCTACTGTTGCGCAC-1,IgD-ve Memory,0.065992676
ATCTACTGTTGTTTGG-1,NAIVE 1,0.113596186
ATCTACTGTTTACTCT-1,NAIVE 1,0.039281238
ATCTACTTCAAAGTAG-1,IgD-ve Memory,0.07807591
ATCTACTTCAACGAAA-1,IgD+ve Memory,0.04077532
ATCTACTTCACCTCGT-1,NAIVE 1,0.054862384
ATCTACTTCACGACTA-1,IgD+ve Memory,0.043461815
ATCTACTTCAGTGCAT-1,IgD-ve Memory,0.023989258
ATCTACTTCGAACTGT-1,IgD-ve Memory,0.024072843
ATCTACTTCGCGTAGC-1,DN2,0.040217057
ATCTACTTCGGCGCAT-1,Early-Activation,0.060318552
ATCTACTTCTGGCGTG-1,IgD+ve Memory,0.02974514
ATCTACTTCTGGTGTA-1,IgD+ve Memory,0.04606341
ATCTGCCAGAAACGCC-1,IgD-ve Memory,0.03644513
ATCTGCCAGCGATAGC-1,NAIVE 1,0.046167314
ATCTGCCAGCGATGAC-1,HSP+,0.031148698
ATCTGCCAGCTCTCGG-1,NAIVE 1,0.05378504
ATCTGCCAGGGCTTGA-1,NAIVE 2,0.07368211
ATCTGCCAGGTGCTAG-1,IgD+ve Memory,0.046575293
ATCTGCCCAAGCGCTC-1,IgD+ve Memory,0.033815753
ATCTGCCCAAGTCATC-1,IgD-ve Memory,0.04505768
ATCTGCCCAATCGAAA-1,IgD-ve Memory,0.033399515
ATCTGCCCACAAGACG-1,NAIVE 2,0.047676414
ATCTGCCCACCTTGTC-1,NAIVE 1,0.09392613
ATCTGCCCACTCTGTC-1,NAIVE 2,0.034844216
ATCTGCCCAGGTCGTC-1,IgD+ve Memory,0.037601892
ATCTGCCCAGTATAAG-1,HSP+,0.028622938
ATCTGCCCATCCAACA-1,Transitional,0.115786694
ATCTGCCGTACACCGC-1,NAIVE 2,0.020476358
ATCTGCCGTACCATCA-1,NAIVE 1,0.026866945
ATCTGCCGTAGCTTGT-1,IgD-ve Memory,0.05055393
ATCTGCCGTCATATCG-1,IgD+ve Memory,0.0349671
ATCTGCCGTCATGCAT-1,IgD+ve Memory,0.030287847
ATCTGCCGTCCGACGT-1,IgD-ve Memory,0.03579533
ATCTGCCGTCGCCATG-1,NAIVE 2,0.074458174
ATCTGCCGTCTAGCGC-1,NAIVE 1,0.052760642
ATCTGCCGTTAAAGAC-1,IgD+ve Memory,0.040089592
ATCTGCCGTTAAGGGC-1,ASC 2,0.758388
ATCTGCCGTTATGCGT-1,IgD+ve Memory,0.058004647
ATCTGCCTCACGGTTA-1,IgD+ve Memory,0.068392284
ATCTGCCTCACTATTC-1,IgD-ve Memory,0.043814145
ATCTGCCTCATCACCC-1,HSP+,0.04479063
ATCTGCCTCCGCAAGC-1,IgD-ve Memory,0.03222711
ATCTGCCTCCGGGTGT-1,Transitional,0.11625606
ATCTGCCTCGGAAATA-1,IgD+ve Memory,0.044441666
ATCTGCCTCTCTGCTG-1,IgD-ve Memory,0.08417804
ATGAGGGAGAAGATTC-1,IgD-ve Memory,0.06725782
ATGAGGGAGATCGATA-1,IgD+ve Memory,0.031736847
ATGAGGGAGCTAGTGG-1,Cell-Cycling,0.35782894
ATGAGGGAGGGTATCG-1,NAIVE 2,0.025208674
ATGAGGGAGGTGCTAG-1,NAIVE 2,0.030104665
ATGAGGGAGGTGGGTT-1,IgD+ve Memory,0.032264236
ATGAGGGAGTACGTTC-1,NAIVE 1,0.04523956
ATGAGGGAGTCTCAAC-1,IgD-ve Memory,0.028924812
ATGAGGGCACGGTGTC-1,IgD-ve Memory,0.04969981
ATGAGGGCAGCGTCCA-1,NAIVE 2,0.004355418
ATGAGGGCAGGCAGTA-1,IgD-ve Memory,0.05195874
ATGAGGGCAGGTTTCA-1,NAIVE 1,0.03379895
ATGAGGGCATGCGCAC-1,NAIVE 2,0.016581567
ATGAGGGCATTTGCCC-1,IgD+ve Memory,0.09631774
ATGAGGGGTACAGACG-1,HSP+,0.109869026
ATGAGGGGTCTAAACC-1,Early-Activation,0.053467315
ATGAGGGGTCTCGTTC-1,ASC 2,0.76028913
ATGAGGGGTCTTTCAT-1,IgD-ve Memory,0.055311274
ATGAGGGGTTCACCTC-1,Transitional,0.09186275
ATGAGGGGTTCCCTTG-1,IgD-ve Memory,0.025944022
ATGAGGGGTTCGTGAT-1,Early-Activation,0.032111414
ATGAGGGGTTCTGGTA-1,NAIVE 2,0.024616327
ATGAGGGTCAGTACGT-1,Cell-Cycling,0.7061963
ATGAGGGTCCTGCCAT-1,ASC 2,0.8224718
ATGAGGGTCGCTAGCG-1,NAIVE 2,0.007049378
ATGAGGGTCGGCCGAT-1,ASC 2,0.7986775
ATGAGGGTCTGATTCT-1,IgD-ve Memory,0.031961385
ATGAGGGTCTTGACGA-1,ASC 3,0.6259552
ATGAGGGTCTTTAGTC-1,Cell-Cycling,0.58435833
ATGCGATAGAGCAATT-1,Transitional,0.12321754
ATGCGATAGATAGGAG-1,IgD-ve Memory,0.035390306
ATGCGATAGCGTGTCC-1,NAIVE 1,0.14107065
ATGCGATAGCTAACAA-1,Cell-Cycling,0.41263133
ATGCGATAGCTCCCAG-1,NAIVE 2,0.102066584
ATGCGATAGGAGTACC-1,NAIVE 2,0.029954586
ATGCGATAGTCCAGGA-1,Cell-Cycling,0.3255281
ATGCGATAGTGCTGCC-1,IgD-ve Memory,0.057537742
ATGCGATCAAGCTGTT-1,HSP+,0.02654855
ATGCGATCATAGGATA-1,IgD-ve Memory,0.04555431
ATGCGATCATGAACCT-1,NAIVE 2,0.02361978
ATGCGATCATTGCGGC-1,IgD-ve Memory,0.027628375
ATGCGATGTAGGAGTC-1,ASC 2,0.84152037
ATGCGATGTAGTGAAT-1,ASC 2,0.9233703
ATGCGATGTATCACCA-1,IgD+ve Memory,0.03635442
ATGCGATGTATCAGTC-1,ASC 2,0.80748004
ATGCGATGTCAGAAGC-1,Early-Activation,0.019673033
ATGCGATGTCTGGTCG-1,ASC 2,0.81045747
ATGCGATGTGTAAGTA-1,Cell-Cycling,0.704393
ATGCGATGTGTCCTCT-1,DN2,0.048983734
ATGCGATGTTAAGTAG-1,NAIVE 2,0.034653742
ATGCGATGTTCATGGT-1,ASC 2,0.7560377
ATGCGATTCAGTGTTG-1,IgD-ve Memory,0.027850434
ATGCGATTCGACAGCC-1,ASC 2,0.70354116
ATGCGATTCGCGTAGC-1,ASC 1,0.6710244
ATGCGATTCGCTGATA-1,IgD-ve Memory,0.044379205
ATGCGATTCGGAGGTA-1,IgD+ve Memory,0.041787192
ATGCGATTCGGCGGTT-1,NAIVE 1,0.069077
ATGCGATTCGTCCGTT-1,NAIVE 1,0.045291394
ATGCGATTCGTTTAGG-1,NAIVE 1,0.080763794
ATGGGAGAGCAGATCG-1,IgD+ve Memory,0.0441435
ATGGGAGAGCCAGTTT-1,ASC 2,0.7853734
ATGGGAGAGGCATTGG-1,HSP+,0.047835972
ATGGGAGAGTGTACGG-1,IgD-ve Memory,0.05268475
ATGGGAGCACAGAGGT-1,Transitional,0.11172396
ATGGGAGCAGATGGGT-1,IgD-ve Memory,0.042706225
ATGGGAGCAGTGAGTG-1,NAIVE 2,0.0104811145
ATGGGAGCATATACGC-1,Cell-Cycling,0.3696502
ATGGGAGCATCAGTCA-1,IgD+ve Memory,0.043191463
ATGGGAGGTAAATGAC-1,NAIVE 2,0.008473574
ATGGGAGGTACAGCAG-1,IgD+ve Memory,0.04735439
ATGGGAGGTATGAATG-1,HSP+,0.11128403
ATGGGAGGTGTGCGTC-1,Cell-Cycling,0.40204397
ATGGGAGGTTCCGGCA-1,NAIVE 2,0.012481159
ATGGGAGGTTTACTCT-1,NAIVE 2,0.026905237
ATGGGAGGTTTGACAC-1,NAIVE 2,0.00950241
ATGGGAGTCAACGGGA-1,NAIVE 2,0.027154205
ATGGGAGTCACTTATC-1,IgD+ve Memory,0.037879054
ATGGGAGTCAGGCAAG-1,NAIVE 1,0.05670173
ATGGGAGTCATTATCC-1,NAIVE 2,0.10855002
ATGGGAGTCCCTGACT-1,IgD-ve Memory,0.053923473
ATGGGAGTCCGCGTTT-1,IgD-ve Memory,0.01859039
ATGGGAGTCCGGGTGT-1,IgD+ve Memory,0.0557618
ATGGGAGTCCTCAATT-1,IgD-ve Memory,0.038245466
ATGGGAGTCCTTGCCA-1,NAIVE 2,0.030006425
ATGGGAGTCTAACTGG-1,NAIVE 2,0.017829183
ATGGGAGTCTCGCTTG-1,NAIVE 2,0.047054127
ATGGGAGTCTCTGTCG-1,IgD-ve Memory,0.051542148
ATGTGTGAGACGCACA-1,NAIVE 1,0.03453819
ATGTGTGAGATCCTGT-1,ASC 2,0.8561639
ATGTGTGAGATCTGCT-1,Transitional,0.1261238
ATGTGTGAGCACAGGT-1,NAIVE 2,0.028249659
ATGTGTGAGCTACCGC-1,ASC 2,0.7048901
ATGTGTGAGCTCAACT-1,NAIVE 1,0.044566177
ATGTGTGAGCTGCGAA-1,IgD+ve Memory,0.044750612
ATGTGTGAGGATGGTC-1,IgD+ve Memory,0.048454337
ATGTGTGAGGCCGAAT-1,Early-Activation,0.06137749
ATGTGTGAGGGAACGG-1,IgD-ve Memory,0.0436015
ATGTGTGAGTGGGTTG-1,NAIVE 2,0.050835345
ATGTGTGAGTTGAGAT-1,NAIVE 1,0.066966325
ATGTGTGCACAGCCCA-1,DN2,0.071460456
ATGTGTGCACGAAGCA-1,ASC 2,0.84904194
ATGTGTGCAGCTCCGA-1,ASC 1,0.7290574
ATGTGTGCAGCTGCAC-1,IgD+ve Memory,0.039813127
ATGTGTGCAGTCACTA-1,IgD-ve Memory,0.059001572
ATGTGTGCATATGAGA-1,ASC 2,0.6563503
ATGTGTGCATCTCGCT-1,Cell-Cycling,0.58776623
ATGTGTGCATTTGCCC-1,DN2,0.21237247
ATGTGTGGTAAGGGAA-1,HSP+,0.05946364
ATGTGTGGTCGTGGCT-1,IgD-ve Memory,0.019630054
ATGTGTGGTCTGATTG-1,IgD+ve Memory,0.05791672
ATGTGTGGTGATAAAC-1,Cell-Cycling,0.65808743
ATGTGTGGTTCACGGC-1,IgD+ve Memory,0.07041247
ATGTGTGGTTCCCGAG-1,IgD+ve Memory,0.03729032
ATGTGTGTCACTCCTG-1,IgD+ve Memory,0.035940986
ATGTGTGTCAGATAAG-1,NAIVE 1,0.06754269
ATGTGTGTCAGCGATT-1,IgD+ve Memory,0.045739636
ATGTGTGTCAGTACGT-1,NAIVE 2,0.022139816
ATGTGTGTCGCATGAT-1,ASC 2,0.72032464
ATGTGTGTCGGCGCAT-1,IgD+ve Memory,0.04534629
ATGTGTGTCGTACGGC-1,NAIVE 1,0.14999431
ATGTGTGTCTAACCGA-1,Transitional,0.12343179
ATGTGTGTCTACGAGT-1,NAIVE 2,0.038003128
ATGTGTGTCTCGCATC-1,IgD-ve Memory,0.024091491
ATGTGTGTCTGCTTGC-1,IgD+ve Memory,0.054465223
ATGTGTGTCTTGAGAC-1,HSP+,0.0424946
ATGTGTGTCTTGCAAG-1,NAIVE 2,0.018505426
ATGTGTGTCTTTAGGG-1,IgD-ve Memory,0.026735764
ATTACTCAGATCTGCT-1,NAIVE 2,0.06498635
ATTACTCAGGCGCTCT-1,IgD-ve Memory,0.03035119
ATTACTCCAAACAACA-1,Early-Activation,0.055912208
ATTACTCCAACAACCT-1,IgD-ve Memory,0.05936523
ATTACTCCACCAGATT-1,NAIVE 2,0.029732734
ATTACTCCACCAGGTC-1,NAIVE 2,0.07229202
ATTACTCCAGACAAGC-1,IgD+ve Memory,0.08464352
ATTACTCCATAGAAAC-1,IgD-ve Memory,0.02813613
ATTACTCCATATGAGA-1,DN2,0.2174851
ATTACTCGTAGCTAAA-1,IgD-ve Memory,0.06472695
ATTACTCGTAGCTCCG-1,Cell-Cycling,0.386843
ATTACTCGTAGGGACT-1,Cell-Cycling,0.62880594
ATTACTCGTCCGAACC-1,IgD+ve Memory,0.035815556
ATTACTCGTGACTCAT-1,ASC 3,0.8927482
ATTACTCGTGAGTATA-1,NAIVE 2,0.0698124
ATTACTCGTGCATCTA-1,ASC 2,0.80922514
ATTACTCGTTCTGTTT-1,IgD+ve Memory,0.037969857
ATTACTCGTTTGGCGC-1,NAIVE 2,0.023974137
ATTACTCGTTTGTGTG-1,IgD-ve Memory,0.03871002
ATTACTCTCAACACAC-1,IgD+ve Memory,0.035028324
ATTACTCTCACCAGGC-1,DN2,0.069458604
ATTACTCTCCAGAGGA-1,HSP+,0.043244038
ATTACTCTCGAACTGT-1,IgD-ve Memory,0.029153042
ATTACTCTCGTTTAGG-1,IgD+ve Memory,0.042761732
ATTATCCAGAGACTAT-1,IgD-ve Memory,0.046046898
ATTATCCAGGTGCAAC-1,IgD+ve Memory,0.035382103
ATTATCCAGTATTGGA-1,NAIVE 2,0.11640919
ATTATCCAGTCGTACT-1,NAIVE 2,0.04291995
ATTATCCAGTGAACAT-1,HSP+,0.04972431
ATTATCCCAAGGTTTC-1,NAIVE 2,0.01713348
ATTATCCCACAGATTC-1,ASC 2,0.8139892
ATTATCCCAGATCCAT-1,IgD-ve Memory,0.052494843
ATTATCCCAGGTGCCT-1,IgD-ve Memory,0.048398912
ATTATCCCAGTGAGTG-1,NAIVE 2,0.035344318
ATTATCCCATAAAGGT-1,ASC 2,0.6941883
ATTATCCCATGCAACT-1,ASC 2,0.5143
ATTATCCGTAGGCATG-1,HSP+,0.11366051
ATTATCCGTAGGGACT-1,IgD+ve Memory,0.02842845
ATTATCCGTATGCTTG-1,IgD-ve Memory,0.029642362
ATTATCCGTCAGAAGC-1,IgD+ve Memory,0.06001152
ATTATCCGTCGCTTCT-1,NAIVE 2,0.070753604
ATTATCCGTTTGGGCC-1,Early-Activation,0.04218017
ATTATCCTCAACTCTT-1,IgD+ve Memory,0.030372519
ATTATCCTCCATGCTC-1,NAIVE 1,0.06728505
ATTATCCTCCTTGGTC-1,NAIVE 1,0.031611685
ATTATCCTCGCTTGTC-1,Cell-Cycling,0.45821643
ATTATCCTCGGCGCAT-1,ASC 2,0.8876416
ATTATCCTCTGAGGGA-1,ASC 2,0.8544214
ATTCTACAGACGACGT-1,IgD-ve Memory,0.04258525
ATTCTACAGATGCCTT-1,IgD-ve Memory,0.040660664
ATTCTACAGCTAACAA-1,ASC 2,0.79713255
ATTCTACAGGAACTGC-1,NAIVE 1,0.047068566
ATTCTACAGGACCACA-1,IgD+ve Memory,0.03579257
ATTCTACAGTAGGCCA-1,ASC 2,0.6892575
ATTCTACAGTGCCAGA-1,NAIVE 1,0.05703209
ATTCTACAGTGTTTGC-1,NAIVE 2,0.043564506
ATTCTACCAAGTCATC-1,IgD+ve Memory,0.038864512
ATTCTACCAATAACGA-1,ASC 2,0.8099146
ATTCTACCACAAGCCC-1,IgD+ve Memory,0.051284708
ATTCTACCACCTATCC-1,NAIVE 2,0.07914038
ATTCTACCACGGATAG-1,IgD-ve Memory,0.033762064
ATTCTACCACTAGTAC-1,ASC 2,0.734527
ATTCTACCAGATGGGT-1,IgD-ve Memory,0.03131547
ATTCTACCAGTTCCCT-1,NAIVE 1,0.040105857
ATTCTACCATCACCCT-1,IgD-ve Memory,0.051930808
ATTCTACCATCGGTTA-1,IgD-ve Memory,0.08074228
ATTCTACCATTAACCG-1,ASC 2,0.8837328
ATTCTACCATTCTTAC-1,IgD+ve Memory,0.03981075
ATTCTACGTAAGTGTA-1,NAIVE 1,0.030382454
ATTCTACGTAATAGCA-1,DN2,0.18580337
ATTCTACGTATATCCG-1,DN2,0.20714349
ATTCTACGTCCGAGTC-1,IgD-ve Memory,0.02731082
ATTCTACGTCCTCTTG-1,NAIVE 2,0.019375326
ATTCTACGTGCAGGTA-1,IgD-ve Memory,0.06952677
ATTCTACGTGTCTGAT-1,NAIVE 1,0.0636624
ATTCTACGTTCATGGT-1,Cell-Cycling,0.41597039
ATTCTACTCAACCAAC-1,ASC 2,0.33249718
ATTCTACTCCCACTTG-1,IgD-ve Memory,0.07532933
ATTCTACTCGCAGGCT-1,HSP+,0.12258471
ATTCTACTCGGAGGTA-1,IgD-ve Memory,0.13183287
ATTCTACTCTACTTAC-1,IgD-ve Memory,0.029788317
ATTCTACTCTGTCTCG-1,IgD-ve Memory,0.04780461
ATTGGACAGAATCTCC-1,NAIVE 2,0.05201477
ATTGGACAGACTAGGC-1,ASC 2,0.80169845
ATTGGACAGCGGATCA-1,IgD+ve Memory,0.040464707
ATTGGACAGCGTGAGT-1,IgD+ve Memory,0.0512582
ATTGGACAGTCACGCC-1,DN2,0.077117816
ATTGGACAGTTGTAGA-1,NAIVE 2,0.020693026
ATTGGACCAAGTTAAG-1,IgD-ve Memory,0.028839631
ATTGGACCAATCACAC-1,ASC 2,0.7562238
ATTGGACCACAACGCC-1,DN2,0.09533173
ATTGGACCACGGTAAG-1,Transitional,0.10901124
ATTGGACCAGGGTACA-1,IgD-ve Memory,0.07129858
ATTGGACCATCCGGGT-1,IgD+ve Memory,0.044654243
ATTGGACGTACAGACG-1,DN2,0.0837747
ATTGGACGTAGCAAAT-1,IgD-ve Memory,0.03951821
ATTGGACGTCTGCCAG-1,NAIVE 2,0.107725844
ATTGGACGTGCAGGTA-1,IgD+ve Memory,0.049207445
ATTGGACGTGCAGTAG-1,IgD+ve Memory,0.04770611
ATTGGACGTTAAAGAC-1,NAIVE 2,0.047875002
ATTGGACGTTATCACG-1,IgD+ve Memory,0.028570296
ATTGGACGTTCCAACA-1,NAIVE 1,0.043879736
ATTGGACGTTCTGGTA-1,HSP+,0.04299666
ATTGGACTCCTAAGTG-1,IgD+ve Memory,0.052512508
ATTGGACTCGGATGTT-1,NAIVE 2,0.05727242
ATTGGACTCGTGTAGT-1,ASC 2,0.7557662
ATTGGACTCGTTACAG-1,IgD+ve Memory,0.041886624
ATTGGACTCTACTTAC-1,IgD+ve Memory,0.036375113
ATTGGACTCTGAGTGT-1,IgD+ve Memory,0.049727693
ATTGGACTCTGGCGTG-1,IgD-ve Memory,0.022001494
ATTGGACTCTTAACCT-1,NAIVE 2,0.022203913
ATTGGTGAGATACACA-1,NAIVE 2,0.04161706
ATTGGTGAGCAATCTC-1,IgD-ve Memory,0.058601096
ATTGGTGAGCGATAGC-1,IgD-ve Memory,0.055896375
ATTGGTGAGCGTTGCC-1,IgD-ve Memory,0.033911627
ATTGGTGAGCTAGGCA-1,NAIVE 1,0.037836332
ATTGGTGAGGACCACA-1,DN2,0.21406262
ATTGGTGAGGCATTGG-1,IgD+ve Memory,0.06501107
ATTGGTGAGGGCTTGA-1,Early-Activation,0.034172542
ATTGGTGAGTCCAGGA-1,IgD-ve Memory,0.02369537
ATTGGTGAGTCCTCCT-1,IgD+ve Memory,0.045420893
ATTGGTGCAACTGCGC-1,IgD-ve Memory,0.044650786
ATTGGTGCACATGGGA-1,NAIVE 2,0.0242955
ATTGGTGCACTAGTAC-1,NAIVE 1,0.06471224
ATTGGTGCAGTAGAGC-1,IgD-ve Memory,0.02058911
ATTGGTGCAGTGAGTG-1,IgD+ve Memory,0.04530107
ATTGGTGCATACCATG-1,ASC 1,0.7349956
ATTGGTGGTAAACCTC-1,ASC 2,0.6630613
ATTGGTGGTAGGACAC-1,IgD+ve Memory,0.031428725
ATTGGTGGTATTCGTG-1,HSP+,0.026638566
ATTGGTGGTGATAAGT-1,ASC 2,0.75979394
ATTGGTGGTGTGAAAT-1,NAIVE 1,0.06482558
ATTGGTGTCAACACGT-1,ASC 2,0.5826302
ATTGGTGTCAACTCTT-1,HSP+,0.017182391
ATTGGTGTCACGACTA-1,ASC 2,0.8402199
ATTGGTGTCAGTTAGC-1,NAIVE 2,0.02524041
ATTGGTGTCCCAACGG-1,Early-Activation,0.04272317
ATTGGTGTCGTGGGAA-1,NAIVE 2,0.025869846
ATTTCTGAGGACAGAA-1,IgD-ve Memory,0.050830033
ATTTCTGAGGTTACCT-1,ASC 2,0.8832754
ATTTCTGAGTTAGGTA-1,HSP+,0.038643178
ATTTCTGCAAGCCATT-1,IgD-ve Memory,0.04424883
ATTTCTGCAATCCGAT-1,IgD-ve Memory,0.04683852
ATTTCTGCACCACGTG-1,NAIVE 1,0.048026387
ATTTCTGCACCAGTTA-1,IgD-ve Memory,0.05131303
ATTTCTGCACGCTTTC-1,IgD-ve Memory,0.026754636
ATTTCTGCACTGCCAG-1,IgD-ve Memory,0.040861618
ATTTCTGCAGAAGCAC-1,NAIVE 1,0.04492544
ATTTCTGCAGACGTAG-1,IgD-ve Memory,0.06908119
ATTTCTGCATACTACG-1,ASC 2,0.8491373
ATTTCTGCATCGGGTC-1,IgD+ve Memory,0.035015713
ATTTCTGCATCGGTTA-1,ASC 3,0.8175726
ATTTCTGCATTGCGGC-1,NAIVE 1,0.06735484
ATTTCTGGTAGCAAAT-1,IgD-ve Memory,0.06380955
ATTTCTGGTCTAGGTT-1,NAIVE 1,0.027633237
ATTTCTGGTGCAACGA-1,IgD-ve Memory,0.08941007
ATTTCTGGTGCAACTT-1,DN2,0.054662216
ATTTCTGGTGCGATAG-1,ASC 2,0.7565824
ATTTCTGGTGGAAAGA-1,IgD+ve Memory,0.03466608
ATTTCTGGTGGCAAAC-1,IgD-ve Memory,0.050244663
ATTTCTGGTGGTGTAG-1,ASC 2,0.77550745
ATTTCTGGTTCATGGT-1,NAIVE 1,0.037144337
ATTTCTGGTTGCTCCT-1,IgD-ve Memory,0.040302027
ATTTCTGTCACAAACC-1,NAIVE 2,0.016868602
ATTTCTGTCAGAGGTG-1,ASC 3,0.65418226
ATTTCTGTCAGCAACT-1,IgD+ve Memory,0.083102606
ATTTCTGTCAGCTGGC-1,IgD+ve Memory,0.04459934
ATTTCTGTCAGGATCT-1,Transitional,0.1234687
ATTTCTGTCCTTTCGG-1,ASC 3,0.8549727
ATTTCTGTCGGCGGTT-1,IgD-ve Memory,0.028529728
ATTTCTGTCGTTTGCC-1,Early-Activation,0.05017081
ATTTCTGTCTCAAACG-1,NAIVE 1,0.04386311
ATTTCTGTCTCGCATC-1,NAIVE 2,0.048916586
ATTTCTGTCTGATACG-1,IgD+ve Memory,0.07631658
CAACCAAAGACTCGGA-1,DN2,0.21915418
CAACCAAAGAGACTTA-1,IgD-ve Memory,0.032049872
CAACCAAAGCGATATA-1,IgD-ve Memory,0.035975795
CAACCAAAGCGCTTAT-1,NAIVE 2,0.036145512
CAACCAAAGTACACCT-1,HSP+,0.020604977
CAACCAAAGTCGAGTG-1,IgD-ve Memory,0.021873418
CAACCAAAGTCGCCGT-1,NAIVE 2,0.008645052
CAACCAACAAGCCGCT-1,Cell-Cycling,0.5200086
CAACCAACAATCCAAC-1,IgD-ve Memory,0.045192506
CAACCAACACTTAACG-1,Cell-Cycling,0.34255975
CAACCAACAGGACCCT-1,ASC 2,0.8225456
CAACCAACAGTTCCCT-1,NAIVE 1,0.05251298
CAACCAACATGAACCT-1,NAIVE 2,0.047390755
CAACCAACATTTGCTT-1,ASC 2,0.83160967
CAACCAAGTAGCCTAT-1,IgD-ve Memory,0.032588337
CAACCAAGTCTAGTGT-1,IgD-ve Memory,0.03340347
CAACCAAGTCTTGATG-1,DN2,0.18903184
CAACCAAGTGCCTGTG-1,IgD+ve Memory,0.040595163
CAACCAAGTGTATGGG-1,NAIVE 1,0.04233055
CAACCAAGTGTGGTTT-1,IgD-ve Memory,0.055466812
CAACCAAGTTACTGAC-1,NAIVE 1,0.09919743
CAACCAATCAAGGCTT-1,IgD+ve Memory,0.056551687
CAACCAATCAGTTAGC-1,DN2,0.18550569
CAACCAATCATGTCTT-1,IgD-ve Memory,0.050240353
CAACCAATCCAGATCA-1,IgD-ve Memory,0.032266796
CAACCAATCCTAAGTG-1,NAIVE 1,0.049751416
CAACCAATCGTAGGTT-1,IgD-ve Memory,0.027105566
CAACCAATCGTCGTTC-1,IgD+ve Memory,0.046101138
CAACCAATCTAAGCCA-1,IgD-ve Memory,0.027027365
CAACCTCAGGATATAC-1,NAIVE 1,0.031502422
CAACCTCCAAGCCCAC-1,NAIVE 2,0.0826848
CAACCTCCAAGTCATC-1,IgD+ve Memory,0.038914748
CAACCTCCAATGGTCT-1,NAIVE 1,0.0847749
CAACCTCCACAACGCC-1,NAIVE 2,0.040906437
CAACCTCCACTTACGA-1,IgD-ve Memory,0.059845123
CAACCTCCAGTAGAGC-1,IgD-ve Memory,0.03223733
CAACCTCCATAAAGGT-1,ASC 2,0.7865865
CAACCTCCATCTGGTA-1,IgD-ve Memory,0.07298328
CAACCTCGTAATCACC-1,IgD+ve Memory,0.053827774
CAACCTCGTACAGACG-1,IgD+ve Memory,0.047204133
CAACCTCGTACAGTGG-1,NAIVE 1,0.025222495
CAACCTCGTAGCGCTC-1,DN2,0.21531093
CAACCTCGTAGCGTCC-1,IgD-ve Memory,0.031139541
CAACCTCGTATTACCG-1,ASC 3,0.80602294
CAACCTCGTCCGAGTC-1,IgD-ve Memory,0.11158242
CAACCTCGTTAGATGA-1,ASC 2,0.8129763
CAACCTCGTTCAGACT-1,IgD+ve Memory,0.052370347
CAACCTCGTTCCACTC-1,IgD+ve Memory,0.04335961
CAACCTCTCCAAGTAC-1,NAIVE 1,0.04516384
CAACCTCTCCGAGCCA-1,IgD-ve Memory,0.054266408
CAACCTCTCTGACCTC-1,NAIVE 1,0.061543476
CAACCTCTCTGCGTAA-1,ASC 2,0.79623204
CAACCTCTCTGTCAAG-1,NAIVE 2,0.04240545
CAACCTCTCTTGCAAG-1,NAIVE 1,0.030933054
CAACTAGAGCCACGTC-1,IgD+ve Memory,0.04240932
CAACTAGAGCGACGTA-1,HSP+,0.123728916
CAACTAGAGCTACCGC-1,IgD-ve Memory,0.031530906
CAACTAGAGGGCTTCC-1,IgD+ve Memory,0.035268836
CAACTAGAGGTGGGTT-1,IgD-ve Memory,0.05433476
CAACTAGAGTAAGTAC-1,NAIVE 1,0.046643075
CAACTAGAGTCCTCCT-1,IgD-ve Memory,0.042447563
CAACTAGAGTGTCCCG-1,Early-Activation,0.057457045
CAACTAGCAAACCTAC-1,HSP+,0.07653221
CAACTAGCACCCAGTG-1,ASC 3,0.9715407
CAACTAGCACCTCGGA-1,NAIVE 2,0.03260929
CAACTAGCAGTATCTG-1,NAIVE 2,0.04173696
CAACTAGCATATGGTC-1,NAIVE 1,0.044563845
CAACTAGCATCGATGT-1,IgD+ve Memory,0.0742685
CAACTAGGTAGCACGA-1,ASC 2,0.88847756
CAACTAGGTAGTACCT-1,IgD-ve Memory,0.039769188
CAACTAGGTATTACCG-1,IgD-ve Memory,0.042542063
CAACTAGGTCAATACC-1,ASC 2,0.76153517
CAACTAGGTCAGAGGT-1,IgD-ve Memory,0.03217486
CAACTAGGTCCGTTAA-1,IgD+ve Memory,0.046736408
CAACTAGGTCCTGCTT-1,IgD-ve Memory,0.04429139
CAACTAGGTCTAGCGC-1,IgD-ve Memory,0.026766762
CAACTAGGTCTCCATC-1,IgD-ve Memory,0.050466027
CAACTAGGTCTCTCGT-1,ASC 2,0.8463289
CAACTAGGTTTCCACC-1,NAIVE 2,0.037326623
CAACTAGGTTTGCATG-1,IgD-ve Memory,0.036488805
CAACTAGTCAAACCAC-1,NAIVE 1,0.060225107
CAACTAGTCAAGGCTT-1,IgD-ve Memory,0.05004244
CAACTAGTCCGGGTGT-1,NAIVE 1,0.049651686
CAACTAGTCGCGATCG-1,IgD+ve Memory,0.06368414
CAACTAGTCGCTAGCG-1,ASC 3,0.81163895
CAAGAAAAGAAGGTTT-1,IgD-ve Memory,0.036231562
CAAGAAAAGACAGAGA-1,NAIVE 1,0.05509469
CAAGAAAAGCCCAGCT-1,NAIVE 2,0.052021366
CAAGAAAAGTCGCCGT-1,NAIVE 2,0.011894817
CAAGAAAAGTGGTAAT-1,IgD-ve Memory,0.02871376
CAAGAAACAACCGCCA-1,Cell-Cycling,0.24494086
CAAGAAACACACCGCA-1,NAIVE 1,0.07314981
CAAGAAACAGGCTGAA-1,NAIVE 1,0.07062497
CAAGAAACAGGTCGTC-1,ASC 1,0.8471381
CAAGAAACATCACCCT-1,IgD-ve Memory,0.024506344
CAAGAAACATGGAATA-1,IgD+ve Memory,0.054194003
CAAGAAACATTTGCTT-1,IgD-ve Memory,0.03417753
CAAGAAAGTAAATGAC-1,IgD-ve Memory,0.023160035
CAAGAAAGTATTAGCC-1,NAIVE 2,0.016248293
CAAGAAAGTCAAAGCG-1,NAIVE 2,0.01380849
CAAGAAAGTCATGCAT-1,NAIVE 2,0.06656312
CAAGAAAGTCTGGTCG-1,IgD-ve Memory,0.035454836
CAAGAAAGTGCTAGCC-1,Early-Activation,0.053853817
CAAGAAAGTTAGGGTG-1,ASC 2,0.7824424
CAAGAAATCAACCAAC-1,DN2,0.20849429
CAAGAAATCACCCTCA-1,NAIVE 1,0.040460806
CAAGAAATCACTGGGC-1,IgD-ve Memory,0.07746233
CAAGAAATCCGTACAA-1,IgD-ve Memory,0.06254469
CAAGAAATCGAATCCA-1,ASC 1,0.83139104
CAAGAAATCGCAAACT-1,ASC 2,0.7896296
CAAGAAATCGCATGGC-1,IgD+ve Memory,0.023348788
CAAGAAATCGTGGTCG-1,IgD+ve Memory,0.051393386
CAAGAAATCTACTCAT-1,NAIVE 2,0.08139846
CAAGATCAGAAACCGC-1,NAIVE 2,0.041694835
CAAGATCAGATGCGAC-1,NAIVE 1,0.0530851
CAAGATCAGCAAATCA-1,IgD+ve Memory,0.035483547
CAAGATCAGCCACGTC-1,ASC 2,0.6209615
CAAGATCAGCGAGAAA-1,IgD+ve Memory,0.054814454
CAAGATCAGGATCGCA-1,IgD-ve Memory,0.04949389
CAAGATCAGTCCAGGA-1,ASC 2,0.6402781
CAAGATCAGTCGTTTG-1,NAIVE 1,0.07153047
CAAGATCAGTTTGCGT-1,IgD+ve Memory,0.06607665
CAAGATCCAAGTACCT-1,NAIVE 1,0.036336806
CAAGATCCAGCTCGCA-1,NAIVE 2,0.04775298
CAAGATCCATATACCG-1,HSP+,0.039104495
CAAGATCGTCTAGAGG-1,DN2,0.10090284
CAAGATCGTCTGCCAG-1,IgD-ve Memory,0.054420702
CAAGATCGTTGAACTC-1,IgD+ve Memory,0.034653325
CAAGATCTCAATACCG-1,ASC 2,0.8683941
CAAGATCTCAATCTCT-1,NAIVE 2,0.042964347
CAAGATCTCCACGAAT-1,IgD+ve Memory,0.05833334
CAAGATCTCCTGTACC-1,NAIVE 1,0.039081573
CAAGATCTCGCGATCG-1,ASC 2,0.7428244
CAAGATCTCTGGTGTA-1,NAIVE 1,0.06274187
CAAGGCCAGAGGTAGA-1,NAIVE 2,0.04232177
CAAGGCCAGATCCGAG-1,IgD-ve Memory,0.035604823
CAAGGCCAGCATGGCA-1,NAIVE 1,0.056949962
CAAGGCCAGCCATCGC-1,IgD+ve Memory,0.04092866
CAAGGCCCACAACGTT-1,DN2,0.055769537
CAAGGCCCACGAGGTA-1,NAIVE 1,0.030123774
CAAGGCCCAGATTGCT-1,HSP+,0.03332929
CAAGGCCCAGCCAGAA-1,IgD-ve Memory,0.049536955
CAAGGCCCAGCTGTAT-1,HSP+,0.026461065
CAAGGCCCAGGGTATG-1,DN2,0.19861104
CAAGGCCCATCCGCGA-1,IgD-ve Memory,0.034406945
CAAGGCCCATCCTAGA-1,ASC 2,0.9089088
CAAGGCCCATTTCACT-1,NAIVE 2,0.016530674
CAAGGCCGTCAGAGGT-1,IgD-ve Memory,0.030772742
CAAGGCCGTCATATGC-1,ASC 2,0.8090216
CAAGGCCGTTTGCATG-1,IgD+ve Memory,0.040306658
CAAGGCCTCAAGAAGT-1,IgD+ve Memory,0.04029915
CAAGGCCTCAGTTTGG-1,ASC 1,0.8234985
CAAGGCCTCATGCATG-1,NAIVE 2,0.034357395
CAAGGCCTCATGTCCC-1,IgD-ve Memory,0.04185601
CAAGGCCTCCGCATAA-1,IgD-ve Memory,0.03555813
CAAGGCCTCCTAGAAC-1,IgD+ve Memory,0.059712134
CAAGGCCTCTCGGACG-1,NAIVE 2,0.014463916
CAAGGCCTCTCTTATG-1,IgD-ve Memory,0.04445304
CAAGGCCTCTGTTTGT-1,IgD+ve Memory,0.06364966
CAAGGCCTCTTGACGA-1,IgD-ve Memory,0.05171413
CAAGTTGAGACCACGA-1,IgD-ve Memory,0.16632019
CAAGTTGAGATCCCGC-1,IgD+ve Memory,0.03168889
CAAGTTGAGCGGATCA-1,IgD+ve Memory,0.047252465
CAAGTTGAGGATCGCA-1,IgD-ve Memory,0.04422923
CAAGTTGAGGATTCGG-1,IgD-ve Memory,0.046727743
CAAGTTGAGGCAGTCA-1,ASC 2,0.7785634
CAAGTTGAGTGTTAGA-1,IgD+ve Memory,0.046499282
CAAGTTGAGTTAAGTG-1,NAIVE 1,0.03152254
CAAGTTGCAAGTCATC-1,NAIVE 1,0.050966505
CAAGTTGCACATCTTT-1,HSP+,0.033060387
CAAGTTGCAGACGTAG-1,NAIVE 1,0.029096723
CAAGTTGCAGGAATCG-1,IgD-ve Memory,0.021953838
CAAGTTGCAGGGAGAG-1,IgD-ve Memory,0.056890495
CAAGTTGCAGTCGTGC-1,IgD-ve Memory,0.04484043
CAAGTTGGTAAACGCG-1,ASC 2,0.81896055
CAAGTTGGTACCGCTG-1,IgD-ve Memory,0.050068818
CAAGTTGGTAGGAGTC-1,IgD+ve Memory,0.06360063
CAAGTTGGTAGGCATG-1,IgD-ve Memory,0.02796172
CAAGTTGGTCAGCTAT-1,ASC 2,0.86851686
CAAGTTGGTCCGTGAC-1,ASC 2,0.88247484
CAAGTTGGTCTCCATC-1,NAIVE 1,0.06051158
CAAGTTGGTCTCTCGT-1,IgD+ve Memory,0.056393098
CAAGTTGGTCTCTTAT-1,Early-Activation,0.050333615
CAAGTTGGTGGTACAG-1,DN2,0.20683287
CAAGTTGGTTGTGGCC-1,NAIVE 2,0.018325746
CAAGTTGTCCACGTTC-1,DN2,0.08070591
CAAGTTGTCCACTCCA-1,NAIVE 2,0.052307643
CAAGTTGTCGGAGCAA-1,IgD+ve Memory,0.033694528
CAAGTTGTCTAGAGTC-1,NAIVE 1,0.04185526
CAAGTTGTCTCCAACC-1,IgD+ve Memory,0.042361964
CAAGTTGTCTGGAGCC-1,Early-Activation,0.055833723
CAAGTTGTCTTCCTTC-1,NAIVE 1,0.09832052
CACAAACAGACTTTCG-1,Early-Activation,0.059998043
CACAAACAGAGCTATA-1,IgD+ve Memory,0.06694016
CACAAACAGAGGGCTT-1,IgD+ve Memory,0.029696094
CACAAACAGCCGTCGT-1,IgD-ve Memory,0.052254792
CACAAACAGGACAGAA-1,IgD-ve Memory,0.046044827
CACAAACAGGATGCGT-1,ASC 2,0.77670264
CACAAACAGGGTGTGT-1,ASC 1,0.6229697
CACAAACAGTCTTGCA-1,NAIVE 1,0.05380461
CACAAACAGTGGTAGC-1,NAIVE 1,0.05655901
CACAAACAGTGGTCCC-1,IgD-ve Memory,0.037496723
CACAAACAGTGTGGCA-1,IgD-ve Memory,0.052255496
CACAAACCAAGGTTTC-1,NAIVE 2,0.053165328
CACAAACCACAGACTT-1,NAIVE 1,0.056326076
CACAAACCATACAGCT-1,Transitional,0.118035555
CACAAACCATCGATTG-1,NAIVE 2,0.01131621
CACAAACGTAAGGATT-1,NAIVE 1,0.062483575
CACAAACGTACCGTTA-1,NAIVE 1,0.041613705
CACAAACGTCTTGTCC-1,NAIVE 2,0.021016592
CACAAACGTGGTACAG-1,IgD-ve Memory,0.020654816
CACAAACGTTTCCACC-1,ASC 2,0.79727817
CACAAACTCACGACTA-1,IgD-ve Memory,0.042644843
CACAAACTCGACCAGC-1,ASC 2,0.6657597
CACAAACTCGCCCTTA-1,NAIVE 2,0.07163378
CACAAACTCTGTCAAG-1,HSP+,0.039959706
CACACAAAGAACTGTA-1,NAIVE 1,0.03357361
CACACAAAGCGTTTAC-1,IgD-ve Memory,0.06404787
CACACAAAGGCGATAC-1,ASC 3,0.8156929
CACACAAAGTCCATAC-1,NAIVE 1,0.04909466
CACACAAAGTGCCATT-1,DN2,0.07741685
CACACAAAGTGTCCCG-1,IgD-ve Memory,0.037599243
CACACAACAATGTAAG-1,IgD+ve Memory,0.07647448
CACACAACACCTATCC-1,IgD-ve Memory,0.05889535
CACACAACACTTACGA-1,NAIVE 1,0.05613588
CACACAACAGACAAGC-1,NAIVE 2,0.0064323097
CACACAACATCACCCT-1,IgD+ve Memory,0.026933132
CACACAACATCGGAAG-1,NAIVE 2,0.024278665
CACACAACATGACATC-1,NAIVE 2,0.058901157
CACACAACATGCATGT-1,NAIVE 1,0.053043313
CACACAACATTCCTCG-1,IgD+ve Memory,0.05768443
CACACAAGTAAAGGAG-1,IgD+ve Memory,0.05762374
CACACAAGTATAATGG-1,HSP+,0.12051894
CACACAAGTCGAAAGC-1,Cell-Cycling,0.52811754
CACACAAGTCTGCCAG-1,ASC 2,0.72045726
CACACAAGTGATAAAC-1,Transitional,0.124037474
CACACAAGTGGCAAAC-1,ASC 2,0.76701266
CACACAAGTGTATGGG-1,NAIVE 1,0.021359475
CACACAAGTTCTGAAC-1,NAIVE 1,0.033253793
CACACAATCAACGGCC-1,Early-Activation,0.023249164
CACACAATCCAAACAC-1,NAIVE 1,0.06248769
CACACAATCGAGAGCA-1,NAIVE 2,0.03439288
CACACAATCTTGAGAC-1,ASC 2,0.81579053
CACACCTAGAGCTGCA-1,IgD+ve Memory,0.03745139
CACACCTAGCATGGCA-1,IgD-ve Memory,0.04703519
CACACCTAGCGACGTA-1,IgD-ve Memory,0.04024396
CACACCTAGGCAAAGA-1,NAIVE 2,0.029333604
CACACCTAGTCGAGTG-1,Transitional,0.117557146
CACACCTAGTGCCAGA-1,HSP+,0.32354695
CACACCTAGTTGTCGT-1,NAIVE 1,0.044375196
CACACCTAGTTTAGGA-1,IgD-ve Memory,0.03377482
CACACCTCAAGAGGCT-1,IgD+ve Memory,0.06805341
CACACCTCAATAGCGG-1,NAIVE 2,0.02777258
CACACCTCAATCCAAC-1,IgD+ve Memory,0.04096439
CACACCTCACAGCCCA-1,DN2,0.09823865
CACACCTCACGACTCG-1,HSP+,0.049642757
CACACCTCACTACAGT-1,DN2,0.16201948
CACACCTCAGCCTTGG-1,ASC 1,0.7827188
CACACCTCAGGAATGC-1,NAIVE 2,0.013075519
CACACCTCAGGTCCAC-1,NAIVE 1,0.048392497
CACACCTCATCAGTCA-1,IgD-ve Memory,0.028805861
CACACCTCATCGACGC-1,ASC 1,0.68994886
CACACCTCATGTCCTC-1,HSP+,0.026155133
CACACCTGTACAGTGG-1,DN2,0.07986583
CACACCTGTCGAATCT-1,IgD-ve Memory,0.049129117
CACACCTGTGCCTGGT-1,NAIVE 1,0.03318399
CACACCTGTTGCGTTA-1,NAIVE 1,0.062270973
CACACCTTCATACGGT-1,Early-Activation,0.049749646
CACACCTTCATCACCC-1,IgD-ve Memory,0.069492266
CACACCTTCCAAATGC-1,NAIVE 1,0.05024849
CACACCTTCGACGGAA-1,ASC 2,0.863148
CACACTCAGACACTAA-1,IgD+ve Memory,0.044059664
CACACTCAGGCTAGAC-1,ASC 2,0.91806394
CACACTCAGGGTTTCT-1,NAIVE 1,0.05303512
CACACTCAGTCCTCCT-1,IgD+ve Memory,0.04463483
CACACTCAGTTCGCGC-1,NAIVE 2,0.02857537
CACACTCCAATCACAC-1,ASC 2,0.8785074
CACACTCCAATCAGAA-1,ASC 2,0.7118871
CACACTCCACGCATCG-1,IgD+ve Memory,0.06200326
CACACTCCACTTAACG-1,NAIVE 2,0.04434718
CACACTCCATAAAGGT-1,IgD-ve Memory,0.054337062
CACACTCCATCTCGCT-1,IgD-ve Memory,0.066338964
CACACTCCATTATCTC-1,IgD+ve Memory,0.019693866
CACACTCGTCTCAACA-1,IgD+ve Memory,0.026801316
CACACTCGTCTCCATC-1,ASC 2,0.59258914
CACACTCGTGGGTCAA-1,IgD-ve Memory,0.040387504
CACACTCGTGTAACGG-1,NAIVE 1,0.051059224
CACACTCGTTGTGGCC-1,ASC 2,0.7519275
CACACTCGTTGTTTGG-1,IgD-ve Memory,0.035179578
CACACTCGTTTGACAC-1,NAIVE 1,0.045766752
CACACTCTCACATAGC-1,IgD+ve Memory,0.04883493
CACACTCTCAGCTGGC-1,NAIVE 1,0.053926125
CACACTCTCCCTAATT-1,IgD-ve Memory,0.029009815
CACACTCTCCTGCCAT-1,IgD-ve Memory,0.02902627
CACACTCTCTTGGGTA-1,NAIVE 1,0.029519195
CACAGGCAGATCGATA-1,IgD+ve Memory,0.052927777
CACAGGCAGTGTTGAA-1,NAIVE 2,0.016960848
CACAGGCCAGACGTAG-1,NAIVE 1,0.023782935
CACAGGCCATCAGTCA-1,NAIVE 1,0.03707795
CACAGGCGTACCCAAT-1,IgD-ve Memory,0.027132485
CACAGGCGTGAAGGCT-1,NAIVE 2,0.007651798
CACAGGCGTGTGCGTC-1,NAIVE 1,0.036667004
CACAGGCGTTGCGCAC-1,IgD-ve Memory,0.024685705
CACAGGCTCAAAGTAG-1,IgD+ve Memory,0.08056049
CACAGGCTCACAATGC-1,DN2,0.19890077
CACAGGCTCAGCCTAA-1,IgD-ve Memory,0.036148995
CACAGGCTCAGTTAGC-1,IgD+ve Memory,0.03729663
CACAGGCTCATAAAGG-1,NAIVE 2,0.026766272
CACAGGCTCATCACCC-1,IgD-ve Memory,0.019853683
CACAGGCTCCCAGGTG-1,NAIVE 2,0.03655939
CACAGGCTCGAATGGG-1,NAIVE 1,0.045938108
CACAGGCTCGCACTCT-1,NAIVE 2,0.0822586
CACAGGCTCGGAATCT-1,IgD-ve Memory,0.02833508
CACAGGCTCTTGACGA-1,Transitional,0.11185661
CACAGGCTCTTGCAAG-1,IgD-ve Memory,0.029459907
CACAGTAAGAACAATC-1,IgD+ve Memory,0.06754604
CACAGTAAGACGCAAC-1,DN2,0.18828055
CACAGTAAGATAGCAT-1,ASC 2,0.88338584
CACAGTAAGATAGTCA-1,NAIVE 2,0.32188106
CACAGTAAGGATCGCA-1,IgD+ve Memory,0.07507579
CACAGTAAGTCTCCTC-1,IgD+ve Memory,0.04548788
CACAGTAAGTGATCGG-1,NAIVE 1,0.014919512
CACAGTAAGTGCAAGC-1,DN2,0.21051838
CACAGTACACATCCGG-1,DN2,0.22940628
CACAGTACACATCTTT-1,ASC 2,0.5249355
CACAGTACACCCATTC-1,IgD-ve Memory,0.023630816
CACAGTACACCGCTAG-1,IgD-ve Memory,0.034599096
CACAGTACACTTCTGC-1,NAIVE 2,0.03265916
CACAGTACAGGACCCT-1,IgD-ve Memory,0.038319793
CACAGTACAGTCCTTC-1,NAIVE 1,0.05008129
CACAGTACAGTTCATG-1,NAIVE 1,0.043069433
CACAGTACATCCGTGG-1,DN2,0.20177794
CACAGTACATGCAATC-1,DN2,0.19527288
CACAGTACATTTGCCC-1,NAIVE 2,0.032042343
CACAGTAGTAAGGGAA-1,IgD-ve Memory,0.03029976
CACAGTAGTAGCTAAA-1,ASC 2,0.6690495
CACAGTAGTATCGCAT-1,ASC 2,0.6455432
CACAGTAGTATTCTCT-1,NAIVE 2,0.033908322
CACAGTAGTCAATACC-1,ASC 2,0.641587
CACAGTAGTCCGAAGA-1,HSP+,0.057217114
CACAGTAGTCGCGTGT-1,NAIVE 1,0.067674346
CACAGTAGTTAAGACA-1,IgD+ve Memory,0.03982482
CACAGTAGTTATGTGC-1,ASC 2,0.8811541
CACAGTAGTTGGTGGA-1,ASC 2,0.7693627
CACAGTAGTTTGACAC-1,NAIVE 2,0.01847824
CACAGTATCAACTCTT-1,NAIVE 1,0.07600515
CACAGTATCCATGAAC-1,ASC 2,0.8092999
CACAGTATCCGTTGCT-1,IgD-ve Memory,0.021071434
CACAGTATCGGCGCAT-1,IgD+ve Memory,0.06517735
CACAGTATCGTTACAG-1,DN2,0.19333534
CACATAGAGAGACTAT-1,NAIVE 2,0.045390785
CACATAGAGATGAGAG-1,NAIVE 2,0.0436044
CACATAGAGCCTATGT-1,IgD-ve Memory,0.04642197
CACATAGAGCCTTGAT-1,IgD-ve Memory,0.025058556
CACATAGAGGCAATTA-1,NAIVE 1,0.06593056
CACATAGAGTCTCGGC-1,NAIVE 2,0.019390678
CACATAGAGTTGTCGT-1,IgD+ve Memory,0.02836303
CACATAGCAAAGTGCG-1,IgD-ve Memory,0.045360833
CACATAGCACGGCTAC-1,ASC 2,0.7861367
CACATAGCAGCTTAAC-1,NAIVE 2,0.119131744
CACATAGCAGTAAGAT-1,NAIVE 2,0.007913416
CACATAGCATCACGTA-1,IgD-ve Memory,0.05166184
CACATAGGTACCCAAT-1,IgD-ve Memory,0.03364484
CACATAGGTGTTCTTT-1,NAIVE 1,0.0292453
CACATAGGTTTGACAC-1,NAIVE 2,0.015571602
CACATAGTCAACGAAA-1,NAIVE 1,0.06643843
CACATAGTCACCACCT-1,DN2,0.19303931
CACATAGTCACGCGGT-1,HSP+,0.046611227
CACATAGTCATCATTC-1,IgD-ve Memory,0.039773785
CACATAGTCGACCAGC-1,NAIVE 1,0.052585386
CACATAGTCGTGGACC-1,NAIVE 2,0.019121196
CACATAGTCTAACTTC-1,IgD+ve Memory,0.03815404
CACATAGTCTATCGCC-1,ASC 2,0.7385564
CACATAGTCTCATTCA-1,IgD+ve Memory,0.051337205
CACATAGTCTGGAGCC-1,ASC 2,0.8578408
CACATTTAGCAAATCA-1,NAIVE 2,0.040430106
CACATTTAGCCACGTC-1,ASC 2,0.7883743
CACATTTAGCGATGAC-1,NAIVE 1,0.022090351
CACATTTAGGAGTCTG-1,Early-Activation,0.059969876
CACATTTAGGCCCTCA-1,HSP+,0.039758418
CACATTTAGGTGCTAG-1,DN2,0.105257004
CACATTTAGTACGTTC-1,DN2,0.08720356
CACATTTAGTGGTCCC-1,ASC 2,0.6533904
CACATTTAGTGTGGCA-1,DN2,0.21249583
CACATTTCACCAGGCT-1,IgD-ve Memory,0.032923404
CACATTTCACCCTATC-1,IgD-ve Memory,0.028353976
CACATTTCACCTCGTT-1,IgD-ve Memory,0.025511248
CACATTTCACTTGGAT-1,NAIVE 2,0.017829575
CACATTTCAGATAATG-1,NAIVE 2,0.042547055
CACATTTGTAAAGTCA-1,NAIVE 2,0.026412172
CACATTTGTACCGGCT-1,Cell-Cycling,0.4168165
CACATTTGTTACGTCA-1,NAIVE 1,0.058101792
CACATTTGTTACTGAC-1,Early-Activation,0.056191716
CACATTTGTTCCACGG-1,IgD+ve Memory,0.060602043
CACATTTTCCGATATG-1,IgD+ve Memory,0.07535851
CACATTTTCCGTACAA-1,NAIVE 2,0.021419303
CACATTTTCGGAAACG-1,NAIVE 2,0.025782408
CACATTTTCGTAGGAG-1,NAIVE 2,0.030831764
CACCACTAGACTACAA-1,NAIVE 1,0.056706224
CACCACTAGACTTTCG-1,IgD+ve Memory,0.07939198
CACCACTAGGACCACA-1,NAIVE 1,0.053950146
CACCACTAGGACGAAA-1,HSP+,0.03938003
CACCACTCAAACCTAC-1,Cell-Cycling,0.38385323
CACCACTCAAGACGTG-1,NAIVE 2,0.07409552
CACCACTCAATCCGAT-1,DN2,0.216495
CACCACTCAATGAAAC-1,NAIVE 1,0.13949402
CACCACTCACAGCCCA-1,NAIVE 2,0.005778172
CACCACTCACATCCGG-1,IgD-ve Memory,0.046856586
CACCACTCACGGACAA-1,ASC 2,0.8860945
CACCACTCACGGCGTT-1,IgD-ve Memory,0.046368193
CACCACTCACGTCTCT-1,IgD-ve Memory,0.026106102
CACCACTCATCCTTGC-1,ASC 2,0.6329674
CACCACTGTAAGGGCT-1,IgD+ve Memory,0.05050049
CACCACTGTAGAGCTG-1,IgD-ve Memory,0.07393242
CACCACTGTATATGGA-1,IgD-ve Memory,0.036498275
CACCACTGTCAAACTC-1,IgD+ve Memory,0.043526787
CACCACTGTCATGCAT-1,ASC 2,0.7663216
CACCACTGTGACCAAG-1,IgD+ve Memory,0.034797806
CACCACTGTGTGAAAT-1,ASC 2,0.7886538
CACCACTGTTTGCATG-1,DN2,0.07179066
CACCACTTCATTGCCC-1,HSP+,0.12184059
CACCACTTCCACGACG-1,ASC 3,0.9087604
CACCACTTCCCGACTT-1,ASC 2,0.8408136
CACCACTTCCGTAGGC-1,IgD-ve Memory,0.03274241
CACCACTTCTAACTGG-1,ASC 2,0.7863486
CACCACTTCTAAGCCA-1,NAIVE 2,0.04377688
CACCACTTCTATCCCG-1,NAIVE 1,0.030172747
CACCACTTCTTGCAAG-1,IgD-ve Memory,0.022119373
CACCAGGAGAAAGTGG-1,IgD-ve Memory,0.03923447
CACCAGGAGAGGTTGC-1,ASC 2,0.9445225
CACCAGGAGATTACCC-1,IgD-ve Memory,0.052650563
CACCAGGAGTGAATTG-1,NAIVE 1,0.069144025
CACCAGGCAAGCCATT-1,IgD+ve Memory,0.041394718
CACCAGGCACAGGCCT-1,NAIVE 1,0.08260683
CACCAGGCAGACGCAA-1,IgD-ve Memory,0.054405715
CACCAGGCAGATCGGA-1,NAIVE 1,0.06625873
CACCAGGCAGATGGCA-1,DN2,0.21021046
CACCAGGGTAGCCTCG-1,ASC 1,0.034951326
CACCAGGGTCCTCCAT-1,Cell-Cycling,0.73223686
CACCAGGGTCCTGCTT-1,NAIVE 2,0.044615198
CACCAGGGTCGTCTTC-1,NAIVE 1,0.040487632
CACCAGGGTCTTTCAT-1,IgD-ve Memory,0.07723255
CACCAGGGTGCACGAA-1,IgD+ve Memory,0.053411238
CACCAGGGTGTTGGGA-1,IgD+ve Memory,0.042390123
CACCAGGGTTAAAGTG-1,IgD+ve Memory,0.06000773
CACCAGGTCCACGTTC-1,Early-Activation,0.03294118
CACCAGGTCCTGTAGA-1,ASC 2,0.5795221
CACCAGGTCGGTGTTA-1,HSP+,0.12076372
CACCAGGTCTTATCTG-1,DN2,0.17796531
CACCAGGTCTTCGAGA-1,DN2,0.17811954
CACCTTGAGAAACCTA-1,IgD-ve Memory,0.04734932
CACCTTGAGCATGGCA-1,NAIVE 2,0.04243697
CACCTTGAGTTGAGAT-1,IgD-ve Memory,0.05536465
CACCTTGCAACACGCC-1,IgD-ve Memory,0.031523366
CACCTTGCAATGGACG-1,NAIVE 1,0.0429025
CACCTTGCACCAACCG-1,NAIVE 2,0.009984978
CACCTTGCACCTTGTC-1,ASC 2,0.7017074
CACCTTGCATCATCCC-1,HSP+,0.034019593
CACCTTGCATCGATTG-1,ASC 3,0.8629628
CACCTTGGTACAGACG-1,IgD+ve Memory,0.03978067
CACCTTGGTACAGCAG-1,IgD-ve Memory,0.042021103
CACCTTGGTACGACCC-1,IgD-ve Memory,0.036718763
CACCTTGGTACTCAAC-1,HSP+,0.0397768
CACCTTGGTAGCAAAT-1,NAIVE 1,0.04370169
CACCTTGGTCCGAATT-1,NAIVE 1,0.056215078
CACCTTGGTCGAGATG-1,IgD-ve Memory,0.030253474
CACCTTGGTGCCTGGT-1,NAIVE 2,0.03945012
CACCTTGGTGGCCCTA-1,IgD-ve Memory,0.025333863
CACCTTGGTGTCGCTG-1,NAIVE 1,0.033494767
CACCTTGGTGTTTGGT-1,IgD+ve Memory,0.067283094
CACCTTGGTTGTGGCC-1,IgD-ve Memory,0.029043453
CACCTTGTCAAAGACA-1,IgD+ve Memory,0.052140895
CACCTTGTCAAGCCTA-1,HSP+,0.035070118
CACCTTGTCACAAACC-1,IgD-ve Memory,0.032661084
CACCTTGTCATCGATG-1,IgD+ve Memory,0.06555244
CACCTTGTCCTGCCAT-1,NAIVE 2,0.04559854
CACCTTGTCCTGCTTG-1,ASC 1,0.7196982
CACCTTGTCTCATTCA-1,IgD-ve Memory,0.05183502
CACCTTGTCTTGTATC-1,ASC 2,0.73081225
CACTCCAAGAGTACCG-1,IgD+ve Memory,0.07315752
CACTCCAAGATCTGCT-1,NAIVE 1,0.03539826
CACTCCAAGATTACCC-1,HSP+,0.02984521
CACTCCAAGCATGGCA-1,Cell-Cycling,0.44601792
CACTCCAAGCTAGTGG-1,NAIVE 1,0.039490696
CACTCCAAGCTTTGGT-1,IgD+ve Memory,0.03450348
CACTCCAAGGGTGTTG-1,NAIVE 1,0.07235132
CACTCCACACCTCGGA-1,NAIVE 1,0.05286035
CACTCCACACTACAGT-1,DN2,0.17711928
CACTCCACAGCCAATT-1,IgD-ve Memory,0.0357102
CACTCCACAGCCTATA-1,IgD-ve Memory,0.026833652
CACTCCACAGCTTCGG-1,NAIVE 1,0.054313894
CACTCCACAGTCAGCC-1,IgD+ve Memory,0.116299696
CACTCCACATATACCG-1,NAIVE 1,0.05229821
CACTCCACATCACGAT-1,IgD+ve Memory,0.041853905
CACTCCACATCGGACC-1,NAIVE 1,0.067087874
CACTCCACATGACGGA-1,NAIVE 1,0.050534114
CACTCCAGTCGCATCG-1,IgD-ve Memory,0.029985184
CACTCCATCCTGTACC-1,NAIVE 2,0.027779685
CAGAATCAGAAGAAGC-1,DN2,0.14663021
CAGAATCAGACCACGA-1,NAIVE 1,0.050164048
CAGAATCAGACGACGT-1,IgD-ve Memory,0.020583719
CAGAATCAGGCTCATT-1,IgD-ve Memory,0.022704545
CAGAATCAGTACGATA-1,NAIVE 2,0.055969052
CAGAATCCAAATACAG-1,Cell-Cycling,0.47533923
CAGAATCCAACTGCGC-1,IgD+ve Memory,0.0516529
CAGAATCCAAGCTGTT-1,IgD+ve Memory,0.058461435
CAGAATCCACAAGCCC-1,NAIVE 2,0.105629146
CAGAATCCACACCGAC-1,IgD+ve Memory,0.023293898
CAGAATCCACATGACT-1,IgD-ve Memory,0.03303921
CAGAATCCACGAAATA-1,NAIVE 1,0.063250445
CAGAATCCAGATGGCA-1,IgD-ve Memory,0.045293894
CAGAATCCAGCATGAG-1,IgD+ve Memory,0.051307254
CAGAATCCAGTGAGTG-1,IgD-ve Memory,0.047344193
CAGAATCCAGTTTACG-1,IgD+ve Memory,0.032487385
CAGAATCCATCCTAGA-1,ASC 2,0.7980861
CAGAATCGTAAACGCG-1,NAIVE 2,0.012468912
CAGAATCGTACCAGTT-1,NAIVE 1,0.06136777
CAGAATCGTCTGATTG-1,NAIVE 1,0.036586113
CAGAATCGTGTGAATA-1,IgD+ve Memory,0.054535273
CAGAATCGTTGAGGTG-1,IgD+ve Memory,0.038598884
CAGAATCTCACGCGGT-1,IgD+ve Memory,0.036880087
CAGAATCTCCACTGGG-1,Early-Activation,0.042156503
CAGAATCTCCGTTGCT-1,IgD-ve Memory,0.05484644
CAGAATCTCGAGCCCA-1,IgD+ve Memory,0.034469604
CAGAATCTCGCATGAT-1,IgD-ve Memory,0.025054606
CAGAATCTCTCCCTGA-1,NAIVE 1,0.04648817
CAGAATCTCTGCAAGT-1,IgD+ve Memory,0.042130712
CAGAGAGAGAAGGGTA-1,NAIVE 2,0.02998831
CAGAGAGAGCGTGTCC-1,IgD-ve Memory,0.04920759
CAGAGAGAGGCATGGT-1,HSP+,0.04108727
CAGAGAGAGTCAATAG-1,IgD-ve Memory,0.045172695
CAGAGAGCAAGTAGTA-1,IgD-ve Memory,0.022057375
CAGAGAGCAATCACAC-1,ASC 2,0.7557567
CAGAGAGCACCAGGCT-1,ASC 2,0.7675575
CAGAGAGCAGACGTAG-1,DN2,0.082619876
CAGAGAGGTAGTACCT-1,IgD+ve Memory,0.055418126
CAGAGAGGTATAATGG-1,IgD+ve Memory,0.062686004
CAGAGAGGTATCGCAT-1,NAIVE 1,0.045936376
CAGAGAGGTCAAAGCG-1,IgD+ve Memory,0.047473777
CAGAGAGGTCCGTCAG-1,ASC 2,0.67128456
CAGAGAGGTCGAATCT-1,NAIVE 2,0.0062691607
CAGAGAGGTCGGCATC-1,IgD+ve Memory,0.04700415
CAGAGAGGTCTAACGT-1,ASC 2,0.80830985
CAGAGAGGTCTGCCAG-1,IgD+ve Memory,0.05777204
CAGAGAGGTTGAGTTC-1,IgD-ve Memory,0.044931423
CAGAGAGGTTGCTCCT-1,IgD-ve Memory,0.026799494
CAGAGAGTCACGACTA-1,NAIVE 1,0.062827565
CAGAGAGTCATCATTC-1,NAIVE 2,0.057912048
CAGAGAGTCCCTCAGT-1,IgD-ve Memory,0.05254589
CAGAGAGTCCGCGCAA-1,IgD-ve Memory,0.022039287
CAGAGAGTCGATGAGG-1,NAIVE 2,0.029414447
CAGAGAGTCGCGCCAA-1,IgD-ve Memory,0.04278225
CAGAGAGTCGGCGCTA-1,IgD+ve Memory,0.05635713
CAGAGAGTCGGCTTGG-1,ASC 2,0.8496412
CAGAGAGTCGTACGGC-1,NAIVE 2,0.07220312
CAGAGAGTCTAACTCT-1,NAIVE 2,0.021220949
CAGAGAGTCTAAGCCA-1,NAIVE 1,0.034743372
CAGATCAAGAGGGCTT-1,ASC 2,0.8636777
CAGATCAAGCAACGGT-1,Early-Activation,0.042083137
CAGATCAAGCCAGGAT-1,ASC 2,0.77580965
CAGATCAAGCTAGTTC-1,Transitional,0.11125559
CAGATCAAGGAATCGC-1,ASC 2,0.72768855
CAGATCAAGGCAGTCA-1,IgD-ve Memory,0.033929236
CAGATCACAAACTGTC-1,IgD+ve Memory,0.03587217
CAGATCACAAAGCAAT-1,DN2,0.083387606
CAGATCACAAGTTGTC-1,HSP+,0.13642691
CAGATCACACCGAAAG-1,NAIVE 1,0.057697628
CAGATCACAGTATCTG-1,IgD+ve Memory,0.044425186
CAGATCACATCATCCC-1,NAIVE 1,0.027940042
CAGATCAGTAACGCGA-1,NAIVE 1,0.037494164
CAGATCAGTAAGGGAA-1,ASC 2,0.77867657
CAGATCAGTATCAGTC-1,IgD-ve Memory,0.050936583
CAGATCAGTCAGAAGC-1,Transitional,0.12393372
CAGATCAGTCAGAATA-1,Early-Activation,0.049149647
CAGATCAGTCAGATAA-1,NAIVE 1,0.051929813
CAGATCAGTCCCTACT-1,IgD+ve Memory,0.025038749
CAGATCAGTCTAGCGC-1,HSP+,0.13690414
CAGATCAGTGATGTGG-1,Transitional,0.10926194
CAGATCAGTGGAAAGA-1,IgD+ve Memory,0.057470012
CAGATCATCATAAAGG-1,NAIVE 2,0.05037969
CAGATCATCCCGGATG-1,IgD+ve Memory,0.041826822
CAGATCATCGCAGGCT-1,IgD+ve Memory,0.028765831
CAGATCATCTCACATT-1,IgD-ve Memory,0.032272913
CAGCAGCAGACAGAGA-1,IgD+ve Memory,0.069341704
CAGCAGCAGAGAACAG-1,NAIVE 1,0.07144067
CAGCAGCAGAGCTGCA-1,IgD+ve Memory,0.037166785
CAGCAGCAGATGGGTC-1,NAIVE 1,0.063109
CAGCAGCAGCGACGTA-1,IgD+ve Memory,0.04152235
CAGCAGCAGCGTCAAG-1,ASC 2,0.82582575
CAGCAGCAGCTATGCT-1,NAIVE 2,0.01171175
CAGCAGCAGTAAGTAC-1,Early-Activation,0.049685393
CAGCAGCCAAAGAATC-1,NAIVE 1,0.021433981
CAGCAGCCAATCGAAA-1,IgD-ve Memory,0.017573109
CAGCAGCCAATGGAGC-1,NAIVE 1,0.059223525
CAGCAGCCACCAACCG-1,IgD+ve Memory,0.0545772
CAGCAGCCACGGCGTT-1,IgD+ve Memory,0.028882574
CAGCAGCCAGACACTT-1,Cell-Cycling,0.43668383
CAGCAGCCAGCGTCCA-1,NAIVE 2,0.035920132
CAGCAGCCAGTGGGAT-1,NAIVE 2,0.011507657
CAGCAGCCAGTTTACG-1,ASC 2,0.7454503
CAGCAGCCATACAGCT-1,DN2,0.16312501
CAGCAGCCATACTACG-1,IgD-ve Memory,0.029030725
CAGCAGCCATTCCTGC-1,NAIVE 2,0.007880338
CAGCAGCGTAAGGGAA-1,IgD+ve Memory,0.070575185
CAGCAGCGTCATATGC-1,ASC 3,0.8341694
CAGCAGCGTCCAACTA-1,NAIVE 1,0.022164963
CAGCAGCGTCGAATCT-1,DN2,0.18859844
CAGCAGCGTCGACTGC-1,HSP+,0.044711906
CAGCAGCGTTTGACAC-1,IgD-ve Memory,0.040306408
CAGCAGCTCAAACAAG-1,IgD+ve Memory,0.048599005
CAGCAGCTCACATACG-1,NAIVE 2,0.02815212
CAGCAGCTCAGCTCTC-1,IgD-ve Memory,0.039430898
CAGCAGCTCATCGATG-1,IgD+ve Memory,0.0416276
CAGCAGCTCATGTGGT-1,NAIVE 2,0.020506756
CAGCAGCTCCCTTGCA-1,IgD-ve Memory,0.04665024
CAGCAGCTCGCGATCG-1,IgD+ve Memory,0.041287243
CAGCAGCTCGCTTGTC-1,HSP+,0.034863397
CAGCAGCTCGGCATCG-1,IgD-ve Memory,0.018854091
CAGCAGCTCTGTACGA-1,ASC 2,0.9014469
CAGCATAAGAAACGAG-1,NAIVE 2,0.038312677
CAGCATAAGACACTAA-1,NAIVE 1,0.027702237
CAGCATAAGACTAAGT-1,NAIVE 2,0.0077409935
CAGCATAAGAGTACAT-1,ASC 2,0.8628804
CAGCATAAGTGTGAAT-1,NAIVE 2,0.009263638
CAGCATAAGTTAGCGG-1,IgD+ve Memory,0.05151154
CAGCATAAGTTGAGAT-1,ASC 2,0.83622736
CAGCATACAAGCCATT-1,NAIVE 1,0.05900022
CAGCATACACAGACTT-1,IgD+ve Memory,0.041078195
CAGCATACACAGGAGT-1,IgD-ve Memory,0.04877605
CAGCATACACTCTGTC-1,Cell-Cycling,0.45927817
CAGCATACACTTGGAT-1,NAIVE 1,0.060348637
CAGCATACAGCTGGCT-1,NAIVE 1,0.04456976
CAGCATACAGGGAGAG-1,IgD-ve Memory,0.021594087
CAGCATAGTAAGGGCT-1,HSP+,0.04283019
CAGCATAGTAGAGCTG-1,ASC 2,0.9173588
CAGCATAGTAGCGATG-1,IgD-ve Memory,0.035745036
CAGCATAGTAGCGTCC-1,IgD-ve Memory,0.062484507
CAGCATAGTCAGCTAT-1,ASC 2,0.67788345
CAGCATAGTCATATCG-1,IgD-ve Memory,0.036805708
CAGCATAGTCGAAAGC-1,IgD-ve Memory,0.047290403
CAGCATAGTCTAGAGG-1,IgD-ve Memory,0.034169048
CAGCATAGTCTTCGTC-1,NAIVE 1,0.043235246
CAGCATAGTTCTGGTA-1,NAIVE 1,0.029210208
CAGCATAGTTTAGGAA-1,Early-Activation,0.05804104
CAGCATAGTTTCGCTC-1,ASC 1,0.82205296
CAGCATATCAACACCA-1,NAIVE 2,0.010292691
CAGCATATCACAGTAC-1,IgD-ve Memory,0.05710773
CAGCATATCACTGGGC-1,ASC 2,0.80403954
CAGCATATCATGGTCA-1,DN2,0.2366283
CAGCATATCCCAGGTG-1,NAIVE 1,0.04269507
CAGCATATCGGTCTAA-1,ASC 2,0.8109768
CAGCATATCGTCCGTT-1,IgD+ve Memory,0.032833356
CAGCATATCTGGTATG-1,IgD-ve Memory,0.025974901
CAGCCGAAGAAGGACA-1,NAIVE 2,0.02935013
CAGCCGAAGACTAGGC-1,DN2,0.22756031
CAGCCGAAGATAGCAT-1,IgD-ve Memory,0.05902764
CAGCCGAAGCCAGTAG-1,IgD+ve Memory,0.052698024
CAGCCGAAGGGATCTG-1,ASC 2,0.88702005
CAGCCGAAGTCGTTTG-1,IgD+ve Memory,0.059839066
CAGCCGACAAGAAAGG-1,NAIVE 2,0.031041993
CAGCCGACAAGCGATG-1,IgD-ve Memory,0.041728437
CAGCCGACACCATCCT-1,HSP+,0.053431846
CAGCCGACACCTCGGA-1,IgD+ve Memory,0.031235937
CAGCCGACACGAAAGC-1,IgD+ve Memory,0.023588857
CAGCCGACACGGCTAC-1,NAIVE 2,0.013798646
CAGCCGAGTATAGGGC-1,NAIVE 1,0.05278266
CAGCCGAGTCAGTGGA-1,Transitional,0.11749364
CAGCCGAGTCCGAAGA-1,HSP+,0.1260042
CAGCCGAGTCTCCATC-1,NAIVE 1,0.034724306
CAGCCGAGTGCACTTA-1,Cell-Cycling,0.29308194
CAGCCGATCAATCTCT-1,HSP+,0.1162381
CAGCCGATCAGGATCT-1,NAIVE 1,0.045632977
CAGCCGATCGGCTACG-1,IgD-ve Memory,0.029113673
CAGCCGATCGGTGTCG-1,IgD-ve Memory,0.050246537
CAGCCGATCTCAAGTG-1,HSP+,0.19301994
CAGCGACAGAAACCAT-1,IgD+ve Memory,0.03590694
CAGCGACAGAACTGTA-1,IgD-ve Memory,0.050324243
CAGCGACAGAAGGTGA-1,ASC 2,0.8002284
CAGCGACAGATGGCGT-1,IgD-ve Memory,0.027180672
CAGCGACAGCCGGTAA-1,Transitional,0.121062376
CAGCGACAGGAGTACC-1,ASC 2,0.8208788
CAGCGACAGGTAGCTG-1,ASC 2,0.73210746
CAGCGACAGTTTCCTT-1,Early-Activation,0.053322785
CAGCGACCAATTCCTT-1,IgD+ve Memory,0.042436846
CAGCGACCACCCAGTG-1,ASC 3,0.8378325
CAGCGACCAGTATGCT-1,ASC 1,0.7257518
CAGCGACCAGTGGAGT-1,IgD+ve Memory,0.04660282
CAGCGACCATCGTCGG-1,Cell-Cycling,0.35392845
CAGCGACCATGGGACA-1,Early-Activation,0.033146996
CAGCGACCATTAACCG-1,NAIVE 2,0.056032598
CAGCGACGTAAGGATT-1,NAIVE 2,0.028092118
CAGCGACGTCAAAGAT-1,NAIVE 2,0.04242354
CAGCGACGTCAATGTC-1,ASC 2,0.85544395
CAGCGACGTCCGTGAC-1,IgD-ve Memory,0.02446796
CAGCGACGTCGGGTCT-1,IgD-ve Memory,0.026673477
CAGCGACGTCTCATCC-1,ASC 2,0.49596655
CAGCGACGTCTGATTG-1,IgD-ve Memory,0.03020435
CAGCGACGTGCCTGGT-1,ASC 2,0.8161173
CAGCGACGTTCACCTC-1,NAIVE 2,0.026407134
CAGCGACGTTGGAGGT-1,NAIVE 2,0.055474203
CAGCGACTCCTTGGTC-1,IgD+ve Memory,0.11741133
CAGCGACTCGAACTGT-1,NAIVE 2,0.025978016
CAGCGACTCTCATTCA-1,NAIVE 1,0.03670809
CAGCGACTCTGGGCCA-1,Cell-Cycling,0.1851641
CAGCGACTCTTTACAC-1,IgD-ve Memory,0.04291821
CAGCTAAAGAAGGACA-1,ASC 2,0.7458034
CAGCTAAAGAGACTTA-1,HSP+,0.11649899
CAGCTAAAGAGAGCTC-1,ASC 2,0.8794555
CAGCTAAAGCTAACTC-1,HSP+,0.1723524
CAGCTAAAGCTACCGC-1,IgD-ve Memory,0.029637363
CAGCTAAAGGACAGCT-1,HSP+,0.030181019
CAGCTAAAGGAGCGTT-1,Transitional,0.10677507
CAGCTAAAGGTGACCA-1,ASC 2,0.83928156
CAGCTAAAGGTGATAT-1,HSP+,0.03575031
CAGCTAAAGTAATCCC-1,IgD+ve Memory,0.032613575
CAGCTAAAGTACCGGA-1,IgD-ve Memory,0.043235436
CAGCTAAAGTGCGTGA-1,IgD+ve Memory,0.055084914
CAGCTAACAACGATGG-1,IgD+ve Memory,0.04764164
CAGCTAACAAGTAGTA-1,NAIVE 2,0.038279407
CAGCTAACACCGATAT-1,Transitional,0.11831524
CAGCTAACAGACACTT-1,IgD+ve Memory,0.042344578
CAGCTAACAGCTTAAC-1,IgD+ve Memory,0.07042593
CAGCTAACAGTAAGAT-1,IgD+ve Memory,0.04566386
CAGCTAAGTAAACCTC-1,IgD-ve Memory,0.037489396
CAGCTAAGTAAATGTG-1,IgD+ve Memory,0.03084397
CAGCTAAGTAGCGATG-1,Cell-Cycling,0.61894834
CAGCTAAGTCGCTTTC-1,IgD+ve Memory,0.03535583
CAGCTAAGTGTGACGA-1,Early-Activation,0.049990796
CAGCTAAGTGTGGCTC-1,IgD-ve Memory,0.055911016
CAGCTAAGTTAAGTAG-1,ASC 2,0.861154
CAGCTAAGTTCCATGA-1,NAIVE 2,0.07876638
CAGCTAATCACGAAGG-1,IgD-ve Memory,0.037359685
CAGCTAATCATAACCG-1,IgD-ve Memory,0.046604604
CAGCTAATCATGTGGT-1,NAIVE 1,0.04239641
CAGCTAATCCAATGGT-1,IgD+ve Memory,0.07342713
CAGCTAATCCGCTGTT-1,IgD-ve Memory,0.0505037
CAGCTAATCTATCCTA-1,Early-Activation,0.04986074
CAGCTAATCTCCCTGA-1,NAIVE 1,0.046511475
CAGCTAATCTTCTGGC-1,NAIVE 2,0.015429132
CAGCTGGAGACTAAGT-1,HSP+,0.116164535
CAGCTGGAGCACAGGT-1,IgD+ve Memory,0.025679406
CAGCTGGAGCTGATAA-1,DN2,0.023066483
CAGCTGGAGGGTGTTG-1,ASC 2,0.7993954
CAGCTGGAGGTAGCTG-1,ASC 2,0.83008397
CAGCTGGAGGTGCTTT-1,IgD+ve Memory,0.07038773
CAGCTGGAGTCATCCA-1,IgD-ve Memory,0.036139645
CAGCTGGAGTTGTCGT-1,Cell-Cycling,0.20111355
CAGCTGGCACTGTTAG-1,ASC 2,0.7448232
CAGCTGGCAGATTGCT-1,DN2,0.16072784
CAGCTGGCAGCTGTGC-1,NAIVE 2,0.049382057
CAGCTGGCAGTAAGCG-1,NAIVE 1,0.04774737
CAGCTGGCATCCTTGC-1,IgD-ve Memory,0.06458995
CAGCTGGCATGGTAGG-1,DN2,0.1991758
CAGCTGGCATTACGAC-1,IgD-ve Memory,0.039054822
CAGCTGGCATTAGCCA-1,IgD+ve Memory,0.021054206
CAGCTGGGTACAGCAG-1,IgD+ve Memory,0.040687095
CAGCTGGGTACCGCTG-1,DN2,0.052829787
CAGCTGGGTAGAAGGA-1,NAIVE 1,0.07357797
CAGCTGGGTCCGAAGA-1,IgD+ve Memory,0.036507722
CAGCTGGGTCGCTTTC-1,IgD+ve Memory,0.09160306
CAGCTGGGTGGCGAAT-1,NAIVE 2,0.04500575
CAGCTGGGTGGTCTCG-1,ASC 2,0.54541504
CAGCTGGGTGTGACGA-1,ASC 2,0.7861604
CAGCTGGGTTGAGTTC-1,IgD-ve Memory,0.065384895
CAGCTGGGTTTGGGCC-1,IgD-ve Memory,0.059451185
CAGCTGGTCAACCAAC-1,NAIVE 2,0.019810608
CAGCTGGTCAGTCCCT-1,NAIVE 1,0.047977746
CAGCTGGTCCAAACAC-1,NAIVE 2,0.008477924
CAGCTGGTCCCAACGG-1,NAIVE 1,0.060674217
CAGCTGGTCCGAGCCA-1,IgD+ve Memory,0.048811257
CAGCTGGTCGACGGAA-1,ASC 2,0.880824
CAGCTGGTCTCCCTGA-1,NAIVE 1,0.03581677
CAGCTGGTCTCGCTTG-1,DN2,0.08062854
CAGGTGCAGGGCTTCC-1,DN2,0.029242948
CAGGTGCAGGTGATAT-1,IgD-ve Memory,0.022482084
CAGGTGCAGTCGAGTG-1,ASC 1,0.76597214
CAGGTGCAGTGTCTCA-1,NAIVE 2,0.0973011
CAGGTGCCAAATCCGT-1,IgD-ve Memory,0.015741378
CAGGTGCCAACACCCG-1,NAIVE 2,0.019446239
CAGGTGCCACAAGCCC-1,NAIVE 2,0.04703708
CAGGTGCCACCGAATT-1,IgD-ve Memory,0.080365755
CAGGTGCCACCTCGGA-1,IgD-ve Memory,0.10569723
CAGGTGCCACGGACAA-1,NAIVE 1,0.051667675
CAGGTGCCAGTATGCT-1,HSP+,0.02986292
CAGGTGCGTAACGACG-1,IgD+ve Memory,0.04267821
CAGGTGCGTATATCCG-1,NAIVE 1,0.063351355
CAGGTGCGTCACCTAA-1,IgD+ve Memory,0.075789005
CAGGTGCGTCATGCCG-1,IgD-ve Memory,0.021126477
CAGGTGCGTCGGCACT-1,ASC 3,0.7795534
CAGGTGCGTCTCAACA-1,NAIVE 2,0.010652898
CAGGTGCGTCTCCATC-1,NAIVE 2,0.033261906
CAGGTGCGTGGCCCTA-1,IgD+ve Memory,0.029445505
CAGGTGCGTTCTGGTA-1,Cell-Cycling,0.11308481
CAGGTGCGTTTGCATG-1,NAIVE 2,0.020782426
CAGGTGCTCAACCAAC-1,IgD-ve Memory,0.04387702
CAGGTGCTCACATAGC-1,IgD+ve Memory,0.051138993
CAGGTGCTCAGAGCTT-1,ASC 2,0.7961173
CAGGTGCTCAGGTAAA-1,ASC 2,0.72136027
CAGGTGCTCCAACCAA-1,Early-Activation,0.05953112
CAGGTGCTCCCGGATG-1,NAIVE 2,0.029642338
CAGGTGCTCTCCCTGA-1,IgD+ve Memory,0.07031541
CAGGTGCTCTGCCAGG-1,IgD-ve Memory,0.028544018
CAGTAACAGAACTGTA-1,NAIVE 2,0.025426237
CAGTAACAGCACCGTC-1,IgD+ve Memory,0.06051618
CAGTAACAGCGGCTTC-1,IgD-ve Memory,0.044581037
CAGTAACAGCGTTTAC-1,IgD+ve Memory,0.031744245
CAGTAACAGCTAACAA-1,Transitional,0.13104571
CAGTAACAGTGCAAGC-1,ASC 2,0.817968
CAGTAACAGTGGCACA-1,NAIVE 1,0.028292771
CAGTAACAGTGTGAAT-1,IgD-ve Memory,0.04791932
CAGTAACAGTTATCGC-1,IgD-ve Memory,0.036726378
CAGTAACCAAGACACG-1,Cell-Cycling,0.18513045
CAGTAACCAATCGAAA-1,IgD+ve Memory,0.034952868
CAGTAACCACATCTTT-1,NAIVE 2,0.007812621
CAGTAACCACCTCGTT-1,Cell-Cycling,0.2676436
CAGTAACCAGACTCGC-1,IgD+ve Memory,0.047475837
CAGTAACCAGCATACT-1,DN2,0.16695549
CAGTAACCAGTAACGG-1,NAIVE 1,0.061323103
CAGTAACCATCGTCGG-1,IgD-ve Memory,0.04681425
CAGTAACGTACCGAGA-1,ASC 2,0.64657074
CAGTAACGTAGCTAAA-1,IgD-ve Memory,0.032335706
CAGTAACGTCGGCTCA-1,IgD-ve Memory,0.03960469
CAGTAACGTCGTCTTC-1,NAIVE 2,0.056558117
CAGTAACGTCTCTCGT-1,IgD+ve Memory,0.06041158
CAGTAACGTGACTCAT-1,IgD-ve Memory,0.034665942
CAGTAACGTTCGGGCT-1,IgD-ve Memory,0.03848557
CAGTAACTCACAAACC-1,NAIVE 1,0.05370219
CAGTAACTCCATGAAC-1,IgD+ve Memory,0.05050144
CAGTAACTCCTTCAAT-1,IgD-ve Memory,0.056157123
CAGTAACTCGCCCTTA-1,NAIVE 1,0.05912853
CAGTAACTCGCTTAGA-1,IgD+ve Memory,0.03401434
CAGTAACTCGGCGGTT-1,Cell-Cycling,0.6845824
CAGTAACTCTACTATC-1,NAIVE 1,0.044823233
CAGTAACTCTCATTCA-1,NAIVE 1,0.05565191
CAGTCCTAGCCCAGCT-1,Cell-Cycling,0.33106995
CAGTCCTAGCGAAGGG-1,IgD+ve Memory,0.04909433
CAGTCCTAGCGGATCA-1,NAIVE 2,0.07208672
CAGTCCTAGGTACTCT-1,Cell-Cycling,0.66812664
CAGTCCTAGTTAACGA-1,NAIVE 1,0.084676236
CAGTCCTAGTTTAGGA-1,IgD+ve Memory,0.047854237
CAGTCCTCAAAGTGCG-1,NAIVE 1,0.04431639
CAGTCCTCAAGAGGCT-1,HSP+,0.027040357
CAGTCCTCAAGTAGTA-1,IgD-ve Memory,0.034946546
CAGTCCTCACCGATAT-1,ASC 2,0.80932766
CAGTCCTCACGTCAGC-1,NAIVE 1,0.06970101
CAGTCCTCAGCTGTAT-1,IgD+ve Memory,0.04464623
CAGTCCTCAGGAATCG-1,NAIVE 1,0.0740241
CAGTCCTCATATGAGA-1,NAIVE 2,0.17605309
CAGTCCTCATGTCGAT-1,NAIVE 1,0.048920486
CAGTCCTCATTGGGCC-1,NAIVE 1,0.061261408
CAGTCCTCATTGGTAC-1,NAIVE 1,0.036289748
CAGTCCTGTATAGTAG-1,IgD-ve Memory,0.047635254
CAGTCCTGTCGAAAGC-1,IgD-ve Memory,0.08107271
CAGTCCTGTCTGATTG-1,HSP+,0.045601893
CAGTCCTGTTACCAGT-1,IgD-ve Memory,0.057425417
CAGTCCTGTTCGTTGA-1,NAIVE 2,0.015974957
CAGTCCTGTTTGGGCC-1,IgD+ve Memory,0.064231545
CAGTCCTTCAGCTTAG-1,NAIVE 1,0.03822541
CAGTCCTTCAGTGTTG-1,IgD-ve Memory,0.030291945
CAGTCCTTCATAGCAC-1,IgD-ve Memory,0.06899606
CAGTCCTTCCACGAAT-1,NAIVE 1,0.05802887
CAGTCCTTCCATGAGT-1,NAIVE 1,0.048244778
CAGTCCTTCCCAAGAT-1,NAIVE 1,0.02257792
CAGTCCTTCCTTGCCA-1,IgD-ve Memory,0.06780489
CAGTCCTTCGGCGCAT-1,IgD-ve Memory,0.051826634
CAGTCCTTCGTAGGAG-1,NAIVE 1,0.051150627
CAGTCCTTCGTCTGAA-1,IgD+ve Memory,0.04713211
CAGTCCTTCTGCCAGG-1,NAIVE 2,0.048050877
CAGTCCTTCTGGTATG-1,DN2,0.21458836
CATATGGAGAAGATTC-1,NAIVE 1,0.022410681
CATATGGAGACCTAGG-1,IgD-ve Memory,0.061395146
CATATGGAGAGTAAGG-1,IgD+ve Memory,0.042190388
CATATGGAGAGTCTGG-1,ASC 2,0.7780532
CATATGGAGGAATGGA-1,IgD+ve Memory,0.03332099
CATATGGAGGACGAAA-1,HSP+,0.049186166
CATATGGAGGCTCATT-1,IgD-ve Memory,0.03938886
CATATGGCAAGTCATC-1,Early-Activation,0.05060224
CATATGGCACCTCGTT-1,DN2,0.14269608
CATATGGCAGGATCGA-1,NAIVE 1,0.05901468
CATATGGCAGTTCCCT-1,IgD-ve Memory,0.035000935
CATATGGCATGGTAGG-1,Cell-Cycling,0.33909518
CATATGGGTAAGAGAG-1,IgD+ve Memory,0.04005113
CATATGGGTAAGCACG-1,ASC 2,0.8111909
CATATGGGTAGCTAAA-1,IgD+ve Memory,0.038528327
CATATGGGTGACGGTA-1,IgD-ve Memory,0.040761866
CATATGGGTGAGGGAG-1,IgD-ve Memory,0.024356421
CATATGGGTGTCCTCT-1,DN2,0.105001055
CATATGGGTTCCCGAG-1,IgD+ve Memory,0.036941785
CATATGGGTTGACGTT-1,IgD-ve Memory,0.022048756
CATATGGTCAAACCAC-1,DN2,0.090990566
CATATGGTCAAAGTAG-1,IgD+ve Memory,0.022478864
CATATGGTCACAGGCC-1,IgD-ve Memory,0.0428406
CATATGGTCATAGCAC-1,IgD-ve Memory,0.035661474
CATATGGTCATGCATG-1,ASC 2,0.806107
CATATGGTCCAGGGCT-1,IgD-ve Memory,0.03285892
CATATGGTCCTAGTGA-1,NAIVE 2,0.046750315
CATATGGTCGGCGCAT-1,IgD-ve Memory,0.04214834
CATATGGTCTAACGGT-1,IgD-ve Memory,0.026934046
CATATGGTCTAACTGG-1,NAIVE 2,0.03074965
CATATGGTCTCGAGTA-1,Early-Activation,0.04089572
CATATGGTCTGATACG-1,NAIVE 1,0.053260967
CATATGGTCTTGCCGT-1,IgD+ve Memory,0.06481196
CATATTCAGAAACCAT-1,ASC 2,0.5461615
CATATTCAGATCTGAA-1,ASC 1,0.8285397
CATATTCAGATTACCC-1,NAIVE 2,0.059292823
CATATTCAGGCTAGAC-1,IgD+ve Memory,0.051600005
CATATTCCACTACAGT-1,IgD+ve Memory,0.033482116
CATATTCCAGCTGTAT-1,NAIVE 1,0.04218967
CATATTCCATCGGAAG-1,NAIVE 2,0.046141896
CATATTCCATGCCTTC-1,NAIVE 2,0.02627935
CATATTCCATGGGAAC-1,NAIVE 2,0.052875392
CATATTCCATTCGACA-1,NAIVE 1,0.045930203
CATATTCGTAAGCACG-1,ASC 2,0.75283986
CATATTCGTACCAGTT-1,DN2,0.22847405
CATATTCGTACCATCA-1,IgD+ve Memory,0.04800343
CATATTCGTCAGCTAT-1,IgD+ve Memory,0.042636026
CATATTCGTCTAGCGC-1,NAIVE 1,0.09049468
CATATTCGTGACTACT-1,IgD-ve Memory,0.023676116
CATATTCGTGCAGGTA-1,NAIVE 2,0.040780827
CATATTCGTTACGGAG-1,NAIVE 2,0.06425274
CATATTCGTTCATGGT-1,ASC 2,0.71700966
CATATTCTCACATAGC-1,IgD-ve Memory,0.031799052
CATATTCTCACGCATA-1,HSP+,0.041633785
CATATTCTCAGTTCGA-1,IgD+ve Memory,0.060476627
CATATTCTCATCATTC-1,IgD+ve Memory,0.06015178
CATATTCTCCAGAGGA-1,NAIVE 1,0.040996175
CATATTCTCCTCCTAG-1,IgD+ve Memory,0.045779727
CATCAAGAGATAGGAG-1,NAIVE 2,0.030110305
CATCAAGAGATGTAAC-1,IgD-ve Memory,0.043918252
CATCAAGAGCACCGCT-1,NAIVE 2,0.04429024
CATCAAGAGCTCAACT-1,IgD-ve Memory,0.03321856
CATCAAGAGGTGTTAA-1,Cell-Cycling,0.4383211
CATCAAGCAAATACAG-1,NAIVE 1,0.029174332
CATCAAGCAACTGGCC-1,NAIVE 2,0.050555814
CATCAAGCAAGCCGTC-1,NAIVE 2,0.030419534
CATCAAGCAAGTTAAG-1,ASC 2,0.5872309
CATCAAGCACAGCGTC-1,DN2,0.21456532
CATCAAGCACGGTAAG-1,ASC 2,0.7928989
CATCAAGCATCTGGTA-1,IgD+ve Memory,0.04103764
CATCAAGGTAATCACC-1,IgD+ve Memory,0.030689271
CATCAAGGTATGGTTC-1,IgD-ve Memory,0.017482542
CATCAAGGTCCGAGTC-1,ASC 2,0.7985165
CATCAAGGTCTGATTG-1,DN2,0.21501882
CATCAAGGTGAAAGAG-1,NAIVE 2,0.02342383
CATCAAGGTGTTAAGA-1,ASC 2,0.5599771
CATCAAGGTTAAGAAC-1,NAIVE 2,0.026666915
CATCAAGGTTATTCTC-1,ASC 1,0.8446803
CATCAAGTCAACGCTA-1,IgD-ve Memory,0.029178023
CATCAAGTCCCTCAGT-1,IgD+ve Memory,0.039050285
CATCAAGTCGGACAAG-1,NAIVE 1,0.036554724
CATCAAGTCGTTGACA-1,IgD-ve Memory,0.055901837
CATCAAGTCTGTACGA-1,ASC 1,0.7591697
CATCAGAAGCAATATG-1,IgD+ve Memory,0.042847432
CATCAGAAGCGAAGGG-1,DN2,0.04331943
CATCAGAAGCTAGCCC-1,ASC 2,0.76019514
CATCAGAAGTCTCAAC-1,ASC 1,0.59546286
CATCAGACAAAGGCGT-1,NAIVE 2,0.010091657
CATCAGACACCAACCG-1,Cell-Cycling,0.16900921
CATCAGACAGCTGGCT-1,NAIVE 2,0.045453735
CATCAGACAGTCAGAG-1,NAIVE 2,0.0059342035
CATCAGACATGTCGAT-1,ASC 3,0.8471904
CATCAGAGTAGCGTAG-1,ASC 2,0.6918337
CATCAGAGTATTAGCC-1,IgD+ve Memory,0.047409967
CATCAGAGTGACTCAT-1,DN2,0.069563456
CATCAGAGTGCAGGTA-1,DN2,0.19535697
CATCAGAGTGTTTGTG-1,ASC 1,0.72904736
CATCAGAGTTAAGGGC-1,NAIVE 2,0.06463395
CATCAGAGTTCACCTC-1,NAIVE 2,0.059912063
CATCAGAGTTGATTGC-1,Transitional,0.12583576
CATCAGATCCGTACAA-1,IgD+ve Memory,0.069511905
CATCAGATCGCGTTTC-1,IgD+ve Memory,0.036848232
CATCAGATCGGCCGAT-1,IgD-ve Memory,0.07155357
CATCAGATCTACCTGC-1,Cell-Cycling,0.3579806
CATCAGATCTATCCCG-1,IgD+ve Memory,0.031223578
CATCAGATCTGCTGCT-1,IgD-ve Memory,0.055088203
CATCAGATCTGTGCAA-1,DN2,0.18742715
CATCAGATCTTGTCAT-1,IgD-ve Memory,0.042347223
CATCCACAGAGCAATT-1,IgD+ve Memory,0.05432376
CATCCACAGGCCGAAT-1,ASC 2,0.6019999
CATCCACAGGTGTTAA-1,DN2,0.05019303
CATCCACAGTAGCGGT-1,NAIVE 2,0.025799574
CATCCACAGTTCGCGC-1,NAIVE 2,0.016356327
CATCCACCAAGCGATG-1,NAIVE 1,0.023224529
CATCCACCAAGTAATG-1,ASC 2,0.9615989
CATCCACCACAGATTC-1,IgD+ve Memory,0.03571989
CATCCACCACCTTGTC-1,NAIVE 2,0.04652375
CATCCACCATAGAAAC-1,NAIVE 1,0.04256284
CATCCACGTACCTACA-1,IgD-ve Memory,0.05585504
CATCCACGTAGCCTCG-1,IgD+ve Memory,0.03741589
CATCCACGTCTCTTTA-1,NAIVE 1,0.04920217
CATCCACGTCTTTCAT-1,IgD+ve Memory,0.041509707
CATCCACGTGAGGGTT-1,ASC 2,0.7827407
CATCCACGTTAAAGTG-1,IgD-ve Memory,0.03707355
CATCCACGTTCCTCCA-1,IgD+ve Memory,0.033553023
CATCCACTCAGAGACG-1,IgD-ve Memory,0.041362673
CATCCACTCATTCACT-1,NAIVE 2,0.039864182
CATCCACTCGCATGGC-1,NAIVE 2,0.025962494
CATCCACTCGCCAAAT-1,ASC 2,0.812161
CATCCACTCGGCATCG-1,ASC 3,0.7912423
CATCCACTCTGGTGTA-1,NAIVE 1,0.032149013
CATCGAAAGCTCCTCT-1,IgD-ve Memory,0.019847043
CATCGAAAGGATGGTC-1,IgD-ve Memory,0.034696247
CATCGAAAGGCTACGA-1,ASC 3,0.7093095
CATCGAACAAGCTGAG-1,NAIVE 1,0.06539452
CATCGAACAATCTGCA-1,IgD-ve Memory,0.04844035
CATCGAACAATGACCT-1,ASC 2,0.88121617
CATCGAACACATGGGA-1,NAIVE 2,0.008991238
CATCGAACACCAGATT-1,IgD-ve Memory,0.056204762
CATCGAACACCTGGTG-1,NAIVE 2,0.020193836
CATCGAACACTTGGAT-1,ASC 2,0.69141674
CATCGAACAGCCAGAA-1,HSP+,0.043551333
CATCGAACAGGCTGAA-1,NAIVE 1,0.0379688
CATCGAACAGGGTATG-1,NAIVE 1,0.031630117
CATCGAAGTACTCAAC-1,NAIVE 2,0.026466748
CATCGAAGTCCGTGAC-1,NAIVE 1,0.050910056
CATCGAAGTCTGCAAT-1,NAIVE 2,0.020650351
CATCGAAGTGCAGTAG-1,IgD+ve Memory,0.04092482
CATCGAAGTGCCTGCA-1,IgD-ve Memory,0.017844256
CATCGAAGTTAAAGTG-1,NAIVE 1,0.05063864
CATCGAAGTTGACGTT-1,IgD-ve Memory,0.07741686
CATCGAAGTTGCTCCT-1,ASC 2,0.7295888
CATCGAATCACAAACC-1,IgD-ve Memory,0.03514315
CATCGAATCACTCCTG-1,IgD-ve Memory,0.03653704
CATCGAATCACTTCAT-1,IgD-ve Memory,0.033360437
CATCGAATCCTCATTA-1,NAIVE 2,0.057479173
CATCGAATCGTCCAGG-1,DN2,0.15736815
CATCGAATCTCAAACG-1,IgD+ve Memory,0.06170486
CATCGAATCTTATCTG-1,HSP+,0.09361841
CATCGGGAGAATCTCC-1,ASC 2,0.6247378
CATCGGGAGACTTTCG-1,IgD-ve Memory,0.04130317
CATCGGGAGGACACCA-1,ASC 2,0.49015975
CATCGGGAGTAGCGGT-1,IgD+ve Memory,0.049461987
CATCGGGAGTGTACTC-1,IgD-ve Memory,0.16273448
CATCGGGAGTTGTCGT-1,IgD-ve Memory,0.02929772
CATCGGGCAACTGGCC-1,NAIVE 2,0.050881248
CATCGGGCAAGCTGAG-1,NAIVE 1,0.06486676
CATCGGGCAATCCAAC-1,NAIVE 1,0.035226077
CATCGGGCACACAGAG-1,NAIVE 2,0.053994082
CATCGGGCACCCATGG-1,IgD-ve Memory,0.033258516
CATCGGGCACCTATCC-1,ASC 3,0.77227753
CATCGGGCACTGCCAG-1,IgD-ve Memory,0.028199675
CATCGGGCAGACGCAA-1,ASC 2,0.811604
CATCGGGCATACGCCG-1,Cell-Cycling,0.3875975
CATCGGGCATCCCATC-1,NAIVE 2,0.11879635
CATCGGGCATGCAACT-1,IgD+ve Memory,0.032149978
CATCGGGGTCCGACGT-1,IgD-ve Memory,0.055645704
CATCGGGGTGGCGAAT-1,NAIVE 2,0.046300597
CATCGGGGTTGAGGTG-1,IgD+ve Memory,0.06295843
CATCGGGTCAATAAGG-1,ASC 2,0.7153635
CATCGGGTCCAGATCA-1,IgD+ve Memory,0.025593087
CATCGGGTCCTAGTGA-1,IgD+ve Memory,0.052052327
CATCGGGTCGATCCCT-1,NAIVE 1,0.06693378
CATCGGGTCGCAGGCT-1,IgD+ve Memory,0.03974532
CATCGGGTCTGCAGTA-1,ASC 2,0.89729416
CATGACAAGACCGGAT-1,ASC 3,0.834846
CATGACAAGACCTAGG-1,NAIVE 1,0.09414393
CATGACAAGAGCTGCA-1,IgD+ve Memory,0.064406775
CATGACAAGATCGGGT-1,HSP+,0.03219486
CATGACAAGCCTTGAT-1,NAIVE 2,0.032196347
CATGACAAGGGCTCTC-1,IgD+ve Memory,0.043129507
CATGACAAGTTGAGTA-1,IgD+ve Memory,0.041430976
CATGACACAAATTGCC-1,ASC 2,0.6217389
CATGACACAACGCACC-1,IgD+ve Memory,0.041132394
CATGACACAAGTTGTC-1,HSP+,0.018425697
CATGACACAATAAGCA-1,NAIVE 2,0.04513397
CATGACACAATCCGAT-1,HSP+,0.025941715
CATGACACAATCTGCA-1,NAIVE 2,0.020267587
CATGACACACAGACAG-1,IgD-ve Memory,0.025102204
CATGACACACCAGGCT-1,IgD-ve Memory,0.05660699
CATGACACACTAGTAC-1,IgD+ve Memory,0.0670765
CATGACACAGACGCAA-1,ASC 2,0.75633925
CATGACACATAGGATA-1,ASC 2,0.7974364
CATGACACATTATCTC-1,IgD+ve Memory,0.057990626
CATGACAGTCTAGTGT-1,HSP+,0.048494376
CATGACAGTCTCCACT-1,Early-Activation,0.055114813
CATGACAGTCTGGAGA-1,IgD-ve Memory,0.029902775
CATGACAGTGGTACAG-1,IgD-ve Memory,0.052790195
CATGACAGTTTGCATG-1,NAIVE 1,0.03506416
CATGACATCAGGCGAA-1,ASC 3,0.85473675
CATGACATCCAGATCA-1,NAIVE 2,0.14687547
CATGACATCGACCAGC-1,NAIVE 1,0.06572772
CATGACATCGGTGTCG-1,IgD-ve Memory,0.04777073
CATGACATCGTAGATC-1,NAIVE 1,0.052425038
CATGACATCTACTATC-1,NAIVE 2,0.012613761
CATGACATCTGGCGAC-1,NAIVE 1,0.05311946
CATGACATCTGTGCAA-1,HSP+,0.020542597
CATGACATCTTGTTTG-1,NAIVE 1,0.057178553
CATGCCTAGACGACGT-1,ASC 2,0.7845353
CATGCCTAGACTGTAA-1,IgD-ve Memory,0.04880163
CATGCCTAGAGACGAA-1,IgD-ve Memory,0.0601441
CATGCCTAGAGCCTAG-1,NAIVE 2,0.013964364
CATGCCTAGATATGGT-1,ASC 2,0.8434332
CATGCCTAGCAGATCG-1,ASC 2,0.87372386
CATGCCTAGCCAACAG-1,IgD-ve Memory,0.031233743
CATGCCTAGTACGTTC-1,ASC 2,0.8283438
CATGCCTAGTGGGCTA-1,IgD+ve Memory,0.03367032
CATGCCTAGTTATCGC-1,NAIVE 1,0.069971375
CATGCCTCAAATTGCC-1,IgD-ve Memory,0.03982519
CATGCCTCAACGATGG-1,IgD-ve Memory,0.06865605
CATGCCTCAAGCGCTC-1,Transitional,0.033649545
CATGCCTCAATCGGTT-1,DN2,0.21902816
CATGCCTCACAGGCCT-1,NAIVE 2,0.021581803
CATGCCTCACCAGTTA-1,NAIVE 2,0.03451856
CATGCCTCACCGATAT-1,IgD+ve Memory,0.022759177
CATGCCTCACGCCAGT-1,IgD+ve Memory,0.05187852
CATGCCTCAGCCACCA-1,IgD+ve Memory,0.056341853
CATGCCTCAGGACGTA-1,NAIVE 2,0.024069026
CATGCCTCATCACGAT-1,NAIVE 2,0.04946609
CATGCCTCATGCCTAA-1,NAIVE 2,0.100015126
CATGCCTGTAACGCGA-1,NAIVE 2,0.008042539
CATGCCTGTACCGCTG-1,NAIVE 2,0.021996869
CATGCCTGTAGCAAAT-1,IgD+ve Memory,0.10393113
CATGCCTGTATAAACG-1,IgD+ve Memory,0.071557574
CATGCCTGTCAATGTC-1,IgD-ve Memory,0.06365213
CATGCCTGTCACAAGG-1,Early-Activation,0.03746641
CATGCCTGTCGCATCG-1,IgD+ve Memory,0.037494615
CATGCCTGTCTCTTTA-1,IgD+ve Memory,0.05196968
CATGCCTGTGCCTGGT-1,IgD-ve Memory,0.0328862
CATGCCTGTGCGGTAA-1,NAIVE 1,0.03906889
CATGCCTGTGTTCTTT-1,NAIVE 1,0.036104232
CATGCCTTCCAGGGCT-1,ASC 2,0.74615556
CATGCCTTCCTCATTA-1,ASC 2,0.90593064
CATGCCTTCGTGGGAA-1,ASC 2,0.80518115
CATGCCTTCTAACTTC-1,IgD+ve Memory,0.043774083
CATGCCTTCTCTAAGG-1,IgD+ve Memory,0.051367585
CATGCCTTCTGCAGTA-1,IgD-ve Memory,0.034015
CATGCCTTCTGGTATG-1,DN2,0.16889001
CATGGCGAGCCATCGC-1,Transitional,0.12269974
CATGGCGAGCCGATTT-1,IgD+ve Memory,0.049378145
CATGGCGAGGATGCGT-1,Early-Activation,0.056174435
CATGGCGAGGCTAGAC-1,NAIVE 1,0.037712798
CATGGCGAGTCATGCT-1,NAIVE 1,0.059218567
CATGGCGCACCTATCC-1,IgD+ve Memory,0.06537373
CATGGCGCAGGGAGAG-1,ASC 2,0.82104456
CATGGCGCATCGACGC-1,NAIVE 1,0.052639764
CATGGCGCATGCATGT-1,IgD+ve Memory,0.056542933
CATGGCGCATTGGCGC-1,DN2,0.21814442
CATGGCGGTATATCCG-1,DN2,0.1768483
CATGGCGGTCCAAGTT-1,IgD-ve Memory,0.06347492
CATGGCGGTCGCTTCT-1,IgD+ve Memory,0.07843046
CATGGCGTCCGAATGT-1,IgD-ve Memory,0.03655174
CATGGCGTCGACCAGC-1,IgD+ve Memory,0.04170188
CATGGCGTCGCATGAT-1,HSP+,0.047872487
CATGGCGTCGTATCAG-1,IgD+ve Memory,0.031144397
CATGGCGTCTTGACGA-1,NAIVE 2,0.02586433
CATTATCAGAAGGTTT-1,IgD-ve Memory,0.029798223
CATTATCAGACAGAGA-1,IgD-ve Memory,0.031585425
CATTATCAGAGATGAG-1,IgD-ve Memory,0.03370866
CATTATCAGAGTCTGG-1,IgD+ve Memory,0.027719636
CATTATCAGATCTGAA-1,IgD+ve Memory,0.0842281
CATTATCAGTACGATA-1,HSP+,0.03551198
CATTATCAGTCCGTAT-1,ASC 2,0.682082
CATTATCCAAACAACA-1,ASC 2,0.6460345
CATTATCCAATAACGA-1,IgD-ve Memory,0.05132703
CATTATCCAATCTACG-1,ASC 2,0.7622125
CATTATCCAATGGACG-1,IgD-ve Memory,0.050458193
CATTATCCAGGGTATG-1,IgD-ve Memory,0.03278535
CATTATCCATCGGGTC-1,NAIVE 1,0.046536066
CATTATCGTACGACCC-1,NAIVE 2,0.013871404
CATTATCGTCAGATAA-1,IgD+ve Memory,0.041688293
CATTATCGTCTGCCAG-1,IgD+ve Memory,0.040714324
CATTATCGTGTTGGGA-1,ASC 2,0.78525025
CATTATCGTTCGCGAC-1,NAIVE 2,0.016798314
CATTATCTCCCTAACC-1,IgD+ve Memory,0.061153904
CATTATCTCGCACTCT-1,ASC 2,0.77906716
CATTATCTCGCATGGC-1,IgD+ve Memory,0.031811245
CATTATCTCGCCAGCA-1,NAIVE 1,0.04959866
CATTATCTCTTGACGA-1,ASC 2,0.8045981
CATTCGCAGAGTAAGG-1,ASC 2,0.7833277
CATTCGCAGATGTTAG-1,NAIVE 1,0.033736836
CATTCGCAGCCCTAAT-1,ASC 2,0.5782671
CATTCGCAGCTAAACA-1,Transitional,0.11939411
CATTCGCAGGAGTAGA-1,IgD+ve Memory,0.036139186
CATTCGCAGGAGTTGC-1,IgD-ve Memory,0.05071719
CATTCGCAGGTGATAT-1,IgD+ve Memory,0.040736053
CATTCGCAGTGAACGC-1,NAIVE 1,0.022006327
CATTCGCAGTGTTAGA-1,IgD-ve Memory,0.05276955
CATTCGCAGTTCCACA-1,IgD-ve Memory,0.031094603
CATTCGCCAAACAACA-1,NAIVE 2,0.026199646
CATTCGCCAAGTTGTC-1,Transitional,0.11558341
CATTCGCCAATAACGA-1,ASC 2,0.76176065
CATTCGCCACAGCCCA-1,IgD-ve Memory,0.07166586
CATTCGCCACCAGGTC-1,HSP+,0.03240176
CATTCGCCAGCATACT-1,IgD-ve Memory,0.02418628
CATTCGCCAGGAACGT-1,IgD-ve Memory,0.04440322
CATTCGCCAGTACACT-1,NAIVE 1,0.028345304
CATTCGCGTAAGTGGC-1,IgD+ve Memory,0.039870407
CATTCGCGTAGCAAAT-1,HSP+,0.09390519
CATTCGCGTAGCACGA-1,ASC 2,0.8011603
CATTCGCGTAGGGACT-1,IgD-ve Memory,0.05310055
CATTCGCGTCAAAGCG-1,IgD+ve Memory,0.04631912
CATTCGCGTCCCGACA-1,Early-Activation,0.04593684
CATTCGCGTCCTGCTT-1,IgD-ve Memory,0.044321045
CATTCGCGTCGCATAT-1,IgD+ve Memory,0.054025974
CATTCGCGTGCAACGA-1,DN2,0.04381669
CATTCGCGTTACCGAT-1,NAIVE 1,0.04720601
CATTCGCGTTATCACG-1,IgD+ve Memory,0.042625576
CATTCGCTCAGAGCTT-1,IgD-ve Memory,0.02583504
CATTCGCTCAGAGGTG-1,NAIVE 1,0.020103239
CATTCGCTCATGTCTT-1,IgD-ve Memory,0.039941914
CATTCGCTCCGCATAA-1,NAIVE 2,0.0151677
CATTCGCTCTAACGGT-1,NAIVE 2,0.02778839
CATTCGCTCTCACATT-1,NAIVE 2,0.023447761
CATTCGCTCTGGTTCC-1,NAIVE 1,0.04351973
CATTCGCTCTTATCTG-1,NAIVE 1,0.20008802
CATTCGCTCTTGTATC-1,Transitional,0.11058302
CCAATCCAGACACTAA-1,Early-Activation,0.06310914
CCAATCCAGGTGCACA-1,IgD-ve Memory,0.03948615
CCAATCCAGTACACCT-1,NAIVE 1,0.084505625
CCAATCCAGTCCATAC-1,NAIVE 1,0.043777283
CCAATCCAGTGGGCTA-1,NAIVE 1,0.05808025
CCAATCCCAAACAACA-1,NAIVE 1,0.04009476
CCAATCCCAAAGCGGT-1,ASC 2,0.33265564
CCAATCCCAATCGGTT-1,HSP+,0.029092653
CCAATCCCAATTCCTT-1,NAIVE 1,0.057582844
CCAATCCCACGCCAGT-1,IgD-ve Memory,0.017855711
CCAATCCCACGGTAGA-1,IgD-ve Memory,0.032614604
CCAATCCCAGCTCGCA-1,NAIVE 1,0.041893326
CCAATCCCATCACGTA-1,IgD-ve Memory,0.038834788
CCAATCCGTAAGTAGT-1,IgD+ve Memory,0.061871488
CCAATCCGTCCCTACT-1,Transitional,0.11896323
CCAATCCGTGTAAGTA-1,IgD+ve Memory,0.05999658
CCAATCCGTTGTGGCC-1,IgD+ve Memory,0.018004648
CCAATCCTCAGCGACC-1,IgD-ve Memory,0.024913274
CCAATCCTCATGCAAC-1,IgD+ve Memory,0.060818873
CCAATCCTCCAAATGC-1,IgD+ve Memory,0.027578065
CCAATCCTCCAGTAGT-1,IgD-ve Memory,0.051989775
CCAATCCTCCTTTCTC-1,NAIVE 1,0.074422695
CCAATCCTCGCGGATC-1,IgD+ve Memory,0.044506308
CCAATCCTCGCTTAGA-1,DN2,0.16775602
CCAATCCTCGGCTACG-1,ASC 2,0.73511153
CCAATCCTCGTTGACA-1,NAIVE 2,0.017827598
CCAATCCTCTCCCTGA-1,IgD-ve Memory,0.036173787
CCAATCCTCTCGCTTG-1,IgD+ve Memory,0.057752762
CCAATCCTCTGCTGCT-1,NAIVE 1,0.06587644
CCACCTAAGACAATAC-1,Early-Activation,0.042006385
CCACCTAAGAGTTGGC-1,ASC 2,0.82222193
CCACCTAAGATCCGAG-1,HSP+,0.043952502
CCACCTAAGATCGGGT-1,NAIVE 2,0.0299553
CCACCTAAGCTAAGAT-1,IgD-ve Memory,0.03499848
CCACCTAAGCTATGCT-1,IgD+ve Memory,0.049625885
CCACCTAAGGACATTA-1,IgD-ve Memory,0.058520533
CCACCTAAGTGGGTTG-1,IgD+ve Memory,0.019769495
CCACCTAAGTTCGCGC-1,Cell-Cycling,0.3273272
CCACCTACAGTACACT-1,NAIVE 2,0.004501977
CCACCTACATACAGCT-1,ASC 2,0.7317455
CCACCTACATCCGCGA-1,IgD-ve Memory,0.014981315
CCACCTACATGGGAAC-1,NAIVE 2,0.014870576
CCACCTACATTAGGCT-1,IgD+ve Memory,0.043134194
CCACCTAGTAACGCGA-1,ASC 2,0.7254108
CCACCTAGTACGCTGC-1,NAIVE 2,0.015231172
CCACCTAGTCACTGGC-1,IgD+ve Memory,0.06200338
CCACCTAGTCTCCACT-1,NAIVE 1,0.045241583
CCACCTAGTCTTGCGG-1,IgD-ve Memory,0.034398306
CCACCTAGTTACAGAA-1,NAIVE 1,0.05454929
CCACCTAGTTCGAATC-1,ASC 2,0.7720149
CCACCTATCAAGGCTT-1,IgD+ve Memory,0.069800705
CCACCTATCATCTGCC-1,ASC 2,0.69384784
CCACCTATCCAGAGGA-1,IgD-ve Memory,0.028820936
CCACCTATCCCGGATG-1,IgD+ve Memory,0.040208094
CCACCTATCCCTCTTT-1,HSP+,0.15562043
CCACCTATCGGCGGTT-1,HSP+,0.051836498
CCACCTATCGGTCCGA-1,IgD+ve Memory,0.045702975
CCACCTATCTCGTATT-1,NAIVE 2,0.028163493
CCACCTATCTGAGGGA-1,ASC 2,0.79402083
CCACGGAAGAAAGTGG-1,Early-Activation,0.048483633
CCACGGAAGAAGATTC-1,IgD+ve Memory,0.03936301
CCACGGAAGATAGTCA-1,NAIVE 2,0.012571286
CCACGGAAGCTATGCT-1,NAIVE 1,0.05052474
CCACGGAAGGGTTTCT-1,NAIVE 1,0.03309956
CCACGGAAGTACCGGA-1,IgD-ve Memory,0.04420029
CCACGGAAGTGAAGTT-1,IgD+ve Memory,0.03498046
CCACGGACAAAGAATC-1,IgD+ve Memory,0.034169603
CCACGGACACCGCTAG-1,IgD-ve Memory,0.035369728
CCACGGACACGGTGTC-1,IgD-ve Memory,0.060646586
CCACGGACACTAGTAC-1,ASC 2,0.81196654
CCACGGACACTGTGTA-1,IgD-ve Memory,0.037231144
CCACGGACACTTCTGC-1,IgD-ve Memory,0.046677303
CCACGGACAGTGGAGT-1,ASC 3,0.81188303
CCACGGACATAGGATA-1,DN2,0.18492378
CCACGGACATGCCACG-1,IgD-ve Memory,0.049475733
CCACGGACATGCCCGA-1,IgD-ve Memory,0.05186353
CCACGGAGTAAGTAGT-1,ASC 1,0.7780871
CCACGGAGTCAGAGGT-1,IgD+ve Memory,0.034096554
CCACGGAGTCTCAACA-1,ASC 2,0.8100936
CCACGGAGTCTCTCGT-1,HSP+,0.047517046
CCACGGAGTGAGCGAT-1,NAIVE 2,0.05249593
CCACGGAGTGATGTCT-1,IgD+ve Memory,0.040535152
CCACGGAGTTAAAGAC-1,IgD+ve Memory,0.03432293
CCACGGAGTTCACCTC-1,IgD+ve Memory,0.061664637
CCACGGATCAAACAAG-1,IgD-ve Memory,0.05632906
CCACGGATCACCGGGT-1,IgD+ve Memory,0.03068183
CCACGGATCACCTCGT-1,Early-Activation,0.058228582
CCACGGATCACGACTA-1,NAIVE 2,0.011843655
CCACGGATCACTCTTA-1,NAIVE 1,0.05441465
CCACGGATCATAAAGG-1,NAIVE 2,0.011106879
CCACGGATCTTAGCCC-1,DN2,0.17402066
CCACGGATCTTCTGGC-1,DN2,0.17657472
CCACGGATCTTGTCAT-1,Transitional,0.12637776
CCACTACAGAGGTAGA-1,IgD-ve Memory,0.09892648
CCACTACAGATCACGG-1,IgD+ve Memory,0.03640539
CCACTACAGCGACGTA-1,NAIVE 2,0.033808336
CCACTACAGCGTGTCC-1,IgD-ve Memory,0.03993526
CCACTACAGCTTCGCG-1,ASC 2,0.7843299
CCACTACAGGCTCATT-1,IgD+ve Memory,0.071074426
CCACTACAGGGCACTA-1,DN2,0.03053671
CCACTACAGTACGACG-1,ASC 1,0.40075663
CCACTACAGTCACGCC-1,NAIVE 2,0.046878543
CCACTACCAAACAACA-1,IgD-ve Memory,0.053367585
CCACTACCACAAGTAA-1,HSP+,0.030863086
CCACTACCACAGCGTC-1,NAIVE 1,0.04854933
CCACTACCACTTCTGC-1,IgD-ve Memory,0.03526873
CCACTACCAGGCTGAA-1,Cell-Cycling,0.32719544
CCACTACGTAACGTTC-1,IgD-ve Memory,0.037238758
CCACTACGTAATTGGA-1,IgD-ve Memory,0.06263804
CCACTACGTACTCGCG-1,NAIVE 1,0.040200956
CCACTACGTTGCTCCT-1,IgD-ve Memory,0.03355772
CCACTACGTTGGACCC-1,IgD-ve Memory,0.034343157
CCACTACGTTGTACAC-1,ASC 2,0.7894516
CCACTACTCAATAAGG-1,DN2,0.19672687
CCACTACTCACCGGGT-1,IgD-ve Memory,0.12738064
CCACTACTCACGAAGG-1,IgD-ve Memory,0.038203526
CCACTACTCGAATGCT-1,IgD+ve Memory,0.056049872
CCACTACTCGTGGACC-1,ASC 2,0.851818
CCACTACTCTAACGGT-1,NAIVE 2,0.06323125
CCACTACTCTCCAGGG-1,DN2,0.2180678
CCACTACTCTCTTATG-1,ASC 2,0.7802535
CCACTACTCTTAACCT-1,IgD-ve Memory,0.035589855
CCACTACTCTTGTATC-1,NAIVE 1,0.06346652
CCAGCGAAGACTAAGT-1,NAIVE 1,0.078251794
CCAGCGAAGAGGACGG-1,IgD+ve Memory,0.039553232
CCAGCGAAGCTAAGAT-1,IgD-ve Memory,0.053927325
CCAGCGAAGCTTTGGT-1,IgD+ve Memory,0.06758688
CCAGCGAAGGTTCCTA-1,IgD-ve Memory,0.06284081
CCAGCGAAGTTCGCGC-1,IgD-ve Memory,0.16759953
CCAGCGACAAGACGTG-1,NAIVE 1,0.06963971
CCAGCGACACCAGATT-1,DN2,0.21589626
CCAGCGACATATACGC-1,IgD+ve Memory,0.04701963
CCAGCGAGTACCAGTT-1,IgD+ve Memory,0.05957604
CCAGCGAGTCCGAAGA-1,IgD-ve Memory,0.051697124
CCAGCGAGTGGTCCGT-1,ASC 3,0.6433422
CCAGCGAGTTTGTTGG-1,NAIVE 1,0.056100223
CCAGCGATCACGAAGG-1,ASC 2,0.69997984
CCAGCGATCACTGGGC-1,IgD+ve Memory,0.041479554
CCAGCGATCCAGAGGA-1,ASC 2,0.7438063
CCAGCGATCCCTGACT-1,NAIVE 2,0.028023204
CCAGCGATCCCTTGCA-1,NAIVE 2,0.053697564
CCAGCGATCGGAAACG-1,IgD+ve Memory,0.08539249
CCAGCGATCTTGTTTG-1,IgD+ve Memory,0.074668266
CCATGTCAGAGGTTAT-1,NAIVE 1,0.045603566
CCATGTCAGCACCGCT-1,NAIVE 2,0.0456755
CCATGTCAGCGTGAGT-1,HSP+,0.037744854
CCATGTCAGCTTATCG-1,NAIVE 1,0.044695493
CCATGTCAGTCCTCCT-1,ASC 2,0.80550593
CCATGTCAGTCGTTTG-1,NAIVE 1,0.027468983
CCATGTCAGTCTCCTC-1,ASC 2,0.6567916
CCATGTCCAAACAACA-1,NAIVE 1,0.02414364
CCATGTCCAATCCAAC-1,IgD+ve Memory,0.045981884
CCATGTCCAGGTCTCG-1,NAIVE 2,0.053638894
CCATGTCCATACGCTA-1,IgD+ve Memory,0.026567828
CCATGTCGTAAAGTCA-1,NAIVE 2,0.043923635
CCATGTCGTAGGGACT-1,IgD-ve Memory,0.05325281
CCATGTCGTAGTAGTA-1,ASC 2,0.81221986
CCATGTCGTATCGCAT-1,NAIVE 2,0.04123572
CCATGTCGTCCGACGT-1,DN2,0.19830091
CCATGTCGTGAAGGCT-1,IgD+ve Memory,0.07714281
CCATGTCGTGGTTTCA-1,IgD-ve Memory,0.045605633
CCATGTCGTTCCTCCA-1,IgD-ve Memory,0.026387295
CCATGTCTCCTCCTAG-1,NAIVE 1,0.027778666
CCATGTCTCGATCCCT-1,IgD-ve Memory,0.044244666
CCATGTCTCGGAAATA-1,IgD+ve Memory,0.022134364
CCATGTCTCTTGTATC-1,IgD+ve Memory,0.03936435
CCATTCGAGATCTGAA-1,IgD+ve Memory,0.06506298
CCATTCGAGCAGCGTA-1,NAIVE 1,0.02447642
CCATTCGAGCTAGTCT-1,ASC 2,0.80284464
CCATTCGAGGCCGAAT-1,DN2,0.14798154
CCATTCGAGGGAAACA-1,NAIVE 2,0.023132924
CCATTCGCAAGTAGTA-1,NAIVE 1,0.04611406
CCATTCGCACAGCGTC-1,ASC 3,0.86961323
CCATTCGCAGGGTTAG-1,ASC 2,0.7931883
CCATTCGCAGTAACGG-1,ASC 2,0.7751589
CCATTCGCAGTCAGCC-1,IgD+ve Memory,0.07119864
CCATTCGCATGGGAAC-1,IgD+ve Memory,0.045764696
CCATTCGGTAGGCTGA-1,NAIVE 1,0.060462203
CCATTCGGTATTCGTG-1,NAIVE 2,0.020848455
CCATTCGGTCAGCTAT-1,IgD-ve Memory,0.04747688
CCATTCGGTGCCTGCA-1,Early-Activation,0.053596195
CCATTCGGTTCCATGA-1,IgD+ve Memory,0.034946103
CCATTCGGTTCGGCAC-1,IgD-ve Memory,0.033182014
CCATTCGGTTTGTTGG-1,IgD+ve Memory,0.04745226
CCATTCGTCAGGTTCA-1,ASC 2,0.76124644
CCATTCGTCATGTGGT-1,IgD+ve Memory,0.033077374
CCATTCGTCATTATCC-1,ASC 2,0.7849577
CCATTCGTCGCCGTGA-1,NAIVE 2,0.044870164
CCATTCGTCGGACAAG-1,NAIVE 2,0.024870908
CCATTCGTCTGACCTC-1,IgD+ve Memory,0.045293033
CCATTCGTCTTACCGC-1,IgD+ve Memory,0.050489414
CCATTCGTCTTCCTTC-1,NAIVE 1,0.015553858
CCCAATCAGAGTGACC-1,NAIVE 2,0.017902678
CCCAATCAGCCACGCT-1,IgD-ve Memory,0.025382582
CCCAATCAGGCAGTCA-1,IgD+ve Memory,0.055833697
CCCAATCAGGCTAGGT-1,IgD+ve Memory,0.040266093
CCCAATCAGTCTCGGC-1,IgD-ve Memory,0.031036943
CCCAATCAGTTAGCGG-1,Early-Activation,0.048935223
CCCAATCCAATGAATG-1,ASC 2,0.7102155
CCCAATCCACAGGTTT-1,IgD+ve Memory,0.048973545
CCCAATCCACGGTAAG-1,ASC 2,0.7420855
CCCAATCCAGATTGCT-1,IgD-ve Memory,0.05965206
CCCAATCCAGCAGTTT-1,Transitional,0.13192452
CCCAATCCAGTAAGAT-1,IgD+ve Memory,0.047947537
CCCAATCCATCGGACC-1,NAIVE 2,0.009359308
CCCAATCCATGGGAAC-1,HSP+,0.053467337
CCCAATCGTAAGAGAG-1,ASC 2,0.7417708
CCCAATCGTAAGTTCC-1,IgD+ve Memory,0.04175928
CCCAATCGTGGTCCGT-1,NAIVE 1,0.0373511
CCCAATCGTTCTGGTA-1,ASC 2,0.825369
CCCAATCTCATGGTCA-1,IgD+ve Memory,0.06618548
CCCAATCTCATGTGGT-1,Transitional,0.1169027
CCCAATCTCCAAACTG-1,Cell-Cycling,0.69534916
CCCAATCTCCGGGTGT-1,ASC 2,0.66787565
CCCAATCTCCGTACAA-1,ASC 2,0.6535078
CCCAATCTCCTTAATC-1,Early-Activation,0.055149738
CCCAATCTCGAGAGCA-1,Early-Activation,0.06398383
CCCAATCTCGATGAGG-1,IgD-ve Memory,0.069357984
CCCAATCTCGTTACAG-1,ASC 2,0.825426
CCCAGTTAGAAGGCCT-1,Cell-Cycling,0.35090783
CCCAGTTCAAGCCCAC-1,IgD+ve Memory,0.039955046
CCCAGTTCAAGCCGCT-1,NAIVE 1,0.0601065
CCCAGTTCAATCCGAT-1,NAIVE 1,0.037899006
CCCAGTTCACATGACT-1,HSP+,0.12321334
CCCAGTTCACCGTTGG-1,IgD+ve Memory,0.03231637
CCCAGTTCACGGATAG-1,IgD+ve Memory,0.08575712
CCCAGTTCAGTTAACC-1,ASC 2,0.8128547
CCCAGTTCATCCAACA-1,IgD-ve Memory,0.034751963
CCCAGTTCATGAACCT-1,IgD+ve Memory,0.039544486
CCCAGTTCATGCCTAA-1,NAIVE 1,0.045212388
CCCAGTTGTACCTACA-1,IgD-ve Memory,0.05183875
CCCAGTTGTAGCCTCG-1,IgD-ve Memory,0.025856359
CCCAGTTGTAGTGAAT-1,IgD+ve Memory,0.03665257
CCCAGTTGTCAGAAGC-1,IgD+ve Memory,0.03525283
CCCAGTTGTCTCCATC-1,ASC 3,0.72274214
CCCAGTTGTCTGCAAT-1,NAIVE 1,0.06254873
CCCAGTTGTGAACCTT-1,NAIVE 2,0.010707435
CCCAGTTGTTAGTGGG-1,ASC 2,0.6240478
CCCAGTTGTTCTCATT-1,IgD+ve Memory,0.08847325
CCCAGTTTCACCAGGC-1,HSP+,0.12284978
CCCAGTTTCAGAGCTT-1,ASC 2,0.7990689
CCCAGTTTCCACGTGG-1,IgD-ve Memory,0.054828342
CCCAGTTTCGCCAAAT-1,IgD+ve Memory,0.054635875
CCCAGTTTCTTGTTTG-1,NAIVE 2,0.02556199
CCCATACAGAGGTAGA-1,IgD-ve Memory,0.09475849
CCCATACAGATCCGAG-1,IgD-ve Memory,0.021246288
CCCATACCAATGAAAC-1,ASC 2,0.85840243
CCCATACCACATAACC-1,NAIVE 2,0.013036307
CCCATACCACATCTTT-1,ASC 2,0.79389066
CCCATACCACCAGGTC-1,IgD-ve Memory,0.04496901
CCCATACCAGGGCATA-1,NAIVE 1,0.046181604
CCCATACCAGTAAGAT-1,ASC 2,0.7228768
CCCATACCATCCGCGA-1,DN2,0.1996642
CCCATACCATGGTCAT-1,Cell-Cycling,0.73220503
CCCATACCATGGTTGT-1,IgD-ve Memory,0.035819087
CCCATACGTCAAAGAT-1,ASC 2,0.72068197
CCCATACGTCGGCTCA-1,ASC 2,0.62809354
CCCATACGTGGTCCGT-1,IgD-ve Memory,0.029216599
CCCATACGTTGTGGCC-1,IgD+ve Memory,0.03392671
CCCATACTCACGATGT-1,IgD-ve Memory,0.031072572
CCCATACTCCACGTTC-1,ASC 2,0.77333105
CCCATACTCCAGGGCT-1,ASC 2,0.6921978
CCCATACTCCCTTGCA-1,IgD-ve Memory,0.014113283
CCCATACTCCTCCTAG-1,IgD-ve Memory,0.040776838
CCCATACTCGCTAGCG-1,IgD-ve Memory,0.027398143
CCCATACTCGGTGTCG-1,ASC 2,0.8347247
CCCATACTCTATGTGG-1,Cell-Cycling,0.20233326
CCCTCCTAGACTCGGA-1,NAIVE 2,0.013759806
CCCTCCTAGAGCTGGT-1,ASC 2,0.84574777
CCCTCCTAGAGGTAGA-1,IgD-ve Memory,0.043246657
CCCTCCTAGATGTGGC-1,IgD+ve Memory,0.046913933
CCCTCCTAGCCGATTT-1,ASC 2,0.84705484
CCCTCCTAGCTAACTC-1,NAIVE 2,0.040118508
CCCTCCTAGTACGTTC-1,NAIVE 2,0.09079413
CCCTCCTAGTCAAGGC-1,ASC 2,0.7033089
CCCTCCTAGTCCAGGA-1,NAIVE 2,0.019917682
CCCTCCTAGTGATCGG-1,NAIVE 2,0.027097711
CCCTCCTCAAACTGTC-1,ASC 2,0.6844037
CCCTCCTCAAGGACTG-1,NAIVE 1,0.06961553
CCCTCCTCACAACGTT-1,ASC 2,0.63411784
CCCTCCTCACAGCGTC-1,NAIVE 2,0.05043076
CCCTCCTCAGACGTAG-1,NAIVE 2,0.049889136
CCCTCCTCAGAGTGTG-1,IgD-ve Memory,0.040662322
CCCTCCTCAGCTTCGG-1,ASC 2,0.80050623
CCCTCCTCAGGCGATA-1,IgD+ve Memory,0.040181898
CCCTCCTCAGGTGGAT-1,ASC 2,0.9029757
CCCTCCTCATCCTAGA-1,IgD+ve Memory,0.05686339
CCCTCCTCATCTATGG-1,IgD-ve Memory,0.12245374
CCCTCCTCATTGGGCC-1,IgD-ve Memory,0.06863024
CCCTCCTGTAAGAGGA-1,NAIVE 2,0.022918155
CCCTCCTGTAAGTAGT-1,HSP+,0.04748891
CCCTCCTGTCAGAAGC-1,Cell-Cycling,0.36201295
CCCTCCTGTCAGAGGT-1,IgD+ve Memory,0.031853896
CCCTCCTGTCATCCCT-1,IgD+ve Memory,0.0752872
CCCTCCTGTTAGTGGG-1,ASC 2,0.82537246
CCCTCCTTCAACACCA-1,IgD+ve Memory,0.039368864
CCCTCCTTCAGCACAT-1,Early-Activation,0.05729562
CCCTCCTTCATGTCCC-1,Early-Activation,0.058884285
CCCTCCTTCCGCATAA-1,IgD+ve Memory,0.051090818
CCCTCCTTCCGCTGTT-1,ASC 2,0.8039495
CCCTCCTTCGGTCCGA-1,NAIVE 1,0.043060813
CCCTCCTTCTACCTGC-1,NAIVE 1,0.042554576
CCGGGATAGACAGACC-1,DN2,0.19155645
CCGGGATAGACTGGGT-1,NAIVE 2,0.034483857
CCGGGATAGATATGCA-1,IgD-ve Memory,0.046163086
CCGGGATAGGATGCGT-1,IgD+ve Memory,0.039531015
CCGGGATAGTACCGGA-1,NAIVE 1,0.053928707
CCGGGATAGTCCGGTC-1,NAIVE 2,0.045606513
CCGGGATCAAACGTGG-1,IgD-ve Memory,0.03378029
CCGGGATCACCTTGTC-1,IgD-ve Memory,0.07470887
CCGGGATCAGTATAAG-1,IgD-ve Memory,0.03230123
CCGGGATCATATACCG-1,IgD-ve Memory,0.06299877
CCGGGATCATCCTTGC-1,IgD+ve Memory,0.03101014
CCGGGATCATGGTAGG-1,NAIVE 1,0.05779034
CCGGGATGTATAAACG-1,IgD-ve Memory,0.034460288
CCGGGATGTCAACTGT-1,DN2,0.17044336
CCGGGATGTCAGAGGT-1,NAIVE 1,0.06443154
CCGGGATGTCTAGAGG-1,NAIVE 2,0.014797017
CCGGGATTCATTTGGG-1,IgD-ve Memory,0.05024083
CCGGGATTCCAAACTG-1,IgD+ve Memory,0.030000903
CCGGGATTCCTCAACC-1,HSP+,0.04151405
CCGGGATTCGAATGGG-1,NAIVE 1,0.06744447
CCGGGATTCGGGAGTA-1,DN2,0.21113412
CCGGGATTCTACCTGC-1,IgD-ve Memory,0.03902041
CCGGTAGAGAGGTTAT-1,IgD+ve Memory,0.033859607
CCGGTAGAGCTCCCAG-1,IgD-ve Memory,0.029427538
CCGGTAGAGCTGAACG-1,IgD+ve Memory,0.056143653
CCGGTAGAGTTGTCGT-1,NAIVE 1,0.031218207
CCGGTAGCAAGTTAAG-1,ASC 3,0.79032993
CCGGTAGCACACAGAG-1,IgD+ve Memory,0.041150954
CCGGTAGCACGAAATA-1,IgD-ve Memory,0.030273685
CCGGTAGCAGCTGTTA-1,IgD-ve Memory,0.034672197
CCGGTAGCATTAGGCT-1,ASC 2,0.81393456
CCGGTAGGTAAACGCG-1,DN2,0.07869468
CCGGTAGGTAACGTTC-1,IgD-ve Memory,0.055943474
CCGGTAGGTAATTGGA-1,ASC 3,0.8633451
CCGGTAGGTAGGACAC-1,DN2,0.18681839
CCGGTAGGTCTGATTG-1,NAIVE 1,0.027560329
CCGGTAGGTCTGGTCG-1,IgD+ve Memory,0.028540742
CCGGTAGTCAAGGTAA-1,Transitional,0.12237682
CCGGTAGTCCCAAGAT-1,IgD-ve Memory,0.03365585
CCGGTAGTCGAGCCCA-1,NAIVE 1,0.07569005
CCGGTAGTCGCAGGCT-1,DN2,0.1843744
CCGGTAGTCGCGATCG-1,ASC 2,0.655275
CCGGTAGTCTACTATC-1,IgD-ve Memory,0.029463362
CCGGTAGTCTAGAGTC-1,NAIVE 1,0.026399393
CCGTACTAGAGTGACC-1,NAIVE 2,0.025114767
CCGTACTAGATCGATA-1,IgD+ve Memory,0.040891513
CCGTACTAGCCACTAT-1,ASC 2,0.84299767
CCGTACTAGCGACGTA-1,IgD+ve Memory,0.059304483
CCGTACTAGCGTTTAC-1,NAIVE 1,0.045573756
CCGTACTAGCTCCCAG-1,NAIVE 1,0.06828689
CCGTACTAGCTTATCG-1,IgD+ve Memory,0.031370033
CCGTACTAGGCCCGTT-1,IgD-ve Memory,0.03621295
CCGTACTAGGTAGCTG-1,IgD+ve Memory,0.029215371
CCGTACTAGTGAACAT-1,ASC 2,0.83844227
CCGTACTAGTGTACCT-1,IgD-ve Memory,0.053827386
CCGTACTCAAGACACG-1,NAIVE 2,0.009664219
CCGTACTCAAGAGGCT-1,IgD-ve Memory,0.046971932
CCGTACTCAAGCCTAT-1,NAIVE 2,0.10374564
CCGTACTCAATGAAAC-1,NAIVE 1,0.07072121
CCGTACTCACGCCAGT-1,IgD-ve Memory,0.046909753
CCGTACTCACTCGACG-1,NAIVE 2,0.02171199
CCGTACTCAGTAAGCG-1,NAIVE 1,0.06096463
CCGTACTCAGTACACT-1,Early-Activation,0.039522234
CCGTACTCATGGTCTA-1,IgD-ve Memory,0.040870696
CCGTACTGTAACGACG-1,Transitional,0.1226385
CCGTACTGTCCCTACT-1,DN2,0.1807434
CCGTACTGTGAAATCA-1,IgD-ve Memory,0.041555334
CCGTACTGTGCCTGGT-1,NAIVE 2,0.024219347
CCGTACTGTGTTTGTG-1,DN2,0.20622467
CCGTACTTCAAACAAG-1,NAIVE 2,0.03827015
CCGTACTTCAGCCTAA-1,IgD+ve Memory,0.06184005
CCGTACTTCCCAACGG-1,NAIVE 1,0.054273117
CCGTACTTCCCAGGTG-1,NAIVE 1,0.027622372
CCGTACTTCCCTCTTT-1,NAIVE 1,0.04391579
CCGTACTTCCTGCCAT-1,NAIVE 1,0.05233333
CCGTACTTCGTTACAG-1,Cell-Cycling,0.6691512
CCGTGGAAGAAACCTA-1,NAIVE 2,0.038892716
CCGTGGAAGAAGGACA-1,Cell-Cycling,0.60886246
CCGTGGAAGCACCGCT-1,Cell-Cycling,0.40873742
CCGTGGAAGGGTGTTG-1,NAIVE 1,0.06269473
CCGTGGAAGTCAATAG-1,ASC 2,0.7978932
CCGTGGACAAACGTGG-1,NAIVE 2,0.04036188
CCGTGGACAATTGCTG-1,NAIVE 2,0.040439345
CCGTGGACACAGGCCT-1,HSP+,0.030353896
CCGTGGACACCAACCG-1,NAIVE 2,0.0054263417
CCGTGGACACGACTCG-1,IgD+ve Memory,0.041570384
CCGTGGACAGACACTT-1,ASC 2,0.7489131
CCGTGGACAGATCGGA-1,IgD-ve Memory,0.056002848
CCGTGGACAGATGAGC-1,IgD+ve Memory,0.04621733
CCGTGGACAGGTCCAC-1,NAIVE 2,0.013507437
CCGTGGACATACGCTA-1,IgD+ve Memory,0.032005455
CCGTGGAGTAAGGATT-1,ASC 2,0.774129
CCGTGGAGTATCACCA-1,IgD+ve Memory,0.07521652
CCGTGGAGTCTTCAAG-1,Early-Activation,0.05353717
CCGTGGAGTGCAGACA-1,IgD+ve Memory,0.02085269
CCGTGGAGTTAGTGGG-1,Cell-Cycling,0.61187935
CCGTGGAGTTCACCTC-1,NAIVE 1,0.039660756
CCGTGGATCACATACG-1,IgD+ve Memory,0.039963044
CCGTGGATCAGGCCCA-1,NAIVE 2,0.023663891
CCGTGGATCATGTCCC-1,IgD-ve Memory,0.051654913
CCGTGGATCCCGGATG-1,IgD+ve Memory,0.047919378
CCGTGGATCCTAGAAC-1,IgD-ve Memory,0.04905412
CCGTGGATCCTTAATC-1,NAIVE 2,0.034654014
CCGTTCAAGACCACGA-1,ASC 2,0.6379622
CCGTTCAAGATGTGTA-1,HSP+,0.05253509
CCGTTCAAGCACAGGT-1,IgD+ve Memory,0.03880158
CCGTTCAAGCCAGAAC-1,IgD+ve Memory,0.04702186
CCGTTCAAGCGTGTCC-1,ASC 2,0.8264162
CCGTTCAAGGCTAGAC-1,ASC 2,0.74595654
CCGTTCAAGGGTTCCC-1,IgD+ve Memory,0.028991694
CCGTTCAAGGTAGCTG-1,NAIVE 1,0.04468741
CCGTTCAAGTAGTGCG-1,IgD+ve Memory,0.06822676
CCGTTCAAGTATTGGA-1,ASC 3,0.7776544
CCGTTCACAACGCACC-1,NAIVE 1,0.04661855
CCGTTCACAACTGGCC-1,Cell-Cycling,0.73050666
CCGTTCACAATGGACG-1,IgD-ve Memory,0.02601434
CCGTTCACACCACGTG-1,IgD+ve Memory,0.046459623
CCGTTCACACCTGGTG-1,ASC 2,0.83225423
CCGTTCACACGGTGTC-1,Early-Activation,0.059168834
CCGTTCACAGCCACCA-1,IgD-ve Memory,0.027244706
CCGTTCACAGCGAACA-1,NAIVE 1,0.06554738
CCGTTCACATCCTAGA-1,NAIVE 1,0.03907805
CCGTTCACATTACGAC-1,IgD+ve Memory,0.19551645
CCGTTCACATTAGGCT-1,NAIVE 1,0.04755418
CCGTTCACATTCACTT-1,NAIVE 1,0.041922018
CCGTTCAGTAGGGACT-1,NAIVE 2,0.04124933
CCGTTCAGTATTCGTG-1,Cell-Cycling,0.7393769
CCGTTCAGTCAAACTC-1,DN2,0.031231109
CCGTTCAGTCTTCAAG-1,IgD-ve Memory,0.025957901
CCGTTCAGTGTGAAAT-1,Early-Activation,0.06311356
CCGTTCAGTTGGGACA-1,NAIVE 2,0.11087938
CCGTTCAGTTTAGGAA-1,Cell-Cycling,0.07275237
CCGTTCATCAGGATCT-1,ASC 2,0.82985485
CCGTTCATCCCATTAT-1,IgD-ve Memory,0.029089415
CCGTTCATCCGCATCT-1,NAIVE 2,0.038464315
CCGTTCATCCGGGTGT-1,NAIVE 2,0.040793516
CCGTTCATCGAATGGG-1,IgD+ve Memory,0.056841664
CCGTTCATCGCCTGTT-1,Transitional,0.122464694
CCGTTCATCTGCAGTA-1,NAIVE 1,0.036159478
CCGTTCATCTGTCCGT-1,IgD+ve Memory,0.047248565
CCTAAAGAGACGCTTT-1,NAIVE 1,0.039333537
CCTAAAGAGATGCCTT-1,IgD-ve Memory,0.028923774
CCTAAAGAGGGCACTA-1,NAIVE 1,0.019825734
CCTAAAGAGGGTTCCC-1,DN2,0.19750825
CCTAAAGAGTAATCCC-1,IgD-ve Memory,0.036340363
CCTAAAGAGTAGGTGC-1,IgD-ve Memory,0.047186714
CCTAAAGAGTCATCCA-1,NAIVE 2,0.045304023
CCTAAAGAGTTTGCGT-1,IgD+ve Memory,0.039064284
CCTAAAGCAAGCGATG-1,IgD+ve Memory,0.03261977
CCTAAAGCAGGTTTCA-1,ASC 1,0.68716484
CCTAAAGCATGTTGAC-1,ASC 1,0.7536352
CCTAAAGGTACTTAGC-1,NAIVE 1,0.03402293
CCTAAAGGTATAATGG-1,Transitional,0.12505072
CCTAAAGGTATAGTAG-1,NAIVE 2,0.101881325
CCTAAAGGTCTGCAAT-1,HSP+,0.04210588
CCTAAAGGTGATAAGT-1,IgD+ve Memory,0.044529308
CCTAAAGGTTAGATGA-1,IgD-ve Memory,0.06221003
CCTAAAGGTTTGCATG-1,NAIVE 1,0.037116665
CCTAAAGTCATACGGT-1,NAIVE 2,0.050724182
CCTAAAGTCCATGAAC-1,IgD-ve Memory,0.057653725
CCTACACAGACACTAA-1,IgD-ve Memory,0.02372232
CCTACACAGCGTAATA-1,IgD-ve Memory,0.041551806
CCTACACAGCTAAACA-1,ASC 2,0.7089445
CCTACACAGGCCCTTG-1,IgD-ve Memory,0.028700827
CCTACACAGTCCCACG-1,DN2,0.1852263
CCTACACAGTGATCGG-1,IgD-ve Memory,0.030671777
CCTACACAGTGCAAGC-1,ASC 2,0.7120369
CCTACACAGTTGTAGA-1,IgD-ve Memory,0.054271758
CCTACACCACAAGCCC-1,IgD+ve Memory,0.05396658
CCTACACCAGTTCCCT-1,NAIVE 1,0.047777604
CCTACACCATATACGC-1,Transitional,0.120834686
CCTACACCATCGATTG-1,IgD-ve Memory,0.040681772
CCTACACCATGGTTGT-1,ASC 2,0.7599244
CCTACACGTAAGTTCC-1,IgD+ve Memory,0.0552654
CCTACACGTATCACCA-1,IgD-ve Memory,0.024345048
CCTACACGTCTCATCC-1,IgD+ve Memory,0.04691793
CCTACACGTCTGCGGT-1,IgD-ve Memory,0.04227285
CCTACACGTTCTGAAC-1,NAIVE 1,0.038319968
CCTACACTCAGGTTCA-1,NAIVE 1,0.07159315
CCTACACTCCCTCAGT-1,NAIVE 1,0.10743285
CCTACACTCCGTTGCT-1,NAIVE 1,0.047169615
CCTACACTCCTTTCGG-1,NAIVE 1,0.046374124
CCTACACTCGCTTGTC-1,DN2,0.20169388
CCTACACTCGTCTGAA-1,IgD-ve Memory,0.043679666
CCTACACTCTCAAACG-1,Early-Activation,0.06966769
CCTACCAAGACAAGCC-1,IgD-ve Memory,0.043965504
CCTACCAAGTACATGA-1,NAIVE 1,0.07157206
CCTACCAAGTATCGAA-1,IgD+ve Memory,0.02580454
CCTACCAAGTGAAGAG-1,NAIVE 1,0.052942183
CCTACCAAGTGTACGG-1,IgD+ve Memory,0.048536517
CCTACCACAGGATCGA-1,NAIVE 2,0.046699252
CCTACCACAGGTTTCA-1,NAIVE 1,0.07641682
CCTACCAGTAAATACG-1,IgD-ve Memory,0.05937036
CCTACCAGTAATTGGA-1,ASC 2,0.90409523
CCTACCAGTAGCTTGT-1,IgD-ve Memory,0.06117459
CCTACCAGTCGCATCG-1,DN2,0.20162301
CCTACCAGTCTACCTC-1,IgD-ve Memory,0.032562036
CCTACCAGTCTCTTAT-1,ASC 2,0.541171
CCTACCAGTGAGGCTA-1,DN2,0.21417439
CCTACCAGTGCACCAC-1,Cell-Cycling,0.59213656
CCTACCAGTGTTTGTG-1,IgD-ve Memory,0.03924467
CCTACCAGTTCCGGCA-1,NAIVE 2,0.009428139
CCTACCAGTTCGGGCT-1,DN2,0.06707574
CCTACCAGTTCGTCTC-1,NAIVE 1,0.04103389
CCTACCAGTTCTGAAC-1,IgD+ve Memory,0.06681247
CCTACCAGTTTCCACC-1,IgD+ve Memory,0.063468136
CCTACCAGTTTGACTG-1,NAIVE 2,0.037782766
CCTACCATCCGCGCAA-1,IgD+ve Memory,0.0775558
CCTACCATCCGTTGTC-1,NAIVE 1,0.045967262
CCTACCATCGTCTGCT-1,ASC 2,0.7857433
CCTACCATCGTGACAT-1,IgD-ve Memory,0.047945853
CCTACCATCGTTTATC-1,IgD-ve Memory,0.06355821
CCTACCATCTGAGGGA-1,HSP+,0.0700962
CCTACCATCTGTACGA-1,Transitional,0.123870075
CCTAGCTAGAGGTACC-1,IgD+ve Memory,0.049114216
CCTAGCTAGAGTAAGG-1,IgD-ve Memory,0.04157859
CCTAGCTAGCAAATCA-1,ASC 3,0.74308634
CCTAGCTAGCATGGCA-1,NAIVE 1,0.051504046
CCTAGCTAGCGTAATA-1,NAIVE 1,0.052362494
CCTAGCTAGTAGGCCA-1,IgD-ve Memory,0.0342691
CCTAGCTAGTGAACAT-1,IgD-ve Memory,0.056611143
CCTAGCTCAAGGCTCC-1,NAIVE 2,0.014091647
CCTAGCTCAAGTCATC-1,IgD-ve Memory,0.018020725
CCTAGCTCAGCCTTGG-1,NAIVE 2,0.05481935
CCTAGCTCATAAGACA-1,IgD+ve Memory,0.061141904
CCTAGCTCATCGACGC-1,ASC 2,0.8118394
CCTAGCTGTATCGCAT-1,NAIVE 1,0.02825792
CCTAGCTGTCAATACC-1,IgD-ve Memory,0.053682446
CCTAGCTGTCAGAGGT-1,IgD+ve Memory,0.03874657
CCTAGCTGTCATATCG-1,ASC 2,0.77158433
CCTAGCTGTCTAAAGA-1,NAIVE 2,0.15638159
CCTAGCTGTGCCTTGG-1,IgD+ve Memory,0.039223187
CCTAGCTGTTCAACCA-1,DN2,0.20683615
CCTAGCTGTTGTCTTT-1,NAIVE 2,0.035585508
CCTAGCTGTTGTGGCC-1,NAIVE 1,0.050224748
CCTAGCTTCACGGTTA-1,IgD+ve Memory,0.04251378
CCTAGCTTCGGAAACG-1,ASC 3,0.73437315
CCTAGCTTCGGATGTT-1,IgD-ve Memory,0.02434084
CCTAGCTTCGGTCCGA-1,IgD-ve Memory,0.06302963
CCTAGCTTCGGTGTCG-1,NAIVE 1,0.05550854
CCTAGCTTCTGTCAAG-1,NAIVE 2,0.059226792
CCTATTAAGAGAACAG-1,NAIVE 2,0.0068892525
CCTATTAAGCCACGCT-1,IgD-ve Memory,0.04656464
CCTATTAAGCTACCTA-1,IgD-ve Memory,0.020810733
CCTATTAAGGGAGTAA-1,ASC 2,0.7939488
CCTATTAAGGGTATCG-1,IgD-ve Memory,0.031078737
CCTATTACAAAGAATC-1,ASC 2,0.65837514
CCTATTACAAGGGTCA-1,IgD+ve Memory,0.033196267
CCTATTACAATAACGA-1,NAIVE 1,0.04083105
CCTATTACACAGTCGC-1,NAIVE 1,0.03495486
CCTATTACAGACGCTC-1,Early-Activation,0.050208185
CCTATTACAGTTCCCT-1,IgD-ve Memory,0.16462961
CCTATTACATAAGACA-1,IgD-ve Memory,0.023416275
CCTATTACATGTCCTC-1,IgD+ve Memory,0.069695786
CCTATTACATGTCTCC-1,IgD+ve Memory,0.049831633
CCTATTACATTGAGCT-1,NAIVE 1,0.04020424
CCTATTAGTAGCGTAG-1,NAIVE 2,0.022919726
CCTATTAGTCATTAGC-1,HSP+,0.11322082
CCTATTAGTCCATGAT-1,ASC 2,0.6873057
CCTATTAGTCTAAACC-1,NAIVE 2,0.035986733
CCTATTAGTCTAGGTT-1,NAIVE 2,0.027776089
CCTATTAGTCTAGTCA-1,ASC 2,0.82950157
CCTATTAGTTGAACTC-1,ASC 1,0.7483917
CCTATTAGTTGACGTT-1,NAIVE 2,0.04114616
CCTATTAGTTGATTCG-1,IgD-ve Memory,0.035132315
CCTATTATCACATACG-1,IgD-ve Memory,0.04467431
CCTATTATCCCAACGG-1,NAIVE 1,0.0756814
CCTATTATCGAGAGCA-1,ASC 2,0.8153077
CCTATTATCGATAGAA-1,IgD-ve Memory,0.100667074
CCTATTATCGTTTAGG-1,ASC 2,0.6155678
CCTATTATCTATCGCC-1,NAIVE 1,0.02742405
CCTATTATCTCCTATA-1,NAIVE 1,0.058007244
CCTCAGTAGAAACCTA-1,NAIVE 1,0.03132778
CCTCAGTAGACCTAGG-1,IgD-ve Memory,0.112366304
CCTCAGTAGGCAGGTT-1,IgD-ve Memory,0.030019362
CCTCAGTCAACGATGG-1,IgD-ve Memory,0.11352051
CCTCAGTCAAGGTTTC-1,IgD-ve Memory,0.051370323
CCTCAGTCAATAACGA-1,IgD+ve Memory,0.057561174
CCTCAGTCAGGCGATA-1,IgD+ve Memory,0.068645656
CCTCAGTCAGTCACTA-1,NAIVE 2,0.044134255
CCTCAGTGTAAACGCG-1,Cell-Cycling,0.33086783
CCTCAGTGTAATCACC-1,NAIVE 2,0.04239872
CCTCAGTGTGTGACCC-1,IgD-ve Memory,0.028656526
CCTCAGTGTTAGAACA-1,ASC 2,0.73149437
CCTCAGTTCACAACGT-1,IgD+ve Memory,0.02220041
CCTCAGTTCAGCGATT-1,NAIVE 1,0.05661835
CCTCAGTTCATAACCG-1,NAIVE 2,0.044079818
CCTCAGTTCGCCATAA-1,IgD+ve Memory,0.05497117
CCTCAGTTCTCGATGA-1,NAIVE 1,0.071157105
CCTCAGTTCTGCGACG-1,IgD-ve Memory,0.037353758
CCTCTGAAGACCTAGG-1,IgD-ve Memory,0.02805452
CCTCTGAAGAGGTAGA-1,ASC 3,0.97888285
CCTCTGAAGCAAATCA-1,HSP+,0.037398715
CCTCTGAAGCCAGTAG-1,NAIVE 1,0.032025248
CCTCTGAAGCTCCCAG-1,HSP+,0.11734782
CCTCTGAAGGCATTGG-1,ASC 2,0.84308434
CCTCTGAAGGCGATAC-1,IgD+ve Memory,0.08017559
CCTCTGAAGGGTCTCC-1,IgD+ve Memory,0.055237293
CCTCTGAAGTGAAGTT-1,NAIVE 2,0.009582271
CCTCTGAAGTGGAGTC-1,IgD+ve Memory,0.049805727
CCTCTGACAAATTGCC-1,IgD-ve Memory,0.075716
CCTCTGACAAGCCATT-1,IgD-ve Memory,0.045426738
CCTCTGACAAGCGCTC-1,ASC 1,0.7575845
CCTCTGACAATGGTCT-1,NAIVE 2,0.019022185
CCTCTGACACGGATAG-1,IgD-ve Memory,0.032915052
CCTCTGACATGGTCAT-1,NAIVE 1,0.06768212
CCTCTGAGTAAACACA-1,DN2,0.17300074
CCTCTGAGTAAGGGAA-1,IgD+ve Memory,0.08344564
CCTCTGAGTAGTGAAT-1,NAIVE 1,0.064574376
CCTCTGAGTCAAAGCG-1,IgD+ve Memory,0.030757487
CCTCTGAGTGAAGGCT-1,IgD+ve Memory,0.043765206
CCTCTGATCACATGCA-1,IgD+ve Memory,0.043344572
CCTCTGATCAGAGGTG-1,Cell-Cycling,0.50337684
CCTCTGATCCAACCAA-1,NAIVE 1,0.04243754
CCTCTGATCCGCAGTG-1,ASC 3,0.8843122
CCTCTGATCGCCTGAG-1,Cell-Cycling,0.16507415
CCTCTGATCGGAGCAA-1,IgD+ve Memory,0.026430981
CCTCTGATCTCTAAGG-1,IgD+ve Memory,0.064349644
CCTCTGATCTTTACGT-1,IgD+ve Memory,0.057164315
CCTTACGAGAACTGTA-1,ASC 1,0.81797534
CCTTACGAGAGACGAA-1,NAIVE 1,0.02609178
CCTTACGAGATAGGAG-1,NAIVE 1,0.11144434
CCTTACGAGATGTTAG-1,ASC 2,0.8167435
CCTTACGAGCTAGTTC-1,IgD+ve Memory,0.045347545
CCTTACGAGGAGTAGA-1,IgD+ve Memory,0.032927066
CCTTACGAGGTGCACA-1,NAIVE 2,0.028764123
CCTTACGAGTATTGGA-1,IgD-ve Memory,0.05351763
CCTTACGCAAGCCGCT-1,ASC 3,0.8187463
CCTTACGCAATGGACG-1,NAIVE 2,0.025359405
CCTTACGCACACTGCG-1,IgD-ve Memory,0.035740715
CCTTACGCACCCAGTG-1,IgD-ve Memory,0.074382514
CCTTACGCACGCCAGT-1,IgD+ve Memory,0.030293753
CCTTACGCATGAACCT-1,Transitional,0.122013584
CCTTACGCATTACGAC-1,ASC 2,0.67427516
CCTTACGGTAAACCTC-1,IgD-ve Memory,0.0306994
CCTTACGGTAACGACG-1,ASC 2,0.76613647
CCTTACGGTCACAAGG-1,Early-Activation,0.059762426
CCTTACGGTCTCTCGT-1,NAIVE 2,0.100458555
CCTTACGGTGCACGAA-1,NAIVE 2,0.029195989
CCTTACGGTGCCTGCA-1,IgD-ve Memory,0.08135075
CCTTACGGTGGTCCGT-1,DN2,0.20937051
CCTTACGGTTCCATGA-1,ASC 1,0.85798067
CCTTACGGTTCCGGCA-1,IgD-ve Memory,0.033241436
CCTTACGGTTCGGCAC-1,IgD+ve Memory,0.051720895
CCTTACGTCAACTCTT-1,ASC 2,0.77398103
CCTTACGTCAGCGATT-1,DN2,0.17887793
CCTTACGTCTACGAGT-1,NAIVE 2,0.01776374
CCTTACGTCTATCCCG-1,Early-Activation,0.034689657
CCTTACGTCTCTAAGG-1,Early-Activation,0.058852233
CCTTACGTCTTTACAC-1,NAIVE 1,0.059933614
CCTTACGTCTTTACGT-1,HSP+,0.04262502
CCTTCCCAGAGATGAG-1,ASC 2,0.77111226
CCTTCCCAGAGGACGG-1,NAIVE 2,0.030537155
CCTTCCCAGGCGATAC-1,NAIVE 2,0.06457356
CCTTCCCAGTTAGGTA-1,IgD+ve Memory,0.07189695
CCTTCCCCAATGGACG-1,HSP+,0.044661738
CCTTCCCCACCGATAT-1,ASC 2,0.8339486
CCTTCCCCACTGCCAG-1,NAIVE 2,0.034306806
CCTTCCCCAGCTGTTA-1,IgD-ve Memory,0.034279484
CCTTCCCCAGTCAGCC-1,ASC 2,0.8435307
CCTTCCCCAGTCGATT-1,HSP+,0.053208493
CCTTCCCCATGCAATC-1,NAIVE 1,0.03066379
CCTTCCCCATGGGAAC-1,Cell-Cycling,0.114353046
CCTTCCCCATTCCTCG-1,HSP+,0.03453584
CCTTCCCGTAGATTAG-1,NAIVE 2,0.030053183
CCTTCCCGTCGCGGTT-1,IgD-ve Memory,0.035144284
CCTTCCCGTTTGTTGG-1,IgD+ve Memory,0.04144678
CCTTCCCTCACCACCT-1,IgD+ve Memory,0.034294825
CCTTCCCTCACCTCGT-1,IgD-ve Memory,0.059386212
CCTTCCCTCGAATCCA-1,IgD-ve Memory,0.04908469
CCTTCCCTCTTGCAAG-1,NAIVE 2,0.039088637
CCTTCGAAGATATGCA-1,ASC 3,0.54858726
CCTTCGAAGGGATCTG-1,ASC 3,0.7543173
CCTTCGAAGTGCGATG-1,HSP+,0.17392243
CCTTCGACAATAGAGT-1,IgD-ve Memory,0.046421696
CCTTCGACACACAGAG-1,IgD-ve Memory,0.022487147
CCTTCGACACACTGCG-1,IgD-ve Memory,0.03941036
CCTTCGACACCGAAAG-1,ASC 2,0.67730844
CCTTCGACACGGCTAC-1,IgD+ve Memory,0.055943813
CCTTCGACACTTCGAA-1,ASC 3,0.8220505
CCTTCGACATGCCTAA-1,IgD+ve Memory,0.041798443
CCTTCGAGTAAATGTG-1,IgD-ve Memory,0.01950206
CCTTCGAGTCAGTGGA-1,DN2,0.16135876
CCTTCGAGTCCTCTTG-1,DN2,0.1723547
CCTTCGAGTGTGACCC-1,Early-Activation,0.040328644
CCTTCGAGTTCGTTGA-1,HSP+,0.053432856
CCTTCGAGTTCTGTTT-1,DN2,0.19642125
CCTTCGATCAACACAC-1,NAIVE 2,0.0148556065
CCTTCGATCACATGCA-1,NAIVE 1,0.050733037
CCTTCGATCATCATTC-1,IgD+ve Memory,0.046555065
CCTTCGATCATCGATG-1,NAIVE 2,0.009897683
CCTTCGATCTTTACGT-1,ASC 1,0.7315702
CCTTTCTAGAGGTTGC-1,HSP+,0.042489856
CCTTTCTAGATGTGTA-1,IgD-ve Memory,0.05445163
CCTTTCTAGCATGGCA-1,Transitional,0.11208917
CCTTTCTAGCCTATGT-1,NAIVE 1,0.041584603
CCTTTCTAGCTCCTCT-1,NAIVE 2,0.034439407
CCTTTCTAGGCACATG-1,Transitional,0.11877724
CCTTTCTAGGGCATGT-1,IgD+ve Memory,0.06573825
CCTTTCTAGTACGTAA-1,IgD+ve Memory,0.059961174
CCTTTCTAGTAGCGGT-1,IgD-ve Memory,0.036354717
CCTTTCTAGTGCCATT-1,NAIVE 2,0.024324639
CCTTTCTAGTTGCAGG-1,Early-Activation,0.046018545
CCTTTCTCAAACTGTC-1,IgD+ve Memory,0.06405659
CCTTTCTCAAGCTGTT-1,IgD-ve Memory,0.028826263
CCTTTCTCACAAGTAA-1,Early-Activation,0.05942103
CCTTTCTCACCAGTTA-1,NAIVE 1,0.037244704
CCTTTCTCACGGTTTA-1,IgD-ve Memory,0.030716695
CCTTTCTCAGGACCCT-1,IgD-ve Memory,0.03787856
CCTTTCTCATAAGACA-1,IgD-ve Memory,0.023119966
CCTTTCTGTAACGTTC-1,IgD+ve Memory,0.022315992
CCTTTCTGTATATGGA-1,HSP+,0.03657906
CCTTTCTGTCAATGTC-1,NAIVE 2,0.033123095
CCTTTCTGTCATACTG-1,IgD-ve Memory,0.017688857
CCTTTCTGTCATCGGC-1,IgD+ve Memory,0.048776213
CCTTTCTGTGGCGAAT-1,NAIVE 2,0.040259466
CCTTTCTGTGGTCCGT-1,IgD+ve Memory,0.064703524
CCTTTCTGTGTATGGG-1,NAIVE 1,0.050040398
CCTTTCTGTTAAGGGC-1,IgD+ve Memory,0.07146947
CCTTTCTGTTATGCGT-1,IgD-ve Memory,0.15413485
CCTTTCTGTTCCCGAG-1,ASC 2,0.7974902
CCTTTCTTCAAAGTAG-1,NAIVE 1,0.06264406
CCTTTCTTCAAGGTAA-1,ASC 2,0.764143
CCTTTCTTCATTCACT-1,HSP+,0.079079844
CCTTTCTTCCGCAGTG-1,IgD-ve Memory,0.041351955
CCTTTCTTCGGTTCGG-1,NAIVE 1,0.04798644
CCTTTCTTCTCATTCA-1,NAIVE 1,0.061724134
CCTTTCTTCTTAGCCC-1,NAIVE 1,0.046171475
CCTTTCTTCTTGCATT-1,IgD+ve Memory,0.065978386
CCTTTCTTCTTTAGGG-1,IgD+ve Memory,0.043689396
CGAACATAGAAGATTC-1,IgD-ve Memory,0.030974481
CGAACATAGAAGGCCT-1,HSP+,0.04073394
CGAACATAGAGTAATC-1,ASC 1,0.73595434
CGAACATAGAGTACAT-1,NAIVE 1,0.0644134
CGAACATAGCTGCCCA-1,NAIVE 1,0.03801776
CGAACATAGTCAATAG-1,NAIVE 1,0.0448818
CGAACATAGTCTCAAC-1,DN2,0.16911888
CGAACATAGTGTGGCA-1,IgD+ve Memory,0.049415346
CGAACATCAAGTTAAG-1,HSP+,0.029505383
CGAACATCAATGGTCT-1,IgD-ve Memory,0.02097104
CGAACATCACCCATGG-1,IgD-ve Memory,0.03334753
CGAACATCACGAAACG-1,NAIVE 2,0.009562933
CGAACATCACGACTCG-1,NAIVE 2,0.045880053
CGAACATCACGCATCG-1,IgD-ve Memory,0.03691471
CGAACATCACTACAGT-1,IgD-ve Memory,0.030228585
CGAACATCAGTAACGG-1,ASC 2,0.7482148
CGAACATCATACGCTA-1,NAIVE 2,0.043219686
CGAACATGTACCCAAT-1,NAIVE 1,0.03195008
CGAACATGTAGGGTAC-1,Early-Activation,0.05223906
CGAACATGTATCACCA-1,IgD+ve Memory,0.03542455
CGAACATGTCTCTTAT-1,NAIVE 2,0.035296544
CGAACATGTGAAGGCT-1,NAIVE 2,0.04387587
CGAACATGTGCAACTT-1,IgD-ve Memory,0.035126537
CGAACATGTTGTCGCG-1,IgD-ve Memory,0.052811995
CGAACATTCACAACGT-1,IgD-ve Memory,0.048151977
CGAACATTCATCTGCC-1,ASC 2,0.5595349
CGAACATTCCGCGGTA-1,IgD+ve Memory,0.031609386
CGAACATTCGGCTTGG-1,IgD+ve Memory,0.06268555
CGAACATTCGTCGTTC-1,ASC 2,0.92162734
CGAACATTCGTCTGCT-1,NAIVE 2,0.032355558
CGAACATTCTCTGTCG-1,ASC 2,0.73230463
CGAACATTCTTACCGC-1,NAIVE 1,0.040528048
CGAACATTCTTTCCTC-1,IgD-ve Memory,0.03705348
CGAATGTAGAACAATC-1,ASC 1,0.77435595
CGAATGTAGAGTTGGC-1,NAIVE 1,0.05139278
CGAATGTAGATATGGT-1,NAIVE 2,0.017799832
CGAATGTAGCCAGTTT-1,ASC 3,0.7308435
CGAATGTAGTACGTTC-1,NAIVE 2,0.013242924
CGAATGTAGTCCGGTC-1,NAIVE 1,0.036329526
CGAATGTAGTGTTAGA-1,ASC 2,0.7215743
CGAATGTCACAAGCCC-1,Transitional,0.1121982
CGAATGTCACCAGGTC-1,IgD+ve Memory,0.037912488
CGAATGTCACCGCTAG-1,IgD-ve Memory,0.04762687
CGAATGTCATAGGATA-1,ASC 2,0.76980984
CGAATGTGTCATACTG-1,IgD+ve Memory,0.0732975
CGAATGTGTCGCGAAA-1,IgD+ve Memory,0.047682792
CGAATGTGTGAAGGCT-1,IgD-ve Memory,0.040204763
CGAATGTGTGGTCTCG-1,HSP+,0.045220163
CGAATGTGTGTGCGTC-1,IgD-ve Memory,0.0308514
CGAATGTGTGTTCTTT-1,NAIVE 2,0.040024687
CGAATGTGTTCCGGCA-1,ASC 2,0.5998531
CGAATGTTCAAGCCTA-1,IgD-ve Memory,0.0259072
CGAATGTTCATAACCG-1,NAIVE 2,0.011388983
CGAATGTTCCCATTTA-1,IgD-ve Memory,0.059456926
CGAATGTTCCCTAACC-1,ASC 3,0.8046296
CGAATGTTCCGCTGTT-1,ASC 2,0.8167495
CGAATGTTCGATGAGG-1,DN2,0.07304856
CGAATGTTCGTCCGTT-1,HSP+,0.047946632
CGAATGTTCTACGAGT-1,IgD+ve Memory,0.03993083
CGAATGTTCTGAGGGA-1,NAIVE 2,0.012138619
CGAATGTTCTGTTGAG-1,Early-Activation,0.058845673
CGAATGTTCTTGAGAC-1,NAIVE 1,0.07072356
CGACCTTAGAAGGACA-1,NAIVE 1,0.046374157
CGACCTTAGCCGCCTA-1,HSP+,0.12151099
CGACCTTAGCGTGAGT-1,ASC 2,0.85042363
CGACCTTAGCTAGCCC-1,NAIVE 1,0.01894731
CGACCTTAGCTCCTCT-1,NAIVE 2,0.04375313
CGACCTTAGGGTCTCC-1,NAIVE 1,0.060820036
CGACCTTAGGGTGTGT-1,NAIVE 2,0.045242246
CGACCTTAGTCGCCGT-1,NAIVE 1,0.03213626
CGACCTTAGTGTTGAA-1,IgD+ve Memory,0.09424952
CGACCTTCAAACCCAT-1,ASC 2,0.76902986
CGACCTTCAAGGTGTG-1,NAIVE 1,0.049463592
CGACCTTCAATCTGCA-1,NAIVE 1,0.05800762
CGACCTTCAATGACCT-1,NAIVE 1,0.05477462
CGACCTTCACAACTGT-1,IgD-ve Memory,0.031966627
CGACCTTCACCTCGGA-1,DN2,0.19344847
CGACCTTCAGCAGTTT-1,NAIVE 2,0.017260853
CGACCTTCAGTGACAG-1,NAIVE 1,0.06897893
CGACCTTCATCCTTGC-1,IgD+ve Memory,0.0475316
CGACCTTCATGGTTGT-1,IgD-ve Memory,0.052077472
CGACCTTCATTGTGCA-1,Early-Activation,0.035784703
CGACCTTGTCCGTTAA-1,DN2,0.23155613
CGACCTTGTCGAATCT-1,NAIVE 2,0.013921562
CGACCTTGTGAACCTT-1,NAIVE 2,0.05327763
CGACCTTGTGATGATA-1,IgD-ve Memory,0.074136354
CGACCTTGTTGCTCCT-1,NAIVE 1,0.04512605
CGACCTTTCACAAACC-1,HSP+,0.04917108
CGACCTTTCCATTCTA-1,IgD+ve Memory,0.041612186
CGACCTTTCGCATGAT-1,IgD+ve Memory,0.065655924
CGACCTTTCGGATGTT-1,NAIVE 1,0.038766105
CGACCTTTCGTGGTCG-1,IgD-ve Memory,0.0304181
CGACCTTTCTCGATGA-1,ASC 2,0.5533698
CGACCTTTCTGTCTAT-1,ASC 2,0.7628712
CGACTTCAGAAACCTA-1,IgD+ve Memory,0.06170029
CGACTTCAGAAGGGTA-1,IgD-ve Memory,0.03207076
CGACTTCAGACGCAAC-1,NAIVE 2,0.050396316
CGACTTCAGACTAAGT-1,IgD+ve Memory,0.0702986
CGACTTCAGCGATAGC-1,NAIVE 1,0.07160419
CGACTTCAGCTGTTCA-1,IgD-ve Memory,0.032159396
CGACTTCAGTTCGCGC-1,IgD-ve Memory,0.015071125
CGACTTCCAATCCAAC-1,IgD-ve Memory,0.02099286
CGACTTCCACCCATGG-1,Cell-Cycling,0.4157321
CGACTTCCACGCGAAA-1,IgD-ve Memory,0.021598557
CGACTTCCACTCAGGC-1,IgD+ve Memory,0.025149217
CGACTTCCAGCCAATT-1,NAIVE 2,0.016311137
CGACTTCCAGCTTAAC-1,ASC 2,0.70698065
CGACTTCCAGGATTGG-1,ASC 2,0.8112365
CGACTTCCAGGGTTAG-1,IgD-ve Memory,0.040744692
CGACTTCCAGGTGGAT-1,NAIVE 1,0.046703424
CGACTTCCATGAAGTA-1,ASC 2,0.671754
CGACTTCCATGCAATC-1,IgD+ve Memory,0.04798675
CGACTTCCATGTAGTC-1,IgD-ve Memory,0.060847327
CGACTTCGTCCATCCT-1,ASC 2,0.8009486
CGACTTCGTCCCTTGT-1,IgD+ve Memory,0.06923989
CGACTTCTCATTGCCC-1,IgD-ve Memory,0.026173593
CGACTTCTCCAGTATG-1,DN2,0.1853789
CGACTTCTCCCTCAGT-1,IgD-ve Memory,0.082173
CGACTTCTCGGTCTAA-1,HSP+,0.11708688
CGACTTCTCGGTGTTA-1,ASC 1,0.8322876
CGACTTCTCTACCTGC-1,ASC 2,0.8275236
CGAGAAGAGCGCTCCA-1,IgD+ve Memory,0.05901303
CGAGAAGAGGTGTTAA-1,NAIVE 1,0.06037502
CGAGAAGAGTAGTGCG-1,ASC 2,0.6810563
CGAGAAGAGTGTTAGA-1,IgD+ve Memory,0.042078726
CGAGAAGAGTTAAGTG-1,IgD+ve Memory,0.08816585
CGAGAAGCAAAGAATC-1,ASC 2,0.7500437
CGAGAAGCACTCAGGC-1,NAIVE 2,0.013354625
CGAGAAGCAGACACTT-1,ASC 2,0.77976125
CGAGAAGCAGACTCGC-1,ASC 2,0.83963674
CGAGAAGCAGATCTGT-1,IgD-ve Memory,0.04564556
CGAGAAGCAGTAAGAT-1,IgD+ve Memory,0.04180231
CGAGAAGCAGTGAGTG-1,NAIVE 1,0.050620567
CGAGAAGCATTCCTGC-1,IgD+ve Memory,0.026475009
CGAGAAGCATTGAGCT-1,IgD-ve Memory,0.028600696
CGAGAAGCATTTGCCC-1,DN2,0.19757129
CGAGAAGGTAAACACA-1,IgD+ve Memory,0.057235133
CGAGAAGGTATCGCAT-1,IgD-ve Memory,0.06928345
CGAGAAGGTCAGAATA-1,NAIVE 1,0.07447943
CGAGAAGGTCCGAACC-1,IgD+ve Memory,0.050310027
CGAGAAGGTGCGATAG-1,DN2,0.23241666
CGAGAAGGTGGCGAAT-1,NAIVE 1,0.04194074
CGAGAAGGTTATCACG-1,DN2,0.20769891
CGAGAAGTCACAAACC-1,NAIVE 2,0.03259853
CGAGAAGTCCGAACGC-1,NAIVE 1,0.06355084
CGAGAAGTCCTTTACA-1,ASC 2,0.77971077
CGAGAAGTCGACAGCC-1,IgD-ve Memory,0.03175532
CGAGAAGTCTGCGACG-1,IgD-ve Memory,0.049062796
CGAGAAGTCTGGTTCC-1,Transitional,0.13100952
CGAGAAGTCTTAGCCC-1,IgD+ve Memory,0.120763406
CGAGCACAGAATCTCC-1,NAIVE 2,0.018286664
CGAGCACAGAGGTTGC-1,ASC 1,0.8305195
CGAGCACAGCCCGAAA-1,NAIVE 1,0.05901136
CGAGCACAGCTGGAAC-1,NAIVE 1,0.056063432
CGAGCACAGGAGTTGC-1,IgD-ve Memory,0.025430927
CGAGCACCAATGGTCT-1,IgD+ve Memory,0.03995756
CGAGCACCACACCGCA-1,NAIVE 2,0.045094054
CGAGCACCACTGTTAG-1,Cell-Cycling,0.32424837
CGAGCACCATGGGAAC-1,IgD-ve Memory,0.016537245
CGAGCACCATGTTGAC-1,NAIVE 1,0.050131507
CGAGCACGTAGCGTCC-1,IgD-ve Memory,0.0238246
CGAGCACGTCAGTGGA-1,IgD-ve Memory,0.07142741
CGAGCACGTCCTGCTT-1,IgD+ve Memory,0.063570574
CGAGCACGTCTAGGTT-1,IgD-ve Memory,0.06659619
CGAGCACGTGAGGCTA-1,IgD+ve Memory,0.028136987
CGAGCACGTGATAAAC-1,ASC 2,0.813835
CGAGCACTCACTCTTA-1,IgD-ve Memory,0.031534545
CGAGCACTCAGATAAG-1,IgD-ve Memory,0.040362366
CGAGCACTCATAGCAC-1,Transitional,0.11811823
CGAGCACTCATCACCC-1,NAIVE 1,0.05980355
CGAGCACTCCCATTAT-1,HSP+,0.03446049
CGAGCACTCCCGACTT-1,IgD+ve Memory,0.050938226
CGAGCACTCCGATATG-1,NAIVE 2,0.04379288
CGAGCACTCGCTTGTC-1,DN2,0.15625745
CGAGCACTCGTACCGG-1,NAIVE 2,0.025302107
CGAGCACTCTCCAACC-1,NAIVE 1,0.04844216
CGAGCACTCTTGTACT-1,ASC 2,0.79360723
CGAGCCAAGAAAGTGG-1,NAIVE 1,0.061805062
CGAGCCAAGACACTAA-1,ASC 1,0.8098457
CGAGCCAAGACCCACC-1,ASC 2,0.68156743
CGAGCCAAGACGCACA-1,NAIVE 1,0.10576227
CGAGCCAAGAGACGAA-1,IgD-ve Memory,0.030470192
CGAGCCAAGCCCGAAA-1,DN2,0.13119005
CGAGCCAAGTACGACG-1,NAIVE 1,0.0656469
CGAGCCAAGTACGATA-1,NAIVE 2,0.025213644
CGAGCCAAGTGCGTGA-1,HSP+,0.020905912
CGAGCCAAGTGGCACA-1,IgD+ve Memory,0.07000574
CGAGCCAAGTTTGCGT-1,IgD+ve Memory,0.048754774
CGAGCCACAAGGTGTG-1,DN2,0.1887706
CGAGCCACACATGTGT-1,NAIVE 1,0.08219035
CGAGCCACAGCCAGAA-1,IgD-ve Memory,0.05249039
CGAGCCACAGCTGCAC-1,IgD+ve Memory,0.05414696
CGAGCCACATGGAATA-1,IgD+ve Memory,0.0412991
CGAGCCACATTACCTT-1,ASC 1,0.80152965
CGAGCCAGTACGAAAT-1,IgD-ve Memory,0.029130913
CGAGCCAGTATATCCG-1,ASC 2,0.66936064
CGAGCCAGTCCATGAT-1,IgD-ve Memory,0.038503066
CGAGCCAGTCTAGCGC-1,IgD+ve Memory,0.03432947
CGAGCCAGTCTTCAAG-1,NAIVE 1,0.03289771
CGAGCCAGTGAAAGAG-1,IgD+ve Memory,0.042252153
CGAGCCAGTGATGTCT-1,IgD-ve Memory,0.04649025
CGAGCCAGTGCAACGA-1,IgD-ve Memory,0.046245076
CGAGCCAGTTACGACT-1,NAIVE 2,0.021028033
CGAGCCAGTTCCCTTG-1,IgD+ve Memory,0.039348174
CGAGCCATCAACGCTA-1,NAIVE 2,0.015525019
CGAGCCATCAATACCG-1,IgD-ve Memory,0.047994554
CGAGCCATCCCTAACC-1,NAIVE 1,0.03496369
CGAGCCATCTGGGCCA-1,ASC 2,0.8666492
CGAGCCATCTTCGGTC-1,IgD+ve Memory,0.052589454
CGATCGGAGAAGGACA-1,NAIVE 2,0.025476787
CGATCGGAGAGTAATC-1,IgD-ve Memory,0.025625313
CGATCGGAGCCACGTC-1,NAIVE 2,0.0072160303
CGATCGGAGGCAGTCA-1,NAIVE 2,0.015781865
CGATCGGAGGCCCGTT-1,Early-Activation,0.05697462
CGATCGGAGTAACCCT-1,IgD-ve Memory,0.039416265
CGATCGGAGTGTGAAT-1,NAIVE 1,0.045769446
CGATCGGAGTTCGATC-1,NAIVE 1,0.041729357
CGATCGGCACAGACTT-1,HSP+,0.044707045
CGATCGGCACCAACCG-1,IgD-ve Memory,0.05177137
CGATCGGCACCAGTTA-1,IgD-ve Memory,0.02573855
CGATCGGCAGACAAGC-1,IgD+ve Memory,0.04486395
CGATCGGCAGCTCCGA-1,IgD-ve Memory,0.027649278
CGATCGGCAGGTGCCT-1,NAIVE 1,0.072691925
CGATCGGCAGGTGGAT-1,IgD+ve Memory,0.0833667
CGATCGGCAGTACACT-1,NAIVE 2,0.010647543
CGATCGGCATCCGTGG-1,IgD-ve Memory,0.06360303
CGATCGGCATCGACGC-1,ASC 2,0.8424525
CGATCGGCATGCCTTC-1,NAIVE 2,0.03951865
CGATCGGGTACACCGC-1,IgD+ve Memory,0.026640486
CGATCGGGTACCAGTT-1,NAIVE 2,0.043220237
CGATCGGGTATAATGG-1,NAIVE 2,0.011997431
CGATCGGGTATATCCG-1,IgD-ve Memory,0.047121257
CGATCGGGTCCGTCAG-1,IgD-ve Memory,0.06445877
CGATCGGGTCGCTTCT-1,IgD-ve Memory,0.024263144
CGATCGGGTCTAGCCG-1,IgD+ve Memory,0.046929132
CGATCGGGTCTAGCGC-1,ASC 2,0.8804087
CGATCGGGTGCAACTT-1,ASC 1,0.7923476
CGATCGGGTTACCAGT-1,NAIVE 1,0.06878874
CGATCGGTCAACGAAA-1,ASC 2,0.68872803
CGATCGGTCACCACCT-1,Cell-Cycling,0.35081357
CGATCGGTCACGCGGT-1,HSP+,0.028058805
CGATCGGTCAGCACAT-1,ASC 3,0.8534138
CGATCGGTCCACGACG-1,IgD-ve Memory,0.030341968
CGATCGGTCCTGCAGG-1,ASC 2,0.6775373
CGATCGGTCGGACAAG-1,IgD+ve Memory,0.03464454
CGATCGGTCGGCGCTA-1,NAIVE 2,0.011383854
CGATCGGTCGTCACGG-1,IgD-ve Memory,0.030652342
CGATCGGTCTCTAAGG-1,ASC 2,0.8072386
CGATCGGTCTGCCCTA-1,DN2,0.1753979
CGATCGGTCTTCATGT-1,IgD-ve Memory,0.037758913
CGATGGCAGACGCAAC-1,NAIVE 2,0.023581669
CGATGGCAGCTAGTTC-1,IgD+ve Memory,0.051292647
CGATGGCAGGCGTACA-1,HSP+,0.040162098
CGATGGCAGTAGGTGC-1,IgD+ve Memory,0.031431034
CGATGGCCAAATCCGT-1,ASC 2,0.83085513
CGATGGCCAACACCTA-1,Early-Activation,0.05785668
CGATGGCCACCAGTTA-1,NAIVE 2,0.056013893
CGATGGCCACGCATCG-1,NAIVE 2,0.049601752
CGATGGCCAGATGGGT-1,IgD-ve Memory,0.05797031
CGATGGCCAGGAATGC-1,ASC 2,0.8643375
CGATGGCCAGTCTTCC-1,IgD-ve Memory,0.03185392
CGATGGCCATAGGATA-1,Cell-Cycling,0.12259171
CGATGGCCATCGGTTA-1,ASC 2,0.6975457
CGATGGCCATTACCTT-1,HSP+,0.037539963
CGATGGCGTAGCCTCG-1,Cell-Cycling,0.022018276
CGATGGCGTCTCTCTG-1,IgD+ve Memory,0.058067117
CGATGGCGTGCCTTGG-1,ASC 2,0.78489
CGATGGCGTGTCCTCT-1,IgD-ve Memory,0.05821244
CGATGGCGTTACTGAC-1,IgD-ve Memory,0.016728785
CGATGGCGTTGCCTCT-1,NAIVE 2,0.026802346
CGATGGCTCAAGGCTT-1,ASC 2,0.91108745
CGATGGCTCGCGTAGC-1,Cell-Cycling,0.32412064
CGATGTAAGAACAACT-1,NAIVE 1,0.028672079
CGATGTAAGGACACCA-1,NAIVE 1,0.034449868
CGATGTAAGGCAGTCA-1,IgD+ve Memory,0.044694465
CGATGTAAGTGACATA-1,IgD+ve Memory,0.08127111
CGATGTACAATGCCAT-1,IgD+ve Memory,0.038740102
CGATGTACACGACTCG-1,Cell-Cycling,0.22391671
CGATGTACAGATGAGC-1,IgD+ve Memory,0.032794937
CGATGTACAGATGGCA-1,IgD+ve Memory,0.054506227
CGATGTACAGGCTCAC-1,ASC 2,0.8878573
CGATGTACAGTGGAGT-1,NAIVE 2,0.050263815
CGATGTACATCGTCGG-1,NAIVE 1,0.043731045
CGATGTAGTATTCGTG-1,IgD-ve Memory,0.07053766
CGATGTAGTCGTTGTA-1,ASC 2,0.84859943
CGATGTAGTGCTAGCC-1,ASC 1,0.0878236
CGATGTAGTGTTGAGG-1,NAIVE 1,0.03513167
CGATGTAGTTATGCGT-1,ASC 2,0.76172566
CGATGTAGTTCAACCA-1,NAIVE 1,0.07421458
CGATGTAGTTCGCTAA-1,NAIVE 2,0.054831807
CGATGTAGTTTGTTTC-1,IgD-ve Memory,0.041039176
CGATGTATCACCGGGT-1,IgD-ve Memory,0.05625204
CGATGTATCACGCATA-1,ASC 2,0.72118896
CGATGTATCACGCGGT-1,NAIVE 1,0.04591298
CGATGTATCAGCTCTC-1,NAIVE 2,0.033550825
CGATGTATCATAGCAC-1,NAIVE 1,0.038149837
CGATGTATCCAATGGT-1,IgD-ve Memory,0.04197826
CGATGTATCGAGAACG-1,HSP+,0.0342027
CGATGTATCTCGTTTA-1,NAIVE 1,0.028488504
CGATGTATCTCTGTCG-1,NAIVE 2,0.044911537
CGATGTATCTGAGTGT-1,IgD-ve Memory,0.035190873
CGATTGAAGATCTGCT-1,IgD+ve Memory,0.045473758
CGATTGAAGCTAGTCT-1,IgD+ve Memory,0.030770855
CGATTGAAGTACATGA-1,NAIVE 2,0.060808476
CGATTGAAGTGACATA-1,NAIVE 2,0.04249464
CGATTGAAGTTAAGTG-1,NAIVE 2,0.023215374
CGATTGACAAGCCGCT-1,IgD-ve Memory,0.038285773
CGATTGACACATCTTT-1,IgD-ve Memory,0.0710909
CGATTGACAGCATACT-1,Transitional,0.12502204
CGATTGACAGCCTTGG-1,IgD+ve Memory,0.01997365
CGATTGACAGGGTTAG-1,ASC 2,0.80604976
CGATTGACATACAGCT-1,NAIVE 2,0.038701326
CGATTGACATGGGACA-1,IgD+ve Memory,0.041435774
CGATTGAGTAGCCTCG-1,IgD-ve Memory,0.059238885
CGATTGAGTAGCTTGT-1,ASC 2,0.66340345
CGATTGAGTCATGCCG-1,IgD+ve Memory,0.037166
CGATTGAGTGAGCGAT-1,NAIVE 1,0.04681445
CGATTGAGTTACGTCA-1,ASC 2,0.71968627
CGATTGAGTTGATTCG-1,NAIVE 1,0.038668778
CGATTGATCCTGCTTG-1,ASC 2,0.86584777
CGATTGATCGTGACAT-1,NAIVE 1,0.054337658
CGATTGATCGTTGACA-1,NAIVE 1,0.032735176
CGCCAAGAGAGAGCTC-1,ASC 2,0.7910913
CGCCAAGAGATGCCAG-1,IgD+ve Memory,0.043859556
CGCCAAGAGCAGCGTA-1,NAIVE 2,0.048594836
CGCCAAGAGCCAGGAT-1,HSP+,0.1470406
CGCCAAGAGTAACCCT-1,ASC 2,0.76218385
CGCCAAGAGTGGAGAA-1,IgD+ve Memory,0.054386035
CGCCAAGAGTGTGAAT-1,IgD+ve Memory,0.05973009
CGCCAAGAGTTAGCGG-1,IgD-ve Memory,0.05569957
CGCCAAGAGTTAGGTA-1,IgD-ve Memory,0.02250718
CGCCAAGCAAACCTAC-1,IgD+ve Memory,0.04961368
CGCCAAGCAACTTGAC-1,NAIVE 1,0.019125463
CGCCAAGCAAGCTGTT-1,IgD+ve Memory,0.04278575
CGCCAAGCAGACAAAT-1,IgD-ve Memory,0.02869765
CGCCAAGCAGGGATTG-1,NAIVE 2,0.034362365
CGCCAAGGTAAACACA-1,IgD-ve Memory,0.02714913
CGCCAAGGTACCTACA-1,Early-Activation,0.049396846
CGCCAAGGTAGATTAG-1,ASC 2,0.73067784
CGCCAAGGTCAAAGAT-1,IgD-ve Memory,0.024098989
CGCCAAGGTCTTCAAG-1,NAIVE 1,0.042993728
CGCCAAGGTGCGAAAC-1,NAIVE 1,0.057047475
CGCCAAGGTTATCCGA-1,NAIVE 1,0.054587103
CGCCAAGGTTCAGGCC-1,ASC 2,0.8021981
CGCCAAGGTTCCGGCA-1,IgD-ve Memory,0.04324996
CGCCAAGTCAAGGTAA-1,IgD-ve Memory,0.021640385
CGCCAAGTCAATACCG-1,DN2,0.067188464
CGCCAAGTCATGCAAC-1,Transitional,0.11880109
CGCCAAGTCCAAACAC-1,NAIVE 2,0.015623437
CGCCAAGTCCTAGGGC-1,NAIVE 1,0.035195798
CGCCAAGTCCTCCTAG-1,NAIVE 1,0.021369874
CGCCAAGTCGTGGTCG-1,ASC 2,0.7848343
CGCGGTAAGAGGTAGA-1,IgD-ve Memory,0.032435853
CGCGGTAAGAGGTTAT-1,HSP+,0.044628885
CGCGGTAAGATCGATA-1,NAIVE 1,0.04450649
CGCGGTAAGCGATGAC-1,ASC 2,0.8954599
CGCGGTAAGGCTACGA-1,Early-Activation,0.04381674
CGCGGTACAAGAAGAG-1,IgD-ve Memory,0.047200818
CGCGGTACAAGTTCTG-1,Transitional,0.12848479
CGCGGTACACAGGAGT-1,ASC 3,0.8221016
CGCGGTACACCCATTC-1,ASC 2,0.81752896
CGCGGTACATAACCTG-1,IgD+ve Memory,0.03506287
CGCGGTAGTACGCACC-1,IgD-ve Memory,0.073242836
CGCGGTAGTAGTACCT-1,NAIVE 2,0.028107205
CGCGGTAGTCAAAGAT-1,IgD+ve Memory,0.04234681
CGCGGTAGTCATATCG-1,IgD+ve Memory,0.04414752
CGCGGTAGTCCAACTA-1,NAIVE 1,0.05281799
CGCGGTAGTTCCGGCA-1,HSP+,0.04376748
CGCGGTATCAATAAGG-1,IgD-ve Memory,0.029655438
CGCGGTATCATTCACT-1,NAIVE 2,0.02636425
CGCGGTATCCATGAGT-1,ASC 2,0.7077074
CGCGGTATCCCTAATT-1,IgD-ve Memory,0.05313285
CGCGGTATCCTTGGTC-1,IgD-ve Memory,0.019559475
CGCGGTATCGCTAGCG-1,ASC 2,0.74933887
CGCGGTATCTGAAAGA-1,ASC 2,0.87164444
CGCGTTTAGACACTAA-1,IgD+ve Memory,0.03721887
CGCGTTTAGTCTTGCA-1,HSP+,0.045613054
CGCGTTTAGTGTCCAT-1,NAIVE 1,0.050475523
CGCGTTTCAAATACAG-1,NAIVE 2,0.042873025
CGCGTTTCAAGTTCTG-1,IgD-ve Memory,0.06602828
CGCGTTTCAATCCAAC-1,NAIVE 2,0.015297669
CGCGTTTCACATTAGC-1,HSP+,0.049153782
CGCGTTTCAGCTCGCA-1,NAIVE 1,0.0653003
CGCGTTTCATGATCCA-1,ASC 2,0.69402134
CGCGTTTCATTGGCGC-1,ASC 2,0.8320498
CGCGTTTGTACCTACA-1,IgD-ve Memory,0.015577055
CGCGTTTGTAGCTTGT-1,IgD-ve Memory,0.026992537
CGCGTTTGTCCGAAGA-1,IgD-ve Memory,0.04947448
CGCGTTTGTTCTGTTT-1,HSP+,0.044764563
CGCGTTTGTTGTTTGG-1,Early-Activation,0.057299588
CGCGTTTGTTTGTGTG-1,IgD+ve Memory,0.055360194
CGCGTTTTCACTGGGC-1,IgD-ve Memory,0.04670746
CGCGTTTTCATATCGG-1,IgD-ve Memory,0.026673255
CGCGTTTTCATTCACT-1,IgD+ve Memory,0.044240102
CGCGTTTTCTAGAGTC-1,NAIVE 1,0.05042399
CGCGTTTTCTCTTGAT-1,IgD-ve Memory,0.024113778
CGCGTTTTCTTTCCTC-1,HSP+,0.04457192
CGCTATCAGATCCGAG-1,IgD+ve Memory,0.042877913
CGCTATCAGATCTGCT-1,ASC 2,1.0
CGCTATCAGGAATTAC-1,NAIVE 2,0.008524631
CGCTATCAGGAGTTTA-1,IgD-ve Memory,0.040941965
CGCTATCAGTAGTGCG-1,IgD-ve Memory,0.037072893
CGCTATCAGTGCTGCC-1,IgD-ve Memory,0.042240176
CGCTATCAGTGTCTCA-1,IgD-ve Memory,0.03671152
CGCTATCAGTTACGGG-1,NAIVE 1,0.05595945
CGCTATCCAAGCCTAT-1,IgD-ve Memory,0.0528849
CGCTATCCAAGTCTGT-1,HSP+,0.049536027
CGCTATCCAATCACAC-1,NAIVE 1,0.041683152
CGCTATCCACGACGAA-1,NAIVE 2,0.021294903
CGCTATCCAGATAATG-1,NAIVE 1,0.0894846
CGCTATCCAGGAATCG-1,ASC 3,0.8054635
CGCTATCCATATACCG-1,HSP+,0.042603623
CGCTATCCATATACGC-1,IgD-ve Memory,0.0365232
CGCTATCCATGCCTAA-1,HSP+,0.042771015
CGCTATCGTACGAAAT-1,IgD+ve Memory,0.05154249
CGCTATCGTAGGGACT-1,IgD+ve Memory,0.058620248
CGCTATCGTATATGGA-1,NAIVE 2,0.064503096
CGCTATCGTCAAAGAT-1,IgD-ve Memory,0.03123285
CGCTATCGTTCCATGA-1,Cell-Cycling,0.36383054
CGCTATCGTTGGTAAA-1,Early-Activation,0.059183277
CGCTATCTCACCGGGT-1,NAIVE 1,0.040179208
CGCTATCTCAGTCAGT-1,NAIVE 2,0.041077506
CGCTATCTCATCTGCC-1,ASC 2,0.7987721
CGCTATCTCATGTAGC-1,DN2,0.17850552
CGCTATCTCCACGACG-1,IgD-ve Memory,0.06051038
CGCTATCTCCTAGAAC-1,NAIVE 2,0.02109516
CGCTATCTCCTCAACC-1,IgD-ve Memory,0.037076674
CGCTATCTCGGGAGTA-1,DN2,0.07963481
CGCTATCTCTAGAGTC-1,DN2,0.22276999
CGCTATCTCTTTAGTC-1,ASC 2,0.87276465
CGCTGGAAGAGGGCTT-1,HSP+,0.035989277
CGCTGGAAGATGCGAC-1,IgD-ve Memory,0.045826707
CGCTGGAAGCGACGTA-1,ASC 2,0.7321646
CGCTGGAAGCTCCTCT-1,NAIVE 1,0.045558244
CGCTGGAAGGTGTGGT-1,ASC 2,0.8272884
CGCTGGAAGTCGCCGT-1,IgD+ve Memory,0.048941992
CGCTGGAAGTTTCCTT-1,DN2,0.1864987
CGCTGGACAAGGTGTG-1,NAIVE 2,0.013837556
CGCTGGACACCAGATT-1,Early-Activation,0.16364846
CGCTGGACACCTATCC-1,IgD-ve Memory,0.02941037
CGCTGGACACGGCGTT-1,IgD+ve Memory,0.074161656
CGCTGGACACTTCGAA-1,NAIVE 1,0.082133524
CGCTGGACAGTGGAGT-1,DN2,0.06856213
CGCTGGACATACTACG-1,IgD-ve Memory,0.04984312
CGCTGGACATCGACGC-1,IgD-ve Memory,0.056003764
CGCTGGAGTATGAATG-1,IgD+ve Memory,0.06026403
CGCTGGAGTCACCCAG-1,IgD+ve Memory,0.056405123
CGCTGGAGTCCGAATT-1,IgD+ve Memory,0.060682263
CGCTGGAGTCCTCTTG-1,IgD+ve Memory,0.07171172
CGCTGGAGTCGGATCC-1,IgD+ve Memory,0.05907589
CGCTGGAGTGCATCTA-1,IgD+ve Memory,0.06472548
CGCTGGAGTGCGATAG-1,NAIVE 2,0.03251038
CGCTGGAGTTAAAGAC-1,NAIVE 1,0.07344459
CGCTGGAGTTATGCGT-1,Early-Activation,0.045172613
CGCTGGAGTTCGCGAC-1,NAIVE 1,0.041719135
CGCTGGAGTTGAGTTC-1,NAIVE 2,0.026592232
CGCTGGATCAACGCTA-1,HSP+,0.10120581
CGCTGGATCATAAAGG-1,NAIVE 2,0.03442275
CGCTGGATCTACTCAT-1,Transitional,0.115841076
CGCTGGATCTCACATT-1,NAIVE 2,0.05336275
CGCTGGATCTCGTTTA-1,IgD+ve Memory,0.045511134
CGCTGGATCTCTGTCG-1,DN2,0.2107523
CGCTTCAAGAAACCAT-1,IgD+ve Memory,0.060710568
CGCTTCAAGACTCGGA-1,IgD+ve Memory,0.057386227
CGCTTCAAGAGACGAA-1,NAIVE 2,0.03392739
CGCTTCAAGATATACG-1,IgD-ve Memory,0.027340353
CGCTTCAAGCGCTTAT-1,ASC 2,0.73301
CGCTTCAAGCGGCTTC-1,NAIVE 1,0.027362296
CGCTTCAAGGACACCA-1,NAIVE 2,0.048126303
CGCTTCAAGGCAATTA-1,IgD+ve Memory,0.049406737
CGCTTCAAGGGCATGT-1,NAIVE 2,0.120043814
CGCTTCAAGTGCGATG-1,IgD+ve Memory,0.028758742
CGCTTCAAGTGTCTCA-1,NAIVE 1,0.039934434
CGCTTCAAGTGTGAAT-1,ASC 2,0.84751904
CGCTTCACAACCGCCA-1,ASC 1,0.6965881
CGCTTCACACCAACCG-1,IgD-ve Memory,0.030255536
CGCTTCACAGACAGGT-1,NAIVE 2,0.010228746
CGCTTCACAGCCTTGG-1,IgD+ve Memory,0.09136703
CGCTTCACATCCGCGA-1,NAIVE 1,0.044567026
CGCTTCACATGATCCA-1,IgD+ve Memory,0.05443332
CGCTTCAGTACAGTTC-1,IgD-ve Memory,0.053416807
CGCTTCAGTCATACTG-1,HSP+,0.03216874
CGCTTCAGTCATATGC-1,ASC 2,0.69113106
CGCTTCAGTTCAGTAC-1,DN2,0.17128322
CGCTTCAGTTGCTCCT-1,HSP+,0.12092494
CGCTTCATCAGCTCGG-1,HSP+,0.023976015
CGCTTCATCATTGCGA-1,IgD+ve Memory,0.02691948
CGCTTCATCGAGCCCA-1,IgD-ve Memory,0.031313207
CGCTTCATCTTTACAC-1,IgD-ve Memory,0.04268987
CGGACACAGAGCAATT-1,DN2,0.20738494
CGGACACAGCAGACTG-1,Early-Activation,0.048040032
CGGACACAGCAGCCTC-1,ASC 2,0.81964236
CGGACACAGCGTCTAT-1,IgD+ve Memory,0.059707534
CGGACACAGCTACCGC-1,ASC 2,0.77250457
CGGACACAGCTCAACT-1,IgD+ve Memory,0.062466457
CGGACACAGGTTACCT-1,ASC 2,0.863468
CGGACACCAAGGTTCT-1,IgD+ve Memory,0.034149833
CGGACACCAATCCAAC-1,IgD+ve Memory,0.047302403
CGGACACCACCCATGG-1,IgD-ve Memory,0.024105199
CGGACACCAGACTCGC-1,IgD-ve Memory,0.05299566
CGGACACCAGTATGCT-1,IgD+ve Memory,0.032081567
CGGACACCATTGGGCC-1,IgD-ve Memory,0.047430813
CGGACACGTAAGTGGC-1,IgD+ve Memory,0.042194154
CGGACACGTCAAGCGA-1,IgD+ve Memory,0.0683054
CGGACACGTCCTGCTT-1,DN2,0.23076144
CGGACACGTCTCTTAT-1,NAIVE 1,0.052193336
CGGACACGTGACGCCT-1,IgD+ve Memory,0.04336061
CGGACACGTGAGGGTT-1,NAIVE 1,0.038965553
CGGACACGTGTGTGCC-1,IgD+ve Memory,0.04669819
CGGACACTCACCGGGT-1,ASC 2,0.6961385
CGGACACTCAGCAACT-1,IgD+ve Memory,0.057028145
CGGACACTCCACGAAT-1,NAIVE 2,0.009655999
CGGACACTCCAGTATG-1,HSP+,0.02493001
CGGACACTCTAACTGG-1,NAIVE 2,0.044039514
CGGACACTCTACCAGA-1,ASC 2,0.77646244
CGGACACTCTCCGGTT-1,IgD-ve Memory,0.07073745
CGGACACTCTGAGGGA-1,NAIVE 2,0.044311356
CGGACACTCTGTCTAT-1,NAIVE 1,0.032118153
CGGACACTCTTGCAAG-1,IgD+ve Memory,0.040250562
CGGACGTAGAGGTTGC-1,ASC 2,0.6240971
CGGACGTAGATGGCGT-1,ASC 3,0.8241166
CGGACGTAGCGATGAC-1,HSP+,0.04781855
CGGACGTAGGCATTGG-1,IgD-ve Memory,0.02495766
CGGACGTAGTAGTGCG-1,IgD-ve Memory,0.049020436
CGGACGTAGTGACTCT-1,NAIVE 1,0.023531618
CGGACGTCACAAGACG-1,IgD+ve Memory,0.038606968
CGGACGTCACGAAATA-1,NAIVE 1,0.04111886
CGGACGTCACTACAGT-1,DN2,0.124908425
CGGACGTCAGGGTACA-1,IgD+ve Memory,0.010721957
CGGACGTCATCCAACA-1,IgD-ve Memory,0.032117806
CGGACGTCATTCACTT-1,Transitional,0.11502049
CGGACGTGTAAGAGGA-1,NAIVE 1,0.12449736
CGGACGTGTAGAAAGG-1,NAIVE 1,0.060511257
CGGACGTGTAGAGGAA-1,NAIVE 2,0.0728467
CGGACGTGTATATCCG-1,HSP+,0.04121503
CGGACGTGTCAAAGCG-1,IgD+ve Memory,0.018361093
CGGACGTGTCGAAAGC-1,IgD-ve Memory,0.045461018
CGGACGTGTGACTCAT-1,NAIVE 2,0.025804214
CGGACGTGTGCCTGGT-1,IgD-ve Memory,0.039428424
CGGACGTGTTACGTCA-1,IgD-ve Memory,0.05483711
CGGACGTGTTAGAACA-1,IgD-ve Memory,0.025292462
CGGACGTTCAGGTTCA-1,ASC 2,0.88003016
CGGACGTTCCGAAGAG-1,IgD+ve Memory,0.043383252
CGGACGTTCCGCATAA-1,NAIVE 1,0.039259475
CGGACGTTCGAATCCA-1,IgD+ve Memory,0.048749506
CGGACGTTCGAGAGCA-1,DN2,0.16735147
CGGACGTTCGGACAAG-1,DN2,0.19729076
CGGACGTTCGGCCGAT-1,IgD+ve Memory,0.060293633
CGGACTGAGAACAATC-1,NAIVE 2,0.042388357
CGGACTGAGCCACCTG-1,DN2,0.06900987
CGGACTGAGTCTCAAC-1,ASC 2,0.85751146
CGGACTGCACCAGTTA-1,IgD-ve Memory,0.0419651
CGGACTGCACCGAAAG-1,ASC 2,0.9652797
CGGACTGCACTATCTT-1,IgD-ve Memory,0.039253257
CGGACTGCACTTCTGC-1,IgD-ve Memory,0.027875382
CGGACTGCAGCCAATT-1,IgD+ve Memory,0.03487266
CGGACTGCAGGGTACA-1,IgD-ve Memory,0.0192849
CGGACTGCAGTAAGCG-1,IgD+ve Memory,0.05674225
CGGACTGCATACAGCT-1,Early-Activation,0.048096515
CGGACTGGTAAATGTG-1,NAIVE 2,0.050005034
CGGACTGGTAAGGGAA-1,ASC 2,0.8520928
CGGACTGGTACCGCTG-1,ASC 2,0.88486975
CGGACTGGTACCGGCT-1,NAIVE 1,0.034639843
CGGACTGGTCTCTTAT-1,ASC 2,0.772207
CGGACTGGTGGTACAG-1,IgD-ve Memory,0.033163294
CGGACTGGTTGAACTC-1,ASC 2,0.7127054
CGGACTGGTTTGACAC-1,IgD+ve Memory,0.04865599
CGGACTGTCAACGCTA-1,NAIVE 2,0.021339627
CGGACTGTCAGTCAGT-1,IgD+ve Memory,0.05307685
CGGACTGTCATGCTCC-1,IgD+ve Memory,0.035486985
CGGACTGTCCGAATGT-1,NAIVE 2,0.019559614
CGGACTGTCCGGCACA-1,IgD+ve Memory,0.051094763
CGGACTGTCGGCGCTA-1,Transitional,0.11398131
CGGACTGTCTGGCGTG-1,IgD+ve Memory,0.030423485
CGGAGCTAGACCTAGG-1,IgD+ve Memory,0.05897762
CGGAGCTAGAGGTACC-1,ASC 2,0.6305791
CGGAGCTAGATCGGGT-1,NAIVE 2,0.049156792
CGGAGCTAGCAGCGTA-1,ASC 2,0.82169664
CGGAGCTAGCTAAGAT-1,NAIVE 1,0.035915885
CGGAGCTAGGAGCGTT-1,NAIVE 2,0.03892645
CGGAGCTAGGAGTCTG-1,IgD-ve Memory,0.02967109
CGGAGCTAGTTAGCGG-1,Transitional,0.11714366
CGGAGCTCACCATGTA-1,NAIVE 2,0.05776779
CGGAGCTCACCGAATT-1,IgD-ve Memory,0.013013606
CGGAGCTCACTCTGTC-1,NAIVE 2,0.06413343
CGGAGCTCACTGCCAG-1,IgD-ve Memory,0.03761625
CGGAGCTCAGCTGTAT-1,NAIVE 1,0.048822973
CGGAGCTCATGACATC-1,NAIVE 1,0.04261538
CGGAGCTCATGGTTGT-1,ASC 3,0.87268734
CGGAGCTCATTACCTT-1,NAIVE 1,0.05533462
CGGAGCTGTACGCACC-1,DN2,0.18096137
CGGAGCTGTATAGTAG-1,IgD+ve Memory,0.035748653
CGGAGCTGTCAACTGT-1,IgD-ve Memory,0.062166594
CGGAGCTGTCATACTG-1,NAIVE 1,0.058823816
CGGAGCTGTCCGACGT-1,ASC 2,0.8583689
CGGAGCTGTTCCACTC-1,ASC 2,0.7031584
CGGAGCTTCACTTACT-1,IgD-ve Memory,0.03104341
CGGAGCTTCCCATTTA-1,NAIVE 1,0.03277611
CGGAGCTTCGACGGAA-1,IgD-ve Memory,0.048503477
CGGAGCTTCGAGCCCA-1,NAIVE 1,0.054161813
CGGAGCTTCTTCGGTC-1,IgD-ve Memory,0.02056215
CGGAGCTTCTTCTGGC-1,IgD+ve Memory,0.045964897
CGGAGTCAGAGACTTA-1,NAIVE 2,0.041947246
CGGAGTCAGAGGTTGC-1,ASC 3,0.74882597
CGGAGTCAGATATGCA-1,IgD+ve Memory,0.032998458
CGGAGTCAGGTCATCT-1,DN2,0.1929526
CGGAGTCCAAGCTGGA-1,IgD-ve Memory,0.043632105
CGGAGTCCAATCTACG-1,IgD+ve Memory,0.054698274
CGGAGTCCACAACGTT-1,IgD-ve Memory,0.02415083
CGGAGTCCACTCAGGC-1,IgD+ve Memory,0.056979455
CGGAGTCCAGTCAGAG-1,IgD-ve Memory,0.03961238
CGGAGTCCAGTTCCCT-1,NAIVE 2,0.018192522
CGGAGTCCATTAGGCT-1,NAIVE 1,0.031077435
CGGAGTCCATTCCTCG-1,IgD-ve Memory,0.020966414
CGGAGTCGTAAACCTC-1,ASC 2,0.8190951
CGGAGTCGTAAACGCG-1,IgD+ve Memory,0.073377796
CGGAGTCGTCCGAAGA-1,IgD-ve Memory,0.025577266
CGGAGTCGTCCTAGCG-1,NAIVE 1,0.18901157
CGGAGTCGTGATAAGT-1,IgD-ve Memory,0.04797657
CGGAGTCGTGCGAAAC-1,HSP+,0.040350113
CGGAGTCGTGTTTGTG-1,IgD-ve Memory,0.0581824
CGGAGTCGTTCCATGA-1,Early-Activation,0.05727542
CGGAGTCTCACCCTCA-1,NAIVE 2,0.02862435
CGGAGTCTCCTATGTT-1,IgD-ve Memory,0.063929774
CGGAGTCTCCTCCTAG-1,IgD-ve Memory,0.016223123
CGGAGTCTCCTGCTTG-1,NAIVE 1,0.060192328
CGGAGTCTCGCATGAT-1,ASC 2,0.97874874
CGGAGTCTCGGATGGA-1,NAIVE 1,0.048476156
CGGAGTCTCTTTAGGG-1,IgD-ve Memory,0.024818443
CGGCTAGAGAAACCAT-1,ASC 2,0.879435
CGGCTAGAGCCACCTG-1,IgD-ve Memory,0.030984903
CGGCTAGAGCCCAATT-1,Early-Activation,0.03441028
CGGCTAGAGCTAAGAT-1,IgD+ve Memory,0.03561212
CGGCTAGAGTGTCTCA-1,NAIVE 2,0.03255449
CGGCTAGCAAACCTAC-1,NAIVE 2,0.18237478
CGGCTAGCAACTGGCC-1,IgD+ve Memory,0.048148643
CGGCTAGCAAGTTAAG-1,IgD+ve Memory,0.07373082
CGGCTAGCAATGGAGC-1,NAIVE 2,0.027246293
CGGCTAGCACACGCTG-1,NAIVE 1,0.05037051
CGGCTAGCACGAAAGC-1,NAIVE 2,0.013144946
CGGCTAGCAGACAAGC-1,NAIVE 2,0.024493758
CGGCTAGCAGCTCGAC-1,HSP+,0.0568373
CGGCTAGCATTACGAC-1,NAIVE 2,0.034682095
CGGCTAGGTAAGGGCT-1,IgD-ve Memory,0.06330658
CGGCTAGGTACATCCA-1,IgD-ve Memory,0.016924608
CGGCTAGGTAGATTAG-1,NAIVE 1,0.059622433
CGGCTAGGTCGAACAG-1,ASC 2,0.87321484
CGGCTAGGTCGACTGC-1,IgD-ve Memory,0.029275533
CGGCTAGGTGCACGAA-1,IgD+ve Memory,0.06251542
CGGCTAGGTTCGTTGA-1,HSP+,0.10813562
CGGCTAGTCAATACCG-1,IgD-ve Memory,0.06446835
CGGCTAGTCACAATGC-1,IgD+ve Memory,0.05678973
CGGCTAGTCTCTAAGG-1,Cell-Cycling,0.2288023
CGGCTAGTCTTCGGTC-1,IgD-ve Memory,0.051677562
CGGCTAGTCTTGACGA-1,NAIVE 1,0.024159038
CGGCTAGTCTTTACAC-1,NAIVE 1,0.05158646
CGGGTCAAGAAACGAG-1,NAIVE 1,0.031146187
CGGGTCAAGACTGTAA-1,IgD+ve Memory,0.05923558
CGGGTCAAGGTCATCT-1,IgD-ve Memory,0.033692777
CGGGTCACAAAGGCGT-1,NAIVE 1,0.037710525
CGGGTCACACAGGCCT-1,HSP+,0.10329074
CGGGTCACACAGGTTT-1,ASC 3,0.6491964
CGGGTCACACTGTCGG-1,NAIVE 1,0.042172443
CGGGTCACAGATAATG-1,HSP+,0.03971797
CGGGTCAGTACTTGAC-1,IgD-ve Memory,0.03607585
CGGGTCAGTAGCCTAT-1,IgD+ve Memory,0.07676448
CGGGTCAGTAGCTTGT-1,ASC 2,0.86709154
CGGGTCAGTCGCTTTC-1,IgD+ve Memory,0.054662805
CGGGTCAGTGGTGTAG-1,NAIVE 1,0.05250334
CGGGTCAGTTAGAACA-1,NAIVE 2,0.020636326
CGGGTCATCCCGACTT-1,Cell-Cycling,0.18446817
CGGGTCATCCCTCAGT-1,NAIVE 1,0.048531767
CGGGTCATCCTTAATC-1,NAIVE 2,0.048325606
CGGGTCATCGCCGTGA-1,NAIVE 2,0.006408131
CGGGTCATCGTAGATC-1,IgD-ve Memory,0.0436424
CGGGTCATCGTTGACA-1,IgD-ve Memory,0.038345333
CGGGTCATCTGATACG-1,IgD+ve Memory,0.06860177
CGGGTCATCTTACCGC-1,IgD-ve Memory,0.043735348
CGGTTAAAGAAACGAG-1,IgD-ve Memory,0.07126057
CGGTTAAAGCACCGCT-1,NAIVE 2,0.048861224
CGGTTAAAGCATGGCA-1,IgD-ve Memory,0.027355466
CGGTTAAAGCTCTCGG-1,IgD+ve Memory,0.07045094
CGGTTAAAGGTAAACT-1,IgD-ve Memory,0.028103292
CGGTTAAAGTGGGCTA-1,ASC 2,0.78865755
CGGTTAAAGTGTCCCG-1,NAIVE 1,0.0231502
CGGTTAACAAAGGAAG-1,NAIVE 1,0.05398263
CGGTTAACAAAGGTGC-1,NAIVE 1,0.05065794
CGGTTAACAAGTCTAC-1,IgD-ve Memory,0.039783105
CGGTTAAGTAGGGACT-1,ASC 2,0.78933203
CGGTTAAGTCAACATC-1,NAIVE 2,0.019048003
CGGTTAAGTCATATGC-1,NAIVE 1,0.054999247
CGGTTAAGTCCGAGTC-1,HSP+,0.023450358
CGGTTAAGTGGTCCGT-1,ASC 2,0.6162488
CGGTTAATCAACACAC-1,IgD+ve Memory,0.077373125
CGGTTAATCAACGAAA-1,IgD-ve Memory,0.067916915
CGGTTAATCAAGATCC-1,DN2,0.15046823
CGGTTAATCCTACAGA-1,NAIVE 2,0.04657058
CGGTTAATCCTAGTGA-1,IgD-ve Memory,0.04180423
CGGTTAATCGACAGCC-1,ASC 2,0.57444245
CGGTTAATCGGACAAG-1,IgD-ve Memory,0.023765078
CGGTTAATCTTTCCTC-1,Early-Activation,0.033246655
CGTAGCGAGCAACGGT-1,IgD+ve Memory,0.04043274
CGTAGCGAGCTCCTCT-1,ASC 1,0.7155707
CGTAGCGCAAGGTTTC-1,ASC 2,0.8168634
CGTAGCGCACCAGTTA-1,IgD-ve Memory,0.022137983
CGTAGCGCACCGGAAA-1,NAIVE 1,0.041019406
CGTAGCGCACCGTTGG-1,IgD+ve Memory,0.046806246
CGTAGCGCAGGGCATA-1,NAIVE 2,0.04919678
CGTAGCGCAGTCACTA-1,IgD+ve Memory,0.047040377
CGTAGCGCATACCATG-1,ASC 2,0.83412415
CGTAGCGCATCTACGA-1,IgD-ve Memory,0.048844256
CGTAGCGCATGCCCGA-1,ASC 2,0.874495
CGTAGCGCATTATCTC-1,NAIVE 2,0.035963897
CGTAGCGGTACAGACG-1,HSP+,0.121311605
CGTAGCGGTACTTAGC-1,NAIVE 2,0.007448939
CGTAGCGGTCAAAGAT-1,ASC 3,0.80830854
CGTAGCGGTCAACTGT-1,NAIVE 2,0.055305645
CGTAGCGGTCACTGGC-1,NAIVE 1,0.077220716
CGTAGCGGTCGAAAGC-1,IgD-ve Memory,0.05748279
CGTAGCGGTCTCAACA-1,ASC 2,0.8789218
CGTAGCGGTGCAGACA-1,IgD-ve Memory,0.025649983
CGTAGCGGTGGCAAAC-1,IgD+ve Memory,0.046195604
CGTAGCGGTTAAGTAG-1,HSP+,0.05288236
CGTAGCGGTTTAAGCC-1,Early-Activation,0.05024982
CGTAGCGGTTTGCATG-1,NAIVE 2,0.08156834
CGTAGCGTCAGGCCCA-1,IgD+ve Memory,0.054934524
CGTAGCGTCATCGATG-1,IgD-ve Memory,0.031158278
CGTAGCGTCCCTCAGT-1,NAIVE 1,0.03756983
CGTAGCGTCTGCAAGT-1,NAIVE 1,0.039894603
CGTAGCGTCTTAGCCC-1,NAIVE 1,0.01339404
CGTAGCGTCTTGTACT-1,ASC 1,0.8338661
CGTAGCGTCTTTACGT-1,ASC 2,0.90186673
CGTAGGCAGAATTGTG-1,ASC 2,0.8375958
CGTAGGCAGCGATGAC-1,NAIVE 1,0.050586604
CGTAGGCAGGCATTGG-1,ASC 3,0.7966183
CGTAGGCAGTGACTCT-1,IgD-ve Memory,0.01927564
CGTAGGCCAAGCGTAG-1,ASC 2,0.48243952
CGTAGGCCAAGTACCT-1,NAIVE 1,0.03418681
CGTAGGCCACAAGTAA-1,IgD-ve Memory,0.058792897
CGTAGGCCACGTCAGC-1,NAIVE 2,0.0075520403
CGTAGGCCAGGTCGTC-1,IgD-ve Memory,0.036064275
CGTAGGCCAGGTTTCA-1,ASC 2,0.7562439
CGTAGGCCATATACCG-1,IgD+ve Memory,0.029935125
CGTAGGCCATTCCTGC-1,IgD-ve Memory,0.04090306
CGTAGGCGTAAATGAC-1,ASC 2,0.86672217
CGTAGGCGTAGCGATG-1,IgD-ve Memory,0.03680522
CGTAGGCGTATTCTCT-1,Early-Activation,0.035604343
CGTAGGCGTCCGTTAA-1,NAIVE 1,0.04021336
CGTAGGCGTCCTCTTG-1,NAIVE 2,0.16967654
CGTAGGCGTGACTCAT-1,DN2,0.21223228
CGTAGGCGTGCCTTGG-1,IgD+ve Memory,0.030688431
CGTAGGCGTGGAAAGA-1,IgD-ve Memory,0.02186375
CGTAGGCGTTATTCTC-1,ASC 2,0.806529
CGTAGGCGTTCGCTAA-1,NAIVE 1,0.03265122
CGTAGGCTCACTTACT-1,ASC 2,0.8368095
CGTAGGCTCAGTCCCT-1,NAIVE 1,0.026339632
CGTAGGCTCTAACCGA-1,IgD-ve Memory,0.07662075
CGTAGGCTCTCGAGTA-1,IgD+ve Memory,0.03151272
CGTAGGCTCTGGTTCC-1,ASC 2,0.88146466
CGTCACTAGACGCAAC-1,DN2,0.07689735
CGTCACTAGATCCGAG-1,NAIVE 2,0.049256276
CGTCACTAGGTAGCCA-1,Early-Activation,0.06444542
CGTCACTAGTCAAGCG-1,NAIVE 2,0.016859582
CGTCACTCAAAGCGGT-1,ASC 2,0.7807649
CGTCACTCAAGCCTAT-1,NAIVE 2,0.06030443
CGTCACTCACCAACCG-1,ASC 3,0.8064078
CGTCACTCATCCGTGG-1,ASC 2,0.81268466
CGTCACTGTAGCGCAA-1,Early-Activation,0.06273634
CGTCACTGTCAGAATA-1,Transitional,0.12220177
CGTCACTGTCCGAATT-1,NAIVE 1,0.046730056
CGTCACTGTCGGGTCT-1,IgD-ve Memory,0.02574541
CGTCACTGTGTCTGAT-1,IgD+ve Memory,0.051167905
CGTCACTGTTGTGGAG-1,DN2,0.21792641
CGTCACTTCCCTAATT-1,IgD+ve Memory,0.068366945
CGTCACTTCCGAAGAG-1,IgD-ve Memory,0.024230579
CGTCACTTCGAGCCCA-1,ASC 3,0.7450561
CGTCACTTCGTAGGTT-1,NAIVE 2,0.009159854
CGTCACTTCTGCAAGT-1,IgD+ve Memory,0.030795075
CGTCAGGAGACTACAA-1,IgD-ve Memory,0.048301626
CGTCAGGAGAGACTTA-1,IgD-ve Memory,0.026401196
CGTCAGGAGATTACCC-1,IgD-ve Memory,0.03397916
CGTCAGGAGCTAGCCC-1,ASC 2,0.9476352
CGTCAGGAGGTGCTTT-1,ASC 2,0.7831594
CGTCAGGAGTTTCCTT-1,NAIVE 1,0.06307668
CGTCAGGCAACTTGAC-1,NAIVE 2,0.052762173
CGTCAGGCAAGCCGCT-1,IgD+ve Memory,0.04403546
CGTCAGGCACAACGTT-1,ASC 2,0.84982806
CGTCAGGCACAGCCCA-1,NAIVE 1,0.026577648
CGTCAGGCACGTGAGA-1,IgD+ve Memory,0.030710215
CGTCAGGCAGGGTTAG-1,NAIVE 2,0.017474873
CGTCAGGCATCCTAGA-1,Cell-Cycling,0.4670198
CGTCAGGGTACTTGAC-1,IgD-ve Memory,0.019485123
CGTCAGGGTAGCTTGT-1,NAIVE 1,0.047472805
CGTCAGGGTATTAGCC-1,IgD-ve Memory,0.03492442
CGTCAGGGTCAGCTAT-1,NAIVE 2,0.042796925
CGTCAGGGTCCGAATT-1,IgD-ve Memory,0.06468063
CGTCAGGGTCGGCTCA-1,IgD+ve Memory,0.036621865
CGTCAGGGTGTTTGTG-1,IgD+ve Memory,0.025855001
CGTCAGGGTTAAGACA-1,ASC 2,0.80859464
CGTCAGGGTTCAGTAC-1,ASC 1,0.75170976
CGTCAGGGTTCGAATC-1,NAIVE 2,0.05411628
CGTCAGGTCACAGGCC-1,IgD-ve Memory,0.009222511
CGTCAGGTCACCAGGC-1,IgD+ve Memory,0.05571407
CGTCAGGTCAGGTAAA-1,NAIVE 2,0.042734347
CGTCAGGTCAGTGTTG-1,NAIVE 2,0.06709768
CGTCAGGTCCGATATG-1,IgD+ve Memory,0.048771434
CGTCAGGTCGCTTGTC-1,ASC 2,0.8170122
CGTCAGGTCGGGAGTA-1,NAIVE 2,0.02352866
CGTCAGGTCGTGGACC-1,NAIVE 2,0.065644294
CGTCAGGTCTCGTTTA-1,NAIVE 2,0.010495199
CGTCCATAGAACAATC-1,IgD-ve Memory,0.030291844
CGTCCATAGACCTTTG-1,NAIVE 2,0.028817592
CGTCCATAGGAGTCTG-1,ASC 3,0.600474
CGTCCATAGGTACTCT-1,IgD-ve Memory,0.0634861
CGTCCATAGTGCTGCC-1,NAIVE 1,0.04255346
CGTCCATAGTGGGCTA-1,ASC 2,0.65972483
CGTCCATCAATCCAAC-1,ASC 2,0.89418715
CGTCCATCAATGGAGC-1,Transitional,0.11431855
CGTCCATCACATCCAA-1,IgD+ve Memory,0.05704223
CGTCCATCACCATCCT-1,IgD-ve Memory,0.043324694
CGTCCATCACCATGTA-1,NAIVE 2,0.03990799
CGTCCATCAGCGAACA-1,DN2,0.18143596
CGTCCATCAGTCAGCC-1,IgD-ve Memory,0.05489807
CGTCCATCATGCTAGT-1,HSP+,0.03296213
CGTCCATGTAATAGCA-1,IgD+ve Memory,0.03419091
CGTCCATGTACCGTAT-1,NAIVE 2,0.038994588
CGTCCATGTAGTGAAT-1,NAIVE 1,0.05043999
CGTCCATGTCATGCAT-1,ASC 2,0.76172054
CGTCCATGTCTAAACC-1,NAIVE 1,0.061980136
CGTCCATGTGAGCGAT-1,NAIVE 2,0.011726346
CGTCCATGTGCTGTAT-1,IgD+ve Memory,0.061571334
CGTCCATGTTGTTTGG-1,IgD-ve Memory,0.031971686
CGTCCATTCACATGCA-1,NAIVE 2,0.004661814
CGTCCATTCAGCCTAA-1,NAIVE 1,0.027026463
CGTCCATTCATGGTCA-1,IgD+ve Memory,0.045380685
CGTCCATTCCGAAGAG-1,IgD+ve Memory,0.029426886
CGTCCATTCCTCTAGC-1,HSP+,0.036470596
CGTCCATTCGATCCCT-1,NAIVE 1,0.17824177
CGTCCATTCGGCTTGG-1,IgD-ve Memory,0.020481057
CGTCCATTCGTCGTTC-1,IgD+ve Memory,0.081017464
CGTCCATTCTGGTTCC-1,IgD+ve Memory,0.06431395
CGTCCATTCTTACCTA-1,IgD-ve Memory,0.035594214
CGTCTACAGAGCCCAA-1,IgD+ve Memory,0.029986054
CGTCTACAGCCCGAAA-1,NAIVE 2,0.010788913
CGTCTACAGCGCCTTG-1,IgD-ve Memory,0.026069187
CGTCTACAGCTCTCGG-1,NAIVE 1,0.02340769
CGTCTACAGGGATCTG-1,ASC 3,0.79786813
CGTCTACAGTAATCCC-1,NAIVE 2,0.053148214
CGTCTACAGTGCGTGA-1,DN2,0.18153007
CGTCTACAGTGGGTTG-1,IgD+ve Memory,0.05055577
CGTCTACCAATGAAAC-1,IgD-ve Memory,0.043477148
CGTCTACCACAACGTT-1,HSP+,0.047935266
CGTCTACCAGCTGCAC-1,NAIVE 1,0.052953787
CGTCTACCAGTCAGAG-1,ASC 3,0.814319
CGTCTACCAGTCAGCC-1,NAIVE 2,0.018100295
CGTCTACCATGTAGTC-1,IgD+ve Memory,0.048033196
CGTCTACGTACGAAAT-1,NAIVE 1,0.09213588
CGTCTACGTAGTAGTA-1,IgD-ve Memory,0.03690216
CGTCTACGTCTCCCTA-1,ASC 3,0.8234908
CGTCTACGTCTTGTCC-1,IgD-ve Memory,0.035745356
CGTCTACGTGACAAAT-1,NAIVE 2,0.05258972
CGTCTACGTTACCAGT-1,IgD-ve Memory,0.009010288
CGTCTACTCAACACCA-1,DN2,0.1801645
CGTCTACTCACTGGGC-1,IgD+ve Memory,0.02823638
CGTCTACTCCGGCACA-1,IgD-ve Memory,0.034364454
CGTCTACTCGCCATAA-1,NAIVE 1,0.06363394
CGTCTACTCGTTGACA-1,ASC 2,0.6891846
CGTCTACTCTCGCTTG-1,IgD-ve Memory,0.027327247
CGTCTACTCTTATCTG-1,ASC 2,0.70865494
CGTCTACTCTTGCATT-1,Early-Activation,0.062457345
CGTGAGCAGATCCTGT-1,ASC 3,0.8565863
CGTGAGCAGCACGCCT-1,IgD-ve Memory,0.029297654
CGTGAGCAGCTCAACT-1,IgD+ve Memory,0.03960034
CGTGAGCAGGCACATG-1,Early-Activation,0.07992564
CGTGAGCAGGTTACCT-1,IgD-ve Memory,0.021336796
CGTGAGCAGTACGACG-1,HSP+,0.01948121
CGTGAGCAGTGCAAGC-1,Cell-Cycling,0.64359355
CGTGAGCAGTGGGTTG-1,ASC 1,0.79038674
CGTGAGCAGTTATCGC-1,DN2,0.19432804
CGTGAGCAGTTGCAGG-1,NAIVE 1,0.0530762
CGTGAGCCAAGTTCTG-1,DN2,0.20366716
CGTGAGCCACTGTGTA-1,IgD+ve Memory,0.056718897
CGTGAGCCAGACGCCT-1,IgD-ve Memory,0.040797908
CGTGAGCCAGCCTATA-1,ASC 2,0.6249153
CGTGAGCCAGCTTCGG-1,NAIVE 2,0.06892558
CGTGAGCCAGGAATCG-1,IgD-ve Memory,0.023488872
CGTGAGCCAGGTCCAC-1,IgD+ve Memory,0.057528313
CGTGAGCGTAGGCATG-1,HSP+,0.026321363
CGTGAGCGTCACCTAA-1,IgD-ve Memory,0.056489
CGTGAGCGTCATATCG-1,IgD-ve Memory,0.018659528
CGTGAGCGTCTAGAGG-1,ASC 2,0.72357047
CGTGAGCGTGCATCTA-1,ASC 2,0.891953
CGTGAGCGTGTAAGTA-1,IgD-ve Memory,0.10797202
CGTGAGCGTGTGGCTC-1,IgD-ve Memory,0.023172598
CGTGAGCGTTACCGAT-1,DN2,0.17362809
CGTGAGCTCAACGAAA-1,HSP+,0.04259368
CGTGAGCTCACCCTCA-1,IgD-ve Memory,0.03837247
CGTGAGCTCAGAGACG-1,IgD+ve Memory,0.05621201
CGTGAGCTCAGCCTAA-1,IgD-ve Memory,0.06296079
CGTGAGCTCAGTTAGC-1,ASC 2,0.79236656
CGTGAGCTCCACGCAG-1,IgD-ve Memory,0.04560852
CGTGAGCTCGACCAGC-1,IgD-ve Memory,0.028666655
CGTGAGCTCGCCCTTA-1,NAIVE 1,0.038986366
CGTGAGCTCGTCTGAA-1,DN2,0.22748429
CGTGAGCTCTCAAGTG-1,NAIVE 1,0.04220074
CGTGTAAAGAAACGCC-1,IgD+ve Memory,0.032937843
CGTGTAAAGAAAGTGG-1,NAIVE 2,0.023276329
CGTGTAAAGATTACCC-1,NAIVE 1,0.035914082
CGTGTAAAGCTATGCT-1,ASC 3,0.6597538
CGTGTAAAGGATTCGG-1,NAIVE 2,0.037503805
CGTGTAAAGGCTAGAC-1,NAIVE 1,0.049617484
CGTGTAAAGTGACTCT-1,IgD-ve Memory,0.070010364
CGTGTAACAAGCCGTC-1,IgD-ve Memory,0.011383774
CGTGTAACACACATGT-1,ASC 2,0.811823
CGTGTAACACAGCGTC-1,IgD+ve Memory,0.031788196
CGTGTAACACTTAACG-1,Cell-Cycling,0.037921682
CGTGTAACAGACGCAA-1,IgD+ve Memory,0.05451016
CGTGTAACAGCGATCC-1,IgD+ve Memory,0.025696484
CGTGTAACAGCGTAAG-1,NAIVE 1,0.070905656
CGTGTAACAGTATCTG-1,IgD+ve Memory,0.02842948
CGTGTAAGTACAAGTA-1,ASC 2,0.66833633
CGTGTAAGTACCGTTA-1,IgD+ve Memory,0.028977625
CGTGTAAGTGAACCTT-1,ASC 2,0.79684454
CGTGTAAGTGTGGTTT-1,DN2,0.025783747
CGTGTAAGTTGCCTCT-1,IgD-ve Memory,0.02154755
CGTGTAAGTTTGTTTC-1,IgD-ve Memory,0.047879577
CGTGTAATCATAAAGG-1,NAIVE 2,0.031580076
CGTGTAATCCACGAAT-1,NAIVE 1,0.026239092
CGTGTAATCTACCTGC-1,IgD-ve Memory,0.035834678
CGTGTAATCTGGGCCA-1,IgD-ve Memory,0.020718612
CGTGTAATCTTAGCCC-1,IgD-ve Memory,0.051319644
CGTGTCTAGACCTTTG-1,IgD+ve Memory,0.054831408
CGTGTCTAGAGTCTGG-1,ASC 2,0.8159931
CGTGTCTAGATAGTCA-1,NAIVE 2,0.03936035
CGTGTCTAGGAGCGTT-1,IgD-ve Memory,0.06267357
CGTGTCTCAAGCCATT-1,DN2,0.07733489
CGTGTCTCACAAGACG-1,NAIVE 1,0.03232237
CGTGTCTCACCTCGTT-1,IgD-ve Memory,0.026699254
CGTGTCTCACGCTTTC-1,NAIVE 2,0.01797745
CGTGTCTCACTGAAGG-1,IgD+ve Memory,0.057853263
CGTGTCTCAGGCTCAC-1,NAIVE 1,0.0918083
CGTGTCTCAGGGAGAG-1,IgD-ve Memory,0.049191665
CGTGTCTCATCAGTAC-1,IgD-ve Memory,0.03268075
CGTGTCTCATTAGGCT-1,ASC 3,0.85106796
CGTGTCTGTCCCTTGT-1,NAIVE 2,0.021558287
CGTGTCTGTCGACTGC-1,IgD-ve Memory,0.026257023
CGTGTCTGTCGAGATG-1,Early-Activation,0.050377052
CGTGTCTGTCGCGTGT-1,IgD-ve Memory,0.026729805
CGTGTCTGTGCAACGA-1,NAIVE 1,0.03780174
CGTGTCTGTGGCGAAT-1,IgD-ve Memory,0.045722567
CGTGTCTGTTCGAATC-1,IgD+ve Memory,0.030608466
CGTGTCTGTTGTACAC-1,DN2,0.05422702
CGTGTCTTCACCCTCA-1,Early-Activation,0.04505237
CGTGTCTTCAGCATGT-1,ASC 3,0.83248353
CGTGTCTTCATGGTCA-1,NAIVE 2,0.061249267
CGTGTCTTCCGCGCAA-1,NAIVE 1,0.02406215
CGTGTCTTCCGTACAA-1,IgD-ve Memory,0.024239127
CGTGTCTTCGCACTCT-1,IgD+ve Memory,0.029854905
CGTGTCTTCGCTTGTC-1,NAIVE 2,0.037963983
CGTGTCTTCGTCTGCT-1,NAIVE 1,0.022306148
CGTGTCTTCTCGTTTA-1,IgD+ve Memory,0.047248315
CGTTAGAAGAAGCCCA-1,NAIVE 2,0.0491797
CGTTAGAAGATCGATA-1,NAIVE 2,0.027061896
CGTTAGAAGCGTAGTG-1,NAIVE 1,0.049125567
CGTTAGAAGCGTTGCC-1,IgD+ve Memory,0.056906957
CGTTAGAAGGCAGTCA-1,IgD-ve Memory,0.034657236
CGTTAGAAGGTGATAT-1,NAIVE 1,0.03395605
CGTTAGAAGTTGTAGA-1,IgD+ve Memory,0.03474452
CGTTAGACACGGACAA-1,IgD+ve Memory,0.037248794
CGTTAGACACTTACGA-1,IgD-ve Memory,0.021389326
CGTTAGACAGATCTGT-1,IgD-ve Memory,0.02830399
CGTTAGACAGCTCGAC-1,IgD+ve Memory,0.06250201
CGTTAGACAGTTTACG-1,NAIVE 1,0.060830966
CGTTAGACATAGGATA-1,NAIVE 2,0.020441923
CGTTAGACATCACAAC-1,Early-Activation,0.035749417
CGTTAGACATGGAATA-1,IgD+ve Memory,0.057375208
CGTTAGAGTACAGTGG-1,DN2,0.1644875
CGTTAGAGTAGCAAAT-1,NAIVE 2,0.02994252
CGTTAGAGTATTCTCT-1,ASC 2,0.76994246
CGTTAGAGTGCAGACA-1,IgD-ve Memory,0.028705822
CGTTAGAGTGCCTGTG-1,IgD-ve Memory,0.045647223
CGTTAGAGTTCCACGG-1,ASC 2,0.83278227
CGTTAGAGTTCGAATC-1,Cell-Cycling,0.38961744
CGTTAGAGTTCTCATT-1,ASC 2,0.84801
CGTTAGAGTTTGTTGG-1,IgD-ve Memory,0.032639157
CGTTAGATCAAGAAGT-1,HSP+,0.13104698
CGTTAGATCGCCGTGA-1,IgD-ve Memory,0.046201237
CGTTAGATCGGAATCT-1,IgD-ve Memory,0.020207992
CGTTAGATCGGCGCAT-1,NAIVE 2,0.02465063
CGTTAGATCTTCGGTC-1,ASC 2,0.8399272
CGTTCTGAGATTACCC-1,IgD-ve Memory,0.043663207
CGTTCTGAGGACCACA-1,IgD-ve Memory,0.03488786
CGTTCTGAGGCTAGCA-1,IgD+ve Memory,0.03407107
CGTTCTGAGGCTCAGA-1,IgD-ve Memory,0.04528991
CGTTCTGAGGGATCTG-1,IgD+ve Memory,0.05187502
CGTTCTGAGGGCATGT-1,IgD+ve Memory,0.056123674
CGTTCTGAGGTAGCCA-1,IgD+ve Memory,0.047539778
CGTTCTGAGTGATCGG-1,IgD-ve Memory,0.045670774
CGTTCTGAGTGTACGG-1,HSP+,0.047823336
CGTTCTGCAATCCAAC-1,NAIVE 2,0.012602877
CGTTCTGCACCTCGTT-1,NAIVE 1,0.045602392
CGTTCTGCAGACGCTC-1,NAIVE 2,0.043404568
CGTTCTGCAGACGTAG-1,IgD+ve Memory,0.08427576
CGTTCTGCAGCTGGCT-1,Cell-Cycling,0.7106193
CGTTCTGCAGGCTCAC-1,IgD+ve Memory,0.061404645
CGTTCTGCAGTAACGG-1,ASC 2,0.6058469
CGTTCTGCATGCGCAC-1,IgD-ve Memory,0.04115147
CGTTCTGGTACAAGTA-1,ASC 2,0.88510644
CGTTCTGGTAGAGCTG-1,HSP+,0.024645345
CGTTCTGGTAGCGCAA-1,ASC 2,0.83878565
CGTTCTGGTCCAGTAT-1,IgD-ve Memory,0.0628932
CGTTCTGGTCGTGGCT-1,HSP+,0.044997446
CGTTCTGGTGCATCTA-1,NAIVE 1,0.06955217
CGTTCTGGTGCCTGGT-1,NAIVE 1,0.07009563
CGTTCTGGTTGTGGCC-1,NAIVE 1,0.16897966
CGTTCTGTCCTTCAAT-1,IgD+ve Memory,0.03477732
CGTTCTGTCTGCGGCA-1,NAIVE 2,0.0073025166
CGTTCTGTCTTACCTA-1,IgD+ve Memory,0.02310853
CGTTGGGAGAATTGTG-1,NAIVE 1,0.06532713
CGTTGGGAGAGTACAT-1,NAIVE 2,0.037644792
CGTTGGGAGAGTTGGC-1,NAIVE 2,0.052610297
CGTTGGGAGCGATAGC-1,IgD-ve Memory,0.032161843
CGTTGGGAGCGCTCCA-1,NAIVE 1,0.038413692
CGTTGGGAGCGTCTAT-1,IgD+ve Memory,0.038429786
CGTTGGGAGCGTGAAC-1,IgD+ve Memory,0.052530125
CGTTGGGAGGTCATCT-1,NAIVE 2,0.03137033
CGTTGGGAGGTGACCA-1,IgD-ve Memory,0.03466177
CGTTGGGAGGTGTGGT-1,ASC 2,0.77272886
CGTTGGGAGTGGTCCC-1,IgD+ve Memory,0.038567923
CGTTGGGCAATGGAGC-1,IgD-ve Memory,0.021951761
CGTTGGGCACAGACTT-1,IgD-ve Memory,0.019139541
CGTTGGGCATTAACCG-1,ASC 1,0.859443
CGTTGGGCATTACGAC-1,IgD+ve Memory,0.062219925
CGTTGGGGTACAGACG-1,IgD+ve Memory,0.049714856
CGTTGGGGTCAGAATA-1,IgD+ve Memory,0.048509426
CGTTGGGGTCAGTGGA-1,HSP+,0.02192515
CGTTGGGGTCTGATTG-1,DN2,0.22220114
CGTTGGGGTGGTGTAG-1,IgD+ve Memory,0.02688344
CGTTGGGGTTCCACTC-1,IgD+ve Memory,0.054801557
CGTTGGGTCCGTACAA-1,NAIVE 2,0.016083177
CGTTGGGTCGAACGGA-1,Early-Activation,0.046170022
CGTTGGGTCGAGCCCA-1,HSP+,0.060318418
CGTTGGGTCGGAGGTA-1,Early-Activation,0.05925286
CGTTGGGTCGGCATCG-1,NAIVE 1,0.07693287
CGTTGGGTCGTTACGA-1,Early-Activation,0.055658232
CGTTGGGTCTCGCTTG-1,ASC 3,0.75561863
CGTTGGGTCTCTGAGA-1,IgD-ve Memory,0.054159157
CGTTGGGTCTGGTTCC-1,NAIVE 2,0.020389572
CTAACTTAGAGGTAGA-1,IgD+ve Memory,0.049718957
CTAACTTAGCAGATCG-1,IgD+ve Memory,0.048324194
CTAACTTAGCGCCTTG-1,ASC 2,0.74071115
CTAACTTAGCTAGGCA-1,IgD-ve Memory,0.029138424
CTAACTTAGTAGGCCA-1,ASC 2,0.76034087
CTAACTTAGTATCGAA-1,NAIVE 1,0.111798726
CTAACTTAGTGGGTTG-1,IgD-ve Memory,0.032050826
CTAACTTAGTGGTCCC-1,ASC 2,0.8316014
CTAACTTAGTTGCAGG-1,NAIVE 2,0.034039084
CTAACTTCAAACTGCT-1,NAIVE 1,0.02284599
CTAACTTCAACAACCT-1,IgD+ve Memory,0.043451395
CTAACTTCAAGCGAGT-1,IgD-ve Memory,0.028244164
CTAACTTCACAGACTT-1,IgD-ve Memory,0.018271206
CTAACTTCATCAGTAC-1,NAIVE 2,0.030567968
CTAACTTCATCGTCGG-1,DN2,0.18553443
CTAACTTGTAAACACA-1,NAIVE 1,0.041175637
CTAACTTGTAAGTAGT-1,ASC 2,0.7312852
CTAACTTGTACTCGCG-1,NAIVE 2,0.019102424
CTAACTTGTATTAGCC-1,IgD-ve Memory,0.047674697
CTAACTTGTCAAAGAT-1,IgD+ve Memory,0.046874423
CTAACTTGTCAACTGT-1,IgD+ve Memory,0.064751826
CTAACTTGTCAGAATA-1,IgD+ve Memory,0.05124326
CTAACTTGTCCAAGTT-1,IgD+ve Memory,0.052424803
CTAACTTGTCTCAACA-1,IgD-ve Memory,0.037063655
CTAACTTGTCTCATCC-1,ASC 2,0.7533532
CTAACTTGTGGGTATG-1,ASC 2,0.7638622
CTAACTTGTTCTCATT-1,IgD-ve Memory,0.040056013
CTAACTTGTTCTGAAC-1,NAIVE 1,0.11770748
CTAACTTGTTCTGTTT-1,ASC 3,0.7675474
CTAACTTTCATTATCC-1,ASC 2,0.8477375
CTAACTTTCCACGAAT-1,NAIVE 1,0.044119265
CTAACTTTCCTCATTA-1,IgD-ve Memory,0.048472106
CTAAGACAGCTCCTCT-1,ASC 2,0.7330754
CTAAGACAGGAGTTGC-1,IgD+ve Memory,0.033793412
CTAAGACAGGCATGGT-1,IgD-ve Memory,0.04257129
CTAAGACAGGCATGTG-1,ASC 1,0.70940864
CTAAGACCAAACCTAC-1,IgD+ve Memory,0.06754565
CTAAGACCAATGGACG-1,IgD+ve Memory,0.043108445
CTAAGACCACAGACTT-1,Early-Activation,0.050709963
CTAAGACCACGGCGTT-1,IgD-ve Memory,0.0609201
CTAAGACCAGATAATG-1,NAIVE 2,0.03581506
CTAAGACCAGCCTTTC-1,NAIVE 1,0.06805423
CTAAGACCATATGAGA-1,NAIVE 2,0.034308206
CTAAGACGTAGCCTAT-1,IgD+ve Memory,0.024169933
CTAAGACGTCACTTCC-1,IgD-ve Memory,0.043142833
CTAAGACGTCAGGACA-1,IgD+ve Memory,0.04802828
CTAAGACGTCATTAGC-1,ASC 3,0.795897
CTAAGACGTCCCGACA-1,ASC 2,0.5600698
CTAAGACGTGCTAGCC-1,HSP+,0.030133719
CTAAGACGTGCTGTAT-1,NAIVE 1,0.044910204
CTAAGACTCAAGGTAA-1,NAIVE 2,0.035903927
CTAAGACTCAGCTTAG-1,ASC 2,0.7183497
CTAAGACTCCGAACGC-1,IgD-ve Memory,0.041280106
CTAAGACTCGAGAGCA-1,NAIVE 2,0.056752563
CTAAGACTCTACCAGA-1,NAIVE 2,0.026711948
CTAAGACTCTGCAAGT-1,IgD-ve Memory,0.033606566
CTAAGACTCTGGTTCC-1,Early-Activation,0.056223415
CTAAGACTCTTACCTA-1,IgD-ve Memory,0.039400313
CTAAGACTCTTTACGT-1,NAIVE 2,0.029841226
CTAATGGAGAAACCAT-1,IgD-ve Memory,0.03048611
CTAATGGAGAGTCGGT-1,ASC 3,0.8614237
CTAATGGAGCAGGCTA-1,IgD+ve Memory,0.0461834
CTAATGGAGCGCTCCA-1,NAIVE 1,0.03933065
CTAATGGAGCTAAACA-1,NAIVE 2,0.031477515
CTAATGGAGCTGGAAC-1,NAIVE 2,0.0167752
CTAATGGAGGACTGGT-1,DN2,0.22559105
CTAATGGAGTGGTAGC-1,IgD+ve Memory,0.0330567
CTAATGGCAAATACAG-1,NAIVE 2,0.03563518
CTAATGGCAAGCTGTT-1,DN2,0.18223469
CTAATGGCAAGTTGTC-1,HSP+,0.11829115
CTAATGGCACAAGCCC-1,ASC 3,0.7765218
CTAATGGCACAGAGGT-1,IgD-ve Memory,0.050771076
CTAATGGCAGACGTAG-1,IgD+ve Memory,0.0770276
CTAATGGCAGCATGAG-1,NAIVE 1,0.18570866
CTAATGGGTAGCAAAT-1,IgD-ve Memory,0.04365582
CTAATGGGTGTAAGTA-1,Transitional,0.11854426
CTAATGGGTTACGCGC-1,IgD+ve Memory,0.04497093
CTAATGGGTTGTACAC-1,NAIVE 2,0.03272926
CTAATGGTCAACGCTA-1,NAIVE 2,0.050852135
CTAATGGTCACAGTAC-1,IgD+ve Memory,0.051322207
CTAATGGTCACGCATA-1,IgD-ve Memory,0.05450849
CTAATGGTCCCGGATG-1,IgD-ve Memory,0.034493268
CTAATGGTCCTTTCGG-1,IgD+ve Memory,0.03857071
CTAATGGTCGTTTGCC-1,IgD-ve Memory,0.053818144
CTAATGGTCTCGATGA-1,IgD-ve Memory,0.053347815
CTAATGGTCTCGGACG-1,DN2,0.17917384
CTAATGGTCTGTACGA-1,DN2,0.20548993
CTAATGGTCTTGCCGT-1,NAIVE 2,0.07572265
CTACACCAGACCTTTG-1,NAIVE 1,0.04087564
CTACACCAGATACACA-1,Cell-Cycling,0.38818175
CTACACCAGATGTTAG-1,NAIVE 2,0.022693004
CTACACCAGCAATATG-1,DN2,0.035308305
CTACACCAGCCACTAT-1,IgD-ve Memory,0.028631525
CTACACCAGCGTTTAC-1,ASC 2,0.8155403
CTACACCAGGAGCGTT-1,Transitional,0.11167846
CTACACCAGGCGCTCT-1,NAIVE 1,0.04196418
CTACACCAGTGAAGAG-1,NAIVE 1,0.074274674
CTACACCAGTGTACTC-1,ASC 2,0.7259493
CTACACCCAATAGAGT-1,ASC 2,0.809599
CTACACCCAATGGACG-1,IgD+ve Memory,0.058282275
CTACACCCACTTAACG-1,IgD-ve Memory,0.046388123
CTACACCCATCATCCC-1,ASC 2,0.70190334
CTACACCCATGAGCGA-1,IgD-ve Memory,0.03294327
CTACACCGTAAAGGAG-1,NAIVE 1,0.030480584
CTACACCGTACTCAAC-1,Early-Activation,0.05729848
CTACACCGTATAATGG-1,IgD+ve Memory,0.037056323
CTACACCGTCTAACGT-1,NAIVE 1,0.041517925
CTACACCGTGAGCGAT-1,NAIVE 1,0.04973789
CTACACCGTGCAGACA-1,ASC 2,0.9939718
CTACACCGTGCTTCTC-1,NAIVE 1,0.037059218
CTACACCGTGTGACCC-1,IgD-ve Memory,0.036774512
CTACACCGTTCCGGCA-1,IgD-ve Memory,0.09635409
CTACACCTCCCATTAT-1,IgD-ve Memory,0.025979022
CTACACCTCCGTAGTA-1,NAIVE 2,0.079118565
CTACACCTCGCATGGC-1,ASC 2,0.83580554
CTACACCTCGCCAAAT-1,NAIVE 2,0.031939745
CTACACCTCGGCGCAT-1,NAIVE 1,0.044680115
CTACACCTCTAACTCT-1,IgD+ve Memory,0.06746109
CTACACCTCTCCCTGA-1,IgD-ve Memory,0.027857417
CTACATTAGAAACCTA-1,IgD-ve Memory,0.04757493
CTACATTAGAAGGCCT-1,IgD-ve Memory,0.044355977
CTACATTAGAGACTTA-1,NAIVE 1,0.052347697
CTACATTAGAGAGCTC-1,NAIVE 1,0.033188973
CTACATTAGAGGTACC-1,IgD+ve Memory,0.04826194
CTACATTAGCAATCTC-1,IgD-ve Memory,0.04827231
CTACATTCAAGGACTG-1,HSP+,0.041066162
CTACATTCACAAGTAA-1,IgD-ve Memory,0.03738595
CTACATTCACCAACCG-1,IgD-ve Memory,0.0605892
CTACATTCACCAGATT-1,IgD-ve Memory,0.04184862
CTACATTCACGGTAAG-1,IgD-ve Memory,0.026046118
CTACATTCAGTCACTA-1,IgD-ve Memory,0.033033762
CTACATTCATCGGACC-1,Transitional,0.13144098
CTACATTGTAAGAGAG-1,IgD-ve Memory,0.049953002
CTACATTGTACCAGTT-1,NAIVE 1,0.068704404
CTACATTGTCAACTGT-1,NAIVE 1,0.043880876
CTACATTGTCCGTCAG-1,IgD-ve Memory,0.028728181
CTACATTGTCGGATCC-1,Transitional,0.09171606
CTACATTGTCGGCTCA-1,NAIVE 2,0.016475689
CTACATTGTCTAGTGT-1,IgD-ve Memory,0.034648795
CTACATTGTTCACCTC-1,IgD+ve Memory,0.034307044
CTACATTGTTGAACTC-1,IgD-ve Memory,0.03804028
CTACATTGTTTGTGTG-1,NAIVE 1,0.0564074
CTACATTTCACTTCAT-1,ASC 2,0.7670437
CTACATTTCCGTCAAA-1,IgD-ve Memory,0.04387709
CTACATTTCCGTTGCT-1,DN2,0.19581468
CTACATTTCCTCGCAT-1,ASC 2,0.73735535
CTACCCAAGATATACG-1,IgD-ve Memory,0.012913443
CTACCCAAGCGTAATA-1,NAIVE 1,0.03661322
CTACCCAAGCTTCGCG-1,IgD-ve Memory,0.031149965
CTACCCAAGGTGATTA-1,NAIVE 2,0.046423335
CTACCCACAAGAAAGG-1,IgD-ve Memory,0.04795032
CTACCCACAAGCGCTC-1,IgD-ve Memory,0.0440006
CTACCCACAATGGAAT-1,DN2,0.10929854
CTACCCACAATGGAGC-1,HSP+,0.058339044
CTACCCACACATTCGA-1,Early-Activation,0.042500228
CTACCCACACCGATAT-1,IgD-ve Memory,0.058175553
CTACCCACACGGTAAG-1,HSP+,0.033075906
CTACCCACATAGTAAG-1,NAIVE 2,0.06890606
CTACCCACATGAGCGA-1,IgD-ve Memory,0.023028074
CTACCCACATGCAACT-1,IgD+ve Memory,0.03591124
CTACCCACATGGGACA-1,IgD+ve Memory,0.0417914
CTACCCAGTAAGGGCT-1,IgD-ve Memory,0.04539289
CTACCCAGTACGACCC-1,IgD+ve Memory,0.05279076
CTACCCAGTCAGGACA-1,NAIVE 2,0.01116327
CTACCCAGTTCATGGT-1,IgD+ve Memory,0.05348147
CTACCCAGTTTGTGTG-1,Cell-Cycling,0.3559309
CTACCCATCACCCTCA-1,NAIVE 1,0.028065713
CTACCCATCAGCAACT-1,IgD+ve Memory,0.023318352
CTACCCATCCCAAGTA-1,DN2,0.048233148
CTACCCATCCGCTGTT-1,Early-Activation,0.053812638
CTACCCATCCTATGTT-1,Early-Activation,0.055484332
CTACCCATCCTCAACC-1,IgD-ve Memory,0.03320876
CTACCCATCGCCAAAT-1,IgD-ve Memory,0.051538795
CTACCCATCGTTGACA-1,IgD-ve Memory,0.037519667
CTACCCATCTATCGCC-1,NAIVE 1,0.08368726
CTACGTCAGATAGGAG-1,NAIVE 2,0.0496183
CTACGTCAGATCCTGT-1,NAIVE 2,0.032882936
CTACGTCAGCACACAG-1,NAIVE 2,0.0861849
CTACGTCAGCGGATCA-1,IgD-ve Memory,0.032259464
CTACGTCAGGGTTTCT-1,IgD-ve Memory,0.07240878
CTACGTCAGTGCAAGC-1,ASC 2,0.703082
CTACGTCAGTGGTAGC-1,ASC 2,0.853946
CTACGTCCAACTGCTA-1,HSP+,0.045444593
CTACGTCCAAGGACAC-1,NAIVE 2,0.04854894
CTACGTCCACATCCGG-1,NAIVE 1,0.0449198
CTACGTCCAGCCTTTC-1,IgD+ve Memory,0.05232082
CTACGTCCAGCTATTG-1,HSP+,0.04709629
CTACGTCGTAATAGCA-1,Cell-Cycling,0.44871092
CTACGTCGTATATCCG-1,IgD-ve Memory,0.046793967
CTACGTCGTCAGGACA-1,HSP+,0.04683397
CTACGTCGTTCTGAAC-1,NAIVE 1,0.045204557
CTACGTCTCAGGATCT-1,DN2,0.21459028
CTACGTCTCCACGTGG-1,NAIVE 1,0.025902815
CTACGTCTCCGCTGTT-1,DN2,0.19492592
CTACGTCTCGCCCTTA-1,IgD-ve Memory,0.029199237
CTACGTCTCGTTTGCC-1,DN2,0.20695394
CTACGTCTCTATCCTA-1,IgD+ve Memory,0.051437546
CTACGTCTCTTCGGTC-1,IgD-ve Memory,0.04386477
CTAGAGTAGAAACCAT-1,IgD+ve Memory,0.055083007
CTAGAGTAGCACCGTC-1,NAIVE 2,0.07906595
CTAGAGTAGGAGCGTT-1,NAIVE 1,0.06866781
CTAGAGTAGGATGCGT-1,IgD+ve Memory,0.04179474
CTAGAGTAGGCAGTCA-1,IgD+ve Memory,0.072004065
CTAGAGTAGGCCATAG-1,IgD+ve Memory,0.04031055
CTAGAGTAGGCTACGA-1,IgD+ve Memory,0.03552144
CTAGAGTAGGGATACC-1,DN2,0.19800504
CTAGAGTAGGTCGGAT-1,Transitional,0.1081916
CTAGAGTAGGTGATTA-1,IgD-ve Memory,0.034406245
CTAGAGTCAACGCACC-1,IgD-ve Memory,0.030314613
CTAGAGTCAATGACCT-1,IgD-ve Memory,0.027416898
CTAGAGTCACCACGTG-1,IgD-ve Memory,0.041453905
CTAGAGTCACCGGAAA-1,IgD+ve Memory,0.055443607
CTAGAGTCAGCGAACA-1,IgD+ve Memory,0.054981016
CTAGAGTCAGCGTCCA-1,IgD-ve Memory,0.041725077
CTAGAGTCATATACGC-1,HSP+,0.048633136
CTAGAGTCATGCAACT-1,IgD-ve Memory,0.03613213
CTAGAGTGTAAATGAC-1,NAIVE 1,0.050887633
CTAGAGTGTAATAGCA-1,IgD+ve Memory,0.03105698
CTAGAGTGTACCGAGA-1,Cell-Cycling,0.5482175
CTAGAGTGTAGGGTAC-1,Cell-Cycling,0.40450633
CTAGAGTGTATGGTTC-1,ASC 2,0.60548085
CTAGAGTGTCGCTTTC-1,NAIVE 1,0.047476314
CTAGAGTGTCTGCCAG-1,IgD-ve Memory,0.059481036
CTAGAGTGTTGAGTTC-1,HSP+,0.2231484
CTAGAGTTCACAGGCC-1,Early-Activation,0.038327247
CTAGAGTTCAGTGTTG-1,ASC 2,0.81867546
CTAGAGTTCATGCTCC-1,IgD+ve Memory,0.03793924
CTAGAGTTCCATGCTC-1,IgD-ve Memory,0.04446715
CTAGAGTTCCTACAGA-1,NAIVE 1,0.037323166
CTAGAGTTCGGCATCG-1,DN2,0.08685627
CTAGAGTTCGTAGGTT-1,HSP+,0.03287646
CTAGAGTTCTTTCCTC-1,IgD+ve Memory,0.06464764
CTAGCCTAGAAGGGTA-1,IgD+ve Memory,0.040420584
CTAGCCTAGAGTGACC-1,Cell-Cycling,0.2601069
CTAGCCTAGCAATATG-1,IgD+ve Memory,0.07907356
CTAGCCTAGCAGCCTC-1,IgD+ve Memory,0.0332448
CTAGCCTAGCTAAACA-1,IgD+ve Memory,0.08195724
CTAGCCTAGCTGAAAT-1,IgD-ve Memory,0.042185184
CTAGCCTAGGAGCGAG-1,NAIVE 1,0.073585205
CTAGCCTAGTGAACGC-1,IgD-ve Memory,0.026633872
CTAGCCTCAAATACAG-1,NAIVE 1,0.03561192
CTAGCCTCAACGCACC-1,NAIVE 2,0.04157035
CTAGCCTCAACTGGCC-1,IgD-ve Memory,0.02636743
CTAGCCTCAAGCCCAC-1,IgD+ve Memory,0.042011734
CTAGCCTCACATCCAA-1,IgD+ve Memory,0.06248515
CTAGCCTCACTTAACG-1,IgD+ve Memory,0.040256534
CTAGCCTCAGATGAGC-1,NAIVE 2,0.032519378
CTAGCCTCATGCTGGC-1,NAIVE 1,0.041769948
CTAGCCTCATGTTGAC-1,IgD+ve Memory,0.040842935
CTAGCCTGTCATCGGC-1,NAIVE 1,0.02671077
CTAGCCTGTCGGCACT-1,IgD+ve Memory,0.054085232
CTAGCCTGTCTCCATC-1,IgD-ve Memory,0.046001315
CTAGCCTGTGACGGTA-1,IgD-ve Memory,0.057342317
CTAGCCTGTGCACCAC-1,DN2,0.084765725
CTAGCCTGTGCGGTAA-1,IgD+ve Memory,0.03808753
CTAGCCTGTGGTGTAG-1,NAIVE 2,0.030222788
CTAGCCTGTGGTTTCA-1,HSP+,0.031489603
CTAGCCTGTGTTTGGT-1,IgD+ve Memory,0.06117759
CTAGCCTGTTGGAGGT-1,IgD-ve Memory,0.02878876
CTAGCCTGTTTGGCGC-1,IgD+ve Memory,0.055046424
CTAGCCTTCAACGGGA-1,NAIVE 1,0.0798113
CTAGCCTTCAAGAAGT-1,NAIVE 2,0.035078008
CTAGCCTTCCCAACGG-1,IgD-ve Memory,0.029268406
CTAGCCTTCCTTCAAT-1,NAIVE 1,0.039876107
CTAGCCTTCCTTTACA-1,IgD-ve Memory,0.043745473
CTAGCCTTCGCCAGCA-1,IgD+ve Memory,0.029663311
CTAGCCTTCGCTGATA-1,IgD-ve Memory,0.0443724
CTAGCCTTCTATCCCG-1,NAIVE 1,0.05186993
CTAGCCTTCTCTGCTG-1,NAIVE 2,0.027375694
CTAGCCTTCTGGTTCC-1,IgD-ve Memory,0.06684389
CTAGTGAAGACACGAC-1,NAIVE 1,0.029308606
CTAGTGAAGAGACTTA-1,ASC 2,0.82079166
CTAGTGAAGAGCTATA-1,ASC 2,0.74750954
CTAGTGAAGCGTTTAC-1,IgD-ve Memory,0.028700251
CTAGTGAAGGCAGGTT-1,IgD-ve Memory,0.032088812
CTAGTGAAGTCCGGTC-1,NAIVE 1,0.057490293
CTAGTGAAGTTAACGA-1,IgD-ve Memory,0.028417334
CTAGTGACAAACCCAT-1,NAIVE 1,0.042873885
CTAGTGACAAACGTGG-1,DN2,0.20070665
CTAGTGACAACTGGCC-1,ASC 2,0.6205954
CTAGTGACAATGAAAC-1,IgD+ve Memory,0.039348967
CTAGTGACACAAGTAA-1,IgD+ve Memory,0.065127544
CTAGTGACACCCTATC-1,NAIVE 2,0.017334243
CTAGTGACACCTATCC-1,Early-Activation,0.041091155
CTAGTGACACGAGGTA-1,NAIVE 1,0.044723783
CTAGTGACATGGTCTA-1,HSP+,0.104796335
CTAGTGACATTACGAC-1,NAIVE 1,0.043046102
CTAGTGAGTCTAACGT-1,IgD+ve Memory,0.0567933
CTAGTGAGTGATGCCC-1,NAIVE 2,0.03613876
CTAGTGAGTGGTTTCA-1,NAIVE 2,0.011235609
CTAGTGAGTTTGTGTG-1,NAIVE 2,0.057140566
CTAGTGATCACATACG-1,IgD-ve Memory,0.044127494
CTAGTGATCAGCGACC-1,NAIVE 2,0.044501014
CTAGTGATCCAGTATG-1,DN2,0.19375
CTAGTGATCTCAAACG-1,Early-Activation,0.043013856
CTCACACAGAAAGTGG-1,DN2,0.15955894
CTCACACAGAGTAATC-1,IgD+ve Memory,0.038027544
CTCACACAGCCGCCTA-1,NAIVE 1,0.026539883
CTCACACAGCTCCTTC-1,NAIVE 1,0.05367007
CTCACACAGGAGTACC-1,IgD-ve Memory,0.0461536
CTCACACAGGCACATG-1,NAIVE 1,0.041928593
CTCACACAGGTGGGTT-1,IgD+ve Memory,0.053746656
CTCACACCAACACGCC-1,NAIVE 1,0.025224492
CTCACACCAAGCCGCT-1,DN2,0.20325318
CTCACACCAATGTAAG-1,Early-Activation,0.05783137
CTCACACCACATTAGC-1,ASC 2,0.85726327
CTCACACCATCCCATC-1,IgD-ve Memory,0.029615162
CTCACACGTAACGACG-1,NAIVE 2,0.024933016
CTCACACGTAGCACGA-1,NAIVE 1,0.030028291
CTCACACGTCTGCAAT-1,NAIVE 1,0.025388164
CTCACACGTGTAACGG-1,IgD-ve Memory,0.019431021
CTCACACTCAGGCCCA-1,DN2,0.08031773
CTCACACTCATATCGG-1,HSP+,0.0336625
CTCACACTCATGCTCC-1,IgD-ve Memory,0.06478257
CTCACACTCCCAACGG-1,IgD+ve Memory,0.055161886
CTCACACTCCGTTGCT-1,ASC 2,0.8558532
CTCACACTCGGTCCGA-1,Cell-Cycling,0.40283754
CTCACACTCTCGTTTA-1,IgD+ve Memory,0.04113734
CTCACACTCTGAAAGA-1,NAIVE 2,0.023352847
CTCAGAAAGAAACCGC-1,IgD-ve Memory,0.050586876
CTCAGAAAGACTCGGA-1,NAIVE 2,0.030076867
CTCAGAAAGAGACTTA-1,IgD-ve Memory,0.059782296
CTCAGAAAGAGCTTCT-1,NAIVE 1,0.04039515
CTCAGAAAGCCGTCGT-1,IgD+ve Memory,0.03284214
CTCAGAAAGCGCTCCA-1,IgD-ve Memory,0.051359918
CTCAGAAAGGGTGTTG-1,IgD-ve Memory,0.045829814
CTCAGAACAAACAACA-1,IgD+ve Memory,0.038422085
CTCAGAACAGATCCAT-1,ASC 2,0.61903876
CTCAGAACAGGATTGG-1,IgD+ve Memory,0.05030672
CTCAGAACAGTCAGAG-1,IgD+ve Memory,0.028176788
CTCAGAACATCAGTCA-1,ASC 2,0.88468474
CTCAGAAGTCCATCCT-1,IgD+ve Memory,0.06498409
CTCAGAAGTCGAAAGC-1,Cell-Cycling,0.62118304
CTCAGAAGTCTCCATC-1,NAIVE 1,0.031534728
CTCAGAATCACTTACT-1,Cell-Cycling,0.61699754
CTCAGAATCAGTCAGT-1,ASC 2,0.7684853
CTCAGAATCATAAAGG-1,NAIVE 2,0.009231298
CTCAGAATCATTCACT-1,NAIVE 1,0.0568936
CTCAGAATCCACGCAG-1,IgD+ve Memory,0.030425245
CTCAGAATCCACTGGG-1,ASC 2,0.49703813
CTCAGAATCCCATTTA-1,IgD-ve Memory,0.017391006
CTCAGAATCCCTGACT-1,ASC 2,0.86976856
CTCAGAATCGACCAGC-1,IgD+ve Memory,0.065364294
CTCAGAATCGGCGCTA-1,IgD+ve Memory,0.034892283
CTCAGAATCGGCTACG-1,NAIVE 2,0.031982746
CTCAGAATCTATGTGG-1,Transitional,0.1179941
CTCAGAATCTCACATT-1,Early-Activation,0.06243808
CTCATTAAGCCAGAAC-1,NAIVE 2,0.08315314
CTCATTAAGCGGCTTC-1,NAIVE 2,0.09668582
CTCATTAAGTCTCCTC-1,IgD-ve Memory,0.020934904
CTCATTAAGTGCAAGC-1,NAIVE 2,0.03114173
CTCATTAAGTGCGTGA-1,IgD-ve Memory,0.042890318
CTCATTAAGTGGTCCC-1,HSP+,0.096397445
CTCATTACACACAGAG-1,IgD+ve Memory,0.031483352
CTCATTACATGCCCGA-1,DN2,0.19479915
CTCATTACATGCCTAA-1,NAIVE 1,0.036588386
CTCATTAGTAGAAGGA-1,IgD+ve Memory,0.037360974
CTCATTAGTATCGCAT-1,IgD+ve Memory,0.06065287
CTCATTAGTCAACTGT-1,Transitional,0.11823886
CTCATTAGTCACCTAA-1,NAIVE 1,0.066267945
CTCATTAGTCATCCCT-1,ASC 2,0.89078355
CTCATTAGTCCGCTGA-1,ASC 2,0.8286995
CTCATTAGTCTCACCT-1,IgD-ve Memory,0.042340014
CTCATTAGTTCCATGA-1,IgD+ve Memory,0.048982114
CTCATTATCCTAGAAC-1,ASC 2,0.7519781
CTCATTATCCTCATTA-1,NAIVE 2,0.016581314
CTCATTATCTCTTATG-1,IgD+ve Memory,0.04803885
CTCCTAGAGCAGACTG-1,NAIVE 2,0.041425083
CTCCTAGAGCCATCGC-1,IgD+ve Memory,0.050609946
CTCCTAGAGCTATGCT-1,NAIVE 1,0.0428913
CTCCTAGAGGCCCTTG-1,NAIVE 2,0.025834557
CTCCTAGAGGGCATGT-1,NAIVE 1,0.037089165
CTCCTAGAGGTGCTTT-1,IgD+ve Memory,0.07283559
CTCCTAGAGTGCTGCC-1,IgD+ve Memory,0.043248124
CTCCTAGCAAAGAATC-1,IgD-ve Memory,0.036312338
CTCCTAGCAATGAATG-1,IgD-ve Memory,0.03939778
CTCCTAGCATGAGCGA-1,NAIVE 1,0.04452694
CTCCTAGGTAAACACA-1,NAIVE 2,0.15497793
CTCCTAGGTAGTGAAT-1,NAIVE 1,0.036691263
CTCCTAGGTCCGTTAA-1,Early-Activation,0.063962415
CTCCTAGGTGTATGGG-1,NAIVE 1,0.036876664
CTCCTAGGTGTGTGCC-1,IgD-ve Memory,0.019919287
CTCCTAGGTTACCGAT-1,HSP+,0.026615808
CTCCTAGTCCCAAGTA-1,IgD+ve Memory,0.039114576
CTCCTAGTCCCAGGTG-1,HSP+,0.14372833
CTCCTAGTCCCGACTT-1,IgD-ve Memory,0.041358687
CTCCTAGTCGCCTGTT-1,IgD-ve Memory,0.032380957
CTCCTAGTCTATCGCC-1,Early-Activation,0.05735681
CTCCTAGTCTTTACAC-1,NAIVE 2,0.04148887
CTCGAAAAGAAACGCC-1,IgD+ve Memory,0.055192042
CTCGAAAAGACCACGA-1,IgD+ve Memory,0.05604029
CTCGAAAAGACTTTCG-1,IgD-ve Memory,0.05130034
CTCGAAAAGATCCTGT-1,IgD-ve Memory,0.0279685
CTCGAAAAGCAGACTG-1,IgD-ve Memory,0.027404992
CTCGAAAAGCGAGAAA-1,IgD+ve Memory,0.026125671
CTCGAAAAGGCTCTTA-1,IgD+ve Memory,0.064152166
CTCGAAAAGGGTATCG-1,Cell-Cycling,0.63601846
CTCGAAACAACACCCG-1,IgD-ve Memory,0.05769094
CTCGAAACAAGCTGTT-1,Transitional,0.108791605
CTCGAAACACACATGT-1,ASC 3,0.84421325
CTCGAAACACCCATTC-1,IgD-ve Memory,0.05538664
CTCGAAACACCTATCC-1,IgD+ve Memory,0.031589944
CTCGAAACAGCATACT-1,NAIVE 2,0.027590828
CTCGAAACATGTCGAT-1,NAIVE 2,0.04487995
CTCGAAACATTGGGCC-1,IgD+ve Memory,0.05260226
CTCGAAAGTAATCACC-1,NAIVE 2,0.035253327
CTCGAAAGTATATCCG-1,ASC 2,0.71263653
CTCGAAAGTATCACCA-1,IgD+ve Memory,0.049250677
CTCGAAAGTCAGGACA-1,IgD-ve Memory,0.06889215
CTCGAAAGTCCAGTTA-1,DN2,0.17140444
CTCGAAAGTCCTAGCG-1,IgD+ve Memory,0.041233014
CTCGAAAGTGCAACTT-1,IgD+ve Memory,0.06711999
CTCGAAAGTGCCTGGT-1,IgD+ve Memory,0.030581942
CTCGAAATCATAGCAC-1,NAIVE 1,0.05473693
CTCGAAATCATTATCC-1,NAIVE 2,0.04352167
CTCGAAATCCACGAAT-1,NAIVE 2,0.05906077
CTCGAAATCCACTCCA-1,IgD-ve Memory,0.04318234
CTCGAAATCCATTCTA-1,ASC 2,0.6706335
CTCGAAATCGACGGAA-1,IgD-ve Memory,0.032265652
CTCGAAATCGTACGGC-1,NAIVE 1,0.054093845
CTCGAAATCGTAGGAG-1,HSP+,0.044382155
CTCGAAATCGTTGACA-1,DN2,0.21685664
CTCGAAATCTATCGCC-1,NAIVE 1,0.07510855
CTCGAAATCTTTACAC-1,Early-Activation,0.043064546
CTCGAGGAGAATAGGG-1,ASC 2,0.81634915
CTCGAGGAGACTACAA-1,NAIVE 2,0.052634157
CTCGAGGAGAGCTATA-1,IgD+ve Memory,0.03712382
CTCGAGGAGTGGCACA-1,Early-Activation,0.038160823
CTCGAGGAGTGTTTGC-1,HSP+,0.020228263
CTCGAGGCAAGGTTCT-1,NAIVE 2,0.027136168
CTCGAGGCAATGGAAT-1,NAIVE 2,0.08859122
CTCGAGGCACAGATTC-1,DN2,0.21105805
CTCGAGGCACCAGGCT-1,IgD-ve Memory,0.04517615
CTCGAGGCAGTTAACC-1,NAIVE 2,0.027555043
CTCGAGGGTAAGTGTA-1,IgD-ve Memory,0.16265592
CTCGAGGGTATGGTTC-1,NAIVE 2,0.018065935
CTCGAGGGTTACCAGT-1,NAIVE 1,0.041968662
CTCGAGGGTTCAACCA-1,DN2,0.19163671
CTCGAGGTCAATAAGG-1,ASC 2,0.8110696
CTCGAGGTCACCAGGC-1,Early-Activation,0.047937162
CTCGAGGTCAGGTAAA-1,Early-Activation,0.044508148
CTCGAGGTCATGCTCC-1,IgD-ve Memory,0.035462238
CTCGAGGTCCGGGTGT-1,DN2,0.17410377
CTCGAGGTCGGTCTAA-1,ASC 2,0.6662468
CTCGAGGTCTACTTAC-1,IgD+ve Memory,0.026420627
CTCGAGGTCTTTCCTC-1,NAIVE 2,0.027682217
CTCGGAGAGCACAGGT-1,NAIVE 1,0.07356362
CTCGGAGAGTATCGAA-1,IgD+ve Memory,0.051267967
CTCGGAGAGTTTAGGA-1,NAIVE 1,0.045475107
CTCGGAGCAATCAGAA-1,IgD-ve Memory,0.04397482
CTCGGAGCACACTGCG-1,ASC 3,0.85489774
CTCGGAGCACCCTATC-1,ASC 2,0.7918507
CTCGGAGCACTTGGAT-1,IgD-ve Memory,0.023287445
CTCGGAGCAGGGTATG-1,IgD+ve Memory,0.07594214
CTCGGAGCATATGCTG-1,ASC 2,0.6190377
CTCGGAGGTACCGAGA-1,IgD-ve Memory,0.066245705
CTCGGAGGTAGGACAC-1,NAIVE 2,0.045907654
CTCGGAGGTAGGGTAC-1,NAIVE 1,0.024306584
CTCGGAGGTCGATTGT-1,IgD+ve Memory,0.07478791
CTCGGAGGTTCCACTC-1,IgD+ve Memory,0.03545487
CTCGGAGTCCCAAGAT-1,IgD-ve Memory,0.018798802
CTCGGAGTCCCTAATT-1,DN2,0.0756007
CTCGGAGTCGAACTGT-1,IgD-ve Memory,0.04563764
CTCGGAGTCGAGAACG-1,ASC 2,0.8022196
CTCGGAGTCGGTGTTA-1,IgD+ve Memory,0.043230668
CTCGGAGTCTAACTGG-1,IgD-ve Memory,0.053482514
CTCGGAGTCTAACTTC-1,IgD+ve Memory,0.04337224
CTCGGAGTCTAGCACA-1,IgD+ve Memory,0.050580543
CTCGGAGTCTGGTGTA-1,DN2,0.2281202
CTCGGAGTCTGTTGAG-1,ASC 3,0.7507888
CTCGGAGTCTTAACCT-1,IgD-ve Memory,0.020664206
CTCGGGAAGAGGACGG-1,ASC 1,0.51780933
CTCGGGAAGCCGGTAA-1,IgD+ve Memory,0.05457265
CTCGGGAAGCTACCGC-1,IgD-ve Memory,0.02991215
CTCGGGAAGGACAGAA-1,IgD+ve Memory,0.055997044
CTCGGGAAGTAGCCGA-1,NAIVE 1,0.047455415
CTCGGGAAGTTCCACA-1,HSP+,0.03257369
CTCGGGAAGTTGCAGG-1,ASC 2,0.6506807
CTCGGGACAAATTGCC-1,IgD-ve Memory,0.04156642
CTCGGGACAAGCTGGA-1,ASC 2,0.794812
CTCGGGACACAGACAG-1,NAIVE 1,0.045869246
CTCGGGACACCTCGGA-1,NAIVE 2,0.03389727
CTCGGGACACTAGTAC-1,IgD-ve Memory,0.024050515
CTCGGGACAGTGGGAT-1,IgD-ve Memory,0.014078559
CTCGGGACAGTTCCCT-1,NAIVE 1,0.057144538
CTCGGGACATCACGTA-1,IgD+ve Memory,0.06705252
CTCGGGACATCGGTTA-1,ASC 2,0.60558206
CTCGGGACATGGGAAC-1,HSP+,0.031927876
CTCGGGACATTTGCTT-1,ASC 2,0.78579885
CTCGGGAGTAAGTGGC-1,DN2,0.036451373
CTCGGGAGTCCTGCTT-1,Early-Activation,0.049416844
CTCGGGAGTGAGGGTT-1,IgD-ve Memory,0.056518633
CTCGGGAGTGGCGAAT-1,NAIVE 1,0.05704993
CTCGGGAGTTCCAACA-1,NAIVE 1,0.030365914
CTCGGGAGTTGCTCCT-1,NAIVE 2,0.029335275
CTCGGGAGTTGTGGAG-1,NAIVE 2,0.018617375
CTCGGGATCACCACCT-1,NAIVE 1,0.098703966
CTCGGGATCATGTCCC-1,ASC 2,0.7313316
CTCGGGATCCGCGCAA-1,IgD-ve Memory,0.034947246
CTCGGGATCGAGAGCA-1,ASC 2,0.80221426
CTCGGGATCGCCTGTT-1,NAIVE 1,0.05223298
CTCGTACAGAGGTTAT-1,ASC 3,0.77283376
CTCGTACAGTTTCCTT-1,IgD-ve Memory,0.031566862
CTCGTACCAACACCTA-1,IgD-ve Memory,0.038369372
CTCGTACCAACTGGCC-1,IgD+ve Memory,0.03550868
CTCGTACCAAGCTGAG-1,ASC 3,0.7904894
CTCGTACCACATCCGG-1,IgD+ve Memory,0.02547611
CTCGTACCACTGCCAG-1,IgD-ve Memory,0.030160017
CTCGTACCAGACGCCT-1,ASC 1,0.8108857
CTCGTACCAGCGATCC-1,ASC 2,0.8058264
CTCGTACCATGTCTCC-1,ASC 1,0.85788023
CTCGTACCATGTTGAC-1,DN2,0.19352107
CTCGTACGTACCGAGA-1,IgD+ve Memory,0.041155443
CTCGTACGTAGAAAGG-1,IgD+ve Memory,0.02653598
CTCGTACGTAGGAGTC-1,HSP+,0.03676389
CTCGTACGTCACAAGG-1,IgD-ve Memory,0.025225831
CTCGTACGTCATATGC-1,NAIVE 2,0.06518749
CTCGTACGTCGCGAAA-1,NAIVE 2,0.0061025363
CTCGTACGTCTGGAGA-1,Cell-Cycling,0.30787197
CTCGTACGTGGCGAAT-1,IgD+ve Memory,0.05011181
CTCGTACGTTATCCGA-1,ASC 2,0.69061804
CTCGTACGTTCTGAAC-1,NAIVE 2,0.021195095
CTCGTACGTTGGAGGT-1,HSP+,0.116705015
CTCGTACTCACGCGGT-1,ASC 2,0.7259064
CTCGTACTCAGTCAGT-1,ASC 2,0.90556276
CTCGTACTCAGTTGAC-1,NAIVE 1,0.038248386
CTCGTACTCATAGCAC-1,NAIVE 2,0.008459297
CTCGTACTCGCGTTTC-1,IgD+ve Memory,0.04101271
CTCGTACTCTCCTATA-1,NAIVE 2,0.05931182
CTCGTACTCTGATTCT-1,ASC 2,0.7596557
CTCGTACTCTTGTCAT-1,IgD-ve Memory,0.04552878
CTCGTACTCTTTCCTC-1,IgD-ve Memory,0.049549412
CTCGTCAAGACTACAA-1,IgD+ve Memory,0.0671749
CTCGTCAAGCCAGAAC-1,IgD+ve Memory,0.037958704
CTCGTCAAGCTTCGCG-1,NAIVE 1,0.03934566
CTCGTCAAGGGTCGAT-1,NAIVE 2,0.068185866
CTCGTCAAGTGACATA-1,IgD-ve Memory,0.043632224
CTCGTCAAGTGATCGG-1,IgD-ve Memory,0.046185076
CTCGTCAAGTTAAGTG-1,NAIVE 1,0.031900987
CTCGTCAAGTTACGGG-1,IgD+ve Memory,0.043465804
CTCGTCAAGTTCGCAT-1,IgD+ve Memory,0.029442124
CTCGTCACACAACTGT-1,ASC 3,0.803314
CTCGTCACATCAGTAC-1,NAIVE 2,0.118635796
CTCGTCAGTAAAGTCA-1,NAIVE 2,0.061163835
CTCGTCAGTACATGTC-1,Cell-Cycling,0.7205594
CTCGTCAGTCCGACGT-1,NAIVE 1,0.047407918
CTCGTCAGTCGAAAGC-1,ASC 2,0.7364238
CTCGTCAGTGATGTGG-1,NAIVE 1,0.13497186
CTCGTCAGTGCCTGTG-1,ASC 2,0.71795696
CTCGTCAGTTCGGGCT-1,IgD-ve Memory,0.029969037
CTCGTCAGTTTGCATG-1,IgD+ve Memory,0.04894381
CTCGTCATCAAACCGT-1,IgD-ve Memory,0.104576804
CTCGTCATCGATAGAA-1,IgD-ve Memory,0.06363426
CTCGTCATCGCGTAGC-1,Early-Activation,0.060404796
CTCGTCATCGCTAGCG-1,ASC 3,0.7706145
CTCGTCATCGGTTAAC-1,ASC 2,0.831036
CTCGTCATCTCCCTGA-1,NAIVE 1,0.039264366
CTCGTCATCTCGGACG-1,NAIVE 1,0.032994155
CTCTAATAGAAGGCCT-1,Cell-Cycling,0.533539
CTCTAATAGAGGTAGA-1,ASC 2,0.6546913
CTCTAATAGATATGGT-1,IgD+ve Memory,0.075085595
CTCTAATAGCGATTCT-1,IgD+ve Memory,0.040622354
CTCTAATAGCGGCTTC-1,IgD+ve Memory,0.042835314
CTCTAATAGCGTCAAG-1,ASC 2,0.8287049
CTCTAATAGGCCGAAT-1,NAIVE 2,0.012319243
CTCTAATAGTCATCCA-1,IgD+ve Memory,0.056464035
CTCTAATAGTGACATA-1,HSP+,0.12051397
CTCTAATAGTGCTGCC-1,IgD-ve Memory,0.016690535
CTCTAATAGTGGTAGC-1,IgD+ve Memory,0.045650467
CTCTAATCAGCAGTTT-1,IgD+ve Memory,0.019795323
CTCTAATCAGTGGGAT-1,IgD+ve Memory,0.08324215
CTCTAATCAGTTTACG-1,IgD+ve Memory,0.0362394
CTCTAATGTAGCTTGT-1,IgD+ve Memory,0.08650918
CTCTAATGTATAATGG-1,ASC 3,0.74760944
CTCTAATGTCAATGTC-1,Early-Activation,0.050818965
CTCTAATGTCATTAGC-1,ASC 2,0.8342969
CTCTAATGTCGTCTTC-1,NAIVE 2,0.034295354
CTCTAATGTCTGATCA-1,HSP+,0.11924799
CTCTAATGTGAGTGAC-1,NAIVE 1,0.1608463
CTCTAATGTGCGAAAC-1,NAIVE 1,0.060773745
CTCTAATGTGCGCTTG-1,ASC 2,0.7775631
CTCTAATGTGGACGAT-1,NAIVE 2,0.007956034
CTCTAATGTGTGAAAT-1,NAIVE 1,0.034008402
CTCTAATGTTAAGGGC-1,IgD+ve Memory,0.033465758
CTCTAATTCAACACGT-1,NAIVE 2,0.025051259
CTCTAATTCACATGCA-1,IgD+ve Memory,0.07449593
CTCTAATTCCGGGTGT-1,IgD-ve Memory,0.040438436
CTCTAATTCCTTGGTC-1,IgD-ve Memory,0.036763582
CTCTAATTCGTACGGC-1,ASC 2,0.8579977
CTCTAATTCTGTCAAG-1,IgD+ve Memory,0.055267982
CTCTACGAGCACGCCT-1,IgD+ve Memory,0.06617683
CTCTACGAGGAACTGC-1,NAIVE 2,0.008292662
CTCTACGAGGAGTCTG-1,IgD-ve Memory,0.03738011
CTCTACGAGGATTCGG-1,IgD-ve Memory,0.028984616
CTCTACGAGGCCCTCA-1,IgD-ve Memory,0.055003375
CTCTACGAGGGATCTG-1,NAIVE 1,0.027899288
CTCTACGAGGGCTTCC-1,NAIVE 2,0.023567582
CTCTACGAGTGAAGTT-1,HSP+,0.043914665
CTCTACGAGTGGTAGC-1,IgD-ve Memory,0.04579132
CTCTACGAGTGTACGG-1,NAIVE 2,0.033986147
CTCTACGCACATCCGG-1,IgD-ve Memory,0.03468439
CTCTACGCACGTGAGA-1,ASC 2,0.70565
CTCTACGCACTCTGTC-1,IgD-ve Memory,0.043746997
CTCTACGCAGATGAGC-1,IgD+ve Memory,0.06643498
CTCTACGCATGACGGA-1,HSP+,0.04753819
CTCTACGCATTCACTT-1,IgD-ve Memory,0.0666092
CTCTACGCATTGAGCT-1,IgD-ve Memory,0.045155868
CTCTACGCATTTCACT-1,DN2,0.1661728
CTCTACGGTAATCACC-1,IgD+ve Memory,0.065736696
CTCTACGGTATAGGTA-1,DN2,0.18420538
CTCTACGGTGCTCTTC-1,DN2,0.18622813
CTCTACGGTGGTAACG-1,NAIVE 1,0.04349339
CTCTACGGTGTCTGAT-1,IgD-ve Memory,0.031300355
CTCTACGGTTAAGAAC-1,DN2,0.20482385
CTCTACGTCACCGGGT-1,IgD+ve Memory,0.041035302
CTCTACGTCATAACCG-1,IgD-ve Memory,0.042137258
CTCTACGTCATGCAAC-1,NAIVE 2,0.011888022
CTCTACGTCCGATATG-1,NAIVE 2,0.03468608
CTCTACGTCCTCATTA-1,IgD+ve Memory,0.052968618
CTCTACGTCCTCCTAG-1,IgD+ve Memory,0.061858885
CTCTACGTCGCACTCT-1,IgD-ve Memory,0.047935247
CTCTACGTCGGCGCTA-1,IgD-ve Memory,0.059494823
CTCTACGTCTACTTAC-1,IgD+ve Memory,0.036710706
CTCTACGTCTTGACGA-1,NAIVE 1,0.12168042
CTCTGGTAGATGCCAG-1,IgD+ve Memory,0.057525158
CTCTGGTAGGAGTAGA-1,IgD+ve Memory,0.039888326
CTCTGGTAGGGATGGG-1,NAIVE 1,0.041271865
CTCTGGTAGTACTTGC-1,IgD-ve Memory,0.06078227
CTCTGGTAGTGTACGG-1,DN2,0.16096635
CTCTGGTAGTGTCCCG-1,ASC 2,0.29228526
CTCTGGTAGTTGCAGG-1,IgD-ve Memory,0.031188143
CTCTGGTCAAGTACCT-1,NAIVE 2,0.026331909
CTCTGGTCACTGAAGG-1,DN2,0.21730395
CTCTGGTCAGGATCGA-1,ASC 2,0.8622375
CTCTGGTCAGTCGATT-1,IgD+ve Memory,0.056202266
CTCTGGTCATTTGCTT-1,Cell-Cycling,0.32741436
CTCTGGTGTAGCGTCC-1,NAIVE 2,0.06260913
CTCTGGTGTCACAAGG-1,ASC 2,0.8109903
CTCTGGTGTCGTCTTC-1,ASC 3,0.8489619
CTCTGGTGTCTCATCC-1,DN2,0.22435758
CTCTGGTGTGCGGTAA-1,ASC 2,0.8425238
CTCTGGTTCAAGCCTA-1,IgD-ve Memory,0.03973379
CTCTGGTTCATCGATG-1,NAIVE 1,0.036083527
CTCTGGTTCCCTCTTT-1,NAIVE 1,0.053781707
CTCTGGTTCCTCAACC-1,ASC 2,0.6850132
CTCTGGTTCCTCCTAG-1,ASC 2,0.7956305
CTCTGGTTCGATCCCT-1,NAIVE 2,0.009338593
CTCTGGTTCGTACGGC-1,DN2,0.21259551
CTCTGGTTCGTTGCCT-1,IgD-ve Memory,0.052492607
CTGAAACAGCCACTAT-1,IgD+ve Memory,0.02680253
CTGAAACAGCCTCGTG-1,NAIVE 1,0.02889757
CTGAAACAGCGATATA-1,ASC 2,0.8468526
CTGAAACAGCGTCAAG-1,IgD-ve Memory,0.03538188
CTGAAACAGTAGGTGC-1,NAIVE 1,0.028948981
CTGAAACAGTTGTCGT-1,IgD-ve Memory,0.04753811
CTGAAACCAATGACCT-1,IgD+ve Memory,0.034567676
CTGAAACCACCACGTG-1,NAIVE 1,0.051058367
CTGAAACCAGCCAGAA-1,DN2,0.11292131
CTGAAACCAGCTGGCT-1,IgD+ve Memory,0.04615559
CTGAAACCATGCAACT-1,ASC 2,0.7892324
CTGAAACCATGTCTCC-1,IgD+ve Memory,0.041065507
CTGAAACGTCAATGTC-1,IgD-ve Memory,0.043824196
CTGAAACGTCATACTG-1,NAIVE 1,0.05110701
CTGAAACGTTAAGGGC-1,IgD-ve Memory,0.019849332
CTGAAACGTTATTCTC-1,IgD+ve Memory,0.025262538
CTGAAACGTTCCGTCT-1,NAIVE 2,0.022938121
CTGAAACGTTCGTCTC-1,IgD-ve Memory,0.04186634
CTGAAACGTTGCGTTA-1,HSP+,0.10299538
CTGAAACGTTTGACAC-1,NAIVE 1,0.048293695
CTGAAACTCAACACGT-1,IgD-ve Memory,0.03789039
CTGAAACTCAACTCTT-1,IgD-ve Memory,0.03274714
CTGAAACTCATACGGT-1,NAIVE 2,0.0076239444
CTGAAACTCGGAATCT-1,IgD+ve Memory,0.056099374
CTGAAACTCGTATCAG-1,DN2,0.19453512
CTGAAGTAGACAGGCT-1,IgD-ve Memory,0.043725215
CTGAAGTAGCAGCGTA-1,IgD-ve Memory,0.03869391
CTGAAGTAGCCAGAAC-1,NAIVE 2,0.20563896
CTGAAGTAGCCAGTTT-1,IgD-ve Memory,0.03004848
CTGAAGTAGCGATCCC-1,ASC 2,0.82048905
CTGAAGTAGCGTTTAC-1,ASC 2,0.822328
CTGAAGTAGGGTGTTG-1,IgD+ve Memory,0.07274031
CTGAAGTAGTCAATAG-1,NAIVE 2,0.034363814
CTGAAGTAGTCATGCT-1,NAIVE 1,0.065916084
CTGAAGTAGTCGTTTG-1,IgD+ve Memory,0.055403765
CTGAAGTAGTTTGCGT-1,IgD+ve Memory,0.037772126
CTGAAGTCAATCACAC-1,IgD-ve Memory,0.026473245
CTGAAGTCAATGGATA-1,NAIVE 2,0.012674214
CTGAAGTCACGACTCG-1,IgD+ve Memory,0.029184999
CTGAAGTCACGCCAGT-1,DN2,0.20310324
CTGAAGTCAGCCTATA-1,IgD-ve Memory,0.040823184
CTGAAGTCAGGAATCG-1,IgD+ve Memory,0.070446774
CTGAAGTCAGTTAACC-1,NAIVE 1,0.045240603
CTGAAGTCATATGAGA-1,NAIVE 1,0.062817164
CTGAAGTCATCCGTGG-1,IgD+ve Memory,0.051930822
CTGAAGTCATTCTTAC-1,IgD-ve Memory,0.025967427
CTGAAGTGTAACGTTC-1,IgD+ve Memory,0.043263003
CTGAAGTGTACTCAAC-1,IgD-ve Memory,0.045736305
CTGAAGTGTCCATCCT-1,NAIVE 1,0.038134675
CTGAAGTGTCGCATAT-1,IgD-ve Memory,0.030294942
CTGAAGTGTCTAACGT-1,HSP+,0.031111525
CTGAAGTGTTTCGCTC-1,ASC 2,0.7846514
CTGAAGTTCACCGTAA-1,NAIVE 2,0.027576579
CTGAAGTTCACCTCGT-1,NAIVE 2,0.017480556
CTGAAGTTCAGGTTCA-1,ASC 2,0.56644386
CTGAAGTTCATGTCCC-1,ASC 2,0.8088576
CTGAAGTTCCGTTGTC-1,ASC 2,0.5598578
CTGAAGTTCTAACGGT-1,IgD+ve Memory,0.07156704
CTGAAGTTCTCTTGAT-1,IgD-ve Memory,0.0322892
CTGATAGAGAAGATTC-1,IgD+ve Memory,0.040747788
CTGATAGAGCAACGGT-1,NAIVE 1,0.06548911
CTGATAGAGCCACGCT-1,IgD-ve Memory,0.039944403
CTGATAGAGCGCTCCA-1,ASC 2,0.77503985
CTGATAGAGGCTATCT-1,ASC 2,0.82252103
CTGATAGCAAGAAGAG-1,HSP+,0.016152008
CTGATAGCAAGCCGTC-1,IgD+ve Memory,0.046079963
CTGATAGCACAGCCCA-1,ASC 2,0.72936505
CTGATAGCAGACAGGT-1,IgD+ve Memory,0.06331653
CTGATAGCAGACGCAA-1,ASC 2,0.7047243
CTGATAGCAGGGAGAG-1,IgD-ve Memory,0.052709132
CTGATAGCAGGTCTCG-1,ASC 2,0.7129078
CTGATAGCATTCCTGC-1,IgD-ve Memory,0.033057347
CTGATAGGTACAGACG-1,ASC 2,0.8024662
CTGATAGGTACTCTCC-1,IgD-ve Memory,0.027569713
CTGATAGGTAGCGATG-1,IgD+ve Memory,0.054989684
CTGATAGGTCCCGACA-1,NAIVE 1,0.060910612
CTGATAGGTCCGAATT-1,IgD-ve Memory,0.050276678
CTGATAGGTCGAGTTT-1,IgD-ve Memory,0.062320773
CTGATAGGTCTAGCCG-1,IgD+ve Memory,0.048008088
CTGATAGGTCTGATTG-1,HSP+,0.034793865
CTGATAGGTGATGTGG-1,NAIVE 2,0.013413698
CTGATAGGTGTAAGTA-1,NAIVE 2,0.06026903
CTGATAGGTTCAGGCC-1,IgD+ve Memory,0.070014805
CTGATAGTCACAACGT-1,ASC 3,0.85645247
CTGATAGTCACTTACT-1,ASC 2,0.7498674
CTGATAGTCATGCATG-1,IgD-ve Memory,0.044051223
CTGATAGTCCACGAAT-1,IgD-ve Memory,0.045437735
CTGATAGTCCACGTTC-1,NAIVE 2,0.046844345
CTGATAGTCCACTCCA-1,IgD+ve Memory,0.07103345
CTGATAGTCCTATGTT-1,HSP+,0.051542144
CTGATAGTCCTGCAGG-1,IgD-ve Memory,0.054112736
CTGATAGTCGATCCCT-1,HSP+,0.046763103
CTGATAGTCGCCAGCA-1,IgD+ve Memory,0.06437986
CTGATAGTCTCAAACG-1,IgD+ve Memory,0.03732266
CTGATAGTCTGCGGCA-1,NAIVE 2,0.03049847
CTGATAGTCTTTACGT-1,NAIVE 1,0.07002738
CTGATCCAGATGTAAC-1,IgD-ve Memory,0.047907215
CTGATCCAGCTTTGGT-1,IgD-ve Memory,0.036538944
CTGATCCAGGCAGGTT-1,NAIVE 1,0.042172186
CTGATCCAGTATGACA-1,IgD+ve Memory,0.040071193
CTGATCCAGTCAAGCG-1,IgD-ve Memory,0.031307478
CTGATCCAGTCCAGGA-1,NAIVE 1,0.03348171
CTGATCCAGTCCATAC-1,ASC 2,0.8285429
CTGATCCAGTTGTCGT-1,IgD+ve Memory,0.06631867
CTGATCCCAAATTGCC-1,HSP+,0.034461975
CTGATCCCAAGAAGAG-1,HSP+,0.097646154
CTGATCCCAATGTTGC-1,NAIVE 1,0.037785254
CTGATCCCACAGCCCA-1,ASC 1,0.60861546
CTGATCCCAGCCTTGG-1,NAIVE 1,0.08874042
CTGATCCCATTTCACT-1,NAIVE 1,0.030935569
CTGATCCGTAGCGTGA-1,IgD+ve Memory,0.07713371
CTGATCCGTGACCAAG-1,IgD+ve Memory,0.05468122
CTGATCCGTGACTACT-1,IgD+ve Memory,0.08737083
CTGATCCGTTACGTCA-1,IgD-ve Memory,0.04322937
CTGATCCGTTATTCTC-1,NAIVE 1,0.056152526
CTGATCCTCACTATTC-1,Cell-Cycling,0.71064776
CTGATCCTCCTCAATT-1,NAIVE 2,0.019041458
CTGATCCTCGCAGGCT-1,NAIVE 2,0.16700934
CTGATCCTCTACCAGA-1,IgD+ve Memory,0.051891807
CTGATCCTCTGCGACG-1,ASC 2,0.57828444
CTGCCTAAGAAGAAGC-1,NAIVE 2,0.031663228
CTGCCTAAGACCACGA-1,HSP+,0.06558336
CTGCCTAAGCAGCGTA-1,HSP+,0.055958577
CTGCCTAAGGTCATCT-1,NAIVE 2,0.0172349
CTGCCTAAGTACGCCC-1,NAIVE 2,0.045769125
CTGCCTAAGTCGATAA-1,IgD+ve Memory,0.076986626
CTGCCTAAGTGGGCTA-1,NAIVE 2,0.028276127
CTGCCTAAGTGTGGCA-1,IgD+ve Memory,0.049722068
CTGCCTAAGTTACGGG-1,ASC 2,0.8362608
CTGCCTACAAGACGTG-1,ASC 2,0.8328944
CTGCCTACAAGCGAGT-1,ASC 2,0.82323015
CTGCCTACAAGCTGTT-1,Early-Activation,0.061175127
CTGCCTACACTGTGTA-1,ASC 2,0.83822584
CTGCCTAGTATATGGA-1,IgD+ve Memory,0.054691937
CTGCCTAGTCACTGGC-1,NAIVE 1,0.02958883
CTGCCTAGTCCGACGT-1,IgD+ve Memory,0.07264853
CTGCCTAGTCTGCCAG-1,ASC 3,0.78214496
CTGCCTAGTTAGATGA-1,IgD-ve Memory,0.05706211
CTGCCTATCAACGCTA-1,IgD+ve Memory,0.06403369
CTGCCTATCAGCTCTC-1,NAIVE 1,0.030151166
CTGCCTATCAGTCAGT-1,IgD+ve Memory,0.044002388
CTGCCTATCGCCGTGA-1,IgD+ve Memory,0.058103994
CTGCCTATCGCTGATA-1,IgD+ve Memory,0.03224521
CTGCCTATCTAACGGT-1,IgD+ve Memory,0.05379026
CTGCCTATCTCTAGGA-1,DN2,0.21657982
CTGCGGAAGAAGGTGA-1,IgD+ve Memory,0.054356962
CTGCGGAAGAATTGTG-1,NAIVE 1,0.05063466
CTGCGGAAGCGACGTA-1,NAIVE 2,0.025809709
CTGCGGAAGCGATTCT-1,IgD+ve Memory,0.042128086
CTGCGGAAGCTAGTGG-1,NAIVE 1,0.045181427
CTGCGGAAGCTGATAA-1,IgD+ve Memory,0.07789751
CTGCGGAAGCTGTCTA-1,IgD-ve Memory,0.060671777
CTGCGGAAGGAGCGTT-1,IgD-ve Memory,0.057691216
CTGCGGAAGTGGCACA-1,IgD+ve Memory,0.051536202
CTGCGGACAAACTGTC-1,Cell-Cycling,0.21765953
CTGCGGACAATCACAC-1,IgD-ve Memory,0.050618563
CTGCGGACACACGCTG-1,NAIVE 2,0.035546422
CTGCGGACACAGACTT-1,ASC 1,0.7691362
CTGCGGACACTTGGAT-1,Early-Activation,0.025917491
CTGCGGACAGCCTATA-1,IgD-ve Memory,0.057017274
CTGCGGACAGGGTTAG-1,NAIVE 1,0.043469697
CTGCGGACAGTAGAGC-1,IgD-ve Memory,0.0696104
CTGCGGACAGTATAAG-1,IgD+ve Memory,0.035394702
CTGCGGACATACGCTA-1,NAIVE 1,0.12020338
CTGCGGACATAGAAAC-1,NAIVE 1,0.02803408
CTGCGGACATAGGATA-1,DN2,0.19772613
CTGCGGACATGCAACT-1,IgD+ve Memory,0.057779517
CTGCGGACATGCGCAC-1,ASC 1,0.7421929
CTGCGGAGTCAGCTAT-1,NAIVE 1,0.041593473
CTGCGGAGTGCTCTTC-1,ASC 2,0.7961535
CTGCGGAGTGTGCCTG-1,IgD-ve Memory,0.049160246
CTGCGGAGTGTGCGTC-1,IgD+ve Memory,0.03877747
CTGCGGAGTTACTGAC-1,NAIVE 2,0.02973508
CTGCGGAGTTAGATGA-1,DN2,0.07424194
CTGCGGAGTTATGTGC-1,IgD+ve Memory,0.044217173
CTGCGGAGTTGAACTC-1,DN2,0.21274479
CTGCGGAGTTTAAGCC-1,NAIVE 2,0.028708993
CTGCGGATCAAGCCTA-1,DN2,0.08453597
CTGCGGATCATGTCTT-1,ASC 2,0.7755837
CTGCGGATCCGTACAA-1,IgD-ve Memory,0.044383395
CTGCGGATCGGAATCT-1,IgD-ve Memory,0.060462873
CTGCGGATCGGATGTT-1,IgD+ve Memory,0.057276014
CTGCGGATCGTGGTCG-1,Early-Activation,0.046271358
CTGCGGATCTCGAGTA-1,IgD-ve Memory,0.0440472
CTGCGGATCTCTGAGA-1,ASC 2,0.42522922
CTGCTGTAGACCGGAT-1,Early-Activation,0.065488294
CTGCTGTAGCACAGGT-1,ASC 2,0.7688254
CTGCTGTAGCGATCCC-1,IgD-ve Memory,0.05324919
CTGCTGTAGCGCTTAT-1,DN2,0.1805015
CTGCTGTAGGAACTGC-1,IgD+ve Memory,0.05059213
CTGCTGTAGGGCTTGA-1,IgD+ve Memory,0.060580473
CTGCTGTAGTCATGCT-1,ASC 2,0.8937379
CTGCTGTAGTGTCCCG-1,ASC 2,0.667916
CTGCTGTAGTTTAGGA-1,ASC 2,0.94451106
CTGCTGTCAACGATCT-1,Cell-Cycling,0.45323962
CTGCTGTCAAGCCGTC-1,ASC 1,0.7305355
CTGCTGTCACCAGATT-1,IgD-ve Memory,0.043537945
CTGCTGTCACCTCGTT-1,IgD-ve Memory,0.01776195
CTGCTGTCAGACACTT-1,IgD+ve Memory,0.039372187
CTGCTGTCATCCGCGA-1,ASC 2,0.88501376
CTGCTGTGTAAAGGAG-1,NAIVE 1,0.08870796
CTGCTGTGTGAAATCA-1,ASC 2,0.84985584
CTGCTGTGTGCGGTAA-1,NAIVE 2,0.025776777
CTGCTGTGTTAAGGGC-1,HSP+,0.03240848
CTGCTGTGTTAAGTAG-1,DN2,0.18683922
CTGCTGTGTTACAGAA-1,IgD+ve Memory,0.036716107
CTGCTGTGTTCTCATT-1,NAIVE 1,0.05971201
CTGCTGTTCACAGGCC-1,NAIVE 1,0.035304673
CTGCTGTTCAGCGATT-1,NAIVE 2,0.043780163
CTGCTGTTCAGGATCT-1,NAIVE 2,0.04526598
CTGCTGTTCCACTGGG-1,NAIVE 1,0.061036855
CTGCTGTTCCTATGTT-1,HSP+,0.04123291
CTGCTGTTCTTCGGTC-1,IgD+ve Memory,0.056752767
CTGCTGTTCTTGTCAT-1,NAIVE 2,0.041437674
CTGCTGTTCTTTACGT-1,HSP+,0.031958904
CTGGTCTAGAAGGCCT-1,NAIVE 1,0.02868827
CTGGTCTAGATGAGAG-1,NAIVE 2,0.046404585
CTGGTCTAGCAATCTC-1,NAIVE 1,0.0414466
CTGGTCTAGCGAAGGG-1,Early-Activation,0.06723971
CTGGTCTAGGACAGAA-1,ASC 3,0.700965
CTGGTCTAGGCATGTG-1,IgD+ve Memory,0.04395617
CTGGTCTAGGTCGGAT-1,IgD-ve Memory,0.031966597
CTGGTCTAGGTGTGGT-1,IgD-ve Memory,0.026339892
CTGGTCTAGTACGACG-1,IgD+ve Memory,0.033270847
CTGGTCTAGTCGTTTG-1,IgD+ve Memory,0.04830969
CTGGTCTCACGGCCAT-1,DN2,0.084973045
CTGGTCTCAGCGTTCG-1,NAIVE 1,0.06919759
CTGGTCTCATCACAAC-1,HSP+,0.04202015
CTGGTCTCATGCTGGC-1,IgD-ve Memory,0.04045938
CTGGTCTCATTAGGCT-1,IgD+ve Memory,0.092294514
CTGGTCTGTATTAGCC-1,IgD-ve Memory,0.076294675
CTGGTCTGTGAAAGAG-1,NAIVE 2,0.067412384
CTGGTCTGTTAAAGAC-1,IgD+ve Memory,0.08076381
CTGGTCTTCAACACAC-1,ASC 3,0.7798815
CTGGTCTTCCAATGGT-1,IgD+ve Memory,0.032923404
CTGGTCTTCCTCCTAG-1,IgD-ve Memory,0.03584173
CTGGTCTTCCTTCAAT-1,NAIVE 1,0.110280596
CTGGTCTTCGCCAAAT-1,IgD-ve Memory,0.021965897
CTGGTCTTCGTGACAT-1,ASC 1,0.8460615
CTGGTCTTCTCAACTT-1,IgD+ve Memory,0.036281176
CTGGTCTTCTGGCGAC-1,ASC 2,0.78467005
CTGGTCTTCTTAGAGC-1,NAIVE 1,0.04439287
CTGGTCTTCTTATCTG-1,IgD-ve Memory,0.048846003
CTGGTCTTCTTTCCTC-1,NAIVE 1,0.06260388
CTGTGCTAGAGCTATA-1,IgD-ve Memory,0.045136023
CTGTGCTAGAGGTAGA-1,IgD+ve Memory,0.05836505
CTGTGCTAGAGTACAT-1,NAIVE 1,0.035358794
CTGTGCTAGATGTAAC-1,IgD+ve Memory,0.067462064
CTGTGCTAGCTATGCT-1,Early-Activation,0.03781938
CTGTGCTAGGAGTTGC-1,NAIVE 2,0.054942653
CTGTGCTAGGATATAC-1,IgD+ve Memory,0.042738583
CTGTGCTAGTAAGTAC-1,IgD+ve Memory,0.04076922
CTGTGCTAGTCATCCA-1,IgD+ve Memory,0.050407
CTGTGCTAGTGTTGAA-1,IgD-ve Memory,0.04107446
CTGTGCTCAATAGCAA-1,IgD+ve Memory,0.052863985
CTGTGCTCACCAGATT-1,NAIVE 1,0.07185808
CTGTGCTCAGGGTTAG-1,IgD-ve Memory,0.046434212
CTGTGCTCAGTATAAG-1,IgD+ve Memory,0.04447728
CTGTGCTCATCCGGGT-1,ASC 2,0.8364993
CTGTGCTGTAGATTAG-1,ASC 2,0.8645046
CTGTGCTGTATCACCA-1,DN2,0.13908897
CTGTGCTGTATCAGTC-1,HSP+,0.083113596
CTGTGCTTCACGATGT-1,DN2,0.18165064
CTGTGCTTCAGCGACC-1,IgD+ve Memory,0.038776867
CTGTGCTTCCATGAGT-1,ASC 1,0.66285044
CTGTGCTTCCGTCATC-1,IgD+ve Memory,0.06715945
CTGTGCTTCGAACGGA-1,NAIVE 1,0.038096048
CTGTGCTTCGAGAACG-1,IgD-ve Memory,0.16917369
CTGTGCTTCTAACGGT-1,NAIVE 2,0.03538488
CTGTGCTTCTCTTATG-1,NAIVE 1,0.029701725
CTGTGCTTCTGAGTGT-1,NAIVE 1,0.039073095
CTGTGCTTCTGCCAGG-1,NAIVE 1,0.025662858
CTGTGCTTCTTGGGTA-1,NAIVE 1,0.03764035
CTGTTTAAGACTGTAA-1,IgD-ve Memory,0.030164052
CTGTTTAAGATGCCAG-1,IgD+ve Memory,0.028518137
CTGTTTAAGCCTCGTG-1,NAIVE 1,0.039591026
CTGTTTAAGCGTGTCC-1,ASC 3,0.8167771
CTGTTTAAGGACAGAA-1,NAIVE 1,0.053218056
CTGTTTAAGGCATGTG-1,NAIVE 2,0.016818115
CTGTTTAAGTACGCGA-1,IgD+ve Memory,0.040501073
CTGTTTAAGTATGACA-1,Cell-Cycling,0.5519026
CTGTTTAAGTCGCCGT-1,NAIVE 2,0.15777785
CTGTTTAAGTGGACGT-1,IgD+ve Memory,0.062252622
CTGTTTAAGTTAGCGG-1,ASC 2,0.6465746
CTGTTTACAAGGTGTG-1,HSP+,0.031795334
CTGTTTACAATCCAAC-1,IgD+ve Memory,0.059245903
CTGTTTACACTCGACG-1,NAIVE 2,0.04526624
CTGTTTACAGAAGCAC-1,IgD-ve Memory,0.045949485
CTGTTTACAGACTCGC-1,IgD-ve Memory,0.05996447
CTGTTTACAGATCGGA-1,NAIVE 1,0.024879167
CTGTTTACAGTTCATG-1,NAIVE 1,0.03879963
CTGTTTACATGATCCA-1,NAIVE 2,0.049407426
CTGTTTAGTACCGTTA-1,NAIVE 1,0.05234397
CTGTTTAGTATCGCAT-1,IgD+ve Memory,0.042923596
CTGTTTAGTATGGTTC-1,IgD-ve Memory,0.037099186
CTGTTTAGTCTGATTG-1,ASC 2,0.8962842
CTGTTTAGTGGACGAT-1,IgD-ve Memory,0.03734513
CTGTTTAGTGGTTTCA-1,NAIVE 1,0.041233987
CTGTTTAGTGTTTGTG-1,DN2,0.071684815
CTGTTTAGTTATGCGT-1,NAIVE 2,0.061273985
CTGTTTAGTTCCACTC-1,IgD-ve Memory,0.034175996
CTGTTTAGTTTCGCTC-1,NAIVE 1,0.04393359
CTGTTTATCAACCATG-1,ASC 2,0.7568144
CTGTTTATCCATGAGT-1,ASC 2,0.93916535
CTGTTTATCCATTCTA-1,ASC 3,0.7974503
CTGTTTATCCCATTTA-1,HSP+,0.073516406
CTGTTTATCCTCGCAT-1,ASC 2,0.5315358
CTGTTTATCCTGCTTG-1,IgD-ve Memory,0.043357246
CTGTTTATCGTGGTCG-1,ASC 2,0.7923046
CTGTTTATCTTCATGT-1,ASC 2,0.79248446
CTTAACTAGAAACCGC-1,DN2,0.20155822
CTTAACTAGGCAGGTT-1,ASC 2,0.7446269
CTTAACTAGTACGTTC-1,ASC 2,0.73666227
CTTAACTAGTGGTAAT-1,IgD-ve Memory,0.056611657
CTTAACTAGTTCGATC-1,ASC 2,0.69817454
CTTAACTAGTTTCCTT-1,NAIVE 1,0.051390354
CTTAACTCACATTTCT-1,NAIVE 2,0.058267973
CTTAACTCAGACAGGT-1,Cell-Cycling,0.40517628
CTTAACTCAGCCTTGG-1,ASC 2,0.63343453
CTTAACTCAGCGTTCG-1,IgD-ve Memory,0.016612748
CTTAACTCATCAGTCA-1,NAIVE 2,0.060892247
CTTAACTCATCTATGG-1,IgD-ve Memory,0.06526682
CTTAACTCATCTCCCA-1,ASC 2,0.7583144
CTTAACTGTAGCGTCC-1,HSP+,0.02267806
CTTAACTGTAGCTAAA-1,IgD+ve Memory,0.04007882
CTTAACTGTCCAACTA-1,Cell-Cycling,0.57950085
CTTAACTGTCTAAACC-1,ASC 2,0.76550573
CTTAACTGTCTAGAGG-1,DN2,0.08526674
CTTAACTGTGCACTTA-1,IgD-ve Memory,0.027594365
CTTAACTGTGCTCTTC-1,IgD+ve Memory,0.041986436
CTTAACTGTGGTGTAG-1,NAIVE 1,0.050794646
CTTAACTGTGTTAAGA-1,DN2,0.2043313
CTTAACTGTTTGGCGC-1,DN2,0.23400772
CTTAACTTCAACTCTT-1,ASC 2,0.8703928
CTTAACTTCACCGTAA-1,NAIVE 2,0.05800631
CTTAACTTCAGCCTAA-1,ASC 2,0.79566854
CTTAACTTCATCGGAT-1,IgD-ve Memory,0.037017457
CTTAACTTCCAAACTG-1,NAIVE 2,0.05968328
CTTAACTTCGGAAATA-1,ASC 2,0.7307827
CTTACCGAGAGATGAG-1,IgD+ve Memory,0.047552917
CTTACCGAGCGAAGGG-1,ASC 3,0.8029972
CTTACCGAGGTCATCT-1,DN2,0.1011767
CTTACCGAGGTGATAT-1,ASC 2,0.80632204
CTTACCGAGTAGGCCA-1,IgD+ve Memory,0.056616526
CTTACCGAGTCCGTAT-1,NAIVE 1,0.07506212
CTTACCGAGTGGCACA-1,IgD-ve Memory,0.020333197
CTTACCGCACCACCAG-1,IgD-ve Memory,0.017968379
CTTACCGCATACCATG-1,Early-Activation,0.044444166
CTTACCGCATCCCACT-1,IgD-ve Memory,0.04098466
CTTACCGCATCCCATC-1,IgD-ve Memory,0.02542222
CTTACCGCATGGATGG-1,HSP+,0.03494899
CTTACCGCATGTTGAC-1,Cell-Cycling,0.7018079
CTTACCGCATTAGGCT-1,IgD+ve Memory,0.041941773
CTTACCGGTAAGCACG-1,IgD+ve Memory,0.031953946
CTTACCGGTACACCGC-1,NAIVE 2,0.01549417
CTTACCGGTACCATCA-1,NAIVE 2,0.022384278
CTTACCGGTAGCGTCC-1,ASC 2,0.6770916
CTTACCGGTATAATGG-1,IgD-ve Memory,0.038865894
CTTACCGGTCCGACGT-1,NAIVE 1,0.04008741
CTTACCGGTCCTCTTG-1,IgD+ve Memory,0.05830987
CTTACCGGTCTAGTGT-1,ASC 2,0.7047354
CTTACCGGTGGTTTCA-1,IgD+ve Memory,0.05531418
CTTACCGGTTGTGGCC-1,HSP+,0.030488664
CTTACCGTCAGTTGAC-1,IgD-ve Memory,0.051564675
CTTACCGTCCATGAAC-1,IgD+ve Memory,0.032208283
CTTACCGTCCCTAACC-1,IgD-ve Memory,0.033866532
CTTACCGTCCGATATG-1,IgD-ve Memory,0.024163784
CTTACCGTCGAATGCT-1,Early-Activation,0.039664567
CTTACCGTCTCGATGA-1,NAIVE 2,0.011137593
CTTAGGAAGAGGTTAT-1,NAIVE 1,0.065739945
CTTAGGAAGAGGTTGC-1,DN2,0.2113366
CTTAGGAAGGCATTGG-1,NAIVE 1,0.075238615
CTTAGGAAGTCAAGGC-1,NAIVE 1,0.053077426
CTTAGGACAAAGTGCG-1,NAIVE 2,0.044933792
CTTAGGACACCGAAAG-1,NAIVE 1,0.041770082
CTTAGGACAGCCTGTG-1,ASC 2,0.6546552
CTTAGGAGTACAGTTC-1,ASC 2,0.8382141
CTTAGGAGTAGTGAAT-1,NAIVE 2,0.028992457
CTTAGGAGTGCGATAG-1,IgD-ve Memory,0.032659836
CTTAGGAGTTCAGACT-1,IgD-ve Memory,0.03205179
CTTAGGATCAATCACG-1,ASC 2,0.7784358
CTTAGGATCGCAAACT-1,IgD-ve Memory,0.044324655
CTTAGGATCGGAGGTA-1,IgD+ve Memory,0.030707665
CTTAGGATCGTCACGG-1,IgD+ve Memory,0.061105993
CTTCTCTAGAAACGCC-1,NAIVE 2,0.019634388
CTTCTCTAGAGTACAT-1,Early-Activation,0.049859256
CTTCTCTAGCTGTCTA-1,IgD-ve Memory,0.050690793
CTTCTCTAGGGAGTAA-1,IgD-ve Memory,0.035606578
CTTCTCTAGTGGTAGC-1,IgD+ve Memory,0.035637256
CTTCTCTCACAAGCCC-1,IgD+ve Memory,0.03855326
CTTCTCTCACGAGAGT-1,DN2,0.17673199
CTTCTCTCAGATCTGT-1,NAIVE 2,0.013396438
CTTCTCTCATCCGCGA-1,Early-Activation,0.057325672
CTTCTCTCATTCCTCG-1,NAIVE 2,0.107816055
CTTCTCTGTAGTAGTA-1,NAIVE 2,0.041268013
CTTCTCTGTCTCGTTC-1,DN2,0.17564276
CTTCTCTGTTAAGAAC-1,IgD+ve Memory,0.05923493
CTTCTCTTCACCTTAT-1,IgD+ve Memory,0.060816713
CTTCTCTTCGAATCCA-1,NAIVE 2,0.018487215
CTTCTCTTCGCGTAGC-1,IgD-ve Memory,0.07287153
CTTCTCTTCTAAGCCA-1,NAIVE 1,0.043028835
CTTCTCTTCTGCTGCT-1,ASC 2,0.7900736
CTTCTCTTCTTGAGAC-1,IgD+ve Memory,0.022539228
CTTGGCTAGAACTGTA-1,IgD+ve Memory,0.051355448
CTTGGCTAGAAGATTC-1,IgD-ve Memory,0.04831307
CTTGGCTAGATCACGG-1,IgD-ve Memory,0.039891522
CTTGGCTAGATCCCGC-1,NAIVE 2,0.040986836
CTTGGCTAGATCCTGT-1,IgD+ve Memory,0.075842224
CTTGGCTAGCCCTAAT-1,IgD+ve Memory,0.032277033
CTTGGCTAGTCGAGTG-1,NAIVE 1,0.047072724
CTTGGCTAGTGAAGAG-1,ASC 2,0.7495543
CTTGGCTCAACAACCT-1,IgD+ve Memory,0.035468053
CTTGGCTCAAGCCGTC-1,IgD-ve Memory,0.028168935
CTTGGCTCAATAACGA-1,NAIVE 1,0.082022645
CTTGGCTCAATCAGAA-1,DN2,0.22416693
CTTGGCTCACAAGACG-1,ASC 2,0.7623082
CTTGGCTCACGAAATA-1,IgD-ve Memory,0.049438883
CTTGGCTCAGAGTGTG-1,IgD-ve Memory,0.06839192
CTTGGCTCAGCTGTTA-1,IgD-ve Memory,0.10452251
CTTGGCTCAGTATGCT-1,IgD-ve Memory,0.018158574
CTTGGCTCAGTCCTTC-1,IgD+ve Memory,0.061898246
CTTGGCTGTACATGTC-1,NAIVE 1,0.05814099
CTTGGCTGTAGCTAAA-1,NAIVE 2,0.026957111
CTTGGCTGTCATTAGC-1,NAIVE 2,0.009997459
CTTGGCTGTCGGCACT-1,IgD-ve Memory,0.05444166
CTTGGCTGTGGTCCGT-1,DN2,0.18277137
CTTGGCTGTGTAATGA-1,IgD+ve Memory,0.072766215
CTTGGCTGTGTGTGCC-1,Early-Activation,0.032492477
CTTGGCTGTTACGACT-1,IgD+ve Memory,0.033626124
CTTGGCTGTTCCTCCA-1,NAIVE 2,0.038404636
CTTGGCTTCAATAAGG-1,ASC 2,0.8769965
CTTGGCTTCATCTGCC-1,IgD-ve Memory,0.029783385
CTTGGCTTCATGTCTT-1,IgD-ve Memory,0.08325341
CTTGGCTTCGCCTGAG-1,IgD+ve Memory,0.048620764
CTTGGCTTCGCGCCAA-1,IgD+ve Memory,0.048066806
CTTGGCTTCTCGATGA-1,IgD+ve Memory,0.06639825
CTTGGCTTCTCGGACG-1,NAIVE 2,0.029738946
CTTTGCGAGACTAAGT-1,IgD+ve Memory,0.06306042
CTTTGCGAGCTAGTCT-1,IgD+ve Memory,0.02434444
CTTTGCGAGGCGTACA-1,Cell-Cycling,0.39650223
CTTTGCGAGGCTACGA-1,NAIVE 1,0.041602686
CTTTGCGAGTTTAGGA-1,IgD-ve Memory,0.070659235
CTTTGCGCAAGGGTCA-1,IgD-ve Memory,0.030567015
CTTTGCGCAAGTCTGT-1,NAIVE 1,0.043522816
CTTTGCGCACCAGGTC-1,DN2,0.17776504
CTTTGCGCACCGATAT-1,NAIVE 1,0.03137861
CTTTGCGCAGGAATCG-1,IgD-ve Memory,0.045461167
CTTTGCGCATGCCTTC-1,HSP+,0.044789962
CTTTGCGGTAAACACA-1,IgD+ve Memory,0.03932599
CTTTGCGGTGCCTGGT-1,ASC 2,0.8235882
CTTTGCGGTGTGGCTC-1,NAIVE 2,0.06000723
CTTTGCGGTTTAAGCC-1,NAIVE 2,0.058246125
CTTTGCGTCACCGTAA-1,IgD-ve Memory,0.05499833
CTTTGCGTCAGGTTCA-1,IgD+ve Memory,0.039988417
CTTTGCGTCCTGTACC-1,IgD-ve Memory,0.027486822
CTTTGCGTCGTTGCCT-1,NAIVE 1,0.034075115
CTTTGCGTCTTCAACT-1,DN2,0.19403274
GAAACTCAGAGCTTCT-1,NAIVE 1,0.04430697
GAAACTCAGATAGCAT-1,IgD+ve Memory,0.036928583
GAAACTCAGCCAGTAG-1,Transitional,0.1181686
GAAACTCAGGCGACAT-1,IgD-ve Memory,0.029445909
GAAACTCAGGCTCATT-1,IgD-ve Memory,0.03801856
GAAACTCAGTACCGGA-1,IgD-ve Memory,0.07995508
GAAACTCAGTAGGTGC-1,IgD-ve Memory,0.043216005
GAAACTCAGTGCAAGC-1,NAIVE 2,0.023603037
GAAACTCCAAGGTTTC-1,Early-Activation,0.06028552
GAAACTCCAATGCCAT-1,IgD+ve Memory,0.06625927
GAAACTCCACAGGCCT-1,DN2,0.21837515
GAAACTCCACATCTTT-1,ASC 2,0.8776987
GAAACTCCACCGAAAG-1,ASC 2,0.7794618
GAAACTCCACCTTGTC-1,IgD-ve Memory,0.04318566
GAAACTCCAGCCACCA-1,HSP+,0.77183384
GAAACTCCAGGTCTCG-1,IgD-ve Memory,0.0230416
GAAACTCGTACCGTTA-1,NAIVE 1,0.06466191
GAAACTCGTCTAGCGC-1,ASC 2,0.82959855
GAAACTCGTGACAAAT-1,NAIVE 1,0.05591332
GAAACTCGTGCATCTA-1,IgD-ve Memory,0.072731346
GAAACTCGTGTCAATC-1,IgD-ve Memory,0.04188725
GAAACTCTCAGTTGAC-1,DN2,0.20586811
GAAACTCTCGATAGAA-1,IgD-ve Memory,0.03596287
GAAACTCTCGGCTTGG-1,NAIVE 1,0.05174922
GAAACTCTCGTCCAGG-1,IgD-ve Memory,0.024978114
GAAACTCTCTGCGACG-1,IgD+ve Memory,0.049645383
GAAACTCTCTGGCGAC-1,IgD+ve Memory,0.038187444
GAAACTCTCTTATCTG-1,NAIVE 1,0.06709795
GAAATGAAGAACTGTA-1,IgD-ve Memory,0.046569817
GAAATGAAGACTTGAA-1,ASC 2,0.81165373
GAAATGAAGATAGTCA-1,IgD-ve Memory,0.032120198
GAAATGAAGCACACAG-1,DN2,0.18154588
GAAATGAAGCCACGCT-1,IgD+ve Memory,0.039775733
GAAATGAAGCCGATTT-1,NAIVE 1,0.09795218
GAAATGAAGGACACCA-1,NAIVE 2,0.021017456
GAAATGAAGGAGCGAG-1,NAIVE 1,0.048884645
GAAATGAAGGCGATAC-1,IgD-ve Memory,0.027037676
GAAATGAAGGCTCAGA-1,NAIVE 2,0.05516859
GAAATGAAGTCATCCA-1,NAIVE 1,0.07013742
GAAATGAAGTGAACGC-1,IgD-ve Memory,0.059143268
GAAATGAAGTGCGTGA-1,Cell-Cycling,0.3550804
GAAATGAAGTGGTAGC-1,IgD+ve Memory,0.037437785
GAAATGACAAGTCATC-1,NAIVE 1,0.02196755
GAAATGACACGCGAAA-1,NAIVE 2,0.12075227
GAAATGACACGGCCAT-1,NAIVE 2,0.04714512
GAAATGACACTGTGTA-1,HSP+,0.033878226
GAAATGACATCATCCC-1,ASC 2,0.6748387
GAAATGAGTCCTCCAT-1,NAIVE 1,0.029630026
GAAATGAGTCTAGCGC-1,IgD+ve Memory,0.03882984
GAAATGAGTGCAGACA-1,IgD+ve Memory,0.055073235
GAAATGAGTGGAAAGA-1,IgD+ve Memory,0.050062593
GAAATGAGTGGTCCGT-1,NAIVE 1,0.023067206
GAAATGATCAAACCGT-1,DN2,0.18434818
GAAATGATCAAGAAGT-1,ASC 2,0.84725726
GAAATGATCACTTCAT-1,NAIVE 1,0.07643323
GAAATGATCCTTCAAT-1,IgD-ve Memory,0.047033425
GAAATGATCGTCACGG-1,ASC 2,0.86627805
GAAATGATCTACTCAT-1,IgD-ve Memory,0.039757892
GAAATGATCTGAGGGA-1,IgD-ve Memory,0.027962686
GAAATGATCTGTCTAT-1,IgD-ve Memory,0.043343406
GAACATCAGAACAACT-1,HSP+,0.060918014
GAACATCAGAGTAATC-1,NAIVE 1,0.0705657
GAACATCAGCAGGCTA-1,ASC 2,0.75283635
GAACATCAGCTACCTA-1,NAIVE 1,0.053188194
GAACATCAGCTGTCTA-1,Cell-Cycling,0.6721371
GAACATCAGGAGTACC-1,IgD-ve Memory,0.0924412
GAACATCAGGATATAC-1,NAIVE 1,0.045132153
GAACATCAGGCCGAAT-1,ASC 2,0.6795856
GAACATCAGTGAACGC-1,IgD-ve Memory,0.061963946
GAACATCAGTGCGTGA-1,IgD-ve Memory,0.02801873
GAACATCAGTTCGCGC-1,IgD+ve Memory,0.03549369
GAACATCCAAACGCGA-1,IgD+ve Memory,0.052595343
GAACATCCAAAGTCAA-1,IgD+ve Memory,0.07357288
GAACATCCAATGAAAC-1,NAIVE 1,0.037846252
GAACATCCACCAGCAC-1,IgD+ve Memory,0.035194933
GAACATCCACTCAGGC-1,IgD+ve Memory,0.035144202
GAACATCCACTCGACG-1,NAIVE 2,0.20660594
GAACATCCACTTAAGC-1,NAIVE 1,0.042421687
GAACATCCAGTAAGAT-1,IgD-ve Memory,0.06274778
GAACATCCATGCATGT-1,IgD-ve Memory,0.031120928
GAACATCCATTATCTC-1,NAIVE 2,0.082292
GAACATCGTAGGGTAC-1,NAIVE 2,0.02056924
GAACATCGTCGCGTGT-1,IgD+ve Memory,0.04334592
GAACATCGTCTAGTGT-1,IgD+ve Memory,0.034518782
GAACATCGTGCCTGGT-1,IgD-ve Memory,0.051647477
GAACATCGTGCCTTGG-1,ASC 2,0.6679129
GAACATCTCAGAGACG-1,IgD-ve Memory,0.019012693
GAACATCTCGATAGAA-1,NAIVE 1,0.0457669
GAACATCTCTTGCAAG-1,NAIVE 1,0.06438963
GAACCTAAGAAACCTA-1,IgD+ve Memory,0.038898483
GAACCTAAGACCTTTG-1,IgD-ve Memory,0.04621778
GAACCTAAGAGCCTAG-1,HSP+,0.11795346
GAACCTAAGCGTGTCC-1,IgD-ve Memory,0.055890437
GAACCTAAGGCATGGT-1,HSP+,0.049060833
GAACCTAAGGCTCAGA-1,IgD+ve Memory,0.038749557
GAACCTAAGTCACGCC-1,NAIVE 1,0.090340525
GAACCTACAACTGGCC-1,IgD-ve Memory,0.026964711
GAACCTACAATCGGTT-1,Transitional,0.11688008
GAACCTACACGCTTTC-1,IgD-ve Memory,0.01968513
GAACCTACATCACCCT-1,IgD-ve Memory,0.030993609
GAACCTACATCTACGA-1,IgD+ve Memory,0.058280718
GAACCTAGTAATTGGA-1,NAIVE 2,0.023596883
GAACCTAGTACCATCA-1,IgD-ve Memory,0.026753837
GAACCTAGTCTTGATG-1,NAIVE 2,0.061556607
GAACCTAGTGCAACGA-1,DN2,0.18426841
GAACCTAGTGTAACGG-1,DN2,0.23030457
GAACCTAGTTCGTGAT-1,IgD+ve Memory,0.037651196
GAACCTATCACATGCA-1,Cell-Cycling,0.3410055
GAACCTATCCGAACGC-1,NAIVE 2,0.00816928
GAACCTATCTACCAGA-1,IgD+ve Memory,0.040514003
GAACCTATCTGTCTCG-1,ASC 2,0.84637314
GAACCTATCTTGTACT-1,NAIVE 1,0.055074226
GAACGGAAGAGCCCAA-1,IgD+ve Memory,0.041322622
GAACGGAAGATCACGG-1,IgD+ve Memory,0.05346876
GAACGGAAGCCAGAAC-1,IgD-ve Memory,0.03252499
GAACGGAAGGCTATCT-1,IgD+ve Memory,0.02429726
GAACGGAAGGTCGGAT-1,NAIVE 1,0.054802313
GAACGGAAGTAAGTAC-1,IgD+ve Memory,0.03827722
GAACGGAAGTATTGGA-1,IgD-ve Memory,0.0432328
GAACGGAAGTGGAGAA-1,IgD+ve Memory,0.047671147
GAACGGAAGTTCGCAT-1,Cell-Cycling,0.3728337
GAACGGACAAAGCGGT-1,IgD-ve Memory,0.043356054
GAACGGACAAATTGCC-1,IgD+ve Memory,0.038639158
GAACGGACAAGCGAGT-1,DN2,0.038198818
GAACGGACAAGTTGTC-1,DN2,0.20773743
GAACGGACACGAAACG-1,IgD-ve Memory,0.04287525
GAACGGACAGGACGTA-1,NAIVE 2,0.0035458761
GAACGGACAGGTCTCG-1,NAIVE 1,0.07432419
GAACGGACATCGGGTC-1,IgD-ve Memory,0.05162693
GAACGGACATTTCAGG-1,NAIVE 1,0.05960836
GAACGGAGTCGAGTTT-1,Cell-Cycling,0.14750676
GAACGGAGTCTAGGTT-1,IgD+ve Memory,0.076317795
GAACGGATCACATGCA-1,IgD+ve Memory,0.047789015
GAACGGATCAGGCAAG-1,IgD-ve Memory,0.010251085
GAACGGATCCTCATTA-1,IgD-ve Memory,0.06849744
GAACGGATCGCTAGCG-1,IgD-ve Memory,0.0344522
GAACGGATCGGCATCG-1,HSP+,0.05183292
GAACGGATCGTGGTCG-1,HSP+,0.039315023
GAACGGATCTCCCTGA-1,IgD+ve Memory,0.042867225
GAACGGATCTGCGTAA-1,ASC 2,0.8739104
GAAGCAGAGAACAACT-1,IgD+ve Memory,0.08051605
GAAGCAGAGACAAGCC-1,IgD+ve Memory,0.032626316
GAAGCAGAGATATGCA-1,IgD-ve Memory,0.02660683
GAAGCAGAGCTGAAAT-1,Transitional,0.116937764
GAAGCAGAGTGCCATT-1,IgD-ve Memory,0.033201348
GAAGCAGAGTTACGGG-1,NAIVE 1,0.106730744
GAAGCAGCAAACGCGA-1,DN2,0.18293646
GAAGCAGCACAGACAG-1,Early-Activation,0.041347988
GAAGCAGCACGGACAA-1,IgD+ve Memory,0.041859925
GAAGCAGCAGGACCCT-1,IgD-ve Memory,0.021534098
GAAGCAGCATTCCTGC-1,NAIVE 1,0.04088228
GAAGCAGCATTGGTAC-1,NAIVE 1,0.0697714
GAAGCAGGTACCTACA-1,IgD-ve Memory,0.037904017
GAAGCAGGTAGCGTCC-1,IgD-ve Memory,0.04772304
GAAGCAGGTCCGAACC-1,IgD-ve Memory,0.032431062
GAAGCAGGTCGAAAGC-1,NAIVE 1,0.037646364
GAAGCAGGTCTGCAAT-1,DN2,0.21737155
GAAGCAGGTGCAACGA-1,IgD-ve Memory,0.109258406
GAAGCAGGTGCGCTTG-1,Early-Activation,0.046441745
GAAGCAGGTGTCCTCT-1,IgD+ve Memory,0.0692271
GAAGCAGGTGTCGCTG-1,NAIVE 2,0.026161714
GAAGCAGGTTCTGAAC-1,NAIVE 2,0.07015846
GAAGCAGGTTTGTGTG-1,ASC 2,0.72755647
GAAGCAGTCAAGAAGT-1,IgD-ve Memory,0.07529828
GAAGCAGTCATGCTCC-1,IgD+ve Memory,0.046333637
GAAGCAGTCGCAAGCC-1,Transitional,0.11437242
GAAGCAGTCGTTACGA-1,NAIVE 2,0.05108084
GAAGCAGTCTGTCTAT-1,NAIVE 2,0.011515077
GAATAAGAGATCGGGT-1,IgD+ve Memory,0.038037892
GAATAAGAGGAACTGC-1,NAIVE 1,0.0400342
GAATAAGAGTATCGAA-1,NAIVE 1,0.038566414
GAATAAGAGTGCCAGA-1,NAIVE 1,0.05533122
GAATAAGAGTTACCCA-1,ASC 2,0.81638575
GAATAAGCAAGCTGAG-1,IgD+ve Memory,0.067859724
GAATAAGCAATAGCAA-1,IgD-ve Memory,0.042419333
GAATAAGCACAGATTC-1,Cell-Cycling,0.6660762
GAATAAGCACGAAATA-1,NAIVE 2,0.023468904
GAATAAGCAGCCTTGG-1,IgD+ve Memory,0.07060163
GAATAAGCAGCGTCCA-1,IgD-ve Memory,0.0833221
GAATAAGCATCTGGTA-1,ASC 2,0.69261634
GAATAAGGTACCCAAT-1,IgD-ve Memory,0.04983806
GAATAAGGTCATCCCT-1,IgD-ve Memory,0.027052738
GAATAAGGTCTCTCGT-1,IgD+ve Memory,0.048231103
GAATAAGGTCTCTCTG-1,ASC 2,0.6960276
GAATAAGGTCTTTCAT-1,IgD-ve Memory,0.03896568
GAATAAGGTGCTGTAT-1,NAIVE 2,0.041210957
GAATAAGGTGTCCTCT-1,ASC 2,0.7990084
GAATAAGGTTGAACTC-1,IgD-ve Memory,0.047840044
GAATAAGGTTGTACAC-1,ASC 2,0.8169618
GAATAAGTCAAGATCC-1,NAIVE 2,0.03727964
GAATAAGTCATAACCG-1,IgD+ve Memory,0.043793224
GAATAAGTCATCGATG-1,NAIVE 2,0.06536576
GAATAAGTCCCAACGG-1,ASC 2,0.69084805
GAATAAGTCCCGACTT-1,Early-Activation,0.07410625
GAATAAGTCGATCCCT-1,ASC 2,0.8583095
GAATAAGTCGCCGTGA-1,NAIVE 1,0.023882713
GAATAAGTCTCTGAGA-1,ASC 1,0.7980484
GAATAAGTCTGGTATG-1,ASC 1,0.7801395
GAATAAGTCTTACCGC-1,ASC 2,0.8381506
GAATGAAAGAATGTGT-1,NAIVE 2,0.039086953
GAATGAAAGACATAAC-1,NAIVE 2,0.07511757
GAATGAAAGAGGTTAT-1,IgD-ve Memory,0.032150663
GAATGAAAGATGCGAC-1,IgD+ve Memory,0.038097933
GAATGAAAGCAATATG-1,NAIVE 1,0.03200861
GAATGAAAGCCTATGT-1,NAIVE 2,0.032528102
GAATGAAAGCGTAATA-1,ASC 2,0.7846322
GAATGAAAGCTCCTTC-1,IgD-ve Memory,0.040908843
GAATGAAAGTATCTCG-1,DN2,0.09129882
GAATGAAAGTGTGGCA-1,IgD-ve Memory,0.04325717
GAATGAAAGTTTAGGA-1,NAIVE 1,0.064597085
GAATGAACAATCCGAT-1,IgD-ve Memory,0.032676414
GAATGAACAGACAAGC-1,ASC 2,0.74519265
GAATGAACATCCAACA-1,IgD-ve Memory,0.026027258
GAATGAAGTCCGTCAG-1,NAIVE 2,0.011825392
GAATGAAGTCTGGAGA-1,ASC 2,0.72950804
GAATGAAGTGCAGTAG-1,IgD+ve Memory,0.19843434
GAATGAAGTTAGAACA-1,DN2,0.17624803
GAATGAAGTTAGTGGG-1,IgD+ve Memory,0.055235498
GAATGAAGTTGGTTTG-1,IgD-ve Memory,0.044759087
GAATGAATCATTATCC-1,IgD-ve Memory,0.063083485
GAATGAATCCTTGACC-1,IgD+ve Memory,0.07301048
GAATGAATCTGATTCT-1,IgD-ve Memory,0.059370086
GAATGAATCTGCTGTC-1,ASC 2,0.8416596
GAATGAATCTTCATGT-1,IgD+ve Memory,0.04044267
GACACGCAGACAATAC-1,NAIVE 1,0.048810646
GACACGCAGAGTGACC-1,IgD-ve Memory,0.026925225
GACACGCAGCCATCGC-1,NAIVE 2,0.029358141
GACACGCAGCTGCGAA-1,IgD-ve Memory,0.042238142
GACACGCAGGACTGGT-1,NAIVE 2,0.009968144
GACACGCAGGCTAGGT-1,IgD+ve Memory,0.058595996
GACACGCCAAAGTCAA-1,IgD+ve Memory,0.041477144
GACACGCCAAGTACCT-1,NAIVE 1,0.039456606
GACACGCCAATAAGCA-1,Cell-Cycling,0.22329974
GACACGCCACCATGTA-1,IgD-ve Memory,0.048411056
GACACGCCAGCTGCAC-1,NAIVE 1,0.061843485
GACACGCCAGGATCGA-1,NAIVE 2,0.029614959
GACACGCCAGGGTATG-1,ASC 2,0.5550791
GACACGCCATCACGAT-1,Early-Activation,0.040785525
GACACGCCATGAGCGA-1,IgD-ve Memory,0.050812103
GACACGCCATGGTCAT-1,NAIVE 1,0.02878346
GACACGCGTAAGCACG-1,IgD+ve Memory,0.03706677
GACACGCGTAGCCTAT-1,NAIVE 2,0.040171955
GACACGCGTATAAACG-1,ASC 2,0.8392358
GACACGCGTATATCCG-1,IgD-ve Memory,0.048648197
GACACGCGTATCACCA-1,IgD+ve Memory,0.046932872
GACACGCGTCGAATCT-1,Transitional,0.13423045
GACACGCGTCGCATCG-1,IgD+ve Memory,0.048200954
GACACGCGTGCAGGTA-1,IgD-ve Memory,0.049806565
GACACGCTCAGGCAAG-1,NAIVE 1,0.076696865
GACACGCTCATTTGGG-1,IgD+ve Memory,0.044940043
GACACGCTCCCGACTT-1,IgD-ve Memory,0.03530265
GACACGCTCCTATTCA-1,DN2,0.16970511
GACACGCTCGAGCCCA-1,IgD+ve Memory,0.064961195
GACACGCTCGCAGGCT-1,IgD+ve Memory,0.04853241
GACACGCTCGGACAAG-1,IgD+ve Memory,0.062311273
GACACGCTCGGGAGTA-1,DN2,0.0701798
GACACGCTCGGTTAAC-1,IgD-ve Memory,0.041947883
GACAGAGAGACCGGAT-1,NAIVE 1,0.048588805
GACAGAGAGATGTAAC-1,ASC 2,0.7059403
GACAGAGAGCAACGGT-1,Cell-Cycling,0.5639693
GACAGAGAGCACCGCT-1,IgD+ve Memory,0.06693991
GACAGAGAGCCCTAAT-1,DN2,0.21107778
GACAGAGAGGCTACGA-1,NAIVE 2,0.031262133
GACAGAGAGGGTTCCC-1,Cell-Cycling,0.28184748
GACAGAGAGTACGACG-1,IgD+ve Memory,0.035885554
GACAGAGAGTTGAGTA-1,ASC 2,0.80388147
GACAGAGCAAACTGTC-1,IgD+ve Memory,0.073570974
GACAGAGCAAGGTGTG-1,IgD-ve Memory,0.04235056
GACAGAGCACACAGAG-1,ASC 2,0.6926285
GACAGAGCACACCGCA-1,HSP+,0.022037096
GACAGAGCACAGGCCT-1,IgD+ve Memory,0.05433152
GACAGAGCACATTAGC-1,IgD-ve Memory,0.046793327
GACAGAGCACGAAACG-1,IgD-ve Memory,0.0457006
GACAGAGCACGACGAA-1,IgD+ve Memory,0.045442253
GACAGAGCACGGACAA-1,IgD-ve Memory,0.05136546
GACAGAGCACTGTGTA-1,NAIVE 2,0.04669173
GACAGAGCAGCGTTCG-1,NAIVE 1,0.029016927
GACAGAGCATACAGCT-1,NAIVE 1,0.045227908
GACAGAGCATGCCACG-1,IgD+ve Memory,0.034603864
GACAGAGCATTTCACT-1,DN2,0.21317373
GACAGAGGTAGCGCTC-1,IgD+ve Memory,0.055937517
GACAGAGGTGATGATA-1,NAIVE 1,0.04672393
GACAGAGGTGCAGGTA-1,HSP+,0.035382774
GACAGAGTCACAAACC-1,IgD+ve Memory,0.046791937
GACAGAGTCAGAGGTG-1,IgD+ve Memory,0.03349414
GACAGAGTCAGCTCGG-1,IgD+ve Memory,0.06842166
GACAGAGTCATTGCCC-1,Transitional,0.12139742
GACAGAGTCGCTAGCG-1,IgD-ve Memory,0.027773552
GACAGAGTCTATGTGG-1,DN2,0.06824854
GACAGAGTCTTGGGTA-1,DN2,0.20540705
GACCAATAGAGAACAG-1,IgD-ve Memory,0.027058288
GACCAATAGCTCCTCT-1,IgD+ve Memory,0.068826966
GACCAATAGGACAGAA-1,IgD-ve Memory,0.045453846
GACCAATAGTCCGTAT-1,IgD+ve Memory,0.035282355
GACCAATAGTGAACAT-1,HSP+,0.017819213
GACCAATCACATGGGA-1,IgD+ve Memory,0.04642443
GACCAATCAGCTATTG-1,IgD+ve Memory,0.04572442
GACCAATCAGGGCATA-1,NAIVE 2,0.03260844
GACCAATCAGTAAGAT-1,IgD+ve Memory,0.06316918
GACCAATGTATCACCA-1,IgD+ve Memory,0.043674275
GACCAATGTCCTGCTT-1,NAIVE 2,0.0114176385
GACCAATGTGACTACT-1,NAIVE 1,0.082930334
GACCAATGTTGGTTTG-1,IgD+ve Memory,0.042054143
GACCAATGTTTAGGAA-1,NAIVE 2,0.03887849
GACCAATTCAGCACAT-1,IgD-ve Memory,0.03253825
GACCAATTCAGTGCAT-1,IgD+ve Memory,0.03934495
GACCAATTCCCTTGCA-1,IgD-ve Memory,0.044989847
GACCAATTCCGTACAA-1,DN2,0.20189671
GACCAATTCGGTCTAA-1,IgD-ve Memory,0.051854637
GACCAATTCTCTGTCG-1,NAIVE 1,0.02278732
GACCAATTCTTCATGT-1,NAIVE 1,0.05725383
GACCTGGAGACAAAGG-1,IgD-ve Memory,0.025052302
GACCTGGAGACACGAC-1,ASC 2,0.83995104
GACCTGGAGCCACCTG-1,IgD+ve Memory,0.011012697
GACCTGGAGCCTTGAT-1,IgD+ve Memory,0.05623625
GACCTGGAGCTGAAAT-1,NAIVE 2,0.0138081005
GACCTGGAGCTGCAAG-1,IgD+ve Memory,0.048172683
GACCTGGAGTCACGCC-1,IgD+ve Memory,0.05553901
GACCTGGAGTTTCCTT-1,IgD-ve Memory,0.03782769
GACCTGGCAAAGCGGT-1,NAIVE 2,0.023410412
GACCTGGCAACACCTA-1,ASC 1,0.78218967
GACCTGGCAAGAAGAG-1,HSP+,0.07602909
GACCTGGCAATGAAAC-1,IgD-ve Memory,0.038670152
GACCTGGCAATGGAGC-1,IgD+ve Memory,0.06713376
GACCTGGCACCTATCC-1,IgD+ve Memory,0.033905867
GACCTGGCATGGTCTA-1,ASC 1,0.7612462
GACCTGGCATGTCCTC-1,Transitional,0.11651226
GACCTGGCATTGGTAC-1,ASC 2,0.80076796
GACCTGGGTACACCGC-1,NAIVE 1,0.02476056
GACCTGGGTAGAAGGA-1,NAIVE 1,0.04928307
GACCTGGGTAGCACGA-1,ASC 2,0.735645
GACCTGGGTAGCTCCG-1,DN2,0.04679734
GACCTGGGTGTGAATA-1,IgD-ve Memory,0.06823837
GACCTGGTCAACTCTT-1,HSP+,0.039256867
GACCTGGTCACGCATA-1,IgD+ve Memory,0.068739325
GACCTGGTCAGTCCCT-1,IgD+ve Memory,0.04441287
GACCTGGTCAGTTAGC-1,NAIVE 2,0.03098441
GACCTGGTCATGTCTT-1,IgD+ve Memory,0.06902877
GACCTGGTCCAACCAA-1,ASC 3,0.87145644
GACCTGGTCCGCAGTG-1,NAIVE 1,0.0565689
GACCTGGTCGGAGCAA-1,IgD+ve Memory,0.063483186
GACCTGGTCTGCTTGC-1,NAIVE 1,0.038553584
GACGCGTAGAAACCGC-1,IgD-ve Memory,0.037021402
GACGCGTAGAAGGTGA-1,IgD-ve Memory,0.05572065
GACGCGTAGACACTAA-1,ASC 1,0.7486928
GACGCGTAGACATAAC-1,IgD+ve Memory,0.038104076
GACGCGTAGCGCCTCA-1,ASC 3,0.7343789
GACGCGTAGCTGGAAC-1,IgD+ve Memory,0.02814424
GACGCGTAGTCGATAA-1,IgD+ve Memory,0.029788077
GACGCGTAGTCTCAAC-1,NAIVE 1,0.04970978
GACGCGTAGTGACTCT-1,ASC 2,0.83576125
GACGCGTCAAGAGTCG-1,IgD-ve Memory,0.026164154
GACGCGTCAGCTGGCT-1,IgD+ve Memory,0.04394167
GACGCGTCAGGCTCAC-1,Cell-Cycling,0.6645971
GACGCGTCATCCCATC-1,ASC 2,0.8295909
GACGCGTCATGAGCGA-1,NAIVE 1,0.054380313
GACGCGTCATGCAATC-1,HSP+,0.038298797
GACGCGTCATTCCTGC-1,IgD-ve Memory,0.034630373
GACGCGTGTAAGTGGC-1,NAIVE 2,0.017391713
GACGCGTGTCTCGTTC-1,NAIVE 1,0.0366071
GACGCGTGTGCATCTA-1,NAIVE 1,0.0335203
GACGCGTGTGGTAACG-1,HSP+,0.042495005
GACGCGTGTTCAGGCC-1,IgD+ve Memory,0.045774527
GACGCGTGTTCATGGT-1,IgD-ve Memory,0.06621165
GACGCGTGTTGCGCAC-1,ASC 2,0.7294106
GACGCGTTCACAGGCC-1,HSP+,0.050315663
GACGCGTTCAGTTCGA-1,IgD-ve Memory,0.055301055
GACGCGTTCATCGGAT-1,Cell-Cycling,0.56270933
GACGCGTTCCAGTATG-1,DN2,0.18338574
GACGCGTTCGGCCGAT-1,NAIVE 1,0.04980314
GACGCGTTCGTAGGAG-1,IgD+ve Memory,0.043297693
GACGCGTTCTATCCTA-1,NAIVE 1,0.038041696
GACGCGTTCTCGCTTG-1,ASC 2,0.8404692
GACGGCTAGAAACGAG-1,NAIVE 1,0.037734643
GACGGCTAGAAAGTGG-1,DN2,0.2117101
GACGGCTAGAACAATC-1,HSP+,0.060786705
GACGGCTAGAGACTAT-1,IgD+ve Memory,0.045698177
GACGGCTAGCCCAGCT-1,ASC 2,0.7776161
GACGGCTAGCTCCTTC-1,IgD+ve Memory,0.0556279
GACGGCTAGGATGGAA-1,Cell-Cycling,0.62388766
GACGGCTAGGATTCGG-1,ASC 2,0.84911466
GACGGCTAGTCTCAAC-1,IgD-ve Memory,0.023776444
GACGGCTAGTTTAGGA-1,NAIVE 2,0.021387117
GACGGCTCAACACCCG-1,IgD-ve Memory,0.02283701
GACGGCTCAATGACCT-1,IgD+ve Memory,0.05122582
GACGGCTCAATGTAAG-1,IgD-ve Memory,0.026983999
GACGGCTCACAAGTAA-1,IgD-ve Memory,0.046239227
GACGGCTCACGACTCG-1,IgD-ve Memory,0.049905393
GACGGCTCACGTCTCT-1,NAIVE 1,0.040459488
GACGGCTCAGCTGTAT-1,IgD-ve Memory,0.03662934
GACGGCTCAGTTCATG-1,HSP+,0.04317089
GACGGCTGTCAGGACA-1,NAIVE 1,0.06917598
GACGGCTGTCCAGTTA-1,IgD-ve Memory,0.037229672
GACGGCTGTGAAAGAG-1,NAIVE 1,0.046170924
GACGGCTGTTGTCGCG-1,Transitional,0.10672689
GACGGCTTCACCGGGT-1,HSP+,0.030968854
GACGGCTTCAGAAATG-1,NAIVE 2,0.016090361
GACGGCTTCAGTGTTG-1,NAIVE 2,0.014991629
GACGGCTTCCCAAGTA-1,IgD-ve Memory,0.015125249
GACGGCTTCCCTTGCA-1,NAIVE 1,0.05407806
GACGGCTTCGTTTGCC-1,ASC 2,0.8186553
GACGGCTTCTCAAACG-1,DN2,0.107049316
GACGGCTTCTGGGCCA-1,IgD+ve Memory,0.036707122
GACGGCTTCTTCAACT-1,DN2,0.072333276
GACGTGCAGAAACCGC-1,NAIVE 1,0.050736032
GACGTGCAGAAACGAG-1,NAIVE 1,0.02547966
GACGTGCAGACTAGAT-1,ASC 1,0.7386615
GACGTGCAGAGCTGCA-1,IgD+ve Memory,0.062495995
GACGTGCAGATCACGG-1,IgD-ve Memory,0.06009494
GACGTGCAGATGCCAG-1,IgD+ve Memory,0.05205418
GACGTGCAGCGTTCCG-1,NAIVE 2,0.04248459
GACGTGCAGCTATGCT-1,IgD+ve Memory,0.082599446
GACGTGCAGGCCCTTG-1,DN2,0.2111078
GACGTGCAGGCGTACA-1,IgD-ve Memory,0.066222124
GACGTGCAGTAGATGT-1,IgD+ve Memory,0.06353018
GACGTGCAGTAGGTGC-1,IgD-ve Memory,0.04772253
GACGTGCAGTTGTAGA-1,IgD+ve Memory,0.04834814
GACGTGCCAAGCTGAG-1,NAIVE 1,0.0913007
GACGTGCCACGAAATA-1,ASC 2,0.8032941
GACGTGCCAGGAATCG-1,NAIVE 1,0.047497846
GACGTGCCATCCAACA-1,NAIVE 1,0.1000529
GACGTGCCATGAAGTA-1,IgD+ve Memory,0.02858567
GACGTGCCATGCAACT-1,Transitional,0.12085694
GACGTGCGTAAGTGTA-1,ASC 2,0.79386187
GACGTGCGTAGCGCTC-1,ASC 2,0.75313956
GACGTGCGTCCTCCAT-1,NAIVE 1,0.04273154
GACGTGCGTCGAACAG-1,HSP+,0.052593462
GACGTGCGTTCGCGAC-1,Cell-Cycling,0.46341088
GACGTGCGTTTGACAC-1,DN2,0.2100088
GACGTGCTCACTCTTA-1,NAIVE 1,0.032903176
GACGTGCTCCACTGGG-1,IgD-ve Memory,0.03567794
GACGTGCTCCTAGTGA-1,NAIVE 2,0.062580705
GACGTGCTCCTTTCGG-1,IgD-ve Memory,0.03930434
GACGTGCTCGCAAGCC-1,NAIVE 1,0.0350531
GACGTGCTCTTGCATT-1,NAIVE 1,0.07023516
GACGTTAAGAAGGCCT-1,IgD-ve Memory,0.041348964
GACGTTAAGAAGGGTA-1,ASC 3,0.74651855
GACGTTAAGCCTCGTG-1,IgD+ve Memory,0.05984388
GACGTTAAGCGAAGGG-1,NAIVE 1,0.04009921
GACGTTAAGTGTACCT-1,NAIVE 2,0.021773186
GACGTTAAGTTCGCGC-1,NAIVE 2,0.04085979
GACGTTACAATAGAGT-1,IgD+ve Memory,0.033937603
GACGTTACACAAGTAA-1,IgD-ve Memory,0.030845625
GACGTTACACCAGGTC-1,ASC 2,0.7429241
GACGTTACAGATGGGT-1,IgD-ve Memory,0.05303898
GACGTTACAGGTCCAC-1,Cell-Cycling,0.48561212
GACGTTACATAAGACA-1,HSP+,0.065245315
GACGTTACATGGTTGT-1,ASC 2,0.72039586
GACGTTAGTAGCCTAT-1,IgD+ve Memory,0.03266036
GACGTTAGTATGCTTG-1,DN2,0.1926681
GACGTTAGTCATCCCT-1,IgD-ve Memory,0.050006047
GACGTTAGTCCAGTTA-1,Transitional,0.10766315
GACGTTAGTCCGAAGA-1,DN2,0.07566429
GACGTTAGTCGATTGT-1,NAIVE 1,0.0604885
GACGTTAGTCTAAACC-1,NAIVE 1,0.04688765
GACGTTAGTCTTGTCC-1,NAIVE 1,0.083577074
GACGTTAGTGACAAAT-1,IgD+ve Memory,0.04472325
GACGTTAGTGTGACCC-1,NAIVE 2,0.006637343
GACGTTAGTTAAAGAC-1,ASC 2,0.86627203
GACGTTAGTTGGTGGA-1,DN2,0.19998494
GACGTTAGTTGTGGAG-1,NAIVE 2,0.027842969
GACGTTATCACTATTC-1,IgD+ve Memory,0.07591824
GACGTTATCCCAGGTG-1,IgD-ve Memory,0.033282198
GACGTTATCTACTATC-1,IgD-ve Memory,0.06380798
GACGTTATCTCCCTGA-1,IgD-ve Memory,0.033497464
GACGTTATCTTGTCAT-1,IgD+ve Memory,0.02873279
GACTAACAGACAATAC-1,NAIVE 1,0.029191112
GACTAACAGACTGTAA-1,HSP+,0.01955606
GACTAACAGCACAGGT-1,NAIVE 2,0.031708036
GACTAACAGCCATCGC-1,IgD-ve Memory,0.032993816
GACTAACAGCCGCCTA-1,IgD-ve Memory,0.059661616
GACTAACAGTAGCCGA-1,IgD-ve Memory,0.03059392
GACTAACCAAAGTGCG-1,IgD+ve Memory,0.04174464
GACTAACCAAGTCTAC-1,IgD+ve Memory,0.026860753
GACTAACCACCATGTA-1,IgD-ve Memory,0.07948101
GACTAACCACCGAAAG-1,ASC 2,0.7618166
GACTAACCAGGCAGTA-1,Cell-Cycling,0.40124646
GACTAACCATGCCTTC-1,IgD-ve Memory,0.02969738
GACTAACGTAAGAGAG-1,DN2,0.20031743
GACTAACGTACATGTC-1,ASC 1,0.869954
GACTAACGTTCGCGAC-1,IgD+ve Memory,0.04364715
GACTAACGTTGGTGGA-1,NAIVE 1,0.04090975
GACTAACTCAATACCG-1,ASC 2,0.7552298
GACTAACTCACATGCA-1,IgD+ve Memory,0.038035795
GACTAACTCATCGATG-1,ASC 2,0.7832643
GACTAACTCATGGTCA-1,ASC 2,0.7286563
GACTAACTCGCAAACT-1,NAIVE 1,0.043708965
GACTAACTCGGAGCAA-1,IgD-ve Memory,0.042379186
GACTACAAGAGGGATA-1,IgD+ve Memory,0.047357187
GACTACAAGATCCTGT-1,Cell-Cycling,0.69698447
GACTACAAGATCTGCT-1,IgD+ve Memory,0.04833641
GACTACAAGCGTAGTG-1,Early-Activation,0.043622915
GACTACAAGTGTCTCA-1,IgD-ve Memory,0.026874328
GACTACACAAAGGCGT-1,NAIVE 2,0.0147020165
GACTACACAAGGTGTG-1,IgD-ve Memory,0.049984112
GACTACACACATAACC-1,NAIVE 2,0.02757453
GACTACACAGGGTTAG-1,NAIVE 1,0.03486275
GACTACACAGTGGAGT-1,DN2,0.06347363
GACTACAGTACTCAAC-1,Transitional,0.12376879
GACTACAGTCAGCTAT-1,NAIVE 2,0.017498216
GACTACAGTCTCCCTA-1,IgD-ve Memory,0.05321412
GACTACAGTCTTCTCG-1,ASC 2,0.75911987
GACTACAGTTCAGGCC-1,DN2,0.036051624
GACTACAGTTCGCGAC-1,IgD+ve Memory,0.05512763
GACTACAGTTGGTGGA-1,IgD-ve Memory,0.04005205
GACTACATCAATCACG-1,IgD-ve Memory,0.035032738
GACTACATCACGAAGG-1,IgD+ve Memory,0.038852848
GACTACATCAGTGCAT-1,NAIVE 1,0.03173785
GACTACATCATGGTCA-1,DN2,0.15372677
GACTACATCCGATATG-1,HSP+,0.07411681
GACTACATCCTTTACA-1,IgD-ve Memory,0.04771251
GACTACATCGCGCCAA-1,NAIVE 2,0.04717163
GACTACATCGGCTACG-1,IgD-ve Memory,0.040221628
GACTACATCGTTTAGG-1,NAIVE 2,0.053581256
GACTACATCTAAGCCA-1,IgD-ve Memory,0.03266461
GACTACATCTCTTATG-1,ASC 1,0.8377623
GACTACATCTGCTTGC-1,NAIVE 1,0.03532464
GACTGCGAGACCCACC-1,ASC 2,0.8547473
GACTGCGAGAGTGAGA-1,IgD-ve Memory,0.05670981
GACTGCGAGCAAATCA-1,HSP+,0.031910617
GACTGCGAGCTAGGCA-1,IgD-ve Memory,0.035433315
GACTGCGAGGTGCTTT-1,IgD+ve Memory,0.045854237
GACTGCGAGTGCAAGC-1,DN2,0.08706097
GACTGCGCACACTGCG-1,IgD-ve Memory,0.034252085
GACTGCGCACCACCAG-1,DN2,0.041134518
GACTGCGCACCCATTC-1,HSP+,0.11646559
GACTGCGCACTATCTT-1,ASC 2,0.8359369
GACTGCGCACTGTGTA-1,NAIVE 1,0.07150531
GACTGCGCAGATCGGA-1,NAIVE 1,0.03929565
GACTGCGCAGCTGTGC-1,NAIVE 2,0.03336023
GACTGCGCAGGTCGTC-1,IgD-ve Memory,0.03592685
GACTGCGCAGGTTTCA-1,Cell-Cycling,0.5399894
GACTGCGCAGTATGCT-1,ASC 2,0.6587394
GACTGCGCATCCGGGT-1,IgD-ve Memory,0.046842314
GACTGCGCATCGACGC-1,ASC 2,0.7861618
GACTGCGGTACGCTGC-1,IgD-ve Memory,0.0629639
GACTGCGGTAGAGTGC-1,IgD+ve Memory,0.039164044
GACTGCGGTAGCCTCG-1,NAIVE 1,0.02759028
GACTGCGGTAGGCTGA-1,IgD-ve Memory,0.062330734
GACTGCGGTAGTGAAT-1,ASC 2,0.75194603
GACTGCGGTCATCCCT-1,NAIVE 1,0.06280191
GACTGCGGTCCGTTAA-1,IgD+ve Memory,0.04870264
GACTGCGGTCGGGTCT-1,IgD-ve Memory,0.07685151
GACTGCGGTGCGCTTG-1,IgD+ve Memory,0.04222247
GACTGCGGTGCGGTAA-1,NAIVE 1,0.047929537
GACTGCGGTGTAACGG-1,NAIVE 1,0.04481097
GACTGCGGTTACGGAG-1,NAIVE 1,0.04913604
GACTGCGGTTCATGGT-1,IgD-ve Memory,0.04861775
GACTGCGGTTGTACAC-1,HSP+,0.061707776
GACTGCGTCAAAGACA-1,NAIVE 1,0.036060184
GACTGCGTCCAATGGT-1,IgD+ve Memory,0.048895087
GACTGCGTCCTCAACC-1,NAIVE 1,0.056503564
GACTGCGTCCTCATTA-1,DN2,0.19241804
GACTGCGTCGCCATAA-1,NAIVE 2,0.016874878
GACTGCGTCTAACTTC-1,NAIVE 2,0.03388215
GACTGCGTCTTGTTTG-1,IgD-ve Memory,0.036485422
GAGCAGAAGATGTGTA-1,NAIVE 1,0.04758229
GAGCAGAAGCATCATC-1,NAIVE 1,0.084724545
GAGCAGAAGCCCAGCT-1,DN2,0.18358815
GAGCAGAAGCTACCTA-1,NAIVE 1,0.025389098
GAGCAGAAGGCCGAAT-1,IgD+ve Memory,0.041693483
GAGCAGAAGGGTATCG-1,ASC 2,0.6760769
GAGCAGAAGTATCTCG-1,IgD-ve Memory,0.023515256
GAGCAGACAAGCCCAC-1,IgD-ve Memory,0.023963422
GAGCAGACAAGGTTCT-1,NAIVE 2,0.014955964
GAGCAGACAATGGACG-1,NAIVE 1,0.03122183
GAGCAGACATTGCGGC-1,DN2,0.20023254
GAGCAGAGTACCGTTA-1,ASC 2,0.12967707
GAGCAGAGTAGAAGGA-1,IgD-ve Memory,0.03223749
GAGCAGAGTAGCTTGT-1,Early-Activation,0.049245138
GAGCAGAGTCTTGCGG-1,IgD-ve Memory,0.038752783
GAGCAGAGTGTAAGTA-1,ASC 2,0.80461365
GAGCAGAGTTATGTGC-1,IgD-ve Memory,0.027867872
GAGCAGAGTTTGCATG-1,NAIVE 1,0.0463334
GAGCAGATCAGCAACT-1,IgD+ve Memory,0.034848403
GAGCAGATCAGTGTTG-1,NAIVE 2,0.04619294
GAGCAGATCCAGTAGT-1,DN2,0.06681055
GAGCAGATCGCGTTTC-1,NAIVE 1,0.078167066
GAGCAGATCTGTGCAA-1,Cell-Cycling,0.31945458
GAGCAGATCTTTAGTC-1,NAIVE 1,0.044770833
GAGGTGAAGATGTGGC-1,IgD-ve Memory,0.03801657
GAGGTGAAGATTACCC-1,ASC 3,0.80869365
GAGGTGAAGCCGATTT-1,NAIVE 1,0.052491747
GAGGTGAAGGCTCTTA-1,IgD-ve Memory,0.03007833
GAGGTGAAGTGGAGAA-1,IgD+ve Memory,0.058648884
GAGGTGACAAGGGTCA-1,IgD+ve Memory,0.05494247
GAGGTGACACAAGTAA-1,ASC 2,0.6480328
GAGGTGACACAGAGGT-1,IgD-ve Memory,0.04300853
GAGGTGACATCTCGCT-1,Early-Activation,0.05456545
GAGGTGACATGGTCAT-1,NAIVE 2,0.058545448
GAGGTGACATTATCTC-1,IgD-ve Memory,0.021627592
GAGGTGAGTAAGAGAG-1,IgD-ve Memory,0.045149054
GAGGTGAGTATCAGTC-1,NAIVE 2,0.028220858
GAGGTGAGTCATACTG-1,NAIVE 1,0.03145647
GAGGTGAGTCTCTCTG-1,NAIVE 1,0.030636735
GAGGTGAGTTCACCTC-1,ASC 2,0.84129125
GAGGTGATCACCAGGC-1,IgD+ve Memory,0.045062587
GAGGTGATCATCTGCC-1,NAIVE 2,0.04042646
GAGGTGATCCAAAGTC-1,IgD-ve Memory,0.06138092
GAGGTGATCCTCGCAT-1,IgD+ve Memory,0.034074627
GAGGTGATCGAGAACG-1,HSP+,0.08784798
GAGGTGATCGGCGCAT-1,IgD+ve Memory,0.065218434
GAGGTGATCGTCTGCT-1,IgD+ve Memory,0.063089244
GAGGTGATCTATCCCG-1,IgD+ve Memory,0.049656264
GAGTCCGAGACATAAC-1,NAIVE 1,0.059396524
GAGTCCGAGACCTAGG-1,NAIVE 2,0.045690823
GAGTCCGAGACTGGGT-1,NAIVE 1,0.043175835
GAGTCCGAGATATGCA-1,NAIVE 2,0.05141685
GAGTCCGAGGCTCATT-1,NAIVE 2,0.052316703
GAGTCCGCAACCGCCA-1,NAIVE 1,0.02333074
GAGTCCGCAAGCGAGT-1,NAIVE 2,0.025230845
GAGTCCGCAAGGACAC-1,IgD+ve Memory,0.06836697
GAGTCCGCAATGAAAC-1,NAIVE 2,0.040853206
GAGTCCGCACCGTTGG-1,HSP+,0.08922683
GAGTCCGCACGAAGCA-1,IgD+ve Memory,0.06596406
GAGTCCGCAGACGCCT-1,IgD+ve Memory,0.043963443
GAGTCCGCATACCATG-1,NAIVE 1,0.061786823
GAGTCCGCATCCTTGC-1,ASC 1,0.7213651
GAGTCCGGTAAAGTCA-1,NAIVE 1,0.07378912
GAGTCCGGTAAGGGAA-1,IgD+ve Memory,0.03295551
GAGTCCGGTACCATCA-1,IgD+ve Memory,0.057828005
GAGTCCGGTACCGGCT-1,IgD+ve Memory,0.039357908
GAGTCCGGTAGTACCT-1,IgD+ve Memory,0.03367052
GAGTCCGGTGTCCTCT-1,DN2,0.07053037
GAGTCCGGTGTTTGTG-1,IgD+ve Memory,0.04562109
GAGTCCGGTTGCCTCT-1,DN2,0.19415073
GAGTCCGTCAATCTCT-1,ASC 2,0.78389156
GAGTCCGTCACAACGT-1,NAIVE 2,0.0066907527
GAGTCCGTCACGATGT-1,ASC 2,0.83113414
GAGTCCGTCATCGCTC-1,IgD+ve Memory,0.14262128
GAGTCCGTCGCCAGCA-1,ASC 2,0.808718
GAGTCCGTCTCGTATT-1,DN2,0.23729227
GATCAGTAGACACTAA-1,IgD-ve Memory,0.05214996
GATCAGTAGATACACA-1,NAIVE 2,0.03472186
GATCAGTAGCACGCCT-1,ASC 2,0.6927965
GATCAGTAGCAGACTG-1,IgD+ve Memory,0.03878189
GATCAGTAGCGTAATA-1,IgD+ve Memory,0.062337372
GATCAGTAGGAGTAGA-1,NAIVE 1,0.050224923
GATCAGTAGGATGCGT-1,NAIVE 1,0.038828008
GATCAGTAGTACGTTC-1,IgD-ve Memory,0.040161792
GATCAGTAGTATGACA-1,ASC 2,0.77980596
GATCAGTAGTTAACGA-1,IgD+ve Memory,0.0349536
GATCAGTCACAGTCGC-1,IgD-ve Memory,0.04016166
GATCAGTCAGCGTCCA-1,DN2,0.034004427
GATCAGTCATACCATG-1,IgD+ve Memory,0.034156423
GATCAGTCATGATCCA-1,NAIVE 2,0.02008998
GATCAGTCATGCCTAA-1,IgD-ve Memory,0.03206717
GATCAGTCATTGTGCA-1,IgD+ve Memory,0.050772034
GATCAGTGTACGAAAT-1,ASC 2,0.8557198
GATCAGTGTAGCTTGT-1,IgD-ve Memory,0.06504285
GATCAGTGTATAGTAG-1,IgD-ve Memory,0.032320816
GATCAGTGTCAGGACA-1,NAIVE 2,0.040031165
GATCAGTGTCCGTCAG-1,DN2,0.18358055
GATCAGTGTCTCACCT-1,NAIVE 1,0.050567523
GATCAGTGTGGTTTCA-1,IgD-ve Memory,0.03285884
GATCAGTGTTTGTGTG-1,IgD-ve Memory,0.015893502
GATCAGTTCAATCACG-1,IgD-ve Memory,0.058731608
GATCAGTTCACCACCT-1,Transitional,0.119177945
GATCAGTTCACTCTTA-1,ASC 2,0.7894714
GATCAGTTCAGCAACT-1,HSP+,0.16987573
GATCAGTTCAGCTCGG-1,ASC 3,0.7552673
GATCAGTTCCCGACTT-1,IgD-ve Memory,0.054454055
GATCAGTTCCGTTGCT-1,NAIVE 1,0.037850372
GATCAGTTCTTAGAGC-1,NAIVE 1,0.1274638
GATCGATAGAGTCTGG-1,DN2,0.018958451
GATCGATAGCAACGGT-1,NAIVE 1,0.06846129
GATCGATAGCAATATG-1,NAIVE 1,0.06364064
GATCGATAGCGATTCT-1,ASC 2,0.8609578
GATCGATAGCGTGAAC-1,ASC 2,0.772091
GATCGATAGCTAAGAT-1,IgD-ve Memory,0.03802047
GATCGATAGGAGTACC-1,HSP+,0.10978155
GATCGATAGGGAAACA-1,ASC 2,0.7070878
GATCGATAGTCGTACT-1,IgD-ve Memory,0.06316698
GATCGATAGTGTGAAT-1,IgD+ve Memory,0.03335307
GATCGATCAATGAAAC-1,IgD+ve Memory,0.028726714
GATCGATCAATTGCTG-1,IgD-ve Memory,0.044435978
GATCGATCACGAAAGC-1,NAIVE 1,0.059946947
GATCGATCAGTCCTTC-1,HSP+,0.056361865
GATCGATCAGTGAGTG-1,IgD-ve Memory,0.035200205
GATCGATCATCGGTTA-1,DN2,0.19632682
GATCGATGTACGCACC-1,IgD-ve Memory,0.06409191
GATCGATGTACTTCTT-1,DN2,0.06400124
GATCGATGTATGAAAC-1,IgD+ve Memory,0.04421216
GATCGATGTCAGAATA-1,IgD-ve Memory,0.05272746
GATCGATGTGATGATA-1,IgD+ve Memory,0.049733695
GATCGATGTGGTCCGT-1,Cell-Cycling,0.58040965
GATCGATGTTTCGCTC-1,ASC 3,0.77127963
GATCGATTCAACCATG-1,ASC 2,0.7725801
GATCGATTCCAGTATG-1,IgD+ve Memory,0.07580096
GATCGATTCGTGGACC-1,ASC 2,0.8766282
GATCGATTCTCTGCTG-1,HSP+,0.18729825
GATCGATTCTCTTGAT-1,Cell-Cycling,0.4442027
GATCGATTCTTCAACT-1,IgD+ve Memory,0.079500966
GATCGCGAGACAAGCC-1,NAIVE 1,0.04043901
GATCGCGAGACCCACC-1,IgD+ve Memory,0.041141048
GATCGCGAGAGGTTGC-1,DN2,0.21532226
GATCGCGAGGTGCTTT-1,NAIVE 2,0.0441023
GATCGCGAGTAGTGCG-1,IgD+ve Memory,0.053512067
GATCGCGCAACCGCCA-1,ASC 2,0.8144018
GATCGCGCAACGATGG-1,IgD+ve Memory,0.038916253
GATCGCGCAATAGCAA-1,NAIVE 2,0.0370035
GATCGCGCACAACTGT-1,IgD-ve Memory,0.028752133
GATCGCGCACGAGGTA-1,NAIVE 2,0.07352269
GATCGCGCAGCTGTTA-1,IgD-ve Memory,0.038200885
GATCGCGCAGTCAGAG-1,IgD-ve Memory,0.051675674
GATCGCGCATTAGGCT-1,IgD+ve Memory,0.05980278
GATCGCGCATTGCGGC-1,NAIVE 2,0.02531622
GATCGCGGTCGAATCT-1,NAIVE 2,0.15430905
GATCGCGGTCTGATCA-1,ASC 2,0.7782111
GATCGCGGTTCACCTC-1,IgD-ve Memory,0.028242733
GATCGCGGTTCAGACT-1,ASC 2,0.9401936
GATCGCGGTTGATTCG-1,IgD+ve Memory,0.055720977
GATCGCGTCAACGGCC-1,ASC 2,0.69721687
GATCGCGTCACTATTC-1,NAIVE 2,0.01613415
GATCGCGTCCAAACTG-1,NAIVE 2,0.0382283
GATCGCGTCTTTAGGG-1,IgD+ve Memory,0.03365589
GATCGTAAGAAAGTGG-1,ASC 2,0.57092565
GATCGTAAGAGCTTCT-1,NAIVE 1,0.042645898
GATCGTAAGAGTACCG-1,IgD+ve Memory,0.06855005
GATCGTAAGATGTGTA-1,IgD-ve Memory,0.041295722
GATCGTAAGCAAATCA-1,DN2,0.1836096
GATCGTAAGCATGGCA-1,ASC 2,0.6865912
GATCGTAAGCCACCTG-1,IgD-ve Memory,0.031751707
GATCGTAAGCGTGAGT-1,ASC 3,0.7953566
GATCGTAAGGATGCGT-1,NAIVE 2,0.02783708
GATCGTAAGGGCTTGA-1,NAIVE 2,0.10849828
GATCGTAAGTATGACA-1,NAIVE 1,0.046402976
GATCGTAAGTCACGCC-1,ASC 3,0.79265517
GATCGTAAGTCGAGTG-1,IgD-ve Memory,0.03907341
GATCGTAAGTTCGCGC-1,IgD+ve Memory,0.04737572
GATCGTACAAGTTCTG-1,NAIVE 2,0.031002194
GATCGTACACAAGTAA-1,IgD-ve Memory,0.026430033
GATCGTACACATCCAA-1,NAIVE 1,0.04140903
GATCGTACACCTCGTT-1,ASC 2,0.84982175
GATCGTACATGCCTTC-1,HSP+,0.043827925
GATCGTACATGTAGTC-1,NAIVE 2,0.031150267
GATCGTAGTAAACGCG-1,IgD-ve Memory,0.05646246
GATCGTAGTACGACCC-1,IgD-ve Memory,0.01805471
GATCGTAGTCGGGTCT-1,IgD-ve Memory,0.062903136
GATCGTAGTCTCCACT-1,IgD+ve Memory,0.034815654
GATCGTAGTGTTCGAT-1,NAIVE 2,0.027095987
GATCGTAGTTGGACCC-1,IgD-ve Memory,0.029437404
GATCGTAGTTTGACAC-1,IgD+ve Memory,0.0385864
GATCGTAGTTTGCATG-1,IgD-ve Memory,0.08606528
GATCGTATCAAGGTAA-1,NAIVE 1,0.041750945
GATCGTATCACCCTCA-1,IgD-ve Memory,0.03099094
GATCGTATCATCTGTT-1,NAIVE 2,0.007109696
GATCGTATCCATTCTA-1,IgD-ve Memory,0.02711031
GATCGTATCCTGTACC-1,IgD-ve Memory,0.024165934
GATCGTATCGCACTCT-1,NAIVE 1,0.027373673
GATCTAGAGACAAAGG-1,IgD-ve Memory,0.048666637
GATCTAGAGATATGGT-1,NAIVE 1,0.08549456
GATCTAGAGCTCAACT-1,IgD-ve Memory,0.045452833
GATCTAGAGGACTGGT-1,DN2,0.22198118
GATCTAGAGGCCCTTG-1,IgD+ve Memory,0.06399557
GATCTAGAGTCTCAAC-1,IgD-ve Memory,0.024085406
GATCTAGAGTCTCGGC-1,IgD-ve Memory,0.043788366
GATCTAGCAAACGTGG-1,NAIVE 1,0.060588885
GATCTAGCAACTGCTA-1,ASC 2,0.806072
GATCTAGCACATTAGC-1,ASC 1,0.7862615
GATCTAGCACCAACCG-1,IgD+ve Memory,0.08738389
GATCTAGCAGGGTACA-1,IgD+ve Memory,0.048081435
GATCTAGCATCAGTCA-1,IgD-ve Memory,0.07049308
GATCTAGGTACCGTTA-1,ASC 2,0.73929584
GATCTAGGTAGTAGTA-1,ASC 2,0.7414965
GATCTAGGTATGAATG-1,IgD-ve Memory,0.045112405
GATCTAGGTCAATACC-1,NAIVE 2,0.010005532
GATCTAGGTCGCCATG-1,NAIVE 2,0.06494011
GATCTAGGTGAGGGAG-1,ASC 3,0.74266136
GATCTAGTCAGTCAGT-1,NAIVE 1,0.042736527
GATCTAGTCATTGCGA-1,IgD-ve Memory,0.05384369
GATCTAGTCCCGGATG-1,NAIVE 1,0.028472168
GATCTAGTCGGAGCAA-1,IgD+ve Memory,0.07600545
GATCTAGTCGGCTTGG-1,IgD-ve Memory,0.057780463
GATCTAGTCGGTCCGA-1,ASC 2,0.86230975
GATCTAGTCTTAGCCC-1,IgD+ve Memory,0.05269418
GATGAAAAGATGGCGT-1,IgD+ve Memory,0.03327617
GATGAAAAGCTCCCAG-1,NAIVE 1,0.046396125
GATGAAAAGGCTCAGA-1,IgD+ve Memory,0.03854253
GATGAAAAGGTCGGAT-1,Cell-Cycling,0.36603874
GATGAAAAGTCTTGCA-1,NAIVE 1,0.047551613
GATGAAACAAACCTAC-1,IgD+ve Memory,0.042930946
GATGAAACAAGCTGGA-1,NAIVE 1,0.049980693
GATGAAACAAGGTGTG-1,IgD-ve Memory,0.055503376
GATGAAACAGGTGCCT-1,ASC 2,0.83320796
GATGAAACATGCATGT-1,Early-Activation,0.05656677
GATGAAACATTGGCGC-1,IgD+ve Memory,0.03556828
GATGAAAGTCAAACTC-1,IgD-ve Memory,0.0356143
GATGAAAGTCGTCTTC-1,ASC 1,0.73386383
GATGAAAGTCTGATCA-1,IgD-ve Memory,0.049223855
GATGAAAGTTCCACTC-1,ASC 2,0.6757964
GATGAAAGTTCTGGTA-1,IgD+ve Memory,0.044494316
GATGAAAGTTTGGCGC-1,IgD-ve Memory,0.044203233
GATGAAATCATCGATG-1,IgD-ve Memory,0.048866004
GATGAAATCCTAAGTG-1,IgD+ve Memory,0.040194772
GATGAAATCGCACTCT-1,ASC 2,0.75593626
GATGAAATCGTAGGTT-1,DN2,0.19166636
GATGAAATCTACTATC-1,IgD-ve Memory,0.051108368
GATGAAATCTCCTATA-1,NAIVE 2,0.019240055
GATGAAATCTGGTATG-1,ASC 2,0.80386764
GATGAGGAGACTAAGT-1,IgD-ve Memory,0.051367234
GATGAGGAGCGACGTA-1,ASC 2,0.78732187
GATGAGGAGCGGCTTC-1,IgD-ve Memory,0.076127455
GATGAGGAGGACAGCT-1,NAIVE 2,0.077318296
GATGAGGAGGGAAACA-1,IgD+ve Memory,0.060737472
GATGAGGAGTCATGCT-1,Cell-Cycling,0.23768137
GATGAGGAGTCCATAC-1,IgD+ve Memory,0.049030274
GATGAGGAGTGGAGAA-1,IgD+ve Memory,0.06889357
GATGAGGCAATAGCAA-1,NAIVE 2,0.061413333
GATGAGGCAATCTGCA-1,NAIVE 2,0.032711655
GATGAGGCACATGGGA-1,IgD+ve Memory,0.040051263
GATGAGGCACATGTGT-1,NAIVE 1,0.07617511
GATGAGGCACCATCCT-1,IgD+ve Memory,0.060491037
GATGAGGCAGTAAGAT-1,NAIVE 1,0.019500824
GATGAGGCAGTTTACG-1,NAIVE 2,0.028929712
GATGAGGCATCACGAT-1,IgD-ve Memory,0.023193158
GATGAGGGTAAACGCG-1,IgD+ve Memory,0.07909993
GATGAGGGTAACGCGA-1,NAIVE 2,0.008533489
GATGAGGGTGATAAAC-1,NAIVE 2,0.03548632
GATGAGGGTTAAGATG-1,IgD-ve Memory,0.039608195
GATGAGGGTTGGTGGA-1,IgD+ve Memory,0.1995701
GATGAGGGTTTCGCTC-1,IgD-ve Memory,0.03338391
GATGAGGTCACGCGGT-1,IgD-ve Memory,0.035535604
GATGAGGTCAGTTAGC-1,DN2,0.21474569
GATGAGGTCCATGCTC-1,NAIVE 1,0.042944178
GATGAGGTCCCTCAGT-1,ASC 2,0.74870586
GATGAGGTCGCCAAAT-1,IgD+ve Memory,0.042740688
GATGAGGTCGGCTTGG-1,NAIVE 1,0.045140892
GATGAGGTCGTCCGTT-1,NAIVE 1,0.045703065
GATGCTAAGACACGAC-1,ASC 2,0.7666603
GATGCTAAGACTAGAT-1,ASC 1,0.7388941
GATGCTAAGTACTTGC-1,DN2,0.17563121
GATGCTAAGTGTTGAA-1,NAIVE 1,0.043837413
GATGCTAAGTTACGGG-1,IgD+ve Memory,0.0683032
GATGCTACACACCGAC-1,NAIVE 1,0.041810848
GATGCTACACGGTTTA-1,NAIVE 2,0.10680559
GATGCTACAGATCTGT-1,NAIVE 2,0.03256526
GATGCTACAGCCTTTC-1,NAIVE 1,0.053392053
GATGCTACATCCTTGC-1,NAIVE 1,0.03284162
GATGCTACATGGGACA-1,NAIVE 2,0.029400446
GATGCTAGTATAAACG-1,ASC 2,0.75886726
GATGCTAGTCCCTTGT-1,ASC 1,0.78331935
GATGCTAGTCTTGCGG-1,IgD-ve Memory,0.053209733
GATGCTAGTCTTTCAT-1,NAIVE 1,0.04578692
GATGCTAGTGCACTTA-1,HSP+,0.034727585
GATGCTAGTGCGGTAA-1,HSP+,0.025771638
GATGCTAGTGGTTTCA-1,ASC 2,0.81421226
GATGCTAGTTTGTTTC-1,NAIVE 2,0.054583434
GATGCTATCACCACCT-1,IgD+ve Memory,0.022677029
GATGCTATCATTCACT-1,NAIVE 2,0.04527698
GATGCTATCCACTGGG-1,IgD-ve Memory,0.03170676
GATGCTATCCTTGGTC-1,IgD+ve Memory,0.088307574
GATGCTATCGCACTCT-1,Cell-Cycling,0.38903567
GATGCTATCGGATGTT-1,NAIVE 2,0.057342537
GATGCTATCGTCCAGG-1,IgD+ve Memory,0.04648512
GATGCTATCTCCGGTT-1,Cell-Cycling,0.3070091
GATGCTATCTCGATGA-1,IgD-ve Memory,0.05428943
GATGCTATCTGGAGCC-1,IgD-ve Memory,0.011594628
GATGCTATCTTCAACT-1,NAIVE 2,0.008438117
GATTCAGAGCACACAG-1,HSP+,0.03278433
GATTCAGAGCCCGAAA-1,IgD-ve Memory,0.04788657
GATTCAGAGCCTTGAT-1,NAIVE 1,0.061651073
GATTCAGAGCGAGAAA-1,IgD-ve Memory,0.03166698
GATTCAGAGCGCTTAT-1,IgD+ve Memory,0.055133346
GATTCAGAGGTGCAAC-1,IgD-ve Memory,0.02741069
GATTCAGAGTGGGATC-1,NAIVE 1,0.052514546
GATTCAGCACAAGCCC-1,NAIVE 1,0.02596974
GATTCAGCAGGATCGA-1,ASC 2,0.48238012
GATTCAGCAGTACACT-1,Transitional,0.11617027
GATTCAGCAGTTTACG-1,IgD+ve Memory,0.04246792
GATTCAGCATCAGTAC-1,IgD+ve Memory,0.04286689
GATTCAGGTACAGCAG-1,NAIVE 2,0.056180142
GATTCAGGTAGAGCTG-1,ASC 2,0.88818467
GATTCAGGTATTAGCC-1,NAIVE 2,0.018479213
GATTCAGGTCACCCAG-1,IgD+ve Memory,0.06348361
GATTCAGGTCTCCATC-1,NAIVE 1,0.048648443
GATTCAGGTGACCAAG-1,ASC 2,0.86233467
GATTCAGGTGCAGACA-1,IgD+ve Memory,0.070188776
GATTCAGTCACTTATC-1,IgD-ve Memory,0.030436847
GATTCAGTCCTGTACC-1,ASC 2,0.9678799
GATTCAGTCGCCCTTA-1,DN2,0.20008935
GATTCAGTCGTTGACA-1,HSP+,0.038615897
GATTCAGTCTAACTGG-1,NAIVE 1,0.033610243
GATTCAGTCTCGAGTA-1,IgD+ve Memory,0.04648042
GATTCAGTCTTAACCT-1,IgD-ve Memory,0.023874262
GATTCAGTCTTTAGGG-1,HSP+,0.1496869
GATTCAGTCTTTCCTC-1,NAIVE 1,0.040227093
GCAAACTAGCACCGCT-1,NAIVE 1,0.03956712
GCAAACTAGCCTTGAT-1,ASC 2,0.67118627
GCAAACTAGCTGCGAA-1,Cell-Cycling,0.63315105
GCAAACTAGGGATCTG-1,ASC 2,0.83521426
GCAAACTAGTCAATAG-1,HSP+,0.036129422
GCAAACTAGTGTCCCG-1,ASC 3,0.83520085
GCAAACTCAAGGGTCA-1,IgD+ve Memory,0.044253156
GCAAACTCACAACGTT-1,IgD+ve Memory,0.05126867
GCAAACTCACCTCGTT-1,NAIVE 1,0.016532617
GCAAACTCATGCTAGT-1,IgD-ve Memory,0.033515528
GCAAACTGTAAGAGGA-1,IgD+ve Memory,0.043264385
GCAAACTGTAAGTGTA-1,ASC 3,0.68705875
GCAAACTGTACCCAAT-1,Early-Activation,0.046944488
GCAAACTGTAGCTAAA-1,ASC 2,0.73105925
GCAAACTGTAGCTCCG-1,IgD+ve Memory,0.034472663
GCAAACTGTCATGCAT-1,NAIVE 1,0.054950267
GCAAACTGTCGAGTTT-1,NAIVE 2,0.024599463
GCAAACTGTCTAGTCA-1,Early-Activation,0.046568446
GCAAACTGTTACCAGT-1,Early-Activation,0.046472907
GCAAACTGTTATGTGC-1,IgD+ve Memory,0.06707731
GCAAACTGTTGTCTTT-1,IgD+ve Memory,0.05044032
GCAAACTTCAACGAAA-1,NAIVE 2,0.0145944515
GCAAACTTCACGAAGG-1,NAIVE 2,0.033846334
GCAAACTTCCGCAAGC-1,HSP+,0.1372259
GCAAACTTCCTTAATC-1,NAIVE 2,0.016596677
GCAAACTTCGTACGGC-1,ASC 2,0.8058355
GCAAACTTCTACTATC-1,ASC 2,0.8045416
GCAAACTTCTCTAAGG-1,NAIVE 2,0.05036532
GCAATCAAGAGTCGGT-1,IgD+ve Memory,0.049432583
GCAATCAAGATAGGAG-1,IgD-ve Memory,0.0485301
GCAATCAAGATGGCGT-1,IgD-ve Memory,0.03714433
GCAATCAAGATGTGGC-1,IgD-ve Memory,0.027072258
GCAATCAAGCAACGGT-1,ASC 2,0.72452086
GCAATCAAGGGAGTAA-1,NAIVE 1,0.034872655
GCAATCAAGTCATGCT-1,NAIVE 1,0.047471754
GCAATCAAGTCCAGGA-1,IgD-ve Memory,0.036769263
GCAATCAAGTGCGTGA-1,IgD+ve Memory,0.04801853
GCAATCACAAGCCATT-1,NAIVE 1,0.046418175
GCAATCACAAGCGTAG-1,NAIVE 2,0.012844631
GCAATCACAATGAAAC-1,IgD-ve Memory,0.033663496
GCAATCACAGGTGCCT-1,IgD+ve Memory,0.04359232
GCAATCACAGTATAAG-1,IgD-ve Memory,0.055239886
GCAATCAGTAATAGCA-1,ASC 2,0.8744533
GCAATCAGTACATCCA-1,NAIVE 1,0.045280576
GCAATCAGTAGCCTCG-1,NAIVE 1,0.08190158
GCAATCAGTCATTAGC-1,Early-Activation,0.04474176
GCAATCAGTCGTCTTC-1,IgD+ve Memory,0.066804096
GCAATCAGTCTTCGTC-1,NAIVE 1,0.05299106
GCAATCAGTGAGGGTT-1,NAIVE 1,0.042363055
GCAATCAGTGCTAGCC-1,HSP+,0.03820842
GCAATCAGTTCCCTTG-1,IgD+ve Memory,0.047132514
GCAATCATCAACCAAC-1,IgD+ve Memory,0.043695126
GCAATCATCCGCTGTT-1,IgD+ve Memory,0.024443597
GCAATCATCCTTTCTC-1,IgD+ve Memory,0.05358328
GCAATCATCGAATGGG-1,IgD+ve Memory,0.06332653
GCAATCATCGCAAACT-1,IgD+ve Memory,0.033592466
GCAATCATCGGATGTT-1,NAIVE 1,0.026758544
GCAATCATCGTATCAG-1,NAIVE 2,0.068485424
GCAATCATCGTTGACA-1,ASC 2,0.76550704
GCAATCATCTGCCCTA-1,ASC 1,0.7833152
GCAATCATCTTCATGT-1,HSP+,0.08869246
GCAATCATCTTTAGTC-1,NAIVE 1,0.08948316
GCACATAAGATGCCTT-1,DN2,0.17220654
GCACATAAGCCCTAAT-1,NAIVE 1,0.036247715
GCACATAAGCTCTCGG-1,NAIVE 1,0.05681796
GCACATAAGCTGAAAT-1,ASC 2,0.8891685
GCACATAAGGAGTTTA-1,NAIVE 1,0.061457667
GCACATAAGGGCTTGA-1,IgD+ve Memory,0.05837117
GCACATAAGTCGTTTG-1,NAIVE 1,0.028954046
GCACATACAAACGCGA-1,IgD+ve Memory,0.055797253
GCACATACAACTGCTA-1,NAIVE 1,0.028981028
GCACATACATCGATGT-1,IgD+ve Memory,0.04475539
GCACATAGTAAGAGAG-1,IgD-ve Memory,0.07170331
GCACATAGTGACCAAG-1,IgD+ve Memory,0.03285193
GCACATAGTGAGTATA-1,IgD+ve Memory,0.0255415
GCACATAGTTATCCGA-1,ASC 3,0.7885805
GCACATATCAGCGACC-1,IgD-ve Memory,0.032334458
GCACATATCCGAATGT-1,IgD+ve Memory,0.06207051
GCACATATCCGCATAA-1,NAIVE 1,0.09290646
GCACATATCGAACTGT-1,NAIVE 1,0.06243175
GCACATATCTCTTATG-1,NAIVE 1,0.054412466
GCACATATCTTGTATC-1,NAIVE 1,0.061126232
GCACATATCTTGTTTG-1,IgD-ve Memory,0.041169163
GCACTCTAGATGAGAG-1,IgD+ve Memory,0.04641826
GCACTCTAGATGTCGG-1,IgD+ve Memory,0.04784287
GCACTCTAGCCGATTT-1,IgD+ve Memory,0.034725968
GCACTCTAGTTTCCTT-1,IgD+ve Memory,0.03944743
GCACTCTCACATCCAA-1,NAIVE 1,0.03310217
GCACTCTCAGGATCGA-1,IgD-ve Memory,0.056899812
GCACTCTCATTACCTT-1,NAIVE 2,0.026317082
GCACTCTCATTAGCCA-1,IgD-ve Memory,0.038151797
GCACTCTGTACAAGTA-1,IgD-ve Memory,0.10651559
GCACTCTGTACATCCA-1,NAIVE 1,0.048944104
GCACTCTGTAGGACAC-1,NAIVE 2,0.05851385
GCACTCTGTAGGGTAC-1,ASC 2,0.8471843
GCACTCTGTCCGAATT-1,NAIVE 1,0.03624122
GCACTCTGTCTAACGT-1,IgD-ve Memory,0.035440847
GCACTCTGTCTGATTG-1,HSP+,0.0638217
GCACTCTGTTCCGGCA-1,NAIVE 2,0.055543415
GCACTCTTCCAGTAGT-1,IgD-ve Memory,0.03575388
GCACTCTTCTAACGGT-1,IgD-ve Memory,0.04945833
GCACTCTTCTTCGGTC-1,ASC 2,0.7423648
GCAGCCAAGACCACGA-1,DN2,0.18895233
GCAGCCAAGACGCAAC-1,IgD-ve Memory,0.04101614
GCAGCCAAGCCGATTT-1,NAIVE 1,0.02488112
GCAGCCAAGTACGTTC-1,NAIVE 1,0.04212531
GCAGCCAAGTCAAGCG-1,Early-Activation,0.057604436
GCAGCCAAGTGCGATG-1,IgD+ve Memory,0.034951553
GCAGCCACACATGTGT-1,IgD+ve Memory,0.08854351
GCAGCCACACGGCCAT-1,IgD-ve Memory,0.026514681
GCAGCCACACTCGACG-1,Cell-Cycling,0.26163843
GCAGCCACAGCGATCC-1,NAIVE 2,0.009563894
GCAGCCACAGTCAGCC-1,NAIVE 2,0.044631455
GCAGCCACATAGGATA-1,NAIVE 1,0.05392231
GCAGCCACATGTCGAT-1,IgD+ve Memory,0.049452096
GCAGCCACATTCCTCG-1,ASC 2,0.84307426
GCAGCCACATTTCAGG-1,Cell-Cycling,0.66082126
GCAGCCAGTAAGGGCT-1,NAIVE 2,0.05254784
GCAGCCAGTATTACCG-1,IgD+ve Memory,0.07009065
GCAGCCAGTCAACATC-1,NAIVE 2,0.027659856
GCAGCCAGTCAGTGGA-1,NAIVE 1,0.038758058
GCAGCCAGTCATACTG-1,IgD-ve Memory,0.09130922
GCAGCCAGTCATTAGC-1,IgD-ve Memory,0.058419697
GCAGCCAGTCGAGATG-1,NAIVE 1,0.055610012
GCAGCCAGTGCGAAAC-1,IgD+ve Memory,0.041485913
GCAGCCAGTTACAGAA-1,IgD+ve Memory,0.04397013
GCAGCCATCAGTACGT-1,NAIVE 2,0.07008353
GCAGCCATCCAAAGTC-1,IgD+ve Memory,0.054023933
GCAGCCATCGGCGGTT-1,ASC 2,0.7639669
GCAGCCATCTAAGCCA-1,NAIVE 2,0.055951327
GCAGCCATCTCACATT-1,NAIVE 2,0.05826633
GCAGTTAAGAAGGGTA-1,ASC 2,0.7977
GCAGTTAAGACAATAC-1,NAIVE 1,0.038678076
GCAGTTAAGACGCTTT-1,HSP+,0.08985987
GCAGTTAAGAGAGCTC-1,IgD+ve Memory,0.036284957
GCAGTTAAGAGCTATA-1,DN2,0.2161084
GCAGTTAAGAGCTTCT-1,IgD-ve Memory,0.041357726
GCAGTTAAGCAGGTCA-1,NAIVE 2,0.031461004
GCAGTTAAGCCTATGT-1,NAIVE 2,0.03811983
GCAGTTAAGCGTTTAC-1,IgD-ve Memory,0.039323095
GCAGTTAAGGGAGTAA-1,NAIVE 2,0.055625636
GCAGTTAAGGGTCTCC-1,ASC 2,0.7900878
GCAGTTAAGTCGCCGT-1,IgD+ve Memory,0.08621604
GCAGTTACAATTCCTT-1,NAIVE 1,0.07661265
GCAGTTACACAACGCC-1,ASC 3,0.7721642
GCAGTTACACGGCTAC-1,Early-Activation,0.061653413
GCAGTTACACTAAGTC-1,IgD-ve Memory,0.049506556
GCAGTTACACTTAACG-1,IgD-ve Memory,0.059754774
GCAGTTACAGACTCGC-1,DN2,0.07776396
GCAGTTACAGGGTACA-1,IgD+ve Memory,0.035331402
GCAGTTACAGGGTTAG-1,IgD-ve Memory,0.033860315
GCAGTTACATCACCCT-1,NAIVE 2,0.0073415437
GCAGTTACATGAGCGA-1,IgD+ve Memory,0.040136974
GCAGTTACATGCGCAC-1,NAIVE 2,0.043300707
GCAGTTACATGTTGAC-1,IgD-ve Memory,0.023043945
GCAGTTAGTAAACCTC-1,ASC 1,0.7550542
GCAGTTAGTACTCGCG-1,HSP+,0.08295192
GCAGTTAGTAGCGTGA-1,IgD+ve Memory,0.077830106
GCAGTTAGTCATACTG-1,Cell-Cycling,0.38082507
GCAGTTAGTCTTTCAT-1,NAIVE 2,0.053406194
GCAGTTAGTGCAGGTA-1,IgD-ve Memory,0.044540305
GCAGTTAGTGCATCTA-1,IgD+ve Memory,0.06366861
GCAGTTAGTTATCACG-1,IgD-ve Memory,0.033683173
GCAGTTAGTTATCGGT-1,NAIVE 1,0.06379229
GCAGTTATCGCGCCAA-1,IgD+ve Memory,0.038066864
GCAGTTATCGCTAGCG-1,IgD-ve Memory,0.035810854
GCAGTTATCGTCCGTT-1,IgD+ve Memory,0.04365323
GCAGTTATCTACTCAT-1,IgD+ve Memory,0.03034368
GCATACAAGACTCGGA-1,IgD+ve Memory,0.040239822
GCATACAAGAGCTGGT-1,IgD-ve Memory,0.050085608
GCATACAAGCCAGTAG-1,IgD-ve Memory,0.03227905
GCATACAAGCTAGTTC-1,NAIVE 1,0.04034907
GCATACAAGCTGTTCA-1,IgD+ve Memory,0.04129866
GCATACAAGGCACATG-1,IgD-ve Memory,0.030726327
GCATACAAGTTTAGGA-1,ASC 2,0.7495138
GCATACACAAACTGCT-1,ASC 1,0.7121755
GCATACACAAAGTCAA-1,NAIVE 1,0.055470124
GCATACACAAGCCGTC-1,NAIVE 2,0.030183483
GCATACACAATCGGTT-1,IgD-ve Memory,0.02107614
GCATACACACTTACGA-1,NAIVE 2,0.008586712
GCATACACAGCTGTTA-1,DN2,0.18525575
GCATACACAGGTCCAC-1,IgD-ve Memory,0.026271578
GCATACACAGTAGAGC-1,Cell-Cycling,0.22012328
GCATACACATATACGC-1,NAIVE 2,0.059862524
GCATACACATATGAGA-1,ASC 2,0.7693306
GCATACACATTTCACT-1,HSP+,0.10503518
GCATACAGTAGAGTGC-1,NAIVE 1,0.046367068
GCATACAGTAGATTAG-1,HSP+,0.03732865
GCATACAGTATCTGCA-1,IgD+ve Memory,0.029329663
GCATACAGTCCGAAGA-1,DN2,0.07066098
GCATACAGTGATGTCT-1,IgD-ve Memory,0.10401121
GCATACAGTTCAGGCC-1,NAIVE 2,0.03887819
GCATACAGTTGGTAAA-1,IgD+ve Memory,0.060692627
GCATACAGTTTGCATG-1,IgD-ve Memory,0.027794765
GCATACATCACCTTAT-1,IgD+ve Memory,0.04626543
GCATACATCACGAAGG-1,ASC 3,0.74084264
GCATACATCAGCCTAA-1,ASC 2,0.68705344
GCATACATCAGCTGGC-1,NAIVE 1,0.027039545
GCATACATCCAGAGGA-1,ASC 2,0.918186
GCATACATCCGAATGT-1,NAIVE 2,0.018926064
GCATACATCCGTAGTA-1,IgD-ve Memory,0.02405685
GCATACATCGGTTAAC-1,Cell-Cycling,0.6460304
GCATGATAGAGTGACC-1,IgD+ve Memory,0.03222411
GCATGATAGCGTCTAT-1,NAIVE 1,0.0917726
GCATGATAGGATGGTC-1,ASC 2,0.8442481
GCATGATAGGCATGGT-1,IgD+ve Memory,0.05141454
GCATGATAGGCATGTG-1,NAIVE 2,0.05337158
GCATGATAGTACGCGA-1,ASC 2,0.77099043
GCATGATAGTCACGCC-1,IgD-ve Memory,0.029872516
GCATGATCAACAACCT-1,DN2,0.18440065
GCATGATCAATAACGA-1,IgD+ve Memory,0.058733128
GCATGATCACGAAATA-1,NAIVE 1,0.03351706
GCATGATCAGCGTAAG-1,IgD-ve Memory,0.046392445
GCATGATCAGCTGGCT-1,IgD-ve Memory,0.047942318
GCATGATGTACCGTTA-1,IgD-ve Memory,0.02687503
GCATGATGTAGAGTGC-1,IgD-ve Memory,0.032365385
GCATGATGTGTTGAGG-1,NAIVE 2,0.04246105
GCATGATGTTGGACCC-1,IgD-ve Memory,0.031829953
GCATGATTCACATAGC-1,IgD+ve Memory,0.062809646
GCATGATTCGCATGGC-1,IgD-ve Memory,0.03665977
GCATGATTCGCTTAGA-1,IgD+ve Memory,0.028997684
GCATGATTCTGCTGTC-1,IgD-ve Memory,0.02642714
GCATGATTCTTACCTA-1,DN2,0.17916213
GCATGATTCTTCGAGA-1,ASC 1,0.8118319
GCATGCGAGACATAAC-1,NAIVE 2,0.054701038
GCATGCGAGCTAAGAT-1,IgD-ve Memory,0.04030397
GCATGCGAGCTCCTTC-1,NAIVE 1,0.05748508
GCATGCGAGTGTACCT-1,NAIVE 2,0.062473804
GCATGCGAGTGTGGCA-1,NAIVE 1,0.0697359
GCATGCGCAAACCCAT-1,NAIVE 1,0.045165718
GCATGCGCAACTGCGC-1,IgD+ve Memory,0.059410024
GCATGCGCACAAGACG-1,IgD+ve Memory,0.032468148
GCATGCGCAGGCTCAC-1,IgD+ve Memory,0.06973832
GCATGCGGTAATCGTC-1,ASC 2,0.7521016
GCATGCGGTATATCCG-1,IgD-ve Memory,0.03873801
GCATGCGGTCACAAGG-1,HSP+,0.042026527
GCATGCGGTCAGAATA-1,ASC 1,0.20044187
GCATGCGGTCGTGGCT-1,NAIVE 1,0.04798886
GCATGCGGTCTTCGTC-1,IgD-ve Memory,0.04855088
GCATGCGGTGTAAGTA-1,IgD-ve Memory,0.05837215
GCATGCGGTGTCTGAT-1,NAIVE 2,0.06632014
GCATGCGGTGTGTGCC-1,IgD-ve Memory,0.011870952
GCATGCGGTTCCAACA-1,NAIVE 2,0.025120957
GCATGCGGTTTGTTGG-1,IgD+ve Memory,0.04907411
GCATGCGTCATTCACT-1,IgD+ve Memory,0.07554863
GCATGCGTCCTGTACC-1,IgD-ve Memory,0.0434886
GCATGCGTCGAGCCCA-1,NAIVE 1,0.029097095
GCATGCGTCGCCGTGA-1,IgD+ve Memory,0.020607919
GCATGCGTCTCATTCA-1,IgD+ve Memory,0.06212293
GCATGCGTCTGATACG-1,NAIVE 2,0.14521548
GCATGCGTCTTGGGTA-1,NAIVE 2,0.038886055
GCATGTAAGAACTGTA-1,NAIVE 1,0.037950642
GCATGTAAGCATGGCA-1,IgD-ve Memory,0.011754504
GCATGTAAGCCAACAG-1,IgD-ve Memory,0.032920957
GCATGTAAGCGTAGTG-1,IgD+ve Memory,0.046194933
GCATGTAAGCTAAACA-1,HSP+,0.0395085
GCATGTAAGCTAACAA-1,NAIVE 1,0.07386671
GCATGTAAGGTAGCCA-1,NAIVE 2,0.06798933
GCATGTAAGGTGCACA-1,IgD-ve Memory,0.04501953
GCATGTAAGTAACCCT-1,NAIVE 2,0.012310488
GCATGTAAGTAGGTGC-1,IgD-ve Memory,0.045897495
GCATGTAAGTCCTCCT-1,IgD-ve Memory,0.022113033
GCATGTAAGTTCGATC-1,ASC 1,0.8258471
GCATGTACAATACGCT-1,IgD+ve Memory,0.04281755
GCATGTACACTGCCAG-1,IgD+ve Memory,0.04281751
GCATGTACAGCCTTTC-1,HSP+,0.03550098
GCATGTACAGGTCTCG-1,ASC 2,0.8973421
GCATGTACAGTCACTA-1,ASC 2,0.8233108
GCATGTACATAGTAAG-1,NAIVE 1,0.032673992
GCATGTAGTCAAAGAT-1,NAIVE 2,0.05381395
GCATGTAGTGACAAAT-1,DN2,0.12833716
GCATGTAGTGATGTGG-1,IgD-ve Memory,0.040721755
GCATGTAGTGCCTGGT-1,DN2,0.108370446
GCATGTAGTTCAGGCC-1,NAIVE 1,0.03374613
GCATGTAGTTTACTCT-1,NAIVE 1,0.04047607
GCATGTAGTTTGTTGG-1,NAIVE 2,0.023792686
GCATGTATCAGTTCGA-1,NAIVE 2,0.03715912
GCATGTATCATGCAAC-1,NAIVE 1,0.050542638
GCATGTATCCCACTTG-1,ASC 2,0.65641636
GCATGTATCCCGACTT-1,NAIVE 1,0.025383763
GCATGTATCCTCAATT-1,IgD+ve Memory,0.040841293
GCATGTATCCTTGCCA-1,NAIVE 2,0.028385442
GCATGTATCTAAGCCA-1,NAIVE 1,0.032066703
GCATGTATCTACGAGT-1,NAIVE 2,0.020432027
GCATGTATCTGATACG-1,IgD+ve Memory,0.07576464
GCATGTATCTTCTGGC-1,ASC 3,0.73735166
GCCAAATAGCGTCTAT-1,NAIVE 1,0.056778923
GCCAAATAGCTATGCT-1,ASC 3,0.8438803
GCCAAATAGGACCACA-1,IgD-ve Memory,0.031954616
GCCAAATAGGATCGCA-1,NAIVE 2,0.052223258
GCCAAATAGGGTTTCT-1,IgD-ve Memory,0.04212108
GCCAAATCACATCCAA-1,IgD-ve Memory,0.039268002
GCCAAATCACGGATAG-1,ASC 2,0.83081204
GCCAAATCATCGATGT-1,IgD+ve Memory,0.05579601
GCCAAATGTAAAGTCA-1,IgD+ve Memory,0.075914964
GCCAAATGTACCATCA-1,IgD-ve Memory,0.04063421
GCCAAATGTAGCGCTC-1,IgD+ve Memory,0.043927778
GCCAAATGTAGCTGCC-1,NAIVE 2,0.06454506
GCCAAATGTATAATGG-1,NAIVE 1,0.05294382
GCCAAATGTATAGGTA-1,DN2,0.14168201
GCCAAATGTCAATACC-1,NAIVE 1,0.046783067
GCCAAATGTCGCCATG-1,IgD-ve Memory,0.04864467
GCCAAATGTCTAACGT-1,IgD+ve Memory,0.04042443
GCCAAATGTGGCAAAC-1,IgD+ve Memory,0.035304032
GCCAAATGTGTAACGG-1,IgD+ve Memory,0.07507669
GCCAAATGTTGATTGC-1,NAIVE 2,0.047848552
GCCAAATGTTGGTGGA-1,IgD-ve Memory,0.034235317
GCCAAATTCAGCAACT-1,DN2,0.12501045
GCCAAATTCATGTGGT-1,ASC 3,0.55921596
GCCAAATTCGCAAGCC-1,NAIVE 1,0.017942017
GCCAAATTCGTGACAT-1,NAIVE 1,0.04283754
GCCAAATTCTCAAGTG-1,NAIVE 1,0.038494885
GCCAAATTCTTCGGTC-1,ASC 1,0.7757931
GCCTCTAAGAACTCGG-1,IgD-ve Memory,0.050779648
GCCTCTAAGATGTTAG-1,NAIVE 1,0.057052903
GCCTCTAAGCCAACAG-1,ASC 2,0.7856983
GCCTCTAAGGCTCTTA-1,Transitional,0.116767794
GCCTCTAAGGGCTTGA-1,IgD+ve Memory,0.08477317
GCCTCTAAGGTGGGTT-1,IgD+ve Memory,0.034416657
GCCTCTAAGTGCTGCC-1,ASC 2,0.67957175
GCCTCTACAACGCACC-1,IgD-ve Memory,0.03960679
GCCTCTACAAGCGTAG-1,NAIVE 1,0.042151857
GCCTCTACACGCATCG-1,HSP+,0.051774822
GCCTCTACAGCTGCTG-1,IgD-ve Memory,0.04716955
GCCTCTACAGGTCCAC-1,NAIVE 2,0.024965601
GCCTCTAGTAACGCGA-1,NAIVE 1,0.084980875
GCCTCTAGTAAGTAGT-1,NAIVE 1,0.05103628
GCCTCTAGTAGAAAGG-1,IgD-ve Memory,0.033705734
GCCTCTAGTAGATTAG-1,IgD-ve Memory,0.053363033
GCCTCTAGTATTACCG-1,IgD-ve Memory,0.028852442
GCCTCTAGTCTAAAGA-1,IgD-ve Memory,0.0724703
GCCTCTAGTGCACCAC-1,NAIVE 1,0.050596662
GCCTCTAGTGCATCTA-1,IgD+ve Memory,0.03847744
GCCTCTAGTGTAACGG-1,ASC 2,0.78268754
GCCTCTAGTGTTTGTG-1,NAIVE 1,0.051679462
GCCTCTAGTTCAGCGC-1,NAIVE 1,0.03765941
GCCTCTATCAGAGCTT-1,Early-Activation,0.030768469
GCCTCTATCAGCATGT-1,IgD-ve Memory,0.0384713
GCCTCTATCATACGGT-1,NAIVE 2,0.037546765
GCCTCTATCATGCAAC-1,NAIVE 1,0.042010903
GCCTCTATCCACTCCA-1,IgD+ve Memory,0.038435943
GCCTCTATCCGCTGTT-1,HSP+,0.042737965
GCCTCTATCGAGAGCA-1,IgD+ve Memory,0.051413875
GCCTCTATCGGAAATA-1,NAIVE 2,0.012109329
GCCTCTATCTGAGTGT-1,ASC 2,0.6631931
GCCTCTATCTTCGAGA-1,IgD+ve Memory,0.048261125
GCGACCAAGAAGGTGA-1,HSP+,0.048948206
GCGACCAAGAATAGGG-1,IgD-ve Memory,0.06230205
GCGACCAAGAGATGAG-1,NAIVE 1,0.03442808
GCGACCAAGAGCCCAA-1,ASC 3,0.60188586
GCGACCAAGATCCCAT-1,ASC 2,0.8141265
GCGACCAAGGACACCA-1,IgD-ve Memory,0.026880616
GCGACCAAGGCATGTG-1,DN2,0.21038266
GCGACCAAGGCTATCT-1,NAIVE 1,0.06837875
GCGACCAAGTCATCCA-1,Cell-Cycling,0.1278395
GCGACCACACATCCGG-1,IgD-ve Memory,0.039953873
GCGACCACACCATCCT-1,IgD+ve Memory,0.039341968
GCGACCACACTGTGTA-1,ASC 2,0.8338616
GCGACCACAGGAACGT-1,NAIVE 1,0.032473784
GCGACCACATCCGTGG-1,IgD+ve Memory,0.06036958
GCGACCACATTCACTT-1,IgD-ve Memory,0.045438644
GCGACCAGTAAACACA-1,NAIVE 1,0.030800594
GCGACCAGTAAACGCG-1,ASC 2,0.8322769
GCGACCAGTACATGTC-1,IgD-ve Memory,0.061087213
GCGACCAGTAGGAGTC-1,NAIVE 1,0.039302737
GCGACCAGTATAAACG-1,IgD+ve Memory,0.03475012
GCGACCAGTATGGTTC-1,ASC 2,0.79750514
GCGACCAGTGACGCCT-1,IgD-ve Memory,0.03804394
GCGACCAGTGCCTGTG-1,ASC 2,0.82940745
GCGACCAGTGTTGGGA-1,IgD+ve Memory,0.05501274
GCGACCAGTGTTTGGT-1,IgD-ve Memory,0.085889444
GCGACCAGTTGCCTCT-1,IgD-ve Memory,0.025324563
GCGACCAGTTGGGACA-1,NAIVE 1,0.024499545
GCGACCATCAACGGCC-1,IgD+ve Memory,0.051944852
GCGACCATCGACAGCC-1,IgD+ve Memory,0.030092467
GCGACCATCGCCCTTA-1,IgD-ve Memory,0.030602764
GCGACCATCGCGGATC-1,IgD+ve Memory,0.058628324
GCGACCATCGGAAACG-1,IgD+ve Memory,0.07413465
GCGACCATCGGAGGTA-1,NAIVE 2,0.029760996
GCGAGAAAGACATAAC-1,Cell-Cycling,0.55403703
GCGAGAAAGATCTGCT-1,IgD-ve Memory,0.04285619
GCGAGAAAGCCAGAAC-1,IgD+ve Memory,0.0451772
GCGAGAAAGGACTGGT-1,IgD+ve Memory,0.056386903
GCGAGAAAGGAGCGTT-1,NAIVE 1,0.030976586
GCGAGAAAGTGAAGTT-1,ASC 2,0.70364004
GCGAGAACAAGCCGTC-1,ASC 2,0.8212778
GCGAGAACAATCACAC-1,ASC 2,0.76141584
GCGAGAACACAGACAG-1,IgD+ve Memory,0.0389388
GCGAGAACACCGTTGG-1,IgD+ve Memory,0.061230686
GCGAGAACAGGGCATA-1,ASC 2,0.80959123
GCGAGAACAGTCCTTC-1,ASC 2,0.80415606
GCGAGAACAGTGGAGT-1,NAIVE 1,0.01949181
GCGAGAACATGATCCA-1,IgD+ve Memory,0.0458311
GCGAGAACATGGAATA-1,NAIVE 1,0.0725067
GCGAGAAGTACTCTCC-1,IgD-ve Memory,0.034553185
GCGAGAAGTAGGCTGA-1,DN2,0.16530922
GCGAGAAGTATCTGCA-1,DN2,0.06606497
GCGAGAAGTCATCCCT-1,NAIVE 2,0.032107234
GCGAGAAGTCATTAGC-1,IgD-ve Memory,0.037595972
GCGAGAAGTCTCTCTG-1,ASC 2,0.8399541
GCGAGAAGTGAAATCA-1,NAIVE 1,0.043624643
GCGAGAAGTGCGCTTG-1,NAIVE 2,0.012613978
GCGAGAAGTGTATGGG-1,IgD-ve Memory,0.04116398
GCGAGAATCATTCACT-1,IgD-ve Memory,0.0281149
GCGAGAATCCACGACG-1,IgD-ve Memory,0.042823613
GCGAGAATCCCTCAGT-1,NAIVE 2,0.0910227
GCGAGAATCCTGTAGA-1,IgD-ve Memory,0.066905186
GCGAGAATCGACCAGC-1,NAIVE 2,0.051184185
GCGAGAATCGACGGAA-1,DN2,0.028959475
GCGAGAATCTCCAACC-1,IgD-ve Memory,0.034760088
GCGAGAATCTGATTCT-1,ASC 2,0.78973985
GCGCAACAGAGGTAGA-1,IgD-ve Memory,0.039760478
GCGCAACAGATGGGTC-1,ASC 2,0.6753678
GCGCAACAGCGTTGCC-1,NAIVE 2,0.00553862
GCGCAACAGGAGTTTA-1,NAIVE 2,0.054325156
GCGCAACAGGCCCTCA-1,NAIVE 2,0.014103045
GCGCAACAGGCTAGGT-1,IgD+ve Memory,0.1904906
GCGCAACAGGTTCCTA-1,IgD+ve Memory,0.05211891
GCGCAACAGTCACGCC-1,DN2,0.19329289
GCGCAACCAAATTGCC-1,ASC 2,0.8736082
GCGCAACCAACACCTA-1,IgD+ve Memory,0.05485335
GCGCAACCAATTGCTG-1,IgD+ve Memory,0.030312734
GCGCAACCACGAGGTA-1,IgD-ve Memory,0.0268353
GCGCAACCACTTACGA-1,ASC 2,0.85857296
GCGCAACCAGCTTAAC-1,HSP+,0.019148896
GCGCAACCATCGATTG-1,IgD+ve Memory,0.058260117
GCGCAACGTATTACCG-1,NAIVE 1,0.04627759
GCGCAACGTCCGTCAG-1,IgD-ve Memory,0.06801716
GCGCAACGTCCGTTAA-1,ASC 2,0.7075355
GCGCAACGTCTAGCCG-1,NAIVE 2,0.028596755
GCGCAACGTGACTCAT-1,ASC 2,0.6713163
GCGCAACGTGAGTATA-1,IgD-ve Memory,0.05541652
GCGCAACGTGGCTCCA-1,NAIVE 2,0.031005654
GCGCAACGTGGGTCAA-1,IgD+ve Memory,0.0746931
GCGCAACGTTGATTGC-1,IgD+ve Memory,0.06443741
GCGCAACGTTGCTCCT-1,ASC 2,0.55169934
GCGCAACGTTTGGGCC-1,ASC 2,0.83892596
GCGCAACTCACGAAGG-1,IgD+ve Memory,0.045807492
GCGCAACTCCAAATGC-1,IgD-ve Memory,0.05807383
GCGCAACTCGCTTAGA-1,ASC 1,0.640332
GCGCAACTCGTAGGAG-1,NAIVE 1,0.058191963
GCGCAACTCTGTCTCG-1,IgD-ve Memory,0.03537731
GCGCAGTAGAGGTTAT-1,NAIVE 2,0.022553125
GCGCAGTAGGCTACGA-1,NAIVE 1,0.051811885
GCGCAGTAGTAGGTGC-1,IgD-ve Memory,0.046310086
GCGCAGTCAAACGTGG-1,Cell-Cycling,0.39924866
GCGCAGTCAAAGTGCG-1,Cell-Cycling,0.45283952
GCGCAGTCAGTGACAG-1,Early-Activation,0.06258673
GCGCAGTCAGTTTACG-1,Cell-Cycling,0.34870282
GCGCAGTCATCCTAGA-1,NAIVE 1,0.047941405
GCGCAGTCATGCGCAC-1,IgD-ve Memory,0.02309138
GCGCAGTCATGGTCAT-1,DN2,0.043449845
GCGCAGTCATTAGCCA-1,IgD+ve Memory,0.045043185
GCGCAGTGTACCGAGA-1,ASC 2,0.63569707
GCGCAGTGTAGGACAC-1,NAIVE 1,0.056863718
GCGCAGTGTCAGATAA-1,NAIVE 1,0.07137102
GCGCAGTGTCGGCTCA-1,ASC 2,0.6654138
GCGCAGTGTGCAACTT-1,IgD+ve Memory,0.04254375
GCGCAGTGTGCATCTA-1,IgD-ve Memory,0.039924346
GCGCAGTGTTTCGCTC-1,NAIVE 1,0.04937055
GCGCAGTTCATCACCC-1,NAIVE 2,0.022181666
GCGCAGTTCATGCAAC-1,NAIVE 2,0.028694063
GCGCAGTTCCATGAAC-1,ASC 2,0.81380314
GCGCAGTTCCCTGACT-1,IgD-ve Memory,0.045195337
GCGCAGTTCCGGCACA-1,DN2,0.21598494
GCGCAGTTCGTAGATC-1,IgD+ve Memory,0.0383542
GCGCAGTTCGTAGGAG-1,IgD-ve Memory,0.036394536
GCGCAGTTCTCAACTT-1,ASC 2,0.97425014
GCGCCAAAGAAGCCCA-1,NAIVE 1,0.024272459
GCGCCAAAGACATAAC-1,NAIVE 1,0.033217195
GCGCCAAAGATGTGGC-1,NAIVE 2,0.025888605
GCGCCAAAGCAGACTG-1,IgD+ve Memory,0.030400354
GCGCCAAAGCTATGCT-1,IgD-ve Memory,0.055226915
GCGCCAAAGGAGTACC-1,IgD+ve Memory,0.038680486
GCGCCAAAGTACGCCC-1,IgD+ve Memory,0.04528407
GCGCCAAAGTCTCGGC-1,IgD+ve Memory,0.03230222
GCGCCAACAATCAGAA-1,ASC 2,0.77713495
GCGCCAACAATCTACG-1,HSP+,0.13112691
GCGCCAACAATTCCTT-1,NAIVE 1,0.054310214
GCGCCAACACGGTAAG-1,NAIVE 1,0.028775321
GCGCCAACATGGTAGG-1,IgD-ve Memory,0.06217579
GCGCCAACATGTAGTC-1,Early-Activation,0.05531066
GCGCCAAGTACTCTCC-1,IgD-ve Memory,0.019931706
GCGCCAAGTAGCACGA-1,NAIVE 1,0.045003008
GCGCCAAGTCTAGAGG-1,Transitional,0.11189442
GCGCCAAGTGCACGAA-1,NAIVE 1,0.07025922
GCGCCAAGTGTTGGGA-1,IgD-ve Memory,0.04792579
GCGCCAAGTGTTTGGT-1,NAIVE 1,0.03500128
GCGCCAAGTTACCAGT-1,DN2,0.08678308
GCGCCAATCAAAGACA-1,HSP+,0.05198294
GCGCCAATCAACGAAA-1,NAIVE 1,0.05434767
GCGCCAATCAGTTAGC-1,IgD-ve Memory,0.036846537
GCGCCAATCATATCGG-1,IgD+ve Memory,0.060525667
GCGCCAATCCAAACTG-1,IgD-ve Memory,0.033273596
GCGCCAATCGAACTGT-1,IgD+ve Memory,0.043975778
GCGCCAATCGCTAGCG-1,NAIVE 1,0.0538291
GCGCCAATCGCTTAGA-1,IgD-ve Memory,0.022414783
GCGCCAATCGGAATCT-1,NAIVE 1,0.037937913
GCGCCAATCGGCTACG-1,ASC 2,0.83299226
GCGCCAATCGGCTTGG-1,NAIVE 2,0.05927239
GCGCCAATCTATCCTA-1,IgD+ve Memory,0.063766845
GCGCCAATCTCACATT-1,NAIVE 2,0.17918344
GCGCGATAGATGTGTA-1,IgD-ve Memory,0.040175546
GCGCGATAGGATGGTC-1,ASC 3,0.76647663
GCGCGATAGGGAGTAA-1,IgD-ve Memory,0.05026094
GCGCGATAGTACGCCC-1,ASC 2,0.6499323
GCGCGATAGTCATCCA-1,ASC 2,0.804383
GCGCGATAGTCCGGTC-1,Early-Activation,0.0451625
GCGCGATAGTGATCGG-1,IgD+ve Memory,0.05347015
GCGCGATAGTGTCCCG-1,NAIVE 1,0.028884863
GCGCGATCAACGATCT-1,NAIVE 1,0.059664477
GCGCGATCAACTTGAC-1,IgD-ve Memory,0.046039842
GCGCGATCAATAAGCA-1,NAIVE 2,0.021174641
GCGCGATCACATGACT-1,IgD-ve Memory,0.025827263
GCGCGATCACGGCCAT-1,NAIVE 1,0.05239089
GCGCGATCACTGCCAG-1,IgD+ve Memory,0.025710532
GCGCGATCAGCAGTTT-1,ASC 2,0.6671422
GCGCGATCAGGAATGC-1,IgD+ve Memory,0.050201528
GCGCGATCAGGTCGTC-1,ASC 2,0.55632126
GCGCGATCAGTGAGTG-1,IgD+ve Memory,0.0715007
GCGCGATCATATGCTG-1,NAIVE 1,0.039072048
GCGCGATGTACATGTC-1,Transitional,0.12353679
GCGCGATGTACTCGCG-1,NAIVE 1,0.027191011
GCGCGATGTCCAGTTA-1,NAIVE 1,0.06383332
GCGCGATGTCGCGTGT-1,IgD+ve Memory,0.028730627
GCGCGATGTCTACCTC-1,IgD+ve Memory,0.03527945
GCGCGATGTCTGATCA-1,IgD+ve Memory,0.03116701
GCGCGATGTCTTGCGG-1,ASC 1,0.33439493
GCGCGATGTGTCAATC-1,NAIVE 1,0.053734683
GCGCGATGTTCGGGCT-1,IgD+ve Memory,0.03678604
GCGCGATTCACGATGT-1,NAIVE 2,0.052558653
GCGCGATTCATCTGCC-1,NAIVE 2,0.0246245
GCGCGATTCCTAGTGA-1,IgD+ve Memory,0.05214924
GCGCGATTCCTTGGTC-1,ASC 3,0.7884051
GCGCGATTCGGCGCAT-1,IgD+ve Memory,0.0463937
GCGCGATTCTCCCTGA-1,IgD-ve Memory,0.03535531
GCGCGATTCTGATTCT-1,NAIVE 1,0.04458979
GCGCGATTCTTTCCTC-1,IgD-ve Memory,0.030315027
GCGGGTTAGCAAATCA-1,Transitional,0.12207472
GCGGGTTAGCAGATCG-1,NAIVE 1,0.043701667
GCGGGTTAGCGACGTA-1,IgD+ve Memory,0.036675304
GCGGGTTAGGAGTACC-1,IgD+ve Memory,0.04002042
GCGGGTTAGGCTAGCA-1,ASC 2,0.7252016
GCGGGTTAGGGTTTCT-1,IgD+ve Memory,0.06652482
GCGGGTTAGTGGTCCC-1,Early-Activation,0.059278104
GCGGGTTCAATCAGAA-1,IgD+ve Memory,0.082534015
GCGGGTTCACCAGTTA-1,ASC 2,0.83597314
GCGGGTTCAGGGTACA-1,IgD-ve Memory,0.04630113
GCGGGTTCAGGTCTCG-1,IgD-ve Memory,0.029770805
GCGGGTTCATGCGCAC-1,ASC 2,0.6393216
GCGGGTTGTCCAACTA-1,IgD-ve Memory,0.055506077
GCGGGTTGTCCGAAGA-1,ASC 2,0.9023338
GCGGGTTGTCTCAACA-1,NAIVE 2,0.023017831
GCGGGTTGTCTTCAAG-1,NAIVE 1,0.040038373
GCGGGTTGTGACCAAG-1,IgD+ve Memory,0.040154688
GCGGGTTGTGAGTGAC-1,IgD-ve Memory,0.036252335
GCGGGTTGTGTGGCTC-1,IgD-ve Memory,0.030043153
GCGGGTTGTTACCAGT-1,NAIVE 1,0.059489466
GCGGGTTGTTTGTTTC-1,IgD-ve Memory,0.034878425
GCGGGTTTCAACCATG-1,ASC 2,0.76205134
GCGGGTTTCACCCTCA-1,IgD+ve Memory,0.04076031
GCGGGTTTCATTTGGG-1,ASC 2,0.6702561
GCGGGTTTCCCGACTT-1,IgD-ve Memory,0.027777987
GCGGGTTTCCCTCTTT-1,IgD-ve Memory,0.02903739
GCGGGTTTCGAACGGA-1,IgD+ve Memory,0.028278662
GCGGGTTTCGTTGCCT-1,Early-Activation,0.04477252
GCGGGTTTCTCGCTTG-1,IgD-ve Memory,0.0692721
GCGGGTTTCTGTCCGT-1,NAIVE 2,0.022932272
GCTCCTAAGAATGTGT-1,NAIVE 1,0.049352784
GCTCCTAAGAGCTATA-1,ASC 3,0.69962436
GCTCCTAAGCGTTTAC-1,IgD+ve Memory,0.05054737
GCTCCTAAGGTGATTA-1,IgD+ve Memory,0.057851166
GCTCCTAAGTCCAGGA-1,IgD+ve Memory,0.05074938
GCTCCTAAGTGGACGT-1,IgD-ve Memory,0.044544294
GCTCCTACAAAGTCAA-1,NAIVE 2,0.039469372
GCTCCTACACACATGT-1,IgD+ve Memory,0.05529252
GCTCCTACACCCATTC-1,NAIVE 1,0.06453056
GCTCCTACACCGTTGG-1,IgD-ve Memory,0.025601244
GCTCCTACACGGCGTT-1,ASC 2,0.71527416
GCTCCTACACGTGAGA-1,IgD-ve Memory,0.0701566
GCTCCTACAGATCGGA-1,NAIVE 1,0.033288784
GCTCCTACAGTCACTA-1,ASC 2,0.7432846
GCTCCTACATCGATGT-1,IgD+ve Memory,0.06386907
GCTCCTACATCTCCCA-1,ASC 2,0.7337109
GCTCCTACATGGGACA-1,ASC 2,0.8604992
GCTCCTACATTGCGGC-1,IgD+ve Memory,0.04997314
GCTCCTAGTAGCGCTC-1,ASC 3,0.856204
GCTCCTAGTCTCATCC-1,Early-Activation,0.043255854
GCTCCTAGTGGTAACG-1,IgD-ve Memory,0.039015897
GCTCCTAGTTTGTTTC-1,NAIVE 2,0.071728565
GCTCCTATCAATCTCT-1,IgD-ve Memory,0.05282929
GCTCCTATCCTTTCGG-1,NAIVE 1,0.15296693
GCTCCTATCGGCCGAT-1,Cell-Cycling,0.35453376
GCTCCTATCTAGCACA-1,ASC 2,0.79884547
GCTCTGTAGAAGGCCT-1,NAIVE 2,0.028223442
GCTCTGTAGACAAAGG-1,IgD-ve Memory,0.041180167
GCTCTGTAGCGACGTA-1,NAIVE 1,0.0514203
GCTCTGTAGGCGATAC-1,ASC 2,0.6959021
GCTCTGTAGGCTAGCA-1,Cell-Cycling,0.46801612
GCTCTGTAGGCTATCT-1,DN2,0.07116487
GCTCTGTAGTACGCGA-1,DN2,0.18513769
GCTCTGTAGTAGTGCG-1,IgD-ve Memory,0.031299297
GCTCTGTCACAGAGGT-1,IgD-ve Memory,0.04074755
GCTCTGTCACATAACC-1,IgD+ve Memory,0.05536596
GCTCTGTCACGGTGTC-1,Early-Activation,0.051136084
GCTCTGTCAGACAAAT-1,IgD+ve Memory,0.02943786
GCTCTGTCATAAGACA-1,NAIVE 2,0.02142451
GCTCTGTCATCACAAC-1,IgD-ve Memory,0.11675661
GCTCTGTCATGTTCCC-1,ASC 2,0.8679278
GCTCTGTCATTGGCGC-1,NAIVE 1,0.041768134
GCTCTGTCATTTCACT-1,Transitional,0.13298373
GCTCTGTGTAGCGTGA-1,IgD+ve Memory,0.029374564
GCTCTGTGTAGGCTGA-1,IgD-ve Memory,0.025837488
GCTCTGTGTCATCGGC-1,IgD-ve Memory,0.022489108
GCTCTGTGTTACGGAG-1,NAIVE 1,0.044380628
GCTCTGTGTTCCGGCA-1,NAIVE 1,0.056685768
GCTCTGTTCAACCAAC-1,NAIVE 1,0.05427898
GCTCTGTTCAGAAATG-1,NAIVE 2,0.024784025
GCTCTGTTCCACGTGG-1,NAIVE 2,0.01716754
GCTCTGTTCCTAAGTG-1,IgD+ve Memory,0.03557676
GCTCTGTTCGAATCCA-1,NAIVE 1,0.041794084
GCTGCAGAGATCTGCT-1,NAIVE 1,0.048457682
GCTGCAGAGATGGCGT-1,Cell-Cycling,0.63335484
GCTGCAGAGCACCGTC-1,IgD+ve Memory,0.052759957
GCTGCAGAGCGCTTAT-1,NAIVE 1,0.03504122
GCTGCAGAGCTGAAAT-1,HSP+,0.040007096
GCTGCAGAGGACCACA-1,ASC 2,0.8733888
GCTGCAGAGGCAGGTT-1,NAIVE 1,0.07791128
GCTGCAGAGGCGATAC-1,NAIVE 1,0.035135213
GCTGCAGAGTGCCATT-1,ASC 2,0.7897425
GCTGCAGAGTTCCACA-1,NAIVE 1,0.042890217
GCTGCAGAGTTGAGAT-1,Transitional,0.11830942
GCTGCAGCAATAGCGG-1,IgD-ve Memory,0.029115638
GCTGCAGCACCTATCC-1,ASC 2,0.7867828
GCTGCAGCAGATGAGC-1,IgD+ve Memory,0.043239456
GCTGCAGCATCACCCT-1,IgD-ve Memory,0.10680316
GCTGCAGGTAAACCTC-1,ASC 2,0.74929756
GCTGCAGGTAGCTTGT-1,Cell-Cycling,0.21197096
GCTGCAGGTCAGGACA-1,IgD+ve Memory,0.041823454
GCTGCAGGTCCAGTTA-1,IgD+ve Memory,0.03383695
GCTGCAGGTCGAACAG-1,DN2,0.18630838
GCTGCAGGTCGCGTGT-1,NAIVE 2,0.044646475
GCTGCAGGTCTAAACC-1,IgD+ve Memory,0.073045276
GCTGCAGGTCTCTCGT-1,NAIVE 2,0.024897097
GCTGCAGGTGGTACAG-1,NAIVE 1,0.05082858
GCTGCAGGTGTCTGAT-1,IgD-ve Memory,0.040973756
GCTGCAGGTGTTGAGG-1,HSP+,0.057966918
GCTGCAGGTTACGACT-1,ASC 2,0.73570055
GCTGCAGTCAGGTAAA-1,NAIVE 2,0.0537974
GCTGCAGTCGGATGGA-1,NAIVE 1,0.042577002
GCTGCGAAGACTAAGT-1,Cell-Cycling,0.6622589
GCTGCGAAGCTAAGAT-1,IgD+ve Memory,0.028428027
GCTGCGAAGCTACCTA-1,ASC 2,0.8404903
GCTGCGAAGCTAGGCA-1,IgD+ve Memory,0.02981777
GCTGCGAAGGAATTAC-1,IgD-ve Memory,0.037864562
GCTGCGAAGTACTTGC-1,NAIVE 1,0.1114841
GCTGCGACAAGGACTG-1,ASC 1,0.8283176
GCTGCGACACGTCTCT-1,IgD-ve Memory,0.025931114
GCTGCGACATATGAGA-1,HSP+,0.031849213
GCTGCGAGTATAAACG-1,IgD-ve Memory,0.027397182
GCTGCGAGTCATACTG-1,IgD-ve Memory,0.02143033
GCTGCGAGTCTGATTG-1,ASC 1,0.76787984
GCTGCGAGTGAAGGCT-1,ASC 2,0.75252426
GCTGCGAGTTAGGGTG-1,ASC 2,0.79159194
GCTGCGAGTTCACCTC-1,IgD-ve Memory,0.026755463
GCTGCGAGTTCTCATT-1,NAIVE 2,0.026943685
GCTGCGAGTTGGAGGT-1,IgD-ve Memory,0.03390004
GCTGCGAGTTGGGACA-1,NAIVE 1,0.037792306
GCTGCGATCAACCAAC-1,IgD+ve Memory,0.048356466
GCTGCGATCAAGGCTT-1,NAIVE 1,0.045474783
GCTGCGATCTTTACGT-1,Cell-Cycling,0.3696997
GCTGCTTAGATCACGG-1,IgD+ve Memory,0.03939783
GCTGCTTAGATCCCGC-1,DN2,0.21779019
GCTGCTTAGCGATTCT-1,ASC 2,0.78515047
GCTGCTTAGGCATGTG-1,IgD-ve Memory,0.0516096
GCTGCTTAGGGATCTG-1,NAIVE 1,0.051119372
GCTGCTTAGTCCTCCT-1,ASC 2,0.7458242
GCTGCTTCAAGTCTAC-1,NAIVE 2,0.05437261
GCTGCTTCACAACGCC-1,ASC 2,0.66222924
GCTGCTTCACGAAACG-1,HSP+,0.026662875
GCTGCTTCACGCCAGT-1,IgD+ve Memory,0.04809663
GCTGCTTCAGGCGATA-1,ASC 2,0.87114406
GCTGCTTCATCCTAGA-1,HSP+,0.15258113
GCTGCTTCATGTTGAC-1,ASC 2,0.81157285
GCTGCTTCATTTGCCC-1,NAIVE 1,0.07137578
GCTGCTTGTAAAGGAG-1,HSP+,0.04020556
GCTGCTTGTACGAAAT-1,IgD+ve Memory,0.045828473
GCTGCTTGTAGCGTGA-1,ASC 2,0.8876722
GCTGCTTGTATGAATG-1,NAIVE 1,0.034179322
GCTGCTTGTCATGCAT-1,ASC 2,0.8448995
GCTGCTTGTGATAAAC-1,IgD+ve Memory,0.04213659
GCTGCTTGTTAAGTAG-1,IgD-ve Memory,0.025987376
GCTGCTTGTTCCATGA-1,Cell-Cycling,0.6742225
GCTGCTTGTTGCCTCT-1,IgD+ve Memory,0.052191883
GCTGCTTTCACCATAG-1,IgD+ve Memory,0.038610734
GCTGCTTTCCTAAGTG-1,Transitional,0.047862355
GCTGCTTTCGGAAATA-1,IgD+ve Memory,0.04684221
GCTGCTTTCTTTAGGG-1,NAIVE 1,0.07320462
GCTGGGTAGCGATTCT-1,NAIVE 1,0.026962657
GCTGGGTAGCTAGCCC-1,ASC 1,0.76177484
GCTGGGTAGGACACCA-1,IgD+ve Memory,0.0765702
GCTGGGTAGGTGCTAG-1,IgD-ve Memory,0.037770174
GCTGGGTAGTTCCACA-1,ASC 3,0.8377818
GCTGGGTAGTTCGCAT-1,IgD+ve Memory,0.05655445
GCTGGGTCACACAGAG-1,IgD+ve Memory,0.07443867
GCTGGGTCACGTAAGG-1,IgD+ve Memory,0.06706424
GCTGGGTCACGTCTCT-1,NAIVE 1,0.03337706
GCTGGGTCAGACACTT-1,Cell-Cycling,0.6597924
GCTGGGTCATAGAAAC-1,NAIVE 2,0.008987316
GCTGGGTCATCCCACT-1,HSP+,0.033881176
GCTGGGTCATGGTCAT-1,NAIVE 2,0.007306261
GCTGGGTGTCCGTTAA-1,IgD-ve Memory,0.05816818
GCTGGGTGTCGCGTGT-1,ASC 2,0.78262556
GCTGGGTGTGAAAGAG-1,IgD+ve Memory,0.049499694
GCTGGGTGTGTGAATA-1,IgD-ve Memory,0.037329584
GCTGGGTTCACCAGGC-1,IgD+ve Memory,0.047486097
GCTGGGTTCACCTCGT-1,NAIVE 1,0.041679528
GCTGGGTTCATTGCCC-1,ASC 2,0.7684927
GCTGGGTTCCGCGGTA-1,IgD+ve Memory,0.061825417
GCTGGGTTCCTCATTA-1,ASC 3,0.81428814
GCTGGGTTCGTCCAGG-1,NAIVE 1,0.035644695
GCTGGGTTCTAACTTC-1,NAIVE 2,0.042849418
GCTGGGTTCTGCGACG-1,ASC 2,0.79497415
GCTGGGTTCTGCTGCT-1,HSP+,0.031201474
GCTTCCAAGGTGTTAA-1,NAIVE 2,0.109086424
GCTTCCACAAAGTCAA-1,NAIVE 2,0.09606562
GCTTCCACACTTCTGC-1,NAIVE 1,0.063467875
GCTTCCACAGACGCCT-1,HSP+,0.03999004
GCTTCCACAGACGTAG-1,IgD+ve Memory,0.05406015
GCTTCCACAGGGATTG-1,NAIVE 1,0.06067302
GCTTCCACAGTATCTG-1,Early-Activation,0.036992732
GCTTCCAGTAGAGCTG-1,HSP+,0.048876986
GCTTCCAGTCCGTTAA-1,HSP+,0.108290374
GCTTCCAGTGAGGCTA-1,ASC 2,0.7006509
GCTTCCAGTTGCGTTA-1,IgD+ve Memory,0.048630826
GCTTCCAGTTTGCATG-1,ASC 2,0.8534458
GCTTCCATCAAGGTAA-1,IgD-ve Memory,0.03138076
GCTTCCATCAGGCGAA-1,IgD+ve Memory,0.04483805
GCTTCCATCATACGGT-1,NAIVE 2,0.02134108
GCTTCCATCATAGCAC-1,IgD+ve Memory,0.06896647
GCTTCCATCATGTAGC-1,NAIVE 1,0.052879043
GCTTCCATCGGAATCT-1,NAIVE 2,0.044214044
GCTTCCATCGTGGACC-1,IgD+ve Memory,0.050387453
GCTTCCATCTTTACGT-1,HSP+,0.03246811
GCTTCCATCTTTCCTC-1,Cell-Cycling,0.26110485
GCTTGAAAGTACGTTC-1,NAIVE 2,0.03823281
GCTTGAAAGTAGCGGT-1,IgD-ve Memory,0.05313288
GCTTGAAAGTATCTCG-1,NAIVE 1,0.05213199
GCTTGAAAGTCCAGGA-1,ASC 2,0.80845976
GCTTGAAAGTCCATAC-1,IgD-ve Memory,0.05546293
GCTTGAAAGTGGGTTG-1,DN2,0.22751518
GCTTGAACAAGCCCAC-1,NAIVE 1,0.03228619
GCTTGAACACACGCTG-1,IgD+ve Memory,0.040648904
GCTTGAACAGCTGTGC-1,NAIVE 2,0.06135576
GCTTGAACAGTATAAG-1,ASC 2,0.7590961
GCTTGAACATCACCCT-1,NAIVE 2,0.010645612
GCTTGAAGTATCACCA-1,NAIVE 2,0.010758818
GCTTGAAGTCACTTCC-1,IgD-ve Memory,0.038532797
GCTTGAAGTCCAAGTT-1,IgD-ve Memory,0.052522585
GCTTGAAGTCCAGTAT-1,IgD+ve Memory,0.046787623
GCTTGAAGTCTTCGTC-1,IgD+ve Memory,0.061388418
GCTTGAAGTGCAGTAG-1,IgD-ve Memory,0.04263797
GCTTGAAGTGCTCTTC-1,Cell-Cycling,0.371735
GCTTGAAGTTAAGACA-1,IgD-ve Memory,0.03520881
GCTTGAAGTTACCAGT-1,IgD+ve Memory,0.06342941
GCTTGAAGTTCCACTC-1,IgD+ve Memory,0.04627414
GCTTGAAGTTTAAGCC-1,IgD-ve Memory,0.053450212
GCTTGAATCATCTGCC-1,NAIVE 1,0.043003213
GCTTGAATCCAAAGTC-1,NAIVE 2,0.009631392
GCTTGAATCCAAATGC-1,IgD-ve Memory,0.021595694
GCTTGAATCCAGAAGG-1,IgD-ve Memory,0.049038775
GCTTGAATCCGAATGT-1,IgD+ve Memory,0.035598222
GCTTGAATCCGTCAAA-1,Early-Activation,0.05743194
GCTTGAATCGCACTCT-1,IgD-ve Memory,0.036920957
GCTTGAATCGCCGTGA-1,IgD+ve Memory,0.07395705
GCTTGAATCGCTTGTC-1,NAIVE 1,0.040452246
GGAAAGCAGACTGGGT-1,NAIVE 2,0.0439394
GGAAAGCAGCCCGAAA-1,NAIVE 1,0.046816237
GGAAAGCAGGCTACGA-1,ASC 2,0.7748345
GGAAAGCAGTCTCAAC-1,IgD-ve Memory,0.028621076
GGAAAGCAGTGTACTC-1,IgD-ve Memory,0.06766628
GGAAAGCCAAGAGTCG-1,IgD-ve Memory,0.024725966
GGAAAGCCAAGTCTGT-1,Transitional,0.12619181
GGAAAGCCACAACGTT-1,Early-Activation,0.05434146
GGAAAGCCACAGCGTC-1,NAIVE 1,0.07124835
GGAAAGCCACGACTCG-1,NAIVE 2,0.027189173
GGAAAGCCACGGTAGA-1,NAIVE 1,0.030314134
GGAAAGCCAGCTGTTA-1,NAIVE 1,0.060685348
GGAAAGCCAGGTCGTC-1,NAIVE 2,0.03990505
GGAAAGCCAGTGACAG-1,ASC 2,0.78898823
GGAAAGCCATAACCTG-1,IgD-ve Memory,0.023930887
GGAAAGCCATCACAAC-1,IgD-ve Memory,0.009361885
GGAAAGCCATGGTCAT-1,DN2,0.14395088
GGAAAGCCATTAGCCA-1,ASC 2,0.7597288
GGAAAGCCATTTCAGG-1,IgD-ve Memory,0.06680989
GGAAAGCGTAAGAGAG-1,IgD-ve Memory,0.035798762
GGAAAGCGTAATCACC-1,IgD+ve Memory,0.07428761
GGAAAGCGTAGTAGTA-1,IgD+ve Memory,0.064637676
GGAAAGCGTCCAGTGC-1,ASC 2,0.68453324
GGAAAGCGTGTGAAAT-1,IgD+ve Memory,0.045520555
GGAAAGCGTTAGAACA-1,IgD-ve Memory,0.034377366
GGAAAGCGTTAGGGTG-1,IgD+ve Memory,0.044517256
GGAAAGCGTTCACGGC-1,HSP+,0.06782496
GGAAAGCTCACAGTAC-1,NAIVE 2,0.03740708
GGAAAGCTCAGTCAGT-1,IgD-ve Memory,0.05721139
GGAAAGCTCATGTAGC-1,IgD-ve Memory,0.041159533
GGAAAGCTCCAGTATG-1,IgD-ve Memory,0.044029254
GGAAAGCTCCGTAGTA-1,NAIVE 2,0.039820775
GGAAAGCTCCTCATTA-1,IgD-ve Memory,0.018704202
GGAAAGCTCGGACAAG-1,ASC 2,0.81028867
GGAAAGCTCGTCACGG-1,IgD+ve Memory,0.042698525
GGAAAGCTCTAACGGT-1,NAIVE 2,0.050800998
GGAAAGCTCTCCCTGA-1,Cell-Cycling,0.40944916
GGAAAGCTCTTGGGTA-1,IgD-ve Memory,0.055774886
GGAACTTAGAGTACCG-1,NAIVE 1,0.026800973
GGAACTTAGATTACCC-1,NAIVE 1,0.04042555
GGAACTTAGCGATATA-1,NAIVE 2,0.040301584
GGAACTTAGCGCCTTG-1,NAIVE 1,0.046490997
GGAACTTAGCTAAACA-1,ASC 1,0.7720641
GGAACTTAGGGTTTCT-1,IgD-ve Memory,0.07182946
GGAACTTAGGTGTTAA-1,ASC 2,0.8257378
GGAACTTAGTGTGAAT-1,DN2,0.18535851
GGAACTTAGTTCCACA-1,IgD+ve Memory,0.037177444
GGAACTTCAACGCACC-1,IgD-ve Memory,0.03123649
GGAACTTCAACTTGAC-1,IgD+ve Memory,0.032415863
GGAACTTCACTGTTAG-1,IgD-ve Memory,0.048690066
GGAACTTCAGGGAGAG-1,IgD-ve Memory,0.035291832
GGAACTTCATAGACTC-1,NAIVE 1,0.10099399
GGAACTTCATCCGCGA-1,IgD-ve Memory,0.032915425
GGAACTTCATCCGTGG-1,HSP+,0.016568825
GGAACTTCATGCCTTC-1,IgD-ve Memory,0.03567984
GGAACTTCATTCCTGC-1,IgD+ve Memory,0.037701674
GGAACTTGTAAACACA-1,IgD+ve Memory,0.061201807
GGAACTTGTACGCTGC-1,ASC 2,0.781065
GGAACTTGTACTTAGC-1,IgD+ve Memory,0.046144694
GGAACTTGTATATCCG-1,IgD+ve Memory,0.042384207
GGAACTTGTCCAAGTT-1,ASC 3,0.757666
GGAACTTGTCGCGGTT-1,IgD-ve Memory,0.05514089
GGAACTTGTCTGATCA-1,IgD+ve Memory,0.028298492
GGAACTTGTGATGTGG-1,HSP+,0.050444666
GGAACTTGTGTGCGTC-1,IgD-ve Memory,0.03582589
GGAACTTTCACATACG-1,IgD+ve Memory,0.044538338
GGAACTTTCAGTACGT-1,IgD-ve Memory,0.029273022
GGAACTTTCCGTTGTC-1,NAIVE 1,0.030078674
GGAACTTTCCTTGCCA-1,IgD+ve Memory,0.037692904
GGAACTTTCGCGTAGC-1,NAIVE 1,0.03418081
GGAACTTTCGTGGTCG-1,IgD-ve Memory,0.017742438
GGAATAAAGCACAGGT-1,ASC 2,0.80209726
GGAATAAAGCAGGCTA-1,NAIVE 1,0.04185413
GGAATAAAGCTCAACT-1,ASC 2,0.71973157
GGAATAAAGTGATCGG-1,NAIVE 2,0.008690158
GGAATAACAATAGCGG-1,ASC 2,0.82113206
GGAATAACACACGCTG-1,ASC 2,0.72479427
GGAATAACACAGGAGT-1,NAIVE 2,0.014140628
GGAATAACACCAGCAC-1,ASC 1,0.56999403
GGAATAACACCTCGTT-1,NAIVE 1,0.045341197
GGAATAACAGATCGGA-1,IgD-ve Memory,0.043299478
GGAATAACATGGTCTA-1,ASC 2,0.8782125
GGAATAAGTAACGCGA-1,ASC 2,0.8473109
GGAATAAGTCATTAGC-1,NAIVE 1,0.045945734
GGAATAAGTCCGTTAA-1,IgD-ve Memory,0.025615253
GGAATAAGTGACAAAT-1,IgD+ve Memory,0.055754796
GGAATAATCACTATTC-1,NAIVE 1,0.06746018
GGAATAATCACTTACT-1,NAIVE 2,0.025364107
GGAATAATCGGAATCT-1,IgD-ve Memory,0.035399884
GGAATAATCTCCTATA-1,HSP+,0.029799117
GGAATAATCTCGCATC-1,NAIVE 1,0.059049096
GGAATAATCTGAGTGT-1,NAIVE 1,0.07880746
GGAATAATCTGCTGCT-1,IgD+ve Memory,0.052347727
GGAATAATCTTGGGTA-1,Early-Activation,0.060385685
GGACAAGAGCCTCGTG-1,IgD-ve Memory,0.15523903
GGACAAGAGCGATCCC-1,NAIVE 2,0.022992784
GGACAAGAGGACATTA-1,IgD+ve Memory,0.044121552
GGACAAGAGTACGATA-1,IgD-ve Memory,0.075390555
GGACAAGAGTGTACGG-1,DN2,0.18191932
GGACAAGCACAGGTTT-1,NAIVE 1,0.036852423
GGACAAGCAGGATTGG-1,DN2,0.19505458
GGACAAGCAGGTGGAT-1,IgD+ve Memory,0.068207614
GGACAAGCAGTCAGCC-1,NAIVE 2,0.023046972
GGACAAGCATATACCG-1,ASC 2,0.6635261
GGACAAGCATGCCTAA-1,NAIVE 2,0.027322294
GGACAAGCATGGTCTA-1,IgD+ve Memory,0.03181269
GGACAAGCATTGGGCC-1,IgD-ve Memory,0.03039367
GGACAAGGTAAGTGTA-1,ASC 2,0.8024177
GGACAAGGTACTCGCG-1,HSP+,0.019178104
GGACAAGGTCAATGTC-1,IgD-ve Memory,0.052615274
GGACAAGGTTGATTCG-1,IgD+ve Memory,0.06196519
GGACAAGTCATGTCTT-1,IgD-ve Memory,0.05215012
GGACAAGTCCTATGTT-1,ASC 2,0.772207
GGACAAGTCCTGCCAT-1,NAIVE 2,0.051074073
GGACAAGTCGTGGACC-1,IgD-ve Memory,0.029609043
GGACAAGTCTCTGTCG-1,IgD+ve Memory,0.0734711
GGACAAGTCTTGCATT-1,NAIVE 1,0.06840602
GGACAGAAGACTAAGT-1,NAIVE 1,0.061045483
GGACAGAAGATCGATA-1,IgD-ve Memory,0.047127858
GGACAGAAGCAGACTG-1,NAIVE 1,0.042275213
GGACAGAAGCTAGTCT-1,IgD+ve Memory,0.04566203
GGACAGAAGCTAGTGG-1,NAIVE 2,0.013155109
GGACAGACAAGTTGTC-1,IgD+ve Memory,0.04033523
GGACAGACACAGAGGT-1,IgD+ve Memory,0.039520316
GGACAGACACTAGTAC-1,IgD-ve Memory,0.023160592
GGACAGACACTGAAGG-1,NAIVE 1,0.058611847
GGACAGACAGACAAGC-1,IgD-ve Memory,0.022659706
GGACAGAGTAACGCGA-1,IgD+ve Memory,0.026381219
GGACAGAGTAGCGCTC-1,NAIVE 1,0.031970095
GGACAGAGTAGTGAAT-1,IgD+ve Memory,0.045184508
GGACAGAGTATTAGCC-1,ASC 2,0.582665
GGACAGAGTCGGGTCT-1,NAIVE 2,0.03269602
GGACAGAGTGTTCTTT-1,IgD+ve Memory,0.051845297
GGACAGATCACGACTA-1,ASC 2,0.855376
GGACAGATCACGCGGT-1,DN2,0.07064135
GGACAGATCCACGTGG-1,ASC 2,0.78757757
GGACAGATCCATGAAC-1,IgD-ve Memory,0.06125137
GGACAGATCGAATGGG-1,IgD-ve Memory,0.029143969
GGACAGATCGGACAAG-1,IgD+ve Memory,0.039298516
GGACAGATCGGTGTTA-1,DN2,0.057017982
GGACAGATCGTTACGA-1,NAIVE 2,0.03025926
GGACAGATCGTTGACA-1,ASC 2,0.8632236
GGACAGATCGTTTATC-1,ASC 2,0.7440056
GGACAGATCTATGTGG-1,IgD-ve Memory,0.072092175
GGACAGATCTTCTGGC-1,IgD-ve Memory,0.020726707
GGACAGATCTTGAGAC-1,IgD+ve Memory,0.054500986
GGACATTAGATATGGT-1,DN2,0.16903485
GGACATTAGATTACCC-1,IgD-ve Memory,0.041276183
GGACATTAGCAATCTC-1,IgD+ve Memory,0.041755784
GGACATTAGCCAGTAG-1,IgD+ve Memory,0.038878825
GGACATTAGCCGTCGT-1,NAIVE 1,0.06440317
GGACATTAGGAGCGAG-1,IgD+ve Memory,0.060044657
GGACATTAGGTGATTA-1,ASC 1,0.747597
GGACATTAGTAGGCCA-1,ASC 2,0.7235987
GGACATTCAAGGTGTG-1,NAIVE 1,0.04912
GGACATTCACGGCCAT-1,IgD-ve Memory,0.020100575
GGACATTCAGTGGAGT-1,ASC 2,0.8629251
GGACATTCATTGTGCA-1,ASC 3,0.8554914
GGACATTGTAAGTGGC-1,IgD+ve Memory,0.04053017
GGACATTGTAATAGCA-1,NAIVE 1,0.068332985
GGACATTGTATTAGCC-1,HSP+,0.044983957
GGACATTGTCGACTGC-1,IgD-ve Memory,0.051957294
GGACATTGTCGCGAAA-1,IgD-ve Memory,0.0682873
GGACATTGTCTGGTCG-1,ASC 2,0.8335054
GGACATTGTGTGGCTC-1,NAIVE 2,0.11554265
GGACATTGTGTTTGTG-1,NAIVE 1,0.06141795
GGACATTTCAACGGGA-1,IgD+ve Memory,0.058542646
GGACATTTCACAAACC-1,IgD+ve Memory,0.03529848
GGACATTTCAGAAATG-1,IgD+ve Memory,0.044415098
GGACATTTCATAAAGG-1,DN2,0.14681059
GGACATTTCCGAAGAG-1,IgD+ve Memory,0.055000998
GGACATTTCCTGCAGG-1,IgD+ve Memory,0.047454823
GGACATTTCGCATGGC-1,ASC 2,0.8273008
GGACATTTCGCTTAGA-1,NAIVE 1,0.08239397
GGACATTTCGTAGATC-1,IgD+ve Memory,0.057912435
GGACATTTCTAACTGG-1,DN2,0.1577846
GGACATTTCTCGCTTG-1,ASC 2,0.8039901
GGACATTTCTCTAGGA-1,IgD-ve Memory,0.045468323
GGACATTTCTCTGAGA-1,Cell-Cycling,0.3219503
GGACATTTCTGTCCGT-1,IgD-ve Memory,0.05966886
GGACGTCAGACTTGAA-1,IgD+ve Memory,0.036137093
GGACGTCAGCAGGCTA-1,DN2,0.20281011
GGACGTCAGTACATGA-1,NAIVE 1,0.03584613
GGACGTCCACCGGAAA-1,ASC 2,0.8283315
GGACGTCCAGACTCGC-1,IgD-ve Memory,0.018303083
GGACGTCCAGTATCTG-1,IgD-ve Memory,0.02813512
GGACGTCCAGTCGATT-1,IgD-ve Memory,0.04071381
GGACGTCCATGGAATA-1,NAIVE 1,0.035926253
GGACGTCCATTGGTAC-1,ASC 1,0.64250606
GGACGTCGTCACTGGC-1,IgD-ve Memory,0.023721512
GGACGTCGTCATATGC-1,DN2,0.2153508
GGACGTCGTCCAGTTA-1,IgD-ve Memory,0.03777505
GGACGTCGTCGCGTGT-1,IgD-ve Memory,0.037251204
GGACGTCGTCTGCCAG-1,HSP+,0.043034647
GGACGTCGTCTTCTCG-1,HSP+,0.06819732
GGACGTCGTCTTGCGG-1,NAIVE 2,0.012651651
GGACGTCGTGCTAGCC-1,IgD-ve Memory,0.043577418
GGACGTCGTGGCCCTA-1,NAIVE 2,0.022323063
GGACGTCGTTCCACTC-1,NAIVE 1,0.048046254
GGACGTCTCACAAACC-1,IgD-ve Memory,0.0493228
GGACGTCTCACCCTCA-1,Early-Activation,0.050117727
GGACGTCTCCGCGTTT-1,IgD+ve Memory,0.08002631
GGACGTCTCCTCAATT-1,ASC 2,0.78185123
GGACGTCTCGCCAGCA-1,NAIVE 1,0.05533713
GGACGTCTCGCCCTTA-1,DN2,0.17235115
GGACGTCTCTGTCAAG-1,IgD+ve Memory,0.052928597
GGACGTCTCTGTTGAG-1,IgD-ve Memory,0.041913815
GGACGTCTCTTGGGTA-1,NAIVE 2,0.06809589
GGAGCAAAGATGAGAG-1,ASC 2,0.78290784
GGAGCAAAGGCTAGCA-1,IgD+ve Memory,0.057932544
GGAGCAACAAACGTGG-1,IgD-ve Memory,0.055161774
GGAGCAACAAGGACTG-1,NAIVE 2,0.09442123
GGAGCAACAATACGCT-1,IgD-ve Memory,0.057913315
GGAGCAACACCACGTG-1,NAIVE 2,0.015839176
GGAGCAACACTGTGTA-1,ASC 2,0.8582056
GGAGCAACAGCCAGAA-1,IgD-ve Memory,0.03194034
GGAGCAACAGGTGGAT-1,IgD+ve Memory,0.04330591
GGAGCAACATACTACG-1,IgD+ve Memory,0.043314032
GGAGCAACATGTTCCC-1,Early-Activation,0.03762195
GGAGCAACATTACGAC-1,IgD+ve Memory,0.06486983
GGAGCAAGTAAGTGGC-1,IgD+ve Memory,0.0664082
GGAGCAAGTACACCGC-1,Cell-Cycling,0.71063817
GGAGCAAGTCAATGTC-1,IgD-ve Memory,0.04422428
GGAGCAAGTCGCGTGT-1,NAIVE 2,0.03077643
GGAGCAAGTCTCTCTG-1,DN2,0.19164667
GGAGCAAGTGCAGACA-1,IgD-ve Memory,0.05212068
GGAGCAAGTTACCGAT-1,NAIVE 2,0.070233695
GGAGCAAGTTCAGGCC-1,NAIVE 2,0.01330809
GGAGCAAGTTCGCGAC-1,ASC 2,0.91250813
GGAGCAATCAACCAAC-1,IgD+ve Memory,0.067868076
GGAGCAATCGCATGAT-1,IgD+ve Memory,0.028540563
GGAGCAATCGCCTGAG-1,HSP+,0.046218365
GGAGCAATCTCTGTCG-1,ASC 2,0.81918466
GGAGCAATCTTGCCGT-1,IgD+ve Memory,0.047656473
GGATGTTAGAGACTAT-1,NAIVE 2,0.0058265547
GGATGTTAGCCATCGC-1,IgD+ve Memory,0.040264696
GGATGTTAGGAGCGAG-1,IgD-ve Memory,0.032796744
GGATGTTAGGATGGTC-1,DN2,0.19544365
GGATGTTAGGTGGGTT-1,IgD-ve Memory,0.04984236
GGATGTTAGTTTGCGT-1,ASC 2,0.67836446
GGATGTTCAATAAGCA-1,IgD+ve Memory,0.055091895
GGATGTTCACAGTCGC-1,IgD+ve Memory,0.03646466
GGATGTTCACGGTGTC-1,NAIVE 2,0.09040947
GGATGTTCAGCTGTAT-1,IgD+ve Memory,0.041842043
GGATGTTCAGTAACGG-1,IgD-ve Memory,0.027438283
GGATGTTCATATGCTG-1,NAIVE 1,0.039499003
GGATGTTCATCTATGG-1,ASC 2,0.7713192
GGATGTTCATTTCAGG-1,IgD+ve Memory,0.04756852
GGATGTTGTACAGTGG-1,ASC 2,0.7333484
GGATGTTGTACCGAGA-1,NAIVE 1,0.03158363
GGATGTTGTATTAGCC-1,Transitional,0.11628544
GGATGTTGTCTCCCTA-1,IgD-ve Memory,0.033919424
GGATGTTGTTATGTGC-1,IgD-ve Memory,0.034411717
GGATGTTTCCAAACTG-1,ASC 2,0.77924824
GGATGTTTCCGAACGC-1,Cell-Cycling,0.5082605
GGATGTTTCCGTTGCT-1,NAIVE 1,0.04076603
GGATGTTTCGAGGTAG-1,IgD+ve Memory,0.058203634
GGATGTTTCTAAGCCA-1,NAIVE 1,0.023129722
GGATGTTTCTTCGGTC-1,IgD+ve Memory,0.035805874
GGATTACAGAATTGTG-1,HSP+,0.062356755
GGATTACAGCAAATCA-1,IgD+ve Memory,0.048365504
GGATTACAGCTAACAA-1,NAIVE 2,0.11404586
GGATTACAGGCGATAC-1,ASC 2,0.7693245
GGATTACAGTTAGCGG-1,IgD-ve Memory,0.028865958
GGATTACAGTTGAGAT-1,NAIVE 1,0.02433645
GGATTACCACAAGCCC-1,NAIVE 2,0.030388335
GGATTACCACCATGTA-1,DN2,0.18171962
GGATTACCACTTCGAA-1,ASC 2,0.97781837
GGATTACCAGATCTGT-1,Transitional,0.12179171
GGATTACCAGTAAGCG-1,Cell-Cycling,0.44254446
GGATTACCATGGTCAT-1,NAIVE 1,0.053187035
GGATTACGTAGCTGCC-1,ASC 1,0.8167073
GGATTACGTATTAGCC-1,IgD-ve Memory,0.04084991
GGATTACGTATTCGTG-1,IgD+ve Memory,0.06607111
GGATTACGTCACAAGG-1,Transitional,0.11800739
GGATTACGTCCAACTA-1,IgD-ve Memory,0.033988804
GGATTACGTCCTGCTT-1,IgD-ve Memory,0.034968365
GGATTACGTCGGATCC-1,IgD-ve Memory,0.02321241
GGATTACGTCGGCACT-1,NAIVE 2,0.041798357
GGATTACGTGAGTATA-1,IgD+ve Memory,0.04623733
GGATTACGTTGATTCG-1,NAIVE 2,0.12511484
GGATTACTCACCCTCA-1,ASC 1,0.8166482
GGATTACTCAGCTTAG-1,IgD-ve Memory,0.047913793
GGATTACTCATGTGGT-1,IgD-ve Memory,0.026967043
GGATTACTCCCTCTTT-1,NAIVE 2,0.033539437
GGATTACTCCGCAAGC-1,NAIVE 1,0.015164252
GGATTACTCCGCGGTA-1,IgD-ve Memory,0.01649088
GGATTACTCGAACTGT-1,NAIVE 1,0.04197281
GGATTACTCGTACGGC-1,NAIVE 1,0.03747527
GGATTACTCGTATCAG-1,NAIVE 2,0.06364752
GGATTACTCGTCACGG-1,IgD-ve Memory,0.046008315
GGATTACTCTCGCTTG-1,NAIVE 1,0.04957082
GGCAATTAGATGTGGC-1,IgD+ve Memory,0.056694396
GGCAATTAGCACCGTC-1,IgD-ve Memory,0.055031866
GGCAATTAGCAGCCTC-1,IgD+ve Memory,0.0519108
GGCAATTAGCCTATGT-1,HSP+,0.035454098
GGCAATTAGGCCCGTT-1,IgD+ve Memory,0.049837347
GGCAATTAGGTGGGTT-1,IgD-ve Memory,0.04860612
GGCAATTAGTCAAGGC-1,IgD-ve Memory,0.03347852
GGCAATTAGTTCCACA-1,IgD+ve Memory,0.021357285
GGCAATTCAAGTAGTA-1,ASC 2,0.8365836
GGCAATTCACATCCGG-1,IgD-ve Memory,0.018971836
GGCAATTCACCTCGGA-1,ASC 2,0.7835354
GGCAATTCAGATGAGC-1,IgD+ve Memory,0.051044464
GGCAATTCATTTCACT-1,IgD+ve Memory,0.05967921
GGCAATTGTCAGGACA-1,NAIVE 1,0.06560402
GGCAATTGTCCAGTTA-1,NAIVE 1,0.04287162
GGCAATTGTCTTCGTC-1,Transitional,0.115171894
GGCAATTGTTCAGGCC-1,NAIVE 1,0.05920368
GGCAATTGTTGACGTT-1,IgD+ve Memory,0.043615248
GGCAATTGTTGATTCG-1,NAIVE 2,0.025272874
GGCAATTTCAGCACAT-1,NAIVE 2,0.007779655
GGCAATTTCAGGCGAA-1,NAIVE 2,0.019477094
GGCAATTTCCGGGTGT-1,IgD+ve Memory,0.053989694
GGCAATTTCCTTGGTC-1,IgD-ve Memory,0.034374192
GGCAATTTCGAGAGCA-1,ASC 2,0.63947374
GGCAATTTCGTCCGTT-1,IgD+ve Memory,0.053973388
GGCAATTTCTGTCTAT-1,IgD+ve Memory,0.04089891
GGCCGATAGACGCACA-1,IgD+ve Memory,0.03837399
GGCCGATAGCCAGTTT-1,IgD+ve Memory,0.053818848
GGCCGATAGCGTAGTG-1,IgD-ve Memory,0.023882782
GGCCGATAGGCCCTCA-1,IgD+ve Memory,0.036026727
GGCCGATAGGCGACAT-1,NAIVE 2,0.024442786
GGCCGATCAATCAGAA-1,IgD-ve Memory,0.0304027
GGCCGATCAATGGAAT-1,NAIVE 1,0.05364992
GGCCGATCACAGCCCA-1,IgD+ve Memory,0.07133955
GGCCGATCAGGTTTCA-1,Transitional,0.116647296
GGCCGATCATCTGGTA-1,NAIVE 1,0.050509803
GGCCGATCATGAGCGA-1,IgD+ve Memory,0.059923343
GGCCGATGTAGTAGTA-1,IgD-ve Memory,0.03746223
GGCCGATGTATATGAG-1,IgD+ve Memory,0.042872213
GGCCGATGTCCAGTGC-1,IgD+ve Memory,0.07255537
GGCCGATGTCGCATAT-1,IgD+ve Memory,0.061102808
GGCCGATGTGAGTGAC-1,ASC 2,0.58878803
GGCCGATGTTGTGGAG-1,ASC 1,0.7085355
GGCCGATTCCACGTGG-1,NAIVE 1,0.045519117
GGCCGATTCCTTAATC-1,NAIVE 1,0.028786814
GGCCGATTCCTTTCGG-1,IgD-ve Memory,0.027933786
GGCCGATTCGCTAGCG-1,NAIVE 2,0.076112576
GGCCGATTCGGTTAAC-1,NAIVE 2,0.04723424
GGCCGATTCGTATCAG-1,NAIVE 1,0.07291051
GGCCGATTCTTTAGTC-1,IgD+ve Memory,0.03215475
GGCGACTAGACAAGCC-1,NAIVE 1,0.042554323
GGCGACTAGACTGTAA-1,Early-Activation,0.064727105
GGCGACTAGACTTTCG-1,IgD+ve Memory,0.033394177
GGCGACTAGATGTTAG-1,NAIVE 1,0.03105426
GGCGACTAGCGCCTTG-1,Cell-Cycling,0.53006786
GGCGACTAGCTATGCT-1,IgD+ve Memory,0.057399083
GGCGACTAGGCTAGGT-1,IgD+ve Memory,0.052710608
GGCGACTAGTCCCACG-1,Cell-Cycling,0.43846473
GGCGACTAGTTTCCTT-1,IgD-ve Memory,0.050265443
GGCGACTCAAAGGCGT-1,NAIVE 2,0.027160922
GGCGACTCAATGACCT-1,ASC 2,0.86733353
GGCGACTCAGACGCCT-1,IgD-ve Memory,0.057176467
GGCGACTCAGTATCTG-1,IgD+ve Memory,0.033803355
GGCGACTCATCACGTA-1,IgD-ve Memory,0.027080687
GGCGACTCATCATCCC-1,DN2,0.14306362
GGCGACTGTACCGAGA-1,IgD-ve Memory,0.09250741
GGCGACTGTAGGGTAC-1,NAIVE 1,0.029949209
GGCGACTGTCACTTCC-1,ASC 2,0.6659075
GGCGACTGTCATTAGC-1,NAIVE 1,0.035996445
GGCGACTGTCCAGTGC-1,IgD-ve Memory,0.05136601
GGCGACTGTCGACTGC-1,IgD+ve Memory,0.04866753
GGCGACTGTCGATTGT-1,ASC 1,0.7898424
GGCGACTGTCGTCTTC-1,IgD+ve Memory,0.07544593
GGCGACTGTGAAATCA-1,ASC 2,0.77363324
GGCGACTGTGGTTTCA-1,DN2,0.021097654
GGCGACTGTGTCAATC-1,ASC 2,0.6865755
GGCGACTGTGTTCTTT-1,ASC 2,0.6322036
GGCGACTTCAACCAAC-1,IgD+ve Memory,0.04496303
GGCGACTTCCTGCAGG-1,ASC 2,0.57877624
GGCGACTTCGGTTCGG-1,IgD-ve Memory,0.04008592
GGCGTGTCAATCCAAC-1,IgD-ve Memory,0.019233176
GGCGTGTCACAAGCCC-1,IgD-ve Memory,0.024035623
GGCGTGTCACAGATTC-1,IgD-ve Memory,0.03109213
GGCGTGTCACATCTTT-1,IgD+ve Memory,0.036664233
GGCGTGTCACTAAGTC-1,ASC 2,0.82898086
GGCGTGTCATGTTGAC-1,NAIVE 1,0.023714839
GGCGTGTGTACAGTTC-1,IgD-ve Memory,0.056267582
GGCGTGTGTACCTACA-1,ASC 3,0.8510693
GGCGTGTGTATAGGTA-1,IgD+ve Memory,0.03809218
GGCGTGTGTCGCGTGT-1,IgD-ve Memory,0.0487961
GGCGTGTGTCTCTTTA-1,IgD-ve Memory,0.060505837
GGCGTGTGTGATGTGG-1,NAIVE 1,0.05831538
GGCGTGTGTGCAACTT-1,Transitional,0.11943435
GGCGTGTGTTCAGGCC-1,IgD-ve Memory,0.041621283
GGCGTGTGTTGGAGGT-1,IgD-ve Memory,0.038730912
GGCGTGTTCAACGGGA-1,IgD-ve Memory,0.027196987
GGCGTGTTCAAGGCTT-1,IgD-ve Memory,0.018363044
GGCGTGTTCACCACCT-1,ASC 2,0.85332847
GGCGTGTTCAGTGCAT-1,IgD-ve Memory,0.021532299
GGCGTGTTCATGCAAC-1,NAIVE 2,0.1238264
GGCGTGTTCATTGCGA-1,IgD-ve Memory,0.022713317
GGCGTGTTCCAAATGC-1,ASC 2,0.8313788
GGCGTGTTCCGCATAA-1,IgD-ve Memory,0.07568933
GGCGTGTTCGCAGGCT-1,NAIVE 1,0.071518324
GGCGTGTTCTTACCTA-1,NAIVE 1,0.053968884
GGCGTGTTCTTGAGGT-1,ASC 2,0.8744384
GGCTCGAAGAAACCTA-1,IgD+ve Memory,0.049940314
GGCTCGAAGACAATAC-1,Transitional,0.13572435
GGCTCGAAGATATGGT-1,NAIVE 1,0.050754704
GGCTCGAAGATGTAAC-1,NAIVE 1,0.025018279
GGCTCGAAGCCGCCTA-1,NAIVE 2,0.17972901
GGCTCGAAGGCTATCT-1,IgD-ve Memory,0.053525634
GGCTCGAAGGGTTTCT-1,IgD-ve Memory,0.055619754
GGCTCGAAGTGCGTGA-1,IgD-ve Memory,0.026315797
GGCTCGAAGTTCCACA-1,IgD-ve Memory,0.041359864
GGCTCGACAAGTCTAC-1,ASC 2,0.86485195
GGCTCGACAATCCGAT-1,NAIVE 2,0.16993381
GGCTCGACACAGACTT-1,IgD+ve Memory,0.05341533
GGCTCGACACCCATGG-1,IgD-ve Memory,0.01903666
GGCTCGACACTGTTAG-1,ASC 1,0.72030264
GGCTCGACAGGTCTCG-1,NAIVE 2,0.04175143
GGCTCGACATCCGCGA-1,ASC 2,0.69459337
GGCTCGACATCGATTG-1,IgD-ve Memory,0.039937716
GGCTCGACATCTATGG-1,IgD-ve Memory,0.07397043
GGCTCGACATGCTAGT-1,HSP+,0.039257377
GGCTCGAGTAACGTTC-1,IgD-ve Memory,0.07890625
GGCTCGAGTACCGAGA-1,IgD+ve Memory,0.03857535
GGCTCGAGTACGCACC-1,IgD-ve Memory,0.031048408
GGCTCGAGTCTAAACC-1,NAIVE 1,0.04566504
GGCTCGAGTGCAACTT-1,IgD+ve Memory,0.061082456
GGCTCGAGTTGGTGGA-1,HSP+,0.10902355
GGCTCGATCAACGCTA-1,NAIVE 1,0.06318351
GGCTCGATCAATACCG-1,IgD+ve Memory,0.030913852
GGCTCGATCAGTTAGC-1,NAIVE 1,0.024494007
GGCTCGATCGACGGAA-1,HSP+,0.10053764
GGCTCGATCGCAAGCC-1,IgD+ve Memory,0.057441685
GGCTCGATCTCTGCTG-1,DN2,0.14512047
GGCTCGATCTGGCGAC-1,ASC 2,0.7257682
GGCTGGTAGAATGTTG-1,IgD+ve Memory,0.095112815
GGCTGGTAGAATTGTG-1,IgD+ve Memory,0.06126995
GGCTGGTAGAGACGAA-1,IgD+ve Memory,0.071892194
GGCTGGTAGCTAGTTC-1,NAIVE 1,0.062503025
GGCTGGTAGGCATTGG-1,IgD-ve Memory,0.029155487
GGCTGGTAGGTACTCT-1,IgD-ve Memory,0.021485271
GGCTGGTAGGTCGGAT-1,IgD+ve Memory,0.041387204
GGCTGGTAGTGGAGAA-1,IgD+ve Memory,0.04072152
GGCTGGTCAAGCCTAT-1,NAIVE 1,0.044957012
GGCTGGTCAATGTTGC-1,ASC 2,0.7284521
GGCTGGTCACCATCCT-1,NAIVE 1,0.050407536
GGCTGGTCAGGCAGTA-1,NAIVE 2,0.02168743
GGCTGGTCATATGAGA-1,NAIVE 2,0.014891112
GGCTGGTCATGCCACG-1,NAIVE 2,0.05052425
GGCTGGTGTATATGGA-1,ASC 2,0.88936967
GGCTGGTGTCAAGCGA-1,IgD-ve Memory,0.054563265
GGCTGGTGTCGCTTCT-1,IgD+ve Memory,0.034418177
GGCTGGTGTGAAGGCT-1,NAIVE 1,0.064704396
GGCTGGTGTGCCTTGG-1,NAIVE 1,0.04083978
GGCTGGTGTTAAGAAC-1,ASC 2,0.7970154
GGCTGGTGTTGAACTC-1,ASC 2,0.7944491
GGCTGGTTCACTTATC-1,NAIVE 1,0.032423507
GGCTGGTTCAGGCAAG-1,NAIVE 1,0.04840385
GGCTGGTTCATCGCTC-1,Cell-Cycling,0.2992661
GGCTGGTTCCAAACTG-1,IgD-ve Memory,0.05098156
GGCTGGTTCCTGTACC-1,Cell-Cycling,0.35124734
GGCTGGTTCTTACCGC-1,Cell-Cycling,0.16667946
GGCTGGTTCTTCGAGA-1,ASC 2,0.79378957
GGGAATGAGCACGCCT-1,NAIVE 1,0.024135724
GGGAATGAGCGATCCC-1,IgD-ve Memory,0.026471589
GGGAATGAGGCATGTG-1,IgD-ve Memory,0.049549963
GGGAATGAGGCCATAG-1,NAIVE 2,0.02645577
GGGAATGAGTACCGGA-1,DN2,0.20448862
GGGAATGAGTGTTTGC-1,NAIVE 2,0.008010854
GGGAATGAGTTATCGC-1,ASC 1,0.8319785
GGGAATGCAAAGGAAG-1,NAIVE 1,0.044697206
GGGAATGCAACGCACC-1,IgD-ve Memory,0.028274177
GGGAATGCAAGCTGTT-1,IgD-ve Memory,0.038078476
GGGAATGCAGACGCTC-1,IgD-ve Memory,0.057157435
GGGAATGCAGGTCTCG-1,IgD-ve Memory,0.0217862
GGGAATGCAGTTAACC-1,IgD-ve Memory,0.0331611
GGGAATGCATGTCCTC-1,NAIVE 1,0.04545168
GGGAATGGTAAGAGGA-1,HSP+,0.124352895
GGGAATGGTACCGCTG-1,ASC 2,0.8112494
GGGAATGGTACCGTTA-1,IgD-ve Memory,0.025625281
GGGAATGGTGGCTCCA-1,IgD+ve Memory,0.03824111
GGGAATGGTTCCACAA-1,DN2,0.17859042
GGGAATGTCAAACCGT-1,NAIVE 1,0.06715428
GGGAATGTCAACACCA-1,NAIVE 1,0.045321215
GGGAATGTCAAGCCTA-1,IgD-ve Memory,0.025116105
GGGAATGTCACAATGC-1,ASC 2,0.7167999
GGGAATGTCAGCTCTC-1,NAIVE 1,0.071182534
GGGAATGTCCCAACGG-1,HSP+,0.1199316
GGGAATGTCCTGCAGG-1,NAIVE 2,0.013331145
GGGAATGTCTGTACGA-1,IgD+ve Memory,0.04191885
GGGAATGTCTTGCATT-1,HSP+,0.029652236
GGGAATGTCTTGTTTG-1,NAIVE 2,0.044631064
GGGACCTAGAACAACT-1,IgD-ve Memory,0.04600011
GGGACCTAGGAGCGAG-1,IgD-ve Memory,0.037371807
GGGACCTAGTCCCACG-1,IgD-ve Memory,0.02106756
GGGACCTAGTCGTTTG-1,NAIVE 1,0.04343324
GGGACCTAGTCTCAAC-1,IgD-ve Memory,0.012855768
GGGACCTAGTGGTCCC-1,NAIVE 1,0.062184874
GGGACCTCAACTGCTA-1,IgD+ve Memory,0.03609542
GGGACCTCACCGATAT-1,IgD-ve Memory,0.03206134
GGGACCTCACCTCGTT-1,IgD-ve Memory,0.02687211
GGGACCTCACGGATAG-1,ASC 2,0.8198092
GGGACCTCAGCTGTGC-1,Cell-Cycling,0.13106947
GGGACCTCATGGAATA-1,IgD+ve Memory,0.042579368
GGGACCTCATTAGGCT-1,IgD-ve Memory,0.033673313
GGGACCTGTAAGGGCT-1,IgD+ve Memory,0.072733894
GGGACCTGTAGCGATG-1,NAIVE 1,0.04901857
GGGACCTGTCCAGTAT-1,IgD-ve Memory,0.04459445
GGGACCTGTCTCATCC-1,ASC 2,0.8400719
GGGACCTGTGATAAGT-1,ASC 2,0.6723801
GGGACCTGTTGTTTGG-1,NAIVE 1,0.08262058
GGGACCTTCCCTGACT-1,IgD-ve Memory,0.050603878
GGGACCTTCGAGAACG-1,NAIVE 1,0.050380275
GGGACCTTCGATCCCT-1,HSP+,0.03841186
GGGACCTTCGCGCCAA-1,DN2,0.19770327
GGGACCTTCGTGGTCG-1,IgD+ve Memory,0.0661545
GGGACCTTCTATCCCG-1,IgD-ve Memory,0.046211507
GGGAGATAGAGGGCTT-1,NAIVE 1,0.033880405
GGGAGATAGATCACGG-1,IgD+ve Memory,0.050088275
GGGAGATAGATGAGAG-1,Early-Activation,0.040282626
GGGAGATAGCAAATCA-1,NAIVE 2,0.015141276
GGGAGATAGCTGATAA-1,ASC 2,0.7883873
GGGAGATAGGAGTACC-1,ASC 2,0.78989226
GGGAGATAGGATCGCA-1,Cell-Cycling,0.7270691
GGGAGATAGGCCATAG-1,HSP+,0.11699121
GGGAGATAGTTGTAGA-1,IgD+ve Memory,0.05288722
GGGAGATCAAACGTGG-1,NAIVE 1,0.031051416
GGGAGATCAAAGGTGC-1,NAIVE 1,0.04997276
GGGAGATCACACGCTG-1,IgD+ve Memory,0.020143306
GGGAGATCAGCCTTTC-1,IgD+ve Memory,0.024123471
GGGAGATCATAGGATA-1,DN2,0.10890973
GGGAGATCATCGGTTA-1,IgD+ve Memory,0.080033734
GGGAGATCATGTCTCC-1,NAIVE 2,0.018112402
GGGAGATCATTCCTGC-1,IgD-ve Memory,0.05022297
GGGAGATGTAGAAGGA-1,IgD-ve Memory,0.046803236
GGGAGATGTAGCAAAT-1,IgD+ve Memory,0.037499715
GGGAGATGTAGGAGTC-1,NAIVE 1,0.039827958
GGGAGATGTCACACGC-1,ASC 2,0.84237003
GGGAGATGTCACTGGC-1,ASC 2,0.77662885
GGGAGATGTGCTCTTC-1,DN2,0.107619986
GGGAGATGTGGTACAG-1,Early-Activation,0.04961728
GGGAGATGTTAAGATG-1,NAIVE 1,0.06097868
GGGAGATGTTAAGTAG-1,ASC 2,0.755287
GGGAGATTCAAACCGT-1,Cell-Cycling,0.6403927
GGGAGATTCACAAACC-1,NAIVE 2,0.012386349
GGGAGATTCCAAAGTC-1,IgD-ve Memory,0.042152915
GGGAGATTCGCATGAT-1,ASC 2,0.79776216
GGGAGATTCTGGGCCA-1,IgD+ve Memory,0.027602227
GGGATGAAGGATGGAA-1,IgD+ve Memory,0.05165863
GGGATGAAGTCCTCCT-1,ASC 2,0.6028269
GGGATGACACACAGAG-1,IgD+ve Memory,0.049090292
GGGATGACACCAACCG-1,NAIVE 1,0.06345546
GGGATGACACCCATTC-1,IgD+ve Memory,0.03903366
GGGATGACAGAAGCAC-1,ASC 2,0.72368914
GGGATGACAGACGCAA-1,NAIVE 1,0.026014501
GGGATGACAGATTGCT-1,IgD-ve Memory,0.03315611
GGGATGACAGCGAACA-1,IgD-ve Memory,0.04067795
GGGATGACATCCAACA-1,IgD+ve Memory,0.045349568
GGGATGACATGTCGAT-1,NAIVE 1,0.050411493
GGGATGAGTATGAAAC-1,ASC 2,0.8095336
GGGATGAGTCAAACTC-1,NAIVE 1,0.061535306
GGGATGAGTCCAAGTT-1,IgD-ve Memory,0.036993135
GGGATGAGTGCTTCTC-1,NAIVE 2,0.034739878
GGGATGAGTTAAAGTG-1,IgD+ve Memory,0.022712715
GGGATGAGTTCAGACT-1,ASC 2,0.7288339
GGGATGATCAAGGCTT-1,NAIVE 1,0.04251354
GGGATGATCAGCAACT-1,IgD+ve Memory,0.041339196
GGGATGATCAGTTAGC-1,Early-Activation,0.079957016
GGGATGATCCAGTATG-1,IgD+ve Memory,0.042049807
GGGATGATCGAGAACG-1,NAIVE 1,0.07483034
GGGATGATCTTTACGT-1,IgD+ve Memory,0.033756297
GGGCACTAGCATGGCA-1,NAIVE 1,0.041549273
GGGCACTAGCGAAGGG-1,IgD-ve Memory,0.05356978
GGGCACTAGCTGCAAG-1,ASC 2,0.67914665
GGGCACTAGCTTTGGT-1,DN2,0.17213885
GGGCACTAGTCTCAAC-1,DN2,0.18661866
GGGCACTAGTTTGCGT-1,NAIVE 1,0.04398062
GGGCACTCAACACCTA-1,NAIVE 1,0.06382439
GGGCACTCAAGAGTCG-1,NAIVE 2,0.035871822
GGGCACTCACAAGCCC-1,NAIVE 2,0.020734757
GGGCACTCACCGCTAG-1,IgD+ve Memory,0.05429551
GGGCACTCATCCGTGG-1,NAIVE 2,0.062103633
GGGCACTCATGGTCAT-1,ASC 2,0.7911082
GGGCACTGTAGGGTAC-1,IgD-ve Memory,0.03163033
GGGCACTGTCATCCCT-1,ASC 2,0.75511044
GGGCACTGTCTCTTAT-1,IgD+ve Memory,0.063627854
GGGCACTGTGAAAGAG-1,IgD+ve Memory,0.034553442
GGGCACTGTTACGCGC-1,IgD+ve Memory,0.029865239
GGGCACTTCGAATGCT-1,DN2,0.20325825
GGGCACTTCGACCAGC-1,IgD-ve Memory,0.03987582
GGGCATCAGACAATAC-1,ASC 1,0.7871564
GGGCATCAGACTCGGA-1,IgD-ve Memory,0.1627389
GGGCATCAGCAGGCTA-1,IgD+ve Memory,0.05182872
GGGCATCAGTCAAGGC-1,ASC 3,0.70512056
GGGCATCAGTCCGTAT-1,IgD+ve Memory,0.034789033
GGGCATCCAAACCTAC-1,DN2,0.07533773
GGGCATCCACAAGCCC-1,IgD-ve Memory,0.019709796
GGGCATCCACATGTGT-1,IgD+ve Memory,0.028347371
GGGCATCCAGGGATTG-1,ASC 2,0.6700749
GGGCATCCATACCATG-1,IgD-ve Memory,0.03390573
GGGCATCCATCACAAC-1,ASC 2,0.8647053
GGGCATCCATGACATC-1,IgD+ve Memory,0.055765208
GGGCATCCATGCCTAA-1,NAIVE 2,0.039797578
GGGCATCGTAAGGGCT-1,DN2,0.21180579
GGGCATCGTCATACTG-1,NAIVE 2,0.011775117
GGGCATCGTCCAGTGC-1,IgD+ve Memory,0.05076822
GGGCATCGTCGTTGTA-1,NAIVE 1,0.051868375
GGGCATCGTGGTCCGT-1,IgD+ve Memory,0.025474302
GGGCATCGTGGTTTCA-1,Cell-Cycling,0.6208256
GGGCATCGTTATCGGT-1,NAIVE 1,0.06426652
GGGCATCGTTATTCTC-1,IgD+ve Memory,0.04484574
GGGCATCTCACATGCA-1,IgD+ve Memory,0.047557227
GGGCATCTCACTTCAT-1,NAIVE 1,0.0284308
GGGCATCTCAGTGTTG-1,NAIVE 2,0.017881973
GGGCATCTCCGAGCCA-1,NAIVE 2,0.025624385
GGGCATCTCGCATGGC-1,HSP+,0.072350904
GGGCATCTCTTGTCAT-1,NAIVE 2,0.02129104
GGGTCTGAGACCACGA-1,NAIVE 2,0.016626948
GGGTCTGAGATGCCTT-1,NAIVE 1,0.038738556
GGGTCTGAGCCAGTTT-1,IgD-ve Memory,0.021256648
GGGTCTGAGCGTCAAG-1,NAIVE 2,0.048515666
GGGTCTGAGGGCATGT-1,IgD-ve Memory,0.042441882
GGGTCTGAGTCATCCA-1,IgD+ve Memory,0.043780673
GGGTCTGAGTGAAGAG-1,HSP+,0.08182445
GGGTCTGCACACCGAC-1,ASC 2,0.80851483
GGGTCTGCACATGTGT-1,NAIVE 2,0.032239567
GGGTCTGCAGTAAGCG-1,DN2,0.2119832
GGGTCTGGTACGACCC-1,IgD-ve Memory,0.0439665
GGGTCTGGTACTTAGC-1,IgD+ve Memory,0.062471073
GGGTCTGGTAGCAAAT-1,IgD+ve Memory,0.07676467
GGGTCTGGTATTAGCC-1,IgD-ve Memory,0.035608415
GGGTCTGGTCAACATC-1,IgD+ve Memory,0.031701893
GGGTCTGGTCAGAAGC-1,NAIVE 2,0.014538099
GGGTCTGGTCAGGACA-1,NAIVE 2,0.082759924
GGGTCTGGTTAAGAAC-1,NAIVE 2,0.04124042
GGGTCTGTCCGCATCT-1,HSP+,0.02920707
GGGTCTGTCCTCAACC-1,NAIVE 1,0.049571373
GGGTCTGTCGCAAACT-1,NAIVE 2,0.03624193
GGGTCTGTCGCATGAT-1,ASC 2,0.86236185
GGGTCTGTCTCTGCTG-1,ASC 2,0.7979092
GGGTTGCAGATATGGT-1,IgD+ve Memory,0.04037554
GGGTTGCAGATGTAAC-1,IgD-ve Memory,0.03379225
GGGTTGCAGCGTAGTG-1,IgD-ve Memory,0.0501852
GGGTTGCAGTACGCCC-1,NAIVE 2,0.025840504
GGGTTGCAGTGATCGG-1,IgD+ve Memory,0.043454044
GGGTTGCCAAGCGATG-1,ASC 1,0.77976906
GGGTTGCCACCTATCC-1,NAIVE 1,0.039143227
GGGTTGCCAGCCTTTC-1,NAIVE 1,0.048558783
GGGTTGCCAGCTGGCT-1,IgD+ve Memory,0.029284876
GGGTTGCCATGTCGAT-1,IgD-ve Memory,0.040533103
GGGTTGCGTCAACATC-1,DN2,0.2113661
GGGTTGCGTCCGTCAG-1,NAIVE 1,0.046580657
GGGTTGCGTCCTCCAT-1,IgD+ve Memory,0.026297979
GGGTTGCGTGATGTGG-1,IgD-ve Memory,0.032572582
GGGTTGCGTGTAACGG-1,IgD+ve Memory,0.08357503
GGGTTGCGTGTGAATA-1,ASC 2,0.8142454
GGGTTGCTCGCCTGTT-1,NAIVE 1,0.066637605
GGGTTGCTCGGTGTCG-1,IgD-ve Memory,0.040016048
GGGTTGCTCGTCCGTT-1,IgD+ve Memory,0.057147164
GGGTTGCTCGTTTATC-1,IgD-ve Memory,0.030128777
GGGTTGCTCTTAACCT-1,NAIVE 2,0.04744017
GGTATTGAGACATAAC-1,IgD+ve Memory,0.056551326
GGTATTGAGACCTTTG-1,ASC 1,0.84527755
GGTATTGAGAGACGAA-1,DN2,0.17870308
GGTATTGAGCGTTGCC-1,IgD+ve Memory,0.08038752
GGTATTGAGCTACCTA-1,ASC 1,0.031701457
GGTATTGAGGATGCGT-1,NAIVE 1,0.15938602
GGTATTGAGGTAGCCA-1,IgD-ve Memory,0.060736895
GGTATTGAGTAATCCC-1,NAIVE 2,0.032958835
GGTATTGAGTCCGTAT-1,IgD+ve Memory,0.03307485
GGTATTGCAACGATGG-1,IgD+ve Memory,0.035187226
GGTATTGCACCGAAAG-1,IgD-ve Memory,0.041886672
GGTATTGCATAGACTC-1,ASC 2,0.786404
GGTATTGCATGCCTAA-1,IgD+ve Memory,0.035625055
GGTATTGCATGCCTTC-1,HSP+,0.073008105
GGTATTGGTAGGACAC-1,NAIVE 2,0.022529105
GGTATTGGTCATCCCT-1,NAIVE 2,0.019272294
GGTATTGGTGACGGTA-1,NAIVE 2,0.041383408
GGTATTGGTGTTTGTG-1,NAIVE 2,0.023572065
GGTATTGTCACTTACT-1,IgD+ve Memory,0.050726384
GGTATTGTCCCAAGTA-1,IgD+ve Memory,0.044962645
GGTATTGTCGCGTTTC-1,IgD+ve Memory,0.057388473
GGTATTGTCTCGTTTA-1,IgD+ve Memory,0.0967202
GGTGAAGAGACAATAC-1,ASC 3,0.79110485
GGTGAAGAGAGTAAGG-1,IgD+ve Memory,0.05745326
GGTGAAGAGCCACGCT-1,IgD+ve Memory,0.070663735
GGTGAAGAGCGCCTTG-1,Cell-Cycling,0.45704603
GGTGAAGAGTCTCCTC-1,HSP+,0.039412614
GGTGAAGCAAAGCAAT-1,NAIVE 1,0.055218995
GGTGAAGCAACGATCT-1,IgD+ve Memory,0.048891325
GGTGAAGCAAGCCGTC-1,IgD-ve Memory,0.045470513
GGTGAAGCAAGGTTCT-1,IgD+ve Memory,0.0555342
GGTGAAGCACCCAGTG-1,ASC 2,0.73750705
GGTGAAGCACTGCCAG-1,ASC 2,0.7133714
GGTGAAGCAGATTGCT-1,ASC 2,0.74840164
GGTGAAGCAGCTATTG-1,ASC 2,0.82250863
GGTGAAGCAGGTGCCT-1,ASC 3,0.81490046
GGTGAAGCATCACGAT-1,NAIVE 2,0.058122694
GGTGAAGCATGCTAGT-1,IgD-ve Memory,0.066213936
GGTGAAGCATGGTAGG-1,IgD-ve Memory,0.042869043
GGTGAAGGTAGCTAAA-1,NAIVE 1,0.059352573
GGTGAAGGTCTTGCGG-1,ASC 2,0.8781057
GGTGAAGGTGACCAAG-1,IgD+ve Memory,0.03247153
GGTGAAGGTGGGTATG-1,ASC 3,0.86999553
GGTGAAGTCCAAACTG-1,IgD+ve Memory,0.024337986
GGTGAAGTCCATGAAC-1,NAIVE 2,0.040721457
GGTGAAGTCGCGGATC-1,NAIVE 1,0.0736877
GGTGAAGTCGGCATCG-1,NAIVE 1,0.10638614
GGTGAAGTCGTAGGAG-1,NAIVE 1,0.050755106
GGTGAAGTCTCGAGTA-1,IgD-ve Memory,0.026093177
GGTGAAGTCTGTCTAT-1,IgD+ve Memory,0.03506532
GGTGAAGTCTTGTATC-1,IgD-ve Memory,0.03773221
GGTGCGTAGACCGGAT-1,NAIVE 2,0.032615293
GGTGCGTAGAGGGATA-1,IgD+ve Memory,0.06313895
GGTGCGTAGCCCAGCT-1,IgD-ve Memory,0.030912383
GGTGCGTAGCTAGTCT-1,NAIVE 1,0.06711163
GGTGCGTAGGAGCGAG-1,Early-Activation,0.05628622
GGTGCGTAGGCCATAG-1,ASC 2,0.614596
GGTGCGTAGGGTTCCC-1,IgD+ve Memory,0.026992552
GGTGCGTCAATGGATA-1,HSP+,0.047489483
GGTGCGTCACGCTTTC-1,IgD-ve Memory,0.0409776
GGTGCGTCATCACGAT-1,IgD+ve Memory,0.039195865
GGTGCGTCATCTATGG-1,HSP+,0.10521308
GGTGCGTCATGGTTGT-1,NAIVE 1,0.061269
GGTGCGTGTACGCACC-1,IgD-ve Memory,0.02346399
GGTGCGTGTCGATTGT-1,NAIVE 1,0.044143062
GGTGCGTGTCGGCATC-1,IgD+ve Memory,0.041936554
GGTGCGTGTTGTACAC-1,IgD-ve Memory,0.048742253
GGTGCGTTCAAACAAG-1,ASC 3,0.76329696
GGTGCGTTCACGCATA-1,IgD+ve Memory,0.03884834
GGTGCGTTCAGTTCGA-1,NAIVE 2,0.019521715
GGTGCGTTCCACGTTC-1,NAIVE 2,0.053764462
GGTGCGTTCCGAGCCA-1,ASC 2,0.8705052
GGTGCGTTCCTTAATC-1,IgD+ve Memory,0.050453037
GGTGCGTTCGTACGGC-1,DN2,0.22148363
GGTGTTAAGCGATAGC-1,ASC 2,0.79783124
GGTGTTAAGCTAGCCC-1,IgD-ve Memory,0.035898574
GGTGTTAAGGCGATAC-1,IgD+ve Memory,0.053210597
GGTGTTAAGGGTATCG-1,HSP+,0.058896504
GGTGTTAAGTCCGTAT-1,IgD+ve Memory,0.064552724
GGTGTTAAGTGCGTGA-1,IgD-ve Memory,0.023508407
GGTGTTACAACGATGG-1,NAIVE 2,0.021648405
GGTGTTACAGCTGTTA-1,NAIVE 2,0.039601203
GGTGTTAGTAAGTAGT-1,IgD-ve Memory,0.06299297
GGTGTTAGTAGCTGCC-1,IgD+ve Memory,0.027385032
GGTGTTAGTAGGACAC-1,IgD-ve Memory,0.031744555
GGTGTTAGTCTGCGGT-1,IgD-ve Memory,0.03740327
GGTGTTAGTTCCACGG-1,IgD+ve Memory,0.0718504
GGTGTTAGTTCGGCAC-1,NAIVE 1,0.04639177
GGTGTTAGTTGAGTTC-1,IgD+ve Memory,0.045053538
GGTGTTAGTTTGTTGG-1,ASC 2,0.85466486
GGTGTTATCACCCTCA-1,IgD-ve Memory,0.05485287
GGTGTTATCACGGTTA-1,DN2,0.2224416
GGTGTTATCATTATCC-1,IgD-ve Memory,0.058710895
GGTGTTATCCCGGATG-1,DN2,0.14676775
GGTGTTATCCGTCATC-1,IgD+ve Memory,0.06372191
GGTGTTATCGCCATAA-1,ASC 2,0.83065194
GGTGTTATCGTAGATC-1,IgD+ve Memory,0.06756575
GGTGTTATCTGCAGTA-1,ASC 2,0.69330424
GGTGTTATCTTGCAAG-1,IgD+ve Memory,0.018700141
GTAACGTAGACAGACC-1,IgD-ve Memory,0.026435444
GTAACGTAGCTAGCCC-1,HSP+,0.045443796
GTAACGTAGCTATGCT-1,IgD+ve Memory,0.06953249
GTAACGTCACTTCTGC-1,NAIVE 1,0.02575303
GTAACGTCATGCAATC-1,IgD-ve Memory,0.032840483
GTAACGTCATGCGCAC-1,DN2,0.091744386
GTAACGTGTAGATTAG-1,IgD+ve Memory,0.051961992
GTAACGTGTCAAGCGA-1,DN2,0.07471951
GTAACGTGTCCGAAGA-1,IgD-ve Memory,0.04054023
GTAACGTGTGCACGAA-1,NAIVE 2,0.01085837
GTAACGTGTTGTTTGG-1,IgD+ve Memory,0.042126846
GTAACGTTCAGCTGGC-1,IgD-ve Memory,0.06465372
GTAACGTTCCACGTTC-1,IgD+ve Memory,0.07052766
GTAACGTTCCCTAACC-1,NAIVE 2,0.012784414
GTAACGTTCCTAGGGC-1,NAIVE 1,0.044991817
GTAACGTTCTAACCGA-1,IgD-ve Memory,0.02718468
GTAACGTTCTGTACGA-1,Cell-Cycling,0.42520708
GTAACTGAGAATAGGG-1,NAIVE 1,0.049631506
GTAACTGAGAGGACGG-1,IgD+ve Memory,0.041460115
GTAACTGAGATATACG-1,NAIVE 1,0.076067604
GTAACTGAGATGAGAG-1,IgD-ve Memory,0.036427364
GTAACTGAGCGATAGC-1,Cell-Cycling,0.32393146
GTAACTGAGCGGATCA-1,ASC 2,0.8463736
GTAACTGAGCTGCAAG-1,IgD-ve Memory,0.028520836
GTAACTGAGGACAGCT-1,NAIVE 1,0.08175328
GTAACTGAGGACGAAA-1,HSP+,0.036338694
GTAACTGAGGGCACTA-1,IgD+ve Memory,0.03752827
GTAACTGAGTAGGTGC-1,IgD+ve Memory,0.046856564
GTAACTGAGTCCCACG-1,NAIVE 1,0.0827977
GTAACTGAGTTCCACA-1,DN2,0.13607307
GTAACTGCACGACTCG-1,NAIVE 2,0.15404448
GTAACTGCACGTCAGC-1,ASC 2,0.6089205
GTAACTGCACTAGTAC-1,ASC 2,0.60627663
GTAACTGCAGACAAAT-1,Cell-Cycling,0.69840086
GTAACTGCAGCGTCCA-1,NAIVE 2,0.054774515
GTAACTGCAGGACGTA-1,NAIVE 2,0.013952094
GTAACTGCAGGCTCAC-1,IgD+ve Memory,0.037525665
GTAACTGCATATACCG-1,ASC 2,0.72636634
GTAACTGCATCCGGGT-1,IgD+ve Memory,0.050607476
GTAACTGCATGCCTTC-1,ASC 3,0.7502958
GTAACTGGTACTCGCG-1,IgD-ve Memory,0.018878076
GTAACTGGTAGTACCT-1,Cell-Cycling,0.35068944
GTAACTGGTCGCTTTC-1,ASC 2,0.8393484
GTAACTGGTCTCTCGT-1,IgD-ve Memory,0.00578479
GTAACTGGTGTGCGTC-1,IgD-ve Memory,0.031125814
GTAACTGGTTTGACAC-1,IgD-ve Memory,0.03270275
GTAACTGTCAAACCGT-1,DN2,0.22066325
GTAACTGTCAAACGGG-1,NAIVE 2,0.011243148
GTAACTGTCAGCTCTC-1,NAIVE 2,0.05506173
GTAACTGTCATAGCAC-1,IgD+ve Memory,0.06127367
GTAACTGTCATGCTCC-1,IgD-ve Memory,0.03294888
GTAACTGTCCGTACAA-1,IgD-ve Memory,0.03606791
GTAACTGTCCTACAGA-1,IgD+ve Memory,0.04543769
GTAACTGTCGCTGATA-1,Early-Activation,0.046150688
GTAACTGTCTGCCAGG-1,IgD+ve Memory,0.02899654
GTACGTAAGAAGGCCT-1,IgD+ve Memory,0.052514616
GTACGTAAGAGCCTAG-1,IgD+ve Memory,0.037780594
GTACGTAAGCTAAACA-1,IgD+ve Memory,0.04643979
GTACGTAAGCTAACAA-1,IgD+ve Memory,0.07625324
GTACGTACAACGCACC-1,ASC 3,0.8329282
GTACGTACAAGACACG-1,NAIVE 1,0.067026116
GTACGTACATAAAGGT-1,IgD-ve Memory,0.03983323
GTACGTAGTAGATTAG-1,ASC 2,0.78605145
GTACGTAGTCAATACC-1,NAIVE 2,0.08636383
GTACGTATCAGTTGAC-1,DN2,0.20700578
GTACGTATCCGTAGTA-1,ASC 3,0.92468697
GTACGTATCCTAGGGC-1,ASC 2,0.77105093
GTACGTATCCTGTAGA-1,IgD+ve Memory,0.038744587
GTACGTATCCTTTCTC-1,ASC 3,0.83737767
GTACGTATCTTGCCGT-1,NAIVE 1,0.050936878
GTACTCCAGACGACGT-1,IgD-ve Memory,0.04118282
GTACTCCAGCCATCGC-1,IgD+ve Memory,0.037872158
GTACTCCAGGAATCGC-1,ASC 1,0.5329124
GTACTCCAGGATATAC-1,IgD+ve Memory,0.0631306
GTACTCCAGTACGACG-1,NAIVE 1,0.03204954
GTACTCCAGTATTGGA-1,IgD-ve Memory,0.045546062
GTACTCCAGTGGTAAT-1,IgD+ve Memory,0.045428634
GTACTCCAGTTAGCGG-1,ASC 2,0.8977756
GTACTCCAGTTGAGTA-1,DN2,0.06156264
GTACTCCCAATGAATG-1,ASC 3,0.6762401
GTACTCCCACCGAATT-1,NAIVE 1,0.05309956
GTACTCCCAGATAATG-1,NAIVE 1,0.037806176
GTACTCCCAGATCGGA-1,NAIVE 2,0.049083576
GTACTCCCATGATCCA-1,IgD-ve Memory,0.028709048
GTACTCCGTAAGTGTA-1,Early-Activation,0.056817602
GTACTCCGTACTCGCG-1,HSP+,0.055958305
GTACTCCGTGACTCAT-1,IgD-ve Memory,0.029465482
GTACTCCGTGTGACCC-1,IgD-ve Memory,0.055030547
GTACTCCGTTAAAGTG-1,IgD-ve Memory,0.047574013
GTACTCCGTTCAGTAC-1,IgD-ve Memory,0.027591517
GTACTCCGTTCCGTCT-1,IgD+ve Memory,0.037990928
GTACTCCGTTCGCTAA-1,ASC 2,0.77111506
GTACTCCTCACGATGT-1,IgD+ve Memory,0.061519567
GTACTCCTCAGCTCTC-1,NAIVE 1,0.04433089
GTACTCCTCCCTAATT-1,ASC 3,0.66957873
GTACTCCTCCCTCAGT-1,IgD-ve Memory,0.022674488
GTACTCCTCGGCGCTA-1,IgD+ve Memory,0.036189236
GTACTCCTCTAACGGT-1,IgD-ve Memory,0.035822347
GTACTTTAGCCACGTC-1,NAIVE 1,0.036738485
GTACTTTAGCGATATA-1,NAIVE 2,0.04162737
GTACTTTAGCTTCGCG-1,Cell-Cycling,0.47096908
GTACTTTAGGAATCGC-1,HSP+,0.03510946
GTACTTTAGGCAGTCA-1,ASC 2,0.7906508
GTACTTTAGGGCACTA-1,HSP+,0.04722366
GTACTTTAGTAGCCGA-1,HSP+,0.0892733
GTACTTTCAAGAGTCG-1,HSP+,0.031054951
GTACTTTCAAGCTGAG-1,IgD+ve Memory,0.07493614
GTACTTTCAATCTGCA-1,Early-Activation,0.03899976
GTACTTTCACGTTGGC-1,ASC 2,0.69429237
GTACTTTCAGACGCCT-1,IgD-ve Memory,0.0403573
GTACTTTCAGCTGTGC-1,ASC 2,0.765961
GTACTTTCAGGAATCG-1,IgD-ve Memory,0.038945984
GTACTTTCAGGATCGA-1,Transitional,0.123251006
GTACTTTGTCTAACGT-1,ASC 2,0.8722695
GTACTTTTCAACACAC-1,DN2,0.21306816
GTACTTTTCACATACG-1,IgD+ve Memory,0.049982373
GTACTTTTCCCTCAGT-1,HSP+,0.100262545
GTACTTTTCCGCAAGC-1,IgD+ve Memory,0.05214935
GTACTTTTCCTCAACC-1,ASC 3,0.7086632
GTACTTTTCCTTTACA-1,NAIVE 1,0.054858692
GTACTTTTCTGCGACG-1,NAIVE 2,0.102229945
GTAGGCCAGAGCAATT-1,IgD-ve Memory,0.048906162
GTAGGCCAGAGGACGG-1,ASC 2,0.8504989
GTAGGCCAGCCAGTTT-1,Cell-Cycling,0.34162724
GTAGGCCAGCGATGAC-1,ASC 2,0.8310491
GTAGGCCAGCTTATCG-1,NAIVE 1,0.052747115
GTAGGCCAGGGCTCTC-1,IgD-ve Memory,0.040657204
GTAGGCCAGTCCGGTC-1,IgD+ve Memory,0.024524713
GTAGGCCCAAGTTAAG-1,IgD-ve Memory,0.03254418
GTAGGCCCAATAAGCA-1,DN2,0.13978082
GTAGGCCCAATTGCTG-1,IgD+ve Memory,0.046234827
GTAGGCCCACAACGTT-1,HSP+,0.121994026
GTAGGCCCAGACAGGT-1,ASC 3,0.8427092
GTAGGCCGTAAAGTCA-1,NAIVE 2,0.017879771
GTAGGCCGTAGCGTGA-1,NAIVE 2,0.026516484
GTAGGCCGTATAGGGC-1,Transitional,0.10293321
GTAGGCCGTCACCCAG-1,IgD-ve Memory,0.028617479
GTAGGCCGTTAAAGTG-1,NAIVE 2,0.0041648946
GTAGGCCGTTCAGGCC-1,IgD-ve Memory,0.04368994
GTAGGCCTCAACGGCC-1,Early-Activation,0.054460794
GTAGGCCTCACATACG-1,IgD+ve Memory,0.035462163
GTAGGCCTCCAAGTAC-1,NAIVE 2,0.02145564
GTAGGCCTCCTAAGTG-1,IgD-ve Memory,0.039072245
GTAGGCCTCGGAAATA-1,NAIVE 2,0.040048268
GTAGGCCTCTGGGCCA-1,NAIVE 2,0.05970922
GTAGGCCTCTGTTTGT-1,IgD+ve Memory,0.05800995
GTAGTCAAGAAACGCC-1,IgD+ve Memory,0.03166642
GTAGTCAAGCAATCTC-1,IgD-ve Memory,0.024047447
GTAGTCAAGCATGGCA-1,IgD+ve Memory,0.047441196
GTAGTCAAGCTATGCT-1,DN2,0.12637846
GTAGTCAAGGACACCA-1,NAIVE 1,0.03563965
GTAGTCAAGTGGTCCC-1,NAIVE 2,0.025285667
GTAGTCACAAGGTTCT-1,DN2,0.2031334
GTAGTCACACCAGCAC-1,IgD-ve Memory,0.025381057
GTAGTCACACCTCGTT-1,NAIVE 2,0.06544535
GTAGTCACAGCTGTGC-1,IgD+ve Memory,0.045014612
GTAGTCACAGGAACGT-1,IgD-ve Memory,0.036441777
GTAGTCACATCACAAC-1,NAIVE 1,0.026736967
GTAGTCACATGCCCGA-1,IgD+ve Memory,0.04414269
GTAGTCACATGGGACA-1,IgD-ve Memory,0.03543655
GTAGTCAGTAGGGTAC-1,IgD-ve Memory,0.057853967
GTAGTCAGTGTGAATA-1,ASC 2,0.838363
GTAGTCAGTTATGCGT-1,IgD-ve Memory,0.027922016
GTAGTCAGTTCGCGAC-1,NAIVE 2,0.039087407
GTAGTCAGTTCGTCTC-1,NAIVE 1,0.08176119
GTAGTCAGTTGGTAAA-1,IgD-ve Memory,0.046832543
GTAGTCAGTTGTACAC-1,NAIVE 1,0.036218718
GTAGTCATCACTCTTA-1,HSP+,0.040864035
GTAGTCATCCGAGCCA-1,ASC 2,0.67500067
GTAGTCATCGGAGCAA-1,IgD+ve Memory,0.059654042
GTAGTCATCTAACCGA-1,IgD-ve Memory,0.02003695
GTAGTCATCTACGAGT-1,HSP+,0.08599753
GTAGTCATCTCTGTCG-1,IgD+ve Memory,0.030830588
GTAGTCATCTTATCTG-1,ASC 1,0.8543623
GTATCTTAGACAGACC-1,IgD-ve Memory,0.03014533
GTATCTTAGAGCTATA-1,IgD-ve Memory,0.0440228
GTATCTTAGGTCATCT-1,NAIVE 2,0.08916689
GTATCTTAGTAATCCC-1,NAIVE 2,0.08232696
GTATCTTAGTAGATGT-1,IgD-ve Memory,0.06954808
GTATCTTAGTGCAAGC-1,IgD+ve Memory,0.03959865
GTATCTTAGTGTGAAT-1,NAIVE 1,0.047914468
GTATCTTCAAATTGCC-1,IgD-ve Memory,0.02984189
GTATCTTCAAGACACG-1,ASC 2,0.8112372
GTATCTTCAAGGCTCC-1,NAIVE 1,0.047997992
GTATCTTCACGAAACG-1,IgD-ve Memory,0.052088194
GTATCTTCAGACAGGT-1,ASC 2,0.80606365
GTATCTTCAGCTGGCT-1,NAIVE 2,0.02039856
GTATCTTCATTACCTT-1,ASC 1,0.7948368
GTATCTTGTAAGGATT-1,ASC 2,0.8757817
GTATCTTGTAGAGGAA-1,Cell-Cycling,0.099274665
GTATCTTGTATTAGCC-1,IgD+ve Memory,0.045823302
GTATCTTGTCGGCTCA-1,IgD+ve Memory,0.037377123
GTATCTTGTGGACGAT-1,NAIVE 2,0.024060482
GTATCTTGTTATGTGC-1,IgD+ve Memory,0.05248051
GTATCTTTCATCGATG-1,NAIVE 1,0.021662636
GTATCTTTCCATGCTC-1,ASC 2,0.87682116
GTATCTTTCCTCCTAG-1,NAIVE 1,0.05207848
GTATCTTTCCTTAATC-1,NAIVE 1,0.038013823
GTATCTTTCCTTGGTC-1,NAIVE 1,0.068454996
GTATCTTTCGTAGATC-1,HSP+,0.14863607
GTATCTTTCGTCACGG-1,NAIVE 2,0.021757472
GTATCTTTCTAACGGT-1,ASC 1,0.8133306
GTATCTTTCTTAACCT-1,IgD+ve Memory,0.032758083
GTATCTTTCTTCGGTC-1,NAIVE 1,0.0341482
GTATTCTAGAGCTTCT-1,IgD-ve Memory,0.03716991
GTATTCTAGAGTAAGG-1,IgD+ve Memory,0.07720753
GTATTCTAGCAACGGT-1,IgD+ve Memory,0.03008931
GTATTCTAGCCAGGAT-1,IgD-ve Memory,0.032816965
GTATTCTAGCTAAGAT-1,NAIVE 1,0.039692193
GTATTCTAGCTGCGAA-1,IgD-ve Memory,0.046753626
GTATTCTCAAGCGTAG-1,ASC 2,0.60226583
GTATTCTCACCGAAAG-1,NAIVE 2,0.03133449
GTATTCTCAGGTGGAT-1,IgD-ve Memory,0.02582393
GTATTCTCATACTCTT-1,HSP+,0.051916994
GTATTCTCATCTCCCA-1,HSP+,0.04748683
GTATTCTGTACGACCC-1,IgD-ve Memory,0.07818929
GTATTCTGTCTTCGTC-1,NAIVE 2,0.024875944
GTATTCTGTGACAAAT-1,IgD+ve Memory,0.035772327
GTATTCTGTGCATCTA-1,IgD+ve Memory,0.04899432
GTATTCTGTGGGTATG-1,Early-Activation,0.04790805
GTATTCTTCAGAAATG-1,IgD-ve Memory,0.039897434
GTATTCTTCATCTGTT-1,ASC 2,0.33493212
GTATTCTTCATGCAAC-1,NAIVE 1,0.06703761
GTATTCTTCCAAAGTC-1,NAIVE 1,0.040225044
GTATTCTTCCCAACGG-1,IgD+ve Memory,0.045528755
GTATTCTTCGGCTACG-1,NAIVE 1,0.040883034
GTCAAGTAGACACTAA-1,ASC 2,0.84630394
GTCAAGTAGACTCGGA-1,IgD+ve Memory,0.061621416
GTCAAGTAGAGCTGCA-1,NAIVE 1,0.033183195
GTCAAGTAGGGAGTAA-1,IgD-ve Memory,0.05132405
GTCAAGTAGGGTATCG-1,HSP+,0.026799224
GTCAAGTAGTTAGGTA-1,ASC 2,0.74139196
GTCAAGTCAAGCCTAT-1,NAIVE 2,0.012279689
GTCAAGTCATCATCCC-1,ASC 2,0.7398428
GTCAAGTCATCGACGC-1,NAIVE 2,0.069825836
GTCAAGTGTAGCGCAA-1,ASC 2,0.8506439
GTCAAGTGTAGTGAAT-1,NAIVE 1,0.06744373
GTCAAGTGTTCAGGCC-1,HSP+,0.061272725
GTCAAGTTCACCTTAT-1,IgD+ve Memory,0.04348119
GTCAAGTTCACTTCAT-1,ASC 1,0.563256
GTCAAGTTCAGAGCTT-1,IgD-ve Memory,0.036357496
GTCAAGTTCCCTGACT-1,ASC 1,0.6058583
GTCAAGTTCCGCATAA-1,IgD+ve Memory,0.08604246
GTCAAGTTCGCGTAGC-1,IgD-ve Memory,0.0388807
GTCAAGTTCTGAGGGA-1,Transitional,0.11506513
GTCAAGTTCTGTCCGT-1,NAIVE 2,0.0076810564
GTCAAGTTCTTAACCT-1,HSP+,0.046313033
GTCACAAAGAATCTCC-1,DN2,0.024619477
GTCACAAAGGCTATCT-1,NAIVE 1,0.13924885
GTCACAAAGGGCATGT-1,IgD+ve Memory,0.04843561
GTCACAAAGGGCTCTC-1,IgD-ve Memory,0.043697026
GTCACAAAGGGTATCG-1,HSP+,0.03763851
GTCACAAAGTAGGCCA-1,IgD-ve Memory,0.034256607
GTCACAAAGTTCGCGC-1,IgD-ve Memory,0.037127726
GTCACAAAGTTTAGGA-1,NAIVE 1,0.0521023
GTCACAACAAGGGTCA-1,NAIVE 1,0.040720236
GTCACAACACCCTATC-1,IgD-ve Memory,0.024223687
GTCACAACACGCGAAA-1,NAIVE 1,0.05524186
GTCACAACAGATCCAT-1,IgD+ve Memory,0.036074482
GTCACAACAGGATCGA-1,NAIVE 1,0.04060719
GTCACAACAGTGAGTG-1,HSP+,0.04869366
GTCACAACATCGGTTA-1,DN2,0.17467102
GTCACAAGTAGCGTAG-1,HSP+,0.03596376
GTCACAAGTCAAAGAT-1,NAIVE 2,0.038453072
GTCACAAGTCAGAAGC-1,NAIVE 2,0.086068034
GTCACAAGTCCATCCT-1,NAIVE 2,0.04527366
GTCACAAGTCCGTTAA-1,NAIVE 2,0.009767579
GTCACAAGTTACTGAC-1,NAIVE 2,0.021366395
GTCACAAGTTCAGACT-1,IgD-ve Memory,0.05346388
GTCACAATCACCATAG-1,IgD-ve Memory,0.029866396
GTCACAATCATGGTCA-1,IgD-ve Memory,0.036306296
GTCACAATCCACGTTC-1,ASC 3,0.8166369
GTCACAATCCCTCAGT-1,NAIVE 1,0.069286734
GTCACAATCCGATATG-1,Transitional,0.125628
GTCACAATCTCCTATA-1,IgD+ve Memory,0.028400285
GTCACAATCTGTCAAG-1,IgD-ve Memory,0.015433613
GTCACAATCTTTAGTC-1,ASC 2,0.66727775
GTCACGGAGAAGGACA-1,IgD+ve Memory,0.05800759
GTCACGGAGACAGAGA-1,IgD-ve Memory,0.023335414
GTCACGGAGAGCTATA-1,NAIVE 1,0.015248479
GTCACGGAGCGATAGC-1,IgD-ve Memory,0.04853551
GTCACGGCAAACAACA-1,NAIVE 2,0.028226731
GTCACGGCAATGAAAC-1,ASC 3,0.871125
GTCACGGCACCTCGGA-1,ASC 2,0.8628361
GTCACGGCACCTGGTG-1,ASC 1,0.79586345
GTCACGGCACGTCAGC-1,IgD-ve Memory,0.03129028
GTCACGGCAGCATGAG-1,NAIVE 2,0.055098746
GTCACGGCAGTATAAG-1,IgD-ve Memory,0.03435679
GTCACGGCATGCGCAC-1,HSP+,0.1100376
GTCACGGCATGTAGTC-1,NAIVE 1,0.029502328
GTCACGGCATTTGCCC-1,NAIVE 1,0.06964207
GTCACGGGTATATGGA-1,IgD+ve Memory,0.07008896
GTCACGGGTATCGCAT-1,Early-Activation,0.054636914
GTCACGGGTCACCTAA-1,NAIVE 2,0.010387236
GTCACGGGTCCAGTGC-1,IgD+ve Memory,0.061729383
GTCACGGGTCGCCATG-1,IgD-ve Memory,0.024213862
GTCACGGGTCTCATCC-1,IgD+ve Memory,0.0631118
GTCACGGGTGCGATAG-1,NAIVE 2,0.015740003
GTCACGGGTGGACGAT-1,IgD+ve Memory,0.06021183
GTCACGGTCAAAGTAG-1,HSP+,0.029614355
GTCACGGTCACCATAG-1,NAIVE 1,0.058967046
GTCACGGTCCAGGGCT-1,ASC 2,0.7379566
GTCACGGTCCGGGTGT-1,NAIVE 1,0.059836745
GTCACGGTCCTGTAGA-1,NAIVE 2,0.008781779
GTCACGGTCGACAGCC-1,ASC 2,0.7957209
GTCACGGTCGATCCCT-1,HSP+,0.034622826
GTCACGGTCGCATGGC-1,ASC 2,0.76740956
GTCACGGTCTCAACTT-1,IgD-ve Memory,0.062185407
GTCACGGTCTCACATT-1,NAIVE 2,0.011925683
GTCACGGTCTCTTATG-1,NAIVE 1,0.045463346
GTCACGGTCTGTACGA-1,NAIVE 2,0.027902992
GTCACGGTCTTGTACT-1,IgD+ve Memory,0.05064455
GTCATTTAGACGCTTT-1,IgD-ve Memory,0.037240833
GTCATTTAGATGTAAC-1,NAIVE 1,0.039030958
GTCATTTAGCTACCGC-1,NAIVE 2,0.03885185
GTCATTTAGCTAGTCT-1,NAIVE 1,0.049106937
GTCATTTAGTAACCCT-1,NAIVE 2,0.009055534
GTCATTTAGTGGAGAA-1,ASC 2,0.8174331
GTCATTTAGTTGAGAT-1,ASC 1,0.758788
GTCATTTAGTTGCAGG-1,IgD-ve Memory,0.043754365
GTCATTTCAAGAGTCG-1,IgD+ve Memory,0.043579478
GTCATTTCAAGCGTAG-1,IgD+ve Memory,0.06146888
GTCATTTCAATCAGAA-1,IgD+ve Memory,0.051364683
GTCATTTCACACCGCA-1,IgD+ve Memory,0.06652796
GTCATTTCACTGCCAG-1,IgD-ve Memory,0.037243
GTCATTTCAGATGGCA-1,DN2,0.1862685
GTCATTTCAGATTGCT-1,IgD+ve Memory,0.04275357
GTCATTTCAGCTGGCT-1,NAIVE 1,0.06083682
GTCATTTCAGGACGTA-1,IgD+ve Memory,0.041986596
GTCATTTCAGTCTTCC-1,IgD-ve Memory,0.022109589
GTCATTTCATATGCTG-1,ASC 2,0.6815495
GTCATTTCATTCCTCG-1,IgD+ve Memory,0.0445061
GTCATTTCATTCTCAT-1,IgD+ve Memory,0.046561487
GTCATTTCATTTCAGG-1,IgD+ve Memory,0.05838085
GTCATTTGTACAGACG-1,DN2,0.17512316
GTCATTTGTACTCGCG-1,ASC 3,0.70170206
GTCATTTGTAGCAAAT-1,NAIVE 2,0.067397326
GTCATTTGTAGGCTGA-1,IgD+ve Memory,0.043615367
GTCATTTGTATTCTCT-1,Transitional,0.1284247
GTCATTTGTCAAACTC-1,IgD-ve Memory,0.019769106
GTCATTTGTCAAAGCG-1,IgD-ve Memory,0.033053078
GTCATTTGTGACAAAT-1,Transitional,0.13320102
GTCATTTGTTAAGATG-1,IgD-ve Memory,0.059200153
GTCATTTGTTATGTGC-1,NAIVE 2,0.013871742
GTCATTTGTTCAGACT-1,DN2,0.19266348
GTCATTTGTTCGAATC-1,IgD+ve Memory,0.05999714
GTCATTTTCACTGGGC-1,ASC 1,0.6943233
GTCATTTTCATTATCC-1,ASC 2,0.78993094
GTCATTTTCCTCATTA-1,NAIVE 1,0.038053863
GTCATTTTCGTCCGTT-1,IgD+ve Memory,0.024281373
GTCATTTTCTGCAAGT-1,NAIVE 1,0.074587524
GTCATTTTCTGTCCGT-1,HSP+,0.031076137
GTCATTTTCTGTGCAA-1,IgD+ve Memory,0.026829941
GTCATTTTCTTACCTA-1,NAIVE 2,0.054489955
GTCATTTTCTTGTCAT-1,ASC 2,0.7488734
GTCCTCAAGAAGGTGA-1,IgD-ve Memory,0.03767217
GTCCTCAAGCGTAGTG-1,IgD-ve Memory,0.054417122
GTCCTCAAGTACGACG-1,NAIVE 2,0.02129962
GTCCTCAAGTCATGCT-1,ASC 2,0.6963656
GTCCTCAAGTGGAGTC-1,IgD-ve Memory,0.031314053
GTCCTCACAAGGTTCT-1,HSP+,0.0296806
GTCCTCACACCCAGTG-1,IgD-ve Memory,0.019962745
GTCCTCACACGCCAGT-1,NAIVE 1,0.059859876
GTCCTCACATGTAGTC-1,IgD-ve Memory,0.03063064
GTCCTCAGTAAGTGGC-1,NAIVE 2,0.029092098
GTCCTCAGTACCATCA-1,NAIVE 2,0.08353448
GTCCTCAGTCACACGC-1,NAIVE 1,0.026921127
GTCCTCAGTCGAGATG-1,Cell-Cycling,0.5730342
GTCCTCAGTCGCATCG-1,NAIVE 2,0.028714351
GTCCTCAGTGACGGTA-1,IgD-ve Memory,0.057585835
GTCCTCATCACCGTAA-1,HSP+,0.036825813
GTCCTCATCATCTGTT-1,IgD+ve Memory,0.07004671
GTCCTCATCCTGTAGA-1,IgD+ve Memory,0.07978618
GTCCTCATCGCCTGTT-1,IgD+ve Memory,0.061042756
GTCCTCATCTATCCTA-1,NAIVE 2,0.056755014
GTCCTCATCTGGTGTA-1,IgD+ve Memory,0.040162887
GTCCTCATCTGTACGA-1,ASC 1,0.7405181
GTCGGGTCAATGACCT-1,Early-Activation,0.038367078
GTCGGGTCAATGGTCT-1,Transitional,0.116375014
GTCGGGTCACCGATAT-1,IgD+ve Memory,0.057033766
GTCGGGTCAGATCCAT-1,IgD-ve Memory,0.042285852
GTCGGGTCAGTAAGAT-1,IgD-ve Memory,0.03621106
GTCGGGTCATAAAGGT-1,NAIVE 2,0.022674775
GTCGGGTCATGGTAGG-1,ASC 2,0.7876255
GTCGGGTGTAAATACG-1,IgD+ve Memory,0.054992907
GTCGGGTGTACCGTTA-1,IgD+ve Memory,0.049886025
GTCGGGTGTAGCGCAA-1,IgD+ve Memory,0.050864484
GTCGGGTGTTCGCTAA-1,IgD+ve Memory,0.048443664
GTCGGGTGTTGTCGCG-1,IgD+ve Memory,0.068532355
GTCGGGTTCAACACCA-1,IgD-ve Memory,0.0384682
GTCGGGTTCAACGGGA-1,IgD-ve Memory,0.044556733
GTCGGGTTCCAAGCCG-1,DN2,0.19697072
GTCGGGTTCCAGAGGA-1,ASC 2,0.81433123
GTCGGGTTCCAGTAGT-1,IgD+ve Memory,0.0664586
GTCGGGTTCCGCGTTT-1,IgD+ve Memory,0.028840788
GTCGGGTTCTAGCACA-1,NAIVE 2,0.038056064
GTCGGGTTCTTCCTTC-1,NAIVE 1,0.03451749
GTCGGGTTCTTGGGTA-1,IgD-ve Memory,0.03687707
GTCGTAAAGAGACGAA-1,Cell-Cycling,0.28258753
GTCGTAAAGCACGCCT-1,IgD-ve Memory,0.050883714
GTCGTAAAGCCCAACC-1,IgD+ve Memory,0.050540723
GTCGTAAAGCGTGAGT-1,NAIVE 1,0.06543304
GTCGTAAAGCTAAGAT-1,ASC 1,0.55941916
GTCGTAAAGGGCTTCC-1,ASC 2,0.37706003
GTCGTAAAGTCAAGCG-1,IgD+ve Memory,0.03767579
GTCGTAACAAAGGTGC-1,IgD-ve Memory,0.030899094
GTCGTAACAATTCCTT-1,ASC 2,0.7043523
GTCGTAACACCTGGTG-1,ASC 2,0.8033513
GTCGTAACACGCTTTC-1,IgD+ve Memory,0.01885066
GTCGTAACACTGTGTA-1,NAIVE 2,0.025091335
GTCGTAACATCACAAC-1,IgD-ve Memory,0.04447064
GTCGTAACATTGGGCC-1,ASC 2,0.89737284
GTCGTAAGTAGAGTGC-1,IgD-ve Memory,0.030271254
GTCGTAAGTAGCGATG-1,IgD-ve Memory,0.020881476
GTCGTAAGTAGTAGTA-1,IgD+ve Memory,0.059901826
GTCGTAAGTCATGCAT-1,ASC 2,0.9154942
GTCGTAAGTCCGCTGA-1,NAIVE 1,0.06353719
GTCGTAAGTCCTGCTT-1,IgD+ve Memory,0.068698734
GTCGTAAGTGTAAGTA-1,DN2,0.20462207
GTCGTAATCAACCATG-1,IgD+ve Memory,0.052171405
GTCGTAATCAGCAACT-1,DN2,0.18712968
GTCGTAATCCGGCACA-1,IgD-ve Memory,0.04568464
GTCGTAATCCGGGTGT-1,ASC 2,0.65757126
GTCGTAATCGGCTTGG-1,NAIVE 1,0.038411576
GTCGTAATCGTAGGAG-1,IgD-ve Memory,0.03581243
GTCGTAATCTCGTATT-1,ASC 3,0.8577341
GTCGTAATCTGCTGTC-1,NAIVE 1,0.049228445
GTCTCGTAGAATGTGT-1,IgD+ve Memory,0.048496567
GTCTCGTAGATGTTAG-1,NAIVE 2,0.056060143
GTCTCGTAGCACACAG-1,IgD-ve Memory,0.02166339
GTCTCGTAGCGATAGC-1,Early-Activation,0.034774162
GTCTCGTAGGATGTAT-1,IgD-ve Memory,0.04786773
GTCTCGTAGGGTGTGT-1,NAIVE 1,0.03902235
GTCTCGTCAAACCTAC-1,NAIVE 2,0.0165565
GTCTCGTCAAGCTGTT-1,IgD-ve Memory,0.054791927
GTCTCGTCAAGGACTG-1,ASC 2,0.8508255
GTCTCGTCACATCCGG-1,ASC 2,0.7652782
GTCTCGTCACCAGTTA-1,DN2,0.22136518
GTCTCGTCACTGAAGG-1,IgD+ve Memory,0.05657336
GTCTCGTCAGCGTCCA-1,NAIVE 1,0.044427987
GTCTCGTCAGGGAGAG-1,ASC 2,0.7089209
GTCTCGTCAGTGACAG-1,NAIVE 1,0.060713995
GTCTCGTCATCACCCT-1,NAIVE 2,0.016290592
GTCTCGTCATCCTTGC-1,DN2,0.14684796
GTCTCGTGTATAGTAG-1,HSP+,0.05196418
GTCTCGTGTATATGGA-1,ASC 2,0.7420933
GTCTCGTGTCATCGGC-1,ASC 2,0.7229762
GTCTCGTGTCTTCTCG-1,IgD+ve Memory,0.04334528
GTCTCGTGTGCAGGTA-1,ASC 2,0.865174
GTCTCGTGTGGTACAG-1,IgD+ve Memory,0.06416636
GTCTCGTGTTCGGGCT-1,ASC 2,0.833155
GTCTCGTGTTGCCTCT-1,IgD-ve Memory,0.07487492
GTCTCGTTCCTCTAGC-1,NAIVE 2,0.093642436
GTCTCGTTCGACGGAA-1,IgD-ve Memory,0.029465627
GTCTCGTTCTCGTTTA-1,NAIVE 2,0.04420016
GTCTCGTTCTTTACGT-1,DN2,0.18931934
GTCTTCGAGAGTCTGG-1,IgD+ve Memory,0.04086216
GTCTTCGAGCAGCCTC-1,IgD+ve Memory,0.04845803
GTCTTCGAGCATGGCA-1,IgD+ve Memory,0.018201258
GTCTTCGAGGCCCTCA-1,NAIVE 2,0.049090363
GTCTTCGAGTCTTGCA-1,Transitional,0.11172241
GTCTTCGAGTGCAAGC-1,NAIVE 2,0.045465123
GTCTTCGAGTGCGATG-1,IgD-ve Memory,0.025015233
GTCTTCGCAACTGGCC-1,IgD-ve Memory,0.06340897
GTCTTCGCAATCAGAA-1,NAIVE 2,0.050027527
GTCTTCGCACCGAAAG-1,IgD+ve Memory,0.026045972
GTCTTCGCACCTCGGA-1,IgD-ve Memory,0.033778783
GTCTTCGCACGGATAG-1,IgD-ve Memory,0.049292002
GTCTTCGCAGTCACTA-1,NAIVE 2,0.06416689
GTCTTCGCATCGGAAG-1,IgD-ve Memory,0.05704338
GTCTTCGCATCTCCCA-1,NAIVE 1,0.07128496
GTCTTCGGTAAACGCG-1,NAIVE 2,0.05708008
GTCTTCGGTAAATACG-1,IgD+ve Memory,0.06373268
GTCTTCGGTATCTGCA-1,NAIVE 1,0.04172805
GTCTTCGGTCATGCCG-1,NAIVE 1,0.06907988
GTCTTCGGTCCCTTGT-1,NAIVE 2,0.065868504
GTCTTCGGTGATGTGG-1,IgD+ve Memory,0.046467587
GTCTTCGGTTTGGCGC-1,IgD+ve Memory,0.051159516
GTCTTCGTCGACCAGC-1,ASC 2,0.7571336
GTCTTCGTCTAACTCT-1,IgD+ve Memory,0.04056949
GTCTTCGTCTTGTCAT-1,IgD-ve Memory,0.029204797
GTGAAGGAGACTTGAA-1,IgD+ve Memory,0.05048915
GTGAAGGAGCACAGGT-1,IgD+ve Memory,0.03452287
GTGAAGGAGTAGCGGT-1,ASC 2,0.82002795
GTGAAGGAGTGACATA-1,Cell-Cycling,0.722947
GTGAAGGAGTGGAGTC-1,NAIVE 2,0.06331941
GTGAAGGAGTTGTCGT-1,NAIVE 1,0.053705104
GTGAAGGCACCGTTGG-1,NAIVE 2,0.015053099
GTGAAGGCACCTCGTT-1,NAIVE 2,0.026838792
GTGAAGGCACGAAAGC-1,IgD-ve Memory,0.022254007
GTGAAGGCACGTCTCT-1,IgD-ve Memory,0.031659827
GTGAAGGCAGCCTTTC-1,IgD-ve Memory,0.034941472
GTGAAGGCAGGCTGAA-1,IgD+ve Memory,0.066883795
GTGAAGGCAGGTCTCG-1,IgD-ve Memory,0.03832558
GTGAAGGCATCGGGTC-1,IgD-ve Memory,0.037330795
GTGAAGGCATGGTCAT-1,NAIVE 2,0.012839697
GTGAAGGGTACCGTTA-1,IgD-ve Memory,0.052076913
GTGAAGGGTACTCAAC-1,DN2,0.2121623
GTGAAGGGTGACAAAT-1,IgD+ve Memory,0.041801557
GTGAAGGGTGACGCCT-1,HSP+,0.0402952
GTGAAGGGTGATAAGT-1,NAIVE 1,0.0440202
GTGAAGGGTGCAGTAG-1,NAIVE 2,0.0374255
GTGAAGGGTGTGGTTT-1,ASC 2,0.81391877
GTGAAGGTCACCGGGT-1,IgD+ve Memory,0.037847776
GTGAAGGTCACTGGGC-1,Transitional,0.112422556
GTGAAGGTCTAACGGT-1,HSP+,0.14500736
GTGAAGGTCTCATTCA-1,IgD+ve Memory,0.06580666
GTGAAGGTCTCCCTGA-1,HSP+,0.03570529
GTGAAGGTCTGACCTC-1,IgD-ve Memory,0.021339227
GTGCAGCAGACTAGGC-1,NAIVE 2,0.05795429
GTGCAGCAGAGTGAGA-1,IgD+ve Memory,0.044564094
GTGCAGCAGCACCGCT-1,IgD+ve Memory,0.07230761
GTGCAGCAGCGGATCA-1,ASC 2,0.775572
GTGCAGCAGCTTATCG-1,NAIVE 1,0.05706583
GTGCAGCAGTAATCCC-1,ASC 2,0.84075135
GTGCAGCAGTGTACTC-1,IgD+ve Memory,0.025829704
GTGCAGCCACGGCGTT-1,IgD+ve Memory,0.034157846
GTGCAGCCAGCGATCC-1,ASC 2,0.8494743
GTGCAGCCATGACGGA-1,IgD+ve Memory,0.053511217
GTGCAGCGTACCGCTG-1,ASC 2,0.8346375
GTGCAGCGTCAACTGT-1,NAIVE 2,0.022677967
GTGCAGCGTCCGACGT-1,ASC 2,0.79079175
GTGCAGCGTCGATTGT-1,NAIVE 1,0.03351393
GTGCAGCGTGGCTCCA-1,ASC 3,0.7016632
GTGCAGCGTTGAGTTC-1,IgD-ve Memory,0.03867267
GTGCAGCGTTGTCTTT-1,IgD-ve Memory,0.043326624
GTGCAGCTCACCTCGT-1,IgD+ve Memory,0.059263516
GTGCAGCTCCTTGACC-1,NAIVE 1,0.04869374
GTGCATAAGATAGGAG-1,HSP+,0.17419225
GTGCATAAGGAGTAGA-1,ASC 2,0.8286672
GTGCATAAGGCCCTCA-1,NAIVE 2,0.06300005
GTGCATAAGTACTTGC-1,IgD-ve Memory,0.035420537
GTGCATAAGTAGGCCA-1,NAIVE 1,0.047593117
GTGCATAAGTCGATAA-1,NAIVE 1,0.049754854
GTGCATAAGTCGTTTG-1,Cell-Cycling,0.36997125
GTGCATAAGTGTTGAA-1,IgD-ve Memory,0.059195172
GTGCATACAAGCCGTC-1,ASC 2,0.7133727
GTGCATACAAGGTTTC-1,NAIVE 1,0.048636626
GTGCATACAATCAGAA-1,ASC 2,0.96672636
GTGCATACAATTCCTT-1,IgD-ve Memory,0.051489986
GTGCATACACACAGAG-1,IgD-ve Memory,0.043311495
GTGCATACAGTATCTG-1,NAIVE 2,0.022897635
GTGCATACATCACGTA-1,ASC 2,0.72042114
GTGCATACATGGGACA-1,NAIVE 2,0.04925834
GTGCATAGTACATCCA-1,NAIVE 2,0.036258314
GTGCATAGTACATGTC-1,ASC 2,0.86441094
GTGCATAGTCAGATAA-1,NAIVE 1,0.05225704
GTGCATAGTGCTCTTC-1,ASC 2,0.8494228
GTGCATAGTGTTAAGA-1,NAIVE 2,0.020830054
GTGCATAGTGTTCTTT-1,ASC 3,0.8093611
GTGCATAGTTACTGAC-1,IgD+ve Memory,0.033059783
GTGCATAGTTGCCTCT-1,IgD-ve Memory,0.060012266
GTGCATAGTTGCTCCT-1,NAIVE 2,0.05962197
GTGCATATCAAGATCC-1,IgD-ve Memory,0.052831262
GTGCATATCATCTGCC-1,NAIVE 2,0.046886537
GTGCATATCGATGAGG-1,IgD+ve Memory,0.036987677
GTGCATATCGCGTAGC-1,ASC 2,0.73258334
GTGCATATCGGCATCG-1,ASC 2,0.75296736
GTGCATATCTATCCTA-1,IgD-ve Memory,0.074540764
GTGCATATCTCTGTCG-1,NAIVE 2,0.055538516
GTGCATATCTGCGACG-1,HSP+,0.12520291
GTGCGGTAGATAGTCA-1,IgD-ve Memory,0.032642864
GTGCGGTAGATGTGGC-1,NAIVE 2,0.058405574
GTGCGGTAGCAGCCTC-1,IgD-ve Memory,0.03565819
GTGCGGTAGCATCATC-1,IgD+ve Memory,0.048455216
GTGCGGTAGCTATGCT-1,ASC 2,0.58110785
GTGCGGTAGGCTCAGA-1,ASC 2,0.7228994
GTGCGGTAGTCGTTTG-1,IgD-ve Memory,0.033148225
GTGCGGTAGTGAAGAG-1,NAIVE 1,0.07999659
GTGCGGTCAATCACAC-1,IgD+ve Memory,0.050400898
GTGCGGTCAATGGTCT-1,ASC 2,0.8008608
GTGCGGTCACCAGGCT-1,IgD-ve Memory,0.06213964
GTGCGGTCACCTGGTG-1,IgD-ve Memory,0.076946326
GTGCGGTCACGAAGCA-1,ASC 3,0.7963778
GTGCGGTCAGATCCAT-1,IgD+ve Memory,0.043824177
GTGCGGTGTACCGGCT-1,DN2,0.183655
GTGCGGTGTAGGAGTC-1,NAIVE 1,0.03641711
GTGCGGTGTATAAACG-1,HSP+,0.04292111
GTGCGGTGTATCAGTC-1,IgD-ve Memory,0.02111149
GTGCGGTGTCAGAATA-1,NAIVE 1,0.044620905
GTGCGGTGTGATAAAC-1,NAIVE 2,0.026885241
GTGCGGTGTGCCTGCA-1,IgD-ve Memory,0.022653589
GTGCGGTGTGGTCTCG-1,NAIVE 2,0.029360333
GTGCGGTGTTCTGTTT-1,NAIVE 2,0.039621666
GTGCGGTTCATAAAGG-1,IgD+ve Memory,0.06375824
GTGCGGTTCATCGGAT-1,ASC 2,0.7324577
GTGCGGTTCCAGTAGT-1,HSP+,0.06624981
GTGCGGTTCCGTTGCT-1,NAIVE 2,0.03807262
GTGCGGTTCCTAGGGC-1,ASC 1,0.68827194
GTGCGGTTCGTTACGA-1,NAIVE 2,0.019889265
GTGCGGTTCTCTTATG-1,ASC 2,0.8381724
GTGCGGTTCTGAGGGA-1,IgD+ve Memory,0.053393263
GTGCGGTTCTTGTTTG-1,NAIVE 1,0.041952506
GTGCTTCAGAATAGGG-1,ASC 2,0.67236775
GTGCTTCAGACATAAC-1,IgD-ve Memory,0.051844448
GTGCTTCAGACGCAAC-1,NAIVE 1,0.025620056
GTGCTTCAGAGACGAA-1,NAIVE 1,0.04277079
GTGCTTCAGAGGGATA-1,NAIVE 1,0.05073145
GTGCTTCAGATCTGCT-1,NAIVE 2,0.03285176
GTGCTTCAGCTCCCAG-1,HSP+,0.036667734
GTGCTTCAGGAGTTGC-1,DN2,0.09041327
GTGCTTCAGTCGCCGT-1,NAIVE 2,0.041685816
GTGCTTCAGTTGAGAT-1,NAIVE 1,0.06467821
GTGCTTCCAAGCGAGT-1,ASC 2,0.80463904
GTGCTTCCAAGCTGAG-1,ASC 2,0.53050756
GTGCTTCGTCGCATAT-1,NAIVE 2,0.013222426
GTGCTTCGTCGGCTCA-1,IgD-ve Memory,0.056471705
GTGCTTCGTGATAAGT-1,IgD-ve Memory,0.038358875
GTGCTTCGTGATGTCT-1,IgD-ve Memory,0.045376766
GTGCTTCGTGCGGTAA-1,NAIVE 2,0.04526361
GTGCTTCGTGCTCTTC-1,IgD-ve Memory,0.024562882
GTGCTTCGTGTGAATA-1,IgD+ve Memory,0.047619898
GTGCTTCTCCACTGGG-1,IgD+ve Memory,0.052638132
GTGCTTCTCCTTGACC-1,NAIVE 2,0.030044587
GTGCTTCTCGAATCCA-1,HSP+,0.055848964
GTGCTTCTCGACAGCC-1,IgD+ve Memory,0.06298727
GTGCTTCTCTACCAGA-1,NAIVE 1,0.06064679
GTGCTTCTCTTTAGGG-1,IgD-ve Memory,0.040841468
GTGGGTCAGAGGTAGA-1,IgD-ve Memory,0.035535637
GTGGGTCAGATCTGCT-1,IgD-ve Memory,0.013055779
GTGGGTCAGCCAACAG-1,ASC 2,0.7052026
GTGGGTCAGCGAAGGG-1,ASC 2,0.8385287
GTGGGTCAGCTAGGCA-1,ASC 2,0.79767615
GTGGGTCAGGCCGAAT-1,NAIVE 2,0.06966378
GTGGGTCAGTGACTCT-1,ASC 2,0.76236624
GTGGGTCAGTGGAGTC-1,IgD+ve Memory,0.04402034
GTGGGTCCAAAGAATC-1,ASC 1,0.76888955
GTGGGTCCAAGAGTCG-1,Cell-Cycling,0.3299712
GTGGGTCCACCGTTGG-1,ASC 2,0.4137872
GTGGGTCCATACTCTT-1,IgD-ve Memory,0.050050784
GTGGGTCCATCACAAC-1,IgD-ve Memory,0.04755976
GTGGGTCCATGGTCAT-1,IgD-ve Memory,0.043196417
GTGGGTCGTACCGAGA-1,HSP+,0.09738056
GTGGGTCGTCGGATCC-1,NAIVE 1,0.059290774
GTGGGTCGTCGGGTCT-1,IgD-ve Memory,0.10830931
GTGGGTCGTCTGATTG-1,IgD-ve Memory,0.024130875
GTGGGTCGTGAGGCTA-1,IgD-ve Memory,0.024746144
GTGGGTCTCACAGTAC-1,IgD+ve Memory,0.041278727
GTGGGTCTCACCGGGT-1,NAIVE 1,0.028074052
GTGGGTCTCATGTCCC-1,IgD-ve Memory,0.054715738
GTGGGTCTCCTAGAAC-1,IgD+ve Memory,0.08094448
GTGGGTCTCCTGCTTG-1,NAIVE 1,0.015506196
GTGGGTCTCGAATGCT-1,NAIVE 1,0.063592896
GTGGGTCTCGCATGGC-1,HSP+,0.035617772
GTGTGCGAGACTACAA-1,IgD+ve Memory,0.046458587
GTGTGCGAGAGCCCAA-1,Transitional,0.11752276
GTGTGCGAGAGTACAT-1,ASC 2,0.7797169
GTGTGCGAGCATGGCA-1,NAIVE 2,0.02394179
GTGTGCGAGCCTTGAT-1,ASC 2,0.80091035
GTGTGCGAGCTAGCCC-1,IgD-ve Memory,0.022095796
GTGTGCGAGCTGCCCA-1,IgD-ve Memory,0.029606057
GTGTGCGAGGAATGGA-1,IgD+ve Memory,0.05250943
GTGTGCGAGGAGTTTA-1,NAIVE 1,0.035080697
GTGTGCGAGGCATGTG-1,ASC 2,0.78347003
GTGTGCGAGTACGCCC-1,NAIVE 1,0.038614176
GTGTGCGAGTTTCCTT-1,HSP+,0.1256848
GTGTGCGCAAACGTGG-1,IgD-ve Memory,0.09418103
GTGTGCGCAAGGGTCA-1,IgD+ve Memory,0.0485232
GTGTGCGCAATGGTCT-1,NAIVE 1,0.028845679
GTGTGCGCACAGGAGT-1,IgD+ve Memory,0.047060143
GTGTGCGCACCCTATC-1,ASC 1,0.84765166
GTGTGCGCACGCCAGT-1,IgD+ve Memory,0.03151957
GTGTGCGCAGCCTTGG-1,NAIVE 2,0.054470375
GTGTGCGCATACTACG-1,ASC 2,0.76311195
GTGTGCGCATCTCGCT-1,IgD+ve Memory,0.062458042
GTGTGCGCATTGAGCT-1,NAIVE 1,0.05906664
GTGTGCGGTAACGTTC-1,IgD-ve Memory,0.034177028
GTGTGCGGTACAGTTC-1,NAIVE 2,0.06126483
GTGTGCGGTAGCCTCG-1,NAIVE 2,0.09385846
GTGTGCGGTCAGAATA-1,NAIVE 2,0.033682525
GTGTGCGGTCCTCCAT-1,NAIVE 2,0.037957255
GTGTGCGGTCGTCTTC-1,IgD+ve Memory,0.060651742
GTGTGCGGTGATGTGG-1,HSP+,0.09871093
GTGTGCGTCATGCAAC-1,IgD-ve Memory,0.028882178
GTGTGCGTCCCAAGAT-1,NAIVE 1,0.042748746
GTGTGCGTCGAATGCT-1,IgD-ve Memory,0.04117076
GTGTGCGTCGTAGATC-1,IgD-ve Memory,0.04382208
GTGTTAGAGAACTGTA-1,NAIVE 1,0.06210653
GTGTTAGAGAAGGCCT-1,ASC 2,0.62028074
GTGTTAGAGATGTTAG-1,ASC 2,0.88246226
GTGTTAGAGGAGCGTT-1,IgD-ve Memory,0.04523661
GTGTTAGAGGCACATG-1,IgD-ve Memory,0.042626854
GTGTTAGAGTTGAGAT-1,IgD+ve Memory,0.030720789
GTGTTAGAGTTTAGGA-1,IgD+ve Memory,0.046383154
GTGTTAGCAAAGAATC-1,NAIVE 1,0.031242324
GTGTTAGCAAGAAGAG-1,HSP+,0.11545035
GTGTTAGCAATAGCGG-1,IgD-ve Memory,0.031190285
GTGTTAGCAGAGCCAA-1,ASC 1,0.7669623
GTGTTAGCAGCTGTTA-1,IgD+ve Memory,0.04513721
GTGTTAGCAGGACCCT-1,IgD+ve Memory,0.04790007
GTGTTAGCAGTCGTGC-1,IgD-ve Memory,0.036731258
GTGTTAGCATGTTCCC-1,IgD+ve Memory,0.0648484
GTGTTAGCATTGGGCC-1,IgD+ve Memory,0.035705525
GTGTTAGGTCCGTCAG-1,NAIVE 2,0.043891314
GTGTTAGGTGACGCCT-1,HSP+,0.047778443
GTGTTAGTCAAACGGG-1,Cell-Cycling,0.375669
GTGTTAGTCAGAGACG-1,IgD-ve Memory,0.050417848
GTGTTAGTCAGTTAGC-1,ASC 3,0.84421486
GTGTTAGTCATGTGGT-1,ASC 2,0.5440354
GTGTTAGTCCAGATCA-1,IgD+ve Memory,0.053846937
GTGTTAGTCTGCAAGT-1,NAIVE 1,0.028228043
GTGTTAGTCTTGACGA-1,IgD-ve Memory,0.057771
GTTAAGCAGAGACGAA-1,ASC 3,0.8541739
GTTAAGCAGAGCCCAA-1,IgD-ve Memory,0.03545284
GTTAAGCAGCGAAGGG-1,Transitional,0.11307439
GTTAAGCAGTTACGGG-1,NAIVE 1,0.042473562
GTTAAGCCAAGTTCTG-1,IgD-ve Memory,0.03291325
GTTAAGCCAATCTGCA-1,IgD+ve Memory,0.027752638
GTTAAGCCACACATGT-1,NAIVE 2,0.03965724
GTTAAGCCACTGCCAG-1,NAIVE 1,0.06997133
GTTAAGCCAGAGCCAA-1,IgD-ve Memory,0.03771158
GTTAAGCCAGGGTACA-1,NAIVE 2,0.05695782
GTTAAGCCAGTGAGTG-1,Transitional,0.11763135
GTTAAGCCATCTACGA-1,Cell-Cycling,0.30279502
GTTAAGCGTCGGGTCT-1,NAIVE 1,0.07362946
GTTAAGCTCAGGCGAA-1,ASC 2,0.7664788
GTTAAGCTCAGGTAAA-1,ASC 2,0.8409469
GTTAAGCTCATTCACT-1,IgD+ve Memory,0.028012322
GTTAAGCTCCAGATCA-1,IgD-ve Memory,0.031037956
GTTAAGCTCCAGTAGT-1,Early-Activation,0.053152207
GTTAAGCTCCAGTATG-1,NAIVE 2,0.01598012
GTTAAGCTCGACGGAA-1,NAIVE 2,0.010068488
GTTAAGCTCGAGCCCA-1,ASC 2,0.81835407
GTTAAGCTCGCACTCT-1,Cell-Cycling,0.5859827
GTTAAGCTCTGTACGA-1,Early-Activation,0.043773383
GTTAAGCTCTTTACAC-1,IgD+ve Memory,0.04553501
GTTACAGAGAGATGAG-1,IgD+ve Memory,0.054620326
GTTACAGAGATACACA-1,Early-Activation,0.050427713
GTTACAGAGCACCGTC-1,Early-Activation,0.029830076
GTTACAGAGCAGATCG-1,IgD-ve Memory,0.03972718
GTTACAGAGGAATGGA-1,Early-Activation,0.052330073
GTTACAGAGGTAGCTG-1,NAIVE 1,0.021630423
GTTACAGAGTACGCCC-1,IgD-ve Memory,0.026762543
GTTACAGAGTTGAGTA-1,DN2,0.19268273
GTTACAGCAAACTGCT-1,IgD-ve Memory,0.040951066
GTTACAGCAAATTGCC-1,ASC 2,0.75917107
GTTACAGCAACTGGCC-1,IgD+ve Memory,0.03327108
GTTACAGCAAGCCCAC-1,IgD-ve Memory,0.029850684
GTTACAGCACAACTGT-1,NAIVE 1,0.03762825
GTTACAGCACGAAAGC-1,NAIVE 1,0.07386118
GTTACAGCACTTCGAA-1,IgD-ve Memory,0.031195747
GTTACAGCAGGTCTCG-1,NAIVE 2,0.04556347
GTTACAGCATGCTGGC-1,IgD-ve Memory,0.036437687
GTTACAGGTAAATGTG-1,IgD+ve Memory,0.025891352
GTTACAGGTAGCCTAT-1,IgD-ve Memory,0.03577305
GTTACAGGTATATGAG-1,NAIVE 1,0.06632474
GTTACAGGTCTGGAGA-1,IgD-ve Memory,0.0497791
GTTACAGGTGCCTGGT-1,IgD+ve Memory,0.058942534
GTTACAGGTGTTGAGG-1,IgD-ve Memory,0.02364334
GTTACAGGTTAAAGAC-1,NAIVE 2,0.065535866
GTTACAGGTTCCATGA-1,HSP+,0.113681465
GTTACAGTCACGATGT-1,IgD+ve Memory,0.03532498
GTTACAGTCATCATTC-1,NAIVE 2,0.016201783
GTTACAGTCATGCAAC-1,IgD-ve Memory,0.055260383
GTTACAGTCGCCAAAT-1,Cell-Cycling,0.014623809
GTTCATTAGAAAGTGG-1,IgD+ve Memory,0.034747727
GTTCATTAGACTAGGC-1,ASC 2,0.7178809
GTTCATTAGAGACGAA-1,IgD-ve Memory,0.03611209
GTTCATTAGAGACTTA-1,NAIVE 1,0.036482826
GTTCATTAGAGATGAG-1,IgD+ve Memory,0.057127085
GTTCATTAGCCAGTAG-1,NAIVE 2,0.025658945
GTTCATTAGCGGATCA-1,IgD+ve Memory,0.043227505
GTTCATTAGCTATGCT-1,NAIVE 1,0.15251102
GTTCATTAGGAATCGC-1,IgD+ve Memory,0.032609943
GTTCATTAGGACAGAA-1,IgD+ve Memory,0.029721934
GTTCATTAGTATTGGA-1,ASC 2,0.8818917
GTTCATTAGTCCGTAT-1,ASC 2,0.75764465
GTTCATTAGTTATCGC-1,NAIVE 2,0.05710153
GTTCATTCAATCTACG-1,IgD-ve Memory,0.07676309
GTTCATTCAATGCCAT-1,IgD-ve Memory,0.03298943
GTTCATTCACATCTTT-1,IgD-ve Memory,0.046026874
GTTCATTGTATATCCG-1,ASC 2,0.8200936
GTTCATTGTCAGATAA-1,NAIVE 2,0.017008327
GTTCATTGTCCATCCT-1,IgD-ve Memory,0.040709324
GTTCATTGTCGCTTTC-1,ASC 2,0.9629943
GTTCATTGTTAAGAAC-1,NAIVE 1,0.053764623
GTTCATTGTTCCCTTG-1,NAIVE 2,0.024954356
GTTCATTTCAACTCTT-1,IgD+ve Memory,0.03449875
GTTCATTTCACCGTAA-1,Cell-Cycling,0.4734246
GTTCATTTCACCTTAT-1,NAIVE 2,0.027914658
GTTCATTTCCCACTTG-1,IgD-ve Memory,0.038730506
GTTCATTTCCTGCAGG-1,Early-Activation,0.03107903
GTTCATTTCGGCGGTT-1,ASC 3,0.8215655
GTTCATTTCTAACGGT-1,ASC 2,0.77749217
GTTCGGGAGAAGCCCA-1,NAIVE 1,0.027319808
GTTCGGGAGATCTGAA-1,NAIVE 1,0.027400274
GTTCGGGAGCGTGAAC-1,IgD+ve Memory,0.043676537
GTTCGGGAGCTAAGAT-1,IgD-ve Memory,0.04005977
GTTCGGGAGCTATGCT-1,IgD-ve Memory,0.027318472
GTTCGGGAGCTGTTCA-1,IgD+ve Memory,0.05345948
GTTCGGGAGGACACCA-1,Cell-Cycling,0.4289614
GTTCGGGAGGGTCGAT-1,ASC 2,0.7797954
GTTCGGGAGGGTTTCT-1,NAIVE 2,0.023975106
GTTCGGGAGGTGACCA-1,NAIVE 1,0.046925094
GTTCGGGAGTGGCACA-1,NAIVE 2,0.079981185
GTTCGGGCAACACCTA-1,NAIVE 1,0.052122958
GTTCGGGCAGCTCCGA-1,NAIVE 1,0.06444029
GTTCGGGCATATACGC-1,HSP+,0.023097198
GTTCGGGCATGGATGG-1,NAIVE 2,0.016502568
GTTCGGGGTACTTCTT-1,IgD+ve Memory,0.043949325
GTTCGGGGTCAGTGGA-1,IgD+ve Memory,0.045807354
GTTCGGGGTCCAGTAT-1,NAIVE 1,0.04132096
GTTCGGGGTCCATGAT-1,NAIVE 1,0.03139872
GTTCGGGGTCGGATCC-1,NAIVE 1,0.034155387
GTTCGGGGTCTGATCA-1,Transitional,0.11116359
GTTCGGGGTGAAGGCT-1,NAIVE 2,0.015331156
GTTCGGGGTGCCTTGG-1,NAIVE 2,0.021867141
GTTCGGGGTGCTAGCC-1,NAIVE 2,0.006813593
GTTCGGGGTTCCACTC-1,IgD-ve Memory,0.07099455
GTTCGGGTCAACCATG-1,IgD+ve Memory,0.058872968
GTTCGGGTCCCATTTA-1,IgD-ve Memory,0.018341754
GTTCGGGTCCTAGGGC-1,IgD-ve Memory,0.0682092
GTTCGGGTCCTCAATT-1,ASC 2,0.7639175
GTTCGGGTCTACGAGT-1,NAIVE 1,0.058898408
GTTCGGGTCTGCTGCT-1,NAIVE 1,0.028641282
GTTCGGGTCTTCATGT-1,IgD-ve Memory,0.04494014
GTTCTCGAGAAACGAG-1,NAIVE 2,0.056550346
GTTCTCGAGACCCACC-1,IgD-ve Memory,0.050810732
GTTCTCGAGCCAACAG-1,Transitional,0.12170647
GTTCTCGAGGGTTTCT-1,NAIVE 1,0.049296226
GTTCTCGAGTAGTGCG-1,ASC 2,0.6513381
GTTCTCGAGTCATCCA-1,DN2,0.20199835
GTTCTCGAGTGAAGAG-1,NAIVE 1,0.015272195
GTTCTCGAGTGTTTGC-1,NAIVE 2,0.03371718
GTTCTCGAGTTAGCGG-1,IgD-ve Memory,0.040592596
GTTCTCGAGTTTGCGT-1,IgD-ve Memory,0.05135261
GTTCTCGCACACAGAG-1,IgD+ve Memory,0.030723475
GTTCTCGCACGTGAGA-1,NAIVE 1,0.049148083
GTTCTCGCACTCTGTC-1,IgD+ve Memory,0.07166515
GTTCTCGCAGGACCCT-1,ASC 2,0.73369783
GTTCTCGCAGTCCTTC-1,ASC 2,0.7614546
GTTCTCGCATATACGC-1,ASC 2,0.7678307
GTTCTCGCATGCAACT-1,IgD-ve Memory,0.029638905
GTTCTCGCATTGGTAC-1,NAIVE 2,0.08578732
GTTCTCGCATTTGCCC-1,ASC 2,0.8222567
GTTCTCGGTAAACCTC-1,HSP+,0.031825345
GTTCTCGGTCACTTCC-1,DN2,0.16792913
GTTCTCGGTGTTAAGA-1,IgD+ve Memory,0.051873717
GTTCTCGGTTACGCGC-1,IgD-ve Memory,0.024809828
GTTCTCGGTTCATGGT-1,NAIVE 1,0.050643366
GTTCTCGGTTTAGCTG-1,NAIVE 1,0.05337728
GTTCTCGGTTTGGGCC-1,ASC 2,0.8901231
GTTCTCGTCCGTTGCT-1,IgD-ve Memory,0.024145912
GTTCTCGTCGCGATCG-1,NAIVE 1,0.048439335
GTTCTCGTCGTATCAG-1,DN2,0.20999426
GTTTCTAAGAAGATTC-1,Transitional,0.116775386
GTTTCTAAGACAGACC-1,IgD+ve Memory,0.039033137
GTTTCTAAGAGTGACC-1,NAIVE 1,0.06802799
GTTTCTAAGATTACCC-1,IgD+ve Memory,0.042109642
GTTTCTAAGCACCGTC-1,IgD+ve Memory,0.03591328
GTTTCTAAGCGAAGGG-1,DN2,0.21364075
GTTTCTAAGCGTAGTG-1,NAIVE 1,0.06040721
GTTTCTACAAGGACTG-1,IgD-ve Memory,0.044302605
GTTTCTACAAGGGTCA-1,DN2,0.162413
GTTTCTACAGGCAGTA-1,IgD-ve Memory,0.035970524
GTTTCTACAGGTCTCG-1,IgD-ve Memory,0.035047587
GTTTCTACAGTCAGAG-1,DN2,0.2136818
GTTTCTACATATGAGA-1,IgD+ve Memory,0.028732006
GTTTCTACATGTAAGA-1,IgD+ve Memory,0.060036693
GTTTCTACATTCTTAC-1,HSP+,0.039782375
GTTTCTAGTAAGTGGC-1,IgD-ve Memory,0.08489616
GTTTCTAGTACCAGTT-1,IgD+ve Memory,0.029575467
GTTTCTAGTTAAAGAC-1,NAIVE 2,0.041792195
GTTTCTAGTTCGTCTC-1,HSP+,0.3138442
GTTTCTATCAGTCAGT-1,NAIVE 1,0.03523993
GTTTCTATCCAGAAGG-1,ASC 2,0.7880316
GTTTCTATCCCTAACC-1,IgD-ve Memory,0.049051587
GTTTCTATCCCTAATT-1,NAIVE 2,0.0055286232
GTTTCTATCCGTTGCT-1,IgD+ve Memory,0.045070242
GTTTCTATCCTAGTGA-1,IgD-ve Memory,0.026204089
GTTTCTATCGGCATCG-1,Early-Activation,0.046362463
GTTTCTATCTCCAGGG-1,HSP+,0.037858013
GTTTCTATCTCTAAGG-1,Cell-Cycling,0.38886026
TAAACCGAGAGTCGGT-1,NAIVE 2,0.0343231
TAAACCGAGCAGACTG-1,IgD-ve Memory,0.12434307
TAAACCGAGCTGAAAT-1,IgD-ve Memory,0.051298507
TAAACCGAGGGATGGG-1,HSP+,0.13352506
TAAACCGAGGTGATTA-1,IgD+ve Memory,0.05768243
TAAACCGCAAAGGAAG-1,NAIVE 1,0.061559096
TAAACCGCACCGATAT-1,IgD-ve Memory,0.0343614
TAAACCGCAGTAACGG-1,IgD+ve Memory,0.03953244
TAAACCGCAGTCAGCC-1,NAIVE 2,0.019086324
TAAACCGCATAGTAAG-1,HSP+,0.06431954
TAAACCGCATCCGTGG-1,ASC 2,0.80962366
TAAACCGGTACGAAAT-1,Cell-Cycling,0.7348079
TAAACCGGTCCGTGAC-1,ASC 2,0.8100358
TAAACCGGTCGGCACT-1,IgD+ve Memory,0.025472859
TAAACCGGTTCTGAAC-1,IgD+ve Memory,0.033950504
TAAACCGTCAGCACAT-1,ASC 2,0.85963225
TAAACCGTCCGTTGTC-1,IgD-ve Memory,0.03680459
TAAACCGTCGGCTACG-1,ASC 2,0.9108373
TAAACCGTCTGCTGCT-1,IgD+ve Memory,0.03441333
TAAGAGAAGAGTTGGC-1,IgD+ve Memory,0.05438441
TAAGAGAAGCGAGAAA-1,IgD+ve Memory,0.041570608
TAAGAGAAGCTCCCAG-1,NAIVE 2,0.07034991
TAAGAGAAGTACGCGA-1,DN2,0.19211017
TAAGAGAAGTAGGTGC-1,ASC 1,0.8053338
TAAGAGAAGTGGGATC-1,NAIVE 1,0.028539225
TAAGAGAAGTTATCGC-1,IgD-ve Memory,0.04661516
TAAGAGAAGTTGAGAT-1,NAIVE 1,0.05893891
TAAGAGACAAAGAATC-1,IgD+ve Memory,0.043915045
TAAGAGACAAGTAATG-1,IgD-ve Memory,0.028845286
TAAGAGACACGAAATA-1,ASC 2,0.85773337
TAAGAGACACTGTCGG-1,Transitional,0.12237685
TAAGAGACAGTGAGTG-1,IgD+ve Memory,0.050086785
TAAGAGACAGTTCATG-1,IgD+ve Memory,0.047824122
TAAGAGACATGAGCGA-1,DN2,0.18224643
TAAGAGAGTAAACACA-1,ASC 1,0.8036245
TAAGAGAGTAGGACAC-1,Early-Activation,0.045541514
TAAGAGAGTGAAAGAG-1,NAIVE 1,0.08420225
TAAGAGAGTGAAGGCT-1,IgD-ve Memory,0.047412656
TAAGAGAGTGTTCTTT-1,IgD-ve Memory,0.019883368
TAAGAGAGTGTTTGTG-1,NAIVE 1,0.044913102
TAAGAGAGTTGGAGGT-1,NAIVE 1,0.03488387
TAAGAGAGTTTCGCTC-1,IgD+ve Memory,0.077477954
TAAGAGATCAAGATCC-1,NAIVE 1,0.044443365
TAAGAGATCATCGGAT-1,IgD-ve Memory,0.048443314
TAAGAGATCCTAGGGC-1,IgD-ve Memory,0.025427952
TAAGAGATCGTGGTCG-1,Cell-Cycling,0.36221603
TAAGAGATCTCGCTTG-1,NAIVE 1,0.078596056
TAAGAGATCTGTTTGT-1,IgD-ve Memory,0.038926285
TAAGAGATCTTCCTTC-1,NAIVE 1,0.04517434
TAAGCGTAGAACTCGG-1,IgD+ve Memory,0.04875402
TAAGCGTAGATGCCTT-1,DN2,0.19122437
TAAGCGTAGCTGATAA-1,IgD+ve Memory,0.04225746
TAAGCGTAGGACAGCT-1,NAIVE 2,0.053909123
TAAGCGTAGGACATTA-1,HSP+,0.038417168
TAAGCGTAGGACCACA-1,IgD-ve Memory,0.029405346
TAAGCGTAGGATGGTC-1,NAIVE 2,0.023628093
TAAGCGTAGGGATGGG-1,IgD+ve Memory,0.032210603
TAAGCGTAGTATCTCG-1,NAIVE 2,0.048404805
TAAGCGTAGTCAATAG-1,NAIVE 1,0.04647983
TAAGCGTCAAGCGTAG-1,NAIVE 1,0.048810147
TAAGCGTCAATGGAAT-1,IgD+ve Memory,0.026777409
TAAGCGTCACACCGCA-1,NAIVE 1,0.022642486
TAAGCGTCACAGCGTC-1,IgD-ve Memory,0.0327518
TAAGCGTCAGTCAGAG-1,ASC 2,0.81964874
TAAGCGTCATAGACTC-1,NAIVE 2,0.04833589
TAAGCGTCATGCTGGC-1,NAIVE 1,0.044971395
TAAGCGTCATGGGACA-1,ASC 2,0.87003154
TAAGCGTGTACATGTC-1,IgD-ve Memory,0.030062854
TAAGCGTGTACCGTAT-1,IgD+ve Memory,0.026211282
TAAGCGTGTCCTAGCG-1,IgD+ve Memory,0.037896022
TAAGCGTGTCTAGTGT-1,Transitional,0.11789593
TAAGCGTGTCTCATCC-1,IgD+ve Memory,0.028050125
TAAGCGTGTGGTGTAG-1,DN2,0.23141769
TAAGCGTTCAAGAAGT-1,IgD-ve Memory,0.031210613
TAAGCGTTCAGCCTAA-1,IgD-ve Memory,0.019280907
TAAGCGTTCCGTTGTC-1,NAIVE 2,0.054950975
TAAGCGTTCGATCCCT-1,IgD+ve Memory,0.047192156
TAAGCGTTCGCTTGTC-1,DN2,0.19069555
TAAGCGTTCTAACCGA-1,NAIVE 2,0.029008035
TAAGCGTTCTCGGACG-1,NAIVE 1,0.03856329
TAAGTGCAGAAGGTTT-1,ASC 2,0.72444206
TAAGTGCAGCCACGTC-1,NAIVE 1,0.03750818
TAAGTGCAGCGCCTCA-1,IgD-ve Memory,0.037175234
TAAGTGCCAATCACAC-1,IgD-ve Memory,0.03428263
TAAGTGCCAATCTACG-1,ASC 2,0.8715693
TAAGTGCCAATGGACG-1,NAIVE 1,0.10637464
TAAGTGCCACACAGAG-1,IgD-ve Memory,0.049584456
TAAGTGCCACCGCTAG-1,ASC 2,0.81012696
TAAGTGCCACGGTTTA-1,ASC 2,0.75996196
TAAGTGCCAGCCACCA-1,IgD-ve Memory,0.027279338
TAAGTGCCAGTAACGG-1,ASC 2,0.8095375
TAAGTGCGTAGGGTAC-1,IgD+ve Memory,0.024977976
TAAGTGCGTAGTAGTA-1,IgD+ve Memory,0.03533566
TAAGTGCGTCCATCCT-1,IgD-ve Memory,0.021074317
TAAGTGCGTCTAAACC-1,IgD+ve Memory,0.04869388
TAAGTGCGTGCCTTGG-1,IgD-ve Memory,0.056329012
TAAGTGCGTGGCAAAC-1,IgD+ve Memory,0.05684948
TAAGTGCGTGTGCGTC-1,IgD+ve Memory,0.047867835
TAAGTGCGTTACAGAA-1,IgD-ve Memory,0.039685857
TAAGTGCGTTATCACG-1,NAIVE 2,0.05653959
TAAGTGCGTTCACGGC-1,DN2,0.16305777
TAAGTGCGTTCCGGCA-1,IgD-ve Memory,0.050746616
TAAGTGCGTTTAAGCC-1,IgD-ve Memory,0.036120906
TAAGTGCTCAATCACG-1,ASC 2,0.8648915
TAAGTGCTCCATGCTC-1,HSP+,0.05774165
TAAGTGCTCGGTTCGG-1,IgD-ve Memory,0.054919917
TAAGTGCTCTGAGTGT-1,ASC 3,0.8387109
TAAGTGCTCTGCAAGT-1,NAIVE 1,0.041218866
TACACGAAGAACAATC-1,ASC 3,0.986191
TACACGAAGAAGGTGA-1,NAIVE 2,0.06174501
TACACGAAGAGCTTCT-1,IgD-ve Memory,0.08040263
TACACGAAGCTGTCTA-1,ASC 2,0.7053286
TACACGAAGCTTATCG-1,NAIVE 2,0.041331973
TACACGAAGGCGCTCT-1,Cell-Cycling,0.12331495
TACACGAAGTCCATAC-1,IgD-ve Memory,0.03731917
TACACGAAGTGTCTCA-1,IgD+ve Memory,0.056237068
TACACGACAACTGCGC-1,IgD-ve Memory,0.041646384
TACACGACAAGCCTAT-1,NAIVE 1,0.04639798
TACACGACAATAGCGG-1,Early-Activation,0.057953257
TACACGACAATCCGAT-1,IgD+ve Memory,0.05160109
TACACGACAGAAGCAC-1,IgD-ve Memory,0.042258337
TACACGACAGATCCAT-1,NAIVE 2,0.0060693505
TACACGACAGGGTATG-1,DN2,0.21964267
TACACGACATCAGTCA-1,ASC 2,0.82787764
TACACGACATCCGTGG-1,IgD-ve Memory,0.037343897
TACACGACATTCACTT-1,IgD+ve Memory,0.04774321
TACACGACATTGCGGC-1,ASC 2,0.65852726
TACACGAGTAATCGTC-1,HSP+,0.03251879
TACACGAGTACGCACC-1,NAIVE 1,0.04771915
TACACGAGTATAGGTA-1,ASC 2,0.8689787
TACACGAGTCAGCTAT-1,DN2,0.070926234
TACACGAGTCTCTCTG-1,NAIVE 2,0.017731203
TACACGAGTTGCGTTA-1,IgD+ve Memory,0.03771613
TACACGATCAATCACG-1,NAIVE 2,0.022341551
TACACGATCACCTTAT-1,NAIVE 1,0.05336411
TACACGATCAGGATCT-1,IgD+ve Memory,0.059574813
TACACGATCAGTCAGT-1,NAIVE 1,0.06285105
TACACGATCATCATTC-1,IgD+ve Memory,0.04802717
TACACGATCCCATTTA-1,IgD-ve Memory,0.039165623
TACACGATCGTGGTCG-1,ASC 2,0.7650909
TACACGATCTCTTATG-1,IgD-ve Memory,0.038802806
TACACGATCTGTTTGT-1,IgD+ve Memory,0.022632277
TACACGATCTTCATGT-1,ASC 2,0.75069684
TACAGTGAGATCCCAT-1,NAIVE 1,0.07721308
TACAGTGAGTGGAGAA-1,IgD-ve Memory,0.021501334
TACAGTGAGTTGTAGA-1,NAIVE 1,0.05448826
TACAGTGCAACAACCT-1,NAIVE 1,0.037329167
TACAGTGCACATGTGT-1,HSP+,0.05225024
TACAGTGCACGAAGCA-1,IgD-ve Memory,0.035796564
TACAGTGCACTTGGAT-1,DN2,0.18320608
TACAGTGCAGGGCATA-1,ASC 2,0.8811745
TACAGTGGTAGGAGTC-1,IgD-ve Memory,0.03586682
TACAGTGGTCATACTG-1,NAIVE 1,0.044215742
TACAGTGGTCATATGC-1,Transitional,0.124036096
TACAGTGGTCTCATCC-1,NAIVE 1,0.021181745
TACAGTGGTTAAGATG-1,NAIVE 2,0.014016021
TACAGTGGTTAAGGGC-1,IgD+ve Memory,0.022830512
TACAGTGGTTAGTGGG-1,NAIVE 2,0.030873345
TACAGTGGTTGCCTCT-1,ASC 2,0.7419162
TACAGTGTCACCTTAT-1,NAIVE 1,0.0990977
TACAGTGTCAGAGCTT-1,IgD-ve Memory,0.032239854
TACAGTGTCAGTCAGT-1,ASC 2,0.8272738
TACAGTGTCCAAACAC-1,IgD+ve Memory,0.046800315
TACAGTGTCGGAAACG-1,ASC 2,0.8696868
TACAGTGTCGTAGATC-1,NAIVE 2,0.0468558
TACAGTGTCTAACTGG-1,NAIVE 1,0.08311044
TACAGTGTCTCTAGGA-1,IgD-ve Memory,0.045621503
TACCTATAGACAAAGG-1,NAIVE 1,0.04727166
TACCTATCAAGAGTCG-1,IgD+ve Memory,0.041961994
TACCTATCAAGCGTAG-1,NAIVE 1,0.05091042
TACCTATCACCGCTAG-1,Early-Activation,0.055382926
TACCTATCAGACGCAA-1,IgD-ve Memory,0.023058662
TACCTATCAGATGAGC-1,IgD-ve Memory,0.038280066
TACCTATCAGTGGGAT-1,IgD-ve Memory,0.042884476
TACCTATGTAAGTGTA-1,ASC 2,0.6549892
TACCTATGTCCGAGTC-1,IgD+ve Memory,0.03944793
TACCTATGTCCGTTAA-1,ASC 2,0.67951334
TACCTATGTCGCATCG-1,HSP+,0.07117297
TACCTATGTCTCTCGT-1,ASC 2,0.7885012
TACCTATGTCTCTTAT-1,IgD-ve Memory,0.045386672
TACCTATGTGCGCTTG-1,IgD-ve Memory,0.0255725
TACCTATGTGGAAAGA-1,IgD-ve Memory,0.071579315
TACCTATGTGTCCTCT-1,IgD-ve Memory,0.027851073
TACCTATGTTCAACCA-1,NAIVE 1,0.062412437
TACCTATGTTCCCGAG-1,IgD+ve Memory,0.039849725
TACCTATGTTGCCTCT-1,IgD+ve Memory,0.050597884
TACCTATGTTTACTCT-1,IgD+ve Memory,0.04831061
TACCTATGTTTGTGTG-1,IgD+ve Memory,0.046973098
TACCTATTCAACGAAA-1,NAIVE 1,0.04143459
TACCTATTCATCACCC-1,IgD-ve Memory,0.049101632
TACCTATTCGACGGAA-1,ASC 2,0.87603426
TACCTATTCGGCGCTA-1,ASC 1,0.8030797
TACCTATTCTAACCGA-1,NAIVE 1,0.030090464
TACCTTAAGAGATGAG-1,NAIVE 2,0.072936095
TACCTTAAGATCTGCT-1,ASC 1,0.7004962
TACCTTAAGCCGTCGT-1,NAIVE 1,0.07092017
TACCTTAAGCGTAGTG-1,NAIVE 2,0.07043652
TACCTTAAGCTAGGCA-1,NAIVE 1,0.044429194
TACCTTAAGGACCACA-1,NAIVE 1,0.06489092
TACCTTAAGGTCATCT-1,IgD+ve Memory,0.069086105
TACCTTAAGTATTGGA-1,IgD-ve Memory,0.030788759
TACCTTAAGTGAATTG-1,IgD-ve Memory,0.021818995
TACCTTAAGTGTACTC-1,ASC 2,0.7071957
TACCTTACACAGCCCA-1,IgD-ve Memory,0.015264107
TACCTTACACGAAATA-1,DN2,0.21421129
TACCTTACACTTCGAA-1,IgD-ve Memory,0.020895433
TACCTTACAGCTGTAT-1,HSP+,0.07286143
TACCTTACAGTGACAG-1,NAIVE 2,0.018485192
TACCTTACATGAGCGA-1,IgD+ve Memory,0.04731259
TACCTTAGTCGACTGC-1,ASC 2,0.7477954
TACCTTAGTGAAAGAG-1,NAIVE 2,0.018092468
TACCTTAGTGACTACT-1,ASC 3,0.8361396
TACCTTAGTGCACGAA-1,IgD+ve Memory,0.0419734
TACCTTAGTTCGTGAT-1,HSP+,0.04442468
TACCTTAGTTGTCTTT-1,NAIVE 1,0.043176938
TACCTTATCACAGTAC-1,IgD+ve Memory,0.06707211
TACCTTATCACGCGGT-1,Transitional,0.110869326
TACCTTATCAGCGACC-1,NAIVE 2,0.035908017
TACCTTATCCTCCTAG-1,IgD+ve Memory,0.035259552
TACCTTATCTCCAACC-1,IgD-ve Memory,0.021748886
TACCTTATCTTGTCAT-1,NAIVE 1,0.02761749
TACCTTATCTTTAGTC-1,IgD-ve Memory,0.04169319
TACGGATAGAAGGACA-1,ASC 2,0.8433712
TACGGATAGACTTTCG-1,NAIVE 2,0.037745327
TACGGATAGAGTAATC-1,DN2,0.22933856
TACGGATAGCACACAG-1,NAIVE 1,0.052569088
TACGGATAGCCAACAG-1,IgD-ve Memory,0.03127752
TACGGATAGCCAGAAC-1,NAIVE 2,0.05177689
TACGGATAGGATCGCA-1,IgD-ve Memory,0.054075632
TACGGATAGTCGTACT-1,ASC 2,0.7902218
TACGGATAGTGAACGC-1,IgD+ve Memory,0.044167962
TACGGATCAATGACCT-1,IgD-ve Memory,0.03037222
TACGGATCACATGACT-1,NAIVE 2,0.011292605
TACGGATCACGCGAAA-1,NAIVE 2,0.05151753
TACGGATCACGGATAG-1,ASC 2,0.7377474
TACGGATCATCGGGTC-1,IgD+ve Memory,0.05444288
TACGGATGTAAGAGGA-1,IgD+ve Memory,0.07222507
TACGGATGTACAGCAG-1,ASC 2,0.5862074
TACGGATGTACCAGTT-1,IgD-ve Memory,0.023034679
TACGGATGTAGCGTGA-1,Early-Activation,0.053239875
TACGGATGTAGCTGCC-1,ASC 2,0.862388
TACGGATGTCAACTGT-1,ASC 2,0.728555
TACGGATGTCTAGTCA-1,NAIVE 2,0.08124032
TACGGATGTCTCTTAT-1,IgD-ve Memory,0.020568488
TACGGATGTCTGCAAT-1,IgD+ve Memory,0.040223345
TACGGATGTGGCAAAC-1,IgD+ve Memory,0.053565484
TACGGATGTGTTCTTT-1,IgD-ve Memory,0.015952967
TACGGATGTTCCGTCT-1,ASC 2,0.92868066
TACGGATGTTGTTTGG-1,IgD+ve Memory,0.056962624
TACGGATTCACTGGGC-1,IgD+ve Memory,0.057439208
TACGGATTCAGTGCAT-1,NAIVE 2,0.07463104
TACGGATTCCGTACAA-1,IgD+ve Memory,0.040938742
TACGGATTCGGCCGAT-1,ASC 2,0.82662046
TACGGATTCGTACCGG-1,Cell-Cycling,0.6116897
TACGGATTCGTCTGCT-1,ASC 2,0.7532116
TACGGATTCTCGAGTA-1,ASC 2,0.76876646
TACGGATTCTCGGACG-1,IgD-ve Memory,0.03051541
TACGGATTCTCTTATG-1,IgD-ve Memory,0.057272084
TACGGGCAGAGACGAA-1,NAIVE 2,0.0077657276
TACGGGCAGAGTGACC-1,IgD+ve Memory,0.045991123
TACGGGCAGCGCTCCA-1,IgD-ve Memory,0.08282163
TACGGGCAGGGAGTAA-1,DN2,0.20255828
TACGGGCAGGGCACTA-1,IgD+ve Memory,0.039068
TACGGGCCAAGCCTAT-1,NAIVE 2,0.013736727
TACGGGCCAATCCAAC-1,IgD-ve Memory,0.02023966
TACGGGCCACATTCGA-1,IgD+ve Memory,0.048433967
TACGGGCCACGGCGTT-1,NAIVE 1,0.081906445
TACGGGCCACTGTTAG-1,NAIVE 2,0.016925687
TACGGGCCAGCGTTCG-1,IgD+ve Memory,0.055277955
TACGGGCCATTGGCGC-1,IgD-ve Memory,0.03300676
TACGGGCGTAAGTGGC-1,NAIVE 2,0.05820652
TACGGGCGTACACCGC-1,NAIVE 1,0.02902746
TACGGGCGTACGCTGC-1,IgD-ve Memory,0.026741892
TACGGGCGTCCATCCT-1,HSP+,0.041306574
TACGGGCGTCGCGGTT-1,ASC 2,0.80559343
TACGGGCGTCTCTTTA-1,DN2,0.20594239
TACGGGCGTTAAAGAC-1,NAIVE 1,0.043978255
TACGGGCGTTCAGTAC-1,IgD-ve Memory,0.042122
TACGGGCGTTGTTTGG-1,NAIVE 2,0.03486891
TACGGGCTCAGTCCCT-1,NAIVE 1,0.0382478
TACGGGCTCATGCAAC-1,IgD+ve Memory,0.03468075
TACGGGCTCATGTCTT-1,IgD+ve Memory,0.04175088
TACGGGCTCATTGCCC-1,IgD-ve Memory,0.06403725
TACGGGCTCCAAGTAC-1,IgD-ve Memory,0.05599814
TACGGGCTCCACGTGG-1,Cell-Cycling,0.6943099
TACGGGCTCCCAAGTA-1,IgD-ve Memory,0.024526635
TACGGGCTCCCATTTA-1,IgD+ve Memory,0.03287543
TACGGGCTCCCTTGCA-1,NAIVE 2,0.030283561
TACGGGCTCTATCGCC-1,NAIVE 2,0.03795144
TACGGGCTCTCCCTGA-1,ASC 3,0.72102636
TACGGGCTCTGCTTGC-1,Early-Activation,0.04562186
TACGGGCTCTGTTTGT-1,NAIVE 2,0.005812006
TACGGTAAGATGCCAG-1,ASC 2,0.79732394
TACGGTAAGCCTTGAT-1,DN2,0.16521238
TACGGTAAGCGACGTA-1,NAIVE 2,0.035641905
TACGGTAAGCGATTCT-1,IgD+ve Memory,0.045198727
TACGGTAAGGATGTAT-1,IgD+ve Memory,0.033041283
TACGGTAAGTGAAGTT-1,IgD-ve Memory,0.024327267
TACGGTACACAGGCCT-1,IgD-ve Memory,0.05341256
TACGGTACACATGTGT-1,ASC 2,0.883286
TACGGTACACCACCAG-1,ASC 2,0.823945
TACGGTACACTGTCGG-1,NAIVE 1,0.15836
TACGGTACACTTAACG-1,NAIVE 1,0.047685783
TACGGTACAGCCTATA-1,IgD-ve Memory,0.03607622
TACGGTAGTAGTGAAT-1,ASC 2,0.73190457
TACGGTAGTCAACATC-1,IgD+ve Memory,0.059112824
TACGGTAGTTGGACCC-1,IgD-ve Memory,0.02019216
TACGGTAGTTTGCATG-1,IgD+ve Memory,0.041321244
TACGGTATCATGCATG-1,NAIVE 1,0.034427214
TACGGTATCGAGCCCA-1,IgD+ve Memory,0.032211
TACGGTATCGCCTGAG-1,IgD+ve Memory,0.049393103
TACGGTATCTAGCACA-1,IgD-ve Memory,0.04684989
TACGGTATCTGGAGCC-1,ASC 2,0.81110495
TACGGTATCTGGTTCC-1,NAIVE 1,0.049243383
TACGGTATCTTGCAAG-1,IgD-ve Memory,0.03836545
TACTCATAGAAACGCC-1,ASC 2,0.8125126
TACTCATAGACCTTTG-1,IgD+ve Memory,0.17879638
TACTCATAGAGTAATC-1,IgD+ve Memory,0.054236263
TACTCATAGCGTAGTG-1,NAIVE 1,0.0478986
TACTCATAGGATGGAA-1,IgD-ve Memory,0.023044193
TACTCATAGTACACCT-1,IgD-ve Memory,0.044895668
TACTCATAGTACGCCC-1,IgD-ve Memory,0.031815503
TACTCATAGTCCGGTC-1,IgD-ve Memory,0.042022295
TACTCATAGTTAAGTG-1,NAIVE 2,0.15244392
TACTCATCAATGGAAT-1,IgD-ve Memory,0.02694101
TACTCATCACAGACAG-1,Transitional,0.122113965
TACTCATCACAGATTC-1,NAIVE 2,0.065924704
TACTCATCACCTGGTG-1,NAIVE 2,0.03171316
TACTCATCAGGGAGAG-1,NAIVE 1,0.0755919
TACTCATCATACTCTT-1,IgD-ve Memory,0.054754436
TACTCATCATAGTAAG-1,NAIVE 1,0.034828708
TACTCATCATATGGTC-1,HSP+,0.07388268
TACTCATCATCTATGG-1,NAIVE 1,0.03700361
TACTCATGTAGCGTGA-1,ASC 2,0.61317486
TACTCATGTCTAAAGA-1,ASC 2,0.74075043
TACTCATGTCTCAACA-1,ASC 2,0.64387196
TACTCATGTGTAACGG-1,IgD+ve Memory,0.06281756
TACTCATTCAAAGACA-1,IgD-ve Memory,0.051251497
TACTCATTCACCGTAA-1,ASC 2,0.81599474
TACTCATTCAGATAAG-1,IgD+ve Memory,0.033082664
TACTCATTCCAAACTG-1,IgD-ve Memory,0.05967756
TACTCATTCCAGAAGG-1,ASC 2,0.8216843
TACTCATTCCAGATCA-1,IgD-ve Memory,0.017427985
TACTCATTCCGAACGC-1,NAIVE 2,0.022853864
TACTCATTCCGCAGTG-1,NAIVE 2,0.055229954
TACTCATTCGAGGTAG-1,ASC 3,0.6930644
TACTCATTCGGCCGAT-1,IgD+ve Memory,0.08712718
TACTCATTCTTGTATC-1,IgD+ve Memory,0.044276074
TACTCGCAGAGAACAG-1,IgD-ve Memory,0.013712006
TACTCGCAGATAGGAG-1,IgD-ve Memory,0.05631244
TACTCGCAGTTTAGGA-1,IgD+ve Memory,0.051219653
TACTCGCCATGCGCAC-1,IgD-ve Memory,0.04270669
TACTCGCCATGGTAGG-1,IgD+ve Memory,0.06254755
TACTCGCGTACCGCTG-1,ASC 2,0.95692337
TACTCGCGTATAAACG-1,IgD+ve Memory,0.031853717
TACTCGCGTCGAGTTT-1,ASC 2,0.7468266
TACTCGCGTCTCCACT-1,IgD+ve Memory,0.056883674
TACTCGCGTGAAAGAG-1,IgD+ve Memory,0.073157944
TACTCGCGTGCGAAAC-1,IgD-ve Memory,0.06330663
TACTCGCGTGGACGAT-1,NAIVE 1,0.03003955
TACTCGCGTGTGCGTC-1,IgD-ve Memory,0.049083434
TACTCGCGTTACGGAG-1,NAIVE 1,0.05218285
TACTCGCGTTCATGGT-1,IgD-ve Memory,0.051261142
TACTCGCGTTCTGAAC-1,DN2,0.051450077
TACTCGCGTTGAACTC-1,NAIVE 2,0.085447624
TACTCGCTCAGTCCCT-1,IgD-ve Memory,0.041266814
TACTCGCTCATCTGTT-1,IgD-ve Memory,0.039251894
TACTCGCTCCCATTTA-1,IgD-ve Memory,0.06035999
TACTCGCTCCTTTCGG-1,IgD-ve Memory,0.036872406
TACTCGCTCGTCCAGG-1,IgD-ve Memory,0.02662233
TACTCGCTCTACTTAC-1,IgD-ve Memory,0.14809148
TACTCGCTCTGCGTAA-1,DN2,0.07054401
TACTCGCTCTGTTGAG-1,NAIVE 1,0.06927665
TACTCGCTCTTGAGGT-1,IgD+ve Memory,0.062696725
TACTTACAGAAGGACA-1,IgD+ve Memory,0.05096421
TACTTACAGCCAGTAG-1,Cell-Cycling,0.57116187
TACTTACAGGACAGAA-1,IgD+ve Memory,0.043152604
TACTTACAGGCGACAT-1,IgD+ve Memory,0.034087934
TACTTACAGGGATCTG-1,NAIVE 1,0.045266528
TACTTACAGGTGACCA-1,Cell-Cycling,0.32626092
TACTTACAGTGAATTG-1,Transitional,0.11775096
TACTTACCAAGACACG-1,IgD-ve Memory,0.025467578
TACTTACCACGAAACG-1,NAIVE 1,0.06933908
TACTTACCACGCATCG-1,IgD+ve Memory,0.040307038
TACTTACCAGCTTAAC-1,NAIVE 2,0.028010547
TACTTACCATCGGACC-1,NAIVE 1,0.06737626
TACTTACCATTGTGCA-1,IgD-ve Memory,0.034428593
TACTTACGTAGAGTGC-1,IgD-ve Memory,0.042225026
TACTTACGTGAGTATA-1,Cell-Cycling,0.45909834
TACTTACGTGGTGTAG-1,HSP+,0.038921606
TACTTACGTTACCGAT-1,NAIVE 1,0.046818003
TACTTACGTTGCCTCT-1,ASC 2,0.7431692
TACTTACGTTTGTTTC-1,IgD+ve Memory,0.09003161
TACTTACTCACAATGC-1,NAIVE 1,0.049499936
TACTTACTCACATACG-1,NAIVE 1,0.04784053
TACTTACTCACCTCGT-1,IgD-ve Memory,0.046239696
TACTTACTCCAAATGC-1,IgD+ve Memory,0.030215828
TACTTACTCGGTGTTA-1,IgD+ve Memory,0.03502184
TACTTACTCTCCTATA-1,IgD-ve Memory,0.05323423
TACTTGTAGAGCCCAA-1,IgD-ve Memory,0.02492117
TACTTGTAGATATACG-1,IgD+ve Memory,0.062243283
TACTTGTAGATGCGAC-1,IgD-ve Memory,0.04134002
TACTTGTAGCCACTAT-1,Early-Activation,0.035737563
TACTTGTAGCCTCGTG-1,IgD+ve Memory,0.06476592
TACTTGTAGCTGTCTA-1,DN2,0.17872253
TACTTGTAGGCCCTCA-1,IgD-ve Memory,0.021391459
TACTTGTAGGGCTCTC-1,IgD-ve Memory,0.022282926
TACTTGTAGTGCCATT-1,IgD+ve Memory,0.034750145
TACTTGTCAAGAAAGG-1,ASC 2,0.9530644
TACTTGTCAGCCTTTC-1,IgD+ve Memory,0.058682732
TACTTGTCAGCGTCCA-1,Transitional,0.11446983
TACTTGTCAGCTGTGC-1,NAIVE 1,0.0570846
TACTTGTGTAAGAGGA-1,NAIVE 2,0.019107115
TACTTGTGTACTTAGC-1,Early-Activation,0.06943115
TACTTGTGTAGGCTGA-1,NAIVE 1,0.064448684
TACTTGTGTGTTGGGA-1,ASC 1,0.6244659
TACTTGTGTTAAGATG-1,IgD+ve Memory,0.093854874
TACTTGTGTTCAACCA-1,IgD+ve Memory,0.03241305
TACTTGTTCAATAAGG-1,IgD+ve Memory,0.06920177
TACTTGTTCAGGCCCA-1,NAIVE 1,0.039406303
TACTTGTTCAGTTGAC-1,HSP+,0.04176803
TACTTGTTCCCAACGG-1,DN2,0.043805223
TACTTGTTCGGTGTTA-1,NAIVE 1,0.08707079
TAGACCAAGAAGATTC-1,NAIVE 1,0.039495923
TAGACCAAGACGCACA-1,DN2,0.07891877
TAGACCAAGAGAACAG-1,IgD-ve Memory,0.048472114
TAGACCAAGATACACA-1,IgD+ve Memory,0.03493072
TAGACCAAGATGGGTC-1,NAIVE 2,0.02951875
TAGACCAAGATTACCC-1,DN2,0.1785058
TAGACCAAGCGTAGTG-1,Transitional,0.11504647
TAGACCAAGGAGTACC-1,IgD+ve Memory,0.01862646
TAGACCAAGTAGTGCG-1,NAIVE 1,0.05741571
TAGACCACAACACGCC-1,IgD-ve Memory,0.013096278
TAGACCACAAGCGTAG-1,IgD+ve Memory,0.062937334
TAGACCACAAGGACAC-1,ASC 2,0.59841305
TAGACCACAAGTTAAG-1,IgD-ve Memory,0.049643733
TAGACCACAATCACAC-1,ASC 2,0.8082369
TAGACCACACGTCTCT-1,NAIVE 1,0.04086176
TAGACCACACGTTGGC-1,IgD-ve Memory,0.06797741
TAGACCACAGATCTGT-1,IgD-ve Memory,0.061698496
TAGACCACAGGAATGC-1,ASC 2,0.79660124
TAGACCACATTAGCCA-1,IgD+ve Memory,0.034290154
TAGACCAGTAAAGTCA-1,NAIVE 2,0.046875305
TAGACCAGTAGCGTGA-1,DN2,0.20927675
TAGACCAGTCAACATC-1,IgD-ve Memory,0.063368976
TAGACCAGTCCGTGAC-1,IgD-ve Memory,0.025183378
TAGACCAGTCGACTGC-1,HSP+,0.10091754
TAGACCAGTCGCGTGT-1,IgD+ve Memory,0.040092245
TAGACCAGTCTAGAGG-1,ASC 2,0.83021814
TAGACCAGTGAACCTT-1,IgD-ve Memory,0.05529151
TAGACCAGTTCACCTC-1,IgD-ve Memory,0.04825777
TAGACCAGTTCTGTTT-1,ASC 3,0.8377263
TAGACCATCAACTCTT-1,IgD+ve Memory,0.03285582
TAGACCATCCTTGCCA-1,ASC 1,0.7392713
TAGACCATCTCGTATT-1,NAIVE 1,0.045553442
TAGAGCTAGAAACGCC-1,IgD-ve Memory,0.055670973
TAGAGCTAGATCCGAG-1,IgD-ve Memory,0.04021734
TAGAGCTAGCCAGAAC-1,NAIVE 2,0.041115206
TAGAGCTAGGATATAC-1,NAIVE 1,0.0331477
TAGAGCTAGGCGACAT-1,DN2,0.13763744
TAGAGCTAGGTGGGTT-1,IgD+ve Memory,0.036816455
TAGAGCTAGTCCATAC-1,ASC 2,0.9022048
TAGAGCTAGTGTCCAT-1,IgD+ve Memory,0.025909873
TAGAGCTAGTTTGCGT-1,IgD-ve Memory,0.057820696
TAGAGCTCACATCTTT-1,DN2,0.20221289
TAGAGCTCAGATCCAT-1,IgD+ve Memory,0.054579828
TAGAGCTCATCAGTCA-1,IgD-ve Memory,0.04763688
TAGAGCTCATGAGCGA-1,NAIVE 1,0.028508723
TAGAGCTGTCAATACC-1,NAIVE 2,0.100348696
TAGAGCTGTCACAAGG-1,ASC 2,0.7549114
TAGAGCTGTCAGCTAT-1,IgD+ve Memory,0.04665275
TAGAGCTGTCCGCTGA-1,IgD-ve Memory,0.04073507
TAGAGCTGTCCTAGCG-1,NAIVE 1,0.049586236
TAGAGCTGTCTCACCT-1,IgD+ve Memory,0.023363356
TAGAGCTGTCTTGTCC-1,ASC 2,0.78106976
TAGAGCTGTGCTCTTC-1,IgD+ve Memory,0.025556352
TAGAGCTGTTACCGAT-1,ASC 3,0.8199318
TAGAGCTTCCAGAAGG-1,Early-Activation,0.041259788
TAGAGCTTCCTTGACC-1,NAIVE 1,0.045796163
TAGAGCTTCGCAAGCC-1,IgD-ve Memory,0.03484502
TAGAGCTTCGGCTTGG-1,NAIVE 2,0.017708346
TAGAGCTTCTCGGACG-1,IgD-ve Memory,0.017682126
TAGAGCTTCTCTTGAT-1,IgD-ve Memory,0.035696212
TAGAGCTTCTGGTATG-1,ASC 2,0.72886866
TAGCCGGAGAATGTTG-1,IgD+ve Memory,0.03453683
TAGCCGGAGAGCTGCA-1,NAIVE 2,0.02865822
TAGCCGGAGATCGGGT-1,IgD-ve Memory,0.02782189
TAGCCGGAGCCATCGC-1,NAIVE 2,0.043289512
TAGCCGGAGTTTAGGA-1,IgD-ve Memory,0.03354101
TAGCCGGCACTCAGGC-1,Early-Activation,0.031232229
TAGCCGGCAGCTGCAC-1,NAIVE 2,0.029424464
TAGCCGGCAGGTCCAC-1,NAIVE 2,0.034668967
TAGCCGGCATCCGTGG-1,IgD+ve Memory,0.053789496
TAGCCGGCATCGGAAG-1,NAIVE 1,0.06763178
TAGCCGGCATCGGTTA-1,IgD-ve Memory,0.038338624
TAGCCGGCATGCAATC-1,NAIVE 1,0.0485834
TAGCCGGCATTCTCAT-1,NAIVE 1,0.0672936
TAGCCGGCATTGGGCC-1,HSP+,0.05344631
TAGCCGGGTAAAGGAG-1,Transitional,0.10253347
TAGCCGGGTACAGTTC-1,NAIVE 2,0.0064260517
TAGCCGGGTATATCCG-1,NAIVE 1,0.03862481
TAGCCGGGTCGGGTCT-1,IgD-ve Memory,0.014533706
TAGCCGGGTCTAACGT-1,IgD-ve Memory,0.05012394
TAGCCGGGTGGGTCAA-1,IgD-ve Memory,0.106191166
TAGCCGGGTTATGTGC-1,NAIVE 1,0.040557083
TAGCCGGGTTTGGGCC-1,NAIVE 1,0.038564388
TAGCCGGTCCACTCCA-1,ASC 2,0.66885734
TAGCCGGTCCGCAGTG-1,IgD+ve Memory,0.03357713
TAGCCGGTCCTGCTTG-1,IgD-ve Memory,0.04532494
TAGCCGGTCCTTCAAT-1,NAIVE 2,0.04160616
TAGCCGGTCTCCAACC-1,IgD+ve Memory,0.032905944
TAGCCGGTCTTGTTTG-1,IgD+ve Memory,0.025016673
TAGGCATAGCCAGAAC-1,IgD-ve Memory,0.031551853
TAGGCATAGCTAGTGG-1,Cell-Cycling,0.27775148
TAGGCATAGTCCGTAT-1,NAIVE 2,0.059120707
TAGGCATCAACGATCT-1,NAIVE 2,0.027338332
TAGGCATCAAGCCTAT-1,IgD-ve Memory,0.0140250465
TAGGCATCAATAGCAA-1,NAIVE 2,0.036134023
TAGGCATCACACTGCG-1,NAIVE 2,0.035157066
TAGGCATCAGATAATG-1,NAIVE 1,0.07269578
TAGGCATCAGGAACGT-1,IgD-ve Memory,0.03276006
TAGGCATGTAAACCTC-1,NAIVE 2,0.015045169
TAGGCATGTAGTGAAT-1,IgD+ve Memory,0.04103409
TAGGCATGTATCACCA-1,NAIVE 1,0.045665886
TAGGCATGTATTCGTG-1,NAIVE 1,0.055338085
TAGGCATGTCCAGTGC-1,Early-Activation,0.056121994
TAGGCATGTGCACTTA-1,IgD-ve Memory,0.034435626
TAGGCATGTGTAATGA-1,Cell-Cycling,0.57603574
TAGGCATTCAAACCAC-1,ASC 2,0.5650031
TAGGCATTCAAGCCTA-1,DN2,0.14427796
TAGGCATTCACGCGGT-1,NAIVE 2,0.024652775
TAGGCATTCCGCATCT-1,IgD-ve Memory,0.040684577
TAGGCATTCCTTTCTC-1,NAIVE 2,0.018203756
TAGGCATTCGCAGGCT-1,IgD+ve Memory,0.05530487
TAGGCATTCGTAGATC-1,IgD+ve Memory,0.027965039
TAGGCATTCTCCCTGA-1,NAIVE 1,0.065367796
TAGTGGTAGAAGCCCA-1,Early-Activation,0.0544055
TAGTGGTAGAAGGACA-1,DN2,0.17368393
TAGTGGTAGAATGTGT-1,IgD-ve Memory,0.031688765
TAGTGGTAGACTAGGC-1,IgD-ve Memory,0.042867046
TAGTGGTAGCTCTCGG-1,Early-Activation,0.034569953
TAGTGGTAGTGACATA-1,ASC 1,0.603288
TAGTGGTCAATGACCT-1,NAIVE 2,0.067105375
TAGTGGTCACATGACT-1,IgD-ve Memory,0.019190777
TAGTGGTCACGTCAGC-1,NAIVE 2,0.02480285
TAGTGGTCACTTGGAT-1,DN2,0.16505198
TAGTGGTGTAAGTTCC-1,NAIVE 1,0.05102134
TAGTGGTGTACCCAAT-1,IgD+ve Memory,0.037507314
TAGTGGTGTATAGGGC-1,ASC 2,0.75188166
TAGTGGTGTGCATCTA-1,Cell-Cycling,0.2472428
TAGTGGTGTTACGACT-1,NAIVE 2,0.02903131
TAGTGGTGTTACGTCA-1,NAIVE 2,0.08406641
TAGTGGTTCATTTGGG-1,NAIVE 1,0.0440005
TAGTGGTTCGCGATCG-1,IgD-ve Memory,0.030798677
TAGTGGTTCGGTGTCG-1,DN2,0.19617194
TAGTGGTTCTGTTTGT-1,NAIVE 1,0.0395075
TAGTTGGAGAAGATTC-1,DN2,0.1824017
TAGTTGGAGACCTTTG-1,IgD+ve Memory,0.044136442
TAGTTGGAGACGCAAC-1,IgD-ve Memory,0.062094226
TAGTTGGAGATAGCAT-1,ASC 2,0.8935586
TAGTTGGAGCCGGTAA-1,DN2,0.07085758
TAGTTGGAGCTAAGAT-1,IgD-ve Memory,0.010409302
TAGTTGGAGGCTACGA-1,IgD+ve Memory,0.041707404
TAGTTGGAGTCATCCA-1,NAIVE 1,0.04399374
TAGTTGGAGTGTGGCA-1,NAIVE 1,0.06881816
TAGTTGGAGTGTTGAA-1,NAIVE 1,0.06780435
TAGTTGGCAACCGCCA-1,IgD-ve Memory,0.05453558
TAGTTGGCAAGTCATC-1,IgD-ve Memory,0.035872456
TAGTTGGCAATGGTCT-1,IgD-ve Memory,0.067079104
TAGTTGGCACGAAAGC-1,ASC 2,0.7285933
TAGTTGGCAGCTGTGC-1,IgD+ve Memory,0.03505855
TAGTTGGCAGTAACGG-1,IgD-ve Memory,0.041297346
TAGTTGGCATGCAACT-1,NAIVE 1,0.057854906
TAGTTGGCATGTAAGA-1,IgD-ve Memory,0.05397548
TAGTTGGGTAAGGGAA-1,IgD+ve Memory,0.04869509
TAGTTGGGTAGCAAAT-1,NAIVE 1,0.055825114
TAGTTGGGTCATCCCT-1,IgD-ve Memory,0.024986219
TAGTTGGGTCCGAGTC-1,IgD-ve Memory,0.022826329
TAGTTGGGTCTTGTCC-1,IgD+ve Memory,0.03661048
TAGTTGGGTGCAACGA-1,NAIVE 2,0.05077472
TAGTTGGGTTGAGTTC-1,Cell-Cycling,0.08535996
TAGTTGGTCCCGGATG-1,IgD+ve Memory,0.03261066
TAGTTGGTCCGAGCCA-1,IgD-ve Memory,0.03251737
TAGTTGGTCGGTCTAA-1,NAIVE 2,0.03400567
TATCAGGAGAATGTTG-1,ASC 2,0.8298361
TATCAGGAGACAGAGA-1,NAIVE 1,0.038701486
TATCAGGAGAGGTTGC-1,NAIVE 2,0.034913056
TATCAGGAGATATGGT-1,NAIVE 1,0.029268453
TATCAGGAGATCCTGT-1,IgD+ve Memory,0.06987982
TATCAGGAGCACACAG-1,Transitional,0.1286641
TATCAGGAGCGATCCC-1,IgD+ve Memory,0.050240863
TATCAGGAGCGCTCCA-1,NAIVE 2,0.04476994
TATCAGGAGCGTGAAC-1,NAIVE 1,0.043863468
TATCAGGAGCTAGCCC-1,IgD+ve Memory,0.027044198
TATCAGGAGGCAATTA-1,ASC 2,0.6813694
TATCAGGAGGCAGGTT-1,IgD+ve Memory,0.05142878
TATCAGGCAAGCGCTC-1,ASC 1,0.80444187
TATCAGGCAATGAAAC-1,ASC 1,0.669674
TATCAGGCACAACGTT-1,NAIVE 2,0.025486093
TATCAGGCACAGACAG-1,IgD+ve Memory,0.05103679
TATCAGGCATTCGACA-1,NAIVE 2,0.018661227
TATCAGGGTAAGTAGT-1,NAIVE 1,0.08055474
TATCAGGGTAAGTTCC-1,Early-Activation,0.047291953
TATCAGGGTACATCCA-1,IgD+ve Memory,0.037184034
TATCAGGGTAGCGCAA-1,IgD+ve Memory,0.035452448
TATCAGGGTCCGTGAC-1,DN2,0.027240943
TATCAGGGTCTGCAAT-1,NAIVE 2,0.01503213
TATCAGGGTGCAGTAG-1,IgD+ve Memory,0.053397812
TATCAGGGTGCCTGCA-1,NAIVE 1,0.07070463
TATCAGGGTTATCCGA-1,DN2,0.18072529
TATCAGGGTTCCAACA-1,IgD-ve Memory,0.03652582
TATCAGGGTTCCACTC-1,NAIVE 2,0.04493927
TATCAGGGTTCCGGCA-1,NAIVE 2,0.07583534
TATCAGGGTTCGCTAA-1,IgD+ve Memory,0.028273147
TATCAGGGTTGCTCCT-1,NAIVE 1,0.02449429
TATCAGGTCACGACTA-1,IgD+ve Memory,0.034299467
TATCAGGTCCACTCCA-1,Cell-Cycling,0.73937136
TATCAGGTCGATCCCT-1,IgD+ve Memory,0.054332424
TATCAGGTCGCATGGC-1,HSP+,0.041849263
TATCAGGTCGGCCGAT-1,HSP+,0.057341516
TATCAGGTCTCGAGTA-1,IgD-ve Memory,0.027343575
TATCAGGTCTTCAACT-1,NAIVE 2,0.043997906
TATCTCAAGACGACGT-1,Transitional,0.113404214
TATCTCAAGAGTGACC-1,NAIVE 1,0.043580465
TATCTCAAGCCATCGC-1,ASC 1,0.77129245
TATCTCAAGGGTGTTG-1,Early-Activation,0.032934885
TATCTCAAGTCATCCA-1,HSP+,0.04204025
TATCTCAAGTTGAGTA-1,IgD-ve Memory,0.06016849
TATCTCACACCGAAAG-1,NAIVE 1,0.036082983
TATCTCACACCGATAT-1,DN2,0.17584394
TATCTCACACGGCCAT-1,NAIVE 2,0.011468908
TATCTCACACGTGAGA-1,HSP+,0.19440646
TATCTCACAGACGTAG-1,IgD+ve Memory,0.034273766
TATCTCACAGCTCGAC-1,IgD-ve Memory,0.065083064
TATCTCACATGCCTTC-1,IgD+ve Memory,0.043184232
TATCTCAGTAGCGTGA-1,IgD+ve Memory,0.045909446
TATCTCAGTATATCCG-1,ASC 2,0.66116047
TATCTCAGTCCGAATT-1,NAIVE 2,0.055552326
TATCTCAGTCCGAGTC-1,NAIVE 1,0.06955174
TATCTCAGTGAGCGAT-1,NAIVE 2,0.055957057
TATCTCAGTGATAAGT-1,IgD-ve Memory,0.029542094
TATCTCATCATAACCG-1,IgD+ve Memory,0.06501362
TATCTCATCCACGAAT-1,IgD+ve Memory,0.041595887
TATCTCATCCATGAAC-1,ASC 1,0.5432515
TATCTCATCCTCCTAG-1,IgD+ve Memory,0.031437483
TATCTCATCGACCAGC-1,Cell-Cycling,0.7109106
TATCTCATCGCCATAA-1,IgD-ve Memory,0.032999013
TATCTCATCGCTGATA-1,ASC 2,0.7087009
TATCTCATCTACGAGT-1,NAIVE 1,0.023156421
TATCTCATCTGGTGTA-1,Cell-Cycling,0.18256713
TATCTCATCTTGCATT-1,NAIVE 2,0.03585488
TATGCCCAGAATTCCC-1,IgD-ve Memory,0.04044257
TATGCCCAGACTGGGT-1,ASC 2,0.9081043
TATGCCCAGCAAATCA-1,IgD+ve Memory,0.03491987
TATGCCCAGGAGTTGC-1,NAIVE 2,0.031895474
TATGCCCAGTTGAGTA-1,ASC 2,0.92723536
TATGCCCCAAGAAGAG-1,IgD+ve Memory,0.040366072
TATGCCCCACGGTAGA-1,ASC 2,0.81940603
TATGCCCCACTTACGA-1,IgD-ve Memory,0.049250517
TATGCCCCAGTTCCCT-1,IgD+ve Memory,0.035924036
TATGCCCCATTCTTAC-1,IgD-ve Memory,0.066646904
TATGCCCGTAATTGGA-1,NAIVE 1,0.037882958
TATGCCCGTACGACCC-1,ASC 2,0.72363305
TATGCCCGTAGCTGCC-1,IgD-ve Memory,0.04672416
TATGCCCGTAGGGTAC-1,ASC 2,0.8267068
TATGCCCGTATAATGG-1,Cell-Cycling,0.2985921
TATGCCCGTCATCGGC-1,ASC 2,0.7812801
TATGCCCGTCGTTGTA-1,IgD-ve Memory,0.03211649
TATGCCCGTGCAACTT-1,NAIVE 1,0.051693827
TATGCCCGTGGCTCCA-1,IgD+ve Memory,0.090138204
TATGCCCGTGGTCCGT-1,IgD-ve Memory,0.046490114
TATGCCCGTTACCAGT-1,IgD-ve Memory,0.03660296
TATGCCCTCAACCATG-1,ASC 2,0.8948454
TATGCCCTCAACGGGA-1,NAIVE 2,0.033421945
TATGCCCTCACGCATA-1,IgD+ve Memory,0.05569211
TATGCCCTCGGCTACG-1,IgD+ve Memory,0.03485648
TATGCCCTCGTTACGA-1,IgD+ve Memory,0.040431105
TATGCCCTCTCTAGGA-1,NAIVE 2,0.030135404
TATGCCCTCTGTCAAG-1,IgD-ve Memory,0.03495386
TATGCCCTCTTCATGT-1,NAIVE 2,0.010234575
TATTACCAGAAACCAT-1,IgD+ve Memory,0.035118226
TATTACCAGAATTGTG-1,NAIVE 2,0.04285992
TATTACCAGATAGCAT-1,HSP+,0.08819233
TATTACCAGATCCGAG-1,IgD+ve Memory,0.056981474
TATTACCAGCCCGAAA-1,ASC 1,0.76234317
TATTACCAGGTAAACT-1,ASC 3,0.8254083
TATTACCAGTACCGGA-1,IgD+ve Memory,0.055871665
TATTACCAGTGAAGTT-1,NAIVE 2,0.11381442
TATTACCAGTGACTCT-1,IgD+ve Memory,0.050152272
TATTACCCAACGCACC-1,NAIVE 2,0.024057435
TATTACCCAAGGTGTG-1,NAIVE 2,0.0063027297
TATTACCCAATGGTCT-1,NAIVE 1,0.025393195
TATTACCCATGTAAGA-1,IgD+ve Memory,0.04941764
TATTACCCATTGCGGC-1,IgD-ve Memory,0.06859517
TATTACCGTAGCCTCG-1,NAIVE 2,0.02190601
TATTACCGTCCAGTAT-1,NAIVE 1,0.038853414
TATTACCGTCTAGCCG-1,DN2,0.20436308
TATTACCGTGCTGTAT-1,NAIVE 2,0.034965992
TATTACCGTGGGTATG-1,NAIVE 2,0.064421244
TATTACCGTTCAGCGC-1,ASC 2,0.727011
TATTACCGTTCCGTCT-1,NAIVE 2,0.013757681
TATTACCTCAAACCAC-1,Early-Activation,0.06337824
TATTACCTCAATACCG-1,IgD+ve Memory,0.05801636
TATTACCTCACCAGGC-1,NAIVE 1,0.073778324
TATTACCTCACTCCTG-1,NAIVE 2,0.030660056
TATTACCTCAGTTTGG-1,ASC 2,0.7097086
TATTACCTCCTAGTGA-1,IgD+ve Memory,0.014369633
TATTACCTCGGAGCAA-1,IgD+ve Memory,0.028484097
TATTACCTCGTCACGG-1,HSP+,0.02599533
TATTACCTCTAAGCCA-1,NAIVE 1,0.06281626
TCAACGAAGAAGAAGC-1,NAIVE 2,0.07161522
TCAACGAAGCGGCTTC-1,ASC 3,0.8453442
TCAACGAAGGAATGGA-1,IgD-ve Memory,0.045156367
TCAACGAAGGACAGAA-1,ASC 3,0.80684596
TCAACGAAGGTGTTAA-1,IgD+ve Memory,0.061459318
TCAACGAAGTCGTACT-1,IgD-ve Memory,0.030050658
TCAACGACAAACGCGA-1,IgD-ve Memory,0.07589182
TCAACGACAACTGCTA-1,NAIVE 1,0.030674905
TCAACGACACGGCGTT-1,IgD-ve Memory,0.037761707
TCAACGACACTTGGAT-1,NAIVE 2,0.0075367745
TCAACGACAGGGTTAG-1,IgD+ve Memory,0.026036248
TCAACGACATCAGTAC-1,IgD+ve Memory,0.045922395
TCAACGACATTGTGCA-1,ASC 3,0.78524935
TCAACGAGTAAAGTCA-1,NAIVE 1,0.07341287
TCAACGAGTCCAAGTT-1,IgD-ve Memory,0.09519234
TCAACGAGTGCGGTAA-1,DN2,0.12077879
TCAACGATCCGTACAA-1,IgD-ve Memory,0.038925193
TCAACGATCGCGCCAA-1,NAIVE 1,0.03607321
TCAACGATCGGAATCT-1,HSP+,0.044855654
TCAACGATCGGTCTAA-1,IgD-ve Memory,0.031161264
TCAACGATCGTGGACC-1,IgD+ve Memory,0.06048274
TCAACGATCTTGTACT-1,IgD+ve Memory,0.036621433
TCAATCTAGAATCTCC-1,IgD-ve Memory,0.062117375
TCAATCTAGAGGGCTT-1,IgD-ve Memory,0.030903734
TCAATCTAGCGTAGTG-1,NAIVE 1,0.0410329
TCAATCTAGTACGTAA-1,IgD+ve Memory,0.03161628
TCAATCTAGTCGCCGT-1,NAIVE 2,0.014856284
TCAATCTAGTTCGCGC-1,IgD+ve Memory,0.04008897
TCAATCTCAACGATGG-1,HSP+,0.040875405
TCAATCTCACAAGTAA-1,HSP+,0.1013838
TCAATCTCACCCTATC-1,ASC 3,0.85023093
TCAATCTCAGATCGGA-1,Cell-Cycling,0.33225784
TCAATCTCAGTCACTA-1,NAIVE 1,0.038571253
TCAATCTCATTCGACA-1,IgD+ve Memory,0.022691123
TCAATCTCATTGGTAC-1,DN2,0.094044164
TCAATCTGTAAACCTC-1,IgD-ve Memory,0.034100585
TCAATCTGTAAGTGGC-1,DN2,0.12117647
TCAATCTGTAGGGTAC-1,IgD-ve Memory,0.047081333
TCAATCTGTCATACTG-1,HSP+,0.038242955
TCAATCTGTCCCTACT-1,NAIVE 2,0.040111706
TCAATCTGTCGCCATG-1,DN2,0.22869648
TCAATCTGTCTAGGTT-1,IgD+ve Memory,0.07733198
TCAATCTGTTAAGGGC-1,IgD+ve Memory,0.037105873
TCAATCTTCAACACCA-1,ASC 2,0.8476381
TCAATCTTCACTTCAT-1,IgD+ve Memory,0.057951964
TCAATCTTCAGAAATG-1,IgD+ve Memory,0.038109317
TCAATCTTCCAGTATG-1,IgD-ve Memory,0.043391947
TCAATCTTCCGTTGTC-1,IgD-ve Memory,0.037511136
TCAATCTTCCTTAATC-1,IgD+ve Memory,0.063518874
TCAATCTTCTCTAAGG-1,NAIVE 1,0.05712851
TCAATCTTCTTGACGA-1,NAIVE 1,0.07154631
TCACAAGAGAGGGCTT-1,IgD+ve Memory,0.03846111
TCACAAGAGGTGGGTT-1,ASC 2,0.8157312
TCACAAGAGTTGAGTA-1,Cell-Cycling,0.327636
TCACAAGCAAACAACA-1,HSP+,0.10734433
TCACAAGCAATCAGAA-1,Transitional,0.12518854
TCACAAGCACAGCGTC-1,IgD-ve Memory,0.04437181
TCACAAGCACGAAAGC-1,ASC 2,0.73767114
TCACAAGCACGGATAG-1,IgD-ve Memory,0.02544199
TCACAAGCAGTTAACC-1,Transitional,0.12101379
TCACAAGCATCATCCC-1,IgD-ve Memory,0.035476334
TCACAAGCATGTCGAT-1,NAIVE 1,0.082550034
TCACAAGCATTCTTAC-1,NAIVE 1,0.030302126
TCACAAGCATTGGTAC-1,IgD+ve Memory,0.031508606
TCACAAGCATTTGCCC-1,Transitional,0.106482655
TCACAAGGTACTCTCC-1,NAIVE 2,0.02654738
TCACAAGGTAGAGTGC-1,DN2,0.15866598
TCACAAGGTCACCTAA-1,ASC 2,0.775808
TCACAAGGTCGCATAT-1,IgD-ve Memory,0.044433627
TCACAAGGTGCTTCTC-1,IgD+ve Memory,0.059771497
TCACAAGGTTCGAATC-1,Cell-Cycling,0.3541346
TCACAAGGTTGTGGAG-1,NAIVE 2,0.04259133
TCACAAGTCAAACCAC-1,IgD+ve Memory,0.038014382
TCACAAGTCAAACCGT-1,IgD-ve Memory,0.030754667
TCACAAGTCAGCGATT-1,IgD+ve Memory,0.06609878
TCACAAGTCCAGATCA-1,HSP+,0.031114632
TCACAAGTCCTCAACC-1,DN2,0.14970195
TCACAAGTCTCGCTTG-1,NAIVE 1,0.100789085
TCACGAAAGAAACGAG-1,NAIVE 2,0.020674884
TCACGAAAGACAATAC-1,IgD+ve Memory,0.046816416
TCACGAAAGCTGCAAG-1,Cell-Cycling,0.11915909
TCACGAAAGCTTATCG-1,NAIVE 1,0.065598205
TCACGAAAGGCTAGGT-1,NAIVE 1,0.04737989
TCACGAAAGGGTCTCC-1,ASC 1,0.7400391
TCACGAAAGTGGGATC-1,NAIVE 2,0.048973836
TCACGAACAAGCGATG-1,IgD+ve Memory,0.060274318
TCACGAACAAGTCATC-1,NAIVE 1,0.03152102
TCACGAACACAGAGGT-1,IgD-ve Memory,0.044971004
TCACGAACACCAGTTA-1,IgD+ve Memory,0.05057968
TCACGAACAGGTTTCA-1,NAIVE 2,0.011728613
TCACGAACAGTAACGG-1,IgD-ve Memory,0.046741974
TCACGAACATCAGTAC-1,DN2,0.03616941
TCACGAACATCCCATC-1,ASC 2,0.7360193
TCACGAACATCGATTG-1,NAIVE 1,0.06554577
TCACGAACATGGGAAC-1,IgD-ve Memory,0.06317923
TCACGAACATTGGTAC-1,ASC 2,0.2544493
TCACGAAGTATGGTTC-1,ASC 2,0.689247
TCACGAAGTCGGGTCT-1,ASC 2,0.8832861
TCACGAAGTCTCAACA-1,IgD-ve Memory,0.037321992
TCACGAAGTGGGTATG-1,DN2,0.14972939
TCACGAAGTTAGGGTG-1,IgD-ve Memory,0.030694967
TCACGAATCAAGCCTA-1,IgD+ve Memory,0.04089345
TCACGAATCACTTACT-1,IgD+ve Memory,0.041538626
TCACGAATCATTGCGA-1,HSP+,0.0475774
TCACGAATCCACTCCA-1,IgD+ve Memory,0.0688433
TCACGAATCCGAACGC-1,NAIVE 2,0.010308041
TCACGAATCCTTGACC-1,IgD+ve Memory,0.046826918
TCACGAATCGGATGGA-1,IgD+ve Memory,0.06712968
TCACGAATCTCAACTT-1,NAIVE 1,0.042838734
TCACGAATCTCGCTTG-1,NAIVE 2,0.032009978
TCAGATGAGAAACCTA-1,IgD+ve Memory,0.051069323
TCAGATGAGAGAGCTC-1,ASC 2,0.7288624
TCAGATGAGCTCAACT-1,IgD-ve Memory,0.1398146
TCAGATGAGGTGACCA-1,HSP+,0.1482623
TCAGATGCAATCCGAT-1,ASC 1,0.7241581
TCAGATGCACGTGAGA-1,IgD-ve Memory,0.05205296
TCAGATGCAGCTGTTA-1,IgD-ve Memory,0.049012803
TCAGATGCAGTGACAG-1,NAIVE 2,0.010831497
TCAGATGGTCATATGC-1,NAIVE 1,0.041402463
TCAGATGGTCCTCTTG-1,HSP+,0.03720998
TCAGATGGTGCCTGTG-1,IgD-ve Memory,0.043200042
TCAGATGGTTAAAGTG-1,IgD-ve Memory,0.04009937
TCAGATGTCAATCTCT-1,IgD-ve Memory,0.036704592
TCAGATGTCACCTTAT-1,NAIVE 1,0.03338023
TCAGATGTCCGTAGTA-1,NAIVE 1,0.050245736
TCAGATGTCCGTCAAA-1,NAIVE 2,0.0085880365
TCAGATGTCCTTCAAT-1,NAIVE 1,0.044800837
TCAGATGTCTACCTGC-1,IgD-ve Memory,0.042639047
TCAGATGTCTAGAGTC-1,ASC 2,0.908266
TCAGATGTCTCGATGA-1,NAIVE 2,0.057378173
TCAGCAAAGCATCATC-1,ASC 2,0.778869
TCAGCAAAGCGTAATA-1,Cell-Cycling,0.69848067
TCAGCAAAGCTGGAAC-1,ASC 2,0.8626449
TCAGCAAAGGTGATAT-1,ASC 2,0.7248583
TCAGCAAAGTTGTAGA-1,NAIVE 2,0.029162142
TCAGCAACAAATTGCC-1,IgD+ve Memory,0.04114819
TCAGCAACAATGGATA-1,IgD-ve Memory,0.030954484
TCAGCAACACACTGCG-1,NAIVE 2,0.011779357
TCAGCAACACTAAGTC-1,NAIVE 1,0.16155456
TCAGCAACAGCATACT-1,IgD+ve Memory,0.036574554
TCAGCAACAGCGTTCG-1,Early-Activation,0.045748547
TCAGCAACATAGACTC-1,NAIVE 2,0.07248211
TCAGCAACATCACGAT-1,NAIVE 2,0.023704799
TCAGCAACATGCCACG-1,IgD+ve Memory,0.04832653
TCAGCAACATTACCTT-1,NAIVE 2,0.023860784
TCAGCAAGTAAACCTC-1,IgD-ve Memory,0.06430526
TCAGCAAGTAGATTAG-1,NAIVE 2,0.038204942
TCAGCAAGTCGCATCG-1,NAIVE 2,0.05340231
TCAGCAAGTGAAAGAG-1,IgD-ve Memory,0.0262598
TCAGCAAGTTACCAGT-1,NAIVE 2,0.046866808
TCAGCAAGTTATCACG-1,IgD-ve Memory,0.051784065
TCAGCAATCAACCATG-1,IgD+ve Memory,0.03634309
TCAGCAATCAGCTCGG-1,IgD-ve Memory,0.032421872
TCAGCAATCCGTTGTC-1,ASC 2,0.7865066
TCAGCAATCGCAAGCC-1,ASC 2,0.8451839
TCAGCAATCTAACTGG-1,IgD+ve Memory,0.06474649
TCAGCAATCTCTAAGG-1,IgD-ve Memory,0.026886232
TCAGCAATCTGTCTAT-1,IgD-ve Memory,0.05600606
TCAGCTCAGAATAGGG-1,NAIVE 2,0.007476333
TCAGCTCAGACGCAAC-1,IgD+ve Memory,0.049239445
TCAGCTCAGACTACAA-1,NAIVE 2,0.018622354
TCAGCTCAGAGTAATC-1,DN2,0.11387972
TCAGCTCAGATGGGTC-1,IgD-ve Memory,0.040614218
TCAGCTCAGATGTGTA-1,IgD+ve Memory,0.04604503
TCAGCTCAGATGTTAG-1,IgD+ve Memory,0.043374132
TCAGCTCAGGCAGTCA-1,ASC 2,0.87046236
TCAGCTCAGGCCCTTG-1,IgD-ve Memory,0.037909377
TCAGCTCAGGGATCTG-1,IgD-ve Memory,0.03662672
TCAGCTCAGTACGTTC-1,IgD-ve Memory,0.032128856
TCAGCTCAGTCCCACG-1,IgD-ve Memory,0.03215071
TCAGCTCAGTTCCACA-1,IgD+ve Memory,0.03637247
TCAGCTCCAAACAACA-1,IgD+ve Memory,0.029362429
TCAGCTCCAAATACAG-1,IgD+ve Memory,0.04092396
TCAGCTCCACGACTCG-1,NAIVE 1,0.026081365
TCAGCTCCACTTGGAT-1,IgD+ve Memory,0.07619385
TCAGCTCCATGGGACA-1,Cell-Cycling,0.26939934
TCAGCTCCATGTTCCC-1,IgD-ve Memory,0.035625823
TCAGCTCCATTGTGCA-1,Early-Activation,0.032233853
TCAGCTCGTAATTGGA-1,ASC 2,0.442771
TCAGCTCGTATATGGA-1,IgD+ve Memory,0.041468807
TCAGCTCGTCCGAGTC-1,NAIVE 1,0.044341054
TCAGCTCGTCGACTGC-1,IgD-ve Memory,0.07187742
TCAGCTCTCACATGCA-1,IgD-ve Memory,0.08804734
TCAGCTCTCCGATATG-1,ASC 3,0.8328995
TCAGCTCTCCTTCAAT-1,IgD-ve Memory,0.027711885
TCAGCTCTCGAATGCT-1,HSP+,0.01998842
TCAGCTCTCGTGGTCG-1,DN2,0.06920882
TCAGCTCTCTGCAGTA-1,DN2,0.036415283
TCAGCTCTCTGCTTGC-1,IgD-ve Memory,0.033452787
TCAGGATAGACGCAAC-1,IgD-ve Memory,0.042492386
TCAGGATAGCAGACTG-1,IgD+ve Memory,0.047652647
TCAGGATAGCTACCTA-1,NAIVE 1,0.03403513
TCAGGATAGGACTGGT-1,IgD+ve Memory,0.041037068
TCAGGATAGGCATTGG-1,NAIVE 1,0.0470025
TCAGGATAGTACGCGA-1,IgD-ve Memory,0.047747776
TCAGGATCACACTGCG-1,DN2,0.19801448
TCAGGATCACAGAGGT-1,ASC 2,0.66169477
TCAGGATCAGTGACAG-1,IgD+ve Memory,0.04278495
TCAGGATCATACTACG-1,IgD-ve Memory,0.032510616
TCAGGATCATTGGCGC-1,NAIVE 1,0.05086516
TCAGGATGTACTTAGC-1,IgD+ve Memory,0.059268832
TCAGGATGTATCTGCA-1,ASC 2,0.8507844
TCAGGATGTATGGTTC-1,NAIVE 1,0.064503215
TCAGGATGTCCTCCAT-1,NAIVE 1,0.05457537
TCAGGATGTCCTCTTG-1,ASC 2,0.88862216
TCAGGATGTGGCAAAC-1,DN2,0.2017799
TCAGGATGTTAAGTAG-1,ASC 2,0.7606271
TCAGGATGTTTGCATG-1,NAIVE 2,0.017279452
TCAGGATTCACCTTAT-1,NAIVE 1,0.057115223
TCAGGATTCAGCTCTC-1,DN2,0.22475179
TCAGGATTCGAATGCT-1,IgD+ve Memory,0.040983472
TCAGGATTCGCCAGCA-1,IgD+ve Memory,0.053060308
TCAGGATTCGGCTACG-1,NAIVE 2,0.048549153
TCAGGATTCTCAAACG-1,IgD+ve Memory,0.026967151
TCAGGATTCTGGCGTG-1,IgD+ve Memory,0.051494587
TCAGGATTCTGGTATG-1,IgD+ve Memory,0.030478818
TCAGGTAAGACCGGAT-1,IgD+ve Memory,0.04721345
TCAGGTAAGATAGGAG-1,HSP+,0.1281868
TCAGGTAAGCCACGTC-1,NAIVE 1,0.04869864
TCAGGTAAGCGGATCA-1,IgD-ve Memory,0.06683835
TCAGGTAAGCGTGAGT-1,IgD+ve Memory,0.04062159
TCAGGTAAGCGTTGCC-1,IgD+ve Memory,0.053911693
TCAGGTAAGCTACCGC-1,Transitional,0.11573144
TCAGGTAAGGAGCGTT-1,Cell-Cycling,0.7248722
TCAGGTAAGGCGATAC-1,IgD+ve Memory,0.05228068
TCAGGTAAGTAACCCT-1,IgD-ve Memory,0.04215389
TCAGGTAAGTCACGCC-1,IgD-ve Memory,0.030257136
TCAGGTACAGATGGCA-1,IgD+ve Memory,0.04198567
TCAGGTACATGTCTCC-1,HSP+,0.054130033
TCAGGTACATTACCTT-1,NAIVE 2,0.028037304
TCAGGTAGTCCAAGTT-1,DN2,0.2192969
TCAGGTAGTCGGCATC-1,ASC 3,0.7892828
TCAGGTAGTGCCTGGT-1,NAIVE 1,0.46448076
TCAGGTATCAACACAC-1,IgD+ve Memory,0.05013539
TCAGGTATCAACCAAC-1,NAIVE 1,0.02172698
TCAGGTATCCGCATAA-1,IgD-ve Memory,0.041371923
TCAGGTATCCTCAACC-1,ASC 2,0.7601217
TCAGGTATCTTCGAGA-1,NAIVE 2,0.05618467
TCATTACAGAAACGAG-1,ASC 2,0.77526736
TCATTACAGAATTCCC-1,IgD-ve Memory,0.022817409
TCATTACAGCACACAG-1,NAIVE 2,0.030896211
TCATTACAGCCGTCGT-1,IgD-ve Memory,0.012769065
TCATTACAGCGGCTTC-1,NAIVE 2,0.041528117
TCATTACAGCTGCCCA-1,NAIVE 1,0.035408046
TCATTACAGGGAAACA-1,IgD-ve Memory,0.06010532
TCATTACCAATGCCAT-1,NAIVE 1,0.037662886
TCATTACCAATGGAAT-1,IgD-ve Memory,0.048561204
TCATTACCACTTGGAT-1,NAIVE 1,0.06464493
TCATTACCATACGCTA-1,IgD+ve Memory,0.07288336
TCATTACCATCCCATC-1,IgD-ve Memory,0.03255392
TCATTACCATGTAAGA-1,NAIVE 1,0.060085926
TCATTACGTACTTGAC-1,NAIVE 2,0.03796234
TCATTACGTCGACTGC-1,NAIVE 2,0.008390048
TCATTACGTGCCTTGG-1,NAIVE 1,0.04194486
TCATTACGTTCCCGAG-1,IgD-ve Memory,0.04457256
TCATTACGTTGGAGGT-1,IgD+ve Memory,0.0428515
TCATTACTCAAACCAC-1,IgD-ve Memory,0.03956175
TCATTACTCAGGTAAA-1,IgD-ve Memory,0.04640158
TCATTACTCCAAATGC-1,NAIVE 2,0.0085999975
TCATTACTCCGCGTTT-1,IgD-ve Memory,0.022748394
TCATTACTCGCTGATA-1,IgD+ve Memory,0.059356604
TCATTACTCGGAATCT-1,IgD-ve Memory,0.024631027
TCATTACTCTACCAGA-1,NAIVE 2,0.015915303
TCATTACTCTGATACG-1,NAIVE 1,0.029813567
TCATTACTCTGCGGCA-1,NAIVE 2,0.02216568
TCATTACTCTTTACGT-1,NAIVE 2,0.030455159
TCATTTGAGAAGGCCT-1,ASC 2,0.7425064
TCATTTGAGACAAGCC-1,HSP+,0.05409664
TCATTTGAGACGCAAC-1,IgD+ve Memory,0.059873138
TCATTTGAGGCGCTCT-1,NAIVE 2,0.045975402
TCATTTGAGTACGTAA-1,ASC 2,0.7829936
TCATTTGAGTAGCCGA-1,IgD-ve Memory,0.0265457
TCATTTGCACAACTGT-1,NAIVE 1,0.022103794
TCATTTGCACAGATTC-1,IgD+ve Memory,0.035198987
TCATTTGCACCAGCAC-1,IgD-ve Memory,0.047068715
TCATTTGCAGTCGATT-1,IgD+ve Memory,0.051843714
TCATTTGCAGTTTACG-1,NAIVE 1,0.16152623
TCATTTGCATCGACGC-1,ASC 1,0.79284734
TCATTTGGTAAGTGGC-1,DN2,0.17173658
TCATTTGGTAGGGACT-1,IgD-ve Memory,0.050091032
TCATTTGGTAGGGTAC-1,HSP+,0.049574446
TCATTTGGTCGAGATG-1,NAIVE 2,0.018307341
TCATTTGGTGTTTGGT-1,IgD-ve Memory,0.054210007
TCATTTGGTTCAGGCC-1,NAIVE 2,0.048606053
TCATTTGGTTGCCTCT-1,IgD-ve Memory,0.052248918
TCATTTGTCATACGGT-1,NAIVE 1,0.02680162
TCATTTGTCATCATTC-1,IgD-ve Memory,0.04574672
TCATTTGTCGAATCCA-1,NAIVE 2,0.0428642
TCATTTGTCGAATGCT-1,IgD-ve Memory,0.054683782
TCATTTGTCGCATGAT-1,ASC 2,0.8882018
TCATTTGTCGTATCAG-1,IgD-ve Memory,0.040143017
TCCACACAGAGCCCAA-1,ASC 2,0.8331425
TCCACACAGATACACA-1,ASC 2,0.87052894
TCCACACAGCATCATC-1,NAIVE 1,0.045397248
TCCACACAGCTAAACA-1,NAIVE 1,0.054706912
TCCACACAGCTAGGCA-1,ASC 2,0.6713734
TCCACACAGCTAGTCT-1,IgD-ve Memory,0.041681465
TCCACACAGCTCCTCT-1,Early-Activation,0.04023405
TCCACACAGGAGTAGA-1,ASC 2,0.5838931
TCCACACAGGATATAC-1,ASC 2,0.6556993
TCCACACAGTACACCT-1,IgD+ve Memory,0.050600912
TCCACACAGTGGCACA-1,IgD+ve Memory,0.07323283
TCCACACCAAGGGTCA-1,IgD+ve Memory,0.0727707
TCCACACCACCCTATC-1,ASC 3,0.8091422
TCCACACCAGCTGTAT-1,ASC 2,0.7950721
TCCACACCAGGAATCG-1,ASC 2,0.72241783
TCCACACCAGGCTGAA-1,NAIVE 2,0.113843784
TCCACACCAGGGTATG-1,ASC 2,0.8260255
TCCACACCAGTTAACC-1,DN2,0.20242338
TCCACACCATCACGTA-1,NAIVE 2,0.02546287
TCCACACCATTGCGGC-1,IgD-ve Memory,0.043744624
TCCACACGTAGCGTCC-1,IgD-ve Memory,0.03366787
TCCACACTCACAGGCC-1,IgD+ve Memory,0.045518275
TCCACACTCACCTCGT-1,NAIVE 2,0.010631542
TCCACACTCAGCGACC-1,Early-Activation,0.056272462
TCCACACTCATGTGGT-1,Transitional,0.11588546
TCCACACTCCGTCAAA-1,IgD-ve Memory,0.022961231
TCCACACTCCTGCCAT-1,IgD+ve Memory,0.05570375
TCCACACTCGACCAGC-1,NAIVE 2,0.028816784
TCCACACTCGGATGGA-1,IgD-ve Memory,0.060203098
TCCACACTCGTCTGAA-1,NAIVE 1,0.06408434
TCCACACTCTAACGGT-1,IgD+ve Memory,0.057383064
TCCCGATAGAAAGTGG-1,IgD+ve Memory,0.047333382
TCCCGATAGGCGACAT-1,IgD-ve Memory,0.053650025
TCCCGATAGTCGTTTG-1,HSP+,0.040498022
TCCCGATAGTGTGGCA-1,IgD+ve Memory,0.040791936
TCCCGATAGTTCGCGC-1,NAIVE 2,0.058260616
TCCCGATCAACCGCCA-1,IgD-ve Memory,0.11987749
TCCCGATCACAGATTC-1,NAIVE 1,0.04714342
TCCCGATCACGAGGTA-1,NAIVE 2,0.045099456
TCCCGATCACGGCGTT-1,NAIVE 2,0.029423425
TCCCGATCACTTAAGC-1,IgD+ve Memory,0.03392196
TCCCGATCAGCCACCA-1,HSP+,0.029820926
TCCCGATGTAAGTGGC-1,Cell-Cycling,0.33434775
TCCCGATGTACAAGTA-1,NAIVE 2,0.011705995
TCCCGATGTACCTACA-1,IgD+ve Memory,0.056514077
TCCCGATGTCTAGGTT-1,IgD+ve Memory,0.04550608
TCCCGATGTCTTCTCG-1,IgD-ve Memory,0.013230014
TCCCGATGTTCCTCCA-1,Cell-Cycling,0.6543883
TCCCGATGTTGTGGCC-1,DN2,0.14939886
TCCCGATTCAAACGGG-1,IgD-ve Memory,0.052820917
TCCCGATTCACTTCAT-1,IgD-ve Memory,0.073297955
TCCCGATTCCTTGCCA-1,IgD+ve Memory,0.037267067
TCCCGATTCGTCCGTT-1,NAIVE 2,0.035702102
TCCCGATTCGTCTGCT-1,IgD+ve Memory,0.045193635
TCGAGGCAGACTTTCG-1,ASC 2,0.7168101
TCGAGGCAGCCCAACC-1,IgD-ve Memory,0.029720536
TCGAGGCAGCTCAACT-1,NAIVE 1,0.057717677
TCGAGGCAGGATGGAA-1,NAIVE 2,0.013020433
TCGAGGCAGGGATACC-1,DN2,0.18863595
TCGAGGCAGTGCAAGC-1,NAIVE 2,0.013734994
TCGAGGCAGTGGTAAT-1,IgD-ve Memory,0.1053214
TCGAGGCCACTTCGAA-1,IgD-ve Memory,0.04236975
TCGAGGCCAGGATTGG-1,IgD-ve Memory,0.048376143
TCGAGGCCAGTCAGAG-1,DN2,0.22242181
TCGAGGCCATGACATC-1,ASC 2,0.808072
TCGAGGCCATGCAATC-1,IgD+ve Memory,0.04906602
TCGAGGCCATTTGCTT-1,IgD+ve Memory,0.05096524
TCGAGGCGTCAGAAGC-1,NAIVE 2,0.0077586286
TCGAGGCGTCCAGTAT-1,ASC 2,0.7253968
TCGAGGCGTCCGACGT-1,IgD-ve Memory,0.022661332
TCGAGGCGTGAGTATA-1,IgD-ve Memory,0.035290707
TCGAGGCGTGTTCTTT-1,Early-Activation,0.03144881
TCGAGGCTCATGTCTT-1,ASC 2,0.8754737
TCGAGGCTCCAAACAC-1,IgD-ve Memory,0.068135634
TCGAGGCTCCGTCATC-1,IgD+ve Memory,0.08073361
TCGAGGCTCGCAAGCC-1,IgD-ve Memory,0.051339295
TCGAGGCTCGTACGGC-1,IgD-ve Memory,0.057406817
TCGAGGCTCGTTTATC-1,ASC 2,0.67532384
TCGAGGCTCTACTCAT-1,IgD-ve Memory,0.051254597
TCGAGGCTCTGACCTC-1,Cell-Cycling,0.62727463
TCGAGGCTCTGAGTGT-1,Early-Activation,0.050899312
TCGCGAGAGAAGATTC-1,IgD+ve Memory,0.055881362
TCGCGAGAGAGGACGG-1,IgD-ve Memory,0.033355515
TCGCGAGAGAGGTACC-1,IgD-ve Memory,0.026383271
TCGCGAGAGAGTACAT-1,IgD+ve Memory,0.038110197
TCGCGAGAGATCGATA-1,IgD-ve Memory,0.05585992
TCGCGAGAGCAGCCTC-1,IgD-ve Memory,0.029319126
TCGCGAGAGCTGGAAC-1,IgD-ve Memory,0.062421463
TCGCGAGAGGCTCTTA-1,IgD-ve Memory,0.035338454
TCGCGAGAGGTGCACA-1,ASC 2,0.8663169
TCGCGAGAGGTTACCT-1,IgD+ve Memory,0.03590915
TCGCGAGAGTGTACGG-1,NAIVE 1,0.027201414
TCGCGAGCAAGACACG-1,IgD-ve Memory,0.05586329
TCGCGAGCAAGGCTCC-1,IgD+ve Memory,0.03498667
TCGCGAGCAATCACAC-1,ASC 2,0.6553547
TCGCGAGCAATGAAAC-1,NAIVE 1,0.036560096
TCGCGAGCACATTAGC-1,ASC 1,0.80357194
TCGCGAGCAGGTGCCT-1,NAIVE 1,0.06289884
TCGCGAGCATCCGCGA-1,IgD-ve Memory,0.043301083
TCGCGAGCATTCTCAT-1,IgD-ve Memory,0.0569863
TCGCGAGGTACCGGCT-1,IgD+ve Memory,0.053214557
TCGCGAGGTCCATGAT-1,ASC 2,0.7068496
TCGCGAGGTCGTCTTC-1,NAIVE 2,0.016951885
TCGCGAGGTTATGTGC-1,NAIVE 1,0.05788974
TCGCGAGTCATCACCC-1,NAIVE 1,0.03489134
TCGCGAGTCCGAACGC-1,IgD+ve Memory,0.026155863
TCGCGAGTCCGGCACA-1,IgD+ve Memory,0.033853944
TCGCGAGTCGGCGCTA-1,IgD+ve Memory,0.03754108
TCGCGAGTCTCTAGGA-1,ASC 1,0.75675344
TCGCGTTAGGTTACCT-1,HSP+,0.03747423
TCGCGTTAGTACACCT-1,NAIVE 2,0.01667643
TCGCGTTCAAGACACG-1,ASC 3,0.84410894
TCGCGTTCAAGCGCTC-1,ASC 2,0.78933346
TCGCGTTCAGCCTTGG-1,IgD+ve Memory,0.04717648
TCGCGTTCATAGGATA-1,IgD+ve Memory,0.035974264
TCGCGTTCATCCGTGG-1,IgD-ve Memory,0.027690133
TCGCGTTCATCGATTG-1,IgD-ve Memory,0.02744936
TCGCGTTCATTCACTT-1,IgD-ve Memory,0.027339436
TCGCGTTGTAAACCTC-1,HSP+,0.034486014
TCGCGTTGTCCAACTA-1,IgD-ve Memory,0.044577345
TCGCGTTGTCCGTTAA-1,IgD-ve Memory,0.027921578
TCGCGTTGTCGAGATG-1,IgD-ve Memory,0.019393621
TCGCGTTGTCTCTCTG-1,IgD-ve Memory,0.060702004
TCGCGTTGTGACGCCT-1,IgD+ve Memory,0.05158015
TCGCGTTGTTCGCGAC-1,IgD+ve Memory,0.040363517
TCGCGTTTCCACGTTC-1,IgD+ve Memory,0.056595642
TCGCGTTTCCGTACAA-1,IgD-ve Memory,0.021534346
TCGCGTTTCGTAGGTT-1,Cell-Cycling,0.68187535
TCGCGTTTCGTCACGG-1,NAIVE 1,0.029694835
TCGCGTTTCGTTTATC-1,ASC 2,0.747683
TCGCGTTTCTACTATC-1,IgD+ve Memory,0.042029496
TCGGGACAGCTGCAAG-1,DN2,0.06351241
TCGGGACAGGCATGGT-1,Early-Activation,0.06335883
TCGGGACAGTACGCGA-1,IgD+ve Memory,0.03772862
TCGGGACAGTATCGAA-1,IgD+ve Memory,0.027148105
TCGGGACAGTCAAGGC-1,IgD+ve Memory,0.025509855
TCGGGACCAACGATGG-1,HSP+,0.03699066
TCGGGACCAAGTTAAG-1,IgD-ve Memory,0.02583929
TCGGGACCACAACGTT-1,Cell-Cycling,0.54527855
TCGGGACCAGCTGCTG-1,NAIVE 1,0.03986775
TCGGGACCATGCCTTC-1,NAIVE 1,0.027428377
TCGGGACGTACGAAAT-1,NAIVE 2,0.06654512
TCGGGACGTCCCGACA-1,IgD+ve Memory,0.06944772
TCGGGACGTCCGAGTC-1,DN2,0.19649291
TCGGGACGTGGTAACG-1,IgD-ve Memory,0.02629977
TCGGGACGTGTTGGGA-1,IgD+ve Memory,0.05833811
TCGGGACGTTAAGATG-1,NAIVE 1,0.013203874
TCGGGACGTTGTTTGG-1,IgD-ve Memory,0.041449204
TCGGGACTCAAAGACA-1,IgD-ve Memory,0.030695548
TCGGGACTCATCGATG-1,IgD+ve Memory,0.058745228
TCGGGACTCCTCAACC-1,IgD+ve Memory,0.06569732
TCGGGACTCGAACTGT-1,Cell-Cycling,0.37344727
TCGGGACTCGGTCCGA-1,IgD+ve Memory,0.030935513
TCGGGACTCTCGATGA-1,IgD+ve Memory,0.041350447
TCGGGACTCTGCGGCA-1,NAIVE 1,0.05992978
TCGGGACTCTGGAGCC-1,Transitional,0.1206597
TCGGGACTCTTCAACT-1,NAIVE 2,0.017602218
TCGGGACTCTTGAGAC-1,IgD+ve Memory,0.025261067
TCGGGACTCTTTCCTC-1,IgD+ve Memory,0.038551245
TCGGTAAAGAACAATC-1,IgD-ve Memory,0.08904596
TCGGTAAAGCAGGTCA-1,IgD+ve Memory,0.043795425
TCGGTAAAGCGAAGGG-1,NAIVE 1,0.011926572
TCGGTAAAGCTAGTCT-1,NAIVE 1,0.066333435
TCGGTAAAGGACAGCT-1,NAIVE 2,0.083242536
TCGGTAAAGGTAGCTG-1,NAIVE 1,0.065066114
TCGGTAAAGTTAAGTG-1,NAIVE 1,0.05471114
TCGGTAAAGTTTGCGT-1,ASC 3,0.7981467
TCGGTAACAAACTGCT-1,IgD+ve Memory,0.034364708
TCGGTAACACCGTTGG-1,IgD-ve Memory,0.104625344
TCGGTAACACGAGGTA-1,HSP+,0.16735686
TCGGTAACACGCGAAA-1,IgD-ve Memory,0.032384098
TCGGTAACACTTACGA-1,DN2,0.20088184
TCGGTAACATAGGATA-1,IgD+ve Memory,0.03416656
TCGGTAACATGTAAGA-1,NAIVE 2,0.022731273
TCGGTAACATGTCCTC-1,NAIVE 2,0.05163407
TCGGTAACATTGCGGC-1,IgD-ve Memory,0.06401954
TCGGTAAGTAGGACAC-1,IgD-ve Memory,0.03832154
TCGGTAAGTAGGAGTC-1,NAIVE 1,0.06638839
TCGGTAAGTCTAAAGA-1,NAIVE 1,0.026747141
TCGGTAAGTGGCAAAC-1,NAIVE 1,0.028078524
TCGGTAAGTGGCGAAT-1,DN2,0.07583376
TCGGTAAGTGGTTTCA-1,NAIVE 1,0.049533788
TCGGTAAGTTCAGACT-1,DN2,0.21234505
TCGGTAATCAGCTGGC-1,IgD-ve Memory,0.06470462
TCGGTAATCCCTGACT-1,IgD-ve Memory,0.024290187
TCGGTAATCGTTTGCC-1,IgD+ve Memory,0.033786334
TCGGTAATCTCCAGGG-1,IgD-ve Memory,0.033075057
TCGGTAATCTCCTATA-1,ASC 2,0.81668293
TCGGTAATCTGTACGA-1,HSP+,0.029187718
TCGGTAATCTGTCTAT-1,IgD+ve Memory,0.055806354
TCGGTAATCTGTTTGT-1,IgD+ve Memory,0.0255512
TCGGTAATCTTGTCAT-1,Cell-Cycling,0.104431234
TCGTACCAGAAACCAT-1,NAIVE 2,0.039387137
TCGTACCAGAGACTAT-1,IgD-ve Memory,0.035814356
TCGTACCAGATATGGT-1,DN2,0.026020726
TCGTACCAGATGTAAC-1,NAIVE 2,0.048653718
TCGTACCAGCAGGCTA-1,IgD-ve Memory,0.077829145
TCGTACCAGCCGTCGT-1,IgD-ve Memory,0.028536914
TCGTACCAGTCTTGCA-1,IgD-ve Memory,0.04570264
TCGTACCAGTGGAGAA-1,IgD+ve Memory,0.057444602
TCGTACCAGTTAAGTG-1,IgD+ve Memory,0.058719505
TCGTACCCAATAGCGG-1,HSP+,0.10809024
TCGTACCCACATCTTT-1,IgD-ve Memory,0.018361049
TCGTACCCACGACTCG-1,ASC 2,0.7974277
TCGTACCCACTGCCAG-1,ASC 3,0.85163707
TCGTACCCAGATGGCA-1,HSP+,0.03209133
TCGTACCCAGCAGTTT-1,NAIVE 2,0.016952733
TCGTACCCATTACCTT-1,IgD+ve Memory,0.026695672
TCGTACCCATTTGCTT-1,HSP+,0.042626254
TCGTACCGTAAAGGAG-1,NAIVE 2,0.062627144
TCGTACCGTACGCACC-1,IgD-ve Memory,0.056742504
TCGTACCGTACTCAAC-1,NAIVE 1,0.059395358
TCGTACCGTAGCTTGT-1,ASC 2,0.7656998
TCGTACCGTCAAAGCG-1,IgD-ve Memory,0.040724635
TCGTACCGTCACCTAA-1,IgD+ve Memory,0.065538906
TCGTACCGTCATGCAT-1,Early-Activation,0.0561964
TCGTACCGTCTGCGGT-1,IgD+ve Memory,0.03762051
TCGTACCGTCTTCAAG-1,IgD-ve Memory,0.039974734
TCGTACCGTCTTGCGG-1,NAIVE 2,0.05269605
TCGTACCGTGAGGCTA-1,IgD-ve Memory,0.011279473
TCGTACCGTGTCAATC-1,IgD+ve Memory,0.07811167
TCGTACCGTTCAGACT-1,NAIVE 2,0.031166878
TCGTACCTCAACACAC-1,IgD-ve Memory,0.0444059
TCGTACCTCACGATGT-1,IgD-ve Memory,0.02866335
TCGTACCTCATACGGT-1,IgD-ve Memory,0.051632285
TCGTACCTCCTACAGA-1,IgD-ve Memory,0.042145703
TCGTACCTCGTAGGTT-1,NAIVE 2,0.106734
TCGTACCTCGTTTGCC-1,ASC 3,0.81803566
TCGTACCTCTGCGGCA-1,IgD+ve Memory,0.043033402
TCGTACCTCTTGTACT-1,NAIVE 1,0.060746405
TCGTAGAAGAACTGTA-1,IgD-ve Memory,0.027574176
TCGTAGAAGATAGGAG-1,NAIVE 2,0.18337733
TCGTAGAAGCAATCTC-1,ASC 2,0.5311719
TCGTAGAAGCGCCTCA-1,ASC 2,0.8351794
TCGTAGAAGGATATAC-1,IgD+ve Memory,0.046078082
TCGTAGAAGGGATCTG-1,DN2,0.15924534
TCGTAGAAGGGTCGAT-1,NAIVE 1,0.033533074
TCGTAGAAGTCGCCGT-1,ASC 2,0.73677045
TCGTAGAAGTGAACGC-1,Transitional,0.120687425
TCGTAGAAGTGGGATC-1,ASC 2,0.81571716
TCGTAGACAGCCTTTC-1,ASC 2,0.6973169
TCGTAGACAGTCAGCC-1,IgD-ve Memory,0.033968262
TCGTAGACATCCGCGA-1,IgD-ve Memory,0.029013941
TCGTAGACATGGGAAC-1,IgD+ve Memory,0.050760936
TCGTAGAGTACCTACA-1,ASC 2,0.8285707
TCGTAGAGTCAGGACA-1,IgD-ve Memory,0.02958268
TCGTAGAGTCGTGGCT-1,Early-Activation,0.043129817
TCGTAGAGTGCATCTA-1,ASC 2,0.75541735
TCGTAGAGTGGTCCGT-1,IgD-ve Memory,0.061866686
TCGTAGAGTGTCCTCT-1,IgD-ve Memory,0.028231226
TCGTAGAGTTCCACAA-1,NAIVE 1,0.036782995
TCGTAGAGTTCGCGAC-1,IgD-ve Memory,0.036093947
TCGTAGATCAATACCG-1,ASC 1,0.84107083
TCGTAGATCACCTTAT-1,NAIVE 2,0.05632303
TCGTAGATCCGATATG-1,IgD-ve Memory,0.025039528
TCGTAGATCCTTCAAT-1,ASC 3,0.8098711
TCGTAGATCGGATGGA-1,IgD-ve Memory,0.046814397
TCGTAGATCGGCCGAT-1,ASC 2,0.9375406
TCGTAGATCGGGAGTA-1,DN2,0.1141638
TCGTAGATCTGCAGTA-1,HSP+,0.11996733
TCTATTGAGCCCAGCT-1,NAIVE 1,0.040719505
TCTATTGAGCTTATCG-1,IgD-ve Memory,0.019772472
TCTATTGAGGATTCGG-1,IgD-ve Memory,0.034996253
TCTATTGAGTACGACG-1,IgD+ve Memory,0.063516386
TCTATTGAGTCCATAC-1,IgD-ve Memory,0.07081567
TCTATTGAGTGTACGG-1,ASC 2,0.7556739
TCTATTGCAATACGCT-1,ASC 2,0.8103308
TCTATTGCACAACGCC-1,NAIVE 1,0.049867384
TCTATTGCACTGTCGG-1,IgD-ve Memory,0.037682004
TCTATTGCACTTAACG-1,ASC 2,0.6716434
TCTATTGCAGACAAAT-1,IgD+ve Memory,0.04216338
TCTATTGCATATACGC-1,NAIVE 2,0.1382047
TCTATTGGTAACGCGA-1,NAIVE 1,0.04789434
TCTATTGGTACCGAGA-1,IgD+ve Memory,0.04928308
TCTATTGGTATGCTTG-1,IgD+ve Memory,0.043940116
TCTATTGGTCCAAGTT-1,NAIVE 2,0.032330576
TCTATTGGTCGGATCC-1,Early-Activation,0.045976143
TCTATTGGTTCCACGG-1,NAIVE 2,0.019141851
TCTATTGGTTCCACTC-1,ASC 2,0.81354165
TCTATTGGTTCCTCCA-1,ASC 2,0.7243034
TCTATTGGTTGGTAAA-1,NAIVE 2,0.02448956
TCTATTGTCACGGTTA-1,Early-Activation,0.04359699
TCTATTGTCGCATGGC-1,IgD-ve Memory,0.036619484
TCTATTGTCGTTACAG-1,IgD-ve Memory,0.03666517
TCTATTGTCTAACGGT-1,ASC 1,0.42877078
TCTATTGTCTTCCTTC-1,HSP+,0.05828116
TCTCATAAGCACCGTC-1,Early-Activation,0.030124897
TCTCATAAGCGATAGC-1,IgD-ve Memory,0.031576682
TCTCATAAGCGGATCA-1,ASC 2,0.67056966
TCTCATAAGGAGTACC-1,IgD+ve Memory,0.049330626
TCTCATAAGGCTCTTA-1,ASC 2,0.77447695
TCTCATAAGTGAAGTT-1,IgD+ve Memory,0.030335335
TCTCATACAAAGGCGT-1,ASC 3,0.83947927
TCTCATACAAGGACAC-1,NAIVE 1,0.026585313
TCTCATACAGGGAGAG-1,ASC 3,0.7820515
TCTCATACAGTCAGAG-1,IgD+ve Memory,0.041347355
TCTCATACATGCAACT-1,IgD+ve Memory,0.02384266
TCTCATACATTAGCCA-1,IgD+ve Memory,0.052872065
TCTCATAGTAGCTCCG-1,IgD-ve Memory,0.051968694
TCTCATAGTCCAGTTA-1,IgD+ve Memory,0.04036038
TCTCATAGTCTTCGTC-1,IgD-ve Memory,0.041161932
TCTCATAGTGTGAAAT-1,IgD-ve Memory,0.04790708
TCTCATAGTTAAGATG-1,IgD-ve Memory,0.028400963
TCTCATAGTTGAGGTG-1,ASC 3,0.72255707
TCTCATAGTTGTACAC-1,NAIVE 1,0.0434034
TCTCATAGTTGTGGCC-1,IgD-ve Memory,0.019350925
TCTCATATCAATACCG-1,IgD-ve Memory,0.030112311
TCTCATATCCAATGGT-1,IgD+ve Memory,0.03745397
TCTCATATCCCTCTTT-1,NAIVE 2,0.012367878
TCTCATATCTGCAAGT-1,HSP+,0.037284475
TCTCTAAAGAAACCAT-1,ASC 2,0.81185263
TCTCTAAAGACACGAC-1,IgD+ve Memory,0.062444337
TCTCTAAAGACCTAGG-1,IgD-ve Memory,0.033912998
TCTCTAAAGATCTGAA-1,IgD+ve Memory,0.04295698
TCTCTAAAGCCACGCT-1,IgD-ve Memory,0.026709309
TCTCTAAAGCCCAACC-1,Cell-Cycling,0.30981755
TCTCTAAAGGCAAAGA-1,NAIVE 1,0.06297732
TCTCTAAAGGTGATTA-1,IgD-ve Memory,0.05322843
TCTCTAACAAACCCAT-1,IgD-ve Memory,0.04096706
TCTCTAACAAAGCGGT-1,IgD-ve Memory,0.04392718
TCTCTAACAAATACAG-1,ASC 2,0.81653965
TCTCTAACAAGGTTTC-1,NAIVE 2,0.044568762
TCTCTAACAATAGAGT-1,IgD-ve Memory,0.045629404
TCTCTAACAATCTGCA-1,NAIVE 1,0.03471988
TCTCTAACAGGTTTCA-1,HSP+,0.02806848
TCTCTAACATTCGACA-1,IgD-ve Memory,0.048043806
TCTCTAAGTAAGAGAG-1,IgD-ve Memory,0.03171665
TCTCTAAGTAGAGCTG-1,IgD-ve Memory,0.04220005
TCTCTAAGTAGAGTGC-1,IgD+ve Memory,0.041554775
TCTCTAAGTGTCTGAT-1,NAIVE 1,0.043326527
TCTCTAAGTTTGACTG-1,IgD+ve Memory,0.06821215
TCTCTAATCAAGATCC-1,NAIVE 2,0.04724437
TCTCTAATCAATAAGG-1,NAIVE 1,0.06759842
TCTCTAATCATAAAGG-1,NAIVE 2,0.022171484
TCTCTAATCGAACGGA-1,IgD-ve Memory,0.04921886
TCTCTAATCGTCACGG-1,IgD+ve Memory,0.05165991
TCTCTAATCTTCTGGC-1,HSP+,0.034411352
TCTGAGAAGAAGAAGC-1,IgD+ve Memory,0.042285938
TCTGAGAAGAGTACAT-1,IgD-ve Memory,0.024868319
TCTGAGAAGCCCAACC-1,NAIVE 2,0.05746557
TCTGAGAAGGACATTA-1,IgD+ve Memory,0.0416528
TCTGAGAAGTATGACA-1,IgD-ve Memory,0.05155977
TCTGAGAAGTGACTCT-1,DN2,0.20149934
TCTGAGAAGTGTCCCG-1,NAIVE 1,0.028990928
TCTGAGAAGTTAAGTG-1,NAIVE 1,0.043927148
TCTGAGAAGTTCGCGC-1,IgD+ve Memory,0.053297162
TCTGAGACAACGCACC-1,IgD-ve Memory,0.0407698
TCTGAGACAAGGTGTG-1,IgD+ve Memory,0.053324107
TCTGAGACAAGGTTTC-1,ASC 2,0.79139465
TCTGAGACAATCTACG-1,Cell-Cycling,0.40745616
TCTGAGACAATGGTCT-1,NAIVE 2,0.049814116
TCTGAGACACGAAACG-1,ASC 3,0.81550217
TCTGAGACACGAAATA-1,NAIVE 2,0.044379763
TCTGAGACAGATGGGT-1,IgD-ve Memory,0.036167085
TCTGAGACAGGATCGA-1,DN2,0.20241041
TCTGAGACAGTATAAG-1,IgD-ve Memory,0.0660471
TCTGAGACATGCCACG-1,DN2,0.1737014
TCTGAGAGTAAAGGAG-1,NAIVE 1,0.021611042
TCTGAGAGTACAGCAG-1,IgD-ve Memory,0.05910104
TCTGAGAGTATGCTTG-1,NAIVE 1,0.052423045
TCTGAGAGTGAACCTT-1,IgD-ve Memory,0.01968635
TCTGAGATCAAAGTAG-1,IgD-ve Memory,0.03021718
TCTGAGATCAATCACG-1,IgD-ve Memory,0.04193398
TCTGAGATCACAATGC-1,ASC 2,0.596265
TCTGAGATCACAGGCC-1,IgD+ve Memory,0.041811153
TCTGAGATCACCCGAG-1,ASC 3,0.88076866
TCTGAGATCACTTACT-1,IgD-ve Memory,0.13685326
TCTGAGATCATTATCC-1,DN2,0.2101836
TCTGAGATCCAAATGC-1,NAIVE 2,0.018343734
TCTGAGATCCACGCAG-1,NAIVE 2,0.011493246
TCTGAGATCCACGTGG-1,HSP+,0.08101022
TCTGAGATCGTGTAGT-1,NAIVE 2,0.04697998
TCTGAGATCTGAGTGT-1,NAIVE 2,0.055227183
TCTGAGATCTTGTATC-1,NAIVE 2,0.043627564
TCTGGAAAGACAGGCT-1,ASC 2,0.23066649
TCTGGAAAGAGTAAGG-1,DN2,0.15939999
TCTGGAAAGATCCCGC-1,ASC 2,0.78046536
TCTGGAAAGCCAGTTT-1,ASC 3,0.8357572
TCTGGAAAGCCCAGCT-1,NAIVE 1,0.04757994
TCTGGAAAGCTAAACA-1,ASC 1,0.8225888
TCTGGAAAGCTCCCAG-1,Cell-Cycling,0.39592984
TCTGGAAAGGCATGTG-1,NAIVE 2,0.010904439
TCTGGAAAGGTGCTAG-1,NAIVE 1,0.05062765
TCTGGAAAGTACGATA-1,Early-Activation,0.05539301
TCTGGAAAGTGCGTGA-1,ASC 1,0.7705442
TCTGGAACAACCGCCA-1,IgD+ve Memory,0.048986282
TCTGGAACAAGCCATT-1,NAIVE 2,0.030491274
TCTGGAACAAGTCTAC-1,NAIVE 1,0.036532834
TCTGGAACAATAGCAA-1,IgD+ve Memory,0.031957116
TCTGGAACAATGACCT-1,HSP+,0.043657392
TCTGGAACACGACTCG-1,IgD-ve Memory,0.061394162
TCTGGAACACTAAGTC-1,IgD-ve Memory,0.02279733
TCTGGAACAGCTGGCT-1,IgD+ve Memory,0.053663407
TCTGGAACATCAGTAC-1,IgD-ve Memory,0.028350456
TCTGGAACATTACGAC-1,Early-Activation,0.052121542
TCTGGAAGTAAACGCG-1,NAIVE 2,0.030612944
TCTGGAAGTCAAAGCG-1,IgD-ve Memory,0.03158731
TCTGGAAGTGACCAAG-1,ASC 2,0.82858735
TCTGGAAGTTAAGGGC-1,IgD+ve Memory,0.025264198
TCTGGAATCAACCATG-1,IgD+ve Memory,0.04055555
TCTGGAATCAGGCGAA-1,IgD-ve Memory,0.059041657
TCTGGAATCCGCAGTG-1,NAIVE 1,0.06256915
TCTGGAATCGACAGCC-1,ASC 2,0.83824337
TCTGGAATCGATAGAA-1,NAIVE 1,0.04666622
TCTGGAATCGTCCGTT-1,NAIVE 2,0.0059837396
TCTGGAATCTATCGCC-1,NAIVE 2,0.016101219
TCTGGAATCTCTAGGA-1,IgD+ve Memory,0.051727686
TCTGGAATCTGTCCGT-1,ASC 2,0.74054706
TCTGGAATCTTGCAAG-1,NAIVE 1,0.07550007
TCTTCGGAGACAATAC-1,IgD+ve Memory,0.04037235
TCTTCGGAGACAGGCT-1,IgD+ve Memory,0.06588807
TCTTCGGAGACTCGGA-1,ASC 2,0.72829556
TCTTCGGAGCTAGTGG-1,IgD-ve Memory,0.062070794
TCTTCGGAGGCCCTCA-1,IgD-ve Memory,0.06438216
TCTTCGGAGTGTGGCA-1,NAIVE 1,0.022816626
TCTTCGGCAATCAGAA-1,ASC 2,0.7816763
TCTTCGGCACCTGGTG-1,Transitional,0.11037787
TCTTCGGCACTGTTAG-1,IgD+ve Memory,0.05194554
TCTTCGGCATTTGCCC-1,HSP+,0.12729546
TCTTCGGGTAGCTGCC-1,IgD-ve Memory,0.035616558
TCTTCGGGTAGGAGTC-1,IgD-ve Memory,0.02862354
TCTTCGGGTATTAGCC-1,IgD+ve Memory,0.052234877
TCTTCGGGTCCAGTAT-1,IgD+ve Memory,0.04563097
TCTTCGGGTGGTGTAG-1,IgD+ve Memory,0.06872406
TCTTCGGGTGTTGGGA-1,IgD-ve Memory,0.018050011
TCTTCGGGTTCACGGC-1,NAIVE 1,0.16270322
TCTTCGGGTTGCTCCT-1,NAIVE 2,0.040959027
TCTTCGGGTTTGACTG-1,IgD-ve Memory,0.02279683
TCTTCGGTCACAGGCC-1,ASC 2,0.8098917
TCTTCGGTCAGTGCAT-1,NAIVE 1,0.022862421
TCTTCGGTCGGAAACG-1,DN2,0.1835655
TCTTCGGTCGTAGATC-1,IgD+ve Memory,0.061203968
TCTTCGGTCGTGACAT-1,NAIVE 2,0.018345404
TCTTCGGTCTCCAACC-1,NAIVE 2,0.021582197
TCTTTCCAGAGATGAG-1,ASC 2,0.796823
TCTTTCCAGCACACAG-1,IgD-ve Memory,0.042679146
TCTTTCCAGGCCATAG-1,NAIVE 1,0.03150719
TCTTTCCCAAGAAAGG-1,NAIVE 1,0.05730241
TCTTTCCCAAGTCTAC-1,DN2,0.22554529
TCTTTCCCACGAAAGC-1,NAIVE 2,0.015640832
TCTTTCCCAGATGGCA-1,ASC 2,0.66968405
TCTTTCCCAGCCTATA-1,IgD-ve Memory,0.03426495
TCTTTCCCATCTGGTA-1,IgD-ve Memory,0.03024075
TCTTTCCCATTACCTT-1,NAIVE 1,0.04975251
TCTTTCCGTAAATGAC-1,IgD-ve Memory,0.0441976
TCTTTCCGTACCGGCT-1,DN2,0.20388772
TCTTTCCGTAGAGTGC-1,IgD-ve Memory,0.05111741
TCTTTCCGTATATGGA-1,IgD+ve Memory,0.033358533
TCTTTCCGTCTAACGT-1,IgD-ve Memory,0.037081655
TCTTTCCGTCTTCTCG-1,ASC 2,0.8605472
TCTTTCCGTTACGTCA-1,Transitional,0.12645736
TCTTTCCGTTCACGGC-1,NAIVE 1,0.056040123
TCTTTCCTCACTTCAT-1,DN2,0.10969807
TCTTTCCTCATCTGCC-1,HSP+,0.028661381
TCTTTCCTCCGCATCT-1,ASC 2,0.83679736
TCTTTCCTCGCAAGCC-1,IgD-ve Memory,0.02922305
TCTTTCCTCTTACCTA-1,IgD-ve Memory,0.040037278
TGAAAGAAGAATGTTG-1,IgD+ve Memory,0.04873651
TGAAAGAAGACCACGA-1,NAIVE 1,0.057315484
TGAAAGAAGAGTAATC-1,ASC 2,0.8157416
TGAAAGAAGAGTCGGT-1,IgD-ve Memory,0.024064785
TGAAAGAAGAGTTGGC-1,NAIVE 2,0.029245097
TGAAAGAAGCTGCCCA-1,IgD+ve Memory,0.050030872
TGAAAGAAGGAACTGC-1,ASC 2,0.83376324
TGAAAGAAGGATTCGG-1,ASC 2,0.6810712
TGAAAGAAGGTGCTTT-1,IgD-ve Memory,0.055150833
TGAAAGACAAACGCGA-1,NAIVE 1,0.063721515
TGAAAGACAAAGGCGT-1,ASC 2,0.9101616
TGAAAGACAAGGCTCC-1,ASC 2,0.82306087
TGAAAGACAATCTACG-1,IgD+ve Memory,0.030574242
TGAAAGACAGCTGTGC-1,IgD+ve Memory,0.068872884
TGAAAGACATACCATG-1,IgD-ve Memory,0.054484293
TGAAAGACATGACGGA-1,IgD-ve Memory,0.03389248
TGAAAGAGTAAATACG-1,Early-Activation,0.038227778
TGAAAGAGTCAGATAA-1,Cell-Cycling,0.20223834
TGAAAGAGTCGCATCG-1,IgD-ve Memory,0.049602028
TGAAAGAGTGCGATAG-1,IgD-ve Memory,0.023984797
TGAAAGAGTTCACGGC-1,NAIVE 2,0.04245773
TGAAAGAGTTCTGAAC-1,IgD+ve Memory,0.074958585
TGAAAGATCAATCTCT-1,IgD+ve Memory,0.04528502
TGAAAGATCAGCAACT-1,Early-Activation,0.03794447
TGAAAGATCCAAGTAC-1,IgD-ve Memory,0.040799394
TGAAAGATCTCGTATT-1,DN2,0.15552853
TGAAAGATCTGCAGTA-1,NAIVE 1,0.062253073
TGACAACAGAGCCTAG-1,IgD-ve Memory,0.032350227
TGACAACAGAGCTATA-1,IgD+ve Memory,0.06803213
TGACAACAGATCGATA-1,NAIVE 1,0.051997364
TGACAACAGCGCCTCA-1,IgD-ve Memory,0.07533003
TGACAACAGGATGTAT-1,NAIVE 2,0.010836641
TGACAACAGGGCTTGA-1,HSP+,0.05005235
TGACAACAGGTGACCA-1,NAIVE 2,0.023067622
TGACAACAGGTTACCT-1,NAIVE 2,0.11282732
TGACAACAGTACGTTC-1,ASC 2,0.8086355
TGACAACAGTCAAGCG-1,ASC 2,0.8798316
TGACAACCAAACGTGG-1,NAIVE 1,0.058228433
TGACAACCAACTGCTA-1,IgD+ve Memory,0.05721259
TGACAACCAACTTGAC-1,NAIVE 2,0.08645473
TGACAACCACAGACAG-1,NAIVE 2,0.02180698
TGACAACCACAGCCCA-1,IgD-ve Memory,0.022722438
TGACAACCATAACCTG-1,IgD-ve Memory,0.032431345
TGACAACCATGAACCT-1,IgD+ve Memory,0.05453019
TGACAACCATTTCAGG-1,IgD-ve Memory,0.048524387
TGACAACGTCGACTGC-1,IgD+ve Memory,0.049276628
TGACAACGTGCGAAAC-1,ASC 2,0.7653561
TGACAACGTGGTCCGT-1,NAIVE 1,0.05955227
TGACAACGTGTCTGAT-1,IgD+ve Memory,0.07287639
TGACAACGTTGGTTTG-1,IgD-ve Memory,0.062081438
TGACAACTCCCTCAGT-1,NAIVE 2,0.103732325
TGACAACTCGAGAACG-1,Transitional,0.11693259
TGACAACTCGGTCTAA-1,Cell-Cycling,0.17758091
TGACAACTCGTCCGTT-1,IgD+ve Memory,0.04185313
TGACAACTCGTTACGA-1,DN2,0.21069662
TGACAACTCGTTGCCT-1,NAIVE 1,0.05814199
TGACAACTCGTTTATC-1,IgD+ve Memory,0.06072096
TGACGGCAGATCCTGT-1,IgD+ve Memory,0.041596226
TGACGGCAGCCAGTAG-1,IgD+ve Memory,0.067616686
TGACGGCAGCTCCTTC-1,NAIVE 2,0.025506804
TGACGGCAGCTGTCTA-1,IgD+ve Memory,0.019688683
TGACGGCAGGGTCGAT-1,NAIVE 1,0.040595703
TGACGGCAGTCAATAG-1,ASC 2,0.7623053
TGACGGCAGTCGCCGT-1,IgD+ve Memory,0.039325573
TGACGGCCACCCATGG-1,IgD-ve Memory,0.03079422
TGACGGCCACGCCAGT-1,NAIVE 1,0.06966386
TGACGGCCAGACAAAT-1,Cell-Cycling,0.31096348
TGACGGCCATTTGCTT-1,NAIVE 1,0.028387614
TGACGGCGTAACGCGA-1,NAIVE 2,0.034591965
TGACGGCGTACCGTTA-1,IgD-ve Memory,0.023354178
TGACGGCGTAGCTAAA-1,NAIVE 1,0.035492435
TGACGGCGTGATGTGG-1,NAIVE 1,0.057845093
TGACGGCGTGTCAATC-1,Early-Activation,0.030726204
TGACGGCTCAAACGGG-1,IgD-ve Memory,0.038969345
TGACGGCTCACCTCGT-1,IgD+ve Memory,0.06339693
TGACGGCTCAGTGCAT-1,NAIVE 2,0.009502456
TGACGGCTCCGTCATC-1,Early-Activation,0.0561316
TGACGGCTCCTAGTGA-1,NAIVE 2,0.05507641
TGACGGCTCCTCAACC-1,NAIVE 1,0.034215875
TGACGGCTCCTGCCAT-1,Early-Activation,0.061853994
TGACGGCTCGAATCCA-1,IgD+ve Memory,0.028953003
TGACGGCTCGTCTGCT-1,IgD-ve Memory,0.024802696
TGACGGCTCTTGCAAG-1,NAIVE 2,0.020417972
TGACTAGAGAAGGTGA-1,NAIVE 2,0.055699248
TGACTAGAGGTGCTTT-1,Cell-Cycling,0.42333227
TGACTAGAGTTTCCTT-1,IgD+ve Memory,0.06676115
TGACTAGCAAGTCTGT-1,IgD+ve Memory,0.06259182
TGACTAGCAATACGCT-1,NAIVE 2,0.04890734
TGACTAGCAATGGATA-1,ASC 3,0.7234731
TGACTAGCACTTCGAA-1,ASC 1,0.7895759
TGACTAGCATGAAGTA-1,NAIVE 1,0.051822007
TGACTAGCATGGGAAC-1,Cell-Cycling,0.34810522
TGACTAGGTATGAAAC-1,ASC 2,0.8020816
TGACTAGGTCAACTGT-1,NAIVE 1,0.058515787
TGACTAGGTCACTGGC-1,IgD-ve Memory,0.03347954
TGACTAGGTCGACTAT-1,NAIVE 1,0.0654597
TGACTAGGTCGCATAT-1,IgD-ve Memory,0.016966583
TGACTAGGTGATAAGT-1,IgD+ve Memory,0.030999985
TGACTAGGTGCAGACA-1,IgD+ve Memory,0.039561544
TGACTAGGTGGAAAGA-1,ASC 2,0.79327846
TGACTAGGTGTGAAAT-1,HSP+,0.11137425
TGACTAGGTTCCTCCA-1,HSP+,0.018767606
TGACTAGTCAAGCCTA-1,IgD+ve Memory,0.05448875
TGACTAGTCACATGCA-1,IgD+ve Memory,0.029281462
TGACTAGTCAGTCCCT-1,NAIVE 1,0.07311333
TGACTAGTCATCGATG-1,NAIVE 2,0.06552926
TGACTAGTCGTAGGTT-1,NAIVE 2,0.052041925
TGACTTTAGACTGTAA-1,NAIVE 1,0.071446635
TGACTTTAGATCACGG-1,IgD-ve Memory,0.042112827
TGACTTTAGATGAGAG-1,IgD+ve Memory,0.03888526
TGACTTTAGCCTTGAT-1,IgD+ve Memory,0.0387096
TGACTTTAGGACCACA-1,NAIVE 2,0.034154788
TGACTTTAGGGAAACA-1,IgD+ve Memory,0.0613383
TGACTTTAGTATTGGA-1,NAIVE 2,0.019581685
TGACTTTCACACAGAG-1,Early-Activation,0.051275056
TGACTTTCACGAAATA-1,IgD+ve Memory,0.030670535
TGACTTTCAGACTCGC-1,IgD-ve Memory,0.018591208
TGACTTTCAGGGTTAG-1,IgD-ve Memory,0.042854063
TGACTTTCATCGGACC-1,Cell-Cycling,0.44123703
TGACTTTGTAAGAGGA-1,IgD-ve Memory,0.028175058
TGACTTTGTACAGACG-1,IgD-ve Memory,0.050538447
TGACTTTGTACTTCTT-1,ASC 3,0.7693993
TGACTTTGTCGCATCG-1,ASC 2,0.79665434
TGACTTTGTCTCCCTA-1,IgD-ve Memory,0.055997644
TGACTTTGTTGGTAAA-1,NAIVE 2,0.059028488
TGACTTTTCAACACCA-1,IgD+ve Memory,0.026801292
TGACTTTTCACGATGT-1,NAIVE 1,0.040298454
TGACTTTTCAGGCGAA-1,IgD-ve Memory,0.048550796
TGACTTTTCATGCAAC-1,IgD+ve Memory,0.040527873
TGACTTTTCCGCTGTT-1,NAIVE 1,0.06349669
TGACTTTTCCGTAGTA-1,NAIVE 2,0.024893356
TGACTTTTCGGAAATA-1,NAIVE 1,0.03599548
TGACTTTTCGGATGTT-1,ASC 2,0.86976403
TGACTTTTCGTAGATC-1,NAIVE 2,0.06485503
TGACTTTTCGTGTAGT-1,NAIVE 1,0.038317632
TGACTTTTCTCGTATT-1,IgD+ve Memory,0.05035063
TGACTTTTCTTTACGT-1,IgD-ve Memory,0.032519385
TGAGAGGAGAAGGACA-1,NAIVE 1,0.06114335
TGAGAGGAGCACCGTC-1,Early-Activation,0.080228634
TGAGAGGAGCAGACTG-1,NAIVE 1,0.018493544
TGAGAGGAGTGATCGG-1,NAIVE 1,0.027266221
TGAGAGGAGTGGGATC-1,NAIVE 2,0.028323151
TGAGAGGCACGACGAA-1,HSP+,0.045680672
TGAGAGGCACTTAAGC-1,IgD-ve Memory,0.059084594
TGAGAGGCAGGCAGTA-1,ASC 2,0.8087535
TGAGAGGCAGTCAGAG-1,Transitional,0.109980084
TGAGAGGGTAAACGCG-1,ASC 3,0.8209231
TGAGAGGGTCAGAGGT-1,IgD-ve Memory,0.066590704
TGAGAGGGTCTCTCTG-1,IgD-ve Memory,0.034809474
TGAGAGGGTGATAAAC-1,HSP+,0.046493113
TGAGAGGGTGCACTTA-1,Cell-Cycling,0.24468264
TGAGAGGGTGGGTATG-1,NAIVE 1,0.029511873
TGAGAGGGTTAGATGA-1,ASC 2,0.7093405
TGAGAGGGTTCCACTC-1,ASC 2,0.57905495
TGAGAGGTCAGGCAAG-1,NAIVE 2,0.18294285
TGAGAGGTCAGTGCAT-1,NAIVE 2,0.03555773
TGAGAGGTCATGTAGC-1,ASC 2,0.86152744
TGAGAGGTCCTGCAGG-1,IgD-ve Memory,0.02656982
TGAGAGGTCCTTTACA-1,IgD+ve Memory,0.039767448
TGAGAGGTCGGCCGAT-1,NAIVE 1,0.06308962
TGAGAGGTCGTTACAG-1,NAIVE 2,0.046169546
TGAGAGGTCTAACCGA-1,NAIVE 1,0.03765582
TGAGAGGTCTCAACTT-1,IgD-ve Memory,0.034963552
TGAGAGGTCTTGCAAG-1,NAIVE 1,0.05704625
TGAGCATAGACTCGGA-1,IgD+ve Memory,0.045780722
TGAGCATAGAGGTTAT-1,NAIVE 1,0.037257534
TGAGCATAGATATGCA-1,IgD+ve Memory,0.057367884
TGAGCATAGCGTTCCG-1,Cell-Cycling,0.6699552
TGAGCATAGCGTTTAC-1,NAIVE 1,0.047924396
TGAGCATAGGTTACCT-1,IgD+ve Memory,0.058782153
TGAGCATCACAACGCC-1,ASC 2,0.7702802
TGAGCATCACGGCGTT-1,DN2,0.16944797
TGAGCATCACGTCTCT-1,Transitional,0.11822293
TGAGCATCACTTAACG-1,DN2,0.21708201
TGAGCATCAGGACCCT-1,IgD+ve Memory,0.024612825
TGAGCATCATACGCTA-1,ASC 1,0.36187372
TGAGCATCATTGAGCT-1,NAIVE 2,0.014465368
TGAGCATCATTGGCGC-1,IgD-ve Memory,0.038582955
TGAGCATGTACCGAGA-1,IgD-ve Memory,0.031306464
TGAGCATGTAGAAAGG-1,ASC 2,0.6964678
TGAGCATGTCACCTAA-1,NAIVE 2,0.0065965946
TGAGCATGTCATATGC-1,NAIVE 2,0.011361356
TGAGCATGTCGATTGT-1,IgD-ve Memory,0.02828935
TGAGCATGTCGCTTCT-1,NAIVE 1,0.044231724
TGAGCATGTGACGGTA-1,ASC 2,0.5805871
TGAGCATGTGTGCGTC-1,NAIVE 1,0.04792371
TGAGCATGTTAAGACA-1,Transitional,0.11678852
TGAGCATGTTAGATGA-1,DN2,0.18290854
TGAGCATGTTCATGGT-1,HSP+,0.01710994
TGAGCATGTTTGACAC-1,IgD-ve Memory,0.053814262
TGAGCATTCACGCATA-1,DN2,0.19528107
TGAGCATTCAGCACAT-1,NAIVE 2,0.042514645
TGAGCATTCCGGCACA-1,NAIVE 2,0.046312332
TGAGCATTCCTCGCAT-1,Cell-Cycling,0.6189887
TGAGCATTCGTTGACA-1,IgD-ve Memory,0.11087358
TGAGCATTCTCTTATG-1,IgD+ve Memory,0.05050247
TGAGCATTCTGGCGAC-1,IgD-ve Memory,0.019931806
TGAGCATTCTTTAGTC-1,NAIVE 2,0.040272318
TGAGCCGAGATCCTGT-1,IgD+ve Memory,0.028889759
TGAGCCGAGGCCCGTT-1,ASC 2,0.7663112
TGAGCCGAGGTAGCCA-1,NAIVE 1,0.025710564
TGAGCCGCAATGTAAG-1,ASC 2,0.87234056
TGAGCCGCACCACCAG-1,NAIVE 2,0.017065179
TGAGCCGCAGATCTGT-1,NAIVE 1,0.031039057
TGAGCCGCATACAGCT-1,IgD-ve Memory,0.037191655
TGAGCCGCATTCACTT-1,ASC 2,0.8343397
TGAGCCGGTAAATGAC-1,ASC 2,0.8525877
TGAGCCGGTAGCCTCG-1,IgD+ve Memory,0.034273386
TGAGCCGGTATATCCG-1,NAIVE 2,0.040488217
TGAGCCGGTCAGCTAT-1,IgD+ve Memory,0.06251051
TGAGCCGGTGAAAGAG-1,IgD-ve Memory,0.035003074
TGAGCCGGTGAGGCTA-1,IgD+ve Memory,0.041623928
TGAGCCGGTTCCACAA-1,DN2,0.19828558
TGAGCCGTCAAACGGG-1,ASC 2,0.7309744
TGAGCCGTCGTTGACA-1,ASC 2,0.8494518
TGAGCCGTCTCACATT-1,ASC 3,0.8814791
TGAGCCGTCTTGCCGT-1,IgD+ve Memory,0.04233487
TGAGGGAAGAATGTGT-1,DN2,0.11302107
TGAGGGAAGAATTCCC-1,IgD-ve Memory,0.02411818
TGAGGGAAGACGACGT-1,IgD+ve Memory,0.034038067
TGAGGGAAGCGATTCT-1,DN2,0.23217806
TGAGGGAAGGCTAGGT-1,NAIVE 2,0.03644296
TGAGGGAAGGGTTCCC-1,IgD+ve Memory,0.06828252
TGAGGGAAGGTCATCT-1,IgD+ve Memory,0.053071592
TGAGGGAAGGTGTGGT-1,ASC 2,0.6897233
TGAGGGAAGGTTACCT-1,IgD-ve Memory,0.036802556
TGAGGGAAGTCTTGCA-1,NAIVE 1,0.03627203
TGAGGGAAGTGGCACA-1,IgD+ve Memory,0.033040185
TGAGGGACACAGCGTC-1,DN2,0.07298663
TGAGGGACACCCATTC-1,ASC 2,0.8652617
TGAGGGACACCGAATT-1,Cell-Cycling,0.18713278
TGAGGGACACCTATCC-1,IgD+ve Memory,0.043080926
TGAGGGACAGGGATTG-1,IgD-ve Memory,0.040869024
TGAGGGACAGGGTACA-1,IgD-ve Memory,0.033726946
TGAGGGACAGGTCCAC-1,ASC 2,0.81385005
TGAGGGACATCTCGCT-1,NAIVE 1,0.04128051
TGAGGGACATGATCCA-1,IgD+ve Memory,0.04351403
TGAGGGACATTGGGCC-1,IgD+ve Memory,0.0671521
TGAGGGAGTAAATACG-1,IgD-ve Memory,0.0134468675
TGAGGGAGTATAGTAG-1,IgD-ve Memory,0.028667469
TGAGGGAGTGTGCGTC-1,IgD+ve Memory,0.069330424
TGAGGGAGTTCAGACT-1,NAIVE 2,0.024912734
TGAGGGAGTTCGTCTC-1,IgD+ve Memory,0.032991134
TGAGGGATCAGTCAGT-1,IgD+ve Memory,0.024026774
TGAGGGATCAGTTAGC-1,NAIVE 1,0.0689141
TGAGGGATCCGGCACA-1,IgD+ve Memory,0.045825083
TGAGGGATCGCCATAA-1,ASC 2,0.7206458
TGAGGGATCGGCTTGG-1,IgD+ve Memory,0.044997748
TGAGGGATCGTATCAG-1,NAIVE 2,0.051820602
TGAGGGATCGTCCAGG-1,IgD-ve Memory,0.056117497
TGAGGGATCTCTAGGA-1,IgD+ve Memory,0.035061464
TGAGGGATCTGCGTAA-1,IgD+ve Memory,0.054741237
TGAGGGATCTTTACAC-1,IgD+ve Memory,0.06363533
TGAGGGATCTTTAGTC-1,ASC 2,0.6964113
TGATTTCAGAAGGTTT-1,HSP+,0.031504054
TGATTTCAGAATAGGG-1,NAIVE 1,0.045646884
TGATTTCAGACTACAA-1,IgD+ve Memory,0.040316947
TGATTTCAGAGGTAGA-1,IgD+ve Memory,0.03703835
TGATTTCAGAGGTTGC-1,IgD-ve Memory,0.047859073
TGATTTCAGCCCAGCT-1,Early-Activation,0.042845115
TGATTTCAGCTAAGAT-1,IgD-ve Memory,0.04155251
TGATTTCAGTACGATA-1,IgD-ve Memory,0.029756365
TGATTTCAGTCAATAG-1,DN2,0.18480265
TGATTTCCAAGTTAAG-1,HSP+,0.044384595
TGATTTCCAATAACGA-1,NAIVE 1,0.04653731
TGATTTCCACTCGACG-1,NAIVE 1,0.07003357
TGATTTCCAGACACTT-1,IgD+ve Memory,0.04954131
TGATTTCCAGTATGCT-1,NAIVE 1,0.038925964
TGATTTCCAGTGACAG-1,IgD+ve Memory,0.039287638
TGATTTCCATATACGC-1,DN2,0.17249396
TGATTTCCATGCGCAC-1,DN2,0.18818823
TGATTTCCATGGTAGG-1,NAIVE 1,0.050074715
TGATTTCCATTAACCG-1,HSP+,0.04127626
TGATTTCGTATAGGGC-1,IgD+ve Memory,0.030738046
TGATTTCGTCTCTTAT-1,IgD-ve Memory,0.06993978
TGATTTCGTGCCTGTG-1,ASC 1,0.725579
TGATTTCGTTGATTCG-1,NAIVE 1,0.050812278
TGATTTCTCATCATTC-1,IgD-ve Memory,0.056378372
TGATTTCTCATGTGGT-1,DN2,0.05412545
TGATTTCTCCACGTGG-1,IgD-ve Memory,0.027844274
TGATTTCTCGAGAACG-1,NAIVE 2,0.02129464
TGATTTCTCGCTTGTC-1,ASC 2,0.8305464
TGATTTCTCGGCGGTT-1,DN2,0.17724061
TGATTTCTCGGGAGTA-1,NAIVE 2,0.02799566
TGATTTCTCTACTTAC-1,ASC 2,0.7696249
TGATTTCTCTCGGACG-1,IgD+ve Memory,0.05273304
TGATTTCTCTGAAAGA-1,ASC 2,0.7248587
TGCACCTAGACTAAGT-1,NAIVE 2,0.035365835
TGCACCTAGATAGTCA-1,DN2,0.20951223
TGCACCTAGCTAGTGG-1,NAIVE 2,0.04322236
TGCACCTAGGCAATTA-1,IgD+ve Memory,0.048164327
TGCACCTAGGGCTTCC-1,IgD-ve Memory,0.021612093
TGCACCTAGTCTTGCA-1,ASC 2,0.7357119
TGCACCTAGTGCGATG-1,NAIVE 1,0.038082626
TGCACCTCAAGTAGTA-1,NAIVE 1,0.021320025
TGCACCTCAATGAAAC-1,ASC 3,0.85842305
TGCACCTCAGTCAGCC-1,NAIVE 2,0.04980359
TGCACCTCAGTGAGTG-1,NAIVE 1,0.05275649
TGCACCTCATTCACTT-1,IgD-ve Memory,0.04579584
TGCACCTGTCAGATAA-1,NAIVE 2,0.064040974
TGCACCTGTCAGGACA-1,ASC 2,0.7029319
TGCACCTGTCTGCCAG-1,Early-Activation,0.046805784
TGCACCTGTGACAAAT-1,Cell-Cycling,0.28881687
TGCACCTGTGAGGGTT-1,NAIVE 2,0.06773744
TGCACCTGTTAAGAAC-1,IgD-ve Memory,0.04125716
TGCACCTGTTATTCTC-1,NAIVE 1,0.05851189
TGCACCTTCAATACCG-1,HSP+,0.034569662
TGCACCTTCAGGCAAG-1,ASC 3,0.63503605
TGCACCTTCATAGCAC-1,IgD-ve Memory,0.05448418
TGCACCTTCCAACCAA-1,NAIVE 2,0.018985504
TGCACCTTCCCACTTG-1,IgD-ve Memory,0.032568406
TGCACCTTCCCTGACT-1,IgD-ve Memory,0.036167998
TGCACCTTCCGTAGGC-1,IgD-ve Memory,0.022860056
TGCACCTTCGCTGATA-1,IgD+ve Memory,0.028114824
TGCACCTTCGTTACGA-1,IgD-ve Memory,0.029938985
TGCACCTTCTGCTGTC-1,IgD-ve Memory,0.04276786
TGCCAAAAGAATTGTG-1,DN2,0.14291045
TGCCAAAAGAGCTGGT-1,NAIVE 2,0.060084842
TGCCAAAAGAGTCTGG-1,IgD-ve Memory,0.048315477
TGCCAAAAGATACACA-1,NAIVE 2,0.005479085
TGCCAAAAGATATGCA-1,IgD+ve Memory,0.04113558
TGCCAAAAGCGTAGTG-1,HSP+,0.11567801
TGCCAAAAGGGTCGAT-1,DN2,0.03420247
TGCCAAAAGTTAACGA-1,IgD-ve Memory,0.07566378
TGCCAAACACCTCGTT-1,ASC 2,0.7682308
TGCCAAACACTTAAGC-1,IgD+ve Memory,0.075228244
TGCCAAACAGATCCAT-1,IgD+ve Memory,0.045659974
TGCCAAACAGTAAGAT-1,IgD-ve Memory,0.054732002
TGCCAAACATCCCATC-1,NAIVE 2,0.014389767
TGCCAAAGTACAAGTA-1,IgD+ve Memory,0.08019151
TGCCAAAGTCGAACAG-1,IgD-ve Memory,0.027415255
TGCCAAAGTGTGAATA-1,Transitional,0.117800005
TGCCAAAGTGTGCCTG-1,NAIVE 2,0.008469006
TGCCAAAGTTAAGAAC-1,ASC 2,0.59704405
TGCCAAAGTTCAGACT-1,IgD-ve Memory,0.07044765
TGCCAAAGTTCAGCGC-1,IgD-ve Memory,0.06348417
TGCCAAAGTTCCCTTG-1,IgD+ve Memory,0.04685715
TGCCAAATCAGAGGTG-1,ASC 2,0.7440429
TGCCAAATCCATGAGT-1,ASC 2,0.8311196
TGCCAAATCGTCTGCT-1,IgD-ve Memory,0.03575071
TGCCAAATCTATGTGG-1,NAIVE 2,0.009635377
TGCCCATAGAAACGAG-1,Cell-Cycling,0.5788937
TGCCCATAGATCGATA-1,IgD-ve Memory,0.052645426
TGCCCATAGCACAGGT-1,NAIVE 1,0.04828953
TGCCCATAGCTTTGGT-1,IgD-ve Memory,0.02213191
TGCCCATAGGCGACAT-1,IgD+ve Memory,0.043849718
TGCCCATAGGCGTACA-1,NAIVE 2,0.06603034
TGCCCATCAGACGCTC-1,NAIVE 1,0.04139423
TGCCCATCATAAAGGT-1,IgD-ve Memory,0.034616783
TGCCCATCATGGATGG-1,IgD-ve Memory,0.019793883
TGCCCATGTAGGAGTC-1,IgD-ve Memory,0.063420564
TGCCCATGTATGGTTC-1,IgD+ve Memory,0.026642123
TGCCCATGTCACAAGG-1,NAIVE 2,0.03204977
TGCCCATGTCACTGGC-1,IgD-ve Memory,0.03189174
TGCCCATGTCCGACGT-1,IgD+ve Memory,0.06516457
TGCCCATGTGACTACT-1,ASC 2,0.7140659
TGCCCATTCAACGGGA-1,IgD-ve Memory,0.032109726
TGCCCATTCACAGGCC-1,IgD+ve Memory,0.023008864
TGCCCATTCAGAGCTT-1,NAIVE 1,0.039087918
TGCCCATTCTGAAAGA-1,HSP+,0.040606033
TGCCCTAAGAAACCAT-1,IgD+ve Memory,0.045104466
TGCCCTAAGACAGAGA-1,NAIVE 2,0.03113669
TGCCCTAAGACTAAGT-1,NAIVE 1,0.039210115
TGCCCTAAGAGCCTAG-1,NAIVE 1,0.015422348
TGCCCTAAGCCGGTAA-1,ASC 2,0.6738689
TGCCCTAAGGACAGCT-1,IgD+ve Memory,0.04277244
TGCCCTAAGGCAATTA-1,IgD-ve Memory,0.038001366
TGCCCTAAGGCTACGA-1,IgD+ve Memory,0.063175134
TGCCCTAAGGGCATGT-1,NAIVE 2,0.01618159
TGCCCTAAGTGTCCCG-1,NAIVE 2,0.042982783
TGCCCTAAGTTATCGC-1,IgD+ve Memory,0.029317692
TGCCCTACAAGCTGTT-1,IgD+ve Memory,0.049821403
TGCCCTACACGGTTTA-1,IgD+ve Memory,0.036042858
TGCCCTACAGACACTT-1,IgD+ve Memory,0.033280987
TGCCCTACAGCTCGAC-1,NAIVE 1,0.04544874
TGCCCTACAGTGAGTG-1,IgD-ve Memory,0.107887484
TGCCCTACATATGCTG-1,IgD+ve Memory,0.04486815
TGCCCTACATCGATGT-1,IgD+ve Memory,0.036588866
TGCCCTAGTACCGCTG-1,HSP+,0.032035884
TGCCCTAGTCATCGGC-1,IgD+ve Memory,0.033615455
TGCCCTAGTCATTAGC-1,ASC 2,0.72122025
TGCCCTAGTGCAACTT-1,NAIVE 1,0.06829685
TGCCCTAGTGGCCCTA-1,DN2,0.22548528
TGCCCTAGTGTGAATA-1,IgD+ve Memory,0.048894532
TGCCCTAGTGTTCGAT-1,Cell-Cycling,0.04404978
TGCCCTAGTTGATTGC-1,NAIVE 1,0.050771605
TGCCCTATCAACACCA-1,HSP+,0.036810808
TGCCCTATCCACTGGG-1,NAIVE 2,0.013644865
TGCCCTATCCAGTATG-1,IgD-ve Memory,0.05792573
TGCCCTATCCGCGGTA-1,DN2,0.11178805
TGCCCTATCGATAGAA-1,ASC 2,0.8128511
TGCCCTATCGGAAATA-1,IgD-ve Memory,0.03520595
TGCCCTATCGGACAAG-1,Early-Activation,0.046393402
TGCCCTATCGGTGTCG-1,DN2,0.13090631
TGCCCTATCTACCAGA-1,IgD+ve Memory,0.028935604
TGCCCTATCTGTCCGT-1,NAIVE 2,0.04088436
TGCGCAGAGACGACGT-1,ASC 1,0.7837052
TGCGCAGAGAGCTGCA-1,IgD+ve Memory,0.06799193
TGCGCAGAGCACACAG-1,NAIVE 2,0.039120793
TGCGCAGAGCTCCCAG-1,IgD-ve Memory,0.020206057
TGCGCAGAGTACGTAA-1,ASC 2,0.8140446
TGCGCAGAGTCTTGCA-1,HSP+,0.036871538
TGCGCAGCAAACCCAT-1,IgD-ve Memory,0.035254866
TGCGCAGCAAGCCATT-1,HSP+,0.054465298
TGCGCAGCAGCTGTGC-1,Early-Activation,0.06700749
TGCGCAGCAGGATTGG-1,IgD+ve Memory,0.033888567
TGCGCAGCATACGCTA-1,NAIVE 1,0.050787017
TGCGCAGCATCTCGCT-1,NAIVE 1,0.073562734
TGCGCAGGTAGAGCTG-1,IgD+ve Memory,0.062073924
TGCGCAGGTTGCCTCT-1,NAIVE 2,0.045746524
TGCGCAGTCCAATGGT-1,IgD-ve Memory,0.03085698
TGCGCAGTCCGTCAAA-1,IgD-ve Memory,0.048072353
TGCGCAGTCCTGCTTG-1,IgD-ve Memory,0.020681273
TGCGCAGTCGGCGCTA-1,IgD+ve Memory,0.042515304
TGCGCAGTCGTTTATC-1,NAIVE 2,0.044675663
TGCGCAGTCTCTGAGA-1,IgD-ve Memory,0.04481772
TGCGCAGTCTCTGCTG-1,IgD+ve Memory,0.054880064
TGCGCAGTCTGTCAAG-1,IgD+ve Memory,0.03941203
TGCGGGTAGAAGGGTA-1,ASC 2,0.8150668
TGCGGGTAGAATAGGG-1,IgD-ve Memory,0.05444349
TGCGGGTAGATGCCTT-1,IgD-ve Memory,0.027770739
TGCGGGTAGCGTTGCC-1,IgD-ve Memory,0.04853061
TGCGGGTAGGTCATCT-1,IgD+ve Memory,0.065020025
TGCGGGTAGTAGGCCA-1,IgD+ve Memory,0.039131388
TGCGGGTAGTCATGCT-1,NAIVE 2,0.032027256
TGCGGGTCAAACAACA-1,NAIVE 1,0.02808078
TGCGGGTCAAGCGTAG-1,IgD-ve Memory,0.020005744
TGCGGGTCACACAGAG-1,DN2,0.072915405
TGCGGGTCACATGGGA-1,NAIVE 2,0.04011705
TGCGGGTCAGGAATCG-1,NAIVE 1,0.05714151
TGCGGGTCAGGCAGTA-1,IgD-ve Memory,0.037491556
TGCGGGTCAGGTGCCT-1,Transitional,0.116362736
TGCGGGTCATCCGCGA-1,DN2,0.20034206
TGCGGGTCATGAAGTA-1,DN2,0.18370098
TGCGGGTCATGGATGG-1,IgD-ve Memory,0.044637904
TGCGGGTGTAACGTTC-1,NAIVE 2,0.06800908
TGCGGGTGTACAGACG-1,IgD+ve Memory,0.08340762
TGCGGGTGTAGGGTAC-1,NAIVE 2,0.041304436
TGCGGGTGTATAGGGC-1,Transitional,0.10289283
TGCGGGTGTCATATCG-1,Transitional,0.11365991
TGCGGGTGTCCCTACT-1,ASC 2,0.8308284
TGCGGGTGTGAAAGAG-1,IgD+ve Memory,0.063313976
TGCGGGTGTGATGTCT-1,IgD+ve Memory,0.040486384
TGCGGGTGTGTCTGAT-1,ASC 3,0.7733469
TGCGGGTGTTAAAGAC-1,ASC 2,0.8657005
TGCGGGTGTTAGTGGG-1,DN2,0.1825727
TGCGGGTGTTCAGACT-1,IgD-ve Memory,0.04200832
TGCGGGTTCACGAAGG-1,IgD-ve Memory,0.023737118
TGCGGGTTCACGGTTA-1,IgD-ve Memory,0.035911385
TGCGGGTTCATTGCGA-1,IgD+ve Memory,0.0504459
TGCGGGTTCGCAAGCC-1,HSP+,0.09784482
TGCGGGTTCTGTCCGT-1,IgD+ve Memory,0.07811303
TGCGGGTTCTTGCATT-1,NAIVE 2,0.045710076
TGCGTGGAGATAGGAG-1,IgD+ve Memory,0.054631013
TGCGTGGAGATCCGAG-1,HSP+,0.15386157
TGCGTGGAGCACCGTC-1,IgD+ve Memory,0.03871466
TGCGTGGAGCAGATCG-1,IgD-ve Memory,0.027316734
TGCGTGGAGCAGCCTC-1,NAIVE 2,0.04794053
TGCGTGGAGTACCGGA-1,NAIVE 1,0.07695357
TGCGTGGAGTGCAAGC-1,NAIVE 2,0.04858371
TGCGTGGAGTTGTCGT-1,IgD+ve Memory,0.057083685
TGCGTGGCAAGCCATT-1,IgD-ve Memory,0.068253845
TGCGTGGCAATTCCTT-1,ASC 2,0.70862687
TGCGTGGCACACCGAC-1,ASC 3,0.9319543
TGCGTGGCACAGACAG-1,IgD+ve Memory,0.026814573
TGCGTGGCACCGAAAG-1,NAIVE 1,0.038467653
TGCGTGGCACGAGAGT-1,DN2,0.075720884
TGCGTGGCACTATCTT-1,IgD-ve Memory,0.06251889
TGCGTGGCAGATGGCA-1,IgD-ve Memory,0.03693274
TGCGTGGCAGCCACCA-1,IgD-ve Memory,0.055578243
TGCGTGGGTAACGCGA-1,IgD+ve Memory,0.027801413
TGCGTGGGTAAGGGAA-1,IgD+ve Memory,0.053087752
TGCGTGGGTAAGGGCT-1,IgD+ve Memory,0.05417883
TGCGTGGGTACCCAAT-1,Transitional,0.12267655
TGCGTGGGTACCGTAT-1,NAIVE 1,0.030067174
TGCGTGGGTAGCGCTC-1,IgD+ve Memory,0.060329027
TGCGTGGGTCAATGTC-1,IgD+ve Memory,0.01773309
TGCGTGGGTGAGGGAG-1,NAIVE 1,0.04054433
TGCGTGGGTTCCAACA-1,IgD+ve Memory,0.04076832
TGCGTGGTCAAAGTAG-1,NAIVE 1,0.043156646
TGCGTGGTCATAAAGG-1,IgD-ve Memory,0.053255677
TGCGTGGTCATGGTCA-1,Transitional,0.12074916
TGCGTGGTCGAATGGG-1,ASC 2,0.58895
TGCGTGGTCGAGCCCA-1,IgD-ve Memory,0.027648702
TGCGTGGTCGTACGGC-1,Early-Activation,0.046657406
TGCGTGGTCTCTTGAT-1,IgD-ve Memory,0.027961483
TGCGTGGTCTTGTCAT-1,IgD-ve Memory,0.066804454
TGCTACCAGAGGTACC-1,IgD+ve Memory,0.050201476
TGCTACCAGAGGTTGC-1,DN2,0.1780061
TGCTACCAGATATGCA-1,ASC 2,0.7181532
TGCTACCAGCAACGGT-1,NAIVE 1,0.058816142
TGCTACCAGCCTTGAT-1,IgD-ve Memory,0.04240439
TGCTACCAGCGTAGTG-1,NAIVE 2,0.025209658
TGCTACCAGGTAAACT-1,DN2,0.065085456
TGCTACCCAAACTGCT-1,DN2,0.19544578
TGCTACCCAAAGAATC-1,IgD-ve Memory,0.043621335
TGCTACCCAGCTGTTA-1,IgD-ve Memory,0.03207243
TGCTACCCATGTCTCC-1,NAIVE 2,0.09843967
TGCTACCGTACCGTAT-1,NAIVE 2,0.02175888
TGCTACCGTATAGGTA-1,HSP+,0.11431046
TGCTACCGTCAAGCGA-1,IgD-ve Memory,0.04341619
TGCTACCGTCCGCTGA-1,IgD-ve Memory,0.063903615
TGCTACCGTCTCACCT-1,NAIVE 2,0.01876421
TGCTACCGTGCCTGTG-1,NAIVE 2,0.05383957
TGCTACCTCACCTCGT-1,DN2,0.20233314
TGCTACCTCATCGGAT-1,IgD+ve Memory,0.08438451
TGCTACCTCATGTCTT-1,IgD-ve Memory,0.02391984
TGCTACCTCATTGCGA-1,NAIVE 2,0.0065137655
TGCTACCTCGAACTGT-1,ASC 2,0.86031395
TGCTACCTCGGATGGA-1,NAIVE 1,0.062720954
TGCTACCTCTCCAACC-1,ASC 2,0.54596585
TGCTGCTAGAAACGCC-1,ASC 2,0.800091
TGCTGCTAGAAGGCCT-1,NAIVE 2,0.03064147
TGCTGCTAGAGACTAT-1,ASC 2,0.7675419
TGCTGCTAGGAGTTGC-1,NAIVE 2,0.06995495
TGCTGCTAGGCAAAGA-1,ASC 2,0.4819904
TGCTGCTAGGCTACGA-1,IgD-ve Memory,0.044460323
TGCTGCTAGGGTCGAT-1,IgD+ve Memory,0.023286061
TGCTGCTAGTACGTAA-1,NAIVE 1,0.068347536
TGCTGCTAGTGGACGT-1,IgD+ve Memory,0.049205016
TGCTGCTAGTGGGATC-1,IgD-ve Memory,0.04569088
TGCTGCTCAATAAGCA-1,IgD+ve Memory,0.066604465
TGCTGCTCAATCAGAA-1,ASC 2,0.6222949
TGCTGCTCAGTGACAG-1,IgD-ve Memory,0.021271061
TGCTGCTCATGCCTAA-1,NAIVE 2,0.029542321
TGCTGCTCATTGGTAC-1,IgD-ve Memory,0.025767008
TGCTGCTGTAAAGGAG-1,IgD+ve Memory,0.05223421
TGCTGCTGTAAGTAGT-1,ASC 2,0.7529058
TGCTGCTGTGCGGTAA-1,NAIVE 2,0.073428296
TGCTGCTGTGTATGGG-1,IgD-ve Memory,0.029104257
TGCTGCTGTTCAGGCC-1,IgD+ve Memory,0.049063627
TGCTGCTGTTGGACCC-1,IgD-ve Memory,0.061056037
TGCTGCTTCACCACCT-1,NAIVE 1,0.073305175
TGCTGCTTCAGCACAT-1,NAIVE 2,0.062287822
TGCTGCTTCAGTTGAC-1,IgD+ve Memory,0.037776053
TGCTGCTTCTTATCTG-1,ASC 1,0.7715487
TGGACGCAGAAGGTGA-1,NAIVE 2,0.009841863
TGGACGCAGACATAAC-1,DN2,0.22447993
TGGACGCAGACCACGA-1,IgD+ve Memory,0.031964477
TGGACGCAGATGAGAG-1,NAIVE 2,0.036101025
TGGACGCAGATGTAAC-1,Transitional,0.11463318
TGGACGCAGCATGGCA-1,ASC 3,0.8098218
TGGACGCAGGACATTA-1,IgD-ve Memory,0.047469795
TGGACGCAGTCGCCGT-1,ASC 2,0.7209073
TGGACGCCAAACCCAT-1,NAIVE 2,0.082644604
TGGACGCCACAGACAG-1,ASC 2,0.81315887
TGGACGCCAGCATGAG-1,NAIVE 1,0.03895029
TGGACGCCAGGTTTCA-1,Cell-Cycling,0.35618803
TGGACGCCATCTGGTA-1,NAIVE 1,0.044366755
TGGACGCGTACCAGTT-1,ASC 2,0.83361185
TGGACGCGTATATCCG-1,NAIVE 2,0.024372969
TGGACGCGTCATGCCG-1,ASC 2,0.8020545
TGGACGCGTCCAACTA-1,NAIVE 2,0.010209815
TGGACGCGTCTTGTCC-1,IgD-ve Memory,0.04323895
TGGACGCGTGAAAGAG-1,IgD-ve Memory,0.014785484
TGGACGCGTGGTCTCG-1,IgD-ve Memory,0.050599545
TGGACGCGTTCGTGAT-1,NAIVE 1,0.038187984
TGGACGCTCCGTACAA-1,HSP+,0.01925889
TGGACGCTCCTTAATC-1,NAIVE 2,0.057398234
TGGACGCTCGAGAGCA-1,IgD-ve Memory,0.036553737
TGGACGCTCGGCATCG-1,NAIVE 2,0.03335853
TGGACGCTCTAAGCCA-1,NAIVE 2,0.024213353
TGGACGCTCTGCGACG-1,IgD+ve Memory,0.059595775
TGGCCAGAGACATAAC-1,IgD+ve Memory,0.05539618
TGGCCAGAGAGAACAG-1,NAIVE 2,0.02730988
TGGCCAGAGAGGTACC-1,IgD+ve Memory,0.040363543
TGGCCAGAGCGGATCA-1,NAIVE 1,0.061296113
TGGCCAGAGTACATGA-1,IgD+ve Memory,0.04096118
TGGCCAGAGTGCCAGA-1,NAIVE 1,0.07211227
TGGCCAGAGTTTAGGA-1,IgD+ve Memory,0.04511806
TGGCCAGCAAACCTAC-1,NAIVE 1,0.04091953
TGGCCAGCAAGGACAC-1,NAIVE 2,0.011673481
TGGCCAGCACAGACAG-1,HSP+,0.027517077
TGGCCAGCACCCAGTG-1,ASC 2,0.85038406
TGGCCAGCACCGAATT-1,NAIVE 1,0.0376493
TGGCCAGCACCGGAAA-1,NAIVE 2,0.06971667
TGGCCAGCACTGAAGG-1,NAIVE 1,0.06411358
TGGCCAGCAGCCAATT-1,IgD+ve Memory,0.05599736
TGGCCAGCAGCTTAAC-1,NAIVE 2,0.17839602
TGGCCAGCAGTGGAGT-1,IgD+ve Memory,0.046244767
TGGCCAGCATCACAAC-1,IgD-ve Memory,0.06582581
TGGCCAGCATGCGCAC-1,IgD-ve Memory,0.06849734
TGGCCAGCATGGTAGG-1,IgD+ve Memory,0.042395808
TGGCCAGCATTAGCCA-1,IgD-ve Memory,0.028423857
TGGCCAGCATTGGCGC-1,DN2,0.19886874
TGGCCAGGTCACACGC-1,NAIVE 1,0.04483951
TGGCCAGGTCATATGC-1,IgD-ve Memory,0.05254782
TGGCCAGGTCGACTAT-1,ASC 2,0.67965645
TGGCCAGGTCTAGGTT-1,IgD-ve Memory,0.042200096
TGGCCAGGTGTGACCC-1,IgD+ve Memory,0.04918914
TGGCCAGGTTATGTGC-1,NAIVE 1,0.05068934
TGGCCAGTCAACACTG-1,IgD-ve Memory,0.027083311
TGGCCAGTCAACCAAC-1,IgD+ve Memory,0.04198158
TGGCCAGTCGGTCCGA-1,NAIVE 1,0.05909996
TGGCCAGTCTCGCTTG-1,IgD-ve Memory,0.02604415
TGGCCAGTCTCGTATT-1,IgD+ve Memory,0.06608346
TGGCCAGTCTGCGACG-1,NAIVE 1,0.038980342
TGGCGCAAGAACAACT-1,IgD-ve Memory,0.042217962
TGGCGCAAGACACTAA-1,IgD+ve Memory,0.047463614
TGGCGCAAGCGTCTAT-1,NAIVE 2,0.009486961
TGGCGCAAGCGTGTCC-1,NAIVE 2,0.041305352
TGGCGCAAGCGTTGCC-1,IgD+ve Memory,0.063340805
TGGCGCAAGGTGCAAC-1,IgD-ve Memory,0.037549194
TGGCGCAAGGTGCTAG-1,ASC 2,0.83460677
TGGCGCAAGTATTGGA-1,NAIVE 2,0.040251315
TGGCGCACAAGACACG-1,IgD+ve Memory,0.045816146
TGGCGCACAATGAATG-1,IgD-ve Memory,0.0252863
TGGCGCACAATGACCT-1,NAIVE 2,0.058717202
TGGCGCACACCAGGCT-1,NAIVE 2,0.04048286
TGGCGCACACCATCCT-1,ASC 2,0.8819213
TGGCGCACACGTGAGA-1,ASC 2,0.8765969
TGGCGCACAGTATGCT-1,IgD+ve Memory,0.06319174
TGGCGCACATAAAGGT-1,ASC 2,0.76911354
TGGCGCACATGCCACG-1,ASC 2,0.8119927
TGGCGCACATGGTTGT-1,IgD-ve Memory,0.036431257
TGGCGCACATTCACTT-1,NAIVE 1,0.03398539
TGGCGCACATTCCTGC-1,IgD-ve Memory,0.04204957
TGGCGCACATTTGCTT-1,NAIVE 1,0.072803706
TGGCGCAGTAAAGGAG-1,IgD-ve Memory,0.040048093
TGGCGCAGTAAATGTG-1,IgD-ve Memory,0.025908634
TGGCGCAGTAGAGGAA-1,NAIVE 1,0.07577042
TGGCGCAGTATAGGGC-1,NAIVE 2,0.026315935
TGGCGCAGTCAATGTC-1,IgD-ve Memory,0.015280506
TGGCGCAGTCCTGCTT-1,IgD-ve Memory,0.027142497
TGGCGCATCCAGATCA-1,IgD-ve Memory,0.0388772
TGGCGCATCCTAGGGC-1,IgD-ve Memory,0.056221377
TGGCGCATCGAACTGT-1,IgD+ve Memory,0.04964676
TGGCGCATCTTAACCT-1,ASC 2,0.8012465
TGGCTGGAGCAGCCTC-1,IgD+ve Memory,0.045028564
TGGCTGGAGCGCCTTG-1,IgD-ve Memory,0.028033843
TGGCTGGAGCTGCGAA-1,NAIVE 2,0.014060705
TGGCTGGAGTCACGCC-1,HSP+,0.12239865
TGGCTGGAGTCGAGTG-1,Early-Activation,0.082087
TGGCTGGCAAGCCATT-1,NAIVE 1,0.038289372
TGGCTGGCAGGCAGTA-1,ASC 2,0.706606
TGGCTGGCAGTAAGCG-1,HSP+,0.04337985
TGGCTGGCATCACGTA-1,IgD+ve Memory,0.032555155
TGGCTGGCATCCGGGT-1,ASC 3,0.80221426
TGGCTGGCATCGGAAG-1,IgD-ve Memory,0.058012545
TGGCTGGCATGGGACA-1,IgD-ve Memory,0.029134056
TGGCTGGCATTGGCGC-1,IgD+ve Memory,0.076944806
TGGCTGGGTCACACGC-1,NAIVE 2,0.060742706
TGGCTGGGTCAGAAGC-1,ASC 3,0.8705215
TGGCTGGGTGATGATA-1,IgD-ve Memory,0.034789667
TGGCTGGGTTCCACGG-1,NAIVE 2,0.08325084
TGGCTGGGTTGTGGAG-1,ASC 2,0.81960595
TGGCTGGTCAAACCAC-1,NAIVE 1,0.06530857
TGGCTGGTCCAATGGT-1,ASC 2,0.75947887
TGGCTGGTCCGAGCCA-1,IgD-ve Memory,0.06083448
TGGCTGGTCCTCAATT-1,ASC 2,0.7678801
TGGCTGGTCTCTAAGG-1,NAIVE 1,0.078589015
TGGCTGGTCTGTTTGT-1,IgD-ve Memory,0.11415483
TGGGAAGAGATGTAAC-1,IgD+ve Memory,0.06609781
TGGGAAGAGTACTTGC-1,NAIVE 2,0.08570877
TGGGAAGAGTATTGGA-1,NAIVE 1,0.035131667
TGGGAAGAGTGTTAGA-1,IgD+ve Memory,0.036042083
TGGGAAGCAAACCTAC-1,NAIVE 2,0.034983613
TGGGAAGCAACGATCT-1,Cell-Cycling,0.5423124
TGGGAAGCACATGGGA-1,NAIVE 2,0.029650362
TGGGAAGCATGCTGGC-1,NAIVE 1,0.023082355
TGGGAAGCATTACCTT-1,ASC 2,0.91339344
TGGGAAGCATTTCACT-1,IgD-ve Memory,0.02996473
TGGGAAGGTAAGGATT-1,IgD-ve Memory,0.018805165
TGGGAAGGTAGCTAAA-1,NAIVE 1,0.014442518
TGGGAAGGTCAGGACA-1,Transitional,0.12036429
TGGGAAGGTCATGCAT-1,Cell-Cycling,0.6620291
TGGGAAGGTCGCGAAA-1,ASC 2,0.7805172
TGGGAAGGTCGCGTGT-1,IgD+ve Memory,0.048801884
TGGGAAGGTCGGATCC-1,HSP+,0.08480803
TGGGAAGGTGCCTTGG-1,IgD+ve Memory,0.045965295
TGGGAAGGTGGTGTAG-1,Transitional,0.10968283
TGGGAAGTCACAGTAC-1,HSP+,0.041492634
TGGGAAGTCAGCAACT-1,NAIVE 1,0.030819498
TGGGAAGTCCAAACAC-1,IgD-ve Memory,0.04357028
TGGGAAGTCCGTACAA-1,IgD+ve Memory,0.029971113
TGGGAAGTCGCACTCT-1,NAIVE 2,0.009524077
TGGGAAGTCGTAGGTT-1,Early-Activation,0.06843283
TGGGAAGTCTCTTATG-1,IgD-ve Memory,0.04921309
TGGGAAGTCTGACCTC-1,DN2,0.21526773
TGGGAAGTCTTGCAAG-1,IgD+ve Memory,0.079510026
TGGGCGTAGAGTAAGG-1,DN2,0.023719572
TGGGCGTAGATGGCGT-1,ASC 2,0.7236269
TGGGCGTAGCGTCTAT-1,HSP+,0.04587317
TGGGCGTAGCGTGAGT-1,NAIVE 2,0.027113449
TGGGCGTAGGGATACC-1,ASC 1,0.80683714
TGGGCGTAGGGTGTTG-1,IgD-ve Memory,0.05541348
TGGGCGTAGGGTTCCC-1,NAIVE 2,0.040956154
TGGGCGTAGGTGCAAC-1,NAIVE 1,0.08095517
TGGGCGTAGTGGGTTG-1,IgD-ve Memory,0.017792996
TGGGCGTCAAAGGCGT-1,NAIVE 2,0.019066352
TGGGCGTCAATGGACG-1,IgD-ve Memory,0.0266655
TGGGCGTCAGTCAGAG-1,NAIVE 1,0.031743836
TGGGCGTCATCATCCC-1,IgD+ve Memory,0.03116995
TGGGCGTGTAAAGTCA-1,IgD+ve Memory,0.018675996
TGGGCGTGTAAGGGCT-1,NAIVE 1,0.041846856
TGGGCGTGTAATAGCA-1,IgD-ve Memory,0.027724484
TGGGCGTGTAGGGTAC-1,ASC 2,0.73049486
TGGGCGTGTATTAGCC-1,IgD+ve Memory,0.03365546
TGGGCGTGTCGCGTGT-1,IgD-ve Memory,0.047768775
TGGGCGTGTTTAAGCC-1,IgD+ve Memory,0.06280549
TGGGCGTTCAACCAAC-1,DN2,0.2154149
TGGGCGTTCATCTGTT-1,NAIVE 1,0.049579468
TGGGCGTTCCTTTCGG-1,IgD+ve Memory,0.03762848
TGGGCGTTCGCGTTTC-1,ASC 2,0.7777324
TGGGCGTTCGGCTACG-1,Transitional,0.11776041
TGGGCGTTCTCGAGTA-1,IgD-ve Memory,0.022231542
TGGGCGTTCTCTGAGA-1,IgD+ve Memory,0.042621493
TGGGCGTTCTGATTCT-1,IgD-ve Memory,0.02128306
TGGGCGTTCTTCCTTC-1,ASC 2,0.8300875
TGGGCGTTCTTGTATC-1,IgD-ve Memory,0.015332187
TGGTTAGAGAAACCGC-1,IgD-ve Memory,0.02832212
TGGTTAGAGAGACTAT-1,ASC 2,0.83162236
TGGTTAGAGTACACCT-1,NAIVE 1,0.04222155
TGGTTAGAGTACGTTC-1,IgD+ve Memory,0.040119313
TGGTTAGAGTAGTGCG-1,IgD+ve Memory,0.04249613
TGGTTAGAGTGGAGTC-1,IgD+ve Memory,0.049291704
TGGTTAGAGTGGGATC-1,ASC 2,0.81458354
TGGTTAGCAATGACCT-1,NAIVE 1,0.029418347
TGGTTAGCAATTGCTG-1,IgD+ve Memory,0.014627458
TGGTTAGCACAGGAGT-1,IgD-ve Memory,0.018890925
TGGTTAGCACCCAGTG-1,NAIVE 1,0.04823838
TGGTTAGCAGCTGCAC-1,NAIVE 2,0.02442583
TGGTTAGGTAAAGGAG-1,IgD-ve Memory,0.048729323
TGGTTAGGTAAGTGGC-1,NAIVE 1,0.045689985
TGGTTAGGTAGCTCCG-1,IgD-ve Memory,0.035112023
TGGTTAGGTCAAACTC-1,IgD-ve Memory,0.033531398
TGGTTAGGTCACTGGC-1,IgD+ve Memory,0.060453366
TGGTTAGGTCATGCAT-1,IgD-ve Memory,0.053087544
TGGTTAGGTCGGCTCA-1,NAIVE 2,0.030824294
TGGTTAGGTTAAGGGC-1,NAIVE 1,0.019456647
TGGTTAGGTTACGCGC-1,ASC 2,0.70844847
TGGTTAGGTTATCACG-1,NAIVE 2,0.011329942
TGGTTAGGTTCCATGA-1,NAIVE 1,0.04232319
TGGTTAGTCACATAGC-1,ASC 2,0.5978796
TGGTTAGTCCCACTTG-1,IgD+ve Memory,0.06578139
TGGTTAGTCCGCGCAA-1,Transitional,0.11839926
TGGTTAGTCTCAAACG-1,ASC 2,0.7888588
TGGTTAGTCTCGTATT-1,NAIVE 2,0.053875837
TGGTTAGTCTGTCTAT-1,ASC 2,0.7727094
TGGTTCCAGACAGGCT-1,NAIVE 1,0.04974381
TGGTTCCAGACTGGGT-1,IgD-ve Memory,0.03384332
TGGTTCCAGCCAGGAT-1,ASC 2,0.83142716
TGGTTCCAGCGATGAC-1,Cell-Cycling,0.2987556
TGGTTCCAGCGCCTTG-1,NAIVE 2,0.077768475
TGGTTCCAGGCAGGTT-1,IgD+ve Memory,0.06503389
TGGTTCCAGGGTATCG-1,HSP+,0.039949346
TGGTTCCAGTGTTAGA-1,NAIVE 1,0.045726433
TGGTTCCAGTGTTGAA-1,NAIVE 1,0.08156587
TGGTTCCCACCAGGTC-1,IgD+ve Memory,0.053627294
TGGTTCCCACCTATCC-1,ASC 1,0.6993681
TGGTTCCCATACTCTT-1,IgD-ve Memory,0.032610733
TGGTTCCCATGCAACT-1,IgD+ve Memory,0.029726187
TGGTTCCCATTCCTGC-1,ASC 2,0.75664616
TGGTTCCGTAATCACC-1,IgD+ve Memory,0.054455016
TGGTTCCGTAATTGGA-1,NAIVE 1,0.05810936
TGGTTCCGTAGAAGGA-1,ASC 2,0.82467437
TGGTTCCGTAGGAGTC-1,IgD-ve Memory,0.031832106
TGGTTCCGTCATGCAT-1,ASC 2,0.47633144
TGGTTCCGTCCGTGAC-1,IgD+ve Memory,0.03445063
TGGTTCCGTCGAATCT-1,IgD-ve Memory,0.043078758
TGGTTCCGTCTTTCAT-1,Cell-Cycling,0.70123076
TGGTTCCGTGAAAGAG-1,IgD-ve Memory,0.028346745
TGGTTCCGTGCCTGCA-1,HSP+,0.11097737
TGGTTCCGTGTATGGG-1,NAIVE 1,0.0631927
TGGTTCCGTTCGCTAA-1,IgD-ve Memory,0.043332115
TGGTTCCGTTTGGCGC-1,IgD-ve Memory,0.050365254
TGGTTCCTCAGAAATG-1,NAIVE 1,0.041466895
TGGTTCCTCAGCATGT-1,ASC 2,0.79613936
TGGTTCCTCATGTGGT-1,Cell-Cycling,0.37162328
TGGTTCCTCCAGATCA-1,IgD+ve Memory,0.06556848
TGGTTCCTCCGTAGTA-1,NAIVE 2,0.01486507
TGGTTCCTCGCCTGTT-1,ASC 2,0.6482529
TGGTTCCTCTCACATT-1,ASC 3,0.8007438
TGGTTCCTCTGATTCT-1,ASC 2,0.7917398
TGGTTCCTCTGCCAGG-1,IgD-ve Memory,0.047367994
TGTATTCAGAAACCGC-1,IgD+ve Memory,0.016604898
TGTATTCAGACCGGAT-1,NAIVE 2,0.009947739
TGTATTCAGACTAGAT-1,IgD+ve Memory,0.035380263
TGTATTCAGAGAACAG-1,ASC 2,0.5642906
TGTATTCAGCGATAGC-1,IgD+ve Memory,0.09907479
TGTATTCAGGTGTGGT-1,IgD-ve Memory,0.07086697
TGTATTCAGTCTTGCA-1,Early-Activation,0.048951425
TGTATTCCAATGTAAG-1,NAIVE 1,0.066107996
TGTATTCCACGTCTCT-1,IgD-ve Memory,0.02965081
TGTATTCCACTGTTAG-1,IgD+ve Memory,0.050089546
TGTATTCCAGATGAGC-1,NAIVE 1,0.059571065
TGTATTCCAGCGTAAG-1,ASC 2,0.7678122
TGTATTCCAGGTCCAC-1,NAIVE 2,0.047626957
TGTATTCGTAAACGCG-1,NAIVE 2,0.031520884
TGTATTCGTACCGTTA-1,IgD-ve Memory,0.023244426
TGTATTCGTAGTGAAT-1,IgD-ve Memory,0.032672357
TGTATTCGTATATGAG-1,NAIVE 2,0.03768389
TGTATTCGTCACACGC-1,IgD-ve Memory,0.059311554
TGTATTCGTCACCTAA-1,ASC 2,0.8286172
TGTATTCGTCAGAATA-1,IgD+ve Memory,0.033589356
TGTATTCGTGACAAAT-1,IgD-ve Memory,0.023780003
TGTATTCTCACGGTTA-1,NAIVE 1,0.055951376
TGTATTCTCAGATAAG-1,IgD-ve Memory,0.040961936
TGTATTCTCAGGCAAG-1,IgD+ve Memory,0.037137657
TGTATTCTCCAAGCCG-1,DN2,0.058606658
TGTATTCTCCGGGTGT-1,IgD+ve Memory,0.041477572
TGTATTCTCGAGCCCA-1,NAIVE 1,0.07075163
TGTATTCTCGCGTTTC-1,IgD-ve Memory,0.024360457
TGTATTCTCGGAGGTA-1,IgD-ve Memory,0.07000457
TGTATTCTCTCGCATC-1,ASC 2,0.6389457
TGTCCCAAGCCACCTG-1,IgD-ve Memory,0.019189881
TGTCCCAAGCGCTTAT-1,NAIVE 1,0.04976318
TGTCCCAAGGTGTTAA-1,ASC 3,0.70266116
TGTCCCAAGTGTCCCG-1,HSP+,0.08617732
TGTCCCAAGTTAGGTA-1,IgD-ve Memory,0.04547343
TGTCCCACAGTTAACC-1,IgD-ve Memory,0.024417719
TGTCCCACATCGGAAG-1,ASC 1,0.7930421
TGTCCCACATGGTTGT-1,NAIVE 2,0.022407982
TGTCCCAGTAAATGTG-1,NAIVE 2,0.026050003
TGTCCCAGTAGTGAAT-1,IgD-ve Memory,0.036552478
TGTCCCAGTCCATCCT-1,IgD-ve Memory,0.025641859
TGTCCCAGTCGGATCC-1,NAIVE 2,0.034949634
TGTCCCAGTTAAGTAG-1,IgD-ve Memory,0.064218834
TGTCCCAGTTCGTGAT-1,IgD+ve Memory,0.023437716
TGTCCCATCACCTTAT-1,IgD-ve Memory,0.04615404
TGTCCCATCACTTATC-1,ASC 2,0.7614141
TGTCCCATCCCTCAGT-1,NAIVE 1,0.048082586
TGTCCCATCCGAACGC-1,ASC 2,0.7120515
TGTCCCATCGGGAGTA-1,IgD-ve Memory,0.15664864
TGTCCCATCTTGTATC-1,NAIVE 1,0.030831225
TGTGGTAAGAATCTCC-1,NAIVE 1,0.045472313
TGTGGTAAGAGGGCTT-1,ASC 2,0.8335823
TGTGGTAAGGTGATTA-1,IgD-ve Memory,0.0327772
TGTGGTAAGGTTACCT-1,ASC 2,0.8477027
TGTGGTAAGTAGTGCG-1,ASC 2,0.7137258
TGTGGTACAATAGCGG-1,ASC 2,0.817542
TGTGGTACAGAAGCAC-1,ASC 2,0.7419572
TGTGGTACAGCCTGTG-1,Transitional,0.116935596
TGTGGTACAGCCTTGG-1,NAIVE 1,0.037450828
TGTGGTACATGGATGG-1,NAIVE 2,0.01284576
TGTGGTACATTACGAC-1,IgD-ve Memory,0.04052845
TGTGGTAGTAACGTTC-1,NAIVE 1,0.03448846
TGTGGTAGTCACAAGG-1,NAIVE 2,0.018179893
TGTGGTAGTGCACTTA-1,IgD+ve Memory,0.041298434
TGTGGTAGTTCACCTC-1,IgD+ve Memory,0.057429448
TGTGGTAGTTCACGGC-1,IgD-ve Memory,0.030111453
TGTGGTAGTTGTACAC-1,NAIVE 1,0.076396935
TGTGGTAGTTTGTGTG-1,NAIVE 1,0.032029714
TGTGGTATCACAGTAC-1,IgD-ve Memory,0.02496522
TGTGGTATCACCATAG-1,ASC 2,0.8248439
TGTGGTATCACTATTC-1,IgD-ve Memory,0.015446003
TGTGGTATCCAAGCCG-1,IgD-ve Memory,0.022268362
TGTGGTATCCTCAATT-1,IgD-ve Memory,0.025956769
TGTGGTATCGTACGGC-1,NAIVE 1,0.048982292
TGTGGTATCTAACTGG-1,IgD+ve Memory,0.07172356
TGTGGTATCTTGTCAT-1,NAIVE 2,0.04754182
TGTGTTTAGAACTCGG-1,IgD-ve Memory,0.042483434
TGTGTTTAGACAGGCT-1,ASC 2,0.84659886
TGTGTTTAGACCTAGG-1,NAIVE 1,0.027981764
TGTGTTTAGACGCAAC-1,IgD-ve Memory,0.033637114
TGTGTTTAGATGTCGG-1,ASC 2,0.8176689
TGTGTTTAGCACGCCT-1,NAIVE 1,0.030702483
TGTGTTTAGCCCGAAA-1,Early-Activation,0.039140165
TGTGTTTAGTCATGCT-1,DN2,0.19205649
TGTGTTTCAAACGTGG-1,IgD-ve Memory,0.042072847
TGTGTTTCAACACGCC-1,IgD-ve Memory,0.039355744
TGTGTTTCAAGTTGTC-1,HSP+,0.050916947
TGTGTTTCAATGACCT-1,IgD-ve Memory,0.022402715
TGTGTTTCAATGCCAT-1,NAIVE 1,0.024025477
TGTGTTTCAATGGATA-1,DN2,0.21997128
TGTGTTTCACACATGT-1,NAIVE 2,0.023543993
TGTGTTTCACCAGCAC-1,DN2,0.17786177
TGTGTTTCAGAAGCAC-1,IgD+ve Memory,0.044576507
TGTGTTTCAGCTCGCA-1,IgD-ve Memory,0.027885096
TGTGTTTCAGGTCCAC-1,IgD-ve Memory,0.0377892
TGTGTTTCATCCGGGT-1,IgD+ve Memory,0.022601625
TGTGTTTGTCGGCTCA-1,ASC 1,0.62285763
TGTGTTTGTCTGGAGA-1,NAIVE 2,0.024506794
TGTGTTTGTCTGGTCG-1,ASC 1,0.8586566
TGTGTTTGTTCAGCGC-1,HSP+,0.046057366
TGTGTTTGTTCCTCCA-1,IgD+ve Memory,0.021754362
TGTGTTTGTTGTTTGG-1,NAIVE 1,0.028415365
TGTGTTTTCACGCGGT-1,IgD-ve Memory,0.027214807
TGTGTTTTCAGGTTCA-1,ASC 2,0.74012375
TGTGTTTTCAGTGTTG-1,NAIVE 1,0.031871084
TGTGTTTTCCAACCAA-1,IgD+ve Memory,0.043397672
TGTGTTTTCCCATTTA-1,HSP+,0.05088094
TGTGTTTTCCCTTGTG-1,IgD-ve Memory,0.027576026
TGTGTTTTCCGTAGTA-1,NAIVE 1,0.060861558
TGTGTTTTCCTATGTT-1,IgD+ve Memory,0.06163439
TGTGTTTTCGTGGTCG-1,IgD-ve Memory,0.034103993
TGTGTTTTCTAACTTC-1,HSP+,0.048107233
TGTGTTTTCTCTAAGG-1,ASC 2,0.6925626
TGTTCCGAGAAGCCCA-1,NAIVE 1,0.019163892
TGTTCCGAGAATAGGG-1,Cell-Cycling,0.33104536
TGTTCCGAGACAGGCT-1,IgD-ve Memory,0.05505918
TGTTCCGAGATCGATA-1,IgD-ve Memory,0.04578357
TGTTCCGAGCAATATG-1,IgD-ve Memory,0.052314218
TGTTCCGAGCGGATCA-1,NAIVE 2,0.0425739
TGTTCCGAGCGGCTTC-1,NAIVE 1,0.017031625
TGTTCCGAGGAATTAC-1,IgD+ve Memory,0.07295374
TGTTCCGAGGAGTTTA-1,NAIVE 2,0.054124594
TGTTCCGAGGCACATG-1,IgD-ve Memory,0.04072697
TGTTCCGAGGGATACC-1,IgD+ve Memory,0.04832624
TGTTCCGAGTACGACG-1,IgD-ve Memory,0.05913805
TGTTCCGAGTGGGTTG-1,Early-Activation,0.06293252
TGTTCCGCACGGCGTT-1,IgD-ve Memory,0.04469818
TGTTCCGCATATGGTC-1,IgD+ve Memory,0.038906727
TGTTCCGCATGGTAGG-1,NAIVE 1,0.08009432
TGTTCCGGTAAAGTCA-1,NAIVE 1,0.046920214
TGTTCCGGTCACACGC-1,Cell-Cycling,0.39356947
TGTTCCGGTCATATGC-1,DN2,0.17154811
TGTTCCGGTCTAGTGT-1,IgD+ve Memory,0.038353562
TGTTCCGGTGAAATCA-1,NAIVE 1,0.037831075
TGTTCCGTCCAGAGGA-1,IgD-ve Memory,0.040920675
TGTTCCGTCCGCGGTA-1,IgD-ve Memory,0.029556043
TGTTCCGTCCGTTGTC-1,IgD+ve Memory,0.06709015
TGTTCCGTCTCAACTT-1,NAIVE 2,0.04104976
TGTTCCGTCTGCGGCA-1,IgD-ve Memory,0.055533282
TGTTCCGTCTTGTTTG-1,IgD-ve Memory,0.040989794
TTAACTCAGATGCCTT-1,ASC 2,0.8239185
TTAACTCAGATGTGGC-1,IgD-ve Memory,0.037145182
TTAACTCAGCCTTGAT-1,ASC 2,0.64956456
TTAACTCAGCTGTCTA-1,IgD+ve Memory,0.04105838
TTAACTCAGGTGCACA-1,Transitional,0.11301176
TTAACTCAGTAGGCCA-1,IgD+ve Memory,0.04499375
TTAACTCCAAGAAAGG-1,Cell-Cycling,0.24694337
TTAACTCCACCGAATT-1,IgD-ve Memory,0.03910131
TTAACTCCACGGTGTC-1,ASC 2,0.7714916
TTAACTCCAGTCAGAG-1,NAIVE 1,0.024024839
TTAACTCCATATACGC-1,HSP+,0.11603933
TTAACTCCATCTACGA-1,NAIVE 1,0.039110057
TTAACTCGTACAAGTA-1,ASC 2,0.62394774
TTAACTCGTACAGCAG-1,IgD-ve Memory,0.054113436
TTAACTCGTGGTAACG-1,ASC 2,0.58074695
TTAACTCGTGTGTGCC-1,IgD+ve Memory,0.038180903
TTAACTCGTTCCCGAG-1,DN2,0.17349173
TTAACTCTCACATGCA-1,HSP+,0.11518244
TTAACTCTCACGCATA-1,NAIVE 1,0.047607426
TTAACTCTCAGTGTTG-1,NAIVE 1,0.04850168
TTAACTCTCAGTTGAC-1,IgD+ve Memory,0.18230604
TTAACTCTCATCGGAT-1,HSP+,0.033889797
TTAACTCTCCCTCTTT-1,NAIVE 2,0.033978533
TTAACTCTCCGCAGTG-1,IgD+ve Memory,0.05316243
TTAACTCTCCGCATAA-1,IgD+ve Memory,0.04281657
TTAACTCTCCTAAGTG-1,ASC 2,0.69538146
TTAACTCTCCTCTAGC-1,IgD+ve Memory,0.04023106
TTAACTCTCCTGTACC-1,NAIVE 1,0.042415358
TTAACTCTCGCGTTTC-1,NAIVE 1,0.030108228
TTAGGACAGAAGGCCT-1,NAIVE 2,0.008632135
TTAGGACAGACAATAC-1,NAIVE 2,0.021816548
TTAGGACAGAGACGAA-1,Cell-Cycling,0.5987205
TTAGGACAGCTGAAAT-1,ASC 2,0.8063586
TTAGGACAGCTGATAA-1,Early-Activation,0.051800888
TTAGGACAGGAGTAGA-1,IgD-ve Memory,0.040096827
TTAGGACAGGCTCAGA-1,ASC 1,0.78131926
TTAGGACAGGTGGGTT-1,NAIVE 2,0.016166676
TTAGGACAGTAGTGCG-1,IgD-ve Memory,0.017551271
TTAGGACAGTGTCCCG-1,IgD-ve Memory,0.044769865
TTAGGACCAACTGCTA-1,IgD-ve Memory,0.01690818
TTAGGACCAAGCCCAC-1,IgD-ve Memory,0.033759467
TTAGGACCAGATGGCA-1,HSP+,0.21876091
TTAGGACCAGTACACT-1,NAIVE 1,0.034582555
TTAGGACCATGTCCTC-1,IgD+ve Memory,0.05458044
TTAGGACGTAAGTTCC-1,IgD-ve Memory,0.030555647
TTAGGACGTCATCGGC-1,HSP+,0.028453153
TTAGGACGTCTAACGT-1,IgD+ve Memory,0.048166856
TTAGGACGTCTAGGTT-1,NAIVE 2,0.026014071
TTAGGACGTGCTGTAT-1,IgD+ve Memory,0.036483746
TTAGGACGTGGCTCCA-1,IgD-ve Memory,0.03928899
TTAGGACGTGTGGTTT-1,NAIVE 1,0.027839309
TTAGGACGTTCACGGC-1,ASC 2,0.88528824
TTAGGACTCATTCACT-1,NAIVE 2,0.04400306
TTAGGACTCCGATATG-1,IgD+ve Memory,0.059317924
TTAGGACTCGCCATAA-1,IgD-ve Memory,0.02968568
TTAGGACTCTCCAGGG-1,ASC 2,0.7062887
TTAGGCAAGAACTCGG-1,IgD-ve Memory,0.031257406
TTAGGCAAGACCCACC-1,ASC 1,0.8542262
TTAGGCAAGAGACGAA-1,HSP+,0.041387606
TTAGGCAAGATATGCA-1,ASC 3,0.7300516
TTAGGCAAGGGCATGT-1,IgD-ve Memory,0.06273483
TTAGGCAAGGGTTCCC-1,NAIVE 1,0.15781832
TTAGGCACAAGCCGCT-1,Cell-Cycling,0.6503532
TTAGGCACAAGCCTAT-1,NAIVE 2,0.018620197
TTAGGCACAAGGTTCT-1,IgD+ve Memory,0.07516861
TTAGGCACACATGGGA-1,ASC 2,0.57631594
TTAGGCACACTGTGTA-1,IgD+ve Memory,0.06524415
TTAGGCACAGATCTGT-1,IgD-ve Memory,0.034754198
TTAGGCACATAAGACA-1,IgD-ve Memory,0.043410342
TTAGGCACATGATCCA-1,ASC 2,0.8394878
TTAGGCACATTCCTCG-1,ASC 2,0.809256
TTAGGCAGTACTTGAC-1,NAIVE 1,0.07703532
TTAGGCAGTCAACTGT-1,NAIVE 1,0.04329623
TTAGGCAGTGACGCCT-1,IgD+ve Memory,0.053307474
TTAGGCAGTGAGGGTT-1,ASC 2,0.8903756
TTAGGCAGTGCACGAA-1,NAIVE 2,0.005006661
TTAGGCAGTTACCGAT-1,Cell-Cycling,0.5915112
TTAGGCAGTTCGAATC-1,IgD-ve Memory,0.032181904
TTAGGCAGTTGCGCAC-1,Transitional,0.11387009
TTAGGCATCAAGAAGT-1,NAIVE 1,0.075726025
TTAGGCATCACGGTTA-1,NAIVE 2,0.019263916
TTAGGCATCATGCTCC-1,NAIVE 2,0.021987105
TTAGGCATCCTTCAAT-1,NAIVE 1,0.04813178
TTAGGCATCCTTTACA-1,IgD-ve Memory,0.034191146
TTAGGCATCGGCGCAT-1,IgD-ve Memory,0.021871557
TTAGGCATCGGCGCTA-1,IgD-ve Memory,0.03433121
TTAGGCATCGTCTGCT-1,NAIVE 2,0.04007672
TTAGGCATCGTTACGA-1,ASC 3,0.82374024
TTAGGCATCTACTTAC-1,IgD-ve Memory,0.032802917
TTAGGCATCTGAGGGA-1,NAIVE 2,0.028561814
TTAGGCATCTGCGTAA-1,HSP+,0.04970229
TTAGGCATCTTGACGA-1,NAIVE 1,0.046103388
TTAGTTCAGAAGGTTT-1,NAIVE 1,0.04967911
TTAGTTCAGAGTCGGT-1,IgD-ve Memory,0.029406063
TTAGTTCAGCAGATCG-1,NAIVE 1,0.06539169
TTAGTTCAGTGTGGCA-1,IgD+ve Memory,0.039138332
TTAGTTCAGTTGAGTA-1,NAIVE 2,0.010832072
TTAGTTCCAAATACAG-1,HSP+,0.12360174
TTAGTTCCAACGATCT-1,NAIVE 2,0.039450653
TTAGTTCCAAGGTGTG-1,IgD+ve Memory,0.041378263
TTAGTTCCACAGCGTC-1,IgD+ve Memory,0.08191791
TTAGTTCCACATGACT-1,IgD+ve Memory,0.03775689
TTAGTTCCACTTAACG-1,IgD-ve Memory,0.023988562
TTAGTTCCAGCCAATT-1,IgD-ve Memory,0.038084876
TTAGTTCCAGGCGATA-1,HSP+,0.032172862
TTAGTTCCAGGGCATA-1,IgD-ve Memory,0.040493228
TTAGTTCCATCTATGG-1,IgD+ve Memory,0.04708545
TTAGTTCCATGCCCGA-1,ASC 1,0.699223
TTAGTTCCATGCGCAC-1,ASC 2,0.7254579
TTAGTTCGTAGCGCAA-1,HSP+,0.03655156
TTAGTTCGTCATACTG-1,IgD-ve Memory,0.15918931
TTAGTTCGTCCATGAT-1,NAIVE 2,0.033888206
TTAGTTCGTCTCAACA-1,IgD+ve Memory,0.05075764
TTAGTTCGTGAAGGCT-1,NAIVE 1,0.04452101
TTAGTTCGTGAGGGAG-1,IgD+ve Memory,0.028958634
TTAGTTCGTGCTCTTC-1,IgD+ve Memory,0.029174035
TTAGTTCTCATGTCTT-1,IgD-ve Memory,0.049225915
TTAGTTCTCCACGTTC-1,IgD+ve Memory,0.07121634
TTAGTTCTCCTGTAGA-1,NAIVE 2,0.026589202
TTAGTTCTCGCAAACT-1,IgD+ve Memory,0.054915793
TTAGTTCTCGGATGTT-1,IgD-ve Memory,0.040375814
TTAGTTCTCGGTCCGA-1,NAIVE 2,0.016743641
TTAGTTCTCTCAAACG-1,NAIVE 1,0.035617024
TTAGTTCTCTCGATGA-1,DN2,0.20472859
TTAGTTCTCTTGCCGT-1,IgD-ve Memory,0.06324338
TTATGCTAGACAAAGG-1,ASC 2,0.6427028
TTATGCTAGAGGTAGA-1,IgD-ve Memory,0.04495863
TTATGCTAGGGTCGAT-1,NAIVE 1,0.03555888
TTATGCTAGGTGATTA-1,NAIVE 2,0.014338108
TTATGCTCAAACTGCT-1,IgD-ve Memory,0.039486732
TTATGCTCAAATCCGT-1,Transitional,0.07446111
TTATGCTCACAACGCC-1,IgD+ve Memory,0.05328959
TTATGCTCACGGTAAG-1,HSP+,0.0448615
TTATGCTCAGCCAGAA-1,IgD-ve Memory,0.050288755
TTATGCTCATTCACTT-1,IgD+ve Memory,0.030600984
TTATGCTGTCGGCACT-1,IgD+ve Memory,0.057812285
TTATGCTGTCTGGAGA-1,Cell-Cycling,0.36348668
TTATGCTGTCTTCAAG-1,IgD+ve Memory,0.046867166
TTATGCTGTGATGATA-1,ASC 3,0.7776234
TTATGCTGTGTAACGG-1,ASC 2,0.66387284
TTATGCTGTGTGACGA-1,HSP+,0.031143753
TTATGCTGTTACGCGC-1,ASC 2,0.6792451
TTATGCTGTTCAGCGC-1,ASC 2,0.79813117
TTATGCTGTTGATTCG-1,IgD-ve Memory,0.024459992
TTATGCTGTTGCGTTA-1,ASC 2,0.810158
TTATGCTTCAACCAAC-1,ASC 2,0.8430895
TTATGCTTCGCGATCG-1,IgD-ve Memory,0.042476848
TTATGCTTCGTTTAGG-1,IgD-ve Memory,0.035236884
TTATGCTTCTAACTCT-1,NAIVE 2,0.031998686
TTATGCTTCTATCGCC-1,IgD-ve Memory,0.050345905
TTATGCTTCTCTGTCG-1,NAIVE 2,0.012698658
TTATGCTTCTTCATGT-1,ASC 2,0.6905967
TTCCCAGAGAGTAATC-1,IgD-ve Memory,0.017372439
TTCCCAGAGCTAGGCA-1,DN2,0.19946513
TTCCCAGAGGACATTA-1,Early-Activation,0.05117584
TTCCCAGAGTTAAGTG-1,NAIVE 1,0.15384215
TTCCCAGCAACTGCTA-1,NAIVE 1,0.04315061
TTCCCAGCAAGGTTTC-1,NAIVE 1,0.034764193
TTCCCAGCACAACGCC-1,NAIVE 2,0.11340074
TTCCCAGCACGAAGCA-1,ASC 2,0.78981686
TTCCCAGCAGCATACT-1,NAIVE 1,0.061689705
TTCCCAGCATTTGCCC-1,IgD+ve Memory,0.054487143
TTCCCAGGTAAGTAGT-1,IgD-ve Memory,0.030632036
TTCCCAGGTACGAAAT-1,IgD-ve Memory,0.04713941
TTCCCAGGTCGCTTCT-1,ASC 3,0.88157856
TTCCCAGTCAAACCGT-1,ASC 2,0.79143846
TTCCCAGTCAAGCCTA-1,ASC 2,0.6461976
TTCCCAGTCAGTACGT-1,HSP+,0.030502906
TTCCCAGTCGGCCGAT-1,NAIVE 1,0.058237154
TTCCCAGTCGGCGCAT-1,ASC 2,0.7997476
TTCCCAGTCTCGTTTA-1,IgD-ve Memory,0.040227942
TTCCCAGTCTGCGTAA-1,IgD-ve Memory,0.030020965
TTCCCAGTCTTCCTTC-1,NAIVE 1,0.06018892
TTCGAAGAGAAAGTGG-1,IgD+ve Memory,0.051838886
TTCGAAGAGCAGATCG-1,IgD-ve Memory,0.028166408
TTCGAAGAGCTCCTTC-1,NAIVE 1,0.045979273
TTCGAAGAGCTTCGCG-1,HSP+,0.039769877
TTCGAAGAGGACTGGT-1,NAIVE 1,0.031181073
TTCGAAGAGGCGATAC-1,IgD-ve Memory,0.022422804
TTCGAAGAGGCTAGAC-1,IgD-ve Memory,0.05583582
TTCGAAGAGGTACTCT-1,IgD+ve Memory,0.055394005
TTCGAAGAGGTGTGGT-1,Transitional,0.11365521
TTCGAAGAGTATCTCG-1,IgD-ve Memory,0.061549593
TTCGAAGAGTGGTAGC-1,Transitional,0.124181315
TTCGAAGCAAAGCGGT-1,IgD-ve Memory,0.029215338
TTCGAAGCAAGTTGTC-1,IgD-ve Memory,0.021695228
TTCGAAGCACAGGCCT-1,IgD+ve Memory,0.035888307
TTCGAAGCAGTGAGTG-1,Cell-Cycling,0.50874287
TTCGAAGCATCCCACT-1,NAIVE 1,0.039414663
TTCGAAGCATCGGGTC-1,Transitional,0.108568504
TTCGAAGCATGTTGAC-1,IgD-ve Memory,0.025044998
TTCGAAGCATTCTTAC-1,NAIVE 2,0.014409841
TTCGAAGGTATAAACG-1,IgD+ve Memory,0.035741396
TTCGAAGGTCCAAGTT-1,HSP+,0.019702222
TTCGAAGTCAAACAAG-1,DN2,0.02597421
TTCGAAGTCACAGGCC-1,IgD-ve Memory,0.057013016
TTCGAAGTCACATACG-1,IgD-ve Memory,0.060712766
TTCGAAGTCCTTTACA-1,ASC 2,0.7490061
TTCGAAGTCGTCACGG-1,ASC 2,0.86614954
TTCGAAGTCTAACTCT-1,IgD-ve Memory,0.031968217
TTCGAAGTCTCGATGA-1,NAIVE 2,0.03782376
TTCGGTCAGACAAGCC-1,NAIVE 2,0.030741053
TTCGGTCAGATCCTGT-1,IgD-ve Memory,0.04882598
TTCGGTCAGCAGGCTA-1,NAIVE 1,0.052180734
TTCGGTCAGGATGGTC-1,IgD-ve Memory,0.023215342
TTCGGTCAGGTGCTTT-1,NAIVE 2,0.009218718
TTCGGTCAGGTTACCT-1,IgD+ve Memory,0.047113076
TTCGGTCCAATGAATG-1,NAIVE 1,0.054813847
TTCGGTCCACGGTAAG-1,ASC 1,0.79981995
TTCGGTCCAGACACTT-1,IgD-ve Memory,0.037043296
TTCGGTCCAGGTGCCT-1,IgD+ve Memory,0.058146097
TTCGGTCCAGTATCTG-1,IgD+ve Memory,0.03217839
TTCGGTCCAGTCTTCC-1,IgD+ve Memory,0.024237242
TTCGGTCCATCGGGTC-1,IgD-ve Memory,0.035906605
TTCGGTCCATCGGTTA-1,Cell-Cycling,0.27753818
TTCGGTCCATCTATGG-1,DN2,0.23265362
TTCGGTCCATGTCCTC-1,ASC 2,0.8141383
TTCGGTCGTCTCGTTC-1,IgD+ve Memory,0.05071354
TTCGGTCGTGCCTGGT-1,IgD-ve Memory,0.046725508
TTCGGTCGTTCAGTAC-1,ASC 2,0.7186913
TTCGGTCGTTGGTGGA-1,IgD-ve Memory,0.04223598
TTCGGTCGTTTCCACC-1,ASC 2,0.84609914
TTCGGTCTCAATCTCT-1,IgD-ve Memory,0.050202288
TTCGGTCTCAGAGACG-1,IgD-ve Memory,0.06527423
TTCGGTCTCCAAGCCG-1,IgD+ve Memory,0.06311354
TTCGGTCTCGTACGGC-1,IgD+ve Memory,0.07830603
TTCGGTCTCTAACTTC-1,ASC 2,0.8861262
TTCTACAAGAACTGTA-1,NAIVE 2,0.028444689
TTCTACAAGAATGTGT-1,IgD+ve Memory,0.059828755
TTCTACAAGAATTGTG-1,HSP+,0.038827762
TTCTACAAGCTCCTTC-1,IgD+ve Memory,0.053174354
TTCTACAAGTACACCT-1,IgD-ve Memory,0.037202947
TTCTACACAAAGAATC-1,IgD-ve Memory,0.03384014
TTCTACACAAGACACG-1,ASC 2,0.7653991
TTCTACACATAACCTG-1,NAIVE 1,0.04486954
TTCTACACATCCAACA-1,ASC 2,0.67548645
TTCTACACATCCCATC-1,NAIVE 2,0.00763912
TTCTACACATGGTTGT-1,DN2,0.2007742
TTCTACAGTACCGAGA-1,DN2,0.1752321
TTCTACAGTATAATGG-1,IgD+ve Memory,0.050266854
TTCTACAGTCAGATAA-1,NAIVE 1,0.06635382
TTCTACAGTCAGTGGA-1,NAIVE 2,0.033275243
TTCTACAGTCGACTAT-1,IgD-ve Memory,0.03207665
TTCTACAGTCGGCATC-1,NAIVE 1,0.017739356
TTCTACAGTCTGGTCG-1,ASC 2,0.74863833
TTCTACAGTGAAATCA-1,ASC 2,0.8403243
TTCTACAGTGGCCCTA-1,IgD+ve Memory,0.034136992
TTCTACATCACTCTTA-1,IgD-ve Memory,0.031355716
TTCTACATCTAACTGG-1,IgD+ve Memory,0.0532692
TTCTACATCTTGTACT-1,ASC 2,0.83245146
TTCTCAAAGAGACTAT-1,IgD+ve Memory,0.060709186
TTCTCAAAGCTGCGAA-1,NAIVE 2,0.048438013
TTCTCAAAGCTGTTCA-1,ASC 2,0.75751674
TTCTCAAAGGCTCATT-1,IgD-ve Memory,0.032993924
TTCTCAAAGGTGTTAA-1,IgD+ve Memory,0.058932595
TTCTCAAAGTAACCCT-1,ASC 2,0.802986
TTCTCAAAGTGGGATC-1,IgD-ve Memory,0.033450402
TTCTCAAAGTTGAGTA-1,NAIVE 2,0.033614624
TTCTCAACAAGCCCAC-1,NAIVE 1,0.03788323
TTCTCAACAAGTACCT-1,IgD+ve Memory,0.04068498
TTCTCAACACAGCGTC-1,IgD+ve Memory,0.027268434
TTCTCAACACCCATGG-1,NAIVE 2,0.02756277
TTCTCAACACCGAATT-1,IgD-ve Memory,0.023735119
TTCTCAACACTACAGT-1,IgD-ve Memory,0.032474782
TTCTCAACAGTCTTCC-1,NAIVE 1,0.045818105
TTCTCAACATGCTAGT-1,IgD-ve Memory,0.02819196
TTCTCAACATGTTGAC-1,ASC 1,0.8504689
TTCTCAACATTTGCCC-1,NAIVE 2,0.039449643
TTCTCAAGTAAGAGAG-1,ASC 2,0.73298424
TTCTCAAGTCATTAGC-1,NAIVE 1,0.068287455
TTCTCAAGTGCCTTGG-1,IgD+ve Memory,0.05200137
TTCTCAAGTGCTCTTC-1,IgD-ve Memory,0.049299814
TTCTCAAGTTATCCGA-1,IgD+ve Memory,0.044469442
TTCTCAAGTTGTCGCG-1,ASC 2,0.8458463
TTCTCAATCAACGCTA-1,ASC 2,0.65653706
TTCTCAATCAATCACG-1,ASC 2,0.8448686
TTCTCAATCACGGTTA-1,NAIVE 1,0.04128848
TTCTCAATCATAGCAC-1,NAIVE 1,0.056653507
TTCTCAATCCAATGGT-1,IgD-ve Memory,0.032400575
TTCTCAATCCACGCAG-1,NAIVE 2,0.01247559
TTCTCAATCCCACTTG-1,IgD-ve Memory,0.03726913
TTCTCAATCCGAATGT-1,Cell-Cycling,0.34024483
TTCTCAATCGAGAACG-1,ASC 3,0.8066415
TTCTCAATCGCATGAT-1,NAIVE 1,0.02862815
TTCTCAATCGCGTTTC-1,ASC 2,0.7272537
TTCTCAATCTGCTGTC-1,NAIVE 1,0.035949107
TTCTCCTAGAAGGTTT-1,HSP+,0.032557968
TTCTCCTAGAATGTGT-1,IgD-ve Memory,0.021730086
TTCTCCTAGAGCTGCA-1,NAIVE 2,0.02114534
TTCTCCTAGGATTCGG-1,IgD-ve Memory,0.046463925
TTCTCCTAGTTGTAGA-1,ASC 3,0.8251348
TTCTCCTCAACACCCG-1,NAIVE 1,0.050566636
TTCTCCTCAACACGCC-1,Cell-Cycling,0.1973223
TTCTCCTCAAGCTGGA-1,Transitional,0.11962913
TTCTCCTCACACCGAC-1,DN2,0.16375345
TTCTCCTCACCAGATT-1,ASC 2,0.67391527
TTCTCCTCAGCTATTG-1,DN2,0.19848107
TTCTCCTGTAAGGGAA-1,ASC 2,0.69150823
TTCTCCTGTATAGGTA-1,ASC 2,0.6931014
TTCTCCTGTCTAGCGC-1,IgD-ve Memory,0.03877926
TTCTCCTGTGACTACT-1,NAIVE 2,0.06419141
TTCTCCTTCACAGTAC-1,ASC 2,0.84294355
TTCTCCTTCAGCATGT-1,DN2,0.017332895
TTCTCCTTCATAAAGG-1,IgD-ve Memory,0.03757398
TTCTCCTTCATTTGGG-1,Cell-Cycling,0.6732046
TTCTCCTTCCGCGCAA-1,NAIVE 2,0.07145889
TTCTCCTTCTATCCCG-1,Transitional,0.13428946
TTCTCCTTCTCGCTTG-1,IgD-ve Memory,0.033356477
TTCTTAGAGAGCTATA-1,NAIVE 2,0.0440105
TTCTTAGAGCGTGTCC-1,NAIVE 1,0.039244935
TTCTTAGAGGACATTA-1,IgD+ve Memory,0.03730575
TTCTTAGAGTAAGTAC-1,IgD+ve Memory,0.06109703
TTCTTAGAGTGACTCT-1,Early-Activation,0.052481335
TTCTTAGAGTGCAAGC-1,NAIVE 1,0.073904514
TTCTTAGAGTTGAGTA-1,IgD+ve Memory,0.05401323
TTCTTAGCACATTCGA-1,IgD+ve Memory,0.2046452
TTCTTAGCACGACTCG-1,NAIVE 1,0.06160295
TTCTTAGCACGGATAG-1,ASC 2,0.804105
TTCTTAGCACTAAGTC-1,HSP+,0.023513451
TTCTTAGCAGACTCGC-1,IgD+ve Memory,0.07257065
TTCTTAGCAGCCAGAA-1,IgD+ve Memory,0.059281692
TTCTTAGCAGCCTTTC-1,ASC 1,0.7408894
TTCTTAGCATAAAGGT-1,ASC 2,0.5859185
TTCTTAGCATGCTAGT-1,ASC 2,0.8039584
TTCTTAGCATTAGGCT-1,Early-Activation,0.059867606
TTCTTAGGTACAGACG-1,ASC 2,0.33974588
TTCTTAGGTATATGAG-1,Transitional,0.114899
TTCTTAGGTCGTCTTC-1,IgD-ve Memory,0.0369278
TTCTTAGGTGAACCTT-1,ASC 3,0.7911495
TTCTTAGGTGGTTTCA-1,IgD+ve Memory,0.038028635
TTCTTAGTCACATACG-1,IgD+ve Memory,0.048607484
TTCTTAGTCCACGTGG-1,HSP+,0.029748207
TTCTTAGTCGATGAGG-1,NAIVE 1,0.07144342
TTCTTAGTCTCCAACC-1,ASC 2,0.87462324
TTCTTAGTCTGAAAGA-1,NAIVE 1,0.030011082
TTCTTAGTCTGCAAGT-1,IgD-ve Memory,0.054737445
TTCTTAGTCTTCTGGC-1,NAIVE 2,0.02614865
TTGAACGAGAAACCAT-1,IgD-ve Memory,0.04864129
TTGAACGAGGTGCAAC-1,IgD-ve Memory,0.019958692
TTGAACGAGTACGTTC-1,IgD-ve Memory,0.02987667
TTGAACGAGTCGTACT-1,ASC 2,0.785763
TTGAACGAGTGAACGC-1,NAIVE 2,0.036989227
TTGAACGCAAAGAATC-1,DN2,0.0805642
TTGAACGCACCGTTGG-1,ASC 2,0.96281725
TTGAACGCACGGTAGA-1,IgD-ve Memory,0.03186219
TTGAACGCAGATCGGA-1,IgD+ve Memory,0.030210176
TTGAACGCATAGTAAG-1,DN2,0.18936712
TTGAACGCATGACATC-1,NAIVE 2,0.03572095
TTGAACGGTAAGAGAG-1,NAIVE 2,0.044913772
TTGAACGGTAGCCTAT-1,NAIVE 2,0.01659789
TTGAACGGTCCGACGT-1,ASC 2,0.74249065
TTGAACGGTGCCTGGT-1,IgD-ve Memory,0.027967086
TTGAACGGTGTGCCTG-1,IgD-ve Memory,0.04006694
TTGAACGGTTAGGGTG-1,IgD+ve Memory,0.056844693
TTGAACGGTTATCCGA-1,IgD-ve Memory,0.03474278
TTGAACGGTTCGGCAC-1,IgD+ve Memory,0.07038891
TTGAACGTCCACGTTC-1,IgD-ve Memory,0.05531434
TTGAACGTCCGGCACA-1,Transitional,0.11132255
TTGAACGTCCGGGTGT-1,IgD-ve Memory,0.06667753
TTGAACGTCCTTAATC-1,HSP+,0.1203414
TTGAACGTCGTGACAT-1,NAIVE 2,0.0352037
TTGAACGTCTACGAGT-1,IgD+ve Memory,0.03415252
TTGAACGTCTCATTCA-1,NAIVE 1,0.037275307
TTGAACGTCTCGTTTA-1,NAIVE 2,0.04025427
TTGACTTAGGACTGGT-1,IgD+ve Memory,0.07664854
TTGACTTCAAGACACG-1,IgD-ve Memory,0.04796277
TTGACTTCAATGGATA-1,NAIVE 2,0.02180823
TTGACTTCACAGACTT-1,IgD-ve Memory,0.02875241
TTGACTTCACGTCAGC-1,IgD-ve Memory,0.036028486
TTGACTTCAGCGATCC-1,HSP+,0.116540566
TTGACTTCATACTACG-1,DN2,0.17160252
TTGACTTCATTGGTAC-1,IgD+ve Memory,0.056246877
TTGACTTGTAATCGTC-1,NAIVE 2,0.04374009
TTGACTTGTACAGACG-1,NAIVE 1,0.014606345
TTGACTTGTAGTAGTA-1,IgD+ve Memory,0.03923327
TTGACTTGTCCGTCAG-1,NAIVE 2,0.049618497
TTGACTTGTCGGCATC-1,Early-Activation,0.060679004
TTGACTTGTCTTCTCG-1,ASC 2,0.7836226
TTGACTTGTGTTTGGT-1,NAIVE 2,0.08457006
TTGACTTGTTCCACGG-1,NAIVE 2,0.03523783
TTGACTTGTTGATTCG-1,IgD+ve Memory,0.06976509
TTGACTTGTTTGACAC-1,IgD+ve Memory,0.05916133
TTGACTTTCAACCATG-1,HSP+,0.07610662
TTGACTTTCACCATAG-1,NAIVE 2,0.043760993
TTGACTTTCAGAAATG-1,IgD+ve Memory,0.059718825
TTGACTTTCAGCTCGG-1,NAIVE 2,0.015408789
TTGACTTTCAGTGTTG-1,IgD-ve Memory,0.035425086
TTGACTTTCATGCAAC-1,NAIVE 2,0.006050029
TTGACTTTCCCTAATT-1,IgD+ve Memory,0.043857526
TTGACTTTCCCTCTTT-1,IgD-ve Memory,0.028176147
TTGACTTTCCGCATAA-1,NAIVE 2,0.037352845
TTGACTTTCCTGCTTG-1,IgD+ve Memory,0.07799345
TTGACTTTCGGTTCGG-1,NAIVE 1,0.03391194
TTGACTTTCTAACCGA-1,NAIVE 1,0.046184525
TTGACTTTCTGCGGCA-1,ASC 2,0.839877
TTGCCGTAGCTTTGGT-1,IgD+ve Memory,0.08044452
TTGCCGTAGGCGCTCT-1,HSP+,0.11495219
TTGCCGTAGTAAGTAC-1,IgD-ve Memory,0.04508244
TTGCCGTAGTATCGAA-1,IgD-ve Memory,0.04320517
TTGCCGTCAAGACGTG-1,ASC 2,0.80948347
TTGCCGTCAATCACAC-1,IgD-ve Memory,0.045193583
TTGCCGTCACCTGGTG-1,IgD-ve Memory,0.039308745
TTGCCGTCATAGGATA-1,IgD-ve Memory,0.028793674
TTGCCGTGTACAGACG-1,NAIVE 2,0.02959992
TTGCCGTGTGACAAAT-1,HSP+,0.03464815
TTGCCGTGTGTGAATA-1,NAIVE 1,0.044463504
TTGCCGTGTTAGGGTG-1,ASC 3,0.7764993
TTGCCGTGTTCACCTC-1,IgD+ve Memory,0.032038316
TTGCCGTGTTGGAGGT-1,NAIVE 2,0.07282239
TTGCCGTGTTGGGACA-1,IgD-ve Memory,0.06327386
TTGCCGTTCAACACGT-1,HSP+,0.04607638
TTGCCGTTCAGATAAG-1,IgD-ve Memory,0.034447096
TTGCCGTTCCGTAGGC-1,ASC 2,0.8014198
TTGCCGTTCGGCGCAT-1,IgD-ve Memory,0.031269096
TTGCCGTTCTTCAACT-1,HSP+,0.045760132
TTGCGTCAGAAACCAT-1,NAIVE 1,0.017929586
TTGCGTCAGAAGGACA-1,IgD-ve Memory,0.034572195
TTGCGTCAGAAGGCCT-1,NAIVE 1,0.053361267
TTGCGTCAGATAGTCA-1,IgD-ve Memory,0.03870107
TTGCGTCAGCATCATC-1,IgD+ve Memory,0.06630012
TTGCGTCAGCGATATA-1,NAIVE 2,0.018643973
TTGCGTCAGGAATTAC-1,IgD+ve Memory,0.05422306
TTGCGTCAGGGAACGG-1,ASC 2,0.6864759
TTGCGTCAGGTCATCT-1,HSP+,0.11486722
TTGCGTCAGTACACCT-1,IgD+ve Memory,0.04123795
TTGCGTCAGTACGATA-1,NAIVE 1,0.03898797
TTGCGTCAGTCATGCT-1,HSP+,0.030897683
TTGCGTCAGTGGTAGC-1,NAIVE 1,0.05214555
TTGCGTCCAAATCCGT-1,NAIVE 1,0.06718736
TTGCGTCCACGGTTTA-1,IgD-ve Memory,0.012142746
TTGCGTCCAGACAGGT-1,ASC 2,0.81228983
TTGCGTCCATCCGTGG-1,IgD-ve Memory,0.022917902
TTGCGTCCATGTAAGA-1,IgD-ve Memory,0.054156832
TTGCGTCGTACCGAGA-1,IgD-ve Memory,0.023579976
TTGCGTCGTACTTCTT-1,IgD+ve Memory,0.01905197
TTGCGTCGTCAGCTAT-1,NAIVE 2,0.03451327
TTGCGTCGTCTCGTTC-1,NAIVE 1,0.03003828
TTGCGTCGTTCCACGG-1,ASC 2,0.91734594
TTGCGTCGTTCCCTTG-1,ASC 2,0.77226216
TTGCGTCTCGAACGGA-1,HSP+,0.048281625
TTGCGTCTCGCGATCG-1,IgD-ve Memory,0.033610806
TTGCGTCTCTCGCTTG-1,NAIVE 1,0.045251098
TTGCGTCTCTTGTACT-1,IgD+ve Memory,0.06082565
TTGGAACAGAATCTCC-1,IgD-ve Memory,0.033472076
TTGGAACAGAGACTTA-1,IgD-ve Memory,0.05406909
TTGGAACAGATATACG-1,ASC 2,0.56661576
TTGGAACAGATGGGTC-1,ASC 2,0.8635372
TTGGAACAGGAGTTGC-1,NAIVE 2,0.052058946
TTGGAACAGGGCTTCC-1,NAIVE 2,0.018031191
TTGGAACAGTCGTACT-1,IgD+ve Memory,0.042737313
TTGGAACAGTGAAGAG-1,NAIVE 2,0.020384938
TTGGAACAGTGAATTG-1,IgD-ve Memory,0.026482278
TTGGAACCACCGAAAG-1,IgD+ve Memory,0.05286665
TTGGAACCACTCGACG-1,IgD-ve Memory,0.017223926
TTGGAACCACTGCCAG-1,ASC 2,0.72528154
TTGGAACCAGTAAGCG-1,IgD+ve Memory,0.021373948
TTGGAACCAGTGAGTG-1,IgD-ve Memory,0.032852657
TTGGAACGTCAATACC-1,ASC 2,0.8858787
TTGGAACGTCGGATCC-1,Early-Activation,0.03744711
TTGGAACGTCTTCTCG-1,IgD+ve Memory,0.07065881
TTGGAACGTGCATCTA-1,IgD-ve Memory,0.07869156
TTGGAACGTGTATGGG-1,Transitional,0.117011994
TTGGAACGTTCAGACT-1,Cell-Cycling,0.3681989
TTGGAACTCAACACCA-1,IgD-ve Memory,0.072446495
TTGGAACTCAGCTCGG-1,IgD+ve Memory,0.056746624
TTGGAACTCATTGCCC-1,IgD+ve Memory,0.056112625
TTGGAACTCCGCAGTG-1,IgD+ve Memory,0.03722162
TTGGAACTCGGTCCGA-1,IgD+ve Memory,0.0324618
TTGGAACTCTACTTAC-1,IgD-ve Memory,0.038097624
TTGGAACTCTTTACAC-1,ASC 2,0.816294
TTGGCAAAGAACTGTA-1,Transitional,0.12153752
TTGGCAAAGAGACGAA-1,Transitional,0.11753039
TTGGCAAAGCTGCGAA-1,NAIVE 2,0.061591063
TTGGCAAAGGAGCGAG-1,NAIVE 2,0.017373415
TTGGCAACAACACGCC-1,IgD+ve Memory,0.041674852
TTGGCAACACCATGTA-1,IgD-ve Memory,0.039922494
TTGGCAACACTGCCAG-1,IgD-ve Memory,0.016107531
TTGGCAACAGATCGGA-1,IgD-ve Memory,0.037823815
TTGGCAACAGGCTCAC-1,DN2,0.08161181
TTGGCAACAGGGTTAG-1,IgD+ve Memory,0.038898002
TTGGCAAGTAGAGGAA-1,NAIVE 1,0.05257952
TTGGCAAGTCAGATAA-1,IgD-ve Memory,0.03136554
TTGGCAAGTCCGAACC-1,ASC 2,0.6688349
TTGGCAAGTCTAAAGA-1,IgD+ve Memory,0.045575276
TTGGCAAGTTAAGTAG-1,ASC 3,0.71393424
TTGGCAAGTTCCAACA-1,ASC 2,0.72373027
TTGGCAATCAAACCAC-1,NAIVE 1,0.09625253
TTGGCAATCAGTGCAT-1,ASC 2,0.78173405
TTGGCAATCATCGATG-1,ASC 2,0.76051277
TTGGCAATCATGCATG-1,IgD-ve Memory,0.027492104
TTGGCAATCCCTTGCA-1,NAIVE 1,0.06293962
TTGGCAATCCGTCATC-1,ASC 2,0.78868645
TTGGCAATCCTTCAAT-1,HSP+,0.053968165
TTGGCAATCGCCTGAG-1,NAIVE 2,0.09126911
TTGGCAATCGGTCCGA-1,DN2,0.2028048
TTGGCAATCTAACTTC-1,IgD-ve Memory,0.03604601
TTGGCAATCTCCTATA-1,IgD+ve Memory,0.033108022
TTGGCAATCTGTACGA-1,IgD-ve Memory,0.043742023
TTGTAGGAGATGAGAG-1,IgD-ve Memory,0.030054577
TTGTAGGAGCCACCTG-1,NAIVE 1,0.033972062
TTGTAGGAGCGATATA-1,NAIVE 1,0.058265373
TTGTAGGAGGATGGAA-1,ASC 2,0.87802744
TTGTAGGAGGCAGTCA-1,IgD-ve Memory,0.02010411
TTGTAGGAGGTCGGAT-1,IgD-ve Memory,0.040508255
TTGTAGGAGTACGCCC-1,IgD-ve Memory,0.020740412
TTGTAGGCAGACAGGT-1,IgD+ve Memory,0.04272212
TTGTAGGCATGGTCTA-1,HSP+,0.031901516
TTGTAGGGTAAACACA-1,NAIVE 1,0.08110578
TTGTAGGGTCAGGACA-1,ASC 2,0.8090192
TTGTAGGGTCAGTGGA-1,NAIVE 2,0.07578199
TTGTAGGGTCGACTGC-1,NAIVE 2,0.026737705
TTGTAGGGTCGATTGT-1,IgD-ve Memory,0.06546002
TTGTAGGGTCTCCACT-1,IgD-ve Memory,0.030675473
TTGTAGGGTCTTGTCC-1,NAIVE 1,0.04570421
TTGTAGGGTGTATGGG-1,NAIVE 1,0.062932186
TTGTAGGGTGTTTGTG-1,NAIVE 1,0.039831515
TTGTAGGGTTGCTCCT-1,NAIVE 1,0.09416111
TTGTAGGTCAAACCGT-1,NAIVE 1,0.04007239
TTGTAGGTCCACGAAT-1,NAIVE 1,0.04363296
TTGTAGGTCCGATATG-1,IgD+ve Memory,0.0685212
TTGTAGGTCCTATTCA-1,IgD+ve Memory,0.05636485
TTGTAGGTCTAACTGG-1,IgD-ve Memory,0.04201514
TTGTAGGTCTGGAGCC-1,NAIVE 1,0.025385348
TTGTAGGTCTGGTGTA-1,ASC 2,0.72483146
TTTACTGAGAAGGTTT-1,IgD-ve Memory,0.06388328
TTTACTGAGACAAAGG-1,IgD+ve Memory,0.060827274
TTTACTGAGAGGTTGC-1,ASC 2,0.6563412
TTTACTGAGCTAACAA-1,IgD+ve Memory,0.060649652
TTTACTGAGGTGATAT-1,IgD+ve Memory,0.08293374
TTTACTGAGTGTACTC-1,IgD-ve Memory,0.058263026
TTTACTGCAAAGCGGT-1,NAIVE 1,0.049632225
TTTACTGCAAGCGATG-1,Early-Activation,0.044326816
TTTACTGCAAGCTGGA-1,IgD+ve Memory,0.040889673
TTTACTGCAAGTCTAC-1,NAIVE 2,0.041342586
TTTACTGCACGCATCG-1,IgD+ve Memory,0.08029726
TTTACTGCACTTGGAT-1,IgD-ve Memory,0.033933576
TTTACTGCAGACAAGC-1,ASC 2,0.8262295
TTTACTGCAGCCAGAA-1,NAIVE 1,0.04098715
TTTACTGCATACGCTA-1,NAIVE 1,0.05564526
TTTACTGCATTGAGCT-1,NAIVE 1,0.03280049
TTTACTGGTACAGCAG-1,Cell-Cycling,0.11722781
TTTACTGGTACCTACA-1,IgD-ve Memory,0.022620868
TTTACTGGTAGCTGCC-1,ASC 2,0.8122495
TTTACTGGTATCTGCA-1,IgD-ve Memory,0.028094394
TTTACTGGTCGCGTGT-1,Cell-Cycling,0.39900395
TTTACTGGTCTGATTG-1,IgD-ve Memory,0.041423373
TTTACTGGTGTCGCTG-1,IgD-ve Memory,0.029494738
TTTACTGGTGTCTGAT-1,Cell-Cycling,0.6871736
TTTACTGGTGTGGTTT-1,NAIVE 2,0.040464457
TTTACTGGTTGTCGCG-1,IgD-ve Memory,0.05951673
TTTACTGTCAAACGGG-1,Early-Activation,0.0662014
TTTACTGTCACGGTTA-1,NAIVE 1,0.031027256
TTTACTGTCAGCTCTC-1,ASC 2,0.7929159
TTTACTGTCAGGCCCA-1,Early-Activation,0.05027157
TTTACTGTCTGTCTCG-1,IgD+ve Memory,0.066196084
TTTACTGTCTTACCTA-1,NAIVE 2,0.033355225
TTTACTGTCTTGTTTG-1,IgD-ve Memory,0.03024778
TTTATGCAGCGTTTAC-1,IgD+ve Memory,0.044839468
TTTATGCCAAGCGCTC-1,IgD+ve Memory,0.049606778
TTTATGCCATATGCTG-1,ASC 2,0.59327656
TTTATGCGTCGTTGTA-1,NAIVE 2,0.06550644
TTTATGCGTGCGGTAA-1,ASC 2,0.7667014
TTTATGCGTGTGACGA-1,NAIVE 2,0.019158265
TTTATGCGTGTGCGTC-1,IgD-ve Memory,0.037774935
TTTATGCGTTCGCGAC-1,Transitional,0.119326055
TTTATGCGTTCTGGTA-1,ASC 2,0.7745576
TTTATGCGTTGGTGGA-1,NAIVE 1,0.0503953
TTTATGCTCAGCATGT-1,IgD+ve Memory,0.047294043
TTTATGCTCCAAACAC-1,IgD+ve Memory,0.05110106
TTTATGCTCCAGTATG-1,NAIVE 1,0.050882705
TTTATGCTCGGGAGTA-1,IgD+ve Memory,0.038026933
TTTATGCTCGGTCCGA-1,ASC 2,0.6932892
TTTATGCTCTCCTATA-1,IgD-ve Memory,0.014845541
TTTATGCTCTGCAAGT-1,NAIVE 2,0.029569259
TTTCCTCAGAAGCCCA-1,NAIVE 1,0.033038232
TTTCCTCAGACAAAGG-1,IgD+ve Memory,0.056606337
TTTCCTCAGCTCCCAG-1,IgD-ve Memory,0.032821912
TTTCCTCAGGGTCGAT-1,IgD-ve Memory,0.02511231
TTTCCTCAGTCAAGCG-1,IgD-ve Memory,0.029313505
TTTCCTCAGTGACATA-1,NAIVE 2,0.048849232
TTTCCTCAGTTAGGTA-1,NAIVE 2,0.09564882
TTTCCTCAGTTATCGC-1,ASC 2,0.7718762
TTTCCTCCAAACCCAT-1,IgD+ve Memory,0.047366995
TTTCCTCCAACGATGG-1,IgD+ve Memory,0.03631495
TTTCCTCCAAGCTGTT-1,ASC 2,0.66482085
TTTCCTCCACTTCGAA-1,NAIVE 2,0.038127825
TTTCCTCCAGCCAGAA-1,IgD+ve Memory,0.03748177
TTTCCTCCAGGGATTG-1,NAIVE 1,0.045022093
TTTCCTCCAGGGTACA-1,ASC 1,0.7766259
TTTCCTCCAGTAACGG-1,ASC 2,0.7636096
TTTCCTCCATACTACG-1,ASC 2,0.8613031
TTTCCTCCATATGCTG-1,Early-Activation,0.04952539
TTTCCTCCATCGATTG-1,ASC 2,0.8050625
TTTCCTCGTAGCTAAA-1,NAIVE 2,0.034110494
TTTCCTCGTCATCCCT-1,Early-Activation,0.04652159
TTTCCTCGTGAACCTT-1,IgD-ve Memory,0.04113783
TTTCCTCGTGAGCGAT-1,ASC 3,0.8066135
TTTCCTCGTGGACGAT-1,Cell-Cycling,0.66896796
TTTCCTCGTTGATTCG-1,NAIVE 2,0.024936656
TTTCCTCGTTTGGGCC-1,IgD-ve Memory,0.016247643
TTTCCTCTCCACGTGG-1,DN2,0.20982896
TTTCCTCTCGCAAGCC-1,IgD+ve Memory,0.02575396
TTTCCTCTCTCAAACG-1,HSP+,0.099353
TTTCCTCTCTCGAGTA-1,ASC 2,0.83448136
TTTGCGCAGACTTTCG-1,NAIVE 1,0.021013958
TTTGCGCAGAGACTAT-1,IgD+ve Memory,0.045429334
TTTGCGCAGCAGGCTA-1,NAIVE 2,0.014848394
TTTGCGCAGCGTCAAG-1,HSP+,0.11204942
TTTGCGCAGCTTTGGT-1,NAIVE 2,0.013455225
TTTGCGCAGGATGGTC-1,NAIVE 2,0.046027683
TTTGCGCAGTACTTGC-1,IgD+ve Memory,0.07492067
TTTGCGCAGTGCCAGA-1,IgD+ve Memory,0.048730254
TTTGCGCCAAAGAATC-1,ASC 2,0.61287457
TTTGCGCCACATCCAA-1,IgD+ve Memory,0.07042319
TTTGCGCCACTCAGGC-1,IgD-ve Memory,0.05227255
TTTGCGCCACTTAACG-1,IgD+ve Memory,0.036415644
TTTGCGCCAGGGATTG-1,ASC 2,0.8074478
TTTGCGCCATAGAAAC-1,IgD+ve Memory,0.03620467
TTTGCGCCATCCCACT-1,HSP+,0.048274487
TTTGCGCCATGTCTCC-1,IgD-ve Memory,0.051546846
TTTGCGCCATTCACTT-1,ASC 2,0.94714254
TTTGCGCGTCCTGCTT-1,Cell-Cycling,0.40555245
TTTGCGCGTCTCCATC-1,IgD-ve Memory,0.048366815
TTTGCGCGTGCTTCTC-1,NAIVE 1,0.04050597
TTTGCGCGTGTAAGTA-1,IgD+ve Memory,0.03198723
TTTGCGCGTTCCGTCT-1,NAIVE 1,0.22277834
TTTGCGCGTTCCTCCA-1,IgD-ve Memory,0.03904666
TTTGCGCGTTGAGGTG-1,NAIVE 2,0.009987542
TTTGCGCGTTTGACAC-1,NAIVE 2,0.06162578
TTTGCGCTCAAACAAG-1,NAIVE 2,0.04843739
TTTGCGCTCATGGTCA-1,ASC 2,0.8754758
TTTGCGCTCCAGTAGT-1,NAIVE 1,0.07441076
TTTGCGCTCCGCGTTT-1,NAIVE 2,0.03344881
TTTGCGCTCGAGAACG-1,DN2,0.104330204
TTTGCGCTCTAACTGG-1,IgD-ve Memory,0.061542396
TTTGCGCTCTACTTAC-1,NAIVE 1,0.04472254
TTTGCGCTCTGCAGTA-1,IgD-ve Memory,0.042680778
TTTGGTTAGACTGGGT-1,NAIVE 2,0.049289137
TTTGGTTAGGTGTTAA-1,NAIVE 1,0.08266396
TTTGGTTAGTACGTAA-1,Cell-Cycling,0.27342013
TTTGGTTAGTTGTCGT-1,IgD+ve Memory,0.03067343
TTTGGTTCAATCTGCA-1,IgD+ve Memory,0.063506514
TTTGGTTCACCAGCAC-1,HSP+,0.052820925
TTTGGTTCAGACACTT-1,IgD-ve Memory,0.062002
TTTGGTTCAGGTTTCA-1,ASC 2,0.661931
TTTGGTTCAGTAGAGC-1,DN2,0.1829995
TTTGGTTCATCACCCT-1,NAIVE 1,0.023464648
TTTGGTTCATGTTCCC-1,NAIVE 2,0.037417468
TTTGGTTGTATATGAG-1,ASC 1,0.8008179
TTTGGTTGTCAAACTC-1,IgD+ve Memory,0.075021505
TTTGGTTGTGAAGGCT-1,ASC 1,0.55462265
TTTGGTTGTGTTCTTT-1,IgD+ve Memory,0.02951666
TTTGGTTTCACAGGCC-1,ASC 3,0.81966424
TTTGGTTTCACCCTCA-1,IgD+ve Memory,0.043960556
TTTGGTTTCATGGTCA-1,HSP+,0.039216835
TTTGGTTTCCACGACG-1,IgD-ve Memory,0.03012543
TTTGGTTTCCGATATG-1,ASC 2,0.7249744
TTTGGTTTCCGCAAGC-1,IgD-ve Memory,0.043610036
TTTGGTTTCCGCGTTT-1,NAIVE 2,0.116649084
TTTGGTTTCTCATTCA-1,IgD+ve Memory,0.04356588
TTTGGTTTCTTCGGTC-1,Cell-Cycling,0.3487007
TTTGGTTTCTTTCCTC-1,IgD+ve Memory,0.052677583
TTTGTCAAGAAGGCCT-1,IgD-ve Memory,0.047639433
TTTGTCAAGACGCAAC-1,IgD-ve Memory,0.037969083
TTTGTCAAGAGACTTA-1,IgD+ve Memory,0.038129956
TTTGTCAAGATGGGTC-1,ASC 2,0.7404308
TTTGTCAAGCAGGTCA-1,Transitional,0.11747938
TTTGTCAAGCCCTAAT-1,NAIVE 2,0.028188346
TTTGTCAAGTCCAGGA-1,IgD-ve Memory,0.04859067
TTTGTCACAAAGTCAA-1,IgD+ve Memory,0.044349913
TTTGTCACAATCTACG-1,ASC 2,0.8927568
TTTGTCACATTAACCG-1,NAIVE 1,0.062673256
TTTGTCACATTTCACT-1,Early-Activation,0.050713297
TTTGTCAGTAGCAAAT-1,IgD+ve Memory,0.04606919
TTTGTCAGTATAAACG-1,ASC 2,0.81943333
TTTGTCAGTCAACATC-1,NAIVE 2,0.073351346
TTTGTCAGTGCAACGA-1,NAIVE 1,0.027592015
TTTGTCAGTGGCCCTA-1,NAIVE 2,0.032780707
TTTGTCAGTGGTGTAG-1,IgD+ve Memory,0.037565947
TTTGTCAGTTTAGGAA-1,IgD-ve Memory,0.032386206
TTTGTCATCAGAGACG-1,DN2,0.19085874
TTTGTCATCCTAGAAC-1,NAIVE 1,0.056208964
TTTGTCATCCTTTCGG-1,NAIVE 2,0.03818505
TTTGTCATCGAACGGA-1,Cell-Cycling,0.4304158
TTTGTCATCGTTGACA-1,Transitional,0.11030526
TTTGTCATCTATCGCC-1,ASC 3,0.51796806
TTTGTCATCTCCAGGG-1,ASC 2,0.74589324
