"p_val","avg_log2FC","pct.1","pct.2","p_val_adj","cluster","gene"
0,0.605822553853511,0.988,0.937,0,"0","RPL35A"
0,0.662624662434622,0.992,0.945,0,"0","RPS18"
0,0.737293298884905,0.991,0.946,0,"0","RPS3"
0,0.633672000642811,0.989,0.945,0,"0","RPL14"
0,0.677383144794187,0.993,0.949,0,"0","RPS14"
0,0.587795757450976,0.992,0.948,0,"0","RPS4X"
0,0.675160558923033,0.994,0.952,0,"0","RPS23"
0,0.612575539551971,0.995,0.953,0,"0","RPS15A"
0,0.627381041392663,0.994,0.953,0,"0","RPL39"
0,0.590558946946042,0.996,0.957,0,"0","RPL32"
0,0.641202339782604,0.998,0.959,0,"0","RPL30"
0,0.627428498460274,0.995,0.956,0,"0","RPS28"
0,0.651645810830103,0.998,0.96,0,"0","RPL34"
0,0.582941018744188,0.995,0.959,0,"0","RPS27A"
0,0.640569570695812,0.996,0.961,0,"0","RPL11"
0,0.631681995775807,0.992,0.957,0,"0","RPS3A"
0,0.701222184100998,0.996,0.965,0,"0","RPS12"
0,0.608320498722831,0.997,0.969,0,"0","RPS8"
0,0.621274078057393,0.997,0.976,0,"0","RPL10"
0,0.523390330405711,0.999,0.98,0,"0","RPL41"
0,0.642286202090481,0.999,0.985,0,"0","EEF1A1"
1.03259719980821e-320,0.708940044491011,0.975,0.905,2.13210669816398e-316,"0","EEF1B2"
2.47329262308128e-320,0.569735766166997,0.994,0.957,5.10685460813823e-316,"0","RPL19"
2.10437380533162e-318,0.587610363467289,0.992,0.945,4.34511103324873e-314,"0","RPS13"
7.89560379831146e-317,0.575613109176171,0.99,0.955,1.63028427227535e-312,"0","RPS2"
2.50671052828693e-300,0.553212473580612,0.991,0.949,5.17585589880685e-296,"0","RPL8"
7.37207528498174e-295,0.537554919134029,0.994,0.952,1.52218610484303e-290,"0","FAU"
1.1005361841036e-294,0.53894069597597,0.994,0.952,2.27238711293711e-290,"0","RPL18"
4.99261062832104e-288,0.566809668757852,0.989,0.94,1.03087424253573e-283,"0","RPS21"
7.97550553166597e-285,0.613389147333481,0.982,0.927,1.64678238217839e-280,"0","RPL3"
1.78820240181961e-283,0.557169884006703,0.994,0.948,3.69228031927713e-279,"0","RPLP2"
2.31226719299905e-282,0.652698348451053,0.971,0.898,4.77436930010443e-278,"0","RPL36A"
2.42406336776725e-279,0.603163997812041,0.981,0.923,5.00520604176582e-275,"0","RPL5"
5.62614149926251e-276,0.536066709379133,0.998,0.967,1.16168569676772e-271,"0","RPS27"
1.09566180544461e-271,0.523489564285278,0.993,0.945,2.26232249588204e-267,"0","RPL7A"
1.43182993416343e-271,0.567285333321297,0.988,0.933,2.95644244806066e-267,"0","RPL26"
1.07101517212127e-264,0.574187005855326,0.986,0.935,2.211432127396e-260,"0","RPS6"
1.77423457744649e-260,0.47405172687676,0.997,0.974,3.6634395555115e-256,"0","RPLP1"
6.69138731779735e-260,0.624500025520119,0.976,0.903,1.3816376533788e-255,"0","RPSA"
8.7484998854355e-241,0.501934237436091,0.991,0.945,1.80639025634472e-236,"0","RPS15"
1.12212844126639e-240,0.570881684714346,0.977,0.915,2.31697080552684e-236,"0","RPL9"
2.46121718573171e-240,0.545149190056054,0.986,0.933,5.08192124509883e-236,"0","RPS25"
1.21985154324982e-238,0.50441608490057,0.993,0.955,2.51874946650223e-234,"0","RPL12"
1.38340312363211e-237,0.495370293389714,0.991,0.947,2.85645076967559e-233,"0","RPS26"
2.73394180261191e-235,0.477675148970416,0.994,0.962,5.64504303403307e-231,"0","TPT1"
3.24068395184391e-234,0.477433003068373,0.997,0.964,6.69136422376732e-230,"0","RPL28"
3.2913468195409e-229,0.53603359894234,0.983,0.924,6.79597291298805e-225,"0","RPL36"
3.18169017663033e-224,0.485401602586762,0.989,0.941,6.56955387670631e-220,"0","RPL29"
1.54972440096406e-223,0.493756859410182,0.993,0.946,3.19987094311059e-219,"0","RPL37"
1.78362544555207e-222,0.538751837049079,0.978,0.924,3.68282981997592e-218,"0","RPL17"
1.2385052787943e-217,0.527645939861022,0.988,0.937,2.55726569965447e-213,"0","RPL13A"
3.36457162729113e-217,0.556260013947812,0.972,0.905,6.94716749603073e-213,"0","NACA"
2.43626327256375e-215,0.501575356428549,0.988,0.942,5.03039640518963e-211,"0","RPS24"
9.26624288733793e-212,0.494207381098781,0.99,0.944,1.91329383137754e-207,"0","RPS7"
1.94376900264927e-211,0.584191756348839,0.961,0.893,4.01349423667022e-207,"0","RPL38"
8.86375644211731e-208,0.494231902269852,0.98,0.925,1.83018843016838e-203,"0","RPS5"
8.83648941079473e-207,0.545138231591704,0.967,0.91,1.8245583335409e-202,"0","RPL22"
1.57883869749791e-202,0.520918540941414,0.988,0.925,3.25998614259369e-198,"0","RPS29"
2.38324969431505e-200,0.607201600900116,0.938,0.854,4.92093396882171e-196,"0","RPL7"
3.6201341658134e-199,0.532894103754937,0.966,0.909,7.4748530255715e-195,"0","RPL24"
4.2230399970841e-196,0.503664880474879,0.984,0.926,8.71973298597924e-192,"0","RPL21"
6.39704085170141e-194,0.508488741088533,0.969,0.913,1.32086099505931e-189,"0","RACK1"
4.88746266989681e-184,0.441621092299578,0.996,0.96,1.00916329208029e-179,"0","RPL13"
7.73570977731189e-182,0.603141385191912,0.936,0.857,1.59726935481936e-177,"0","RPL31"
2.56947798777808e-177,0.701800789794576,0.876,0.771,5.30545814916418e-173,"0","TOMM7"
3.72323265153916e-168,0.499820642140726,0.966,0.903,7.68773077889806e-164,"0","RPL10A"
9.66483301723387e-167,0.651422358714256,0.99,0.961,1.99559472139845e-162,"0","FTH1"
5.67816212483221e-165,0.474701612353943,0.965,0.912,1.17242691553535e-160,"0","RPS16"
1.10362308228012e-163,0.474842944465719,0.973,0.908,2.27876094029199e-159,"0","RPS9"
1.85627232853165e-163,0.535153870909501,0.934,0.869,3.83283110395215e-159,"0","EEF1G"
2.07568992344958e-159,0.575713569889319,0.921,0.835,4.28588455393869e-155,"0","RPS20"
6.15272048402364e-156,0.467740466604558,0.972,0.913,1.2704137255412e-151,"0","RPL23A"
4.59622394337409e-155,0.407631058231035,0.982,0.941,9.49028319827881e-151,"0","RPLP0"
1.20836860659166e-136,0.459348493913971,0.955,0.892,2.49503949889046e-132,"0","UBA52"
6.07386686234672e-133,0.526305888899824,0.904,0.836,1.25413202973735e-128,"0","RPL27A"
7.42726961817795e-133,0.513295147153117,0.925,0.873,1.53358263076138e-128,"0","EEF2"
2.37538225457695e-132,0.400066870532601,0.987,0.961,4.90468927925049e-128,"0","JUND"
1.18118609101569e-122,0.394149572433565,0.979,0.932,2.4389130407292e-118,"0","RPL6"
2.4274989179537e-121,0.451933027962154,0.941,0.885,5.0122997657908e-117,"0","RPS11"
2.3016458457562e-113,0.332446323379822,0.992,0.968,4.7524383423174e-109,"0","EIF1"
1.52563603504267e-112,0.69411248303441,0.762,0.665,3.15013328515611e-108,"0","SNHG29"
3.86778404210104e-110,0.603333351195158,0.802,0.672,7.98620049013022e-106,"0","ZFAS1"
2.09839567896349e-109,0.392080483749965,0.961,0.906,4.33276739792381e-105,"0","RPL37A"
9.73736427547703e-106,0.465603874915832,0.912,0.855,2.0105709756005e-101,"0","RPL4"
2.72833329407657e-105,0.451522976998191,0.918,0.857,5.6334625856093e-101,"0","PFDN5"
4.39074459264092e-104,0.660168218389523,0.815,0.71,9.06600943488497e-100,"0","LY9"
1.46437155021375e-102,0.32523275529002,0.992,0.955,3.02363437688134e-98,"0","RPL18A"
7.99413646813381e-99,0.698578182909823,0.707,0.594,1.65062929794027e-94,"0","GAS5"
9.04043411439941e-99,0.375591916032191,0.959,0.9,1.86666883594119e-94,"0","RPL35"
6.42222518426488e-96,0.331511748818376,0.989,0.946,1.32606105604701e-91,"0","RPS19"
6.61691634358821e-95,0.387618790773971,0.973,0.876,1.36626088662409e-90,"0","CD37"
1.53605995058204e-94,0.358029438094584,0.971,0.914,3.1716565859618e-90,"0","RPL15"
4.98995546835693e-94,0.256463589393336,0.999,0.993,1.03032600510634e-89,"0","B2M"
6.30178689631134e-94,0.487775512235598,0.851,0.79,1.30119295835037e-89,"0","COX7C"
1.51626165112109e-92,0.49026774319393,0.849,0.774,3.13077705723482e-88,"0","BTF3"
3.94605597285848e-92,0.34837865804564,0.971,0.936,8.14781637275818e-88,"0","PNRC1"
8.95456955307835e-90,0.381083213421042,0.913,0.867,1.84893952131962e-85,"0","EEF1D"
4.63205080815147e-89,0.399718705854581,0.941,0.905,9.56425850867115e-85,"0","PABPC1"
4.32016239884991e-84,0.395256471374487,0.906,0.846,8.9202713211453e-80,"0","RPL27"
1.3253179154522e-81,0.390018964237208,0.907,0.773,2.73651643182571e-77,"0","CD69"
5.17569175128983e-80,0.943695671435375,0.474,0.324,1.06867683280632e-75,"0","CD70"
9.64641434797161e-78,0.467661562722817,0.84,0.791,1.99179163456918e-73,"0","SLC25A6"
3.94875851573344e-76,1.02005052367562,0.461,0.322,8.15339658328641e-72,"0","SMIM14"
6.24185623674977e-75,0.615745002797986,0.581,0.421,1.28881847576409e-70,"0","LTB"
3.61080955968537e-74,0.560505161784317,0.731,0.638,7.45559957883835e-70,"0","COMMD6"
1.05113377446601e-71,0.421137232761193,0.851,0.812,2.17038101751742e-67,"0","NPM1"
1.94585588534709e-71,0.400646087165783,0.876,0.824,4.01780323206467e-67,"0","COX4I1"
7.42560545360581e-69,0.522428110689792,0.723,0.609,1.53323901406053e-64,"0","GPR183"
9.26883640405636e-67,0.509297582091738,0.723,0.6,1.91382934070956e-62,"0","CD48"
8.89340352099429e-63,0.556214600903018,0.697,0.65,1.8363099590149e-58,"0","UQCRB"
9.21099711810345e-62,0.270370988945344,0.962,0.848,1.901886684946e-57,"0","CD83"
6.07260170471319e-58,0.439930743697628,0.76,0.713,1.25387079998918e-53,"0","FXYD5"
7.65933640439097e-57,0.355794094100025,0.86,0.816,1.58149978077865e-52,"0","HNRNPA1"
1.05174609971211e-55,0.572023615856142,0.639,0.57,2.17164534668556e-51,"0","NOP53"
3.58842903831976e-55,0.296121341349521,0.917,0.851,7.40938827832265e-51,"0","CXCR4"
5.76401959684523e-54,0.585435214864515,0.271,0.154,1.1901547663566e-49,"0","CCSER1"
1.74113849204852e-51,0.377622888698883,0.888,0.832,3.59510275838178e-47,"0","SAT1"
4.9000691628189e-51,0.296076523717868,0.892,0.859,1.01176628073885e-46,"0","HMGB1"
6.71373041215249e-51,0.645090749191497,0.582,0.51,1.38625105550125e-46,"0","SNHG6"
1.69271125387205e-49,0.253694983188092,0.977,0.955,3.495110196995e-45,"0","EZR"
1.3553579247757e-48,0.437236633354104,0.719,0.636,2.79854304307688e-44,"0","NR4A2"
2.55131515352749e-48,0.366340328515941,0.809,0.765,5.26795552900356e-44,"0","RPL23"
3.9974328791082e-41,0.474506269059161,0.676,0.639,8.25389940878261e-37,"0","SNRPD2"
1.14850676971228e-40,0.511315043534542,0.667,0.634,2.37143677810192e-36,"0","EIF4B"
2.78813837751867e-37,0.367269021172956,0.771,0.761,5.75694812190055e-33,"0","YPEL5"
8.10772420395325e-36,0.474144870897807,0.66,0.641,1.67408289363227e-31,"0","EIF3K"
8.1952565843217e-36,0.516278585048267,0.619,0.591,1.69215657953074e-31,"0","EIF3H"
1.25987791106625e-35,0.290990001323676,0.853,0.828,2.6013959107696e-31,"0","JUNB"
1.96478403869574e-34,0.528103609008086,0.603,0.548,4.05688608309897e-30,"0","CREM"
4.47984849778699e-34,0.36425157540478,0.754,0.732,9.24999117823057e-30,"0","HINT1"
4.48578072236373e-34,0.380326472999121,0.69,0.646,9.26224003553663e-30,"0","DAZAP2"
3.013420336462e-33,0.281623309769651,0.794,0.742,6.22211031072673e-29,"0","SLC2A3"
5.03551899628276e-33,0.82297289828833,0.352,0.268,1.03973396235246e-28,"0","TNFSF9"
6.73655329083722e-32,0.579410833113491,0.529,0.48,1.39096352349207e-27,"0","EIF2S3"
5.109183434731e-31,0.270229323278806,0.844,0.806,1.05494419560326e-26,"0","RPL36AL"
7.07606652569261e-31,0.328604870399702,0.754,0.726,1.46106621622501e-26,"0","CCNI"
1.11617822495556e-30,0.756656098249685,0.358,0.275,2.30468479888824e-26,"0","TNFRSF13B"
1.5302689094393e-30,0.378659631529917,0.702,0.69,3.15969924421027e-26,"0","ATP5MC2"
6.09577187267698e-30,0.283905634177335,0.889,0.867,1.25865497627034e-25,"0","KLF2"
9.48761805878934e-29,0.400563049432876,0.641,0.621,1.95900337677882e-24,"0","EIF3F"
3.00435644375874e-28,0.521668879960022,0.555,0.519,6.20339518507304e-24,"0","EIF3L"
3.46218414521685e-28,0.386716665753808,0.591,0.517,7.14871782304375e-24,"0","TUBA1A"
2.56260055390491e-27,0.301836911541673,0.741,0.716,5.29125762370287e-23,"0","IDS"
1.18072045805823e-26,0.468922952227229,0.572,0.531,2.43795160179864e-22,"0","RNASET2"
1.75960982888585e-26,0.512849719280648,0.556,0.53,3.63324237468351e-22,"0","EIF3E"
3.71319263606348e-25,0.357779388585218,0.692,0.675,7.66700015494386e-21,"0","SUMO2"
2.10300372624745e-24,0.636375114203921,0.4,0.34,4.34228209395574e-20,"0","KDM4B"
4.53795298861722e-24,0.63434971217626,0.359,0.284,9.36996533089685e-20,"0","LINC01857"
6.16834071533742e-24,0.556514286165675,0.558,0.557,1.27363899090287e-19,"0","CYCS"
1.34818950514328e-23,0.534139237202834,0.434,0.361,2.78374169021984e-19,"0","RILPL2"
2.01182405437054e-23,0.552046619601665,0.438,0.376,4.15401430746429e-19,"0","ARL4A"
2.64893121263023e-23,0.310846635653166,0.561,0.496,5.4695131678389e-19,"0","CHPT1"
1.05284455903866e-22,0.306370220856752,0.599,0.549,2.17391344550303e-18,"0","EML4"
2.96808233260936e-22,0.504532592585671,0.496,0.467,6.1284964003718e-18,"0","SNHG7"
4.61831383153696e-22,0.256257268433679,0.879,0.859,9.53589439935752e-18,"0","ZFP36"
6.4145715528894e-22,0.450440096562524,0.302,0.231,1.3244807342406e-17,"0","INPP5A"
8.72428605716036e-22,0.747427394654964,0.312,0.251,1.80139058508247e-17,"0","RGS19"
1.84716606843566e-21,0.483673216965383,0.549,0.54,3.81402849810595e-17,"0","UXT"
5.94818774847192e-21,0.41775480504095,0.566,0.531,1.22818180630448e-16,"0","NAP1L1"
1.09484458765818e-20,0.425637581634143,0.513,0.468,2.26063510459661e-16,"0","SKIL"
3.46112153207171e-20,0.427273131937319,0.543,0.513,7.14652373942166e-16,"0","UBXN1"
1.06154872310706e-18,0.406344718921401,0.486,0.44,2.19188580347145e-14,"0","PHF20"
1.76887864104495e-18,0.525908818651862,0.526,0.524,3.65238061802961e-14,"0","PLP2"
2.242016182383e-18,0.505288197301123,0.468,0.427,4.62931501338442e-14,"0","SLBP"
1.41479812385963e-17,0.268807120838408,0.687,0.689,2.92127516614536e-13,"0","RPS17"
1.56191241520911e-16,0.258761507993866,0.692,0.691,3.22503675492377e-12,"0","CHCHD2"
1.75816503312066e-16,0.283130667236516,0.705,0.714,3.63025916038754e-12,"0","ATP6V0C"
4.85463806128644e-16,0.328591243075227,0.631,0.643,1.00238566689442e-11,"0","CNBP"
1.18362392640154e-15,0.304290689888322,0.672,0.688,2.4439466832339e-11,"0","SRP14"
3.70978425056177e-15,0.351854383532938,0.566,0.573,7.65996252055995e-11,"0","PSME1"
4.30015041153079e-15,0.48854136539737,0.346,0.29,8.87895056972877e-11,"0","GRASP"
5.0480492340802e-15,0.378538319806019,0.429,0.379,1.04232120585288e-10,"0","KDM6B"
8.57063706042778e-15,0.530535529718916,0.439,0.419,1.76966514023713e-10,"0","NSA2"
1.33908279994484e-14,0.331989977610729,0.574,0.554,2.7649381653261e-10,"0","GPSM3"
1.50566353008784e-14,0.329775646005981,0.548,0.538,3.10889405692537e-10,"0","SNHG8"
1.52443671933703e-14,0.293317801131312,0.619,0.623,3.14765693808709e-10,"0","UQCRH"
5.09849420679973e-14,0.421136004766688,0.36,0.304,1.05273708382001e-09,"0","LDLRAD4"
1.09251147325111e-13,0.465409596509759,0.521,0.534,2.25581768996888e-09,"0","TOMM20"
1.21700754730682e-13,0.466289588054532,0.419,0.392,2.51287718367913e-09,"0","PRNP"
1.59376625863089e-13,0.318971832328091,0.533,0.503,3.29080857082107e-09,"0","CMTM6"
1.79691401921519e-13,0.373832706887426,0.508,0.486,3.71026806687552e-09,"0","TNFRSF13C"
2.35415440448995e-13,0.365700940003723,0.58,0.58,4.86085801439085e-09,"0","ZFP36L2"
4.62195792209024e-13,0.296183688450747,0.636,0.644,9.54341871753192e-09,"0","GPX4"
5.30458508723213e-13,0.407540911102164,0.5,0.47,1.09529072881169e-08,"0","IFITM2"
6.09853900955353e-13,0.382018167523134,0.539,0.559,1.25922633469261e-08,"0","ERP29"
8.15292839783058e-13,0.41148897046709,0.54,0.56,1.68341665558406e-08,"0","SNU13"
2.18565517371712e-12,0.519935198142386,0.443,0.442,4.5129408026911e-08,"0","ATP5PO"
2.21883876572937e-12,0.426360691633921,0.507,0.516,4.581458283478e-08,"0","HIGD2A"
2.48279973120546e-12,0.418964912959242,0.479,0.469,5.12648488499303e-08,"0","ST13"
2.73028924070976e-12,0.319878478191866,0.521,0.491,5.63750122421751e-08,"0","RBM38"
2.91968964668612e-12,0.265346574926094,0.627,0.625,6.0285751824775e-08,"0","SRRM1"
4.95778476545239e-12,0.334426912613954,0.583,0.597,1.02368339837061e-07,"0","TRIR"
1.3978765022117e-11,0.333682423676679,0.477,0.449,2.88633540176672e-07,"0","CNN2"
1.51191734111325e-11,0.373235257588546,0.441,0.41,3.12180692593064e-07,"0","RHOG"
2.20466812148799e-11,0.269408743235602,0.649,0.679,4.55219873724841e-07,"0","TMA7"
2.42429587819802e-11,0.25625872310413,0.668,0.682,5.00568612930328e-07,"0","SRSF5"
3.57043959124717e-11,0.370976449115037,0.492,0.48,7.37224366800716e-07,"0","SAMSN1"
4.86206350977453e-11,0.580396722555793,0.344,0.311,1.00391887349825e-06,"0","VPREB3"
5.02910086923336e-11,0.380775532584952,0.365,0.319,1.0384087474793e-06,"0","SPIB"
9.2057300131042e-11,0.258150435677774,0.579,0.578,1.90079913310576e-06,"0","LSM7"
2.43088090714714e-10,0.521524472246983,0.263,0.221,5.01928289707742e-06,"0","CD24"
2.76223462257233e-10,0.312880621868766,0.579,0.581,5.70346204868734e-06,"0","MYL12B"
8.88807237947312e-10,0.391945012665314,0.504,0.516,1.83520918491361e-05,"0","RBM3"
2.22732333297246e-09,0.490586123246275,0.427,0.425,4.59897721792153e-05,"0","RSL1D1"
2.7203503038358e-09,0.261963702025214,0.551,0.543,5.61697930736016e-05,"0","ZNF331"
1.51840836461601e-08,0.294597697638244,0.177,0.25,0.000313520959125914,"0","TMEM160"
2.61666264744501e-08,0.346414313649411,0.458,0.451,0.000540288503444445,"0","NR4A1"
3.28565576140354e-08,0.324735916540476,0.421,0.392,0.000678422201614604,"0","SYPL1"
6.8373985479084e-08,0.365547060856435,0.293,0.258,0.00141178605217213,"0","CXCR5"
2.07999262856573e-07,0.284543482792753,0.534,0.544,0.00429476877946251,"0","SNRPB"
2.29661612394584e-07,0.274166835237569,0.572,0.599,0.00474205297272337,"0","RBM8A"
3.453264308449e-07,0.576501116670155,0.347,0.344,0.0071303001440855,"0","CYSTM1"
9.73309806453904e-07,0.282007100099417,0.53,0.562,0.0200969008836602,"0","SSR2"
1.57298412636661e-06,0.259862060438185,0.551,0.576,0.0324789762412177,"0","RPL22L1"
1.71891061736143e-06,0.431789389659194,0.368,0.362,0.0354920664272788,"0","FBL"
2.46607214280276e-06,0.429700062081204,0.384,0.38,0.0509194576045914,"0","ATP1B3"
6.09172750359773e-06,0.32237345729964,0.449,0.454,0.125781989494286,"0","GNA13"
6.43881936284097e-06,0.420274894993086,0.319,0.305,0.13294874220394,"0","ANKRD13A"
6.80051957901909e-06,0.386110214440666,0.299,0.281,0.140417128267586,"0","AREG"
7.63318223880587e-06,0.274059655884623,0.453,0.456,0.157609946866864,"0","RNMT"
8.04968043685543e-06,0.425122142998096,0.376,0.374,0.166209801660191,"0","ALG13"
8.74745323780477e-06,0.354320350767061,0.384,0.375,0.180617414454193,"0","SEPTIN9"
1.05180675028148e-05,0.315161406493841,0.496,0.535,0.217177057798119,"0","KRT10"
1.70465810824889e-05,0.525113695443352,0.363,0.372,0.35197780619123,"0","LDHB"
1.88546736032186e-05,0.33142614536523,0.468,0.492,0.389311300559257,"0","C11orf58"
1.88690112842629e-05,0.317157497235491,0.272,0.248,0.389607344997461,"0","CD82"
2.28015350697318e-05,0.258538076848473,0.191,0.251,0.470806096119823,"0","VPS28"
2.74010124087479e-05,0.299085365173209,0.433,0.439,0.565776104215826,"0","CIB1"
4.51889426615561e-05,0.390449454761379,0.432,0.454,0.933061288075811,"0","C19orf53"
5.64308479056446e-05,0.385651365705907,0.273,0.252,1,"0","CDKN2D"
5.76940307848412e-05,0.336940017804985,0.432,0.445,1,"0","DNTTIP2"
6.99117403521905e-05,0.555937297936439,0.31,0.314,1,"0","SMARCB1"
7.1012324674271e-05,0.284592749495162,0.192,0.251,1,"0","EMC6"
7.26289535058961e-05,0.421404231870747,0.406,0.427,1,"0","RSL24D1"
7.96139105564828e-05,0.465783344216019,0.334,0.338,1,"0","NXT1"
8.65204149144696e-05,0.268184276564598,0.437,0.435,1,"0","MBP"
0.000113551558691242,0.349676982301381,0.42,0.433,1,"0","SNRPG"
0.000116701103241217,0.472596014441779,0.259,0.244,1,"0","RASSF2"
0.000240892736302598,0.549399094103402,0.287,0.284,1,"0","C7orf50"
0.000258808514927121,0.392644349103444,0.428,0.467,1,"0","SMDT1"
0.000274012104953832,0.257040945388383,0.277,0.257,1,"0","SPOCK2"
0.000505496825022891,0.318742571828109,0.351,0.353,1,"0","VPS37B"
0.00052327731472592,0.369422509780918,0.321,0.319,1,"0","PPP1CB"
0.000601598756996588,0.291074993753044,0.483,0.515,1,"0","XRCC6"
0.000644697591809181,0.262410340273359,0.477,0.504,1,"0","HNRNPA0"
0.000708674923433642,0.32807256047221,0.399,0.41,1,"0","CNPY3"
0.000734493604593091,0.462320516757584,0.302,0.303,1,"0","C9orf78"
0.000750909206523378,0.256605103032476,0.273,0.347,1,"0","UBE2M"
0.000773195183160717,0.259676578132496,0.277,0.258,1,"0","TGIF1"
0.000935258628626139,0.351560974265284,0.358,0.365,1,"0","SYF2"
0.00103736180033275,0.282115441365041,0.419,0.44,1,"0","CSRNP1"
0.00106847955275684,0.451121177669893,0.3,0.297,1,"0","IFITM1"
0.00115254430157905,0.2888152645001,0.5,0.545,1,"0","PGK1"
0.00120248177558894,0.27811354306215,0.459,0.488,1,"0","DDX6"
0.00122739622039752,0.303313643804157,0.41,0.426,1,"0","FYTTD1"
0.00138512740535216,0.335336453124665,0.287,0.277,1,"0","PKIG"
0.00190354895737609,0.372749270623972,0.371,0.393,1,"0","PHB2"
0.00270823720016322,0.37920987105811,0.324,0.331,1,"0","PHF1"
0.00278640758131442,0.505694232645561,0.335,0.359,1,"0","ALKBH7"
0.00296111015575681,0.295487383006103,0.425,0.445,1,"0","PRR13"
0.00315297498086634,0.372225211658026,0.433,0.479,1,"0","CHCHD10"
0.00376565410626755,0.280256780687514,0.254,0.317,1,"0","DCXR"
0.00389576706187354,0.327217850368477,0.357,0.364,1,"0","IDI1"
0.00427697670774108,0.53529886647967,0.26,0.261,1,"0","SVIP"
0.00435859708470819,0.335473746503373,0.374,0.388,1,"0","PEA15"
0.00494602117631207,0.271223031817283,0.211,0.261,1,"0","EFHD2"
0.00573231303114301,0.433430967301554,0.332,0.343,1,"0","MARCKS"
0.00603554732940142,0.265789327609669,0.272,0.262,1,"0","CYBB"
0.00788602120988312,0.357129032704218,0.412,0.448,1,"0","EMD"
3.38136344144781e-311,1.48418977980891,0.598,0.226,6.98183923390145e-307,"1","LINC01857"
5.24111833401361e-292,1.15291846757958,0.824,0.478,1.08218611360713e-287,"1","RGCC"
2.82556383318708e-247,1.02093626609708,0.726,0.379,5.83422420276469e-243,"1","SESN3"
3.58077255119344e-239,0.401225915958469,1,0.993,7.39357916370421e-235,"1","B2M"
2.26562815012939e-231,1.00982799791563,0.734,0.428,4.67806900438717e-227,"1","TCF4"
5.4822422633202e-223,1.59296069026533,0.285,0.067,1.13197338253036e-218,"1","ZNF804A"
1.86687331582933e-212,0.468536723434248,0.998,0.97,3.85472002252441e-208,"1","RPS8"
8.03567878345333e-210,1.3519359787107,0.311,0.084,1.65920695520744e-205,"1","TFEC"
2.57080626763323e-203,0.537664647501829,0.993,0.952,5.3082007814091e-199,"1","EZR"
7.45384742241794e-200,0.507966525236208,0.996,0.925,1.53907041578086e-195,"1","RPS29"
1.14413019211735e-189,1.42417813311643,0.423,0.166,2.36240002068391e-185,"1","HCST"
9.19474495134682e-188,0.482356030155498,0.996,0.937,1.89853093755409e-183,"1","RPL13A"
6.79354906678985e-186,0.487197149268396,0.993,0.932,1.40273201131077e-181,"1","HLA-A"
5.21543009390772e-183,0.413495052246406,1,0.976,1.07688200579007e-178,"1","HLA-B"
2.91456185091117e-180,0.457017330777562,0.999,0.967,6.01798730976138e-176,"1","RPS27"
2.55365396654923e-176,0.427529907469635,1,0.956,5.27278471013084e-172,"1","RPS28"
2.30574611198616e-172,0.447238586818352,0.992,0.926,4.76090457202903e-168,"1","RPL3"
3.72645119238189e-169,0.915139502407343,0.647,0.367,7.69437642203013e-165,"1","RGS2"
1.98695842840367e-164,0.539337331004611,0.972,0.839,4.10267176296791e-160,"1","CXCR4"
2.07983772263318e-164,0.52902516295547,0.968,0.822,4.29444892969299e-160,"1","RPL27A"
3.17831675164582e-161,0.456934423633678,0.99,0.911,6.56258842879828e-157,"1","RPL23A"
1.16785149462804e-159,0.412649468213822,0.999,0.96,2.41137976610797e-155,"1","RPL13"
5.63869491441034e-156,0.406475260596014,0.997,0.949,1.16427772592745e-151,"1","RPS14"
1.38442461281065e-155,1.54174323931732,0.265,0.08,2.85855994053143e-151,"1","IL2RA"
5.84159879983067e-153,0.398872680684391,0.996,0.96,1.20617332018904e-148,"1","JUND"
6.94973581530419e-152,1.23521610216243,0.396,0.166,1.43498145114401e-147,"1","COL9A3"
5.49329903956729e-147,0.415594118277963,0.997,0.932,1.13425638568985e-142,"1","RPS25"
1.14141010576739e-143,0.750044137634265,0.734,0.485,2.35678358638851e-139,"1","RESF1"
1.15986591798438e-143,0.55663131971961,0.958,0.85,2.39489114745415e-139,"1","KLF2"
7.5925064578143e-143,0.772850746019904,0.681,0.433,1.5677007334095e-138,"1","SAMSN1"
2.34574522680537e-142,0.450917759127455,0.976,0.878,4.84349474430772e-138,"1","SARAF"
4.28093046762773e-139,0.39036180620363,0.996,0.944,8.83926522955774e-135,"1","RPS7"
3.04514473332162e-138,0.407257002826573,0.985,0.895,6.28761484536248e-134,"1","RPL35"
7.53871568970367e-137,0.946751969161789,0.49,0.244,1.55659401561001e-132,"1","TNFRSF13B"
1.08729165325714e-134,0.393561409017731,0.995,0.922,2.24503980564535e-130,"1","RPL17"
6.77748005878135e-134,0.457705631824434,0.966,0.847,1.39941408253717e-129,"1","PFDN5"
2.04718002781815e-133,0.815216486798053,0.717,0.49,4.22701732143892e-129,"1","LITAF"
5.6270117023607e-133,0.382165456503316,0.998,0.945,1.16186537630344e-128,"1","RPS18"
1.73060580846962e-132,0.375253495054299,0.996,0.944,3.57335487332806e-128,"1","RPL14"
2.72927804360967e-131,0.394887217216777,0.995,0.934,5.63541330444525e-127,"1","RPS6"
1.80068917609436e-129,0.574629333555536,0.853,0.645,3.71806301079963e-125,"1","SRGN"
9.50525441439383e-125,1.48837151246035,0.305,0.124,1.96264493148404e-120,"1","CDK2AP1"
1.06716724865715e-124,0.38996270842785,0.992,0.913,2.20348693502729e-120,"1","RPL9"
4.13028914517003e-124,0.371870589210182,0.996,0.947,8.52822102694707e-120,"1","RPS3"
5.80213320293448e-124,0.504568041948325,0.924,0.776,1.19802446374191e-119,"1","RHOA"
9.8957473021408e-124,0.640746812177292,0.771,0.552,2.04327390294603e-119,"1","TCEA1"
2.47048566668771e-123,0.81253610759276,0.53,0.289,5.10105880457678e-119,"1","ARHGAP25"
4.02347156360742e-123,0.408926385474864,0.989,0.888,8.30766408453661e-119,"1","RPL38"
1.88732289359714e-122,0.376579568797447,0.996,0.959,3.89694431069937e-118,"1","RPS27A"
1.06588944749441e-121,0.372855823518664,0.992,0.924,2.20084853118646e-117,"1","RPL36"
1.59525206772657e-120,0.922972571682041,0.631,0.412,3.29387646944182e-116,"1","YWHAH"
2.17759730012308e-119,0.370749063569506,0.995,0.933,4.49630290529413e-115,"1","RPL26"
7.3338209566575e-119,0.3582437404893,0.998,0.954,1.51428735113064e-114,"1","RPS2"
1.08233060757091e-118,0.406237858230216,0.971,0.862,2.23479623851242e-114,"1","EEF1G"
1.68576899594472e-118,0.858679701506818,0.611,0.387,3.48077582282666e-114,"1","RHOB"
4.02409444563426e-118,0.434586830429721,0.962,0.827,8.30895021134562e-114,"1","RPS20"
1.96211222985161e-117,0.368001266379518,0.984,0.904,4.0513693321976e-113,"1","EEF1B2"
2.04626363953011e-117,0.60986366289411,0.717,0.443,4.22512516290178e-113,"1","COTL1"
3.04623943612291e-117,0.378165559045858,0.987,0.901,6.28987518770658e-113,"1","RPL37A"
5.45626381628408e-115,0.393986687996269,0.986,0.899,1.12660935278634e-110,"1","CD79A"
6.06563249478073e-115,0.343433560645971,0.996,0.947,1.25243179752232e-110,"1","RPS26"
8.8481917390887e-115,0.36085800383114,0.998,0.945,1.82697463028703e-110,"1","RPS19"
4.89326247721221e-114,0.529901490155937,0.865,0.659,1.01036083629478e-109,"1","SEPTIN7"
6.79780782136748e-112,0.36373331990893,0.99,0.908,1.40361135895596e-107,"1","RPS16"
2.95917768390762e-111,0.330031901190108,0.992,0.936,6.11011008173246e-107,"1","HLA-C"
3.68796322715796e-110,0.806459590176904,0.439,0.218,7.61490647143575e-106,"1","ARHGAP9"
2.74641610160805e-109,0.666853387453259,0.466,0.242,5.6707999666003e-105,"1","TNFSF9"
1.53244195067106e-108,0.337468132754127,0.997,0.945,3.1641861397456e-104,"1","RPS15"
8.36233666125127e-108,0.397333484525626,0.973,0.881,1.72665527381516e-103,"1","YWHAZ"
1.0022867712422e-107,0.317336929533695,0.999,0.98,2.06952172526089e-103,"1","RPL41"
1.21058130335953e-106,1.30505551202552,0.257,0.097,2.49960827517676e-102,"1","NCR3"
2.7447012486686e-106,0.346111895094769,0.996,0.948,5.66725913825092e-102,"1","RPLP2"
2.84566840507981e-106,0.389672666767815,0.96,0.845,5.8757361228088e-102,"1","RPL4"
3.03535742162472e-106,0.359529573663733,0.996,0.939,6.26740600417072e-102,"1","RPS21"
3.79603871276646e-106,0.454870943334009,0.64,0.383,7.83806073412018e-102,"1","PLEKHG1"
7.47762903681221e-106,0.386604132607417,0.979,0.906,1.54398084352099e-101,"1","KLF6"
3.61671307628254e-105,0.493688253508241,0.812,0.621,7.46778915990818e-101,"1","PTPN1"
5.7230240593208e-105,0.388484851717007,0.968,0.851,1.18169000776856e-100,"1","RPL31"
1.22562455320573e-104,0.811709413626407,0.595,0.379,2.53066957745918e-100,"1","FYTTD1"
1.44664059309425e-104,0.346666452837176,0.998,0.965,2.987023496621e-100,"1","RPS12"
1.68086692837405e-104,0.361174804325929,0.984,0.897,3.47065403370675e-100,"1","RPL36A"
3.9752104568994e-104,0.491182917718219,0.857,0.688,8.20801455140589e-100,"1","IDS"
5.32310429757168e-100,0.304106377608301,0.998,0.977,1.0991145753626e-95,"1","PTMA"
1.35838731908908e-99,0.311676378930347,0.996,0.946,2.80479813645513e-95,"1","RPL7A"
1.60768968967719e-99,0.322316254452091,0.994,0.93,3.31955767124547e-95,"1","RPL6"
2.84907065582452e-97,0.442496462898164,0.949,0.818,5.88276109014646e-93,"1","SAT1"
3.96498015590614e-97,0.338279069433228,0.987,0.907,8.18689102591501e-93,"1","RPS9"
1.25466666951713e-94,0.688100849952171,0.43,0.22,2.59063573921897e-90,"1","TGIF1"
2.82588727040056e-94,0.331781256641628,0.997,0.958,5.83489203592307e-90,"1","RPL19"
4.62777726875e-94,0.366126941891991,0.811,0.619,9.55543450451501e-90,"1","HIST1H4C"
7.26055713557292e-94,0.563365553973604,0.713,0.502,1.4991598373531e-89,"1","ZNF331"
1.50205829078129e-93,0.320033142097934,0.996,0.941,3.10144995880522e-89,"1","RPS24"
5.70676418613566e-93,0.371073407250454,0.976,0.89,1.17833266915329e-88,"1","TSC22D3"
2.86179697144112e-92,0.779775840346185,0.422,0.217,5.90903838663163e-88,"1","TRBC2"
9.09058467222476e-92,0.375158082927512,0.88,0.71,1.87702392312097e-87,"1","ARID5B"
1.68094835214377e-91,0.571926424157764,0.677,0.456,3.47082215750645e-87,"1","HIF1A"
5.24176550387259e-91,0.316236585407931,0.997,0.937,1.08231974123961e-86,"1","RPL35A"
8.12704373360727e-91,0.325836217090793,0.995,0.925,1.67807199011523e-86,"1","RPL21"
1.09105455290905e-90,0.868680535125888,0.267,0.11,2.2528094408466e-86,"1","APP"
5.47199941439576e-90,0.595256057963799,0.488,0.271,1.12985843908444e-85,"1","TGFBR2"
7.78940740786871e-90,0.307682545290499,0.993,0.923,1.60835684157673e-85,"1","RPS5"
2.49783333870571e-89,0.311449296854595,0.994,0.922,5.15752627775956e-85,"1","RPL5"
6.72383433029507e-89,0.316137885024271,0.986,0.912,1.38833731251933e-84,"1","RPL15"
1.41143348327386e-88,1.02566301724724,0.253,0.105,2.91432785626387e-84,"1","PTPN12"
5.19340791168365e-88,0.925549992644946,0.277,0.123,1.07233486560444e-83,"1","GAB2"
1.19131864203677e-87,0.322647954240349,1,0.985,2.45983473207752e-83,"1","EEF1A1"
1.43742879904646e-87,0.328206059918501,0.985,0.9,2.96800298427113e-83,"1","RPL10A"
2.49734038051797e-87,0.329839377712513,0.998,0.953,5.1565084176935e-83,"1","RPS23"
2.12416863707113e-86,0.467643505230877,0.773,0.551,4.38598340182446e-82,"1","TXNIP"
2.19783736669748e-86,0.812476765072486,0.511,0.334,4.53809459475696e-82,"1","TOMM5"
2.9092344836944e-86,0.313425302576314,0.998,0.965,6.00698736193219e-82,"1","RPL28"
5.18477688160837e-86,0.470265380641328,0.521,0.296,1.0705527305145e-81,"1","PARP15"
1.55875393273295e-85,0.766710999807935,0.553,0.365,3.21851512030699e-81,"1","S100A6"
2.24505262049807e-85,0.45029569798252,0.811,0.645,4.63558465080441e-81,"1","SRSF5"
5.19226306182959e-85,0.92204890327592,0.47,0.295,1.07209847700657e-80,"1","PPP1R14B"
1.5949822350724e-84,0.597257936095438,0.586,0.385,3.29331931897749e-80,"1","STAT3"
1.94497265036788e-84,0.637413376977086,0.445,0.263,4.01597952847961e-80,"1","ITPR2"
3.59023275092455e-84,0.529591162065415,0.555,0.333,7.41311258410901e-80,"1","RILPL2"
4.1967434364536e-84,0.396938035834462,0.849,0.665,8.66543584758939e-80,"1","STK4"
1.10742687310852e-83,0.335048750786683,0.999,0.96,2.28661500759447e-79,"1","RPL30"
1.19066272731524e-83,0.697823670144916,0.38,0.193,2.45848039936052e-79,"1","CD24"
1.50784680713502e-83,0.825190257512744,0.281,0.125,3.11340208737238e-79,"1","RNF144B"
1.77098515990875e-83,0.732714469367848,0.348,0.173,3.65673015817959e-79,"1","PTPN22"
5.49674969941803e-83,0.459972113283921,0.781,0.586,1.13496887793584e-78,"1","SRRM1"
8.01196729868869e-83,0.464114183247955,0.773,0.598,1.65431100783324e-78,"1","SKP1"
1.72599524488694e-82,0.382490013420759,0.891,0.745,3.56383498164256e-78,"1","RPL23"
5.38965986642016e-82,0.339690545719613,0.952,0.836,1.11285696921844e-77,"1","RPL27"
6.36154666888125e-82,0.330876899136762,0.994,0.874,1.3135321561906e-77,"1","CD37"
2.267147694259e-81,0.429072739285483,0.809,0.582,4.68120655910597e-77,"1","CD48"
2.42246133586589e-81,0.3662078834147,0.913,0.765,5.00189816629589e-77,"1","TOMM7"
2.54367454296607e-81,0.313449319756108,0.976,0.878,5.25217919631634e-77,"1","RPS11"
5.35889516596755e-81,0.282456795413711,0.996,0.948,1.10650467386898e-76,"1","RPS4X"
2.46440931190148e-80,0.447226940829152,0.813,0.645,5.08851234721417e-76,"1","SUMO2"
2.8374941762845e-80,0.59476670213638,0.595,0.396,5.85885797519224e-76,"1","SLBP"
1.04740863923746e-79,0.519832850352145,0.638,0.433,2.1626893582975e-75,"1","PAK2"
4.12320328989668e-79,0.292533946131635,0.997,0.953,8.51359015297867e-75,"1","RPS15A"
2.17349754595844e-78,0.667886340939518,0.471,0.281,4.48783773289498e-74,"1","UGCG"
3.46212049008465e-78,0.311718220770657,0.998,0.961,7.14858638792678e-74,"1","RPL34"
4.07440727619552e-78,0.34033261779079,0.815,0.614,8.41283614388852e-74,"1","NR4A2"
5.02446354533938e-78,0.5426479899701,0.637,0.437,1.03745123284168e-73,"1","IFITM2"
1.05884176897989e-77,0.301480754417413,0.984,0.903,2.18629648458967e-73,"1","RPSA"
2.46113642464752e-77,0.545727906499398,0.416,0.222,5.08175448961221e-73,"1","SPOCK2"
2.76034718506672e-77,0.4334420688769,0.638,0.399,5.69956486772576e-73,"1","DEK"
2.92262257591935e-77,0.542776581763554,0.474,0.274,6.03463109475827e-73,"1","CYFIP2"
3.8786078976997e-77,0.330704037719319,0.896,0.694,8.00854958717035e-73,"1","CD52"
4.04818272506715e-77,0.27986404031597,0.989,0.929,8.35868769071865e-73,"1","H3F3B"
1.7832049628954e-76,0.438883153171599,0.775,0.607,3.68196160738641e-72,"1","EIF4B"
7.50926448456682e-76,0.955253411058384,0.378,0.22,1.55051293077336e-71,"1","S100A4"
1.13322425356481e-75,0.441784382064472,0.634,0.401,2.33988143876062e-71,"1","FCMR"
1.24910226275031e-75,0.39558962795162,0.856,0.707,2.57914635212684e-71,"1","HINT1"
4.75878553973414e-75,0.377125755446784,0.813,0.639,9.82594038244306e-71,"1","DDX21"
1.88368045242381e-74,0.492288948081546,0.554,0.349,3.88942339816468e-70,"1","ARL4A"
3.81708319133096e-74,0.286889476195203,0.925,0.784,7.88151337346017e-70,"1","PFN1"
4.79452687895791e-74,0.54109178983273,0.507,0.321,9.89973909967229e-70,"1","GNG2"
1.36596242334594e-73,0.353481895983265,0.932,0.809,2.8204392117247e-69,"1","JUNB"
1.5211106192291e-73,0.428384810314287,0.787,0.612,3.14078920658424e-69,"1","SNRPD2"
1.67291200734526e-73,0.37884329286535,0.862,0.706,3.45422871276649e-69,"1","GRB2"
3.78083764399596e-73,0.463287875718853,0.727,0.544,7.80667356732286e-69,"1","MYL12B"
1.8593805712471e-72,0.38919833467149,0.623,0.394,3.83924900351102e-68,"1","RUBCNL"
2.55999260371601e-72,0.949040451834262,0.27,0.129,5.28587272815282e-68,"1","GNPTAB"
4.39085096654391e-72,0.367330239102077,0.83,0.682,9.06622907571986e-68,"1","ATP6V0C"
5.52080350217817e-72,0.297150446960892,0.996,0.959,1.13993550712975e-67,"1","RPL32"
3.03840475696477e-71,0.296947599854645,0.999,0.962,6.27369814218085e-67,"1","RPL11"
3.59951932418392e-71,0.433833617924684,0.805,0.654,7.43228750057495e-67,"1","TPI1"
6.02091644735929e-71,0.569852878253447,0.488,0.309,1.24319882805075e-66,"1","RUBCN"
1.44985567126096e-70,0.286997528708552,0.997,0.956,2.99366199001963e-66,"1","RPS3A"
1.68476890407824e-70,0.392481733261726,0.782,0.613,3.47871083314075e-66,"1","PTGES3"
4.16755428727293e-69,0.341594059759204,0.904,0.769,8.60516609236115e-65,"1","ATP5F1E"
4.38319289912797e-69,0.353765002350002,0.68,0.468,9.05041669811944e-65,"1","CHPT1"
5.10360222748628e-69,0.390038874390009,0.812,0.652,1.05379178793137e-64,"1","SRP14"
1.40516137590954e-68,0.331298324963598,0.853,0.716,2.90137720897803e-64,"1","SRRM2"
2.35343119698174e-68,0.480041220508628,0.455,0.274,4.85936473552789e-64,"1","EPB41"
7.11897691211234e-68,0.296416182383338,0.89,0.72,1.46992635281296e-63,"1","SLC2A3"
9.04364593137269e-68,0.375575935694494,0.753,0.565,1.86733201190983e-63,"1","SP100"
3.40564583938205e-67,0.284029913364384,0.965,0.864,7.03197752915605e-63,"1","EEF2"
1.99559168682757e-66,0.575636578434355,0.577,0.416,4.12049771496157e-62,"1","C19orf53"
2.61318893352014e-66,0.474823192147642,0.508,0.323,5.39571250993237e-62,"1","SETD2"
1.13316680046012e-65,0.555655403182779,0.638,0.488,2.33976280959005e-61,"1","YPEL3"
1.43408075931751e-65,0.572790627951768,0.373,0.212,2.96108995183879e-61,"1","PPFIBP2"
1.49934171372375e-65,0.481497810732162,0.458,0.272,3.09584077049679e-61,"1","CEMIP2"
6.5524050602902e-65,0.449337882207241,0.618,0.446,1.35294059684872e-60,"1","UPF2"
1.92461253940383e-64,0.632041811407769,0.43,0.266,3.97393997136103e-60,"1","CCDC50"
3.85866539014525e-64,0.518763718949465,0.582,0.404,7.96737229757192e-60,"1","PRR13"
6.27514207078662e-64,0.283368338477745,0.561,0.351,1.29569133477602e-59,"1","ARHGAP24"
1.775078894243e-63,0.29913473996818,0.925,0.824,3.66518290083294e-59,"1","HNRNPDL"
2.26744215393199e-63,0.276242752876739,0.985,0.886,4.68181455943877e-59,"1","UBA52"
4.63591727454588e-63,0.830470986969585,0.388,0.241,9.57224198848233e-59,"1","SPINT2"
8.64512381450054e-63,0.29441322548195,0.934,0.829,1.78504516521807e-58,"1","YBX1"
1.28596453525679e-62,0.627233859721449,0.427,0.258,2.65525957239823e-58,"1","CAPG"
2.38747964479802e-62,0.310959442967851,0.906,0.778,4.92966797057895e-58,"1","COX7C"
2.87449303235358e-62,0.455736115322209,0.5,0.318,5.93525321320368e-58,"1","ID3"
3.30289393169754e-62,0.278195305495878,0.996,0.947,6.81981539016907e-58,"1","RPL37"
3.53164094166636e-62,0.394985675854342,0.722,0.545,7.29213221635271e-58,"1","MYL12A"
4.21402061731044e-62,0.352679276274567,0.799,0.656,8.70110977062259e-58,"1","MORF4L1"
2.63994252168989e-61,0.658147333427253,0.349,0.192,5.45095331878529e-57,"1","SNN"
2.83063986157182e-61,0.346302657061765,0.815,0.638,5.8447051861735e-57,"1","SET"
1.00291868967268e-60,0.371641863367125,0.785,0.644,2.07082651043614e-56,"1","TMA7"
1.27746259668015e-60,0.303399169461035,0.866,0.732,2.63770476962517e-56,"1","RBM39"
1.34633974586725e-60,0.330976777584707,0.773,0.615,2.7799223072667e-56,"1","DDX24"
3.41028543705585e-60,0.331304664009433,0.788,0.627,7.04155737043292e-56,"1","SRSF7"
6.14054331414782e-60,0.773933617530357,0.287,0.153,1.26789938350524e-55,"1","PRKAR2A"
1.1015479596051e-59,0.441991738826364,0.656,0.499,2.27447622699261e-55,"1","TOMM20"
1.25099439093183e-59,0.253740379000106,0.66,0.46,2.58305321839604e-55,"1","CDC42SE2"
1.37028676930969e-59,0.708223546771082,0.383,0.235,2.82936812127065e-55,"1","FCRLA"
2.36885897830788e-59,0.298771377248219,0.896,0.764,4.89122001841011e-55,"1","BTF3"
3.23439618583309e-59,0.615169868800174,0.499,0.335,6.67838124450816e-55,"1","PMAIP1"
4.3599511886094e-59,0.263644801262737,0.963,0.85,9.00242721424068e-55,"1","RPL7"
5.72218925666662e-59,0.740040203750032,0.453,0.302,1.18151763771652e-54,"1","SYAP1"
2.95397316154612e-58,0.252820772283093,0.895,0.753,6.09936378396043e-54,"1","CFL1"
4.35693016199228e-58,0.49078299547046,0.606,0.45,8.99618939848166e-54,"1","CTSZ"
1.20646280421254e-57,0.26343897953148,0.933,0.811,2.49110439813806e-53,"1","COX4I1"
5.70449283516878e-57,0.424828522005594,0.614,0.433,1.17786368060565e-52,"1","MSN"
1.29803447046986e-56,0.477059955849599,0.484,0.313,2.68018157462617e-52,"1","ZNF107"
1.79284486076461e-55,0.579114443853724,0.396,0.243,3.70186606850677e-51,"1","SBNO1"
2.77378522308514e-55,0.431559645652591,0.411,0.246,5.72731172862619e-51,"1","PPP1R16B"
3.20067763833395e-55,0.447929129307914,0.547,0.373,6.60875918763193e-51,"1","CNPY3"
8.55504830039154e-55,0.460273264159593,0.523,0.359,1.76644637306484e-50,"1","KRAS"
1.07266297402457e-54,0.273008159383339,0.366,0.207,2.21483450876594e-50,"1","AKT3"
1.13684289640121e-54,0.332622907933083,0.793,0.635,2.34735321248921e-50,"1","CDC42"
2.35420924904914e-54,0.322012059831815,0.819,0.674,4.86097125743667e-50,"1","GABARAP"
2.61532224905622e-54,0.400435674849751,0.656,0.495,5.40011737985129e-50,"1","EIF3L"
4.83865072178849e-54,0.333938998642654,0.784,0.62,9.99084601034888e-50,"1","TPM3"
6.24553305194347e-54,0.618471972671731,0.404,0.256,1.28957766456529e-49,"1","PRXL2C"
7.63743072502664e-54,0.468150828994742,0.494,0.331,1.5769766961035e-49,"1","WBP11"
7.92625000542953e-54,0.534741726790151,0.406,0.254,1.63661210112109e-49,"1","AREG"
1.72337072163769e-53,0.350848863679297,0.66,0.493,3.5584158660375e-49,"1","ARL6IP1"
1.84852121256324e-53,0.374903672230043,0.554,0.376,3.81682659970058e-49,"1","SDCBP"
2.08699610237539e-52,0.264113983912221,0.676,0.478,4.3092295521847e-48,"1","MAP4K4"
3.09851950273692e-52,0.495274276776269,0.365,0.219,6.3978230692512e-48,"1","DUSP10"
3.30299791524617e-52,0.315744520827543,0.669,0.502,6.82003009540029e-48,"1","PNISR"
4.14314973883889e-52,0.551119493216171,0.323,0.185,8.55477558075454e-48,"1","PLCL2"
4.1965062828883e-52,0.280642258351416,0.851,0.704,8.66494617290776e-48,"1","LY9"
4.97426550902869e-52,0.273853929440175,0.856,0.704,1.02708634230424e-47,"1","ARPC3"
5.80776147528937e-52,0.296839158532079,0.804,0.644,1.19918658941775e-47,"1","CALM2"
7.41878908414737e-52,0.300601270113474,0.725,0.574,1.53183157009475e-47,"1","BCLAF1"
7.50473280006303e-52,0.465107312193302,0.606,0.464,1.54957722855701e-47,"1","ATP6V1G1"
8.62863914135305e-52,0.310206047609614,0.498,0.342,1.78164140990658e-47,"1","CDK14"
2.09966701284577e-51,0.304690963204413,0.789,0.626,4.33539244812395e-47,"1","COMMD6"
2.76055598539915e-51,0.39142736248292,0.673,0.52,5.69999599865217e-47,"1","HIST1H1E"
7.95175585977319e-51,0.379298597985821,0.669,0.508,1.64187854992597e-46,"1","RNASET2"
2.81705534619956e-50,0.457707264749237,0.377,0.23,5.81665587883284e-46,"1","DDX27"
3.02925621260493e-50,0.345539931332698,0.744,0.595,6.25480822778666e-46,"1","EIF3F"
3.44979219538477e-50,0.697291756039657,0.263,0.14,7.12313092503047e-46,"1","METRNL"
1.10089752026232e-49,0.352907640913802,0.481,0.312,2.27313319983764e-45,"1","GGA2"
1.91044432217434e-49,0.258732896983346,0.84,0.705,3.94468543642557e-45,"1","CCNI"
2.12466598706161e-49,0.255523668297183,0.636,0.481,4.38701033008481e-45,"1","HSPE1"
4.36162661065417e-49,0.40832792235329,0.462,0.308,9.00588662567874e-45,"1","KPNA4"
6.55471351748753e-49,0.252072427448446,0.892,0.774,1.35341724709082e-44,"1","CALM1"
1.18778460265665e-48,0.369057307551675,0.658,0.504,2.45253764756545e-44,"1","SRSF11"
1.49603410623865e-48,0.426481481503892,0.572,0.423,3.08901122256156e-44,"1","GNAI2"
1.53821973130037e-48,0.314406129269384,0.753,0.614,3.17611610118901e-44,"1","GPX4"
2.52305333021383e-48,0.25379069552531,0.913,0.789,5.20960051622552e-44,"1","MYL6"
2.54066711658997e-48,0.352765837064494,0.64,0.489,5.24596946233496e-44,"1","SF3B2"
3.74622247718916e-48,0.351600720132138,0.638,0.481,7.73520017090017e-44,"1","ANP32B"
1.44681784947263e-47,0.359642663597813,0.626,0.465,2.98738949559109e-43,"1","HNRNPA0"
1.60936655377969e-47,0.43722340209938,0.414,0.267,3.32302006024431e-43,"1","TRAPPC10"
1.85805089265234e-47,0.35561922294549,0.686,0.537,3.83650348314855e-43,"1","SF3B1"
3.96054002451949e-47,0.430615077409229,0.524,0.367,8.17772304262784e-43,"1","ARPC1B"
4.61988997431287e-47,0.276389444651778,0.862,0.739,9.53914881896121e-43,"1","YPEL5"
5.64987189235244e-47,0.311184706415662,0.635,0.455,1.16658554833293e-42,"1","TNFRSF13C"
6.17711704107656e-47,0.368690223714424,0.407,0.25,1.27545112664149e-42,"1","TSPAN33"
6.72503608020534e-47,0.787703037872801,0.261,0.147,1.3885854498408e-42,"1","HIST2H2AC"
7.73702613749269e-47,0.295071275217733,0.797,0.662,1.59754115686949e-42,"1","RPS17"
2.59271458282104e-46,0.316583661984337,0.689,0.536,5.35343707060889e-42,"1","BZW1"
2.61149606817946e-46,0.563631502174756,0.251,0.136,5.39221708157694e-42,"1","SFMBT1"
6.65218734042897e-46,0.297078767210558,0.66,0.504,1.37354364205177e-41,"1","RBM25"
1.08343184654257e-45,0.388677484777239,0.643,0.504,2.2370700767411e-41,"1","ATP6V0E1"
1.4515817960887e-45,0.449832689372443,0.438,0.293,2.99722609256394e-41,"1","PIP4P1"
2.34837661041152e-45,0.488714891137338,0.447,0.313,4.84892802517772e-41,"1","MARCKS"
3.3411377387302e-45,0.373803171424662,0.616,0.476,6.89878120293012e-41,"1","SBDS"
3.81420666445254e-45,0.482651924998126,0.436,0.289,7.87557392076161e-41,"1","VPREB3"
4.49777468080578e-45,0.319386697144985,0.581,0.417,9.28700516092778e-41,"1","UCP2"
4.53981463304958e-45,0.447739042395224,0.371,0.236,9.37380925432078e-41,"1","CD2AP"
6.05191896184586e-45,0.376342041418095,0.627,0.484,1.24960022724193e-40,"1","RBM3"
8.74244963899963e-45,0.391697305768048,0.499,0.35,1.80514100146064e-40,"1","BOD1L1"
1.1374193591783e-44,0.350639289832602,0.629,0.477,2.34854349283136e-40,"1","XRCC6"
1.98522589791431e-44,0.366792916198779,0.278,0.155,4.09909443401348e-40,"1","CARD11"
3.51675885337517e-44,0.298956876089891,0.541,0.385,7.26140368044905e-40,"1","MAP3K2"
6.42745832312696e-44,0.440977896437297,0.332,0.199,1.32714159455926e-39,"1","NFATC1"
8.64489296162748e-44,0.364353509327435,0.646,0.507,1.78499749871684e-39,"1","PGK1"
9.15607124438897e-44,0.523065720278992,0.31,0.187,1.89054559054143e-39,"1","AHI1"
1.075091390865e-43,0.43856285232469,0.489,0.347,2.21984870385806e-39,"1","BNIP3L"
1.52412222172497e-43,0.379273941020476,0.48,0.334,3.14700756341773e-39,"1","BAZ2A"
1.90965306429418e-43,0.463939620273541,0.528,0.398,3.94305164715462e-39,"1","PPP1CC"
7.51154282237282e-43,0.363209086221701,0.645,0.511,1.55098336196354e-38,"1","UBL5"
9.02249817167927e-43,0.284594316110226,0.712,0.576,1.86296542248834e-38,"1","CSDE1"
1.01524854362935e-42,0.355600902551368,0.315,0.186,2.09628519288587e-38,"1","AC092821.3"
1.69443562850796e-42,0.362404903832772,0.518,0.366,3.49867068574324e-38,"1","XRCC5"
1.74205358828025e-42,0.48497850233314,0.309,0.184,3.59699224908106e-38,"1","UHMK1"
2.35418133506703e-42,0.267907012763378,0.609,0.445,4.86091362064641e-38,"1","SKIL"
4.48160772908482e-42,0.438243717482112,0.377,0.242,9.25362363901433e-38,"1","PWP1"
5.20289820590274e-42,0.338902167908198,0.542,0.393,1.0742944215548e-37,"1","PKM"
5.84763041412895e-42,0.31081656214073,0.713,0.577,1.20741872790935e-37,"1","ARF1"
7.75394843024963e-42,0.286022182029194,0.646,0.495,1.60103527187794e-37,"1","KTN1"
9.78446235279335e-42,0.443551907079678,0.287,0.165,2.02029578660477e-37,"1","PRDM4"
1.02672367232396e-41,0.416999261743007,0.439,0.301,2.11997903861452e-37,"1","PHF1"
2.03632228197469e-41,0.365505843974067,0.547,0.406,4.20459824782134e-37,"1","PPP1R2"
2.86221468098263e-41,0.310148509923473,0.564,0.412,5.90990087329293e-37,"1","DNTTIP2"
6.13563949854764e-41,0.267568257503859,0.798,0.664,1.26688684366012e-36,"1","CHCHD2"
8.11759652375335e-41,0.275636590452046,0.744,0.614,1.67612133022459e-36,"1","CNBP"
9.36603163383642e-41,0.499100946488671,0.401,0.272,1.93389821175454e-36,"1","IFITM1"
1.27347704867081e-40,0.34324058025446,0.515,0.37,2.62947541009549e-36,"1","KPNB1"
1.33345750339962e-40,0.41140673307364,0.371,0.239,2.75332305301954e-36,"1","IVNS1ABP"
1.81032003253593e-40,0.314773482136897,0.66,0.512,3.73794880318019e-36,"1","SNRPB"
2.04401310805477e-40,0.498700525135143,0.31,0.192,4.22047826551149e-36,"1","ZNF10"
3.149810521722e-40,0.361837776989955,0.506,0.363,6.50372876525159e-36,"1","PPIG"
3.60096828589879e-40,0.392135062655369,0.397,0.265,7.43527931672381e-36,"1","CDC73"
3.76107824652693e-40,0.382591868472831,0.454,0.319,7.7658743634288e-36,"1","TLK1"
3.95670761491521e-40,0.40966813165488,0.27,0.156,8.16980988327693e-36,"1","NR4A3"
4.34638647024279e-40,0.381033581481796,0.581,0.456,8.97441878375731e-36,"1","ISCU"
4.73687087694968e-40,0.453575162741344,0.55,0.42,9.78069098672569e-36,"1","CD63"
7.85191272288682e-40,0.333305024244587,0.448,0.304,1.62126293902167e-35,"1","B4GALT1"
1.11893252427244e-39,0.820927599208483,0.312,0.209,2.31037187611773e-35,"1","GRN"
1.2624483964244e-39,0.508662934982125,0.297,0.177,2.60670344893709e-35,"1","ACP5"
3.00040942016724e-39,0.392925118089433,0.532,0.392,6.19524537076131e-35,"1","UBE2I"
3.27300295998784e-39,0.389090077702066,0.476,0.335,6.7580965117829e-35,"1","FBL"
3.56379167240377e-39,0.449255101781289,0.367,0.239,7.35851704517929e-35,"1","HERPUD2"
5.14172654670193e-39,0.358321773906883,0.578,0.444,1.06166369736301e-34,"1","ST13"
5.99034212145447e-39,0.396181266227418,0.41,0.278,1.23688584123792e-34,"1","CCDC12"
1.00568080656641e-38,0.268647618022301,0.715,0.577,2.07652972939832e-34,"1","EIF4G2"
1.01482311511843e-38,0.363118903475274,0.453,0.317,2.09540676809652e-34,"1","ACIN1"
1.48918575231085e-38,0.412834819081549,0.444,0.309,3.07487074137144e-34,"1","PA2G4"
1.65251485080085e-38,0.254452602363189,0.773,0.627,3.41211266393359e-34,"1","DAZAP2"
1.68939810342386e-38,0.331837566798919,0.353,0.222,3.48826920394958e-34,"1","CLECL1"
2.01818606744615e-38,0.269950313422724,0.623,0.472,4.1671505920628e-34,"1","HCLS1"
2.42013465796781e-38,0.381786797879381,0.398,0.265,4.99709404177194e-34,"1","PRPF8"
2.75932117406165e-38,0.288249051721676,0.38,0.238,5.6974463602025e-34,"1","CXCR5"
5.20306678184807e-38,0.251122303217624,0.464,0.323,1.07432922911599e-33,"1","ZNF292"
6.96547257643034e-38,0.250542398770314,0.71,0.563,1.43823077758134e-33,"1","RBM8A"
7.31503106177562e-38,0.518298267488643,0.445,0.326,1.51040761363543e-33,"1","SSU72"
7.78171956670538e-38,0.267740690220015,0.678,0.528,1.60676945613333e-33,"1","GPSM3"
1.63902203013243e-37,0.430027156369582,0.416,0.289,3.38425268781744e-33,"1","RAB5C"
1.84020869447319e-37,0.255753020480031,0.597,0.453,3.79966291234823e-33,"1","DDX6"
2.34321543997115e-37,0.362199745463565,0.538,0.411,4.83827124045244e-33,"1","NGLY1"
2.39401030576211e-37,0.296406814102931,0.493,0.347,4.94315247933759e-33,"1","SEPTIN9"
2.52124502253416e-37,0.666232795234803,0.266,0.163,5.20586672252853e-33,"1","PTPN7"
3.03445778821084e-37,0.286166655930341,0.521,0.371,6.26554844109773e-33,"1","CEBPZ"
4.73418112322649e-37,0.327467299825399,0.517,0.376,9.77513718323805e-33,"1","PNN"
5.53455307743801e-37,0.392945524238722,0.381,0.254,1.1427745194294e-32,"1","PPP4R3B"
6.12665966949562e-37,0.492794026729171,0.385,0.263,1.26503268855746e-32,"1","PFDN2"
8.32308650229403e-37,0.282086771760735,0.701,0.567,1.71855090099367e-32,"1","TRIR"
8.52631238249369e-37,0.313698868557216,0.648,0.512,1.7605129807373e-32,"1","LSP1"
1.14772648621256e-36,0.343586851405648,0.425,0.297,2.3698256487317e-32,"1","KIF5B"
1.16064036441035e-36,0.259655202823528,0.379,0.248,2.39649022443449e-32,"1","REV3L"
1.27973557196494e-36,0.382342899384283,0.512,0.384,2.6423980089932e-32,"1","TMEM243"
1.72710267865144e-36,0.625452225219496,0.297,0.189,3.56612161087949e-32,"1","MRPS7"
1.77029587887352e-36,0.380798590374556,0.417,0.286,3.65530693069805e-32,"1","UBE2R2"
2.03836962359723e-36,0.505281081823863,0.353,0.237,4.20882559880357e-32,"1","NBDY"
2.33472732956477e-36,0.322659798539192,0.499,0.366,4.82074499008534e-32,"1","NCOR1"
2.56558290181705e-36,0.406819836899355,0.472,0.347,5.29741557567184e-32,"1","STRAP"
2.59112372348027e-36,0.419217263438454,0.422,0.293,5.35015226424207e-32,"1","PPP1CB"
3.86185941281563e-36,0.310620160076083,0.479,0.34,7.97396731558172e-32,"1","DHX9"
4.41698544221924e-36,0.342776012721131,0.599,0.472,9.12019154109428e-32,"1","NDUFA4"
4.61238347672311e-36,0.359479606932439,0.536,0.403,9.52364940273787e-32,"1","SNRPG"
5.46212781821292e-36,0.330494354085826,0.346,0.224,1.1278201519046e-31,"1","NUP58"
5.62578955646905e-36,0.251197314772432,0.589,0.441,1.16161302761973e-31,"1","EIF1B"
6.25806007560582e-36,0.363524119924557,0.386,0.264,1.29216424441109e-31,"1","MYO9B"
8.07127314162858e-36,0.320857025111379,0.541,0.416,1.66655647828347e-31,"1","VOPP1"
8.38971685832217e-36,0.257109619399237,0.436,0.299,1.73230873690636e-31,"1","MTMR6"
9.61006676519648e-36,0.261809874784359,0.833,0.737,1.98428658567777e-31,"1","EMP3"
1.14355002458826e-35,0.466711173015704,0.305,0.191,2.36120209076983e-31,"1","SMU1"
2.12051478894737e-35,0.303630771903329,0.594,0.46,4.37843893621853e-31,"1","C11orf58"
2.58026361778462e-35,0.272625527548806,0.612,0.475,5.32772831800168e-31,"1","G3BP2"
2.90375140340424e-35,0.299731647508209,0.394,0.267,5.99566589774908e-31,"1","NEMF"
3.04882523270281e-35,0.592630940881716,0.377,0.27,6.29521434048475e-31,"1","MRPL41"
6.09244472231175e-35,0.550537606393641,0.366,0.254,1.25796798626293e-30,"1","SF3B6"
7.01829376768216e-35,0.389119080271646,0.565,0.452,1.44913729715101e-30,"1","NDUFS5"
7.23684023663147e-35,0.512880973939766,0.381,0.268,1.49426277205967e-30,"1","AL135905.2"
9.1581165310447e-35,0.300637039129459,0.653,0.531,1.89096790133011e-30,"1","SNU13"
9.65080789425385e-35,0.296853103165402,0.651,0.53,1.99269881400553e-30,"1","ERP29"
9.73693472399007e-35,0.310840143713869,0.644,0.522,2.01048228180947e-30,"1","ATP6V0B"
1.14623346467219e-34,0.366905539732627,0.481,0.355,2.36674285785513e-30,"1","LAMTOR5"
1.40386066661355e-34,0.353713413776202,0.35,0.228,2.89869150442365e-30,"1","MAP3K1"
1.43065850221275e-34,0.547145905602172,0.272,0.168,2.95402367536888e-30,"1","GKAP1"
1.66408912952194e-34,0.25906561127031,0.615,0.483,3.4360112346369e-30,"1","VCP"
3.36341879473229e-34,0.387210512578537,0.366,0.239,6.94478712736323e-30,"1","RGS19"
4.27055654056972e-34,0.303522666076337,0.666,0.538,8.81784514496835e-30,"1","CALR"
5.95673764024975e-34,0.305813140881189,0.48,0.361,1.22994718795877e-29,"1","UBE2S"
6.09188897347513e-34,0.289063928412636,0.548,0.404,1.25785323524315e-29,"1","MOB1A"
6.81247271758109e-34,0.560585845459397,0.306,0.199,1.40663936672614e-29,"1","ABHD14B"
6.91166271682499e-34,0.295355795481477,0.526,0.39,1.42712011777002e-29,"1","LSM14A"
7.87746656972794e-34,0.306033131377509,0.442,0.314,1.62653929731742e-29,"1","SPEN"
9.50581922846268e-34,0.254798279703575,0.692,0.558,1.96276155429297e-29,"1","NOP53"
1.46566368777838e-33,0.254937458694705,0.537,0.404,3.02630238252481e-29,"1","ATRX"
1.64655130583638e-33,0.360185522101047,0.507,0.384,3.39979913629096e-29,"1","PRMT1"
2.79414634993089e-33,0.298879712502,0.64,0.517,5.76935338333731e-29,"1","UXT"
3.00785543338437e-33,0.450663279975847,0.395,0.28,6.21061989885204e-29,"1","C9orf78"
3.01943315320907e-33,0.280441434026706,0.533,0.406,6.23452557474609e-29,"1","NOP58"
3.14939814593926e-33,0.382427159677408,0.313,0.202,6.50287729173538e-29,"1","RNF168"
3.26496817875525e-33,0.273564189080663,0.547,0.41,6.74150629549384e-29,"1","CIB1"
6.60108114616049e-33,0.384177423030042,0.331,0.218,1.36299123505922e-28,"1","NGDN"
6.79087557812569e-33,0.439493676183694,0.441,0.329,1.40217998937139e-28,"1","PGAM1"
7.51557243189769e-33,0.323985141319966,0.557,0.436,1.55181539573824e-28,"1","ALDOA"
8.49178227824791e-33,0.260445011061203,0.333,0.213,1.75338320481263e-28,"1","CEP170"
1.27971907606939e-32,0.40225621792263,0.364,0.249,2.64236394826807e-28,"1","UBA2"
1.61044815896158e-32,0.371053440501586,0.462,0.338,3.32525335862388e-28,"1","HADHA"
1.71138211383914e-32,0.540438575649345,0.329,0.225,3.53366178865506e-28,"1","AP3S1"
2.01079313044125e-32,0.392744565320172,0.267,0.163,4.15188565573509e-28,"1","TP53BP1"
8.87398056781291e-32,0.291147415261858,0.56,0.444,1.83229950764201e-27,"1","LAPTM4A"
1.07449909750873e-31,0.279624051600646,0.523,0.4,2.21862573653602e-27,"1","HSPA9"
1.15129023813365e-31,0.308071378340909,0.396,0.278,2.37718408369836e-27,"1","TTC17"
1.48046904935788e-31,0.302157613551333,0.429,0.304,3.05687249311414e-27,"1","BNIP2"
1.53171406300862e-31,0.451389649566365,0.379,0.266,3.1626831973002e-27,"1","APH1A"
1.63532713877644e-31,0.363974777170267,0.301,0.193,3.37662347614559e-27,"1","AFDN"
1.80079839183763e-31,0.416163533424009,0.261,0.161,3.71828851946634e-27,"1","TMEM154"
2.28165898779019e-31,0.2586499152138,0.575,0.447,4.71116947798919e-27,"1","HP1BP3"
2.43735084543237e-31,0.291829435010858,0.577,0.453,5.03264202564876e-27,"1","TUBA4A"
2.77345644905199e-31,0.252769738765244,0.598,0.464,5.72663287600254e-27,"1","EIF2S3"
3.79252310972478e-31,0.599198929359176,0.262,0.169,7.83080171695973e-27,"1","F11R"
4.42394463444598e-31,0.435476739007962,0.261,0.162,9.13456088120406e-27,"1","SUPT16H"
4.78153601948662e-31,0.255884559670186,0.526,0.389,9.87291557303598e-27,"1","RBMX"
7.02440111243512e-31,0.320526459193634,0.287,0.177,1.4503983416956e-26,"1","LPGAT1"
9.97016353308999e-31,0.309819681737634,0.476,0.357,2.05863936631242e-26,"1","ATP1B3"
1.1201208149253e-30,0.33047572388263,0.463,0.34,2.31282545865775e-26,"1","DNAJC8"
1.33560715496475e-30,0.408086455675519,0.392,0.28,2.75776165357121e-26,"1","PPP2R1A"
1.70871302702299e-30,0.405677721447669,0.477,0.357,3.52815065819708e-26,"1","LGALS1"
1.86359666522796e-30,0.487374099257192,0.352,0.244,3.8479543943627e-26,"1","LY6E"
2.08338304408186e-30,0.313803113569313,0.449,0.328,4.30176930942023e-26,"1","PRPF40A"
2.27461708990682e-30,0.363338716106082,0.407,0.292,4.69662936723959e-26,"1","CCT6A"
2.82090869512779e-30,0.407675473381015,0.355,0.247,5.82461227369986e-26,"1","ARL8A"
7.99268535234544e-30,0.36618409759999,0.458,0.352,1.65032967155229e-25,"1","GTF3A"
1.11928237918337e-29,0.293738889119926,0.347,0.229,2.31109425653783e-25,"1","FAM76B"
1.53218678962542e-29,0.250396026806914,0.617,0.503,3.16365928321856e-25,"1","KRT10"
1.86835153881661e-29,0.296978946259927,0.297,0.191,3.85777225734853e-25,"1","CRLF3"
1.87835655909335e-29,0.432058998771076,0.397,0.291,3.87843062321595e-25,"1","SMARCB1"
1.93282248854063e-29,0.316165953376712,0.556,0.446,3.9908918743387e-25,"1","VAMP2"
2.19834506054923e-29,0.473692258139686,0.274,0.178,4.53914288102205e-25,"1","DNAJC2"
2.20578474919077e-29,0.288284418232204,0.539,0.428,4.55450435012909e-25,"1","CD99"
2.98405173971966e-29,0.305045137430005,0.388,0.278,6.16147003217316e-25,"1","ETV6"
3.11287151647911e-29,0.377115012557638,0.305,0.201,6.42745710722607e-25,"1","KRR1"
3.28541924655648e-29,0.428823401619569,0.331,0.228,6.78373366028983e-25,"1","SUMO3"
3.94494141995166e-29,0.381690861681459,0.407,0.296,8.1455150439162e-25,"1","ALYREF"
4.3889429488472e-29,0.299686404504819,0.6,0.492,9.06228940077971e-25,"1","HIGD2A"
4.50074366919256e-29,0.667979378377618,0.273,0.184,9.2931355281488e-25,"1","RNF5"
4.594060382635e-29,0.252284507340889,0.455,0.328,9.48581587806475e-25,"1","KDM4B"
4.77311942374112e-29,0.384831494895585,0.38,0.272,9.85553698614067e-25,"1","MOB4"
6.32448412292502e-29,0.350754835208902,0.391,0.282,1.30587948170156e-24,"1","ETF1"
7.34767216248806e-29,0.380049991717325,0.295,0.194,1.51714734811053e-24,"1","RBM27"
1.03901104462941e-28,0.353918415199692,0.438,0.325,2.1453500049508e-24,"1","RNPS1"
1.04374761291189e-28,0.603678097534736,0.344,0.251,2.15513007114048e-24,"1","TSTD1"
1.13457283623753e-28,0.663603352740901,0.256,0.167,2.34266599226325e-24,"1","ELOF1"
1.84731259744934e-28,0.27694574735273,0.5,0.377,3.8143310512134e-24,"1","NASP"
2.14775418822547e-28,0.315198350449564,0.425,0.31,4.43468284784795e-24,"1","ANP32E"
2.81633634576347e-28,0.31350894787071,0.61,0.508,5.81517128673241e-24,"1","LDHA"
3.30143612298827e-28,0.329848827419645,0.335,0.231,6.81680530674617e-24,"1","TMEM87A"
3.39449157454737e-28,0.354128146907828,0.284,0.184,7.00894620312542e-24,"1","OXSR1"
5.26757590078011e-28,0.267874480280479,0.589,0.473,1.08764907199308e-23,"1","COX6C"
6.06338627165586e-28,0.589445157040811,0.26,0.171,1.2519679973715e-23,"1","GTF3C6"
6.42359130266389e-28,0.441499621631564,0.344,0.239,1.32634313217404e-23,"1","BCL7B"
7.15084568437414e-28,0.353948762044848,0.296,0.195,1.47650661690957e-23,"1","SMARCD1"
7.34633265073215e-28,0.359792417386225,0.359,0.248,1.51687076572318e-23,"1","TSPYL1"
7.46524624098216e-28,0.357011250162963,0.422,0.311,1.541424043838e-23,"1","NR1H2"
1.16849990717578e-27,0.272396298143313,0.5,0.38,2.41271860833655e-23,"1","RAD21"
1.40195870408485e-27,0.255107497758403,0.273,0.175,2.8947643321944e-23,"1","UBR4"
1.74357209131269e-27,0.309786729245126,0.333,0.226,3.60012765414245e-23,"1","MIER1"
1.88875967700714e-27,0.318168714724041,0.3,0.198,3.89991098108434e-23,"1","CCDC93"
2.05441572889396e-27,0.250125371625059,0.442,0.325,4.24195759702024e-23,"1","HNRNPH3"
2.23348968837423e-27,0.28942270480605,0.565,0.458,4.61170950855511e-23,"1","CSNK2B"
2.24630309262781e-27,0.263121034685824,0.491,0.377,4.6381666256579e-23,"1","ZC3H15"
4.49515691766699e-27,0.389964036552521,0.343,0.239,9.2816000035988e-23,"1","SF3B4"
4.7048347587866e-27,0.319666412847612,0.428,0.319,9.71454280994257e-23,"1","DNAJA2"
6.12642486475285e-27,0.294969168465022,0.47,0.356,1.26498420607417e-22,"1","MED10"
6.88699456032053e-27,0.256328599406,0.499,0.383,1.42202663681498e-22,"1","CNPPD1"
8.48751879229192e-27,0.439557052558506,0.29,0.194,1.75250288023244e-22,"1","POLE4"
1.15282410310163e-26,0.2828389372079,0.488,0.38,2.38035120808425e-22,"1","ZNF207"
1.21116519191953e-26,0.305474553076804,0.314,0.212,2.50081388827544e-22,"1","SYS1"
1.43595709250456e-26,0.366346399030782,0.316,0.215,2.96496420460341e-22,"1","BAX"
1.48781183517935e-26,0.482507160810671,0.305,0.211,3.07203387727832e-22,"1","DPH3"
1.84536342261662e-26,0.301746103587331,0.52,0.414,3.81030639501881e-22,"1","COX7B"
3.43225532784946e-26,0.398385113356233,0.303,0.206,7.08692080094356e-22,"1","WBP2"
3.90328002371715e-26,0.301098577848491,0.412,0.306,8.05949259297117e-22,"1","TPR"
5.65209833394218e-26,0.339193000340209,0.28,0.186,1.16704526399238e-21,"1","FARP2"
7.4714081619799e-26,0.359269531930837,0.381,0.281,1.54269635728561e-21,"1","ARIH2"
8.73980331986298e-26,0.334803274841482,0.265,0.173,1.80459458948531e-21,"1","TDG"
1.13537550765205e-25,0.360352835292936,0.32,0.221,2.34432334819995e-21,"1","TCERG1"
1.29153608482131e-25,0.377226714344355,0.48,0.387,2.66676370793904e-21,"1","WDR83OS"
1.3405436955237e-25,0.278569762180825,0.412,0.305,2.76795462251734e-21,"1","PPP4R2"
1.58519356757876e-25,0.29506840947451,0.521,0.415,3.27310767833662e-21,"1","ILF2"
1.67665999764541e-25,0.321128243252565,0.438,0.339,3.46196756313824e-21,"1","DNAAF2"
1.82059926701708e-25,0.368616910355702,0.44,0.339,3.75917336653686e-21,"1","RBM17"
1.8785921957346e-25,0.277297184307526,0.433,0.323,3.8789171657528e-21,"1","FXR1"
2.72261622773571e-25,0.277007788807691,0.385,0.281,5.6216579870287e-21,"1","PDCD4"
2.91585101650969e-25,0.340741237154028,0.385,0.282,6.02064917888921e-21,"1","PPP4C"
5.10577893484338e-25,0.303706302490985,0.346,0.243,1.05424123446646e-20,"1","SNX6"
7.79130644000933e-25,0.31669342083779,0.469,0.37,1.60874895373313e-20,"1","NOL7"
8.49209911667507e-25,0.287556993174113,0.49,0.384,1.75344862561107e-20,"1","TBCA"
8.6791282559581e-25,0.457556306261461,0.315,0.225,1.79206640229023e-20,"1","ANXA11"
1.02652629583794e-24,0.36767575029131,0.259,0.171,2.11957149564618e-20,"1","RSBN1"
1.19984692315981e-24,0.291137345768498,0.275,0.182,2.47744392694037e-20,"1","MECP2"
1.70290317814493e-24,0.290961668971576,0.368,0.264,3.51615448223366e-20,"1","GPATCH8"
1.74510930710646e-24,0.438172863129134,0.29,0.2,3.60330169731342e-20,"1","ACOT9"
1.84600628446004e-24,0.287761729438363,0.42,0.316,3.81163377615308e-20,"1","NXT1"
2.00748824967585e-24,0.432457170113817,0.301,0.213,4.1450617379307e-20,"1","PARVB"
2.25994405342489e-24,0.411066116888038,0.265,0.178,4.66633248151171e-20,"1","CTR9"
2.68208438765362e-24,0.619011715571918,0.268,0.188,5.53796784362719e-20,"1","RNF126"
3.45189995607777e-24,0.261339955607637,0.548,0.447,7.12748302930939e-20,"1","PTP4A2"
4.9742378715962e-24,0.251650826782267,0.427,0.324,1.02708063572718e-19,"1","CYSTM1"
5.27812138234389e-24,0.27302123832014,0.331,0.234,1.08982650302637e-19,"1","CCNK"
6.39983360678695e-24,0.321710824337334,0.324,0.228,1.32143764312937e-19,"1","OIP5-AS1"
6.97404039882586e-24,0.315746901610161,0.342,0.243,1.43999986154956e-19,"1","SS18L2"
7.07593589570276e-24,0.291663587339884,0.397,0.298,1.46103924374471e-19,"1","UBE3A"
7.61988776266762e-24,0.376174537847669,0.407,0.314,1.57335442523561e-19,"1","RWDD1"
9.03453885181668e-24,0.356648856987192,0.293,0.201,1.86545158212311e-19,"1","ZNF639"
1.00654806112637e-23,0.393034684318474,0.401,0.313,2.07832043661372e-19,"1","UBE2M"
1.12801483297994e-23,0.286754863648205,0.391,0.293,2.32912502713698e-19,"1","XRN2"
1.43781555280299e-23,0.438327795115552,0.333,0.243,2.96880155342762e-19,"1","SVIP"
1.634448419998e-23,0.284383753676797,0.5,0.406,3.37480909761187e-19,"1","COX5B"
1.7619085901624e-23,0.452547293118887,0.308,0.223,3.63798885696732e-19,"1","ARL5A"
1.92529708805867e-23,0.293576879506839,0.457,0.362,3.97535342742354e-19,"1","SERINC1"
1.94319894061743e-23,0.290977133516057,0.353,0.251,4.01231717258686e-19,"1","VASP"
2.00036558839292e-23,0.334360731086473,0.417,0.319,4.1303548669137e-19,"1","HNRNPR"
2.22023618105101e-23,0.326810424110173,0.404,0.309,4.58434366663413e-19,"1","RASSF1"
2.29061254019788e-23,0.392035582365772,0.365,0.274,4.72965677300058e-19,"1","SMIM26"
2.33809271288224e-23,0.297392191353899,0.54,0.442,4.82769383355925e-19,"1","UQCR11"
3.17584001091181e-23,0.258685077273975,0.599,0.498,6.5574744545307e-19,"1","NDUFA13"
3.46406113644249e-23,0.250303469544106,0.488,0.397,7.15259343452644e-19,"1","GOLGB1"
3.66351375919792e-23,0.363777698324586,0.425,0.334,7.56442320999187e-19,"1","UQCRFS1"
4.51595062714242e-23,0.400543778982377,0.251,0.168,9.32453485492367e-19,"1","ADPGK"
4.59732326525371e-23,0.334242899332867,0.373,0.276,9.49255307809585e-19,"1","AKIRIN1"
5.76677260595219e-23,0.255151790073415,0.386,0.286,1.19072320767701e-18,"1","FAM133B"
6.23260447253485e-23,0.390040462095592,0.361,0.27,1.286908171489e-18,"1","ITGB1"
6.4637430187322e-23,0.34203077689311,0.365,0.267,1.33463365850783e-18,"1","SF3A1"
6.99677151191893e-23,0.25027997857529,0.555,0.456,1.44469338178102e-18,"1","COX8A"
7.61031671309116e-23,0.452443683800357,0.28,0.195,1.57137819491906e-18,"1","PRELID3B"
8.5107517183623e-23,0.307899549664615,0.297,0.205,1.75730001480745e-18,"1","SNHG25"
1.2653821521194e-22,0.347681786402362,0.346,0.253,2.61276106769614e-18,"1","SUMO1"
1.32725698464604e-22,0.289035829002891,0.305,0.213,2.74052022189715e-18,"1","ATG12"
1.48111555103034e-22,0.26355682993701,0.545,0.452,3.05820738976745e-18,"1","EDF1"
1.63817636461289e-22,0.287485087188049,0.343,0.247,3.38250655765271e-18,"1","TAP1"
1.81525463007002e-22,0.311801427188123,0.35,0.258,3.74813776016857e-18,"1","MFSD14A"
2.38971549902702e-22,0.432134814896455,0.35,0.266,4.934284562391e-18,"1","MRPS21"
2.48195715106189e-22,0.417926763490701,0.291,0.205,5.12474512551259e-18,"1","SNHG16"
2.74069834363515e-22,0.298295831251931,0.263,0.176,5.65899393993786e-18,"1","ECD"
4.47299947213121e-22,0.422457699963944,0.272,0.188,9.23584931005652e-18,"1","FAM162A"
4.60260517978698e-22,0.405220177543271,0.343,0.257,9.50345917522417e-18,"1","TMUB1"
5.10528195250713e-22,0.308111320692516,0.253,0.17,1.05413861755367e-17,"1","CDK12"
7.42163948957921e-22,0.343016478109682,0.254,0.171,1.53242012180832e-17,"1","GRK2"
7.84077140793701e-22,0.254889467701917,0.411,0.311,1.61896248031083e-17,"1","SSB"
8.23453022759127e-22,0.266115318912068,0.482,0.385,1.70026580139304e-17,"1","ATP5MC3"
8.47622704754749e-22,0.291326163293949,0.472,0.383,1.75017136077761e-17,"1","TOMM6"
1.14209274402686e-21,0.336389601046033,0.318,0.227,2.35819309786666e-17,"1","PRKAR1A"
1.27143895933822e-21,0.32999680981622,0.405,0.321,2.62526716324156e-17,"1","BCAP31"
1.38440335297244e-21,0.288882984427171,0.388,0.287,2.85851604321749e-17,"1","PTPRCAP"
1.79042433118083e-21,0.261603583727365,0.251,0.169,3.69686815902218e-17,"1","FKBP4"
1.80104710921134e-21,0.250988009065529,0.292,0.205,3.71880207109958e-17,"1","P4HA1"
2.30439898423538e-21,0.312651256380566,0.426,0.334,4.75812302264921e-17,"1","PSMB3"
2.86921151561254e-21,0.32778548636687,0.347,0.257,5.92434793743678e-17,"1","GLIPR1"
2.88446887512619e-21,0.29796592127617,0.414,0.318,5.95585133336056e-17,"1","CMPK1"
3.13929055072093e-21,0.309831186817768,0.267,0.18,6.48200712912857e-17,"1","MORC3"
3.58993961937838e-21,0.274797914492225,0.336,0.244,7.41250732609248e-17,"1","CCT3"
3.65870382363725e-21,0.263001547418855,0.408,0.311,7.5544916550462e-17,"1","MAX"
3.89292148694082e-21,0.29248807591633,0.463,0.369,8.03810428623541e-17,"1","GNB2"
5.52432839239011e-21,0.25392623585498,0.269,0.185,1.14066332646071e-16,"1","SNRNP200"
5.76606739000149e-21,0.287497894543878,0.337,0.244,1.19057759468751e-16,"1","CHRAC1"
1.07635904078524e-20,0.254249218514859,0.539,0.451,2.22246614741337e-16,"1","CHCHD10"
1.45898107042648e-20,0.296652461346293,0.347,0.257,3.01250411421659e-16,"1","TMEM248"
1.54806989163666e-20,0.476612359439372,0.264,0.189,3.19645471225138e-16,"1","PIGT"
1.7809418194891e-20,0.331671634478777,0.387,0.299,3.6772886688811e-16,"1","COPS2"
2.05854823243099e-20,0.266689290133384,0.332,0.244,4.2504903903235e-16,"1","POLR2A"
2.38527702993892e-20,0.318378460720328,0.332,0.245,4.92512001141789e-16,"1","IK"
2.92118004779607e-20,0.332350360185795,0.303,0.219,6.03165256268932e-16,"1","M6PR"
3.99229318290515e-20,0.308199448332719,0.378,0.294,8.24328696406255e-16,"1","SEPTIN2"
4.01500997491204e-20,0.300470496094457,0.432,0.346,8.29019259619839e-16,"1","RAD23A"
4.02949178938397e-20,0.399285683738136,0.313,0.23,8.32009464672001e-16,"1","DRAM2"
4.05433776923117e-20,0.327104329166212,0.394,0.308,8.37139662590851e-16,"1","ERH"
4.39628650362161e-20,0.300930712504494,0.487,0.401,9.07745237267791e-16,"1","NDUFB2"
4.63748549758426e-20,0.284782934538628,0.253,0.171,9.57548005541197e-16,"1","CDC40"
5.4574543269646e-20,0.465262491250774,0.297,0.222,1.12685516943165e-15,"1","EMC6"
5.68603986155435e-20,0.387961846037589,0.382,0.303,1.17405351061374e-15,"1","CIAO2B"
6.51273015529282e-20,0.308661697273982,0.452,0.366,1.34474852246486e-15,"1","EIF3G"
6.99329095117497e-20,0.250753007621685,0.303,0.222,1.44397471559861e-15,"1","ITCH"
7.57977968154425e-20,0.267245756696566,0.275,0.193,1.56507290864526e-15,"1","SCAF4"
8.15522252546626e-20,0.310802347796009,0.315,0.231,1.68389034705827e-15,"1","ANKLE2"
8.53928501243469e-20,0.296120068796407,0.386,0.296,1.76319156936752e-15,"1","PCNP"
1.11005231754889e-19,0.373046330808977,0.299,0.216,2.29203602527495e-15,"1","R3HDM4"
1.30633410584439e-19,0.290116901533503,0.385,0.297,2.69731866174749e-15,"1","HNRNPUL1"
1.50837525860336e-19,0.325452288456893,0.318,0.235,3.11449323396422e-15,"1","SERPINB1"
1.53751862330484e-19,0.407103495775393,0.432,0.355,3.17466845339984e-15,"1","PEBP1"
1.80100016728432e-19,0.272101974329695,0.479,0.393,3.71870514540865e-15,"1","ARHGDIA"
2.19707167438739e-19,0.427123839958152,0.26,0.186,4.53651359327507e-15,"1","DYNC1H1"
2.92206511837162e-19,0.295490468382642,0.258,0.179,6.03348005641372e-15,"1","REST"
3.58289509812461e-19,0.32756239905857,0.295,0.215,7.39796179860769e-15,"1","PDCD6"
3.66023842075567e-19,0.421036598795404,0.342,0.267,7.55766029117632e-15,"1","FKBP8"
4.85686106094074e-19,0.378036033250953,0.329,0.25,1.00284467186304e-14,"1","BRK1"
6.12936427198319e-19,0.319627297559567,0.292,0.213,1.26559113487909e-14,"1","SNHG1"
6.87951564584858e-19,0.430606071044324,0.273,0.2,1.42048239055482e-14,"1","MRPL33"
9.42226571663738e-19,0.478130228199729,0.315,0.247,1.94550942517129e-14,"1","TYMP"
9.72377695012105e-19,0.271462251301556,0.419,0.335,2.007765464661e-14,"1","STAU1"
1.06043192514296e-18,0.409422300866136,0.297,0.222,2.18957983903519e-14,"1","ANXA7"
1.06532360047405e-18,0.263841946346928,0.387,0.306,2.19968017025882e-14,"1","AC020916.1"
1.21856079230533e-18,0.320492697632844,0.351,0.271,2.51608432395204e-14,"1","ARPP19"
1.624310146537e-18,0.298187233847336,0.29,0.212,3.35387559056959e-14,"1","RTF1"
1.68039800886842e-18,0.367687227027097,0.258,0.182,3.46968580871152e-14,"1","U2AF2"
1.79134667894857e-18,0.351360622973294,0.284,0.206,3.69877262269301e-14,"1","SNRPB2"
1.84037003780702e-18,0.275684567113577,0.267,0.189,3.79999605406393e-14,"1","RIPOR1"
2.07774956938217e-18,0.290826540264741,0.29,0.211,4.29013731086031e-14,"1","ZBTB7A"
2.24389195741976e-18,0.548866763345415,0.302,0.235,4.63318811368032e-14,"1","TIMM17B"
2.70145033513963e-18,0.291258854798207,0.294,0.213,5.57795465199631e-14,"1","PCIF1"
2.94982514599255e-18,0.268169422165887,0.365,0.282,6.09079896144541e-14,"1","U2SURP"
3.84001831731922e-18,0.311811646246259,0.372,0.296,7.92886982160072e-14,"1","TRABD"
5.4181594309203e-18,0.262388033673346,0.295,0.215,1.11874155929642e-13,"1","SYNRG"
6.34159665553265e-18,0.360329697042429,0.288,0.212,1.30941287743438e-13,"1","CWC15"
9.11010679747262e-18,0.425967940699776,0.339,0.268,1.88105485154215e-13,"1","SIVA1"
9.98324205141472e-18,0.321263310628887,0.367,0.29,2.06133981877611e-13,"1","VEGFB"
1.43809453292601e-17,0.286350750264863,0.276,0.198,2.96937759158563e-13,"1","MATR3.1"
1.76490774949956e-17,0.336876347526388,0.331,0.253,3.64418152116668e-13,"1","TOMM22"
2.22272184286562e-17,0.316790861039478,0.359,0.287,4.58947606114894e-13,"1","RNF149"
2.24087992222725e-17,0.295878234880253,0.374,0.299,4.62696886341483e-13,"1","BAG1"
2.4641560428684e-17,0.324985204895028,0.345,0.269,5.08798939731467e-13,"1","PPM1G"
2.69102901419102e-17,0.380929437177251,0.25,0.179,5.55643670850161e-13,"1","HMGN4"
3.03540727319979e-17,0.280328706261796,0.396,0.319,6.26750893770293e-13,"1","EIF3I"
3.06655472062737e-17,0.427324148329158,0.336,0.266,6.3318221871514e-13,"1","FAM177A1"
3.3995199683177e-17,0.280455642431295,0.301,0.223,7.01932883058238e-13,"1","TMEM170A"
3.40309885802718e-17,0.279920223934023,0.315,0.237,7.02671852205451e-13,"1","CCDC59"
3.42433320012375e-17,0.327665040305885,0.263,0.189,7.07056319161552e-13,"1","CAMLG"
3.80162281585715e-17,0.45240629562856,0.28,0.212,7.84959079018185e-13,"1","ALKBH5"
4.60233512648899e-17,0.261264353655362,0.326,0.251,9.50290156917446e-13,"1","COPB1"
4.83222175980429e-17,0.28995336423316,0.292,0.218,9.97757148964389e-13,"1","APPL1"
4.84481918871788e-17,0.269230396846814,0.262,0.187,1.00035826608647e-12,"1","TACC1"
4.97338516664895e-17,0.319905702068385,0.308,0.234,1.02690456920968e-12,"1","DARS"
6.13774686345645e-17,0.253661226541756,0.251,0.175,1.26732197236649e-12,"1","ALOX5AP"
6.95792814732695e-17,0.350173173601592,0.387,0.316,1.43667300386007e-12,"1","PQBP1"
7.7043984443782e-17,0.253548196782689,0.352,0.272,1.59080419079521e-12,"1","EIF4H"
8.6020862810501e-17,0.296220544661866,0.375,0.301,1.77615877531123e-12,"1","PNPLA2"
1.54248415994382e-16,0.348583531158881,0.32,0.247,3.184921293452e-12,"1","FUNDC2"
1.69125355993076e-16,0.261928943727388,0.25,0.179,3.49210035054503e-12,"1","VPS35"
1.94701368522248e-16,0.377067517196974,0.288,0.22,4.02019385724738e-12,"1","NCF4"
3.18559136504584e-16,0.355807359483602,0.292,0.221,6.57760905054664e-12,"1","MRPS36"
4.16378775372177e-16,0.287185807279206,0.327,0.252,8.59738895388471e-12,"1","MAF1"
4.2787180081395e-16,0.377750351195098,0.281,0.213,8.83469694320643e-12,"1","MIDN"
4.59607823432754e-16,0.322782271321576,0.265,0.194,9.48998233823951e-12,"1","UBE2Z"
4.66157194081526e-16,0.367339596543586,0.3,0.231,9.62521374339535e-12,"1","RAB8A"
5.83896288025953e-16,0.254017129106293,0.407,0.33,1.20562905551599e-11,"1","CTSH"
5.86198690612718e-16,0.373774486358833,0.274,0.207,1.21038305637714e-11,"1","PSMC4"
7.15199284439028e-16,0.297470034882667,0.303,0.225,1.47674348250971e-11,"1","SNRPF"
1.49358968765529e-15,0.282612338347663,0.26,0.191,3.08396398707065e-11,"1","BAZ1B"
1.56886221124359e-15,0.286015073892017,0.381,0.308,3.23938669377577e-11,"1","CCT8"
1.56980264082049e-15,0.317059429873515,0.3,0.233,3.24132849276614e-11,"1","SUPT5H"
1.62544941832759e-15,0.43399720129368,0.252,0.189,3.3562279589628e-11,"1","METTL9"
1.70585190719024e-15,0.309434479657317,0.314,0.241,3.5222430179664e-11,"1","DNAJC7"
1.82968142343032e-15,0.279677433421208,0.378,0.307,3.77792620309892e-11,"1","PSMD7"
2.07687841881429e-15,0.276125268035938,0.25,0.179,4.28833855916775e-11,"1","MED30"
2.10060317079877e-15,0.335021822043093,0.278,0.211,4.33732542706529e-11,"1","NARF"
2.37350373670964e-15,0.292118596901565,0.288,0.219,4.90081051555806e-11,"1","WAPL"
2.95828797731769e-15,0.295698703379486,0.269,0.203,6.10827301556557e-11,"1","CDS2"
3.30172644505785e-15,0.254985212410914,0.297,0.226,6.81740476375544e-11,"1","CAPZA2"
3.52182723299439e-15,0.325540050357542,0.407,0.341,7.27186887068682e-11,"1","TUFM"
1.03294483960647e-14,0.296878747840902,0.417,0.352,2.13282450481944e-10,"1","TXNL4A"
1.20520673429236e-14,0.30245738669499,0.251,0.186,2.48851086496688e-10,"1","SRRT"
1.21115978328945e-14,0.313882870636815,0.259,0.192,2.50080272053606e-10,"1","POLE3"
2.25872372721577e-14,0.286942975491055,0.29,0.22,4.66381275195513e-10,"1","DNAJC21"
3.26962132363354e-14,0.28424312802558,0.255,0.19,6.75111410903853e-10,"1","BCCIP"
3.63693430824979e-14,0.399335873585765,0.285,0.224,7.50954195967418e-10,"1","COX16"
4.96523654921931e-14,0.261364655942156,0.304,0.233,1.0252220426828e-09,"1","PDLIM1"
6.57846523854972e-14,0.405967356814145,0.369,0.312,1.35832150245575e-09,"1","PSMB6"
9.22770475605137e-14,0.339366356850676,0.316,0.256,1.90533647802949e-09,"1","NDFIP1"
9.89321060456885e-14,0.273290954695553,0.29,0.223,2.04275012563138e-09,"1","MAT2B"
2.04111041728477e-13,0.329555628583028,0.255,0.192,4.21448478960958e-09,"1","APEX1"
3.59679294539336e-13,0.29887191468924,0.252,0.192,7.4266580736482e-09,"1","LAMP1"
3.78225950337307e-13,0.347267519695418,0.295,0.237,7.80960942256472e-09,"1","CCDC47"
4.65683050886271e-13,0.25351511365208,0.269,0.206,9.61542363469973e-09,"1","HNRNPUL2"
5.20834980073099e-13,0.30551887647484,0.36,0.3,1.07542006685494e-08,"1","PCED1B-AS1"
8.57847553954531e-13,0.416947519301738,0.26,0.203,1.77128362940532e-08,"1","SEPTIN1"
1.28638500506622e-12,0.26526362801473,0.309,0.247,2.65612775846073e-08,"1","OTUB1"
1.43297453941682e-12,0.281839317701324,0.318,0.258,2.95880582898785e-08,"1","UBE2L3"
2.63891958575628e-12,0.287990356089569,0.288,0.227,5.44884116066957e-08,"1","ARF5"
2.6585407012927e-12,0.324601857008701,0.285,0.226,5.48935484002916e-08,"1","POLR2K"
3.53799791651578e-12,0.274498930153568,0.3,0.239,7.30525809802178e-08,"1","EIF6"
3.83800067112596e-12,0.298031223564272,0.31,0.253,7.92470378574089e-08,"1","BUD23"
4.45698819751542e-12,0.357861177187806,0.324,0.268,9.20278923022984e-08,"1","CTDNEP1"
5.3093008465208e-12,0.312230404017503,0.289,0.231,1.09626443878961e-07,"1","SUPT4H1"
7.85677602155317e-12,0.275228685007623,0.279,0.221,1.6222671129303e-07,"1","BUD31"
1.38345931505297e-11,0.332695346390622,0.268,0.215,2.85656679372138e-07,"1","SAT2"
1.70422034474074e-11,0.329834286592306,0.256,0.2,3.51887416782067e-07,"1","PUF60"
2.47846441440327e-11,0.254171847320397,0.321,0.263,5.11753332285987e-07,"1","SNRNP70"
3.43304952941534e-11,0.278157143433156,0.251,0.195,7.08856066833679e-07,"1","PHF5A"
3.56961189944944e-11,0.294538745014135,0.292,0.238,7.37053464998321e-07,"1","AP2M1"
4.41123668925063e-11,0.364199307495039,0.29,0.239,9.10832151596471e-07,"1","RNH1"
7.78666130086008e-11,0.39260332119908,0.251,0.202,1.60778982540159e-06,"1","SLIRP"
1.03210565299165e-10,0.262665666783858,0.394,0.343,2.13109175229716e-06,"1","ALKBH7"
1.09280464866232e-10,0.305192352194653,0.35,0.301,2.25642303855797e-06,"1","TMED2"
1.18492279840254e-10,0.290171280398723,0.299,0.246,2.44662859414156e-06,"1","ADRM1"
1.22049034692194e-10,0.258208268656923,0.305,0.251,2.52006846832443e-06,"1","RBX1"
2.75413837302796e-10,0.290119384725711,0.345,0.298,5.68674491262813e-06,"1","ICAM3"
3.81535133579486e-10,0.271581767812113,0.265,0.213,7.87793743814923e-06,"1","PSMD6"
6.21406320395397e-10,0.274014111810311,0.287,0.238,1.28307977035242e-05,"1","PCMT1"
1.29313161150176e-09,0.29489083065883,0.279,0.233,2.67005815142884e-05,"1","TXNL1"
1.64333475960069e-09,0.270483281301415,0.288,0.241,3.39315761162351e-05,"1","SEC31A"
2.16702965937282e-09,0.251260581954099,0.319,0.268,4.474482840673e-05,"1","CCT7"
2.48360244394497e-09,0.32708809945745,0.252,0.207,5.12814232625758e-05,"1","MLF2"
6.8686851730662e-09,0.265868960263879,0.254,0.209,0.000141824611453471,"1","SH3BP5"
1.53438516461411e-08,0.317933961165475,0.284,0.241,0.000316819848789521,"1","DDT"
1.73260239816095e-08,0.268629445428233,0.252,0.206,0.000357747743172272,"1","GPI"
3.11129574337349e-08,0.310569688308299,0.268,0.231,0.000642420345091758,"1","IL10RA"
4.31932296905184e-08,0.369902626619126,0.291,0.254,0.000891853806649823,"1","COPS9"
5.56630354394056e-08,0.348031531733413,0.262,0.221,0.00114933035575285,"1","TRAPPC1"
5.44416930320789e-07,0.300364487306861,0.273,0.238,0.0112411207772637,"1","SCAMP2"
1.4039775813749e-05,0.355059103555188,0.263,0.237,0.289893291002288,"1","STUB1"
1.52017551112464e-05,0.361697594026405,0.26,0.234,0.313885839537016,"1","EMC4"
6.33894793070627e-05,0.261744282881796,0.254,0.228,1,"1","TMEM160"
0.000650904667709843,0.289439364157289,0.256,0.237,1,"1","RNF181"
0.00145687551251823,0.279748762589812,0.251,0.236,1,"1","RAB5IF"
0,1.9952739863229,0.656,0.23,0,"2","PDE4D"
0,4.10222343994529,0.359,0.039,0,"2","HOPX"
0,0.952830120761007,0.991,0.849,0,"2","HLA-DPB1"
0,0.988159785464788,0.985,0.899,0,"2","TMSB10"
6.42769523926545e-319,0.632646608370455,1,0.995,1.32719051300353e-314,"2","CD74"
8.79163617159014e-294,1.30755046907599,0.892,0.679,1.81529703670993e-289,"2","SH3BGRL3"
7.15979488042882e-262,0.749776940058463,0.994,0.92,1.47835444691094e-257,"2","HLA-DPA1"
9.7243475488655e-259,0.920378353459783,0.976,0.817,2.00788328188975e-254,"2","HLA-DQA1"
1.22915706668374e-233,1.10580014782326,0.918,0.703,2.5379635112886e-229,"2","CD52"
5.18476869177409e-219,1.54871124663305,0.729,0.44,1.07055103947751e-214,"2","S100A10"
4.24747228788789e-215,1.00993187473219,0.913,0.714,8.77018078003091e-211,"2","CRIP1"
6.81082017397398e-215,0.823121004931507,0.982,0.886,1.40629814952215e-210,"2","TMSB4X"
9.86739435231004e-213,0.643316771903345,0.998,0.914,2.03741958586498e-208,"2","HLA-DRB1"
3.02972814941331e-202,0.78242027515592,0.963,0.787,6.2557826829086e-198,"2","HLA-DQB1"
1.84521022704799e-199,0.582640766796713,0.997,0.919,3.80999007680869e-195,"2","HLA-DRA"
1.68555317611521e-195,0.768474682856739,0.971,0.844,3.48033019804269e-191,"2","LAPTM5"
5.87193649732265e-193,0.961508891120119,0.915,0.701,1.21243744796718e-188,"2","MS4A1"
1.54046295838295e-187,1.46746220108907,0.525,0.23,3.18074791646912e-183,"2","MTSS1"
9.53356623452895e-180,1.75102574277882,0.34,0.103,1.96849075610554e-175,"2","KYNU"
1.33344120434481e-164,1.39202834523518,0.54,0.255,2.75328939873116e-160,"2","SELL"
9.79998066272181e-162,0.540997470270678,0.99,0.94,2.0235000072388e-157,"2","ACTB"
6.23723454349847e-149,0.939650923824631,0.813,0.614,1.28786418854156e-144,"2","MEF2C"
6.90868995912975e-148,1.14765173821534,0.604,0.338,1.42650630276111e-143,"2","ADK"
8.18226078416581e-142,0.605022506334977,0.969,0.824,1.68947320671456e-137,"2","HLA-DRB5"
9.76386499974594e-140,1.98869208362375,0.266,0.08,2.01604284514754e-135,"2","LYPLAL1"
2.93242241655736e-137,1.33236565456368,0.508,0.256,6.05486580570763e-133,"2","CAPG"
6.69676849152919e-136,1.3315295957345,0.518,0.273,1.38274875813095e-131,"2","ARL6IP5"
5.0734395814645e-134,0.529580900136589,0.97,0.901,1.04756380478079e-129,"2","HLA-E"
2.96373976768594e-133,1.22215037594241,0.637,0.419,6.11952987231792e-129,"2","CD99"
2.56636978019742e-132,0.9947730792626,0.574,0.301,5.29904032215164e-128,"2","RIPOR2"
1.73353782922449e-124,1.84948647904662,0.264,0.084,3.57940890978273e-120,"2","SCIMP"
3.38664504329623e-121,1.85549662429261,0.312,0.121,6.99274468539805e-117,"2","SCPEP1"
1.32583160746304e-118,0.601544588537026,0.913,0.796,2.73757710308969e-114,"2","PFN1"
3.27805451114461e-117,1.35483072054305,0.566,0.358,6.76852695461139e-113,"2","GABARAPL2"
4.31895450333788e-117,1.6854688673288,0.372,0.169,8.91777725849205e-113,"2","ITGB2"
7.88420535275126e-117,0.610161220530898,0.945,0.854,1.62793072123608e-112,"2","OAZ1"
2.93184791225235e-116,1.20729126488239,0.489,0.248,6.05367956921866e-112,"2","BCL2A1"
5.92754596990475e-114,0.574573861703571,0.953,0.877,1.22391969186593e-109,"2","TAGLN2"
1.38410288589916e-109,0.333581633245715,1,0.993,2.85789563880458e-105,"2","B2M"
4.44286926292699e-108,0.791387593751926,0.766,0.565,9.17363645409165e-104,"2","ARHGDIB"
3.75066958502348e-103,0.897516522458801,0.667,0.455,7.74438255915648e-99,"2","TLE5"
1.65399936943662e-102,1.20114396143983,0.406,0.196,3.41517789801273e-98,"2","INPP5F"
3.62646493023784e-99,0.78487425028541,0.707,0.493,7.48792478795508e-95,"2","CORO1A"
2.8916666164188e-98,0.764918012721307,0.709,0.531,5.97071322958154e-94,"2","AKAP13"
1.77062086549561e-97,0.598182473592768,0.892,0.782,3.65597796307534e-93,"2","SMAP2"
2.5778499004231e-96,1.02421536407135,0.503,0.287,5.32274447439361e-92,"2","ZEB2"
2.35895324347574e-93,0.883996377605587,0.615,0.406,4.8707666571287e-89,"2","MTPN"
8.79672044855068e-93,0.621497381934731,0.814,0.668,1.81634683821674e-88,"2","HLA-DMA"
3.14991412042947e-92,0.404278313881774,0.985,0.938,6.50394267586278e-88,"2","HLA-A"
1.30110627191502e-90,0.667399529164094,0.8,0.621,2.68652423025014e-86,"2","ZFP36L1"
1.5026553832162e-90,0.80056518569215,0.674,0.468,3.10268283526481e-86,"2","COTL1"
2.54863594373236e-90,1.28484663730645,0.385,0.195,5.26242349661858e-86,"2","SLAMF1"
4.57812137747033e-90,0.838122710211465,0.554,0.327,9.45290502020074e-86,"2","HLA-DMB"
7.00092136377498e-89,0.881706532538885,0.674,0.5,1.44555024319226e-84,"2","CD53"
1.40527069179168e-88,0.583260200115165,0.843,0.726,2.90160292441146e-84,"2","CLIC1"
6.78816524957582e-87,1.49114992554165,0.406,0.225,1.40162036073241e-82,"2","S100A4"
1.75823392495212e-86,0.561908245443535,0.86,0.727,3.63040140824114e-82,"2","ACTG1"
2.29672748088085e-86,0.686368086093438,0.672,0.456,4.74228290252277e-82,"2","SWAP70"
1.09649504153212e-84,0.680374174617734,0.713,0.509,2.26404296175553e-80,"2","HLA-DQA2"
3.91168608097037e-84,0.751406394240842,0.724,0.556,8.07684941998761e-80,"2","MYL12A"
1.82214206356341e-83,0.954009907983676,0.362,0.172,3.76235893284573e-79,"2","MARCH1"
2.36728555503216e-83,1.04580041798769,0.401,0.206,4.8879712140304e-79,"2","HVCN1"
2.77159936602399e-83,0.800412573406357,0.684,0.515,5.72279837096634e-79,"2","LSP1"
9.74646772612521e-83,0.735031427966385,0.637,0.416,2.01245065609033e-78,"2","FCMR"
1.07088980847006e-80,1.09120556450197,0.47,0.285,2.21117327652898e-76,"2","LRMP"
3.28624287116549e-79,1.62566580809634,0.312,0.151,6.7854342803825e-75,"2","DUSP4"
4.80258706989666e-79,0.983878157235033,0.433,0.243,9.91638178192263e-75,"2","CLEC2D"
1.18169516704785e-78,0.619962691208217,0.858,0.739,2.43996418092041e-74,"2","EMP3"
1.50737938542713e-78,0.705135001484708,0.578,0.364,3.11243695502994e-74,"2","UVRAG"
1.67972651619228e-78,0.958671609522031,0.617,0.453,3.46829931063383e-74,"2","EVI2B"
3.81262190864006e-78,1.17747562732253,0.37,0.194,7.87230171696e-74,"2","PTPN6"
3.91802142062221e-78,0.805471528260245,0.652,0.47,8.08993062930073e-74,"2","MYADM"
1.16028993692831e-77,1.01198384630164,0.415,0.231,2.39576666176958e-73,"2","CELF2"
1.22269079550154e-77,0.656223305385024,0.762,0.63,2.52461195455158e-73,"2","ARPC2"
2.8555566631207e-77,1.16838158237705,0.348,0.178,5.89615339801163e-73,"2","BMP2K"
6.26424358905896e-77,0.924374108934675,0.485,0.282,1.29344101626889e-72,"2","IRF8"
2.78762913219832e-76,0.575115997089743,0.797,0.672,5.75589663216309e-72,"2","RNASEK"
6.72978199818406e-76,0.439822235493127,0.917,0.814,1.38956538698505e-71,"2","PPIA"
7.20540571012084e-75,0.546910545812944,0.84,0.714,1.48777217102575e-70,"2","SYNGR2"
1.66977799141543e-73,0.478927561831153,0.873,0.766,3.44775759667458e-69,"2","CFL1"
1.44002241060054e-72,0.963151877298983,0.548,0.378,2.973358273408e-68,"2","S100A6"
2.64504074283773e-72,0.610397412400999,0.889,0.762,5.46148012581135e-68,"2","VIM"
2.91705557214212e-71,0.309250689753589,0.996,0.958,6.02313634535905e-67,"2","RPL18A"
8.70007888867936e-71,0.676412463719407,0.721,0.584,1.79639228893451e-66,"2","YWHAB"
2.95203312833393e-68,0.438135465486199,0.838,0.649,6.0953580033839e-64,"2","BANK1"
5.20640143933722e-68,0.870152683880752,0.532,0.361,1.07501776919435e-63,"2","CAPZB"
6.26639182249448e-68,1.29460254364998,0.325,0.168,1.29388458350866e-63,"2","ALOX5AP"
1.83971829471197e-66,0.351046902798218,0.967,0.896,3.79865033492128e-62,"2","UBA52"
5.16116715938506e-66,0.984319588876437,0.403,0.229,1.06567779506983e-61,"2","CD82"
6.83206904276643e-66,0.660616517004554,0.689,0.554,1.41068561595041e-61,"2","IL2RG"
8.95462877312047e-66,0.59563883049534,0.57,0.397,1.84895174907391e-61,"2","RABGAP1L"
4.26544243596648e-65,0.353777139668993,0.985,0.937,8.80728554178358e-61,"2","PNRC1"
9.68191075994278e-65,1.41668464351451,0.275,0.135,1.99912093371299e-60,"2","AP1S2"
3.17185206037174e-64,0.518757363188797,0.755,0.588,6.54924013425556e-60,"2","LRRFIP1"
5.80318673849571e-64,0.539895792320232,0.764,0.634,1.19824199776459e-59,"2","TPM3"
8.44567090000919e-64,0.927056770125918,0.376,0.206,1.7438621274339e-59,"2","ETS1"
6.67298371380021e-63,0.931961959998295,0.391,0.227,1.37783767722547e-58,"2","RAB31"
2.75544240281423e-62,0.540256722589058,0.704,0.56,5.68943747333082e-58,"2","ATP2B1"
6.31213374585041e-62,0.421120011878688,0.881,0.782,1.30332937584319e-57,"2","ATP5F1E"
9.42374713203772e-62,0.765996033030325,0.465,0.295,1.94581530782315e-57,"2","RFTN1"
2.93286350178305e-61,1.03566830409841,0.469,0.326,6.05577655848164e-57,"2","GSTK1"
5.57434544223715e-60,0.275238564805441,0.999,0.977,1.15099084691313e-55,"2","HLA-B"
7.41713905732608e-60,0.379643864933937,0.928,0.847,1.53149087255669e-55,"2","RPL27"
1.81170405821253e-59,1.05896987788555,0.402,0.244,3.74080653939723e-55,"2","PHACTR1"
9.84712416499803e-59,1.18442859467686,0.254,0.12,2.03323419758879e-54,"2","CA5B"
6.96768684389538e-58,0.782206543529194,0.538,0.375,1.43868797952752e-53,"2","ARPC1B"
1.38377638186907e-57,0.799993311937087,0.492,0.325,2.85722147328326e-53,"2","PLEKHO1"
3.38942689341348e-57,0.766038945476111,0.456,0.286,6.99848864952016e-53,"2","BLK"
1.09004913235397e-56,1.05798759220326,0.315,0.169,2.25073344848447e-52,"2","CSK"
1.54535346534718e-56,0.345136828042333,0.981,0.884,3.19084583524885e-52,"2","CD37"
2.55347274242895e-56,0.82407638725914,0.506,0.349,5.27241051856729e-52,"2","IFT57"
2.887405655668e-56,0.264392468729514,0.996,0.977,5.96191519782329e-52,"2","RPLP1"
3.51581610342492e-56,0.451702095195039,0.832,0.718,7.25945709035178e-52,"2","ARPC3"
1.08787145965695e-55,0.508740046013781,0.762,0.65,2.24623698989968e-51,"2","CDC42"
1.76050087310303e-55,0.69153413044744,0.517,0.349,3.63508220278314e-51,"2","ATF7IP"
1.83402689399392e-55,0.750874783562764,0.487,0.332,3.78689873071865e-51,"2","CD79B"
2.45359163561379e-54,0.53332580508388,0.667,0.509,5.06617600921535e-50,"2","ITSN2"
3.22678341542179e-54,0.362729665687445,0.909,0.823,6.66266239616291e-50,"2","COX4I1"
5.16004916310222e-54,0.297048265836077,0.993,0.951,1.06544695119735e-49,"2","RPL37"
5.18318553244986e-54,0.504575032001468,0.764,0.642,1.07022414874025e-49,"2","PTPN1"
1.22353460230275e-53,0.503080484182379,0.77,0.604,2.52635424683472e-49,"2","CD48"
1.11554979704292e-52,0.614233688058813,0.712,0.607,2.30338722093422e-48,"2","UQCRH"
8.46313251208706e-52,0.933288180655013,0.298,0.159,1.74746760109574e-47,"2","LAT2"
2.77522669303368e-51,1.03388881841497,0.314,0.178,5.73028807577594e-47,"2","ASAP1"
4.05433573393153e-51,0.830625120356578,0.306,0.162,8.37139242342182e-47,"2","FCER2"
7.71932834134525e-51,1.30691717084887,0.315,0.184,1.59388691592097e-46,"2","RNGTT"
4.93015334068185e-49,1.02756668013201,0.399,0.264,1.01797806178399e-44,"2","ASAH1"
6.38317488673982e-49,0.655514228407909,0.613,0.492,1.31799795061404e-44,"2","CD81"
8.20421915495687e-49,0.793334703252549,0.339,0.194,1.69400717111549e-44,"2","PRKX"
9.39697316845341e-49,0.448521929920348,0.762,0.644,1.94028701982226e-44,"2","FAM107B"
1.79025980066097e-48,0.751612951614788,0.394,0.246,3.69652843640478e-44,"2","PIP4K2A"
6.1652429615823e-48,0.708090909070749,0.541,0.4,1.27299936670751e-43,"2","RAB11FIP1"
1.08896433512073e-47,0.3951537942771,0.826,0.73,2.24849355915729e-43,"2","ARID5B"
1.21807806130051e-47,0.366654631166776,0.732,0.603,2.51508758097329e-43,"2","MBNL1"
1.57777678350148e-47,0.45595652629638,0.774,0.679,3.25779350257386e-43,"2","ATP5MC2"
1.68340518298451e-47,0.525524547000638,0.671,0.55,3.47589502182641e-43,"2","MAPK1IP1L"
1.84316764896105e-45,0.569357735038146,0.601,0.455,3.80577256157477e-41,"2","ACTR3"
3.79587638006808e-45,0.606843585894174,0.599,0.47,7.83772554956457e-41,"2","AHNAK"
6.9666543621874e-45,0.559094637505508,0.607,0.465,1.43847479270445e-40,"2","ACTR2"
1.82021669130047e-44,0.494868019358871,0.608,0.45,3.75838342419721e-40,"2","SNX2"
3.60649963624266e-44,0.71003483740781,0.3,0.165,7.44670044891385e-40,"2","CD22"
4.64485117709692e-44,0.430542944484889,0.783,0.692,9.59068871046972e-40,"2","PPDPF"
5.9494843198971e-44,0.891192877273375,0.292,0.163,1.22844952237235e-39,"2","BCAS4"
8.72601685676932e-44,0.860831088228152,0.363,0.23,1.80174796058573e-39,"2","ITGA4"
1.00928816178419e-43,0.559153486086802,0.665,0.528,2.08397819645199e-39,"2","RGCC"
2.61712593769743e-43,0.788023018634396,0.432,0.302,5.40384163615766e-39,"2","ANXA6"
3.74706961897694e-43,0.481266234376759,0.749,0.616,7.73694934926359e-39,"2","GPR183"
1.009095928912e-42,1.1587452277092,0.354,0.239,2.08358127401751e-38,"2","IGFLR1"
3.75748538196884e-42,0.575637011922,0.565,0.434,7.75845581668927e-38,"2","CD47"
7.06098226223785e-42,0.719228022080257,0.331,0.198,1.45795161750687e-37,"2","TRIM38"
8.50425669922214e-42,0.696552012041871,0.544,0.42,1.75595892325539e-37,"2","GDI2"
9.11172025854566e-42,0.736648525197105,0.41,0.273,1.88138799898451e-37,"2","KLF3"
1.0461239049319e-41,0.837502053646306,0.301,0.172,2.16003663890339e-37,"2","EVL"
1.37830047458376e-41,0.714455116794953,0.32,0.19,2.84591481992055e-37,"2","STX7"
1.60686863670522e-41,0.463137752309523,0.595,0.438,3.31786236106894e-37,"2","LIMD2"
1.66216696331451e-41,0.664535203291125,0.528,0.402,3.43204234585181e-37,"2","DBI"
1.72324184393331e-41,0.334062852126703,0.885,0.831,3.5581497593535e-37,"2","DDX5"
2.91970811294095e-41,1.26971286454779,0.29,0.178,6.02861331160047e-37,"2","WARS"
3.50818337778117e-41,0.455914596564481,0.567,0.425,7.24369703844257e-37,"2","TUBB"
6.91817365852714e-41,0.549025154321604,0.551,0.419,1.42846449701268e-36,"2","CYTH1"
7.25505993800566e-41,0.668696952978503,0.392,0.254,1.49802477599941e-36,"2","CDK13"
8.34617791569043e-41,0.768834446697548,0.417,0.285,1.72331881603176e-36,"2","CD19"
8.93227915756048e-41,0.916010892409323,0.445,0.329,1.84433700045309e-36,"2","CTSH"
9.72780481587972e-41,0.601024559972542,0.347,0.208,2.00859713838284e-36,"2","FCRL1"
1.18526450173282e-40,0.716793628395977,0.405,0.27,2.44733414317792e-36,"2","TMBIM1"
2.92339234017865e-40,1.27661303021102,0.355,0.249,6.03622050400087e-36,"2","FCRL5"
3.13885538899808e-40,0.509901434751393,0.604,0.474,6.48110860720323e-36,"2","WIPF1"
3.5811015614888e-40,0.791013066247428,0.36,0.23,7.39425850416206e-36,"2","CLECL1"
6.00279929190562e-40,0.256022250253442,0.994,0.957,1.23945799779267e-35,"2","RPS15A"
1.31401099501016e-39,0.752582065813389,0.404,0.273,2.71316990249697e-35,"2","NAA50"
4.54126162933248e-39,0.732578115112327,0.42,0.288,9.3767970122457e-35,"2","PTPRCAP"
1.15180862010198e-38,0.455805192839101,0.718,0.616,2.37825443878657e-34,"2","NSD3"
1.24015965716091e-38,0.748490163982386,0.36,0.229,2.56068166010584e-34,"2","LBH"
1.60471084161508e-38,0.703952829037638,0.32,0.192,3.31340694576682e-34,"2","FLNA"
2.05934941288395e-38,0.837431005578074,0.277,0.156,4.25214466772277e-34,"2","HLA-DOA"
2.58428342213937e-38,0.453450858872824,0.556,0.408,5.33602841003337e-34,"2","PIKFYVE"
9.40771666090296e-38,0.892612814117505,0.285,0.169,1.94250533614324e-33,"2","CD58"
1.83360217580238e-37,0.604475658115064,0.514,0.389,3.78602177259676e-33,"2","HLA-F"
2.09287284268989e-37,0.858428815845177,0.28,0.164,4.32136384558609e-33,"2","MCUB"
2.21367854722186e-37,0.744342774978409,0.267,0.153,4.5708034643037e-33,"2","DGKD"
3.33323382662241e-37,0.857027596343254,0.297,0.183,6.88246120520995e-33,"2","RASGRP3"
5.88071450875505e-37,0.420779167367591,0.69,0.578,1.21424993176774e-32,"2","TRIR"
6.18530217131523e-37,0.460205126864332,0.667,0.557,1.27714119233317e-32,"2","IER2"
1.13342225182413e-36,0.305381034307124,0.927,0.853,2.34029026556646e-32,"2","GAPDH"
1.43454235214649e-36,0.475876754745536,0.61,0.499,2.96204304871207e-32,"2","RAP1B"
2.32041564115735e-36,0.324436611943832,0.726,0.601,4.79119421586169e-32,"2","ADAM28"
3.15406789354559e-36,0.523692353041954,0.618,0.513,6.51251938659294e-32,"2","SUB1"
4.4013818343512e-36,0.893837997206573,0.37,0.257,9.08797321156835e-32,"2","ATP2B1-AS1"
5.28366680843541e-36,0.790746085912913,0.351,0.235,1.09097152260574e-31,"2","TLE4"
5.50769879868957e-36,0.629260408018677,0.557,0.454,1.13722964795342e-31,"2","GYPC"
1.53989949078391e-35,0.757060042652548,0.296,0.18,3.17958446857062e-31,"2","ZNF267"
2.01309128415504e-35,0.410370236487712,0.582,0.424,4.15663088352333e-31,"2","DEK"
2.97265111562717e-35,0.519583263899786,0.589,0.48,6.13793002354699e-31,"2","RAC2"
3.35992081459631e-35,0.43868913207107,0.671,0.565,6.93756449797847e-31,"2","ARF6"
3.4387537905585e-35,0.324015654191115,0.844,0.763,7.10033882674519e-31,"2","RPL23"
6.84674663756731e-35,0.804753854877843,0.273,0.162,1.4137162457249e-30,"2","MACF1"
7.42468669173402e-35,0.327479284873632,0.826,0.74,1.53304930810924e-30,"2","LINC01578"
1.11183671193462e-34,0.810782774980955,0.296,0.18,2.2957204428026e-30,"2","SMC6"
1.13526162372474e-34,0.753045933405872,0.359,0.238,2.34408820066685e-30,"2","BCL10"
1.48326168461152e-34,0.524475136729594,0.587,0.48,3.06263872638588e-30,"2","C12orf57"
1.52666397803375e-34,0.649181020820769,0.28,0.165,3.15225578184409e-30,"2","TTN"
2.25991447181877e-34,0.472875015908515,0.386,0.245,4.6662714014114e-30,"2","LINC00926"
2.64995274391471e-34,0.534021484515933,0.415,0.281,5.4716224256351e-30,"2","NIN"
3.48473548786505e-34,0.73662048714763,0.364,0.245,7.19528183534375e-30,"2","ANP32A"
6.96912785726079e-34,0.551086767771903,0.525,0.398,1.43898551996721e-29,"2","RHOG"
8.87597119520104e-34,0.267421547344358,0.926,0.874,1.83271053238511e-29,"2","HNRNPA2B1"
9.6654749701857e-34,0.988552042085582,0.284,0.176,1.99572727184394e-29,"2","FAM30A"
1.25376003877983e-33,0.841736942998906,0.406,0.301,2.5887637280726e-29,"2","CLDND1"
1.45583374464988e-33,0.621380629514255,0.655,0.564,3.00600551595307e-29,"2","PSAP"
2.0284997098059e-33,0.522350152747886,0.511,0.384,4.18844620080722e-29,"2","WASF2"
2.55484543747039e-33,0.793567820338623,0.323,0.21,5.27524485928885e-29,"2","ADD1"
4.71442104195769e-33,0.360463613385879,0.764,0.667,9.73433656743424e-29,"2","ELF1"
1.28404432389167e-32,0.598485455944254,0.478,0.357,2.65129471997153e-28,"2","TLN1"
8.04647570528089e-32,0.343124661185108,0.717,0.615,1.6614363036264e-27,"2","ARGLU1"
8.05135801324907e-32,0.731549333488615,0.364,0.254,1.66244440257567e-27,"2","RHOQ"
4.00469758337073e-31,0.833005717357182,0.274,0.171,8.26889957014389e-27,"2","EEA1"
4.23614113822811e-31,0.538883846483686,0.543,0.44,8.74678422221341e-27,"2","RAP1A"
4.55796639850858e-31,0.620592522141709,0.389,0.268,9.41128901964052e-27,"2","P2RY10"
5.27667211741939e-31,0.891995514536191,0.382,0.283,1.08952725880476e-26,"2","FAM3C"
6.05070703464649e-31,0.373438000651662,0.792,0.729,1.24934998851381e-26,"2","GRB2"
7.50237245652356e-31,0.405631490541765,0.548,0.417,1.54908986482298e-26,"2","MBP"
8.12300368877039e-31,0.428456009735157,0.568,0.451,1.67723780165731e-26,"2","LCP1"
1.01281532882386e-30,0.57133400264932,0.453,0.331,2.0912610909555e-26,"2","CDC42SE1"
1.15462499573578e-30,0.399416045226368,0.671,0.571,2.38406969119523e-26,"2","PCBP1"
1.28295148825176e-30,0.566632150337762,0.388,0.261,2.64903823294224e-26,"2","PKIG"
3.66919219523648e-30,0.643819048416607,0.448,0.344,7.57614804472429e-26,"2","PPP3CC"
4.59133440715195e-30,0.345164032002861,0.751,0.643,9.48018728388735e-26,"2","COMMD6"
5.75731667132062e-30,0.553835232107016,0.457,0.342,1.18877074629428e-25,"2","MIS18BP1"
6.09562818445105e-30,0.585127538106424,0.349,0.232,1.25862530752545e-25,"2","SP110"
6.86866233074827e-30,0.391691137083373,0.626,0.51,1.4182413980529e-25,"2","CHD1"
8.68737439968625e-30,0.741702516715745,0.388,0.283,1.79376906604722e-25,"2","RIOK3"
9.36687591152683e-30,0.386960980172793,0.653,0.542,1.93407253821206e-25,"2","GPSM3"
3.44939325775505e-29,0.578755873900098,0.32,0.209,7.12230719861262e-25,"2","CSNK1G3"
4.88744865291896e-29,0.463792752781937,0.567,0.473,1.00916039785471e-24,"2","UBE2D2"
5.57306938689698e-29,0.55028537541035,0.359,0.239,1.15072736700649e-24,"2","CDKN2D"
6.76478820648321e-29,0.720008455548243,0.31,0.203,1.39679346887465e-24,"2","ORAI1"
1.19350071453472e-28,1.12765279966884,0.274,0.185,2.4643402753713e-24,"2","TSPO"
1.21259803297986e-28,0.605596621686221,0.339,0.228,2.50377241849682e-24,"2","PHTF2"
1.23181887679713e-28,0.509463417804596,0.506,0.391,2.54345961681071e-24,"2","CNPY3"
2.83493165670311e-28,0.286411310881998,0.791,0.685,5.85356688476059e-24,"2","SEPTIN7"
4.14176392307428e-28,0.999573508438819,0.28,0.188,8.55191414836378e-24,"2","HLA-DOB"
5.76220128409046e-28,0.307308191005331,0.748,0.659,1.189779321139e-23,"2","TMA7"
7.24389462178018e-28,0.258529517408211,0.879,0.806,1.49571936150517e-23,"2","SERF2"
7.57769777649076e-28,0.397191981845174,0.569,0.453,1.56464303688981e-23,"2","MSN"
1.19624832318575e-27,0.277232123714726,0.756,0.667,2.47001353771393e-23,"2","JAK1"
1.38087594833121e-27,0.306616653087029,0.757,0.66,2.85123265811428e-23,"2","SET"
1.73225012505699e-27,0.478006343828639,0.45,0.337,3.57675005821767e-23,"2","RNF19A"
4.41994606047044e-27,0.330604957423963,0.375,0.255,9.12630462565936e-23,"2","AC120193.1"
1.10235749554292e-26,0.784244765969805,0.254,0.161,2.27614775679701e-22,"2","OTULIN"
1.14879902090626e-26,0.722212320747161,0.374,0.276,2.37204021836724e-22,"2","CAPNS1"
1.58808449442969e-26,0.505039395161278,0.51,0.409,3.27907686409841e-22,"2","PKM"
3.85914591037301e-26,0.39505868730279,0.628,0.498,7.96836447573819e-22,"2","CCR7"
4.89806112721076e-26,0.403499117733813,0.62,0.522,1.01135166154648e-21,"2","LITAF"
5.90659882371705e-26,0.342943533850603,0.703,0.612,1.2195945251211e-21,"2","EIF3F"
6.56397445813056e-26,0.609084794000742,0.377,0.273,1.3553294461148e-21,"2","OSTF1"
7.18051419879267e-26,0.577523719576855,0.264,0.165,1.48263257176671e-21,"2","APBB1IP"
7.26210062706893e-26,0.700466206608794,0.287,0.187,1.49947853747719e-21,"2","ACP5"
7.77697788096923e-26,0.354792566747666,0.741,0.665,1.60579039286253e-21,"2","CALM2"
8.0592471304234e-26,0.981261268915983,0.333,0.247,1.66407334748982e-21,"2","S100A11"
1.35155116451686e-25,0.445744869458165,0.575,0.461,2.79068284449441e-21,"2","IFITM2"
1.75115857184143e-25,0.552152299687732,0.279,0.179,3.61579221913819e-21,"2","WDFY4"
3.77324395890947e-25,0.421817300997656,0.462,0.346,7.79099412635628e-21,"2","PNRC2"
4.47209749779062e-25,0.58257187516428,0.318,0.219,9.23398691343807e-21,"2","PPP3R1"
7.04726295327926e-25,0.346363683076755,0.705,0.635,1.4551188545931e-20,"2","EIF3K"
7.14115253471365e-25,0.563380715311296,0.407,0.307,1.47450517536767e-20,"2","PARP1"
1.14012605317848e-24,0.455326487017387,0.529,0.431,2.35413227460292e-20,"2","SH3BGRL"
1.28825988499553e-24,0.552234272509985,0.377,0.278,2.65999901053877e-20,"2","EPS15"
1.59717910714543e-24,0.326084162799428,0.663,0.567,3.29785542043388e-20,"2","MYL12B"
4.74134666498448e-24,0.438151194234885,0.522,0.418,9.78993259385995e-20,"2","MOB1A"
5.19166606358244e-24,0.45767359452896,0.346,0.245,1.0719752088085e-19,"2","TBC1D22A"
8.25138580664693e-24,0.359503981879548,0.606,0.513,1.70374614135646e-19,"2","RSRP1"
9.39171980566035e-24,0.255157232581749,0.861,0.819,1.93920230547275e-19,"2","CYTIP"
1.00575910865396e-23,0.396441609341021,0.478,0.363,2.0766914075487e-19,"2","RAB8B"
1.00813969932053e-23,0.632269978615399,0.371,0.277,2.08160685115704e-19,"2","POU2F2"
1.15766203838323e-23,0.377730598443332,0.446,0.332,2.3903405768537e-19,"2","RCSD1"
1.40925352576222e-23,0.420900232369308,0.653,0.59,2.90982667999383e-19,"2","ITM2B"
2.34360856123272e-23,0.309082342310161,0.708,0.631,4.83908295723332e-19,"2","GPX4"
3.625718664807e-23,0.791873113835351,0.265,0.177,7.48638389909349e-19,"2","PGLS"
3.74862785687638e-23,0.802334485768033,0.408,0.326,7.74016679887835e-19,"2","LMNA"
3.77965240266373e-23,0.532467602507859,0.466,0.377,7.80422628102008e-19,"2","TERF2IP"
5.38181464333533e-23,0.571302665831362,0.302,0.205,1.11123708755588e-18,"2","PLEKHM2"
5.64885019423039e-23,0.574454228068752,0.366,0.268,1.16637458810469e-18,"2","ARPC4"
6.72175142863236e-23,0.537210367071887,0.417,0.319,1.38790723498401e-18,"2","ANP32E"
8.33647855409341e-23,0.605515181235572,0.336,0.246,1.72131609184921e-18,"2","TMEM156"
1.18603544847242e-22,0.782676086731328,0.327,0.243,2.44892599400584e-18,"2","CIAO2A"
1.48877573064245e-22,0.527857789379678,0.273,0.18,3.07402412863053e-18,"2","SNX8"
2.3182749811185e-22,0.305369676405817,0.532,0.426,4.78677418101348e-18,"2","RB1"
3.67049720024895e-22,0.258037698879425,0.739,0.643,7.57884261907403e-18,"2","STK17A"
6.96480991144369e-22,0.421687829896583,0.388,0.286,1.43809395051489e-17,"2","FMNL1"
7.15448818830479e-22,0.455175895569789,0.418,0.318,1.47725872112117e-17,"2","B4GALT1"
8.71704138748794e-22,0.358088705313448,0.455,0.346,1.79989470568851e-17,"2","PARP14"
8.74566656421641e-22,0.599805032951457,0.409,0.323,1.8058052321794e-17,"2","VDAC1"
8.96987267894505e-22,0.399374121534327,0.576,0.504,1.85209931074857e-17,"2","HIGD2A"
1.0068432296484e-21,0.720881800740102,0.39,0.315,2.07892990057801e-17,"2","C9orf16"
1.23532843960047e-21,0.320687450066688,0.601,0.495,2.55070616208704e-17,"2","CMTM6"
1.60613277253399e-21,0.578847159036833,0.322,0.231,3.31634294872818e-17,"2","SYK"
2.48076106634249e-21,0.596070596554525,0.336,0.244,5.12227544978398e-17,"2","ARPC5"
2.80176498882939e-21,0.682373033867917,0.269,0.185,5.78508434893493e-17,"2","FLI1"
4.06800602396329e-21,0.435518232187225,0.329,0.228,8.3996188382794e-17,"2","RASGRP2"
9.06561907458591e-21,0.699237075820333,0.267,0.183,1.8718690265205e-16,"2","PPP1R18"
1.02132458794502e-20,0.395845172784896,0.371,0.266,2.10883100918888e-16,"2","TSPAN33"
1.06124507663144e-20,0.588105975432975,0.283,0.196,2.1912588342286e-16,"2","MARCH3"
1.42950192903821e-20,0.572481832508697,0.33,0.234,2.95163558307809e-16,"2","DUSP10"
1.52687436062234e-20,0.611889613813414,0.303,0.216,3.152690179813e-16,"2","VCPKMT"
1.77256401080349e-20,0.405232218746762,0.447,0.351,3.65999016950704e-16,"2","CUL3"
1.9662032127351e-20,0.36342010320558,0.483,0.384,4.05981639365544e-16,"2","SHOC2"
2.4915322677837e-20,0.450237846702935,0.52,0.442,5.14451582651978e-16,"2","GNAI2"
2.78360031683512e-20,0.512630914158236,0.262,0.178,5.74757793420116e-16,"2","DOCK10"
4.77993188485765e-20,0.505036231201323,0.336,0.245,9.86960335585408e-16,"2","DOCK8"
5.19061606311263e-20,0.369483961961669,0.466,0.386,1.0717584047115e-15,"2","MEF2A"
7.06997415347914e-20,0.360927031214687,0.553,0.47,1.45980826321037e-15,"2","PABPN1"
7.97226491572517e-20,0.432476125022863,0.493,0.409,1.64611325979893e-15,"2","UBE2J1"
8.21994170153653e-20,0.253773635532309,0.667,0.592,1.69725356253326e-15,"2","PRRC2C"
9.62755089109203e-20,0.487730742503543,0.405,0.315,1.98789670799268e-15,"2","TMX4"
9.83289917949957e-20,0.52703332110734,0.44,0.36,2.03029702258307e-15,"2","CD164"
1.14754490321456e-19,0.343122846276166,0.345,0.245,2.36945071615741e-15,"2","JAZF1"
1.27243658937085e-19,0.758215391566869,0.325,0.248,2.62732706973293e-15,"2","NUDT4"
1.39332460819028e-19,0.4625701984109,0.573,0.509,2.87693665099129e-15,"2","YPEL3"
1.49213533846281e-19,0.35822229224393,0.449,0.354,3.08096104685801e-15,"2","FCHSD2"
1.87444787752928e-19,0.498072429391831,0.413,0.326,3.87035997752245e-15,"2","UBE2N"
2.04613065054046e-19,0.65886972339597,0.376,0.302,4.22485056723594e-15,"2","PCED1B-AS1"
2.40610971176725e-19,0.623303957028997,0.291,0.206,4.96813533285702e-15,"2","PLEKHF2"
2.74720852817836e-19,0.521580175697999,0.309,0.222,5.67243616898268e-15,"2","NPAT"
3.57495547024258e-19,0.490116544006526,0.278,0.193,7.38156805495687e-15,"2","SKAP2"
3.90175650362085e-19,0.611990880324434,0.366,0.284,8.05634682867633e-15,"2","CAP1"
3.93492838079987e-19,0.302330011066526,0.492,0.383,8.12484012067558e-15,"2","SYPL1"
5.06348791657367e-19,0.448830004983174,0.361,0.271,1.04550898501413e-14,"2","PRKD3"
7.03317389211785e-19,0.366504674593451,0.556,0.48,1.45220974524449e-14,"2","DDX17"
7.32839251055602e-19,0.67793491574842,0.314,0.239,1.51316648557961e-14,"2","DAPP1"
8.31792023837077e-19,0.470926736992554,0.432,0.347,1.7174841708188e-14,"2","HMGA1"
8.51882035705868e-19,0.826310887172344,0.291,0.221,1.75896602732548e-14,"2","HSH2D"
1.01073270441981e-18,0.540910779772984,0.428,0.357,2.08696088808603e-14,"2","ARPC5L"
1.17755464459392e-18,0.498886182951699,0.268,0.183,2.43141483015752e-14,"2","CCND3"
1.60704911193784e-18,0.423649450113615,0.394,0.309,3.31823500632925e-14,"2","SMARCC1"
1.80344986058365e-18,0.444736944835147,0.319,0.229,3.72376327213312e-14,"2","RARA"
2.25243440013299e-18,0.669823506580644,0.28,0.207,4.6508265493946e-14,"2","IKZF1"
2.42393316928204e-18,0.320773429809859,0.613,0.527,5.00493720793356e-14,"2","NAP1L1"
2.44655316469448e-18,0.251362325462527,0.738,0.681,5.05164297446117e-14,"2","RPS17"
2.63672723127339e-18,0.345501266178273,0.547,0.458,5.4443143871333e-14,"2","EIF1B"
3.10995316791239e-18,0.332876301535811,0.595,0.512,6.42143130110551e-14,"2","HNRNPL"
3.19383316136261e-18,0.587694960773395,0.334,0.254,6.59462671158151e-14,"2","GLUD1"
3.33917267229688e-18,0.301499180113104,0.503,0.417,6.8947237337586e-14,"2","TANK"
3.3908502701504e-18,0.621077794095199,0.585,0.536,7.00142763780655e-14,"2","IFI30"
5.01416054698371e-18,0.32336476910221,0.591,0.508,1.0353238697412e-13,"2","UBXN1"
5.49653716182988e-18,0.291470181824908,0.679,0.612,1.13492499317463e-13,"2","NME2"
7.28688623240268e-18,0.397842419389447,0.528,0.458,1.5045962692665e-13,"2","VAMP2"
9.02703254213073e-18,0.381043208619573,0.545,0.471,1.86390167929915e-13,"2","CTSZ"
1.38815533066205e-17,0.505417693485865,0.452,0.377,2.86626312675101e-13,"2","GNB2"
1.54270113798864e-17,0.335692239873063,0.584,0.515,3.18536930971895e-13,"2","SNX3"
1.95564962711941e-17,0.429671595429312,0.476,0.402,4.03802535007615e-13,"2","TMEM50A"
2.11999665100949e-17,0.718500748395657,0.273,0.2,4.3773690850044e-13,"2","CLTC"
2.98478803671573e-17,0.484505487311275,0.465,0.391,6.16299033821063e-13,"2","COX17"
3.50080118683804e-17,0.319137669855505,0.47,0.38,7.22845429058319e-13,"2","RAB11A"
3.58142249864095e-17,0.721804968537228,0.334,0.265,7.39492117519384e-13,"2","SEC11A"
3.8758217157138e-17,0.376528657044713,0.689,0.629,8.00279667860585e-13,"2","MCL1"
4.23722295530383e-17,0.655137794696877,0.307,0.231,8.74901795811136e-13,"2","PSMB9"
4.84243920279063e-17,0.261222827167852,0.587,0.516,9.99866846592209e-13,"2","FAM49A"
5.60990159752411e-17,0.625113130535349,0.312,0.238,1.15833248185678e-12,"2","TNFAIP8"
7.74711713307547e-17,0.518200763235992,0.314,0.234,1.59962474563742e-12,"2","PDCD6IP"
8.75712868837296e-17,0.483956685218433,0.285,0.204,1.80817193157525e-12,"2","RUNX3"
1.02601447124807e-16,0.613336677468214,0.353,0.277,2.11851468023301e-12,"2","ITGB1"
1.06930660303997e-16,0.45012082725087,0.394,0.315,2.20790427395692e-12,"2","PSMB8"
1.97085475475897e-16,0.355483029820403,0.332,0.247,4.06942089762633e-12,"2","CNTRL"
2.04656722273364e-16,0.366036861311423,0.454,0.373,4.22575200150041e-12,"2","PEA15"
3.69720277606033e-16,0.257003904817109,0.61,0.529,7.63398429200936e-12,"2","RNASET2"
4.69445019054268e-16,0.338751026738218,0.587,0.523,9.69310075343252e-12,"2","ATP6V0E1"
4.75011741569461e-16,0.452920827047047,0.283,0.205,9.80804243992624e-12,"2","AMFR"
4.85917443659132e-16,0.402955471052313,0.459,0.392,1.00332233766738e-11,"2","NOP10"
5.37215448159284e-16,0.513301528460546,0.332,0.255,1.10924245735929e-11,"2","TAP1"
5.42112427985339e-16,0.393790501880662,0.252,0.174,1.11935374130413e-11,"2","ZNFX1"
5.42364693980166e-16,0.404260244432038,0.532,0.473,1.11987462013025e-11,"2","ISCU"
5.76764106183543e-16,0.477493754024477,0.461,0.395,1.19090252644778e-11,"2","SEPTIN6"
8.27350018863635e-16,0.415424182451188,0.462,0.396,1.70831231894963e-11,"2","SELENOH"
8.45902688611205e-16,0.407718139531683,0.501,0.443,1.74661987144442e-11,"2","ELOB"
8.51061404512267e-16,0.414441147627999,0.522,0.468,1.75727158803693e-11,"2","COX6B1"
8.77797814090972e-16,0.725703720741167,0.367,0.295,1.81247692653504e-11,"2","SGK1"
1.10862689722163e-15,0.38336370949588,0.39,0.307,2.28909281738322e-11,"2","UGCG"
1.1552743398521e-15,0.337534896510957,0.338,0.252,2.38541045692661e-11,"2","CYBB"
1.25853260345128e-15,0.397678811906158,0.445,0.371,2.5986181196062e-11,"2","ATP6V0D1"
1.31939611795599e-15,0.474460051790362,0.308,0.229,2.72428910435553e-11,"2","FDFT1"
1.41118239049724e-15,0.418737084190902,0.299,0.223,2.9138093998987e-11,"2","DIAPH1"
1.455499378663e-15,0.458181443709907,0.338,0.26,3.00531511706336e-11,"2","VASP"
1.61986435831515e-15,0.557317750585386,0.314,0.241,3.34469592704913e-11,"2","SERPINB1"
1.8230604508147e-15,0.688623281785302,0.257,0.188,3.76425521884219e-11,"2","MAP4"
1.90255562403544e-15,0.409766216623615,0.355,0.274,3.92839685250837e-11,"2","STK24"
1.91463923590583e-15,0.670169998509823,0.301,0.233,3.95334709429835e-11,"2","SUPT4H1"
2.43236274137451e-15,0.464100939351238,0.251,0.177,5.02234258839009e-11,"2","GRK2"
2.4460377406194e-15,0.375923628734021,0.412,0.325,5.05057872683093e-11,"2","ARHGAP25"
3.05902548580466e-15,0.413194389075144,0.396,0.316,6.31627582308947e-11,"2","ROCK1"
8.22603043599876e-15,0.306225420386073,0.572,0.516,1.69851076442502e-10,"2","PLP2"
8.85621727757853e-15,0.568620373184454,0.327,0.256,1.82863174347442e-10,"2","LY6E"
8.88455115079705e-15,0.319879750224004,0.352,0.272,1.83448212161658e-10,"2","ATM"
1.00078502029078e-14,0.291109002528966,0.539,0.465,2.06642090989639e-10,"2","HNRNPF"
1.31202769276886e-14,0.50603042528252,0.298,0.225,2.70907478002914e-10,"2","BAX"
1.5040333064192e-14,0.34496938361503,0.436,0.358,3.10552797109436e-10,"2","PCM1"
2.61184683183567e-14,0.420534399644993,0.482,0.421,5.39294133837429e-10,"2","ATP6V1F"
2.775963094362e-14,0.574482076624952,0.35,0.29,5.73180859723867e-10,"2","TSPAN3"
3.17843083891186e-14,0.479380660137468,0.284,0.214,6.56282399618521e-10,"2","NFKBIB"
3.70485863239435e-14,0.330616204454357,0.32,0.237,7.64979210416785e-10,"2","SLC44A2"
3.76689835985998e-14,0.360024445004861,0.35,0.272,7.77789173343889e-10,"2","RABEP1"
4.16014700075166e-14,0.435304922171503,0.377,0.303,8.58987152715203e-10,"2","AKIRIN2"
5.21938322939237e-14,0.642923691317571,0.323,0.261,1.07769824920494e-09,"2","TSTD1"
5.70204601943662e-14,0.594716005324585,0.277,0.212,1.17735846209327e-09,"2","IRF2BP2"
5.82310254638728e-14,0.317290151972928,0.484,0.407,1.20235421377805e-09,"2","TAF7"
6.18964989580371e-14,0.385830757339473,0.506,0.452,1.27803891048555e-09,"2","RAC1"
7.31941577347649e-14,0.502193007101006,0.313,0.246,1.51131296890743e-09,"2","RSBN1L"
9.77953189429713e-14,0.258037493177832,0.624,0.557,2.01927774553447e-09,"2","BZW1"
1.20347218599115e-13,0.382210184245811,0.316,0.242,2.48492936963452e-09,"2","THOC2"
1.44778091700771e-13,0.44874802318549,0.352,0.282,2.98937803743752e-09,"2","RAB14"
3.212492849247e-13,0.450827455449467,0.292,0.224,6.63315523512521e-09,"2","ZC3H7A"
3.35301086983191e-13,0.466351490914527,0.362,0.291,6.92329684402893e-09,"2","MBD4"
3.3758073947348e-13,0.414970524509817,0.525,0.445,6.9703671086484e-09,"2","LTB"
3.64629210169821e-13,0.285368585711929,0.349,0.271,7.52886393158646e-09,"2","PPP1R12A"
4.15089383004143e-13,0.401258594541364,0.258,0.192,8.57076558026954e-09,"2","SREBF2"
4.64246050875864e-13,0.320570528160068,0.332,0.258,9.58575245848483e-09,"2","DOCK2"
4.73298078101963e-13,0.408184677544256,0.353,0.285,9.77265871664933e-09,"2","CREBRF"
4.97975139554554e-13,0.357151269146573,0.548,0.494,1.02821906815224e-08,"2","G3BP2"
5.52126269985205e-13,0.265474977295006,0.524,0.464,1.14003032226545e-08,"2","CAST"
5.70553095096698e-13,0.311632555556593,0.427,0.353,1.17807803075566e-08,"2","SYF2"
9.79759380818295e-13,0.347765747553738,0.462,0.4,2.02300716951362e-08,"2","YY1"
1.09012801061262e-12,0.275977899771908,0.478,0.407,2.25089631631294e-08,"2","LSM14A"
1.15555406333664e-12,0.447720816791063,0.254,0.19,2.38598802997749e-08,"2","MICU2"
1.37912849009892e-12,0.270929262616001,0.476,0.413,2.84762450635625e-08,"2","FOXN3"
1.4189373019035e-12,0.298052090873189,0.49,0.433,2.92982174097034e-08,"2","VOPP1"
1.48431910965702e-12,0.270069768983986,0.506,0.44,3.06482209761981e-08,"2","GNB1"
1.77574789929699e-12,0.391715281974221,0.432,0.375,3.66656426246843e-08,"2","POMP"
1.90924556462367e-12,0.320203447419098,0.334,0.268,3.94221024183495e-08,"2","KLHL5"
2.01263948146964e-12,0.334162174809336,0.266,0.198,4.15569800133851e-08,"2","SETBP1"
2.08680667587575e-12,0.257241940403817,0.262,0.189,4.30883842434824e-08,"2","LPGAT1"
2.1792765294819e-12,0.469773762046631,0.369,0.311,4.49977017807422e-08,"2","POLD4"
2.30538064033036e-12,0.447556565440316,0.403,0.349,4.76014994615412e-08,"2","PPP1CA"
3.07429564873642e-12,0.387082514059309,0.352,0.281,6.34780565551097e-08,"2","NUCKS1"
3.25742594900619e-12,0.343014359906147,0.508,0.462,6.72593309950797e-08,"2","CHCHD10"
3.507761838067e-12,0.26144009200873,0.608,0.565,7.24282664324075e-08,"2","PSME1"
3.68123321332775e-12,0.319071446656964,0.524,0.464,7.60101033887914e-08,"2","HP1BP3"
4.33871798845279e-12,0.536137215922883,0.304,0.244,8.95858490255732e-08,"2","TNIP1"
5.33824200491719e-12,0.390386114579394,0.411,0.348,1.1022402091753e-07,"2","SRSF4"
5.53132261852125e-12,0.50172061624803,0.324,0.265,1.14210749427227e-07,"2","BLOC1S1"
7.89317272493458e-12,0.278852627150127,0.38,0.307,1.62978230424449e-07,"2","IL16"
1.02868141811819e-11,0.311238537896483,0.41,0.344,2.12402139213044e-07,"2","IFI16"
1.15074625834663e-11,0.507167265514025,0.255,0.195,2.37606087423413e-07,"2","LAMP1"
1.30155995579005e-11,0.252405933424117,0.547,0.492,2.6874609967153e-07,"2","ATP5F1B"
1.42164913752504e-11,0.273417570743259,0.313,0.244,2.93542113916171e-07,"2","WNK1"
1.68037671135348e-11,0.292874728629656,0.514,0.462,3.46964183360268e-07,"2","SERBP1"
1.7088833881433e-11,0.335397300851429,0.472,0.414,3.52850241983829e-07,"2","ENO1"
1.911288981363e-11,0.439266717741384,0.275,0.213,3.94642948871832e-07,"2","RHOF"
1.9954353195037e-11,0.360966920647337,0.361,0.295,4.12017484771124e-07,"2","CCDC12"
2.19497892412109e-11,0.309658699014485,0.602,0.561,4.53219248252522e-07,"2","MAP1LC3B"
2.4721018045391e-11,0.266242660250386,0.562,0.505,5.10439580601233e-07,"2","ANP32B"
2.51807615890336e-11,0.496527014514458,0.27,0.211,5.19932365290365e-07,"2","SNX5"
2.59302820553741e-11,0.556757044562602,0.285,0.226,5.35408463879363e-07,"2","CDC42EP3"
2.88052059745124e-11,0.310766111208617,0.322,0.252,5.94769892961731e-07,"2","KAT6A"
3.27582846409045e-11,0.329606305431689,0.275,0.207,6.76393061265396e-07,"2","C9orf72"
3.36743748106535e-11,0.297686455348873,0.367,0.298,6.95308491090373e-07,"2","MARCH7"
3.42640840918238e-11,0.293162845449922,0.514,0.46,7.07484808327978e-07,"2","PTP4A2"
3.59798224892629e-11,0.371833080539887,0.373,0.314,7.42911374758299e-07,"2","AC020916.1"
3.77131699871039e-11,0.534700322452722,0.294,0.236,7.78701533893721e-07,"2","HDGF"
4.13910324457821e-11,0.309098821086314,0.472,0.411,8.5464203794051e-07,"2","UBE2I"
4.30554951706574e-11,0.302041193809801,0.463,0.408,8.89009864283735e-07,"2","MTDH"
4.88925877217726e-11,0.51950978929655,0.271,0.209,1.00953415127916e-06,"2","HCST"
5.16068294705813e-11,0.280784958535119,0.393,0.34,1.06557781490856e-06,"2","UBE2H"
5.48355524655304e-11,0.315835053727225,0.47,0.412,1.13224448730827e-06,"2","NFE2L2"
6.00884872989009e-11,0.282938994934737,0.38,0.306,1.24070708574771e-06,"2","LDLRAD4"
6.10635830474567e-11,0.294499262057166,0.321,0.256,1.26084086276389e-06,"2","CDK17"
6.1131955785495e-11,0.310137714267021,0.252,0.187,1.2622526230589e-06,"2","EGLN2"
6.21170255177463e-11,0.289139612581055,0.46,0.395,1.28259234289043e-06,"2","RAD21"
6.36194293403974e-11,0.325408167183428,0.296,0.23,1.31361397702053e-06,"2","PDCD10"
7.20179129349283e-11,0.376958518368075,0.345,0.28,1.4870258662804e-06,"2","APH1A"
7.34800336493453e-11,0.516602110888628,0.258,0.2,1.51721573479168e-06,"2","UBE2Z"
1.00641979464872e-10,0.435967137653437,0.415,0.369,2.07805559199068e-06,"2","C4orf3"
1.52047932790625e-10,0.524479560733557,0.287,0.231,3.13948571626082e-06,"2","ARF5"
2.0517317525249e-10,0.663519794848433,0.286,0.237,4.23641572261341e-06,"2","TKT"
2.16899240760389e-10,0.30893916935901,0.507,0.468,4.47853552322052e-06,"2","CTSS"
2.23972140671165e-10,0.274497174400257,0.332,0.269,4.62457676057822e-06,"2","ABI1"
2.309515519702e-10,0.318527969712238,0.513,0.474,4.76868764508069e-06,"2","CSNK2B"
2.31359142904112e-10,0.358310763442616,0.294,0.232,4.77710358268411e-06,"2","SZRD1"
2.81845859738788e-10,0.341548521766339,0.429,0.375,5.81955331188649e-06,"2","EIF3G"
3.09182341838327e-10,0.268204501311203,0.402,0.345,6.38399699427778e-06,"2","TRAF3"
3.34630177181949e-10,0.331939383482435,0.451,0.406,6.90944389845288e-06,"2","EIF3A"
4.21254049990813e-10,0.358543795788688,0.354,0.294,8.6980536242103e-06,"2","PPP4C"
4.47028124679488e-10,0.409506798622742,0.35,0.298,9.23023671838207e-06,"2","VEGFB"
4.58785621621011e-10,0.615478425184348,0.362,0.311,9.47300551523063e-06,"2","RGS1"
5.22091909545803e-10,0.437575363591885,0.318,0.26,1.07801537483017e-05,"2","ARL8A"
5.27791649192738e-10,0.393966637694406,0.376,0.328,1.08978419725317e-05,"2","TAPBP"
5.58343314012611e-10,0.322912030629052,0.388,0.328,1.15286727477324e-05,"2","ZNF24"
6.60446906486415e-10,0.256565460943278,0.535,0.49,1.36369077251315e-05,"2","COX6C"
7.17935104714904e-10,0.351601514010969,0.336,0.286,1.48239240421533e-05,"2","ST8SIA4"
1.13423173513469e-09,0.354495963137226,0.321,0.261,2.3419616867061e-05,"2","PWP1"
1.21729023634732e-09,0.39958076016844,0.273,0.216,2.51346088000994e-05,"2","RNF168"
1.76873376991922e-09,0.334692973471089,0.344,0.291,3.65208148812921e-05,"2","ZFAND6"
1.88525176129798e-09,0.446376508023784,0.328,0.277,3.89266783672807e-05,"2","PPM1G"
1.90495406020029e-09,0.345685097675277,0.312,0.254,3.93334914350156e-05,"2","IK"
1.99556938898841e-09,0.353508340685857,0.372,0.321,4.12045167438326e-05,"2","ARID5A"
2.21292347574611e-09,0.298693140731424,0.511,0.471,4.56924439272056e-05,"2","COX8A"
2.33993698787016e-09,0.28179701947637,0.516,0.465,4.83150189255431e-05,"2","WSB1"
2.38118878743285e-09,0.291112092301379,0.38,0.321,4.91667860829134e-05,"2","BNIP2"
2.41587931754523e-09,0.434588685949544,0.34,0.294,4.98830761486739e-05,"2","ZFAND5"
2.41855780481754e-09,0.34731433741678,0.302,0.246,4.99383815538725e-05,"2","PCF11"
2.4305132718735e-09,0.291422683974515,0.321,0.265,5.0185238037644e-05,"2","GPCPD1"
2.82082750888177e-09,0.282243819052195,0.486,0.429,5.82444464033907e-05,"2","CIB1"
3.10395263360726e-09,0.481236350372385,0.327,0.283,6.40904139787227e-05,"2","IFNAR1"
3.12904766753431e-09,0.308637717333054,0.322,0.264,6.46085762392484e-05,"2","ZBTB1"
3.96475119184889e-09,0.280407743577163,0.435,0.385,8.18641826092958e-05,"2","CSNK1A1"
3.97791719983204e-09,0.335011509916977,0.391,0.343,8.2136034342132e-05,"2","TMF1"
4.38313195388842e-09,0.273858887568772,0.478,0.433,9.05029085838881e-05,"2","EMD"
4.56837349613824e-09,0.481007780998693,0.394,0.353,9.43277759482625e-05,"2","DNAAF2"
7.30916552002975e-09,0.449715066423028,0.291,0.24,0.000150919649657574,"2","PDLIM1"
7.4231151237038e-09,0.347263317357913,0.374,0.321,0.000153272481074236,"2","CNOT2"
9.42150968601569e-09,0.275510899683389,0.293,0.239,0.000194535331996852,"2","CREB1"
1.01678376772978e-08,0.414731638916646,0.337,0.286,0.000209945512360844,"2","NSMCE3"
1.06454920268454e-08,0.306562432152174,0.312,0.259,0.000219808119370304,"2","MAF1"
1.68841845689809e-08,0.494174280486855,0.259,0.214,0.000348624642980317,"2","TAP2"
1.70431658621503e-08,0.301035493778638,0.323,0.269,0.00035190728872168,"2","SAFB"
1.77201236226617e-08,0.455672762159897,0.302,0.255,0.00036588511256072,"2","RBX1"
1.85312199581208e-08,0.334257382296101,0.393,0.343,0.000382632629695278,"2","PDIA6"
2.06864960826519e-08,0.307090067116196,0.354,0.301,0.000427134771114597,"2","NIPA2"
2.12384497682839e-08,0.311927712923759,0.269,0.217,0.000438531510815527,"2","ZNF800"
2.54885363550856e-08,0.284234360364894,0.431,0.385,0.000526287298659807,"2","RAB7A"
2.73030073512535e-08,0.389888675866821,0.355,0.313,0.000563752495788682,"2","CFLAR"
2.77088471422362e-08,0.338886603032038,0.426,0.382,0.000572132275792894,"2","PHB2"
3.00458489461719e-08,0.429615415042915,0.257,0.21,0.000620386689040557,"2","CLEC2B"
3.49929556853306e-08,0.552626675964329,0.28,0.239,0.000722534548990707,"2","SCAMP2"
3.8306985501552e-08,0.493396075825654,0.307,0.266,0.000790962636636045,"2","GMFG"
3.85602932456711e-08,0.375248291721907,0.266,0.215,0.000796192934936616,"2","BORCS5"
4.22877215351539e-08,0.428111347678685,0.368,0.333,0.000873156874257857,"2","BCAP31"
4.2545008444537e-08,0.356223175548546,0.426,0.39,0.0008784693343628,"2","SELENOF"
4.61830152286066e-08,0.258849503931383,0.27,0.218,0.000953586898440269,"2","TRAK1"
4.96674191370976e-08,0.27671387323227,0.257,0.208,0.00102553287034279,"2","PICALM"
5.33779978356055e-08,0.423870524288705,0.267,0.22,0.00110214889930958,"2","ZBTB7A"
5.5097940007053e-08,0.33253623987454,0.464,0.432,0.00113766226526563,"2","SEL1L3"
6.15484773978608e-08,0.308740145147712,0.395,0.349,0.00127085296131103,"2","PSMA2"
6.2055216831859e-08,0.339648714128433,0.403,0.365,0.00128131611714423,"2","PEBP1"
6.34273937008043e-08,0.294980051289782,0.353,0.302,0.00130964882513421,"2","TIAL1"
6.50201844131954e-08,0.289117355865893,0.42,0.381,0.00134253676776366,"2","RELB"
6.72387628286941e-08,0.482735326159284,0.288,0.242,0.00138834597488688,"2","SUMO3"
6.97497210055765e-08,0.502864309027925,0.288,0.248,0.00144019223932314,"2","MAP2K2"
8.56550346895692e-08,0.261526894769264,0.371,0.32,0.00176860515627022,"2","CTNNB1"
9.50346445428942e-08,0.417598902681547,0.366,0.332,0.00196227534052168,"2","APRT"
1.06599104492499e-07,0.255689183967444,0.446,0.4,0.00220105830956112,"2","CNPPD1"
1.08734713071468e-07,0.264939695239745,0.258,0.207,0.00224515435549967,"2","BLOC1S2"
1.10122503544108e-07,0.271313690777546,0.308,0.256,0.00227380945317875,"2","TGOLN2"
1.11586563317013e-07,0.445803787628398,0.254,0.205,0.00230403935936968,"2","AC092821.3"
1.13869287097879e-07,0.40037324544088,0.304,0.258,0.00235117303999701,"2","FCRLA"
1.17287272399684e-07,0.281548732950489,0.312,0.26,0.00242174760050868,"2","ZFP91"
1.25057969027371e-07,0.548295328497723,0.258,0.218,0.00258219694447716,"2","EID1"
1.63420196892467e-07,0.271084970292514,0.282,0.229,0.00337430022543566,"2","RASSF5"
1.70209686870363e-07,0.372468074339359,0.294,0.248,0.00351448961449926,"2","GNAI3"
1.70858333590487e-07,0.27157178981278,0.41,0.357,0.00352788287197638,"2","DNAJC8"
1.79342195001294e-07,0.423824613335471,0.288,0.246,0.00370305764238672,"2","BCL3"
1.95315062325067e-07,0.373133138201681,0.344,0.305,0.00403286540688799,"2","MBD2"
2.04358805938692e-07,0.309528620504512,0.45,0.417,0.00421960062502212,"2","UFC1"
2.11167954626343e-07,0.342377355277782,0.267,0.219,0.00436019592712473,"2","WBP2"
2.22265670394327e-07,0.291018857203439,0.466,0.433,0.00458934156230207,"2","MZT2B"
2.29761648861033e-07,0.435048387266159,0.302,0.262,0.00474411852568261,"2","OXA1L"
2.60265229271689e-07,0.253949964157673,0.45,0.409,0.00537395645400184,"2","GNG5"
2.87878875368119e-07,0.406546104283438,0.287,0.243,0.00594412301860091,"2","EFHD2"
2.8790360434126e-07,0.297079735856236,0.306,0.255,0.00594463362243834,"2","IST1"
2.93420186230404e-07,0.340785854045308,0.342,0.295,0.00605854000528537,"2","PPP2R1A"
3.44617516164195e-07,0.434164193415837,0.316,0.276,0.00711566247375829,"2","FKBP8"
3.73228083427662e-07,0.263615608349398,0.275,0.227,0.00770641346661437,"2","TMOD3"
3.79370664600671e-07,0.309676118369992,0.253,0.208,0.00783324548267466,"2","MTCH1"
3.99477217859126e-07,0.274831024282724,0.306,0.255,0.00824840559435523,"2","CHRAC1"
4.54827221599744e-07,0.413526601541873,0.27,0.227,0.00939127247159151,"2","TNFRSF14"
4.64789848221158e-07,0.318645861493968,0.398,0.362,0.00959698078607047,"2","UBE2V1"
5.45607020861527e-07,0.250638525328841,0.251,0.202,0.0112656937667488,"2","UHMK1"
6.02699230579995e-07,0.297728881107618,0.366,0.326,0.0124445337130157,"2","IFNGR2"
6.69511754219191e-07,0.274514220735781,0.484,0.458,0.0138240787011179,"2","UQCR11"
7.19759332074265e-07,0.251662979943045,0.272,0.226,0.0148615906886694,"2","SPPL2A"
8.88425126933349e-07,0.315318604335536,0.406,0.373,0.0183442020209198,"2","PRELID1"
9.17311588633259e-07,0.397941712002559,0.272,0.231,0.0189406496820995,"2","CKS2"
1.02689108820957e-06,0.453361670305824,0.309,0.274,0.0212032471893511,"2","CTDNEP1"
1.08851963960214e-06,0.481495877926055,0.307,0.275,0.022475753518505,"2","NDUFB9"
1.2004147745434e-06,0.370088109774218,0.266,0.223,0.0247861642647722,"2","PCIF1"
1.20501292362761e-06,0.348144865009385,0.262,0.224,0.0248811068470628,"2","MIR155HG"
1.29813650143111e-06,0.261993336164196,0.372,0.329,0.0268039224815495,"2","CBX3"
1.55547256601952e-06,0.385131850155767,0.323,0.287,0.0321173975431711,"2","ERP44"
1.78579205863331e-06,0.31578640312006,0.289,0.25,0.0368730344266605,"2","ZFC3H1"
2.2000876670928e-06,0.281338642939549,0.303,0.257,0.0454274101501322,"2","SNX6"
2.324508576069e-06,0.271122339431372,0.303,0.258,0.0479964530786727,"2","HERPUD2"
2.45955198776799e-06,0.316094140810617,0.317,0.275,0.0507848294434334,"2","DDX46"
2.6558752078561e-06,0.250343537766118,0.374,0.331,0.0548385112918128,"2","CMPK1"
2.8311776007465e-06,0.276961883313633,0.252,0.207,0.0584581551002138,"2","ZNRD1"
3.08088266153881e-06,0.532598779811572,0.279,0.247,0.0636140651954534,"2","TRAPPC5"
3.34850967919778e-06,0.261536060728612,0.281,0.237,0.0691400278560757,"2","PBXIP1"
4.42348282026581e-06,0.577980891146228,0.257,0.224,0.0913360732728485,"2","TRAPPC1"
4.4261125224651e-06,0.406485027112815,0.297,0.26,0.0913903713638593,"2","BRK1"
6.1295498995186e-06,0.267700707773188,0.362,0.325,0.12656294632526,"2","GGNBP2"
7.21827243318135e-06,0.306486278391403,0.271,0.234,0.149042889200329,"2","TMEM165"
7.85569245665952e-06,0.376799086189499,0.267,0.23,0.162204337845106,"2","FBXO7"
1.2227315475351e-05,0.288104188078237,0.435,0.413,0.252469609935048,"2","TAF10"
1.28609274683708e-05,0.270642368175831,0.426,0.402,0.265552430366921,"2","WDR83OS"
1.31900038869761e-05,0.289905588226013,0.358,0.329,0.272347200258282,"2","REEP5"
1.42781845978452e-05,0.346528829297764,0.268,0.232,0.294815955576308,"2","MAT2B"
2.37588734405609e-05,0.269598073324918,0.393,0.37,0.490573218800702,"2","GTF3A"
2.41227437046383e-05,0.450024876616937,0.262,0.233,0.498086412013372,"2","VPS28"
2.47579207691034e-05,0.251793399354628,0.393,0.365,0.511201548040447,"2","ANAPC16"
2.66959946517823e-05,0.297927376678871,0.329,0.3,0.551218897570001,"2","LAMTOR4"
5.10689332928269e-05,0.294773112052659,0.335,0.303,1,"2","POLR1D"
6.02401778330269e-05,0.367704962253045,0.323,0.297,1,"2","MRPL54"
6.63000265090867e-05,0.257627649347978,0.374,0.349,1,"2","PSMB3"
7.21469216217661e-05,0.317182481905874,0.274,0.244,1,"2","ORMDL1"
9.05067361460875e-05,0.39466687462963,0.268,0.243,1,"2","GOLPH3"
9.34021285702979e-05,0.420434885761613,0.29,0.266,1,"2","ANXA2"
0.00012493344505093,0.259889480215037,0.386,0.367,1,"2","RAB2A"
0.000198074501415182,0.258463169464166,0.354,0.33,1,"2","CDKN1B"
0.000205906941736429,0.260121650815952,0.301,0.27,1,"2","TMUB1"
0.00020999211732403,0.304013095152906,0.302,0.272,1,"2","MFSD14A"
0.000231469247055356,0.261579559738013,0.284,0.252,1,"2","ADAR"
0.000344140351154,0.318912007341404,0.255,0.226,1,"2","DPH3"
0.000356113129399515,0.338260537190903,0.259,0.233,1,"2","ANXA7"
0.000389045934674497,0.257754056254275,0.261,0.231,1,"2","M6PR"
0.000471596058444101,0.255132336851511,0.271,0.241,1,"2","PRKAR1A"
0.000493212022200487,0.261202057796008,0.351,0.334,1,"2","TMED5"
0.000666872462183135,0.32309273676094,0.271,0.245,1,"2","AP2M1"
0.000668739240739502,0.258871759669603,0.302,0.278,1,"2","JPT1"
0.00105424917534237,0.257988456499006,0.35,0.336,1,"2","PARK7"
0.00106025168455772,0.309087639939731,0.305,0.282,1,"2","C7orf50"
0.00117807635907909,0.253197479582057,0.352,0.337,1,"2","ATP5ME"
0.00134066098116172,0.286531038086784,0.282,0.263,1,"2","RABGEF1"
0.00173455439074206,0.331290362831336,0.318,0.306,1,"2","ICAM3"
0.0025507239291741,0.289232110099633,0.335,0.323,1,"2","TMBIM4"
0.00311843587083805,0.275701812005178,0.36,0.353,1,"2","TUFM"
0.0031414919733573,0.250395781630911,0.311,0.294,1,"2","ATP5PB"
0.003283812821857,0.376275554499079,0.267,0.252,1,"2","NEDD8"
0.00498222610555829,0.264607769352293,0.293,0.276,1,"2","CCT7"
0.00764644781390686,0.260318370856969,0.369,0.363,1,"2","NDUFB4"
1.79678014462936e-289,2.34374124850192,0.639,0.302,3.7099916426307e-285,"3","YBX3"
1.54499805980097e-232,0.634697275570372,0.979,0.961,3.19011199387704e-228,"3","RPL18A"
1.74431547742195e-226,0.568577216929268,0.999,0.995,3.60166259778084e-222,"3","CD74"
7.08259572123915e-226,0.835727466420821,0.957,0.936,1.46241436452146e-221,"3","BTG1"
7.33913435998916e-198,0.814116401218223,0.923,0.853,1.51538446265056e-193,"3","LAPTM5"
3.47839082868707e-194,1.13029094692307,0.779,0.559,7.18218138307305e-190,"3","BACH2"
5.44820545799756e-170,1.71586669312453,0.655,0.464,1.12494546296734e-165,"3","TMEM123"
6.17276036867989e-156,2.2198243687573,0.383,0.152,1.27455156092502e-151,"3","FCER2"
2.82725387352646e-146,0.525236118590497,0.972,0.953,5.83771379805744e-142,"3","RPS19"
1.45488641595434e-136,0.75390699759535,0.898,0.897,3.00404947166253e-132,"3","SARAF"
9.2307837527237e-130,0.471486665608993,0.98,0.959,1.90597222926239e-125,"3","FAU"
1.37670806190816e-109,2.34834413194962,0.267,0.098,2.84262680622798e-105,"3","IL4R"
4.41700504442417e-101,0.431284060605673,0.979,0.961,9.12023201572703e-97,"3","RPL12"
2.68745784659231e-99,0.4343816289855,0.974,0.953,5.5490629616438e-95,"3","RPS13"
1.2226218376375e-98,0.558804430919042,0.932,0.914,2.5244695703539e-94,"3","CD79A"
5.24622087356961e-96,0.432431030458174,0.978,0.948,1.08323968597465e-91,"3","RPL29"
1.43693761416926e-95,0.406740254715404,0.974,0.956,2.96698878573668e-91,"3","RPL8"
5.95526443435303e-94,0.449020056499055,0.959,0.934,1.22964300040521e-89,"3","RPS5"
1.97710337447822e-93,0.714753266343157,0.981,0.966,4.08232304762262e-89,"3","FTH1"
6.02921753318229e-89,2.20068567833809,0.256,0.104,1.24491283625148e-84,"3","S1PR1"
9.97477275490175e-89,0.407328576073329,0.984,0.958,2.05959107843211e-84,"3","RPS23"
1.0671308941213e-87,0.401384266359875,0.984,0.964,2.20341187018166e-83,"3","RPS27A"
1.54908054678824e-87,0.394009444063005,0.983,0.966,3.19854151300835e-83,"3","RPL30"
1.81273443237505e-87,0.390003753986742,0.975,0.959,3.742934055968e-83,"3","RPL18"
1.45463124944542e-85,0.347664019917588,0.994,0.978,3.0035226038549e-81,"3","RPL10"
2.19209784803479e-82,0.419070687733018,0.989,0.921,4.52624363662223e-78,"3","HLA-DRA"
2.98672219976943e-81,0.38291755787604,0.986,0.963,6.16698399808393e-77,"3","RPL32"
9.55941121749935e-79,1.71364420565826,0.426,0.272,1.97382722818927e-74,"3","KLF3"
1.49445666105781e-77,0.548208227336889,0.874,0.878,3.08575411375216e-73,"3","EEF1D"
2.63509376433648e-77,0.371843412554481,0.984,0.959,5.44094160460197e-73,"3","RPL39"
5.42848589770752e-77,0.463877111421654,0.935,0.921,1.12087376815865e-72,"3","RPL22"
9.38557255218926e-77,0.358201468971756,0.986,0.969,1.93793302057604e-72,"3","RPL28"
2.78829704623314e-75,0.359996015391007,0.985,0.965,5.7572757410622e-71,"3","RPL13"
1.66134168101466e-73,0.363765268639017,0.976,0.954,3.43033830295906e-69,"3","RPL37"
3.23147953164912e-72,0.364498380388904,0.981,0.962,6.67235893694911e-68,"3","RPS3A"
6.91686463478244e-71,0.355499120010359,0.985,0.967,1.42819420978988e-66,"3","RPL11"
9.01897680556038e-71,0.360646917316211,0.99,0.971,1.86223833081211e-66,"3","RPS27"
1.52500981295369e-69,0.359888577031203,0.975,0.954,3.14884026178677e-65,"3","RPS26"
6.88605734737637e-68,1.75430676354382,0.313,0.167,1.42183312108627e-63,"3","CD72"
1.30736816260606e-66,1.89038206943457,0.341,0.198,2.69945378214899e-62,"3","CLEC2B"
7.13252781306357e-66,0.385161972842611,0.959,0.936,1.47272434284137e-61,"3","RPL21"
5.48871383194838e-64,0.399495952528046,0.932,0.926,1.1333096320207e-59,"3","RPL15"
6.76469757262827e-63,0.523549939897988,0.87,0.887,1.39677475479628e-58,"3","H3F3A"
2.48428670739031e-62,0.337690176928975,0.986,0.966,5.12955519341952e-58,"3","RPL34"
2.54648670872122e-62,0.512765785698532,0.867,0.865,5.25798575616758e-58,"3","CXCR4"
6.7810505314055e-62,0.341347355782661,0.988,0.962,1.40015131372461e-57,"3","RPL19"
7.53634188916046e-62,0.36538651024804,0.949,0.942,1.55610387327385e-57,"3","RPL6"
1.06208530571823e-61,0.406551575455062,0.922,0.917,2.19299373924701e-57,"3","RPL10A"
3.61671315976256e-60,0.380376053671494,0.938,0.86,7.46778933227774e-56,"3","HLA-DPB1"
6.57335631367134e-60,0.663230415212374,0.769,0.783,1.35726661164686e-55,"3","CD55"
1.01562224723172e-59,0.430331155146011,0.934,0.892,2.09705681608406e-55,"3","CD37"
4.60263235562886e-59,0.819295650456112,0.699,0.687,9.50351528790247e-55,"3","HLA-DMA"
3.14341267824388e-57,0.357818907422644,0.982,0.917,6.49051849803795e-53,"3","HLA-DRB1"
3.57461724057539e-55,0.298511121987751,0.975,0.953,7.38086967834006e-51,"3","RPL7A"
4.01437996178922e-55,0.353136166427653,0.949,0.934,8.28889174510238e-51,"3","RPL5"
5.02037150790201e-55,0.34151218596175,0.975,0.947,1.03660630895161e-50,"3","RPS21"
1.56592689720689e-54,0.371243099423644,0.929,0.926,3.23332585735278e-50,"3","RACK1"
1.00462360353006e-53,0.473154521905373,0.895,0.914,2.07434681656886e-49,"3","TMSB10"
4.51692915483841e-53,0.851687956686527,0.532,0.417,9.32655531891035e-49,"3","AFF3"
1.28395243251164e-52,0.389757917692742,0.922,0.919,2.65110498265004e-48,"3","RPSA"
7.00385134874381e-52,0.405009718532807,0.891,0.899,1.44615522648862e-47,"3","RPS11"
1.92582745208087e-49,0.364920591983939,0.926,0.921,3.97644852305658e-45,"3","RPL24"
1.28895722484222e-47,0.313901644005311,0.972,0.945,2.66143887785421e-43,"3","RPL35A"
3.93457421180833e-47,0.341280803039886,0.959,0.927,8.12410883254183e-43,"3","HLA-DPA1"
1.87972559224711e-46,0.980483732996245,0.598,0.575,3.88125740287183e-42,"3","LSM7"
7.02180366390101e-43,0.406320991252935,0.887,0.839,1.44986202052228e-38,"3","HLA-DRB5"
7.28890753225745e-43,0.339221362654474,0.926,0.919,1.50501362726052e-38,"3","NACA"
1.44024351153002e-42,0.724426673400727,0.698,0.727,2.97381480260718e-38,"3","FXYD5"
2.02171886024261e-42,0.295219906890485,0.961,0.949,4.17444510262894e-38,"3","RPLP0"
5.82485111333812e-42,0.323639080389919,0.917,0.924,1.20271525788206e-37,"3","RPS9"
1.77674886843257e-41,0.9294391667054,0.566,0.534,3.66863106353958e-37,"3","ISG20"
1.0908508936895e-40,0.294103869671576,0.96,0.943,2.25238892529008e-36,"3","RPL26"
1.94572689597237e-40,0.350770361977271,0.913,0.905,4.01753689480376e-36,"3","UBA52"
3.47581749075599e-40,0.57554484530931,0.762,0.803,7.17686795491296e-36,"3","SMAP2"
1.25896874221783e-39,1.17789026411083,0.389,0.282,2.59951865893137e-35,"3","SELL"
8.73336282952914e-39,0.269447042008115,0.969,0.952,1.80326475704118e-34,"3","RPS7"
1.01714883108342e-38,0.398787362391301,0.85,0.874,2.10020890642104e-34,"3","PFDN5"
1.32219924203223e-37,0.43808002776786,0.834,0.809,2.73007699494815e-33,"3","HLA-DQB1"
2.48857706216243e-36,0.263110034975703,0.974,0.953,5.13841391795299e-32,"3","RPS15"
2.51677277795756e-36,0.313550753857778,0.914,0.919,5.19663243192677e-32,"3","RPL37A"
4.08788749560533e-36,0.35778525647414,0.872,0.835,8.44067010092588e-32,"3","HLA-DQA1"
4.16720631499791e-36,0.370322516472193,0.859,0.795,8.60444759920769e-32,"3","CD69"
7.68657862649593e-35,0.389431676534285,0.841,0.871,1.58712475479888e-30,"3","HMGB1"
2.47694501695604e-34,0.295460753433146,0.938,0.928,5.11439607101082e-30,"3","RPL9"
5.48305208700599e-33,0.403920389899342,0.839,0.872,1.132140594925e-28,"3","OAZ1"
2.95835690629811e-32,0.67823832720447,0.614,0.591,6.10841534012433e-28,"3","ARHGDIB"
5.68809722846036e-32,0.362411058562525,0.878,0.912,1.1744783157325e-27,"3","TSC22D3"
6.91931258562865e-31,1.32311623606517,0.309,0.216,1.4286996626806e-26,"3","FCRL1"
9.88293323083164e-31,0.296823403214034,0.901,0.915,2.04062805350212e-26,"3","RPL35"
2.61250124086346e-30,1.12003828587604,0.381,0.304,5.39429256213488e-26,"3","RERE"
8.19788236993259e-30,0.319607726189441,0.878,0.919,1.69269875174368e-25,"3","PABPC1"
1.98363521587435e-29,1.13060398363513,0.347,0.259,4.09580999373736e-25,"3","CLEC2D"
4.03058551312893e-29,0.598874597482332,0.629,0.609,8.32235296750862e-25,"3","LRRFIP1"
9.15344191073785e-29,0.273451688154517,0.923,0.947,1.89000268572915e-24,"3","PNRC1"
1.30773320275212e-28,1.06578768712212,0.411,0.339,2.70020751704258e-24,"3","RCSD1"
1.59053992455679e-26,0.533612803501208,0.676,0.69,3.28414683622486e-22,"3","LYN"
1.14213622300515e-25,0.776808271851343,0.581,0.602,2.35828287326104e-21,"3","ITM2B"
1.23451633551152e-25,0.772235828708087,0.533,0.507,2.54902932956419e-21,"3","CHPT1"
1.40767830847724e-25,0.324124754723931,0.845,0.877,2.90657417134381e-21,"3","RPL7"
9.20081816757818e-23,1.03032133805128,0.329,0.256,1.89978493524154e-18,"3","LINC00926"
2.96994290052736e-22,0.724596788231499,0.523,0.494,6.1323381010089e-18,"3","RBM38"
1.4355724986769e-20,0.754173501633361,0.477,0.435,2.96417009526806e-16,"3","RUBCNL"
1.83329957534644e-20,0.752567411381132,0.493,0.469,3.78539696317534e-16,"3","SNX2"
5.00201361964762e-20,0.32307690511156,0.847,0.876,1.03281577218484e-15,"3","KLF2"
1.0965663268457e-19,0.602557920058356,0.632,0.661,2.264190151671e-15,"3","STK17A"
3.37699995781009e-19,0.835259475408301,0.407,0.353,6.97282951288628e-15,"3","HLA-DMB"
3.59826491036764e-18,1.24762937391723,0.303,0.25,7.4296973869271e-14,"3","MXI1"
1.10081867812993e-17,0.81335927326561,0.488,0.485,2.27297040660268e-13,"3","TLE5"
3.14257763179811e-17,0.598291260680052,0.542,0.538,6.48879429413674e-13,"3","HLA-DQA2"
3.27513379450084e-16,0.560699616839001,0.593,0.596,6.76249625888533e-12,"3","TXNIP"
2.21816621910385e-15,0.361334451965752,0.155,0.274,4.58006960920562e-11,"3","FIS1"
2.69624402269827e-15,0.553927546082859,0.544,0.545,5.56720465806738e-11,"3","SNX9"
3.31614865859807e-15,0.414527701694447,0.566,0.542,6.84718375027329e-11,"3","FOXP1"
1.17867745490744e-14,1.0781639927439,0.259,0.205,2.43373320889287e-10,"3","LYST"
1.00431609222054e-13,0.696988423184229,0.468,0.46,2.07371186721698e-09,"3","LIMD2"
1.16607296065483e-13,0.321628481563047,0.752,0.837,2.4077074491601e-09,"3","HNRNPA1"
2.555246450377e-13,0.436216268915688,0.146,0.251,5.27607287073842e-09,"3","DNAJC4"
3.34212797979164e-13,1.09007017847071,0.372,0.352,6.90082585267379e-09,"3","CD79B"
1.44166002655703e-12,0.58400871632968,0.53,0.535,2.97673962283496e-08,"3","TUBA1A"
3.19005713120122e-12,0.255325516164262,0.189,0.305,6.58682996450429e-08,"3","IFNAR1"
3.4917987501237e-12,0.275879098611973,0.172,0.281,7.20986605925542e-08,"3","MAF1"
4.9974164536653e-12,0.3025920309961,0.746,0.813,1.03186654935281e-07,"3","COX7C"
9.97125041415513e-12,0.288962466652689,0.782,0.844,2.05886378551475e-07,"3","COX4I1"
2.80801642565883e-11,0.317941317390028,0.751,0.836,5.79799231570035e-07,"3","CYTIP"
4.16523303628396e-11,0.293950650338791,0.2,0.315,8.60037317331912e-07,"3","ISCA1"
5.16684080137363e-11,0.346325133390807,0.191,0.301,1.06684928866763e-06,"3","SEC14L1"
5.9763820358951e-11,0.259781899321605,0.172,0.273,1.23400336277162e-06,"3","ERO1B"
7.02852701543902e-11,0.277649583316664,0.207,0.323,1.45125025814785e-06,"3","RBIS"
7.13162075784483e-11,0.252124116246357,0.181,0.286,1.4725370540798e-06,"3","SUMO1"
1.09325604528464e-10,0.283193348672203,0.166,0.263,2.25735508230372e-06,"3","DDT"
1.17094847630373e-10,0.282725254604999,0.166,0.262,2.41777441387194e-06,"3","DARS"
1.20824728526967e-10,0.278701899349031,0.271,0.421,2.49478899462482e-06,"3","TOMM6"
1.65836530126647e-10,0.321026770038099,0.171,0.269,3.424192674055e-06,"3","RSBN1L"
2.36147811229644e-10,0.389412822820607,0.19,0.3,4.87598000626969e-06,"3","EIF2S2"
2.4205162563441e-10,0.323016337255412,0.216,0.335,4.9978819660993e-06,"3","POLD4"
2.634001813598e-10,0.333790671459574,0.182,0.286,5.43868694471714e-06,"3","GMFG"
4.64628046016566e-10,0.257934927868242,0.163,0.256,9.59363989415005e-06,"3","WDR1"
5.21342654910398e-10,0.574721206272016,0.464,0.48,1.07646831385899e-05,"3","SSH2"
6.05564256961278e-10,0.766981788629589,0.428,0.439,1.25036907777365e-05,"3","CIB1"
6.9676054013485e-10,0.263563063539345,0.178,0.277,1.43867116327044e-05,"3","IMP3"
7.66062151377155e-10,0.251540683744939,0.18,0.281,1.58176513016355e-05,"3","IGBP1"
8.65508630854086e-10,0.256163925625239,0.169,0.261,1.78710222098752e-05,"3","SP3"
1.1248220212261e-09,0.315642328645898,0.195,0.3,2.32253250942765e-05,"3","NRDC"
1.250788963015e-09,0.269302643305626,0.22,0.334,2.58262905083338e-05,"3","RTRAF"
1.46818671425603e-09,0.937653980160183,0.305,0.278,3.03151192759584e-05,"3","TSPAN33"
1.74211096082174e-09,0.434701139179444,0.168,0.264,3.59711071190474e-05,"3","NDUFC1"
2.20218958849639e-09,0.261525265289254,0.176,0.27,4.54708106232735e-05,"3","ARPC5"
2.37444848939265e-09,0.33266445119692,0.706,0.797,4.90276124089795e-05,"3","SON"
3.99117232236224e-09,0.930506878520477,0.276,0.247,8.24097261121355e-05,"3","SNX29"
4.02709539304031e-09,0.729418489340686,0.34,0.317,8.31514656754962e-05,"3","RFTN1"
4.08213335224362e-09,0.340787465513013,0.169,0.264,8.42878894571264e-05,"3","TRAPPC5"
4.36352949254091e-09,0.316212493836421,0.247,0.373,9.00981569619846e-05,"3","PPP1CA"
4.53712930901003e-09,0.315603296422335,0.178,0.27,9.36826459724392e-05,"3","RBBP4"
9.33035465255962e-09,0.420083582777367,0.617,0.689,0.000192653162866051,"3","JAK1"
9.66243700734291e-09,0.576453096922263,0.303,0.27,0.000199509999327616,"3","CMSS1"
9.96402753802873e-09,0.448439947641264,0.161,0.25,0.000205737240605217,"3","ACP1"
1.56608205837271e-08,0.313376768622634,0.181,0.273,0.000323364623412798,"3","SVIP"
1.87532363307982e-08,0.27788106976935,0.178,0.271,0.000387216823758321,"3","PPP6C"
3.11599300423091e-08,0.253998628081995,0.29,0.426,0.000643390235513597,"3","EIF1AX"
3.23018708221705e-08,0.342204957715785,0.223,0.329,0.000666969028736177,"3","CCT6A"
3.47302795502779e-08,0.297653335613012,0.2,0.299,0.000717110812154139,"3","DRAP1"
3.73668862287361e-08,0.276196042230866,0.225,0.333,0.000771551466850943,"3","C1orf43"
4.54695230207878e-08,0.327050045899841,0.265,0.392,0.000938854711333227,"3","SCAND1"
4.93787793203449e-08,0.304261813943702,0.195,0.287,0.00101957303540648,"3","GLIPR1"
6.85579810940002e-08,0.302427797615358,0.176,0.263,0.00141558519362892,"3","EIF6"
7.83539984197379e-08,0.337772414494641,0.191,0.284,0.00161785335937075,"3","MAPRE1"
8.55390424715886e-08,0.654707719603706,0.287,0.254,0.00176621014895336,"3","MGAT5"
1.00056980295824e-07,0.292504855993921,0.755,0.852,0.00206597652914818,"3","DDX5"
1.09522700216979e-07,0.269344170262786,0.243,0.35,0.00226142471408018,"3","PA2G4"
1.17769002859891e-07,0.326597563180274,0.225,0.329,0.00243169437105104,"3","RAB5C"
1.26737371578158e-07,0.858131885836594,0.354,0.352,0.00261687324834581,"3","VPS37B"
1.43913305767087e-07,0.287155884519484,0.206,0.301,0.00297152193747881,"3","SMNDC1"
1.4919626326637e-07,0.29765068545518,0.186,0.274,0.00308060444392401,"3","ANP32A"
1.63306903023739e-07,0.360838289404203,0.654,0.744,0.00337196093363416,"3","CCNI"
1.66422960459412e-07,0.381444523486382,0.196,0.294,0.00343630128756595,"3","ADIPOR1"
1.84657833040016e-07,0.347347240533239,0.224,0.328,0.00381281493661025,"3","BAG1"
2.23813396854577e-07,0.312835224284921,0.236,0.344,0.00462129901825331,"3","ENY2"
2.56968435742384e-07,0.261490881324684,0.213,0.308,0.00530588426120875,"3","AKIRIN1"
2.72044972567524e-07,0.562154689644135,0.178,0.267,0.00561718459357423,"3","CIAO2A"
2.9838671568411e-07,0.346783796579862,0.209,0.305,0.00616108890544551,"3","RAB14"
3.22327910050268e-07,0.268617752598891,0.176,0.257,0.00665542668671793,"3","CHD9"
3.36825818134915e-07,0.793941105932657,0.265,0.238,0.00695477949284973,"3","PLEKHA2"
3.44930633185003e-07,0.28084064734988,0.218,0.315,0.00712212771400394,"3","PDCD4"
4.10585424630402e-07,0.272440013719896,0.209,0.3,0.00847776784776853,"3","SUZ12"
4.36319559686263e-07,0.923918728711881,0.258,0.235,0.00900912626840196,"3","LNPEP"
4.40974008776259e-07,0.84894523612125,0.265,0.239,0.00910523133321219,"3","RASGRP2"
5.36914369178453e-07,0.260991704502672,0.739,0.826,0.0110862078947967,"3","MYL6"
5.45805878066422e-07,0.409250330294815,0.591,0.666,0.0112697997703155,"3","DAZAP2"
6.88001028574001e-07,0.322456450754984,0.172,0.25,0.014205845237996,"3","PDCD10"
7.0054465215324e-07,0.272588980789103,0.22,0.316,0.0144648459776601,"3","DDX39A"
7.72164499098951e-07,0.361709383673212,0.172,0.251,0.0159436525773951,"3","CAPZA2"
1.48848022478746e-06,0.337138542365996,0.175,0.251,0.0307341396814115,"3","NGDN"
1.49778452895074e-06,0.301600534614392,0.19,0.275,0.0309262549537749,"3","SNRPA1"
1.7179158334602e-06,0.267589214875009,0.322,0.461,0.0354715261292863,"3","ATP5PO"
1.72514454145264e-06,0.251971794625464,0.341,0.491,0.0356207844919141,"3","UBXN4"
2.12728511796103e-06,0.272295771176121,0.218,0.311,0.0439241831156594,"3","U2SURP"
2.69566987483579e-06,0.326356549515735,0.198,0.28,0.0556601915756095,"3","PWP1"
2.97470883987724e-06,0.323025310894862,0.658,0.747,0.0614217881257852,"3","ARPC3"
3.00844951161761e-06,0.289168450524351,0.229,0.327,0.0621184655158805,"3","PCNP"
3.08256181509344e-06,0.260499049299994,0.232,0.326,0.0636487363580494,"3","DHX36"
3.71731675989147e-06,0.314646165206728,0.578,0.625,0.076755156458239,"3","ADAM28"
3.96040908392252e-06,0.288490187915051,0.216,0.303,0.0817745267648321,"3","NUCKS1"
4.11574111297629e-06,0.278111784728105,0.24,0.342,0.0849818225007345,"3","EIF3M"
4.13021085553951e-06,0.274379020701472,0.182,0.258,0.0852805937451798,"3","MIER1"
5.20385794594737e-06,0.250100858830904,0.217,0.295,0.107449258867921,"3","AREG"
6.87421630818443e-06,0.665268021904506,0.315,0.301,0.141938818331392,"3","GRASP"
6.88470859453597e-06,0.267616609316638,0.194,0.273,0.142155463059979,"3","IST1"
9.50606871388904e-06,0.365663891869394,0.242,0.341,0.196281306804381,"3","RASSF1"
9.64469122665073e-06,0.257762669883674,0.22,0.308,0.199143584447884,"3","CAP1"
9.8159993528906e-06,0.365728348495842,0.274,0.391,0.202680754638485,"3","C4orf3"
1.03563403198555e-05,0.299902373746795,0.2,0.279,0.213837714924376,"3","HOOK3"
1.10883823726668e-05,0.392237258527863,0.601,0.702,0.228952919230823,"3","RPS17"
1.39641854505655e-05,0.576841391834189,0.323,0.307,0.288332501183276,"3","CEMIP2"
1.57003031829941e-05,0.314021471297379,0.284,0.398,0.324179860122463,"3","POMP"
1.67181731118527e-05,0.370444414632461,0.596,0.686,0.345196838413535,"3","HNRNPK"
1.81092772041085e-05,0.637720224484695,0.503,0.558,0.373920355710433,"3","HIST1H1E"
1.85927940639165e-05,0.424394128573872,0.194,0.273,0.383904011831749,"3","BLOC1S6"
1.87457654619014e-05,0.443375424058271,0.207,0.293,0.387062565257341,"3","PNPLA8"
2.09238536749073e-05,0.273452613427315,0.242,0.331,0.432035730679486,"3","PPP1CB"
2.14568691586176e-05,0.251980043322798,0.226,0.309,0.443041434387137,"3","IFITM1"
2.67724560869672e-05,0.264493239420245,0.331,0.454,0.552797673283699,"3","GDI2"
2.82827593476579e-05,0.264519668377339,0.227,0.312,0.58398241501044,"3","FMNL1"
2.92663648576316e-05,0.283378692897577,0.349,0.486,0.604291901580377,"3","VAMP2"
3.41892465511151e-05,0.323117389312097,0.629,0.713,0.705939562787425,"3","STK4"
3.54603865169465e-05,0.28047159359025,0.217,0.301,0.73218606080191,"3","RASA2"
3.64705275571511e-05,0.26993244015096,0.302,0.414,0.753043453000056,"3","KPNB1"
3.81984345939461e-05,0.41836120513813,0.214,0.296,0.788721277495798,"3","C7orf50"
3.95010837457254e-05,0.280905249829714,0.272,0.373,0.815618377181738,"3","GTF2B"
4.17731476425178e-05,0.265000786853123,0.193,0.262,0.862531952522708,"3","FAM76B"
4.31203122882987e-05,0.271472558902079,0.222,0.304,0.890348208128791,"3","EIF3D"
4.49324823550556e-05,0.322711289007467,0.283,0.394,0.927765895667189,"3","MED10"
4.66775054556283e-05,0.319637574457675,0.253,0.348,0.963797132647814,"3","MPHOSPH8"
5.76538131952161e-05,0.264650489769836,0.304,0.413,1,"3","SOD2"
5.89702543574499e-05,0.304015612835749,0.231,0.315,1,"3","CD19"
6.20076331815736e-05,0.40554323287391,0.217,0.299,1,"3","OSTF1"
8.21830428585781e-05,0.317564453416284,0.316,0.439,1,"3","YTHDC1"
8.36240537187891e-05,0.387414008088822,0.227,0.312,1,"3","ELF2"
9.54761714426697e-05,0.422054207195449,0.553,0.642,1,"3","NSD3"
0.000104753287862657,0.346947708705955,0.303,0.421,1,"3","TBCA"
0.000107186695805193,0.315123031810386,0.654,0.768,1,"3","LINC01578"
0.000107195301288217,0.279773558579752,0.365,0.51,1,"3","PAPOLA"
0.000119072915668754,0.259228909872457,0.407,0.568,1,"3","ATP6V0B"
0.000122158775369507,0.298536937204884,0.258,0.351,1,"3","HNRNPR"
0.000135955471370279,0.785703845510629,0.322,0.332,1,"3","SECISBP2L"
0.000145008648200843,0.254764668940045,0.328,0.446,1,"3","SNRPG"
0.000149310707936692,0.311186639379091,0.272,0.37,1,"3","PJA2"
0.000152222604818568,0.535334172685738,0.444,0.478,1,"3","BIRC3"
0.000194947722256,0.404669329215942,0.253,0.346,1,"3","GPS2"
0.000195853648423052,0.43300648067344,0.2,0.276,1,"3","COPB1"
0.000201306896758169,0.283542184139219,0.292,0.39,1,"3","SEPTIN9"
0.000246772471435905,0.251118276889487,0.268,0.358,1,"3","PPP4R3A"
0.000268295870010442,0.366608655642355,0.261,0.353,1,"3","DNAJA2"
0.000294276643984658,0.657220183218358,0.34,0.349,1,"3","ZNF107"
0.00034264746450466,0.339557102640998,0.236,0.318,1,"3","PTPRCAP"
0.00034397606720439,0.31972115089035,0.215,0.287,1,"3","CSNK1D"
0.000438589171734217,0.300693754051077,0.296,0.4,1,"3","PHF3"
0.000458221997492322,0.297099972826399,0.234,0.31,1,"3","SNHG5"
0.000471530993176832,0.262973453489997,0.231,0.306,1,"3","PPIL4"
0.00049269186660175,0.726573353302439,0.265,0.257,1,"3","TRBC2"
0.000529199211398532,0.559504797370984,0.363,0.379,1,"3","ADK"
0.000611841879174873,0.268245021194743,0.342,0.461,1,"3","SH3BGRL"
0.000625134152658038,0.317648246060208,0.36,0.49,1,"3","HP1BP3"
0.00064440176076056,0.585757408256482,0.415,0.461,1,"3","CNN2"
0.000650647801310794,0.356930211615494,0.206,0.272,1,"3","SNX6"
0.000702823400206886,0.342925302415583,0.195,0.258,1,"3","ITGA4"
0.000765817681390399,0.276691504240915,0.296,0.388,1,"3","SP140"
0.000780416503147197,0.331359433280836,0.243,0.323,1,"3","UBE2R2"
0.000802990355015018,0.279450034935497,0.342,0.455,1,"3","PRR13"
0.00082524143428373,0.324031617713728,0.602,0.7,1,"3","SNHG29"
0.000869150884202428,0.274626816006755,0.222,0.293,1,"3","RABEP1"
0.000912208838846789,0.25944534469527,0.285,0.374,1,"3","PNRC2"
0.000923408884825414,0.71828764195699,0.389,0.436,1,"3","THRAP3"
0.00102339756577999,0.389063677404537,0.243,0.323,1,"3","KIF2A"
0.00104675114307725,0.396304647002845,0.282,0.377,1,"3","STAG2"
0.00107313304229875,0.256340552735638,0.346,0.465,1,"3","NR3C1"
0.0011284026820067,0.283338866390682,0.348,0.468,1,"3","HNRNPD"
0.00116161446786474,0.443989556349893,0.233,0.313,1,"3","OSER1"
0.00118376725016424,0.321108773690552,0.293,0.395,1,"3","ATP6V0D1"
0.00131985731317045,0.422956430999536,0.259,0.347,1,"3","CBX3"
0.001619936151397,0.386545015384176,0.224,0.296,1,"3","SF3A1"
0.00164251885567482,0.441372903790362,0.193,0.255,1,"3","DDIT3"
0.00164393270017128,0.7159882445887,0.26,0.258,1,"3","ZCCHC7"
0.00167438784624191,0.438028792308075,0.268,0.36,1,"3","RNPS1"
0.00187747502335722,0.502238206510863,0.193,0.254,1,"3","DBF4"
0.00197931766859915,0.535904655377352,0.442,0.504,1,"3","C12orf57"
0.00219609878032881,0.431813151185425,0.316,0.432,1,"3","TAF10"
0.00220715927279149,0.347450170051166,0.278,0.366,1,"3","N4BP2L2"
0.00220836000190667,0.459918392019836,0.508,0.586,1,"3","USP15"
0.00226446443934499,0.395753549120971,0.195,0.253,1,"3","PSIP1"
0.00233232161551859,0.816252123500941,0.272,0.278,1,"3","KLHL5"
0.00238934516036288,0.42120636752333,0.303,0.406,1,"3","PRPF4B"
0.00258369863786433,0.385472546324329,0.211,0.275,1,"3","TBRG1"
0.00329970707982683,0.617772963482045,0.332,0.348,1,"3","GGA2"
0.00371938961998574,0.448305578037937,0.302,0.41,1,"3","SELENOF"
0.00374270667183411,0.411832234858903,0.509,0.597,1,"3","NOP53"
0.00408996337993777,0.255408123185989,0.385,0.509,1,"3","FNBP4"
0.00451566596513991,0.399865719170349,0.285,0.377,1,"3","DNAJC8"
0.00455630921385189,0.264378506735944,0.317,0.407,1,"3","MYH9"
0.00456193113930678,0.510801132375098,0.283,0.382,1,"3","ANAPC16"
0.00495655921008128,0.399368987606292,0.285,0.376,1,"3","BAZ2A"
0.00531624776708245,0.254974445486873,0.282,0.359,1,"3","PLEKHO1"
0.00556441882845102,0.352468803137623,0.564,0.668,1,"3","SF1"
0.00580093279659933,0.586874154925056,0.235,0.313,1,"3","DCXR"
0.00599009150905846,0.336790061534179,0.292,0.382,1,"3","PHIP"
0.00607246597695875,0.494233145642687,0.224,0.294,1,"3","MAGOH"
0.00653168206386067,0.567709189103623,0.374,0.412,1,"3","TTC3"
0.00661338466671803,0.490674556354635,0.462,0.536,1,"3","SNHG6"
0.00667605381590909,0.323033367597263,0.289,0.375,1,"3","WBP11"
0.00691323375494679,0.414176992768998,0.246,0.318,1,"3","NIPA2"
0.00796133217501075,0.655593380593698,0.279,0.286,1,"3","P2RY10"
0.00834629043403002,0.286599818461307,0.337,0.436,1,"3","NIPBL"
0.00846765568285225,0.51686998223115,0.217,0.284,1,"3","TMEM248"
0.0090426986957287,0.446775071597509,0.208,0.268,1,"3","SF3B4"
0.0096390014260427,0.32387116420111,0.209,0.265,1,"3","CNST"
0,3.88737290436271,0.961,0.093,0,"4","FKBP11"
0,4.33425113825653,0.991,0.136,0,"4","MZB1"
0,3.74787745675849,0.961,0.134,0,"4","DERL3"
0,3.41009722741743,0.951,0.135,0,"4","PRDX4"
0,3.4899548327421,0.88,0.075,0,"4","TRIB1"
0,2.73245476249976,0.905,0.124,0,"4","HM13"
0,2.99533185599078,0.918,0.141,0,"4","CYTOR"
0,2.84448151873065,0.96,0.185,0,"4","TXNDC5"
0,3.01091390412511,0.839,0.078,0,"4","SDF2L1"
0,2.63829797866263,0.947,0.191,0,"4","SSR3"
0,2.96898220294608,0.965,0.222,0,"4","XBP1"
0,2.11541185365203,0.924,0.183,0,"4","ANKRD28"
0,2.25791458698375,0.893,0.158,0,"4","SELENOS"
0,2.22400550392017,0.798,0.073,0,"4","FNDC3B"
0,3.10403087208975,0.779,0.055,0,"4","PRDM1"
0,2.7123160448271,0.954,0.232,0,"4","SEC11C"
0,2.22939293582185,0.878,0.172,0,"4","ERLEC1"
0,2.09704627277384,0.896,0.191,0,"4","MYDGF"
0,2.11973680605821,0.831,0.132,0,"4","MANF"
0,1.94011684034204,0.841,0.147,0,"4","DNAJB9"
0,2.2770064466577,0.771,0.08,0,"4","SRPRB"
0,1.79399313366466,0.884,0.195,0,"4","LMAN1"
0,1.64347854921678,0.818,0.13,0,"4","PLPP5"
0,3.2504894016259,0.76,0.077,0,"4","GLRX"
0,2.08187093242228,0.768,0.093,0,"4","RRBP1"
0,3.17496344589761,0.718,0.043,0,"4","NUCB2"
0,2.21454731913747,0.797,0.124,0,"4","ITM2C"
0,1.8728462292514,0.794,0.126,0,"4","SLAMF7"
0,2.63215009145748,0.839,0.172,0,"4","H1FX"
0,1.67553091314281,0.896,0.234,0,"4","SPCS3"
0,1.61754318526647,0.776,0.133,0,"4","OSTC"
0,1.4380428850473,0.854,0.212,0,"4","P4HB"
0,1.43332983172708,0.883,0.245,0,"4","KDELR1"
0,2.36287481322134,0.707,0.071,0,"4","TXNDC15"
0,1.34556430950559,0.786,0.15,0,"4","PRDX2"
0,1.46102516115096,0.829,0.194,0,"4","KDELR2"
0,3.26457664738578,0.679,0.044,0,"4","AC012236.1"
0,1.47270714374445,0.779,0.145,0,"4","SEL1L"
0,1.52622435909351,0.877,0.245,0,"4","RPN2"
0,2.42197799834694,0.771,0.141,0,"4","DUSP5"
0,1.29137147600286,0.897,0.268,0,"4","DAD1"
0,1.3378740619441,0.8,0.176,0,"4","LMAN2"
0,1.63226340250722,0.745,0.124,0,"4","TXNDC11"
0,1.52136225383805,0.939,0.321,0,"4","KRTCAP2"
0,1.0728691409775,0.834,0.217,0,"4","UQCRQ"
0,1.21604733978813,0.795,0.18,0,"4","TECR"
0,1.15891540841825,0.889,0.276,0,"4","PDIA6"
0,1.17913678692603,0.797,0.188,0,"4","HDLBP"
0,1.7640655575631,0.703,0.094,0,"4","SEC61A1"
0,3.62007233791491,0.639,0.032,0,"4","JSRP1"
0,1.28940113719733,0.915,0.309,0,"4","GSTP1"
0,1.36849486081575,0.722,0.116,0,"4","EIF2AK4"
0,1.37411542277779,0.774,0.172,0,"4","SELENOM"
0,2.13932878310446,0.66,0.058,0,"4","CD38"
0,1.34921166740614,0.74,0.138,0,"4","TMEM208"
0,4.11351521380279,0.621,0.021,0,"4","CHPF"
0,2.30769240697079,0.667,0.068,0,"4","LIME1"
0,1.10992356437414,0.825,0.23,0,"4","ERGIC3"
0,1.48757342661297,0.938,0.344,0,"4","SPCS1"
0,1.64132545943418,0.708,0.117,0,"4","PHPT1"
0,0.931461406189275,0.765,0.174,0,"4","DNAJC1"
0,2.48245455549338,0.654,0.066,0,"4","PDIA4"
0,1.57790229122879,0.698,0.111,0,"4","CD59"
0,0.920116189873772,0.807,0.222,0,"4","DNAJC3"
0,2.27164146918724,0.638,0.054,0,"4","CDK6"
0,1.06415126110729,0.76,0.178,0,"4","POU2AF1"
0,3.64213796494795,0.612,0.032,0,"4","TNFRSF17"
0,1.57681096978584,0.666,0.089,0,"4","HMCES"
0,0.759180042374452,0.813,0.236,0,"4","FNDC3A"
0,1.60002640379911,0.686,0.112,0,"4","ZBTB38"
0,2.28067408270117,0.629,0.056,0,"4","ARSA"
0,1.60705335050234,0.671,0.099,0,"4","CLPTM1L"
0,2.12055104931166,0.626,0.057,0,"4","ICAM2"
0,3.64799716453386,0.593,0.026,0,"4","GAS6"
0,2.00097063804873,0.656,0.094,0,"4","MIR4435-2HG"
0,1.37334149655879,0.926,0.364,0,"4","TMEM258"
0,2.0663298318149,0.621,0.059,0,"4","ALG5"
0,0.749595577029652,0.76,0.2,0,"4","ACADVL"
0,1.0362964180654,0.707,0.151,0,"4","SEC13"
0,1.34248508702787,0.692,0.137,0,"4","SRM"
0,3.29485374417728,0.587,0.032,0,"4","SPAG4"
0,2.47592522461183,0.61,0.056,0,"4","ERN1"
0,3.0389820575435,0.646,0.093,0,"4","GADD45A"
0,0.961892997905169,0.724,0.171,0,"4","NDUFC2"
0,3.91408982041178,0.578,0.026,0,"4","AQP3"
0,1.79360268846401,0.637,0.092,0,"4","LY96"
0,1.02146521479894,0.748,0.204,0,"4","ANXA2"
0,2.07189691186498,0.602,0.06,0,"4","FKBP2"
0,1.78805318807394,0.603,0.062,0,"4","SIL1"
0,1.84318265757657,0.7,0.159,0,"4","CITED2"
0,3.76688528112984,0.818,0.279,0,"4","IGHG1"
0,1.63779632460306,0.622,0.087,0,"4","LGALS3"
0,0.755637713670909,0.711,0.176,0,"4","RPS27L"
0,1.82017667021626,0.962,0.428,0,"4","PPIB"
0,0.773371622792123,0.693,0.159,0,"4","NANS"
0,1.30340249658497,0.643,0.11,0,"4","TMEM238"
0,1.234203492856,0.64,0.107,0,"4","CRELD2"
0,1.04788231024383,0.658,0.127,0,"4","CCPG1"
0,1.22598804577934,0.638,0.109,0,"4","NDUFB7"
0,2.54915833128295,0.567,0.039,0,"4","MEI1"
0,1.03901710215004,0.658,0.132,0,"4","AKR1A1"
0,0.968178296582685,0.656,0.13,0,"4","CNPY2"
0,2.59038360199497,0.572,0.047,0,"4","IGHG4"
0,1.65541921063839,0.601,0.077,0,"4","ADA2"
0,0.771340660362512,0.652,0.133,0,"4","IFNAR2"
0,0.755220030057209,0.663,0.144,0,"4","PDXK"
0,0.80038434909107,0.684,0.166,0,"4","LRRC59"
0,0.600477829869989,0.671,0.158,0,"4","TMEM147"
0,1.85690249041769,0.58,0.068,0,"4","NME1"
0,0.862221504102652,0.651,0.14,0,"4","ATRAID"
0,0.696481800680172,0.66,0.149,0,"4","PSENEN"
0,0.916047792196444,0.637,0.128,0,"4","IER3IP1"
0,2.22582088235665,0.548,0.048,0,"4","ZBP1"
0,2.16736220768663,0.54,0.043,0,"4","IGHGP"
0,4.52371210731121,0.786,0.293,0,"4","JCHAIN"
0,2.42001931191132,0.538,0.047,0,"4","CHST2"
0,1.03871847993157,0.625,0.134,0,"4","PIM1"
0,1.00184760784071,0.588,0.097,0,"4","SPATS2"
0,1.88188908618727,0.545,0.055,0,"4","BSCL2"
0,1.27256927379311,0.575,0.086,0,"4","MLEC"
0,3.66188492252885,1,0.511,0,"4","SSR4"
0,1.01015441216068,0.597,0.109,0,"4","YIPF3"
0,1.38911026449614,0.573,0.085,0,"4","AC007952.4"
0,1.36570321665797,0.575,0.088,0,"4","SEC24D"
0,1.3950790609547,0.559,0.075,0,"4","SLC39A7"
0,0.833002379496955,0.638,0.155,0,"4","LINC00910"
0,1.44762306427455,0.569,0.087,0,"4","BHLHE41"
0,0.74329420031015,0.617,0.138,0,"4","ST6GALNAC4"
0,1.16927015268134,0.567,0.09,0,"4","CALU"
0,3.07626034011381,0.721,0.244,0,"4","IGHG3"
0,0.83102954263851,0.61,0.134,0,"4","NDUFS8"
0,0.855191970519504,0.61,0.134,0,"4","ATP5MC1"
0,0.547037483644259,0.61,0.135,0,"4","HSPA13"
0,3.41409555751863,0.562,0.088,0,"4","IGLC1"
0,1.10489950182254,0.567,0.094,0,"4","DPM3"
0,0.897573433614464,0.617,0.145,0,"4","HSBP1"
0,0.60601288889321,0.601,0.13,0,"4","VKORC1"
0,0.811069175597705,0.593,0.123,0,"4","SAR1B"
0,1.26303395424454,0.588,0.118,0,"4","TEX14"
0,0.682674684166458,0.598,0.129,0,"4","NDUFAF3"
0,0.880749101388291,0.579,0.111,0,"4","NDUFA7"
0,1.54530096446603,0.529,0.067,0,"4","ODF3B"
0,0.918778928633633,0.556,0.097,0,"4","GUSB"
0,0.657558836247715,0.577,0.12,0,"4","MGAT1"
0,0.822926366125597,0.56,0.106,0,"4","DENND1B"
0,1.10438781020891,0.526,0.077,0,"4","STT3A"
0,0.849634434322899,0.564,0.117,0,"4","IFI27L2"
0,0.969497790127616,0.546,0.102,0,"4","ATOX1"
0,3.01773238582395,0.466,0.024,0,"4","ITGA6"
0,1.24517958243205,0.517,0.075,0,"4","TMEM205"
0,1.6313829087119,0.497,0.055,0,"4","PLD3"
0,0.787303598518293,0.552,0.111,0,"4","MRPS34"
0,1.38300184649786,0.513,0.073,0,"4","TPST2"
0,1.20745492051685,0.51,0.07,0,"4","LAMP2"
0,2.19778525581665,0.475,0.035,0,"4","MANEA"
0,0.944477344318753,0.556,0.117,0,"4","TP53INP1"
0,1.24418136779714,0.51,0.071,0,"4","CTSD"
0,1.3191470980021,0.507,0.07,0,"4","MGAT2"
0,0.880266137244719,0.523,0.089,0,"4","CPEB4"
0,2.48220210721945,0.477,0.043,0,"4","HIST1H2BJ"
0,1.76704128420371,0.473,0.045,0,"4","TAPBPL"
0,1.80214011177676,0.48,0.052,0,"4","TMEM107"
0,1.16640055549601,0.504,0.077,0,"4","DSTN"
0,1.39998176333588,0.487,0.061,0,"4","GMPPB"
0,1.96617967077692,0.466,0.043,0,"4","B4GALT7"
0,0.792820300804466,0.527,0.106,0,"4","IDH2"
0,0.61885097052254,0.518,0.098,0,"4","WDR45"
0,1.50899995142388,0.488,0.069,0,"4","SEC24A"
0,1.07655760982598,0.524,0.107,0,"4","BCAR3"
0,1.19656382995708,0.489,0.073,0,"4","YIF1A"
0,5.23442979033211,0.434,0.018,0,"4","DNAAF1"
0,2.67526895192325,0.443,0.028,0,"4","HSD17B8"
0,1.22664100317523,0.478,0.067,0,"4","BTD"
0,2.00000634096769,0.45,0.04,0,"4","CHID1"
0,1.78489372746784,0.453,0.044,0,"4","PGM3"
0,4.52514166551287,0.421,0.013,0,"4","SDC1"
0,0.98576830438813,0.485,0.079,0,"4","TMEM14C"
0,0.757636822883834,0.488,0.086,0,"4","PDK1"
0,0.816950926104872,0.499,0.097,0,"4","SLC7A5"
0,2.99089459071798,0.422,0.025,0,"4","SLC38A5"
0,0.831736482608687,0.494,0.099,0,"4","STX11"
0,1.54877192466582,0.434,0.044,0,"4","CREB3L2"
0,0.634328426114103,0.477,0.088,0,"4","SURF1"
0,1.42804698854346,0.443,0.055,0,"4","SLC1A4"
0,1.80456977225139,0.428,0.041,0,"4","SLC44A1"
0,1.15015869991397,0.444,0.062,0,"4","ARL1"
0,1.47785301691816,0.426,0.05,0,"4","SLC35B1"
0,0.971532773711106,0.447,0.072,0,"4","CPNE5"
0,1.35541225662787,0.432,0.059,0,"4","AC007569.1"
0,1.94223631481236,0.407,0.035,0,"4","FUCA2"
0,1.76898211189717,0.426,0.057,0,"4","CCDC167"
0,1.18626181729864,0.428,0.059,0,"4","MAGED1"
0,1.50368336577309,0.426,0.06,0,"4","AC104699.1"
0,1.27380719097904,0.416,0.05,0,"4","EDEM2"
0,1.48261037767395,0.417,0.052,0,"4","HINT2"
0,0.554450214764107,0.439,0.075,0,"4","AC008014.1"
0,2.72576339025172,0.383,0.02,0,"4","CADM1"
0,1.96830173629144,0.397,0.036,0,"4","PECAM1"
0,0.859744904956605,0.433,0.073,0,"4","PSMB5"
0,2.46260940218181,0.391,0.032,0,"4","AL133467.1"
0,1.61414758011461,0.981,0.624,0,"4","HSP90B1"
0,1.62177706685311,0.396,0.04,0,"4","CEP128"
0,1.15815149785017,0.418,0.063,0,"4","HYOU1"
0,0.882720898225858,0.42,0.07,0,"4","TIMP2"
0,5.62653899910566,0.41,0.06,0,"4","IGLV6-57"
0,1.73351778121678,0.39,0.041,0,"4","ALG3"
0,1.02668854077092,0.407,0.062,0,"4","COMMD3"
0,0.924585520358421,0.41,0.068,0,"4","PAPSS1"
0,3.17290375183982,0.358,0.021,0,"4","SELPLG"
0,0.835532516081141,0.399,0.063,0,"4","TMEM39A"
0,1.00680953418533,0.388,0.052,0,"4","AGA"
0,2.12207422330294,0.365,0.031,0,"4","COMTD1"
0,2.74413646534352,0.358,0.024,0,"4","IFI27L1"
0,1.67702400948831,0.368,0.034,0,"4","SLC17A9"
0,0.899315562813156,0.397,0.064,0,"4","AC078883.1"
0,1.274291916552,0.381,0.051,0,"4","COPG1"
0,2.68838700151188,0.359,0.033,0,"4","PTP4A3"
0,2.15564052024561,0.354,0.029,0,"4","BIK"
0,3.23129387328488,0.336,0.013,0,"4","KCNN3"
0,3.50786349257732,0.334,0.012,0,"4","IGF1"
0,1.41300219861953,0.357,0.037,0,"4","YIPF2"
0,1.96975125779545,0.345,0.025,0,"4","LINC02384"
0,1.99262928873183,0.349,0.029,0,"4","WIPI1"
0,3.6906924505597,0.329,0.012,0,"4","PYCR1"
0,2.38002843665531,0.336,0.023,0,"4","RCN1"
0,1.51152634400943,0.35,0.038,0,"4","Z93241.1"
0,1.53707741738862,0.35,0.039,0,"4","ABHD14A"
0,3.63949778243841,0.334,0.024,0,"4","LGALSL"
0,4.36345562597656,0.318,0.01,0,"4","SMPDL3B"
0,1.00226833914182,0.352,0.045,0,"4","DPM2"
0,3.05288131577791,0.318,0.011,0,"4","SCNN1B"
0,1.55731234930366,0.347,0.04,0,"4","MPST"
0,1.03978066786034,0.349,0.046,0,"4","NMRK1"
0,1.20780437679791,0.337,0.035,0,"4","MEF2B"
0,2.59836533503084,0.318,0.02,0,"4","C2orf88"
0,0.91402683297974,0.337,0.044,0,"4","SCARB2"
0,2.24580209449719,0.315,0.022,0,"4","METRN"
0,4.53468120702697,0.3,0.008,0,"4","QPRT"
0,2.00023105212877,0.318,0.027,0,"4","CD9"
0,1.67260220740739,0.326,0.037,0,"4","ISOC2"
0,2.31247662757797,0.307,0.018,0,"4","AP002852.1"
0,1.69302207672385,0.328,0.04,0,"4","SPSB1"
0,1.37519677610509,0.314,0.035,0,"4","HYI"
0,1.78170266550148,0.988,0.709,0,"4","HERPUD1"
0,3.20087285535284,0.296,0.019,0,"4","CHAC1"
0,2.45040170626124,0.292,0.019,0,"4","BEX5"
0,3.60895532647694,0.274,0.012,0,"4","CAV1"
0,3.21061685017114,0.274,0.015,0,"4","LINC02362"
0,3.60702453700937,0.268,0.01,0,"4","HID1"
0,4.29653658947087,0.267,0.01,0,"4","CST3"
0,2.35188285191932,0.269,0.014,0,"4","CADPS2"
0,4.70747144154928,0.256,0.007,0,"4","BHLHA15"
0,2.4497352021655,0.262,0.016,0,"4","ZNF215"
0,1.89108146383579,0.265,0.024,0,"4","AC239799.2"
0,1.67151488278448,0.26,0.023,0,"4","IL6R"
1.88733076711356e-321,0.919514650616218,0.451,0.085,3.89696056793608e-317,"4","HIST1H2AC"
2.83297241325371e-320,1.11780627541145,0.514,0.11,5.84952143888626e-316,"4","OSBPL3"
3.2173554857182e-320,0.901404062467657,0.754,0.206,6.64319560691093e-316,"4","DDOST"
2.68099782059294e-319,1.37757072846091,0.391,0.066,5.5357242999603e-315,"4","HIST1H2BC"
3.53998035245253e-319,1.53295295675814,0.26,0.026,7.30935143174399e-315,"4","DPAGT1"
2.55354864659173e-318,1.04812977894853,0.326,0.044,5.27256724548261e-314,"4","PCBD1"
3.61051019965895e-317,0.693908235587009,0.423,0.075,7.45498146025581e-313,"4","WBP1"
1.77995765419173e-316,0.654981772807449,0.683,0.172,3.67525656437507e-312,"4","MRPS24"
2.74820053092714e-316,0.373482956679134,0.54,0.117,5.67448445625835e-312,"4","GALNT2"
1.29586883632054e-311,0.361111384710755,0.6,0.141,2.67570997323465e-307,"4","HIPK2"
2.02363938037446e-311,1.97152325343513,0.26,0.027,4.17841059259718e-307,"4","RNASE6"
7.09481046996394e-311,0.981402554442696,0.842,0.261,1.46493646583815e-306,"4","TMED9"
1.72190480102541e-310,0.787097845192607,0.391,0.066,3.55538903315727e-306,"4","TMEM214"
1.705385479691e-309,0.941746419727893,0.85,0.262,3.52127993846598e-305,"4","REEP5"
6.56587253250746e-309,0.697965665850902,0.341,0.05,1.35572136051214e-304,"4","DNASE2"
1.19321295409286e-308,1.54916192953841,0.301,0.039,2.46374610761094e-304,"4","CSRP1"
9.89052923411718e-308,0.65481921860156,0.405,0.071,2.04219647626051e-303,"4","IFT20"
1.49325967402915e-307,0.970942091944852,0.39,0.067,3.0832825749354e-303,"4","LRRC8C"
5.57445994934668e-307,0.819980856491403,0.478,0.098,1.1510144903411e-302,"4","HIST1H2BK"
8.20233117889028e-306,0.866262801511465,0.828,0.247,1.69361734181727e-301,"4","PRDX5"
3.58107898713009e-305,1.1267787251257,0.959,0.431,7.39421189262621e-301,"4","RABAC1"
3.68020917718532e-304,0.729287405663866,0.454,0.089,7.59889590905225e-300,"4","COPZ1"
2.0809054018318e-299,0.493050587266633,0.563,0.129,4.29665347370231e-295,"4","NAA38"
4.40459168317187e-299,1.21456897891994,0.258,0.028,9.09460090741328e-295,"4","AL021155.5"
1.00438168208404e-298,0.812608278581303,0.71,0.197,2.07384729716713e-294,"4","S100A11"
1.12598746778752e-297,1.22527987673792,0.265,0.03,2.32493892348768e-293,"4","NCLN"
1.28107767461557e-297,1.17692340554794,0.923,0.387,2.64516918254623e-293,"4","TMEM59"
5.60158955828609e-297,1.03606532084854,0.332,0.05,1.15661621199491e-292,"4","YIF1B"
7.34949284040242e-297,0.590102336982013,0.443,0.086,1.51752328168629e-292,"4","TM9SF1"
1.88952508228773e-296,1.09365578105387,0.45,0.091,3.9014913899077e-292,"4","SOCS3"
1.40290146857977e-295,0.959250553713629,0.512,0.117,2.89671095232352e-291,"4","NSMCE2"
3.12021295784477e-295,0.864372134767475,0.357,0.058,6.44261571535787e-291,"4","PRRC1"
6.26499435258131e-295,0.55314087106545,0.663,0.172,1.29359603392099e-290,"4","OS9"
2.98801233662305e-294,0.303178940647242,0.512,0.111,6.16964787265928e-290,"4","VSIR"
1.79029428144725e-293,0.415550615348647,0.418,0.078,3.69659963233228e-289,"4","PARM1"
3.65628822635519e-292,0.848903391140345,0.328,0.049,7.5495039297782e-288,"4","CKAP4"
2.48918145941074e-290,0.435555321258139,0.625,0.158,5.13966187739129e-286,"4","CCDC88C"
1.16113065434244e-289,1.37118811692445,0.354,0.061,2.39750257508628e-285,"4","TIMP1"
4.5934829578875e-288,0.516829711327043,0.462,0.095,9.48462361144612e-284,"4","FDPS"
2.70905886524408e-287,0.580113984628417,0.489,0.106,5.59366474495598e-283,"4","SYVN1"
7.77176318307532e-285,0.537920719918419,0.434,0.086,1.60471366204139e-280,"4","ZBTB8OS"
5.89141452581752e-284,0.845209600640311,0.29,0.039,1.2164592712908e-279,"4","CD151"
6.33647847385461e-284,0.408701246050115,0.556,0.131,1.3083560752815e-279,"4","RER1"
6.47223875795341e-284,1.22065180330841,0.737,0.247,1.33638785874222e-279,"4","SGK1"
8.34557791114146e-284,0.579760038130853,0.366,0.063,1.72319492709249e-279,"4","SLC38A10"
8.46646251126739e-284,0.4916033235028,0.658,0.173,1.74815517932649e-279,"4","BST2"
9.33372924999884e-284,0.413049707780475,0.486,0.105,1.92722841553976e-279,"4","ATP6AP1"
1.46474449402636e-283,0.939659215245548,0.347,0.057,3.02440443126562e-279,"4","MIR22HG"
5.38655587896075e-282,0.667939498415498,0.407,0.078,1.11221605788782e-277,"4","NUDT22"
2.56096169783441e-281,3.78022606245955,0.849,0.611,5.28787371368849e-277,"4","IGKC"
5.17909226705142e-281,0.641039514069612,0.378,0.068,1.06937897130078e-276,"4","MRPS31"
7.46916295720829e-281,0.742070164390421,0.366,0.064,1.54223276740437e-276,"4","CROCC"
1.18071876772723e-279,0.537251519483513,0.569,0.138,2.43794811160319e-275,"4","THEMIS2"
1.0360715048634e-278,0.53406492614602,0.443,0.091,2.13928044324194e-274,"4","ANKRD36B"
4.29652337615922e-278,0.612519220455976,0.382,0.07,8.87146146709355e-274,"4","CTNNAL1"
1.17657175107429e-276,0.656222238146946,0.36,0.063,2.4293853516182e-272,"4","SCYL1"
7.01023011337163e-276,0.894077347083963,0.878,0.302,1.44747231380898e-271,"4","NPC2"
1.01130213488543e-274,0.520857293306713,0.479,0.105,2.08813664811144e-270,"4","ZNHIT1"
1.46086370668715e-274,0.482447970825167,0.423,0.084,3.01639138156762e-270,"4","ECI1"
1.73492950437122e-274,0.361434843930601,0.422,0.084,3.5822824406257e-270,"4","MOGS"
2.85279795743748e-274,0.717558029634164,0.372,0.067,5.89045722251691e-270,"4","UBA5"
3.69668627274452e-274,0.491378343369889,0.562,0.137,7.63291781596289e-270,"4","MTHFD2"
4.66661420929638e-274,0.633389139374062,0.406,0.079,9.63562501935517e-270,"4","MRPL55"
6.56239183145758e-274,0.591863562187361,0.451,0.098,1.35500266535936e-269,"4","PRPSAP2"
7.01623398912996e-274,0.76223988405703,0.331,0.054,1.44871199407556e-269,"4","MRPL40"
1.09850601177832e-273,0.626565087108023,0.722,0.208,2.26819521311988e-269,"4","CDK2AP2"
1.54263927714507e-272,0.95641446807974,0.389,0.074,3.18524157944915e-268,"4","CCDC88A"
4.50583366918743e-271,0.698701385414586,0.802,0.248,9.30364536013821e-267,"4","CANX"
4.68472083606176e-271,0.92294275343284,0.313,0.049,9.67301158230032e-267,"4","TBXAS1"
8.01879460086483e-271,1.06823559849051,0.608,0.167,1.65572070918657e-266,"4","ANKRD37"
7.42923410250526e-270,0.981609676530952,0.289,0.041,1.53398825748529e-265,"4","METTL7A"
3.26761130830584e-269,0.51595393217452,0.626,0.165,6.7469638293899e-265,"4","SSR1"
4.14628130704999e-268,0.680359640703281,0.382,0.072,8.56124164279683e-264,"4","CFL2"
4.18733254275828e-268,0.540224148024966,0.463,0.101,8.6460042342873e-264,"4","PNOC"
6.79801264828602e-267,0.984848879626271,0.949,0.399,1.4036536516181e-262,"4","SPCS2"
9.314987335648e-266,0.909613248695584,0.897,0.328,1.9233585850646e-261,"4","TRAM1"
6.02393688313549e-265,1.05107309635547,0.556,0.147,1.24382248762982e-260,"4","OTUD1"
5.62998183144371e-264,0.760818927957239,0.362,0.066,1.1624786485565e-259,"4","U62317.4"
1.47690619040332e-263,0.296587301439053,0.588,0.149,3.04951590194478e-259,"4","SDF4"
1.4991730203925e-263,0.554487069565375,0.381,0.072,3.09549245250644e-259,"4","LARP1B"
3.88128933958033e-263,0.404749319876926,0.388,0.075,8.01408622836547e-259,"4","GAB1"
4.52133150178214e-263,0.45045060904498,0.509,0.12,9.33564528487975e-259,"4","CSNK1E"
2.22772530130576e-262,0.374412097139112,0.456,0.1,4.59980720213613e-258,"4","SLC1A5"
1.52224554906627e-261,1.28219656421696,0.303,0.048,3.14313260971204e-257,"4","HIST1H2AE"
3.07923606545467e-261,5.61079923754534,0.292,0.046,6.35800662795081e-257,"4","IGKV3D-20"
7.62120156309916e-259,1.42985168986953,0.954,0.558,1.57362569874872e-254,"4","HSPA5"
2.71680753679547e-258,0.982700837295445,0.752,0.259,5.60966420197528e-254,"4","RGS1"
7.15608472421204e-257,0.742174005421646,0.82,0.265,1.4775883738553e-252,"4","COPE"
7.43628963120333e-257,0.858966858719871,0.294,0.045,1.53544508305086e-252,"4","ITM2A"
5.12595556951567e-256,1.2461354197041,0.251,0.032,1.0584073059936e-251,"4","XKR8"
9.16593384360997e-256,0.541411500676365,0.728,0.219,1.89258202002859e-251,"4","BLNK"
1.29790920281328e-255,0.61071695165224,0.317,0.053,2.67992292196885e-251,"4","P2RX1"
3.08526992015812e-255,0.327136629102807,0.533,0.131,6.37046533114248e-251,"4","TMEM179B"
3.9776131829742e-255,0.994318846369747,0.896,0.343,8.21297570020512e-251,"4","SEC61G"
4.88324322582371e-255,0.354849432227701,0.446,0.098,1.00829206126808e-250,"4","ORMDL3"
1.64686538761091e-254,0.770337876137899,0.274,0.039,3.40044765233902e-250,"4","TVP23C"
2.9814481917691e-253,0.833331168607885,0.357,0.067,6.15609422636483e-249,"4","PRDX3"
3.10310553555303e-253,0.712539380169751,0.299,0.047,6.4072923098099e-249,"4","BCKDK"
5.77239918278817e-252,0.375782217307181,0.47,0.108,1.1918849832621e-247,"4","SLC50A1"
1.3754326133108e-249,0.344010115198383,0.562,0.145,2.83999325996415e-245,"4","NDUFAB1"
4.66028423042e-249,0.401400665594955,0.648,0.181,9.62255487897121e-245,"4","DNAJC4"
9.58631699158299e-249,0.525729496016319,0.483,0.116,1.97938273242205e-244,"4","PIK3CG"
3.03158190733918e-248,0.535260573581966,0.405,0.085,6.25961032227393e-244,"4","CASP3"
3.54562816204877e-248,0.390660991790324,0.412,0.087,7.3210130289983e-244,"4","MCUR1"
9.10226336082516e-248,0.367197596240649,0.659,0.185,1.87943533874318e-243,"4","TMEM256"
4.83233026678563e-247,0.648192767294572,0.443,0.101,9.97779553485897e-243,"4","UAP1"
5.25960494490515e-247,0.640109993522333,0.33,0.059,1.08600322902401e-242,"4","VAMP5"
6.65354363835095e-246,0.531692426000122,0.321,0.056,1.3738236904467e-241,"4","MRPS33"
2.55568324215849e-245,0.459454735658638,0.355,0.068,5.27697475840886e-241,"4","COQ4"
2.64511275285599e-245,0.414718965444738,0.444,0.101,5.46162881209704e-241,"4","REXO2"
1.60299744713108e-244,0.475666162266208,0.37,0.073,3.30986912883626e-240,"4","TMED3"
2.92581060376637e-244,0.535542946325762,0.286,0.045,6.0412137346568e-240,"4","PINK1"
1.13883575546208e-243,0.646653280617359,0.295,0.048,2.35146806787811e-239,"4","FUOM"
4.13648323091171e-242,0.42250364994786,0.656,0.187,8.5410105751865e-238,"4","PPA1"
9.05531994300091e-242,0.293907790151025,0.689,0.199,1.86974246183083e-237,"4","FIS1"
6.04389771717722e-241,0.602261506317957,0.363,0.072,1.24794400064275e-236,"4","PREB"
8.02520733252891e-241,0.349034662835937,0.568,0.15,1.65704481002057e-236,"4","A1BG"
3.20623528214602e-238,0.368371108729164,0.687,0.202,6.62023461057511e-234,"4","GORASP2"
3.45247047268342e-236,1.0155747008221,0.76,0.271,7.12866103199672e-232,"4","HIST1H1C"
5.64163344918773e-236,0.262782580860406,0.438,0.1,1.16488447458828e-231,"4","ANTKMT"
3.72769571864123e-235,0.386360666287773,0.606,0.168,7.6969461198504e-231,"4","NENF"
4.37646544878069e-235,0.30682389333951,0.681,0.198,9.03652585864237e-231,"4","NDUFB10"
7.64622295651104e-235,1.08745230460731,0.279,0.045,1.5787921160604e-230,"4","AC012368.1"
3.91985809706899e-233,4.34483631555482,0.266,0.042,8.09372299882805e-229,"4","IGKV3D-11"
5.73677110661303e-232,0.345014890155549,0.471,0.115,1.18452849809346e-227,"4","NUCB1"
2.18266219189697e-231,0.513346436766709,0.336,0.065,4.50676089382886e-227,"4","AARS"
6.11518047863492e-230,0.862876203411129,0.252,0.037,1.26266246522854e-225,"4","GSTM2"
9.2816104664043e-229,0.369948552709096,0.341,0.067,1.91646692910316e-224,"4","C11orf80"
9.9203830404379e-229,0.34204633720394,0.523,0.138,2.04836069018962e-224,"4","OPTN"
3.62606965260003e-228,0.361900438223204,0.356,0.072,7.48710861868854e-224,"4","FTSJ1"
3.4844093670442e-227,0.57529803181415,0.327,0.062,7.19460846107286e-223,"4","PMVK"
4.59372461327793e-227,0.356552116562604,0.358,0.073,9.48512258149626e-223,"4","NDUFV3"
1.77343952202019e-225,0.557226495226435,0.337,0.066,3.66179792506728e-221,"4","SLC52A2"
1.55527672099289e-224,0.333633019418584,0.629,0.183,3.21133537350611e-220,"4","DNAJB11"
4.04722227246326e-224,0.420695723177323,0.352,0.072,8.35670454818215e-220,"4","GOLGA3"
9.09323738960105e-224,0.951401677255749,0.481,0.127,1.87757165620483e-219,"4","CD27"
1.81982769821615e-223,0.830252149320069,0.909,0.364,3.7575802312767e-219,"4","CUTA"
1.01250838377415e-222,0.373350243027661,0.326,0.063,2.09062731081687e-218,"4","FBH1"
5.20498036651693e-222,0.528812342351864,0.424,0.101,1.07472434607842e-217,"4","NEDD9"
2.17552867939012e-221,0.98651663382101,0.947,0.472,4.49203161720471e-217,"4","SEC61B"
5.26865978583234e-221,0.467121103117895,0.404,0.093,1.08787287257866e-216,"4","CEBPB"
1.08811194700469e-220,0.497229082244739,0.3,0.054,2.24673354817529e-216,"4","NME4"
1.23217158482822e-219,0.448799049001266,0.331,0.066,2.54418788835331e-215,"4","C16orf54"
1.56986478774692e-219,0.844371903347422,0.276,0.047,3.24145681373983e-215,"4","LAX1"
1.72470823462326e-219,0.374063076408385,0.431,0.103,3.5611775628501e-215,"4","DNPH1"
1.70330209561763e-218,0.364326580665447,0.396,0.09,3.51697816703128e-214,"4","CHMP2A"
2.13715389256119e-215,1.06875163362158,0.62,0.208,4.41279535736034e-211,"4","ATF3"
6.36261140273569e-215,0.561757315786751,0.346,0.073,1.31375200243686e-210,"4","GLRX5"
3.47919898709313e-212,0.518157520774107,0.808,0.275,7.1838500685499e-208,"4","DERL1"
1.78142922141346e-211,0.57595463270583,0.707,0.231,3.67829505637452e-207,"4","TXN"
7.20190792367259e-211,0.250143145465567,0.46,0.117,1.48704994807992e-206,"4","SLC25A39"
2.15046761676207e-210,0.288065279004126,0.296,0.055,4.44028553509033e-206,"4","YIPF6"
2.13274079650714e-209,0.329441359995844,0.734,0.237,4.40368319662793e-205,"4","ANXA5"
8.75334580354728e-209,0.73110030916296,0.278,0.05,1.80739084151644e-204,"4","GPR160"
3.47254701675596e-207,0.370827402091409,0.435,0.109,7.17011508019771e-203,"4","B4GALT3"
3.4658417540215e-206,0.271411173277348,0.712,0.225,7.15627005370359e-202,"4","AURKAIP1"
2.74974007171562e-205,0.745622299597767,0.363,0.083,5.67766330007842e-201,"4","APOBEC3C"
2.93269691702204e-205,4.77269290893075,0.265,0.048,6.05543259426711e-201,"4","IGKV1-6"
4.37103184517877e-204,0.767852741855108,0.261,0.045,9.02530655392513e-200,"4","FAM89B"
5.21049209576958e-204,0.355810210493187,0.742,0.242,1.0758624079345e-199,"4","DPP7"
1.29339535174393e-203,0.762543590263148,0.884,0.354,2.67060272228088e-199,"4","ARF4"
6.68267047136138e-203,0.342475180456802,0.58,0.182,1.3798377989267e-198,"4","MIR155HG"
9.84190950090553e-203,0.525456935785291,0.266,0.047,2.03215747374697e-198,"4","FAM98A"
1.69679252788873e-201,0.271517659729647,0.336,0.072,3.50353721158465e-197,"4","PGP"
8.19624250939107e-201,0.305812225112283,0.332,0.071,1.69236015333907e-196,"4","GGCX"
1.24177723720217e-200,0.283383536702855,0.301,0.059,2.56402163937505e-196,"4","C11orf24"
3.156194784575e-200,0.550647488559418,0.406,0.101,6.51691099119046e-196,"4","EHD1"
3.20921311201515e-199,3.08764601495227,0.424,0.13,6.62638323368887e-195,"4","IGLC2"
9.19137358043349e-198,0.454521973922114,0.818,0.289,1.89783481688791e-193,"4","DANCR"
1.30558704637147e-197,0.271576503361836,0.435,0.113,2.69577613334781e-193,"4","NDUFAF6"
2.08363130456327e-193,0.268050524703199,0.296,0.059,4.30228191766224e-189,"4","CYB561D2"
2.33604480718833e-192,0.387668577509862,0.745,0.251,4.82346531788247e-188,"4","TMED2"
6.57131530336176e-191,0.651378265029218,0.883,0.376,1.35684518383814e-186,"4","ELL2"
1.77491721299982e-190,0.572058078661208,0.328,0.073,3.66484906140203e-186,"4","TMEM140"
3.55427700077606e-190,0.373907127930912,0.341,0.078,7.33887115120241e-186,"4","NDUFB3"
1.78433912669501e-188,0.274469140779024,0.302,0.063,3.68430342879986e-184,"4","CALCOCO1"
1.09314166079589e-187,0.409905870500774,0.742,0.261,2.25711890121135e-183,"4","CFLAR"
1.31126899308503e-186,5.48310187656477,0.322,0.077,2.70750821692197e-182,"4","IGKV1-27"
3.03093984736806e-186,6.03415009202559,0.468,0.149,6.25828459684557e-182,"4","IGHV3-23"
2.37868576887751e-184,0.317414644046108,0.305,0.065,4.91151037557828e-180,"4","AC245014.3"
1.39886139565085e-182,0.403619308614663,0.261,0.05,2.88836900973988e-178,"4","SLC7A7"
1.09785160580841e-181,0.496727806886014,0.358,0.088,2.2668439956732e-177,"4","TMEM19"
1.4209242305296e-181,0.34876598281007,0.294,0.062,2.93392435119752e-177,"4","AIG1"
4.23081455006332e-180,0.639487464549113,0.797,0.324,8.73578588297075e-176,"4","LGALS1"
1.16365990580365e-179,0.564272809840962,0.258,0.049,2.40272497350338e-175,"4","UNC50"
1.18107242249424e-179,0.522202101304305,0.681,0.237,2.4386783379661e-175,"4","TOR3A"
3.19456836004099e-179,0.72878009575823,0.655,0.234,6.59614474981264e-175,"4","PNP"
5.49109647514129e-177,0.663594683714908,0.77,0.303,1.13380160018717e-172,"4","PIM2"
2.09380633690281e-175,0.396040469807715,0.257,0.05,4.32329132443691e-171,"4","TRADD"
8.62104006909899e-175,0.601537037306347,0.891,0.362,1.78007235346756e-170,"4","TMED10"
1.22816413597747e-172,0.674525320820898,0.863,0.36,2.53591330796627e-168,"4","RPN1"
1.58429900057952e-172,0.358649408889618,0.284,0.061,3.27126057639658e-168,"4","DESI1"
1.79247429974839e-171,0.26120259972864,0.275,0.058,3.70110093412048e-167,"4","GLRX2"
2.29057392354246e-171,0.60334699698865,0.868,0.36,4.72957703733048e-167,"4","UBE2J1"
9.63172460859795e-171,0.305043268162087,0.789,0.287,1.9887584971833e-166,"4","ATF4"
2.67203362376583e-169,0.508953968064652,0.829,0.316,5.51721502635169e-165,"4","PRELID1"
8.23741386262179e-169,0.342201695335212,0.744,0.282,1.70086121435415e-164,"4","LMNA"
2.34801698838334e-167,0.755106575724139,0.839,0.397,4.84818547761391e-163,"4","PELI1"
1.19587340083907e-165,0.395604073088597,0.369,0.098,2.46923939805252e-161,"4","AL133415.1"
2.17252316289797e-163,0.253504662346194,0.322,0.078,4.48582582675174e-159,"4","MED8"
1.78832632350256e-159,0.285528194751795,0.794,0.294,3.69253619276808e-155,"4","UFM1"
4.1766058036266e-155,4.49386927763339,0.799,0.348,8.6238556633282e-151,"4","IGLV3-1"
7.19848282348849e-154,0.336757971458853,0.291,0.07,1.4863427333939e-149,"4","TIMM8B"
5.1106253284733e-153,0.288662368270502,0.316,0.08,1.05524191782317e-148,"4","ITGB7"
2.31093797796517e-148,2.39750922651525,0.425,0.157,4.77162473690248e-144,"4","IGLC3"
1.38737608998281e-147,0.277444858129455,0.479,0.155,2.86465415059651e-143,"4","WARS"
3.32695479244436e-146,0.281937305133984,0.318,0.084,6.86949625543911e-142,"4","HIST1H2AG"
7.17523462615969e-146,0.317227377676843,0.824,0.321,1.48154244560945e-141,"4","NDUFA11"
1.29164152715435e-143,0.416769130994662,0.833,0.332,2.66698142526831e-139,"4","COX5A"
7.5632275214621e-138,0.606399976105458,0.278,0.07,1.5616552186315e-133,"4","ATF5"
2.97393092089649e-130,0.889682870220354,0.615,0.264,6.14057256546706e-126,"4","HSPA1B"
1.04034923254693e-129,0.370771538530128,0.873,0.373,2.1481130953629e-125,"4","SRPRA"
8.0718504206212e-129,5.89407353173021,0.3,0.088,1.66667567484986e-124,"4","AC233755.2"
8.65659614569294e-129,0.609840759182537,0.926,0.516,1.78741397216268e-124,"4","TENT5C"
9.43901341741351e-129,1.1193838403386,0.305,0.087,1.94896749042754e-124,"4","LINC01480"
2.72411655583504e-122,0.330393947389978,0.861,0.418,5.6247558644882e-118,"4","NEAT1"
2.50598480424965e-120,5.37978483948591,0.305,0.092,5.17435742381467e-116,"4","IGHV3-33"
3.25086133650373e-117,0.594734334427399,0.868,0.454,6.71237848761289e-113,"4","CDKN1A"
3.56939424016513e-114,0.294229624954113,0.875,0.388,7.37008522709296e-110,"4","CD63"
7.02405029730661e-111,2.45565098783964,0.262,0.076,1.45032590538787e-106,"4","IGHV3-48"
9.2119004514229e-107,0.582913760044461,0.844,0.411,1.9020732052098e-102,"4","TPM4"
1.65563167317678e-102,3.64950351898025,0.425,0.175,3.41854827877542e-98,"4","IGKV1-17"
1.05396030160685e-100,0.316385870914821,0.783,0.358,2.17621723075782e-96,"4","RAB30"
2.12454909071144e-97,0.603579989958368,0.561,0.249,4.38676896250098e-93,"4","GLA"
6.96427738061518e-95,0.536933412050411,0.471,0.189,1.43798399354942e-90,"4","INSIG1"
1.18541945642234e-91,0.710157178338405,0.973,0.754,2.44765409362085e-87,"4","VIM"
4.52967276634196e-89,2.999183554487,0.393,0.18,9.35286832794288e-85,"4","IGHG2"
2.55796325044176e-88,0.534259101427234,0.499,0.221,5.28168251951214e-84,"4","HSPB1"
1.11850045974515e-86,0.474119417239766,0.374,0.147,2.30947974928179e-82,"4","DUSP4"
6.77794639554888e-83,5.21181210404346,0.354,0.136,1.39951037175293e-78,"4","IGHV3-74"
3.81418577986163e-80,0.433343381431954,0.949,0.59,7.87553079825828e-76,"4","SELENOK"
4.77326051446035e-78,0.42695039953582,0.272,0.095,9.85582831025774e-74,"4","AL627171.2"
4.65083662469027e-77,4.34652827489463,0.405,0.174,9.60304746266047e-73,"4","IGHV3-7"
1.59274307691055e-66,0.452180587090459,0.896,0.478,3.2886959052049e-62,"4","SUB1"
3.71856909433481e-63,0.379123503291159,0.616,0.297,7.67810146598252e-59,"4","EIF4E"
2.73970755561158e-61,5.19350269644836,0.563,0.298,5.65694816082679e-57,"4","IGHV3-30"
5.16223774791565e-58,4.8201572298637,0.336,0.149,1.06589885018962e-53,"4","IGKV1-16"
1.42656961768321e-56,0.305097876215598,0.887,0.511,2.9455809465923e-52,"4","UBALD2"
5.46586194503701e-56,0.861161109045577,0.428,0.225,1.12859117441124e-51,"4","HSPA1A"
6.29512162635734e-56,0.37586385034351,0.964,0.665,1.29981671341026e-51,"4","SERP1"
1.34291542652306e-55,4.59446638857147,0.326,0.15,2.77285177268482e-51,"4","IGLV2-8"
1.38948464920513e-54,0.347463414011094,0.989,0.874,2.86900790367875e-50,"4","CYBA"
2.47351532678286e-53,4.00969451957021,0.417,0.215,5.10731444674124e-49,"4","IGKV1-9"
6.53328560539258e-53,0.275204186333304,0.928,0.543,1.34899281180146e-48,"4","OST4"
1.02368646604907e-48,5.46914374667011,0.31,0.139,2.11370781509812e-44,"4","IGHV3-11"
3.36133520126843e-47,3.90622929596256,0.388,0.185,6.94048492357905e-43,"4","IGHV3-21"
3.31035213152006e-46,4.5222173337164,0.514,0.285,6.83521508116263e-42,"4","IGLV2-11"
3.84433015287049e-42,5.70359700934593,0.412,0.225,7.93777289964699e-38,"4","IGHV1-18"
6.05814507628652e-40,0.28605272331622,0.973,0.9,1.25088579535164e-35,"4","FOS"
2.64836444647357e-35,2.3273661510742,0.663,0.523,5.46834290907864e-31,"4","IGHM"
1.23491912702213e-34,5.28018262583591,0.48,0.273,2.54986101347529e-30,"4","IGHV7-4-1"
1.41195631834499e-28,5.02261281486468,0.374,0.209,2.91540740611873e-24,"4","IGHV1-2"
9.71130225222789e-26,5.6393500797413,0.295,0.164,2.00518968904002e-21,"4","IGHV1-46"
1.09156445644886e-25,5.25565488687045,0.395,0.231,2.25386228967562e-21,"4","IGLV2-23"
2.53638057756018e-25,0.283054249207803,0.942,0.697,5.23711861654626e-21,"4","SQSTM1"
7.86232262969566e-22,5.73703880446864,0.302,0.176,1.62341237657956e-17,"4","IGLV1-44"
1.31869935368054e-20,4.52763052892848,0.268,0.156,2.72285042547957e-16,"4","IGHV4-39"
1.64587155178021e-18,3.96757228828589,0.697,0.476,3.39839558011577e-14,"4","IGKV3-11"
9.3460279654514e-17,4.71924390850011,0.81,0.69,1.9297678543064e-12,"4","IGLV2-14"
1.71657395264721e-12,0.444478729738268,0.279,0.179,3.54438189742596e-08,"4","IGHV4-31"
1.91506571546786e-11,2.87769209825183,0.514,0.373,3.95422768929804e-07,"4","IGHA1"
3.88079578406797e-09,3.57741170542098,0.729,0.551,8.01306713494356e-05,"4","IGKV1-5"
4.14302276126068e-08,4.05544829111661,0.355,0.234,0.000855451339745105,"4","IGLV1-40"
1.61978341722807e-07,4.23816930877106,0.753,0.568,0.00334452879989252,"4","IGKV3-20"
1.16912003267084e-05,4.53509751148109,0.477,0.321,0.241399904345874,"4","IGLV1-51"
0.000236172071134678,4.93789548108643,0.4,0.293,1,"4","IGHV4-34"
0.000272473161890363,4.41427559516979,0.559,0.377,1,"4","IGLV3-21"
3.38956968973743e-224,1.17576287698139,1,0.997,6.99878349536985e-220,"5","MALAT1"
5.00414970514276e-209,2.60056040761555,0.876,0.602,1.03325683111788e-204,"5","SIPA1L1"
3.13159881537848e-161,1.3201889290159,0.99,0.98,6.46612523399348e-157,"5","MT-CO1"
2.4646865101152e-135,2.29078997108051,0.772,0.524,5.08908470608587e-131,"5","ANKRD44"
3.38308154807387e-134,2.48561887621478,0.747,0.478,6.98538678046293e-130,"5","DENND4A"
5.1073520016293e-128,1.86037151634468,0.871,0.757,1.05456604129642e-123,"5","SMCHD1"
1.14956513934773e-121,1.20954107384768,0.977,0.959,2.37362209972519e-117,"5","MT-CO2"
5.01381315035023e-121,2.95803290283807,0.633,0.318,1.03525213928432e-116,"5","LINC01619"
2.45747083215286e-119,2.43671988187986,0.729,0.485,5.07418577422922e-115,"5","SIK3"
5.27819941955027e-115,1.26380313398368,0.943,0.938,1.08984261614874e-110,"5","MT-CYB"
1.69441181110276e-111,3.02008419182422,0.628,0.331,3.49862150756499e-107,"5","EBF1"
9.270753041828e-109,3.0808568282581,0.528,0.22,1.91422508807664e-104,"5","PRKCE"
2.18129207548116e-108,1.24696996683397,0.951,0.926,4.50393187745351e-104,"5","MT-CO3"
1.19681978497555e-106,2.36188938683211,0.777,0.579,2.47119349201751e-102,"5","BACH2"
5.19256029271721e-104,1.27129658921231,0.92,0.888,1.07215984924025e-99,"5","MT-ND4L"
9.86028529084862e-97,2.49524699667933,0.625,0.365,2.03595170685442e-92,"5","BRAF"
1.66559336501005e-96,1.76712675059156,0.774,0.643,3.43911718007276e-92,"5","ANKRD12"
7.16673705016972e-87,2.66316021413394,0.529,0.264,1.47978786611904e-82,"5","PAN3"
3.98624536628774e-86,2.04947031291405,0.687,0.492,8.23079943231093e-82,"5","CDC42SE2"
7.74967348342309e-86,2.32722141641856,0.655,0.422,1.6001525808572e-81,"5","AFF3"
1.54919045019611e-82,1.23427094386637,0.886,0.869,3.19876844156492e-78,"5","MT-ATP6"
4.73697748982504e-81,1.22250195632762,0.893,0.88,9.78091112099075e-77,"5","MT-ND3"
4.97000524658095e-80,2.24592251412768,0.643,0.429,1.02620668331403e-75,"5","ARIH1"
2.19516636268881e-78,2.24335568220467,0.655,0.47,4.53257950567985e-74,"5","SSH2"
8.67314022716637e-78,1.25703102866306,0.848,0.819,1.79082999410531e-73,"5","MT-ND5"
4.3962204911115e-76,1.2490930359908,0.851,0.811,9.07731607004704e-72,"5","MT-ND1"
7.00201773291311e-76,1.51276563360347,0.802,0.762,1.4457766214919e-71,"5","CD44"
6.22439427027368e-75,1.31906956276184,0.854,0.814,1.28521292892611e-70,"5","MT-ND4"
1.83173598716543e-74,2.33254606996743,0.601,0.399,3.78216846629918e-70,"5","TMEM131"
2.24425398016447e-72,1.68788289805575,0.709,0.594,4.6339356182436e-68,"5","PRDM2"
1.58948654243666e-71,2.00224615133581,0.69,0.576,3.28197181282321e-67,"5","ATP2B1"
2.61913460004844e-71,0.95432356772647,0.955,0.87,5.40798912218001e-67,"5","CD83"
9.59395260093123e-70,2.20228228907927,0.598,0.384,1.98095933304028e-65,"5","ARHGAP24"
8.52187810524827e-69,1.1632546570638,0.841,0.804,1.75959739117166e-64,"5","MT-ND2"
3.5490304010214e-68,2.51412459034221,0.494,0.259,7.32803797202898e-64,"5","USP24"
2.01566605508433e-67,2.16759055899689,0.618,0.426,4.16194727053812e-63,"5","PLEKHG1"
2.85067873140618e-67,2.34184647461166,0.601,0.414,5.88608144460749e-63,"5","RABGAP1L"
9.01509989349666e-67,2.39768424440248,0.534,0.315,1.86143782600919e-62,"5","STAG1"
1.16304518144603e-66,2.3856669086241,0.533,0.306,2.40145569064976e-62,"5","PDE7A"
5.68781622187526e-66,1.07030337256364,0.894,0.893,1.1744202934928e-61,"5","MTRNR2L12"
3.35087750877945e-65,1.77483689949878,0.707,0.618,6.91889188012781e-61,"5","MBNL1"
5.29642555093652e-65,2.63918740725075,0.461,0.23,1.09360594775737e-60,"5","ZSWIM6"
1.11319523872287e-64,2.63648560222411,0.489,0.267,2.29852552891498e-60,"5","ZFAND3"
3.50780276372151e-64,1.72764778827652,0.71,0.615,7.24291114653218e-60,"5","ADAM28"
7.44120232073784e-64,1.98820329840935,0.645,0.503,1.53645945518595e-59,"5","JMJD1C"
1.08370706928694e-63,1.50929438362818,0.762,0.728,2.23763835666367e-59,"5","PTPRC"
1.32772907392424e-63,2.55862973087194,0.454,0.229,2.74149499183876e-59,"5","FBXO11"
2.35197383122526e-63,1.34346660663061,0.777,0.724,4.85635556671392e-59,"5","KMT2E"
3.77673581230688e-63,2.28755727346802,0.601,0.429,7.79820410525125e-59,"5","ARHGAP15"
9.91362585130897e-63,2.40541151677128,0.538,0.342,2.04696546577828e-58,"5","KMT2C"
1.78539182159404e-62,2.24585429344761,0.568,0.376,3.68647703322737e-58,"5","ELMO1"
6.13238863764133e-62,1.91243951479499,0.633,0.484,1.26621560590018e-57,"5","USP34"
9.36882603621937e-62,2.06817039080326,0.605,0.433,1.93447519995858e-57,"5","TNRC6B"
1.27873796795467e-61,1.4294101714686,0.75,0.686,2.6403381562328e-57,"5","LYN"
2.78111123284275e-61,2.81762938725824,0.429,0.209,5.74243847357371e-57,"5","BTBD9"
3.81914412246017e-61,2.26977079243184,0.529,0.326,7.88576878405576e-57,"5","NFAT5"
1.77492958830664e-58,2.53902737170374,0.454,0.244,3.66487461393554e-54,"5","TRIO"
1.86030127546241e-58,1.66731644814003,0.675,0.567,3.84115007357478e-54,"5","TUT4"
7.23077535998717e-58,1.95497418610748,0.611,0.468,1.49301049633015e-53,"5","MYCBP2"
2.64631159320058e-57,2.59902790108302,0.441,0.23,5.46410417764055e-53,"5","AKT3"
4.01477504596509e-57,2.58031467920387,0.464,0.249,8.28970751490871e-53,"5","MGAT5"
6.05436503686664e-57,1.91298110419838,0.618,0.464,1.25010529281222e-52,"5","NEAT1"
1.11527464972448e-55,1.73929013878277,0.648,0.546,2.3028190967511e-51,"5","BACH1"
1.14917245093296e-55,1.76674404288096,0.658,0.545,2.37281127668638e-51,"5","RASGEF1B"
1.22067161409501e-55,2.15615670775019,0.563,0.395,2.52044274878339e-51,"5","ZBTB20"
1.22744724055459e-55,1.83216402518331,0.652,0.552,2.53443306229712e-51,"5","AKAP13"
1.89469523959666e-55,1.68809879540069,0.665,0.556,3.91216673071919e-51,"5","EML4"
2.93354591491849e-54,2.69468356184577,0.427,0.222,6.0571856051237e-50,"5","RFX3"
1.17515190009218e-53,2.5599714874464,0.436,0.231,2.42645364331033e-49,"5","KDM6A"
9.81348430758876e-53,2.29984268997636,0.504,0.309,2.02628823983093e-48,"5","ZEB2"
9.9803679403448e-53,2.47048058984639,0.457,0.263,2.06074637232239e-48,"5","ARID1B"
1.12631304361603e-52,1.94348967663816,0.583,0.422,2.32561117245839e-48,"5","PIKFYVE"
6.4555976824086e-52,1.49449597300221,0.662,0.572,1.33295180946373e-47,"5","USP15"
3.237403674425e-51,2.67982860394665,0.392,0.194,6.68459110695275e-47,"5","ARID2"
1.44798631896244e-50,1.91231938758316,0.568,0.417,2.98980215139364e-46,"5","NIPBL"
2.13026756027568e-50,2.06419557671213,0.546,0.379,4.39857645845723e-46,"5","ASH1L"
1.00585817173218e-49,1.48202426074445,0.724,0.674,2.07689595299261e-45,"5","BANK1"
2.50261686575441e-49,1.6100278489157,0.645,0.54,5.16740330440971e-45,"5","SNX9"
6.43885435780149e-49,1.2498002304198,0.757,0.743,1.32949464779885e-44,"5","ARID5B"
1.99770503060854e-48,2.90666204069947,0.333,0.148,4.1248613472005e-44,"5","DLEU2"
9.13284795419603e-48,1.9588271920323,0.561,0.416,1.8857504455824e-43,"5","SLC38A1"
1.45595201413147e-47,2.20894824058773,0.523,0.367,3.00624971877866e-43,"5","CDK14"
2.75643424570359e-47,2.95140741831833,0.29,0.115,5.69148543052877e-43,"5","AUTS2"
1.0684580435776e-46,1.79385238061354,0.637,0.55,2.20615216837904e-42,"5","ADGRE5"
1.74834681796555e-46,2.2473550346395,0.486,0.311,3.60998650973527e-42,"5","ZHX2"
2.17866178851191e-46,2.4909443552326,0.415,0.229,4.49850086091938e-42,"5","HERC1"
2.71421336674368e-46,2.35481857082532,0.464,0.286,5.60430775965234e-42,"5","RALGAPA1"
1.77526044401385e-45,1.60847703469372,0.625,0.528,3.66555776479979e-41,"5","ITSN2"
1.91834408272453e-45,2.43585679241977,0.447,0.269,3.9609968620096e-41,"5","MED13L"
3.7310198736937e-43,3.22992203313275,0.251,0.093,7.70380983520275e-39,"5","ST6GALNAC3"
1.98795948901797e-42,1.64244715016012,0.638,0.541,4.1047387529243e-38,"5","FOXP1"
2.12889814121092e-42,2.38673423897151,0.4,0.223,4.39574888197231e-38,"5","LRBA"
2.82255565686806e-42,1.75177767645186,0.586,0.475,5.82801292030117e-38,"5","NCOA3"
3.33671146418114e-42,2.68117589887018,0.308,0.137,6.88964183124121e-38,"5","PTBP2"
3.52096747642989e-42,2.50089418773796,0.38,0.206,7.27009364533244e-38,"5","COP1"
7.61137360571023e-42,1.15595204485988,0.705,0.68,1.57159642210705e-37,"5","ELF1"
1.64397043194376e-41,2.14276346328491,0.467,0.304,3.39447014787748e-37,"5","UTRN"
2.03005722153798e-41,2.51902056428742,0.365,0.191,4.19166215103163e-37,"5","VPS13B"
4.16727287727671e-40,2.32505031996907,0.452,0.294,8.60458503700096e-36,"5","CAMK1D"
7.51840782372843e-40,2.1724496356705,0.427,0.258,1.55240084744345e-35,"5","UBR5"
9.19453349730866e-40,2.09147539236865,0.496,0.34,1.89848727652429e-35,"5","INPP5D"
1.53802374147913e-39,2.46490179696997,0.377,0.208,3.17571142140611e-35,"5","PICALM"
2.98109226285096e-39,1.9573237726455,0.464,0.306,6.15535930433466e-35,"5","BIRC6"
3.76010489788283e-39,1.56734203091844,0.603,0.514,7.76386459314847e-35,"5","MAP4K4"
6.19559227676008e-39,2.38750441164967,0.375,0.203,1.27926589330542e-34,"5","DYRK1A"
8.36983330305808e-39,2.05676215791905,0.516,0.392,1.72820318041543e-34,"5","MEF2A"
1.17057320010499e-38,2.48921022681877,0.338,0.171,2.41699954357678e-34,"5","CLASP2"
1.61629663419318e-38,2.14045485368023,0.469,0.324,3.33732929028208e-34,"5","MARCH6"
2.15942655229783e-38,2.26639635046718,0.42,0.257,4.45878394518457e-34,"5","ATP11B"
2.30704624219979e-38,1.71162608088466,0.611,0.556,4.76358908089412e-34,"5","CHD2"
4.55833052886743e-38,2.26694580188303,0.414,0.252,9.41204087600548e-34,"5","TBC1D22A"
6.18833617943382e-38,2.26345921299288,0.441,0.284,1.27776765432949e-33,"5","TBC1D5"
1.53622160006969e-37,1.54237684909552,0.603,0.527,3.1719903598239e-33,"5","ANKRD11"
2.47554871415362e-37,1.47324921811885,0.65,0.627,5.1115129849844e-33,"5","FNBP1"
2.83878092568899e-37,2.58400493776215,0.348,0.185,5.86151485536262e-33,"5","XIST"
1.19887861767176e-36,2.15345772488672,0.372,0.203,2.47544456976865e-32,"5","TMEM131L"
2.38809020637941e-36,2.69562632907046,0.3,0.142,4.9309286581322e-32,"5","SLC12A6"
2.63199268175414e-36,2.60427288788298,0.271,0.119,5.43453848928594e-32,"5","GRK3"
3.21612198813536e-36,2.62764306494791,0.258,0.109,6.6406486811019e-32,"5","UST"
9.35159552862102e-36,1.39715716123034,0.685,0.678,1.93091744474967e-31,"5","RALGPS2"
3.13417709402705e-35,2.02250518546377,0.456,0.307,6.47144886374704e-31,"5","RERE"
3.56850351353382e-35,2.34123837367612,0.382,0.223,7.36824605474463e-31,"5","MKLN1"
4.75955781645276e-35,2.42616208810633,0.367,0.211,9.82753497941165e-31,"5","ERC1"
2.99205855762776e-34,2.31864341131411,0.377,0.221,6.17800250978981e-30,"5","PACS1"
4.03134995535439e-34,2.47134019371819,0.367,0.213,8.32393138781573e-30,"5","RAPGEF2"
5.06347211753323e-34,1.03652478365131,0.702,0.702,1.04550572282826e-29,"5","STK4"
6.52717665649805e-34,2.05452194946825,0.474,0.347,1.34773143603372e-29,"5","TRAF3"
1.45533569948731e-33,2.2276398760868,0.39,0.239,3.0049771523014e-29,"5","USP9X"
1.8388674955361e-33,2.19945883871449,0.415,0.266,3.79689360478295e-29,"5","AC120193.1"
5.5275711378607e-33,2.47216451146255,0.302,0.151,1.14133288854548e-28,"5","DOCK11"
9.26776117407994e-33,2.35634361127148,0.337,0.183,1.91360732722403e-28,"5","SPIDR"
1.26704946572319e-32,2.22268769713304,0.385,0.235,2.61620373682523e-28,"5","FRYL"
2.08089457072183e-32,2.08497260717712,0.417,0.271,4.29663110962643e-28,"5","RAPGEF6"
2.67558393495601e-32,1.70139635166617,0.543,0.449,5.52454570889718e-28,"5","RAPGEF1"
2.99722017821239e-32,2.43483422575749,0.357,0.208,6.18866022397295e-28,"5","SIPA1L3"
5.13816221746979e-32,2.68515494919381,0.296,0.149,1.06092773466316e-27,"5","NCOA1"
5.29685060648631e-32,1.70574393777281,0.556,0.444,1.09369371322729e-27,"5","SESN3"
6.73898874716717e-32,1.59398574994559,0.559,0.465,1.39146639651508e-27,"5","NFKB1"
1.09926228698361e-31,2.69661259577582,0.258,0.118,2.26975677016376e-27,"5","KLF12"
2.42879520582896e-31,1.90292171444305,0.533,0.442,5.01497634099563e-27,"5","BCL2"
2.74978021895791e-31,2.26872644788692,0.317,0.165,5.6777461961043e-27,"5","ITPR1"
2.78738603126458e-31,2.20945279240132,0.441,0.313,5.75539467735511e-27,"5","ZEB1"
2.793639322361e-31,1.58296600883512,0.573,0.52,5.76830647281099e-27,"5","LMBRD1"
4.71574393796467e-31,1.78687433703992,0.477,0.365,9.73706808310945e-27,"5","PHIP"
6.67142946273311e-31,1.51721368350238,0.554,0.474,1.37751675546513e-26,"5","ARID4B"
7.54698047109419e-31,2.83082873949892,0.409,0.268,1.55830052767153e-26,"5","CMSS1"
1.13689991718273e-30,2.07188913146308,0.402,0.259,2.34747094899891e-26,"5","PUM2"
3.29188065671495e-30,2.51558245611727,0.268,0.129,6.79707517998503e-26,"5","DIP2B"
3.45886540671649e-30,1.24255700238424,0.638,0.601,7.14186529178821e-26,"5","SP100"
5.28819632712962e-30,2.01682496109728,0.432,0.3,1.09190677762572e-25,"5","SNED1"
6.72398062861355e-30,2.86960442093302,0.317,0.174,1.38836752019613e-25,"5","CCSER1"
6.81389276502816e-30,2.29061321300938,0.382,0.241,1.40693257812302e-25,"5","INPP5A"
7.02968887595284e-30,1.52462774580539,0.553,0.482,1.45149015910674e-25,"5","SCAF11"
9.42301410072031e-30,2.69643917941452,0.291,0.149,1.94566395151673e-25,"5","IMMP2L"
1.26998739594816e-29,1.75603965942721,0.497,0.39,2.62226997515376e-25,"5","UVRAG"
2.39862211709101e-29,2.10394248420586,0.369,0.229,4.95267494736951e-25,"5","TET2"
2.43997673388695e-29,2.15847095395351,0.39,0.253,5.03806396012977e-25,"5","JAZF1"
2.64625960298603e-29,2.06210158123426,0.395,0.259,5.46399682824556e-25,"5","RGPD2"
3.56338119227455e-29,1.79676400003159,0.501,0.409,7.35766948580849e-25,"5","USP3"
5.20734123962972e-29,2.51948748203702,0.298,0.159,1.07521181915874e-24,"5","LCORL"
1.17997586569883e-28,2.27861563966902,0.382,0.247,2.43641416749494e-24,"5","CCDC91"
2.37323850220156e-28,0.902017515384201,0.729,0.709,4.90026285934578e-24,"5","REL"
2.43596774170842e-28,2.35726858007928,0.286,0.148,5.02978619307955e-24,"5","FAM172A"
2.70083824179103e-28,2.17746075136909,0.363,0.223,5.57669080165012e-24,"5","TCF12"
3.15124797227192e-28,2.24310760450157,0.317,0.174,6.50669681314706e-24,"5","RNF38"
6.74107082927648e-28,2.78312576307319,0.268,0.136,1.39189630482901e-23,"5","AC016831.7"
9.62609832487748e-28,2.00243919335501,0.419,0.296,1.9875967821207e-23,"5","PPP3CA"
1.17875909995595e-27,2.26175765088521,0.352,0.216,2.43390178958905e-23,"5","FNIP1"
1.26412449027188e-27,1.39411358065378,0.576,0.524,2.61016424751338e-23,"5","CHD1"
2.02474382680855e-27,1.71419362460662,0.467,0.357,4.18069105359429e-23,"5","PARP14"
2.03297433446016e-27,2.41920708199099,0.281,0.148,4.19768540579335e-23,"5","XPR1"
2.10106607805143e-27,1.971500196672,0.419,0.298,4.33828123796059e-23,"5","FBXW11"
2.2427794557083e-27,1.15142844985709,0.642,0.61,4.63089102014649e-23,"5","LRRFIP1"
3.31422770811966e-27,2.2093905950452,0.362,0.22,6.84321737172548e-23,"5","INPP5F"
4.13447106518414e-27,2.58719435171306,0.28,0.148,8.53685585539222e-23,"5","FBXL17"
1.07387053205023e-26,1.98587180637259,0.414,0.295,2.21732787457731e-22,"5","SRPK2"
1.42059786436488e-26,1.76780879596011,0.447,0.337,2.9332504703406e-22,"5","ZNF644"
1.92923948260377e-26,2.12988147551026,0.353,0.222,3.98349368368027e-22,"5","ANKRD17"
2.86894818804175e-26,2.3252650683261,0.355,0.225,5.92380421866861e-22,"5","UBE2E2"
3.1009109103289e-26,2.31228085904471,0.288,0.154,6.40276084764711e-22,"5","ATAD2B"
5.277554097988e-26,2.09919196213427,0.335,0.202,1.08970937015256e-21,"5","RPS6KA5"
7.41114913788214e-26,1.79894424527377,0.496,0.412,1.5302540739899e-21,"5","EIF2AK3"
8.54790527502839e-26,1.72540567527377,0.513,0.442,1.76497148118786e-21,"5","GLS"
1.42827344018704e-25,2.02032415680067,0.367,0.239,2.94909899929821e-21,"5","SNX25"
1.85987969791344e-25,1.84477275154667,0.439,0.328,3.84027960025167e-21,"5","SMG1"
1.9560461714372e-25,2.21153652866078,0.345,0.215,4.03884413478353e-21,"5","RICTOR"
2.10283462634483e-25,2.10716414338812,0.399,0.282,4.3419329364768e-21,"5","FAM214A"
3.38788781498226e-25,2.1733345548354,0.305,0.175,6.99531076037536e-21,"5","PTK2"
4.00401803202813e-25,2.52709164521472,0.286,0.158,8.26749643253169e-21,"5","CDKAL1"
4.41604222819343e-25,2.11346560039549,0.337,0.207,9.1182439927738e-21,"5","GATAD2B"
5.0425921767605e-25,2.12625522958472,0.347,0.219,1.04119443265751e-20,"5","TASOR2"
5.22851490364013e-25,2.15184286728307,0.347,0.219,1.07958375730361e-20,"5","TRPM7"
5.3869875086102e-25,1.68401252809871,0.469,0.369,1.11230518077783e-20,"5","ATF7IP"
5.91204177317998e-25,1.63359115190021,0.504,0.435,1.2207183853262e-20,"5","CYTH1"
1.12111064418503e-24,1.56166650506314,0.556,0.525,2.31486925811325e-20,"5","FAM49A"
1.13507270702102e-24,2.16764208487523,0.352,0.226,2.343698125457e-20,"5","NEK7"
1.21488995781786e-24,1.05068539746676,0.714,0.784,2.50850478490232e-20,"5","CD55"
1.27216380031671e-24,2.20768291047656,0.29,0.162,2.62676381489393e-20,"5","ERBIN"
1.65813593070715e-24,2.29259323213599,0.3,0.172,3.42371906972412e-20,"5","ZDHHC20"
1.70839615075682e-24,1.90421218948538,0.389,0.268,3.52749637208268e-20,"5","GPCPD1"
2.13688293023446e-24,1.74987713910742,0.434,0.331,4.41223587434811e-20,"5","OGA"
2.48511720815299e-24,1.52602458387004,0.546,0.495,5.1312700113943e-20,"5","ST6GAL1"
2.86748628349355e-24,2.08959346449633,0.296,0.168,5.92078567815748e-20,"5","NUP153"
4.1613099336271e-24,1.9366895512838,0.434,0.327,8.59227275095323e-20,"5","QKI"
5.81548801428418e-24,1.70530433306604,0.449,0.335,1.2007819651894e-19,"5","RIPOR2"
9.80617729955052e-24,1.95693498762041,0.365,0.243,2.02477948881119e-19,"5","EIF4G3"
1.16118898906522e-23,2.24894114384556,0.332,0.207,2.39762302462187e-19,"5","PARP8"
1.42209112757512e-23,2.08895289605236,0.318,0.193,2.93633376021711e-19,"5","PEAK1"
1.85041162321818e-23,2.03947083077861,0.404,0.298,3.82072991962089e-19,"5","MAPK8"
3.81006079449345e-23,2.06116711237866,0.31,0.185,7.86701352847007e-19,"5","LCOR"
4.14234700123648e-23,1.97969545089467,0.374,0.257,8.55311808815309e-19,"5","KAT6A"
6.16742568209042e-23,1.72754516302076,0.454,0.352,1.27345005483803e-18,"5","ZMYM2"
7.26386880522994e-23,1.90641402935881,0.369,0.248,1.49984363090388e-18,"5","MAP3K1"
8.97424196712693e-23,1.82764680105924,0.461,0.373,1.85300148137237e-18,"5","ADK"
1.19664843978226e-22,1.8655444547282,0.347,0.225,2.47083969846241e-18,"5","LPP"
2.4058768388134e-22,1.79489014692242,0.385,0.275,4.96765449678191e-18,"5","PPP1R16B"
3.10277160584843e-22,1.57935939013214,0.491,0.426,6.40660281175583e-18,"5","TANK"
5.11755679849562e-22,1.87203521141977,0.4,0.297,1.05667312775338e-17,"5","TTC17"
6.70189833871645e-22,1.76549237018376,0.412,0.31,1.38380796897817e-17,"5","PIAS1"
1.30775286590626e-21,1.95302595868907,0.384,0.279,2.70024811752325e-17,"5","ATM"
1.64806246179663e-21,2.48003032302488,0.253,0.139,3.40291937111768e-17,"5","MED13"
1.70850603183449e-21,2.37066399541,0.315,0.202,3.52772325453185e-17,"5","EXOC4"
1.82648581579494e-21,1.70085605833256,0.439,0.347,3.77132791245339e-17,"5","ZNF292"
2.22374018961605e-21,2.04844681244495,0.389,0.287,4.59157874351923e-17,"5","HIVEP2"
2.46275774777454e-21,1.16921506900264,0.595,0.604,5.08510219760486e-17,"5","PRRC2C"
3.85461212976213e-21,2.00747450852935,0.358,0.244,7.95900312553285e-17,"5","WASHC4"
4.85242207964821e-21,2.15056469304331,0.281,0.163,1.00192811100576e-16,"5","USP6NL"
7.25750968581571e-21,1.9775439909754,0.352,0.24,1.49853059992723e-16,"5","CNOT6L"
1.27521803412783e-20,2.19802891409322,0.258,0.144,2.63307019686715e-16,"5","KANSL1"
1.28163632788894e-20,1.85490436625557,0.397,0.301,2.64632268982508e-16,"5","FNDC3A"
1.7437077710108e-20,2.3430985053808,0.328,0.219,3.60040780558311e-16,"5","MYO1D"
1.80455193105983e-20,1.58160259513011,0.487,0.442,3.72603882725234e-16,"5","SLC38A2"
1.88589904761671e-20,1.88522656652898,0.395,0.295,3.89400435351899e-16,"5","USP47"
3.61561314826047e-20,1.58043140642083,0.477,0.413,7.46551802852821e-16,"5","MAP3K2"
3.64950623377759e-20,2.158326092173,0.39,0.295,7.53550047150396e-16,"5","ITPR2"
4.29003592198427e-20,0.820403008495339,0.732,0.732,8.85806617171311e-16,"5","MS4A1"
7.12899964775038e-20,1.47037189531749,0.487,0.417,1.4719958472675e-15,"5","RAB11FIP1"
8.27114308536168e-20,2.12055934189515,0.325,0.215,1.70782562426548e-15,"5","DYM"
1.15800848447046e-19,1.56312735864064,0.464,0.389,2.39105591873462e-15,"5","BPTF"
1.26919039565556e-19,1.77863904194983,0.414,0.323,2.6206243289496e-15,"5","HIVEP1"
1.67418084088146e-19,1.97691610900763,0.343,0.238,3.45684860025203e-15,"5","MAN2A1"
2.28829510924218e-19,1.95123793292155,0.369,0.27,4.72487174156326e-15,"5","CDK13"
3.1767625715409e-19,0.922612028740931,0.719,0.755,6.55937935771765e-15,"5","SLC2A3"
3.50930576619806e-19,2.00757693778087,0.315,0.208,7.24601454604576e-15,"5","SEC24B"
4.4754449240074e-19,1.92307248161057,0.308,0.199,9.24089867909048e-15,"5","ARFGEF1"
4.86693829996394e-19,2.04962714589898,0.303,0.193,1.00492542017655e-14,"5","CREBBP"
5.67761967430464e-19,1.77560829063127,0.41,0.322,1.17231491035042e-14,"5","MTMR6"
7.21716865906818e-19,2.2498261230184,0.268,0.161,1.4902009847244e-14,"5","ANTXR2"
8.18664053211987e-19,1.43943632819827,0.575,0.598,1.69037753707211e-14,"5","GNG7"
1.55365458193526e-18,2.17600574667682,0.29,0.184,3.20798598077993e-14,"5","TBL1XR1"
1.88072778352088e-18,1.85653948186775,0.369,0.27,3.88332672741392e-14,"5","REV3L"
2.67529199591665e-18,1.96213204501087,0.325,0.221,5.52394291316869e-14,"5","TRAK1"
3.07094982508449e-18,1.83142599169153,0.407,0.325,6.34089719883446e-14,"5","CNOT2"
3.12625763882802e-18,2.33345616914448,0.271,0.168,6.4550967726521e-14,"5","SOS1"
3.19215889640664e-18,1.6663750612132,0.436,0.36,6.59116968930044e-14,"5","VPS13C"
4.42075590954345e-18,1.81479798561778,0.374,0.277,9.12797680202531e-14,"5","KDM4C"
5.57726924609472e-18,1.07969596696603,0.58,0.597,1.15159455393364e-13,"5","CCNL1"
7.78376906171877e-18,1.68852174103282,0.436,0.365,1.60719263586369e-13,"5","FCHSD2"
9.95967214042208e-18,1.95176954999173,0.281,0.175,2.05647310355435e-13,"5","CARD11"
1.43986258369397e-17,1.9900603050985,0.382,0.301,2.9730282628113e-13,"5","FBXW7"
1.74947142148044e-17,2.00434686411973,0.347,0.253,3.6123085910728e-13,"5","BTAF1"
1.80767947712911e-17,1.50885593200587,0.422,0.338,3.73249658437619e-13,"5","PARP15"
1.82783872300295e-17,1.86482941582204,0.345,0.25,3.7741213952565e-13,"5","WNK1"
2.149415694984e-17,2.14753828105735,0.273,0.169,4.43811352700296e-13,"5","SAMD8"
2.40529945295606e-17,2.15557729427813,0.283,0.18,4.96646231046368e-13,"5","JARID2"
2.90760604422687e-17,1.90914191481251,0.313,0.212,6.00362496011965e-13,"5","TRIP12"
3.41449007401723e-17,2.26721689841444,0.266,0.166,7.05023910483077e-13,"5","COG5"
3.46289380927894e-17,1.59692334692358,0.412,0.332,7.15018313739915e-13,"5","RLF"
4.02410629052964e-17,1.986877295551,0.312,0.209,8.30897466868559e-13,"5","RABGAP1"
6.71214068778616e-17,1.95949848221738,0.323,0.227,1.38592280921409e-12,"5","PPP6R3"
8.52364971279328e-17,1.93596232263036,0.285,0.184,1.75996319269756e-12,"5","TSC22D2"
1.12793865158832e-16,1.83264091868561,0.338,0.24,2.32896772779956e-12,"5","PPFIBP2"
1.3831120936332e-16,1.74390127206799,0.365,0.274,2.85584985093383e-12,"5","ABI1"
1.52897107000114e-16,2.22802632948682,0.278,0.177,3.15701946533835e-12,"5","TTN"
1.55717148145766e-16,1.51749524294204,0.457,0.4,3.21524767491378e-12,"5","ELOVL5"
1.60331432317312e-16,2.28247553299361,0.275,0.179,3.31052341448786e-12,"5","PCNX1"
2.07412011833816e-16,2.0202835727155,0.298,0.201,4.28264322034463e-12,"5","FARP2"
2.57067459388902e-16,1.69199602010214,0.372,0.289,5.30792890146206e-12,"5","EPS15"
2.82090585127059e-16,1.16733901868297,0.608,0.644,5.82460640170352e-12,"5","MEF2C"
3.1595831536215e-16,2.22505012265169,0.315,0.224,6.52390729559767e-12,"5","ATXN1"
3.83286911952698e-16,2.21167468387118,0.283,0.183,7.91410815799932e-12,"5","GRK5"
4.09989129177208e-16,1.61455138108004,0.397,0.324,8.465455539251e-12,"5","CTNNB1"
4.70032194759852e-16,2.68778971535491,0.372,0.288,9.70522475740143e-12,"5","PDE4D"
4.91054661188681e-16,1.47738880217929,0.472,0.429,1.01392966442239e-11,"5","ATRX"
5.60421050863109e-16,1.78251409650576,0.338,0.246,1.15715738582215e-11,"5","CHD7"
6.46409745373279e-16,1.50169856095134,0.429,0.362,1.33470684224675e-11,"5","CUL3"
8.70211154534522e-16,2.06861663510813,0.278,0.181,1.79681199188288e-11,"5","PIK3CA"
8.75261103309017e-16,1.61160391639272,0.394,0.311,1.80723912611246e-11,"5","TGFBR2"
1.07343426662413e-15,1.55766436520268,0.415,0.351,2.2164270737255e-11,"5","RNF19A"
1.1071701535553e-15,2.00664068139643,0.298,0.204,2.28608493306098e-11,"5","SETBP1"
1.26781854305472e-15,1.48744536247766,0.491,0.448,2.61779172769939e-11,"5","PELI1"
1.36696049548307e-15,2.14889034556344,0.31,0.218,2.82250003107345e-11,"5","FAF1"
2.17475136464816e-15,1.79050036341335,0.338,0.25,4.49042661772552e-11,"5","NKTR"
3.08642343199063e-15,2.00989456103823,0.26,0.165,6.37284710237425e-11,"5","DGKD"
4.71602996917081e-15,1.64659386302908,0.439,0.392,9.73765868034389e-11,"5","PLCG2"
6.42257138766826e-15,1.716709745763,0.384,0.307,1.32613254012574e-10,"5","EPB41"
8.48991248544349e-15,1.42294544904158,0.444,0.392,1.75299712999437e-10,"5","ACAP2"
9.31303980154851e-15,0.934175149481791,0.615,0.655,1.92295645822374e-10,"5","FUS"
9.74384525087889e-15,1.45072584831235,0.429,0.367,2.01190916740147e-10,"5","PCM1"
1.03456675830007e-14,1.89217073538669,0.29,0.195,2.13617344253798e-10,"5","MARCH1"
1.23285580108913e-14,1.5205883923288,0.39,0.306,2.54560065808883e-10,"5","CEMIP2"
1.49177260985281e-14,1.9476038595959,0.3,0.208,3.08021208482409e-10,"5","LYST"
1.82080067934746e-14,1.39370181791614,0.476,0.44,3.75958924271663e-10,"5","RB1"
1.88180591379686e-14,1.59294170799713,0.402,0.343,3.88555285080776e-10,"5","FAM49B"
2.286534546288e-14,0.487958411030061,0.784,0.886,4.72123653117546e-10,"5","HNRNPA2B1"
2.33557934001539e-14,1.77803006398851,0.37,0.297,4.82250422126377e-10,"5","ETV6"
3.44733332332989e-14,1.5151591992614,0.503,0.489,7.11805384601155e-10,"5","TCF4"
3.92000902379867e-14,2.11596623413399,0.25,0.159,8.0940346323395e-10,"5","IQSEC1"
4.535701319308e-14,1.49817574092415,0.43,0.373,9.36531608410715e-10,"5","SP140"
5.02541978920172e-14,1.91317323004582,0.298,0.211,1.03764867807437e-09,"5","SLC36A4"
5.22302346933878e-14,1.99136235502586,0.258,0.167,1.07844988594907e-09,"5","ADAM17"
6.59815770846895e-14,1.63927817913251,0.347,0.267,1.36238760364467e-09,"5","FAM13B"
8.78880486404801e-14,1.21691756717794,0.546,0.581,1.81471242832863e-09,"5","IQGAP1"
9.80376150518565e-14,2.07097666834035,0.25,0.162,2.02428067559073e-09,"5","RPS6KA3"
1.14682993536126e-13,1.56597331138082,0.365,0.291,2.36797445053392e-09,"5","KPNA1"
1.23309167301704e-13,1.33559720416514,0.432,0.378,2.54608768644559e-09,"5","RAB8B"
1.31267922174511e-13,1.63152324156545,0.412,0.361,2.7104200570593e-09,"5","RAB3GAP1"
1.3503695933996e-13,1.63719447640709,0.369,0.301,2.78824313645149e-09,"5","NPEPPS"
1.73961382675317e-13,2.01466102799148,0.261,0.175,3.59195462947995e-09,"5","MACF1"
2.31726978375552e-13,1.94320394989923,0.3,0.217,4.78469864949839e-09,"5","UBA6"
2.41245366369138e-13,1.87479370261413,0.353,0.286,4.98123432478996e-09,"5","RASA2"
2.65875913234769e-13,1.7445313966673,0.318,0.235,5.4898058564715e-09,"5","LNPEP"
3.03795665571798e-13,2.06779919362423,0.261,0.177,6.27277290272649e-09,"5","TRIM33"
4.22286522443613e-13,1.72752527150242,0.36,0.29,8.71937211541572e-09,"5","SENP6"
5.20102157556642e-13,1.97666594286104,0.27,0.186,1.07390693492295e-08,"5","DOCK10"
5.5395007530806e-13,0.90602175913459,0.605,0.662,1.14379611549608e-08,"5","PTPN1"
6.02405950188076e-13,1.73997039267998,0.345,0.269,1.24384780594834e-08,"5","MTSS1"
6.81329220800654e-13,1.6962705484776,0.338,0.262,1.40680857510919e-08,"5","CDK17"
8.00350711351501e-13,1.7722108882167,0.338,0.267,1.65256414879858e-08,"5","LUC7L3"
8.05873250007542e-13,1.53892979029014,0.367,0.297,1.66396708661557e-08,"5","NIN"
1.11893596795461e-12,1.85112119001295,0.273,0.19,2.31037898663268e-08,"5","WDFY4"
2.07549563920627e-12,1.40350366031237,0.412,0.362,4.28548339583311e-08,"5","RANBP2"
2.3603425810517e-12,1.85984737307328,0.307,0.232,4.87363536135555e-08,"5","SETD5"
2.40990371576434e-12,1.70785733379095,0.296,0.217,4.9759691923102e-08,"5","EPC2"
3.42704250259452e-12,1.76152186323127,0.328,0.256,7.07615735935717e-08,"5","CNTRL"
3.65308557137006e-12,1.59033364189795,0.379,0.327,7.5428910877649e-08,"5","COPA"
4.69843702844752e-12,1.55528506033515,0.405,0.358,9.70133277633845e-08,"5","SETD2"
4.79134157681812e-12,1.10521822417005,0.503,0.496,9.89316208781405e-08,"5","MT-ATP8"
4.9702797523421e-12,1.77073873090757,0.26,0.178,1.0262633632636e-07,"5","SCAF8"
5.33157246439018e-12,1.39268759733306,0.422,0.384,1.10086308244728e-07,"5","WAC"
7.26433272294465e-12,1.74759740366232,0.251,0.169,1.49993942063361e-07,"5","SPOPL"
8.8862871777785e-12,1.7330416645385,0.32,0.249,1.83484057646771e-07,"5","TMEM87A"
9.55752470724539e-12,1.95778853844496,0.265,0.189,1.97343770155203e-07,"5","NUMB"
9.65269175826831e-12,1.51614330797282,0.384,0.331,1.99308779424724e-07,"5","SH3KBP1"
9.87511512654241e-12,1.04394509589442,0.568,0.62,2.03901377132848e-07,"5","RHOH"
1.0190511134606e-11,1.92440986904328,0.281,0.206,2.10413673907345e-07,"5","MARCH3"
1.19125034467666e-11,1.85285859224993,0.286,0.213,2.45969371168836e-07,"5","CERT1"
1.45861535545097e-11,1.82630242418121,0.275,0.198,3.01174898593516e-07,"5","SREBF2"
2.78015905686651e-11,2.08561581622687,0.286,0.213,5.74047242061796e-07,"5","ALCAM"
3.07015204382952e-11,1.84996215566255,0.3,0.231,6.33924994009919e-07,"5","PKN2"
3.47130211964484e-11,1.73451603420904,0.305,0.232,7.16754461664266e-07,"5","SMARCA2"
3.57499439315995e-11,1.85087375177417,0.286,0.215,7.38164842299667e-07,"5","HUWE1"
5.252924198234e-11,1.89308406492772,0.285,0.214,1.08462378845136e-06,"5","VTI1A"
9.17884167433407e-11,1.63432733473118,0.38,0.347,1.8952472289165e-06,"5","XRN1"
9.33426945739843e-11,2.09848670829689,0.271,0.2,1.92733995756363e-06,"5","BMP2K"
9.67344259693827e-11,1.41381912273107,0.379,0.331,1.99737242741581e-06,"5","B4GALT1"
1.00458480750076e-10,1.58648776793705,0.345,0.286,2.07426671052757e-06,"5","MYO9B"
1.07154360401463e-10,1.50535224994742,0.39,0.351,2.21252323356942e-06,"5","ANKHD1"
1.15638265873766e-10,1.03806866566405,0.546,0.607,2.38769891376151e-06,"5","BCLAF1"
1.18582812952758e-10,1.4661310850524,0.357,0.302,2.44849792184855e-06,"5","RBM6"
1.30622603644551e-10,1.51629577887425,0.33,0.265,2.69709552005268e-06,"5","HOOK3"
1.42480029892052e-10,1.8147591032452,0.325,0.261,2.94192765721109e-06,"5","MANBA"
1.46455389161353e-10,1.79942451091118,0.332,0.275,3.02401087540361e-06,"5","KLHL5"
1.68536188159254e-10,1.71686879237428,0.281,0.21,3.47993521311227e-06,"5","PLCL2"
1.86388957338909e-10,1.76036630655301,0.285,0.217,3.84855919113379e-06,"5","ZNF148"
1.93618463257625e-10,2.30919872845554,0.25,0.179,3.99783402934343e-06,"5","HDAC9"
2.10891990693034e-10,1.56718884824948,0.318,0.252,4.35449782382977e-06,"5","SETX"
2.8192867296454e-10,1.56030960259984,0.36,0.308,5.82126323937183e-06,"5","BLK"
2.82923074498233e-10,0.933202295677674,0.593,0.659,5.84179564223952e-06,"5","PDE4B"
3.13520400689302e-10,1.77959131210883,0.296,0.23,6.47356923343271e-06,"5","PPP3R1"
3.13698551799391e-10,1.49405203074616,0.372,0.329,6.47724769755382e-06,"5","KDM2A"
3.17387044720756e-10,1.47126268524638,0.372,0.324,6.55340769939417e-06,"5","SMC5"
3.75701689417444e-10,1.89534164720113,0.256,0.187,7.75748848309139e-06,"5","MAP2K4"
4.43383399032466e-10,1.30829614695325,0.43,0.402,9.15498042322235e-06,"5","MAPRE2"
5.40199929414826e-10,1.11240624537527,0.491,0.487,1.11540481425573e-05,"5","SWAP70"
5.58142723467783e-10,1.9217922150942,0.251,0.179,1.15245309541628e-05,"5","UBAC2"
5.79981153056578e-10,1.10455640247968,0.513,0.537,1.19754508483122e-05,"5","PNISR"
5.83694581815844e-10,1.7415241657496,0.315,0.256,1.20521257253336e-05,"5","KAT6B"
5.95560242392614e-10,1.33779951885146,0.415,0.388,1.22971278849227e-05,"5","RSF1"
6.67231992682919e-10,1.83685979418852,0.258,0.191,1.37770061849169e-05,"5","SPPL3"
7.35824109318939e-10,1.08615195706865,0.462,0.439,1.51932962092174e-05,"5","RUBCNL"
7.47276778433919e-10,1.49754822160149,0.352,0.303,1.54297709211036e-05,"5","NUP98"
9.05539008260848e-10,0.290026921336388,0.166,0.318,1.869756944257e-05,"5","TRABD"
9.90102799800564e-10,1.8666694122833,0.261,0.194,2.04436426102821e-05,"5","UBR2"
1.10537172684382e-09,0.302250541844394,0.134,0.274,2.28237154158712e-05,"5","ACADVL"
1.29993485639208e-09,1.9119297562387,0.261,0.198,2.68410549147837e-05,"5","GSK3B"
1.48256844228436e-09,1.71068505047906,0.26,0.191,3.06120731962875e-05,"5","UBR4"
1.86164489665629e-09,1.68683297306559,0.273,0.206,3.84392438261591e-05,"5","STX7"
1.96500729007759e-09,1.82750780447192,0.273,0.209,4.05734705255222e-05,"5","FOXO1"
2.08252549917716e-09,1.68090603520073,0.323,0.271,4.29999865070099e-05,"5","CHST11"
2.45511412504386e-09,1.56588314949409,0.328,0.274,5.06931964539056e-05,"5","CEP350"
2.52266367825047e-09,0.282957977582299,0.231,0.417,5.20879596285158e-05,"5","YY1"
2.91158338056926e-09,1.86864991978465,0.291,0.236,6.0118373641994e-05,"5","ITCH"
3.03854085708757e-09,2.00992672057582,0.27,0.211,6.2739791617144e-05,"5","SCFD1"
3.251007262598e-09,1.03981974393226,0.508,0.528,6.71267979581235e-05,"5","RSRP1"
3.38932503372692e-09,0.276468512748699,0.209,0.38,6.99827832963934e-05,"5","STRAP"
3.68693173480229e-09,1.6748291075538,0.312,0.256,7.61277664601977e-05,"5","ZCCHC7"
3.89940201754918e-09,1.73191745096897,0.271,0.209,8.05148528583555e-05,"5","STIM2"
4.16506949758347e-09,1.54779425193712,0.333,0.28,8.60003549861034e-05,"5","PPP1R12A"
4.32781913354846e-09,1.49242649255568,0.325,0.271,8.93608094695087e-05,"5","PDS5A"
4.94079175791653e-09,0.69543751644464,0.642,0.748,0.00010201746821746,"5","SRRM2"
7.85832963306704e-09,0.954489446616808,0.556,0.634,0.000162258790263568,"5","NSD3"
8.10626670003148e-09,0.382790448253853,0.144,0.278,0.00016737819482225,"5","NRBP1"
1.00711317598035e-08,0.333255233198725,0.134,0.263,0.000207948728576422,"5","DDX18"
1.029626287164e-08,1.54089819939609,0.325,0.276,0.000212597235773623,"5","PUM1"
1.0752504870405e-08,1.81028225639558,0.27,0.206,0.000222017720564123,"5","PTPN22"
1.21471675350941e-08,1.32933140726868,0.43,0.437,0.000250814715264622,"5","SEL1L3"
1.23555866359976e-08,1.61641820623138,0.34,0.297,0.000255118152860078,"5","OSBPL8"
1.46382113258157e-08,1.80474479540451,0.285,0.233,0.000302249787455442,"5","OGT"
1.51023238367329e-08,1.87847017703853,0.295,0.249,0.00031183278258086,"5","ATF6"
1.54284509676461e-08,0.377983913076326,0.142,0.272,0.000318566655579957,"5","COPB1"
1.62427785736153e-08,0.323381933291643,0.246,0.434,0.000335380891988009,"5","TMED10"
1.72776431645249e-08,0.288633455531683,0.127,0.251,0.000356748776061111,"5","SCAMP2"
1.77327632156624e-08,1.62351834695866,0.295,0.241,0.000366146094876998,"5","OSBPL10"
1.85183123203392e-08,1.68091871503671,0.296,0.245,0.000382366112790364,"5","FUBP1"
2.10216333616598e-08,1.84489690920637,0.285,0.234,0.000434054685651551,"5","MON2"
2.54534847036902e-08,1.54476029792314,0.352,0.316,0.000525563552161795,"5","BBX"
2.99609569211713e-08,1.55959328402685,0.291,0.235,0.000618633838508345,"5","CEP170"
3.60819086465957e-08,1.52446867591965,0.342,0.305,0.000745019249734909,"5","MALT1"
3.91758224817557e-08,0.48776266912212,0.157,0.29,0.000808902382603292,"5","ASAH1"
4.05185591727285e-08,1.29535965499361,0.392,0.369,0.000836627209798498,"5","PRKCB"
4.58390931168064e-08,1.85270072895113,0.255,0.197,0.000946485594675819,"5","RASGRP3"
4.65838836965091e-08,1.21414053892043,0.405,0.392,0.00096186403056552,"5","AFF4"
4.66207652914959e-08,1.64268786631205,0.307,0.255,0.000962625561738808,"5","CELF2"
4.66411807304231e-08,1.63860989981164,0.303,0.254,0.000963047099721777,"5","ZFC3H1"
4.79671411742956e-08,0.263217105837931,0.248,0.424,0.000990425530966856,"5","KHDRBS1"
4.81849140424429e-08,1.59203468258269,0.28,0.223,0.000994922105148361,"5","PRRC2B"
5.0278906583297e-08,1.63632794463631,0.333,0.297,0.00103815886313192,"5","ZFAND6"
5.7643535892764e-08,1.47697183246169,0.367,0.345,0.00119022372911379,"5","CCNH"
5.82727404634082e-08,1.20297398509719,0.404,0.385,0.00120321554508845,"5","TRA2A"
6.1173229811364e-08,1.32996022493885,0.4,0.382,0.00126310484914504,"5","KMT2A"
7.33962712232054e-08,1.57113362332545,0.325,0.282,0.00151548620821674,"5","PRKD3"
8.42500211070893e-08,0.442751844477308,0.132,0.252,0.00173959443581918,"5","GOLPH3"
1.01022133103889e-07,1.56173454525986,0.317,0.278,0.00208590500432909,"5","CNOT4"
1.07729217436692e-07,1.49531980007454,0.41,0.407,0.00222439288163282,"5","TTC3"
1.13138833112075e-07,1.2839467098922,0.372,0.345,0.00233609062609812,"5","GGA2"
1.15545162644245e-07,1.49010123352286,0.3,0.249,0.00238577651827837,"5","SNX29"
1.32398657691523e-07,0.814641058234031,0.566,0.649,0.00273376748401456,"5","STK17B"
1.3601913420232e-07,1.50815900826101,0.293,0.242,0.0028085230830095,"5","PHTF2"
1.92214774529947e-07,0.314542574583388,0.198,0.342,0.00396885066449435,"5","RBBP6"
1.9531957346328e-07,1.56818830372216,0.31,0.267,0.00403295855286981,"5","DOCK2"
2.03788910471451e-07,1.24508977005233,0.43,0.437,0.00420783342341451,"5","NGLY1"
2.20930801701062e-07,1.67181587167166,0.251,0.197,0.00456177919352352,"5","MICU2"
2.20940100619109e-07,0.422704670161467,0.146,0.27,0.00456197119758337,"5","RHEB"
2.76353155443239e-07,0.304988088294846,0.142,0.261,0.00570613995359199,"5","DNAJC7"
2.85186615078267e-07,1.55672323102457,0.38,0.357,0.00588853322813605,"5","GNG2"
2.99444538083984e-07,0.675446415762384,0.608,0.677,0.00618293082235809,"5","DDX21"
2.99820535027287e-07,0.276412294777923,0.258,0.424,0.00619069440724343,"5","NDUFV2"
3.06185918027882e-07,1.47511457428397,0.322,0.281,0.00632212683543971,"5","RABEP1"
3.17761378778944e-07,0.373197422191663,0.149,0.271,0.00656113694902763,"5","SH3GLB1"
3.66482166673707e-07,1.35025423995758,0.35,0.318,0.0075671237774787,"5","RFTN1"
4.07664711157297e-07,0.320909892993407,0.263,0.441,0.00841746095597586,"5","SRPRA"
4.33747117129211e-07,1.48852849162604,0.313,0.276,0.00895601047448396,"5","TM9SF3"
4.44853025322312e-07,0.305302506551683,0.191,0.332,0.00918532526685509,"5","SINHCAF"
6.1603601170528e-07,0.264410568456684,0.154,0.27,0.0127199115696906,"5","FCRLA"
6.748844118975e-07,1.63488840277938,0.328,0.302,0.0139350133368596,"5","SPAG9"
6.83656740753893e-07,1.50058331229355,0.291,0.251,0.0141161443830864,"5","THOC2"
6.87206256373647e-07,0.37526539409049,0.27,0.442,0.0141894347816031,"5","VAPA"
7.09496214745216e-07,1.37699479064091,0.332,0.301,0.0146496778420592,"5","HNRNPH1"
7.27217221424291e-07,1.74863775434288,0.322,0.292,0.0150155811879688,"5","ST8SIA4"
7.59468438883139e-07,1.90585741839313,0.25,0.204,0.0156815043260591,"5","INTS6"
8.0502005124107e-07,1.55945321858467,0.261,0.213,0.0166220540180256,"5","PRKX"
8.73960955881341e-07,1.38445132989651,0.313,0.277,0.0180455458170379,"5","TNKS2"
9.00158860358419e-07,1.53862879088543,0.285,0.239,0.0185864801486806,"5","PLEKHA2"
9.12183591395096e-07,0.676300323088304,0.578,0.669,0.018834766795126,"5","SFPQ"
9.30547911138646e-07,1.58647585500066,0.327,0.299,0.0192139532691908,"5","ELF2"
9.43299008280847e-07,1.49222661501043,0.36,0.345,0.0194772379229829,"5","TLK1"
9.85557890385262e-07,0.947115602823043,0.497,0.544,0.0203497993206749,"5","SRSF10"
9.93576133723422e-07,1.43618804008561,0.313,0.269,0.0205153600091212,"5","CLEC2D"
1.16111913184282e-06,0.347786166266535,0.228,0.379,0.0239747878342906,"5","NEU1"
1.21123835393506e-06,1.42953104380887,0.36,0.336,0.0250096495320511,"5","ARHGAP25"
1.2655995977872e-06,1.2645300623708,0.427,0.442,0.0261321004951101,"5","MT-ND6"
1.34476597885054e-06,1.48775835774682,0.33,0.297,0.027766727931306,"5","ATP1A1"
1.73183681970466e-06,0.347170636734646,0.168,0.287,0.0357589666532619,"5","RAD23B"
1.78504115454351e-06,1.24814100483256,0.407,0.412,0.0368575297590145,"5","BAZ1A"
1.80315558650043e-06,0.272902813005383,0.152,0.268,0.0372315565500609,"5","ACBD3"
1.87086186777932e-06,0.264646069441127,0.147,0.254,0.0386295558459074,"5","TCP1"
1.87250540458393e-06,1.59769468485049,0.265,0.22,0.0386634915938491,"5","SOS2"
1.8924259173023e-06,0.315513599917929,0.183,0.307,0.0390748103404579,"5","ARIH2"
1.93417113375327e-06,1.07311931180273,0.444,0.47,0.0399367655697375,"5","EHMT1"
2.0206777300805e-06,1.47590223255162,0.323,0.299,0.0417229537707022,"5","ZNF638"
2.16573370087334e-06,1.59739235206253,0.278,0.238,0.0447180694556326,"5","ADAM10"
2.17571091930441e-06,1.60475808932268,0.337,0.32,0.0449240790617975,"5","MBNL2"
2.25019151211449e-06,0.260885634379178,0.159,0.271,0.0464619543421399,"5","TAP1"
2.43171779977678e-06,1.51214071455942,0.348,0.332,0.0502101091297909,"5","IKZF3"
2.4454543684499e-06,0.320927014565098,0.281,0.456,0.0504937417997535,"5","CDC37"
2.47708024389949e-06,1.35636498954836,0.34,0.317,0.0511467528760367,"5","STRBP"
2.49638616069948e-06,1.04237391903656,0.477,0.528,0.0515453814461229,"5","KTN1"
2.53700342373696e-06,1.52365908218348,0.315,0.286,0.0523840466933207,"5","PPP2R5C"
2.59981058161336e-06,1.16962759204813,0.375,0.364,0.0536808888891527,"5","STAG2"
2.99799359210519e-06,0.415299810565558,0.176,0.298,0.0619025716897879,"5","RAB14"
3.06157936082225e-06,0.350028500769951,0.256,0.414,0.0632154906422577,"5","HLA-F"
3.15202533929249e-06,1.65651189020476,0.271,0.232,0.0650830192057114,"5","DIAPH1"
3.22024990337991e-06,0.437995505270365,0.219,0.36,0.0664917200049884,"5","CCT2"
3.56521049904346e-06,1.28961471956416,0.357,0.339,0.0736144663842493,"5","SPEN"
3.99933723933147e-06,1.73050181929692,0.25,0.206,0.0825783153177161,"5","TNRC6A"
4.1042044094017e-06,1.32589508838662,0.394,0.4,0.0847436126453262,"5","ASXL1"
4.20531972033032e-06,1.38604207516977,0.291,0.255,0.0868314415853804,"5","CNOT1"
4.32397962335213e-06,0.41674935105103,0.154,0.265,0.0892815312629748,"5","NBDY"
4.64438263319564e-06,1.40150746933673,0.34,0.319,0.0958972126102236,"5","NFKBIZ"
5.10268655866496e-06,1.31271333761547,0.322,0.294,0.105360272063314,"5","PTBP3"
5.18224851895877e-06,1.53278993097997,0.28,0.242,0.107003067419461,"5","PBXIP1"
5.53306485294924e-06,0.432622403492254,0.698,0.831,0.114246723083696,"5","CYTIP"
5.75460432768491e-06,1.09820389707443,0.4,0.405,0.118821070158038,"5","CAPZA1"
6.33455593513594e-06,1.36110264775223,0.317,0.29,0.130795910948687,"5","CDC73"
6.65008230932413e-06,1.22335321479136,0.369,0.358,0.137310899522925,"5","MIS18BP1"
7.46708397370344e-06,1.34648682632835,0.312,0.284,0.154180349889029,"5","GPATCH8"
7.8033134957508e-06,1.65633551367636,0.26,0.22,0.161122817060263,"5","P4HA1"
7.87402687461057e-06,0.427176649129296,0.174,0.292,0.162582906906959,"5","ARPP19"
8.556885452994e-06,0.418529810055202,0.147,0.254,0.17668257083342,"5","DARS"
8.6566148996873e-06,1.24281391986945,0.375,0.368,0.178741784448743,"5","DHX9"
8.7502455576482e-06,1.40485826121919,0.286,0.249,0.18067507027432,"5","GNB5"
8.95956985002865e-06,1.21189421934152,0.405,0.423,0.184997198263391,"5","FOXN3"
8.99509132435931e-06,1.17873588170773,0.444,0.482,0.185730645665371,"5","UPF2"
9.50188918732542e-06,0.443126836852496,0.213,0.344,0.196195007939895,"5","HNRNPR"
1.00667273661421e-05,0.374769419513085,0.174,0.286,0.207857786656102,"5","DDX46"
1.045734985504e-05,1.5683828288043,0.266,0.231,0.215923359806865,"5","SPPL2A"
1.07546037230174e-05,1.33957340965708,0.338,0.327,0.222061057672863,"5","ROCK1"
1.08342747695268e-05,0.570573302177044,0.189,0.32,0.223706105441189,"5","CANX"
1.10521275747069e-05,0.33920531834048,0.263,0.42,0.228204330162548,"5","PPP2CA"
1.16599389127015e-05,1.63080327859666,0.265,0.228,0.24075441866946,"5","AGO2"
1.29946029506296e-05,0.998530676335747,0.449,0.474,0.268312561724601,"5","SNX2"
1.339225306302e-05,0.47007556262212,0.203,0.33,0.276523241245238,"5","TMBIM4"
1.48706960357145e-05,0.395437515709542,0.208,0.334,0.307050131745432,"5","ARID5A"
1.71190203048749e-05,1.05345872990779,0.447,0.493,0.353473531255056,"5","DDX17"
1.86515188111577e-05,0.425269600283252,0.206,0.332,0.385116560412783,"5","PPP4R2"
1.91007955282125e-05,1.52711392247777,0.285,0.257,0.394393226066532,"5","DOCK8"
2.15822985810108e-05,1.63363249484107,0.253,0.218,0.445631301100711,"5","TAB2"
2.19196804323464e-05,1.6920909282158,0.263,0.233,0.452597561567088,"5","STT3B"
2.46174899699867e-05,1.38638193121023,0.29,0.258,0.508301932900284,"5","ABCG1"
2.50304881645403e-05,0.59714724126649,0.61,0.72,0.516829519621428,"5","DDX3X"
2.99365779889275e-05,1.45680082790432,0.295,0.267,0.618130462315375,"5","DMXL1"
3.30408735425799e-05,1.00736601613731,0.452,0.494,0.682227956907191,"5","FNBP4"
3.35009303989045e-05,1.70309651906541,0.263,0.233,0.691727210876581,"5","ESYT2"
3.36972776685589e-05,1.05246915591806,0.439,0.484,0.695781389300404,"5","PAFAH1B1"
3.52268305149548e-05,1.45825351348344,0.293,0.268,0.727363596472787,"5","PBRM1"
3.81443723429957e-05,1.43722489161596,0.33,0.311,0.787605000138176,"5","LRMP"
3.95309056223589e-05,1.01853467420823,0.459,0.513,0.816234139290467,"5","CHPT1"
3.95602819264012e-05,1.35342697612344,0.315,0.296,0.816840701216331,"5","TRAPPC10"
4.53034011464862e-05,1.37008045510827,0.394,0.416,0.935424626872647,"5","GOLGB1"
5.00760436115989e-05,1.43395478617798,0.283,0.257,1,"5","RC3H1"
5.02704097233986e-05,0.273873023299338,0.154,0.25,1,"5","PSIP1"
5.17902956074265e-05,0.685702259279039,0.566,0.685,1,"5","JAK1"
5.24867104723123e-05,1.27494258589427,0.352,0.348,1,"5","NUFIP2"
5.48710807576661e-05,0.467772194633999,0.193,0.306,1,"5","ZFAND5"
5.53529655640677e-05,0.474263109600357,0.193,0.307,1,"5","OSER1"
6.14787688625251e-05,0.317111344348724,0.305,0.48,1,"5","HP1BP3"
6.24619783404374e-05,1.08091701644468,0.412,0.438,1,"5","ELL2"
6.33136523752702e-05,0.311560111980463,0.375,0.583,1,"5","IL2RG"
6.76360087410276e-05,0.36493178349005,0.255,0.403,1,"5","TRAM1"
6.9848221064835e-05,1.11317019170768,0.405,0.439,1,"5","PCGF5"
7.28715636310332e-05,0.524063893108315,0.183,0.297,1,"5","DNAJC3"
8.11603668476694e-05,1.18565810714269,0.374,0.381,1,"5","AC007384.1"
8.87194781732773e-05,1.05159846551045,0.419,0.454,1,"5","CD47"
0.000112756256234014,0.466235454263754,0.164,0.262,1,"5","RBBP4"
0.000118216066983619,0.52836541534811,0.184,0.297,1,"5","LRPAP1"
0.000123149802048687,0.419759490756659,0.268,0.409,1,"5","WASF2"
0.000124494371704232,1.6034703300773,0.261,0.237,1,"5","ETNK1"
0.000125687207534694,0.668320344321464,0.156,0.25,1,"5","AP3S1"
0.000125852269583189,0.321776691148708,0.226,0.343,1,"5","LMNA"
0.000127566848984819,1.1656671864886,0.38,0.394,1,"5","ILF3"
0.000127806227552617,0.441787313003931,0.198,0.309,1,"5","ETF1"
0.000146377143809211,0.319236639806919,0.266,0.406,1,"5","ZC3H15"
0.000147685413234343,0.475698661903333,0.179,0.279,1,"5","SNRNP70"
0.000148959607441911,1.33516716092023,0.437,0.491,1,"5","AHNAK"
0.000164641181154939,1.07017712512941,0.409,0.442,1,"5","VOPP1"
0.000174215352217018,1.42754528643312,0.265,0.239,1,"5","RRAS2"
0.000186729251175167,0.2786635362883,0.173,0.268,1,"5","SNX6"
0.00019070332175806,0.394761373830016,0.263,0.398,1,"5","PPIG"
0.000191790266115535,1.28521286115198,0.258,0.227,1,"5","FCRL1"
0.000200722441546184,0.404927442320191,0.245,0.368,1,"5","IDI1"
0.000215425996131927,1.24798434484578,0.35,0.352,1,"5","CYLD"
0.000219493765208536,1.10100107357484,0.35,0.346,1,"5","PPP4R3A"
0.000227790076029813,1.3393600876482,0.255,0.225,1,"5","NFATC1"
0.000236422161644161,0.436222700889607,0.231,0.353,1,"5","RNPS1"
0.000237879256692329,0.52525282072299,0.229,0.358,1,"5","STAU1"
0.000243076993346419,0.81422444988211,0.536,0.634,1,"5","ARGLU1"
0.000248441031566256,1.47914930386365,0.285,0.266,1,"5","PIP4K2A"
0.000273892315038993,1.2555966497025,0.343,0.349,1,"5","AFTPH"
0.00028425581940172,0.532634270700461,0.166,0.26,1,"5","RSBN1L"
0.000317889927318588,1.38752416283006,0.278,0.256,1,"5","CNST"
0.000324701096154974,0.588941411401221,0.176,0.272,1,"5","NDFIP1"
0.000360364091886296,0.496356296467981,0.253,0.391,1,"5","SELENOT"
0.000365994134740735,0.48892138002061,0.166,0.259,1,"5","GNAI3"
0.000409307621075032,0.930883172197645,0.419,0.452,1,"5","PHF20"
0.0004136384709339,1.50017186143565,0.25,0.224,1,"5","CSNK1G3"
0.000430839268601326,0.748627919937125,0.174,0.273,1,"5","ARFGAP3"
0.00047179796389402,0.614902601003441,0.161,0.251,1,"5","CREB1"
0.000474367581096154,0.566647605102078,0.226,0.34,1,"5","MPHOSPH8"
0.000502893837518966,0.61874727148251,0.558,0.666,1,"5","FAM107B"
0.000519162490687078,0.480544643210172,0.204,0.309,1,"5","CD19"
0.000578221858506823,1.4280865917167,0.276,0.258,1,"5","CCNY"
0.000638202660289798,0.449483750057023,0.744,0.806,1,"5","CD69"
0.000644697190262925,0.432644151052751,0.253,0.377,1,"5","HNRNPM"
0.000678351977689087,0.356869599631264,0.347,0.504,1,"5","MYADM"
0.000736001219130326,0.642321246632554,0.218,0.324,1,"5","CFLAR"
0.00074107972578949,1.28287617098682,0.345,0.355,1,"5","N4BP2L2"
0.000816358120427922,0.673663739178483,0.206,0.316,1,"5","CAMTA1"
0.000846163397195671,0.503006692048695,0.196,0.292,1,"5","SUZ12"
0.000883897526995949,1.33530232388367,0.333,0.337,1,"5","CENPC"
0.000946604722641751,0.473706870488404,0.206,0.306,1,"5","ABCF1"
0.00101156712552221,0.456055191002192,0.213,0.317,1,"5","KIF2A"
0.00101918866074881,1.53910763949892,0.268,0.253,1,"5","BRWD1"
0.00108772749894666,0.6388993498388,0.166,0.253,1,"5","CYP51A1"
0.00110861761114978,0.427696150438349,0.611,0.759,1,"5","LINC01578"
0.00112714114951657,0.692117397988973,0.194,0.294,1,"5","IFNAR1"
0.00113297421365516,0.618335053796034,0.64,0.738,1,"5","LY9"
0.00113695279805929,0.44954559725276,0.193,0.285,1,"5","NFKB2"
0.00121398275614401,0.367771087033002,0.283,0.415,1,"5","TMEM243"
0.00134091147608162,0.448062666755232,0.209,0.309,1,"5","CCDC12"
0.00135940243810552,0.484406651794092,0.214,0.321,1,"5","CLDND1"
0.0014678092401325,1.36595593739761,0.261,0.247,1,"5","HECTD1"
0.00155112388087707,0.749013460852651,0.173,0.263,1,"5","RTN3"
0.00158118038834328,1.19644384480311,0.325,0.331,1,"5","SECISBP2L"
0.00158143996531321,0.613804752696069,0.186,0.28,1,"5","MFSD14A"
0.00162182132286184,1.20582426291975,0.295,0.288,1,"5","CHD4"
0.00164769493261375,0.934356255182906,0.409,0.437,1,"5","MBP"
0.00164846118185679,1.15613270708692,0.362,0.38,1,"5","BOD1L1"
0.0016763385539609,0.736480999639999,0.198,0.299,1,"5","OCIAD1"
0.00168271790907753,0.429528612433665,0.198,0.289,1,"5","P2RY10"
0.00173132495358971,1.24266312469053,0.275,0.261,1,"5","POLR2A"
0.00176968571983492,0.499188527976902,0.223,0.327,1,"5","PIP4P1"
0.00191152671209118,0.875889010261973,0.214,0.325,1,"5","CLIC4"
0.00195202285654581,1.03592392548145,0.427,0.486,1,"5","SAMSN1"
0.00197243144211272,0.47009821742799,0.201,0.295,1,"5","NONO"
0.00198970866137102,0.317003942290383,0.328,0.477,1,"5","MSN"
0.00206317471026683,1.26477333583613,0.345,0.366,1,"5","AKAP9"
0.00217411761474271,1.48212709546513,0.296,0.302,1,"5","RNF149"
0.00231093599316022,0.688840292773928,0.193,0.284,1,"5","BLNK"
0.00239138929522364,0.58949579473468,0.281,0.422,1,"5","MTDH"
0.00243434408826738,1.3894289376783,0.25,0.231,1,"5","LUC7L"
0.00259583180616928,0.540164019183654,0.208,0.304,1,"5","CCDC50"
0.00269303782097464,0.977875923769486,0.394,0.433,1,"5","NOP58"
0.00271960118666084,1.59036894114529,0.265,0.259,1,"5","TMEM156"
0.00282414054797501,1.21253944473561,0.295,0.292,1,"5","NEMF"
0.00311119074895082,0.837846794598294,0.504,0.59,1,"5","MAP3K8"
0.00315242394189856,0.44881592503894,0.295,0.426,1,"5","NFE2L2"
0.00316381906497298,1.45192399389459,0.26,0.252,1,"5","TLE4"
0.00318667559929922,0.367930860996359,0.307,0.442,1,"5","MTPN"
0.00326889144398523,1.32445633647599,0.261,0.253,1,"5","ZFR"
0.00327416150522465,0.676918799082304,0.211,0.306,1,"5","MBD4"
0.00333688769412252,0.405772507887395,0.302,0.436,1,"5","THRAP3"
0.00341139599145028,0.444660565247207,0.312,0.458,1,"5","HNRNPD"
0.00364435218945215,0.423005636520831,0.219,0.313,1,"5","TIAL1"
0.00423758561397393,0.920237434733671,0.41,0.455,1,"5","GNA13"
0.00426402681658849,0.505172293487649,0.26,0.382,1,"5","TOP1"
0.0043238041755963,1.35990069079129,0.293,0.3,1,"5","USP48"
0.00475397628122878,0.764595737454209,0.174,0.251,1,"5","OIP5-AS1"
0.00476124910424075,0.647373572401217,0.479,0.518,1,"5","CCR7"
0.00478108275313627,1.11459824678033,0.343,0.361,1,"5","ZC3HAV1"
0.0051877298713661,0.760778524785146,0.441,0.503,1,"5","HIF1A"
0.00544852342778076,1.25914258264074,0.313,0.322,1,"5","SMARCC1"
0.00564649251879631,0.522378705619981,0.178,0.254,1,"5","JOSD1"
0.00598996623175675,1.22227887204925,0.253,0.241,1,"5","TCERG1"
0.00643056642737318,0.353688662713808,0.394,0.574,1,"5","HNRNPC"
0.00682124316035727,0.965053586768228,0.345,0.357,1,"5","HSPH1"
0.007092079332515,0.691626626837938,0.25,0.365,1,"5","YWHAE"
0.00765601365002173,0.639671205140632,0.218,0.311,1,"5","RAB21"
0.00766212266053549,0.543163014996618,0.224,0.317,1,"5","UBE2R2"
0.00770893193654895,0.414819668569934,0.631,0.792,1,"5","SON"
0.00775471545989747,1.3778809296931,0.283,0.285,1,"5","PDXDC1"
0.00802242086637014,0.614774819910638,0.183,0.262,1,"5","RBBP7"
0.00874013205824314,0.86371372343871,0.425,0.48,1,"5","SKIL"
0.00876363119469979,0.762809279119449,0.189,0.273,1,"5","SYNCRIP"
0.00883588681728823,0.906452145152489,0.318,0.317,1,"5","LDLRAD4"
0.00901700643819128,0.7024818421635,0.203,0.29,1,"5","NRDC"
0.00922073786222804,0.98755436044662,0.37,0.399,1,"5","SHOC2"
0.00946709900690405,0.890996216781134,0.405,0.474,1,"5","UBXN4"
3.36287410355241e-309,4.5354477753055,0.799,0.226,6.94366244901502e-305,"6","HSPA1A"
7.4579340507701e-276,4.25635561162312,0.824,0.284,1.53991422280301e-271,"6","HSPA1B"
2.30953619334653e-232,2.9985409895683,0.968,0.75,4.76873033202192e-228,"6","HSP90AA1"
1.60784353556366e-227,4.32355119572151,0.815,0.357,3.31987533223185e-223,"6","DNAJB1"
1.82809116849457e-200,1.99360932917661,0.982,0.926,3.77464264470758e-196,"6","HSP90AB1"
5.84163066385901e-197,4.55908639822777,0.328,0.043,1.20617989947361e-192,"6","HSPA6"
6.22705030514875e-181,2.12361890695937,0.957,0.808,1.28576134700711e-176,"6","HSPA8"
2.04103626797592e-149,2.98063612093614,0.718,0.341,4.21433168611669e-145,"6","HSPH1"
1.60930358815263e-134,1.52112208945836,0.945,0.836,3.32289004881754e-130,"6","PPP1R15A"
8.03391042185999e-130,2.52438652787048,0.813,0.576,1.65884182390565e-125,"6","DNAJA1"
2.07675274769892e-115,1.66115951269793,0.925,0.824,4.28807907344873e-111,"6","UBB"
7.72078051359406e-102,1.14303056249919,0.975,0.94,1.5941867604469e-97,"6","H3F3B"
2.08444276194413e-100,2.65368501259385,0.626,0.314,4.30395741486224e-96,"6","IER5"
1.47863004359368e-98,0.843224978436543,0.989,0.973,3.05307531401222e-94,"6","EIF1"
5.16359112210574e-91,3.04112599614494,0.652,0.384,1.06617829489239e-86,"6","GADD45B"
1.37766148393869e-88,1.75306744029522,0.882,0.735,2.8445954320366e-84,"6","DUSP1"
1.52722922335919e-88,2.23544803088409,0.724,0.503,3.15342290039206e-84,"6","HSPE1"
1.61644317243378e-86,1.48721004134828,0.907,0.797,3.33763186244127e-82,"6","NFKBIA"
9.72782274306692e-85,1.04512355570575,0.988,0.962,2.00860083998846e-80,"6","UBC"
3.4666493006707e-84,0.584196020208928,0.998,0.998,7.15793747602485e-80,"6","MALAT1"
2.25589940312645e-80,3.20275129517004,0.513,0.243,4.6579810875755e-76,"6","HSPB1"
9.13357465938548e-78,3.63683799299679,0.285,0.076,1.88590049566991e-73,"6","BAG3"
5.69281283119801e-74,2.2147267332341,0.647,0.383,1.17545199338577e-69,"6","DUSP2"
1.51315482843631e-68,1.32352334734521,0.904,0.799,3.12436208975529e-64,"6","CD69"
1.59760877982575e-66,1.40112470342576,0.916,0.844,3.29874260858421e-62,"6","JUN"
8.54360787424129e-62,1.96486671127339,0.702,0.537,1.76408415387334e-57,"6","HSPD1"
2.69715599098975e-61,1.04769827292377,0.95,0.919,5.56908769019563e-57,"6","KLF6"
3.37423263340569e-61,1.37120824960645,0.779,0.648,6.96711554145608e-57,"6","FUS"
1.03915157910985e-60,2.09723228460533,0.636,0.445,2.14564018054602e-56,"6","NR4A1"
3.20573618724848e-60,1.69682569129042,0.706,0.562,6.61920407943066e-56,"6","TUBB4B"
1.70290837170088e-59,1.24738166959337,0.902,0.862,3.51616520588799e-55,"6","ZFP36"
7.06852884473716e-57,1.31575146924578,0.816,0.722,1.45950983586133e-52,"6","SQSTM1"
1.41703457233579e-56,2.59722084852547,0.437,0.213,2.92589298495894e-52,"6","CACYBP"
4.21312741767331e-56,1.57084291652656,0.688,0.496,8.69926549201184e-52,"6","CDKN1A"
1.13778073767271e-55,1.01084559610692,0.939,0.892,2.34928966714661e-51,"6","MTRNR2L12"
7.80037663304742e-53,2.06466467368455,0.574,0.345,1.61062176719163e-48,"6","ID3"
1.4913367047303e-51,2.19025827260527,0.588,0.41,3.07931202792712e-47,"6","DYNLL1"
9.20390862626521e-51,0.818399638568326,0.966,0.87,1.90042305315124e-46,"6","CD83"
1.28429865506085e-49,2.66873805547228,0.367,0.167,2.65181986296965e-45,"6","ZFAND2A"
1.95725847375777e-49,1.76179077161367,0.699,0.567,4.04134729661503e-45,"6","IER2"
3.97335533565309e-49,1.40302592776573,0.781,0.649,8.2041840970565e-45,"6","NR4A2"
3.18989891074511e-48,1.46425784260333,0.729,0.602,6.5865032709065e-44,"6","FOSB"
5.2208296640674e-48,2.65762906694325,0.301,0.116,1.07799690903664e-43,"6","ZC3H12A"
2.67359772788437e-47,2.50451435702958,0.333,0.143,5.52044458853564e-43,"6","AHSA1"
2.93535562572598e-47,1.10953918327917,0.788,0.698,6.060922295999e-43,"6","ZFAS1"
6.88194470759809e-47,2.03223187335756,0.533,0.343,1.42098394322485e-42,"6","SERTAD1"
4.77731169505483e-46,1.15186007911189,0.877,0.831,9.86419318794921e-42,"6","JUNB"
3.47523907384657e-45,3.02459457903917,0.339,0.145,7.17567363967841e-41,"6","TNF"
5.37474350046721e-43,2.2818956199662,0.421,0.229,1.10977703797647e-38,"6","CKS2"
1.91211618193569e-42,1.05178806177966,0.761,0.683,3.94813749246082e-38,"6","TUBA1B"
4.77559020014627e-41,1.54180071792534,0.561,0.373,9.86063864526202e-37,"6","LGALS1"
6.61376601223367e-40,1.88074676949562,0.588,0.467,1.36561040620601e-35,"6","BRD2"
5.44372115191517e-38,2.04548773317749,0.312,0.135,1.12401954344744e-33,"6","EGR1"
1.22934387283037e-37,0.605914591969579,0.986,0.966,2.53834922862016e-33,"6","JUND"
1.32525155084709e-37,1.23544011763759,0.745,0.643,2.73637940218907e-33,"6","ZFP36L1"
6.19165542247151e-37,1.16170142042656,0.695,0.609,1.27845301163192e-32,"6","GPBP1"
2.44542203336573e-35,1.94113659498416,0.526,0.378,5.04930741449357e-31,"6","UBE2S"
1.47029932730923e-34,0.612313374598646,0.964,0.937,3.0358740510281e-30,"6","MT-CYB"
2.3835292987392e-34,2.62866915434859,0.283,0.128,4.92151129603671e-30,"6","MRPL18"
9.64012512344399e-34,0.633402247512357,0.934,0.911,1.99049303548872e-29,"6","TMSB10"
8.11724686356694e-33,1.62321937462412,0.513,0.366,1.6760491323893e-28,"6","NEU1"
3.85044720826088e-30,0.502027460535832,0.991,0.98,7.95040339561707e-26,"6","MT-CO1"
4.85077200059491e-30,1.16069365996369,0.665,0.594,1.00158740268284e-25,"6","CCNL1"
5.23137636402907e-29,1.17715160023593,0.61,0.491,1.08017459164472e-24,"6","SIK3"
1.00229305669945e-28,0.705944487830739,0.84,0.728,2.06953470347302e-24,"6","MS4A1"
1.86178139327502e-28,1.59843226129542,0.437,0.276,3.84420622083427e-24,"6","BCL2A1"
9.99846860529499e-28,0.573966048418913,0.968,0.951,2.06448379762131e-23,"6","FTL"
5.40841650449387e-26,2.31139059317704,0.264,0.132,1.11672983984789e-21,"6","DEDD2"
7.08534673844979e-26,1.80682047019061,0.373,0.229,1.46298239455511e-21,"6","CDC42EP3"
7.28670972082849e-26,0.714849520802026,0.788,0.706,1.50455982315667e-21,"6","REL"
1.00334273568401e-25,2.16171689881492,0.307,0.167,2.07170208064034e-21,"6","H2AFX"
4.31763748425738e-25,1.94906722496207,0.332,0.19,8.91505787749465e-21,"6","CHORDC1"
8.22573690369037e-25,1.70816024051193,0.43,0.294,1.69845015587399e-20,"6","SNHG5"
2.84777860473243e-24,0.565176364678112,0.895,0.869,5.88009326305153e-20,"6","MT-ATP6"
5.99828856406308e-24,2.08266048231477,0.307,0.171,1.23852662270775e-19,"6","BHLHE40"
6.23489752452834e-24,1.00933714474727,0.594,0.486,1.28738164086461e-19,"6","DENND4A"
6.52951784473019e-24,1.02099486569027,0.717,0.726,1.34821484457989e-19,"6","EIF4A1"
1.1913864040661e-23,0.482940016008544,0.955,0.943,2.45997464711569e-19,"6","PNRC1"
2.04501560178328e-23,0.744163138726196,0.807,0.751,4.22254821456211e-19,"6","SLC2A3"
3.46921500807998e-23,1.0990064157519,0.686,0.659,7.16323514868355e-19,"6","SRSF7"
4.46279140699681e-23,0.90915704481606,0.718,0.715,9.21477169716702e-19,"6","DDX3X"
7.05636817353426e-23,0.516548927011575,0.907,0.888,1.45699890047135e-18,"6","MT-ND4L"
1.51084629400217e-22,0.945966328788671,0.626,0.555,3.11959542785567e-18,"6","CHD2"
2.81272947690839e-22,1.71376268333987,0.417,0.281,5.80772382392044e-18,"6","GLA"
4.25511527022287e-22,1.28164645454756,0.528,0.431,8.78596200995618e-18,"6","CSRNP1"
5.12631429652557e-22,1.24306932674075,0.592,0.529,1.0584813759466e-17,"6","TRA2B"
9.00868972811853e-22,0.489808245413242,0.954,0.926,1.86011425506191e-17,"6","MT-CO3"
9.37010545965262e-22,1.33984382942655,0.542,0.456,1.93473937530907e-17,"6","IFRD1"
1.06186087923576e-21,1.63781426727457,0.373,0.241,2.19253034344599e-17,"6","DDIT3"
1.69253597988227e-21,1.02968083396395,0.69,0.669,3.49474829126091e-17,"6","H2AFZ"
1.88601995700153e-21,2.09538104916698,0.34,0.216,3.89425400721676e-17,"6","DDIT4"
3.62736007633658e-21,0.667177380261085,0.824,0.805,7.48977308561978e-17,"6","MT-ND2"
3.99973297005323e-21,0.950140147098518,0.743,0.717,8.2586486365659e-17,"6","TAGAP"
5.91977755745927e-21,1.66165002603889,0.344,0.218,1.22231567006419e-16,"6","INSIG1"
1.65852957907228e-20,1.27241869841007,0.512,0.427,3.42453187486844e-16,"6","DNAJB6"
3.00881560207554e-20,1.21724512699835,0.483,0.369,6.21260245516558e-16,"6","MARCKSL1"
7.92969058262184e-20,1.94742777021429,0.301,0.18,1.63732251149976e-15,"6","FKBP4"
8.28996910304888e-20,1.07153133015972,0.553,0.469,1.71171282039753e-15,"6","WSB1"
8.33521404058014e-20,0.679025229603528,0.774,0.798,1.72105499509899e-15,"6","CALM1"
9.91816966543248e-20,0.388835986196502,0.963,0.959,2.0479036725185e-15,"6","MT-CO2"
1.18010244983371e-19,0.509009148232674,0.854,0.814,2.43667553841665e-15,"6","MT-ND4"
1.57114499249553e-19,1.44606173323117,0.439,0.335,3.24410018050476e-15,"6","CLK1"
2.70071261308361e-19,1.6283328240696,0.401,0.282,5.57643140349503e-15,"6","TNFSF9"
5.79471779455728e-19,0.6398703295131,0.763,0.752,1.19649333022019e-14,"6","LINC01578"
7.61704955302604e-19,1.20728527185863,0.524,0.441,1.57276839170882e-14,"6","SLC38A2"
1.00147313791359e-18,1.60165463227802,0.403,0.3,2.06784173516398e-14,"6","SNHG12"
1.38860702963713e-18,0.956727712397542,0.651,0.647,2.86719579479474e-14,"6","PTGES3"
4.60746228569997e-18,0.740420176805393,0.717,0.677,9.51348812751329e-14,"6","RALGPS2"
6.25992800606412e-18,1.04415064325801,0.556,0.498,1.29254993469212e-13,"6","EIF4A2"
7.7606208264365e-18,1.04115075250534,0.597,0.563,1.60241298824261e-13,"6","RSRC2"
1.15056774259198e-17,1.57083629276252,0.43,0.342,2.37569227490393e-13,"6","EIF4A3"
1.20866058866463e-17,0.677131714448389,0.779,0.781,2.49564238347472e-13,"6","CD55"
1.2806485700245e-17,0.899418461626769,0.631,0.591,2.64428316738658e-13,"6","ODC1"
1.33062164087372e-17,1.55830862285215,0.431,0.333,2.74746756407605e-13,"6","LMNA"
1.95335077132458e-17,0.641706446223107,0.758,0.759,4.03327867263099e-13,"6","RBM39"
2.33317339542236e-17,0.980959473668839,0.613,0.548,4.81753642686808e-13,"6","RASGEF1B"
2.58630761111943e-17,0.45469578067522,0.977,0.981,5.34020795543939e-13,"6","PTMA"
5.85674282957797e-17,0.959116904266305,0.61,0.583,1.20930025945126e-12,"6","EIF5"
6.36158672641711e-17,0.777209441494662,0.674,0.665,1.31354042727061e-12,"6","SFPQ"
1.76295933270256e-16,1.44436412529668,0.417,0.316,3.64015843016424e-12,"6","NFKBIZ"
3.27711909056426e-16,0.971692210590974,0.599,0.565,6.76659549819708e-12,"6","MAP1LC3B"
4.53925304489077e-16,0.824387479868848,0.615,0.531,9.37264968709046e-12,"6","TUBA1A"
6.70739208309542e-16,0.982608464916497,0.581,0.524,1.38494231731754e-11,"6","RSRP1"
7.07931703585094e-16,1.44380631644884,0.355,0.244,1.4617373815625e-11,"6","LBH"
8.23082323435738e-16,1.06514211621373,0.576,0.539,1.69950038143011e-11,"6","SNHG8"
3.67765764327789e-15,1.51481752009339,0.374,0.28,7.59362750184019e-11,"6","PNP"
3.97073084211991e-15,1.48513204381676,0.465,0.412,8.19876504280919e-11,"6","SRSF3"
1.14302767735018e-14,1.0092304303994,0.478,0.386,2.36012354819265e-10,"6","KDM6B"
1.91967240380136e-14,1.3252830610189,0.376,0.281,3.96373957936904e-10,"6","KLF10"
2.10576342031872e-14,1.73054770388972,0.39,0.312,4.34798031027409e-10,"6","PPP1R10"
6.54080141557647e-14,0.805921074763788,0.615,0.592,1.35054467628823e-09,"6","RBM8A"
1.16905027970016e-13,0.557269949156389,0.806,0.813,2.41385501752489e-09,"6","MT-ND1"
1.28901555246952e-13,0.913815756619697,0.465,0.368,2.66155931273907e-09,"6","NFKBID"
1.46014160187747e-13,0.956984297441017,0.545,0.486,3.0149003795566e-09,"6","AHNAK"
1.74004699003275e-13,0.487683317837629,0.815,0.846,3.59284902501963e-09,"6","HNRNPDL"
2.71693186175708e-13,0.425052906897972,0.879,0.881,5.60992090815603e-09,"6","MT-ND3"
3.13179015176655e-13,1.13223607694785,0.451,0.365,6.46652030536758e-09,"6","PMAIP1"
4.39255724743911e-13,1.71406850873297,0.262,0.169,9.06975220451228e-09,"6","AC009313.1"
5.30961294312726e-13,0.732606899940085,0.519,0.426,1.09632888049692e-08,"6","PIKFYVE"
1.84182859823608e-12,1.37891798465101,0.34,0.254,3.80300768963787e-08,"6","HSPA4"
1.90880699175891e-12,0.923505782200459,0.733,0.743,3.94130467658379e-08,"6","CRIP1"
2.5902204234226e-12,0.707522574066499,0.645,0.637,5.34828713028298e-08,"6","MCL1"
3.18279551326833e-12,0.490466291134738,0.765,0.8,6.57183617579644e-08,"6","NCL"
3.99265321228972e-12,1.3757786204727,0.431,0.369,8.24403035273581e-08,"6","CCT4"
4.14378675716223e-12,0.917337052175796,0.888,0.91,8.55609089618857e-08,"6","FOS"
4.29648137585585e-12,0.742525287103312,0.679,0.66,8.87137474486717e-08,"6","FAM107B"
5.49949507964014e-12,0.788197862030618,0.476,0.391,1.1355357440441e-07,"6","UVRAG"
1.09057048314957e-11,1.53653771680571,0.326,0.246,2.25180993360723e-07,"6","TCP1"
1.13063539936957e-11,0.297680774901828,0.984,0.928,2.33453597261829e-07,"6","HLA-DRA"
1.28804733491991e-11,0.966043046132967,0.488,0.444,2.65956013714264e-07,"6","GLS"
1.33179388244557e-11,1.53070891796518,0.305,0.221,2.74988800847361e-07,"6","MYLIP"
1.36751802216944e-11,1.56482447494758,0.273,0.186,2.82365121217546e-07,"6","TNFAIP3"
2.59255104215018e-11,0.576523439499228,0.822,0.845,5.35309939183169e-07,"6","SAT1"
3.60860323151147e-11,1.21613885789843,0.408,0.346,7.45104395242487e-07,"6","NUFIP2"
3.65067014879903e-11,0.642224629696986,0.629,0.598,7.53790372324024e-07,"6","PRDM2"
5.68442920551217e-11,0.335132790374503,0.977,0.924,1.17372094235415e-06,"6","HLA-DRB1"
7.28866024805687e-11,1.0008385879783,0.447,0.374,1.50496256801878e-06,"6","RILPL2"
8.99487417971237e-11,0.54268443405223,0.743,0.764,1.85726162062701e-06,"6","YPEL5"
1.46014687278856e-10,1.17615477173747,0.34,0.263,3.01491126293383e-06,"6","TRAF4"
2.03843900272772e-10,1.09681627126025,0.424,0.358,4.2089688528322e-06,"6","ZC3HAV1"
4.36930528093299e-10,0.427428398982328,0.806,0.84,9.02174154407043e-06,"6","DDX5"
4.65403862301616e-10,0.959695314406647,0.46,0.401,9.60965894880377e-06,"6","MAPRE2"
5.10256290644147e-10,1.50843731326052,0.314,0.243,1.05357718892204e-05,"6","AZIN1"
1.02018417111159e-09,0.466659580729141,0.734,0.766,2.10647627651121e-05,"6","CD44"
1.09717858499593e-09,0.789807313363842,0.447,0.377,2.26545434229959e-05,"6","RAB8B"
1.21674790279594e-09,0.714086651809929,0.652,0.634,2.51234106969305e-05,"6","GPR183"
3.07786556334737e-09,0.593005145758972,0.544,0.485,6.35517681519965e-05,"6","SWAP70"
4.27446579804686e-09,0.788556162558581,0.547,0.526,8.82591697980716e-05,"6","ARL6IP1"
4.74653392668043e-09,1.68560096866383,0.276,0.203,9.80064325180974e-05,"6","INTS6"
5.95851207025533e-09,0.961551149557785,0.504,0.503,0.000123031357226632,"6","PRDX1"
7.05595694875661e-09,0.584002062460911,0.633,0.626,0.000145691399077926,"6","TAF1D"
7.29327924074121e-09,0.695068559602627,0.51,0.466,0.000150591629762824,"6","LCP1"
9.22882700439738e-09,0.873992865130377,0.365,0.295,0.000190556819986797,"6","ATP1A1"
9.29862288163165e-09,0.938205050323523,0.537,0.539,0.00019199796525993,"6","SAP18"
9.62370162733259e-09,1.17719671668637,0.389,0.333,0.000198710191201163,"6","TSPYL2"
9.68216354696714e-09,0.670583463706132,0.456,0.39,0.000199917312917777,"6","ARHGAP24"
9.88282890087924e-09,1.13913872451625,0.435,0.403,0.000204060651145355,"6","SOD1"
1.77977714612138e-08,1.17764208062773,0.344,0.281,0.000367488385131143,"6","SNHG15"
2.24378644904935e-08,1.26625558746151,0.253,0.182,0.00046329702599971,"6","SLC20A1"
2.27740028481613e-08,0.708725726662945,0.428,0.359,0.000470237610808835,"6","PARP14"
2.34214693255562e-08,0.402381074414392,0.872,0.909,0.000483606498634085,"6","TSC22D3"
2.73187828200125e-08,0.953027195347628,0.394,0.332,0.000564078227667617,"6","NFAT5"
6.40929023294887e-08,0.55441079724076,0.64,0.665,0.00132339024729928,"6","SLC25A5"
1.00153168571882e-07,1.26058807289007,0.308,0.246,0.00206796262467222,"6","TNFAIP8"
1.04194671009238e-07,0.616979797883517,0.617,0.637,0.00215141156699875,"6","RAN"
1.1279856716276e-07,1.04536030981248,0.488,0.473,0.00232906481477667,"6","BIRC3"
1.36432786605662e-07,1.22228176795057,0.378,0.339,0.0028170641778337,"6","MARCKS"
1.56033031214089e-07,1.005240681895,0.433,0.401,0.00322177002850851,"6","NASP"
1.65069439886896e-07,0.893213691469675,0.376,0.309,0.00340835379478464,"6","IRF8"
1.83357396719612e-07,0.854421001076322,0.467,0.437,0.00378596352746654,"6","ARIH1"
1.83488625946911e-07,0.682913201856193,0.497,0.47,0.00378867314855183,"6","NEAT1"
2.37453019716725e-07,1.23498639728219,0.383,0.348,0.00490292995111095,"6","BCAS2"
3.00080736506899e-07,0.732702240702057,0.499,0.468,0.00619606704739444,"6","NFKB1"
3.6007394428228e-07,0.856481345076233,0.455,0.428,0.00743480680154051,"6","TANK"
3.71573145974569e-07,1.21801279554393,0.298,0.238,0.0076722423180829,"6","ZSWIM6"
3.83594390339415e-07,1.04755800167634,0.294,0.228,0.00792045697172824,"6","CD24"
6.31821547861321e-07,0.501132255929023,0.649,0.683,0.0130458513202406,"6","ELF1"
9.04905836838376e-07,0.895104059110267,0.41,0.379,0.0186844957190388,"6","HBP1"
9.35116850439392e-07,0.607085654814465,0.635,0.678,0.0193082927278726,"6","CALM2"
9.99834958783242e-07,0.379554911629182,0.756,0.823,0.0206445922289564,"6","NPM1"
1.4087386771755e-06,0.596201077745251,0.52,0.509,0.0290876362063198,"6","JMJD1C"
1.50281760250033e-06,1.09676080456912,0.275,0.217,0.0310301778564269,"6","PTPN6"
1.74639613735206e-06,0.835556731628046,0.449,0.419,0.0360595874440453,"6","RAB11FIP1"
1.77034813319682e-06,1.08701360905394,0.321,0.263,0.036554148254248,"6","IVNS1ABP"
3.82670030156329e-06,0.517451873537211,0.676,0.728,0.0790137078266787,"6","KMT2E"
3.886733644772e-06,0.926009870582984,0.433,0.418,0.0802532762972523,"6","TAF7"
3.89607954799498e-06,0.528589438415359,0.649,0.715,0.0804462505070003,"6","ATP6V0C"
3.92038987108737e-06,1.09404023226227,0.307,0.26,0.080948210058212,"6","POLR2A"
4.19355228452289e-06,1.21355733445759,0.324,0.289,0.0865884675708285,"6","TOR3A"
4.33971622396255e-06,0.910317350724376,0.323,0.272,0.0896064605923786,"6","REV3L"
4.9568611357829e-06,0.602189010720627,0.472,0.445,0.102349268731645,"6","BCL2"
6.54380384954519e-06,0.503852959522781,0.62,0.646,0.135116461885409,"6","STK17B"
7.36374743975011e-06,0.312152602408223,0.148,0.259,0.15204665713596,"6","TECR"
7.53079692338547e-06,0.544969938928535,0.635,0.658,0.155495894874063,"6","STK17A"
7.62000974528944e-06,0.409737471559502,0.824,0.891,0.157337961220736,"6","TAGLN2"
1.09114576710227e-05,1.43360514236971,0.262,0.218,0.225299777991277,"6","ANKRD37"
1.12085862866985e-05,0.898040113807391,0.408,0.385,0.23143488964775,"6","TRA2A"
1.1489120755478e-05,0.617274876416285,0.545,0.571,0.23722736535911,"6","RPL22L1"
1.26478844732579e-05,0.845942869956187,0.417,0.398,0.261153518603829,"6","SOD2"
1.26963882134188e-05,0.966598277142675,0.307,0.255,0.262155023830672,"6","CDKN2D"
1.45989430867083e-05,1.12596239267369,0.271,0.225,0.301438976854353,"6","MIDN"
1.54463775185683e-05,0.284509870643934,0.793,0.821,0.318936803003398,"6","MT-ND5"
2.68200568832311e-05,1.1231790386294,0.266,0.22,0.553780534524955,"6","RHOF"
2.90089772262637e-05,1.11775488655063,0.312,0.282,0.598977361767894,"6","AMD1"
3.18688554216046e-05,0.9028379742627,0.401,0.38,0.658028126745291,"6","AC007384.1"
3.48778908385036e-05,0.948952645411227,0.442,0.423,0.720158690033423,"6","RGS2"
4.18602755114038e-05,0.807509571658277,0.403,0.372,0.864330968759465,"6","ATF7IP"
6.51587539885116e-05,0.635627890456681,0.49,0.5,1,"6","WTAP"
6.73444934290211e-05,0.818679735261406,0.435,0.434,1,"6","SLC3A2"
7.37939401819976e-05,0.993428839135901,0.253,0.207,1,"6","AC044849.1"
7.76779909482487e-05,0.896814276067739,0.276,0.226,1,"6","FCRL1"
7.78323487703915e-05,1.15390839156449,0.287,0.246,1,"6","DUSP10"
7.83528936991632e-05,0.479094527861674,0.604,0.658,1,"6","PDE4B"
8.74673678502155e-05,0.817204059477179,0.426,0.425,1,"6","YWHAQ"
8.79488079088997e-05,1.014045262511,0.333,0.313,1,"6","AKIRIN2"
9.143842302446e-05,0.324106514819895,0.713,0.735,1,"6","LY9"
9.19344043058559e-05,0.459509521930875,0.542,0.515,1,"6","CCR7"
9.56077472282072e-05,0.730738724868534,0.376,0.34,1,"6","PARP15"
0.000106912654142391,0.914631070446424,0.283,0.242,1,"6","OSBPL10"
0.000107448417165094,0.254964865363219,0.194,0.307,1,"6","DPP7"
0.000113975253613699,0.504296403064272,0.551,0.582,1,"6","ATP2B1"
0.000118321931257752,0.479446437453545,0.686,0.746,1,"6","ARID5B"
0.000119442964886312,0.450327612250403,0.615,0.656,1,"6","SF1"
0.000127068598655181,0.391578510658293,0.558,0.557,1,"6","AKAP13"
0.000135871928320449,0.577998421414659,0.524,0.555,1,"6","ADGRE5"
0.000145277823208369,0.427976026591582,0.834,0.867,1,"6","CXCR4"
0.000154831816364797,0.736563696516564,0.317,0.271,1,"6","MTSS1"
0.000171736566933513,0.418383390897889,0.734,0.774,1,"6","BTG2"
0.000175156785487756,0.876160214393205,0.273,0.229,1,"6","RFX3"
0.000180415433007004,0.855021097793242,0.28,0.238,1,"6","KDM6A"
0.000201003318040441,0.512981824231,0.554,0.607,1,"6","BCLAF1"
0.00022541909353439,1.07347071300885,0.278,0.243,1,"6","NGRN"
0.000245208303024945,0.799257440623525,0.38,0.367,1,"6","FCHSD2"
0.000246993028025751,0.349518639274336,0.171,0.267,1,"6","ACBD3"
0.000263940612817949,0.545329847628272,0.512,0.538,1,"6","HNRNPU"
0.000315788745720443,0.959709669559695,0.41,0.416,1,"6","MORF4L2"
0.000416232183974559,0.255619790899831,0.688,0.676,1,"6","BANK1"
0.000452334987996815,0.982844021092647,0.303,0.271,1,"6","AC120193.1"
0.000490930040541463,0.984315350659029,0.319,0.3,1,"6","ZFAND5"
0.000516299438616528,0.620414266103093,0.476,0.487,1,"6","EPC1"
0.000529272688556074,0.781953342776904,0.308,0.279,1,"6","NFKB2"
0.000540049647382345,0.606366297376176,0.487,0.497,1,"6","MT-ATP8"
0.000552518411836519,0.266414237449128,0.836,0.884,1,"6","HNRNPA2B1"
0.000672660602320696,0.600223810534108,0.48,0.493,1,"6","MKNK2"
0.000684237142368371,0.362067802196432,0.178,0.268,1,"6","FCRL5"
0.000739949504325838,0.66054778076824,0.52,0.558,1,"6","UBALD2"
0.00074649707097636,0.74556690251147,0.478,0.498,1,"6","MYADM"
0.000816306662458403,0.97731542933844,0.25,0.215,1,"6","RUNX3"
0.000826983135785246,0.702079973317415,0.417,0.402,1,"6","ELOVL5"
0.00095020860309088,0.560231628760849,0.476,0.477,1,"6","ARID4B"
0.00114631979309222,0.819440973358633,0.367,0.358,1,"6","PPP3CC"
0.0013096980778148,0.829917000683907,0.262,0.225,1,"6","INPP5F"
0.00151475846672525,0.444896842163376,0.549,0.608,1,"6","EIF4G2"
0.00185923042864086,0.599960429788065,0.469,0.489,1,"6","SERPINB9"
0.00188251319569723,0.899822844483075,0.326,0.308,1,"6","ARL6IP5"
0.00200197352131706,0.387340226485727,0.654,0.725,1,"6","IDS"
0.00215365858971154,0.519851645684233,0.228,0.322,1,"6","RGS1"
0.00221874437390587,0.560248931734629,0.385,0.369,1,"6","PCM1"
0.00240785352692607,0.522836558356148,0.556,0.588,1,"6","MAP3K8"
0.00244901125223285,0.520184601335197,0.519,0.559,1,"6","CYCS"
0.00252694944763058,0.259357625374399,0.184,0.269,1,"6","SH3GLB1"
0.00278029680007495,0.871823050097953,0.446,0.479,1,"6","TUBA4A"
0.0027861297337589,0.487488378942612,0.178,0.26,1,"6","DDX18"
0.00281790887255191,0.345878961407045,0.171,0.25,1,"6","RIC1"
0.00367170813298515,0.509542416409869,0.433,0.437,1,"6","ARHGAP15"
0.00398236960910517,0.837972760301366,0.271,0.25,1,"6","CWC25"
0.00421014413985888,0.754368803739904,0.312,0.294,1,"6","CREBRF"
0.00453833433773244,0.561795882974798,0.348,0.333,1,"6","SMG1"
0.00495119575887679,0.907541016342681,0.289,0.266,1,"6","PHACTR1"
0.00496589294520438,0.354883354233991,0.193,0.276,1,"6","NRBP1"
0.00541089891420877,0.676603397638309,0.373,0.358,1,"6","CD70"
0.00557350432850967,0.684619903033783,0.285,0.261,1,"6","TGIF1"
0.00561912728032077,0.308876340725072,0.242,0.344,1,"6","RNF114"
0.00588348110067983,0.8422302923361,0.282,0.26,1,"6","RNF138"
0.00641583995385245,0.413407770654979,0.759,0.782,1,"6","VIM"
0.006954030476007,0.377026162362631,0.351,0.331,1,"6","LINC01619"
0.00783275832912001,0.877472951682095,0.344,0.347,1,"6","YME1L1"
0.00863132475855788,0.620213817346846,0.191,0.273,1,"6","CDK2AP2"
0.00892849144537419,0.378155318183804,0.364,0.339,1,"6","RIPOR2"
0.0092100675706516,0.730342304283513,0.381,0.401,1,"6","ASXL1"
0.00994940404365168,0.637529370861736,0.381,0.392,1,"6","RAB7A"
0.00996045969423816,0.353032096342838,0.602,0.689,1,"6","MORF4L1"
0,4.51318268150789,0.733,0.059,0,"7","NEIL1"
0,5.65902820944469,0.686,0.032,0,"7","MYBL2"
0,3.58039091449718,0.699,0.075,0,"7","MYO1E"
0,4.54613228658184,0.64,0.039,0,"7","TCL1A"
0,6.35432587936853,0.599,0.014,0,"7","AC023590.1"
0,5.49053680010314,0.637,0.058,0,"7","MEF2B"
0,6.11501522648685,0.59,0.021,0,"7","RGS13"
0,3.27866674700117,0.602,0.051,0,"7","BCL7A"
0,3.87229924975311,0.606,0.057,0,"7","PTTG1"
0,4.83269273943826,0.599,0.054,0,"7","CCDC144A"
0,6.06184948360712,0.543,0.014,0,"7","RAPGEF5"
0,4.40609587802083,0.556,0.032,0,"7","ZNF608"
0,4.6384231843231,0.503,0.023,0,"7","LMO2"
0,4.81732621724253,0.438,0.016,0,"7","DTX1"
0,7.2043444181995,0.413,0.004,0,"7","MYBL1"
0,6.74946605376091,0.398,0.004,0,"7","MKI67"
0,6.04884009463402,0.398,0.01,0,"7","SHCBP1"
0,4.84290424793233,0.398,0.021,0,"7","FANCA"
0,7.14962405024992,0.376,0.005,0,"7","RRM2"
0,6.49104068078099,0.376,0.005,0,"7","SUGCT"
0,6.41678648151469,0.354,0.006,0,"7","TYMS"
0,7.01547904619936,0.348,0.004,0,"7","PCLAF"
0,4.54931953615225,0.351,0.013,0,"7","SPRED2"
0,5.24688782578281,0.342,0.008,0,"7","CENPU"
0,5.8761712428405,0.335,0.007,0,"7","TK1"
0,5.26688454233651,0.335,0.009,0,"7","HIST1H3B"
0,6.11739354994955,0.329,0.004,0,"7","AC016168.2"
0,8.24109558948244,0.323,0.002,0,"7","LHFPL6"
0,5.69997746463125,0.326,0.005,0,"7","TPX2"
0,4.77234988503639,0.329,0.009,0,"7","AFF2"
0,4.99026728426083,0.326,0.007,0,"7","A4GALT"
0,6.6711782358349,0.32,0.002,0,"7","BIRC5"
0,6.09037020385673,0.32,0.004,0,"7","MME"
0,4.71532914451897,0.317,0.011,0,"7","CDKN3"
0,7.81678638645368,0.307,0.002,0,"7","DIAPH3"
0,4.75671204120068,0.304,0.009,0,"7","NCAPH"
0,6.42511023784913,0.298,0.003,0,"7","CDK1"
0,5.42166940695721,0.295,0.01,0,"7","AC104170.1"
0,5.17460395471227,0.292,0.008,0,"7","EEPD1"
0,4.81375505422651,0.289,0.006,0,"7","CENPW"
0,6.04945037551023,0.283,0.003,0,"7","ZWINT"
0,4.6829914450731,0.276,0.007,0,"7","MAD2L1"
0,6.50528800796865,0.273,0.004,0,"7","GINS2"
0,5.38526425993707,0.273,0.005,0,"7","IQCD"
0,4.85096873997576,0.27,0.005,0,"7","CDCA7"
0,6.870964612096,0.27,0.005,0,"7","SLCO3A1"
0,4.53530603896182,0.27,0.007,0,"7","CDCA8"
0,4.69923730163444,0.27,0.008,0,"7","BUB1"
0,4.9691158293371,0.27,0.008,0,"7","BAIAP2L1"
0,7.66594556358176,0.261,0.001,0,"7","AURKB"
0,7.11063158148457,0.258,0.002,0,"7","CDT1"
2.00820239279085e-312,4.56220398066354,0.27,0.009,4.14653630063454e-308,"7","ASF1B"
8.52592270714312e-308,4.21700651027913,0.28,0.01,1.76043252057091e-303,"7","TOP2A"
1.47899099768006e-306,5.38799990642316,0.385,0.023,3.05382061200979e-302,"7","DCAF12"
9.64531863869243e-303,3.43376859511815,0.432,0.028,1.99156539251721e-298,"7","KNL1"
2.86785520289451e-302,4.15694419015208,0.472,0.035,5.92154742293657e-298,"7","AC119673.2"
1.88871362283652e-299,3.98030040888196,0.481,0.038,3.89981588843285e-295,"7","NUSAP1"
3.83370878142386e-297,4.6664629518889,0.789,0.125,7.91584189188399e-293,"7","PRPSAP2"
5.10303133078569e-293,3.93964095426674,0.366,0.02,1.05367390918063e-288,"7","HRK"
4.22045681373793e-290,5.39414799823469,0.255,0.009,8.71439922900607e-286,"7","UCHL1"
2.75820828155823e-286,3.88452452550218,0.755,0.115,5.69514845976144e-282,"7","CD38"
2.17282750259448e-279,4.7869034627332,0.264,0.01,4.48645422735707e-275,"7","CENPF"
1.1708336043871e-275,3.42012596691844,0.429,0.031,2.41753722633849e-271,"7","ELL3"
8.77317615856619e-267,3.64963238303402,0.357,0.022,1.81148541322075e-262,"7","GCSAM"
1.48936687585434e-261,4.23614216772406,0.295,0.014,3.07524472526405e-257,"7","DHFR"
4.37105177284164e-259,3.52606338932166,0.463,0.039,9.02534770056341e-255,"7","SORL1"
1.41159917671045e-258,3.51483995858899,0.432,0.034,2.91466998007173e-254,"7","DMD"
5.63107294286439e-250,3.84133474938571,0.363,0.024,1.16270394124264e-245,"7","CCNB1"
3.93131971859205e-249,3.87467067106272,0.27,0.012,8.11738895494886e-245,"7","FANCI"
2.45691606314546e-246,4.50625293138905,0.516,0.057,5.07304028718275e-242,"7","BIK"
1.69955339928974e-230,4.87517363834117,0.264,0.013,3.50923785885345e-226,"7","KCNK12"
5.62257728650437e-229,4.67849476329166,0.27,0.014,1.16094975811742e-224,"7","SLC2A5"
5.42679748927703e-226,3.71617654239218,0.289,0.017,1.12052514558592e-221,"7","RMI2"
2.29137565941671e-217,3.75896986168677,0.276,0.016,4.73123246156361e-213,"7","CLSPN"
5.31765110306055e-215,2.82724037749555,0.472,0.049,1.09798859975994e-210,"7","FAM111B"
2.87046718301603e-206,3.85470971310878,0.304,0.021,5.92694063949151e-202,"7","VNN2"
3.68467916848706e-205,3.24113182536335,0.842,0.204,7.60812554709209e-201,"7","SYNE2"
1.69352630639996e-201,3.3528988880948,0.599,0.093,3.49679311745464e-197,"7","DEF8"
7.10675920291265e-200,3.49959959963193,0.742,0.154,1.46740364021741e-195,"7","CPNE3"
1.87656132186069e-194,3.4354607614746,0.252,0.014,3.87472381737795e-190,"7","IKZF2"
5.20383357565264e-191,2.96571850396165,0.581,0.087,1.07448755670076e-186,"7","MCTP2"
9.76808903241355e-188,3.29083016276745,0.407,0.043,2.01691502341275e-183,"7","HELLS"
2.07374744636375e-187,2.77181867581716,0.761,0.16,4.28187372725187e-183,"7","OTULIN"
1.41453023052805e-186,3.18706304174309,0.494,0.065,2.92072201999432e-182,"7","GCHFR"
3.30404933515459e-179,2.82123188361302,0.919,0.297,6.8222010672272e-175,"7","LRMP"
3.50650948371387e-179,3.27482891355864,0.366,0.037,7.24024078197239e-175,"7","HMGB3"
4.41150986363695e-177,3.66056313148837,0.295,0.023,9.10888556643758e-173,"7","LHFPL2"
7.40505828340493e-176,3.7604404072067,0.342,0.033,1.52899643435745e-171,"7","LINC00877"
5.8349504465807e-175,3.17372251594475,0.261,0.018,1.20480056820998e-170,"7","NCAPG2"
9.69767618740476e-172,2.66614720850503,0.606,0.103,2.00237617917533e-167,"7","PAG1"
2.24987700518483e-169,2.96922995904866,0.68,0.145,4.64554604030563e-165,"7","HMCES"
1.19813164262891e-168,2.35576596307886,0.683,0.132,2.47390221570017e-164,"7","P2RX5"
3.3760296535895e-168,2.92355620000571,0.289,0.023,6.97082602873159e-164,"7","LCK"
2.63085356352509e-167,2.40372327510695,0.727,0.152,5.4321864379666e-163,"7","SSBP2"
2.94240845676472e-167,3.30903991738865,0.317,0.029,6.07548498152779e-163,"7","IGF2BP3"
1.60384852815346e-165,4.07556724620846,0.273,0.022,3.31162644093126e-161,"7","SCARB1"
2.43710373129184e-164,3.40251599475955,0.72,0.166,5.0321317843714e-160,"7","MSI2"
7.09135057026517e-164,2.90093814936911,0.54,0.089,1.46422206574835e-159,"7","GRHPR"
8.9297388680193e-164,2.96418065089388,0.584,0.105,1.84381248146863e-159,"7","ABRACL"
2.80907624976079e-161,2.68461516843531,0.351,0.036,5.80018064050609e-157,"7","SMC2"
1.04598450966797e-160,3.3155321252892,0.273,0.022,2.15974881556243e-156,"7","OGG1"
1.29521085767525e-158,3.49227785471799,0.786,0.217,2.67435137892786e-154,"7","LPP"
1.86891970644906e-158,2.43845654572295,0.537,0.085,3.85894540987602e-154,"7","GPR18"
7.86752882186801e-156,2.7574798431135,0.317,0.03,1.62448735113931e-151,"7","PRC1"
1.1291435811609e-155,3.24086240745414,0.283,0.024,2.33145566638102e-151,"7","PM20D2"
9.23089814556747e-155,3.66441766865564,0.317,0.031,1.90599584909677e-150,"7","HIP1"
9.66694019718615e-154,2.50727606846599,0.891,0.306,1.996029811915e-149,"7","RFTN1"
1.58799974656869e-152,2.67049190927191,0.63,0.13,3.27890187671503e-148,"7","H2AFY"
2.7719754556143e-151,2.54973778797933,0.842,0.273,5.72357492075241e-147,"7","SEC14L1"
1.10767232058241e-150,2.75219946397309,0.307,0.029,2.28712180753857e-146,"7","NDC1"
1.27744818838825e-149,3.39255560930823,0.376,0.046,2.63767501938406e-145,"7","NIBAN1"
8.37105060364968e-149,2.60863020694499,0.469,0.07,1.72845452864159e-144,"7","PEG10"
1.14373242109322e-146,3.20594569240609,0.373,0.047,2.36157870307328e-142,"7","MIR181A1HG"
3.42645940628378e-146,3.03993292694778,0.264,0.022,7.07495338209475e-142,"7","CENPP"
2.80772428759309e-145,3.0832166769344,0.394,0.052,5.79738910902221e-141,"7","PITPNC1"
1.08612944339046e-143,2.50002576299797,0.509,0.084,2.24264007471262e-139,"7","ANKRD33B"
2.36624636370573e-143,2.74491771190185,0.398,0.052,4.88582549177959e-139,"7","RNF121"
1.54389403910673e-137,2.44008732799193,0.668,0.153,3.18783241194758e-133,"7","P2RY8"
1.64677570958405e-136,2.4567847195755,0.376,0.048,3.40026248514915e-132,"7","NUDT1"
1.70333779722523e-136,2.44814530262782,0.612,0.129,3.51705188371065e-132,"7","ATP8A1"
7.95570517870024e-136,2.739496753392,0.568,0.114,1.64269400529803e-131,"7","DNMT1"
1.73935191649417e-135,2.46083407613528,0.637,0.142,3.59141383717716e-131,"7","BCL6"
1.95668192500507e-134,2.63093498391799,0.373,0.049,4.04015683875047e-130,"7","ATAD2"
5.1463067588358e-133,2.75126631531409,0.329,0.039,1.06260941956442e-128,"7","ADA"
6.00910204107278e-133,2.4444024601868,0.512,0.091,1.24075938944071e-128,"7","TMED8"
2.41272083229816e-132,2.14278587295265,0.54,0.099,4.98178597452925e-128,"7","CDCA7L"
3.17454697603916e-130,2.80291528672985,0.425,0.067,6.55480459612567e-126,"7","IL21R"
7.30183672796007e-130,2.98769591213765,0.258,0.024,1.5076832475892e-125,"7","ATAD5"
9.36138844735031e-130,3.60366739978389,0.413,0.065,1.93293948660889e-125,"7","HIST1H1B"
3.6669286123729e-127,2.51823174721053,0.391,0.056,7.57147419882757e-123,"7","C12orf75"
4.63958421513293e-127,2.7031683702579,0.435,0.069,9.57981348740647e-123,"7","SMARCA4"
4.6722729316819e-126,3.16637651598374,0.283,0.03,9.6473091493368e-122,"7","MAST2"
5.11828735917928e-126,2.65266897206188,0.335,0.042,1.05682397392334e-121,"7","CLIP2"
7.95683290747384e-126,2.50588725557469,0.273,0.028,1.6429268587352e-121,"7","MSH2"
5.29661888973489e-123,2.51346446094638,0.401,0.062,1.09364586835246e-118,"7","EXT1"
1.39475305608144e-122,2.11912882422701,0.649,0.16,2.87988611019697e-118,"7","FKBP1A"
2.0771681890152e-122,2.26914302958398,0.314,0.037,4.28893687667858e-118,"7","CENPN"
1.48954929185043e-121,2.43508949060453,0.391,0.058,3.07562137781276e-117,"7","MFHAS1"
3.68490705690771e-121,2.27010680187545,0.873,0.342,7.60859609110304e-117,"7","CD79B"
1.39508782598328e-120,2.60844910091054,0.255,0.025,2.88057734309027e-116,"7","CHAF1A"
1.63219834590361e-119,2.37012390490852,0.913,0.457,3.37016314462178e-115,"7","LCP1"
3.28517329809034e-119,2.33756850487252,0.466,0.081,6.78322582589693e-115,"7","CDK19"
2.00640573247498e-118,3.28653899945444,0.264,0.028,4.14282655641435e-114,"7","SLC30A4"
2.24243071566914e-118,2.95871652260128,0.258,0.027,4.63017094171364e-114,"7","ZFAND4"
2.6449187125856e-118,2.35475945848232,0.46,0.082,5.46122815774674e-114,"7","EZH2"
8.39697198928167e-118,4.09182403575929,0.267,0.03,1.73380677634688e-113,"7","PHGDH"
8.57579285540227e-118,2.0001248165828,0.571,0.123,1.77072970878346e-113,"7","MAP2K1"
9.17376099305633e-118,2.80261469619142,0.342,0.047,1.89419816984627e-113,"7","LMNB1"
2.77822462691443e-117,2.79230709031329,0.326,0.043,5.73647820965291e-113,"7","MCM3"
2.82626816785133e-117,2.64603184969795,0.5,0.103,5.83567851297943e-113,"7","CCDC88A"
1.43994315090095e-116,1.96163337419069,0.537,0.108,2.97319461798028e-112,"7","CAMK2D"
8.30538645180317e-116,1.91122104147024,0.543,0.11,1.71489619456832e-111,"7","IL4R"
1.91242396870737e-115,2.71490743433615,0.938,0.742,3.94877301058697e-111,"7","ACTG1"
8.43807807177915e-114,2.1506999368496,0.624,0.155,1.74229436026096e-109,"7","CCDC69"
1.01060486580623e-113,1.99499154588935,0.845,0.307,2.08669692691671e-109,"7","CLIC4"
3.92498415837664e-113,2.49705107644651,0.438,0.079,8.10430729021608e-109,"7","TOX"
6.82107478899896e-113,2.317399300354,0.571,0.129,1.40841552243251e-108,"7","CUX1"
4.92519804736481e-112,2.23162805647176,0.981,0.947,1.01695489281989e-107,"7","ACTB"
1.88416297412425e-111,2.05445969883763,0.528,0.11,3.89041970897175e-107,"7","SEPHS2"
6.35674895809849e-111,2.40847162914851,0.376,0.058,1.31254152486818e-106,"7","MMD"
1.33998489353054e-110,2.12337203579801,0.376,0.058,2.76680080816186e-106,"7","CCDC138"
2.25238634976266e-110,2.88196515106835,0.36,0.056,4.65072733498994e-106,"7","NLK"
4.17692285073908e-110,2.38819489187862,0.425,0.075,8.62451030220605e-106,"7","RGS16"
1.13709834727258e-109,2.34359574393723,0.519,0.113,2.34788066744842e-105,"7","SMC4"
2.01252314334927e-109,2.03056488356797,0.661,0.173,4.15545778638757e-105,"7","CD22"
4.7973487844476e-108,2.17711075936298,0.503,0.104,9.90556577012741e-104,"7","STAG3"
1.38138797031313e-107,2.07026005766839,0.568,0.133,2.85228988110256e-103,"7","ITGAE"
4.47337418092306e-107,2.26905379447006,0.329,0.047,9.23662300876994e-103,"7","RRM1"
1.71667288351181e-105,2.83142956763155,0.581,0.156,3.54458616987519e-101,"7","GMDS"
1.9334560703538e-104,3.2606135814171,0.298,0.042,3.99220009406652e-100,"7","SEMA4A"
2.22169135965312e-104,1.99648225200374,0.581,0.139,4.58734831941177e-100,"7","TERF2"
3.28094644802091e-104,2.27853813734109,0.404,0.071,6.77449822587357e-100,"7","HS2ST1"
3.55255808836076e-104,2.32363540402077,0.425,0.077,7.3353219408473e-100,"7","ITPKB"
4.67032441845832e-104,2.00854465664228,0.469,0.092,9.64328585923274e-100,"7","ATXN10"
6.78005516806001e-104,2.08532541883032,0.304,0.041,1.39994579110103e-99,"7","ERI1"
2.04933223646545e-103,3.22749867573071,0.674,0.229,4.23146120185387e-99,"7","HMGB2"
1.46202191095203e-102,2.19566718047321,0.401,0.07,3.01878284173376e-98,"7","MAP4K2"
1.85189328418341e-102,1.99203580063144,0.798,0.31,3.82378925318192e-98,"7","PARP1"
2.57960213125734e-102,1.78619078098769,0.646,0.174,5.32636248062016e-98,"7","FABP5"
5.17581753981902e-102,2.3652135341235,0.348,0.054,1.06870280562183e-97,"7","LIMK1"
1.43978093925718e-101,2.10673719592111,0.429,0.08,2.97285968337823e-97,"7","UBR7"
1.47501242282061e-101,2.02454852382836,0.733,0.246,3.04560565063999e-97,"7","RBBP4"
4.33042561996992e-101,1.86808887095675,0.944,0.862,8.9414628201139e-97,"7","GAPDH"
1.1240336290527e-100,2.68923651424568,0.295,0.041,2.32090463726801e-96,"7","GOT2"
1.33434182203352e-100,1.92044347913119,0.634,0.168,2.75514899413481e-96,"7","LAT2"
3.010480267442e-100,2.51368607445576,0.382,0.067,6.21603965621424e-96,"7","NCOA7"
6.08482685521258e-100,1.95893300567348,0.922,0.514,1.25639504906429e-95,"7","CORO1A"
1.94306179347475e-99,2.36233267614781,0.348,0.056,4.01203399116666e-95,"7","GMNN"
4.95864236437483e-99,2.03260753389944,0.46,0.092,1.02386047539612e-94,"7","MYO9A"
1.46772497976633e-97,2.84605771520687,0.388,0.069,3.03055853822151e-93,"7","ABR"
2.0900282399783e-97,1.82391523213688,0.481,0.101,4.31549030990719e-93,"7","HDAC7"
2.58440893034463e-97,1.88628930453203,0.717,0.232,5.3362875593756e-93,"7","TKT"
6.00122872524244e-97,2.23903430619651,0.556,0.147,1.23913370718806e-92,"7","IDH2"
1.0228068166807e-96,2.24873319123937,0.795,0.364,2.1118915150823e-92,"7","MARCKSL1"
1.21573284991532e-96,2.00077737406224,0.407,0.075,2.51024518850515e-92,"7","IGHV5-78"
4.59761210720604e-96,2.25180127121441,0.295,0.042,9.49314947895903e-92,"7","RFC2"
4.77391744713322e-96,1.82325156928475,0.674,0.196,9.85718474484068e-92,"7","TBC1D1"
4.82924818544603e-96,1.77829548169337,0.845,0.343,9.97143165330896e-92,"7","BASP1"
8.14013288241751e-96,1.97802449376165,0.742,0.27,1.68077463756157e-91,"7","JPT1"
1.02763692926622e-95,2.70950401954296,0.28,0.038,2.1218647315489e-91,"7","MTA3"
1.8465831250072e-95,2.71009602267339,0.289,0.041,3.81282483651486e-91,"7","FEN1"
2.74952360242328e-95,1.89657639484726,0.851,0.41,5.67721633428359e-91,"7","UBE2J1"
5.2701224180115e-95,1.9350415609791,0.46,0.096,1.08817487687101e-90,"7","FERMT3"
2.17769744672825e-94,1.89425692538177,0.578,0.151,4.49650968800449e-90,"7","EAF2"
4.15798307489444e-94,1.71092284792133,0.413,0.077,8.58540345304203e-90,"7","RCC2"
1.08775859135906e-93,2.0456648694831,0.339,0.055,2.24600393943819e-89,"7","TPGS2"
1.89472871077765e-93,2.49012402663342,0.348,0.06,3.9122358420137e-89,"7","NET1"
1.12739258424727e-92,1.82477464755783,0.646,0.192,2.32784020795376e-88,"7","RNGTT"
3.33179749254955e-91,2.1072174150012,0.469,0.109,6.87949546261632e-87,"7","CPNE5"
7.85851277874553e-91,1.84543450531166,0.724,0.238,1.62262571855538e-86,"7","DAPP1"
5.28701966316762e-90,1.81964371072789,0.326,0.053,1.09166382005085e-85,"7","BARD1"
7.5199499608102e-90,1.97204894337718,0.606,0.178,1.55271926790809e-85,"7","MTHFD2"
1.95472524391294e-89,2.01994318275685,0.429,0.089,4.03611668363144e-85,"7","TFDP1"
3.01496503203825e-89,2.25802635327546,0.547,0.153,6.22529979815258e-85,"7","CALM3"
4.13945267448687e-89,2.10896272614759,0.398,0.078,8.5471418822805e-85,"7","HOPX"
7.83677053536747e-89,2.23784938375953,0.348,0.06,1.61813638014267e-84,"7","MOB1B"
8.24022058124898e-89,1.6983402137061,0.705,0.224,1.70144074561629e-84,"7","LBR"
1.24372590258682e-88,1.8408838073469,0.438,0.093,2.56804524366127e-84,"7","SYNC"
1.40020106204208e-88,2.47338432157813,0.398,0.082,2.89113515290449e-84,"7","CENPM"
2.02641087527574e-88,1.64634692290928,0.637,0.18,4.18413317526936e-84,"7","CSK"
2.05009306394745e-88,2.47388877710432,0.286,0.043,4.23303215843869e-84,"7","QPCT"
1.70472254803283e-87,2.53565983958277,0.429,0.093,3.51991111717818e-83,"7","USP53"
1.76729401460806e-87,1.83852588927767,0.624,0.183,3.64910868136271e-83,"7","HDAC1"
2.54898124380546e-87,2.92733651074643,0.27,0.04,5.26313647220951e-83,"7","KANK1"
4.87702255445592e-87,1.91179947075747,0.72,0.255,1.00700761704406e-82,"7","CXCR5"
5.23506878543737e-87,2.46632415790389,0.348,0.063,1.08093700281711e-82,"7","PCNA"
1.60356520139824e-86,2.11413000705843,0.357,0.064,3.31104142784708e-82,"7","TTC39C"
4.35358130929801e-86,1.5245142234421,0.568,0.146,8.98927468743852e-82,"7","DLEU2"
7.02284925832142e-86,1.70924612465607,0.404,0.081,1.45007791485821e-81,"7","MTCH2"
8.29085274123334e-86,2.21956879769593,0.373,0.073,1.71189527400986e-81,"7","COMMD4"
9.71197500070721e-86,2.23882303528995,0.36,0.069,2.00532859814603e-81,"7","KIF22"
2.16284244229924e-85,2.05501345138791,0.404,0.083,4.46583707485947e-81,"7","PHF19"
2.54318963398156e-85,2.11886640561676,0.432,0.098,5.25117795624512e-81,"7","GLRX5"
7.2122842666221e-85,2.435461790403,0.252,0.035,1.48919245537213e-80,"7","SKA2"
2.14572200424415e-84,2.20680558817719,0.339,0.061,4.43048679436333e-80,"7","RAD17"
4.19660304484872e-84,1.95957129326677,0.646,0.2,8.66514596700364e-80,"7","TMEM131L"
5.76246569659327e-84,1.67979512591657,0.689,0.237,1.18983391703258e-79,"7","POU2AF1"
7.05784588750964e-84,1.96849522708743,0.354,0.067,1.45730401885299e-79,"7","NSMCE1"
8.59609930140793e-84,2.20205177882907,0.419,0.094,1.77492258375471e-79,"7","PRDX3"
9.18505972204693e-84,2.0074550226839,0.28,0.042,1.89653113140825e-79,"7","POLR3K"
1.61517954742561e-83,2.96823682069182,0.652,0.249,3.33502272952439e-79,"7","STMN1"
1.63083158756631e-83,2.01475663086604,0.429,0.096,3.36734106200691e-79,"7","PLIN3"
1.17289451962553e-82,1.77629113911364,0.295,0.047,2.4217926041228e-78,"7","LRR1"
2.01976832371534e-82,2.82208184069757,0.27,0.042,4.17041763480743e-78,"7","RASL11A"
3.6870566241228e-82,1.39409408107665,0.938,0.814,7.61303451748876e-78,"7","SERF2"
4.04679045107537e-82,1.8311886212176,0.547,0.147,8.35581292338043e-78,"7","SPI1"
6.87133297535092e-82,1.7237391148313,0.689,0.233,1.41879283275046e-77,"7","WDR1"
6.63155778287443e-81,2.06989709763528,0.438,0.101,1.36928405100791e-76,"7","YARS"
3.24692302558705e-80,1.72410038864387,0.814,0.388,6.70424666323214e-76,"7","ARPC1B"
3.65648530621677e-80,1.62932521684327,0.944,0.809,7.54991086027639e-76,"7","PFN1"
1.15319931979974e-79,1.95152351418935,0.795,0.391,2.3811259555225e-75,"7","H2AFV"
1.28933612277534e-79,1.58559417925075,0.736,0.266,2.66222122630653e-75,"7","KLHL5"
1.57723136320923e-79,1.47883600001536,0.932,0.778,3.25666731875441e-75,"7","CFL1"
2.62703214200884e-79,1.94961392445002,0.401,0.086,5.42429596681986e-75,"7","BRI3BP"
1.99754585631818e-78,2.28690322894594,0.261,0.04,4.12453268412578e-74,"7","LIG1"
3.07746257159662e-78,2.10115286602447,0.252,0.037,6.3543447178327e-74,"7","STK39"
6.83830114618013e-78,1.60594470614144,0.627,0.192,1.41197242066327e-73,"7","TACC1"
9.54115778284282e-78,1.76359116694021,0.46,0.112,1.97005825900139e-73,"7","ATP6V1E1"
1.08728930171435e-77,1.46228144259172,0.686,0.22,2.2450349501798e-73,"7","ETS1"
2.11547703162171e-77,1.5991338459873,0.904,0.48,4.36803697489251e-73,"7","TMEM123"
4.47505722622524e-77,1.84330253429779,0.689,0.252,9.24009816070988e-73,"7","BLOC1S6"
9.7704755230403e-77,1.84963151410529,0.649,0.228,2.01740778599736e-72,"7","KPNA2"
2.4384778253403e-76,1.61182385926565,0.86,0.451,5.03496901376266e-72,"7","LIMD2"
4.59704598192731e-76,1.70191347599325,0.795,0.322,9.49198054348351e-72,"7","SH3KBP1"
5.41658326824443e-76,1.5090895663892,0.711,0.247,1.11841611322711e-71,"7","ZCCHC7"
1.3304191685801e-75,1.76113916773306,0.854,0.49,2.74704949928418e-71,"7","HMGN1"
3.04517460691632e-75,2.1139881055758,0.401,0.094,6.28767652836082e-71,"7","SLC1A4"
3.14555420538507e-75,0.959115184359202,0.773,0.28,6.4949403232791e-71,"7","PDE4D"
5.0130327875865e-75,1.73289026746572,0.562,0.16,1.03509100998086e-70,"7","DGKD"
5.69475507057837e-75,1.67858469105964,0.506,0.134,1.17585302697302e-70,"7","TCF3"
7.61970815313002e-75,1.82498452626801,0.553,0.162,1.57331733945829e-70,"7","ZNF581"
9.84958375933492e-75,2.49927442277759,0.842,0.489,2.03374205462748e-70,"7","HMGN2"
1.54475059099024e-74,1.61135253755572,0.425,0.099,3.18960102027665e-70,"7","SNRNP25"
1.84394507361926e-74,1.59157081467022,0.854,0.453,3.80737778800905e-70,"7","TPM4"
2.07005807608943e-74,1.63692650392145,0.547,0.15,4.27425591550946e-70,"7","UHRF2"
3.00146484855822e-74,2.44326526386824,0.255,0.04,6.19742461930302e-70,"7","TPCN1"
3.15587322158509e-74,1.62097992579451,0.354,0.072,6.5162470279289e-70,"7","MRPL37"
3.60233537992093e-74,1.47233619780833,0.528,0.143,7.43810209246073e-70,"7","ARHGEF7"
3.81331014615464e-74,1.54609547394986,0.696,0.242,7.8737227897801e-70,"7","FAM76B"
3.95738920686769e-74,2.12186786642976,0.422,0.101,8.17121723434041e-70,"7","MCM7"
5.34575902352621e-74,1.73797302894721,0.516,0.145,1.10379232317769e-69,"7","IMP4"
1.69511000988544e-73,1.4903811450175,0.907,0.596,3.50006314841147e-69,"7","YWHAB"
1.79838475436144e-73,1.37133132854713,0.54,0.149,3.7133048408055e-69,"7","SLC37A1"
2.81751071456635e-73,1.56999905306232,0.422,0.098,5.8175961234366e-69,"7","POLR2G"
3.07978252607915e-73,2.04735403797296,0.304,0.056,6.35913495984823e-69,"7","GLUL"
3.65953688290381e-73,1.59773896958266,0.528,0.143,7.55621175581978e-69,"7","PAX5"
5.12991433934456e-73,1.68925577580725,0.882,0.481,1.05922471278786e-68,"7","USP34"
5.67861081125701e-73,2.18324968578138,0.264,0.043,1.17251956030835e-68,"7","DOCK9"
5.73202862171735e-73,1.44271395565063,0.506,0.134,1.1835492698122e-68,"7","DESI2"
1.56847105969004e-72,1.72934656366551,0.512,0.148,3.238579044048e-68,"7","SPATS2"
3.85384258030481e-72,1.48643994497303,0.559,0.16,7.95741415981337e-68,"7","HELZ"
4.21189919655673e-72,1.51432249312786,0.587,0.179,8.69672946105033e-68,"7","CYB5R3"
4.93893269950566e-72,1.65203091063813,0.82,0.414,1.01979082379393e-67,"7","PKM"
6.98935304046659e-72,2.08000554134172,0.301,0.056,1.44316161579554e-67,"7","DPH7"
7.10227769377851e-72,1.55332517383763,0.491,0.132,1.46647829821139e-67,"7","ADAM19"
1.21142654658211e-71,1.45686595085484,0.466,0.117,2.50135353338274e-67,"7","DBNL"
1.4404971356056e-71,1.44308837679151,0.525,0.146,2.97433848559845e-67,"7","LIMS1"
1.50851870919277e-71,1.46732519120757,0.652,0.211,3.11478943074122e-67,"7","STAP1"
2.72005645063844e-71,1.7687688562075,0.373,0.081,5.61637255927825e-67,"7","CCDC126"
3.12255227188575e-71,1.73899934691823,0.571,0.184,6.44744593098969e-67,"7","PIM1"
3.55087948255603e-71,1.54987107802445,0.385,0.084,7.3318559555817e-67,"7","ZNF318"
6.17621192234299e-71,1.64917317483642,0.255,0.041,1.27526423772538e-66,"7","COMMD8"
8.54634245061227e-71,2.41077972023825,0.286,0.052,1.76464878920242e-66,"7","SUSD3"
1.20129663171316e-70,1.65113910239059,0.798,0.413,2.48043728516133e-66,"7","ENO1"
2.85497389653652e-70,2.1014662619063,0.255,0.042,5.89495010156861e-66,"7","CPB2-AS1"
8.59009471195745e-70,1.64555577123796,0.363,0.079,1.77368275612497e-65,"7","ATP6V1A"
1.00566436980026e-69,1.22281847331433,0.425,0.099,2.07649579076358e-65,"7","TOPBP1"
1.08969177901788e-69,2.09909716801749,0.323,0.065,2.24999558531611e-65,"7","GPR137B"
1.57955452003092e-69,1.46818447259167,0.301,0.055,3.26146417295984e-65,"7","VRK1"
3.45760252280929e-69,1.66418349192989,0.829,0.451,7.13925768909661e-65,"7","ALDOA"
3.80884051217513e-69,1.67571098404587,0.329,0.066,7.8644938895392e-65,"7","SEPTIN11"
4.28082303087904e-69,1.54501177688705,0.832,0.382,8.83904339415903e-65,"7","BPTF"
4.50307201108243e-69,1.54949860855468,0.547,0.166,9.29794308848301e-65,"7","NUDT21"
4.73801066403774e-69,1.92027029299114,0.273,0.048,9.78304441910512e-65,"7","POLH"
4.88506451068241e-69,1.41325127680491,0.593,0.179,1.0086681201657e-64,"7","BCL11A"
5.15014692012027e-69,1.79364551738597,0.394,0.089,1.06340233606643e-64,"7","AC119396.1"
7.63041505578073e-69,1.68183561900081,0.891,0.665,1.57552810071761e-64,"7","H2AFZ"
7.90492449476949e-69,1.68628937245827,0.416,0.099,1.63220880968e-64,"7","NEK6"
8.66501596590818e-69,1.93053560489705,0.286,0.052,1.78915249664072e-64,"7","KATNAL1"
9.9956406867367e-69,1.49911156862789,0.68,0.247,2.06389988899739e-64,"7","ARPC5"
1.31259173511713e-68,1.41309169077399,0.401,0.093,2.71023941466985e-64,"7","ATP10D"
3.85424866849848e-68,1.39360552576754,0.957,0.864,7.95825265071567e-64,"7","HMGB1"
4.00053036631788e-68,1.52289656365621,0.677,0.249,8.26029510037316e-64,"7","TMEM156"
5.46904476692591e-68,1.27785907084014,0.717,0.26,1.12924836347486e-63,"7","CLEC2D"
7.22162052065247e-68,1.69824867673614,0.432,0.108,1.49112020510432e-63,"7","NSD2"
9.58496478804857e-68,1.53021967720329,0.512,0.146,1.97910352943627e-63,"7","USP1"
1.07600565101194e-67,1.68140117509027,0.54,0.158,2.22173646820945e-63,"7","ERBIN"
2.37318449113291e-67,1.81242606426114,0.512,0.154,4.90015133729124e-63,"7","EHD4"
2.41584056473723e-67,1.44952556880638,0.329,0.067,4.98822759806943e-63,"7","APIP"
4.90219293415776e-67,1.30647720485759,0.804,0.335,1.01220479704489e-62,"7","GGA2"
6.86266024495911e-67,1.4243482460944,0.63,0.21,1.41700208737916e-62,"7","SNX5"
7.01228367912971e-67,1.76722126158276,0.581,0.191,1.4478963340667e-62,"7","LPIN1"
8.57253636921918e-67,1.68532130411665,0.77,0.34,1.77005730951638e-62,"7","TPD52"
8.96086874586637e-67,1.95928310120888,0.28,0.052,1.85024017864649e-62,"7","SSBP3"
9.44534432479193e-67,1.48427388524263,0.596,0.194,1.95027469618304e-62,"7","LYPLA1"
1.04431511614236e-66,2.06681439202917,0.27,0.049,2.15630185181075e-62,"7","SAP30"
1.53334857495104e-66,1.60441713729228,0.528,0.154,3.16605813755892e-62,"7","SASH3"
2.04752189995447e-66,1.61867185727932,0.839,0.412,4.22772321902599e-62,"7","RABGAP1L"
5.22614973030588e-66,1.67567957597552,0.435,0.111,1.07909539631356e-61,"7","LRCH1"
1.44260793980443e-65,1.46805398421141,0.568,0.181,2.97869687410818e-61,"7","MDH1"
1.65003057333572e-65,1.51806239894942,0.491,0.143,3.4069831278236e-61,"7","SYVN1"
4.94764388315432e-65,1.32873029134625,0.894,0.506,1.0215895089937e-60,"7","RAP1B"
1.04218788515813e-64,1.55078996655721,0.556,0.179,2.1519095452745e-60,"7","SIAH2"
1.53967341936824e-64,1.54785508085694,0.357,0.08,3.17911767631154e-60,"7","CD2BP2"
2.21165951517708e-64,1.52448208925398,0.804,0.411,4.56663456693763e-60,"7","DBI"
2.35060432339049e-64,1.4367666072526,0.587,0.19,4.85352780693668e-60,"7","RASGRP3"
3.71254858428561e-64,1.61809586585819,0.736,0.35,7.66567031683294e-60,"7","HMGA1"
5.83735476489236e-64,1.3549405889249,0.885,0.669,1.20529701185498e-59,"7","ATP5MG"
9.68260429173686e-64,1.60496994690363,0.553,0.181,1.99926413415783e-59,"7","CCM2"
1.0980178576184e-63,1.66850554152891,0.45,0.12,2.26718727241047e-59,"7","RRM2B"
2.24367030526441e-63,1.43757247671433,0.78,0.35,4.63273044630995e-59,"7","HLA-DMB"
2.79929817915017e-63,1.99807215744068,0.28,0.054,5.77999088030927e-59,"7","EYA3"
3.73905472617267e-63,1.49785999743381,0.78,0.357,7.72040019860133e-59,"7","ARPC5L"
4.07748328082241e-63,1.472008398473,0.839,0.495,8.4191874782421e-59,"7","PRDX1"
4.11817819064586e-63,1.83370698573514,0.457,0.131,8.50321432804557e-59,"7","BID"
5.43297451747045e-63,1.51613012300709,0.528,0.164,1.1218005783673e-58,"7","CARHSP1"
1.09767907350242e-62,1.53867994320883,0.894,0.58,2.26648775096779e-58,"7","BACH2"
1.15173802598006e-62,1.93929115310975,0.326,0.071,2.37810867604362e-58,"7","XKR6"
1.17593461566539e-62,1.50404149557103,0.609,0.22,2.42806979442591e-58,"7","TRAPPC1"
1.58114463312625e-62,1.42953801141474,0.506,0.153,3.26474743847909e-58,"7","LAP3"
2.36335940301357e-62,1.64617962697629,0.335,0.076,4.87986449534242e-58,"7","RASSF6"
2.6806196925802e-62,1.6644417671134,0.419,0.109,5.5349435412396e-58,"7","MSH6"
3.20721681213051e-62,1.50028267293169,0.497,0.146,6.62226127368708e-58,"7","APLP2"
3.45268303903141e-62,1.5142893949979,0.879,0.459,7.12909993899205e-58,"7","EHMT1"
7.60402462322904e-62,1.52732177716357,0.752,0.322,1.57007900420433e-57,"7","SYAP1"
7.99316154897132e-62,1.37749374672498,0.407,0.104,1.6504279966316e-57,"7","R3HDM1"
2.48737268314739e-61,1.61574231603474,0.314,0.067,5.13592711616272e-57,"7","FKBP5"
2.94044854535326e-61,1.59883418090275,0.453,0.127,6.07143815644542e-57,"7","STK40"
3.5687968784257e-61,1.43759991183261,0.826,0.384,7.36885179457339e-57,"7","PLCG2"
7.67741483939355e-61,1.47939832334175,0.571,0.184,1.58523261603798e-56,"7","SNX8"
1.24400500533159e-60,1.46067702954067,0.649,0.249,2.56862153500867e-56,"7","RBBP7"
2.78701755663352e-60,1.57459171279857,0.435,0.121,5.7546338509369e-56,"7","SMIM20"
3.54794610099378e-60,1.36868263555576,0.373,0.089,7.32579910933196e-56,"7","CKS1B"
4.02908100329868e-60,1.45009500334838,0.382,0.095,8.31924645561111e-56,"7","UBAP2"
1.09928462603294e-59,1.35090396461338,0.848,0.467,2.26980289583281e-55,"7","ACTR3"
1.2510307349086e-59,1.46860616578976,0.37,0.089,2.58312826143928e-55,"7","VGLL4"
1.69185502837891e-59,1.80484217160648,0.32,0.072,3.49334226259678e-55,"7","LILRB1"
1.82195498182956e-59,1.2743273166779,0.711,0.28,3.76197264648167e-55,"7","POU2F2"
2.06250482715764e-59,1.91411845952312,0.301,0.063,4.25865996711509e-55,"7","PHLPP1"
2.13509117464308e-59,1.34151418792716,0.798,0.354,4.40853625740304e-55,"7","CUL3"
2.86075624811686e-59,1.43128012082428,0.398,0.101,5.9068895011117e-55,"7","C12orf49"
3.38653790609186e-59,1.52138955543967,0.516,0.167,6.99252346849848e-55,"7","MPC2"
8.57353226789271e-59,1.74387112186674,0.401,0.108,1.77026294267449e-54,"7","TEC"
8.62649629427189e-59,1.21416540617343,0.904,0.643,1.78119895484126e-54,"7","ARPC2"
9.1369107792807e-59,1.16574246247812,0.587,0.195,1.88658933770588e-54,"7","GTF2I"
9.51229550359226e-59,1.43713554427185,0.602,0.215,1.96409877558173e-54,"7","NARF"
1.02010740915493e-58,1.46416432640654,0.391,0.099,2.1063177784231e-54,"7","CD86"
1.14361552166431e-58,2.18178764544876,0.286,0.061,2.36133732913248e-54,"7","HIST1H2AH"
1.32061256365325e-58,1.40983599363429,0.677,0.273,2.72680082143123e-54,"7","ARPC4"
1.82666869588491e-58,1.63047474712957,0.335,0.078,3.77170552326316e-54,"7","SH2B2"
2.743141677136e-58,1.67507158649,0.82,0.522,5.66403893495041e-54,"7","LDHA"
2.87879179127667e-58,1.512133116825,0.41,0.109,5.94412929062807e-54,"7","SLC15A4"
2.90268580891526e-58,1.45912507191043,0.752,0.35,5.99346565824823e-54,"7","NCF1"
3.47889376831703e-58,1.32105321493612,0.429,0.113,7.183219852821e-54,"7","DCK"
4.27072055388765e-58,1.28014389124839,0.345,0.079,8.81818379966722e-54,"7","GMPS"
1.38264058380762e-57,1.31845763101888,0.522,0.165,2.85487627744598e-53,"7","PSMA4"
1.39682546391145e-57,1.76479251528334,0.267,0.054,2.88416521788436e-53,"7","RUVBL2"
2.78539593754786e-57,1.57652566564792,0.314,0.069,5.75128553184883e-53,"7","DCUN1D1"
3.59827754784098e-57,1.29556084117086,0.584,0.202,7.42972348078206e-53,"7","CLTC"
4.30014939951402e-57,1.32383965587561,0.708,0.282,8.87894848011655e-53,"7","EPS15"
4.96513372534014e-57,1.35349319725556,0.752,0.322,1.02520081160823e-52,"7","UBE2G1"
5.50207558833685e-57,1.69768660133883,0.382,0.103,1.13606856747979e-52,"7","NDUFB3"
5.8497175899002e-57,1.39692855247916,0.54,0.177,1.20784968796259e-52,"7","PRKDC"
6.30802234694894e-57,1.51215363936952,0.314,0.069,1.30248045419802e-52,"7","PARN"
8.02956871914624e-57,1.73887557585983,0.416,0.114,1.65794534912932e-52,"7","MAD1L1"
9.90548308899819e-57,1.6193801136558,0.429,0.122,2.04528414821635e-52,"7","RFC1"
1.61846425454885e-56,1.15213732407896,0.519,0.159,3.34180499279246e-52,"7","GIT2"
2.64671545298898e-56,1.69557734074036,0.267,0.053,5.46493806733164e-52,"7","GNB4"
2.76348835192544e-56,1.39359443257704,0.705,0.303,5.70605074905565e-52,"7","CD40"
2.94367656211383e-56,1.89200389444178,0.264,0.053,6.07810336545264e-52,"7","CAPN1"
4.53125110484671e-56,1.33204080370251,0.68,0.267,9.35612728128749e-52,"7","ZFAND3"
4.69902757160717e-56,1.53120633951618,0.252,0.047,9.70255212985447e-52,"7","KIF18A"
5.8722505912211e-56,1.83180436713124,0.27,0.056,1.21250230207533e-51,"7","HIST1H2AL"
6.17851639066897e-56,1.45057750980483,0.72,0.342,1.27574006434533e-51,"7","PGAM1"
6.50471965398775e-56,1.2976664650615,0.599,0.213,1.34309451415539e-51,"7","FAF1"
6.51341001647324e-56,1.34072411770026,0.317,0.072,1.34488890020139e-51,"7","THOC3"
1.10762777860577e-55,1.71929374808191,0.295,0.065,2.28702983726519e-51,"7","ENOPH1"
1.14918025968174e-55,1.40354023966361,0.783,0.418,2.37282740019085e-51,"7","HNRNPAB"
1.37848341377761e-55,1.45627005121163,0.646,0.241,2.846292552768e-51,"7","SNX29"
1.50085664516615e-55,1.35015907588287,0.752,0.383,3.09896880093907e-51,"7","COX5A"
1.64121138841961e-55,1.7188366459141,0.478,0.16,3.38877327480881e-51,"7","NDUFA7"
1.66816110618729e-55,1.10874655471196,0.491,0.146,3.44441905205552e-51,"7","XPO1"
1.76876640005217e-55,1.62031073160499,0.37,0.095,3.65214886282771e-51,"7","ROCK2"
1.95026726607479e-55,1.42360099667063,0.506,0.158,4.02691185099124e-51,"7","PIK3AP1"
2.52070751947834e-55,1.32468105671059,0.314,0.072,5.20475688621887e-51,"7","NUDT5"
2.6235497989956e-55,1.37598491325833,0.534,0.173,5.41710562496612e-51,"7","BCAS4"
3.94628524562218e-55,1.50004903913239,0.733,0.396,8.14828977516067e-51,"7","ATP5MC3"
4.6380542406889e-55,1.38087807139139,0.72,0.347,9.57665439617443e-51,"7","PPP1CA"
5.24006307272777e-55,1.20549772436826,0.786,0.348,1.08196822325683e-50,"7","MIS18BP1"
5.24682813220201e-55,1.2089701122754,0.835,0.428,1.08336507273707e-50,"7","GDI2"
5.91978948282997e-55,1.58883458119917,0.394,0.107,1.22231813241473e-50,"7","ZYX"
5.96816484764313e-55,1.51490790421431,0.376,0.099,1.23230667774135e-50,"7","SETDB2"
6.00105445977944e-55,1.58266355439916,0.497,0.155,1.23909772485526e-50,"7","UBE2E1"
6.83922158723105e-55,1.33143926464385,0.512,0.169,1.41216247333147e-50,"7","TALDO1"
7.20538365844526e-55,1.67907955895934,0.727,0.373,1.48776761779578e-50,"7","GSTP1"
7.30266385108549e-55,1.10627366261162,0.382,0.098,1.50785403197213e-50,"7","SAE1"
7.44997556302174e-55,1.33523874678971,0.401,0.108,1.53827095425273e-50,"7","C19orf48"
1.24160510006617e-54,0.836478517026971,0.978,0.879,2.56366621061664e-50,"7","HNRNPA2B1"
1.36569252115466e-54,1.33151487463356,0.481,0.147,2.81988191768015e-50,"7","RAB3GAP2"
1.4839545215359e-54,1.27639365364501,0.696,0.301,3.06406929606733e-50,"7","MBD2"
1.6399019634052e-54,1.44782653261721,0.863,0.47,3.38606957403906e-50,"7","NCOA3"
1.72031171319743e-54,1.4352613898999,0.55,0.19,3.55209962541006e-50,"7","SMC1A"
2.24689270722909e-54,1.52418646880002,0.382,0.103,4.63938406188663e-50,"7","DAAM1"
2.499615406987e-54,2.30397083035453,0.764,0.438,5.16120589234676e-50,"7","TUBB"
4.04700314203674e-54,1.28848612871708,0.77,0.407,8.35625208767746e-50,"7","GNG5"
5.48055130570509e-54,1.31495089031357,0.5,0.162,1.13162423360199e-49,"7","SOCS1"
6.34873465692791e-54,1.6142108473006,0.354,0.089,1.31088673196248e-49,"7","RUFY3"
8.75903561135296e-54,1.49818697249413,0.301,0.069,1.80856567303216e-49,"7","SYNE1"
9.6701309999176e-54,1.50150988002954,0.634,0.271,1.99668864886299e-49,"7","ATP5IF1"
1.08046066109411e-53,2.02528445866067,0.258,0.053,2.23093517302712e-49,"7","DERA"
1.20819173949679e-53,1.24299204257078,0.618,0.23,2.49467430371296e-49,"7","ARF5"
1.33998363079335e-53,1.32678375202233,0.565,0.206,2.76679820086212e-49,"7","CCDC88C"
1.87410807748435e-53,1.15385200122864,0.36,0.09,3.86965835838968e-49,"7","LSM6"
1.93985497570651e-53,1.2807277112335,0.764,0.376,4.00541255383881e-49,"7","CAPZB"
2.44495914227793e-53,1.29312229184755,0.497,0.158,5.04835163697547e-49,"7","PTEN"
2.88255905836065e-53,1.52154655050292,0.665,0.289,5.95190794370307e-49,"7","FAM3C"
4.74156699608403e-53,0.95921549235871,0.941,0.826,9.79038753351431e-49,"7","PPIA"
6.12062552753759e-53,1.18932536563874,0.689,0.278,1.26378675892596e-48,"7","EIF4H"
7.40299625905857e-53,1.23357875544303,0.866,0.659,1.52857066757041e-48,"7","SLC25A5"
7.85744893499545e-53,1.62912672432338,0.512,0.184,1.62240605609786e-48,"7","MRPL51"
9.08213011027842e-53,1.47207665086309,0.273,0.058,1.87527822517029e-48,"7","CCDC115"
1.15630245006945e-52,1.09192645050819,0.494,0.151,2.38753329890341e-48,"7","MTF2"
1.18034806803522e-52,1.22522633733067,0.767,0.374,2.43718269087912e-48,"7","POMP"
1.38884952376968e-52,1.26930738732673,0.832,0.501,2.86769649667964e-48,"7","CD81"
1.68312171729273e-52,1.61563406824188,0.348,0.088,3.47530972186603e-48,"7","C21orf91"
1.84445764411428e-52,1.48370735929499,0.798,0.441,3.80843614356717e-48,"7","UCP2"
2.84382976479245e-52,1.28240148684827,0.525,0.172,5.87193969834344e-48,"7","PTK2"
2.85804411738782e-52,1.11377932730686,0.543,0.183,5.90128949358238e-48,"7","WAS"
2.90570168430025e-52,1.40083108338041,0.376,0.1,5.99969283774315e-48,"7","LYPLAL1"
3.09977018485196e-52,1.31365208646391,0.522,0.174,6.40040547768233e-48,"7","DNAJC10"
3.9716264305772e-52,1.81259370010769,0.252,0.051,8.20061425385579e-48,"7","WWC3"
5.85676438810968e-52,1.10568218326497,0.807,0.404,1.20930471085689e-47,"7","SRSF3"
6.30452602432849e-52,1.15732304159059,0.531,0.179,1.30175853350335e-47,"7","SNRPE"
9.69755614278155e-52,2.12288081901501,0.5,0.183,2.00235139236153e-47,"7","DUT"
9.95021288050627e-52,1.43243222718519,0.475,0.15,2.05451995556694e-47,"7","DAZAP1"
1.00138862364811e-51,1.84412004455863,0.348,0.095,2.06766723010863e-47,"7","CCDC167"
1.08032838799516e-51,1.40368136020522,0.599,0.236,2.23066205553241e-47,"7","CSTB"
1.73594686304816e-51,1.28434932920868,0.699,0.291,3.58438308282183e-47,"7","NIN"
2.80122421791825e-51,1.3370426532975,0.699,0.31,5.7839677651576e-47,"7","POLD4"
3.310729537783e-51,1.61547762962889,0.252,0.051,6.83599434961433e-47,"7","HIVEP3"
4.134125693978e-51,1.19130782177378,0.86,0.489,8.53614273292577e-47,"7","ST6GAL1"
4.42874654403431e-51,1.11700709253877,0.907,0.679,9.14447586412204e-47,"7","TPI1"
5.01164605158992e-51,1.46291883461572,0.298,0.07,1.03480467673229e-46,"7","EMC8"
7.33822391576535e-51,1.31752790998895,0.298,0.069,1.51519647412723e-46,"7","ADSL"
7.80589494154743e-51,1.2220297348684,0.54,0.19,1.61176118753071e-46,"7","ITGB2"
1.24852793712315e-50,1.27967016259816,0.5,0.17,2.57796048457189e-46,"7","NDUFA12"
1.59589440079101e-50,1.42753587421827,0.394,0.113,3.29520275875328e-46,"7","SFXN1"
1.6003756007417e-50,1.17064659319493,0.556,0.191,3.30445554041146e-46,"7","USP7"
1.60734943006765e-50,1.59488732475066,0.453,0.147,3.31885510320368e-46,"7","BCL2L11"
1.99979102564551e-50,1.28383859285751,0.835,0.427,4.12916850975286e-46,"7","SEL1L3"
2.76302736908932e-50,1.04378869331475,0.91,0.812,5.70509891169563e-46,"7","MYL6"
2.82147929031184e-50,1.45865955453167,0.472,0.156,5.82579043863589e-46,"7","TUBB2A"
3.35095788454049e-50,1.67596459455885,0.267,0.059,6.91905783999921e-46,"7","MAPK14"
3.56973394919519e-50,1.73757288892895,0.286,0.067,7.37078665829822e-46,"7","MX1"
3.95626176162251e-50,1.19499193755176,0.525,0.182,8.16888928539816e-46,"7","NUTF2"
4.07905763331224e-50,1.46482341849716,0.317,0.078,8.42243820126311e-46,"7","OGFRL1"
4.36845780949112e-50,1.069562567146,0.73,0.308,9.01999168503727e-46,"7","STRBP"
4.55055312734241e-50,1.23040297616156,0.584,0.222,9.3959820973366e-46,"7","LSM8"
4.96995589518629e-50,1.25974285705085,0.326,0.08,1.02619649323807e-45,"7","MRPS27"
6.16445484002415e-50,1.12568453025952,0.733,0.351,1.27283663536819e-45,"7","YWHAE"
6.66462158505314e-50,1.228314642672,0.739,0.351,1.37611106488177e-45,"7","UBE2A"
6.89980252902128e-50,1.30767714758974,0.444,0.136,1.42467122619231e-45,"7","ACADM"
7.55438357275749e-50,1.42848761681231,0.379,0.104,1.55982912010297e-45,"7","HTT"
8.83118566698286e-50,1.19677738042399,0.86,0.587,1.82346321651862e-45,"7","ARHGDIB"
1.05820305179219e-49,1.35515204228772,0.354,0.095,2.18497766134052e-45,"7","HSPB11"
1.22232635314743e-49,1.50772052410045,0.391,0.113,2.52385945397881e-45,"7","CCDC6"
1.27633295728349e-49,1.83523799198225,0.252,0.054,2.63537229019895e-45,"7","PTPRE"
1.85112050042219e-49,1.35031854535546,0.689,0.343,3.82219360927174e-45,"7","ATP5MF"
2.09477584019704e-49,1.59308661721087,0.32,0.08,4.32529315483885e-45,"7","QRSL1"
2.26924400703745e-49,0.987762874728614,0.957,0.899,4.68553502573092e-45,"7","TMSB4X"
2.93874829827408e-49,1.08025554818106,0.814,0.443,6.06792748627632e-45,"7","HNRNPD"
3.87225623032294e-49,0.998316948439834,0.571,0.2,7.9954346643708e-45,"7","STX7"
4.41848668855793e-49,1.40765925717061,0.466,0.151,9.12329131453442e-45,"7","PRKRIP1"
5.35630706364545e-49,1.11925757707438,0.683,0.287,1.10597028250151e-44,"7","CAP1"
6.49737603605137e-49,1.32459597974057,0.484,0.163,1.34157820392389e-44,"7","DNAJC9"
7.32521584544194e-49,1.5811146304852,0.326,0.082,1.51251056776685e-44,"7","LGALS9"
7.42297019810815e-49,1.2095655027275,0.593,0.234,1.53269488650537e-44,"7","ATP5F1C"
8.79913566324642e-49,1.14495178442522,0.565,0.208,1.81684553174712e-44,"7","CLTA"
1.74113851809005e-48,1.1052120805173,0.873,0.589,3.59510281215234e-44,"7","TCEA1"
1.78930549878881e-48,1.17556679189708,0.553,0.202,3.69455799389912e-44,"7","POLR2E"
2.14153174296872e-48,1.50726483830861,0.807,0.423,4.42183474288182e-44,"7","AFF3"
2.52804704388651e-48,0.919956507382679,0.59,0.213,5.21991153621686e-44,"7","CPSF6"
3.07268085362837e-48,1.43751958810737,0.398,0.119,6.34447142657185e-44,"7","IARS"
3.31090549817125e-48,1.22208927542842,0.522,0.188,6.83635767262399e-44,"7","PSMB2"
3.57623350312751e-48,1.25128695096847,0.758,0.381,7.38420693725769e-44,"7","TERF2IP"
5.26114098998491e-48,0.957463604245099,0.466,0.148,1.08632039161208e-43,"7","AKAP8L"
5.85307627207968e-48,1.51230579503566,0.357,0.098,1.20854318865901e-43,"7","CERS4"
7.95089896487997e-48,1.17196187056665,0.491,0.16,1.64170161826842e-43,"7","SNAP23"
1.00774313405417e-47,1.20497008660538,0.581,0.219,2.08078802319505e-43,"7","ANKRD17"
1.48497314235935e-47,1.30581617703603,0.404,0.118,3.06617254434359e-43,"7","SIT1"
1.72173377786814e-47,1.39769024139378,0.416,0.126,3.55503590454214e-43,"7","CYB561A3"
1.92759175194896e-47,1.16691078017803,0.419,0.126,3.98009144942422e-43,"7","CCNG2"
2.02477445448382e-47,1.02092384853541,0.593,0.222,4.18075429361819e-43,"7","CEP57"
2.52942672254275e-47,1.06812728389344,0.646,0.257,5.22276029670628e-43,"7","E2F5"
3.04217880073772e-47,1.10169143626788,0.634,0.257,6.28149078776323e-43,"7","BRK1"
4.10331468883101e-47,1.12524728232431,0.537,0.189,8.47252416949828e-43,"7","ASAP1"
4.22129218951427e-47,1.11851217667546,0.624,0.245,8.71612411290907e-43,"7","BRWD1"
5.52538960787705e-47,1.17953825892355,0.559,0.213,1.14088244623445e-42,"7","SFT2D1"
6.25280363914554e-47,1.18366083101108,0.637,0.255,1.29107889541077e-42,"7","CYBB"
6.42768590647185e-47,1.54889221406727,0.304,0.076,1.32718858596831e-42,"7","ADORA2A"
7.63535032826466e-47,0.934721969422979,0.463,0.146,1.57654713578009e-42,"7","CS"
7.69952253843493e-47,1.27298070097481,0.345,0.094,1.58979741373605e-42,"7","PFKL"
7.80790705605492e-47,1.54951328642166,0.283,0.067,1.61217664893422e-42,"7","PTPN18"
7.83171121590864e-47,1.57711184798788,0.391,0.12,1.61709173186082e-42,"7","ABHD3"
8.66985551925403e-47,1.28142976364446,0.385,0.11,1.79015176761557e-42,"7","KIF20B"
8.9308705667992e-47,1.51158616421027,0.351,0.102,1.8440461546327e-42,"7","CTNNAL1"
1.17965835460291e-46,1.09911315047745,0.332,0.086,2.43575857058409e-42,"7","ESD"
1.27149850032082e-46,0.956220736551952,0.929,0.636,2.62539010346242e-42,"7","MEF2C"
1.64482276027185e-46,1.29655756786708,0.457,0.149,3.39623003540931e-42,"7","DENND3"
1.75662965900644e-46,1.44922396596772,0.671,0.31,3.6270889199165e-42,"7","VPREB3"
2.33582313736284e-46,1.46159436637506,0.488,0.175,4.82300761402679e-42,"7","KLHL6"
3.01391682120652e-46,1.02071927224471,0.559,0.204,6.22313545242721e-42,"7","STIM2"
4.18712284236182e-46,1.27295881769568,0.354,0.099,8.64557124490869e-42,"7","PFKFB3"
8.99033334454917e-46,1.41630988772078,0.348,0.099,1.85632402898251e-41,"7","LAMTOR2"
9.02485365014062e-46,1.26947371057271,0.686,0.326,1.86345178168103e-41,"7","CBX3"
9.11888032165953e-46,1.35474569064808,0.276,0.065,1.88286640881626e-41,"7","FAM135A"
1.12710680026491e-45,1.43414625179527,0.342,0.096,2.32725012118698e-41,"7","ZNF428"
1.50289535341991e-45,0.939893301635288,0.932,0.61,3.10317832574143e-41,"7","RHOH"
1.51861655472835e-45,1.11098803069091,0.407,0.124,3.1356394622031e-41,"7","UGP2"
1.7290810023172e-45,1.28233838778707,0.77,0.469,3.57020645358455e-41,"7","COX8A"
1.76382002450967e-45,1.21574258020847,0.28,0.067,3.64193558660756e-41,"7","NADK"
1.8815156267179e-45,1.03249261473907,0.457,0.149,3.88495346604712e-41,"7","SS18"
2.02522837705685e-45,1.30135593024785,0.689,0.345,4.18169155294698e-41,"7","PSMB3"
2.28635752339011e-45,0.995574037836011,0.839,0.478,4.7208710142959e-41,"7","UBE2D2"
2.2987320143734e-45,1.35729347230091,0.354,0.1,4.74642186327821e-41,"7","HACD2"
2.68278387961747e-45,1.18924149578296,0.857,0.51,5.53941215463415e-41,"7","MAP4K4"
2.69014231339611e-45,1.33509537571244,0.366,0.104,5.55460584870028e-41,"7","EPS15L1"
3.37044030653962e-45,1.49561683898939,0.329,0.091,6.959285144943e-41,"7","MTMR12"
5.1471494486653e-45,1.4148656565874,0.671,0.296,1.06278341816041e-40,"7","RBM6"
7.68984758330972e-45,1.40536492662826,0.339,0.094,1.58779972900179e-40,"7","LRRK1"
8.76074828067071e-45,1.15095750457647,0.32,0.084,1.80891930499289e-40,"7","C5orf15"
1.02874136533375e-44,1.39731916096271,0.429,0.139,2.12414517114112e-40,"7","RANBP9"
1.54933320168903e-44,1.22262209896053,0.593,0.237,3.1990631948475e-40,"7","PSIP1"
1.66455632532571e-44,1.32609579940973,0.345,0.099,3.43697590053252e-40,"7","RSU1"
1.72040221959611e-44,1.22023076442931,0.376,0.11,3.55228650302204e-40,"7","SSRP1"
1.77269775041904e-44,1.0220683639764,0.404,0.122,3.66026631506523e-40,"7","RBM42"
1.96369168166513e-44,1.14577417139572,0.506,0.182,4.05463058430216e-40,"7","C17orf49"
1.99527564834271e-44,1.34587030376426,0.307,0.08,4.11984515869802e-40,"7","BLCAP"
2.12256779134211e-44,1.05556514947723,0.77,0.404,4.3826779755632e-40,"7","PPP2CA"
2.29469270460508e-44,1.30777091988563,0.41,0.131,4.73808149646857e-40,"7","EHD1"
2.32274672064246e-44,0.995467808156324,0.45,0.148,4.79600742878256e-40,"7","PSMD4"
3.06579789372938e-44,1.36151621885933,0.32,0.085,6.33025949097243e-40,"7","TACC3"
3.32350921760127e-44,1.58221611494805,0.261,0.063,6.8623818325031e-40,"7","MYL6B"
3.82626386386788e-44,1.03981870454122,0.593,0.239,7.90046962611439e-40,"7","PCMT1"
4.18893376969401e-44,1.03703283117225,0.857,0.484,8.64931044766419e-40,"7","WIPF1"
4.85367853088694e-44,0.970857957309633,0.814,0.408,1.00218754305754e-39,"7","LSM14A"
4.9856507736717e-44,1.17443606780653,0.655,0.295,1.02943717174773e-39,"7","DDX39A"
5.60963463178854e-44,1.20776446208293,0.565,0.223,1.1582773587717e-39,"7","HSH2D"
5.72586334744397e-44,1.00807153328243,0.671,0.298,1.18227626398023e-39,"7","RALY"
5.80959074716284e-44,1.0329655431185,0.596,0.232,1.19956429747418e-39,"7","RRAS2"
6.46255649078253e-44,1.18343869312487,0.674,0.327,1.33438866421678e-39,"7","ROMO1"
8.07521733354923e-44,1.02152408919918,0.674,0.292,1.66737087503125e-39,"7","MBD4"
8.92054435668192e-44,1.31385629418481,0.276,0.067,1.84191399876768e-39,"7","MRPL15"
9.15709685325811e-44,1.72061441856277,0.335,0.096,1.89075735826073e-39,"7","POLB"
9.26068848862185e-44,1.17281862868243,0.491,0.174,1.91214695913064e-39,"7","RALA"
9.39780081267923e-44,1.63322264775479,0.345,0.103,1.94045791180201e-39,"7","PAPSS1"
1.00040856937478e-43,1.4756545433261,0.345,0.098,2.06564361404505e-39,"7","ST14"
1.05485150882525e-43,1.12656336559985,0.537,0.207,2.17805739542238e-39,"7","SSNA1"
1.07296327001441e-43,1.01306915456188,0.472,0.158,2.21545455992576e-39,"7","MTMR14"
1.16144400682633e-43,1.02202629980559,0.661,0.288,2.398149585295e-39,"7","ATP5PB"
1.17033154026906e-43,1.56425043012253,0.447,0.161,2.41650056434755e-39,"7","CLPTM1L"
1.46876983181033e-43,1.08737614596704,0.578,0.229,3.03271594872198e-39,"7","SNRPD1"
1.48165058087618e-43,1.44152924247285,0.391,0.123,3.05931211939314e-39,"7","RUNX1"
2.03480817251168e-43,1.30531877930986,0.335,0.094,4.20147191460212e-39,"7","FAM241A"
2.16998656113423e-43,1.2620026797248,0.295,0.077,4.48058825142996e-39,"7","FARSA"
2.25598197923657e-43,1.50859268018014,0.267,0.065,4.65815159072767e-39,"7","AKR7A2"
2.80509443623859e-43,1.33735602006611,0.693,0.362,5.79195899194545e-39,"7","LDHB"
2.83543955634992e-43,1.20294573501544,0.453,0.157,5.85461559595132e-39,"7","LSM3"
2.96528525630942e-43,1.02376828432426,0.307,0.08,6.12272099722768e-39,"7","EPB41L2"
3.02393655058393e-43,1.07709601850622,0.658,0.289,6.24382418964571e-39,"7","CLINT1"
3.59047256490777e-43,1.1572806131968,0.512,0.188,7.41360775202156e-39,"7","CCND3"
3.95932767776846e-43,0.71430295101702,0.379,0.11,8.17521978905632e-39,"7","VTA1"
4.29991015189237e-43,1.14698170192654,0.783,0.489,8.87845448162736e-39,"7","COX6C"
4.88287345574082e-43,1.11913760995656,0.401,0.124,1.00821571114136e-38,"7","PRKCD"
4.93632148049252e-43,1.02113631828102,0.693,0.302,1.01925165929209e-38,"7","IRF8"
5.41639825292184e-43,1.4721340826812,0.581,0.254,1.1183779112633e-38,"7","HDLBP"
6.0166824728002e-43,1.29539882893559,0.432,0.147,1.24232459698378e-38,"7","AP2S1"
6.45025130983809e-43,1.08178065577313,0.497,0.176,1.33184789045537e-38,"7","AP1B1"
8.60717669808759e-43,1.00390265281466,0.512,0.185,1.77720984462113e-38,"7","TRIM28"
8.74092238048873e-43,1.13563812358799,0.373,0.111,1.80482565312331e-38,"7","UBE2V2"
9.84203917127803e-43,1.04758526489601,0.488,0.169,2.03218424808549e-38,"7","ATP2A3"
1.40399330994988e-42,1.29966787334144,0.323,0.089,2.89896538638452e-38,"7","CASD1"
2.54207562430246e-42,1.33301139900568,0.494,0.181,5.24887774905972e-38,"7","TBL1XR1"
3.7839832497366e-42,1.10828787191821,0.683,0.299,7.81316861405613e-38,"7","ANKRD13A"
4.08361606491443e-42,1.10265693679737,0.64,0.283,8.43185045083532e-38,"7","NUCKS1"
4.22151566049655e-42,1.08561286338496,0.311,0.083,8.71658553579327e-38,"7","MCRIP1"
4.85637851240725e-42,1.10259715863531,0.562,0.225,1.00274503524185e-37,"7","BUB3"
5.04095920015845e-42,1.39437001120898,0.295,0.079,1.04085725564872e-37,"7","ANAPC15"
5.08487165737953e-42,1.16530432400116,0.624,0.257,1.04992429981572e-37,"7","UBR5"
5.10797253118263e-42,1.0196158298433,0.64,0.263,1.05469416823859e-37,"7","TAF15"
6.40714348987118e-42,0.994765845520613,0.519,0.189,1.3229469877886e-37,"7","SF3A2"
6.57630319926159e-42,1.21529731224478,0.55,0.209,1.35787508458353e-37,"7","TRIM38"
8.11203839391761e-42,0.970550117124494,0.475,0.164,1.67497368757611e-37,"7","DLG1"
8.83630859042364e-42,0.885763624944312,0.366,0.11,1.82452099775067e-37,"7","PLEK"
1.19088252833053e-41,1.02547757944262,0.776,0.416,2.45893424449687e-37,"7","PPP1CC"
1.38241174300421e-41,1.2507687525819,0.27,0.067,2.8544037669551e-37,"7","SMARCD2"
1.44908873746603e-41,1.0265982723882,0.798,0.492,2.99207842511986e-37,"7","ATP5F1B"
1.45058517130329e-41,1.08600598701633,0.835,0.479,2.99516826170702e-37,"7","SWAP70"
1.46639407543528e-41,1.10547819246797,0.711,0.334,3.02781048695876e-37,"7","LPXN"
1.51843756763781e-41,0.90357529218872,0.345,0.097,3.13526988965854e-37,"7","CSE1L"
1.57428916634366e-41,0.881676217103353,0.55,0.202,3.25059227066638e-37,"7","RCOR1"
1.75015321634181e-41,1.25414022514283,0.267,0.067,3.61371636110257e-37,"7","EXOSC4"
2.58051006246538e-41,1.47290212935159,0.394,0.126,5.32823717697852e-37,"7","LRCH3"
2.81866959509396e-41,1.11027690441502,0.326,0.092,5.81998897995002e-37,"7","RPIA"
3.20400214916575e-41,1.0614930423195,0.404,0.128,6.61562363759744e-37,"7","TWF2"
3.2988312084301e-41,1.62680559440005,0.28,0.072,6.81142667916647e-37,"7","CLEC16A"
3.39013537281172e-41,0.944976738761855,0.736,0.368,6.99995151778165e-37,"7","TOP1"
3.51737782943791e-41,1.0855194772376,0.472,0.168,7.26268174222341e-37,"7","MACO1"
3.96750936331426e-41,1.23584733568776,0.289,0.077,8.19211333337129e-37,"7","AGPAT3"
4.3123431942132e-41,1.10221840061099,0.342,0.1,8.90412622741142e-37,"7","GLRX3"
4.31512415566117e-41,1.20586391599643,0.655,0.297,8.90986835660919e-37,"7","USP12"
5.08919999364983e-41,0.794482873732594,0.947,0.883,1.05081801468882e-36,"7","H3F3A"
5.63274673499925e-41,0.980684271646363,0.72,0.336,1.16304954584264e-36,"7","FAM49B"
5.80795528591879e-41,0.915501738348862,0.46,0.158,1.19922660743651e-36,"7","PPP1R7"
6.1673695377436e-41,1.08707463833776,0.556,0.229,1.2734384621533e-36,"7","CKS2"
7.65796212117863e-41,1.26746249333387,0.267,0.067,1.58121601878096e-36,"7","MPLKIP"
7.74009332596567e-41,1.02671983298239,0.91,0.615,1.59817446994539e-36,"7","MBNL1"
8.18494469012237e-41,1.36913900495017,0.435,0.158,1.69002737961647e-36,"7","MRPS34"
8.24837404224498e-41,0.961242707241902,0.823,0.441,1.70312427224274e-36,"7","GNB1"
1.17152437767081e-40,1.29208634493974,0.506,0.197,2.41896353501468e-36,"7","LSM10"
1.28097166686865e-40,1.08542013568469,0.503,0.183,2.64495029775039e-36,"7","ALOX5AP"
1.30610875787382e-40,0.985738700841616,0.435,0.148,2.69685336325787e-36,"7","INTS10"
1.32650673397528e-40,0.897658862381223,0.497,0.175,2.73897110431216e-36,"7","UBAC2"
1.36044527774019e-40,1.00414076663304,0.366,0.111,2.80904740947794e-36,"7","TIPRL"
1.45830771273314e-40,1.13448976916226,0.298,0.08,3.01111376525139e-36,"7","THOC7"
1.70022498199729e-40,1.04862962244146,0.78,0.393,3.510624542828e-36,"7","WASF2"
2.31357525618401e-40,1.07906075819512,0.686,0.332,4.77707018896874e-36,"7","PRDX6"
2.54343127017313e-40,1.04987172301993,0.488,0.174,5.25167688665348e-36,"7","SUPT16H"
3.52015176976519e-40,1.11186554221777,0.773,0.401,7.26840937421117e-36,"7","RAB30"
3.8418032544355e-40,1.22033043507046,0.307,0.085,7.93255535975841e-36,"7","MFAP1"
3.95309269750594e-40,1.18004131563303,0.481,0.175,8.16234580181026e-36,"7","CTCF"
4.68493336566481e-40,1.09671727416896,0.289,0.078,9.6734504134247e-36,"7","ASMTL"
5.2562662147154e-40,0.892264037533578,0.329,0.093,1.08531384801444e-35,"7","RAE1"
6.16596837379963e-40,1.28557681817906,0.59,0.245,1.27314914982215e-35,"7","TUT7"
7.50890059852988e-40,1.11002344880055,0.466,0.167,1.55043779558445e-35,"7","NT5C2"
7.78296118195889e-40,1.34085001220259,0.311,0.086,1.60702582485087e-35,"7","GPAT4"
8.23050922447885e-40,1.03883150276484,0.435,0.149,1.69943554467039e-35,"7","CBX5"
8.38462209356172e-40,0.93295337307345,0.36,0.11,1.73125676987862e-35,"7","MRPS18C"
8.59593603325929e-40,0.979173101361189,0.432,0.143,1.77488887214738e-35,"7","AGFG1"
9.19870177002975e-40,1.10781503134416,0.64,0.306,1.89934794147574e-35,"7","ATP5PF"
9.21853166707881e-40,1.13627620656301,0.447,0.156,1.90344241861843e-35,"7","IPO5"
9.27016765988884e-40,1.08108687988215,0.59,0.253,1.91410421841385e-35,"7","RBX1"
9.63980636748253e-40,0.946190941588998,0.488,0.179,1.99042721875779e-35,"7","SRPK1"
1.04104784430622e-39,1.13245208279885,0.484,0.179,2.14955558892348e-35,"7","TMPO"
1.20310593263517e-39,1.04904367324724,0.581,0.244,2.4841731297051e-35,"7","BCL3"
1.22456402832128e-39,1.27630251344091,0.363,0.117,2.52847980567778e-35,"7","TIMM13"
1.38787617504961e-39,1.1276267737175,0.432,0.149,2.86568672624243e-35,"7","ELAVL1"
1.46932619164257e-39,1.28503473813261,0.267,0.068,3.03386472050358e-35,"7","INO80C"
1.80302170632124e-39,0.978671332928008,0.345,0.103,3.7228792192121e-35,"7","ME2"
2.25986110615711e-39,0.936183497430054,0.469,0.168,4.66616121199321e-35,"7","ATG3"
2.45716207174933e-39,1.11847749750882,0.689,0.347,5.07354824574802e-35,"7","PSMA2"
2.61315348256895e-39,0.949039353915653,0.717,0.35,5.39563931080837e-35,"7","RBM17"
3.2500862361282e-39,1.036594315708,0.323,0.093,6.71077806035751e-35,"7","PDE6D"
3.29568166015817e-39,1.10424235086422,0.314,0.089,6.80492349189459e-35,"7","ECHDC1"
3.36517756383495e-39,0.981627542244962,0.472,0.165,6.94841863380641e-35,"7","ITPR1"
4.22954429349534e-39,1.09125598793983,0.491,0.189,8.73316305720917e-35,"7","UQCRC1"
4.64069436689334e-39,1.06318425478469,0.857,0.559,9.58210572876136e-35,"7","MAP1LC3B"
5.78527461360963e-39,1.02949784038737,0.575,0.241,1.19454350221812e-34,"7","AP2M1"
5.78587493721316e-39,1.37528987840657,0.335,0.103,1.19466745703577e-34,"7","UBALD1"
7.0003180940876e-39,0.953874500268006,0.655,0.273,1.44542568006721e-34,"7","PPP1R12A"
8.42909024979849e-39,1.03857195424549,0.432,0.148,1.74043855477839e-34,"7","UBA1"
9.24800857004037e-39,0.895557099322309,0.668,0.297,1.90952880954193e-34,"7","SGK1"
9.65143074861148e-39,1.15759871163243,0.646,0.31,1.9928274209733e-34,"7","ALYREF"
1.01324710917022e-38,1.09679850237694,0.27,0.069,2.09215263101467e-34,"7","RPA1"
1.09540906106098e-38,1.09044839450713,0.348,0.106,2.26180062927871e-34,"7","SLC35D1"
1.11915273362042e-38,0.962487757740643,0.649,0.29,2.31082656437944e-34,"7","ZFAND6"
1.1988913670102e-38,1.05815859354957,0.655,0.303,2.47547089460266e-34,"7","SEPTIN2"
1.21459855472891e-38,1.29579504736427,0.494,0.199,2.50790309580426e-34,"7","PDXK"
1.22494397598289e-38,1.02894377730458,0.332,0.097,2.52926432160946e-34,"7","DCTPP1"
1.32088808254234e-38,1.40839160553753,0.267,0.069,2.72736971283343e-34,"7","TCFL5"
1.37411437659046e-38,1.11583414984748,0.556,0.22,2.83727136478399e-34,"7","PACS1"
1.44254883376409e-38,1.3158040300353,0.655,0.311,2.97857483195608e-34,"7","ZEB1"
1.69086022888121e-38,1.37875495045912,0.382,0.126,3.49128820059392e-34,"7","SLCO4A1"
1.93896956384645e-38,1.13753632287957,0.366,0.116,4.00358435543015e-34,"7","SH3GL1"
2.32321914478617e-38,0.87146432135091,0.472,0.168,4.79698289015449e-34,"7","NSD1"
2.47667179876397e-38,1.1745577520503,0.776,0.447,5.11383193008785e-34,"7","CNN2"
2.52691352759174e-38,1.13132628249309,0.618,0.289,5.21757105177143e-34,"7","ANXA5"
2.76859518093101e-38,1.40712220366055,0.326,0.098,5.71659532958635e-34,"7","FOXK1"
3.02477150414626e-38,1.01589464705392,0.702,0.339,6.24554820176121e-34,"7","UBE2H"
3.42718304960493e-38,1.32098315218084,0.385,0.131,7.07644756082427e-34,"7","UQCC2"
3.96560230255024e-38,0.873540472171215,0.332,0.099,8.18817563430574e-34,"7","MRPL27"
4.00426964233313e-38,0.937000279936568,0.472,0.172,8.26801595748945e-34,"7","MTERF4"
4.5464325460197e-38,0.903557511682799,0.432,0.148,9.38747392102148e-34,"7","SGMS1"
4.89162681876879e-38,0.824405569156824,0.453,0.157,1.01002310553938e-33,"7","RRP7A"
4.89526911087021e-38,0.927838365925868,0.512,0.195,1.01077516601248e-33,"7","CCT5"
6.29312390462348e-38,1.44552710393314,0.255,0.067,1.29940422382666e-33,"7","SLC39A8"
6.94446348094758e-38,0.863153147758657,0.357,0.111,1.43389281954606e-33,"7","COPS5"
7.09125824263754e-38,1.68848854156524,0.348,0.112,1.4642030019398e-33,"7","CDR2"
8.99742126570435e-38,0.813817206652958,0.506,0.193,1.85778754294263e-33,"7","COPS3"
9.59741314832958e-38,0.816500445254113,0.677,0.31,1.98167386686709e-33,"7","RGS1"
1.05634245068399e-37,0.982990220646841,0.348,0.108,2.1811358921723e-33,"7","NDUFA9"
1.0647929243809e-37,1.13869313229814,0.46,0.169,2.19858443026168e-33,"7","RGS10"
1.18523026021374e-37,1.19880026382837,0.41,0.145,2.44726344128932e-33,"7","NDUFAF6"
1.2672131075954e-37,0.821944233556313,0.711,0.33,2.61654162456298e-33,"7","UBE2N"
1.35098202719895e-37,1.11018912925846,0.252,0.063,2.78950768976039e-33,"7","PRPS2"
1.55911000664514e-37,1.15862120351656,0.618,0.284,3.21925034172088e-33,"7","ERP44"
1.67168108054491e-37,1.29675959140671,0.252,0.064,3.45168709510913e-33,"7","WDR41"
1.70022618425059e-37,0.885760697092123,0.463,0.17,3.51062702524062e-33,"7","USP14"
1.73840648259943e-37,1.57498253613509,0.261,0.07,3.58946170527129e-33,"7","RNF103"
1.83786313346061e-37,1.36967260595633,0.37,0.122,3.79481979796948e-33,"7","PVT1"
2.02296690173871e-37,0.875529441650417,0.606,0.261,4.17702205871009e-33,"7","SYNCRIP"
2.2007313204021e-37,1.01793553847375,0.419,0.142,4.54407003036626e-33,"7","CBL"
2.20095710025938e-37,1.15414193054536,0.252,0.064,4.54453622061556e-33,"7","SPINDOC"
2.27618950205731e-37,1.00425470158457,0.466,0.173,4.69987608384794e-33,"7","BANF1"
2.29543951924668e-37,0.96076521297166,0.335,0.103,4.73962351934054e-33,"7","PIN1"
2.61447041983435e-37,1.11751991843871,0.658,0.327,5.39835852287397e-33,"7","DEGS1"
2.81328252969122e-37,1.101818284522,0.388,0.129,5.80886576730642e-33,"7","STRN3"
2.82513529874026e-37,0.897657189609457,0.494,0.182,5.83333936483888e-33,"7","PSMG2"
2.97588302565427e-37,0.90184797955442,0.363,0.117,6.14460327137093e-33,"7","TXN2"
4.32871529748799e-37,0.871798444731988,0.776,0.396,8.93793134625319e-33,"7","CAPZA1"
4.57864761517239e-37,1.00275174825661,0.36,0.113,9.45399159580795e-33,"7","CEP135"
5.39726474990959e-37,0.902036715835887,0.77,0.385,1.11442722556133e-32,"7","ACAP2"
6.03770602856133e-37,1.21748040140004,0.441,0.161,1.24666554077734e-32,"7","MICAL3"
6.19076968409842e-37,1.53856145185662,0.342,0.111,1.27827012437264e-32,"7","SLC25A4"
6.64324820626644e-37,0.916208722350175,0.842,0.49,1.37169788962989e-32,"7","RBM38"
6.72024391985229e-37,0.919516653609032,0.379,0.124,1.3875959645711e-32,"7","PCED1B"
7.24143796839061e-37,1.23122768147383,0.46,0.172,1.49521211171329e-32,"7","ALOX5"
9.36250815547942e-37,0.988755062238811,0.798,0.488,1.93317068394339e-32,"7","RAC2"
9.51812672292638e-37,1.01148281561153,0.733,0.41,1.96530280574984e-32,"7","DYNLL1"
1.03931476040433e-36,1.06336068940914,0.335,0.102,2.14597711728286e-32,"7","EXOC5"
1.17424124601074e-36,1.43786822916465,0.379,0.133,2.42457332476297e-32,"7","FDPS"
1.53417039810807e-36,1.04175109018983,0.335,0.103,3.16775503801355e-32,"7","HPRT1"
1.59787362073047e-36,0.89453096924983,0.615,0.264,3.29928945208427e-32,"7","UBA2"
1.59973018308647e-36,1.07960622439365,0.466,0.181,3.30312288203695e-32,"7","SHMT2"
1.72721950927708e-36,1.16563627906797,0.345,0.113,3.56636284275531e-32,"7","H2AFJ"
1.7360242240188e-36,1.24509660699863,0.258,0.068,3.58454281775402e-32,"7","RPRD1B"
2.25278075113166e-36,1.16169321972256,0.335,0.102,4.65154169493665e-32,"7","MAP4K1"
2.2924701237975e-36,1.15911518154714,0.469,0.172,4.73349231161708e-32,"7","CARD11"
2.3339787332698e-36,1.3094195658495,0.761,0.449,4.81919928845548e-32,"7","LTB"
2.51441491588976e-36,1.12905954377853,0.447,0.175,5.19176391832917e-32,"7","NAA38"
2.63422397578121e-36,1.03022713345885,0.519,0.208,5.43914566519305e-32,"7","GPI"
2.70859797127538e-36,0.962037110152123,0.689,0.347,5.59271309108941e-32,"7","UQCR10"
2.84785348203915e-36,1.01074901750203,0.289,0.08,5.88024786971444e-32,"7","YEATS4"
2.93340490468392e-36,0.729087791702094,0.581,0.233,6.05689444719137e-32,"7","FRYL"
3.22582357969308e-36,1.2053246289553,0.28,0.078,6.66068052735028e-32,"7","KCNAB2"
3.24651439886336e-36,0.946377597775487,0.764,0.469,6.70340293077307e-32,"7","COX6B1"
3.41000357087308e-36,0.83221676786184,0.463,0.167,7.04097537313873e-32,"7","MIOS"
3.58934482108743e-36,1.07966311109031,0.339,0.107,7.41127918658132e-32,"7","INTS11"
3.83320302571842e-36,0.837860966161312,0.863,0.662,7.91479760750339e-32,"7","COX6A1"
4.01292755302292e-36,0.894336523392877,0.36,0.115,8.28589281148173e-32,"7","PHF10"
4.44062438044252e-36,1.5468754400908,0.307,0.094,9.16900122073772e-32,"7","BAZ2B"
4.58547769320276e-36,0.719766307366188,0.401,0.135,9.46809434092506e-32,"7","SNX1"
4.82578040087279e-36,0.918818130670926,0.32,0.095,9.96427137172213e-32,"7","AP1G2"
5.26786496909419e-36,0.862195353949018,0.755,0.389,1.08770875881857e-31,"7","MEF2A"
5.39293166291481e-36,0.838884312361235,0.568,0.233,1.11353252975865e-31,"7","SNRPF"
5.40448269134933e-36,1.15484836294797,0.36,0.12,1.11591758610981e-31,"7","AK2"
6.65460359505533e-36,1.09232670662515,0.41,0.144,1.37404255030702e-31,"7","LY75"
7.11849242995532e-36,1.13551895688389,0.463,0.174,1.46982631693717e-31,"7","CMTM7"
7.70347103866992e-36,1.08434703467425,0.329,0.103,1.59061270006456e-31,"7","HSD17B10"
7.87212326763596e-36,0.985035659149453,0.382,0.128,1.62543601230147e-31,"7","MRTFA"
8.22576624296213e-36,0.998416715277332,0.497,0.194,1.69845621384682e-31,"7","UQCRC2"
8.41142571572706e-36,1.16983758827012,0.317,0.096,1.73679118178332e-31,"7","POLR2D"
8.58834460536465e-36,0.776780574056295,0.634,0.28,1.77332139411569e-31,"7","ITGB1"
8.59634495356845e-36,0.974619568214072,0.488,0.191,1.77497330601281e-31,"7","SMC3"
8.63141786191876e-36,0.9203570955421,0.658,0.313,1.78221516012898e-31,"7","MBNL2"
9.42423663849731e-36,0.914877698871045,0.621,0.275,1.94591638111692e-31,"7","PRKD3"
1.07143789172149e-35,1.09185369813063,0.543,0.227,2.21230495882653e-31,"7","STT3B"
1.28007108864063e-35,0.903805620592057,0.5,0.195,2.64309078382516e-31,"7","TXNRD1"
1.32796079233525e-35,0.92746327980889,0.283,0.078,2.74197344401382e-31,"7","MRPL13"
1.34988115536492e-35,0.986813838139303,0.351,0.111,2.7872346095975e-31,"7","HERC4"
1.53871241976455e-35,0.851948432639512,0.624,0.279,3.17713340432985e-31,"7","PPP2R5C"
1.56135092527023e-35,1.29312907871899,0.286,0.081,3.22387739049798e-31,"7","SLC6A6"
1.59891833057139e-35,0.849056278597486,0.5,0.192,3.3014465689638e-31,"7","SRRT"
1.59964797681429e-35,0.850073328442104,0.435,0.156,3.30295314252615e-31,"7","TIMM10"
1.71623078495364e-35,0.983015141726567,0.494,0.19,3.54367332477227e-31,"7","FLI1"
1.75909856798911e-35,1.3925813921415,0.289,0.083,3.6321867231839e-31,"7","BCL9L"
1.9347019724362e-35,1.20924781202065,0.63,0.318,3.99477263268627e-31,"7","ERH"
1.9770588243264e-35,1.1705286435713,0.301,0.09,4.08223106046915e-31,"7","C16orf87"
2.09034034768726e-35,0.915021202220836,0.295,0.085,4.31613474990465e-31,"7","IPO9"
2.27636483058575e-35,1.02023277000165,0.547,0.227,4.70023810219346e-31,"7","UIMC1"
2.45389257206631e-35,1.11524056015945,0.404,0.146,5.06679738280252e-31,"7","PHB"
2.7162852209286e-35,1.0887750953675,0.311,0.095,5.60858572417338e-31,"7","MCTS1"
2.99769908383504e-35,0.904001535771013,0.295,0.085,6.18964906830259e-31,"7","PPP6R1"
3.05606342897839e-35,0.970388997893932,0.441,0.165,6.31015976815458e-31,"7","PSMD9"
3.44591887762075e-35,0.865951348349932,0.773,0.407,7.11513329851132e-31,"7","EIF2AK3"
3.5674811173733e-35,0.846144285794656,0.32,0.097,7.36613501115239e-31,"7","TAF4B"
3.63441875683358e-35,0.968676296633149,0.593,0.255,7.50434784910997e-31,"7","CD2AP"
3.64720022488464e-35,0.954992853333074,0.637,0.294,7.53073902434181e-31,"7","PPP2R1A"
3.84991516396367e-35,0.842634118655893,0.575,0.244,7.94930483055219e-31,"7","TLE4"
4.16524256510983e-35,1.06099912581521,0.329,0.103,8.60039284843877e-31,"7","FIBP"
4.59831989266037e-35,1.14354073974386,0.469,0.182,9.49461091436513e-31,"7","CAB39"
5.13330773251728e-35,0.954116086281319,0.354,0.114,1.05992538061017e-30,"7","URM1"
5.23860578041357e-35,1.30424942270815,0.276,0.08,1.08166732153979e-30,"7","UBE2O"
5.27134395672596e-35,1.13738528718233,0.509,0.214,1.08842710018478e-30,"7","VAMP8"
5.32410368543725e-35,1.00020270263616,0.686,0.326,1.09932092896908e-30,"7","NFAT5"
5.37935310160971e-35,0.96898892133717,0.776,0.46,1.11072882842037e-30,"7","SRSF9"
6.55479149640611e-35,1.27003065724574,0.469,0.189,1.35343334817793e-30,"7","ST6GALNAC4"
6.93458033369497e-35,1.05555023032331,0.27,0.075,1.43185214730134e-30,"7","NCAPH2"
7.10047322682554e-35,0.945867266704851,0.512,0.209,1.46610571187494e-30,"7","MMADHC"
7.76847185766202e-35,0.861438428757888,0.761,0.396,1.60403406917005e-30,"7","SEPTIN6"
8.16477463278185e-35,0.950225945899943,0.562,0.238,1.6858626661768e-30,"7","MOB3A"
9.93366803991906e-35,0.91514693459535,0.404,0.146,2.05110377688249e-30,"7","TSPAN13"
1.05384501061047e-34,0.837585646408865,0.661,0.304,2.17597917790851e-30,"7","UBE2R2"
1.18368615644301e-34,1.08658519586169,0.28,0.079,2.44407517582352e-30,"7","MRPL49"
1.23808541622886e-34,1.05521633033085,0.36,0.12,2.55639876742935e-30,"7","LASP1"
1.29919835008523e-34,1.09866841597378,0.332,0.109,2.68258475325598e-30,"7","MRPS16"
1.34982381209849e-34,0.88462106668605,0.587,0.254,2.78711620722096e-30,"7","ANP32A"
1.49972489450102e-34,1.12144413247872,0.276,0.077,3.09663196216571e-30,"7","CNOT10"
1.55158629735003e-34,0.934713683656161,0.429,0.157,3.20371538676833e-30,"7","DDB1"
1.59321791637166e-34,0.922670588889887,0.444,0.167,3.28967635372421e-30,"7","VPS29"
1.77705842817935e-34,1.03425816165328,0.677,0.336,3.66927024250472e-30,"7","EBF1"
1.83993901099095e-34,0.790321523805264,0.773,0.413,3.79910606989412e-30,"7","FOXN3"
1.84342109595439e-34,1.03342102028999,0.301,0.091,3.80629587892662e-30,"7","DECR1"
1.90651845821841e-34,1.13100703879258,0.252,0.068,3.93657931252937e-30,"7","PRPF19"
1.96258291751535e-34,0.996077890857966,0.357,0.116,4.05234120808569e-30,"7","MRGBP"
2.02511609645467e-34,1.57552478111178,0.264,0.076,4.18145971595959e-30,"7","BNIP3"
2.11719541764462e-34,0.886115059489831,0.475,0.179,4.37158509835261e-30,"7","PXK"
2.31554761602922e-34,0.983901579115616,0.578,0.258,4.78114271757714e-30,"7","RABGEF1"
2.48683584429007e-34,1.09728254737126,0.373,0.129,5.13481865129014e-30,"7","TIFA"
2.63543267275915e-34,1.52033552323987,0.351,0.123,5.4416413827131e-30,"7","HIST1H3D"
2.90986634128245e-34,0.710054881623844,0.941,0.803,6.00829202148e-30,"7","RHOA"
3.03934012765236e-34,0.980724356695291,0.317,0.099,6.27562949557658e-30,"7","RRP36"
3.1333990606628e-34,0.775848188089132,0.602,0.263,6.46984238045654e-30,"7","MAPRE1"
3.51612367819452e-34,0.71810814690516,0.41,0.144,7.26009217073604e-30,"7","AHSA1"
3.62073395967472e-34,1.21567812742823,0.391,0.138,7.47609147993635e-30,"7","PTK2B"
3.65709403679899e-34,1.03730836636888,0.606,0.266,7.55116776718256e-30,"7","CDK13"
4.01066694116646e-34,0.846974010053619,0.354,0.115,8.28122510012051e-30,"7","SCP2"
4.12402165719578e-34,1.11244226506514,0.429,0.165,8.51527991777785e-30,"7","TMEM263"
4.38859059401436e-34,0.840966545058464,0.764,0.396,9.06156185852086e-30,"7","PNN"
4.74407383603866e-34,1.02998286031528,0.345,0.112,9.79556365665262e-30,"7","TAPT1"
4.75245929872649e-34,1.26351415031778,0.295,0.09,9.81287796001046e-30,"7","CD180"
4.96598534140884e-34,1.06585958284402,0.255,0.069,1.0253766532941e-29,"7","GRAMD1C"
5.11956233486229e-34,0.888282699134815,0.401,0.142,1.05708723090237e-29,"7","SNRPA"
5.34853369965812e-34,0.815366699638493,0.885,0.731,1.10436523830541e-29,"7","ARPC3"
5.46983483145641e-34,0.802086767883712,0.553,0.227,1.12941149599912e-29,"7","HVCN1"
5.83927447032329e-34,0.878126097257581,0.36,0.12,1.20569339263235e-29,"7","MAZ"
6.52796372881714e-34,1.14461213185084,0.301,0.092,1.34789395072616e-29,"7","IAH1"
6.66961124210776e-34,1.04701835724297,0.326,0.103,1.37714132927041e-29,"7","WDFY2"
7.12235961815047e-34,0.937961736393236,0.332,0.106,1.47062481395571e-29,"7","INO80E"
7.96547495892702e-34,1.01297560510699,0.82,0.536,1.64471126951925e-29,"7","PDIA3"
7.96624444661321e-34,0.965638927209807,0.596,0.264,1.6448701533367e-29,"7","VASP"
8.11683699453106e-34,1.10081937274375,0.404,0.151,1.67596450263077e-29,"7","TXNDC17"
8.23222279279296e-34,1.11419786029583,0.307,0.096,1.69978936225589e-29,"7","IDH3G"
9.38369529080259e-34,0.946627860598823,0.506,0.207,1.93754540364492e-29,"7","SUGT1"
1.03861466182413e-33,0.869751744219789,0.472,0.185,2.14453155373447e-29,"7","PSMD2"
1.07513918074486e-33,0.884738128187293,0.724,0.375,2.21994738040198e-29,"7","EWSR1"
1.08500987737467e-33,1.01778653054923,0.776,0.461,2.24032839480322e-29,"7","GYPC"
1.09470162640549e-33,0.972018144038372,0.401,0.141,2.26033991820205e-29,"7","PHF6"
1.1573834079822e-33,0.805814471659386,0.68,0.327,2.38976526080164e-29,"7","VDAC1"
1.19744376512467e-33,0.993071822906003,0.342,0.112,2.47248188622941e-29,"7","AK6"
1.31097234158513e-33,0.823567218254379,0.655,0.311,2.70689569090498e-29,"7","RTRAF"
1.37495989477269e-33,0.94145620890282,0.708,0.386,2.83901719072664e-29,"7","SRSF2"
1.43197023721353e-33,1.11186661222856,0.252,0.069,2.95673214579849e-29,"7","SEH1L"
1.44454339069601e-33,0.761750298029449,0.382,0.128,2.98269319310912e-29,"7","RUFY1"
1.83397742125244e-33,0.835664589894714,0.575,0.248,3.78679657940204e-29,"7","UBE2K"
1.95409399497898e-33,1.01573447057244,0.379,0.131,4.03481328083259e-29,"7","FBXL5"
2.05794909758128e-33,0.969001516850557,0.453,0.177,4.24925329668583e-29,"7","PSMD14"
2.09174236797534e-33,0.916565026233548,0.742,0.412,4.31902964139548e-29,"7","UBE2I"
2.14954659726567e-33,0.965168989483974,0.901,0.684,4.43838381403416e-29,"7","HLA-DMA"
2.51256719144824e-33,0.791403870499233,0.5,0.199,5.18794873690232e-29,"7","GNL1"
2.52596201284123e-33,1.2276860736611,0.345,0.115,5.21560636411457e-29,"7","MSL2"
2.61968568588204e-33,1.04955141489072,0.339,0.109,5.40912700420923e-29,"7","CIITA"
2.62397657041844e-33,0.927976610965031,0.5,0.196,5.4179868226e-29,"7","PTDSS1"
2.65150093060249e-33,1.29852701442423,0.497,0.22,5.47481912150801e-29,"7","PRDX2"
2.73166351164746e-33,0.828645960336711,0.404,0.142,5.64033881884968e-29,"7","SMS"
4.18778770700747e-33,0.825735903941801,0.438,0.162,8.64694405742902e-29,"7","RBBP8"
4.27368616688704e-33,0.908117371388899,0.36,0.123,8.82430719738836e-29,"7","SNF8"
4.54587321746658e-33,0.864148421764421,0.832,0.536,9.38631901942499e-29,"7","IFI30"
4.57646745162409e-33,0.773947479129102,0.599,0.264,9.44948999411341e-29,"7","SUMO1"
5.30700113022191e-33,0.961578712217482,0.45,0.173,1.09578959336822e-28,"7","DMTF1"
5.51106084119912e-33,0.96859081395445,0.379,0.131,1.1379238424908e-28,"7","PACSIN2"
6.54964995185287e-33,0.950079546592581,0.581,0.262,1.35237172205858e-28,"7","UBE2L3"
6.80729298373853e-33,0.925083038356773,0.435,0.167,1.40556985528233e-28,"7","H2AFX"
7.09678981276508e-33,0.84392941235338,0.543,0.225,1.46534516053973e-28,"7","WAPL"
7.2683683394657e-33,0.959308325898821,0.736,0.444,1.50077269473288e-28,"7","ELOB"
7.67437590685089e-33,1.04515281641493,0.901,0.729,1.58460513724657e-28,"7","SYNGR2"
1.08142303762309e-32,0.890759601655244,0.295,0.09,2.23292228808416e-28,"7","NUDT16L1"
1.1667454842064e-32,0.903110417759748,0.571,0.249,2.40909607578937e-28,"7","G3BP1"
1.23097507723106e-32,1.28719177646549,0.258,0.074,2.54171733946669e-28,"7","INPP5K"
1.32429352459605e-32,1.09232373361388,0.276,0.081,2.73440126958593e-28,"7","RPP30"
1.39127311875771e-32,0.971810048251561,0.54,0.242,2.87270073561093e-28,"7","MDH2"
1.49130668079888e-32,0.639706951357181,0.935,0.866,3.07925003451354e-28,"7","OAZ1"
1.53418472766159e-32,1.05579928080361,0.342,0.112,3.16778462567565e-28,"7","CMIP"
1.57715323419957e-32,1.24844713013754,0.376,0.141,3.25650599797527e-28,"7","DCTN3"
1.58413949184191e-32,0.882818318388971,0.32,0.102,3.27093122275518e-28,"7","FKBP3"
1.61024835114352e-32,0.732886850790594,0.5,0.196,3.32484079544113e-28,"7","USP22"
1.616446061097e-32,1.04157100760732,0.292,0.089,3.33763782695309e-28,"7","SLC12A2"
1.67620074503097e-32,0.924835544859409,0.55,0.247,3.46101929833994e-28,"7","NEDD8"
1.8431837104004e-32,0.824013451703924,0.391,0.14,3.80580572523475e-28,"7","TMEM183A"
1.93173817237464e-32,0.896151119418221,0.366,0.127,3.98865297831916e-28,"7","SLC30A5"
1.96980281427015e-32,1.01200870092872,0.441,0.174,4.067248850905e-28,"7","SNRPC"
2.02213857740777e-32,0.797081912483936,0.894,0.655,4.17531173463157e-28,"7","FAM107B"
2.04223330049913e-32,0.986234906243599,0.267,0.076,4.2168033188706e-28,"7","NUP62"
2.0460408867684e-32,0.823769431481175,0.618,0.284,4.2246652229994e-28,"7","NAA50"
2.05582241738123e-32,0.859326481714225,0.329,0.105,4.24486212740876e-28,"7","ARL6IP6"
2.09950258967901e-32,0.740153924104418,0.68,0.337,4.33505294716923e-28,"7","EIF4A3"
2.19137643309216e-32,1.24694803079341,0.512,0.234,4.52475405904869e-28,"7","RPS27L"
2.99419611110611e-32,1.10392099149684,0.457,0.184,6.1824161302119e-28,"7","PGLS"
3.58409944078655e-32,0.859619522095329,0.348,0.116,7.40044852533606e-28,"7","TIA1"
4.11704644059726e-32,0.864437269295869,0.612,0.285,8.50087749054523e-28,"7","RAB14"
4.21613625598682e-32,0.847032846835791,0.314,0.098,8.70547814136158e-28,"7","KCNQ5"
4.29558262743951e-32,1.04283159707933,0.571,0.257,8.86951900913709e-28,"7","RGPD2"
4.53590037616885e-32,0.864678271411568,0.581,0.261,9.36572709671344e-28,"7","DMXL1"
4.65482980721788e-32,0.934345377335722,0.457,0.18,9.61129258594348e-28,"7","SRI"
4.74834797547725e-32,0.668957473888961,0.46,0.178,9.80438889976542e-28,"7","PRKRA"
4.80550226416194e-32,0.853692242801566,0.382,0.133,9.92240107504157e-28,"7","GMFB"
5.52100957114018e-32,0.761497130855794,0.736,0.376,1.13997805624902e-27,"7","SELENOT"
5.52410536131881e-32,0.781060067942699,0.481,0.19,1.14061727500511e-27,"7","TOP2B"
5.60043888790827e-32,0.892169899838922,0.773,0.475,1.1563786215753e-27,"7","S100A10"
6.02963488622888e-32,0.984730456521655,0.335,0.108,1.24499901130854e-27,"7","CCNB1IP1"
6.07476783226915e-32,0.895751768180168,0.506,0.217,1.25431806200693e-27,"7","PSMA6"
6.45672281571619e-32,0.888278998923269,0.823,0.517,1.33318412698908e-27,"7","CD53"
6.78504286722505e-32,0.99483160467477,0.5,0.217,1.40097565122463e-27,"7","NANS"
7.0924112914188e-32,0.912194226038108,0.435,0.166,1.46444108345215e-27,"7","WIPI2"
7.26173309475921e-32,1.03442549863931,0.425,0.164,1.49940264940588e-27,"7","ACTN4"
7.35474629562545e-32,0.714602717620321,0.373,0.126,1.51860801512074e-27,"7","NELFCD"
7.60391690870664e-32,0.675668950171043,0.307,0.096,1.57005676330975e-27,"7","HAUS2"
8.09330938732872e-32,0.831566998365347,0.646,0.306,1.67110652229564e-27,"7","AKIRIN2"
8.21551441622172e-32,0.90180351771928,0.525,0.232,1.69633941666146e-27,"7","RAB5IF"
8.4599848665248e-32,0.995356838393232,0.441,0.173,1.74681767524004e-27,"7","MDM2"
8.82938372844819e-32,0.781374398323194,0.525,0.222,1.82309115224998e-27,"7","PSMB4"
9.24486954915494e-32,0.965353318161957,0.311,0.098,1.90888066450951e-27,"7","ZC3H18"
9.24922700697365e-32,1.24659794703189,0.363,0.131,1.90978039239992e-27,"7","ATP2A2"
9.66813600107059e-32,2.15832009346971,0.258,0.079,1.99627672150106e-27,"7","CEP128"
9.93053768138832e-32,0.892165923374635,0.413,0.154,2.05045742045306e-27,"7","ILK"
1.07701192179965e-31,0.928260982200915,0.407,0.147,2.22381421613192e-27,"7","NIBAN3"
1.3434871469116e-31,1.00364794714797,0.64,0.325,2.77403226094307e-27,"7","COPE"
1.52294591551775e-31,0.867880700050579,0.432,0.168,3.14457872636105e-27,"7","LSM4"
1.53371810670355e-31,1.29122668889466,0.323,0.111,3.16682114672148e-27,"7","NDUFS3"
1.54967733320979e-31,0.897382632016,0.596,0.277,3.19977375761157e-27,"7","PPM1G"
1.71822126891888e-31,0.811681355350257,0.761,0.45,3.5477832760637e-27,"7","PSMA7"
1.72294755189169e-31,1.03542349583126,0.534,0.236,3.55754210514597e-27,"7","MAN2A1"
1.92477561446595e-31,0.761944910795966,0.54,0.226,3.97427668874929e-27,"7","DIAPH1"
1.96525038970557e-31,0.647495485978291,0.429,0.16,4.05784900466406e-27,"7","CDC27"
2.00789631941988e-31,1.02730425228389,0.314,0.102,4.14590432033816e-27,"7","TRAPPC9"
2.09940227504182e-31,0.757478815793452,0.382,0.135,4.33484581750634e-27,"7","PSPC1"
2.16687934526684e-31,1.08901443591717,0.339,0.118,4.47417247210696e-27,"7","STOML2"
2.25123798070688e-31,1.09166668520156,0.311,0.101,4.64835618256356e-27,"7","MRPL4"
2.25722818817223e-31,0.761673558155217,0.407,0.153,4.66072476293802e-27,"7","MRPS15"
2.34555457395183e-31,0.874456186878891,0.342,0.116,4.84310108429574e-27,"7","ACTR10"
2.59200101762884e-31,0.683710928130554,0.335,0.109,5.35196370120004e-27,"7","ATP6V1H"
2.9245270354869e-31,0.753812156187339,0.441,0.169,6.03856342287335e-27,"7","UBAP1"
3.12828335606977e-31,0.923580010088125,0.404,0.149,6.45927947361286e-27,"7","NCOA1"
3.16652034645629e-31,0.8481188495247,0.807,0.478,6.53823121136295e-27,"7","ACTR2"
3.49835346983871e-31,0.714486899369297,0.565,0.241,7.22340024452296e-27,"7","USP10"
3.83320218395024e-31,0.753962893320451,0.602,0.274,7.91479586942045e-27,"7","RAD23B"
3.83752472360575e-31,0.980210167621522,0.46,0.192,7.92372104930114e-27,"7","NDUFB1"
3.9036252630434e-31,0.879257892427282,0.773,0.472,8.06020544313201e-27,"7","CSNK2B"
3.95760435160835e-31,0.794237275103171,0.432,0.162,8.17166146520092e-27,"7","DAXX"
4.24899231435665e-31,0.845522274424122,0.606,0.28,8.77331933068361e-27,"7","SUZ12"
4.41906154379183e-31,0.738718934850559,0.901,0.659,9.12447827562138e-27,"7","SFPQ"
4.6810714412908e-31,0.908339412619342,0.404,0.151,9.66547631197724e-27,"7","UBXN2A"
4.84070029561284e-31,0.922144308305797,0.28,0.084,9.99507797038138e-27,"7","CFAP20"
4.99574765255931e-31,0.603820324999366,0.516,0.211,1.03152197530045e-26,"7","METAP2"
5.24240145359408e-31,0.831790203296391,0.832,0.631,1.0824510521381e-26,"7","RAN"
5.79617505894434e-31,0.935693265390534,0.401,0.149,1.19679422617083e-26,"7","TPP2"
5.96718888010796e-31,0.70161934324484,0.45,0.172,1.23210515996469e-26,"7","RAB1B"
6.39826296831999e-31,0.826150561347892,0.556,0.237,1.32111333769871e-26,"7","PHTF2"
6.49208069751529e-31,0.794641362223131,0.792,0.447,1.34048482242296e-26,"7","RAP1A"
6.61265185953506e-31,0.876947353828999,0.618,0.297,1.3653803559568e-26,"7","FBXW7"
7.05904133834013e-31,0.850270741704886,0.357,0.124,1.45755085554047e-26,"7","PDS5B"
7.12132570126303e-31,1.11624544337515,0.658,0.342,1.47041133079679e-26,"7","PDIA6"
7.73068158684341e-31,0.860549193095962,0.717,0.408,1.59623113405143e-26,"7","KHDRBS1"
7.73699045475446e-31,0.819133145112975,0.413,0.157,1.5975337890977e-26,"7","PSMB7"
9.252917095174e-31,0.841784280472807,0.307,0.1,1.91054232181153e-26,"7","CHCHD1"
9.75838278371802e-31,1.25702693519224,0.252,0.073,2.0149108771821e-26,"7","E2F3"
9.79398421706253e-31,0.943130821523493,0.708,0.391,2.02226186113907e-26,"7","SYPL1"
9.98582749245985e-31,0.892072192067863,0.398,0.153,2.06187366064311e-26,"7","SLC25A39"
1.00909604359534e-30,0.824925930733395,0.286,0.087,2.08358151081566e-26,"7","SF3B3"
1.07148740737286e-30,0.73559387750266,0.382,0.138,2.21240719874349e-26,"7","TAF9"
1.09004504174536e-30,0.991958285900973,0.267,0.08,2.25072500219582e-26,"7","GPN3"
1.18762522107738e-30,0.797919166556331,0.922,0.651,2.45220855648058e-26,"7","STK17A"
1.20962371543105e-30,0.971356944877593,0.264,0.078,2.49763104762203e-26,"7","ATP6V1D"
1.2654180673017e-30,0.882207871424677,0.447,0.174,2.61283522536456e-26,"7","MCUB"
1.56261613949307e-30,1.04571505857686,0.283,0.089,3.22648980482528e-26,"7","PRKACB"
1.58257494575731e-30,0.859297087328891,0.686,0.364,3.26770074799969e-26,"7","PSMD8"
1.62308323863949e-30,0.856652818714543,0.537,0.239,3.35134227114282e-26,"7","CNIH1"
1.69039302406061e-30,0.58939063599857,0.283,0.086,3.49032351608035e-26,"7","SUCLA2"
1.87167133613066e-30,0.936928253685514,0.345,0.12,3.8646269748426e-26,"7","GRSF1"
1.90542175244001e-30,0.924596126440524,0.36,0.127,3.93431483443813e-26,"7","USP33"
2.20732241875384e-30,0.832806097910461,0.46,0.188,4.55767933024293e-26,"7","PSMA5"
2.25791119918643e-30,0.534317593300221,0.981,0.981,4.66213504408015e-26,"7","PTMA"
2.27951614764351e-30,0.819559897407154,0.401,0.151,4.70674494165432e-26,"7","MEA1"
2.34592920356915e-30,0.836065841797504,0.469,0.184,4.84387461952959e-26,"7","EVL"
2.37074375480754e-30,0.783496554667161,0.804,0.526,4.89511170492661e-26,"7","SLC25A3"
2.41617043175955e-30,0.752281769667792,0.351,0.122,4.98890870749711e-26,"7","CNOT9"
2.47436689983132e-30,0.819490128524659,0.727,0.378,5.10907277477171e-26,"7","TRA2A"
2.71204425097584e-30,1.11529721284284,0.28,0.088,5.59982896941491e-26,"7","RABL6"
2.76470118764387e-30,0.612269512716047,0.509,0.207,5.70855501224706e-26,"7","RABGAP1"
2.99906918919045e-30,0.82838700879012,0.286,0.09,6.19247806184044e-26,"7","EI24"
3.01358439757841e-30,0.689823233744881,0.376,0.135,6.22244906411991e-26,"7","COPS8"
3.17549634022784e-30,1.07565194412631,0.404,0.151,6.55676484330245e-26,"7","ARHGAP17"
3.20200705058623e-30,0.837795858637855,0.46,0.183,6.61150415805045e-26,"7","CAPRIN1"
3.36277664970827e-30,0.719594294869891,0.429,0.163,6.94346122631764e-26,"7","RO60"
3.40564075355436e-30,1.00724206323155,0.258,0.076,7.03196702793904e-26,"7","ADH5"
3.42852868865318e-30,0.93032732073222,0.689,0.377,7.07922603633109e-26,"7","UBE2S"
3.45724973128467e-30,1.02768073648656,0.326,0.109,7.1385292451566e-26,"7","EGLN1"
3.6914021190885e-30,0.978212810405115,0.494,0.207,7.62200709549394e-26,"7","SIPA1L3"
3.74394711483186e-30,0.891285133004708,0.528,0.234,7.73050200270483e-26,"7","SRP9"
3.86608148949124e-30,0.855218511972087,0.289,0.092,7.98268505950151e-26,"7","PDHB"
3.99791211075048e-30,0.721594700359918,0.441,0.166,8.25488892627758e-26,"7","SPOPL"
4.02157944300953e-30,0.811504854032773,0.255,0.074,8.30375723392607e-26,"7","POLR2J3"
4.04155088643304e-30,0.686583453435902,0.494,0.198,8.34499427030694e-26,"7","SKAP2"
4.2968081274307e-30,0.815840320392651,0.547,0.237,8.8720494215189e-26,"7","SYK"
4.80177737315183e-30,1.00886968046619,0.329,0.111,9.91470992008389e-26,"7","CDK5RAP2"
4.89807000062517e-30,0.848072865331418,0.32,0.107,1.01135349372908e-25,"7","WEE1"
5.07006015500767e-30,1.09635443165217,0.494,0.217,1.04686602080598e-25,"7","GARS"
5.09590458182764e-30,0.943467561697389,0.329,0.115,1.05220237805577e-25,"7","RYBP"
5.78676350979101e-30,0.871956309397645,0.447,0.183,1.19485092950165e-25,"7","RPA3"
6.3125040008064e-30,0.557513299705386,0.463,0.179,1.30340582608651e-25,"7","CD72"
6.8241718956659e-30,0.835016197505571,0.323,0.107,1.4090550130171e-25,"7","LYPLA2"
7.52257311576463e-30,1.08861141072527,0.36,0.132,1.55326089694308e-25,"7","PDAP1"
8.25425447442821e-30,0.820032607125309,0.435,0.173,1.70433846387994e-25,"7","ETFA"
8.30020441731703e-30,0.897773037065933,0.264,0.079,1.71382620808762e-25,"7","NFATC2IP"
8.61260070222272e-30,0.798452912400596,0.463,0.186,1.77832979299495e-25,"7","GTF2E2"
8.68047489406829e-30,0.907791207314086,0.646,0.348,1.79234445612722e-25,"7","ATP5F1A"
9.14442296745104e-30,0.833672350247962,0.63,0.315,1.88814045431929e-25,"7","CCT8"
9.44621071965171e-30,0.886047021947023,0.64,0.305,1.95045358939369e-25,"7","BIRC6"
9.64806917452502e-30,1.10789746093162,0.342,0.122,1.99213332315593e-25,"7","CEP85L"
1.1345057943194e-29,0.803579576057131,0.323,0.108,2.34252756411069e-25,"7","GTDC1"
1.32518205407125e-29,0.903035354508856,0.357,0.127,2.73623590524632e-25,"7","TMC6"
1.38496092144524e-29,0.719312668782479,0.86,0.524,2.85966731060013e-25,"7","ITSN2"
1.43175568781679e-29,0.852861780572979,0.435,0.174,2.95628914420411e-25,"7","QARS"
1.45554547979164e-29,0.766629950530193,0.335,0.118,3.00541030667378e-25,"7","SLC9A3R1"
1.47233118166293e-29,0.820981028476256,0.481,0.196,3.04006942389762e-25,"7","EIF3B"
1.47517229404842e-29,0.932046517386218,0.565,0.26,3.04593575275117e-25,"7","PIP4K2A"
1.5520993026194e-29,0.748841440077762,0.77,0.438,3.20477464004854e-25,"7","GLS"
1.57137872340078e-29,0.728325907114917,0.379,0.139,3.24458278807794e-25,"7","SCLT1"
1.59588256593059e-29,0.814196522019441,0.593,0.276,3.29517832213348e-25,"7","RABEP1"
1.62380060521728e-29,1.02120975841942,0.255,0.076,3.35282348965264e-25,"7","UCHL3"
1.72698325070904e-29,0.91153079833772,0.556,0.263,3.56587501606403e-25,"7","CDK2AP2"
1.793357412423e-29,0.483552822487728,0.571,0.231,3.70292438517101e-25,"7","MZB1"
1.82918961179251e-29,1.04669795363355,0.311,0.107,3.77691071042917e-25,"7","PNKD"
1.85877972676976e-29,0.81824231759942,0.63,0.305,3.8380083798342e-25,"7","NAP1L4"
2.04588033923233e-29,0.821754183784318,0.413,0.162,4.22433372444692e-25,"7","GID8"
2.09509291387263e-29,1.07374513533321,0.326,0.114,4.3259478485642e-25,"7","SAMD12"
2.10191790761401e-29,0.652559228135511,0.379,0.138,4.34004009564141e-25,"7","RTF2"
2.11793325500237e-29,0.790763228553293,0.28,0.087,4.37310858492889e-25,"7","MCRS1"
2.12410128833538e-29,0.693965922053828,0.649,0.308,4.38584434015489e-25,"7","PDE7A"
2.21025308012945e-29,0.756245084201499,0.255,0.074,4.56373055985129e-25,"7","CBX1"
2.41044042137635e-29,0.729044920142857,0.314,0.104,4.9770773820579e-25,"7","RPAP3"
2.44223963117206e-29,1.03042797263405,0.255,0.076,5.04273639044406e-25,"7","TRNAU1AP"
2.62290732235672e-29,0.790303323335622,0.304,0.097,5.41577903920216e-25,"7","CRYBG1"
2.78969894700121e-29,0.700763530415651,0.668,0.327,5.76017038576809e-25,"7","OGA"
2.80828912721665e-29,0.770142910030161,0.289,0.092,5.79855538987693e-25,"7","DCUN1D5"
3.23296129189205e-29,0.805473166557707,0.475,0.198,6.67541847549871e-25,"7","BAZ1B"
3.23472478204301e-29,0.906101358383872,0.382,0.146,6.67905972996242e-25,"7","AHCY"
3.2843157284976e-29,0.839730450058635,0.292,0.095,6.78145511620183e-25,"7","DRG1"
3.31912933994549e-29,0.73388797792167,0.348,0.124,6.85333826111944e-25,"7","UPF3A"
3.53988632891544e-29,0.77916567292438,0.478,0.201,7.30915729194459e-25,"7","NAPA"
3.73226848025439e-29,0.850215689402807,0.466,0.196,7.70638795802926e-25,"7","STARD7"
3.73602974504455e-29,0.810143742609041,0.829,0.538,7.71415421756799e-25,"7","CDV3"
4.29315433576595e-29,0.894564391226988,0.388,0.145,8.86450507248953e-25,"7","NCK2"
4.57733178513635e-29,1.08669975739494,0.267,0.082,9.45127466994953e-25,"7","LYL1"
4.65549890233413e-29,0.649631341654068,0.323,0.108,9.61267413353952e-25,"7","MPP6"
4.84163027807206e-29,0.790272720481053,0.578,0.278,9.99699819816318e-25,"7","EIF2S2"
4.85409802680562e-29,0.868463560519549,0.494,0.22,1.00227416057483e-24,"7","NDUFS6"
5.07368697945286e-29,0.874561801684185,0.404,0.153,1.04761488751743e-24,"7","MCPH1"
5.30391767348454e-29,0.737850723970124,0.491,0.207,1.09515292122109e-24,"7","DNM1L"
5.40517375386242e-29,1.03852154415159,0.429,0.18,1.11606027669751e-24,"7","CYC1"
5.88320243556692e-29,1.12726632826803,0.466,0.193,1.21476363889586e-24,"7","MICU2"
5.96307421067077e-29,1.06168672439549,0.388,0.151,1.2312555630193e-24,"7","SLC25A19"
6.09625948573178e-29,0.595633343845081,0.696,0.344,1.2587556586139e-24,"7","SLTM"
6.30511991076928e-29,0.887177524025782,0.32,0.11,1.30188115917564e-24,"7","MRPS12"
6.66017248093929e-29,1.01691355945029,0.416,0.165,1.37519241386434e-24,"7","PALM2-AKAP2"
7.34125965379505e-29,0.699815973816215,0.388,0.144,1.5158232933156e-24,"7","PANK2"
8.40585371087645e-29,0.536806528253106,0.562,0.243,1.73564067422177e-24,"7","GNB5"
8.4885217258442e-29,0.62049304048107,0.444,0.177,1.75270996595231e-24,"7","YWHAG"
8.68592823500231e-29,0.847973285274558,0.382,0.145,1.79347046196328e-24,"7","HSD17B12"
8.8621954703767e-29,0.972075189177894,0.36,0.13,1.82986612072338e-24,"7","SGPP1"
9.05737403802839e-29,1.11404712423673,0.419,0.169,1.8701665913721e-24,"7","AC004687.1"
9.43413968871913e-29,0.820049351921846,0.811,0.528,1.94796116292673e-24,"7","PGK1"
1.02236397083642e-28,0.868519590286378,0.547,0.252,2.11097712698303e-24,"7","ERO1B"
1.08997199622457e-28,0.69417045587591,0.752,0.385,2.25057417780448e-24,"7","ILF3"
1.14567044556739e-28,0.924516613033456,0.447,0.19,2.36558033600754e-24,"7","LSM5"
1.20362181853292e-28,0.891421266024498,0.627,0.308,2.48523833090677e-24,"7","CLDND1"
1.56230646816022e-28,0.726587057523337,0.739,0.39,3.22585039545723e-24,"7","SHOC2"
1.57955653700885e-28,1.13945992414259,0.388,0.156,3.26146833761588e-24,"7","NDUFV1"
1.60029897863784e-28,0.914856751578305,0.261,0.081,3.3042973310914e-24,"7","HIKESHI"
1.81469957613751e-28,0.768080787608338,0.73,0.387,3.74699168480873e-24,"7","MYH9"
1.81661836664633e-28,0.603872150286031,0.488,0.199,3.75095360345133e-24,"7","POLE3"
1.85984723950408e-28,0.875797566470699,0.457,0.192,3.84021258012802e-24,"7","MAP2K3"
1.89833633258501e-28,0.906333890598661,0.273,0.086,3.91968485952154e-24,"7","GCA"
1.90160660898267e-28,0.816920221683303,0.637,0.326,3.92643732622742e-24,"7","ANP32E"
1.92333264479474e-28,0.909665854530676,0.292,0.096,3.97129724497219e-24,"7","PPP3CB"
1.99595564503306e-28,1.11463914666784,0.351,0.128,4.12124921586427e-24,"7","CBLB"
2.01106259025681e-28,0.789306355421284,0.5,0.209,4.15244203636226e-24,"7","AMFR"
2.10251645447459e-28,0.90921164321225,0.37,0.138,4.34127597519913e-24,"7","WDR26"
2.37196049809706e-28,0.616382716999292,0.916,0.793,4.89762403647082e-24,"7","ATP5F1E"
2.7459656538293e-28,0.570233652525217,0.466,0.188,5.66986988202673e-24,"7","PPP1R18"
2.90595688858454e-28,0.677556172244235,0.46,0.185,6.00021978354935e-24,"7","DCP2"
2.91615670408442e-28,0.771862360042308,0.761,0.446,6.02128036259352e-24,"7","GNAI2"
2.9360157712586e-28,0.677467509149562,0.556,0.252,6.06228536449475e-24,"7","CNTRL"
3.01406653682133e-28,0.618409600085943,0.342,0.119,6.22344458522868e-24,"7","ODF2"
3.02485995176377e-28,0.56252813828127,0.41,0.154,6.24573082840183e-24,"7","DR1"
3.47233322284077e-28,0.975546295965965,0.438,0.187,7.16967363852163e-24,"7","NDUFS7"
3.49859799635584e-28,0.698105950646787,0.488,0.204,7.22390514287554e-24,"7","PUF60"
3.5272312028572e-28,0.852833699025741,0.376,0.139,7.28302698765954e-24,"7","ZNF106"
3.74938426916833e-28,0.855604519586864,0.519,0.233,7.74172863897877e-24,"7","TMEM165"
3.78914047498394e-28,0.893275096202689,0.742,0.491,7.82381725274683e-24,"7","NDUFA4"
3.82090802940678e-28,0.664541895174308,0.264,0.082,7.88941089911913e-24,"7","PPP1R35"
4.18181922597955e-28,1.02701792622734,0.528,0.263,8.63462033780257e-24,"7","ANAPC11"
4.31558518538427e-28,1.16623254563546,0.432,0.187,8.91082029078143e-24,"7","RANBP1"
4.53115569347306e-28,0.690833149252679,0.301,0.099,9.35593027588317e-24,"7","APC"
4.60060048975595e-28,0.543717945910831,0.494,0.211,9.49931989124808e-24,"7","IKZF1"
4.80370446417573e-28,0.85694690230684,0.593,0.301,9.91868897763005e-24,"7","SEM1"
5.00914950521414e-28,0.735605248281818,0.643,0.323,1.03428918983662e-23,"7","UBE2M"
5.36922179119568e-28,1.2479220966981,0.264,0.084,1.10863691544608e-23,"7","MYO1C"
5.37633991824833e-28,0.896898979294917,0.28,0.09,1.11010666631991e-23,"7","RBM18"
5.44193287721351e-28,0.967808720041041,0.307,0.103,1.12365030048705e-23,"7","PDCL3"
5.61952747342106e-28,0.953886342409029,0.469,0.202,1.16032003271198e-23,"7","PTPN22"
5.92484083295316e-28,0.714628507973947,0.534,0.24,1.22336113518817e-23,"7","RIC1"
6.15464924178122e-28,0.70487065555561,0.41,0.161,1.27081197544299e-23,"7","PSMD3"
6.18269978081933e-28,0.82911209574304,0.491,0.217,1.27660385074358e-23,"7","MYO1D"
6.31716123826885e-28,0.78897974909685,0.348,0.126,1.30436745247775e-23,"7","HTATSF1"
6.39754887966354e-28,0.730370749502876,0.339,0.119,1.32096589267293e-23,"7","ACBD6"
6.80695888276035e-28,0.899054749583015,0.335,0.117,1.40550087011236e-23,"7","ZBTB44"
6.93465329035158e-28,0.71519248883936,0.748,0.412,1.43186721139179e-23,"7","RAB11FIP1"
7.0582174064359e-28,0.96153481202103,0.45,0.184,1.45738073008088e-23,"7","LCOR"
7.78951674928219e-28,0.664905237082045,0.655,0.318,1.60837941839179e-23,"7","PPP4R2"
8.13916805068653e-28,0.771449659206584,0.55,0.246,1.68057541910575e-23,"7","THOC2"
8.32231347643134e-28,0.933545729645714,0.789,0.485,1.71839128661354e-23,"7","MKNK2"
8.67547185483797e-28,0.674643765213158,0.528,0.234,1.79131142858694e-23,"7","CAPZA2"
8.69321455361244e-28,0.727227754206823,0.382,0.145,1.7949749410299e-23,"7","SDHB"
9.71414064064043e-28,0.825454060406921,0.686,0.34,2.00577575947944e-23,"7","RCSD1"
1.00033871501002e-27,0.851016749375989,0.28,0.09,2.06549937875268e-23,"7","KLHL2"
1.05565430381908e-27,0.723806375097495,0.658,0.32,2.17971500652564e-23,"7","LUC7L2"
1.08425111613148e-27,0.662602820112947,0.404,0.156,2.23876170458828e-23,"7","TNKS"
1.13148104616535e-27,1.03891561287199,0.329,0.122,2.3362820641222e-23,"7","CHMP2A"
1.13151603469206e-27,0.833994601095725,0.391,0.151,2.33635430843217e-23,"7","NF1"
1.21413090829682e-27,0.83180702593282,0.276,0.087,2.50693749945128e-23,"7","DLD"
1.22030854236739e-27,0.694041980591281,0.568,0.262,2.51969307828019e-23,"7","PBRM1"
1.4538587939367e-27,0.71178378267071,0.649,0.313,3.00192763772051e-23,"7","SMARCC1"
1.87806253072703e-27,0.668599942053829,0.391,0.148,3.87782351344516e-23,"7","MZT1"
1.96802950541432e-27,0.902043725630272,0.643,0.338,4.06358732277949e-23,"7","CTSH"
2.02598575458354e-27,0.928799986468705,0.512,0.241,4.18325538606409e-23,"7","NDUFA2"
2.21405506911697e-27,0.620003349052679,0.388,0.147,4.57158090671273e-23,"7","TMX1"
2.40847367318035e-27,0.660846561287626,0.317,0.108,4.97301644038278e-23,"7","OXCT1"
2.41123221647204e-27,0.768741463004822,0.317,0.109,4.97871228057146e-23,"7","SNRNP40"
2.5531250905759e-27,0.510501264502129,0.394,0.149,5.27169268702113e-23,"7","C1D"
2.71684663363638e-27,0.873655918612964,0.888,0.622,5.6097449291324e-23,"7","FNBP1"
2.73545810628129e-27,0.746890241551185,0.606,0.295,5.64817389784961e-23,"7","PPP4C"
2.92596073339238e-27,0.864311796832936,0.357,0.132,6.04152372230858e-23,"7","DDA1"
2.93940063081834e-27,0.747456125890262,0.575,0.279,6.06927442251372e-23,"7","MRPS6"
2.97753348184656e-27,0.735199334264664,0.447,0.187,6.14801113331678e-23,"7","ACO2"
3.49870641105679e-27,1.01914479397054,0.329,0.119,7.22412899755007e-23,"7","KLF12"
3.66548228102959e-27,0.754620046855439,0.388,0.146,7.5684878138699e-23,"7","NDE1"
3.8971644893417e-27,0.628383100082797,0.363,0.132,8.04686523759275e-23,"7","MTA2"
4.16342646743454e-27,0.844510291121873,0.292,0.099,8.59664296995883e-23,"7","UCHL5"
4.2053650146232e-27,0.790272620501836,0.382,0.146,8.68323768219398e-23,"7","NCBP3"
4.27223939454307e-27,0.542615670602282,0.506,0.214,8.82131990185253e-23,"7","SREK1"
4.2889061529725e-27,0.457907980357954,0.264,0.082,8.85573342465761e-23,"7","TAF2"
4.65640336235629e-27,1.09200393333672,0.28,0.092,9.61454166259326e-23,"7","TRRAP"
5.04632081050072e-27,0.836535204641375,0.354,0.136,1.04196432095219e-22,"7","ETFB"
5.06121053608249e-27,1.10416111047878,0.413,0.18,1.04503875149031e-22,"7","NDUFAF3"
5.09927993512062e-27,0.656152499714063,0.786,0.462,1.05289932100371e-22,"7","SERBP1"
6.18993521642268e-27,0.841698532596667,0.528,0.243,1.27809782348696e-22,"7","STX12"
6.201845685423e-27,0.82222630532342,0.292,0.098,1.28055709712614e-22,"7","GLYR1"
6.34927589781598e-27,0.53543197808696,0.295,0.097,1.31099848738104e-22,"7","NOL11"
6.51632237614715e-27,1.0135565600755,0.27,0.089,1.34549024422686e-22,"7","MTX1"
7.11752882975728e-27,0.707297737227939,0.335,0.122,1.46962735276828e-22,"7","TRIM26"
7.51037422400946e-27,0.658742132366327,0.469,0.195,1.55074206977347e-22,"7","DHX15"
7.85121352439792e-27,0.793215081763,0.41,0.166,1.62111856851768e-22,"7","COMMD1"
7.95760863532872e-27,1.00481950067073,0.444,0.196,1.64308703102267e-22,"7","HLA-DOB"
8.34874118316585e-27,0.701592194037609,0.258,0.081,1.72384807950009e-22,"7","FLII"
8.38627282553394e-27,0.722017781547126,0.484,0.207,1.73159761301625e-22,"7","COP1"
8.62845584731643e-27,0.91230529636568,0.28,0.094,1.7816035633539e-22,"7","ARF3"
8.73410673114541e-27,0.773886032305073,0.444,0.187,1.8034183578469e-22,"7","DGUOK"
8.90902759908651e-27,0.698434204360565,0.45,0.189,1.83953601865938e-22,"7","CHCHD7"
8.94353116661467e-27,0.826260642298831,0.525,0.249,1.8466603152826e-22,"7","NDUFB10"
9.17996029717243e-27,0.731967572827121,0.276,0.091,1.89547820216016e-22,"7","ACAA2"
9.28746805091619e-27,0.881581287236478,0.621,0.322,1.91767640315318e-22,"7","SPIB"
9.51155261193744e-27,0.851523459371862,0.382,0.148,1.96394538331284e-22,"7","SPECC1L"
1.03050902019865e-26,0.914740093592018,0.45,0.188,2.12779502490618e-22,"7","WDFY4"
1.03773247004734e-26,0.935335330972422,0.295,0.099,2.14271000415375e-22,"7","NIP7"
1.0586929162134e-26,0.820008251343563,0.401,0.156,2.18598913339742e-22,"7","RBM26"
1.25350064617886e-26,0.617619955968779,0.478,0.197,2.58822813423011e-22,"7","DYNC1LI1"
1.27916585873937e-26,1.19646709385187,0.379,0.153,2.64122166512505e-22,"7","OSBPL3"
1.39256048999972e-26,0.773762042535621,0.472,0.207,2.87535889975142e-22,"7","SCFD1"
1.4375237962537e-26,0.660256753293514,0.295,0.098,2.96819913450465e-22,"7","EEF1E1"
1.4693208868407e-26,0.626740771368914,0.37,0.138,3.03385376714867e-22,"7","TBCB"
1.48139868855264e-26,0.568774231637741,0.516,0.226,3.05879201212349e-22,"7","BUD31"
1.49134759918683e-26,0.676354320809787,0.425,0.173,3.07933452280097e-22,"7","PSMC5"
1.50949739238876e-26,0.605021858218571,0.733,0.385,3.11681021580431e-22,"7","RAB11A"
1.51291734524672e-26,0.562518007231226,0.335,0.12,3.12387173446543e-22,"7","NAA16"
1.83112237234761e-26,0.734165170454617,0.742,0.415,3.78090147442335e-22,"7","SLC38A1"
1.91771045704101e-26,0.631713958565266,0.401,0.159,3.95968855169827e-22,"7","SLC25A36"
1.97420177811583e-26,0.805980425104885,0.339,0.128,4.07633183145356e-22,"7","CBX4"
2.15130300866026e-26,1.07268764674525,0.301,0.107,4.4420104522817e-22,"7","ZNF296"
2.16375843045119e-26,0.651689930235465,0.255,0.08,4.46772840719561e-22,"7","UBP1"
2.36860780408701e-26,0.574104349263582,0.432,0.175,4.89070139387885e-22,"7","PSMC6"
2.878227366625e-26,0.673475193501052,0.624,0.305,5.94296386660729e-22,"7","SMARCB1"
2.8935530158679e-26,0.712320170533627,0.497,0.219,5.97460826716404e-22,"7","MDM4"
3.09371931382419e-26,0.672868611879282,0.394,0.153,6.38791163918419e-22,"7","NCOA4"
3.12854291873987e-26,0.937950991898477,0.494,0.219,6.45981541861409e-22,"7","TRAK1"
3.61712991080291e-26,1.11212317348897,0.317,0.118,7.46864983982585e-22,"7","BAK1"
3.68776173579002e-26,0.734560192127222,0.398,0.155,7.61449043205922e-22,"7","ATAD2B"
3.79559628919628e-26,0.617420213597003,0.599,0.291,7.83714721793248e-22,"7","RIOK3"
3.82531504540356e-26,1.16982494064198,0.264,0.09,7.89851050574927e-22,"7","PMVK"
3.8334697858685e-26,0.785072608545696,0.618,0.306,7.91534841386128e-22,"7","RERE"
4.08434055188533e-26,0.581003604436143,0.531,0.24,8.43334637153283e-22,"7","CREB1"
4.35242466286408e-26,0.743589070876271,0.258,0.083,8.98688644388176e-22,"7","POLR2H"
4.43372661185906e-26,0.96723189075549,0.342,0.127,9.15475870816659e-22,"7","MCM5"
4.70508189934372e-26,0.787483062316498,0.525,0.243,9.71505310576492e-22,"7","DDT"
5.17453059744834e-26,0.640610951096257,0.354,0.132,1.06843707776113e-21,"7","SRSF1"
5.36959882244404e-26,0.748975769116739,0.41,0.162,1.10871476485824e-21,"7","FAM210A"
5.41511839231445e-26,0.874944598472452,0.438,0.181,1.11811364564509e-21,"7","ORAI2"
5.48668958035168e-26,0.61666430593889,0.932,0.823,1.13289166455101e-21,"7","HNRNPA1"
5.4932211436594e-26,1.14690860450873,0.317,0.119,1.13424030174279e-21,"7","CASP3"
5.54610267747403e-26,0.90725199331385,0.394,0.155,1.14515928084484e-21,"7","LARP4B"
5.61063469587651e-26,1.09708377206888,0.276,0.092,1.15848385200458e-21,"7","MED23"
6.22037055119894e-26,0.846108737001916,0.394,0.158,1.28438211141156e-21,"7","SLC49A4"
6.44882390012289e-26,0.633057198735665,0.677,0.349,1.33155315889737e-21,"7","SRSF4"
6.79921467889746e-26,0.73916782382794,0.472,0.205,1.40390184689875e-21,"7","PSMB10"
6.83741024844498e-26,0.850173420596898,0.54,0.265,1.41178846809892e-21,"7","GMFG"
7.08259320707809e-26,0.711232606299436,0.733,0.395,1.46241384539748e-21,"7","MAPRE2"
7.41071596862473e-26,0.68211677596888,0.637,0.32,1.53016463320163e-21,"7","ROCK1"
7.72015861363347e-26,0.899823169270614,0.382,0.149,1.59405835054304e-21,"7","RC3H2"
8.82490123481972e-26,0.617097511446799,0.435,0.175,1.82216560696558e-21,"7","CBFB"
8.91563772392088e-26,0.718878907951692,0.63,0.328,1.84090087723518e-21,"7","EIF3I"
9.65163324636303e-26,0.878703635725355,0.488,0.223,1.99286923270904e-21,"7","EDEM1"
9.78386729104207e-26,0.572869726352623,0.621,0.304,2.02017291825437e-21,"7","TRABD"
1.10025736928624e-25,0.710726170707631,0.59,0.271,2.27181141610223e-21,"7","TXNDC5"
1.1199458777557e-25,0.803955819041388,0.63,0.336,2.31246424838996e-21,"7","NDUFB8"
1.1644755570987e-25,0.68677648373123,0.379,0.146,2.4044091302974e-21,"7","NRF1"
1.16820708875261e-25,1.04107737551388,0.435,0.192,2.41211399685639e-21,"7","TSPO"
1.3982213074268e-25,0.642729207516277,0.606,0.295,2.88704735557486e-21,"7","HNRNPH1"
1.46784939864039e-25,0.715950179260978,0.323,0.116,3.03081543831268e-21,"7","TSC22D4"
1.60298747526737e-25,0.547681853064064,0.307,0.107,3.30984853893206e-21,"7","STK38"
1.61742318300769e-25,0.893009724530622,0.311,0.109,3.33965538827427e-21,"7","RAD51B"
1.62019754908105e-25,0.68579072835218,0.404,0.164,3.34538389934255e-21,"7","NDUFA10"
1.65152811685044e-25,0.754981910295232,0.335,0.124,3.41007525567278e-21,"7","ADNP"
1.66297878291536e-25,0.672371612293871,0.311,0.107,3.43371859096364e-21,"7","TTF1"
1.70477495452794e-25,1.16668816792762,0.292,0.103,3.5200193261093e-21,"7","POLR2J"
1.75907725314732e-25,0.700333895612015,0.373,0.149,3.63214271229859e-21,"7","AKR1B1"
1.78764617114806e-25,0.562487991607705,0.488,0.212,3.69113181418652e-21,"7","HNRNPUL2"
1.86076447418956e-25,0.734385913036843,0.848,0.672,3.8421064863066e-21,"7","CALM2"
1.90374919003598e-25,0.877041854237347,0.425,0.19,3.93086132758629e-21,"7","NDUFAB1"
1.91408052575487e-25,0.998714133451801,0.593,0.298,3.95219346957866e-21,"7","SNED1"
1.96383025920103e-25,0.614765734276705,0.488,0.215,4.05491671919829e-21,"7","SARNP"
1.98128872810627e-25,0.740366505956959,0.562,0.273,4.09096496579383e-21,"7","BLNK"
2.08394125740956e-25,1.08907019001017,0.469,0.214,4.30292190829927e-21,"7","RAPGEF2"
2.12091906439672e-25,0.78969762919755,0.705,0.409,4.37927368416635e-21,"7","MTDH"
2.13125925485892e-25,0.640586276482773,0.351,0.131,4.40062410943271e-21,"7","KPNA3"
2.18255106295918e-25,0.716302117104753,0.317,0.117,4.50653143479811e-21,"7","JMJD6"
2.20465007699633e-25,0.738885535532815,0.363,0.139,4.55216147898202e-21,"7","PTBP2"
2.23536486422661e-25,0.586233698033896,0.295,0.102,4.61558137165511e-21,"7","SHKBP1"
2.28299974415513e-25,0.729682299074123,0.705,0.395,4.71393787173151e-21,"7","NASP"
2.35402533087375e-25,0.844857268434186,0.273,0.091,4.86059150318812e-21,"7","NOP14"
2.41056036205125e-25,0.642914895450931,0.314,0.112,4.97732503556343e-21,"7","UBA3"
2.4439592912349e-25,0.546957383786886,0.323,0.115,5.04628714454183e-21,"7","PPIH"
2.52516830299579e-25,0.607331291862687,0.516,0.228,5.2139675120257e-21,"7","BAX"
2.66907336121438e-25,0.698649112039456,0.73,0.418,5.51110267623545e-21,"7","YWHAQ"
2.89133567321874e-25,0.798606711436431,0.351,0.133,5.97002989806205e-21,"7","EHBP1L1"
3.00188445392619e-25,0.766254634088088,0.351,0.133,6.1982910204668e-21,"7","TBK1"
3.07974081853569e-25,1.01708688897023,0.28,0.098,6.35904884211249e-21,"7","CENPX"
3.10115783325922e-25,0.852439521110444,0.683,0.379,6.40327069411363e-21,"7","RELB"
3.40185988152062e-25,0.514015670498118,0.404,0.159,7.02416028336377e-21,"7","CNOT8"
3.74562598895938e-25,0.651211393624824,0.602,0.297,7.73396854200332e-21,"7","CD19"
3.85851306044682e-25,0.733238171362161,0.795,0.496,7.9670577672106e-21,"7","HCLS1"
4.10806921299191e-25,1.01796444537928,0.267,0.089,8.48234131098569e-21,"7","CRKL"
4.34049690272225e-25,0.506151183424983,0.525,0.239,8.9622580047409e-21,"7","CMC2"
4.36185820023812e-25,0.819103216813772,0.357,0.138,9.00636481185166e-21,"7","DDHD1"
4.55212651036324e-25,0.793518279926514,0.826,0.575,9.39923081859803e-21,"7","MYL12A"
4.77804339542812e-25,0.665111590448593,0.537,0.246,9.86570400287999e-21,"7","DDX39B"
5.15489654749978e-25,0.637054428006571,0.814,0.517,1.06438303912776e-20,"7","HNRNPL"
5.17795140129573e-25,0.70356375396361,0.469,0.207,1.06914340533954e-20,"7","COX14"
5.24638580501826e-25,0.653014657320104,0.696,0.382,1.08327374102017e-20,"7","GSPT1"
5.45410714315123e-25,0.442455633755912,0.36,0.135,1.12616404291787e-20,"7","TBPL1"
5.59222816488832e-25,0.678438567593634,0.317,0.114,1.15468327148614e-20,"7","ISY1"
5.68412409737365e-25,0.57655946564767,0.528,0.24,1.17365794362571e-20,"7","FUBP1"
5.70547248100064e-25,0.900254142481335,0.289,0.101,1.17806595787701e-20,"7","POLR3C"
5.72815181657707e-25,0.658007748719994,0.354,0.137,1.18274878708683e-20,"7","STMP1"
5.85781243252099e-25,0.764511016845129,0.522,0.239,1.20952111106693e-20,"7","USP9X"
5.87482805425117e-25,0.84704952499332,0.484,0.226,1.21303449664178e-20,"7","MZT2A"
6.03697293262891e-25,0.958567439077851,0.255,0.084,1.24651417112922e-20,"7","MED29"
6.09116005748328e-25,0.566181424761828,0.419,0.171,1.25770272866915e-20,"7","DTNBP1"
6.42195849479986e-25,0.970755779418806,0.258,0.086,1.32600599000628e-20,"7","RASGRP1"
6.54487299346872e-25,0.587404561304725,0.618,0.307,1.35138537569142e-20,"7","CCT6A"
6.60125726971746e-25,0.722700215333075,0.547,0.265,1.36302760105126e-20,"7","WDR33"
6.76206972678699e-25,0.735247400444926,0.466,0.206,1.39623215718698e-20,"7","IMPDH2"
6.85387811910405e-25,0.906257981885345,0.553,0.288,1.4151887540326e-20,"7","ATP5MPL"
7.36910664552646e-25,0.863303676737446,0.314,0.116,1.5215731401683e-20,"7","PSMC2"
7.76754422344025e-25,0.826283116951377,0.534,0.252,1.60384253125594e-20,"7","KAT6B"
8.19626802672767e-25,0.653165917667958,0.363,0.141,1.69236542215873e-20,"7","PIK3R1"
8.35798543569794e-25,0.718547321050675,0.27,0.09,1.72575683276291e-20,"7","PRPF38A"
8.83020016195351e-25,0.540836167853445,0.258,0.083,1.82325972944016e-20,"7","USP39"
9.09440128277176e-25,0.928024212658007,0.388,0.163,1.87781197686671e-20,"7","UFD1"
9.36102613577816e-25,0.688293345377517,0.472,0.215,1.93286467651547e-20,"7","DDIT4"
9.39812981924468e-25,0.59062181075677,0.435,0.181,1.94052584507764e-20,"7","NAA15"
9.91004236809218e-25,0.831052465053934,0.295,0.106,2.04622554816367e-20,"7","PAGR1"
1.03604034052243e-24,0.797131832588434,0.258,0.084,2.1392160951107e-20,"7","HHEX"
1.03885044539134e-24,0.571404562733975,0.696,0.356,2.14501839964404e-20,"7","RANBP2"
1.06215599737641e-24,0.963819894678761,0.547,0.285,2.19313970338281e-20,"7","UQCRQ"
1.16417022429006e-24,0.541387075271907,0.559,0.255,2.40377867911412e-20,"7","CHRAC1"
1.17313823629476e-24,0.799883901554624,0.668,0.373,2.42229583030142e-20,"7","LAMTOR5"
1.2464312758459e-24,0.752522646874468,0.73,0.432,2.5736312983666e-20,"7","PSMB1"
1.3545912613197e-24,1.32604732921941,0.339,0.14,2.79696003637292e-20,"7","MLEC"
1.45342469541495e-24,0.969075410274275,0.429,0.186,3.00103131109278e-20,"7","ENTPD4"
1.4917021949814e-24,0.584580339744721,0.506,0.227,3.0800666921976e-20,"7","PPP3R1"
1.49933261696578e-24,0.989496210628548,0.311,0.116,3.09582198751094e-20,"7","CARD8"
1.50500199223239e-24,0.730038384965681,0.761,0.432,3.10752811356145e-20,"7","RUBCNL"
1.55986948022181e-24,0.713877712812505,0.311,0.112,3.22081850276199e-20,"7","NUP50"
1.70428699425482e-24,0.63173816805828,0.36,0.141,3.51901178573736e-20,"7","TSG101"
1.74028050575126e-24,0.805401896732487,0.407,0.17,3.5933311882752e-20,"7","GRK6"
1.97134635645689e-24,0.682308235543282,0.553,0.273,4.07043595681219e-20,"7","NDUFB9"
2.25065828000129e-24,0.666264394331077,0.339,0.129,4.64715921654666e-20,"7","PITPNA"
2.37357477499946e-24,0.407818755269816,0.357,0.139,4.90095719541888e-20,"7","PIH1D1"
2.39767174839979e-24,0.914683617163033,0.283,0.099,4.95071262609588e-20,"7","PISD"
2.5174729546421e-24,0.78455239171875,0.621,0.318,5.198078156745e-20,"7","STAG1"
2.52505154145675e-24,1.00657544106053,0.36,0.15,5.2137264227999e-20,"7","ATOX1"
2.54946358394136e-24,0.51375265259546,0.689,0.36,5.26413240812211e-20,"7","PMAIP1"
2.61102505957429e-24,1.05826957308719,0.261,0.091,5.391244543009e-20,"7","TCIRG1"
2.63279011169631e-24,0.477761442520052,0.481,0.209,5.43618502263053e-20,"7","CERT1"
2.66365691621114e-24,0.945550931202461,0.252,0.082,5.49991880059277e-20,"7","ABCA1"
2.78178712687513e-24,0.51336058096127,0.609,0.295,5.74383405957176e-20,"7","OSER1"
3.31619152094068e-24,0.740736824047249,0.742,0.478,6.84727225243832e-20,"7","POLR2L"
3.47711126230474e-24,1.06056096817731,0.283,0.099,7.17953933440682e-20,"7","CLEC17A"
3.53709177448117e-24,0.661805489464562,0.637,0.331,7.30338709594873e-20,"7","HNRNPR"
3.60978072927753e-24,0.476664935619286,0.407,0.166,7.45347524981225e-20,"7","INO80"
3.91855039420546e-24,0.849986164777408,0.258,0.087,8.09102285395544e-20,"7","CLASP1"
4.04894517397802e-24,0.567586607094424,0.478,0.212,8.36026199522981e-20,"7","ERC1"
4.64419677700507e-24,0.505456086202521,0.401,0.163,9.58933750516006e-20,"7","FBXO33"
4.82738881897211e-24,0.643865891110399,0.708,0.398,9.96759243341361e-20,"7","TBCA"
5.92268906063196e-24,0.882513655778516,0.28,0.1,1.22291683723929e-19,"7","EBP"
6.22433114235381e-24,0.636665749760356,0.863,0.687,1.28519989427321e-19,"7","CHCHD2"
6.46325181560226e-24,0.728165682100988,0.329,0.124,1.33453223488555e-19,"7","TNPO3"
6.72870838956676e-24,0.705731896077181,0.553,0.272,1.38934370827774e-19,"7","CCT7"
6.82139352304622e-24,0.74567090285332,0.36,0.146,1.40848133463858e-19,"7","SDHC"
6.98900570105767e-24,1.22617471467865,0.37,0.16,1.44308989715439e-19,"7","INSIG2"
7.22139649506653e-24,0.730929024639586,0.401,0.165,1.49107394830134e-19,"7","CCAR1"
7.29451797495607e-24,0.73248683954512,0.345,0.13,1.50617207146893e-19,"7","HIP1R"
7.3344877727881e-24,0.655341640389918,0.283,0.099,1.51442503532529e-19,"7","MRPL11"
7.38957841874621e-24,0.677205366062557,0.643,0.345,1.52580015190272e-19,"7","UQCRFS1"
7.50348721996124e-24,0.459934115740447,0.466,0.202,1.5493200411776e-19,"7","BRD7"
7.96970685017328e-24,0.594503160403885,0.55,0.265,1.64558507042378e-19,"7","ARID1B"
8.25314916290634e-24,0.551388511027622,0.388,0.159,1.7041102391569e-19,"7","PMF1"
8.25996532149592e-24,0.689474854548559,0.677,0.364,1.70551763958248e-19,"7","HNRNPM"
8.27359318895736e-24,0.691138726995577,0.522,0.242,1.70833152165591e-19,"7","EIF4G3"
8.3807545844522e-24,0.770837622413798,0.292,0.105,1.73045820659769e-19,"7","CLPX"
8.4126658071995e-24,0.637367089824686,0.584,0.281,1.73704723587055e-19,"7","CHD4"
8.64586646129682e-24,1.29802080530817,0.304,0.12,1.78519850692857e-19,"7","CDK6"
8.65987603215112e-24,0.656803106583382,0.873,0.669,1.78809120311856e-19,"7","HNRNPK"
9.00066692882211e-24,0.659012351843029,0.866,0.599,1.85845770746319e-19,"7","EIF4G2"
9.02374512622893e-24,0.644328727636786,0.273,0.094,1.86322289366375e-19,"7","NUP42"
9.06460726633059e-24,0.65265106742249,0.86,0.655,1.87166010835194e-19,"7","HNRNPA3"
9.88517220463445e-24,0.824195999481922,0.351,0.142,2.04109035681292e-19,"7","GLCCI1"
1.01156491468321e-23,0.750965418542424,0.484,0.228,2.0886792358379e-19,"7","CISD2"
1.01702636598646e-23,0.620016705586827,0.391,0.157,2.09995604048884e-19,"7","TXLNG"
1.02182748527057e-23,0.691173160551893,0.28,0.098,2.10986939158667e-19,"7","NBN"
1.02696018199693e-23,0.713379440789569,0.689,0.375,2.12046738378726e-19,"7","KMT2A"
1.06115038634855e-23,0.77320905617465,0.422,0.176,2.19106331773249e-19,"7","TTN"
1.06418342020611e-23,0.662389546277553,0.366,0.147,2.19732592604157e-19,"7","MRPS5"
1.09655101384843e-23,1.23360316830068,0.264,0.094,2.26415853339423e-19,"7","MRPL12"
1.1494671177058e-23,1.01528861924001,0.422,0.188,2.37341970463893e-19,"7","MAN1A1"
1.17885450793963e-23,0.700642475896377,0.401,0.163,2.43409878799376e-19,"7","USP6NL"
1.18807311639464e-23,0.588504146498093,0.382,0.155,2.45313337073166e-19,"7","PSMD1"
1.25920483147232e-23,0.646470935629202,0.506,0.236,2.60000613602404e-19,"7","SUPT4H1"
1.28326747521738e-23,0.653805568923682,0.5,0.236,2.64969068282886e-19,"7","TMEM256"
1.29287929606325e-23,0.869292458646062,0.453,0.213,2.6695371705114e-19,"7","SEC13"
1.31570543313525e-23,0.644784250709496,0.335,0.128,2.71666857833766e-19,"7","RMC1"
1.33484242769234e-23,0.629864838822616,0.419,0.18,2.75618264469914e-19,"7","GTF2A2"
1.45388892811489e-23,0.518010785285018,0.348,0.133,3.00198985877162e-19,"7","MRPL47"
1.46314427392499e-23,0.785324957524733,0.317,0.12,3.02110029680031e-19,"7","RNF115"
1.46912934940935e-23,0.710074494842442,0.717,0.401,3.03345828066043e-19,"7","TMEM131"
1.48251727174419e-23,0.570017433141107,0.64,0.329,3.0611016626974e-19,"7","SPTAN1"
1.49404272864944e-23,0.547751873347848,0.438,0.186,3.08489942611537e-19,"7","SMARCE1"
1.51404208780347e-23,0.931305569812055,0.264,0.092,3.1261941028966e-19,"7","ATG4B"
1.65007310620981e-23,0.663781021204113,0.556,0.261,3.40707094970201e-19,"7","DOCK2"
1.66690513337611e-23,0.703405869074195,0.307,0.116,3.44182571939498e-19,"7","SPTSSA"
1.87302510645784e-23,0.531380300435529,0.438,0.186,3.86742223981415e-19,"7","CNOT7"
1.87976276688848e-23,0.539263384376118,0.522,0.241,3.88133416107133e-19,"7","ANKLE2"
1.97794293563533e-23,0.508088584936469,0.531,0.248,4.08405657349984e-19,"7","DNAJC7"
1.98453208111748e-23,0.687462169730105,0.32,0.121,4.09766184109137e-19,"7","CTDSP2"
2.06048775735014e-23,0.615249277535257,0.444,0.197,4.25449512137656e-19,"7","BMP2K"
2.12067749191604e-23,0.689561066431641,0.36,0.146,4.37877488530823e-19,"7","MTFP1"
2.25956246187156e-23,0.658161722051538,0.283,0.1,4.6655445712724e-19,"7","AHR"
2.48934126603371e-23,0.726547562898262,0.335,0.132,5.13999184610641e-19,"7","NDUFB5"
2.50078231174284e-23,0.658847569328947,0.388,0.164,5.16361531728662e-19,"7","COPS6"
2.70491498797846e-23,1.09129505154841,0.354,0.144,5.58510846717793e-19,"7","KANSL1"
2.77111798586937e-23,0.781152105091622,0.295,0.111,5.72180441722307e-19,"7","MRPL36"
2.92931937350822e-23,0.699636466968476,0.348,0.14,6.04845864241977e-19,"7","ORMDL2"
2.94181395272688e-23,0.765633438783858,0.693,0.388,6.07425744959046e-19,"7","UVRAG"
3.00529176081795e-23,0.608473777350426,0.295,0.105,6.20532642773689e-19,"7","ARID1A"
3.01210160142107e-23,0.680652350542772,0.264,0.09,6.21938738661423e-19,"7","ARFGAP2"
3.07297138466674e-23,0.546380655328769,0.5,0.229,6.34507131505988e-19,"7","MRPS36"
3.07660134718361e-23,0.585173026612474,0.335,0.131,6.35256646166472e-19,"7","SPAG7"
3.38394609059171e-23,1.02217728167665,0.363,0.153,6.98717188785375e-19,"7","FAM102A"
3.39606426659607e-23,0.612747023755341,0.665,0.343,7.01219349766755e-19,"7","ZNF292"
3.48143642316922e-23,0.368740632402915,0.537,0.241,7.18846992655981e-19,"7","NUP58"
3.51229867148192e-23,0.604577641190405,0.345,0.136,7.25219429687587e-19,"7","TIMM23"
3.54014546730894e-23,0.558608966715063,0.506,0.232,7.3096923608995e-19,"7","LNPEP"
3.75706954875723e-23,0.607584829931483,0.556,0.272,7.75759720427393e-19,"7","ABI1"
3.8204600249623e-23,1.03087692419976,0.354,0.14,7.88848585954216e-19,"7","SIK2"
3.91089025513578e-23,0.957814758383435,0.394,0.166,8.07520619880436e-19,"7","TLK2"
3.93142086223478e-23,1.01883705095498,0.326,0.129,8.11759779634237e-19,"7","BICD1"
3.9715888435597e-23,0.818215317318728,0.267,0.094,8.20053664418206e-19,"7","USP38"
4.08759309767995e-23,0.654595894462371,0.736,0.422,8.44006222808955e-19,"7","THRAP3"
4.59105116330293e-23,1.19894628962737,0.27,0.098,9.47960244198789e-19,"7","CARS"
4.77110000683145e-23,0.696576983280865,0.444,0.195,9.85136729410558e-19,"7","SREBF2"
4.86377060398912e-23,0.728724894391312,0.273,0.095,1.00427135431167e-18,"7","ZNF143"
4.92962223898678e-23,0.383302087622162,0.354,0.138,1.01786839990599e-18,"7","RAF1"
4.94966212120906e-23,0.552758488570421,0.559,0.269,1.02200623478725e-18,"7","PAN3"
5.02478753955857e-23,0.62315716360188,0.255,0.087,1.03751813116805e-18,"7","CCDC90B"
5.05548353335862e-23,0.688695506177981,0.447,0.203,1.04385623996789e-18,"7","MRPL14"
5.07615778865311e-23,0.45459833932234,0.335,0.129,1.04812506020109e-18,"7","SRSF6"
5.34346066619275e-23,0.59686056570629,0.342,0.136,1.10331775835548e-18,"7","BABAM1"
5.42743756814816e-23,0.636779935098283,0.298,0.108,1.12065730907123e-18,"7","NFYC"
5.5224645746224e-23,0.558004645866958,0.497,0.228,1.14027848536803e-18,"7","ZC3H7A"
5.77999288256366e-23,0.516197812183691,0.665,0.338,1.19345293039174e-18,"7","PPP4R3A"
5.90237854138933e-23,0.868243389307218,0.273,0.099,1.21872312122607e-18,"7","ECHS1"
6.35319463939667e-23,0.850355972070517,0.314,0.117,1.31180762914262e-18,"7","MFSD10"
6.35989891267293e-23,0.766129709106859,0.342,0.138,1.31319192748871e-18,"7","SLC7A1"
6.40341437372685e-23,0.782466292696252,0.258,0.09,1.32217699988712e-18,"7","MLX"
6.50994643773435e-23,0.502430055054025,0.516,0.24,1.34417374046339e-18,"7","PPHLN1"
6.74188019140627e-23,0.796735314377811,0.484,0.238,1.39206342192157e-18,"7","PPA1"
6.85326161280673e-23,1.013174931373,0.252,0.086,1.41506145781233e-18,"7","MPRIP"
6.94612530237846e-23,0.831794131743602,0.27,0.095,1.4342359524351e-18,"7","MBNL3"
6.98373846500351e-23,0.809665618027673,0.345,0.141,1.44200231825392e-18,"7","PDCD5"
7.23338137277126e-23,0.620997484273329,0.472,0.214,1.49354858584981e-18,"7","CHIC2"
7.25254463391619e-23,0.57930196288417,0.27,0.095,1.49750541601102e-18,"7","CTDSP1"
7.32621751102918e-23,0.617135256968247,0.652,0.345,1.5127173916773e-18,"7","ANKHD1"
7.33160489231684e-23,0.660809240405557,0.314,0.117,1.51382977816558e-18,"7","EIF4EBP2"
7.40165922962426e-23,0.53861542156105,0.453,0.206,1.52829459773282e-18,"7","SLIRP"
7.71079435472341e-23,0.763269959860395,0.602,0.329,1.59212481836329e-18,"7","ATP5MD"
7.77912568277273e-23,0.76185715656099,0.283,0.101,1.60623387097891e-18,"7","KLHL20"
8.10825830815047e-23,0.525709533868165,0.556,0.266,1.67419317546691e-18,"7","PDS5A"
8.45911141092775e-23,0.922670886702787,0.32,0.123,1.74663732412836e-18,"7","HECTD4"
8.79101237039159e-23,0.575107182212848,0.54,0.256,1.81516823423845e-18,"7","IST1"
8.81929680258908e-23,0.44343063606712,0.314,0.116,1.82100840379859e-18,"7","CASC3"
8.95538080517973e-23,0.63232893795308,0.702,0.405,1.84910702865351e-18,"7","EIF3A"
9.23879556401401e-23,0.5363371535173,0.466,0.208,1.90762650805761e-18,"7","SEPTIN1"
9.60783464474348e-23,0.520308708182702,0.422,0.178,1.98382569744663e-18,"7","AEBP2"
9.61112720886271e-23,0.936778955715305,0.292,0.112,1.98450554608597e-18,"7","PSMB5"
9.80113780192294e-23,0.653720244719854,0.54,0.268,2.02373893334105e-18,"7","SEC11A"
9.81570802681024e-23,1.12624119474517,0.273,0.101,2.02674739337578e-18,"7","HIST1H2BC"
1.09296048495718e-22,0.76766592026767,0.258,0.088,2.25674480933959e-18,"7","GOPC"
1.10886227533789e-22,0.380643169764764,0.522,0.234,2.28957882611768e-18,"7","TCERG1"
1.1325160271081e-22,0.909512416147152,0.363,0.149,2.3384190927728e-18,"7","SLC23A2"
1.14376795105154e-22,0.723342208194315,0.276,0.099,2.36165206533123e-18,"7","MRPL16"
1.15007938136184e-22,0.814453299845472,0.286,0.106,2.37468390663593e-18,"7","GEMIN7"
1.15649749242112e-22,1.08294865793839,0.307,0.123,2.38793602235113e-18,"7","ZBTB8OS"
1.1569757108164e-22,0.588553706126413,0.568,0.278,2.38892344769371e-18,"7","MAGOH"
1.19770969264077e-22,0.539204392871057,0.307,0.117,2.47303097336466e-18,"7","SRP68"
1.19903271918728e-22,0.836655898530406,0.342,0.134,2.47576275857789e-18,"7","SLAIN2"
1.30041949473418e-22,1.01587878497035,0.45,0.206,2.68510617272713e-18,"7","FOXO1"
1.31979453328745e-22,0.67162256712929,0.599,0.302,2.72511175233193e-18,"7","TIAL1"
1.32273793256114e-22,0.690336769426706,0.596,0.317,2.73118928315224e-18,"7","PSMB6"
1.37943432824719e-22,0.82514620929665,0.475,0.231,2.8482560009648e-18,"7","DNAJB11"
1.46250673121853e-22,1.35071925704187,0.27,0.101,3.01978389862001e-18,"7","GRAMD1A"
1.51411159396335e-22,0.59167369243931,0.317,0.118,3.12633761921552e-18,"7","AGPAT5"
1.53173051251478e-22,0.517821227913207,0.273,0.095,3.16271716224052e-18,"7","CTNNBL1"
1.6161454976324e-22,0.785335852052401,0.519,0.261,3.33701722351137e-18,"7","MRPL52"
1.67737167633485e-22,0.91533150280272,0.382,0.165,3.46343703729619e-18,"7","HIST2H2AC"
1.78673470474588e-22,0.575977076593247,0.689,0.38,3.68924981835929e-18,"7","GABARAPL2"
1.83224406699938e-22,0.652675656033495,0.609,0.321,3.78321754954032e-18,"7","ELOC"
1.86500906670116e-22,0.680136128624514,0.531,0.253,3.85087072092456e-18,"7","TBC1D22A"
2.04711738246692e-22,0.650606881311152,0.792,0.519,4.22688797131769e-18,"7","SNX3"
2.14975995212172e-22,0.723157563062184,0.466,0.213,4.43882434914093e-18,"7","IPO7"
2.39149566630291e-22,0.67796146265052,0.767,0.491,4.93796025178225e-18,"7","COTL1"
2.43051628475388e-22,0.526646418133687,0.457,0.199,5.01853002475982e-18,"7","CPNE1"
2.4816961248076e-22,0.567072892041181,0.475,0.217,5.12420615850274e-18,"7","PSMD6"
2.57452551860917e-22,0.831488965270741,0.438,0.207,5.31588029082422e-18,"7","HMGN3"
2.61949609226423e-22,0.828047164699006,0.516,0.258,5.40873553130719e-18,"7","FCRLA"
2.73638016319339e-22,0.391789448788937,0.537,0.252,5.65007776096171e-18,"7","PPP6C"
2.76078934808165e-22,0.520670081633924,0.655,0.346,5.700477845919e-18,"7","CCT2"
2.8075150842691e-22,0.541314194658645,0.326,0.126,5.79695714599884e-18,"7","SQLE"
2.83307109726461e-22,0.592559585676489,0.345,0.136,5.84972520163196e-18,"7","USP4"
2.84195088285136e-22,1.0621654379479,0.376,0.168,5.8680601829115e-18,"7","NDUFB7"
2.93486452923442e-22,0.531876141337615,0.671,0.357,6.05990827996324e-18,"7","STAG2"
2.96082305530883e-22,0.730357246074696,0.422,0.191,6.11350744460167e-18,"7","C1QBP"
3.1621302530775e-22,0.507878909304079,0.261,0.09,6.52916654655443e-18,"7","CAT"
3.23091077230507e-22,0.639848273487428,0.388,0.163,6.67118456265551e-18,"7","TFRC"
3.41220105438193e-22,0.444546695281394,0.329,0.126,7.04551273708781e-18,"7","SCNM1"
3.49983704566503e-22,0.651434393159935,0.258,0.088,7.22646353188915e-18,"7","SLC25A37"
3.76635700094646e-22,0.633480093086527,0.304,0.115,7.77677393555424e-18,"7","HARS"
3.79223597610724e-22,0.351549476865015,0.435,0.19,7.83020884346623e-18,"7","NUDC"
4.02731714987428e-22,0.741078229743154,0.68,0.398,8.31560445106042e-18,"7","RAD21"
4.16893187934428e-22,0.613579415689786,0.547,0.271,8.60801054447006e-18,"7","CXXC5"
4.43642207723821e-22,0.683256876766514,0.413,0.181,9.16032430508146e-18,"7","SMYD3"
4.55278235617451e-22,0.903967100964805,0.432,0.195,9.40058500902914e-18,"7","DYNC1H1"
4.69118399219901e-22,0.50457562098667,0.41,0.176,9.68635670709251e-18,"7","IMMT"
4.84096708293816e-22,0.950602502694125,0.36,0.151,9.99562883285072e-18,"7","PLIN2"
4.95205464833374e-22,1.00593424329491,0.261,0.094,1.02250024378795e-17,"7","TOR1AIP2"
5.18452198641845e-22,1.44897865076461,0.301,0.125,1.07050009975568e-17,"7","NME1"
5.30460722683209e-22,0.495672275589891,0.674,0.353,1.09529530019629e-17,"7","SETD2"
5.63888090241177e-22,0.872546986318276,0.258,0.09,1.16431612872998e-17,"7","KRCC1"
5.75855071378316e-22,0.9155048973822,0.506,0.247,1.18902555138195e-17,"7","TRIO"
6.04183234909744e-22,0.665751518781396,0.789,0.47,1.24751754344164e-17,"7","ARID4B"
6.17838018006358e-22,0.708766015208351,0.267,0.095,1.27571193957953e-17,"7","RETREG2"
6.71176129335547e-22,0.650835931801863,0.696,0.411,1.38584447185204e-17,"7","VDAC2"
6.75733580074923e-22,0.730563839684864,0.422,0.188,1.3952546961387e-17,"7","TARDBP"
6.86590346938393e-22,0.761128035626552,0.401,0.168,1.41767174835839e-17,"7","HLA-DOA"
6.91687584939418e-22,0.484599301939496,0.351,0.14,1.42819652538291e-17,"7","NIFK"
7.09520436437111e-22,0.733633597698751,0.273,0.1,1.46501779715535e-17,"7","HMGXB3"
7.38905574076038e-22,0.807816005037482,0.289,0.112,1.5256922293522e-17,"7","GPAA1"
7.55789059316118e-22,0.889373893450242,0.354,0.152,1.56055324967592e-17,"7","BCAR3"
7.61497594984636e-22,0.419658013504838,0.398,0.167,1.57234023412428e-17,"7","ZNF326"
7.6487146564684e-22,0.754062364036,0.373,0.161,1.57930660226759e-17,"7","CYBC1"
7.84347295974314e-22,0.894252788095931,0.258,0.091,1.61952029672776e-17,"7","RFX7"
8.22480730514877e-22,0.546645664617715,0.506,0.235,1.69825821236712e-17,"7","PLEKHA2"
8.70354084623321e-22,0.910910596518651,0.255,0.092,1.79710711393023e-17,"7","TIMM8B"
8.83177242293806e-22,0.565458584700516,0.264,0.094,1.82358436988825e-17,"7","CHTOP"
8.84843244781521e-22,0.764422736005872,0.646,0.371,1.82702433182488e-17,"7","PRELID1"
8.93264710408876e-22,0.527162077278987,0.463,0.214,1.84441297405225e-17,"7","TAP2"
9.00309085602374e-22,0.824514956867088,0.73,0.508,1.85895819995178e-17,"7","ANP32B"
9.5679141237975e-22,0.608869625729475,0.543,0.261,1.97558290828171e-17,"7","HOOK3"
9.77968041284161e-22,0.563276502491974,0.373,0.158,2.01930841164354e-17,"7","EIF2S1"
9.92248021881287e-22,0.522344972026491,0.292,0.108,2.04879371558048e-17,"7","RAB3IP"
1.00925149476788e-21,0.567064067032012,0.307,0.119,2.08390248639672e-17,"7","REEP3"
1.03777650874698e-21,0.7099262699645,0.264,0.093,2.14280093526076e-17,"7","DDX54"
1.17640870179908e-21,0.757686988882357,0.317,0.129,2.42904868747474e-17,"7","RNASEH2C"
1.27914587772902e-21,0.60044403216231,0.298,0.113,2.64118040833488e-17,"7","ELP5"
1.32003550072746e-21,0.848915988504887,0.509,0.248,2.72560930190206e-17,"7","NKTR"
1.3807469091141e-21,0.741239610150135,0.571,0.293,2.8509662179388e-17,"7","OSBPL8"
1.39987955690329e-21,0.640074779706388,0.73,0.453,2.89047130909391e-17,"7","RAC1"
1.43952824862651e-21,0.774281697054038,0.587,0.311,2.97233792776403e-17,"7","PRDX5"
1.44656386861417e-21,0.680321918886109,0.525,0.265,2.98686507591454e-17,"7","DAP"
1.56111848506707e-21,0.615418548238033,0.503,0.25,3.22339744796649e-17,"7","ADRM1"
1.58558091817636e-21,0.456385246075163,0.422,0.185,3.27390747985054e-17,"7","OLA1"
1.59098766369018e-21,0.52882563854182,0.354,0.142,3.28507132798749e-17,"7","IWS1"
1.62616624635734e-21,0.823294509569712,0.258,0.092,3.35770806547864e-17,"7","MLLT10"
1.63194130295666e-21,0.494589805257042,0.705,0.378,3.36963240234491e-17,"7","WAC"
1.64842178130607e-21,0.997537997811554,0.273,0.1,3.40366129404078e-17,"7","LPCAT3"
1.75279414653549e-21,0.584568177542721,0.28,0.102,3.61916935376649e-17,"7","OSGEP"
1.77015523896339e-21,0.49848372655709,0.37,0.154,3.65501653741161e-17,"7","NUP210"
1.87525548291836e-21,0.611190744929967,0.391,0.169,3.87202752112983e-17,"7","NT5C3A"
1.89237239820112e-21,0.6784276772627,0.683,0.418,3.90737052780568e-17,"7","COX5B"
1.8965995138663e-21,0.522001572694737,0.289,0.107,3.91609867623114e-17,"7","GCH1"
1.983624280401e-21,0.691320409098077,0.292,0.112,4.09578741417198e-17,"7","GET3"
2.01244652762201e-21,0.305912401148896,0.447,0.197,4.15529959023394e-17,"7","CHCHD3"
2.03363886050612e-21,0.557978294407116,0.425,0.187,4.19905751917303e-17,"7","USPL1"
2.06594629920071e-21,0.632365348153529,0.345,0.14,4.26576591858963e-17,"7","CSNK2A2"
2.0909995500442e-21,0.479300726721804,0.398,0.167,4.31749587093126e-17,"7","MAPK1"
2.32416167583833e-21,0.680711418040204,0.301,0.115,4.79892902827099e-17,"7","PLAA"
2.39627842176609e-21,0.578129588889636,0.444,0.202,4.94783568526262e-17,"7","OSBPL9"
2.47295387920224e-21,0.672574520820591,0.68,0.38,5.10615516977679e-17,"7","ASH1L"
2.5083284580046e-21,0.628527577646618,0.618,0.318,5.17919660008789e-17,"7","SINHCAF"
2.5650904425771e-21,0.640201765415834,0.491,0.236,5.2963987458332e-17,"7","PSMB9"
2.61516392037517e-21,0.495157747292296,0.348,0.139,5.39979046279065e-17,"7","GATAD2A"
2.63794754236137e-21,0.461788678749165,0.357,0.145,5.44683408546775e-17,"7","CLK3"
2.65746724318699e-21,0.73831299387404,0.37,0.158,5.4871383637325e-17,"7","SLMAP"
2.68593593350477e-21,0.580757134522749,0.606,0.316,5.54592051550066e-17,"7","KIF5B"
2.70981569656136e-21,0.415934707342872,0.425,0.182,5.59522745025989e-17,"7","GRK2"
2.71883967144124e-21,0.758739791706782,0.416,0.189,5.61386015359188e-17,"7","ANAPC5"
2.89082288497959e-21,0.463271075214075,0.435,0.192,5.96897109290586e-17,"7","CAND1"
3.09291527871009e-21,0.788573685720083,0.289,0.112,6.38625146748059e-17,"7","UBL7"
3.12105806018667e-21,0.523946377735563,0.295,0.113,6.44436068267344e-17,"7","MRPL21"
3.27340416830745e-21,0.460256548090343,0.252,0.088,6.75892492672123e-17,"7","TPRKB"
3.41449662229748e-21,1.13591469420914,0.255,0.095,7.05025262571983e-17,"7","SCYL1"
3.69398590531271e-21,0.622552031775713,0.699,0.409,7.62734209728969e-17,"7","TAF10"
3.70968090961289e-21,0.340304624691184,0.401,0.168,7.6597491421687e-17,"7","DENR"
3.74904085433423e-21,1.30042641798891,0.835,0.682,7.74101955602932e-17,"7","TUBA1B"
3.8298550400866e-21,0.506388903086187,0.32,0.125,7.90788468677081e-17,"7","PCNX4"
3.90804488767886e-21,0.818018909366997,0.314,0.123,8.06933108407932e-17,"7","TBL1X"
3.97685738494785e-21,0.808554106807645,0.261,0.095,8.21141512844032e-17,"7","MTHFS"
4.01344332670368e-21,0.50779310958226,0.292,0.111,8.28695778097776e-17,"7","PFDN6"
4.01848448617198e-21,0.633413336576348,0.311,0.12,8.29736676704791e-17,"7","NMT1"
4.04089865007215e-21,0.498436214229352,0.363,0.147,8.34364753266897e-17,"7","TRAF5"
4.16145345673363e-21,0.51123944452163,0.615,0.323,8.59256909746359e-17,"7","ENY2"
4.23871319553099e-21,0.625286511066699,0.258,0.092,8.7520950061324e-17,"7","MFNG"
4.65452512452276e-21,0.565150318737276,0.615,0.321,9.6106634771146e-17,"7","TPR"
4.93794585197406e-21,0.975215897355872,0.311,0.128,1.0195870595156e-16,"7","COPZ1"
4.9383800602889e-21,0.694783190937781,0.363,0.158,1.01967671484845e-16,"7","TIMM17A"
4.98171747668593e-21,0.433058159263148,0.525,0.248,1.02862502458611e-16,"7","GNAI3"
4.99299492250957e-21,0.641871108743862,0.469,0.223,1.03095359159978e-16,"7","AGO2"
4.9998501991521e-21,0.435224670790125,0.525,0.253,1.03236906912092e-16,"7","OTUB1"
5.39121304130136e-21,0.442360533687136,0.292,0.11,1.1131776687679e-16,"7","VMA21"
5.51755071893524e-21,0.781556426603491,0.475,0.233,1.13926387244575e-16,"7","CCDC107"
5.67581004879439e-21,0.565463922775255,0.506,0.248,1.17194125887506e-16,"7","MAP2K2"
5.77577376588111e-21,0.524698717389936,0.453,0.203,1.19258176717913e-16,"7","SCAF4"
5.97475119013897e-21,0.631301756463266,0.401,0.175,1.2336666257399e-16,"7","CHURC1"
6.23681831495505e-21,0.560867834053289,0.416,0.191,1.28777824567192e-16,"7","MRPL20"
6.35828000926769e-21,0.482704662683088,0.441,0.197,1.31285765631359e-16,"7","ARID2"
6.55722847452305e-21,0.491708113296666,0.543,0.263,1.35393653541952e-16,"7","LUC7L3"
6.70404798424046e-21,0.525816713365175,0.286,0.107,1.38425182778597e-16,"7","POLDIP3"
6.7125426120816e-21,0.801557755696143,0.481,0.239,1.38600579854261e-16,"7","ARL8B"
6.72263768523176e-21,0.719883897480919,0.289,0.112,1.38809022924665e-16,"7","MRPL22"
7.43800734975242e-21,0.726321520231489,0.404,0.187,1.53579975757688e-16,"7","NDUFB6"
7.74557141479241e-21,0.787883554701121,0.292,0.114,1.59930558572634e-16,"7","UBE2J2"
7.85134775148328e-21,0.818617438292408,0.326,0.131,1.62114628372627e-16,"7","VPS13A"
8.52108623130002e-21,0.46851228424986,0.497,0.24,1.75943388503883e-16,"7","CHD9"
8.63058306584855e-21,0.745547389908594,0.273,0.102,1.78204279143641e-16,"7","SCRN1"
8.93826303584471e-21,1.01564906755924,0.295,0.118,1.84557255164122e-16,"7","GIGYF2"
9.14166006391558e-21,0.539850092823662,0.873,0.641,1.88756996999729e-16,"7","ZFP36L1"
9.30457066255613e-21,0.456541357309941,0.435,0.197,1.92120775040459e-16,"7","ACTR1A"
1.00305871346443e-20,0.600284495619951,0.472,0.23,2.07111563156135e-16,"7","MICOS10"
1.05897269853332e-20,0.512806431467296,0.602,0.306,2.1865668279316e-16,"7","KIF2A"
1.10349619867325e-20,0.405296078123,0.301,0.118,2.27849895102053e-16,"7","ARPC1A"
1.11788457722613e-20,0.633389932838597,0.404,0.178,2.30820807505651e-16,"7","PTPN7"
1.12579765695806e-20,0.513989616947346,0.264,0.095,2.32454700208701e-16,"7","DCAF11"
1.13372880500203e-20,0.621924141714217,0.404,0.183,2.34092323656819e-16,"7","TMEM14B"
1.13820312013061e-20,0.463092447534248,0.413,0.181,2.35016180244569e-16,"7","PTPRA"
1.13899010021092e-20,0.476914298515117,0.565,0.287,2.35178675891551e-16,"7","ST8SIA4"
1.16179848395787e-20,0.530787799949031,0.86,0.648,2.39888150967621e-16,"7","TPM3"
1.16844600675252e-20,0.766359665983701,0.286,0.111,2.4126073147426e-16,"7","KXD1"
1.17934079847331e-20,0.848374780085695,0.267,0.102,2.43510288068769e-16,"7","MRPS18A"
1.2417819728211e-20,0.661929128198851,0.674,0.399,2.564031417481e-16,"7","SELENOH"
1.24573456333053e-20,0.615376638353696,0.82,0.53,2.57219272636488e-16,"7","HNRNPU"
1.31901025559524e-20,0.530251647532143,0.32,0.131,2.72349237575304e-16,"7","PNKP"
1.32675053322001e-20,0.686707350347424,0.252,0.09,2.73947450099269e-16,"7","LGALS8"
1.36143154233648e-20,0.597053753015399,0.311,0.124,2.81108384861637e-16,"7","PHAX"
1.43550290608793e-20,0.401141531449912,0.314,0.121,2.96402640049036e-16,"7","RPAIN"
1.50054193402174e-20,0.565860300227457,0.379,0.163,3.0983189853681e-16,"7","NSFL1C"
1.50387661109693e-20,0.562319368883046,0.64,0.359,3.10520442659294e-16,"7","TXNL4A"
1.51138353656699e-20,0.361193503285997,0.388,0.165,3.12070472630352e-16,"7","DCAF7"
1.66849422965703e-20,0.754767616862711,0.252,0.09,3.44510688539583e-16,"7","UTP6"
1.69402643515573e-20,0.583599514009121,0.413,0.184,3.49782578330955e-16,"7","CUL4A"
1.74310559222813e-20,0.507859911586623,0.789,0.484,3.59916442683265e-16,"7","PAPOLA"
1.78199975072885e-20,0.465063170675054,0.36,0.152,3.67947308530494e-16,"7","SPG21"
1.80330820186214e-20,0.48374679553215,0.283,0.106,3.72347077520494e-16,"7","IDH3B"
1.82481686202703e-20,0.702954360786225,0.351,0.154,3.76788185671342e-16,"7","ADI1"
1.83842272909624e-20,0.816138433194466,0.298,0.116,3.79597525103792e-16,"7","PI4KA"
1.85044622460444e-20,0.681983062277149,0.289,0.109,3.82080136456325e-16,"7","UBTF"
1.97059250483868e-20,0.44673433767397,0.292,0.11,4.0688794039909e-16,"7","MRPS35"
2.15668704491106e-20,0.516798384116202,0.351,0.144,4.45312741033236e-16,"7","COX19"
2.16526779152398e-20,0.624323818690517,0.323,0.131,4.4708449359387e-16,"7","LSM1"
2.25814197869531e-20,0.640752550176846,0.55,0.293,4.66261155761009e-16,"7","GHITM"
2.37510622527027e-20,0.907612930496333,0.612,0.347,4.90411933393805e-16,"7","SMIM14"
2.39016596457857e-20,0.531731832081448,0.335,0.136,4.93521468366183e-16,"7","BTBD1"
2.48967247527191e-20,0.628616761452521,0.543,0.279,5.14067572694144e-16,"7","NRDC"
2.51957503925667e-20,0.400656435584676,0.537,0.258,5.20241854105718e-16,"7","PUM2"
2.52106075475578e-20,0.57235484740433,0.481,0.227,5.20548624641973e-16,"7","R3HDM4"
2.57443352909591e-20,0.647008724723944,0.671,0.392,5.31569035087724e-16,"7","SOD2"
2.60080327583741e-20,0.330275407970701,0.435,0.197,5.37013860394909e-16,"7","SMAP1"
2.6425581490207e-20,0.610503459980865,0.894,0.728,5.45635406609795e-16,"7","CCNI"
2.71027620263173e-20,0.52456331125408,0.332,0.136,5.596178303194e-16,"7","XPC"
2.7844959266205e-20,0.82156042329059,0.578,0.332,5.749427189286e-16,"7","PARK7"
2.81156137200891e-20,0.470093910315553,0.345,0.14,5.805311920924e-16,"7","UBAP2L"
2.9391063419615e-20,0.475042016723287,0.413,0.182,6.0686667748821e-16,"7","NCKAP1L"
3.07576697223785e-20,0.43962556242619,0.388,0.171,6.35084364427672e-16,"7","PSMD13"
3.14724353314e-20,0.471506876676075,0.45,0.209,6.49842844722746e-16,"7","EIF4G1"
3.21337759955191e-20,0.77275034983047,0.304,0.122,6.63498206755478e-16,"7","ATAD1"
3.23704161558581e-20,0.504615411554963,0.373,0.16,6.68384352786158e-16,"7","CBWD2"
3.31098126475694e-20,0.769539219520166,0.404,0.19,6.83651411547012e-16,"7","AKR1A1"
3.33680274714903e-20,0.709376313456912,0.283,0.108,6.88983031231332e-16,"7","ZCCHC8"
3.38275677454719e-20,0.476671058098368,0.376,0.164,6.98471618808505e-16,"7","PSMC3"
3.5847728810832e-20,0.457488502295206,0.357,0.154,7.40183904486059e-16,"7","PSMD12"
3.67680927856433e-20,0.535157850211229,0.373,0.157,7.59187579837962e-16,"7","KBTBD8"
3.70023880050939e-20,0.64344412405328,0.298,0.116,7.64025307529178e-16,"7","SOCS4"
3.92209549986831e-20,0.74997242877533,0.41,0.187,8.09834278812809e-16,"7","NUMB"
3.98053046685852e-20,0.438496470569622,0.478,0.225,8.21899930796948e-16,"7","UBE2E2"
4.22465205046653e-20,0.455343879638195,0.422,0.188,8.72306155380329e-16,"7","MED30"
4.28224885520825e-20,0.719821846488385,0.252,0.091,8.841987436234e-16,"7","PRPF4"
4.43037062360203e-20,0.466469142374275,0.301,0.116,9.14782926361348e-16,"7","VEZF1"
4.51730178735206e-20,0.831655796061037,0.677,0.441,9.32732473052454e-16,"7","DEK"
4.57626610636957e-20,0.568649078981146,0.345,0.143,9.44907425643189e-16,"7","BANP"
4.67515296446146e-20,0.670801248541684,0.444,0.211,9.65325584102001e-16,"7","MLF2"
4.67941389471012e-20,0.718418034933218,0.537,0.277,9.66205380979746e-16,"7","BCL2A1"
4.72906182041915e-20,0.525017929128748,0.363,0.154,9.76456684680146e-16,"7","CDC123"
4.75396146376816e-20,0.808473007469605,0.357,0.155,9.8159796303885e-16,"7","NCOA2"
4.76359953285122e-20,0.580038774344993,0.283,0.107,9.8358803154312e-16,"7","PHF11"
5.03583821188195e-20,0.56253196195926,0.354,0.15,1.03979987398939e-15,"7","AP1S2"
5.12826155458452e-20,0.530822253471893,0.798,0.492,1.05888344579061e-15,"7","WTAP"
5.3170231192927e-20,0.58137203057583,0.329,0.135,1.09785893367156e-15,"7","CFDP1"
5.57716892808158e-20,0.412553481753339,0.323,0.128,1.15157384027028e-15,"7","TAF11"
5.8561246121844e-20,0.789541084593497,0.28,0.106,1.20917260992383e-15,"7","SCIMP"
6.01850028820999e-20,0.860310602595973,0.28,0.11,1.2426999395096e-15,"7","CKLF"
6.07114820972252e-20,0.508741176966216,0.531,0.26,1.25357068234351e-15,"7","TRAF4"
6.14010445270025e-20,0.61335498369938,0.27,0.102,1.26780876739355e-15,"7","SUCLG1"
6.23353632543536e-20,0.781046259269127,0.252,0.092,1.28710058047589e-15,"7","NCK1"
6.27145396511863e-20,0.495290103301223,0.615,0.319,1.29492981471769e-15,"7","SMC5"
6.30796133059243e-20,0.280168275099139,0.354,0.147,1.30246785554073e-15,"7","CDK9"
6.4959975075644e-20,0.516415265272355,0.351,0.145,1.3412935653619e-15,"7","PARVG"
6.51977325052379e-20,0.702533971514423,0.37,0.158,1.34620278076815e-15,"7","DDX50"
6.74107442426981e-20,0.620941084491796,0.525,0.271,1.39189704712323e-15,"7","SF3B6"
7.16814259078956e-20,0.346677112077483,0.348,0.142,1.48007808214623e-15,"7","CHD8"
7.25196677553545e-20,0.472143542675904,0.441,0.205,1.49738609981256e-15,"7","PSMD11"
7.69741398920745e-20,0.329012128655979,0.5,0.233,1.58936204049155e-15,"7","PDCD10"
7.88285780875592e-20,0.570372039719872,0.376,0.167,1.62765248035192e-15,"7","MARS"
8.05371079689648e-20,0.559886689872874,0.904,0.728,1.66293020534318e-15,"7","MS4A1"
8.15354494392617e-20,0.552121222060282,0.761,0.471,1.68354396002188e-15,"7","TUBA4A"
8.42236608316591e-20,0.668932552411023,0.46,0.222,1.7390501488521e-15,"7","ERGIC1"
8.5848153247595e-20,0.533149500265098,0.432,0.195,1.77259266825634e-15,"7","GSK3B"
8.74736830961967e-20,0.507398130803627,0.463,0.219,1.80615660857027e-15,"7","TASOR2"
8.78861556126892e-20,0.458282468754231,0.332,0.137,1.81467334109081e-15,"7","BTF3L4"
9.220307804827e-20,0.419228350980521,0.388,0.168,1.90380915554068e-15,"7","ATF7IP2"
9.62692598230441e-20,0.603204799831758,0.708,0.41,1.98776767682622e-15,"7","RHOG"
9.76273787680385e-20,0.906294347103,0.255,0.094,2.01581011680246e-15,"7","XYLT1"
9.91210827759295e-20,0.626722626213191,0.41,0.184,2.04665211715739e-15,"7","DOCK10"
1.04336940294338e-19,0.608490858170884,0.258,0.096,2.15434914319749e-15,"7","ZMYM4"
1.04569970900903e-19,0.604094703036618,0.832,0.581,2.15916075916185e-15,"7","MAP3K8"
1.08089747505945e-19,0.520347632914437,0.413,0.192,2.23183710650276e-15,"7","BTG3"
1.14214822715011e-19,0.821279053285254,0.273,0.105,2.35830765941954e-15,"7","FAM193A"
1.20344353744476e-19,0.819773965983647,0.348,0.152,2.48487021611594e-15,"7","RNF13"
1.20773772072476e-19,0.931183970670887,0.366,0.169,2.49373684575249e-15,"7","RRBP1"
1.21165479061525e-19,0.734686340916901,0.621,0.376,2.50182481166237e-15,"7","NDUFA11"
1.28977868180148e-19,0.404893986566669,0.351,0.147,2.66313502218369e-15,"7","YAF2"
1.37020893710233e-19,0.622109679575474,0.478,0.233,2.8292074133289e-15,"7","FBXO11"
1.45526378646822e-19,0.384960619168839,0.388,0.168,3.00482866629958e-15,"7","NUP153"
1.50430908678543e-19,0.425110700027096,0.261,0.096,3.10609740239456e-15,"7","MIF4GD"
1.50688190964107e-19,0.380495756455661,0.32,0.128,3.11140976702688e-15,"7","ADIPOR2"
1.62593553580218e-19,0.572154508764015,0.264,0.098,3.35723169432434e-15,"7","CCDC82"
1.66394307873961e-19,0.337531462116574,0.463,0.21,3.43570966898155e-15,"7","RUNX3"
1.69246544733413e-19,0.474080664046139,0.907,0.676,3.49460265565551e-15,"7","ELF1"
1.74677368041564e-19,0.362383533813519,0.416,0.187,3.60673829532221e-15,"7","TNPO1"
1.87044721285959e-19,0.581923678720656,0.565,0.295,3.86209940511247e-15,"7","PPP3CA"
1.90353102452682e-19,0.64410065184327,0.599,0.324,3.93041085944298e-15,"7","MARCH6"
2.22124587749461e-19,0.595635340852495,0.758,0.475,4.58642848785087e-15,"7","PAFAH1B1"
2.40886813832348e-19,0.658405570456408,0.789,0.523,4.97383093201032e-15,"7","SEC61B"
2.4971582223276e-19,0.429004855813694,0.388,0.168,5.15613229746204e-15,"7","PTPN11"
2.49778021148476e-19,0.344939210870632,0.351,0.152,5.15741658067373e-15,"7","TMEM167A"
2.52036151036457e-19,0.544192522230104,0.5,0.253,5.20404244660076e-15,"7","RTN3"
2.54871747646269e-19,0.260760523240856,0.351,0.144,5.26259184540015e-15,"7","RAMAC"
2.6213100853484e-19,0.421641774357275,0.339,0.143,5.41248106422738e-15,"7","PSME4"
2.68435913715573e-19,0.444174570190098,0.559,0.279,5.54266474639915e-15,"7","STK24"
2.68478211917619e-19,0.463952017727299,0.516,0.252,5.54353811967501e-15,"7","HSPA4"
2.69502877209049e-19,0.447695711819223,0.469,0.22,5.56469540861244e-15,"7","INPP5F"
2.89532702159794e-19,0.641885299527947,0.351,0.15,5.97827123419542e-15,"7","NSRP1"
2.91763565828751e-19,0.657361869084489,0.276,0.106,6.02433410723206e-15,"7","SUSD6"
2.9313703932811e-19,0.722171524275941,0.304,0.127,6.05269358804682e-15,"7","CDK4"
2.94373279656278e-19,0.798293608879922,0.329,0.145,6.07821947834283e-15,"7","ZNHIT1"
2.95644839152353e-19,1.00960368258357,0.261,0.1,6.10447463881778e-15,"7","AMBRA1"
3.06263047141664e-19,0.723481242458072,0.469,0.225,6.32371939738107e-15,"7","CD24"
3.067787328108e-19,0.481929169609652,0.357,0.156,6.33436727507739e-15,"7","AAMP"
3.08731839850159e-19,0.502869456714471,0.68,0.381,6.37469502922608e-15,"7","GNB2"
3.17772012538114e-19,0.432894704153766,0.36,0.155,6.56135651488698e-15,"7","ADSS"
3.18588913480759e-19,0.459055311521771,0.618,0.326,6.57822388555072e-15,"7","SMG1"
3.21986216169876e-19,0.551736624811654,0.478,0.229,6.64837139147561e-15,"7","NPAT"
3.2362482715496e-19,0.433122722213687,0.472,0.227,6.68220543109561e-15,"7","PPP2R2A"
3.24168882010819e-19,0.469675134351016,0.578,0.297,6.69343907575939e-15,"7","SNHG12"
3.3300519956536e-19,0.487610665675818,0.339,0.144,6.87589136062556e-15,"7","SCPEP1"
3.3424323529787e-19,0.554020617587414,0.512,0.243,6.90145432243041e-15,"7","SLC44A2"
3.39272878966912e-19,0.390072411324385,0.562,0.282,7.0053064049088e-15,"7","SMNDC1"
3.4474325049952e-19,0.575106559178524,0.348,0.148,7.11825863631408e-15,"7","E2F4"
3.52611169071998e-19,0.370929677155964,0.481,0.226,7.28071541899861e-15,"7","LUC7L"
3.52746809323714e-19,0.533445191393649,0.27,0.103,7.28351611891605e-15,"7","MARCH5"
3.59825746559315e-19,0.546474671793956,0.404,0.185,7.42968201495673e-15,"7","RSRC1"
3.79499164107364e-19,0.577419282948971,0.814,0.535,7.83589874048885e-15,"7","SRSF10"
3.87277681512835e-19,0.801428779192223,0.255,0.096,7.99650956787702e-15,"7","SENP2"
3.90335162298494e-19,0.488115850949341,0.398,0.174,8.05964043113929e-15,"7","APBB1IP"
4.14930546965182e-19,0.842508483969035,0.366,0.17,8.56748593373708e-15,"7","MGAT1"
4.17902299535524e-19,0.468857300522181,0.292,0.114,8.6288466808095e-15,"7","VBP1"
4.49520876745755e-19,0.491230512839811,0.481,0.236,9.28170706304636e-15,"7","UBQLN1"
4.54128345073779e-19,0.42217095234827,0.45,0.207,9.37684206908338e-15,"7","GATAD2B"
4.76484056352805e-19,0.537341015535263,0.637,0.344,9.83844279557271e-15,"7","KMT2C"
4.88871814942752e-19,0.798129466767143,0.556,0.309,1.00942252349379e-14,"7","CANX"
4.9071786540529e-19,0.621928017802686,0.407,0.192,1.01323424848884e-14,"7","ZNRD2"
5.23449901872618e-19,0.341590865164205,0.503,0.249,1.08081935738658e-14,"7","CIAO2A"
5.47385998532891e-19,0.400185254993553,0.311,0.124,1.13024260977071e-14,"7","NUP88"
5.50176718685365e-19,0.378191216548522,0.96,0.859,1.13600488874154e-14,"7","GNAS"
5.58010851312478e-19,0.498033064602886,0.289,0.114,1.15218080579e-14,"7","NFATC3"
5.65713709045293e-19,0.744450870202011,0.522,0.278,1.16808566643672e-14,"7","SND1"
5.67151910688633e-19,0.342929647860339,0.357,0.154,1.17105526518989e-14,"7","PTS"
5.68770949356864e-19,0.343910029312977,0.304,0.12,1.17439825623205e-14,"7","ZNF654"
5.82886664252607e-19,0.760644429563543,0.267,0.103,1.20354438434878e-14,"7","SLC2A1"
5.86374658935166e-19,0.478621237466181,0.357,0.154,1.21074639576933e-14,"7","SDHAF2"
5.90798603843637e-19,0.745923944054322,0.326,0.139,1.21988095721634e-14,"7","FDX1"
5.93161931463714e-19,0.698248993425046,0.295,0.122,1.22476075608628e-14,"7","CDC34"
6.81367754145282e-19,0.766322413412179,0.307,0.127,1.40688813875918e-14,"7","ATXN2"
7.54100128338789e-19,0.550704069628742,0.668,0.401,1.55706594499393e-14,"7","EIF1AX"
7.60308435363118e-19,0.664450835683754,0.252,0.096,1.56988485733777e-14,"7","C14orf119"
7.69420923126289e-19,0.574206537162812,0.283,0.111,1.58870032207116e-14,"7","ATL2"
7.7767424587785e-19,0.418712693112311,0.512,0.249,1.60574178288859e-14,"7","SETX"
7.81596181409235e-19,0.90642957419701,0.307,0.133,1.61383979537379e-14,"7","ELK3"
8.01848263904508e-19,0.505543557775253,0.457,0.219,1.65565629531003e-14,"7","CITED2"
8.07698219963619e-19,0.566602581716948,0.596,0.304,1.66773528458088e-14,"7","BLK"
8.22882374383299e-19,0.32751225274297,0.348,0.147,1.69908752662664e-14,"7","ICE1"
8.42202554797042e-19,0.638657498621124,0.276,0.106,1.73897983514493e-14,"7","GPATCH11"
8.58740373381233e-19,0.516702357260217,0.413,0.189,1.77312712295757e-14,"7","SPPL3"
9.00984295661483e-19,0.423166532143211,0.447,0.21,1.86035237368183e-14,"7","MKRN1"
9.09998071988334e-19,0.379047090224658,0.404,0.184,1.87896401904151e-14,"7","SDHD"
9.1868901845794e-19,0.74175517927807,0.432,0.211,1.89690908531195e-14,"7","CDS2"
9.44690239567598e-19,0.647313190021792,0.481,0.245,1.95059640665918e-14,"7","NDUFC1"
9.71510255130665e-19,0.331516769939758,0.472,0.221,2.0059743747938e-14,"7","ADD1"
1.01034316479475e-18,0.539872795151946,0.484,0.239,2.08615656666821e-14,"7","RAB8A"
1.01904521418492e-18,0.706793628139492,0.261,0.102,2.10412455824903e-14,"7","MTG1"
1.08451936641565e-18,0.50558850760912,0.581,0.308,2.23931558777503e-14,"7","HNRNPUL1"
1.14982089205937e-18,0.420287966668996,0.304,0.123,2.37415017792418e-14,"7","SMG7"
1.1508455848306e-18,0.607691594966436,0.432,0.202,2.37626596355823e-14,"7","RBM4"
1.17722661893386e-18,1.24340529442764,0.438,0.236,2.43073752277464e-14,"7","HIST1H1D"
1.18275594917436e-18,0.484891043386584,0.348,0.154,2.44215448385522e-14,"7","GLRX"
1.18374871585489e-18,2.26117959025809,0.78,0.655,2.44420434849717e-14,"7","HIST1H4C"
1.26302314351833e-18,0.426831846874394,0.702,0.401,2.60789018673665e-14,"7","YY1"
1.26763821367322e-18,0.808147581644865,0.419,0.205,2.61741938359247e-14,"7","OSTC"
1.26874195432907e-18,0.616508260909921,0.438,0.208,2.61969838729866e-14,"7","PLCL2"
1.31953111240391e-18,0.741410792865275,0.307,0.128,2.7245678408916e-14,"7","IP6K1"
1.34197258836127e-18,0.871358662235983,0.382,0.187,2.77090500044835e-14,"7","ATP5MC1"
1.37727499183262e-18,0.589509479228968,0.301,0.121,2.84379740313599e-14,"7","RIF1"
1.40710502634666e-18,0.390159714772462,0.286,0.115,2.90539045840058e-14,"7","COA1"
1.44919631229899e-18,0.534534940770882,0.373,0.165,2.99230054563496e-14,"7","LSM2"
1.48760774620829e-18,0.654405532528777,0.388,0.186,3.07161247437088e-14,"7","NDUFS8"
1.55239974316968e-18,0.461719202294293,0.516,0.256,3.20539498969675e-14,"7","CCT3"
1.59980479888229e-18,0.388315299646408,0.658,0.358,3.30327694873215e-14,"7","DNAJC8"
1.68182076128896e-18,0.360285890575689,0.559,0.281,3.47262350790945e-14,"7","PFDN2"
1.70943839184159e-18,0.334842706849451,0.255,0.097,3.52964839147452e-14,"7","NDUFS2"
1.75123203676084e-18,0.520250158780037,0.512,0.267,3.61594390950379e-14,"7","BLOC1S1"
1.81801179016462e-18,0.420507710468664,0.649,0.36,3.75383074433191e-14,"7","UBE2V1"
1.81805977899395e-18,0.302556494857785,0.453,0.212,3.75392983166671e-14,"7","PLEKHF2"
1.83845035054864e-18,0.382279432479903,0.394,0.173,3.79603228381284e-14,"7","POLR2B"
1.84485252632014e-18,0.319192534493211,0.382,0.169,3.80925149634583e-14,"7","OCIAD2"
1.84631980177371e-18,0.420887414739833,0.419,0.195,3.81228112670237e-14,"7","HBS1L"
1.89641713378361e-18,0.580062614103988,0.348,0.156,3.9157220978364e-14,"7","PIK3CG"
1.94524356273203e-18,0.485278901669622,0.429,0.201,4.0165389083291e-14,"7","PHF5A"
1.95987136552928e-18,0.96339434423219,0.264,0.106,4.04674239554486e-14,"7","RAB27A"
1.96143928252086e-18,0.3788066814549,0.481,0.235,4.04997983054907e-14,"7","ILRUN"
1.9616254810885e-18,0.589600940634132,0.301,0.124,4.05036429335153e-14,"7","ZNF430"
1.97983238512612e-18,0.385096255537165,0.637,0.345,4.0879579088084e-14,"7","PRPF40A"
2.04471301192276e-18,0.469125187857882,0.584,0.312,4.22192342701812e-14,"7","CIAO2B"
2.05861625688401e-18,0.341655693795756,0.314,0.127,4.25063084721409e-14,"7","CTDSPL2"
2.07131936596455e-18,0.504836170249207,0.764,0.457,4.27686022684361e-14,"7","BRD4"
2.17304732269001e-18,0.67847710098804,0.273,0.108,4.48690811189033e-14,"7","HTRA2"
2.18713617795204e-18,0.46377598087686,0.649,0.365,4.51599878023537e-14,"7","STRAP"
2.20868803221243e-18,0.497328241748913,0.342,0.147,4.56049904891222e-14,"7","HAT1"
2.22143509635374e-18,0.540449519510551,0.45,0.218,4.5868191869512e-14,"7","KCMF1"
2.24470289799386e-18,0.614599987127222,0.326,0.141,4.63486254377772e-14,"7","LARP1"
2.36636508352393e-18,0.463187721223369,0.376,0.17,4.88607062446022e-14,"7","DYNLL2"
2.43193836966957e-18,0.563293274585678,0.298,0.121,5.02146634569374e-14,"7","KMT5A"
2.45257521976971e-18,0.409663285030228,0.562,0.297,5.06407731378049e-14,"7","DCXR"
2.46290452943912e-18,0.32694401311282,0.543,0.275,5.0854052723859e-14,"7","DDX46"
2.48094981641141e-18,0.606836212804442,0.317,0.132,5.12266518092629e-14,"7","NUDT3"
2.49510070372864e-18,0.568787178114344,0.295,0.121,5.1518839330589e-14,"7","TTC7A"
2.59917464540707e-18,0.550147987892992,0.655,0.367,5.36677580783651e-14,"7","TLN1"
2.60526029816406e-18,0.55523094827534,0.351,0.154,5.37934146364915e-14,"7","EIF4E2"
2.7282794079818e-18,0.541311393211149,0.534,0.271,5.63335132160082e-14,"7","RAPGEF6"
2.74290763602472e-18,0.348304621878479,0.398,0.176,5.66355568686384e-14,"7","SCAF8"
2.80263521131162e-18,0.736012078570642,0.258,0.102,5.78688118431624e-14,"7","MAD2L2"
2.85958293944548e-18,0.335112547211211,0.292,0.116,5.90446685336703e-14,"7","PDCD7"
2.99915984835801e-18,0.597703728895248,0.789,0.534,6.19266525488962e-14,"7","LSP1"
3.05841659727072e-18,0.526297305158211,0.857,0.669,6.31501859004458e-14,"7","SET"
3.09329011546522e-18,0.436948537597982,0.534,0.27,6.38702543041259e-14,"7","SAFB"
3.12579396872036e-18,0.548952462391248,0.258,0.098,6.4541393866138e-14,"7","DEDD"
3.24353735791597e-18,0.562391054285718,0.311,0.134,6.69725593662489e-14,"7","TRAPPC2L"
3.35629508956266e-18,0.507960644779504,0.472,0.234,6.93007810092897e-14,"7","KDM6A"
3.44063754595175e-18,1.01008792275043,0.276,0.117,7.10422840488117e-14,"7","AC012236.1"
3.45956047730676e-18,0.324510401856839,0.394,0.177,7.14330047354301e-14,"7","PRPS1"
3.47913049991566e-18,0.525163195659182,0.733,0.461,7.18370865622586e-14,"7","PTP4A2"
3.53852046454843e-18,0.316301098872156,0.32,0.133,7.3063370551996e-14,"7","RABEP2"
3.64437210063435e-18,0.504590576115446,0.466,0.225,7.5248995133898e-14,"7","LRBA"
3.72257264686773e-18,0.627277701176088,0.463,0.238,7.68636800125249e-14,"7","RPS19BP1"
3.7347484299032e-18,0.509477268178112,0.317,0.134,7.71150855806413e-14,"7","FAM168B"
3.82255441561608e-18,0.396851532835112,0.258,0.098,7.89281035736408e-14,"7","RP2"
4.11967725553221e-18,0.253553906982114,0.382,0.165,8.5063095972229e-14,"7","PRRC2A"
4.19901597231677e-18,0.655042805132291,0.767,0.533,8.67012817963967e-14,"7","ISG20"
4.21999481439427e-18,0.441051761110001,0.5,0.248,8.7134452927613e-14,"7","WNK1"
4.42522365769333e-18,0.443359153129359,0.491,0.243,9.13720180840518e-14,"7","WASHC4"
4.73828686897317e-18,0.346930645471051,0.373,0.163,9.78361472705581e-14,"7","BTK"
4.92561573331293e-18,0.437515821497825,0.289,0.115,1.01704113661445e-13,"7","MARK2"
4.92608521171217e-18,0.599572411362128,0.394,0.181,1.01713807451433e-13,"7","PIK3CA"
4.99949861825219e-18,0.651949277637335,0.394,0.187,1.03229647469671e-13,"7","NHP2"
5.22839750091541e-18,0.633083709150262,0.314,0.133,1.07955951598901e-13,"7","SCMH1"
5.34001533900021e-18,0.600794978854118,0.674,0.417,1.10260636719676e-13,"7","RGS2"
5.34447531483209e-18,0.461208809803031,0.602,0.324,1.10352726300653e-13,"7","KDM2A"
5.45037677017753e-18,0.643631218976293,0.295,0.122,1.12539379550626e-13,"7","DCAF6"
5.55096205435346e-18,0.331287584261975,0.366,0.163,1.1461626449829e-13,"7","NOSIP"
5.59100458539756e-18,0.525678022228813,0.503,0.249,1.15443062679289e-13,"7","USP8"
5.67631027867785e-18,0.302325483355399,0.463,0.219,1.1720445463414e-13,"7","TOX4"
5.82357499259309e-18,0.370692458860879,0.283,0.112,1.20245176447062e-13,"7","MRPL42"
5.93096173131586e-18,0.393224035950485,0.472,0.23,1.2246249782821e-13,"7","SETD5"
6.25310926776229e-18,0.379756727632336,0.463,0.224,1.29114200160756e-13,"7","MKLN1"
6.58420546813406e-18,0.386953275720856,0.329,0.14,1.35950674506032e-13,"7","JPX"
6.62871832347293e-18,0.299723186770459,0.453,0.214,1.36869775943069e-13,"7","ARID4A"
6.90668958493197e-18,0.662692785704642,0.255,0.101,1.42609326549675e-13,"7","TRPT1"
7.22734143722175e-18,0.724707767738442,0.258,0.102,1.49230145995755e-13,"7","NELFE"
7.61089904719914e-18,0.406363218435239,0.587,0.307,1.57149843526568e-13,"7","PCNP"
7.87997409537106e-18,0.546023513008994,0.376,0.173,1.62705705121222e-13,"7","DIPK1A"
8.23414476557273e-18,0.472017581866896,0.469,0.234,1.70018621119546e-13,"7","EIF3J"
8.26659936169854e-18,0.634336087514983,0.509,0.278,1.70688743620351e-13,"7","AURKAIP1"
8.38177749035128e-18,0.524027785212786,0.339,0.147,1.73066941620773e-13,"7","PTRHD1"
8.46944064902732e-18,0.53573286096121,0.339,0.146,1.74877010521116e-13,"7","RNF41"
8.76558021734144e-18,0.360703814205365,0.335,0.144,1.80991700327666e-13,"7","CACUL1"
9.05803732980213e-18,0.489786377008332,0.28,0.113,1.87030354785754e-13,"7","FAM120A"
9.68837317802761e-18,0.396698898640811,0.422,0.196,2.00045529379914e-13,"7","CKAP2"
9.81538014769242e-18,0.527901291476348,0.398,0.189,2.02667969289553e-13,"7","DCTN2"
1.00773741016663e-17,0.456383987583666,0.534,0.277,2.08077620451206e-13,"7","AMD1"
1.01747776992283e-17,0.636052564928,0.252,0.097,2.10088809933666e-13,"7","ACSL4"
1.03509887834089e-17,0.373673343147672,0.295,0.122,2.13727216399827e-13,"7","PLEKHJ1"
1.0638646438521e-17,0.552864936682532,0.571,0.3,2.19666771662582e-13,"7","PTPRCAP"
1.13556268713626e-17,0.58059090273925,0.276,0.114,2.34470983639895e-13,"7","WASHC3"
1.13824981372232e-17,0.520113367946651,0.739,0.47,2.35025821537385e-13,"7","PAIP2"
1.18091942721788e-17,0.597560987256797,0.348,0.152,2.43836243331947e-13,"7","RNF144B"
1.23034982917689e-17,0.345827186594225,0.627,0.333,2.54042632728444e-13,"7","RIPOR2"
1.24121528106855e-17,0.298733970425833,0.273,0.107,2.56286131235035e-13,"7","HK1"
1.26298691589534e-17,0.698099745625251,0.401,0.197,2.60781538394069e-13,"7","HSBP1"
1.29564578435009e-17,0.337201176535212,0.488,0.24,2.67524941552607e-13,"7","DBF4"
1.31310833532895e-17,0.336872198692789,0.388,0.175,2.71130609078722e-13,"7","POGZ"
1.39350595368626e-17,0.432418632024302,0.432,0.206,2.87731109317138e-13,"7","TAOK3"
1.40402907680859e-17,0.372453025112579,0.45,0.214,2.89903923779437e-13,"7","ZNF148"
1.41151702057949e-17,0.481419396466035,0.63,0.342,2.91450034409254e-13,"7","AFTPH"
1.41204448562988e-17,0.42117626455924,0.261,0.102,2.91558945392857e-13,"7","DKC1"
1.42671051791281e-17,0.430467223313838,0.469,0.23,2.94587187738637e-13,"7","M6PR"
1.45228428351826e-17,0.644467666880916,0.37,0.17,2.99867658860849e-13,"7","PPP2R2D"
1.5523338793727e-17,0.494817850067344,0.714,0.429,3.20525899412875e-13,"7","MTPN"
1.58553190335335e-17,0.625825489533516,0.342,0.15,3.273806274044e-13,"7","UBN1"
1.59652354427879e-17,0.996405997568183,0.264,0.108,3.29650181422685e-13,"7","HIST1H2AG"
1.70648517811311e-17,0.490641061099797,0.27,0.108,3.52355059576795e-13,"7","RNASEH1"
1.80170851362988e-17,0.400731427774757,0.689,0.41,3.72016773894299e-13,"7","NDUFV2"
1.94890353635026e-17,0.431492039543959,0.258,0.1,4.02409602185602e-13,"7","COPS4"
1.96618463400661e-17,0.5117267871943,0.335,0.148,4.05977803229685e-13,"7","TMEM30A"
2.1166251727885e-17,0.415156926343163,0.404,0.19,4.3704076567737e-13,"7","CCNG1"
2.20696990044373e-17,0.51467397715686,0.273,0.109,4.55695145043621e-13,"7","PIP5K1A"
2.22493366850081e-17,0.551886446292537,0.314,0.138,4.59404303872048e-13,"7","SMIM7"
2.24491199798057e-17,0.702960985138963,0.276,0.11,4.63529429343028e-13,"7","SLC9A7"
2.26945743833461e-17,0.378802826287758,0.264,0.104,4.6859757186733e-13,"7","GTF2F2"
2.28277219768536e-17,0.413077370254337,0.252,0.097,4.71346803378073e-13,"7","SVBP"
2.41592800600207e-17,0.363591649248861,0.615,0.333,4.98840814679307e-13,"7","RNF114"
2.41694884676153e-17,0.372562284126738,0.295,0.123,4.9905159787932e-13,"7","PKN1"
2.45339033894872e-17,0.429422061546035,0.481,0.239,5.06576037186132e-13,"7","PRKAR1A"
2.56907160120215e-17,0.531307032628717,0.814,0.56,5.3046190421622e-13,"7","HNRNPC"
2.61050841317727e-17,0.523956131172483,0.276,0.112,5.39017777152842e-13,"7","CSNK2A1"
2.68046520025487e-17,0.791176510773113,0.348,0.165,5.53462454548625e-13,"7","TP53INP1"
2.84874107596077e-17,0.443929428203688,0.335,0.151,5.88208057364379e-13,"7","CCNC"
2.87796604623411e-17,0.504834385042986,0.335,0.147,5.94242429226418e-13,"7","YY1AP1"
2.88374028160986e-17,0.350537126501317,0.481,0.239,5.95434693346805e-13,"7","HDGF"
3.07752275081779e-17,0.583413115618858,0.376,0.18,6.35446897588858e-13,"7","SRA1"
3.12844597910538e-17,0.538390463023573,0.484,0.253,6.45961525765678e-13,"7","SRP72"
3.26196963346182e-17,0.447347905862012,0.391,0.181,6.73531489917197e-13,"7","SSBP1"
3.49542132104653e-17,0.389777578963186,0.258,0.099,7.21734594369687e-13,"7","STK26"
3.51963089090387e-17,0.272526411407142,0.447,0.214,7.26733386353832e-13,"7","PSMC4"
3.78702623821892e-17,0.4234755391766,0.497,0.247,7.81945177667443e-13,"7","ZFR"
3.91521727190705e-17,0.517260308268607,0.478,0.239,8.08414062303368e-13,"7","SNX25"
3.94014572512797e-17,0.454693781025132,0.283,0.117,8.13561289324422e-13,"7","CNDP2"
4.08968329253586e-17,0.445303695603776,0.537,0.284,8.44437806242804e-13,"7","CAPNS1"
4.15779162953027e-17,0.44751336383954,0.419,0.208,8.58500815665409e-13,"7","MRPL57"
4.15823045554545e-17,0.478711013001033,0.457,0.226,8.58591424461025e-13,"7","PPP6R3"
4.26807003092056e-17,0.545309032834091,0.28,0.114,8.81271099984476e-13,"7","FBXO42"
4.28159628335132e-17,0.44729345990166,0.326,0.142,8.84064000586381e-13,"7","CREBZF"
4.29791535090661e-17,0.62702915063882,0.385,0.177,8.87433561655196e-13,"7","GDI1"
4.40383419083316e-17,0.309080153555976,0.419,0.198,9.09303683723231e-13,"7","IQCB1"
4.51783999134804e-17,0.403200166093794,0.311,0.134,9.32843601413543e-13,"7","SDAD1"
4.98938098775614e-17,0.42413463795963,0.503,0.256,1.03020738635189e-12,"7","POLR2A"
5.0056667947528e-17,0.469702567587599,0.407,0.19,1.03357007978056e-12,"7","TINF2"
5.01498124703935e-17,0.353354692268356,0.27,0.11,1.03549332788868e-12,"7","FAR1"
5.03521220392606e-17,0.524151345697767,0.637,0.363,1.03967061586665e-12,"7","RAB2A"
5.11684199196899e-17,0.505064381696266,0.714,0.429,1.05652553450176e-12,"7","SLBP"
5.1597516379684e-17,0.594823076392711,0.332,0.151,1.06538551820771e-12,"7","LRP10"
5.29815913219733e-17,0.674283280024016,0.376,0.184,1.0939638976161e-12,"7","IER3IP1"
5.42819075270974e-17,0.326421001558361,0.354,0.162,1.12081282661951e-12,"7","ITFG1"
5.46830180298612e-17,0.373916058936863,0.453,0.228,1.12909495628057e-12,"7","TMEM160"
5.49376022642454e-17,0.306417694451059,0.491,0.242,1.13435161155214e-12,"7","DUSP10"
5.5108934024936e-17,0.472932270316266,0.481,0.243,1.13788926974688e-12,"7","TNFAIP8"
5.57506131772106e-17,0.262835910932191,0.339,0.147,1.15113866088305e-12,"7","ZCCHC10"
5.62001789187921e-17,0.573409767156798,0.258,0.102,1.16042129431522e-12,"7","EMG1"
5.70037102690682e-17,0.532640278217146,0.363,0.163,1.17701260963572e-12,"7","REV1"
6.18253732763606e-17,0.623663665981104,0.295,0.126,1.27657030741029e-12,"7","SPTLC1"
6.42913510142161e-17,0.578680044061086,0.73,0.513,1.32748781574153e-12,"7","NDUFA13"
6.48033836582553e-17,0.444454336607387,0.295,0.124,1.33806026577565e-12,"7","EXOSC8"
6.48426657352083e-17,0.477298772630243,0.643,0.361,1.33887136210058e-12,"7","FCHSD2"
6.57378804886107e-17,0.400041193748597,0.798,0.533,1.35735575632883e-12,"7","SAP18"
6.67959647744483e-17,0.488669258879256,0.261,0.104,1.37920308066281e-12,"7","GRIPAP1"
6.89409857206003e-17,0.419940875650481,0.345,0.152,1.42349347315896e-12,"7","RPA2"
7.49697415387585e-17,0.469131469808641,0.674,0.403,1.54797522329229e-12,"7","ARHGDIA"
7.57281482514741e-17,0.587758840357642,0.503,0.276,1.56363480509644e-12,"7","SIVA1"
7.65607609840521e-17,0.459728007201498,0.416,0.2,1.58082659279871e-12,"7","AKAP17A"
7.76756019566838e-17,0.464262883920585,0.668,0.398,1.60384582920161e-12,"7","SOD1"
7.98134000904101e-17,0.388276118932982,0.438,0.214,1.64798708506679e-12,"7","DYM"
8.56900813990655e-17,0.369585544444535,0.351,0.157,1.7693288007279e-12,"7","ZMYM5"
8.59514201041852e-17,0.436372905928459,0.543,0.287,1.77472492231122e-12,"7","NSMCE3"
8.70532924513472e-17,0.382286485125948,0.516,0.264,1.79747638253542e-12,"7","RHOQ"
8.80331082470648e-17,0.360272864819233,0.342,0.151,1.81770761908539e-12,"7","HDAC2"
9.66814757349991e-17,0.416168087816473,0.295,0.126,1.99627911097626e-12,"7","RABIF"
9.6965610700473e-17,0.472397565112104,0.326,0.148,2.00214592974337e-12,"7","CLTB"
1.07310966844608e-16,0.524561654163253,0.252,0.099,2.21575684340746e-12,"7","SFT2D2"
1.07818111834124e-16,0.482032809873019,0.491,0.251,2.226228373151e-12,"7","ADAR"
1.11323996169471e-16,0.42328729962767,0.261,0.104,2.29861787290723e-12,"7","DPF2"
1.16297143390181e-16,0.590313843241499,0.32,0.142,2.40130341672045e-12,"7","SDCCAG8"
1.19830709793726e-16,0.478567178217583,0.329,0.145,2.47426449582085e-12,"7","CLASRP"
1.27141765123551e-16,0.448256671407483,0.366,0.169,2.62522316627108e-12,"7","RAB4A"
1.31433971959465e-16,0.455457435928743,0.267,0.109,2.71384865301904e-12,"7","FAM91A1"
1.31787130249272e-16,0.344369445387686,0.264,0.107,2.72114066538696e-12,"7","TOMM40"
1.36393467366795e-16,0.34193479035784,0.649,0.361,2.81625231418958e-12,"7","DHX9"
1.36471285774904e-16,0.390984735488025,0.556,0.298,2.81785910868022e-12,"7","ETF1"
1.43458151753141e-16,0.341038279367512,0.252,0.099,2.96212391739887e-12,"7","DCAF13"
1.45719703376203e-16,0.437135433610935,0.255,0.1,3.00882043531185e-12,"7","TFIP11"
1.48586267320708e-16,0.443301009912479,0.534,0.285,3.06800924763799e-12,"7","NONO"
1.50724388638396e-16,0.327392796587532,0.273,0.112,3.1121571766056e-12,"7","SGF29"
1.55526886895784e-16,1.04501169294216,0.276,0.123,3.21131916062414e-12,"7","TPST2"
1.57603920515963e-16,0.31890639512734,0.522,0.271,3.2542057508136e-12,"7","CEP350"
1.62724504110248e-16,0.422561742625303,0.435,0.214,3.35993556086841e-12,"7","PTBP1"
1.66444368163258e-16,0.314115495209991,0.453,0.223,3.43674331383496e-12,"7","VCPKMT"
1.68200131580055e-16,0.526316238838175,0.537,0.293,3.47299631686498e-12,"7","USP48"
1.68238657850908e-16,0.708709804795291,0.292,0.124,3.47379180730554e-12,"7","MTMR1"
1.74169223698444e-16,0.723491305306444,0.314,0.139,3.59624613092548e-12,"7","MED13"
1.77471300669279e-16,0.491751598491782,0.587,0.326,3.66442741621928e-12,"7","IKZF3"
1.77710846928169e-16,0.502774502655979,0.37,0.168,3.66937356737283e-12,"7","ADD3"
1.78872345987777e-16,0.439193504504862,0.276,0.113,3.69335619995562e-12,"7","TLR1"
1.80444292817024e-16,0.423582407884861,0.519,0.272,3.72581375808591e-12,"7","TM9SF3"
1.83459446388403e-16,0.568736446902978,0.45,0.232,3.78807064902775e-12,"7","HERC1"
1.88301589602508e-16,0.537230392461252,0.634,0.369,3.88805122211259e-12,"7","C4orf3"
1.89782498031204e-16,0.380583662985256,0.276,0.114,3.91862901934831e-12,"7","MRPL32"
1.91139259860888e-16,0.317420343012872,0.292,0.123,3.94664343760761e-12,"7","DICER1"
1.96928896066289e-16,0.427103548474582,0.475,0.246,4.06618784597674e-12,"7","TRAPPC5"
2.05767535226805e-16,0.491166309746807,0.674,0.412,4.24868806736307e-12,"7","NDUFB2"
2.08200048386522e-16,0.9555272016004,0.276,0.119,4.2989145990849e-12,"7","LARGE1"
2.08367392527585e-16,0.363477737326328,0.376,0.175,4.30236992090958e-12,"7","ANKRD10"
2.13807320566902e-16,0.519825966006524,0.463,0.24,4.41469355506539e-12,"7","AZIN1"
2.2298357563284e-16,0.466844151010436,0.689,0.416,4.60416486966687e-12,"7","FYTTD1"
2.26622842859148e-16,0.899291426165069,0.264,0.114,4.67930845935568e-12,"7","NUDT22"
2.45322717227479e-16,0.44076782871567,0.348,0.155,5.06542346531299e-12,"7","RASSF3"
2.48015182999182e-16,0.712859255052067,0.401,0.199,5.12101749856712e-12,"7","PSMF1"
2.7494637411227e-16,0.482943864894438,0.363,0.171,5.67709273267014e-12,"7","ARFGEF2"
2.76029205404303e-16,0.284131438279107,0.388,0.178,5.69945103318806e-12,"7","SMARCC2"
2.84156053331168e-16,0.274512854456258,0.453,0.219,5.86725418918195e-12,"7","TRPM7"
2.84572291309113e-16,0.486698385626312,0.283,0.119,5.87584867095057e-12,"7","RBM5"
2.92608109117873e-16,0.355099024361516,0.351,0.158,6.04177223706584e-12,"7","QRICH1"
2.99640315330666e-16,0.492729291957375,0.652,0.382,6.1869732309476e-12,"7","PHB2"
3.00987094220653e-16,0.485340857791962,0.767,0.494,6.21478152146803e-12,"7","HIF1A"
3.05652004970001e-16,0.317496572975296,0.435,0.215,6.31110259862058e-12,"7","TAB2"
3.06333625570533e-16,0.549554057258414,0.345,0.161,6.32517670078036e-12,"7","LCORL"
3.08835455136975e-16,0.490392887365876,0.457,0.228,6.37683447766825e-12,"7","PKN2"
3.18855323229224e-16,0.373014367573651,0.28,0.118,6.58372471403702e-12,"7","NAA20"
3.24388309917604e-16,0.417592758207721,0.298,0.128,6.6979698231787e-12,"7","UNC119"
3.41389098918929e-16,0.303901438727952,0.301,0.127,7.04900211447804e-12,"7","PAWR"
3.47497656709613e-16,0.39847325967199,0.537,0.285,7.17513161574009e-12,"7","CDC73"
3.56396384359418e-16,0.432537055016497,0.773,0.479,7.35887254425325e-12,"7","EPC1"
3.58758098078391e-16,0.478990187875989,0.447,0.233,7.40763720912262e-12,"7","ACP1"
3.70999802882519e-16,0.357629658091731,0.388,0.19,7.66040392991826e-12,"7","MPC1"
3.80804595286099e-16,0.385469894775342,0.416,0.208,7.86285328346737e-12,"7","ATP5PD"
3.89112511459531e-16,0.403468100062164,0.637,0.356,8.03439513661639e-12,"7","HADHA"
3.96015504318526e-16,0.459037969548478,0.457,0.235,8.17692813316892e-12,"7","RNF181"
3.97082071148674e-16,0.472462130834962,0.41,0.202,8.19895060507782e-12,"7","EXOC4"
4.07366261774652e-16,0.408127578174237,0.45,0.224,8.41129857312302e-12,"7","TCF12"
4.15447080983243e-16,0.268958422544967,0.342,0.154,8.57815132814201e-12,"7","PSMC1"
4.24119564991776e-16,0.552359214597807,0.478,0.255,8.7572207779502e-12,"7","GORASP2"
4.46440927953232e-16,0.533283943963495,0.335,0.158,9.21811228037834e-12,"7","MIR4435-2HG"
4.75014654383928e-16,0.339072483025775,0.342,0.152,9.80810258371934e-12,"7","CELF1"
4.79613874098493e-16,0.543626995138399,0.314,0.14,9.90306727238568e-12,"7","RIPK2"
4.85349842787226e-16,0.546954207753716,0.571,0.334,1.00215035538706e-11,"7","ATP5ME"
4.88570593038468e-16,0.556601944620522,0.301,0.135,1.00880056050583e-11,"7","LAGE3"
4.91095819320384e-16,0.544881523397517,0.717,0.477,1.01401464773273e-11,"7","NDUFA1"
5.11912752009613e-16,0.485671023691622,0.658,0.396,1.05699745034945e-11,"7","NOP10"
5.18746881793097e-16,0.563147720482193,0.342,0.159,1.07110856152639e-11,"7","TRPC4AP"
5.43695619481299e-16,0.291561605578336,0.571,0.3,1.12262271510499e-11,"7","MALT1"
5.43783447221388e-16,0.706838866323847,0.27,0.114,1.12280406182272e-11,"7","PRCC"
5.65320744985785e-16,0.438516879396996,0.649,0.369,1.16727427424665e-11,"7","SP140"
5.85535720326405e-16,0.386918274341852,0.401,0.192,1.20901415532996e-11,"7","U2AF2"
5.98639014808855e-16,0.4613709459902,0.68,0.403,1.23606983777732e-11,"7","TMEM243"
5.99133624959861e-16,0.613018499514362,0.307,0.134,1.23709110881712e-11,"7","PPFIA1"
6.18903259781227e-16,0.446854596384306,0.295,0.129,1.27791145079628e-11,"7","LARP4"
6.23391227539084e-16,0.477420767486031,0.357,0.166,1.2871782066227e-11,"7","ADAM17"
6.23947145165176e-16,0.465925703224406,0.345,0.158,1.28832606533706e-11,"7","KATNBL1"
6.33317939983942e-16,0.280591160593901,0.298,0.127,1.30767488247884e-11,"7","FADS3"
6.38576608557515e-16,0.622780290447848,0.255,0.106,1.31853298134956e-11,"7","ACAA1"
6.70266559670262e-16,0.250492537724667,0.478,0.243,1.38396639240716e-11,"7","SP3"
7.04542399728643e-16,0.463310097033093,0.348,0.164,1.4547391469597e-11,"7","MEF2D"
7.06665889336858e-16,0.463776203967516,0.618,0.352,1.45912372830274e-11,"7","PPP3CC"
7.33212262659445e-16,1.00583707478579,0.28,0.128,1.51393667993922e-11,"7","STT3A"
7.45084729540738e-16,0.599589083340339,0.435,0.228,1.53845094955572e-11,"7","MRPS24"
7.52866800004844e-16,0.704818029769065,0.413,0.208,1.55451936865e-11,"7","COL9A3"
7.62449443688267e-16,0.672018529249316,0.264,0.11,1.57430561132753e-11,"7","CIAO1"
7.63875768759146e-16,0.483202534384271,0.522,0.287,1.57725068733388e-11,"7","LRPAP1"
8.07326207504443e-16,0.435721329017308,0.255,0.104,1.66696715325517e-11,"7","NUBP1"
8.20395392320208e-16,0.390328508347429,0.488,0.252,1.69395240606277e-11,"7","DOCK8"
8.20869031481187e-16,0.994503115995638,0.286,0.127,1.69493037620236e-11,"7","ABHD5"
8.21211518084981e-16,0.351408415160522,0.556,0.299,1.69563754254187e-11,"7","RBM33"
8.2734716055525e-16,0.770770453335616,0.264,0.113,1.70830641711448e-11,"7","APOBEC3C"
8.49480097437884e-16,0.286279208201188,0.264,0.109,1.75400650518974e-11,"7","NARS"
8.63183081905566e-16,0.38321477870632,0.252,0.1,1.78230042751861e-11,"7","TSN"
8.67817574035797e-16,0.308630441024668,0.736,0.423,1.79186972686911e-11,"7","ATRX"
8.74196467129706e-16,0.400149899608571,0.382,0.18,1.80504086532942e-11,"7","LSM12"
8.89438800212187e-16,0.422520706758777,0.742,0.475,1.83651323467812e-11,"7","PABPN1"
9.06865864176784e-16,0.568126610188762,0.401,0.193,1.87249663635222e-11,"7","CREBBP"
9.30217428646649e-16,0.466339335894086,0.565,0.313,1.9207129466696e-11,"7","C1orf43"
9.46428922155549e-16,0.251249853123159,0.441,0.214,1.95418643846678e-11,"7","ZNF639"
9.58368003555875e-16,0.880257485081825,0.298,0.132,1.97883825374217e-11,"7","RHBDF2"
1.01150869114834e-15,0.470891072051347,0.425,0.21,2.08856314548309e-11,"7","PICALM"
1.01401592124879e-15,0.491385697941052,0.329,0.146,2.0937400741945e-11,"7","VHL"
1.04317761454145e-15,0.473358375064535,0.323,0.149,2.15395313850518e-11,"7","RAB9A"
1.08277036167286e-15,0.268542428907579,0.335,0.151,2.23570424278212e-11,"7","ZNF821"
1.08821879125089e-15,1.27743712726821,0.286,0.134,2.24695416017484e-11,"7","PDIA4"
1.10308182229305e-15,0.27741248229577,0.457,0.233,2.27764334667069e-11,"7","ETNK1"
1.10329552899381e-15,0.307121936681034,0.463,0.237,2.27808460826642e-11,"7","TXNL1"
1.11833788390627e-15,0.398807619741096,0.416,0.208,2.30914406268966e-11,"7","SAP30BP"
1.1183913344362e-15,0.555571945364141,0.59,0.341,2.30925442734386e-11,"7","ATF4"
1.13717076247035e-15,0.401231603057588,0.45,0.226,2.34803019034878e-11,"7","SYNRG"
1.14823207307337e-15,0.416129181125276,0.27,0.115,2.3708695844819e-11,"7","MRPL38"
1.17768333140549e-15,0.328031933583147,0.41,0.197,2.43168054268606e-11,"7","SNRNP200"
1.198218148867e-15,0.53698635078286,0.394,0.201,2.47408083378058e-11,"7","ECH1"
1.25494299786094e-15,0.438765406646338,0.301,0.13,2.59120630198326e-11,"7","MCMBP"
1.26106917101028e-15,0.360772119769956,0.27,0.113,2.60385562430202e-11,"7","ING1"
1.30528137598689e-15,0.348398337766191,0.292,0.124,2.69514498513774e-11,"7","PSME3"
1.37759224064451e-15,0.393810582487886,0.255,0.104,2.84445245848279e-11,"7","EXOC6"
1.4266744627425e-15,0.485206857175776,0.562,0.312,2.94579743067072e-11,"7","UBE3A"
1.44580894367893e-15,0.347883582532324,0.46,0.234,2.98530630690826e-11,"7","RNF145"
1.51765214865861e-15,0.39817418970492,0.553,0.302,3.1336481565503e-11,"7","POLR1D"
1.56015387779039e-15,0.434195074074961,0.447,0.232,3.22140572686159e-11,"7","VPS28"
1.63020911718597e-15,0.301482779061163,0.615,0.341,3.36605578516559e-11,"7","RNPS1"
1.6647387692437e-15,0.270866777833126,0.376,0.177,3.43735261073438e-11,"7","PPM1B"
1.68148495330936e-15,0.348292005241068,0.55,0.289,3.47193013159318e-11,"7","AKIRIN1"
1.75747528676717e-15,0.675837001155422,0.63,0.404,3.62883497211685e-11,"7","SEC61G"
1.83190032185103e-15,0.530058295068007,0.351,0.169,3.78250778455801e-11,"7","GBF1"
1.8357811818011e-15,0.554284724920439,0.317,0.148,3.7905209841829e-11,"7","TRAPPC3"
1.93679315041274e-15,0.391707043361403,0.966,0.86,3.99909049697223e-11,"7","LAPTM5"
1.95918647247367e-15,0.404859472617021,0.932,0.725,4.04532822836364e-11,"7","PTPRC"
2.02222897224601e-15,0.312487350843967,0.59,0.32,4.17549838189356e-11,"7","CGGBP1"
2.11605441584386e-15,0.663071204630696,0.286,0.125,4.36922915783439e-11,"7","CHKB"
2.16431634465596e-15,0.472846099647704,0.373,0.179,4.46888038844564e-11,"7","AP1G1"
2.23248223779093e-15,0.506515411061152,0.261,0.11,4.60962932459072e-11,"7","SNX17"
2.33213893239587e-15,0.579552331226709,0.366,0.174,4.815400467611e-11,"7","CLASP2"
2.37986187650519e-15,0.352371288817212,0.491,0.261,4.91393880260791e-11,"7","COPB1"
2.59491931658567e-15,0.365199301074559,0.711,0.425,5.35798940488609e-11,"7","NOP58"
2.60002640095922e-15,0.724273462277709,0.739,0.546,5.3685345127006e-11,"7","HIST1H1E"
2.60416224180525e-15,0.495878647960342,0.432,0.217,5.37707419687948e-11,"7","FNIP1"
2.66323430519982e-15,0.571498673685009,0.425,0.216,5.49904619337659e-11,"7","RICTOR"
2.76911821384134e-15,0.284608599249822,0.497,0.258,5.7176752879396e-11,"7","SNRPA1"
2.79443210361376e-15,0.439610059460224,0.252,0.104,5.76994340754169e-11,"7","SNRNP27"
3.18449992880757e-15,0.38266524614135,0.292,0.128,6.57535545300186e-11,"7","SDF2"
3.53181877527967e-15,1.06251987360581,0.522,0.325,7.29249940719747e-11,"7","HIST1H1C"
3.79531414739146e-15,0.278527627943761,0.388,0.185,7.83656465153388e-11,"7","FBXO34"
3.9024633393116e-15,0.480667378963024,0.512,0.273,8.0578063030106e-11,"7","PUM1"
3.90648897550533e-15,0.463987310748263,0.255,0.106,8.0661184366234e-11,"7","SCYL2"
3.95837215700826e-15,0.472244416780572,0.488,0.262,8.17324682979066e-11,"7","OXA1L"
4.16290086335026e-15,0.517250595455299,0.283,0.124,8.59555770264561e-11,"7","HERC2"
4.27992795970842e-15,0.269279560700659,0.646,0.357,8.83719525120595e-11,"7","RAB3GAP1"
4.53835209014366e-15,0.509306109919023,0.463,0.249,9.37078939572862e-11,"7","SEC63"
4.67390815408072e-15,0.421872737054805,0.28,0.122,9.65068555654588e-11,"7","AFG3L2"
4.73455068759892e-15,0.296837375300754,0.314,0.142,9.77590025975425e-11,"7","EPN1"
4.96435768017685e-15,0.30440249020677,0.289,0.126,1.02504057380292e-10,"7","FNTA"
5.15815301239894e-15,0.530614291630619,0.789,0.551,1.06505543400013e-10,"7","UBALD2"
5.26069393343337e-15,0.690225669399025,0.258,0.109,1.08622808337532e-10,"7","DIDO1"
5.35657923007824e-15,0.532487985581431,0.457,0.24,1.10602647942655e-10,"7","SCAMP2"
5.46734781841286e-15,0.439493703432052,0.516,0.278,1.12889797754589e-10,"7","ATM"
5.53029207550778e-15,0.390080647810179,0.36,0.172,1.14189470775085e-10,"7","SDE2"
5.63556344792443e-15,0.349949060516802,0.323,0.145,1.16363114072744e-10,"7","GSK3A"
6.15409609288938e-15,0.334836154516601,0.404,0.199,1.2706977612598e-10,"7","DNM2"
6.35192158220818e-15,0.325900047775382,0.668,0.386,1.31154476829434e-10,"7","CSNK1A1"
6.41703042636124e-15,0.839785972803703,0.255,0.108,1.32498844243507e-10,"7","HMBOX1"
6.56156715818416e-15,0.310909582512477,0.55,0.293,1.35483238682187e-10,"7","SNHG5"
6.56781078699666e-15,0.4388091484454,0.37,0.174,1.35612157129907e-10,"7","ZNF721"
6.75764943297814e-15,0.366242107552754,0.72,0.442,1.39531945492133e-10,"7","CDC37"
6.9408241798867e-15,0.346119365192456,0.366,0.175,1.43314137666301e-10,"7","BFAR"
6.97554177388299e-15,0.336044752902107,0.32,0.147,1.44030986547136e-10,"7","OAT"
7.20028984377802e-15,0.458872468430506,0.438,0.229,1.48671584694329e-10,"7","COX7A2L"
7.6289441240451e-15,0.565527674221833,0.736,0.447,1.57522438273283e-10,"7","RAPGEF1"
8.04392819201292e-15,0.437066380343366,0.307,0.14,1.66091029308683e-10,"7","FAM53C"
8.30131353980632e-15,0.281910782578118,0.466,0.243,1.71405521969921e-10,"7","CCDC47"
8.33142146851574e-15,0.309295874281407,0.28,0.121,1.72027190481913e-10,"7","HADHB"
8.33529949886165e-15,0.423282793988771,0.304,0.141,1.72107264052495e-10,"7","PNOC"
8.35741755650981e-15,0.734532017331421,0.422,0.233,1.72563957706815e-10,"7","NDUFC2"
8.63948037149876e-15,0.473377908688144,0.516,0.281,1.78387990710706e-10,"7","ARPP19"
8.72306942659343e-15,0.337662272163693,0.292,0.126,1.80113937520301e-10,"7","LYSMD2"
8.96895776340067e-15,0.452996657676817,0.329,0.151,1.85191039898697e-10,"7","STAT6"
9.16401532619418e-15,0.784789254022265,0.329,0.164,1.89218588455257e-10,"7","GALNT2"
9.21548133768385e-15,0.320761637777839,0.661,0.385,1.90281258660496e-10,"7","RAB7A"
9.2426561274734e-15,0.354178319455784,0.32,0.148,1.90842363720071e-10,"7","KCTD20"
9.84905780380141e-15,0.3097700282498,0.37,0.176,2.03363345532891e-10,"7","RNF38"
9.90046039223075e-15,0.403947767080753,0.289,0.128,2.0442470617878e-10,"7","ANKIB1"
1.02829903707846e-14,0.68537643239296,0.922,0.81,2.1232318517596e-10,"7","HLA-DQB1"
1.08550672928508e-14,0.44491576232901,0.276,0.12,2.24135429462784e-10,"7","NXF1"
1.12594859938745e-14,0.250496160370045,0.64,0.365,2.32485866801521e-10,"7","CCT4"
1.13532771970019e-14,0.294869113509243,0.385,0.185,2.34422467563696e-10,"7","TTC19"
1.14451744966544e-14,0.553947373548871,0.295,0.137,2.3631996300692e-10,"7","MRPL34"
1.1782961378475e-14,0.322088289131445,0.28,0.121,2.43294586542751e-10,"7","UTP18"
1.26333173456489e-14,0.301489479846567,0.516,0.272,2.60852736552959e-10,"7","CSNK1D"
1.26737755609078e-14,0.401378633315013,0.376,0.18,2.61688117781625e-10,"7","SLC20A1"
1.28389853655834e-14,0.48617049033365,0.27,0.119,2.65099369828566e-10,"7","RELT"
1.32796903767544e-14,0.533311015367617,0.385,0.19,2.74199046899224e-10,"7","UBR4"
1.33829564475851e-14,0.412260414562442,0.693,0.43,2.76331284729737e-10,"7","ILF2"
1.42011905147698e-14,0.323036640199728,0.506,0.268,2.93226181748967e-10,"7","GPCPD1"
1.42713130407287e-14,0.387466210006044,0.329,0.156,2.94674071664967e-10,"7","NDUFAF8"
1.43236922247537e-14,0.275509967988161,0.419,0.209,2.95755597056714e-10,"7","BLOC1S2"
1.4458409204842e-14,0.289488217297629,0.627,0.364,2.98537233261578e-10,"7","PHIP"
1.55820018907356e-14,0.417751533304518,0.264,0.114,3.21737175039909e-10,"7","CNIH4"
1.63590117670479e-14,0.568302866006537,0.854,0.752,3.37780874966004e-10,"7","MIF"
1.72133418451804e-14,0.33230702171262,0.407,0.204,3.55421082419285e-10,"7","RPP21"
1.83149779714569e-14,0.899224343989416,0.326,0.161,3.78167665154643e-10,"7","MDFIC"
1.86496380573394e-14,0.341427833875996,0.267,0.114,3.85077726607945e-10,"7","SREK1IP1"
1.88960904383071e-14,0.348886507239766,0.665,0.39,3.90166475370165e-10,"7","XRCC5"
1.98711701567306e-14,0.582085751830496,0.258,0.111,4.10299921396173e-10,"7","ZNF330"
2.02855765743493e-14,0.29408089035176,0.382,0.184,4.18856585107164e-10,"7","ERICH1"
2.03884160205925e-14,0.573490129840013,0.261,0.112,4.20980013993194e-10,"7","UBE3C"
2.15322447685114e-14,0.328135446662885,0.537,0.298,4.44597789980224e-10,"7","SPAG9"
2.25631997085249e-14,0.509589340561201,0.385,0.194,4.65884947581621e-10,"7","MAP4"
2.27271199451239e-14,0.510068650340599,0.618,0.366,4.69269572626918e-10,"7","CD164"
2.27952323000319e-14,0.492142586241728,0.401,0.203,4.70675956531059e-10,"7","TNRC6A"
2.38129409851099e-14,1.06316257395718,0.255,0.116,4.91689605460549e-10,"7","PARM1"
2.39744566479832e-14,0.564968795147774,0.276,0.124,4.95024580867558e-10,"7","CCDC124"
2.54056847331615e-14,0.300597159896679,0.497,0.261,5.24576578370318e-10,"7","TAP1"
2.55349124876624e-14,0.352666550738679,0.404,0.207,5.27244873045254e-10,"7","PSMA3"
2.5560217425677e-14,0.476792239041788,0.494,0.269,5.27767369405378e-10,"7","KLHL24"
2.76808507611887e-14,0.289542635936118,0.425,0.219,5.71554206517025e-10,"7","EID1"
2.87151772339975e-14,0.319230105701525,0.401,0.199,5.92910979527581e-10,"7","EBLN3P"
2.90031297282382e-14,0.250394014032875,0.267,0.115,5.98856622628662e-10,"7","POC1B"
2.92502436039809e-14,0.569099449978556,0.596,0.352,6.03959029934997e-10,"7","GNG2"
3.04573311530774e-14,0.458807823941697,0.432,0.221,6.28882973648742e-10,"7","PRRC2B"
3.22612921127359e-14,0.635174913508222,0.755,0.521,6.6613115954377e-10,"7","ARL6IP1"
3.27374977763942e-14,0.420115901489586,0.276,0.122,6.75963854086987e-10,"7","GRK3"
3.32242070817054e-14,0.316030055380899,0.317,0.146,6.86013427823053e-10,"7","SPAG1"
3.38078651379379e-14,0.785621296667152,0.314,0.157,6.98064799368142e-10,"7","DENND1B"
3.4618284983415e-14,0.396400875746535,0.354,0.173,7.14798348337554e-10,"7","MIEN1"
3.57512994562483e-14,0.502964155659182,0.298,0.136,7.38192831172616e-10,"7","ACSL1"
3.75323419901085e-14,0.493340612651249,0.267,0.121,7.74967797411759e-10,"7","ECI1"
4.16608665099832e-14,0.537002120220696,0.301,0.138,8.60213571698132e-10,"7","MBD5"
4.1733758895103e-14,0.274951002444093,0.444,0.228,8.61718653666087e-10,"7","PMPCB"
4.2036021224533e-14,0.523065989559181,0.366,0.175,8.67959766244158e-10,"7","ABLIM1"
4.54160083410843e-14,0.378488805347776,0.475,0.261,9.37749740226708e-10,"7","SH3GLB1"
4.77881148698787e-14,0.307640616541384,0.28,0.124,9.86728995833256e-10,"7","RP9"
4.89565704589389e-14,0.449852607581999,0.904,0.674,1.01085526683617e-09,"7","JAK1"
5.23507523128539e-14,0.296059508553406,0.317,0.148,1.08093833375581e-09,"7","IPMK"
5.24583016143286e-14,0.685216832471867,0.267,0.123,1.08315901173266e-09,"7","MCUR1"
5.65900096155935e-14,0.380401138759345,0.547,0.302,1.16847051854277e-09,"7","MARCH7"
5.89277220515195e-14,0.357860283544221,0.252,0.108,1.21673960491978e-09,"7","AASDHPPT"
6.09005785340113e-14,0.499583522028031,0.298,0.136,1.25747514557027e-09,"7","ARMC8"
6.09725469195543e-14,0.44928202264388,0.345,0.166,1.25896114879496e-09,"7","FOXJ3"
6.11894001666164e-14,0.443994113415855,0.317,0.149,1.26343873464029e-09,"7","AATF"
6.22122601642356e-14,0.406187176614952,0.634,0.389,1.28455874787114e-09,"7","ARL6IP4"
6.42709261545846e-14,0.383952614592167,0.795,0.55,1.32706608323986e-09,"7","SNU13"
6.56521547314935e-14,0.530334421345373,0.655,0.425,1.35558569089588e-09,"7","SNRPG"
6.68419282774123e-14,0.335014717453779,0.537,0.299,1.38015213507201e-09,"7","NPEPPS"
6.73532978165757e-14,0.577355908610828,0.379,0.194,1.39071089331666e-09,"7","TXNDC11"
6.86929261967713e-14,0.364566114864717,0.304,0.144,1.41837154011093e-09,"7","SPSB3"
6.94939244766741e-14,0.843220571162809,0.283,0.132,1.43491055259437e-09,"7","CLIP1"
7.47192090073332e-14,0.443375845167504,0.711,0.47,1.54280222758342e-09,"7","HNRNPF"
7.65350940171526e-14,0.458180071333177,0.351,0.176,1.58029662126617e-09,"7","MPG"
7.75069619581339e-14,0.605503435952716,0.289,0.137,1.60036375051155e-09,"7","NEDD9"
8.09804268647728e-14,0.336425994617892,0.494,0.27,1.67208385390383e-09,"7","SNRNP70"
8.11799324088751e-14,0.483533580287982,0.311,0.15,1.67620324437845e-09,"7","ICAM1"
8.19476664612185e-14,0.280469938777744,0.466,0.247,1.69205541709124e-09,"7","TMEM87A"
8.29244699841119e-14,0.399003365278404,0.419,0.212,1.71222445623194e-09,"7","TRIP12"
8.45779638316776e-14,0.506472808354797,0.326,0.156,1.74636579719648e-09,"7","PPP2R5E"
8.52809778496642e-14,0.364800879951647,0.425,0.224,1.76088163063987e-09,"7","MRFAP1"
8.94124772302063e-14,0.373530176736105,0.394,0.203,1.8461888298493e-09,"7","MARK3"
8.95623277568722e-14,0.545084083493738,0.413,0.224,1.8492829435239e-09,"7","LRRC59"
9.31596552362404e-14,0.459439581197814,0.832,0.628,1.92356056131789e-09,"7","SKP1"
9.63578196438712e-14,0.392266986259139,0.298,0.137,1.98959626000665e-09,"7","BTBD7"
9.66320461914558e-14,0.398619483897039,0.382,0.191,1.99525848976118e-09,"7","TENT2"
9.68755413916464e-14,0.341866424244694,0.342,0.164,2.00028617865471e-09,"7","TOB2"
9.76413374425862e-14,0.370908813466597,0.335,0.162,2.01609833551452e-09,"7","LONP2"
9.8313480436346e-14,0.435020973172856,0.286,0.13,2.02997674404967e-09,"7","TIGAR"
1.07444988483052e-13,0.476328408893345,0.661,0.432,2.21852412219805e-09,"7","MZT2B"
1.08864651703635e-13,0.347022058388417,0.509,0.276,2.24783732837666e-09,"7","KDM4C"
1.12679869550925e-13,0.398394133116751,0.317,0.147,2.32661394648749e-09,"7","RAB4B"
1.15399426624138e-13,0.410771406619796,0.739,0.458,2.38276736093519e-09,"7","SPCS2"
1.18858095603111e-13,0.416968930691079,0.366,0.186,2.45418195801303e-09,"7","IKBIP"
1.24944755986029e-13,0.256163225908438,0.469,0.254,2.57985932159954e-09,"7","SDHA"
1.30224325094128e-13,0.682570763149455,0.301,0.145,2.68887186454355e-09,"7","MAP7D1"
1.31871388319183e-13,0.68170914067483,0.438,0.247,2.7228804260145e-09,"7","LMAN2"
1.39486921846657e-13,0.464431199458896,0.379,0.194,2.88012596228978e-09,"7","PPM1K"
1.50354000239268e-13,0.356902004828213,0.252,0.11,3.10450939694041e-09,"7","PPIP5K2"
1.66656539858443e-13,0.281964948848629,0.624,0.369,3.44112423499713e-09,"7","SCAND1"
1.67367712590646e-13,0.314792761063281,0.304,0.143,3.45580852957166e-09,"7","DNAJB12"
1.77377149971124e-13,0.339974580349413,0.255,0.114,3.66248339260377e-09,"7","MRPS18B"
1.82304422548233e-13,0.363643068807195,0.686,0.451,3.76422171677592e-09,"7","YWHAH"
1.85829412039383e-13,0.32612720699303,0.596,0.346,3.83700569978918e-09,"7","STAU1"
1.9169504915148e-13,0.257822950280604,0.373,0.184,3.95811937487977e-09,"7","GTF3C6"
1.96482092125699e-13,0.31753048132994,0.307,0.144,4.05696223821144e-09,"7","CDK16"
1.97152121377518e-13,0.421743006982966,0.379,0.187,4.07079700220299e-09,"7","TDG"
2.00724090181592e-13,0.333518364411244,0.497,0.275,4.1445510140695e-09,"7","NFKB2"
2.0554883569366e-13,0.426845158017086,0.326,0.158,4.24417235940269e-09,"7","VEZT"
2.09944249578848e-13,0.728744476647588,0.32,0.164,4.33492886530406e-09,"7","SEC61A1"
2.17710613292128e-13,0.315648047949097,0.27,0.124,4.49528874325585e-09,"7","FLOT1"
2.22227595021928e-13,0.301227664836775,0.379,0.188,4.58855538201277e-09,"7","VPS35"
2.22801270534753e-13,0.511690328389694,0.357,0.183,4.60040063400158e-09,"7","ARMCX3"
2.33412515578001e-13,0.485004852684329,0.469,0.259,4.81950162165457e-09,"7","BUD23"
2.44099994832133e-13,0.767531969507469,0.351,0.185,5.04017669329389e-09,"7","EIF2AK4"
2.44966437223823e-13,0.393488927396799,0.696,0.43,5.0580669957975e-09,"7","NGLY1"
2.73641164952866e-13,0.362104099853467,0.351,0.172,5.65014277394678e-09,"7","FAM32A"
2.74036985640956e-13,0.458836508289277,0.817,0.617,5.65831567951446e-09,"7","UQCRH"
2.74670540493343e-13,0.270295246649165,0.599,0.348,5.67139732010655e-09,"7","IFI16"
2.76190217294396e-13,0.453688779070926,0.655,0.419,5.70277560669468e-09,"7","TRMT112"
3.00377500322892e-13,0.465379266242271,0.335,0.168,6.20219462666708e-09,"7","SOS1"
3.02151041963606e-13,0.375359440569585,0.916,0.733,6.23881471446453e-09,"7","GRB2"
3.03082681142939e-13,0.438961571256775,0.255,0.114,6.25805120023941e-09,"7","VDAC3"
3.07841958461357e-13,0.544065180167293,0.252,0.115,6.35632075831009e-09,"7","MRPL55"
3.17582849228495e-13,0.704457363809919,0.385,0.208,6.55745067086997e-09,"7","BRI3"
3.4078708423577e-13,0.79133536209524,0.292,0.142,7.03657171530019e-09,"7","SLC7A5"
3.43279233546437e-13,0.280994601065437,0.739,0.467,7.08802961426682e-09,"7","BIRC3"
3.54728509654218e-13,0.507998662176345,0.32,0.159,7.3244342673403e-09,"7","EPRS"
3.60254825956935e-13,0.355296980951225,0.64,0.396,7.4385416463588e-09,"7","COX17"
3.63484438981667e-13,0.615661322448357,0.295,0.139,7.50522669609346e-09,"7","KLC1"
3.83879715334089e-13,0.329092578907863,0.273,0.122,7.92634836221827e-09,"7","TGS1"
4.02252028206245e-13,0.281402457382897,0.649,0.373,8.30569987840254e-09,"7","RAB8B"
4.08817426474256e-13,0.366872922694471,0.28,0.129,8.44126222184044e-09,"7","GBE1"
4.38897721785637e-13,0.55642321188796,0.323,0.16,9.06236015942983e-09,"7","NSMCE2"
4.42105788655333e-13,0.428006263447778,0.708,0.456,9.12860032415532e-09,"7","UQCR11"
4.54976413380776e-13,0.309530862300599,0.298,0.138,9.39435298348627e-09,"7","LRPPRC"
4.81928711946827e-13,0.436653848227964,0.835,0.675,9.95086404427809e-09,"7","SUMO2"
4.83960513004094e-13,0.350052657785831,0.252,0.109,9.99281667250853e-09,"7","PIGB"
4.90498044503477e-13,0.266951734754987,0.528,0.295,1.01278036229078e-08,"7","ARIH2"
5.09368576335963e-13,0.490150874966757,0.789,0.558,1.0517442364185e-08,"7","CALR"
5.32833633985637e-13,0.59639977115525,0.404,0.218,1.10019488745354e-08,"7","P4HA1"
5.3429426303869e-13,0.575389237414425,0.547,0.325,1.10321079432229e-08,"7","TMED9"
6.00996218514792e-13,0.388987182445366,0.807,0.587,1.24093699198934e-08,"7","RBM8A"
6.15707231277241e-13,0.310730244846658,0.422,0.224,1.27131229114125e-08,"7","RABGGTB"
6.2982051856884e-13,0.297552357093638,0.432,0.227,1.30045340674094e-08,"7","ZFX"
6.94195213414919e-13,0.349986484948406,0.444,0.239,1.43337427665913e-08,"7","NGRN"
7.01103041003183e-13,0.310278384094571,0.435,0.232,1.44763755906337e-08,"7","PSMA1"
7.0967128073074e-13,0.616946598096889,0.32,0.16,1.46532926045283e-08,"7","KDM5B"
7.17146041099978e-13,0.339087523458102,0.351,0.179,1.48076314566323e-08,"7","MAN1A2"
7.27672159630154e-13,0.571759564658154,0.363,0.186,1.50249747520434e-08,"7","CYB5R4"
7.33274628192971e-13,0.371776569889776,0.904,0.819,1.51406545229285e-08,"7","NPM1"
7.83956166791717e-13,0.785486673276322,0.264,0.123,1.61871269319154e-08,"7","ANKRD36C"
7.85598005497377e-13,0.433538097801671,0.981,0.925,1.62210276175098e-08,"7","HLA-DRB1"
8.676565432768e-13,0.436767751343332,0.758,0.537,1.79153723055794e-08,"7","SNRPB"
8.71571745918065e-13,0.574670210168477,0.273,0.127,1.79962134097162e-08,"7","ZDBF2"
9.07870519424082e-13,0.25813103167451,0.531,0.294,1.87457104850685e-08,"7","ZNF638"
9.13880381006839e-13,0.477354176383687,0.27,0.125,1.88698021070292e-08,"7","PAFAH1B2"
9.14513477026866e-13,0.483568320678484,0.345,0.171,1.88828742736507e-08,"7","COMMD10"
9.20472219358776e-13,0.301268962090502,0.494,0.276,1.900591038532e-08,"7","ADIPOR1"
9.76551623956221e-13,0.44081866909619,0.255,0.116,2.0163837931448e-08,"7","ZNF580"
1.00916199668724e-12,0.289744383590122,0.388,0.201,2.08371769075981e-08,"7","NFX1"
1.03338828544719e-12,0.275949022465281,0.286,0.134,2.13374013179135e-08,"7","SGTA"
1.10889868729091e-12,0.31417901146356,0.379,0.194,2.28965400951828e-08,"7","VPS13B"
1.1230041755254e-12,0.973001824421393,0.314,0.163,2.31877902162485e-08,"7","CSNK1E"
1.15265147459582e-12,0.78372334931591,0.264,0.121,2.37999476474546e-08,"7","RPRD2"
1.16217396998039e-12,0.281184439994687,0.335,0.168,2.39965681321552e-08,"7","TMEM259"
1.23163956280111e-12,0.325382423023923,0.326,0.161,2.54308936927173e-08,"7","CHMP4A"
1.29541255401914e-12,0.349136570731783,0.258,0.117,2.67476784153871e-08,"7","RARS2"
1.30001458583785e-12,0.460839336385552,0.276,0.13,2.684270116838e-08,"7","TMEM109"
1.34396996064755e-12,0.360989563159158,0.475,0.264,2.77502917474507e-08,"7","TOMM22"
1.36987456548039e-12,0.380911428609957,0.283,0.132,2.82851700280392e-08,"7","ARAF"
1.37816432405673e-12,0.384059397993539,0.357,0.183,2.84563369631234e-08,"7","SUDS3"
1.38164786458835e-12,0.253865784329935,0.404,0.212,2.85282651080203e-08,"7","VTI1A"
1.44501322291718e-12,0.448679546800258,0.922,0.838,2.9836633026794e-08,"7","HLA-DQA1"
1.45450306528136e-12,0.288036898670127,0.457,0.247,3.00325792919296e-08,"7","SERPINB1"
1.56408409845365e-12,0.33873245341364,0.276,0.131,3.2295208464871e-08,"7","ATP13A3"
1.85742590718414e-12,0.417225023210171,0.419,0.225,3.83521301315382e-08,"7","KDM5A"
1.88361354411508e-12,0.3449002241344,0.453,0.256,3.88928524588881e-08,"7","COPS9"
2.09614544212462e-12,0.668260118938996,0.478,0.285,4.32812110889892e-08,"7","P4HB"
2.25051335749097e-12,0.261997964281174,0.332,0.165,4.64685998054735e-08,"7","DAP3"
2.481200360717e-12,0.502712043907124,0.696,0.435,5.12318250480845e-08,"7","RB1"
2.52274630828175e-12,0.3343841065338,0.686,0.426,5.20896657734015e-08,"7","MOB1A"
2.53605660859222e-12,0.363575690588622,0.457,0.256,5.23644968542122e-08,"7","RAB10"
2.57062327792486e-12,0.4825434720009,0.534,0.321,5.30782294425926e-08,"7","PSMB8"
2.62587500436885e-12,0.345867216828487,0.286,0.136,5.42190670902081e-08,"7","EVI2A"
2.62618911372359e-12,0.258964186716126,0.429,0.227,5.42255528201647e-08,"7","ATG12"
2.77663100421147e-12,0.335635721891521,0.326,0.16,5.73318769749585e-08,"7","UBR1"
2.85648124420174e-12,0.312591250708876,0.264,0.122,5.89806247302775e-08,"7","GAPVD1"
2.9733608902372e-12,0.291151578399535,0.556,0.322,6.13939556616178e-08,"7","CTNNB1"
3.1664473419055e-12,0.37525315628038,0.394,0.213,6.53808047156647e-08,"7","DERL2"
3.23194916178175e-12,0.459659880883453,0.276,0.13,6.67332862924697e-08,"7","SLU7"
3.30673220594211e-12,0.292767288060396,0.565,0.327,6.82774065882927e-08,"7","SAFB2"
3.54743548601836e-12,0.302013729381724,0.28,0.131,7.32474479153071e-08,"7","KANSL2"
3.57110138261455e-12,0.440033927448025,0.655,0.424,7.37361013482252e-08,"7","TANK"
3.77750681303591e-12,0.258645803432998,0.36,0.183,7.79979606755655e-08,"7","EMB"
4.36250185624799e-12,0.325474450186132,0.27,0.125,9.00769383278084e-08,"7","THOC1"
4.54412452042991e-12,0.43844660135186,0.854,0.683,9.38270830978369e-08,"7","SNHG29"
4.98365586248758e-12,0.323658605866147,0.447,0.248,1.02902526248644e-07,"7","TNIP1"
4.98651482775842e-12,0.561537297410771,0.484,0.283,1.02961558163556e-07,"7","FAM214A"
5.44758892666094e-12,0.270288496026792,0.705,0.446,1.12481816157695e-07,"7","GNA13"
5.64511106130675e-12,0.267111066501736,0.398,0.211,1.16560253193862e-07,"7","ALCAM"
5.65040848186722e-12,0.381489853624265,0.366,0.193,1.16669634333594e-07,"7","UBR2"
5.78837705818242e-12,0.367476225890558,0.444,0.238,1.19518409497351e-07,"7","OSBPL10"
6.1042560319662e-12,0.272547888926537,0.329,0.165,1.26040678548038e-07,"7","RBPJ"
6.20995877365496e-12,0.357384406102743,0.736,0.485,1.28223228758428e-07,"7","DDX17"
6.42338664575954e-12,0.558212653944781,0.289,0.145,1.32630087461643e-07,"7","B4GALT3"
6.77881552240405e-12,0.295813674331154,0.702,0.439,1.39968982906599e-07,"7","SH3BGRL"
7.009387411384e-12,0.370469432682192,0.332,0.171,1.44729831270257e-07,"7","ECE1"
7.08516859087543e-12,0.518877013928057,0.528,0.313,1.46294561064396e-07,"7","IL16"
7.62184231919851e-12,0.32364135848074,0.273,0.128,1.57375800206811e-07,"7","USF1"
8.00984081506218e-12,0.322169366197077,0.304,0.147,1.65387193149404e-07,"7","SERTAD2"
8.43034340543387e-12,0.719842419642057,0.382,0.212,1.74069730635399e-07,"7","MANF"
8.99896031075396e-12,0.473494585209285,0.345,0.179,1.85810532496448e-07,"7","FCER2"
9.01467977333338e-12,0.314763581965042,0.264,0.122,1.86135107959788e-07,"7","NUP54"
9.06315982349478e-12,0.480834414784128,0.438,0.242,1.8713612403552e-07,"7","INPP5A"
9.14758707036396e-12,0.425963011221204,0.86,0.624,1.88879377828875e-07,"7","ARGLU1"
9.5392589291169e-12,0.707470948633342,0.276,0.139,1.96966618368406e-07,"7","SLC1A5"
1.01128631279086e-11,0.381975478829763,0.593,0.348,2.08810397865057e-07,"7","RNF19A"
1.06419557799223e-11,0.320200039819927,0.339,0.172,2.19735102943835e-07,"7","WDR48"
1.06814678870089e-11,0.405446049015315,0.301,0.149,2.2055094893096e-07,"7","YTHDF3"
1.06953602172946e-11,0.276189482704012,0.382,0.204,2.208377977667e-07,"7","GLG1"
1.07075260015452e-11,0.420306591391105,0.441,0.25,2.21088996879905e-07,"7","TECR"
1.09797183367828e-11,0.507072728004002,0.342,0.172,2.26709224217891e-07,"7","MTREX"
1.11601931300541e-11,0.292726866540017,0.481,0.272,2.30435667749357e-07,"7","MED13L"
1.12486910305552e-11,0.268575368552083,0.494,0.276,2.32262972398903e-07,"7","TSPAN33"
1.19479485566864e-11,0.376865794560629,0.267,0.127,2.46701241798462e-07,"7","YLPM1"
1.22530217971325e-11,0.324484932091134,0.742,0.484,2.53000394067193e-07,"7","DENND4A"
1.2345856869697e-11,0.327907731977015,0.335,0.174,2.54917252645504e-07,"7","ATP6AP2"
1.24024058549504e-11,0.448446589649342,0.54,0.334,2.56084876093016e-07,"7","DERL1"
1.30203271148642e-11,0.258641392015369,0.286,0.137,2.68843714267715e-07,"7","EFCAB14"
1.31937683647207e-11,0.282984665353917,0.463,0.26,2.72424929194753e-07,"7","RHEB"
1.40749441733701e-11,0.434872907817651,0.466,0.276,2.90619447291745e-07,"7","TUBA1C"
1.43634264687042e-11,0.318686637712966,0.307,0.15,2.96576029725804e-07,"7","ILKAP"
1.52802103361371e-11,0.310656781836921,0.64,0.38,3.15505783020559e-07,"7","PHF3"
1.53953196170551e-11,0.257278058573105,0.547,0.325,3.17882559452953e-07,"7","GGNBP2"
1.54356863665396e-11,0.327804640562577,0.301,0.151,3.18716052096311e-07,"7","ASCC3"
1.63490515981292e-11,0.289304548509413,0.379,0.198,3.37575217398171e-07,"7","MED4"
1.85584741651369e-11,0.419071085076631,0.357,0.186,3.83195374561746e-07,"7","MAP2K4"
1.87963915261428e-11,0.536852165659325,0.311,0.165,3.88107892231797e-07,"7","YIPF3"
1.89888848177001e-11,0.261136753350714,0.407,0.221,3.92082493715872e-07,"7","ALKBH5"
1.92017158115233e-11,0.40306240720446,0.736,0.538,3.96477028076334e-07,"7","COX7A2"
1.97001364699407e-11,0.422583549600474,0.27,0.13,4.06768417831336e-07,"7","PSEN1"
2.05865634138769e-11,0.26988731825907,0.624,0.387,4.2507136136973e-07,"7","EIF5B"
2.11411358517492e-11,0.697771188003248,0.28,0.144,4.36522173066917e-07,"7","SEC24D"
2.1760347292572e-11,0.314408125157951,0.289,0.142,4.49307650897027e-07,"7","ZNF92"
2.20648320936076e-11,0.443081438988278,0.938,0.843,4.5559465306881e-07,"7","HLA-DRB5"
2.29444267188896e-11,0.266884212115949,0.429,0.233,4.73756522891631e-07,"7","POLR2K"
2.43104183463459e-11,0.364905630334562,0.472,0.278,5.01961518015351e-07,"7","MRPS21"
2.57695808913903e-11,0.319636949577113,0.481,0.28,5.32090306245426e-07,"7","PDXDC1"
2.64718979160868e-11,0.340761249919198,0.534,0.313,5.46591748171361e-07,"7","ZHX2"
2.74310518704103e-11,0.262623281865114,0.357,0.192,5.66396359020232e-07,"7","COPB2"
2.74585670088676e-11,0.412863656018945,0.317,0.167,5.66964491599099e-07,"7","IFI27L2"
2.88497964389897e-11,0.356461520364178,0.416,0.233,5.95690596872259e-07,"7","EMC6"
3.05099610250547e-11,0.412931971932449,0.845,0.68,6.29969675245329e-07,"7","SRP14"
3.10062645259817e-11,0.362655919231585,0.543,0.331,6.4021734993247e-07,"7","PA2G4"
3.27781080608683e-11,0.333501271777012,0.562,0.342,6.7680237524081e-07,"7","GSTK1"
3.52052551057961e-11,0.367774657222135,0.668,0.449,7.26918107424477e-07,"7","ATP5F1D"
3.57701929591881e-11,0.463023571153683,0.63,0.43,7.38582944221317e-07,"7","COX7B"
3.73829746686384e-11,0.475151249907102,0.261,0.124,7.71883660958045e-07,"7","ARHGAP45"
4.74423475163617e-11,0.31258171353846,0.665,0.437,9.79589591517837e-07,"7","ATP5PO"
4.80725920763155e-11,0.338257434665973,0.478,0.273,9.92602881191762e-07,"7","TNKS2"
4.88859239667901e-11,0.354026329852359,0.612,0.401,1.00939655806628e-06,"7","WDR83OS"
5.13670304854802e-11,0.663941666265005,0.317,0.165,1.0606264454642e-06,"7","MAPK8IP3"
5.42888013592126e-11,0.267325106251343,0.36,0.197,1.12095517046502e-06,"7","SAR1A"
5.55153761499985e-11,0.270691067427236,0.823,0.587,1.14628148674517e-06,"7","ODC1"
5.70735653456452e-11,0.332673627698608,0.792,0.562,1.17845497725688e-06,"7","TUBB4B"
6.12385423814568e-11,0.337313545829108,0.786,0.59,1.26445342309232e-06,"7","EIF5A"
6.62838106776053e-11,0.883634330508571,0.307,0.168,1.36862812287119e-06,"7","CRELD2"
6.74524392140724e-11,0.257288209386212,0.618,0.384,1.39275796489217e-06,"7","NOL7"
6.82682751162284e-11,0.394349100081573,0.276,0.138,1.40960334459988e-06,"7","ZNF622"
7.68001284693867e-11,0.409718370597006,0.307,0.156,1.5857690526359e-06,"7","TULP4"
8.65411193178993e-11,0.268936553567305,0.366,0.195,1.78690103167598e-06,"7","TRMT10C"
9.73837809701815e-11,0.278977231160808,0.354,0.191,2.01078030947231e-06,"7","SUCO"
9.84152684249052e-11,0.312532750381827,0.677,0.429,2.03207846243744e-06,"7","VAPA"
1.00320308325573e-10,0.340893962949033,0.311,0.156,2.07141372630643e-06,"7","ARL14EP"
1.01604220761329e-10,0.259652634955187,0.252,0.119,2.09792395027992e-06,"7","TNIP2"
1.12140783490326e-10,0.362400796266141,0.326,0.179,2.31548289750826e-06,"7","RER1"
1.12586226782553e-10,0.498274244409612,0.335,0.183,2.32468041060615e-06,"7","ATG101"
1.16351971550528e-10,0.33279578018422,0.32,0.168,2.40243550857531e-06,"7","SPOP"
1.17224786801235e-10,0.301355752972918,0.326,0.176,2.4204573978719e-06,"7","TMEM179B"
1.18413065549703e-10,0.284294738787773,0.307,0.159,2.44499297747027e-06,"7","FAM120AOS"
1.18475148790745e-10,0.338169567028289,0.655,0.445,2.44627487223131e-06,"7","CD99"
1.23083530327785e-10,0.485297513106504,0.357,0.199,2.5414287342081e-06,"7","GFPT1"
1.248838313583e-10,0.267739704510282,0.41,0.226,2.57860134988618e-06,"7","RNF10"
1.28376633618379e-10,0.402655702561811,0.255,0.126,2.65072073095229e-06,"7","HIST1H2AC"
1.35932600330424e-10,0.271457482904286,0.264,0.127,2.8067363316226e-06,"7","PHF20L1"
1.39877677718763e-10,0.404591120881942,0.404,0.23,2.88819428953703e-06,"7","ESYT2"
1.41658561289416e-10,0.299149790424095,0.559,0.349,2.92496597350385e-06,"7","TUFM"
1.45329664263586e-10,0.300853550877912,0.755,0.496,3.00076690771452e-06,"7","G3BP2"
1.46073846129093e-10,0.438573789921709,0.696,0.468,3.01613277487351e-06,"7","SNHG7"
1.96019635412126e-10,0.36590154827397,0.273,0.134,4.04741343198958e-06,"7","WWP2"
2.14145567592604e-10,0.303501401041962,0.261,0.129,4.42167767965209e-06,"7","UBE2G2"
2.28686600562443e-10,0.353659980594418,0.736,0.533,4.72192092841333e-06,"7","UBL5"
2.57324790473973e-10,0.445156552361539,0.301,0.155,5.3132422737066e-06,"7","STK10"
2.86644493282501e-10,0.388038139750492,0.379,0.205,5.91863549729708e-06,"7","UHMK1"
2.94993645507631e-10,0.447829693090573,0.264,0.135,6.09102879244156e-06,"7","MCFD2"
3.26915769856096e-10,0.293629601893856,0.72,0.468,6.75015681598866e-06,"7","MYCBP2"
3.59296423102191e-10,0.397297064527164,0.329,0.179,7.41875254421405e-06,"7","CD59"
3.62632229532422e-10,0.354451002480304,0.804,0.599,7.48763027538545e-06,"7","ARF1"
3.65438618481157e-10,0.337147067194311,0.307,0.162,7.54557659439892e-06,"7","MIA2"
3.71583453902075e-10,0.366307951662078,0.301,0.155,7.67245515617005e-06,"7","AHCTF1"
3.98979782894738e-10,0.334064073327937,0.904,0.788,8.23813455721055e-06,"7","BTF3"
4.2925733570218e-10,0.251635038179696,0.571,0.359,8.86330546757861e-06,"7","NDUFA6"
4.30392956769428e-10,0.294706747633305,0.46,0.277,8.88675377137514e-06,"7","BSG"
4.47548755435761e-10,0.339300371826114,0.907,0.683,9.2409867022376e-06,"7","LYN"
4.93720932704251e-10,0.365288464903445,0.267,0.138,1.01943498184774e-05,"7","CPEB4"
4.94152689877725e-10,0.320481130633193,0.842,0.668,1.02032647405953e-05,"7","TMA7"
4.94679598260295e-10,0.276133022533828,0.596,0.37,1.02141443448786e-05,"7","BNIP3L"
5.35919591784254e-10,0.272472263256796,0.342,0.19,1.10656677311613e-05,"7","CNPY2"
5.48050717710056e-10,0.265033637881987,0.273,0.136,1.13161512192772e-05,"7","BAG6"
6.76965699807672e-10,0.459987466949765,0.28,0.141,1.39779877696288e-05,"7","HSF1"
6.96872455075511e-10,0.296282439344193,0.55,0.34,1.43890224523992e-05,"7","RUBCN"
7.18765407459932e-10,0.324687240250856,0.413,0.239,1.48410681332327e-05,"7","PBXIP1"
7.23659216020491e-10,0.263589406392918,0.677,0.453,1.49421154923911e-05,"7","SMDT1"
7.26239023319947e-10,0.340362033686861,0.289,0.147,1.49953833535103e-05,"7","TASOR"
8.99119680411935e-10,0.289612545625685,0.317,0.175,1.85650231611456e-05,"7","MESD"
9.11022658272315e-10,0.399954787920481,0.317,0.176,1.88107958480068e-05,"7","SAR1B"
9.47445465026561e-10,0.518130491198438,0.286,0.155,1.95628539618684e-05,"7","NUCB1"
9.68769712868182e-10,0.340003981489281,0.534,0.326,2.00031570313022e-05,"7","SECISBP2L"
1.02609006190476e-09,0.58617899902327,0.27,0.143,2.11867075982094e-05,"7","STX11"
1.05550281421412e-09,0.325278534780174,0.348,0.192,2.17940221078931e-05,"7","OTUD1"
1.10109939420021e-09,0.321410333930882,0.398,0.232,2.2735500291446e-05,"7","SRP54"
1.11265397556184e-09,0.509163169935926,0.314,0.173,2.29740792874009e-05,"7","CASC4"
1.1409614955465e-09,0.288777014547305,0.845,0.639,2.35585729600441e-05,"7","UBE2D3"
1.17432334556633e-09,0.284998373199911,0.307,0.168,2.42474284392536e-05,"7","C1orf122"
1.17795753696569e-09,0.387889719993249,0.261,0.135,2.43224672232676e-05,"7","GM2A"
1.18500744305961e-09,0.27612360169574,0.261,0.129,2.44680336842948e-05,"7","NRIP1"
1.1885814344295e-09,0.298879923492635,0.531,0.332,2.45418294581004e-05,"7","APRT"
1.23804691203204e-09,0.254842200911147,0.724,0.469,2.55631926396376e-05,"7","PAK2"
1.44237941736825e-09,0.308485074127255,0.866,0.722,2.97822502098196e-05,"7","EIF4A1"
1.53259774725127e-09,0.314640652839641,0.668,0.444,3.16450782852443e-05,"7","NR3C1"
1.53996391002842e-09,0.250299143622359,0.298,0.154,3.17971748142669e-05,"7","DOCK11"
1.71211971183136e-09,0.263899698759783,0.646,0.413,3.53518478098939e-05,"7","ARF4"
1.71413551992395e-09,0.354359640007733,0.475,0.284,3.53934702153897e-05,"7","MYO9B"
1.75817610514014e-09,0.266922144588643,0.298,0.161,3.63028202189336e-05,"7","FOXK2"
1.79951145794061e-09,0.26510438779533,0.292,0.152,3.71563125835578e-05,"7","VRK2"
1.83686007358666e-09,0.294598023047442,0.873,0.64,3.79274867994174e-05,"7","STK17B"
1.84355041845465e-09,0.263999160359419,0.944,0.848,3.80656290402515e-05,"7","YBX1"
1.99032263697814e-09,0.321707732762188,0.786,0.576,4.10961818083246e-05,"7","MYL12B"
2.05621006355844e-09,0.251665556506281,0.286,0.153,4.24566253923547e-05,"7","KLHL28"
2.15885689084981e-09,0.269382146826874,0.904,0.796,4.45760770822669e-05,"7","NCL"
2.29680163791204e-09,0.401915205808971,0.516,0.306,4.74243602196078e-05,"7","XBP1"
2.33149750021902e-09,0.435702209158691,0.761,0.525,4.81407603845223e-05,"7","ANKRD11"
2.34869477320199e-09,0.316660271864335,0.453,0.277,4.84958496770747e-05,"7","PIM3"
2.38632310800626e-09,0.374172788982912,0.276,0.149,4.92727995341133e-05,"7","GUSB"
2.43310007241094e-09,0.260805354614955,0.332,0.181,5.02386502951412e-05,"7","NUMA1"
2.65887148576749e-09,0.261481602106096,0.957,0.911,5.49003784381272e-05,"7","TMSB10"
3.2433056219826e-09,0.427971477565599,0.326,0.185,6.69677744826967e-05,"7","PHPT1"
3.27121110739682e-09,0.259821468491974,0.332,0.182,6.75439669455296e-05,"7","EEA1"
3.38720339968308e-09,0.258650631535292,0.755,0.534,6.99389757966563e-05,"7","NAP1L1"
4.55548396238591e-09,0.299680834239147,0.323,0.183,9.40616328553442e-05,"7","VKORC1"
4.57368323559337e-09,0.434019662993524,0.366,0.217,9.4437411448532e-05,"7","SSR1"
4.72160959304122e-09,0.322339534929953,0.289,0.156,9.7491794877115e-05,"7","CSGALNACT2"
5.18397180208836e-09,0.310209833060727,0.46,0.281,0.00010703864976952,"7","RAB1A"
5.50150298665769e-09,0.47484465617459,0.264,0.144,0.000113595033668508,"7","CALU"
6.37466107813011e-09,0.397091640727793,0.298,0.167,0.000131624001941231,"7","FAM174C"
6.98312311302393e-09,0.257107856074956,0.702,0.466,0.000144187526037718,"7","BRD2"
7.50174655557764e-09,0.333644073580718,0.755,0.533,0.000154896062879567,"7","HLA-DQA2"
7.55118992433669e-09,0.271228932405247,0.873,0.706,0.000155916969557704,"7","SH3BGRL3"
7.95991397997511e-09,0.574558146682409,0.264,0.145,0.000164356303858526,"7","TXNDC15"
8.32134017288306e-09,0.451478968036455,0.255,0.133,0.000171819031889689,"7","UBXN7"
8.70407699759315e-09,0.450989547522913,0.258,0.138,0.000179721781846303,"7","YTHDF1"
8.8889821432907e-09,0.450644874561004,0.596,0.364,0.000183539703294666,"7","PRKCB"
9.83655841468094e-09,0.31098776761628,0.481,0.295,0.000203105258146332,"7","ITPR2"
1.19215489456686e-08,0.262894562472239,0.736,0.509,0.000246156142630164,"7","HIGD2A"
1.50653753589177e-08,0.586204417320186,0.326,0.189,0.000311069870410932,"7","XIST"
1.7998056695582e-08,0.265152356328919,0.506,0.319,0.000371623874650377,"7","NDUFA3"
2.11507247503691e-08,0.354882107619097,0.258,0.135,0.000436720164645621,"7","EDRF1"
2.24933522756507e-08,0.40769380519972,0.258,0.136,0.000464442737787635,"7","CSNK1G2"
2.64645299644324e-08,0.841884744017973,0.261,0.149,0.0005464396147056,"7","LGALS3"
2.82830240134415e-08,0.458182632292489,0.419,0.268,0.00058398787982954,"7","DDOST"
2.90438448551362e-08,0.290453963626379,0.553,0.366,0.000599697308568852,"7","PEBP1"
2.90712998864491e-08,0.357897729737316,0.602,0.392,0.000600264200055401,"7","TRAM1"
3.37761265103165e-08,0.267974093035676,0.255,0.137,0.000697409460185015,"7","NAGK"
3.40564611667292e-08,0.466813445717063,0.503,0.317,0.000703197810170624,"7","RPN2"
3.98410288877379e-08,0.45385628623272,0.292,0.162,0.000822637564474012,"7","METRNL"
5.85801928152311e-08,0.274861462393982,0.419,0.257,0.00120956382124889,"7","GADD45GIP1"
5.8936113205914e-08,0.269540890737074,0.255,0.136,0.00121691286547571,"7","SMAD3"
5.99744569942116e-08,0.33178374572512,0.258,0.139,0.00123835258801648,"7","TMEM65"
6.75655325679415e-08,0.404918840004091,0.425,0.267,0.00139509311646286,"7","KDELR2"
8.9765170440887e-08,0.292057195270965,0.842,0.625,0.00185347123926344,"7","NSD3"
1.05175313258349e-07,0.279452187669342,0.59,0.38,0.00217165986815839,"7","ELMO1"
2.37920237585882e-07,0.263452614356586,0.382,0.227,0.00491257706567328,"7","WHAMM"
2.39747456526173e-07,0.292704961674732,0.264,0.149,0.00495030548235243,"7","TOGARAM1"
2.52370849338331e-07,0.280308382959656,0.708,0.508,0.00521095329713786,"7","RBM3"
2.90747763909937e-07,0.367941347660094,0.258,0.149,0.00600335982921239,"7","SLC50A1"
3.67801505665422e-07,0.337977133219079,0.342,0.207,0.00759436548897963,"7","PSENEN"
6.91048783241565e-07,0.433511209371818,0.488,0.341,0.0142687752763718,"7","PSME2"
9.39333355486216e-07,0.307112417818935,0.264,0.154,0.0193953551240794,"7","C16orf72"
1.19519328651872e-06,0.421035576408115,0.351,0.214,0.0246783509800386,"7","HM13"
1.55020106061058e-06,0.256162241186158,0.342,0.217,0.0320085514994873,"7","ANKRD37"
1.83891204020767e-06,0.386474896018247,0.475,0.31,0.037969855806208,"7","SPCS3"
2.29211119250628e-06,0.336255571547141,0.494,0.315,0.0473275119028697,"7","SEC11C"
2.86816503809392e-06,0.293449059960807,0.686,0.488,0.0592218717065632,"7","ATP6V1G1"
2.98996038083403e-06,0.466075111969744,0.289,0.179,0.061736701943461,"7","HDAC9"
3.28436197458376e-06,0.259138335182473,0.267,0.162,0.0678155060512054,"7","NUS1"
3.70526748652871e-06,0.283011741573992,0.602,0.416,0.0765063630618449,"7","RPN1"
1.94764390418666e-05,0.355748208598515,0.602,0.428,0.402149513336461,"7","TMEM258"
0.000156251101113002,0.25211203467875,0.351,0.243,1,"7","DNAJC1"
0.000324609581179414,0.260342028727314,0.755,0.619,1,"7","NME2"
0.000460605703594657,0.322609200536213,0.696,0.557,1,"7","CREM"
0.00137319559628197,0.336009165890865,0.28,0.202,1,"7","SRM"
0.00140129018264871,0.27264915746414,0.988,0.959,1,"7","MT-CO2"
0.0017862516910095,0.762697407437074,0.64,0.489,1,"7","PPIB"
0.00323452300625187,0.306561782841162,0.739,0.593,1,"7","GNG7"
0.0064181224064672,0.724113019682117,0.366,0.274,1,"7","MYDGF"
0.00794144287785024,0.28124794608182,0.388,0.279,1,"7","SSR3"
6.46171234339761e-153,3.50093528737293,0.667,0.143,1.33421436466474e-148,"8","MYC"
3.58033089055441e-145,3.33684572493887,0.774,0.218,7.39266722281675e-141,"8","MIR155HG"
2.07948707669126e-106,2.76653066769856,0.545,0.123,4.29372491595211e-102,"8","SEMA7A"
6.50490985917058e-103,2.9759792868955,0.502,0.108,1.34313378772154e-98,"8","PLEK"
1.12606984555402e-99,2.15912207446553,0.918,0.508,2.32510901709995e-95,"8","CCR7"
4.16238700262225e-96,2.92914479533399,0.466,0.098,8.59449668301443e-92,"8","NOP16"
3.89215601306118e-85,2.19133463659384,0.724,0.278,8.03652373576871e-81,"8","IRF4"
4.13643550234018e-84,2.52840130397932,0.491,0.12,8.540912025232e-80,"8","PVT1"
6.77125471912442e-83,2.3140676636752,0.738,0.273,1.39812867440481e-78,"8","BCL2A1"
2.94692129304178e-78,1.16917507168389,1,0.871,6.08480308587267e-74,"8","CD83"
1.27169900612163e-74,2.7032788079053,0.559,0.178,2.62580410783995e-70,"8","FABP5"
1.35213530503791e-74,1.63888052264,0.857,0.437,2.79188897784227e-70,"8","BCL2"
2.01860748607833e-74,2.35649931139516,0.394,0.084,4.16802073725454e-70,"8","MYO1E"
8.99612334738634e-73,2.65584896441746,0.355,0.071,1.85751954876833e-68,"8","SLC9B2"
8.72704289169711e-72,1.89459266104878,0.853,0.48,1.80195981627762e-67,"8","SERPINB9"
6.6377481337312e-71,2.05942079792137,0.828,0.462,1.37056223465282e-66,"8","NFKB1"
1.1749223558648e-68,1.9666614816588,0.774,0.349,2.42597968038964e-64,"8","CD70"
1.97615113852618e-68,1.45589282117222,0.946,0.728,4.08035687082886e-64,"8","SYNGR2"
1.99518804048421e-67,0.923159198696589,1,0.927,4.11966426599179e-63,"8","HSP90AB1"
2.1572363593156e-65,1.27428340623322,0.982,0.704,4.45426163471484e-61,"8","REL"
1.14651264581588e-60,2.65295145957077,0.373,0.091,2.36731931108063e-56,"8","ZBTB32"
3.34554753616782e-60,1.16879040058372,0.961,0.795,6.90788655267931e-56,"8","NCL"
4.01630865117031e-60,2.012551957456,0.749,0.364,8.29287410293646e-56,"8","NFKBID"
5.94954945769086e-60,2.31513451548805,0.556,0.205,1.22846297202401e-55,"8","NOLC1"
3.00829217430464e-59,2.20247705232008,0.527,0.178,6.21152168150422e-55,"8","CD58"
8.08014446749792e-56,2.50736482983422,0.29,0.06,1.66838822964897e-51,"8","ALPL"
6.01301655692412e-55,1.36808387976799,0.817,0.421,1.24156765867369e-50,"8","PIKFYVE"
6.04767434665647e-55,1.3416257043327,0.878,0.631,1.24872379909763e-50,"8","RAN"
1.49179210811172e-53,1.13179201590975,0.943,0.721,3.08025234482908e-49,"8","EIF4A1"
1.13552161308691e-50,2.54124998856927,0.294,0.066,2.34462502670185e-46,"8","STEAP1B"
9.35074775779085e-49,1.33080325931401,0.853,0.538,1.93074239702865e-44,"8","FOXP1"
2.01390154704603e-48,2.26304546306524,0.355,0.097,4.15830391434065e-44,"8","DCTPP1"
8.03929062559515e-47,2.05699487999479,0.487,0.173,1.65995272837289e-42,"8","NR4A3"
1.07649523641773e-46,1.85972830669703,0.534,0.213,2.22274736415533e-42,"8","WDR43"
1.91755458772543e-45,1.07250003773721,0.907,0.669,3.95936671273547e-41,"8","DDX21"
3.01888226882857e-44,2.26832357946662,0.394,0.127,6.23338810867723e-40,"8","SLCO4A1"
6.42474178709168e-44,2.27219754811631,0.294,0.074,1.32658068419869e-39,"8","MRTO4"
1.3911364196348e-43,1.51719590630793,0.728,0.416,2.87241847926193e-39,"8","ENO1"
1.99090567056036e-43,2.38067578541669,0.437,0.159,4.11082202857303e-39,"8","MDFIC"
4.26604788210155e-43,2.77643140140884,0.373,0.124,8.80853566696329e-39,"8","NME1"
4.27797588095595e-43,2.03140507036422,0.373,0.112,8.83316459899784e-39,"8","IL2RA"
1.05835714388625e-42,0.910785784615227,0.964,0.818,2.18529583069633e-38,"8","NPM1"
1.34689390076178e-41,1.22987950920298,0.832,0.59,2.78106652629292e-37,"8","EIF5A"
1.384841043829e-41,1.58482878758619,0.616,0.291,2.85941978729812e-37,"8","ATP1A1"
1.91769623663069e-41,1.43720670149559,0.771,0.497,3.95965918939506e-37,"8","PRDX1"
2.00168144355252e-41,0.872217656463087,0.978,0.883,4.13307184464725e-37,"8","H3F3A"
3.43679328781879e-39,2.33929802989648,0.262,0.064,7.09629078068824e-35,"8","IL6"
1.56266790405118e-38,0.841481302347504,0.946,0.848,3.22659668828487e-34,"8","YBX1"
3.58098696003453e-38,1.74676378509382,0.473,0.187,7.3940218750793e-34,"8","SNX8"
4.70086520135188e-38,0.957281240205712,0.971,0.8,9.70634646775135e-34,"8","CD69"
1.09286974884452e-37,1.65857694476329,0.545,0.242,2.25655745741417e-33,"8","CLECL1"
1.96606779302685e-37,1.13904890322634,0.746,0.416,4.05953677904185e-33,"8","SLC38A1"
2.1896781961721e-37,1.85372694983473,0.459,0.186,4.52124753945614e-33,"8","NHP2"
1.55113771468768e-36,1.50883828335404,0.573,0.277,3.20278915328712e-32,"8","SNHG15"
1.79119538805067e-36,1.75667650064617,0.444,0.176,3.69846023724702e-32,"8","HDAC9"
2.24842174945329e-36,1.07606143313613,0.885,0.682,4.64254122827116e-32,"8","SRGN"
2.72565654133502e-36,1.83250192346148,0.434,0.168,5.62793562654855e-32,"8","MAT2A"
2.75869123894947e-35,0.83765981540649,0.964,0.837,5.69614567018287e-31,"8","HLA-DQA1"
4.79354091641435e-35,1.45284455786086,0.703,0.387,9.89770328421234e-31,"8","DUSP2"
5.71585157405026e-35,0.926299708160662,0.939,0.761,1.1802090330099e-30,"8","CD44"
1.22591903190545e-34,1.3849750495172,0.62,0.324,2.53127761707838e-30,"8","PPP1R14B"
5.74161080250184e-34,1.08893675017758,0.796,0.504,1.18552779850058e-29,"8","CMTM6"
7.27848095451671e-34,1.0898825015039,0.728,0.419,1.50286074748861e-29,"8","RSL1D1"
1.10078835539775e-33,0.582829381626205,0.996,0.943,2.27290779622527e-29,"8","HLA-A"
1.30786163450565e-33,1.34092782312481,0.699,0.421,2.70047270292728e-29,"8","HNRNPAB"
1.61863996338364e-33,1.07788707721866,0.871,0.656,3.34216779639454e-29,"8","FAM107B"
5.36481810314956e-33,1.56533928976523,0.624,0.349,1.10772764193832e-28,"8","BASP1"
1.88299944083177e-32,1.83592071632679,0.444,0.193,3.88801724542944e-28,"8","MAP2K3"
1.91549320151045e-32,1.66391313107747,0.563,0.298,3.95511036247877e-28,"8","SPAG9"
7.8536424172602e-32,1.22653196567005,0.699,0.411,1.62162008631589e-27,"8","RHOG"
1.14851862048716e-31,1.9394004577936,0.29,0.09,2.37146124758189e-27,"8","ANKRD33B"
1.29156894736281e-31,1.46523447121555,0.466,0.197,2.66683156251473e-27,"8","CCT5"
1.74748714770809e-31,1.61071605202866,0.502,0.234,3.60821146258767e-27,"8","DDAH2"
1.98395695916139e-31,0.687278370192821,0.975,0.825,4.09647432927645e-27,"8","PPIA"
7.30527251576903e-31,2.20349379757909,0.262,0.078,1.50839266905599e-26,"8","TRAF1"
8.12100633123029e-31,1.08192875759056,0.692,0.383,1.67682538727243e-26,"8","KDM6B"
3.41903919091779e-30,2.0880841983092,0.28,0.088,7.05963212140705e-26,"8","BZW2"
5.0908741583087e-30,0.715084461977731,0.971,0.862,1.05116369620758e-25,"8","GAPDH"
8.31027139910925e-30,1.16967540717141,0.656,0.379,1.71590483848808e-25,"8","PEA15"
9.03701666589532e-29,1.52892517122894,0.559,0.314,1.86596320117407e-24,"8","CFLAR"
1.89897074754641e-28,0.989141044425745,0.796,0.576,3.92099479953383e-24,"8","ARF6"
2.75974257042338e-28,1.53735716224922,0.48,0.233,5.6983164594102e-24,"8","SNRPD1"
3.87919199770496e-28,1.13213434192233,0.663,0.371,8.00975563686121e-24,"8","RILPL2"
7.3962684870375e-28,1.75741365973816,0.362,0.143,1.5271815172035e-23,"8","PHF6"
1.19365190214702e-27,1.80543120569663,0.297,0.102,2.46465244755316e-23,"8","TSR1"
1.8249543724892e-27,1.84252791106908,0.294,0.1,3.7681657883157e-23,"8","NIP7"
1.11930428276336e-26,1.63433365149036,0.516,0.283,2.31113948304978e-22,"8","TXN"
1.25873848099887e-26,1.1212453045074,0.67,0.425,2.59904321556646e-22,"8","ATP6V1F"
1.3305519068566e-26,1.80874770764294,0.294,0.102,2.7473235772775e-22,"8","NFKBIE"
1.43133043301209e-26,1.27924789208252,0.599,0.348,2.95541107808337e-22,"8","CCT2"
3.42642707418202e-26,1.47019464778131,0.459,0.218,7.07488662277104e-22,"8","SNHG16"
9.61570187374737e-26,1.52775607412132,0.312,0.113,1.98545012289136e-21,"8","PPRC1"
1.72775786686681e-25,0.937082660959973,0.753,0.538,3.5674744435066e-21,"8","SNRPB"
1.75238724392258e-25,1.17399248034266,0.631,0.388,3.61832918125134e-21,"8","EIF5B"
2.49850864392317e-25,1.23980583858157,0.545,0.288,5.15892064797257e-21,"8","TNFRSF13B"
6.10728796105276e-25,0.416118621402807,0.996,0.98,1.26103281819817e-20,"8","HLA-B"
1.46610553584815e-24,1.06084598319155,0.638,0.404,3.02721471041927e-20,"8","PRMT1"
1.49840559974187e-24,1.65805301541569,0.362,0.148,3.09390788234702e-20,"8","TNF"
2.00035920826167e-24,0.939066298772601,0.828,0.643,4.1303416932187e-20,"8","ZFP36L1"
2.54456890526377e-24,0.876242574471655,0.792,0.588,5.25402587558864e-20,"8","ODC1"
3.43064480474701e-24,1.44901083216629,0.423,0.198,7.08359539284162e-20,"8","EIF3B"
4.4120584205084e-24,1.5401034365352,0.448,0.219,9.11001822666574e-20,"8","SNHG25"
6.33796124907857e-24,1.52306922933889,0.305,0.112,1.30866223870974e-19,"8","POLR1C"
6.58463038008509e-24,0.500510972819207,1,0.924,1.35959448087997e-19,"8","HLA-DRB1"
8.02985066281997e-24,1.52138007793644,0.441,0.217,1.65800356485907e-19,"8","IRF2BP2"
8.36567778339284e-24,1.63888213173424,0.348,0.145,1.72734514871495e-19,"8","RIOK1"
2.17188463016527e-23,0.327427324676739,0.996,0.994,4.48450738436526e-19,"8","B2M"
2.62630177594599e-23,1.50932127602492,0.355,0.151,5.42278790697328e-19,"8","PLK3"
3.06268582494916e-23,1.58803113246877,0.362,0.155,6.32383369135503e-19,"8","PUM3"
3.10736934143207e-23,1.53139778959402,0.341,0.138,6.41609621618894e-19,"8","EGR1"
3.52156469542776e-23,0.983798110324811,0.659,0.432,7.27132678311924e-19,"8","ILF2"
5.63197893412963e-23,0.739108410441496,0.896,0.74,1.16289101031909e-18,"8","CLIC1"
1.14459490682802e-22,1.90240420244449,0.28,0.104,2.3633595636185e-18,"8","GBP2"
3.91773988959348e-22,0.893224131168688,0.753,0.566,8.08934932403261e-18,"8","RPL22L1"
5.49300045122874e-22,0.839247301309087,0.817,0.618,1.13419473316971e-17,"8","NME2"
6.301186226667e-22,1.74162063015383,0.326,0.139,1.3010689320822e-17,"8","SLC7A1"
6.67459369609142e-22,1.01383565393467,0.659,0.429,1.37817010636896e-17,"8","SLC3A2"
1.00522436717658e-21,0.824684918593253,0.778,0.533,2.07558727334621e-17,"8","HLA-DQA2"
1.53136444865285e-21,1.04563471374541,0.513,0.276,3.1619613135784e-17,"8","NFKB2"
1.53197893927747e-21,1.89921095520281,0.276,0.107,3.16323011382012e-17,"8","TOMM40"
1.84092783325474e-21,0.737410503686886,0.746,0.482,3.80114779010439e-17,"8","SWAP70"
2.14501230195686e-21,1.30002657920558,0.384,0.174,4.42902140108052e-17,"8","NDUFAF4"
2.37076553253241e-21,1.07347878035878,0.67,0.465,4.89515667157292e-17,"8","SERBP1"
2.67871672456251e-21,1.64663641862906,0.401,0.202,5.53101429287668e-17,"8","ZNF593"
2.9739748010222e-21,0.662104462248489,0.889,0.723,6.14066316915064e-17,"8","SQSTM1"
3.51592993787394e-21,0.399474395105591,0.993,0.954,7.2596921357221e-17,"8","RPL14"
3.75315891772449e-21,1.39561729683029,0.265,0.096,7.74952253331752e-17,"8","DTX3L"
3.77724499349588e-21,0.707903451484108,0.846,0.67,7.79925546257029e-17,"8","SET"
4.70905198777696e-21,1.2576101580038,0.545,0.331,9.72325054436186e-17,"8","PA2G4"
6.25467504335655e-21,1.19846333723798,0.577,0.359,1.29146530295226e-16,"8","FBL"
8.58795270821617e-21,1.24877927113373,0.326,0.132,1.77324047519247e-16,"8","TNFRSF1B"
1.39758464458679e-20,1.47264255815376,0.366,0.171,2.8857327741428e-16,"8","ECE1"
1.4873828543423e-20,1.35156663682015,0.376,0.177,3.07114811764599e-16,"8","ABCE1"
1.65179280719985e-20,1.06518173471571,0.556,0.331,3.41062178830626e-16,"8","VDAC1"
1.73771934572455e-20,2.08127458534706,0.333,0.155,3.58804290505205e-16,"8","VSIR"
2.14293974295641e-20,1.46511156997705,0.52,0.309,4.42474198125639e-16,"8","CD40"
3.12206244736282e-20,1.00403290409934,0.609,0.375,6.44643454131475e-16,"8","RAB8B"
3.94586993284869e-20,1.71456329669422,0.394,0.203,8.14743223734598e-16,"8","SLAMF7"
4.44478358060411e-20,0.913261073102148,0.728,0.525,9.17758913723137e-16,"8","LDHA"
4.65576765957854e-20,1.05954760470969,0.627,0.419,9.61322906349778e-16,"8","PKM"
6.3627214677339e-20,1.9075820945996,0.305,0.134,1.3137747286577e-15,"8","NINJ1"
6.53330138038274e-20,1.01914886233999,0.57,0.355,1.34899606902143e-15,"8","HMGA1"
7.50231818377095e-20,1.43734568454457,0.384,0.189,1.54907865858503e-15,"8","RANBP1"
8.72672806722442e-20,1.04981804461493,0.638,0.393,1.8018948113205e-15,"8","PRNP"
9.31284458676605e-20,1.12641866692165,0.556,0.336,1.92291615027545e-15,"8","MARCKS"
1.04746896660852e-19,1.02767893983456,0.667,0.448,2.16281392225328e-15,"8","NR4A1"
1.14949286455046e-19,1.36781941540694,0.52,0.296,2.37347286672379e-15,"8","NIN"
1.25240268464956e-19,0.776460287374798,0.803,0.624,2.58596106326441e-15,"8","FNBP1"
1.505294617003e-19,1.35711620363479,0.387,0.193,3.10813232518779e-15,"8","C1QBP"
1.8241002423252e-19,0.669719233318148,0.875,0.68,3.76640218035306e-15,"8","TPI1"
4.47601485995528e-19,1.09404473096464,0.43,0.22,9.24207548283565e-15,"8","TASOR2"
5.49313997634355e-19,1.40555544376248,0.473,0.276,1.13422354231542e-14,"8","TUBA1C"
6.02892000325211e-19,1.19407112472217,0.444,0.232,1.2448514022715e-14,"8","RASSF5"
7.88836429063498e-19,1.03101217789202,0.52,0.299,1.62878945873031e-14,"8","DDX39A"
7.97286191163718e-19,1.13139218371603,0.495,0.281,1.64623652751485e-14,"8","KLF10"
8.72876033746098e-19,1.18173851546952,0.552,0.325,1.80231443447894e-14,"8","SPIB"
9.07629695455106e-19,1.42663774201265,0.319,0.142,1.8740737951757e-14,"8","NIFK"
9.94182477640911e-19,1.08543418322263,0.552,0.341,2.05278797983295e-14,"8","CYSTM1"
1.3946479720747e-18,1.18151170759137,0.376,0.181,2.87966913273984e-14,"8","SLC20A1"
1.54536925369365e-18,1.30697856021324,0.355,0.166,3.19087843502664e-14,"8","GTPBP4"
2.92539477804952e-18,1.58807976312534,0.287,0.122,6.04035513771665e-14,"8","NOB1"
3.68123628999431e-18,0.660573467810629,0.853,0.656,7.60101669158026e-14,"8","HNRNPA3"
3.92844611017782e-18,0.529335095969925,0.946,0.823,8.11145552829517e-14,"8","HNRNPA1"
4.09469291312319e-18,1.44237291510018,0.423,0.24,8.45472192701676e-14,"8","PPA1"
4.8796401636763e-18,0.662537908989167,0.806,0.638,1.00754810099588e-13,"8","GPX4"
4.89052939863864e-18,1.6922406597141,0.362,0.184,1.00979651023091e-13,"8","SIAH2"
5.79702224383066e-18,1.40496627909755,0.301,0.13,1.19696915290615e-13,"8","PNO1"
6.96051429536919e-18,1.60754260158333,0.369,0.186,1.43720699170783e-13,"8","TNFAIP3"
7.25217220317421e-18,1.07865302549777,0.487,0.279,1.49742851651141e-13,"8","AMD1"
8.13626338234053e-18,1.28976270562199,0.473,0.277,1.67997566318567e-13,"8","PIM3"
1.18006114742818e-17,1.39045111415614,0.333,0.157,2.43659025720971e-13,"8","YRDC"
1.48005863879918e-17,0.945817644192573,0.67,0.478,3.05602507739254e-13,"8","CTSZ"
1.78333265472465e-17,1.243769347162,0.444,0.248,3.68222526547545e-13,"8","EIF6"
2.30491988375364e-17,1.95172460090552,0.287,0.129,4.75919857597452e-13,"8","CCND2"
2.70279501439804e-17,1.15103200484388,0.548,0.349,5.58073114572907e-13,"8","RNF19A"
2.98624686375523e-17,1.17692020783189,0.462,0.265,6.1660025242818e-13,"8","SYNCRIP"
3.87334087919984e-17,1.2616417405359,0.423,0.231,7.99767424737184e-13,"8","CDC42EP3"
3.90267392555837e-17,1.01422188549674,0.577,0.37,8.05824112149293e-13,"8","TLN1"
5.20261962110185e-17,1.77711916850773,0.297,0.139,1.07423689936511e-12,"8","SLC1A5"
7.2989103344269e-17,1.30827154777679,0.337,0.162,1.50707900585247e-12,"8","GRPEL1"
8.16125136701428e-17,0.803295900465233,0.634,0.398,1.68513518226111e-12,"8","MAPRE2"
8.57120779856969e-17,0.757017198482915,0.588,0.357,1.76978298624867e-12,"8","PARP14"
1.26100588649656e-16,1.13042375344063,0.387,0.194,2.60372495443809e-12,"8","PEAK1"
1.34533620056899e-16,0.769029328721101,0.663,0.453,2.77785018693486e-12,"8","PSMA7"
1.6558171423858e-16,0.591342243451038,0.921,0.799,3.4189312355982e-12,"8","NFKBIA"
1.70714504873591e-16,0.820806027911952,0.491,0.287,3.52491309662991e-12,"8","HIVEP2"
1.96602347159646e-16,1.32184699329574,0.348,0.172,4.05944526415236e-12,"8","RGS10"
2.09397159498776e-16,0.755762012758859,0.677,0.471,4.32363254933073e-12,"8","HNRNPF"
2.12248621658121e-16,0.591199330021545,0.828,0.662,4.38250953999688e-12,"8","SFPQ"
3.2345724711027e-16,0.901606254235865,0.581,0.385,6.67874523833286e-12,"8","GSPT1"
5.37252745003074e-16,1.02235673482473,0.344,0.164,1.10931946788235e-11,"8","FAM210A"
5.83349074552478e-16,0.531728757561342,0.878,0.698,1.20449916913596e-11,"8","ZFAS1"
6.13572536580721e-16,0.918007438630119,0.423,0.222,1.26690457353187e-11,"8","NFATC1"
8.06048751461196e-16,1.13543910536327,0.441,0.25,1.66432946201708e-11,"8","CD82"
8.54744128449081e-16,0.949613496028019,0.527,0.336,1.76487567642166e-11,"8","SPEN"
8.60385573775044e-16,1.02781784141702,0.459,0.263,1.77652413273071e-11,"8","TRAF4"
9.72075301490709e-16,1.16676011835874,0.398,0.212,2.00714108251802e-11,"8","RUNX3"
1.7818071578607e-15,0.43313616645917,0.921,0.812,3.67907541955077e-11,"8","HSPA8"
1.78959106922032e-15,0.998363667953094,0.466,0.258,3.69514763972612e-11,"8","TGIF1"
2.36169627692628e-15,1.10780507603827,0.358,0.182,4.87643047259738e-11,"8","FKBP4"
2.6725456282206e-15,0.597307211284332,0.878,0.754,5.51827221314989e-11,"8","EMP3"
2.71342750327921e-15,1.28019333932887,0.398,0.218,5.60268510877092e-11,"8","RHOF"
2.81052813264036e-15,1.00499023257612,0.455,0.265,5.80317848827581e-11,"8","TOMM22"
3.18871966081533e-15,0.478517202449676,0.903,0.788,6.5840683556515e-11,"8","BTF3"
5.07578840328993e-15,0.711222260066861,0.627,0.442,1.0480487895113e-10,"8","GLS"
7.00427746267838e-15,0.352301239727203,0.989,0.939,1.44624321049383e-10,"8","RPL3"
7.7481210235441e-15,1.09418407784584,0.57,0.391,1.59983202894139e-10,"8","GADD45B"
7.95855024017247e-15,1.12555758128523,0.301,0.141,1.64328145359081e-10,"8","LPCAT1"
8.42283570286509e-15,0.919008900247678,0.502,0.311,1.73914711592758e-10,"8","CCT6A"
1.03573062575739e-14,0.724724402983099,0.76,0.583,2.13857659606386e-10,"8","MAP3K8"
1.34937409705531e-14,1.38493733197699,0.269,0.122,2.78618763559981e-10,"8","SIT1"
1.4544293738228e-14,0.4568751437171,0.946,0.843,3.00310577106933e-10,"8","HNRNPDL"
1.74350966821188e-14,1.29975246660123,0.38,0.213,3.5999987629239e-10,"8","MAPKAPK2"
2.07483047571459e-14,1.21758449862914,0.373,0.206,4.28410996625548e-10,"8","NOP56"
2.51783275969992e-14,0.550797299697942,0.724,0.54,5.1988210822284e-10,"8","HSPD1"
3.45394824390344e-14,0.91688587516085,0.362,0.182,7.13171233401182e-10,"8","CD72"
3.48334778597496e-14,0.856730520933697,0.516,0.312,7.19241650848109e-10,"8","LDLRAD4"
3.58469343499679e-14,0.317759514885589,1,0.988,7.40167500458138e-10,"8","EEF1A1"
3.59482834740883e-14,0.357428377448683,0.975,0.919,7.42260157172975e-10,"8","EEF1B2"
4.69437214730546e-14,0.853993379257871,0.52,0.327,9.6929396097563e-10,"8","SSB"
5.25694397921685e-14,0.969677509197087,0.509,0.329,1.08545379282869e-09,"8","IKZF3"
7.11043733311219e-14,0.790696677701545,0.631,0.446,1.46816310054101e-09,"8","PELI1"
9.31573383467866e-14,1.2551836881822,0.38,0.216,1.92351272218445e-09,"8","PTPN6"
1.03226739732848e-13,1.36721361214022,0.373,0.213,2.13142572200384e-09,"8","ALCAM"
1.20674464561593e-13,1.2402586294805,0.272,0.127,2.49168634426778e-09,"8","OTUD4"
1.29075856114591e-13,0.368587704184497,0.978,0.919,2.66515827705407e-09,"8","KLF6"
1.29582885343332e-13,0.754142093746794,0.602,0.408,2.67562741656912e-09,"8","SDCBP"
1.35502452932827e-13,1.18405733786582,0.401,0.238,2.79785464815701e-09,"8","GNL3"
1.62200038793545e-13,0.529251163505628,0.817,0.661,3.34910640100911e-09,"8","SLC25A5"
1.98147519392339e-13,1.05124933772261,0.452,0.29,4.09134998041302e-09,"8","ST8SIA4"
2.29898743782413e-13,0.986916818256366,0.505,0.339,4.74694926161927e-09,"8","LPXN"
3.31055703027782e-13,0.322901762576651,0.996,0.955,6.83563815611763e-09,"8","RPS18"
3.35399628861727e-13,0.976112282544132,0.434,0.259,6.92533153673695e-09,"8","CCT3"
3.75240841435498e-13,0.689812665717795,0.724,0.553,7.74797289396016e-09,"8","UBALD2"
4.06785998956503e-13,0.43258449766992,0.968,0.842,8.39931730645388e-09,"8","HLA-DRB5"
4.54252231616531e-13,1.21389462046795,0.276,0.133,9.37940007841813e-09,"8","WDR36"
5.5774837903639e-13,0.365781348279935,0.961,0.88,1.15163885303434e-08,"8","HNRNPA2B1"
6.12645090468529e-13,1.19765791366764,0.312,0.161,1.26498958279942e-08,"8","RRP7A"
6.36469356179257e-13,0.989248730661731,0.315,0.159,1.31418192663893e-08,"8","KBTBD8"
7.58426442847407e-13,0.82112672859775,0.527,0.356,1.56599891919132e-08,"8","RBM17"
9.19389783377701e-13,0.620107127597373,0.806,0.71,1.89835602471828e-08,"8","ATP6V0C"
1.12050749101983e-12,1.12191251346597,0.387,0.227,2.31362386745774e-08,"8","PARVB"
1.24611828850611e-12,1.1017218735577,0.33,0.175,2.57298504210742e-08,"8","NSMAF"
1.33379408984142e-12,0.589240213292991,0.796,0.644,2.75401803670457e-08,"8","SNRPD2"
1.47597374338178e-12,1.30890978184434,0.305,0.16,3.04759058533469e-08,"8","IPO5"
1.53864602002862e-12,1.15040966866647,0.358,0.198,3.17699630215509e-08,"8","ACP5"
1.68367633434503e-12,0.520513362221433,0.803,0.671,3.47645489515561e-08,"8","HNRNPK"
1.91697286058835e-12,1.54002512530443,0.269,0.136,3.95816556254283e-08,"8","BID"
1.92638190948227e-12,0.779991917786983,0.416,0.238,3.977593366699e-08,"8","RARA"
2.32455302503466e-12,0.685510266274514,0.398,0.223,4.79973708609157e-08,"8","INPP5F"
2.48913898300406e-12,0.933923005596661,0.419,0.254,5.13957417210679e-08,"8","G3BP1"
2.64932871945459e-12,0.580592159954295,0.735,0.57,5.47033393992984e-08,"8","IL2RG"
2.9667226962589e-12,1.26389823542321,0.254,0.118,6.12568902323538e-08,"8","RRP15"
3.17942439626221e-12,1.24941645746156,0.287,0.145,6.56487549340221e-08,"8","SMS"
3.22770946301405e-12,0.864858103691174,0.53,0.374,6.66457449923141e-08,"8","PRELID1"
3.8877535391711e-12,0.958792158540827,0.466,0.302,8.02743350768049e-08,"8","USP12"
4.10205533025872e-12,1.17654141046168,0.401,0.247,8.46992384591821e-08,"8","EFHD2"
4.14359906366450e-12,0.440447187595173,0.832,0.688,8.55570334665447e-08,"8","CHCHD2"
4.21279738607615e-12,1.21853265976279,0.272,0.135,8.69858404277003e-08,"8","SNHG17"
4.72625788853324e-12,0.792069190149631,0.47,0.283,9.75877728824343e-08,"8","TNFSF9"
5.10984009319298e-12,0.961588550647375,0.541,0.378,1.05507978244249e-07,"8","LGALS1"
5.89907721796033e-12,0.684974763023389,0.695,0.533,1.21804146396445e-07,"8","LITAF"
6.17607926701497e-12,0.571815290386334,0.599,0.407,1.27523684705325e-07,"8","BAZ1A"
6.91345547083484e-12,0.95857297337731,0.319,0.168,1.42749028561798e-07,"8","TFAM"
7.2107805410924e-12,0.779736016141582,0.498,0.322,1.48888196612476e-07,"8","SINHCAF"
8.05216736232428e-12,0.309304016032664,0.982,0.925,1.66261151697272e-07,"8","RPL23A"
8.09719652335204e-12,0.439096705503242,0.95,0.81,1.67190913814173e-07,"8","HLA-DQB1"
8.18936776793883e-12,0.614891830013623,0.656,0.479,1.69094065672401e-07,"8","SAMSN1"
8.72350431006357e-12,1.10970017327278,0.283,0.142,1.80122916994193e-07,"8","BRIX1"
9.89413248380538e-12,1.0419105141335,0.351,0.2,2.04294047525613e-07,"8","BCCIP"
9.98751489698744e-12,0.804444743263251,0.527,0.366,2.06222207592997e-07,"8","TOMM5"
1.04782604926521e-11,0.477695536945161,0.728,0.538,2.1635512265228e-07,"8","SRSF10"
1.07712612927785e-11,0.609384917361858,0.674,0.521,2.2240500317329e-07,"8","PLP2"
1.16686544445097e-11,0.325658185312208,0.982,0.928,2.40934376970236e-07,"8","RPL9"
1.23247461924677e-11,0.964568873854061,0.53,0.351,2.54481359382073e-07,"8","ID3"
1.28197971308423e-11,0.822126364172419,0.333,0.177,2.64703171157632e-07,"8","CCSER1"
1.29601293948777e-11,1.20525571757863,0.276,0.142,2.67600751745436e-07,"8","LARP1"
1.43458838747205e-11,0.687451506968651,0.559,0.398,2.96213810245229e-07,"8","NOP10"
1.55794301438017e-11,0.461746931347194,0.717,0.551,3.21684073609218e-07,"8","ADGRE5"
2.05890766602569e-11,0.791231079882343,0.466,0.298,4.25123254880984e-07,"8","ABCF1"
2.10561552670842e-11,1.11350221978688,0.254,0.122,4.34767493954754e-07,"8","ST3GAL1"
2.13957631795437e-11,0.801139470864549,0.552,0.405,4.41779718131218e-07,"8","EIF1AX"
3.36819930436354e-11,0.940486985945669,0.487,0.342,6.95465792364983e-07,"8","PSME2"
3.6609186791071e-11,0.724515738370498,0.502,0.335,7.55906488862034e-07,"8","HNRNPR"
4.37748006619725e-11,1.24200853354105,0.333,0.202,9.03862084068408e-07,"8","SRM"
4.72902885838433e-11,0.7734055579128,0.498,0.33,9.76449878679197e-07,"8","SMG1"
4.8631414560221e-11,1.15147735404487,0.333,0.193,1.00414144783944e-06,"8","CHMP4B"
5.47952250352854e-11,0.67420542387129,0.423,0.256,1.13141180652857e-06,"8","JAZF1"
8.74194135431577e-11,0.29424793269606,0.961,0.912,1.80503605083912e-06,"8","RPL35"
9.14665478216582e-11,1.05118184495356,0.294,0.157,1.8886012794216e-06,"8","DSE"
9.82128513257882e-11,1.08503765304938,0.434,0.283,2.02789895417487e-06,"8","GLA"
1.4133558869931e-10,0.508426727622099,0.792,0.624,2.91829723546336e-06,"8","CD48"
1.46199091737763e-10,0.975742452007385,0.326,0.185,3.01871884620134e-06,"8","SNRPE"
1.63796555771412e-10,0.516815399463478,0.724,0.562,3.38207128356812e-06,"8","HNRNPC"
1.64635540122292e-10,0.724273020394344,0.534,0.365,3.39939463244508e-06,"8","PMAIP1"
1.94947673840434e-10,0.660761623389282,0.57,0.422,4.02527956945728e-06,"8","HSPA9"
2.43896742887038e-10,0.639234806804204,0.616,0.457,5.03597994713156e-06,"8","ALDOA"
4.72056381833333e-10,0.929153550608032,0.265,0.137,9.74702017209467e-06,"8","ACSL1"
4.83191382500082e-10,0.384664280220166,0.853,0.699,9.9769356658617e-06,"8","STK4"
4.87330675829481e-10,0.495105266860488,0.717,0.541,1.00624037945271e-05,"8","SNX9"
5.70009270404447e-10,0.525818789768449,0.685,0.528,1.1769551415311e-05,"8","TOMM20"
6.47335815143578e-10,0.577784890922284,0.595,0.437,1.33661899110846e-05,"8","EMD"
6.50017841679261e-10,0.326228191209959,0.932,0.839,1.34215683949934e-05,"8","PPP1R15A"
6.68584350246151e-10,0.728039108373215,0.566,0.429,1.38049296638825e-05,"8","NOP58"
1.04423756817995e-09,0.830012744825783,0.326,0.187,2.15614173077797e-05,"8","CAPRIN1"
1.06042930639754e-09,0.499201822027687,0.803,0.716,2.18957443184963e-05,"8","TAGAP"
1.17988930718473e-09,0.821759722038319,0.43,0.287,2.43623544147503e-05,"8","NAMPT"
1.19066581056679e-09,0.276358750808054,0.971,0.923,2.45848676565832e-05,"8","RPS16"
1.22080766013504e-09,0.432455764515638,0.796,0.673,2.52072365664682e-05,"8","CALM2"
1.26205277733341e-09,0.648672079912834,0.541,0.39,2.60588657463802e-05,"8","SRSF2"
1.36560184637144e-09,1.19479246338303,0.308,0.186,2.81969469238776e-05,"8","MTHFD2"
1.37398610589778e-09,0.883268270120271,0.262,0.136,2.83700651145774e-05,"8","SMAD3"
1.44388086518182e-09,0.324654628412277,0.996,0.94,2.98132521042742e-05,"8","H3F3B"
1.45294495516828e-09,0.797146712931659,0.441,0.301,3.00004074343146e-05,"8","ETF1"
1.53354324102829e-09,0.43807303623981,0.706,0.564,3.16646008407522e-05,"8","BZW1"
1.76404362188325e-09,0.929876536289215,0.373,0.236,3.64239727046454e-05,"8","CCDC107"
1.83845913340434e-09,0.93213983519979,0.276,0.15,3.79605041865327e-05,"8","DIMT1"
1.84716743971456e-09,0.828039733467315,0.43,0.283,3.81403132952262e-05,"8","STK24"
1.89031936172514e-09,0.32383413499748,0.935,0.883,3.90313141809008e-05,"8","EEF2"
2.00354090784028e-09,0.256310541421178,0.978,0.919,4.13691126650861e-05,"8","NACA"
2.00563302239134e-09,0.988492418571458,0.251,0.132,4.14123106463363e-05,"8","MCMBP"
2.01595237860812e-09,0.377704280598308,0.76,0.602,4.16253847135005e-05,"8","EIF4G2"
2.10215229343508e-09,0.617489121772747,0.563,0.417,4.34052405548476e-05,"8","NFE2L2"
2.12399685819662e-09,0.291658396294848,0.943,0.857,4.38562871280439e-05,"8","RPL27"
2.53914813217033e-09,0.511647724590181,0.566,0.389,5.24283306330529e-05,"8","ARHGAP24"
2.65551268549679e-09,0.538668354904727,0.616,0.476,5.48310259301378e-05,"8","CSNK2B"
3.30781445140059e-09,0.792229646846147,0.452,0.303,6.82997527925193e-05,"8","SGK1"
3.80788875942936e-09,1.07977947711005,0.333,0.207,7.86252871046973e-05,"8","MRPL14"
4.3395743955491e-09,0.535989428304752,0.946,0.842,8.96035321192978e-05,"8","SAT1"
4.45893173730672e-09,1.12658511845294,0.437,0.318,9.20680225119092e-05,"8","NFKBIZ"
4.69818412024165e-09,0.692529733355482,0.47,0.316,9.70081057147496e-05,"8","UGCG"
5.28947072608205e-09,0.997531908865122,0.297,0.172,0.000109216991552142,"8","DUSP4"
5.45020374490687e-09,0.54216719864886,0.595,0.439,0.000112535806924837,"8","DNTTIP2"
6.27820255192573e-09,0.606570940782421,0.566,0.435,0.000129632326292163,"8","PCGF5"
6.63070637149941e-09,0.581386933115172,0.534,0.391,0.00013691082515872,"8","ILF3"
7.53048093443932e-09,0.860383798048778,0.33,0.198,0.000155489370334303,"8","ZBTB10"
9.89489931811902e-09,0.404166679834207,0.971,0.899,0.000204309881120522,"8","TMSB4X"
1.07355330587967e-08,0.9717323797183,0.323,0.195,0.000221667286598034,"8","DNAJC2"
1.08406871317844e-08,0.33329852747527,0.864,0.752,0.000223838507897085,"8","MIF"
1.41706718246836e-08,0.504269212509739,0.649,0.505,0.000292596031836067,"8","XRCC6"
1.64518371079838e-08,0.701485650319725,0.33,0.197,0.000339697532605649,"8","TRMT10C"
1.6499168729768e-08,1.26274216118653,0.312,0.201,0.000340674835932249,"8","PRCP"
1.71289384903378e-08,1.30127139671322,0.29,0.18,0.000353678321948494,"8","KLHL6"
1.71987648956588e-08,0.884102680559327,0.427,0.297,0.000355120097565564,"8","CCDC50"
1.74514234097412e-08,0.813530856701356,0.366,0.237,0.000360336990564336,"8","EIF3J"
1.87640939266306e-08,0.267200210450082,0.993,0.961,0.000387441011397068,"8","RPS23"
1.96676694632578e-08,0.697479220388968,0.477,0.349,0.000406098039077347,"8","PGAM1"
2.0269809202616e-08,0.677359902031402,0.308,0.182,0.000418531020415614,"8","JARID2"
2.34921764741912e-08,0.662946513829825,0.609,0.471,0.0004850664598391,"8","BIRC3"
2.38738536600873e-08,0.365821783391149,0.789,0.657,0.000492947330373483,"8","SRSF7"
2.43327237359134e-08,0.254364283089825,0.978,0.935,0.00050242207969914,"8","RPL5"
2.50988410898775e-08,1.10179298234432,0.305,0.193,0.000518240870823791,"8","NDUFAB1"
2.59838863697008e-08,0.714208830550615,0.369,0.232,0.000536515285761583,"8","HVCN1"
2.71088531275649e-08,0.456913292055756,0.659,0.523,0.00055974359937796,"8","KTN1"
2.84046953670653e-08,0.325644814376806,0.871,0.779,0.000586500149939164,"8","CFL1"
3.36411233394773e-08,0.64884273244131,0.437,0.301,0.000694621914713527,"8","FBXW11"
3.59092850697653e-08,0.559634369573765,0.566,0.413,0.000741454918120515,"8","RBMX"
3.98016723335756e-08,0.571601804074974,0.502,0.371,0.000821824930343668,"8","CDK14"
4.15869989170603e-08,0.734282478008876,0.369,0.238,0.000858688353639461,"8","SNRPF"
4.27256099615646e-08,0.395638955785136,0.746,0.635,0.000882198394486385,"8","MCL1"
4.31317372252965e-08,0.386784919507765,0.792,0.664,0.000890584110227922,"8","CDC42"
4.88880731585214e-08,0.818465896996681,0.405,0.288,0.00100944093457715,"8","TOR3A"
5.05728666222808e-08,0.755627224359481,0.333,0.208,0.00104422855001685,"8","MRPS7"
5.06267357305186e-08,0.253326035984966,0.989,0.956,0.00104534083936375,"8","RPS3"
6.61561115194538e-08,1.18957982518125,0.258,0.152,0.00136599139065368,"8","IMP4"
6.90933754356279e-08,0.707542615860815,0.491,0.356,0.00142664001599485,"8","GNG2"
7.99049379782641e-08,0.529359977796406,0.466,0.309,0.0016498771593752,"8","IRF8"
8.03177034543723e-08,0.689570348604501,0.427,0.289,0.00165839994092588,"8","NAA50"
8.24606688924286e-08,0.28251922454104,0.928,0.85,0.00170264789129087,"8","RPL27A"
8.61982341706481e-08,0.321450687748219,0.849,0.735,0.00177982113915554,"8","HINT1"
9.01063022329206e-08,0.274749617455817,0.946,0.866,0.00186051492850535,"8","RPL4"
9.56484288698071e-08,0.270677387877146,0.993,0.918,0.00197494875930378,"8","RPSA"
1.01509638557967e-07,0.787683705866011,0.362,0.239,0.00209597101694491,"8","TCERG1"
1.02429430392746e-07,0.356243965179112,0.821,0.676,0.00211496287874941,"8","SUMO2"
1.27214147429812e-07,0.56958721620732,0.523,0.389,0.00262671771613075,"8","RAB7A"
1.29404773650744e-07,0.820941423355304,0.28,0.166,0.00267194976634057,"8","RBBP8"
1.37838101683334e-07,0.983573685738086,0.251,0.145,0.00284608112355747,"8","RPL7L1"
1.44998734734088e-07,0.783665018272502,0.369,0.246,0.00299393387478946,"8","USP10"
1.52064539404886e-07,0.546691573799158,0.527,0.407,0.00313982860963208,"8","ZNF706"
1.59264389498813e-07,0.624274026849339,0.305,0.183,0.00328849111437148,"8","ZNFX1"
1.5952311732686e-07,0.63914670272144,0.265,0.151,0.003293833326565,"8","SLC23A2"
1.61793784424204e-07,0.683000129584861,0.391,0.265,0.00334071806079096,"8","PHACTR1"
1.64265032348457e-07,0.477585691354859,0.642,0.524,0.00339174438793095,"8","ARL6IP1"
1.65330007444657e-07,0.716716715511647,0.28,0.166,0.00341373399371728,"8","SLC25A33"
1.77951994684773e-07,0.790498223179018,0.337,0.212,0.00367435278625119,"8","PRKX"
1.99203591022974e-07,0.413629333113066,0.667,0.517,0.00411315574744236,"8","UBXN1"
1.99491892015962e-07,0.442488296526742,0.674,0.536,0.00411910858634559,"8","NAP1L1"
2.34770264932478e-07,0.538831794834382,0.376,0.244,0.0048475364303258,"8","INPP5A"
2.40872216192395e-07,0.6898893313681,0.315,0.197,0.00497352951994057,"8","SLC25A32"
2.43532478515029e-07,1.07862268872882,0.283,0.175,0.00502845861637831,"8","RALGDS"
2.80801721599631e-07,0.256984488022504,1,0.929,0.00579799394758919,"8","HLA-DRA"
2.84916085495912e-07,0.253016404980701,0.943,0.872,0.0058829473333196,"8","RPL7"
2.89567949412576e-07,0.575275248880652,0.384,0.258,0.00597899901947087,"8","RAB10"
2.94790903329405e-07,0.778306651202625,0.326,0.209,0.00608684257194555,"8","PUF60"
3.32083813900895e-07,0.352787903617532,0.638,0.51,0.00685686658942569,"8","HSPE1"
3.52027777764236e-07,0.809380345176261,0.323,0.213,0.00726866955527594,"8","EIF4G1"
3.54571893819975e-07,0.485301186220015,0.53,0.399,0.00732120046359484,"8","CEBPZ"
3.59026789418637e-07,0.714797005460995,0.427,0.306,0.00741318514791601,"8","NIPA2"
3.75527318938609e-07,0.775086504871167,0.283,0.172,0.0077538880814444,"8","TP53BP2"
3.83924591200558e-07,0.689565093150544,0.351,0.235,0.00792727495910912,"8","CKS2"
3.85000186156166e-07,0.7248281411261,0.652,0.541,0.00794948384375252,"8","IFI30"
4.15422714768549e-07,0.400678920526468,0.731,0.642,0.00857764821454101,"8","UBE2D3"
4.24350077765016e-07,0.565187609379435,0.459,0.334,0.00876198040569205,"8","NXT1"
4.65285943511477e-07,0.47827142718964,0.455,0.324,0.00960722416162498,"8","SMC5"
6.0607773578367e-07,0.539648265932592,0.434,0.309,0.0125142930884612,"8","CAMTA1"
6.50571411065588e-07,0.71534206390579,0.427,0.316,0.0134329984956823,"8","ALYREF"
6.5806022929214e-07,0.944532600169715,0.287,0.184,0.0135876276144241,"8","SRPK1"
6.81735757359711e-07,0.507525547988793,0.502,0.384,0.0140764799179633,"8","RELB"
7.07122069719307e-07,0.483490613342373,0.634,0.543,0.0146006564955643,"8","CDV3"
7.93526244591106e-07,0.455814042889165,0.627,0.524,0.0163847298983172,"8","FAM49A"
8.82083769986499e-07,0.364777659085326,0.695,0.565,0.0182132656826812,"8","TUBB4B"
9.38093950598858e-07,0.358612728635908,0.771,0.657,0.0193697638919652,"8","PTPN1"
9.4862075032668e-07,0.368551850169022,0.796,0.687,0.0195871212527453,"8","RPS17"
1.1203320244156e-06,0.724867562018487,0.33,0.218,0.0231326156401334,"8","SNX5"
1.33307499010808e-06,0.278128001270653,0.591,0.431,0.0275253323957517,"8","PLEKHG1"
1.33960023771091e-06,0.430288552580473,0.796,0.652,0.0276600657082548,"8","NR4A2"
1.47412867303351e-06,0.484076078175491,0.484,0.366,0.030437808840796,"8","DHX9"
1.47592940648774e-06,0.378503785948226,0.513,0.378,0.0304749903851588,"8","ATP1B3"
1.66127962895642e-06,0.566896480789264,0.509,0.408,0.0343021017786921,"8","ARHGDIA"
1.66160865369311e-06,0.264332994415706,0.735,0.585,0.0343088954814552,"8","BACH2"
1.68587439611597e-06,0.369632308846002,0.659,0.533,0.0348099345310025,"8","EIF3E"
1.6973755058547e-06,0.429573897427836,0.552,0.435,0.0350474094448879,"8","GDI2"
1.70964128272509e-06,0.752481853072409,0.254,0.152,0.0353006732057078,"8","EXOSC6"
1.73555777876867e-06,0.511283208699964,0.391,0.27,0.0358357970160154,"8","UBA2"
1.84663830873562e-06,0.483999765284841,0.534,0.42,0.038129387798773,"8","RSL24D1"
1.97393950829978e-06,0.531049766838858,0.534,0.433,0.0407579029673739,"8","COX7B"
2.18057824218773e-06,0.587984401610965,0.333,0.222,0.0450245795446923,"8","NFKBIB"
2.26760013518726e-06,0.37790167638914,0.577,0.449,0.0468214075913465,"8","HNRNPD"
2.3408948333762e-06,0.408673136329899,0.602,0.472,0.0483347965195519,"8","PAK2"
2.56070967294735e-06,0.541456991844564,0.577,0.475,0.052873533327017,"8","IFITM2"
2.6015986417172e-06,0.303359238549771,0.821,0.73,0.0537178087541768,"8","CCNI"
2.62502190253971e-06,0.818093961039588,0.297,0.195,0.05420145224364,"8","IFNGR1"
2.65309394437184e-06,0.354074190533637,0.444,0.325,0.0547810837633898,"8","IER5"
2.68960175235303e-06,0.787929644176189,0.265,0.166,0.0555348969825853,"8","TFRC"
2.70485695513674e-06,0.330228458480862,0.606,0.444,0.0558498864096635,"8","DEK"
3.42189416725467e-06,0.620625821914769,0.434,0.327,0.0706552707654744,"8","ENY2"
3.61317124372333e-06,0.828882926176278,0.258,0.162,0.0746047598403992,"8","SPTBN1"
3.98209286919367e-06,0.666529141013149,0.258,0.159,0.0822222535631109,"8","MEAF6"
4.12698861217896e-06,0.276186948392383,0.756,0.647,0.0852140608642712,"8","ARPC2"
4.13803424749588e-06,0.545006321369129,0.419,0.3,0.0854421311422949,"8","PPP4C"
4.82540331546106e-06,0.354272979365527,0.566,0.446,0.0996349276576399,"8","CDC37"
4.88684204065254e-06,0.363357174843722,0.509,0.371,0.100903514455394,"8","MARCKSL1"
4.96094896742549e-06,0.390723159014736,0.652,0.555,0.102433674279401,"8","CYCS"
5.01283897266869e-06,0.565042430988587,0.344,0.228,0.103505099107663,"8","CD24"
5.42686659255579e-06,0.470230050597628,0.434,0.315,0.112053941403092,"8","COPS2"
6.00453617505023e-06,0.625893054300872,0.262,0.163,0.123981662942437,"8","NFATC2"
6.04550418184725e-06,0.78511682455893,0.358,0.26,0.124827570346782,"8","FUNDC2"
6.17732425915984e-06,0.639056717695586,0.427,0.33,0.127549391303132,"8","IFNGR2"
7.11576352579573e-06,0.537783784300945,0.552,0.451,0.14692628528063,"8","CD47"
7.54221950213025e-06,0.488453295574447,0.409,0.291,0.155731748279985,"8","EIF3D"
7.73327897637506e-06,0.445066781783823,0.559,0.45,0.159676744304192,"8","GNA13"
8.12332253501547e-06,0.785092398233936,0.251,0.154,0.167730363702999,"8","MAML2"
8.21212007965329e-06,0.379046677660758,0.384,0.263,0.169563855404681,"8","IVNS1ABP"
8.64887038490102e-06,0.548023819415145,0.38,0.269,0.178581875707436,"8","VASP"
9.27070786636505e-06,0.384550451780746,0.606,0.489,0.191421576024706,"8","PAPOLA"
9.28334329350966e-06,0.772942852446918,0.376,0.282,0.191682472324388,"8","PPM1G"
9.72160108964162e-06,0.670338749576907,0.262,0.168,0.20073161929892,"8","PPTC7"
9.88361491324079e-06,0.556201142307357,0.487,0.388,0.204076880728596,"8","NOL7"
1.02874125856152e-05,0.492063821114545,0.581,0.483,0.212414495067783,"8","POLR2L"
1.05257028392726e-05,0.622009108020504,0.319,0.218,0.217334712225301,"8","TAB2"
1.05567034630963e-05,0.281117852885971,0.885,0.804,0.217974813106012,"8","RHOA"
1.0978994428475e-05,0.398217832265738,0.563,0.448,0.226694276959153,"8","GNB1"
1.11977147474042e-05,0.971904188222134,0.351,0.268,0.231210414104402,"8","ANXA2"
1.30232382183244e-05,0.79578028364568,0.272,0.182,0.268903822731963,"8","YWHAG"
1.43675807621751e-05,0.488242706137721,0.394,0.287,0.296661807577391,"8","TMBIM1"
1.48003865509214e-05,0.423065924993646,0.477,0.369,0.305598381503426,"8","CCT4"
1.5605702865504e-05,0.402282943936434,0.57,0.465,0.322226552766926,"8","SRSF9"
1.61764791541839e-05,0.852672202935427,0.323,0.234,0.334011941575589,"8","MICOS10"
1.71226006188229e-05,0.404224121437777,0.466,0.349,0.353547457577456,"8","CYLD"
1.73288853826316e-05,0.65267556128891,0.333,0.235,0.357806825380577,"8","URI1"
2.11946208248636e-05,0.532440593194622,0.495,0.39,0.437626530791784,"8","KRAS"
2.1444777957728e-05,0.331126993618109,0.878,0.779,0.442791775271169,"8","VIM"
2.17291141425637e-05,0.302443299412996,0.738,0.617,0.448662748815656,"8","GAS5"
2.29477642262659e-05,0.560040589610689,0.312,0.21,0.473825435743939,"8","AC092821.3"
2.31993251038332e-05,0.639973006423453,0.341,0.246,0.479019664743947,"8","ANKLE2"
2.35498373559888e-05,0.720318155833736,0.308,0.217,0.486257041726456,"8","IPO7"
2.47541527596019e-05,0.579117613357725,0.333,0.235,0.51112374618026,"8","CEP170"
2.54051180767441e-05,0.397395936943516,0.566,0.47,0.524564878048613,"8","CAST"
2.79020471157458e-05,0.627486802247183,0.358,0.261,0.57612146884592,"8","SNRPA1"
3.07181182531925e-05,0.383658372221793,0.552,0.444,0.634267705691918,"8","CD63"
3.26582111761226e-05,0.890897782563411,0.301,0.219,0.674326744364579,"8","NAXE"
3.28020668741962e-05,0.647250494195234,0.384,0.286,0.677297076818404,"8","PFDN2"
3.47405902848613e-05,0.686310115650191,0.297,0.209,0.717323708201817,"8","PSMD11"
3.79648523935297e-05,0.310084043886692,0.67,0.569,0.783898272221602,"8","PSME1"
3.96659649172142e-05,0.293309407357425,0.685,0.591,0.819022843610639,"8","RBM8A"
4.00291527840705e-05,0.665571969134906,0.269,0.179,0.826521946685488,"8","UBE2D1"
4.17314856179058e-05,0.613340452776167,0.28,0.188,0.861671715038519,"8","OLA1"
4.31715490736865e-05,0.42837646109005,0.613,0.535,0.89140614527348,"8","HNRNPU"
4.33875817082435e-05,0.254668169613472,0.853,0.773,0.895866787111812,"8","RPL23"
4.35149219696358e-05,0.287164448748292,0.509,0.388,0.898496108829041,"8","ARL4A"
4.38882891978113e-05,0.519557431015979,0.437,0.346,0.906205395356407,"8","RNPS1"
4.54769753769673e-05,0.669787056657216,0.308,0.212,0.939008587583621,"8","AFDN"
4.600116928175e-05,0.435936508989854,0.308,0.211,0.949832143329574,"8","PLCL2"
4.69895166998615e-05,0.666200481080343,0.305,0.216,0.970239540818739,"8","METAP2"
4.72653082267141e-05,0.478451598676743,0.548,0.469,0.975934084265193,"8","EDF1"
5.09403818594298e-05,0.453236875604123,0.713,0.641,1,"8","MEF2C"
5.32328976077859e-05,0.572324902258936,0.434,0.352,1,"8","UFM1"
5.35698165558926e-05,0.279506654451011,0.717,0.61,1,"8","LRRFIP1"
5.67994420004247e-05,0.537210976521037,0.448,0.361,1,"8","RAD23A"
5.71212742973117e-05,0.460609372814242,0.427,0.33,1,"8","QKI"
5.71749505284491e-05,0.389378899006054,0.817,0.732,1,"8","LY9"
5.9590741733358e-05,0.517745943370095,0.401,0.304,1,"8","FAM133B"
6.76419716493388e-05,0.504400321985915,0.254,0.165,1,"8","PIK3AP1"
6.90373641954702e-05,0.40108298669494,0.441,0.332,1,"8","NFAT5"
7.47394058551243e-05,0.471769452357576,0.337,0.239,1,"8","SZRD1"
7.81284405947609e-05,0.690928500534904,0.269,0.185,1,"8","NAA15"
7.83497872596575e-05,0.3757640303779,0.591,0.498,1,"8","ATP5F1B"
7.85543969183513e-05,0.384367784995696,0.588,0.494,1,"8","COX6C"
7.889987068074e-05,0.324077998441039,0.394,0.279,1,"8","TSPAN33"
8.17142037465114e-05,0.314680951568115,0.362,0.255,1,"8","CNST"
8.33167190959693e-05,0.439622311161323,0.53,0.433,1,"8","CSRNP1"
8.51958462015757e-05,0.413502137399442,0.459,0.37,1,"8","NEU1"
8.66040734715599e-05,0.473618081706094,0.43,0.333,1,"8","EIF4E"
9.47152579725087e-05,0.472762019876276,0.495,0.417,1,"8","NDUFB2"
9.5156933733491e-05,0.635307692817663,0.448,0.36,1,"8","IDI1"
9.56022491068983e-05,0.274388498295643,0.591,0.467,1,"8","MSN"
9.97663783584202e-05,0.566484546766348,0.409,0.326,1,"8","ELOC"
0.000100232080506184,0.82509463259908,0.283,0.201,1,"8","TXNRD1"
0.000105991559827922,0.356550848460407,0.616,0.531,1,"8","SLC25A3"
0.000107196385334727,0.571570381883666,0.301,0.21,1,"8","PRELID3B"
0.000108170862874892,0.46060627346099,0.362,0.266,1,"8","HOOK3"
0.000129278958939309,0.468177350977413,0.466,0.362,1,"8","BDP1"
0.000129983977516482,0.434614511973701,0.362,0.266,1,"8","ZFP91"
0.000132919505671998,0.427380914488336,0.38,0.286,1,"8","PAF1"
0.000139851755164593,0.449135369207222,0.376,0.286,1,"8","ITGB1"
0.000146856421537486,0.506145483495618,0.265,0.18,1,"8","SUPT16H"
0.000147394391325719,0.5771473807089,0.416,0.339,1,"8","PRDX6"
0.000148043731955825,0.522701596527481,0.484,0.411,1,"8","EIF3A"
0.000161136897134742,0.467724617082075,0.283,0.195,1,"8","ZNF267"
0.000163793268137611,0.494240251351636,0.419,0.331,1,"8","RWDD1"
0.000164555885365964,0.422361101341235,0.301,0.209,1,"8","FLNA"
0.000165873813573675,0.603150275017723,0.319,0.23,1,"8","LUC7L"
0.00018035693642259,0.285178456605077,0.703,0.631,1,"8","SKP1"
0.000193718891040304,0.426322073085488,0.516,0.433,1,"8","PPP1R2"
0.00020829585637561,0.299371809025236,0.667,0.571,1,"8","IER2"
0.000209022449258448,0.391031043067259,0.405,0.306,1,"8","ANKRD13A"
0.000237414592512828,0.660693729230481,0.254,0.174,1,"8","EPB41L4A-AS1"
0.000247439523123943,0.569766290510513,0.384,0.305,1,"8","RAB21"
0.00025143392825775,0.319926509501908,0.509,0.418,1,"8","RAB11FIP1"
0.000254128088962275,0.578479491360934,0.348,0.262,1,"8","IMP3"
0.000254634397970564,0.420195592679005,0.427,0.332,1,"8","SH3KBP1"
0.000259765981287709,0.28660358002038,0.703,0.639,1,"8","CNBP"
0.000261152986537347,0.34128855482229,0.48,0.38,1,"8","ATP6V0D1"
0.000268038682299746,0.599839472578825,0.272,0.196,1,"8","BTG3"
0.000284234109892613,0.371630066572804,0.254,0.171,1,"8","PTPN11"
0.000292152170462615,0.402900373765424,0.459,0.363,1,"8","DNAJC8"
0.00030222732186603,0.330813785915727,0.384,0.287,1,"8","CHD4"
0.000303605671443143,0.405081842687418,0.366,0.276,1,"8","CSNK1D"
0.000309178794425177,0.680630017153414,0.33,0.255,1,"8","ADRM1"
0.000309316359063434,0.639737522471734,0.294,0.218,1,"8","PSMC4"
0.000335248147732702,0.343187842895306,0.416,0.313,1,"8","TGFBR2"
0.000359343568982815,0.388002846856774,0.366,0.277,1,"8","PUM1"
0.00039194469573605,1.22980276167266,0.294,0.222,1,"8","INSIG1"
0.000392632963532746,0.481396427280533,0.344,0.258,1,"8","SF3B4"
0.00039614155912836,0.727546735432162,0.315,0.243,1,"8","ARL8B"
0.000408305928459452,0.597992452000954,0.312,0.232,1,"8","DIAPH1"
0.000412194319773284,0.601453970355466,0.28,0.202,1,"8","DYNC1LI1"
0.000419197651251558,0.682792805855089,0.341,0.27,1,"8","DAP"
0.000426455264977719,0.5414769879771,0.366,0.283,1,"8","MAGOH"
0.000428788817837339,0.349888386104276,0.581,0.511,1,"8","RBM3"
0.000433548516337602,0.512810780191442,0.297,0.218,1,"8","ZNF639"
0.000443129101578343,0.311348202223768,0.513,0.427,1,"8","TANK"
0.000457193147202914,0.263542693863893,0.627,0.516,1,"8","MAP4K4"
0.000459842900328685,0.396491055383043,0.491,0.411,1,"8","TMEM50A"
0.000471902083738957,0.305706155558306,0.341,0.251,1,"8","DDX39B"
0.000494752946767591,0.399064278632097,0.419,0.338,1,"8","KPNA4"
0.000572875455849515,0.474458297633141,0.455,0.383,1,"8","SELENOT"
0.000623621665188011,0.37148424183123,0.308,0.228,1,"8","AGO2"
0.000631869579578405,0.321677633969648,0.57,0.517,1,"8","NDUFA13"
0.000633367990629594,0.55672708942947,0.319,0.243,1,"8","HDGF"
0.000643600059152081,0.619862105958888,0.358,0.285,1,"8","ARPP19"
0.00071179615184773,0.623407902321908,0.265,0.193,1,"8","STIP1"
0.00074009071246716,0.425110202554756,0.409,0.333,1,"8","EIF3I"
0.000790632606807467,0.469608627304561,0.344,0.264,1,"8","GLUD1"
0.000796368272651339,0.468719962678306,0.254,0.179,1,"8","OGFR"
0.000823093631400738,0.337046640255529,0.405,0.319,1,"8","SMARCC1"
0.000850199978443621,0.394293475550655,0.498,0.423,1,"8","PPP1CC"
0.000855501139645374,0.632295470025758,0.319,0.248,1,"8","TNFAIP8"
0.000862764770508082,0.507578727376984,0.358,0.28,1,"8","RAD23B"
0.000892941079884276,0.28758119731291,0.595,0.537,1,"8","UBL5"
0.000935692864470629,0.367264408855099,0.38,0.303,1,"8","SNHG12"
0.00095196394688562,0.439133508397366,0.276,0.201,1,"8","CHCHD3"
0.000971609100405613,0.41616491282313,0.387,0.312,1,"8","XRN2"
0.000980249695835996,0.351651854199572,0.459,0.381,1,"8","POMP"
0.000989600413405607,0.476979049874506,0.398,0.327,1,"8","EIF3M"
0.000991407278441981,0.58516822415644,0.315,0.247,1,"8","AP2M1"
0.00101125498228555,0.337165915237028,0.441,0.35,1,"8","SLTM"
0.00102180790462637,0.322832164857873,0.348,0.255,1,"8","CDKN2D"
0.00110312639187137,0.498735206633984,0.297,0.225,1,"8","ZBTB7A"
0.00113978076782757,0.698747073865865,0.283,0.222,1,"8","NANS"
0.00116162187064553,0.309998477107917,0.498,0.414,1,"8","KHDRBS1"
0.00117060157430973,0.466272588377896,0.419,0.353,1,"8","TUFM"
0.00121309425360499,0.460372414634317,0.312,0.233,1,"8","TET2"
0.00122808835985847,0.464524394062822,0.315,0.239,1,"8","NGDN"
0.00127866187968726,0.551391588140849,0.276,0.205,1,"8","PHF5A"
0.00129584286988601,0.596283778952526,0.344,0.279,1,"8","BLNK"
0.00135469058952211,0.355915477823795,0.427,0.351,1,"8","PRPF40A"
0.00139359430320215,0.39015977393809,0.376,0.305,1,"8","RALY"
0.00140475371623417,0.378573983498968,0.466,0.399,1,"8","ZC3H15"
0.00141519186292583,0.524962570415774,0.344,0.277,1,"8","CCT7"
0.00146474510350153,0.795328961470518,0.254,0.195,1,"8","C4orf48"
0.00150073801939747,0.655070281682072,0.254,0.189,1,"8","NUTF2"
0.00154532064073177,1.02737058351156,0.283,0.221,1,"8","SLAMF1"
0.00160438375789728,0.494844136803109,0.254,0.185,1,"8","CDK12"
0.00164041743129661,0.498242220675172,0.423,0.364,1,"8","TXNL4A"
0.00166343979157209,0.500641625931351,0.269,0.198,1,"8","SRRT"
0.00169063451577946,0.568997329361959,0.272,0.204,1,"8","CPNE1"
0.00172111703947696,0.582835500001491,0.301,0.236,1,"8","ANXA7"
0.00185667718635914,0.619240419692124,0.29,0.225,1,"8","CCDC85B"
0.00187048825031027,0.352635503784857,0.287,0.212,1,"8","RBM27"
0.00188536560643247,0.413250536201661,0.423,0.358,1,"8","DNAAF2"
0.00189186163718032,0.32472511224621,0.477,0.417,1,"8","VDAC2"
0.00189920699754261,0.267150483886404,0.455,0.37,1,"8","STRAP"
0.00197256601146904,0.461054011375711,0.401,0.332,1,"8","ANP32E"
0.00200966388944239,0.697385818313854,0.258,0.199,1,"8","LPIN1"
0.00201706216985601,0.287564166086453,0.889,0.863,1,"8","ZFP36"
0.00211841167315894,0.312278204872335,0.401,0.333,1,"8","DEGS1"
0.0022623258950982,0.373998452437839,0.312,0.242,1,"8","PITPNB"
0.00234798312133284,0.382938112240156,0.473,0.406,1,"8","HLA-F"
0.00236594094802455,0.287905440614847,0.305,0.229,1,"8","UBE2E2"
0.00239361623666811,0.610883444976005,0.251,0.187,1,"8","GTF3C6"
0.00242546126666923,0.545874703291052,0.258,0.192,1,"8","HMGN4"
0.00242608063717243,0.429022166615797,0.387,0.318,1,"8","RTRAF"
0.00265510535412438,0.274075008420996,0.516,0.447,1,"8","C19orf53"
0.00269419703940082,0.452700836111002,0.251,0.184,1,"8","EEA1"
0.00283538365384481,0.577557825318214,0.265,0.202,1,"8","LYPLA1"
0.0028441837492733,0.250398909399009,0.43,0.347,1,"8","CDC42SE1"
0.00289262694832798,0.499172593823774,0.258,0.192,1,"8","TRIM28"
0.00289591707195224,0.366046382539336,0.534,0.481,1,"8","PABPN1"
0.00297904220686206,0.682747761476179,0.301,0.243,1,"8","TKT"
0.00307718504108882,0.371144790590314,0.269,0.199,1,"8","FIP1L1"
0.00309843501040169,0.261426013221678,0.588,0.534,1,"8","PGK1"
0.00315310952385385,0.274488621611833,0.541,0.492,1,"8","ATP6V1G1"
0.00320959469128947,0.518059962850337,0.294,0.23,1,"8","PDCD6"
0.00322440537597563,0.401676512650943,0.412,0.351,1,"8","UQCRFS1"
0.0033039690014565,0.31215671028623,0.33,0.255,1,"8","CNOT1"
0.00336120729841761,0.81342101964279,0.265,0.211,1,"8","PSMA3"
0.00386572410780893,0.266488573998052,0.566,0.512,1,"8","ANP32B"
0.00392217793860638,0.395882698825658,0.33,0.269,1,"8","RTN4"
0.00396793872931047,0.330546118188067,0.283,0.216,1,"8","TRIP12"
0.00399343345653794,0.250964174816198,0.419,0.347,1,"8","HNRNPH3"
0.00410878335596154,0.283498058278542,0.591,0.538,1,"8","SAP18"
0.00411740080484044,0.339978609359681,0.401,0.333,1,"8","TAPBP"
0.00411788809369194,0.490988866743343,0.297,0.234,1,"8","M6PR"
0.00412183968498791,0.343690370820337,0.333,0.261,1,"8","CHRAC1"
0.00432426349080399,0.538591026302972,0.28,0.22,1,"8","SNRPB2"
0.00438727552732744,0.315924272520073,0.498,0.447,1,"8","ENSA"
0.00461488789108207,0.374988709522781,0.441,0.382,1,"8","SF3B5"
0.00465065066557645,0.278864850316133,0.308,0.238,1,"8","PDCD10"
0.00478001556074191,0.250326621517104,0.43,0.352,1,"8","KDM4B"
0.00481658029667574,0.347943823333704,0.308,0.239,1,"8","RRAS2"
0.0048421682227001,0.416433281387621,0.251,0.187,1,"8","TSC22D2"
0.0049594717493818,0.296330718384265,0.509,0.447,1,"8","GUK1"
0.00508562064954471,0.546089578145012,0.391,0.337,1,"8","PARK7"
0.00549143739846781,0.313798674950661,0.337,0.265,1,"8","CXCR5"
0.00609620065520024,0.46963928190365,0.262,0.205,1,"8","GNL1"
0.00612712864198365,0.373545413548165,0.269,0.207,1,"8","TRIM44"
0.00645486581838518,0.478313508570869,0.373,0.322,1,"8","CCT8"
0.00663808830644318,0.26053579661921,0.276,0.208,1,"8","UHMK1"
0.0068186410435228,0.364037163611987,0.33,0.263,1,"8","RGS19"
0.00710537714269382,0.417042766860969,0.362,0.307,1,"8","POLR1D"
0.00713219221669102,0.343757447530687,0.265,0.204,1,"8","POLE3"
0.0075353967021831,0.464558215830654,0.312,0.259,1,"8","TYMP"
0.00763120800157681,0.415345856293747,0.355,0.297,1,"8","TSPAN3"
0.0079776385573956,0.426537962222816,0.337,0.283,1,"8","PNP"
0.00873687457489895,0.50194102941552,0.258,0.203,1,"8","LAMP1"
0.00944643156907866,0.326153702814717,0.473,0.416,1,"8","NDUFV2"
0.00976930667991609,0.438565630553648,0.312,0.258,1,"8","OTUB1"
0.00979759785066602,0.409443224388587,0.409,0.359,1,"8","YWHAE"
0.00980061456481519,0.295964666742556,0.312,0.247,1,"8","DUSP10"
0.00988265940360494,0.45396176153056,0.301,0.248,1,"8","RNH1"
0,4.34774464151053,0.95,0.098,0,"9","IGHV4-59"
0,6.11286437240053,0.878,0.043,0,"9","AC233755.1"
0,7.23358134154231,0.9,0.068,0,"9","IGHV4-28"
0,7.89281712161825,0.787,0.044,0,"9","IGHV4-55"
7.93323565261686e-272,6.38574352635264,0.973,0.162,1.63805449755233e-267,"9","IGHV4-61"
9.58354119473192e-256,7.38379522309837,0.968,0.178,1.97880958588825e-251,"9","IGHV4-31"
1.57533235168349e-253,2.90428187474292,0.76,0.082,3.25274623975606e-249,"9","CHPF"
1.79146543832111e-230,2.64875924668767,0.738,0.084,3.69901783704542e-226,"9","GAS6"
1.22250672947261e-218,2.47228225484846,0.765,0.094,2.52423189501505e-214,"9","JSRP1"
5.78091699976424e-212,3.42440976975987,0.923,0.157,1.19364374211132e-207,"9","IGHV4-39"
3.27022460269174e-203,2.51686760667836,0.982,0.184,6.75235975963791e-199,"9","FKBP11"
8.08516312760403e-197,2.41952308856424,0.719,0.091,1.66942448258768e-192,"9","TNFRSF17"
6.53440720687856e-192,2.67915996297804,1,0.226,1.34922440007628e-187,"9","MZB1"
1.07159445777335e-191,2.53842931886503,0.697,0.089,2.21262823641041e-187,"9","SPAG4"
1.22602881729741e-189,2.38786337501451,0.783,0.113,2.53150430195568e-185,"9","NUCB2"
7.64736624286788e-187,2.72079047192296,0.982,0.221,1.57902818182736e-182,"9","DERL3"
1.29944367610059e-180,2.5372783602791,0.977,0.221,2.6830913024125e-176,"9","PRDX4"
3.36728508461246e-177,2.88718403822152,0.525,0.055,6.95277024270781e-173,"9","SDC1"
6.85012889955429e-175,2.26451499171992,0.891,0.16,1.41441461517997e-170,"9","TRIB1"
3.02569521932087e-174,2.03863130930383,0.842,0.136,6.24745548885374e-170,"9","TXNDC15"
7.5193040560365e-173,2.1392607088764,0.9,0.157,1.55258590149042e-168,"9","SDF2L1"
5.72255820249136e-170,2.49922896520653,0.579,0.069,1.18159381765042e-165,"9","ITGA6"
4.49808116063377e-167,2.23189389224725,0.652,0.093,9.2876379804766e-163,"9","IGHGP"
7.79950933924503e-167,1.7601995280333,0.756,0.114,1.61044268836731e-162,"9","CDK6"
7.41074242640432e-161,1.67398008517968,0.851,0.148,1.53017009620396e-156,"9","FNDC3B"
2.55694042166034e-160,1.90871178572313,0.579,0.071,5.27957058264426e-156,"9","PECAM1"
6.57610459122772e-160,1.8535510684895,0.747,0.115,1.3578340759967e-155,"9","ICAM2"
1.03410096136356e-157,2.40889465290903,0.52,0.06,2.13521166502349e-153,"9","DNAAF1"
4.69769991837288e-156,1.80433338979536,0.792,0.132,9.69981079145633e-152,"9","PRDM1"
1.15851910243895e-154,1.6473579605022,0.756,0.12,2.39211024271594e-150,"9","CD38"
2.08131162485221e-154,2.13962539583297,0.95,0.205,4.29749224299485e-150,"9","HM13"
6.01005672458976e-154,2.24729658734187,0.71,0.111,1.24095651249329e-149,"9","AC012236.1"
7.54418361960106e-154,2.76424974434293,0.425,0.041,1.55772303377523e-149,"9","SMPDL3B"
2.1723758171785e-152,1.85847457984593,0.733,0.115,4.48552158731016e-148,"9","ARSA"
9.04713481357085e-150,1.86523560779733,0.842,0.152,1.86805239630611e-145,"9","SRPRB"
1.11103298210739e-149,1.80086094996755,0.729,0.115,2.29406090145535e-145,"9","FKBP2"
4.6738237929059e-149,2.07213664016341,0.643,0.094,9.6505113675921e-145,"9","MEI1"
1.91517912854067e-146,2.41863238453814,0.923,0.223,3.95446186461077e-142,"9","CYTOR"
1.76573867949903e-140,2.00073942771283,0.647,0.099,3.64589722542959e-136,"9","ZBP1"
1.62904922315258e-139,1.75663549617128,0.647,0.101,3.36366083596544e-135,"9","IGHG4"
6.83729327920751e-139,2.22905534403379,0.792,0.148,1.41176431629077e-134,"9","GLRX"
1.85592933385206e-137,2.30063277738541,0.584,0.084,3.83212288853774e-133,"9","AQP3"
3.35419636502901e-137,2.04160590864655,0.48,0.057,6.92574465451189e-133,"9","CADM1"
9.76583433126018e-135,2.77038137224149,0.371,0.036,2.0164494727186e-130,"9","HID1"
1.45978032826473e-133,2.02955340569509,0.968,0.27,3.01415442180101e-129,"9","SSR3"
1.91628410385645e-133,1.58543905339162,0.701,0.117,3.9567434176428e-129,"9","ALG5"
2.20311057909581e-132,2.12535051933923,0.507,0.066,4.54898272371703e-128,"9","SLC38A5"
2.54442204392988e-131,2.13308826767597,0.471,0.057,5.25372263630641e-127,"9","IFI27L1"
3.12675484446255e-131,1.69185131225803,0.738,0.13,6.45612340284628e-127,"9","LIME1"
5.71440671667611e-131,2.53861371946139,0.416,0.046,1.17991069885928e-126,"9","KCNN3"
7.74202485899812e-129,2.3774476358781,0.38,0.039,1.59857329288593e-124,"9","CADPS2"
1.56564807469284e-128,1.7299751496946,0.566,0.082,3.23275014462578e-124,"9","CHID1"
2.66126152779163e-128,2.06535593129069,0.973,0.267,5.49497280258415e-124,"9","TXNDC5"
6.54078097764855e-128,1.52851472569941,0.833,0.163,1.35054045626487e-123,"9","RRBP1"
7.62106389222454e-127,5.88530887241294,0.267,0.02,1.57359727246652e-122,"9","IGKV3D-15"
1.19980619732094e-126,1.76531312574052,0.493,0.064,2.47735983622828e-122,"9","COMTD1"
2.32812918654755e-126,1.50899196913909,0.783,0.147,4.80712114438338e-122,"9","LY96"
1.53940734851362e-124,2.58044663272202,1,0.563,3.17856829321091e-120,"9","SSR4"
1.22094706525479e-123,1.45947212143156,0.692,0.12,2.52101150033809e-119,"9","NME1"
2.65026319459912e-123,2.04701016090251,0.982,0.3,5.47226344420827e-119,"9","XBP1"
4.99836665428884e-122,1.79385215731636,0.566,0.086,1.03206274677756e-117,"9","B4GALT7"
6.50334948063029e-121,2.8934518112602,0.294,0.025,1.34281160076054e-116,"9","LTC4S"
1.1451557148933e-119,2.79291809008344,0.362,0.038,2.36451752011168e-115,"9","QPRT"
1.19075100086025e-119,1.91450604327605,0.443,0.055,2.45866266657624e-115,"9","SELPLG"
2.61899895574127e-119,2.36425271268595,0.738,0.15,5.40770904381458e-115,"9","GADD45A"
1.75587047195218e-118,1.97571541154572,0.968,0.308,3.62552135048686e-114,"9","SEC11C"
1.8894525433975e-118,1.26049399878218,0.765,0.148,3.90134161160716e-114,"9","HMCES"
2.19817622390726e-117,1.48137071634779,0.882,0.195,4.5387942671237e-113,"9","SLAMF7"
2.22060003365723e-117,4.04878881645817,0.457,0.063,4.58509494949545e-113,"9","IGKV3D-11"
2.48277102442763e-117,1.9753801837196,0.647,0.114,5.12642561123818e-113,"9","ERN1"
1.68988704461296e-116,3.35436133461697,0.43,0.055,3.48927876971683e-112,"9","LGALSL"
1.3306925389164e-115,1.70133955487656,0.946,0.235,2.74761395435458e-111,"9","SELENOS"
2.1299954517548e-115,2.09302330655601,0.416,0.051,4.3980146087833e-111,"9","METRN"
2.56566759702917e-115,1.35460404493702,0.701,0.128,5.29759045434582e-111,"9","PDIA4"
3.11371658787187e-115,1.93284512187625,0.864,0.206,6.42920201063784e-111,"9","DUSP5"
7.88082412315122e-115,2.21636433814551,0.896,0.241,1.62723256494826e-110,"9","H1FX"
3.29843288531102e-114,1.70766170590153,0.855,0.194,6.81060422159018e-110,"9","ITM2C"
8.56817620108029e-114,1.40300466451288,0.602,0.1,1.76915702199906e-109,"9","PLD3"
2.87002718027513e-113,2.40020172252874,0.385,0.045,5.92603212183208e-109,"9","PYCR1"
3.58295018312511e-113,1.73183853030229,0.923,0.261,7.39807553811672e-109,"9","ANKRD28"
9.08327468194413e-113,1.44629957790486,0.814,0.172,1.87551455632782e-108,"9","CD59"
1.25914402120036e-112,1.33932879048123,0.896,0.202,2.59988057497451e-108,"9","PLPP5"
2.31334534365291e-112,1.95021865929531,0.434,0.056,4.77659546557453e-108,"9","CD9"
2.868559968472e-110,2.31614884264464,0.367,0.042,5.92300262290099e-106,"9","SCNN1B"
3.20537184437213e-110,1.70192671367968,0.498,0.073,6.61845178425958e-106,"9","FUCA2"
1.2804019562848e-109,1.48150878982405,0.923,0.219,2.64377395933687e-105,"9","DNAJB9"
1.60985604450334e-109,2.66712485889825,0.376,0.045,3.32403076069049e-105,"9","IGF1"
8.45495404186669e-109,2.76711761778807,0.466,0.069,1.74577891056463e-104,"9","IGKV3D-20"
8.06461962095426e-108,1.47425529334014,0.548,0.089,1.66518265933464e-103,"9","TAPBPL"
1.62806928189138e-107,2.25520470321249,0.357,0.041,3.36163745324932e-103,"9","LINC02362"
1.87104245264746e-107,2.82946731334431,0.317,0.033,3.86332845622647e-103,"9","BHLHA15"
2.65969817353754e-107,2.67478723292185,0.344,0.038,5.49174478872032e-103,"9","CAV1"
6.09800702207242e-107,1.42371662532112,0.52,0.081,1.25911648991751e-102,"9","MANEA"
2.4238023645581e-106,1.06708646214283,0.792,0.162,5.00466712233957e-102,"9","NDUFB7"
5.84587557443658e-106,1.24825374886822,0.643,0.118,1.20705638860966e-101,"9","SIL1"
1.6920606890759e-105,1.18667211599895,0.638,0.116,3.49376691080391e-101,"9","CTSD"
2.01514817003558e-105,1.45806826092527,0.878,0.205,4.16087794148947e-101,"9","MANF"
9.33267828155227e-105,1.92974289808116,0.475,0.071,1.92701141157491e-100,"9","HSD17B8"
4.86946940471285e-104,1.62792775070193,0.928,0.246,1.00544804268511e-99,"9","ERLEC1"
7.13720039346946e-104,1.40522835606568,0.566,0.096,1.47368913724357e-99,"9","TMEM107"
9.6258194726698e-104,1.2658137723592,0.756,0.157,1.98753920471686e-99,"9","SEC61A1"
1.01423814172336e-101,2.85319834781796,0.294,0.03,2.0941989150304e-97,"9","FBXL22"
8.34176430720296e-100,1.35148522593473,0.588,0.106,1.72240749415127e-95,"9","BSCL2"
1.9628690125721e-99,1.70827829486037,0.71,0.153,4.05293193715888e-95,"9","MIR4435-2HG"
8.58091411441728e-99,1.52373327511549,0.688,0.142,1.77178714634488e-94,"9","LGALS3"
1.55230481501078e-97,1.2008254213456,0.629,0.12,3.20519898203426e-93,"9","TMEM205"
5.91553080495667e-97,1.14941029986986,0.796,0.179,1.22143880060745e-92,"9","EIF2AK4"
7.56354565666783e-96,1.45383564660308,0.905,0.233,1.56172090718877e-91,"9","SELENOM"
1.19464940369529e-95,1.27469624622301,0.787,0.178,2.46671208875003e-91,"9","PHPT1"
1.45364990520684e-95,1.10471773524806,0.742,0.158,3.00149632427109e-91,"9","CLPTM1L"
3.69681306581533e-95,2.13674642332208,0.326,0.038,7.63317961829549e-91,"9","CDKN2C"
5.78780515864819e-95,1.20731191373205,0.597,0.111,1.19506600915768e-90,"9","SEC24A"
2.35163349687439e-94,1.07642420398739,0.688,0.142,4.85565284434625e-90,"9","DPM3"
8.48999530598536e-94,1.89307138521527,0.394,0.055,1.75301423077986e-89,"9","RCN1"
8.96854650117961e-94,1.29025892780313,0.652,0.132,1.85182548156357e-89,"9","ADA2"
6.04399552614226e-93,1.18722564663424,0.434,0.065,1.24796419623785e-88,"9","MEF2B"
7.863411288362e-93,1.0633871999833,0.846,0.2,1.62363716282099e-88,"9","TMEM208"
9.8164709200186e-93,1.1388610126387,0.62,0.12,2.02690491556544e-88,"9","DSTN"
1.08494685148231e-92,2.07488151052879,0.303,0.034,2.24019825894067e-88,"9","B9D1"
1.65040684649782e-92,1.39616396432176,0.507,0.087,3.4077600566487e-88,"9","PGM3"
1.73128218475571e-92,1.47792530914036,0.932,0.265,3.57475145508358e-88,"9","MYDGF"
5.16733255931513e-92,2.7875719583211,0.281,0.03,1.06695082684739e-87,"9","APOBEC3B"
1.14630278912634e-91,2.06403493432675,0.502,0.089,2.36688599898806e-87,"9","HIST1H2BJ"
1.25222194873181e-91,1.312170404278,0.543,0.097,2.58558787974145e-87,"9","AC104699.1"
2.48795247626244e-91,1.14248972671108,0.733,0.162,5.13712427298669e-87,"9","CRELD2"
3.06445717711839e-91,2.39580878310464,0.312,0.037,6.32749117931404e-87,"9","CST3"
1.14106080529975e-90,1.13234061410965,0.756,0.172,2.35606235078293e-86,"9","ZBTB38"
1.35931636872659e-90,1.25073644707359,0.828,0.2,2.80671643814666e-86,"9","OSTC"
1.77978237822031e-90,2.03711906151042,0.43,0.067,3.6748946545493e-86,"9","PTP4A3"
1.9025599244946e-90,1.22325166423855,0.606,0.118,3.92840573209644e-86,"9","TPST2"
2.76659356229537e-90,1.37736482150247,0.466,0.076,5.71246238742748e-86,"9","CEP128"
3.81316940139389e-90,1.3731064618676,0.448,0.071,7.8734321799981e-86,"9","ABHD14A"
1.15446027462717e-89,1.21496503013896,0.507,0.088,2.38372957505017e-85,"9","SLC35B1"
1.2446806920989e-88,1.42237166240638,0.932,0.267,2.57001669304581e-84,"9","LMAN1"
5.867390760815e-88,1.30055891374128,0.439,0.07,1.21149884429308e-83,"9","YIPF2"
1.93670117258226e-87,1.21789386389802,0.584,0.115,3.99890058114785e-83,"9","ODF3B"
2.26419650911965e-87,1.33823376877596,0.647,0.137,4.67511295203026e-83,"9","BHLHE41"
8.76147536774142e-87,1.00248602117428,0.588,0.115,1.80906943393125e-82,"9","LAMP2"
1.13599463313362e-86,1.24255945553217,0.462,0.076,2.34560171849431e-82,"9","ALG3"
3.24969646618677e-86,1.62711895360443,0.434,0.07,6.70997326338244e-82,"9","AL133467.1"
4.32166358990033e-86,1.13595706459498,0.498,0.088,8.92337098042621e-82,"9","EDEM2"
5.60075452377693e-86,2.42910788794578,0.348,0.048,1.15644379406946e-81,"9","CHAC1"
1.86964645734605e-85,2.18463672410549,0.33,0.043,3.86044600512813e-81,"9","DHRS9"
2.26708262657834e-85,1.93982679190269,0.348,0.048,4.68107220735895e-81,"9","AP002852.1"
2.53223957689484e-85,2.50469879159803,0.846,0.335,5.22856827837246e-81,"9","IGHG1"
2.93491684317693e-85,1.5809381013576,0.362,0.051,6.06001629779173e-81,"9","PTCH2"
3.63758637583221e-85,1.21484506877593,0.783,0.189,7.51088834881836e-81,"9","TXNDC11"
5.70679413272757e-85,2.85101068682918,0.262,0.028,1.17833885252559e-80,"9","CERCAM"
6.17145645418163e-85,1.34811009855111,0.525,0.099,1.27428232865942e-80,"9","CHST2"
8.25113824782527e-85,1.05945516253305,0.855,0.216,1.70369502541096e-80,"9","PRDX2"
3.35913203669757e-84,1.00359637575637,0.724,0.165,6.93593582937315e-80,"9","TMEM238"
9.4204565927918e-84,1.41165909880274,0.403,0.062,1.94513587727965e-79,"9","WIPI1"
9.62183075677e-84,1.17655961798156,0.48,0.085,1.98671561465787e-79,"9","CREB3L2"
2.23466888730236e-83,1.5038509462251,0.62,0.137,4.61414431850192e-79,"9","IGLC1"
6.15567217754639e-83,1.1333041272224,0.52,0.097,1.27102319121978e-78,"9","AC007569.1"
1.41855893358641e-82,0.971188236449239,0.833,0.211,2.92904048606923e-78,"9","SEL1L"
2.00271835003944e-82,1.36401342551936,0.43,0.071,4.13521284916143e-78,"9","MPST"
5.09629878541909e-82,1.99825221671583,0.317,0.041,1.05228377321333e-77,"9","ZNF215"
7.51780079212619e-82,2.09814396551971,0.276,0.032,1.55227550755821e-77,"9","FICD"
9.06966696504536e-82,0.814776517541433,0.661,0.144,1.87270483494257e-77,"9","GUSB"
4.88662319655243e-81,1.00186810684678,0.575,0.116,1.00898995762415e-76,"9","YIF1A"
7.00099347665185e-81,0.996866172394424,0.633,0.137,1.44556513305907e-76,"9","MLEC"
9.16076730490816e-81,0.97515296173926,0.357,0.051,1.89151523311744e-76,"9","APOL6"
5.190274475679e-80,1.10379273794938,0.462,0.081,1.0716878737382e-75,"9","SLC44A1"
2.66018752482143e-79,1.24698898282246,0.484,0.089,5.49275520125129e-75,"9","HINT2"
3.51658765389029e-79,0.938051272558232,0.566,0.115,7.26105018775268e-75,"9","MGAT2"
4.28274141779753e-79,1.32863172492013,0.398,0.063,8.84300447946835e-75,"9","HYI"
4.55109076652623e-79,1.91126790462177,0.299,0.038,9.39709221472336e-75,"9","PDIA5"
6.43092322936621e-79,0.770207950117461,0.697,0.159,1.32785702839954e-74,"9","YIPF3"
9.2939239350964e-79,2.30086647632649,0.281,0.034,1.9190094141187e-74,"9","CDKN1C"
1.92037696242762e-78,0.949339004998456,0.787,0.195,3.96519435202055e-74,"9","SRM"
2.01938385084578e-78,0.9536423098641,0.502,0.095,4.16962377522637e-74,"9","SLC1A4"
6.65290522969607e-78,0.679760143042499,0.914,0.296,1.37369187182764e-73,"9","IGHV4-34"
2.74234540256394e-77,1.19863031341526,0.498,0.094,5.66239478721403e-73,"9","CCDC167"
1.20777519519511e-76,1.76130228695975,0.267,0.032,2.49381422303887e-72,"9","BMP6"
1.69210588934957e-76,1.1977473168486,0.321,0.044,3.493860240329e-72,"9","ALG14"
1.23185966805399e-75,2.20767175183488,0.253,0.029,2.54354384259787e-71,"9","AC074212.1"
2.8180920352798e-75,1.69876091907784,0.385,0.063,5.81879643444574e-71,"9","BIK"
3.15825689167395e-75,0.851416796026676,0.738,0.182,6.52116882992836e-71,"9","CCPG1"
1.25158798815688e-74,1.10510129498547,0.534,0.11,2.58427887794633e-70,"9","BTD"
5.72311704194693e-74,0.496746676132297,0.579,0.122,1.1817092068212e-69,"9","TM9SF1"
6.99448255388161e-74,1.20612737960822,0.407,0.069,1.44422075772547e-69,"9","SPSB1"
9.25274001255448e-74,1.01490882500741,0.466,0.088,1.91050575779225e-69,"9","PRRC1"
1.39437044764715e-73,1.2834449371429,0.932,0.304,2.87909610030183e-69,"9","SPCS3"
2.79984353417271e-73,1.0907672592514,0.507,0.101,5.78111692935982e-69,"9","ARL1"
3.75338728074753e-73,0.595153570968446,0.729,0.178,7.74999405728751e-69,"9","VKORC1"
6.3634807630699e-73,1.24758020954516,0.403,0.07,1.31393150795867e-68,"9","Z93241.1"
7.12533376226005e-73,0.741483743118259,0.738,0.182,1.47123891523146e-68,"9","ATP5MC1"
8.48257739640169e-73,0.571838109579304,0.747,0.182,1.75148258080902e-68,"9","NDUFS8"
1.11874841679136e-72,0.999265372367272,0.864,0.241,2.30999173099079e-68,"9","LMAN2"
1.49687408044029e-72,1.25870407847646,0.493,0.098,3.0907456012931e-68,"9","HIST1H2BC"
1.66525546016036e-72,0.771373994949341,0.76,0.192,3.43841947413911e-68,"9","ATRAID"
2.54675699837047e-72,0.827471472788605,0.729,0.18,5.25854385023535e-68,"9","IER3IP1"
3.23307737863188e-72,0.882798636520519,0.602,0.137,6.67565817139912e-68,"9","AC007952.4"
3.61426226168944e-72,2.55356684766639,0.805,0.293,7.46272871793636e-68,"9","IGHG3"
1.06151683856194e-71,0.762310750136944,0.851,0.227,2.1918199682627e-67,"9","NDUFC2"
1.31880395790933e-71,1.07895659122115,0.923,0.279,2.72306641229118e-67,"9","P4HB"
1.90152907629092e-71,1.10564074948341,0.896,0.26,3.92627723672548e-67,"9","KDELR2"
2.70887169482386e-71,1.77931099679736,0.262,0.033,5.59327827547231e-67,"9","CRACR2B"
3.09703844771055e-71,1.34830262954376,0.362,0.059,6.39476498683275e-67,"9","LINC02384"
3.73296239635274e-71,1.43088366700591,0.769,0.215,7.70782075598914e-67,"9","CITED2"
3.95016381576331e-71,0.960617914435395,0.606,0.14,8.15629824678808e-67,"9","CALU"
8.62798972010106e-71,0.562674102418052,0.674,0.159,1.78150731740647e-66,"9","NDUFA7"
1.43490400901077e-70,1.05953173021687,0.851,0.244,2.96278979780543e-66,"9","TECR"
1.65858194500676e-70,0.787292942605324,0.566,0.124,3.42464000004996e-66,"9","STT3A"
3.86000610589197e-70,1.02184654937615,0.656,0.166,7.97014060744574e-66,"9","TEX14"
5.13966268707938e-70,0.813073907101111,0.629,0.147,1.06123755162815e-65,"9","ATOX1"
1.40424917196435e-69,1.2312542612946,0.394,0.069,2.899493690272e-65,"9","SLC17A9"
1.72283717150723e-69,0.774133595894143,0.706,0.177,3.55731419172813e-65,"9","NDUFAF3"
1.96428773164184e-69,1.05820530656604,0.629,0.151,4.05586130829406e-65,"9","OSBPL3"
2.34110396125985e-69,0.665353222202023,0.511,0.105,4.83391145920934e-65,"9","TIMP2"
3.29726258862079e-69,1.0483329299528,0.303,0.043,6.8081877929842e-65,"9","DENND2C"
3.35142145488496e-69,1.44842300769537,0.995,0.739,6.92001502004647e-65,"9","HERPUD1"
3.437064601853e-69,0.584261541452091,0.638,0.149,7.09685098990608e-65,"9","IDH2"
4.5886931081958e-69,0.562973602901658,0.615,0.141,9.47473352980268e-65,"9","WDR45"
5.08978433467593e-69,1.17859902856991,0.29,0.04,1.05093866942389e-64,"9","R3HCC1"
7.71248982391814e-69,0.67585607599496,0.733,0.186,1.59247489884262e-64,"9","AKR1A1"
1.06836101739765e-68,0.461627716670233,0.493,0.099,2.20595182872266e-64,"9","MRPS31"
1.82244035155566e-68,0.92066258350166,0.425,0.079,3.76297483789212e-64,"9","DNASE2"
2.76235892993546e-68,0.643661611495342,0.679,0.166,5.70371871853075e-64,"9","MGAT1"
2.08206152571501e-67,0.821732551349492,0.588,0.136,4.29904063829636e-63,"9","HIST1H2BK"
2.57622708496538e-67,0.772412241458089,0.719,0.185,5.31939368503651e-63,"9","CNPY2"
2.6188999702813e-67,2.17270379272561,0.471,0.096,5.40750465863682e-63,"9","IGLV6-57"
4.6856694101272e-67,2.83898122118424,0.814,0.345,9.67497019803063e-63,"9","JCHAIN"
1.06388296207857e-66,0.901135276124715,0.557,0.126,2.19670554009982e-62,"9","SLC39A7"
1.70924953839115e-66,0.803296155600973,0.43,0.081,3.52925844687005e-62,"9","MRPL40"
1.86235413031826e-66,1.13097464455367,0.937,0.311,3.84538880828114e-62,"9","RPN2"
2.22293483622565e-66,1.7414898076318,0.271,0.037,4.58991584983873e-62,"9","PAIP2B"
2.98658507107743e-66,0.793839098535162,0.828,0.236,6.16670085476067e-62,"9","DNAJC1"
5.23100468568358e-66,0.87482690884567,0.498,0.105,1.08009784749995e-61,"9","GMPPB"
9.17909003006213e-66,0.981122361196004,0.326,0.051,1.89529850940723e-61,"9","AL021155.5"
9.82375214606607e-66,1.51149571950251,0.312,0.048,2.02840834311972e-61,"9","BEX5"
1.46994317604601e-65,0.65928755999064,0.747,0.197,3.0351386698998e-61,"9","PDXK"
3.6908500292386e-65,1.5590937956116,0.317,0.05,7.62086714037186e-61,"9","DPAGT1"
5.63119990061781e-65,1.54734037588121,0.303,0.046,1.16273015547957e-60,"9","GMPPA"
5.84588064350505e-65,0.885450876603392,0.552,0.127,1.20705743527092e-60,"9","PDK1"
7.31557111162532e-65,2.6975951124186,0.914,0.635,1.5105191231284e-60,"9","IGKC"
7.87827835680835e-65,0.963763751068705,0.38,0.067,1.62670691511379e-60,"9","ISOC2"
1.15265051027103e-64,0.709338033083205,0.538,0.121,2.37999277360762e-60,"9","TMEM14C"
1.22372314126011e-64,1.14263885202606,0.434,0.086,2.52674354207387e-60,"9","MIR22HG"
1.23183644706549e-64,1.19517414823258,0.928,0.312,2.54349589590082e-60,"9","KDELR1"
1.24170833431387e-64,0.96209224320263,0.584,0.14,2.56387936869129e-60,"9","SEC24D"
1.79762817599405e-64,0.903126801117706,0.511,0.111,3.71174265779251e-60,"9","NUDT22"
2.41782849259625e-64,1.28932433014703,0.968,0.386,4.99233227151274e-60,"9","KRTCAP2"
4.83707726940789e-64,1.56883453952354,0.253,0.033,9.98759714587342e-60,"9","HIST1H2BG"
4.8574662724252e-64,0.965160477691216,0.534,0.123,1.00296963593036e-59,"9","HIST1H2AC"
6.85832400482657e-64,0.907528503186203,0.606,0.149,1.41610674051659e-59,"9","BCAR3"
9.93535487386644e-64,1.89156472279099,0.317,0.051,2.05145207435594e-59,"9","C2orf88"
2.05121752173877e-63,0.59428700556857,0.439,0.087,4.23535393888622e-59,"9","AGA"
5.61903500938492e-63,0.526024988564062,0.57,0.134,1.1602183487378e-58,"9","PRPSAP2"
8.61221338870246e-63,0.969110403632719,0.299,0.045,1.77824982049928e-58,"9","IFT27"
1.0221968890319e-62,0.787025825672002,0.403,0.077,2.11063213647308e-58,"9","DPM2"
1.12189967567524e-62,0.463711894710255,0.62,0.153,2.31649845033423e-58,"9","DENND1B"
1.75819748340653e-62,0.527169008476132,0.489,0.103,3.6303261637378e-58,"9","NDUFB3"
2.03014949305228e-62,1.02531448679878,0.462,0.097,4.19185267325434e-58,"9","MAGED1"
3.122133266798e-62,0.528818148502018,0.652,0.162,6.4465807692845e-58,"9","IFI27L2"
3.63215067486851e-62,0.616614582770157,0.606,0.149,7.49966471346851e-58,"9","SPATS2"
5.09330868225601e-62,0.440198503447528,0.602,0.144,1.05166637671222e-57,"9","SLC50A1"
5.45087002157229e-62,1.59268808813404,0.267,0.038,1.12549564205425e-57,"9","KCNK6"
6.60071977234216e-62,0.652597085962613,0.502,0.11,1.36291661859321e-57,"9","WBP1"
5.31825012715085e-61,1.36032951423483,0.267,0.038,1.09811228625411e-56,"9","PRADC1"
5.3646123767181e-61,0.716554424871468,0.701,0.187,1.10768516354475e-56,"9","ST6GALNAC4"
1.12882516793541e-60,0.750153661787338,0.498,0.11,2.33079820675304e-56,"9","PSMB5"
1.24300211335364e-60,0.708352147029314,0.765,0.214,2.5665507636526e-56,"9","NANS"
1.62144877143101e-60,0.926258950906321,0.321,0.053,3.34796742325075e-56,"9","TNFRSF12A"
1.85692671862378e-60,0.810153891859577,0.91,0.281,3.83418228861438e-56,"9","UQCRQ"
4.02703852096487e-60,0.853740603037016,0.742,0.21,8.31502913808827e-56,"9","SEC13"
7.09338844755903e-60,0.837053058144598,0.837,0.252,1.46464284665199e-55,"9","HDLBP"
1.08955394455505e-59,0.430766600305806,0.701,0.187,2.24971098471727e-55,"9","IFNAR2"
1.33287231334996e-59,1.28237003396891,0.271,0.04,2.75211475260501e-55,"9","ALG1"
1.71427433766713e-59,1.49562984898362,0.294,0.047,3.53963365241509e-55,"9","IL6R"
5.9127768414504e-59,0.413353883584729,0.466,0.1,1.22087016222268e-54,"9","GOLGA3"
1.90172629279305e-58,0.988359271168669,0.674,0.188,3.92668444935909e-54,"9","OTUD1"
4.20095692365262e-58,0.392272652481042,0.665,0.174,8.67413585595792e-54,"9","RER1"
5.10616052193454e-58,1.2421158057648,0.362,0.068,1.05432002456904e-53,"9","AC012368.1"
7.4373860395812e-58,0.68745518216327,0.674,0.185,1.53567146945273e-53,"9","PIM1"
7.66751626190825e-58,0.50749869271676,0.729,0.202,1.58318875775882e-53,"9","PSENEN"
8.45907392068609e-58,2.13643378244193,0.253,0.037,1.74662958314326e-53,"9","NT5DC2"
8.47913942594209e-58,0.327772556900374,0.579,0.141,1.75077270866852e-53,"9","B4GALT3"
9.30478944604581e-58,0.444438837359911,0.579,0.144,1.92125292481954e-53,"9","ATP6AP1"
2.65035633167525e-57,0.31159887266015,0.443,0.094,5.47245575364305e-53,"9","SLC38A10"
5.46419462850969e-57,0.630355268655367,0.529,0.128,1.12824690689468e-52,"9","SURF1"
7.4533589543148e-57,0.615111681154354,0.434,0.092,1.53896955688692e-52,"9","AARS"
8.39482773528408e-57,0.456899275858583,0.466,0.103,1.73336403078146e-52,"9","TMED3"
9.13286523472378e-57,0.846606685948327,0.376,0.073,1.88575401366577e-52,"9","PCBD1"
1.36526792679024e-56,0.82696187749977,0.882,0.282,2.81900521523648e-52,"9","DNAJC3"
1.6097860881854e-56,0.459540647228341,0.624,0.162,3.32388631488522e-52,"9","TP53INP1"
2.12426705089865e-56,0.817590138230105,0.837,0.26,4.38618660669553e-52,"9","ANXA2"
2.34012446083177e-56,0.46228092937428,0.439,0.093,4.83188898672545e-52,"9","SLC52A2"
3.43392907357674e-56,0.912074284282171,0.95,0.32,7.09037675112125e-52,"9","TMED9"
3.74946378885128e-56,0.337896024887255,0.489,0.113,7.74189283122013e-52,"9","AC008014.1"
3.91350491482565e-56,1.21391997380122,0.253,0.037,8.080604948132e-52,"9","TM7SF2"
4.32059051946016e-56,0.59045571108226,0.557,0.139,8.92115530458133e-52,"9","SLC7A5"
1.70125204681375e-55,0.455937512468535,0.697,0.192,3.51274522626104e-51,"9","A1BG"
1.98312312776339e-55,0.494930832933216,0.67,0.184,4.09475263420585e-51,"9","HSPA13"
2.26834111877407e-55,0.701175407778604,0.548,0.135,4.6836707420447e-51,"9","UAP1"
3.31171253795064e-55,0.609807946985425,0.448,0.099,6.83802404836047e-51,"9","AC078883.1"
3.84162299396425e-55,0.769112298142812,0.326,0.059,7.93218315793738e-51,"9","GSTM2"
3.86414278751204e-55,0.39791614276636,0.606,0.157,7.97868202765486e-51,"9","MRPS34"
4.76436139699362e-55,0.944903593883268,0.371,0.074,9.83745341251243e-51,"9","HIST1H2AE"
6.50390752804857e-55,1.1809998814594,0.253,0.038,1.34292682639147e-50,"9","NAPA-AS1"
8.92582917431352e-55,0.537685926605353,0.385,0.077,1.84300520791225e-50,"9","NMRK1"
1.04955460575736e-54,0.265735309475557,0.615,0.159,2.1671203499678e-50,"9","CSNK1E"
1.97251831284287e-54,0.804225418958537,0.548,0.139,4.07285581235795e-50,"9","STX11"
2.09772102829134e-54,0.317780842470822,0.588,0.152,4.33137437921596e-50,"9","VSIR"
2.14636617899596e-54,0.362668148264721,0.507,0.12,4.43181688639085e-50,"9","MCUR1"
4.96674386257822e-54,0.693146412347701,0.697,0.205,1.02553327274515e-49,"9","LINC00910"
5.24585924805033e-54,1.37440937418256,0.271,0.044,1.08316501753743e-49,"9","PGPEP1"
5.30163179439357e-54,1.14375784880318,0.299,0.051,1.09468093290638e-49,"9","RNASE6"
5.51669935924545e-54,0.857976795082342,0.29,0.049,1.139088083697e-49,"9","NAGLU"
6.03610498456476e-54,1.09905350800167,0.973,0.484,1.24633495721293e-49,"9","PPIB"
1.39884392571405e-53,0.851101606817327,0.796,0.25,2.88833293781437e-49,"9","S100A11"
2.37914852694029e-53,0.850238591657385,0.443,0.1,4.91246587842631e-49,"9","LRRC8C"
4.50382146412593e-53,0.443708759335152,0.367,0.073,9.29949055912723e-49,"9","FUOM"
5.71731704372555e-53,0.566077673382107,0.629,0.172,1.18051162318845e-48,"9","SAR1B"
9.50689096397768e-53,0.493646194128573,0.543,0.136,1.96298284624211e-48,"9","DNPH1"
1.85671044796543e-52,0.340221858157262,0.452,0.102,3.83373573295902e-48,"9","PREB"
1.91345837979442e-52,0.573853059545065,0.851,0.262,3.95090886259953e-48,"9","DDOST"
2.59746335359692e-52,1.12453020333224,0.271,0.045,5.36324233250692e-48,"9","THAP3"
5.7927899291364e-52,0.316326672109448,0.76,0.222,1.19609526456808e-47,"9","BST2"
7.1555067727857e-52,1.05356370756516,0.991,0.661,1.47746903844479e-47,"9","HSP90B1"
9.01004302085024e-52,1.25433277524111,0.262,0.042,1.86039368294516e-47,"9","MAFF"
1.06667644553921e-51,0.49587197936359,0.756,0.223,2.20247352474937e-47,"9","OS9"
1.07903066783514e-51,0.318410116709336,0.448,0.102,2.227982522946e-47,"9","NDUFV3"
1.21704309910076e-51,0.441707873766452,0.475,0.113,2.51295059102326e-47,"9","PARM1"
1.45055068949001e-51,0.756978681919308,0.769,0.239,2.99509706365898e-47,"9","POU2AF1"
2.31299468605097e-51,0.399358538129102,0.403,0.087,4.77587142775804e-47,"9","PIGP"
3.50720557477139e-51,0.54856179747429,0.71,0.211,7.24167807078796e-47,"9","TMEM147"
5.08487958598356e-51,0.869195054510066,0.919,0.323,1.04992593691389e-46,"9","REEP5"
5.54000738125361e-51,0.655565782370366,0.335,0.065,1.14390072408124e-46,"9","CD151"
6.983597110768e-51,0.65832102796721,0.348,0.069,1.44197313143138e-46,"9","PINK1"
7.52841561836366e-51,1.04206171260011,0.308,0.056,1.55446725687973e-46,"9","SLC39A4"
1.19951848560231e-50,0.908332067012577,0.425,0.098,2.47676576907165e-46,"9","COMMD3"
1.27106850424343e-50,0.622881597682699,0.733,0.22,2.62450224756184e-46,"9","LRRC59"
2.35486440935364e-50,0.535274966830917,0.507,0.127,4.8623240324334e-46,"9","COPZ1"
2.67397920958877e-50,0.310839446111996,0.629,0.174,5.52123227195889e-46,"9","NAA38"
3.09966767133173e-50,1.19140815534288,0.281,0.049,6.40019380776576e-46,"9","AC239799.2"
5.05010158119864e-50,0.279661085859751,0.525,0.133,1.0427449744859e-45,"9","FDPS"
5.69408680569018e-50,0.943501776323261,0.253,0.041,1.17571504363891e-45,"9","AC012146.1"
5.83063170181292e-50,0.962174748467648,0.271,0.046,1.20390883379033e-45,"9","CREG1"
7.90904871757504e-50,0.497985074037104,0.534,0.138,1.63306037920489e-45,"9","PNOC"
1.01553888437916e-49,0.857082216727542,0.928,0.34,2.0968846884661e-45,"9","PDIA6"
2.1504280307499e-49,0.925201115305345,0.928,0.334,4.4402037978924e-45,"9","DAD1"
2.77111143496693e-49,0.592670029078832,0.439,0.103,5.72179089091972e-45,"9","PAPSS1"
3.11997659866557e-49,1.13022822409321,0.271,0.047,6.44212768092466e-45,"9","CD320"
3.19823677142126e-49,0.460706142124529,0.376,0.08,6.60371928563062e-45,"9","P2RX1"
3.64415687387018e-49,0.662814016083261,0.516,0.134,7.52445511316714e-45,"9","NEDD9"
4.22778185052973e-49,0.407374221913217,0.52,0.135,8.72952396497378e-45,"9","CPEB4"
4.8343059782598e-49,1.01228471055893,0.76,0.25,9.98187498391084e-45,"9","ATF3"
5.77802233617982e-49,0.535364815263902,0.738,0.225,1.19304605197441e-44,"9","MRPS24"
5.79052609031268e-49,0.796402762886252,0.873,0.292,1.19562782712776e-44,"9","ERGIC3"
6.50697800713753e-49,1.0172606856065,0.964,0.443,1.34356081891376e-44,"9","TMEM59"
8.72472422430866e-49,1.03205397502884,0.253,0.042,1.80148105783525e-44,"9","GLT8D1"
1.26337647011636e-48,0.430769654516542,0.425,0.098,2.60861973549625e-44,"9","TMEM39A"
2.66997395636042e-48,0.39255938942404,0.421,0.097,5.512962225093e-44,"9","COQ4"
5.63350566602866e-48,1.0981994148608,0.294,0.055,1.1632062499216e-43,"9","XKR8"
6.78542418289001e-48,0.369728351518861,0.38,0.083,1.40105438528313e-43,"9","CYB561D2"
1.15282688485941e-47,0.8550379273283,0.955,0.361,2.38035695185771e-43,"9","NPC2"
1.228548002795e-47,1.4359333127622,0.389,0.091,2.53670591617111e-43,"9","TIMP1"
1.34214216815523e-47,1.49214060027567,0.425,0.101,2.77125514880692e-43,"9","IGKV1-27"
1.44281451020743e-47,0.344383765250594,0.611,0.172,2.9791234006763e-43,"9","TMEM179B"
2.27117228838826e-47,0.301179743763515,0.439,0.104,4.68951654106408e-43,"9","MTIF3"
2.89777796569179e-47,0.283956018287449,0.76,0.233,5.98333194356041e-43,"9","TMEM256"
4.04901826492062e-47,0.267654166036192,0.538,0.143,8.36041291340811e-43,"9","ZNHIT1"
6.75292309921998e-47,0.397114178776104,0.538,0.145,1.39434356152694e-42,"9","SYVN1"
7.78056586776216e-47,0.381507660770374,0.376,0.082,1.60653124037553e-42,"9","TSR3"
8.48331332604344e-47,1.22447293992596,0.299,0.057,1.75163453556145e-42,"9","STARD5"
8.61318001528634e-47,0.900625162145445,0.29,0.054,1.77844940955632e-42,"9","NCLN"
9.2940376838117e-47,0.594131785740253,0.796,0.259,1.91903290095344e-42,"9","ACADVL"
1.1435594458249e-46,0.876785232798974,0.937,0.372,2.36122154373926e-42,"9","GSTP1"
1.92138318714737e-46,2.72090577458594,0.335,0.07,3.96727200482188e-42,"9","IGKV1-6"
2.05859656355681e-46,0.553843320898727,0.416,0.097,4.2505901844321e-42,"9","PRDX3"
2.06977577326612e-46,0.934648840261162,0.959,0.406,4.27367301663988e-42,"9","SPCS1"
2.71372882501284e-46,1.10131687707887,0.258,0.045,5.60330727788651e-42,"9","GLMP"
4.74179973211306e-46,0.734997936904727,0.353,0.076,9.79086808686706e-42,"9","TBXAS1"
7.09485129071192e-46,0.670998926013826,0.421,0.101,1.4649448945062e-41,"9","HYOU1"
8.28899371110492e-46,0.270063157653644,0.425,0.101,1.71151142146894e-41,"9","FTSJ1"
8.76726274144601e-46,0.332967078596387,0.425,0.102,1.81026441085377e-41,"9","CTNNAL1"
9.0257910214924e-46,0.63862924596868,0.303,0.059,1.86364533011775e-41,"9","CASP10"
1.55545479029853e-45,0.970126974990325,0.955,0.423,3.21170305100841e-41,"9","TMEM258"
1.55665834828641e-45,1.00583057634259,0.851,0.321,3.21418815754177e-41,"9","HIST1H1C"
1.75228824397232e-45,0.392580540936543,0.701,0.213,3.61812476615405e-41,"9","NENF"
1.8984754648784e-45,1.01313256862552,0.267,0.048,3.91997213988091e-41,"9","CLCC1"
2.01178589847971e-45,0.42538017602164,0.425,0.102,4.1539355231809e-41,"9","ARHGAP26"
2.51047182569449e-45,0.34979127004355,0.398,0.092,5.18362222569398e-41,"9","TVP23B"
2.54364105363527e-45,0.623838530527066,0.9,0.307,5.25211004754611e-41,"9","PRDX5"
3.89304195178563e-45,0.411058447412442,0.882,0.293,8.03835302204697e-41,"9","DPP7"
4.84065600287617e-45,0.67837625489212,0.443,0.112,9.99498651473871e-41,"9","CPNE5"
5.12301652332948e-45,0.425329221687198,0.43,0.106,1.05780045173707e-40,"9","IFT20"
6.00968807641998e-45,0.282760147371563,0.452,0.113,1.2408803940192e-40,"9","MRPL55"
6.19079389580033e-45,0.75893998323401,0.253,0.044,1.27827512360485e-40,"9","SEMA4A"
1.01304904148831e-44,1.23616611191216,0.253,0.045,2.09174366086505e-40,"9","AC012447.1"
1.37875277256648e-44,0.518149925929502,0.729,0.232,2.84684872479527e-40,"9","RPS27L"
1.94741418549113e-44,0.59009242482517,0.416,0.1,4.02102081020209e-40,"9","GLRX5"
2.54407368793947e-44,0.86499695011135,0.561,0.163,5.25300335085742e-40,"9","CD27"
2.83198049055598e-44,0.946193213159145,0.271,0.051,5.84747331689999e-40,"9","MIR181A1HG"
3.18155606445421e-44,0.695601559006954,0.312,0.064,6.56927696188505e-40,"9","MYL6B"
3.97537574651948e-44,0.429827662775505,0.471,0.122,8.20835584141343e-40,"9","ZBTB8OS"
4.15218694203877e-44,0.314561816523578,0.412,0.099,8.57343559792166e-40,"9","PGP"
4.32682653785251e-44,0.728288889964971,0.258,0.046,8.93403143535787e-40,"9","DENND10"
6.74362778940621e-44,0.472530567825212,0.421,0.104,1.39242426595659e-39,"9","CFL2"
7.21121712095584e-44,1.02415551856647,0.796,0.297,1.48897211113496e-39,"9","SGK1"
1.03288100436355e-43,0.493393434063206,0.421,0.104,2.13269269780986e-39,"9","LARP1B"
2.28838600478089e-43,0.255493050055801,0.674,0.206,4.72505942267158e-39,"9","CCDC88C"
2.90524946631871e-43,0.344654091507688,0.502,0.136,5.99875909805488e-39,"9","REXO2"
3.21716017315949e-43,0.480733522339063,0.457,0.119,6.64279232553971e-39,"9","ECI1"
3.73089182101509e-43,0.835451706456217,0.253,0.046,7.70354543203196e-39,"9","G6PC3"
5.68900532464383e-43,0.504324962292722,0.335,0.073,1.17466581943246e-38,"9","GPR160"
7.14089583196201e-43,0.773367864475714,0.394,0.096,1.47445217138352e-38,"9","CROCC"
8.64276627759313e-43,0.428968440749689,0.643,0.195,1.78455838099743e-38,"9","HSBP1"
9.70071283821281e-43,0.25937770437058,0.774,0.247,2.00300318683418e-38,"9","IGFLR1"
1.2607069318194e-42,0.929310757633292,0.656,0.213,2.60310767282069e-38,"9","ANKRD37"
1.80846616331781e-42,0.522640500159472,0.362,0.083,3.73412093401862e-38,"9","MRPS33"
1.88880282303622e-42,0.448260243719703,0.353,0.079,3.90000006900519e-38,"9","NME4"
1.89886797685423e-42,0.759471865692724,0.475,0.129,3.92078259860862e-38,"9","SOCS3"
2.33420387740038e-42,0.636993169892986,0.317,0.067,4.8196641660563e-38,"9","METTL7A"
2.7768532785948e-42,0.530583063580915,0.833,0.297,5.73364664964253e-38,"9","FNDC3A"
3.02623061464744e-42,0.456942303330035,0.371,0.087,6.24856097312404e-38,"9","VAMP5"
3.28126207958304e-42,0.792945446767519,0.348,0.079,6.77514994192305e-38,"9","YIF1B"
5.50431263661905e-42,0.285273550539725,0.724,0.229,1.1365304732091e-37,"9","DNAJC4"
6.8074601854671e-42,0.580710018678931,0.281,0.055,1.40560437909525e-37,"9","GBP5"
1.45382152016433e-41,0.251041711656827,0.367,0.085,3.0018506748353e-37,"9","AIG1"
1.78410642397375e-41,0.320209155698542,0.317,0.068,3.68382294422099e-37,"9","P4HTM"
2.26864325552958e-41,0.896502505755547,0.552,0.2,4.68429459401747e-37,"9","IGHG2"
3.78277623789884e-41,0.293528053785459,0.466,0.125,7.81067637601353e-37,"9","CEBPB"
5.11349315876529e-41,0.499161896348982,0.262,0.05,1.05583406742186e-36,"9","ALG9"
1.59267692328971e-40,0.444677466364976,0.398,0.1,3.2885593112086e-36,"9","TMEM214"
2.34226065419386e-40,0.34144879401856,0.299,0.063,4.83629979877949e-36,"9","CCDC144A"
2.51284861650678e-40,0.880628433852548,0.964,0.487,5.1885298233632e-36,"9","RABAC1"
3.00679736601879e-40,0.279245911249577,0.529,0.154,6.20843520135561e-36,"9","PIK3CG"
3.11267993578061e-40,0.485335406988682,0.43,0.113,6.4270615313998e-36,"9","H2AFJ"
3.26386874611709e-40,0.251921309752712,0.507,0.143,6.73923618698256e-36,"9","BET1L"
1.2076590296127e-39,0.467142783754575,0.29,0.06,2.4935743643443e-35,"9","IFI35"
1.71225681785146e-39,0.707292104203589,0.819,0.31,3.5354678774997e-35,"9","RGS1"
1.80269309156692e-39,0.336229288832431,0.38,0.094,3.72220069546738e-35,"9","SCYL1"
4.52162003016696e-39,0.393888147977863,0.385,0.097,9.33624103828874e-35,"9","U62317.4"
5.26494094336133e-39,0.389074072739942,0.661,0.222,1.08710500598525e-34,"9","MIR155HG"
1.14932081409064e-38,0.257156228277445,0.584,0.181,2.37311761693436e-34,"9","ARMCX3"
1.25639482699261e-38,0.693192725088019,0.276,0.057,2.59420403877434e-34,"9","LMF1"
1.43975989988083e-38,0.776292432692865,0.425,0.115,2.97281624127394e-34,"9","TMEM19"
1.55393260748554e-38,0.875493270181409,0.416,0.111,3.20856004793614e-34,"9","APOBEC3C"
1.62386412474059e-38,0.566143986607228,0.258,0.051,3.35295464476438e-34,"9","GALK2"
2.09585577078358e-38,0.547505109279784,0.303,0.067,4.32752299551393e-34,"9","CSRP1"
7.00537190681825e-38,0.426123862773308,0.353,0.086,1.44646919131983e-33,"9","COPG1"
1.14720097921513e-37,0.251884922273869,0.262,0.053,2.36874058188339e-33,"9","SLC39A11"
3.9187119743431e-37,0.360665215106706,0.416,0.112,8.09135648462363e-33,"9","SLC25A4"
6.97532538322048e-37,0.275973798139971,0.579,0.182,1.44026518512737e-32,"9","MTHFD2"
2.39767560781001e-36,0.633013903917271,0.511,0.158,4.9507205950061e-32,"9","NSMCE2"
2.63886255776572e-36,0.288909541357568,0.33,0.079,5.44872340927467e-32,"9","COA3"
5.45197103702534e-36,0.434944305609966,0.887,0.323,1.12572297972499e-31,"9","COPE"
5.8039857422554e-36,0.331573138507846,0.747,0.262,1.1984069760609e-31,"9","CDK2AP2"
5.82093704860026e-36,0.266309922389127,0.367,0.094,1.20190708179498e-31,"9","GABARAPL1"
1.70301828597956e-35,0.25749095213594,0.326,0.079,3.5163921568906e-31,"9","CKAP4"
2.25828577302821e-35,0.435108704018515,0.891,0.33,4.66290846414865e-31,"9","DERL1"
2.31369922434909e-35,0.285388227114425,0.443,0.126,4.777326158436e-31,"9","AL133415.1"
3.41555816626119e-35,0.405302561127807,0.357,0.091,7.0524445016961e-31,"9","PPIF"
3.77992539333548e-35,0.748803524090629,0.982,0.456,7.80478995215911e-31,"9","SPCS2"
1.21507723836314e-34,0.303792332848383,0.394,0.107,2.5088914817722e-30,"9","HIST1H2AG"
1.25314602528151e-34,0.76439402233248,0.371,0.099,2.58749591300125e-30,"9","TMEM140"
1.59890272333004e-34,0.715192921289955,0.937,0.401,3.30141434313186e-30,"9","SEC61G"
2.88564771066612e-34,0.265061097584773,0.285,0.065,5.95828539298339e-30,"9","GPS1"
3.24077407969922e-34,0.675158669470072,0.928,0.388,6.69155031976296e-30,"9","TRAM1"
3.25951919381559e-34,0.415953769760273,0.452,0.133,6.73025523139042e-30,"9","EHD1"
4.15673942858934e-34,0.262086027206895,0.357,0.093,8.58283557215127e-30,"9","C16orf54"
4.20962039804313e-34,0.25844262327769,0.308,0.074,8.69202419787946e-30,"9","BCKDK"
1.72179212682309e-33,0.339864815765507,0.321,0.08,3.55515638346431e-29,"9","GLRX2"
3.48368678480269e-33,0.581902844731259,0.253,0.055,7.19311647326059e-29,"9","ALDH18A1"
4.09693475690833e-33,0.511151464066514,0.294,0.071,8.45935088606432e-29,"9","ITM2A"
4.54736330737544e-33,0.409983613427496,0.805,0.311,9.38939575706881e-29,"9","CFLAR"
2.43892090745842e-32,0.265680196485988,0.294,0.071,5.03588388972015e-28,"9","UNC50"
5.56712349438008e-32,0.983871447374914,0.281,0.067,1.1494996591196e-27,"9","FAM89B"
9.52666663732314e-32,0.501122228346599,0.729,0.277,1.96706612727448e-27,"9","PNP"
2.91773062720632e-31,0.773471400640279,0.977,0.522,6.0245301990556e-27,"9","SEC61B"
3.30976725841169e-31,0.662339412254062,0.932,0.41,6.83400743516846e-27,"9","ARF4"
3.57530023826822e-31,0.285386640572681,0.271,0.064,7.38227993197622e-27,"9","TVP23C"
4.76333328857582e-31,0.655925489278053,0.946,0.421,9.83533057425136e-27,"9","CUTA"
8.90362423847886e-31,0.341880528558791,0.317,0.082,1.83842033276111e-26,"9","TSHZ2"
2.25199737560319e-30,0.560764161927215,0.262,0.062,4.64992418114548e-26,"9","BFSP2"
3.59172655857642e-30,0.29179701237008,0.805,0.302,7.41619699814859e-26,"9","TMED2"
1.84071797405978e-29,0.256750552984455,0.76,0.289,3.80071447283863e-25,"9","ANXA5"
2.01205600820272e-29,0.456440072565377,0.81,0.33,4.15449324573697e-25,"9","LMNA"
2.29857332351913e-29,0.802400825954235,0.262,0.064,4.7460941984023e-25,"9","NET1"
7.30337196668115e-29,0.345692409700068,0.258,0.062,1.50800024368032e-24,"9","ISOC1"
1.19438737473595e-28,1.02807846247462,0.959,0.6,2.4661710513548e-24,"9","HSPA5"
2.03428958522677e-28,0.333120326236207,0.729,0.281,4.20040113557623e-24,"9","TXN"
2.07367387643726e-28,0.542188462703673,0.941,0.417,4.28172182006766e-24,"9","TMED10"
2.73647244071297e-28,0.254803128896601,0.367,0.108,5.65026829558415e-24,"9","CCDC88A"
1.18230439010671e-27,0.300671052511532,0.86,0.344,2.44122210469233e-23,"9","DANCR"
1.18336284537585e-27,2.86263876323332,0.846,0.395,2.44340760313206e-23,"9","IGLV3-1"
6.75847771202526e-27,0.449255929972191,0.846,0.373,1.39549047797898e-22,"9","LGALS1"
6.8681920628908e-27,0.444390975991152,0.253,0.063,1.41814429714569e-22,"9","MRPL24"
2.41351240247173e-26,0.355846892991139,0.896,0.369,4.98342040862362e-22,"9","PRELID1"
4.59036684423108e-26,4.36462262485445,0.52,0.2,9.47818945996833e-22,"9","IGKV1-17"
2.14680836880712e-25,0.256995725255336,0.258,0.067,4.43272991991295e-21,"9","NRARP"
3.48527186027222e-25,0.379361933084364,0.267,0.071,7.19638933709008e-21,"9","TMCO3"
3.54423193533229e-25,0.487123619121144,0.928,0.429,7.31813010007411e-21,"9","ELL2"
8.3913463580719e-25,0.29042827258489,0.258,0.068,1.73264519601469e-20,"9","WDR13"
1.7012579326426e-24,0.469404788888052,0.914,0.413,3.51275737932045e-20,"9","RPN1"
7.95835383926962e-24,2.10932394557089,0.412,0.161,1.64324090073239e-19,"9","IGLC2"
1.89973437755268e-23,0.772419618335158,0.593,0.249,3.92257154277078e-19,"9","HSPB1"
2.28809762163798e-23,0.564156297314084,0.887,0.443,4.7244639691581e-19,"9","PELI1"
6.32145056229223e-22,0.754436590113575,0.656,0.301,1.3052531121021e-17,"9","HSPA1B"
7.01946134288437e-22,0.276332059728772,0.253,0.072,1.44937837807877e-17,"9","SLC7A7"
4.77112747717491e-21,0.721020538289466,0.769,0.352,9.85142401487075e-17,"9","PIM2"
6.33917739216821e-21,0.330086509881634,0.928,0.438,1.30891334793489e-16,"9","CD63"
1.48523305560496e-20,0.630444760853067,0.878,0.497,3.06670921321313e-16,"9","CDKN1A"
2.55093791769525e-20,0.551421140714475,0.882,0.456,5.26717661245716e-16,"9","TPM4"
2.69860503700503e-19,0.576995277401541,0.819,0.403,5.57207968040799e-15,"9","RAB30"
2.72775131881642e-19,0.288105151617781,0.385,0.141,5.63226092309213e-15,"9","IQGAP2"
7.21797588258037e-19,0.278582292172802,0.923,0.425,1.49036766023519e-14,"9","SRPRA"
9.62043008847144e-18,3.00239510034852,0.805,0.497,1.98642640466758e-13,"9","IGKV3-11"
9.31206387465391e-16,0.432959753403402,0.986,0.627,1.92275494883854e-11,"9","SELENOK"
1.1160524444504e-15,3.60641972680292,0.511,0.235,2.30442508730119e-11,"9","IGKV1-9"
1.20352869341658e-14,0.381427670501234,0.95,0.559,2.48504604616656e-10,"9","TENT5C"
1.29307795119369e-13,0.437434185826117,0.67,0.329,2.66994735362473e-09,"9","EIF4E"
2.01822595470838e-13,1.40181136514401,0.394,0.186,4.16723295128186e-09,"9","IGLC3"
2.48895757784229e-13,0.360179364186594,1,0.886,5.13919960672877e-09,"9","CYBA"
5.01475288167215e-13,0.912511953813827,0.493,0.246,1.03544617500767e-08,"9","HSPA1A"
2.22799713638866e-12,0.267523390200057,0.561,0.282,4.60036848721531e-08,"9","GLA"
8.72128232931926e-12,3.19574410380226,0.842,0.586,1.80077037535784e-07,"9","IGKV3-20"
8.8677678753483e-12,0.363931219266851,0.991,0.696,1.83101671090192e-07,"9","SERP1"
2.85330762924022e-11,0.54640874864678,0.982,0.777,5.89150959285521e-07,"9","VIM"
2.6907758851848e-10,0.356938336050606,0.982,0.908,5.55591404772957e-06,"9","FOS"
6.08951723855026e-10,0.26513436432699,0.977,0.583,1.25736351941586e-05,"9","OST4"
1.62828496784803e-09,4.47771787485956,0.81,0.57,3.3620828016126e-05,"9","IGKV3-15"
3.50092069055799e-08,1.36705119497353,0.805,0.703,0.000722870104186413,"9","IGLV2-14"
8.96203883922702e-07,4.05583448803041,0.833,0.568,0.018504817795236,"9","IGKV1-5"
2.83617799623476e-06,1.7836098564531,0.692,0.537,0.0585614032662553,"9","IGHM"
1.0542315058018e-05,2.40591101169968,0.308,0.169,0.217677721317956,"9","IGLV2-8"
4.20745024226195e-05,4.28998025840046,0.258,0.14,0.868754326022248,"9","IGLV3-25"
6.9320692644147e-05,1.69682730490294,0.588,0.387,1,"9","IGHA1"
0.000203109102072798,1.27246837918731,0.416,0.248,1,"9","IGLV2-23"
0.0049358038732611,3.32623517563149,0.443,0.31,1,"9","IGLV2-11"
0,6.08743191114639,0.989,0.085,0,"10","IGHV3-48"
4.58476769731959e-231,4.0932177066492,0.989,0.198,9.46662834142549e-227,"10","IGHV3-21"
9.26886414707379e-119,4.39484601297266,0.995,0.653,1.9138350690878e-114,"10","IGKV4-1"
1.0315590957044e-102,2.92363235752354,0.307,0.029,2.12996322081045e-98,"10","IGHV3-13"
6.42921086166518e-85,2.07710794809875,0.963,0.893,1.32750345871663e-80,"10","MTRNR2L12"
9.09018597445087e-77,1.55332258869517,0.894,0.534,1.87694160000461e-72,"10","IGHM"
1.32839271508073e-73,1.20008336055452,1,0.98,2.74286527809868e-69,"10","MT-CO1"
4.07833951546887e-71,2.23429755013357,0.91,0.819,8.42095543154013e-67,"10","MT-ND5"
2.17654463656798e-47,1.52503571399749,0.884,0.869,4.49412936558557e-43,"10","MT-ATP6"
5.52004212625777e-46,1.41164613057815,0.899,0.889,1.1397782982297e-41,"10","MT-ND4L"
2.29166168786126e-43,1.06707932142434,0.958,0.96,4.73182305309592e-39,"10","MT-CO2"
5.16237621546307e-37,1.25022717870051,0.915,0.939,1.06592744096881e-32,"10","MT-CYB"
1.5774750481117e-35,1.24113140165478,0.868,0.881,3.25717047934104e-31,"10","MT-ND3"
4.11219208859637e-26,3.0970729355477,0.598,0.439,8.49085422453378e-22,"10","MT-ND6"
4.51169151301113e-26,0.929526277188414,0.899,0.927,9.31574063606539e-22,"10","MT-CO3"
8.05647631508414e-21,0.777729661550577,0.889,0.874,1.66350122953857e-16,"10","CD83"
5.70538059482458e-18,1.21106617841898,0.72,0.814,1.17804698521938e-13,"10","MT-ND1"
2.19902785829188e-13,2.33108893427532,0.534,0.496,4.54055272180107e-09,"10","MT-ATP8"
1.32126112010994e-12,0.266711696144511,0.111,0.427,2.72813996080301e-08,"10","YTHDC1"
2.24202503815212e-12,0.273676574628024,0.153,0.507,4.6293332987765e-08,"10","G3BP2"
2.69091145771726e-12,0.258551992032244,0.111,0.423,5.5561939778946e-08,"10","ARF4"
3.2897552588127e-12,0.274672259699906,0.159,0.515,6.79268665839647e-08,"10","VCP"
4.57925698168731e-12,0.301392921369458,0.159,0.513,9.45524981578796e-08,"10","XRCC6"
7.86306122581836e-12,0.347321092135894,0.148,0.487,1.62356488190697e-07,"10","DDX6"
1.14436778781666e-11,0.362280761041125,0.132,0.452,2.36289060828384e-07,"10","ENSA"
1.22748925904765e-11,0.257043837833776,0.106,0.401,2.53451982208159e-07,"10","TRAM1"
2.39173499082761e-11,0.371350810960977,0.127,0.437,4.93845440906086e-07,"10","MOB1A"
2.65981040857811e-11,0.28437477295496,0.238,0.66,5.49197653163207e-07,"10","SF1"
5.60691091618967e-11,0.335406322624705,0.127,0.429,1.15771496597484e-06,"10","PPP1CC"
6.97137965002862e-11,0.314285537690475,0.175,0.52,1.43945047013791e-06,"10","RAP1B"
7.13840422454861e-11,0.39276050540307,0.111,0.397,1.4739377042848e-06,"10","SRSF2"
8.35983885148345e-11,0.400746071514182,0.122,0.417,1.7261395260543e-06,"10","PPP2CA"
8.53601408676498e-11,0.278210211851319,0.085,0.345,1.76251618863523e-06,"10","ZNF644"
9.09775204114648e-11,0.269242800047346,0.074,0.325,1.87850384145592e-06,"10","KDELR1"
9.22426132127926e-11,0.381679701679636,0.153,0.477,1.90462547761774e-06,"10","CAST"
9.81992485267169e-11,0.331180275541177,0.069,0.315,2.02761808357965e-06,"10","CAMTA1"
1.22748484168479e-10,0.273025507949358,0.19,0.547,2.53451070111074e-06,"10","SRSF10"
1.30196093832759e-10,0.316629214676813,0.122,0.413,2.68828894545881e-06,"10","PRMT1"
1.49774301482147e-10,0.426387125692693,0.069,0.311,3.09253977700337e-06,"10","ICAM3"
2.0257699706942e-10,0.439089606535512,0.085,0.339,4.18280983548938e-06,"10","ROMO1"
2.28860731307725e-10,0.27120177007886,0.116,0.397,4.7255163800419e-06,"10","AFF4"
2.49926968575952e-10,0.324080173933922,0.085,0.337,5.16049204715626e-06,"10","CDKN1B"
2.87559411478004e-10,0.285704548666879,0.085,0.336,5.93752672819782e-06,"10","UBE2G1"
2.93357897582532e-10,0.309448294032155,0.085,0.336,6.05725386928413e-06,"10","SAFB2"
3.39942171934998e-10,0.352024950866621,0.095,0.354,7.01912596611383e-06,"10","TPD52"
4.09609713283969e-10,0.339546535627056,0.058,0.284,8.45762135988738e-06,"10","BSG"
4.79359057906257e-10,0.304341851915068,0.063,0.293,9.89780582764839e-06,"10","P4HB"
7.84352937734418e-10,0.280818972112219,0.079,0.318,1.61953194583403e-05,"10","CANX"
8.80575051448187e-10,0.495703222176223,0.148,0.45,1.81821136623022e-05,"10","SH3BGRL"
9.02034756784477e-10,0.351222791390128,0.079,0.316,1.86252136580859e-05,"10","XRN2"
1.08162462164259e-09,0.255564491447238,0.058,0.276,2.23333851876761e-05,"10","ATP2B1-AS1"
1.10850674376044e-09,0.413260363417408,0.175,0.497,2.28884472451655e-05,"10","WIPF1"
1.14459514680377e-09,0.274600390585593,0.069,0.295,2.36336005912042e-05,"10","LRPAP1"
1.20630914577357e-09,0.265782819804456,0.09,0.335,2.49078712419326e-05,"10","KDM2A"
1.26212800949361e-09,0.431683393087059,0.138,0.425,2.60604191400241e-05,"10","RPN1"
1.3105230936588e-09,0.472316412662463,0.101,0.354,2.70596808378669e-05,"10","GOLGA4"
1.40729260528493e-09,0.393743927607071,0.079,0.314,2.90577777139231e-05,"10","MBD2"
1.71317842309877e-09,0.366793513696562,0.106,0.361,3.53737080801435e-05,"10","PJA2"
1.92179760387915e-09,0.289271876430393,0.074,0.302,3.96812769248967e-05,"10","RIOK3"
2.00642965696994e-09,0.507306287190467,0.074,0.301,4.14287595571153e-05,"10","FAM3C"
2.0148278072179e-09,0.409617028736941,0.206,0.555,4.16021645634352e-05,"10","BACH1"
2.15002360272562e-09,0.456083071372331,0.122,0.39,4.43936873490786e-05,"10","PHF3"
2.20571841425056e-09,0.498276504480759,0.048,0.252,4.55436738174455e-05,"10","AP2M1"
2.41539679583638e-09,0.293186361938695,0.132,0.407,4.98731130404295e-05,"10","MAPRE2"
2.48669649409319e-09,0.320463549314643,0.101,0.348,5.13453092100361e-05,"10","ACIN1"
2.53852665262697e-09,0.261602415714344,0.111,0.368,5.24154983234417e-05,"10","RANBP2"
2.64301244779174e-09,0.266878456012204,0.111,0.367,5.45729210220038e-05,"10","RAB3GAP1"
2.74230103742788e-09,0.39237953635337,0.095,0.338,5.66230318208109e-05,"10","DEGS1"
2.92248712986444e-09,0.434420836689402,0.085,0.318,6.0343514257441e-05,"10","HNRNPUL1"
3.03345896710891e-09,0.562608488073774,0.106,0.358,6.26348607528648e-05,"10","UFM1"
3.47829889971844e-09,0.575160582653172,0.233,0.61,7.18199156813864e-05,"10","BCLAF1"
3.56083837458862e-09,0.378339520037574,0.106,0.355,7.35241907585058e-05,"10","CYLD"
3.95389721341439e-09,0.379257801476376,0.148,0.434,8.16400696625802e-05,"10","THRAP3"
4.18910884690565e-09,0.35505360975156,0.111,0.364,8.64967194709078e-05,"10","UBE2A"
4.35143442307459e-09,0.368986983733114,0.079,0.305,8.98484179676442e-05,"10","RNF149"
4.47877584752208e-09,0.321700563153759,0.111,0.363,9.24777636996359e-05,"10","GTF2B"
4.62815558554722e-09,0.289479717567345,0.217,0.571,9.55621565303789e-05,"10","TENT5C"
4.96981570562356e-09,0.317178676789607,0.063,0.274,0.000102616754689715,"10","DAP"
5.16650739807005e-09,0.546442232415524,0.217,0.573,0.00010667804475535,"10","MAPK1IP1L"
5.2346612446805e-09,0.389792069315664,0.101,0.343,0.000108085285380163,"10","KPNA4"
5.36973453524938e-09,0.271017009730299,0.069,0.283,0.000110874278683829,"10","BLNK"
5.3886261826164e-09,0.258425488475714,0.079,0.302,0.000111264353418663,"10","OSBPL8"
5.7320796298759e-09,0.340577864269924,0.106,0.352,0.000118355980197678,"10","CDC42SE1"
6.07202369181797e-09,0.322437122702075,0.106,0.35,0.000125375145188657,"10","YME1L1"
6.10595407025172e-09,0.273983070954618,0.095,0.331,0.000126075739642558,"10","TPR"
6.57371380029974e-09,0.399679417227164,0.143,0.42,0.000135734042548589,"10","RBMX"
7.15988675402116e-09,0.260048961099177,0.063,0.271,0.000147837341697029,"10","HOOK3"
7.68381713658286e-09,0.438423569677879,0.063,0.271,0.000158655456236163,"10","ACADVL"
8.19719689760555e-09,0.298946581153473,0.201,0.531,0.000169255721541759,"10","FAM49A"
8.40992512443316e-09,0.310685253911118,0.095,0.329,0.000173648133969296,"10","SINHCAF"
8.6546473776059e-09,0.272589025646582,0.063,0.27,0.000178701159052807,"10","MAF1"
8.68856719567989e-09,0.266132873578299,0.111,0.357,0.000179401535456398,"10","RNF19A"
9.2512398138583e-09,0.45164656420936,0.148,0.426,0.000191019599676546,"10","FOXN3"
9.69962433981746e-09,0.272991544017516,0.18,0.484,0.000200277843368551,"10","NCOA3"
1.00520049944947e-08,0.436471431935118,0.111,0.356,0.000207553799126326,"10","ANKHD1"
1.00944723314196e-08,0.445864878339896,0.169,0.468,0.000208430664699152,"10","BRD4"
1.08632925106009e-08,0.422676491255653,0.101,0.336,0.000224305263758887,"10","ANP32E"
1.1069000401518e-08,0.359998732987618,0.143,0.415,0.000228552720290544,"10","SDCBP"
1.17139073184949e-08,0.439799027068482,0.074,0.287,0.000241868758312283,"10","SND1"
1.45904434552136e-08,0.380536197599596,0.085,0.304,0.00030126347646325,"10","MBD4"
1.46997005842193e-08,0.386627675047624,0.069,0.275,0.000303519417662961,"10","TAF15"
1.55436183314774e-08,0.410501361681475,0.138,0.402,0.000320944631308346,"10","PRNP"
1.76007987430682e-08,0.714048339976875,0.069,0.274,0.000363421292446872,"10","EIF2A"
1.78752232351176e-08,0.530644076558704,0.095,0.322,0.000369087609358708,"10","CFLAR"
1.79306242952252e-08,0.401519644803488,0.19,0.504,0.00037023153044781,"10","EIF4A2"
1.81328811258375e-08,0.281686893962585,0.201,0.523,0.000374407729486293,"10","MAP4K4"
1.89725951814232e-08,0.255303326338767,0.106,0.341,0.000391746145306025,"10","ARHGAP25"
1.92541366445091e-08,0.553663835763822,0.079,0.293,0.000397559413435824,"10","IFNAR1"
1.92874793754171e-08,0.370602866711021,0.069,0.273,0.000398247874143613,"10","KDELR2"
1.95784840852437e-08,0.359755375342266,0.09,0.312,0.000404256539392112,"10","NIPA2"
1.95808340810639e-08,0.299451525730674,0.058,0.253,0.000404305062105808,"10","JOSD1"
2.04519948036937e-08,0.327767487414199,0.09,0.311,0.000422292788706667,"10","ANKRD13A"
2.06327949490742e-08,0.348817635980659,0.074,0.282,0.000426025950108483,"10","PPP4R3B"
2.07767962522844e-08,0.346121510187378,0.079,0.292,0.000428999289017168,"10","CHD4"
2.10521286871759e-08,0.522424304147912,0.079,0.291,0.000434684353132808,"10","MYO9B"
2.15754520914663e-08,0.300852195461137,0.058,0.253,0.000445489934784596,"10","DAPP1"
2.28885037506949e-08,0.268055582772521,0.127,0.378,0.000472601825444348,"10","ALG13"
2.62923702389533e-08,0.349841265850304,0.28,0.679,0.000542884860693908,"10","DDX21"
2.64560258723153e-08,0.404217000414396,0.153,0.426,0.000546264022211565,"10","SLC38A1"
2.69102625074626e-08,0.480622371955594,0.106,0.339,0.000555643100254088,"10","RBBP6"
2.70167786810831e-08,0.32027758228459,0.153,0.424,0.000557842446207004,"10","RAB11FIP1"
2.77727485909528e-08,0.285678577350028,0.132,0.384,0.000573451712905993,"10","ATP1B3"
2.79109395542797e-08,0.398846487537234,0.079,0.289,0.000576305079916768,"10","MRPS6"
2.91893451893188e-08,0.317016567527102,0.09,0.308,0.000602701599469055,"10","RBM6"
3.13071030220308e-08,0.428321133045718,0.069,0.269,0.000646429063198892,"10","RABGEF1"
3.73534779322209e-08,0.327555331490765,0.169,0.455,0.000771274612344498,"10","PHF20"
3.79899502673712e-08,0.252105323345925,0.063,0.258,0.000784416493120681,"10","GNAI3"
3.91142126422816e-08,0.407612292758976,0.085,0.296,0.00080763026263783,"10","NSMCE3"
3.9917789989577e-08,0.304737018648702,0.095,0.314,0.000824222527704786,"10","EPB41"
3.99222597810094e-08,0.373568878996514,0.122,0.364,0.000824314819958283,"10","SETD2"
4.01928236735451e-08,0.316791823602787,0.196,0.505,0.00082990142321136,"10","CDC42SE2"
4.09969006471578e-08,0.342944701246601,0.085,0.295,0.000846504004562514,"10","PRPF8"
4.2823953720429e-08,0.52382264628184,0.085,0.295,0.000884228996419418,"10","ERP44"
4.29220195947654e-08,0.64694429675619,0.063,0.257,0.000886253860592715,"10","TECR"
4.63245908285611e-08,0.269131814977765,0.063,0.256,0.00095651015142813,"10","ZFR"
4.89261559077332e-08,0.460081398080601,0.079,0.285,0.00101022726718288,"10","KDM4C"
4.95495599542393e-08,0.316378949871024,0.079,0.284,0.00102309931393513,"10","PIM3"
5.05878214743596e-08,0.510240145526621,0.069,0.265,0.00104453733780258,"10","BLOC1S6"
5.40990250559183e-08,0.718139053336179,0.148,0.414,0.0011170366693546,"10","ARHGDIA"
6.28819279061635e-08,0.55252756541426,0.063,0.254,0.00129838604740646,"10","LMAN2"
6.57717778066814e-08,0.322972388949118,0.085,0.29,0.00135805566815236,"10","FAM214A"
6.76893879774415e-08,0.499945494400384,0.106,0.33,0.00139765048295821,"10","CTNNB1"
6.94572430756866e-08,0.382546727997042,0.085,0.291,0.00143415315502678,"10","SMNDC1"
7.59710931231395e-08,0.461188364210567,0.079,0.281,0.00156865113080658,"10","LMAN1"
7.89143033156804e-08,0.566054223407723,0.132,0.377,0.00162942253486217,"10","ATF7IP"
8.32959476263719e-08,0.362333362253048,0.063,0.251,0.00171989472658933,"10","NUP58"
9.26548305384344e-08,0.529646931384035,0.095,0.308,0.00191313694095759,"10","RBM33"
9.34783568286344e-08,0.332687794023946,0.063,0.25,0.00193014111179764,"10","HECTD1"
9.76884148568434e-08,0.340465507888701,0.063,0.25,0.0020170703899641,"10","RIC1"
9.77753802911651e-08,0.504379005959525,0.09,0.298,0.00201886605225198,"10","CREBRF"
9.86234345923122e-08,0.31992446905209,0.095,0.307,0.00203637667746206,"10","FBXW11"
1.05925462398679e-07,0.3278656414075,0.101,0.316,0.00218714894760792,"10","BIRC6"
1.20744571647782e-07,0.340541792600585,0.09,0.295,0.0024931339153834,"10","NEMF"
1.22748905481349e-07,0.701472780869446,0.074,0.267,0.00253451940037889,"10","RHEB"
1.27688821508009e-07,0.405488109565669,0.169,0.441,0.00263651878649738,"10","ARHGAP15"
1.28482213398085e-07,0.566428143833586,0.09,0.296,0.00265290074224366,"10","EIF3D"
1.30716005034824e-07,0.257794614875045,0.069,0.257,0.00269902407195905,"10","NKTR"
1.42254600776761e-07,0.313325190899277,0.069,0.256,0.00293727299683855,"10","CCNK"
1.43900717282754e-07,0.337321640610156,0.069,0.256,0.00297126201045431,"10","TNIP1"
1.479604063629e-07,0.515964435398254,0.106,0.323,0.00305508647058116,"10","CLIC4"
1.49016057545218e-07,0.653745107238944,0.116,0.343,0.00307688355619367,"10","SPEN"
1.5110376529726e-07,0.563744854362061,0.09,0.294,0.00311999054585783,"10","CDC73"
1.51952911214348e-07,0.388833805998181,0.074,0.265,0.00313752371075385,"10","KAT6A"
1.54344844470574e-07,0.321967467985872,0.069,0.255,0.0031869123486284,"10","THOC2"
1.68167116789493e-07,0.425255740310003,0.069,0.255,0.00347231462746944,"10","BCL3"
1.74483133527941e-07,0.472537447179006,0.111,0.331,0.00360272774108492,"10","LUC7L2"
1.8124007017449e-07,0.279098077908475,0.164,0.426,0.00374224496896286,"10","RABGAP1L"
1.83575256949265e-07,0.344191367678649,0.079,0.273,0.00379046190548842,"10","TSPYL1"
1.86053028885514e-07,1.0484367115649,0.074,0.264,0.00384162294042809,"10","COPS9"
2.13809587394901e-07,0.557140412466935,0.127,0.358,0.00441474036052992,"10","BASP1"
2.22667494694623e-07,0.5610211126946,0.116,0.339,0.00459763843045458,"10","TSPYL2"
2.3493013441376e-07,0.504495341678409,0.201,0.492,0.00485083741537531,"10","AHNAK"
2.44252651814825e-07,0.45226481856551,0.101,0.308,0.00504332875467251,"10","NUP98"
2.63249731622645e-07,0.377386207111311,0.222,0.541,0.00543558045854437,"10","HNRNPU"
2.63799064629015e-07,0.579633294291956,0.101,0.308,0.00544692308645991,"10","USP12"
2.78333997024915e-07,0.751097750296879,0.111,0.328,0.00574704037057045,"10","TM9SF2"
2.83317585311144e-07,0.453563305240815,0.143,0.384,0.0058499415015045,"10","AC007384.1"
2.95587823899956e-07,0.573984875914225,0.079,0.269,0.00610329738788629,"10","COPB1"
2.96340673022509e-07,0.499336958289945,0.074,0.26,0.00611884221656877,"10","ADAR"
3.07167568438335e-07,0.606715604102556,0.101,0.306,0.00634239595311474,"10","SPAG9"
3.27925249786788e-07,0.277302445020684,0.111,0.323,0.0067710005575976,"10","NFKBIZ"
3.43144119080377e-07,0.305629697779906,0.106,0.315,0.00708523977077163,"10","IRF8"
3.52954782337685e-07,0.608575516945345,0.085,0.277,0.00728781034570853,"10","SMARCA5"
3.57594725537489e-07,0.515426864764175,0.079,0.267,0.00738361589289807,"10","ATP11B"
3.88910563893496e-07,0.348691558036466,0.206,0.494,0.00803022532327291,"10","TMEM123"
4.25306705886785e-07,0.381866077132101,0.101,0.304,0.00878173286315035,"10","FMNL1"
4.44940934314358e-07,0.567469432139407,0.095,0.293,0.00918714041172286,"10","TBC1D5"
4.5699968978684e-07,0.587456262514465,0.175,0.441,0.00943612959471867,"10","ELL2"
4.82622566255295e-07,0.374345357065195,0.074,0.255,0.00996519074803934,"10","TMEM87A"
4.93693748297416e-07,0.512858870243354,0.079,0.264,0.0101937885148451,"10","POLR2A"
5.58181300698701e-07,0.385660267552919,0.085,0.272,0.0115253274968268,"10","SYNCRIP"
6.28370124096264e-07,0.284716164260114,0.143,0.375,0.0129745863223397,"10","NFKBID"
6.30973740280269e-07,0.733635570306205,0.101,0.301,0.013028345789307,"10","CLINT1"
7.56064041616979e-07,0.538028444607686,0.101,0.298,0.0156112103313074,"10","PTBP3"
7.85470660684205e-07,0.405045444379387,0.095,0.288,0.0162183982018075,"10","KLF10"
8.02820243005317e-07,0.42693735295991,0.09,0.278,0.0165766323775738,"10","PAN3"
8.59999401960993e-07,0.516139555115417,0.085,0.268,0.0177572676516906,"10","CDK17"
8.68460273448733e-07,0.706640093702102,0.101,0.297,0.0179319677261694,"10","KPNA1"
9.14619738008575e-07,0.737624454028121,0.111,0.317,0.0188850683504011,"10","SPCS3"
9.48223160618672e-07,0.48653346974766,0.249,0.581,0.0195789118204543,"10","PSAP"
1.03859575335499e-06,0.319785817766996,0.085,0.267,0.0214449251152738,"10","CYBB"
1.06415041515603e-06,0.715303813975711,0.116,0.324,0.0219725777721416,"10","MBNL2"
1.08411357412969e-06,0.310229187636158,0.079,0.256,0.0223847770786298,"10","TRIO"
1.09270508043064e-06,0.69135380579116,0.116,0.324,0.0225621745007318,"10","RPN2"
1.13224180613858e-06,0.797214114381933,0.19,0.464,0.0233785288131493,"10","IFRD1"
1.18367275768942e-06,0.544884118482494,0.206,0.492,0.0244404751007711,"10","SERPINB9"
1.29435600656584e-06,0.841259942716965,0.153,0.392,0.0267258628235714,"10","GSPT1"
1.30870086151085e-06,0.709680564841702,0.143,0.371,0.0270220553884761,"10","DHX9"
1.44677733665322e-06,0.742564703653551,0.206,0.495,0.0298730584472157,"10","EIF2S3"
1.62522285944407e-06,0.575908611410371,0.122,0.329,0.0335576016018011,"10","SMC5"
1.71015922009966e-06,0.36531416769933,0.095,0.28,0.0353113675766178,"10","RAPGEF6"
1.75893209779838e-06,0.717551735943482,0.09,0.272,0.036318429955341,"10","USP16"
1.79345746365158e-06,0.535096362503126,0.095,0.28,0.0370313097094779,"10","ZFAND3"
2.20730377260983e-06,0.813894889761602,0.079,0.251,0.0455764082968478,"10","CCDC47"
2.35930906679602e-06,0.792007225778852,0.079,0.25,0.0487150136112042,"10","POU2AF1"
2.65002024407231e-06,0.583721552057725,0.111,0.305,0.054717617999605,"10","MAPK8"
2.8232301436466e-06,0.749113638559856,0.106,0.294,0.058294056006015,"10","HIVEP2"
2.94607031926748e-06,0.516179308404657,0.122,0.322,0.0608304599522349,"10","ZEB1"
3.01118759506197e-06,0.526657281443084,0.09,0.266,0.0621750014628395,"10","MANBA"
3.04650712002549e-06,0.71870398494517,0.09,0.266,0.0629042790142863,"10","TGOLN2"
3.14712721147791e-06,0.747793759221391,0.085,0.256,0.064981882662596,"10","PCF11"
3.19975222037599e-06,0.65769752902727,0.111,0.303,0.0660684838463234,"10","NIN"
3.4134084010807e-06,0.647329870084803,0.085,0.256,0.0704800566655143,"10","TUT7"
3.55817935084804e-06,0.403430376191075,0.296,0.665,0.0734692872363103,"10","PTPN1"
3.95362248542118e-06,0.591082687522535,0.169,0.406,0.0816343970789765,"10","ZBTB20"
4.27570241524211e-06,0.396235270402569,0.085,0.253,0.0882847034699192,"10","SNX29"
4.29532233953336e-06,0.260469247619758,0.116,0.308,0.0886898156666847,"10","SNED1"
4.32107083183857e-06,0.800690099722121,0.101,0.282,0.0892214705358028,"10","USP11"
4.41032129418206e-06,0.878216428635497,0.175,0.419,0.0910643140822712,"10","MORF4L2"
4.42922912241927e-06,0.621310499484421,0.132,0.338,0.0914547229197132,"10","NFAT5"
4.85792199996734e-06,0.790227895071979,0.138,0.348,0.100306373455326,"10","RUBCN"
5.10820831406906e-06,0.392363448446845,0.085,0.252,0.105474285268898,"10","SLC44A2"
5.31355417016021e-06,0.751980677142156,0.153,0.375,0.109714266505468,"10","NEU1"
6.08726741179671e-06,0.762598539425186,0.101,0.279,0.125689897518778,"10","SAFB"
6.79214961106083e-06,0.688211789391038,0.185,0.433,0.140244305169184,"10","TANK"
7.34067679868693e-06,0.727123893527849,0.101,0.276,0.151570294539288,"10","CHST11"
1.05617122900605e-05,0.665050697082274,0.116,0.301,0.218078235365169,"10","ATP1A1"
1.44179714661353e-05,0.572799309088072,0.153,0.365,0.297702274832761,"10","PARP14"
1.50507158859652e-05,0.293039248638798,0.217,0.475,0.310767181613409,"10","NEAT1"
1.51829805402229e-05,0.344506243339486,0.111,0.285,0.313498182194523,"10","BCL2A1"
1.54689152298369e-05,0.783990743398017,0.095,0.26,0.319402161665673,"10","BTAF1"
1.77136006597529e-05,0.686805556813401,0.095,0.258,0.365750426422579,"10","CNOT1"
1.80881964297794e-05,0.932539526321952,0.122,0.306,0.373485079882084,"10","DDX39A"
2.07636897163672e-05,0.813177212798709,0.106,0.276,0.428728665263551,"10","PDS5A"
2.16948449804319e-05,0.858616411896881,0.153,0.362,0.447955159155959,"10","PIM2"
2.30751900667169e-05,0.810939969818595,0.138,0.33,0.476456524497571,"10","HIVEP1"
2.70668864328467e-05,0.637443750396934,0.259,0.568,0.558877071065418,"10","CALR"
2.7331488522442e-05,0.505274802971322,0.116,0.29,0.564340575011382,"10","TNFSF9"
2.88144032485979e-05,0.578665961734237,0.116,0.289,0.59495979827705,"10","GLA"
2.93884565210562e-05,0.823728785022784,0.143,0.338,0.606812850246768,"10","OGA"
3.45706934640316e-05,1.01675811726651,0.101,0.261,0.713815678645324,"10","SRP72"
3.8975048827967e-05,0.55566723950365,0.233,0.5,0.804756808199862,"10","MYADM"
4.00568143674936e-05,0.653153683887423,0.217,0.472,0.827093103060009,"10","EHMT1"
4.163738495816e-05,1.01288661347892,0.122,0.296,0.859728724616087,"10","ST8SIA4"
4.44276116447105e-05,0.836856483348998,0.106,0.267,0.917341325239983,"10","RGPD2"
4.57375749072069e-05,0.592576762908299,0.138,0.321,0.944389446684009,"10","ZHX2"
4.57716214506482e-05,0.367605668381723,0.735,0.804,0.945092439712984,"10","CD69"
5.34213126140124e-05,0.574814332808108,0.138,0.319,1,"10","LDLRAD4"
5.51995685544674e-05,0.741568928830544,0.101,0.255,1,"10","MAP3K1"
5.63347426418237e-05,1.06549906544935,0.127,0.303,1,"10","ETV6"
6.5476651101479e-05,0.306546915657975,0.106,0.261,1,"10","MGAT5"
6.83930463896749e-05,0.97834248918366,0.143,0.329,1,"10","MTMR6"
7.27827052314451e-05,1.00301517397458,0.122,0.29,1,"10","PAF1"
7.75713941273391e-05,0.513456361166414,0.212,0.452,1,"10","FCMR"
7.88045947016027e-05,0.392438508111863,0.333,0.707,1,"10","STK4"
8.41021216806134e-05,0.633240051720193,0.153,0.344,1,"10","PARP15"
0.00010116421950491,0.790811514893216,0.196,0.419,1,"10","EIF2AK3"
0.000115032271309416,0.371666124959308,0.132,0.299,1,"10","SELL"
0.000126005967154363,0.641813912979403,0.122,0.284,1,"10","SSR3"
0.000140643241262446,0.47686035578596,0.344,0.72,1,"10","DDX3X"
0.000167836618722858,0.800026316088262,0.164,0.355,1,"10","VPS37B"
0.00018097207473306,1.23498776719068,0.185,0.396,1,"10","RAB11A"
0.000190414351542066,2.35228847137642,0.259,0.196,1,"10","AL138963.4"
0.000412762248584917,0.804269751977469,0.175,0.361,1,"10","GNG2"
0.000557476128941598,0.955341416729497,0.185,0.38,1,"10","SEPTIN9"
0.00074837421422781,0.692892684431171,0.122,0.26,1,"10","ATF3"
0.000876949422222667,0.686860753244078,0.603,0.819,1,"10","MT-ND4"
0.000892686190188548,0.776839971399131,0.228,0.449,1,"10","BCL2"
0.00101325289047377,0.806820956016683,0.238,0.473,1,"10","MSN"
0.00301591819242086,0.75232958813792,0.291,0.558,1,"10","ADGRE5"
0.0031638000426242,0.285662140923292,0.392,0.749,1,"10","ARID5B"
0.00730359920597346,0.724500995822248,0.259,0.472,1,"10","NFKB1"
0.00889440380967576,0.812748631663013,0.55,0.767,1,"10","CD44"
0.00927754113235454,1.127322148878,0.212,0.387,1,"10","PEA15"
0.00950880416895796,1.17525561741344,0.153,0.282,1,"10","NFKB2"
5.23719445085308e-199,5.40949189149096,0.88,0.151,1.08137591021214e-194,"11","FNDC3B"
1.62528316018532e-128,4.24461647358233,0.903,0.264,3.35588466915064e-124,"11","ANKRD28"
6.22201368776367e-117,4.15641513036212,0.68,0.134,1.28472138624944e-112,"11","CPEB4"
1.17271798380049e-113,3.68691747706132,0.903,0.298,2.42142809295125e-109,"11","FNDC3A"
2.05445553146186e-100,3.60011788503834,0.954,0.465,4.24203978136244e-96,"11","NEAT1"
5.30693216150907e-96,5.16079459544124,0.337,0.036,1.09577535270839e-91,"11","ESR1"
2.6505328398853e-92,4.18076683805799,0.651,0.154,5.47282020779516e-88,"11","DENND1B"
3.62669858948547e-92,5.7822955738251,0.349,0.041,7.48840724756959e-88,"11","CADPS2"
1.00369756560288e-88,4.39074519705006,0.417,0.06,2.07243473345682e-84,"11","IFNG-AS1"
9.44108751858217e-87,3.96366464531307,0.771,0.227,1.94939575083685e-82,"11","CYTOR"
3.62304252099053e-82,3.63268577230684,0.709,0.206,7.48085819734124e-78,"11","LINC00910"
2.58854378639412e-80,3.33066398083163,0.811,0.298,5.34482521014659e-76,"11","FBXW7"
4.04985966018762e-80,3.63340992853176,0.646,0.168,8.3621502263554e-76,"11","RRBP1"
4.94251070746547e-78,4.12748772866509,0.531,0.113,1.02052961087747e-73,"11","AC008014.1"
9.30759310594849e-74,3.57741791111232,0.571,0.137,1.92183182451624e-69,"11","PRDM1"
7.4362441900088e-73,2.88638193462738,0.891,0.431,1.53543570035302e-68,"11","ELL2"
8.16186765248958e-72,3.04173563220717,0.657,0.187,1.68526243288605e-67,"11","XIST"
1.17632624883386e-71,4.1911255594653,0.451,0.086,2.42887843859215e-67,"11","CREB3L2"
1.64559483345835e-71,3.76368801516949,0.503,0.108,3.3978242121248e-67,"11","GAB1"
1.4678041953502e-70,1.3448661043808,1,0.998,3.0307221025591e-66,"11","MALAT1"
5.49889898138625e-70,5.32022700707015,0.28,0.034,1.13541266167663e-65,"11","ACOXL"
8.14718959387943e-67,4.1427284056738,0.509,0.119,1.68223170734422e-62,"11","CDK6"
7.220469233382e-65,4.28529253165072,0.411,0.079,1.49088248730872e-60,"11","CEP128"
1.71167102236507e-62,2.73555491839231,0.88,0.492,3.53425832697939e-58,"11","ST6GAL1"
9.07898747687616e-61,3.81901915058105,0.491,0.118,1.87462933422539e-56,"11","ERN1"
4.89261805561293e-59,2.23585433999498,0.794,0.305,1.01022777612296e-54,"11","XBP1"
9.03399430987624e-58,1.58562492056226,0.754,0.232,1.86533914510325e-53,"11","MZB1"
3.60289530144782e-57,3.88250809753624,0.383,0.073,7.43925821842947e-53,"11","ADAMTSL4-AS1"
2.10294821762169e-56,3.01103696692519,0.606,0.191,4.34216747974526e-52,"11","HIPK2"
3.30331910347274e-55,2.28950714181295,0.743,0.272,6.82069328485052e-51,"11","TXNDC5"
4.38809780570528e-55,4.64312719282868,0.371,0.074,9.06054434922027e-51,"11","ITGA6"
6.25499233667159e-55,3.35912658295924,0.349,0.063,1.29153081767595e-50,"11","CCDC144A"
8.85390569667902e-55,3.46913800998003,0.469,0.113,1.82815444825028e-50,"11","FOXO3"
2.9219907382991e-52,2.67609437662396,0.566,0.166,6.03332647643998e-48,"11","TRIB1"
4.91458270146747e-52,5.95000762883807,0.423,0.098,1.014763036199e-47,"11","IGHGP"
2.01957141578041e-51,3.04354903433746,0.629,0.223,4.17001105930339e-47,"11","ATXN1"
3.30553348450636e-51,3.34358590966041,0.537,0.163,6.82526553880873e-47,"11","GALNT2"
5.97454024412956e-51,3.29495660936828,0.503,0.142,1.23362306960787e-46,"11","SEC24D"
7.56209076575385e-51,2.73140775605033,0.617,0.214,1.56142050131286e-46,"11","SYNE2"
3.8874250314118e-50,2.57866754000245,0.8,0.41,8.02675520485909e-46,"11","EIF2AK3"
3.13865025756232e-49,2.78474191299592,0.823,0.445,6.48068505181468e-45,"11","PELI1"
6.55725684596842e-49,4.56491695230057,0.32,0.061,1.35394239355556e-44,"11","CADM1"
1.09156058725216e-48,4.14070447250879,0.406,0.096,2.25385430055826e-44,"11","CROCC"
3.52290678333558e-48,2.92864813431986,0.549,0.174,7.2740979262313e-44,"11","MSI2"
4.66415496415141e-48,4.29201333331773,0.297,0.053,9.63054716997984e-44,"11","AL021155.5"
1.31906863851051e-47,3.41579976420265,0.463,0.126,2.72361292479651e-43,"11","CD38"
1.64759113091322e-47,4.43682374882224,0.314,0.06,3.40194616710961e-43,"11","LINC02384"
6.53474046259278e-47,3.4005007002774,0.509,0.154,1.34929321071616e-42,"11","OSBPL3"
2.76761282731035e-46,3.81831574323719,0.526,0.17,5.71456696583041e-42,"11","TEX14"
8.38000474853249e-46,3.14778929549581,0.417,0.104,1.73030338047699e-41,"11","WWOX"
1.00117117693866e-45,5.53958403545068,0.417,0.106,2.06721824614294e-41,"11","IGHG4"
1.80788781084817e-45,3.96739029529432,0.737,0.339,3.7329267518393e-41,"11","IGHG1"
2.65081905292574e-45,3.58457588380377,0.509,0.157,5.47341118048107e-41,"11","MIR4435-2HG"
2.70351297409196e-45,2.80065200163074,0.52,0.161,5.58221358890508e-41,"11","GMDS"
3.27447912039211e-45,3.60888814326481,0.411,0.104,6.76114448778562e-41,"11","ZBP1"
2.43988378097397e-44,3.17078582073746,0.554,0.189,5.03787203095505e-40,"11","MAN1A1"
3.45343522838684e-43,3.78458205600309,0.36,0.084,7.13065305957314e-39,"11","SLC44A1"
1.06004687013632e-41,2.69800282031489,0.577,0.216,2.18878477745747e-37,"11","SEL1L"
2.51025108064804e-41,3.51903859099097,0.389,0.1,5.18316643132206e-37,"11","AC007569.1"
1.32250884695583e-39,2.7351720434854,0.56,0.209,2.7307162671944e-35,"11","FUT8"
3.51846027316984e-39,4.42336609273923,0.269,0.052,7.26491677204109e-35,"11","MIR181A1HG"
3.62962903985054e-39,3.28930122750319,0.469,0.152,7.49445804148339e-35,"11","SPATS2"
5.39977487629324e-39,4.45041378548265,0.251,0.046,1.11494551645703e-34,"11","Z93930.2"
5.5293227700673e-39,2.34125748976085,0.56,0.202,1.1416945655635e-34,"11","SLAMF7"
7.33673721007367e-39,3.58503971002109,0.309,0.067,1.51488949913601e-34,"11","EXT1"
1.30477347683772e-38,3.1082471918305,0.451,0.138,2.69409627497452e-34,"11","AC016831.7"
2.50028335590681e-36,2.85990211753576,0.423,0.13,5.16258507327638e-32,"11","ANKRD36B"
6.31682220268617e-36,3.3898087980835,0.457,0.153,1.30429744841064e-31,"11","BCAR3"
1.04868294489793e-35,3.07495526667307,0.446,0.143,2.16532054462524e-31,"11","GLCCI1"
2.74307845000715e-35,2.99930350720267,0.514,0.195,5.66390838357477e-31,"11","TXNDC11"
6.55072038950023e-35,3.24582449432138,0.28,0.06,1.35259274602401e-30,"11","NLK"
8.1282601307731e-35,2.91226863757761,0.491,0.177,1.67832315180203e-30,"11","ZBTB38"
8.65260101421591e-35,2.30396134604725,0.76,0.465,1.7865890574153e-30,"11","EHMT1"
9.2428926339192e-35,4.06407254672291,0.623,0.297,1.90847247105164e-30,"11","IGHG3"
3.16163039265376e-33,2.73991048509457,0.491,0.185,6.52813443475149e-29,"11","EIF2AK4"
4.29009863722756e-33,2.3172212264258,0.549,0.219,8.85819566614746e-29,"11","MYO1D"
7.74547433452957e-33,3.06332392300753,0.32,0.08,1.59928554059366e-28,"11","GMDS-DT"
8.34395160191594e-33,2.24014702448905,0.731,0.437,1.7228591267636e-28,"11","VOPP1"
1.61606312166455e-32,2.68202580472895,0.469,0.166,3.33684713361296e-28,"11","TP53INP1"
1.96933368716111e-32,3.29225674431997,0.251,0.052,4.06628019725026e-28,"11","HSPA6"
3.45221406281477e-31,2.97795385933012,0.446,0.154,7.12813159689994e-27,"11","HMCES"
5.61193113803692e-31,3.45957382421372,0.417,0.141,1.15875154138186e-26,"11","AC007952.4"
8.30820526880982e-31,2.41781066709501,0.486,0.183,1.71547822390385e-26,"11","SMYD3"
1.05904277201405e-30,2.18232352104213,0.731,0.45,2.18671151565462e-26,"11","RAPGEF1"
1.56938913924659e-30,1.38188813966514,0.92,0.819,3.24047469471637e-26,"11","MT-ND5"
2.99990483431128e-30,2.12682555520339,0.634,0.317,6.19420350188593e-26,"11","MBNL2"
4.8372215091946e-30,2.57200434550185,0.48,0.182,9.98789497218502e-26,"11","AFF1"
5.07476224112353e-30,3.25284873050378,0.446,0.161,1.04783690754719e-25,"11","NSMCE2"
1.46969141673949e-29,2.49380555583403,0.389,0.123,3.0346188372837e-25,"11","ANKRD36C"
1.91206939790665e-29,2.98883111881501,0.394,0.131,3.94804089279765e-25,"11","PDK1"
6.62478341121709e-29,3.31917211658013,0.269,0.065,1.36788527874811e-24,"11","TVP23C"
6.69589432251102e-29,2.11364201619308,0.509,0.203,1.38256825971208e-24,"11","EXOC4"
7.23269143944073e-29,2.14439841809109,0.543,0.242,1.49340612841572e-24,"11","DNAJC1"
8.80791803518898e-29,2.61014834270859,0.411,0.142,1.81865891590582e-24,"11","BHLHE41"
3.2293075706313e-28,2.19453171034635,0.6,0.283,6.66787427183951e-24,"11","FAM214A"
1.06012808717081e-27,2.53627181367268,0.28,0.07,2.18895247439029e-23,"11","SESN1"
1.23651150220945e-27,3.3634625968461,0.314,0.092,2.55314894976208e-23,"11","GAS6"
1.84545064545456e-27,3.54123136993403,0.4,0.142,3.81048649273458e-23,"11","SLC7A5"
2.02419748538135e-27,2.83500252189454,0.303,0.083,4.17956296781541e-23,"11","TSHZ2"
2.32969090025512e-27,2.00089616464037,0.514,0.214,4.81034577084677e-23,"11","HM13"
2.44240130048523e-27,2.50033019540554,0.497,0.21,5.04307020524191e-23,"11","CCDC88C"
2.57401154865501e-27,3.10904044928493,0.36,0.117,5.31481904566286e-23,"11","AC012236.1"
2.73259518992327e-27,1.60639513716475,0.886,0.724,5.64226254815357e-23,"11","SQSTM1"
2.93005525347912e-27,2.05441808716803,0.537,0.231,6.04997808738369e-23,"11","OGT"
1.76640004031561e-26,2.18772729889009,0.571,0.28,3.64726280324368e-22,"11","SND1"
2.42395414431904e-26,2.41252966639334,0.44,0.167,5.00498051718995e-22,"11","ANKRD36"
2.44171096400636e-26,1.67911673741412,0.571,0.248,5.04164479848034e-22,"11","H1FX"
6.54599185246455e-26,2.4163533140242,0.429,0.164,1.35161639769688e-21,"11","SEC61A1"
1.1671387064699e-25,2.07496205240691,0.543,0.25,2.40990800111904e-21,"11","TRIO"
1.18661113227329e-25,1.95688826316246,0.68,0.391,2.45011466591789e-21,"11","PLCG2"
2.50228687369356e-25,3.17538923925049,0.371,0.127,5.16672193680245e-21,"11","RUNX1"
4.29233970913674e-25,3.00537077300275,0.389,0.142,8.86282303142554e-21,"11","IQGAP2"
5.62569704226784e-25,1.53252861566569,0.937,0.893,1.16159392528746e-20,"11","MTRNR2L12"
9.78670885402594e-25,2.11986329107304,0.629,0.344,2.02075964417928e-20,"11","UBE2H"
2.46159224177601e-24,1.99442288700074,0.543,0.258,5.08269566081911e-20,"11","HDLBP"
7.55045108295196e-24,1.85295179778267,0.697,0.442,1.55901713960792e-19,"11","GLS"
8.44860619032548e-24,2.56806224561727,0.514,0.246,1.74446820617841e-19,"11","HSPA1A"
1.99698784661279e-23,2.88106957232332,0.806,0.637,4.12338050568609e-19,"11","IGKC"
2.49839011393762e-23,3.18385227498781,0.257,0.071,5.15867590725841e-19,"11","AC012368.1"
1.05781456978856e-22,2.28576377151533,0.531,0.27,2.18417552369942e-18,"11","CHST11"
1.247158104516e-22,4.49639534529773,0.257,0.073,2.57513205420463e-18,"11","Z93241.1"
1.80493468723299e-22,1.22708921156052,0.857,0.664,3.72682914219868e-18,"11","HSP90B1"
2.53619274523873e-22,2.0026034628747,0.583,0.315,5.23673078036893e-18,"11","RGS1"
3.87544292255355e-22,1.91221851721177,0.474,0.21,8.00201454648856e-18,"11","SCFD1"
8.27268356528444e-22,2.03593992673089,0.543,0.273,1.70814370255993e-17,"11","MED13L"
9.91728165068038e-22,2.49346962655459,0.331,0.114,2.04772031523249e-17,"11","AL627171.2"
1.18419710333738e-21,3.12580946215161,0.309,0.103,2.44513017897101e-17,"11","JSRP1"
1.39173933350359e-21,1.67046803546986,0.789,0.626,2.87366337581821e-17,"11","FNBP1"
1.53060645787069e-21,2.95357364083138,0.291,0.092,3.16039621421139e-17,"11","AC245014.3"
2.23042023355482e-21,1.27113768116925,0.486,0.194,4.60537169824398e-17,"11","FKBP11"
4.0509603774109e-21,1.35664425363544,0.794,0.563,8.36442298727803e-17,"11","TENT5C"
4.46478806472809e-21,2.71597045928401,0.297,0.097,9.21889439605056e-17,"11","PIK3R5"
4.67786630445466e-21,2.74823545869304,0.297,0.097,9.65885834543797e-17,"11","RBM47"
5.43827424127992e-21,2.39695486989769,0.549,0.304,1.12289486533948e-16,"11","HSPA1B"
8.45711220498121e-21,3.01274964102606,0.36,0.137,1.74622452808452e-16,"11","NEDD9"
2.70862055908305e-20,1.96970281327231,0.646,0.399,5.59275973039468e-16,"11","ZBTB20"
4.56750484623927e-20,2.66439531962559,0.354,0.139,9.43098400651484e-16,"11","UAP1"
1.22848001115587e-19,1.90180519762912,0.566,0.317,2.53656552703464e-15,"11","CLIC4"
1.41626235601976e-19,2.99519142465855,0.269,0.085,2.92429851270961e-15,"11","TOX"
4.65869122865259e-19,1.97116662527529,0.463,0.217,9.61926564892186e-15,"11","RAPGEF2"
5.75246904704131e-19,2.87714256538834,0.303,0.11,1.18776980883309e-14,"11","CCDC88A"
5.90488411013553e-19,1.56704047315349,0.6,0.329,1.21924047106078e-14,"11","ZRANB2"
6.6596910675511e-19,2.67589444210287,0.349,0.138,1.37509301162795e-14,"11","PRPSAP2"
7.22545140724965e-19,2.13956150165566,0.331,0.124,1.49191120656891e-14,"11","FHIT"
1.68010863297914e-18,2.03205289755607,0.394,0.171,3.46908830537534e-14,"11","GBF1"
2.81825022531796e-18,1.65105845560209,0.583,0.346,5.81912306523653e-14,"11","XRN1"
3.31648781571451e-18,2.52174397704735,0.314,0.117,6.84788404188732e-14,"11","SEC24A"
5.2341935319582e-18,2.30185993350109,0.349,0.137,1.08075628047873e-13,"11","ATP8A1"
5.81826339507522e-18,2.0985970482758,0.423,0.197,1.20135502581513e-13,"11","LPIN1"
7.87144861415371e-18,1.75386040903109,0.526,0.296,1.62529670985046e-13,"11","USP48"
1.00929617875134e-17,1.98666400881981,0.274,0.092,2.08399474988577e-13,"11","BCAS3"
1.01561633233188e-17,1.84927985196131,0.469,0.233,2.09704460299886e-13,"11","SRP54"
1.4796342645236e-17,1.30100583000083,0.914,0.846,3.05514882938833e-13,"11","JUN"
1.75947193123804e-17,2.38573499803373,0.326,0.124,3.6329576436203e-13,"11","ABHD3"
3.69620658281567e-17,2.11033116180115,0.286,0.101,7.6319273521978e-13,"11","FTX"
4.0498206160948e-17,1.58362854086316,0.56,0.316,8.36206960811254e-13,"11","CFLAR"
4.39819946850386e-17,1.83432008538475,0.429,0.205,9.08140226256677e-13,"11","OSBPL9"
4.4971505526968e-17,2.27218472844364,0.394,0.177,9.28571646120836e-13,"11","TBC1D9"
4.76648412621315e-17,1.62149080855718,0.6,0.362,9.84183642380492e-13,"11","AKAP9"
5.3339132446173e-17,2.47285948169793,0.291,0.107,1.10134640674858e-12,"11","LARP1B"
6.05210843471268e-17,1.81928781202057,0.463,0.236,1.24963934959947e-12,"11","IL10RA"
6.93642059377833e-17,3.68772421234894,0.463,0.251,1.43223212420335e-12,"11","HSPB1"
7.48811171359145e-17,2.72763767607099,0.349,0.149,1.54614530662236e-12,"11","NDUFAF6"
8.32466770832839e-17,2.03536536839237,0.526,0.297,1.71887738841565e-12,"11","ITPR2"
1.17807250194882e-16,3.097805602521,0.263,0.093,2.43248410202393e-12,"11","HIST1H2BJ"
1.27522826295399e-16,1.82050971592376,0.646,0.419,2.6330913173474e-12,"11","FOXN3"
1.6660390853303e-16,2.6428209800965,0.28,0.104,3.44003750339e-12,"11","LRRC8C"
2.0058162755775e-16,1.69378390608462,0.423,0.194,4.14160944581242e-12,"11","UBR2"
3.38929971626844e-16,2.79594395980644,0.257,0.092,6.99822605415107e-12,"11","PGM3"
4.05538145974047e-16,1.59928807489074,0.543,0.317,8.37355163807213e-12,"11","COBLL1"
4.62581288990926e-16,1.55241654055619,0.48,0.247,9.55137845508465e-12,"11","SEC31A"
4.65786742931537e-16,2.33272402767479,0.297,0.112,9.61756466805037e-12,"11","CORO1C"
1.12084166634268e-15,1.62621577776602,0.48,0.249,2.31431387266437e-11,"11","TLE4"
1.62072286835311e-15,1.51290089620058,0.457,0.231,3.34646857857551e-11,"11","ESYT2"
1.80597153294835e-15,0.673178809612104,0.771,0.568,3.72897002123174e-11,"11","SSR4"
2.18970001925503e-15,1.78200382186152,0.314,0.123,4.52129259975778e-11,"11","SOX5"
2.33209888492684e-15,2.26451581229114,0.423,0.215,4.81531777759694e-11,"11","IKZF1"
2.51583415959978e-15,0.971805999365897,0.766,0.548,5.19469437274163e-11,"11","BACH1"
3.45339127633786e-15,1.94844920331298,0.291,0.111,7.13056230738241e-11,"11","RORA"
4.30129825432724e-15,1.71195257284502,0.514,0.289,8.88132063553488e-11,"11","HIVEP2"
4.64900184194221e-15,2.11498999820036,0.297,0.117,9.59925900324227e-11,"11","RYBP"
8.02335140941253e-15,1.62252631943517,0.48,0.254,1.6566615990155e-10,"11","ERLEC1"
1.51523221990005e-14,2.62584233476485,0.286,0.115,3.12865148764962e-10,"11","BTD"
1.63468581565318e-14,1.58315681464107,0.491,0.275,3.37529927216069e-10,"11","LMAN1"
1.92661537188775e-14,0.872089157321515,0.949,0.96,3.97807541987383e-10,"11","MT-CO2"
2.11767051627193e-14,1.71247834003129,0.457,0.252,4.37256608199828e-10,"11","SEC63"
2.32658299355766e-14,1.89510154503794,0.263,0.097,4.80392856509786e-10,"11","TNS3"
2.47214699770973e-14,2.49127541152898,0.251,0.093,5.10448912087104e-10,"11","FBH1"
3.11292417981615e-14,1.90116842346402,0.337,0.148,6.42756584648439e-10,"11","GPHN"
3.53853432908388e-14,2.49115672742946,0.28,0.113,7.3063656826924e-10,"11","TEC"
5.24779831958767e-14,2.18869017434362,0.371,0.18,1.08356539702846e-09,"11","PCNX1"
5.52994901143059e-14,1.32780884296781,0.617,0.419,1.14182387188019e-09,"11","RABGAP1L"
6.35523552406461e-14,1.43237149158181,0.526,0.289,1.31222903100886e-09,"11","PDE4D"
6.73210181799639e-14,1.39028478451307,0.463,0.244,1.39004438337989e-09,"11","SELENOS"
7.09470027852711e-14,1.9969952604378,0.314,0.135,1.46491371351028e-09,"11","PDIA4"
7.31970951304905e-14,1.83219660175023,0.366,0.17,1.51137362025437e-09,"11","SOS1"
8.48819738689731e-14,1.65118466562316,0.354,0.162,1.75264299644656e-09,"11","EVI5"
8.83841194927298e-14,2.29105728120251,0.263,0.102,1.82495529928589e-09,"11","AC078883.1"
1.32937570156516e-13,1.29831134293464,0.56,0.35,2.74489494859174e-09,"11","TRAF3"
1.37048494940317e-13,3.2046442724643,0.257,0.101,2.82977732352767e-09,"11","TMEM107"
1.71572860748407e-13,1.99681965356507,0.286,0.117,3.54263642873311e-09,"11","SAMD12"
2.02856578638847e-13,1.46430918224909,0.646,0.442,4.18858263573491e-09,"11","SLC38A2"
2.43919887591384e-13,1.68687240410837,0.463,0.265,5.0364578389869e-09,"11","ACADVL"
2.66236179656018e-13,2.32034220748,0.257,0.102,5.49724463753746e-09,"11","TMEM39A"
2.76804680075305e-13,2.0092182394569,0.314,0.138,5.71546303419489e-09,"11","ADAM19"
5.89328322663738e-13,1.17422917684167,0.611,0.413,1.21684512063609e-08,"11","GOLGB1"
6.30900162237276e-13,2.30785273353577,0.263,0.107,1.30268265498753e-08,"11","PAPSS1"
6.9044994957653e-13,1.96969786175122,0.297,0.126,1.42564105588562e-08,"11","HERC2"
7.12341040075109e-13,2.80921932702734,0.269,0.11,1.47084177954709e-08,"11","HIST1H2AG"
7.52969095867089e-13,1.47309422315446,0.526,0.313,1.55473058914636e-08,"11","PPP1R10"
8.37680701495761e-13,1.14456680831962,0.52,0.302,1.72964311244845e-08,"11","RBM6"
9.16147908174616e-13,0.655012539621,0.886,0.741,1.89166220079895e-08,"11","HERPUD1"
9.26676716003092e-13,1.21034470171544,0.663,0.486,1.91340208320318e-08,"11","AHNAK"
1.29772162912743e-12,1.48641392982569,0.423,0.225,2.67953561982232e-08,"11","CDK5RAP3"
1.65002795467147e-12,1.40463572609688,0.411,0.216,3.40697772080565e-08,"11","ERC1"
1.74517189796027e-12,1.37193753441251,0.514,0.318,3.60343093490836e-08,"11","NFKBIZ"
2.03895856891558e-12,1.65555720348481,0.451,0.263,4.21004165309689e-08,"11","RGPD2"
2.6085851588469e-12,2.21834872046966,0.251,0.101,5.38620663598708e-08,"11","PIP5K1B"
2.66136783821477e-12,1.93824904051481,0.297,0.131,5.49519231234587e-08,"11","BICD1"
2.92547951681938e-12,2.02388674092902,0.326,0.153,6.04053010632866e-08,"11","LINC-PINT"
3.01058195068102e-12,1.72053935269657,0.474,0.287,6.21624961176618e-08,"11","RASA2"
3.03549539972284e-12,1.20650710464545,0.531,0.329,6.26769090134772e-08,"11","QKI"
3.34584139878049e-12,1.55258481505366,0.257,0.1,6.90849332020196e-08,"11","TAF4B"
3.97143052627187e-12,1.79464095994783,0.463,0.278,8.20020975064616e-08,"11","BLNK"
3.99279185106386e-12,1.47426982309247,0.377,0.186,8.24431661407666e-08,"11","TBL1XR1"
5.77693591796092e-12,2.13195394578925,0.429,0.245,1.19282172834057e-07,"11","POU2AF1"
6.94025862148674e-12,1.69609053877532,0.337,0.161,1.43302460016458e-07,"11","CDKAL1"
7.14302346364356e-12,2.06596205267077,0.36,0.18,1.47489148477312e-07,"11","MBTPS1"
9.06969332584158e-12,1.34111182898721,0.526,0.349,1.87271027791977e-07,"11","KMT2C"
9.2317030146348e-12,1.45585535775633,0.48,0.287,1.90616203846179e-07,"11","P4HB"
9.26103647876053e-12,1.88123548815249,0.303,0.138,1.91221881213447e-07,"11","USO1"
1.82269012995807e-11,2.05754825256603,0.32,0.158,3.76349058033743e-07,"11","PIK3CG"
1.86616892658559e-11,1.36582157037212,0.469,0.284,3.85326559961393e-07,"11","SEC14L1"
1.96533248438347e-11,1.66471813096449,0.463,0.29,4.05801851375498e-07,"11","DNAJC3"
2.53262379382851e-11,0.72017675335774,0.886,0.88,5.22936160949711e-07,"11","MT-ND3"
3.04958783133437e-11,1.8719161430114,0.274,0.12,6.2967889541392e-07,"11","GIGYF2"
4.7797310727904e-11,1.36815500402554,0.503,0.303,9.86918871909762e-07,"11","SGK1"
4.84750657878289e-11,1.99903627774229,0.257,0.109,1.00091315838709e-06,"11","PMM2"
5.00829460196498e-11,1.21268378918498,0.457,0.262,1.03411266941373e-06,"11","FCRL5"
6.42056449695022e-11,1.57013028636488,0.434,0.257,1.32571815733028e-06,"11","ERO1B"
6.61606479889692e-11,1.83717199151062,0.251,0.105,1.36608505967624e-06,"11","ARHGAP26"
7.29943716170221e-11,1.1911078940466,0.749,0.605,1.50718778514827e-06,"11","FOSB"
9.95666120404423e-11,1.82590721582949,0.4,0.227,2.05585140541105e-06,"11","MIR155HG"
1.05408897418184e-10,1.75044798925742,0.286,0.131,2.17648291389066e-06,"11","LARP4"
1.22312379464888e-10,0.870709558491174,0.44,0.231,2.52550601119101e-06,"11","DERL3"
1.38074659167911e-10,0.777588108200408,0.886,0.889,2.85096556249903e-06,"11","MT-ND4L"
1.71430899641268e-10,1.57381074811642,0.314,0.154,3.5397052157929e-06,"11","DENND5B"
1.82116330442151e-10,2.05445239942819,0.269,0.121,3.76033799096953e-06,"11","AC023424.3"
1.83612216778849e-10,1.11635052420136,0.834,0.771,3.79122505204967e-06,"11","BTG2"
1.89057515988237e-10,1.35230859510001,0.56,0.395,3.90365959012512e-06,"11","MEF2A"
1.97355371961406e-10,1.2567657278385,0.731,0.655,4.07499372025911e-06,"11","PDE4B"
2.97873381298225e-10,1.43043916948156,0.571,0.392,6.15048957704574e-06,"11","GADD45B"
3.27886827446964e-10,1.53172249675932,0.326,0.163,6.77020721312492e-06,"11","LCORL"
3.56800809336974e-10,1.45210967479293,0.389,0.215,7.36722311118983e-06,"11","DUSP5"
5.26544481423302e-10,4.872181386676,0.314,0.163,1.08720904524283e-05,"11","IGLC2"
5.45423112632182e-10,1.72782641724207,0.526,0.372,1.12618964296293e-05,"11","CDK14"
5.49101940598911e-10,1.40762913295389,0.326,0.161,1.13378568694863e-05,"11","TRPC4AP"
6.05770599366728e-10,1.6517959270355,0.377,0.216,1.25079513357242e-05,"11","VMP1"
6.24548602261463e-10,2.28359483800221,0.257,0.121,1.28956795394947e-05,"11","ODF3B"
6.32919369818898e-10,1.15932471743531,0.514,0.337,1.30685191480206e-05,"11","CLK1"
7.95538707474559e-10,1.75580620583257,0.28,0.134,1.64262832319347e-05,"11","ATP2A2"
8.58408709591606e-10,2.46188270954168,0.263,0.128,1.77244230356475e-05,"11","HIST1H2AC"
8.86041272010997e-10,1.58481453400963,0.314,0.158,1.82949801844831e-05,"11","NCOA2"
1.13155358429553e-09,1.22461678196679,0.48,0.3,2.33643184085341e-05,"11","HNRNPH1"
1.33261668822818e-09,4.64388159442134,0.291,0.143,2.75158693785354e-05,"11","IGLC1"
1.40913951500308e-09,1.04950035991938,0.72,0.595,2.90959127057836e-05,"11","GNG7"
1.43976776033721e-09,1.28609797549661,0.56,0.408,2.97283247154427e-05,"11","RAB30"
1.74995856232058e-09,1.55942152466805,0.291,0.143,3.61331443947953e-05,"11","IL6ST"
1.81904094922401e-09,1.72748793822679,0.274,0.13,3.75595575195775e-05,"11","CHST15"
2.55957884457921e-09,1.30914192388104,0.509,0.349,5.28501839828715e-05,"11","TPD52"
2.88089851569005e-09,1.21354066419311,0.577,0.435,5.94847925519681e-05,"11","SEL1L3"
2.90524390893408e-09,1.74069728566967,0.331,0.18,5.99874762316708e-05,"11","HDAC9"
3.5843238067218e-09,2.0245645910574,0.269,0.132,7.40091179611916e-05,"11","SOCS3"
4.85997269325754e-09,1.30055607658649,0.303,0.152,0.000100348716170382,"11","GAB2"
4.95701735720822e-09,1.82604871692531,0.28,0.141,0.000102352494391635,"11","KIF13B"
5.09387765116042e-09,1.1326553804845,0.463,0.299,0.00010517838574116,"11","RNF149"
6.07324951536214e-09,1.58214451683306,0.411,0.258,0.000125400455993198,"11","TYMP"
6.59409703000714e-09,1.40742120568215,0.32,0.168,0.000136154915475587,"11","SDF2L1"
7.05465210616115e-09,0.639153075515729,0.909,0.869,0.000145664456688015,"11","MT-ATP6"
7.31925006800221e-09,1.57319483320077,0.269,0.127,0.00015112787540411,"11","GTPBP1"
7.61939101666259e-09,1.10007961198758,0.469,0.301,0.000157325185712049,"11","SPAG9"
7.79360212945444e-09,1.6986743066227,0.274,0.137,0.000160922296768975,"11","SPTY2D1"
7.86212047764374e-09,2.05600072004677,0.326,0.181,0.000162337063622388,"11","KLHL6"
9.28712331370937e-09,1.94577393536692,0.411,0.264,0.000191760522181471,"11","WDR74"
1.00165789666072e-08,1.73201008836115,0.291,0.147,0.000206822322502505,"11","SLC12A6"
1.03241671936301e-08,1.51239453941499,0.474,0.317,0.000213173404214074,"11","ZEB1"
1.25114041364986e-08,1.44025720526275,0.354,0.207,0.000258335472610424,"11","GLG1"
1.4449860000399e-08,1.07671338271769,0.589,0.419,0.000298360709288239,"11","UBE2J1"
1.51711169625945e-08,1.09989835262312,0.6,0.478,0.000313253223043652,"11","NCOA3"
1.57807993248434e-08,1.63876270468868,0.326,0.181,0.000325841944459367,"11","MAN1A2"
1.93868324155961e-08,1.66358151558922,0.509,0.375,0.000400299315717228,"11","DNAJB1"
2.43830790984776e-08,1.64287501959328,0.257,0.126,0.000503461817225365,"11","CEP85L"
2.65596847680909e-08,4.95354755243714,0.623,0.538,0.000548404371091541,"11","IGHM"
2.91352879834384e-08,1.44860923632155,0.411,0.254,0.000601585426282035,"11","ZFC3H1"
3.06374369819862e-08,0.868186865597854,0.943,0.909,0.000632601798804052,"11","FOS"
3.07612824145264e-08,1.62815168411644,0.303,0.164,0.000635158959295142,"11","P2RY8"
3.09749774672198e-08,1.28064999353422,0.314,0.168,0.000639571334743155,"11","COG5"
4.00364663933993e-08,0.364194387901092,0.503,0.351,0.000826672958090909,"11","JCHAIN"
4.00738008726851e-08,1.37133514273908,0.371,0.221,0.000827443840419201,"11","FAF1"
4.54690443810473e-08,1.00915461080625,0.623,0.463,0.000938844828379866,"11","SPCS2"
4.94699625277838e-08,0.964375160493403,0.377,0.218,0.00102145578627368,"11","DYM"
5.21455145560568e-08,0.856202030651501,0.863,0.805,0.00107670058455346,"11","MT-ND2"
6.89912813977399e-08,1.1495681122392,0.4,0.245,0.00142453197830053,"11","RIC1"
6.98329337551783e-08,1.03268251781859,0.623,0.488,0.00144191041617692,"11","TCF25"
7.70269147072688e-08,1.6314425160057,0.463,0.321,0.00159045173487569,"11","AC020916.1"
8.81562680560353e-08,1.40285277709233,0.269,0.134,0.00182025062282102,"11","STRN3"
9.46633876363542e-08,1.22885946971096,0.486,0.349,0.00195460962791544,"11","GOLGA4"
9.58969836174355e-08,2.17988986253095,0.286,0.159,0.00198008091773281,"11","ENTPD1"
9.61656659330767e-08,1.39072701727981,0.354,0.21,0.00198562867018617,"11","FOXO1"
1.16383176482565e-07,1.45220966870974,0.4,0.264,0.002403079828012,"11","RABGEF1"
1.24984136722592e-07,1.29259462964428,0.331,0.191,0.00258067245504808,"11","PIM1"
1.49124842069435e-07,2.11182853508976,0.251,0.131,0.0030791297390497,"11","CBX4"
1.60104610544865e-07,1.64269299336419,0.423,0.285,0.00330583999853037,"11","IRF4"
1.69866430789098e-07,1.33393431377162,0.531,0.379,0.00350740206293329,"11","AC007384.1"
1.82511182202309e-07,1.2984006866575,0.429,0.284,0.00376849089011327,"11","NRDC"
1.91054291958767e-07,0.930849545130219,0.611,0.461,0.00394488902036462,"11","TPM4"
1.91368995656164e-07,1.57295430419495,0.383,0.249,0.00395138702230848,"11","ATF6"
2.04992174055911e-07,1.44883725651501,0.389,0.241,0.00423267840990645,"11","MAN2A1"
2.05237261978574e-07,1.21756131995548,0.377,0.237,0.0042377389853336,"11","FBXO11"
2.08144842833303e-07,1.56767565366873,0.331,0.194,0.00429777471482204,"11","COPB2"
2.11029823025556e-07,1.71469288882321,0.394,0.256,0.00435734378583169,"11","ATF3"
2.46646884563795e-07,1.1692836051934,0.343,0.201,0.00509276487247323,"11","BMP2K"
2.75934889815118e-07,1.54769637085753,0.309,0.173,0.00569750360490255,"11","NT5C2"
2.98825001657537e-07,1.66494176915173,0.286,0.157,0.00617013863422482,"11","CSGALNACT2"
3.00839354439009e-07,1.6362021044097,0.28,0.153,0.00621173099045666,"11","BCL2L11"
4.18567991057996e-07,1.22528603177611,0.377,0.234,0.00864259187936549,"11","MON2"
4.74998983575409e-07,1.6902940192839,0.257,0.139,0.00980777901286505,"11","LIME1"
6.20598692288219e-07,1.56890171813335,0.274,0.153,0.0128141217983671,"11","XPR1"
6.22130362949163e-07,1.2889993199704,0.691,0.605,0.0128457477341743,"11","HSPA5"
6.85652955764982e-07,0.849687977445931,0.469,0.312,0.0141573622306354,"11","SPCS3"
8.63149598390838e-07,1.48496771523516,0.389,0.258,0.017822312907574,"11","TMEM156"
9.55988776875536e-07,0.800553383282091,0.571,0.44,0.0197392562649261,"11","MT-ND6"
1.02140798817727e-06,5.41845063079388,0.303,0.188,0.0210900321398842,"11","IGLC3"
1.1240357481533e-06,1.03415066338881,0.463,0.323,0.0232090901278694,"11","STAG1"
1.18799738193846e-06,1.16325131641708,0.566,0.448,0.0245297699422654,"11","NR3C1"
1.20180640483599e-06,1.8113199504633,0.491,0.375,0.0248148986470536,"11","TOP1"
1.24418769474519e-06,1.61738258621162,0.349,0.223,0.0256899875210987,"11","RNF213"
1.37374303665553e-06,0.628033995957968,0.846,0.812,0.0283650462208635,"11","MT-ND1"
1.38939400746724e-06,1.02791533328939,0.326,0.191,0.0286882074661836,"11","NUMB"
1.51292695552735e-06,0.816429668657027,0.674,0.571,0.0312389157777288,"11","IER2"
1.75070811934762e-06,1.20834994630276,0.314,0.189,0.0361486212482896,"11","TBC1D15"
1.88711965181975e-06,0.636369870282568,0.617,0.489,0.0389652465707741,"11","DENND4A"
2.69410253952803e-06,1.19181628860997,0.326,0.197,0.0556278292361748,"11","VPS13B"
3.03906511768242e-06,0.963043578907884,0.463,0.329,0.0627506165499065,"11","MARCH6"
3.23950179177678e-06,1.32249652762577,0.257,0.142,0.066889232996607,"11","MED13"
3.57819928960783e-06,0.523864965936619,0.966,0.981,0.0738826589318225,"11","MT-CO1"
4.23112548920113e-06,1.59004507604654,0.269,0.158,0.0873642791010248,"11","GADD45A"
4.38870729584808e-06,1.64095239837838,0.274,0.162,0.0906180282446711,"11","RHBDD1"
4.59764362049402e-06,0.964001173403226,0.371,0.238,0.0949321454759606,"11","KDM6A"
5.12397443868943e-06,1.80904018427097,0.411,0.289,0.105799824210059,"11","NAMPT"
5.15480081571344e-06,1.26504950275307,0.274,0.158,0.106436327242851,"11","CCNL2"
6.58028575817988e-06,1.72234008809071,0.251,0.146,0.135869740334898,"11","CALU"
6.85111937241127e-06,0.733571704251006,0.56,0.437,0.141461912801548,"11","ARIH1"
7.2982067792636e-06,1.44191359480653,0.269,0.159,0.150693373578235,"11","PPP2R5E"
8.36220337203299e-06,1.10800996298456,0.257,0.144,0.172662775225737,"11","ECPAS"
8.7878928148453e-06,0.887984487208468,0.4,0.27,0.181452410840926,"11","ARID1B"
9.17270035018561e-06,2.01678128158589,0.257,0.152,0.189397916830633,"11","ICAM1"
9.63687999612292e-06,0.72860374370058,0.606,0.495,0.198982298159946,"11","MT-ATP8"
1.11279101243977e-05,1.18246587128783,0.28,0.166,0.229769088248564,"11","ERBIN"
1.31375275461384e-05,1.98313068388392,0.263,0.16,0.271263668772665,"11","EAF2"
1.33451197561402e-05,0.637867976015803,0.857,0.815,0.275550032724783,"11","MT-ND4"
1.34153094145357e-05,1.28375590295893,0.354,0.243,0.276999308791333,"11","PABPC4"
1.58711354923032e-05,1.61590306532132,0.337,0.228,0.327707205645077,"11","EDEM1"
2.25211213706567e-05,0.554804310109396,0.92,0.939,0.465016114061319,"11","MT-CYB"
2.30016626391192e-05,1.49404533083926,0.326,0.219,0.474938330172534,"11","ANKRD37"
2.35979513391243e-05,1.29422184260789,0.383,0.276,0.487250499250239,"11","ZFAND3"
2.53518069399683e-05,1.1971025476277,0.314,0.207,0.523464109696465,"11","MARK3"
2.78160445473314e-05,1.10898542326852,0.406,0.299,0.574345687813298,"11","ETV6"
2.88270195610979e-05,1.17938153554082,0.474,0.366,0.59522029989755,"11","FCHSD2"
2.97217900785324e-05,1.31138311605321,0.309,0.202,0.613695521541538,"11","GFPT1"
3.24990140753781e-05,1.55155817442213,0.286,0.183,0.671039642628407,"11","OPTN"
3.52578420698416e-05,1.54131667603731,0.297,0.189,0.72800392305809,"11","TNFAIP3"
3.6465043543818e-05,1.01367090521334,0.36,0.239,0.752930219092754,"11","ZSWIM6"
3.66752879963187e-05,1.04701167559285,0.44,0.331,0.757271346547989,"11","IKZF3"
3.7602821670383e-05,0.840106974155135,0.383,0.264,0.776423061850069,"11","UBR5"
4.02037739276261e-05,1.25406348111874,0.406,0.292,0.830127524057624,"11","ST8SIA4"
4.02937726582574e-05,0.976630220646434,0.349,0.229,0.831985817847699,"11","LRBA"
4.14417113763042e-05,3.798184886779,0.297,0.204,0.855688456497929,"11","IGHG2"
4.30861582745244e-05,1.17189086896383,0.406,0.3,0.889642996052379,"11","PPP3CA"
4.45530412409681e-05,1.01426527919,0.257,0.152,0.919931195543509,"11","FBXL17"
4.94246505749408e-05,0.813905781916781,0.514,0.415,1,"11","MTDH"
5.44517541484202e-05,1.04489811030877,0.326,0.215,1,"11","MAPKAPK2"
5.63115196523801e-05,0.918497129654794,0.549,0.451,1,"11","NR4A1"
5.91508307442604e-05,1.58521062332164,0.291,0.194,1,"11","IFNAR2"
6.19861299640287e-05,1.0665503959829,0.309,0.199,1,"11","RAB6A"
6.44607285691992e-05,1.04610989621155,0.337,0.226,1,"11","ANKRD17"
6.97997045894878e-05,1.80957531100914,0.366,0.269,1,"11","RTN4"
7.17286645274078e-05,0.734459677360072,0.4,0.28,1,"11","KDM4C"
7.64095948584347e-05,0.847692806893279,0.343,0.229,1,"11","UBE2E2"
7.70237456706371e-05,1.49724220910133,0.263,0.166,1,"11","CSNK1E"
9.59646755980026e-05,1.07912307896663,0.32,0.218,1,"11","ATG5"
9.93463440995549e-05,1.10952788889486,0.251,0.154,1,"11","TPP2"
0.000108727119530201,0.864453873598272,0.326,0.219,1,"11","RICTOR"
0.00010934862749898,0.858377700235868,0.28,0.175,1,"11","ARFGEF2"
0.000112770761887333,1.55060568427599,0.257,0.163,1,"11","FOXK2"
0.000123206805929663,0.917547210862377,0.394,0.286,1,"11","PPP2R5C"
0.000132211600913666,0.923494248781786,0.377,0.263,1,"11","ATP11B"
0.000148217568571264,1.88149355034905,0.446,0.356,1,"11","HSPH1"
0.00015457705158837,0.692120446153639,0.857,0.801,1,"11","NFKBIA"
0.000158776172024341,1.61967252754492,0.251,0.156,1,"11","NF1"
0.000170137713931768,1.01973014864264,0.434,0.336,1,"11","CENPC"
0.000172154392096575,1.58390505373763,0.314,0.21,1,"11","DYRK1A"
0.000181490805050034,1.59872846378593,0.251,0.167,1,"11","CLPTM1L"
0.000184576593155277,0.861209596257033,0.406,0.28,1,"11","SSR3"
0.000213583075088131,1.54326236917349,0.509,0.447,1,"11","ENSA"
0.000214710498798518,0.683955566969543,0.474,0.369,1,"11","PHIP"
0.000221681236527052,1.16937587881396,0.291,0.195,1,"11","OTUD1"
0.000232698465606951,0.916661656018916,0.331,0.229,1,"11","MKLN1"
0.000235808499535102,2.07954217288789,0.269,0.178,1,"11","MDM2"
0.00025378647757996,1.04742681833929,0.349,0.249,1,"11","DAPP1"
0.0002604142463583,0.937018507867387,0.377,0.284,1,"11","RAB1A"
0.000275383322099861,0.900369507329991,0.383,0.284,1,"11","PDXDC1"
0.000281779374984253,0.962959740829679,0.337,0.232,1,"11","PKN2"
0.000290000527111155,0.921046502514651,0.257,0.163,1,"11","INSIG2"
0.000308720157495471,0.833021807701185,0.371,0.27,1,"11","DAP"
0.000325514635326915,1.09205314214161,0.354,0.249,1,"11","SNX29"
0.000335809499202916,0.953916746078403,0.326,0.231,1,"11","PPP2R2A"
0.000358286321084069,0.981334784712886,0.44,0.346,1,"11","ATF4"
0.00040110117035995,1.29344784438259,0.326,0.241,1,"11","GNL3"
0.000409765262989424,1.2233855498949,0.274,0.181,1,"11","TARSL2"
0.000412083498521278,1.1564367868248,0.297,0.204,1,"11","AKAP17A"
0.000423787447486873,0.455092021690658,0.691,0.636,1,"11","MCL1"
0.000435199492522438,0.842655576945176,0.263,0.168,1,"11","HELZ"
0.000447390749455967,1.07076690257656,0.286,0.194,1,"11","ANAPC5"
0.000465272654058734,0.79291958124739,0.337,0.236,1,"11","HERC1"
0.000480376182420981,0.970133386524016,0.36,0.268,1,"11","ARFGAP3"
0.00052773630496408,0.864644488247842,0.406,0.309,1,"11","PTPN2"
0.000558150613242032,1.29661886153307,0.291,0.211,1,"11","HMGN3"
0.000628649015977994,0.446362355112474,0.349,0.232,1,"11","PRDX4"
0.000631297984579804,0.693480492255145,0.497,0.412,1,"11","USP3"
0.00070834721218525,0.933784345883953,0.371,0.272,1,"11","GPCPD1"
0.000793163472639907,1.36498866159489,0.251,0.17,1,"11","CRELD2"
0.000809504563296884,0.749576755931229,0.417,0.332,1,"11","UBE2G1"
0.000827976565173419,1.08268091434346,0.314,0.23,1,"11","HSH2D"
0.000843412960456627,0.802594272615731,0.486,0.399,1,"11","ASXL1"
0.000875632777943078,0.734396573724285,0.326,0.228,1,"11","TCF12"
0.000883423928754654,0.683489399806762,0.566,0.479,1,"11","UPF2"
0.000960883672872537,1.10829323755728,0.251,0.163,1,"11","ZNRF2"
0.000966168269060386,0.885552801235419,0.326,0.233,1,"11","CAPN7"
0.00101028006466633,1.06415140652928,0.28,0.197,1,"11","CYP20A1"
0.00104132897103073,1.05491565663948,0.263,0.177,1,"11","MACF1"
0.00116437821655016,0.527905780307012,0.629,0.557,1,"11","CHD2"
0.0012087031360275,0.862477628939849,0.389,0.304,1,"11","USP12"
0.00126227870228416,0.57267086305607,0.686,0.678,1,"11","RALGPS2"
0.00143420022145813,1.11650259579623,0.377,0.3,1,"11","CAMK1D"
0.00162765639543246,0.689807313761491,0.543,0.471,1,"11","BRD2"
0.00168394245322064,0.709902297669952,0.583,0.53,1,"11","ANKRD11"
0.00178499605917986,1.22741823263251,0.251,0.179,1,"11","SAR1B"
0.0018778910443562,0.679496589987374,0.429,0.336,1,"11","LMNA"
0.00191903601851558,0.694766001441218,0.297,0.206,1,"11","RPS6KA5"
0.00193533606489947,0.961138898962168,0.337,0.248,1,"11","TNFAIP8"
0.00208337192610096,0.414889417334451,0.84,0.841,1,"11","PPP1R15A"
0.00218699983560238,1.70955413747455,0.286,0.205,1,"11","INTS6"
0.00236497541367451,0.825315296409679,0.257,0.175,1,"11","ATP2A3"
0.00251565093893298,0.885251734280028,0.4,0.329,1,"11","COPA"
0.00273128939777725,0.825825636774503,0.263,0.183,1,"11","JARID2"
0.00282940118507788,0.976421916801098,0.28,0.203,1,"11","IQCB1"
0.00305168989246162,0.641508002822563,0.32,0.234,1,"11","STT3B"
0.00349565503548392,0.889564105779409,0.377,0.304,1,"11","RBM33"
0.00367018624120786,0.350743327211729,0.371,0.274,1,"11","PAN3"
0.00402382424931445,1.79882965040265,0.691,0.76,1,"11","HSP90AA1"
0.00404241159684774,1.30474069359976,0.269,0.202,1,"11","PRCP"
0.00421657825569838,0.811580011403099,0.331,0.257,1,"11","BTAF1"
0.00452830016562617,0.746697643571146,0.269,0.194,1,"11","SUCO"
0.00464395184855976,0.653587824111268,0.423,0.352,1,"11","ANKHD1"
0.00464664734287207,1.25324678219292,0.269,0.197,1,"11","FLI1"
0.00483716899489946,1.12332936327687,0.257,0.188,1,"11","CAB39"
0.00491666954608019,0.870289759817579,0.503,0.459,1,"11","IFRD1"
0.00523132787712834,0.638270042418246,0.371,0.301,1,"11","MAPK8"
0.00550878356200857,0.584742881175255,0.343,0.262,1,"11","ACBD3"
0.00561396785534115,0.799484071500709,0.371,0.312,1,"11","NAP1L4"
0.00600564130438773,0.711769565226518,0.291,0.213,1,"11","ZNF791"
0.00653286262433072,1.32140833316224,0.406,0.342,1,"11","LPXN"
0.0066326191840174,0.720344099580855,0.326,0.244,1,"11","USP9X"
0.00667829660764887,0.952342327829331,0.291,0.224,1,"11","NARF"
0.00690712582531545,0.700593476746352,0.383,0.312,1,"11","BIRC6"
0.00698893567423072,0.674738544808757,0.451,0.392,1,"11","EIF5B"
0.00733144174783693,0.713150077609019,0.52,0.472,1,"11","CAST"
0.00739573918762284,0.753211748742315,0.263,0.194,1,"11","MPC1"
0.00745828886553012,0.858937654717791,0.251,0.182,1,"11","MAP4K5"
0.007892349587121,0.611917977244614,0.274,0.202,1,"11","RNGTT"
0.0080685258507631,0.887713321911424,0.326,0.26,1,"11","GORASP2"
0.00836908155629359,0.788047640219389,0.28,0.211,1,"11","TAOK3"
0.00961074570401313,0.584924201442551,0.469,0.396,1,"11","TRAM1"
0.00987449316801023,0.676428127224697,0.309,0.237,1,"11","ITCH"
